target,ra,dec,BJD,RV_mlc_nzp,e_RV_mlc_nzp,RV_drs_nzp,e_RV_drs_nzp,RV_mlc,e_RV_mlc,RV_drs,e_RV_drs,RV_mlc_j,e_RV_mlc_j,CRX,e_CRX,dLW,e_dLW,Halpha,e_Halpha,NaD1,e_NaD1,NaD2,e_NaD2,f_RV,FWHM_DRS,CONTRAST_DRS,BIS,RVGUESS,SNR_DRS,BJD_DRS,BERV,BERV_DRS,DRIFT,e_DRIFT,SA,NZP_mlc,dNZP_mlc,NZP_drs,dNZP_drs,TMMEAN,EXPTIME,MLCRX,E_MLCRX,TIMEID,DRIFT_LAMP,MASK,PROGID,PROGPI,AIRMASS,OBHAB,THAR_FP,DPR_TYPE,RHKp,dRHKp,sourceflag,vsinflag,metflag
GJ2046,88.51851,-60.02445,2452942.8215829,2.093884,0.912876,31336.858827,1.023273,8.47232,0.313698,31337.047002,0.269484,-8.175308,0.314291,-7.064088,4.361793,-13.888056,1.197436,0.529278,0.000353,0.189648,0.000364,0.250186,0.000458,0,5.907115,43.506157,0.009043,31.135,219,2452942.82149,2.497495,2.497504,0.126,-9999999,0,0.331298,0.857285,0.188175,0.987151,0.51,753.2961,-7.065261,4.349791,2003-10-30T07:36:02.110,-9999999,K5,072.C-0488(E),M. Mayor,-9999999,HARPS_ech_obs_all,HARPS_ech_obs_thosimult,STAR_WAVE_K3V,1.107998794229E-05,5.01922145779935E-07,0,0,0
GJ2046,88.51851,-60.02445,2452999.7472862,-1.519699,0.719409,31333.448371,0.673689,4.12238,0.526468,31333.465525,0.500285,-12.561901,0.526395,-8.770151,5.115541,-23.233288,1.278736,0.532597,0.000718,0.191862,0.000737,0.250291,0.000936,0,5.901185,43.65515,0.008026,31.135,109.3,2452999.74728,-0.719993,-0.719975,0.148,-9999999,0.000293,-0.405059,0.490286,0.016861,0.451189,0.52,284.7959,-8.762953,5.092926,2003-12-26T05:52:42.319,-9999999,K5,072.C-0488(E),Mayor,-9999999,HARPS_ech_obs_all,HARPS_ech_obs_thosimult,STAR_WAVE_K3,1.00471110521615E-05,6.41164061041266E-07,0,0,0
GJ2046,88.51851,-60.02445,2452999.7771489,-0.513185,0.683469,31334.424014,0.636586,5.118162,0.476174,31334.382633,0.449066,-11.538744,0.475929,-16.424543,5.278474,-21.208116,1.253349,0.532099,0.000646,0.19129,0.000658,0.245034,0.000839,0,5.900903,43.63905,0.009544,31.135,121.6,2452999.77714,-0.755044,-0.755024,0.129,-9999999,0.000293,-0.415791,0.490295,-0.041674,0.4512,0.49,284.7957,-16.418902,5.258188,2003-12-26T06:35:51.010,-9999999,K5,072.C-0488(E),Mayor,-9999999,HARPS_ech_obs_all,HARPS_ech_obs_thosimult,STAR_WAVE_K3,9.59930476552352E-06,4.45485931323589E-07,0,0,0
GJ2046,88.51851,-60.02445,2453000.7605642,3.154075,0.974266,31337.611469,1.077245,8.882646,0.462906,31337.464434,0.431303,-7.789233,0.462816,-6.494245,5.438503,-23.79141,1.150645,0.530905,0.000616,0.191742,0.000627,0.243718,0.000797,0,5.90017,43.640103,0.011207,31.135,127.6,2453000.76055,-0.798484,-0.798464,0.194,-9999999,0.000298,-0.318567,0.85727,-0.147333,0.987135,0.48,295.0956,-6.496023,5.429625,2003-12-27T06:11:56.180,-9999999,K5,072.C-0488(E),Mayor,-9999999,HARPS_ech_obs_all,HARPS_ech_obs_thosimult,STAR_WAVE_K3,1.04546828072043E-05,5.07377297852719E-07,0,0,0
GJ2046,88.51851,-60.02445,2453001.6684553,4.750637,0.889363,31338.720134,0.95614,11.116654,0.472903,31339.672968,0.447274,-5.538988,0.472934,-6.47734,5.415932,-23.062646,1.385878,0.532271,0.000654,0.191793,0.000667,0.244445,0.000849,0,5.898842,43.657017,0.008438,31.135,120.2,2453001.66845,-0.742523,-0.742489,-0.188,-9999999,0.000303,0.318879,0.753213,0.952531,0.845073,0.48,423.695,-6.468078,5.408433,2003-12-28T03:58:16.432,-9999999,K5,072.C-0488(E),Mayor,-9999999,HARPS_ech_obs_all,HARPS_ech_obs_thosimult,STAR_WAVE_K3,1.114031316668E-05,5.21046896213214E-07,0,0,0
GJ2046,88.51851,-60.02445,2453002.6686343,4.091403,0.578496,31338.475369,0.617048,10.594256,0.384044,31339.311219,0.354001,-6.1302,0.384053,-20.334878,5.792892,-23.927543,1.067826,0.529448,0.000539,0.190843,0.000538,0.243006,0.000684,0,5.899266,43.670869,0.008362,31.135,148,2453002.66863,-0.805158,-0.805133,0.26,-9999999,0.000308,0.455715,0.432629,0.835542,0.505403,0.5,351.1947,-20.338395,5.782435,2003-12-29T03:58:59.901,-9999999,K5,072.C-0488(E),Mayor,-9999999,HARPS_ech_obs_all,HARPS_ech_obs_thosimult,STAR_WAVE_K3,1.12214712457924E-05,6.04886586949499E-07,0,0,0
GJ2046,88.51851,-60.02445,2453054.591157,-3.703481,0.917508,31330.550873,0.967627,5.36549,0.468176,31334.363523,0.43126,-11.319421,0.4683,-8.420025,4.813194,-20.295266,1.036902,0.530133,0.000633,0.19411,0.000636,0.241471,0.000798,0,5.900861,43.585486,0.009405,31.135,127.5,2453054.59115,-3.21307,-3.213112,0.089,-9999999,0.000576,3.021833,0.789071,3.812074,0.866208,0.51,282.497,-8.425108,4.796143,2004-02-19T02:08:29.202,-9999999,K5,072.C-0488(E),Mayor,-9999999,HARPS_ech_obs_all,HARPS_ech_obs_thosimult,STAR_WAVE_K3,1.02119522494004E-05,4.78472719862868E-07,0,0,0
GJ2046,88.51851,-60.02445,2453692.7132267,1.965271,0.883496,31334.930173,0.821544,7.053452,0.494925,31335.27422,0.412983,-9.62282,0.495887,6.00854,5.192594,-18.838702,0.8592,0.533867,0.000589,0.192636,0.000601,0.251384,0.000765,0,5.897278,43.59739,0.004262,31.1,133.2,2453692.71322,1.650775,1.650806,-0.329,-9999999,0.003862,-0.958958,0.731856,0.340185,0.710197,0.52,179.9993,5.992934,5.170864,2005-11-18T05:04:38.984,-9999999,K5,072.C-0488(E),Mayor,-9999999,HARPS_ech_obs_all,HARPS_ech_obs_thosimult,STAR_WAVE_K3,8.95001947768611E-06,5.10739220987554E-07,0,0,0
GJ2046,88.51851,-60.02445,2453692.7156507,1.814036,0.872138,31334.940583,0.812988,6.901346,0.474354,31335.279878,0.395687,-9.768016,0.475342,-0.233472,3.905484,-21.254414,0.914429,0.533084,0.000566,0.192817,0.000577,0.253317,0.000735,0,5.893096,43.618096,0.009562,31.1,138.8,2453692.71565,1.647835,1.647866,-0.324,-9999999,0.003862,-0.959829,0.731856,0.335433,0.710198,0.51,180.0019,-0.260242,3.880896,2005-11-18T05:08:10.215,-9999999,K5,072.C-0488(E),Mayor,-9999999,HARPS_ech_obs_all,HARPS_ech_obs_thosimult,STAR_WAVE_K3,9.70910234226576E-06,4.36517612350158E-07,0,0,0
GJ2046,88.51851,-60.02445,2453692.7180318,2.692972,0.881275,31335.695269,0.820361,7.779426,0.490949,31336.029897,0.410624,-8.871502,0.49182,10.634279,4.415245,-21.175635,0.976027,0.533632,0.000587,0.19301,0.000598,0.249526,0.000757,0,5.894802,43.613347,0.008411,31.1,133.9,2453692.71802,1.644928,1.644964,-0.01,-9999999,0.003862,-0.960684,0.731856,0.330766,0.710198,0.48,180.0002,10.621871,4.393077,2005-11-18T05:11:41.347,-9999999,K5,072.C-0488(E),Mayor,-9999999,HARPS_ech_obs_all,HARPS_ech_obs_thosimult,STAR_WAVE_K3,9.31723500305741E-06,5.34845853420205E-07,0,0,0
GJ2046,88.51851,-60.02445,2453692.7205433,3.070271,0.871519,31335.892719,0.812943,8.155822,0.473213,31336.222424,0.395594,-8.48484,0.474051,6.524933,4.43806,-19.997936,1.021495,0.532988,0.000567,0.192663,0.000577,0.24693,0.000736,0,5.896742,43.605804,0.007726,31.1,138.7,2453692.72053,1.641842,1.641886,-0.292,-9999999,0.003862,-0.961587,0.731857,0.325843,0.710198,0.51,180.0006,6.507793,4.420588,2005-11-18T05:15:12.938,-9999999,K5,072.C-0488(E),Mayor,-9999999,HARPS_ech_obs_all,HARPS_ech_obs_thosimult,STAR_WAVE_K3,9.79345178464988E-06,4.49849798787968E-07,0,0,0
GJ2046,88.51851,-60.02445,2453692.7230116,1.537674,0.863061,31334.44612,0.806855,6.622338,0.45745,31334.770987,0.382927,-10.100175,0.458361,2.131412,4.029756,-20.255413,0.779474,0.533351,0.000548,0.192815,0.000557,0.247393,0.000711,0,5.895083,43.605657,0.00574,31.1,143.5,2453692.723,1.63879,1.638832,-0.372,-9999999,0.003862,-0.962474,0.731857,0.321005,0.710198,0.52,180.0003,2.108879,4.008155,2005-11-18T05:18:44.400,-9999999,K5,072.C-0488(E),Mayor,-9999999,HARPS_ech_obs_all,HARPS_ech_obs_thosimult,STAR_WAVE_K3,9.32124237571355E-06,4.90310366596824E-07,0,0,0
GJ2046,88.51851,-60.02445,2453692.7254093,2.583247,0.863762,31335.725373,0.806757,7.66705,0.458771,31336.04554,0.38272,-8.967552,0.459603,10.265538,4.267779,-20.804843,0.879628,0.532778,0.00055,0.192344,0.000558,0.246138,0.000711,0,5.895659,43.619348,0.010585,31.1,143.2,2453692.72541,1.635808,1.635832,-0.452,-9999999,0.003862,-0.963336,0.731857,0.316305,0.710198,0.5,180.0016,10.247499,4.24746,2005-11-18T05:22:15.161,-9999999,K5,072.C-0488(E),Mayor,-9999999,HARPS_ech_obs_all,HARPS_ech_obs_thosimult,STAR_WAVE_K3,9.04285723504723E-06,5.54869230711043E-07,0,0,0
GJ2046,88.51851,-60.02445,2453692.727828,1.497562,0.863848,31335.308208,0.80654,6.580495,0.458931,31335.623634,0.382262,-10.099296,0.459794,1.819017,4.524378,-21.095616,0.954967,0.533401,0.000549,0.193071,0.000558,0.246119,0.00071,0,5.894562,43.610771,0.008741,31.1,143.4,2453692.72783,1.632783,1.632814,-0.158,-9999999,0.003862,-0.964205,0.731857,0.311564,0.710199,0.49,180.0005,1.795532,4.502103,2005-11-18T05:25:45.932,-9999999,K5,072.C-0488(E),Mayor,-9999999,HARPS_ech_obs_all,HARPS_ech_obs_thosimult,STAR_WAVE_K3,8.41084247761006E-06,5.14782652683726E-07,0,0,0
GJ2046,88.51851,-60.02445,2453692.7302978,1.757938,0.858674,31334.436608,0.802361,6.839984,0.449117,31334.747193,0.373365,-9.844351,0.449948,3.811366,4.247311,-21.492643,0.903931,0.534511,0.000535,0.192611,0.000543,0.248376,0.000694,0,5.894854,43.611889,0.00968,31.1,147.2,2453692.73029,1.629678,1.629708,-0.204,-9999999,0.003862,-0.965093,0.731857,0.306723,0.710199,0.5,180.0008,3.781972,4.222834,2005-11-18T05:29:17.524,-9999999,K5,072.C-0488(E),Mayor,-9999999,HARPS_ech_obs_all,HARPS_ech_obs_thosimult,STAR_WAVE_K3,8.32349464333379E-06,4.50883683713144E-07,0,0,0
GJ2046,88.51851,-60.02445,2453692.7327398,1.654891,0.864532,31335.188351,0.807354,6.736059,0.460218,31335.494149,0.383977,-9.944117,0.46121,10.844359,4.330499,-21.39423,0.837923,0.533454,0.00055,0.193567,0.00056,0.247984,0.000714,0,5.893911,43.606599,0.007008,31.1,143.1,2453692.73273,1.626591,1.62663,-0.274,-9999999,0.003862,-0.96597,0.731858,0.301936,0.710199,0.5,180.0009,10.828205,4.310133,2005-11-18T05:32:48.505,-9999999,K5,072.C-0488(E),Mayor,-9999999,HARPS_ech_obs_all,HARPS_ech_obs_thosimult,STAR_WAVE_K3,9.96678404168802E-06,5.18206520719622E-07,0,0,0
GJ2046,88.51851,-60.02445,2453692.7351386,3.144471,0.864957,31336.077301,0.808177,8.224777,0.461015,31336.378397,0.385703,-8.46007,0.461895,6.093941,4.793303,-22.453358,0.908325,0.534556,0.000555,0.19332,0.000563,0.247078,0.000718,0,5.895562,43.613555,0.007456,31.1,142.2,2453692.73513,1.623544,1.62358,-0.347,-9999999,0.003862,-0.966832,0.731858,0.297234,0.710199,0.48,180.0007,6.079922,4.775696,2005-11-18T05:36:19.367,-9999999,K5,072.C-0488(E),Mayor,-9999999,HARPS_ech_obs_all,HARPS_ech_obs_thosimult,STAR_WAVE_K3,1.02087239240789E-05,5.71892061547324E-07,0,0,0
GJ2046,88.51851,-60.02445,2453692.7376219,2.454359,0.87383,31335.636515,0.814322,7.533773,0.477455,31335.932743,0.398417,-9.097915,0.478471,3.828636,3.689345,-21.470627,0.855498,0.533785,0.000572,0.19339,0.000582,0.247627,0.000742,0,5.894326,43.614447,0.005919,31.1,137.8,2453692.73762,1.620376,1.620399,-0.242,-9999999,0.003862,-0.967725,0.731858,0.292366,0.7102,0.5,180.0001,3.802529,3.666221,2005-11-18T05:39:50.319,-9999999,K5,072.C-0488(E),Mayor,-9999999,HARPS_ech_obs_all,HARPS_ech_obs_thosimult,STAR_WAVE_K3,9.15877537670092E-06,5.21578488975817E-07,0,0,0
GJ2046,88.51851,-60.02445,2453692.740093,2.950897,0.872184,31336.307409,0.81342,8.029422,0.474434,31336.598794,0.396571,-8.605239,0.475219,7.556442,4.842849,-21.019665,0.858761,0.533771,0.000566,0.193225,0.000577,0.247709,0.000736,0,5.895442,43.596403,0.007749,31.1,138.9,2453692.74008,1.617209,1.617248,-0.184,-9999999,0.003862,-0.968613,0.731858,0.287523,0.7102,0.51,180.001,7.537028,4.825057,2005-11-18T05:43:22.020,-9999999,K5,072.C-0488(E),Mayor,-9999999,HARPS_ech_obs_all,HARPS_ech_obs_thosimult,STAR_WAVE_K3,9.46386882882501E-06,5.1876373534497E-07,0,0,0
GJ2046,88.51851,-60.02445,2453692.742514,2.634643,0.874886,31335.967225,0.815265,7.712298,0.479383,31336.253864,0.40034,-8.961161,0.480287,3.338664,4.470044,-22.05767,0.862788,0.532928,0.000574,0.193112,0.000584,0.247277,0.000745,0,5.895604,43.616803,0.008549,31.1,137.2,2453692.7425,1.614093,1.614129,-0.305,-9999999,0.003862,-0.969483,0.731859,0.282777,0.710201,0.5,179.9995,3.322142,4.445914,2005-11-18T05:46:52.992,-9999999,K5,072.C-0488(E),Mayor,-9999999,HARPS_ech_obs_all,HARPS_ech_obs_thosimult,STAR_WAVE_K3,8.33733284481736E-06,4.8956142564439E-07,0,0,0
GJ2046,88.51851,-60.02445,2453692.7449656,2.536717,0.881088,31335.770336,0.820264,7.613491,0.49061,31336.052169,0.410424,-9.135708,0.491571,8.388049,4.866306,-20.550238,0.911175,0.532458,0.000587,0.192612,0.000598,0.246217,0.000761,0,5.895311,43.608271,0.008607,31.1,133.9,2453692.74496,1.610925,1.610967,-0.264,-9999999,0.003862,-0.970364,0.731859,0.277971,0.710201,0.51,180,8.35632,4.846035,2005-11-18T05:50:23.014,-9999999,K5,072.C-0488(E),Mayor,-9999999,HARPS_ech_obs_all,HARPS_ech_obs_thosimult,STAR_WAVE_K3,9.66490545405795E-06,5.36640867257846E-07,0,0,0
GJ2046,88.51851,-60.02445,2453692.7473624,1.415471,0.851053,31334.366352,0.797433,6.491384,0.434365,31334.643487,0.362648,-10.180692,0.435333,7.356612,4.687964,-23.009465,0.711412,0.533778,0.000525,0.193159,0.00053,0.24737,0.000677,0,5.89236,43.622575,0.00786,31.1,150.6,2453692.74735,1.607817,1.607854,-0.231,-9999999,0.003862,-0.971225,0.731859,0.273273,0.710201,0.49,179.9995,7.331454,4.663049,2005-11-18T05:53:53.695,-9999999,K5,072.C-0488(E),Mayor,-9999999,HARPS_ech_obs_all,HARPS_ech_obs_thosimult,STAR_WAVE_K3,9.183184427053E-06,4.79890512235648E-07,0,0,0
GJ2046,88.51851,-60.02445,2453692.7498235,0.916819,0.851786,31334.285706,0.79816,5.991847,0.435799,31334.558017,0.364242,-10.724173,0.436549,6.690779,3.717172,-21.212047,0.775074,0.53334,0.000524,0.192499,0.00053,0.247059,0.000677,0,5.895214,43.605759,0.008318,31.1,150.5,2453692.74982,1.604615,1.604654,0.002,-9999999,0.003862,-0.97211,0.73186,0.268449,0.710202,0.5,180.0001,6.675909,3.690101,2005-11-18T05:57:24.536,-9999999,K5,072.C-0488(E),Mayor,-9999999,HARPS_ech_obs_all,HARPS_ech_obs_thosimult,STAR_WAVE_K3,9.88998801482872E-06,4.47759184804089E-07,0,0,0
GJ2046,88.51851,-60.02445,2453692.7522699,0.973263,0.847659,31334.493349,0.794791,6.047412,0.427676,31334.760865,0.356799,-10.615786,0.42856,13.043126,4.181223,-21.362927,0.722237,0.532507,0.000515,0.19307,0.00052,0.247474,0.000664,0,5.893895,43.605906,0.008079,31.1,153.3,2453692.75226,1.601422,1.60146,-0.126,-9999999,0.003862,-0.972989,0.73186,0.263654,0.710202,0.5,179.9993,13.030434,4.151211,2005-11-18T06:00:55.898,-9999999,K5,072.C-0488(E),Mayor,-9999999,HARPS_ech_obs_all,HARPS_ech_obs_thosimult,STAR_WAVE_K3,8.84301849612306E-06,4.79790313679308E-07,0,0,0
GJ2046,88.51851,-60.02445,2453692.7536806,-3.85009,51.732787,31303.115108,8.382432,1.223552,51.72761,31303.379859,8.352292,-13.850916,51.943075,-717.387432,1009.3526,-313.58671,104.607383,0.56093,0.04834,0.17837,0.089389,0.218682,0.109477,64,5.752668,53.485969,0.014502,31.1,2,2453692.75367,1.599576,1.599618,0,-9999999,0.003862,-0.973496,0.73186,0.260889,0.710203,0.5,0.7476,239.696695,487.581883,2005-11-18T06:04:27.410,-9999999,K5,072.C-0488(E),Mayor,-9999999,HARPS_ech_obs_all,HARPS_ech_obs_thosimult,STAR_WAVE_K3,0.000210234401019007,0.00116084980912908,0,0,0
GJ2046,88.51851,-60.02445,2453693.6184252,-0.420167,1.019305,31336.402696,0.899604,5.881777,0.55142,31335.507772,0.457925,-10.799945,0.552418,5.959673,4.961537,-19.805948,1.114976,0.531982,0.000656,0.194722,0.000678,0.251558,0.000857,0,5.896108,43.606892,0.014025,31.1,119.3,2453693.61842,1.688804,1.688836,-0.008,-9999999,0.003866,0.254806,0.857274,-0.89879,0.774333,0.5,119.9999,5.931241,4.939368,2005-11-19T02:48:41.336,-9999999,K5,072.C-0488(E),Mayor,-9999999,HARPS_ech_obs_all,HARPS_ech_obs_thosimult,STAR_WAVE_K3,9.37061123029017E-06,5.09385508561972E-07,0,0,0
GJ2046,88.51851,-60.02445,2453693.6201605,1.628461,1.020331,31336.928433,0.899322,7.929781,0.553315,31336.030108,0.457372,-8.681559,0.554242,2.1313,5.685996,-21.179011,0.939808,0.533181,0.000656,0.192923,0.000675,0.25156,0.000857,0,5.898309,43.600553,0.006639,31.1,119.4,2453693.62016,1.687545,1.687579,-0.021,-9999999,0.003866,0.254182,0.857274,-0.902191,0.774332,0.49,120.0003,2.099328,5.668551,2005-11-19T02:51:12.461,-9999999,K5,072.C-0488(E),Mayor,-9999999,HARPS_ech_obs_all,HARPS_ech_obs_thosimult,STAR_WAVE_K3,9.98614462284542E-06,5.9638922474664E-07,0,0,0
GJ2046,88.51851,-60.02445,2453693.6219137,1.249907,1.02693,31336.498175,0.905867,7.550597,0.565391,31335.596413,0.470112,-9.125054,0.566342,-0.443799,4.744125,-21.070812,1.17211,0.532168,0.000674,0.193277,0.000694,0.252265,0.000881,0,5.895722,43.621257,0.005977,31.1,116.3,2453693.62191,1.686252,1.686286,0.224,-9999999,0.003866,0.253552,0.857273,-0.905628,0.774332,0.5,120.0014,-0.472322,4.724823,2005-11-19T02:53:42.737,-9999999,K5,072.C-0488(E),Mayor,-9999999,HARPS_ech_obs_all,HARPS_ech_obs_thosimult,STAR_WAVE_K3,9.19568617373513E-06,5.79498571103039E-07,0,0,0
GJ2046,88.51851,-60.02445,2453693.6237173,2.318664,1.042271,31337.132975,0.916922,8.618706,0.592799,31336.227678,0.491078,-8.152636,0.593878,2.247656,4.846178,-20.395144,1.197671,0.532244,0.000698,0.193845,0.000725,0.251833,0.000919,0,5.899071,43.595134,0.00656,31.1,111.7,2453693.62371,1.6849,1.684936,0.216,-9999999,0.003866,0.252904,0.857273,-0.909163,0.774331,0.54,120.0014,2.218942,4.829139,2005-11-19T02:56:13.772,-9999999,K5,072.C-0488(E),Mayor,-9999999,HARPS_ech_obs_all,HARPS_ech_obs_thosimult,STAR_WAVE_K3,-9999999,-9999999,-9999999,-9999999,-9999999
GJ2046,88.51851,-60.02445,2453693.6254414,0.689328,1.041003,31336.829116,0.915382,6.98875,0.590568,31335.920439,0.488197,-9.674314,0.591562,14.577874,4.270105,-21.315838,1.259673,0.532791,0.000699,0.192514,0.00072,0.251611,0.000915,0,5.896855,43.608778,0.012315,31.1,112.1,2453693.62544,1.683587,1.683617,0.114,-9999999,0.003866,0.252284,0.857273,-0.912543,0.774331,0.51,119.9998,14.557438,4.248515,2005-11-19T02:58:46.328,-9999999,K5,072.C-0488(E),Mayor,-9999999,HARPS_ech_obs_all,HARPS_ech_obs_thosimult,STAR_WAVE_K3,9.28084658926788E-06,5.23830668848239E-07,0,0,0
GJ2046,88.51851,-60.02445,2453693.6271756,1.341815,1.042586,31336.64273,0.916187,7.640614,0.593354,31335.730654,0.489705,-9.103166,0.594635,9.167143,4.336486,-22.952286,1.24016,0.531276,0.000699,0.193519,0.000725,0.251014,0.000917,0,5.894313,43.62165,0.010205,31.1,111.7,2453693.62717,1.682246,1.682279,-0.086,-9999999,0.003866,0.251661,0.857272,-0.915942,0.77433,0.5,119.9994,9.145088,4.314577,2005-11-19T03:01:17.363,-9999999,K5,072.C-0488(E),Mayor,-9999999,HARPS_ech_obs_all,HARPS_ech_obs_thosimult,STAR_WAVE_K3,9.31866825414141E-06,5.5229329668618E-07,0,0,0
GJ2046,88.51851,-60.02445,2453693.6289083,3.539026,1.049885,31338.810542,0.922548,9.837202,0.606089,31337.89507,0.501506,-6.854421,0.60715,-0.763347,5.24534,-19.167624,1.254471,0.533403,0.000717,0.193167,0.000742,0.252371,0.000942,0,5.900925,43.595247,0.005097,31.1,109.1,2453693.62891,1.680887,1.68092,-0.113,-9999999,0.003866,0.251038,0.857272,-0.919338,0.77433,0.49,119.9985,-0.79368,5.232928,2005-11-19T03:03:48.269,-9999999,K5,072.C-0488(E),Mayor,-9999999,HARPS_ech_obs_all,HARPS_ech_obs_thosimult,STAR_WAVE_K3,9.48246955161406E-06,5.27397435638112E-07,0,0,0
GJ2046,88.51851,-60.02445,2453693.630679,0.219299,1.036191,31335.972324,0.911713,6.516839,0.582045,31335.053381,0.481285,-10.137407,0.583055,16.853816,5.4827,-23.821272,1.203619,0.532199,0.00069,0.193127,0.000712,0.250937,0.000902,0,5.895413,43.622109,0.00584,31.1,113.5,2453693.63068,1.679477,1.679505,-0.295,-9999999,0.003866,0.250402,0.857272,-0.922809,0.774329,0.51,120.0007,16.832432,5.464075,2005-11-19T03:06:18.855,-9999999,K5,072.C-0488(E),Mayor,-9999999,HARPS_ech_obs_all,HARPS_ech_obs_thosimult,STAR_WAVE_K3,-9999999,-9999999,-9999999,-9999999,-9999999
GJ2046,88.51851,-60.02445,2453693.6324106,1.464906,1.027696,31336.472962,0.905437,7.761824,0.566785,31335.550625,0.469287,-8.949099,0.567907,4.412432,5.511641,-20.971616,1.120564,0.532391,0.000672,0.193296,0.000693,0.250582,0.000876,0,5.896859,43.601482,0.011295,31.1,116.5,2453693.6324,1.678079,1.678116,0.175,-9999999,0.003866,0.249779,0.857271,-0.926203,0.774329,0.5,120.0008,4.392978,5.496871,2005-11-19T03:08:49.669,-9999999,K5,072.C-0488(E),Mayor,-9999999,HARPS_ech_obs_all,HARPS_ech_obs_thosimult,STAR_WAVE_K3,1.03651006809037E-05,5.40780523888002E-07,0,0,0
GJ2046,88.51851,-60.02445,2453693.634144,0.830089,1.016573,31335.976833,0.89667,7.126384,0.546357,31335.051098,0.452141,-9.499861,0.547378,-4.76127,4.908874,-21.487736,1.115747,0.533961,0.00065,0.192923,0.000667,0.25144,0.000846,0,5.896422,43.615251,0.00867,31.1,120.8,2453693.63414,1.676659,1.676689,-0.137,-9999999,0.003866,0.249157,0.857271,-0.929601,0.774329,0.49,120.0011,-4.782225,4.886255,2005-11-19T03:11:20.635,-9999999,K5,072.C-0488(E),Mayor,-9999999,HARPS_ech_obs_all,HARPS_ech_obs_thosimult,STAR_WAVE_K3,-9999999,-9999999,-9999999,-9999999,-9999999
GJ2046,88.51851,-60.02445,2453693.6358888,0.452914,1.026561,31335.82127,0.904316,6.748582,0.564725,31334.892115,0.467122,-9.941103,0.565845,5.228775,5.322966,-21.671291,1.045423,0.532209,0.000672,0.194328,0.000693,0.25143,0.000876,0,5.898266,43.608538,0.008693,31.1,116.9,2453693.63589,1.675211,1.675242,-0.235,-9999999,0.003866,0.248529,0.857271,-0.933021,0.774328,0.49,120.0025,5.20022,5.30255,2005-11-19T03:13:51.381,-9999999,K5,072.C-0488(E),Mayor,-9999999,HARPS_ech_obs_all,HARPS_ech_obs_thosimult,STAR_WAVE_K3,8.75416211016493E-06,5.38842727694391E-07,0,0,0
GJ2046,88.51851,-60.02445,2453693.6376269,1.689447,1.042585,31336.723645,0.918046,7.98449,0.593355,31335.791083,0.493178,-8.685426,0.594419,3.232188,5.13754,-21.420774,1.154789,0.533498,0.000704,0.193269,0.000727,0.250368,0.00092,0,5.896827,43.61012,0.006284,31.1,111.2,2453693.63762,1.673749,1.673786,-0.217,-9999999,0.003866,0.247905,0.857271,-0.936428,0.774328,0.48,120.0007,3.205877,5.121132,2005-11-19T03:16:22.756,-9999999,K5,072.C-0488(E),Mayor,-9999999,HARPS_ech_obs_all,HARPS_ech_obs_thosimult,STAR_WAVE_K3,8.41589188331659E-06,4.96891247280378E-07,0,0,0
GJ2046,88.51851,-60.02445,2453693.6394006,0.712046,1.057696,31336.712719,0.928615,7.006452,0.619522,31335.77668,0.512584,-9.675879,0.620572,7.461164,5.333793,-21.153779,1.324721,0.532846,0.000728,0.194038,0.000757,0.251246,0.000957,0,5.897906,43.621509,0.015369,31.1,107.3,2453693.63939,1.672238,1.672271,-0.048,-9999999,0.003866,0.247267,0.85727,-0.939905,0.774327,0.5,120.0021,7.434058,5.317272,2005-11-19T03:18:53.601,-9999999,K5,072.C-0488(E),Mayor,-9999999,HARPS_ech_obs_all,HARPS_ech_obs_thosimult,STAR_WAVE_K3,9.01957766660014E-06,5.30274366851937E-07,0,0,0
GJ2046,88.51851,-60.02445,2453693.641137,1.190235,1.050728,31335.942737,0.923607,7.484017,0.60755,31335.003296,0.503455,-9.274845,0.60879,12.450014,5.221712,-20.633118,1.158149,0.531267,0.000718,0.192208,0.000742,0.251381,0.000942,0,5.896296,43.611435,0.003687,31.1,108.9,2453693.64113,1.670739,1.670776,-0.112,-9999999,0.003867,0.246643,0.85727,-0.943308,0.774327,0.49,120.0007,12.436851,5.206476,2005-11-19T03:21:24.827,-9999999,K5,072.C-0488(E),Mayor,-9999999,HARPS_ech_obs_all,HARPS_ech_obs_thosimult,STAR_WAVE_K3,9.02967687192201E-06,4.87430892749422E-07,0,0,0
GJ2046,88.51851,-60.02445,2453693.6429111,1.132886,1.026247,31337.016833,0.905335,7.42603,0.564155,31336.073914,0.469095,-9.249035,0.565175,4.97733,4.111842,-22.076866,0.98317,0.532582,0.000674,0.192562,0.000692,0.251439,0.000879,0,5.894915,43.616592,0.006631,31.1,116.5,2453693.6429,1.669188,1.669223,0.012,-9999999,0.003867,0.246006,0.85727,-0.946786,0.774327,0.51,120.0009,4.950033,4.09335,2005-11-19T03:23:55.702,-9999999,K5,072.C-0488(E),Mayor,-9999999,HARPS_ech_obs_all,HARPS_ech_obs_thosimult,STAR_WAVE_K3,8.51071606930855E-06,4.72721990387039E-07,0,0,0
GJ2046,88.51851,-60.02445,2453693.6446292,0.972117,1.031033,31336.938372,0.908402,7.264644,0.572816,31335.992085,0.474988,-9.456511,0.573821,6.27426,4.531248,-22.797236,1.205076,0.532363,0.000681,0.194614,0.000704,0.251572,0.00089,0,5.893127,43.634384,0.007537,31.1,115.1,2453693.64463,1.667668,1.667701,-0.065,-9999999,0.003867,0.245388,0.85727,-0.950154,0.774326,0.49,120,6.261961,4.512339,2005-11-19T03:26:26.548,-9999999,K5,072.C-0488(E),Mayor,-9999999,HARPS_ech_obs_all,HARPS_ech_obs_thosimult,STAR_WAVE_K3,9.45537228005092E-06,6.00911308278908E-07,0,0,0
GJ2046,88.51851,-60.02445,2453693.646364,0.761122,1.035999,31336.214917,0.9117,7.053025,0.581708,31335.26523,0.481266,-9.612493,0.582767,2.871987,4.840056,-21.648942,1.175226,0.532838,0.00069,0.192483,0.000709,0.251488,0.000902,0,5.895179,43.604114,0.007915,31.1,113.7,2453693.64636,1.666115,1.666151,0.329,-9999999,0.003867,0.244765,0.857269,-0.953554,0.774326,0.48,120.0005,2.850121,4.822709,2005-11-19T03:28:57.633,-9999999,K5,072.C-0488(E),Mayor,-9999999,HARPS_ech_obs_all,HARPS_ech_obs_thosimult,STAR_WAVE_K3,9.53465110878889E-06,5.69067497843611E-07,0,0,0
GJ2046,88.51851,-60.02445,2453693.6481212,1.385418,1.053798,31337.063427,0.925921,7.67669,0.612846,31336.110295,0.50769,-8.969863,0.613889,3.745421,5.032269,-21.320949,1.266902,0.530578,0.000724,0.194384,0.000753,0.250573,0.00095,0,5.90046,43.607339,0.011893,31.1,108,2453693.64812,1.664523,1.664551,-0.148,-9999999,0.003867,0.244133,0.857269,-0.956999,0.774326,0.49,120.0013,3.729736,5.017473,2005-11-19T03:31:28.258,-9999999,K5,072.C-0488(E),Mayor,-9999999,HARPS_ech_obs_all,HARPS_ech_obs_thosimult,STAR_WAVE_K3,8.99244730090166E-06,5.5597539208774E-07,0,0,0
GJ2046,88.51851,-60.02445,2453693.6498741,2.190708,1.086074,31337.195172,0.950531,8.48135,0.666819,31336.238604,0.551298,-8.210389,0.6677,6.963478,6.526005,-23.462342,1.372693,0.531949,0.000789,0.191846,0.000817,0.250434,0.001036,0,5.896778,43.617783,0.005545,31.1,99.4,2453693.64987,1.662917,1.662954,0.005,-9999999,0.003867,0.243503,0.857269,-0.960435,0.774325,0.49,119.9986,6.940866,6.514947,2005-11-19T03:33:59.704,-9999999,K5,072.C-0488(E),Mayor,-9999999,HARPS_ech_obs_all,HARPS_ech_obs_thosimult,STAR_WAVE_K3,7.67745906279093E-06,5.95332069660245E-07,0,0,0
GJ2046,88.51851,-60.02445,2453693.6516032,-0.05432,1.111183,31334.425173,0.969284,6.2357,0.706978,31333.465216,0.583037,-10.451441,0.708177,8.792193,5.867681,-21.681794,1.2545,0.531813,0.000828,0.193694,0.000866,0.252194,0.001099,0,5.901332,43.602429,0.006987,31.1,94.4,2453693.65159,1.661314,1.66135,0.104,-9999999,0.003867,0.242882,0.857269,-0.963824,0.774325,0.48,120.0008,8.778335,5.850351,2005-11-19T03:36:30.299,-9999999,K5,072.C-0488(E),Mayor,-9999999,HARPS_ech_obs_all,HARPS_ech_obs_thosimult,STAR_WAVE_K3,6.07905866544872E-06,5.73635805311727E-07,0,0,0
GJ2046,88.51851,-60.02445,2453693.6533944,-0.899588,1.130309,31334.203567,0.982916,5.389789,0.736674,31333.240099,0.605429,-11.238625,0.73774,-8.000399,7.033263,-22.446555,1.513614,0.53195,0.000861,0.193409,0.000901,0.249351,0.001137,0,5.898424,43.620815,0.009063,31.1,91,2453693.65339,1.659636,1.659673,-0.145,-9999999,0.003867,0.242238,0.857268,-0.967335,0.774325,0.51,119.9992,-8.014311,7.016888,2005-11-19T03:39:01.455,-9999999,K5,072.C-0488(E),Mayor,-9999999,HARPS_ech_obs_all,HARPS_ech_obs_thosimult,STAR_WAVE_K3,9.81189062634148E-06,7.17106117008111E-07,0,0,0
GJ2046,88.51851,-60.02445,2453693.6551265,1.036555,1.121158,31335.673186,0.977293,7.325309,0.722555,31334.706323,0.596258,-9.315923,0.723818,-3.745729,5.910959,-22.607379,1.545394,0.532514,0.000848,0.19303,0.000885,0.2512,0.001122,0,5.899098,43.639582,0.007286,31.1,92.5,2453693.65512,1.657996,1.658022,0.026,-9999999,0.003867,0.241616,0.857268,-0.97073,0.774324,0.5,120.0021,-3.783676,5.893675,2005-11-19T03:41:32.310,-9999999,K5,072.C-0488(E),Mayor,-9999999,HARPS_ech_obs_all,HARPS_ech_obs_thosimult,STAR_WAVE_K3,7.25691341781409E-06,5.44536540997175E-07,0,0,0
GJ2046,88.51851,-60.02445,2453693.6568834,0.901843,1.113947,31335.964438,0.971456,7.189966,0.711316,31334.994131,0.586642,-9.472449,0.712492,5.488061,6.290311,-20.996177,1.469896,0.531576,0.000838,0.193419,0.000873,0.253386,0.001111,0,5.899187,43.611406,0.008431,31.1,93.6,2453693.65688,1.656314,1.656343,-0.037,-9999999,0.003867,0.240984,0.857268,-0.974174,0.774324,0.51,120.0019,5.471032,6.276503,2005-11-19T03:44:02.905,-9999999,K5,072.C-0488(E),Mayor,-9999999,HARPS_ech_obs_all,HARPS_ech_obs_thosimult,STAR_WAVE_K3,1.05123583328361E-05,5.47834050583811E-07,0,0,0
GJ2046,88.51851,-60.02445,2453693.6586258,1.470362,1.089074,31338.454969,0.953081,7.757859,0.671695,31337.481247,0.555685,-8.855519,0.67281,-5.424833,6.633142,-19.53577,1.508236,0.532741,0.000791,0.192166,0.00082,0.252378,0.001044,0,5.90051,43.609647,0.009211,31.1,99.1,2453693.65862,1.654629,1.654668,-0.072,-9999999,0.003867,0.240358,0.857268,-0.977589,0.774324,0.51,120.0006,-5.451771,6.619265,2005-11-19T03:46:33.450,-9999999,K5,072.C-0488(E),Mayor,-9999999,HARPS_ech_obs_all,HARPS_ech_obs_thosimult,STAR_WAVE_K3,1.03033372028378E-05,5.63637128612869E-07,0,0,0
GJ2046,88.51851,-60.02445,2453693.6603612,2.295391,1.081073,31337.19287,0.946413,8.582264,0.658643,31336.215746,0.544169,-8.147812,0.659809,8.345203,5.231815,-21.811657,1.286692,0.532072,0.000782,0.193146,0.000808,0.251934,0.001027,0,5.899063,43.61245,0.009187,31.1,100.7,2453693.66035,1.652933,1.652966,-0.259,-9999999,0.003867,0.239735,0.857268,-0.980991,0.774324,0.49,120.0009,8.334084,5.218574,2005-11-19T03:49:05.786,-9999999,K5,072.C-0488(E),Mayor,-9999999,HARPS_ech_obs_all,HARPS_ech_obs_thosimult,STAR_WAVE_K3,8.60544257496914E-06,5.50414850240095E-07,0,0,0
GJ2046,88.51851,-60.02445,2453694.7144583,2.355726,0.88468,31338.188171,0.925705,8.776386,0.41482,31337.353012,0.34415,-7.914212,0.415485,-0.928023,4.237175,-17.49966,0.778089,0.533753,0.000492,0.19276,0.000498,0.247115,0.000636,0,5.897848,43.577891,0.008015,31.1,159.8,2453694.71446,1.535693,1.535722,0.287,-9999999,0.003872,0.373522,0.781398,-0.839031,0.859354,0.48,300.0009,-0.943276,4.220562,2005-11-20T05:05:34.121,-9999999,K5,072.C-0488(E),Mayor,-9999999,HARPS_ech_obs_all,HARPS_ech_obs_thosimult,STAR_WAVE_K3,8.82885853082128E-06,3.96310701966427E-07,0,0,0
GJ2046,88.51851,-60.02445,2453694.7183864,2.228899,0.890545,31337.834305,0.930279,8.648148,0.427186,31336.991447,0.35627,-8.015141,0.427789,-0.547466,4.473067,-17.061525,0.82842,0.532248,0.000509,0.19268,0.000516,0.246937,0.000659,0,5.897544,43.583042,0.00931,31.1,154.5,2453694.71838,1.530831,1.530865,0.205,-9999999,0.003872,0.37211,0.781398,-0.84673,0.859354,0.5,300.0012,-0.552546,4.455671,2005-11-20T05:11:07.514,-9999999,K5,072.C-0488(E),Mayor,-9999999,HARPS_ech_obs_all,HARPS_ech_obs_thosimult,STAR_WAVE_K3,9.52871529523623E-06,4.590018024127E-07,0,0,0
GJ2046,88.51851,-60.02445,2453694.7222164,2.392844,0.88538,31337.578309,0.926391,8.810716,0.41631,31336.727943,0.345992,-7.891563,0.416923,0.361662,3.701517,-15.380168,0.865124,0.533435,0.000495,0.192915,0.000501,0.248482,0.000641,0,5.898906,43.567022,0.006899,31.1,159,2453694.72221,1.526047,1.526078,0.387,-9999999,0.003872,0.370734,0.781399,-0.854238,0.859355,0.5,300.0019,0.341623,3.681059,2005-11-20T05:16:38.418,-9999999,K5,072.C-0488(E),Mayor,-9999999,HARPS_ech_obs_all,HARPS_ech_obs_thosimult,STAR_WAVE_K3,9.40200101467457E-06,5.44224664624705E-07,0,0,0
GJ2046,88.51851,-60.02445,2453694.7259874,2.574649,0.897738,31338.736066,0.934724,8.991166,0.441984,31337.878309,0.36772,-7.723816,0.442587,3.740992,3.643995,-18.782719,0.809509,0.532745,0.000525,0.192216,0.000533,0.247333,0.00068,0,5.896906,43.58854,0.006765,31.1,149.7,2453694.72598,1.521296,1.521323,0.237,-9999999,0.003872,0.369379,0.781399,-0.861629,0.859355,0.48,300.0008,3.733044,3.626514,2005-11-20T05:22:10.232,-9999999,K5,072.C-0488(E),Mayor,-9999999,HARPS_ech_obs_all,HARPS_ech_obs_thosimult,STAR_WAVE_K3,9.80921991816838E-06,4.45943194559797E-07,0,0,0
GJ2046,88.51851,-60.02445,2453694.7299214,2.386511,0.892603,31337.716275,0.931738,8.801614,0.431458,31336.850806,0.360061,-7.867376,0.432203,3.028675,3.459588,-18.240121,0.852069,0.532279,0.000515,0.192926,0.000522,0.246775,0.000666,0,5.897734,43.586662,0.005286,31.1,152.9,2453694.72992,1.516301,1.516325,0.156,-9999999,0.003872,0.367965,0.781399,-0.869341,0.859355,0.51,300.002,3.010837,3.439888,2005-11-20T05:27:41.126,-9999999,K5,072.C-0488(E),Mayor,-9999999,HARPS_ech_obs_all,HARPS_ech_obs_thosimult,STAR_WAVE_K3,8.70475128553788E-06,4.02687681328727E-07,0,0,0
GJ2046,88.51851,-60.02445,2453694.7337659,2.615608,0.894465,31338.344455,0.933401,9.02933,0.435295,31337.471451,0.364343,-7.636078,0.435895,-0.591023,4.373775,-16.964484,0.918684,0.533081,0.00052,0.193335,0.000528,0.247058,0.000672,0,5.898832,43.58004,0.007464,31.1,151.5,2453694.73376,1.511383,1.511408,0.474,-9999999,0.003872,0.366583,0.781399,-0.876876,0.859356,0.51,300.0009,-0.611603,4.356226,2005-11-20T05:33:13.290,-9999999,K5,072.C-0488(E),Mayor,-9999999,HARPS_ech_obs_all,HARPS_ech_obs_thosimult,STAR_WAVE_K3,9.24129086917404E-06,3.54043016460919E-07,0,0,0
GJ2046,88.51851,-60.02445,2453694.7376115,2.438642,0.901063,31337.347814,0.936999,8.850982,0.448696,31336.467272,0.373462,-7.815336,0.449371,4.755213,4.058313,-17.879613,0.939152,0.533042,0.00053,0.192893,0.000539,0.247107,0.000688,0,5.898189,43.58488,0.006497,31.1,148.1,2453694.73761,1.506431,1.506459,0.024,-9999999,0.003872,0.365201,0.7814,-0.884414,0.859356,0.51,300.0003,4.744147,4.039252,2005-11-20T05:38:45.554,-9999999,K5,072.C-0488(E),Mayor,-9999999,HARPS_ech_obs_all,HARPS_ech_obs_thosimult,STAR_WAVE_K3,1.06356233802493E-05,5.62955106078908E-07,0,0,0
GJ2046,88.51851,-60.02445,2453694.7412666,2.880282,0.930131,31337.979915,0.957234,9.291308,0.504536,31337.092208,0.421667,-7.380109,0.505223,3.717379,4.518658,-17.897297,1.091547,0.533445,0.000596,0.191633,0.000608,0.246236,0.000775,0,5.90078,43.580492,0.007767,31.1,131.5,2453694.74126,1.501697,1.501734,0.159,-9999999,0.003872,0.363888,0.7814,-0.891579,0.859357,0.46,300.0014,3.695036,4.505262,2005-11-20T05:44:16.348,-9999999,K5,072.C-0488(E),Mayor,-9999999,HARPS_ech_obs_all,HARPS_ech_obs_thosimult,STAR_WAVE_K3,8.40165634809788E-06,4.85654578666303E-07,0,0,0
GJ2046,88.51851,-60.02445,2453694.7452322,2.94687,0.974012,31337.546546,0.986387,9.356471,0.581475,31336.651066,0.484215,-7.338393,0.582274,10.938431,4.544985,-22.69434,1.310906,0.53204,0.000686,0.193234,0.000708,0.24592,0.000898,0,5.899248,43.62169,0.005714,31.1,114.1,2453694.74522,1.496532,1.496577,0.252,-9999999,0.003872,0.362463,0.781401,-0.899352,0.859357,0.5,299.9985,10.935189,4.529154,2005-11-20T05:49:46.982,-9999999,K5,072.C-0488(E),Mayor,-9999999,HARPS_ech_obs_all,HARPS_ech_obs_thosimult,STAR_WAVE_K3,9.62296677329666E-06,5.84324477669678E-07,0,0,0
GJ2046,88.51851,-60.02445,2453694.7490622,1.932178,0.955212,31336.890892,0.973315,8.340402,0.549401,31335.987905,0.456996,-8.315117,0.550031,1.143839,4.841141,-19.181639,1.07523,0.532881,0.000646,0.192434,0.000663,0.246726,0.000844,0,5.894794,43.613855,0.008952,31.1,121.3,2453694.74905,1.49152,1.491562,-0.047,-9999999,0.003872,0.361086,0.781401,-0.906859,0.859358,0.5,300.0011,1.117346,4.824286,2005-11-20T05:55:17.886,-9999999,K5,072.C-0488(E),Mayor,-9999999,HARPS_ech_obs_all,HARPS_ech_obs_thosimult,STAR_WAVE_K3,8.07412142329803E-06,5.60119667331284E-07,0,0,0
GJ2046,88.51851,-60.02445,2453695.6843805,3.183363,0.879975,31339.029557,0.97534,10.07876,0.319165,31338.749932,0.261046,-6.586414,0.319945,3.499787,3.468984,-19.396263,0.735071,0.534778,0.000381,0.192497,0.000381,0.246708,0.000486,0,5.895057,43.594558,0.007563,31.1,207.9,2453695.68438,1.513843,1.513866,0.114,-9999999,0.003877,0.848258,0.820055,-0.283502,0.939757,0.5,300.0009,3.486629,3.449573,2005-11-21T04:22:09.003,-9999999,K5,072.C-0488(E),Mayor,-9999999,HARPS_ech_obs_all,HARPS_ech_obs_thosimult,STAR_WAVE_K3,9.6742911909359E-06,5.29850651957373E-07,0,0,0
GJ2046,88.51851,-60.02445,2453695.6881729,3.029761,0.881526,31339.371628,0.976129,9.923795,0.323416,31339.08457,0.263981,-6.776426,0.324155,9.484473,2.717244,-20.88114,0.730898,0.535552,0.000386,0.193378,0.000386,0.247063,0.000492,0,5.892009,43.600794,0.00939,31.1,205.7,2453695.68817,1.509529,1.509572,-0.034,-9999999,0.003877,0.846896,0.820055,-0.290935,0.939757,0.49,300.0021,9.465606,2.697994,2005-11-21T04:27:39.666,-9999999,K5,072.C-0488(E),Mayor,-9999999,HARPS_ech_obs_all,HARPS_ech_obs_thosimult,STAR_WAVE_K3,9.08612603628772E-06,5.38914223493918E-07,0,0,0
GJ2046,88.51851,-60.02445,2453695.6920146,2.576566,0.882188,31338.166437,0.976649,9.469219,0.325216,31337.871848,0.265898,-7.216573,0.32601,8.350492,2.878304,-19.978398,0.694269,0.534634,0.000389,0.193836,0.00039,0.248068,0.000497,0,5.894416,43.59142,0.007637,31.1,203.9,2453695.69201,1.505098,1.505139,0.407,-9999999,0.003877,0.845515,0.820055,-0.298466,0.939757,0.49,300.0006,8.336788,2.854918,2005-11-21T04:33:11.590,-9999999,K5,072.C-0488(E),Mayor,-9999999,HARPS_ech_obs_all,HARPS_ech_obs_thosimult,STAR_WAVE_K3,9.66556839100655E-06,4.92648567811973E-07,0,0,0
GJ2046,88.51851,-60.02445,2453695.6959259,2.621371,0.88292,31338.492303,0.977412,9.512619,0.327197,31338.190048,0.268684,-7.157498,0.32793,6.85112,2.822848,-20.33589,0.733329,0.534514,0.000392,0.193134,0.000393,0.247572,0.000501,0,5.895894,43.595113,0.007936,31.1,202,2453695.69592,1.500526,1.500564,-0.116,-9999999,0.003877,0.844109,0.820055,-0.306132,0.939757,0.51,300.0006,6.828635,2.798214,2005-11-21T04:38:43.524,-9999999,K5,072.C-0488(E),Mayor,-9999999,HARPS_ech_obs_all,HARPS_ech_obs_thosimult,STAR_WAVE_K3,9.10004963736341E-06,4.02774951804596E-07,0,0,0
GJ2046,88.51851,-60.02445,2453695.6997243,1.952204,0.878634,31338.04581,0.974234,8.842086,0.315449,31337.736109,0.256886,-7.827937,0.316208,7.974763,2.921212,-20.507933,0.819189,0.535031,0.000376,0.192727,0.000375,0.247619,0.00048,0,5.891693,43.607955,0.009852,31.1,211.1,2453695.69972,1.496029,1.496068,0.029,-9999999,0.003877,0.842744,0.820055,-0.313578,0.939757,0.5,300.0018,7.957208,2.899204,2005-11-21T04:44:14.698,-9999999,K5,072.C-0488(E),Mayor,-9999999,HARPS_ech_obs_all,HARPS_ech_obs_thosimult,STAR_WAVE_K3,9.2624561412433E-06,4.58857307025489E-07,0,0,0
GJ2046,88.51851,-60.02445,2453695.7035088,3.217565,0.877385,31338.696686,0.973498,10.106087,0.311953,31338.379567,0.25408,-6.593207,0.312704,8.699628,3.092785,-20.698223,0.739807,0.534137,0.000372,0.192742,0.000372,0.24645,0.000474,0,5.891978,43.598521,0.008475,31.1,213,2453695.7035,1.491495,1.491533,0.052,-9999999,0.003877,0.841384,0.820055,-0.320996,0.939757,0.49,300.0005,8.69344,3.073016,2005-11-21T04:49:44.681,-9999999,K5,072.C-0488(E),Mayor,-9999999,HARPS_ech_obs_all,HARPS_ech_obs_thosimult,STAR_WAVE_K3,9.3711121195979E-06,4.56202259475685E-07,0,0,0
GJ2046,88.51851,-60.02445,2453695.707302,2.191064,0.879548,31337.766123,0.97515,9.078223,0.317985,31337.441569,0.260335,-7.608542,0.318779,6.892829,3.055709,-20.021537,0.763856,0.534122,0.000381,0.192627,0.00038,0.246471,0.000485,0,5.892985,43.598072,0.006796,31.1,208.1,2453695.7073,1.4869,1.486933,0.083,-9999999,0.003877,0.840021,0.820055,-0.328431,0.939757,0.48,300.0005,6.871104,3.033658,2005-11-21T04:55:15.415,-9999999,K5,072.C-0488(E),Mayor,-9999999,HARPS_ech_obs_all,HARPS_ech_obs_thosimult,STAR_WAVE_K3,9.1678904929357E-06,4.37594984471609E-07,0,0,0
GJ2046,88.51851,-60.02445,2453695.7111401,2.776758,0.880276,31338.621684,0.975319,9.662538,0.319994,31338.289606,0.260968,-7.019466,0.320728,8.201048,3.175382,-20.974768,0.768109,0.535135,0.000381,0.192845,0.000381,0.246374,0.000485,0,5.891655,43.604076,0.008872,31.1,208.2,2453695.71114,1.482202,1.482228,0.141,-9999999,0.003877,0.838642,0.820055,-0.335955,0.939757,0.48,300.0018,8.195051,3.15676,2005-11-21T05:00:47.019,-9999999,K5,072.C-0488(E),Mayor,-9999999,HARPS_ech_obs_all,HARPS_ech_obs_thosimult,STAR_WAVE_K3,9.242455739987E-06,4.6409289590328E-07,0,0,0
GJ2046,88.51851,-60.02445,2453695.7150952,2.937547,0.883365,31338.878869,0.977812,9.821905,0.328395,31338.539039,0.270137,-6.870212,0.329125,5.321654,3.229725,-20.635635,0.787048,0.534301,0.000391,0.193346,0.000392,0.246422,0.0005,0,5.893673,43.601426,0.009797,31.1,202.3,2453695.71509,1.477311,1.477347,0.126,-9999999,0.003877,0.83722,0.820055,-0.343707,0.939757,0.51,300.0016,5.323374,3.208533,2005-11-21T05:06:19.743,-9999999,K5,072.C-0488(E),Mayor,-9999999,HARPS_ech_obs_all,HARPS_ech_obs_thosimult,STAR_WAVE_K3,9.74594923205182E-06,5.11871862611738E-07,0,0,0
GJ2046,88.51851,-60.02445,2453696.6894626,3.39408,0.920729,31338.05447,1.033719,9.943267,0.370289,31338.297871,0.306837,-6.763701,0.370857,0.997517,3.538594,-18.149549,0.658266,0.53381,0.000443,0.193159,0.000447,0.247437,0.00057,0,5.896201,43.589245,0.008283,31.1,178.1,2453696.68945,1.450202,1.450246,0.061,-9999999,0.003882,0.502048,0.842988,0.239519,0.98713,0.51,300.0025,0.992148,3.52211,2005-11-22T04:29:24.698,-9999999,K5,072.C-0488(E),Mayor,-9999999,HARPS_ech_obs_all,HARPS_ech_obs_thosimult,STAR_WAVE_K3,9.53804535830162E-06,4.82283581884485E-07,0,0,0
GJ2046,88.51851,-60.02445,2453696.6932642,3.297163,0.920184,31338.317177,1.033128,9.844983,0.368933,31338.553127,0.30484,-6.858398,0.369496,2.920226,3.245805,-18.071468,0.675232,0.53447,0.00044,0.192582,0.000443,0.249837,0.000561,0,5.896243,43.587939,0.007721,31.1,179.5,2453696.69326,1.445754,1.44579,-0.091,-9999999,0.003882,0.500682,0.842987,0.232068,0.98713,0.5,300.0015,2.911423,3.225969,2005-11-22T04:34:56.152,-9999999,K5,072.C-0488(E),Mayor,-9999999,HARPS_ech_obs_all,HARPS_ech_obs_thosimult,STAR_WAVE_K3,8.86272994581972E-06,4.21332803393638E-07,0,0,0
GJ2046,88.51851,-60.02445,2453696.6970623,2.752631,0.925585,31337.654423,1.03659,9.299087,0.382205,31337.882928,0.316375,-7.408063,0.382846,-0.366167,3.811239,-17.822879,0.814282,0.533627,0.000458,0.192669,0.00046,0.251571,0.000586,0,5.897275,43.581573,0.008429,31.1,172.7,2453696.69706,1.441255,1.441291,0.147,-9999999,0.003882,0.499317,0.842987,0.224623,0.98713,0.49,300.0029,-0.370234,3.792509,2005-11-22T04:40:27.305,-9999999,K5,072.C-0488(E),Mayor,-9999999,HARPS_ech_obs_all,HARPS_ech_obs_thosimult,STAR_WAVE_K3,8.46763345374533E-06,3.67199495456018E-07,0,0,0
GJ2046,88.51851,-60.02445,2453696.7009376,1.664979,0.924361,31336.267873,1.035884,8.210042,0.379229,31336.488782,0.314055,-8.498331,0.379838,7.663835,3.426034,-19.234171,0.712094,0.533442,0.000455,0.192175,0.000457,0.251842,0.000582,0,5.893289,43.600604,0.00712,31.1,173.9,2453696.70094,1.436609,1.436641,-0.157,-9999999,0.003882,0.497925,0.842987,0.217027,0.98713,0.5,300.0025,7.653169,3.403346,2005-11-22T04:45:59.128,-9999999,K5,072.C-0488(E),Mayor,-9999999,HARPS_ech_obs_all,HARPS_ech_obs_thosimult,STAR_WAVE_K3,8.34447592956598E-06,4.21480531712919E-07,0,0,0
GJ2046,88.51851,-60.02445,2453696.7047742,2.13953,0.9174,31336.724936,1.031474,8.683214,0.361933,31336.938324,0.299186,-7.98322,0.36251,5.494117,2.895894,-20.005246,0.662672,0.534137,0.000432,0.192648,0.000434,0.249957,0.00055,0,5.895163,43.599437,0.008421,31.1,183.1,2453696.70477,1.431957,1.431995,0.009,-9999999,0.003882,0.496546,0.842987,0.209506,0.98713,0.5,300.001,5.494875,2.869421,2005-11-22T04:51:30.612,-9999999,K5,072.C-0488(E),Mayor,-9999999,HARPS_ech_obs_all,HARPS_ech_obs_thosimult,STAR_WAVE_K3,8.92410211638934E-06,4.32415314726699E-07,0,0,0
GJ2046,88.51851,-60.02445,2453696.7086209,2.274713,0.922147,31336.951119,1.034813,8.817015,0.373801,31337.156967,0.310502,-7.852694,0.37442,1.393692,3.652796,-17.951055,0.722524,0.534231,0.000449,0.193483,0.000452,0.250393,0.000573,0,5.895267,43.58843,0.009191,31.1,176.1,2453696.70861,1.427244,1.427286,-0.233,-9999999,0.003882,0.495163,0.842987,0.201966,0.98713,0.5,300.0002,1.387695,3.633351,2005-11-22T04:57:02.966,-9999999,K5,072.C-0488(E),Mayor,-9999999,HARPS_ech_obs_all,HARPS_ech_obs_thosimult,STAR_WAVE_K3,9.28694369149462E-06,5.39761015671785E-07,0,0,0
GJ2046,88.51851,-60.02445,2453696.712448,2.550624,0.922828,31337.58134,1.034732,9.09155,0.375478,31337.779687,0.310233,-7.60766,0.376062,5.173143,3.012332,-17.816903,0.719979,0.534173,0.000447,0.192555,0.000449,0.250519,0.000571,0,5.896207,43.584932,0.008494,31.1,176.7,2453696.71244,1.422508,1.422544,0.109,-9999999,0.003882,0.493788,0.842988,0.194465,0.98713,0.5,300.0014,5.158251,2.989366,2005-11-22T05:02:33.630,-9999999,K5,072.C-0488(E),Mayor,-9999999,HARPS_ech_obs_all,HARPS_ech_obs_thosimult,STAR_WAVE_K3,9.41912973064609E-06,5.43093174218007E-07,0,0,0
GJ2046,88.51851,-60.02445,2453696.7163004,1.747588,0.916092,31336.390775,1.030398,8.28713,0.358602,31336.58157,0.295457,-8.389773,0.359215,4.276462,3.286579,-18.297872,0.832315,0.534358,0.000427,0.193148,0.000429,0.250898,0.000545,0,5.898769,43.593529,0.00779,31.1,185.2,2453696.71629,1.417697,1.41773,0.096,-9999999,0.003882,0.492403,0.842988,0.186913,0.98713,0.5,299.9997,4.276858,3.261459,2005-11-22T05:08:06.474,-9999999,K5,072.C-0488(E),Mayor,-9999999,HARPS_ech_obs_all,HARPS_ech_obs_thosimult,STAR_WAVE_K3,8.88275201203846E-06,4.52211529287856E-07,0,0,0
GJ2046,88.51851,-60.02445,2453696.7200937,2.358971,0.916386,31336.723399,1.031136,8.897149,0.359354,31336.906759,0.298018,-7.794653,0.360019,3.554886,2.650139,-18.809727,0.781303,0.535181,0.000432,0.193426,0.000434,0.250644,0.00055,0,5.895437,43.593129,0.006734,31.1,183.5,2453696.72009,1.41292,1.412947,0.072,-9999999,0.003882,0.49104,0.842988,0.179478,0.98713,0.49,299.9985,3.550459,2.625323,2005-11-22T05:13:37.218,-9999999,K5,072.C-0488(E),Mayor,-9999999,HARPS_ech_obs_all,HARPS_ech_obs_thosimult,STAR_WAVE_K3,8.36097819199399E-06,3.84704024476462E-07,0,0,0
GJ2046,88.51851,-60.02445,2453696.7239461,2.944968,0.916682,31337.703766,1.030941,9.481762,0.360107,31337.879575,0.297343,-7.169186,0.360625,4.640597,3.132388,-18.621889,0.663197,0.53499,0.000431,0.192462,0.000431,0.251893,0.000549,0,5.895352,43.585714,0.007385,31.1,184,2453696.72395,1.408029,1.408052,-0.306,-9999999,0.003882,0.489656,0.842988,0.171927,0.987131,0.49,300.0001,4.618035,3.11185,2005-11-22T05:19:10.062,-9999999,K5,072.C-0488(E),Mayor,-9999999,HARPS_ech_obs_all,HARPS_ech_obs_thosimult,STAR_WAVE_K3,9.33511531800781E-06,4.12264817663513E-07,0,0,0
GJ2046,88.51851,-60.02445,2453697.7162731,-2.262447,1.269059,31332.088696,1.263437,4.147067,0.935738,31332.242452,0.788573,-12.563489,0.936621,-10.496319,7.819549,-25.543419,1.875963,0.534974,0.001095,0.189571,0.001159,0.252765,0.001464,0,5.902821,43.655964,0.008133,31.1,72.4,2453697.71626,1.359129,1.359176,-0.301,-9999999,0.003887,0.362376,0.857266,0.149869,0.98713,0.48,300.0007,-10.510252,7.803099,2005-11-23T05:08:09.733,-9999999,K5,072.C-0488(E),Mayor,-9999999,HARPS_ech_obs_all,HARPS_ech_obs_thosimult,STAR_WAVE_K3,8.01084994852374E-06,6.08554311379767E-07,0,0,0
GJ2046,88.51851,-60.02445,2453697.7202777,-0.956175,1.239813,31334.002464,1.237618,5.4519,0.895674,31334.148371,0.746506,-11.214979,0.896388,8.232123,7.862795,-25.917947,2.061457,0.534359,0.001047,0.188665,0.001103,0.253083,0.001398,0,5.90544,43.646373,0.012206,31.1,75.6,2453697.72027,1.354054,1.354099,-0.032,-9999999,0.003888,0.360937,0.857266,0.142019,0.98713,0.53,300.0012,8.220948,7.848677,2005-11-23T05:13:40.727,-9999999,K5,072.C-0488(E),Mayor,-9999999,HARPS_ech_obs_all,HARPS_ech_obs_thosimult,STAR_WAVE_K3,6.44040801886584E-06,7.17868963692053E-07,0,0,0
GJ2046,88.51851,-60.02445,2453697.7239236,-2.090537,1.143882,31332.548145,1.168363,4.316228,0.757338,31332.686905,0.625017,-12.405371,0.757997,3.454422,7.397271,-22.358313,1.323176,0.537406,0.000903,0.189796,0.000937,0.250928,0.001181,0,5.901891,43.620034,0.005704,31.1,88,2453697.72392,1.349398,1.349442,-0.066,-9999999,0.003888,0.359627,0.857266,0.134872,0.987131,0.47,300.0008,3.441178,7.376144,2005-11-23T05:19:13.731,-9999999,K5,072.C-0488(E),Mayor,-9999999,HARPS_ech_obs_all,HARPS_ech_obs_thosimult,STAR_WAVE_K3,9.08016609106548E-06,5.79446251448904E-07,0,0,0
GJ2046,88.51851,-60.02445,2453697.7279326,-2.076179,1.14396,31331.344921,1.16639,4.329145,0.757455,31331.475823,0.62132,-12.371311,0.758295,-2.743529,6.395372,-21.594323,1.661084,0.534861,0.000891,0.189632,0.000928,0.248872,0.001166,0,5.903576,43.635023,0.004604,31.1,88.8,2453697.72793,1.344244,1.344278,0.009,-9999999,0.003888,0.358186,0.857267,0.127014,0.987131,0.52,300.0001,-2.757611,6.375092,2005-11-23T05:24:45.115,-9999999,K5,072.C-0488(E),Mayor,-9999999,HARPS_ech_obs_all,HARPS_ech_obs_thosimult,STAR_WAVE_K3,6.23811914784681E-06,5.45280590040119E-07,0,0,0
GJ2046,88.51851,-60.02445,2453697.7318425,-0.821483,1.133382,31333.046402,1.161465,5.582436,0.741382,31333.16964,0.612024,-11.096195,0.742055,0.487721,5.690186,-24.912965,1.676142,0.534932,0.000881,0.188287,0.000914,0.251223,0.001156,0,5.901621,43.629407,0.0044,31.1,89.7,2453697.73183,1.339185,1.339229,-0.125,-9999999,0.003888,0.356781,0.857267,0.11935,0.987131,0.54,300.0003,0.469202,5.671125,2005-11-23T05:30:16.929,-9999999,K5,072.C-0488(E),Mayor,-9999999,HARPS_ech_obs_all,HARPS_ech_obs_thosimult,STAR_WAVE_K3,8.70152406965259E-06,4.72714975795909E-07,0,0,0
GJ2046,88.51851,-60.02445,2453697.7354693,-1.025669,1.100025,31333.586593,1.138251,5.376947,0.689309,31333.702722,0.566733,-11.278334,0.69008,-1.049427,5.514644,-23.427844,1.395327,0.536083,0.000818,0.188261,0.000842,0.250577,0.001065,0,5.898163,43.641106,0.007389,31.1,96.8,2453697.73547,1.334465,1.334498,0.028,-9999999,0.003888,0.355477,0.857267,0.112241,0.987132,0.48,300.0007,-1.045509,5.492492,2005-11-23T05:35:48.283,-9999999,K5,072.C-0488(E),Mayor,-9999999,HARPS_ech_obs_all,HARPS_ech_obs_thosimult,STAR_WAVE_K3,6.79712039127145E-06,5.30510311148334E-07,0,0,0
GJ2046,88.51851,-60.02445,2453697.7393323,-0.278822,1.122645,31333.984684,1.153641,6.122405,0.724861,31334.093241,0.59704,-10.6206,0.725565,6.948426,5.995246,-22.546332,1.408717,0.535337,0.000862,0.191016,0.000897,0.252374,0.00113,0,5.897115,43.616355,0.007049,31.1,91.9,2453697.73933,1.329414,1.329442,0.142,-9999999,0.003888,0.354089,0.857268,0.104669,0.987132,0.49,300.001,6.962828,5.977583,2005-11-23T05:41:19.036,-9999999,K5,072.C-0488(E),Mayor,-9999999,HARPS_ech_obs_all,HARPS_ech_obs_thosimult,STAR_WAVE_K3,3.32927197557259E-06,6.28697614979553E-07,0,0,0
GJ2046,88.51851,-60.02445,2453697.7430923,-2.994736,1.185475,31331.499494,1.195999,3.40514,0.818806,31331.600681,0.675266,-13.312743,0.819467,13.886246,7.01229,-25.373597,1.796895,0.534293,0.000965,0.188507,0.001006,0.250988,0.001273,0,5.894631,43.641278,0.010017,31.1,82,2453697.74308,1.324475,1.324514,-0.121,-9999999,0.003888,0.352738,0.857268,0.097299,0.987132,0.47,300,13.878995,6.993021,2005-11-23T05:46:49.901,-9999999,K5,072.C-0488(E),Mayor,-9999999,HARPS_ech_obs_all,HARPS_ech_obs_thosimult,STAR_WAVE_K3,8.5717264023515E-06,5.96565207088658E-07,0,0,0
GJ2046,88.51851,-60.02445,2453697.7469557,-0.123765,1.21996,31332.847401,1.223632,6.274723,0.867983,31332.941015,0.723079,-10.423771,0.868634,2.960244,7.23635,-24.471099,1.928614,0.535547,0.001026,0.189124,0.001075,0.252022,0.001359,0,5.899079,43.644622,0.00194,31.1,77.4,2453697.74695,1.31938,1.319429,-0.167,-9999999,0.003888,0.351349,0.857268,0.089726,0.987133,0.48,299.9993,2.946196,7.22439,2005-11-23T05:52:20.704,-9999999,K5,072.C-0488(E),Mayor,-9999999,HARPS_ech_obs_all,HARPS_ech_obs_thosimult,STAR_WAVE_K3,7.22007402642895E-06,5.49927790039776E-07,0,0,0
GJ2046,88.51851,-60.02445,2453698.7221478,-6.007699,0.750591,31329.16489,0.790497,1.67368,0.470215,31329.981224,0.392092,-14.972878,0.470783,-2.03926,4.075763,-19.103434,0.969304,0.534173,0.000563,0.190315,0.000575,0.250509,0.000724,0,5.898226,43.588148,0.006258,31.1,140.1,2453698.72214,1.292556,1.292605,0.207,-9999999,0.003893,1.634241,0.585051,0.812441,0.686403,0.5,300.0017,-2.05247,4.032308,2005-11-24T05:16:30.939,-9999999,K5,072.C-0488(E),Mayor,-9999999,HARPS_ech_obs_all,HARPS_ech_obs_thosimult,STAR_WAVE_K3,9.2714121781202E-06,5.20020260497666E-07,0,0,0
GJ2046,88.51851,-60.02445,2453698.7260156,-5.567982,0.747127,31329.791491,0.788502,2.112007,0.464664,31330.600243,0.388055,-14.583972,0.465206,4.876531,4.412927,-18.573442,0.933138,0.532909,0.000557,0.188937,0.000567,0.250078,0.000716,0,5.898173,43.59913,0.00789,31.1,141.5,2453698.72601,1.287574,1.28761,-0.075,-9999999,0.003893,1.632851,0.585052,0.804859,0.686403,0.51,299.9989,4.865782,4.371045,2005-11-24T05:22:02.123,-9999999,K5,072.C-0488(E),Mayor,-9999999,HARPS_ech_obs_all,HARPS_ech_obs_thosimult,STAR_WAVE_K3,9.64394693201362E-06,5.05847195962477E-07,0,0,0
GJ2046,88.51851,-60.02445,2453698.7297771,-5.854905,0.756964,31329.211886,0.794443,1.823732,0.480322,31330.013265,0.399987,-14.894127,0.48081,0.436352,4.013652,-20.178808,1.021917,0.534352,0.000572,0.189679,0.000585,0.251182,0.000739,0,5.895586,43.604294,0.006397,31.1,137.7,2453698.72978,1.282699,1.282734,-0.141,-9999999,0.003893,1.631499,0.585052,0.797486,0.686404,0.49,300.0019,0.431538,3.970053,2005-11-24T05:27:33.106,-9999999,K5,072.C-0488(E),Mayor,-9999999,HARPS_ech_obs_all,HARPS_ech_obs_thosimult,STAR_WAVE_K3,9.14133641787426E-06,5.61877991159282E-07,0,0,0
GJ2046,88.51851,-60.02445,2453698.7336989,-5.034842,0.763409,31330.159112,0.799084,2.642386,0.490415,31330.952804,0.409126,-14.0289,0.490781,-2.154045,3.930751,-19.712534,1.150517,0.532822,0.000582,0.188168,0.000595,0.249707,0.000752,0,5.899616,43.608067,0.006475,31.1,134.8,2453698.73369,1.277589,1.277635,0.143,-9999999,0.003893,1.630089,0.585053,0.789799,0.686404,0.51,300.0026,-2.156529,3.895016,2005-11-24T05:33:05.950,-9999999,K5,072.C-0488(E),Mayor,-9999999,HARPS_ech_obs_all,HARPS_ech_obs_thosimult,STAR_WAVE_K3,9.6520353694143E-06,4.51573458212314E-07,0,0,0
GJ2046,88.51851,-60.02445,2453698.7375381,-4.813572,0.76087,31330.020728,0.796793,2.862276,0.486453,31330.806894,0.404633,-13.85317,0.487024,-2.329173,3.878641,-18.227512,0.972565,0.53399,0.000581,0.188724,0.000591,0.250087,0.000748,0,5.899883,43.590595,0.00772,31.1,135.7,2453698.73753,1.272561,1.272601,-0.083,-9999999,0.003893,1.62871,0.585053,0.782273,0.686405,0.51,300.0003,-2.335324,3.844148,2005-11-24T05:38:37.655,-9999999,K5,072.C-0488(E),Mayor,-9999999,HARPS_ech_obs_all,HARPS_ech_obs_thosimult,STAR_WAVE_K3,9.93746098504383E-06,4.8548547333136E-07,0,0,0
GJ2046,88.51851,-60.02445,2453698.741326,-5.539996,0.745354,31329.499251,0.786747,2.134491,0.461806,31330.277993,0.384472,-14.561128,0.462195,1.452833,3.590541,-18.270066,0.855052,0.534825,0.000553,0.189651,0.000562,0.250354,0.000709,0,5.90065,43.583523,0.007921,31.1,142.9,2453698.74132,1.267578,1.267621,-0.026,-9999999,0.003893,1.627348,0.585054,0.774849,0.686405,0.49,300.0008,1.435042,3.546711,2005-11-24T05:44:10.928,-9999999,K5,072.C-0488(E),Mayor,-9999999,HARPS_ech_obs_all,HARPS_ech_obs_thosimult,STAR_WAVE_K3,9.60938162044786E-06,4.4578437825243E-07,0,0,0
GJ2046,88.51851,-60.02445,2453698.7451588,-4.74799,0.743705,31330.758354,0.785573,2.925119,0.459139,31331.529583,0.382062,-13.772555,0.459475,-1.947982,4.187833,-19.033686,0.953604,0.535221,0.00055,0.187292,0.000555,0.251407,0.000706,0,5.900589,43.586857,0.006822,31.1,143.8,2453698.74516,1.262518,1.262546,0.122,-9999999,0.003893,1.625971,0.585054,0.767336,0.686406,0.49,300.0008,-1.950284,4.152084,2005-11-24T05:49:42.082,-9999999,K5,072.C-0488(E),Mayor,-9999999,HARPS_ech_obs_all,HARPS_ech_obs_thosimult,STAR_WAVE_K3,9.33128317024981E-06,5.90802014274292E-07,0,0,0
GJ2046,88.51851,-60.02445,2453698.7490282,-4.225426,0.778215,31331.240565,0.809638,3.446293,0.513157,31332.004209,0.429371,-13.20006,0.513572,6.423676,4.481966,-18.742104,0.989304,0.534932,0.000617,0.189476,0.00063,0.250686,0.000795,0,5.899686,43.610303,0.006192,31.1,127.9,2453698.74902,1.257392,1.257424,-0.228,-9999999,0.003893,1.62458,0.585055,0.759751,0.686407,0.5,299.9991,6.418494,4.453868,2005-11-24T05:55:13.397,-9999999,K5,072.C-0488(E),Mayor,-9999999,HARPS_ech_obs_all,HARPS_ech_obs_thosimult,STAR_WAVE_K3,8.04577328502333E-06,5.10981915969179E-07,0,0,0
GJ2046,88.51851,-60.02445,2453698.7527399,-4.227765,0.785708,31330.871276,0.813792,3.44262,0.524449,31331.627645,0.437153,-13.269533,0.524927,10.310851,4.662193,-19.462622,0.959605,0.534022,0.000627,0.189764,0.000642,0.250722,0.00081,0,5.898562,43.604466,0.007187,31.1,125.7,2453698.75274,1.252462,1.252502,-0.059,-9999999,0.003893,1.623247,0.585056,0.752476,0.686407,0.46,299.9986,10.314754,4.630697,2005-11-24T06:00:46.090,-9999999,K5,072.C-0488(E),Mayor,-9999999,HARPS_ech_obs_all,HARPS_ech_obs_thosimult,STAR_WAVE_K3,8.86578741331577E-06,5.86853980754332E-07,0,0,0
GJ2046,88.51851,-60.02445,2453699.7209112,-3.686161,0.956433,31330.670379,1.048225,2.549873,0.424098,31330.650417,0.352631,-14.1382,0.424629,5.624928,3.431264,-19.368295,0.948412,0.530241,0.000511,0.189065,0.000518,0.249784,0.000653,0,5.893963,43.605041,0.006555,31.1,154.9,2453699.7209,1.234588,1.234637,-0.544,-9999999,0.003898,0.188896,0.857266,-0.02386,0.98713,0.55,300.0004,5.61202,3.38443,2005-11-25T05:14:28.750,-9999999,K5,072.C-0488(E),Mayor,-9999999,HARPS_ech_obs_all,HARPS_ech_obs_thosimult,STAR_WAVE_K3,8.39394703381669E-06,4.1667071425864E-07,0,0,0
GJ2046,88.51851,-60.02445,2453699.7245325,-3.22118,0.940704,31331.189994,1.038457,3.013553,0.387321,31331.162933,0.322438,-13.731957,0.387838,7.211999,3.452313,-19.211502,0.803136,0.529869,0.00046,0.189168,0.000468,0.249908,0.000591,0,5.898228,43.599362,0.009956,31.1,170.7,2453699.72453,1.229911,1.229957,-0.5,-9999999,0.003898,0.187595,0.857266,-0.030959,0.987131,0.49,299.9988,7.200812,3.407148,2005-11-25T05:19:59.633,-9999999,K5,072.C-0488(E),Mayor,-9999999,HARPS_ech_obs_all,HARPS_ech_obs_thosimult,STAR_WAVE_K3,1.02796586365034E-05,5.31713010203251E-07,0,0,0
GJ2046,88.51851,-60.02445,2453699.7283648,-2.781903,0.942704,31332.279618,1.039568,3.451453,0.392153,31332.245046,0.325996,-13.19916,0.392542,3.965166,3.726298,-19.53081,0.778958,0.530586,0.000467,0.18908,0.000475,0.248963,0.000598,0,5.896773,43.592941,0.008564,31.1,168.5,2453699.72836,1.224934,1.22498,-0.685,-9999999,0.003898,0.186217,0.857267,-0.03847,0.987131,0.49,299.9999,3.958807,3.684093,2005-11-25T05:25:30.737,-9999999,K5,072.C-0488(E),Mayor,-9999999,HARPS_ech_obs_all,HARPS_ech_obs_thosimult,STAR_WAVE_K3,9.48072500862498E-06,5.43174805635704E-07,0,0,0
GJ2046,88.51851,-60.02445,2453699.7322361,-3.20119,0.943882,31330.895344,1.04037,3.030774,0.394978,31330.853183,0.328544,-13.706046,0.395403,8.599933,3.666719,-18.311552,0.826231,0.530657,0.000468,0.188176,0.000475,0.248937,0.000601,0,5.89558,43.590133,0.007588,31.1,167.7,2453699.73223,1.219879,1.219915,-0.857,-9999999,0.003898,0.184826,0.857267,-0.046059,0.987131,0.5,300.0006,8.593332,3.623666,2005-11-25T05:31:02.220,-9999999,K5,072.C-0488(E),Mayor,-9999999,HARPS_ech_obs_all,HARPS_ech_obs_thosimult,STAR_WAVE_K3,9.52553490606162E-06,4.55934223134161E-07,0,0,0
GJ2046,88.51851,-60.02445,2453699.736073,-4.082902,0.949779,31330.420831,1.044262,2.147683,0.408869,31330.371149,0.340668,-14.503688,0.40919,10.01434,3.385124,-18.958614,0.871442,0.53078,0.000485,0.18918,0.000495,0.250333,0.000625,0,5.897704,43.590593,0.007203,31.1,161.9,2453699.73606,1.214844,1.214887,-0.689,-9999999,0.003898,0.183447,0.857267,-0.05358,0.987132,0.5,299.9991,9.993023,3.326001,2005-11-25T05:36:33.724,-9999999,K5,072.C-0488(E),Mayor,-9999999,HARPS_ech_obs_all,HARPS_ech_obs_thosimult,STAR_WAVE_K3,9.50184118392582E-06,4.002194743901E-07,0,0,0
GJ2046,88.51851,-60.02445,2453699.739955,-3.152231,0.947273,31331.12681,1.042339,3.076959,0.403012,31331.069519,0.334724,-13.599901,0.403286,0.044412,2.893929,-19.422439,0.798954,0.531188,0.000478,0.18924,0.000487,0.249585,0.000613,0,5.896704,43.590252,0.003981,31.1,164.5,2453699.73995,1.20973,1.209762,-1.174,-9999999,0.003898,0.182052,0.857268,-0.061189,0.987132,0.51,300.0018,0.038413,2.844869,2005-11-25T05:42:06.128,-9999999,K5,072.C-0488(E),Mayor,-9999999,HARPS_ech_obs_all,HARPS_ech_obs_thosimult,STAR_WAVE_K3,9.28750124456957E-06,5.20047773861407E-07,0,0,0
GJ2046,88.51851,-60.02445,2453699.7437581,-3.390831,0.950619,31331.137211,1.044314,2.836993,0.410813,31331.072465,0.340825,-13.871302,0.411153,2.093411,3.6168,-20.166751,0.686939,0.531226,0.000484,0.188412,0.000493,0.249695,0.000623,0,5.897143,43.598311,0.007305,31.1,162.2,2453699.74375,1.204701,1.20474,-0.837,-9999999,0.003898,0.180685,0.857268,-0.068644,0.987133,0.5,300.0028,2.083647,3.574337,2005-11-25T05:47:37.713,-9999999,K5,072.C-0488(E),Mayor,-9999999,HARPS_ech_obs_all,HARPS_ech_obs_thosimult,STAR_WAVE_K3,1.00746087588859E-05,4.76013022579944E-07,0,0,0
GJ2046,88.51851,-60.02445,2453699.7476107,-2.962137,0.941328,31331.782974,1.038426,3.264302,0.38883,31331.710677,0.32233,-13.320602,0.389282,1.538539,3.993252,-18.815802,0.762797,0.531495,0.00046,0.189949,0.000468,0.250297,0.000591,0,5.896936,43.584296,0.009162,31.1,171.1,2453699.7476,1.199591,1.199627,-0.797,-9999999,0.003898,0.179301,0.857268,-0.076195,0.987133,0.5,300.0006,1.544611,3.962706,2005-11-25T05:53:10.577,-9999999,K5,072.C-0488(E),Mayor,-9999999,HARPS_ech_obs_all,HARPS_ech_obs_thosimult,STAR_WAVE_K3,9.65074992200523E-06,5.13874245404187E-07,0,0,0
GJ2046,88.51851,-60.02445,2453699.7513857,-3.789101,0.951029,31331.208155,1.044701,2.435981,0.411759,31331.128458,0.342005,-14.314786,0.412085,9.24767,3.485933,-19.37286,1.010119,0.530888,0.000488,0.188943,0.000496,0.250045,0.000627,0,5.898293,43.590345,0.008722,31.1,161.2,2453699.75138,1.194571,1.194608,-0.743,-9999999,0.003898,0.177944,0.857269,-0.083595,0.987134,0.48,300.0008,9.249381,3.449202,2005-11-25T05:58:42.741,-9999999,K5,072.C-0488(E),Mayor,-9999999,HARPS_ech_obs_all,HARPS_ech_obs_thosimult,STAR_WAVE_K3,9.3238076649924E-06,5.37663202569124E-07,0,0,0
GJ2046,88.51851,-60.02445,2453700.7527674,-2.882331,0.898649,31331.220388,1.043608,3.383648,0.408665,31331.229505,0.338651,-13.277082,0.408883,1.818077,3.34164,-20.297188,0.770243,0.530586,0.000477,0.188813,0.000487,0.249104,0.000614,0,5.897563,43.595783,0.005221,31.1,164.2,2453700.75276,1.132622,1.132655,-0.372,-9999999,0.003903,0.218841,0.800352,0.005214,0.987134,0.53,300.0012,1.816055,3.298978,2005-11-26T06:00:26.786,-9999999,K5,072.C-0488(E),Mayor,-9999999,HARPS_ech_obs_all,HARPS_ech_obs_thosimult,STAR_WAVE_K3,9.22348798355242E-06,4.03119452903488E-07,0,0,0
GJ2046,88.51851,-60.02445,2453700.7564715,-3.689519,0.886573,31331.446398,1.036647,2.575129,0.381377,31331.448255,0.316549,-14.140956,0.381575,7.07387,3.451324,-18.696582,0.822045,0.529903,0.000452,0.190496,0.000461,0.249226,0.000579,0,5.897741,43.585843,0.003818,31.1,174.2,2453700.75646,1.127679,1.127725,-0.231,-9999999,0.003903,0.21751,0.800352,-0.002046,0.987134,0.49,300.0028,7.062385,3.40393,2005-11-26T06:05:58.820,-9999999,K5,072.C-0488(E),Mayor,-9999999,HARPS_ech_obs_all,HARPS_ech_obs_thosimult,STAR_WAVE_K3,9.98692191958643E-06,5.24932186001111E-07,0,0,0
GJ2046,88.51851,-60.02445,2453700.7603462,-3.718917,0.895055,31330.971219,1.041502,2.544339,0.400698,31330.965481,0.3321,-14.114549,0.400996,2.127422,3.989156,-18.034648,0.829254,0.530666,0.000475,0.190032,0.000484,0.247686,0.000606,0,5.898287,43.59013,0.008049,31.1,166,2453700.76034,1.122505,1.122546,-0.489,-9999999,0.003903,0.216117,0.800353,-0.009641,0.987135,0.5,300.0022,2.128935,3.953439,2005-11-26T06:11:30.593,-9999999,K5,072.C-0488(E),Mayor,-9999999,HARPS_ech_obs_all,HARPS_ech_obs_thosimult,STAR_WAVE_K3,8.55503202861721E-06,4.74163392470939E-07,0,0,0
GJ2046,88.51851,-60.02445,2453700.7641545,-3.406411,0.890657,31331.015035,1.038865,2.855476,0.390774,31331.001832,0.323735,-13.878077,0.390932,8.175382,3.647887,-18.818425,0.636833,0.530063,0.000459,0.189624,0.000468,0.248247,0.000588,0,5.898337,43.594243,0.006974,31.1,171.2,2453700.76415,1.117418,1.117458,-0.435,-9999999,0.003903,0.214749,0.800354,-0.017106,0.987136,0.49,300.001,8.168211,3.612319,2005-11-26T06:17:02.627,-9999999,K5,072.C-0488(E),Mayor,-9999999,HARPS_ech_obs_all,HARPS_ech_obs_thosimult,STAR_WAVE_K3,8.9459438532964E-06,4.58143146760611E-07,0,0,0
GJ2046,88.51851,-60.02445,2453700.7679937,-3.651552,0.885208,31331.291043,1.035807,2.608955,0.378187,31331.270314,0.313781,-14.130311,0.378468,6.705094,3.754849,-17.67235,0.720724,0.53069,0.000448,0.189785,0.000456,0.249709,0.000573,0,5.899496,43.569324,0.007026,31.1,176.2,2453700.76799,1.112292,1.112326,-0.115,-9999999,0.003903,0.213369,0.800354,-0.024632,0.987136,0.49,300.0012,6.700779,3.715159,2005-11-26T06:22:34.331,-9999999,K5,072.C-0488(E),Mayor,-9999999,HARPS_ech_obs_all,HARPS_ech_obs_thosimult,STAR_WAVE_K3,1.00958289764081E-05,5.39404993041264E-07,0,0,0
GJ2046,88.51851,-60.02445,2453700.7718906,-3.589272,0.885127,31330.214179,1.035222,2.669835,0.377996,31330.185812,0.311841,-14.000868,0.378265,6.725158,3.278473,-18.898693,0.805618,0.530487,0.000444,0.189586,0.000451,0.249351,0.000568,0,5.897055,43.584517,0.004965,31.1,177.6,2453700.77189,1.107094,1.107122,-0.347,-9999999,0.003903,0.211969,0.800355,-0.03227,0.987137,0.5,300.0018,6.729244,3.235627,2005-11-26T06:28:08.025,-9999999,K5,072.C-0488(E),Mayor,-9999999,HARPS_ech_obs_all,HARPS_ech_obs_thosimult,STAR_WAVE_K3,9.92819750104654E-06,5.08511132334595E-07,0,0,0
GJ2046,88.51851,-60.02445,2453700.7756868,-2.684656,0.883551,31331.859926,1.034847,3.573087,0.374289,31331.824118,0.310593,-13.134656,0.374515,6.820535,3.507833,-19.463073,0.753051,0.530585,0.000442,0.18945,0.000449,0.248679,0.000565,0,5.897591,43.59944,0.010057,31.1,178.3,2453700.77569,1.102038,1.102064,-0.668,-9999999,0.003903,0.210604,0.800356,-0.039711,0.987138,0.49,300.0023,6.825936,3.467024,2005-11-26T06:33:39.009,-9999999,K5,072.C-0488(E),Mayor,-9999999,HARPS_ech_obs_all,HARPS_ech_obs_thosimult,STAR_WAVE_K3,1.01292166948058E-05,4.37490535707593E-07,0,0,0
GJ2046,88.51851,-60.02445,2453700.7795979,-3.494808,0.879958,31331.142369,1.032346,2.761529,0.365726,31331.098894,0.302151,-13.908116,0.366079,6.032761,3.47928,-18.096238,0.805517,0.530272,0.000433,0.188372,0.000438,0.248779,0.000551,0,5.897797,43.580599,0.005147,31.1,182.5,2453700.77959,1.096839,1.096878,-0.548,-9999999,0.003903,0.209199,0.800357,-0.047378,0.987139,0.51,299.9988,6.028366,3.438088,2005-11-26T06:39:10.933,-9999999,K5,072.C-0488(E),Mayor,-9999999,HARPS_ech_obs_all,HARPS_ech_obs_thosimult,STAR_WAVE_K3,9.65676676906597E-06,4.7920073314613E-07,0,0,0
GJ2046,88.51851,-60.02445,2453700.7834072,-4.157161,0.88011,31330.792958,1.032141,2.097807,0.366088,31330.742016,0.301449,-14.544188,0.366333,6.269881,3.049868,-18.708174,0.706127,0.531402,0.000431,0.190003,0.000437,0.248781,0.000549,0,5.896108,43.583956,0.007053,31.1,183.2,2453700.78341,1.091789,1.091813,-0.412,-9999999,0.003903,0.20783,0.800358,-0.054845,0.98714,0.5,299.9994,6.256515,2.997966,2005-11-26T06:44:43.057,-9999999,K5,072.C-0488(E),Mayor,-9999999,HARPS_ech_obs_all,HARPS_ech_obs_thosimult,STAR_WAVE_K3,9.05015569270482E-06,5.10822005226939E-07,0,0,0
GJ2046,88.51851,-60.02445,2453721.727745,-0.712112,0.920867,31333.378868,1.025363,4.908516,0.336289,31334.039731,0.277383,-11.76848,0.336554,8.387908,3.676885,-18.926605,0.68828,0.531487,0.000391,0.193045,0.000397,0.249907,0.000503,0,5.895735,43.579068,0.005718,31.1,200.3,2453721.72774,-0.152952,-0.15292,-0.499,-9999999,0.004011,-0.426511,0.857267,0.656852,0.987131,0.5,300.0026,8.406644,3.652011,2005-12-17T05:24:30.798,-9999999,K5,072.C-0488(E),Mayor,-9999999,HARPS_ech_obs_all,HARPS_ech_obs_thosimult,STAR_WAVE_K3,1.01546260122124E-05,4.91681271960458E-07,0,0,0
GJ2046,88.51851,-60.02445,2453721.7315143,-0.550516,0.922606,31332.875564,1.026565,5.068757,0.341022,31333.529039,0.281794,-11.665828,0.341234,4.815825,2.964589,-18.948111,0.795443,0.532195,0.000398,0.194066,0.000405,0.249046,0.00051,0,5.894464,43.585545,0.006458,31.1,197,2453721.73151,-0.157939,-0.157914,-0.466,-9999999,0.004011,-0.427865,0.857267,0.649464,0.987131,0.48,300.0002,4.84622,2.930411,2005-12-17T05:30:02.462,-9999999,K5,072.C-0488(E),Mayor,-9999999,HARPS_ech_obs_all,HARPS_ech_obs_thosimult,STAR_WAVE_K3,9.09199620123833E-06,4.8848183183674E-07,0,0,0
GJ2046,88.51851,-60.02445,2453721.7353703,0.198723,0.919308,31333.621627,1.024583,5.81661,0.331994,31334.267543,0.274485,-10.883288,0.332325,5.586763,3.785097,-20.935883,0.694388,0.532019,0.000391,0.192569,0.000395,0.250212,0.000501,0,5.892879,43.595805,0.006757,31.1,201.1,2453721.73536,-0.163021,-0.162995,-0.537,-9999999,0.004011,-0.429251,0.857267,0.641905,0.987132,0.49,300.0014,5.608845,3.758971,2005-12-17T05:35:32.626,-9999999,K5,072.C-0488(E),Mayor,-9999999,HARPS_ech_obs_all,HARPS_ech_obs_thosimult,STAR_WAVE_K3,1.06029245128798E-05,5.45835241721472E-07,0,0,0
GJ2046,88.51851,-60.02445,2453721.7392108,-0.292731,0.926354,31333.696468,1.028782,5.323776,0.351032,31334.334856,0.289763,-11.35275,0.351216,4.326503,3.269751,-19.049647,0.684637,0.530722,0.000409,0.193225,0.000415,0.249672,0.000525,0,5.895872,43.579906,0.008268,31.1,191.6,2453721.73921,-0.16806,-0.168038,-0.495,-9999999,0.004011,-0.430631,0.857268,0.634377,0.987132,0.49,300.0025,4.345525,3.234117,2005-12-17T05:41:04.440,-9999999,K5,072.C-0488(E),Mayor,-9999999,HARPS_ech_obs_all,HARPS_ech_obs_thosimult,STAR_WAVE_K3,9.25545450190426E-06,4.68911784257936E-07,0,0,0
GJ2046,88.51851,-60.02445,2453721.7430755,-0.312789,0.932436,31333.024814,1.032949,5.302329,0.366782,31333.655627,0.304224,-11.394986,0.36681,10.089324,3.232871,-19.833785,0.696826,0.530899,0.000428,0.193185,0.000435,0.250582,0.000552,0,5.894306,43.590792,0.008908,31.1,182.9,2453721.74307,-0.173104,-0.173085,-0.834,-9999999,0.004011,-0.43202,0.857268,0.626802,0.987132,0.5,300.0001,10.09787,3.191446,2005-12-17T05:46:35.353,-9999999,K5,072.C-0488(E),Mayor,-9999999,HARPS_ech_obs_all,HARPS_ech_obs_thosimult,STAR_WAVE_K3,9.10010077084766E-06,4.74326702907066E-07,0,0,0
GJ2046,88.51851,-60.02445,2453721.7469613,-0.455009,0.937386,31332.927129,1.036259,5.158713,0.379187,31333.550325,0.315281,-11.549341,0.379248,8.198499,3.302028,-18.716749,0.735745,0.530293,0.000441,0.194269,0.000452,0.249846,0.00057,0,5.895114,43.582007,0.008292,31.1,176.9,2453721.74696,-0.178147,-0.178132,-0.604,-9999999,0.004011,-0.433417,0.857268,0.619185,0.987133,0.51,300.0011,8.220125,3.268438,2005-12-17T05:52:08.088,-9999999,K5,072.C-0488(E),Mayor,-9999999,HARPS_ech_obs_all,HARPS_ech_obs_thosimult,STAR_WAVE_K3,8.64449455358227E-06,5.19425173635956E-07,0,0,0
GJ2046,88.51851,-60.02445,2453721.7507992,-0.207184,0.934903,31333.822871,1.034706,5.405158,0.373006,31334.438544,0.310136,-11.276726,0.373245,2.972272,3.427414,-19.538566,0.78163,0.530774,0.000431,0.192566,0.000439,0.248783,0.000556,0,5.893747,43.600173,0.006944,31.1,180.7,2453721.75079,-0.183095,-0.183073,-0.348,-9999999,0.004011,-0.434796,0.857269,0.611662,0.987133,0.51,300.0005,2.990405,3.395439,2005-12-17T05:57:39.681,-9999999,K5,072.C-0488(E),Mayor,-9999999,HARPS_ech_obs_all,HARPS_ech_obs_thosimult,STAR_WAVE_K3,9.72160629578921E-06,4.83322214053023E-07,0,0,0
GJ2046,88.51851,-60.02445,2453721.7545956,-0.177232,0.930907,31333.256356,1.032293,5.433746,0.362874,31333.864588,0.301986,-11.315227,0.363024,14.754138,3.45146,-17.998902,0.732087,0.530748,0.000421,0.19279,0.000429,0.249941,0.000543,0,5.894972,43.579171,0.007759,31.1,185.5,2453721.75459,-0.187957,-0.187936,-0.633,-9999999,0.004011,-0.43616,0.857269,0.604221,0.987134,0.5,300.0025,14.769342,3.42046,2005-12-17T06:03:10.685,-9999999,K5,072.C-0488(E),Mayor,-9999999,HARPS_ech_obs_all,HARPS_ech_obs_thosimult,STAR_WAVE_K3,9.27256418396755E-06,4.15548311001282E-07,0,0,0
GJ2046,88.51851,-60.02445,2453721.7584274,-0.566569,0.925971,31333.157553,1.02923,5.043032,0.350016,31333.758274,0.291341,-11.699889,0.350314,8.189645,3.063692,-19.531153,0.699823,0.530769,0.000407,0.192675,0.000414,0.248283,0.000522,0,5.895447,43.591966,0.006149,31.1,192,2453721.75842,-0.192827,-0.192807,-0.731,-9999999,0.004011,-0.437537,0.85727,0.59671,0.987135,0.5,300.0002,8.215127,3.027651,2005-12-17T06:08:41.758,-9999999,K5,072.C-0488(E),Mayor,-9999999,HARPS_ech_obs_all,HARPS_ech_obs_thosimult,STAR_WAVE_K3,8.95646150548333E-06,4.54927944775111E-07,0,0,0
GJ2046,88.51851,-60.02445,2453721.7622972,-0.934774,0.923025,31332.377598,1.02664,4.673436,0.342145,31332.970734,0.282053,-11.98693,0.342227,0.509149,3.37141,-19.053963,0.607212,0.530679,0.000394,0.193449,0.000401,0.249856,0.000507,0,5.894653,43.589506,0.00747,31.1,198.3,2453721.7623,-0.197705,-0.197682,-0.71,-9999999,0.004011,-0.438928,0.857271,0.589125,0.987135,0.51,300.0003,0.53345,3.332267,2005-12-17T06:14:13.113,-9999999,K5,072.C-0488(E),Mayor,-9999999,HARPS_ech_obs_all,HARPS_ech_obs_thosimult,STAR_WAVE_K3,9.58284305475998E-06,5.05762004326608E-07,0,0,0
GJ2046,88.51851,-60.02445,2453722.7270423,0.809172,0.929038,31334.671037,1.030552,6.51348,0.358058,31335.302621,0.295991,-10.146349,0.358325,9.020285,3.226139,-18.072337,0.778816,0.530366,0.000434,0.193452,0.000436,0.250318,0.000552,0,5.89511,43.574428,0.005394,31.1,182.9,2453722.72704,-0.21594,-0.215927,-0.272,-9999999,0.004016,-0.34283,0.857266,0.627568,0.987131,0.53,300.0004,9.033325,3.198429,2005-12-18T05:23:21.132,-9999999,K5,072.C-0488(E),Mayor,-9999999,HARPS_ech_obs_all,HARPS_ech_obs_thosimult,STAR_WAVE_K3,9.38824038431311E-06,4.65741013406264E-07,0,0,0
GJ2046,88.51851,-60.02445,2453722.7307746,1.352705,0.930399,31334.693606,1.031495,7.055672,0.361575,31335.317874,0.299255,-9.611084,0.3617,6.174297,3.381998,-17.575011,0.705121,0.531367,0.000437,0.192861,0.000439,0.248947,0.000555,0,5.89676,43.582602,0.007007,31.1,181.5,2453722.73077,-0.220868,-0.22085,0.018,-9999999,0.004016,-0.344171,0.857267,0.620252,0.987131,0.5,300.0015,6.187103,3.359984,2005-12-18T05:28:52.596,-9999999,K5,072.C-0488(E),Mayor,-9999999,HARPS_ech_obs_all,HARPS_ech_obs_thosimult,STAR_WAVE_K3,1.01979535982432E-05,5.08893532059196E-07,0,0,0
GJ2046,88.51851,-60.02445,2453722.7345383,0.372332,0.934975,31333.456684,1.034581,6.073946,0.373192,31334.073574,0.309723,-10.584905,0.373389,10.910489,3.320937,-17.754689,0.613984,0.530652,0.000451,0.189146,0.000455,0.250223,0.000575,0,5.895164,43.579076,0.007315,31.1,175.7,2453722.73453,-0.225818,-0.225784,0.082,-9999999,0.004016,-0.345524,0.857267,0.612874,0.987132,0.48,300.0007,10.906465,3.290642,2005-12-18T05:34:23.780,-9999999,K5,072.C-0488(E),Mayor,-9999999,HARPS_ech_obs_all,HARPS_ech_obs_thosimult,STAR_WAVE_K3,9.30433831675746E-06,5.09328678596238E-07,0,0,0
GJ2046,88.51851,-60.02445,2453722.7384034,0.534618,0.934873,31333.92426,1.03418,6.234843,0.372935,31334.533574,0.308381,-10.485327,0.37318,8.029136,3.344379,-18.359583,0.653469,0.531723,0.000451,0.18959,0.000454,0.249275,0.000573,0,5.897982,43.575629,0.006428,31.1,176.2,2453722.73839,-0.230876,-0.230844,-0.04,-9999999,0.004016,-0.346913,0.857267,0.605298,0.987132,0.49,300.0008,8.035756,3.316704,2005-12-18T05:39:54.723,-9999999,K5,072.C-0488(E),Mayor,-9999999,HARPS_ech_obs_all,HARPS_ech_obs_thosimult,STAR_WAVE_K3,9.79418647440706E-06,4.91063885255078E-07,0,0,0
GJ2046,88.51851,-60.02445,2453722.7422695,1.533476,0.93256,31335.27613,1.032859,7.232312,0.367097,31335.877866,0.303921,-9.426216,0.367335,2.511953,3.334136,-18.226119,0.715744,0.53201,0.000446,0.190167,0.000448,0.250063,0.000565,0,5.896103,43.578918,0.005253,31.1,178.6,2453722.74226,-0.235908,-0.235877,0.087,-9999999,0.004016,-0.348302,0.857268,0.59772,0.987132,0.5,300.0006,2.526814,3.311227,2005-12-18T05:45:25.757,-9999999,K5,072.C-0488(E),Mayor,-9999999,HARPS_ech_obs_all,HARPS_ech_obs_thosimult,STAR_WAVE_K3,9.35495027414564E-06,4.73553703571094E-07,0,0,0
GJ2046,88.51851,-60.02445,2453722.7461084,-0.045632,0.937329,31333.70022,1.036004,5.651824,0.379048,31334.294431,0.314442,-11.05453,0.379279,11.377489,3.565007,-17.932379,0.83717,0.531418,0.000458,0.18986,0.000462,0.248409,0.000581,0,5.897005,43.575156,0.006609,31.1,173.2,2453722.7461,-0.240874,-0.240849,0.15,-9999999,0.004016,-0.349682,0.857268,0.590195,0.987133,0.5,300.0021,11.394298,3.539987,2005-12-18T05:50:57.442,-9999999,K5,072.C-0488(E),Mayor,-9999999,HARPS_ech_obs_all,HARPS_ech_obs_thosimult,STAR_WAVE_K3,9.47100055682628E-06,5.03719230489433E-07,0,0,0
GJ2046,88.51851,-60.02445,2453722.7499744,0.226542,0.934446,31333.976109,1.034331,5.922609,0.371859,31334.562742,0.308882,-10.729187,0.372001,7.394936,3.696108,-18.676047,0.690007,0.530872,0.00045,0.19004,0.000455,0.248368,0.000571,0,5.894865,43.588099,0.006748,31.1,176.2,2453722.74997,-0.245842,-0.245819,-0.004,-9999999,0.004016,-0.351071,0.857269,0.582617,0.987133,0.51,300.0001,7.407685,3.670458,2005-12-18T05:56:28.465,-9999999,K5,072.C-0488(E),Mayor,-9999999,HARPS_ech_obs_all,HARPS_ech_obs_thosimult,STAR_WAVE_K3,8.77402698544347E-06,4.80498879457741E-07,0,0,0
GJ2046,88.51851,-60.02445,2453722.753769,0.980808,0.933526,31334.761074,1.033312,6.675511,0.36954,31335.340269,0.30545,-9.959468,0.369667,1.465921,3.487718,-18.193953,0.635707,0.531277,0.000448,0.189452,0.00045,0.248868,0.000567,0,5.898293,43.580331,0.007764,31.1,177.6,2453722.75377,-0.250683,-0.250664,0.101,-9999999,0.004016,-0.352435,0.857269,0.575179,0.987134,0.5,300.002,1.470279,3.466714,2005-12-18T06:01:59.319,-9999999,K5,072.C-0488(E),Mayor,-9999999,HARPS_ech_obs_all,HARPS_ech_obs_thosimult,STAR_WAVE_K3,9.362171550011E-06,5.21240246010559E-07,0,0,0
GJ2046,88.51851,-60.02445,2453722.7576004,1.392989,0.934033,31335.307821,1.033944,7.086315,0.370818,31335.879506,0.307582,-9.609442,0.370934,3.901587,3.531523,-18.854284,0.724683,0.531131,0.000452,0.189448,0.000454,0.249443,0.000573,0,5.8951,43.586844,0.008126,31.1,176.3,2453722.7576,-0.255534,-0.255515,-0.044,-9999999,0.004016,-0.353812,0.85727,0.567669,0.987135,0.5,300.0011,3.920203,3.507629,2005-12-18T06:07:30.353,-9999999,K5,072.C-0488(E),Mayor,-9999999,HARPS_ech_obs_all,HARPS_ech_obs_thosimult,STAR_WAVE_K3,9.81241138379275E-06,4.86761589341153E-07,0,0,0
GJ2046,88.51851,-60.02445,2453722.7614335,1.788396,0.940096,31335.55212,1.037959,7.480345,0.385835,31336.116292,0.320816,-9.164449,0.386082,6.627229,3.35441,-18.308225,0.635547,0.530825,0.000475,0.189337,0.000476,0.250536,0.000603,0,5.896392,43.583502,0.007532,31.1,168.1,2453722.76143,-0.260345,-0.260325,-0.216,-9999999,0.004016,-0.35519,0.85727,0.560156,0.987135,0.5,300.0009,6.633239,3.328147,2005-12-18T06:13:01.527,-9999999,K5,072.C-0488(E),Mayor,-9999999,HARPS_ech_obs_all,HARPS_ech_obs_thosimult,STAR_WAVE_K3,9.55752474188723E-06,3.99083650374101E-07,0,0,0
GJ2046,88.51851,-60.02445,2453724.6896526,-1.681997,0.922885,31332.239281,0.915942,4.655579,0.346898,31332.963423,0.286108,-12.01831,0.347161,6.198746,3.635058,-17.935758,0.614046,0.529861,0.000419,0.189685,0.000423,0.246379,0.000529,0,5.895045,43.584455,0.006543,31.1,189.1,2453724.68964,-0.293842,-0.293811,0.117,-9999999,0.004026,0.290438,0.855206,0.720116,0.870111,0.5,300.0024,6.218765,3.605184,2005-12-20T04:29:39.791,-9999999,K5,072.C-0488(E),Mayor,-9999999,HARPS_ech_obs_all,HARPS_ech_obs_thosimult,STAR_WAVE_K3,9.23800714670425E-06,4.90446638969897E-07,0,0,0
GJ2046,88.51851,-60.02445,2453724.6934983,-3.227245,0.920083,31330.946142,0.91403,3.108949,0.339374,31331.662746,0.279925,-13.559961,0.339672,8.747741,2.758764,-17.983909,0.458392,0.528979,0.000407,0.190289,0.000413,0.24843,0.000518,0,5.896003,43.580257,0.007584,31.1,193.9,2453724.6935,-0.29899,-0.298972,0.14,-9999999,0.004026,0.289056,0.855206,0.712578,0.870111,0.5,300.0007,8.75962,2.713662,2005-12-20T04:35:12.065,-9999999,K5,072.C-0488(E),Mayor,-9999999,HARPS_ech_obs_all,HARPS_ech_obs_thosimult,STAR_WAVE_K3,9.48365833413397E-06,3.97002208058475E-07,0,0,0
GJ2046,88.51851,-60.02445,2453724.6972977,-2.016069,0.91899,31332.465098,0.913384,4.318759,0.336401,31333.174254,0.277808,-12.350675,0.336637,4.531491,2.9651,-17.535428,0.748402,0.529234,0.000404,0.190373,0.00041,0.247995,0.000514,0,5.894709,43.577429,0.0065,31.1,195.4,2453724.69729,-0.304078,-0.304057,-0.109,-9999999,0.004026,0.28769,0.855206,0.70513,0.870111,0.49,300.0023,4.528492,2.926368,2005-12-20T04:40:43.328,-9999999,K5,072.C-0488(E),Mayor,-9999999,HARPS_ech_obs_all,HARPS_ech_obs_thosimult,STAR_WAVE_K3,8.64264590097085E-06,4.53839589340289E-07,0,0,0
GJ2046,88.51851,-60.02445,2453724.7011558,-2.561768,0.919456,31331.459818,0.913858,3.771674,0.337671,31332.161412,0.279363,-12.927491,0.338143,2.787147,2.878694,-18.995991,0.648122,0.529137,0.000407,0.189829,0.000412,0.248833,0.000518,0,5.89476,43.580527,0.007696,31.1,194.3,2453724.70115,-0.309244,-0.309219,0.403,-9999999,0.004026,0.286304,0.855206,0.697568,0.870111,0.5,300.0022,2.812808,2.837915,2005-12-20T04:46:13.673,-9999999,K5,072.C-0488(E),Mayor,-9999999,HARPS_ech_obs_all,HARPS_ech_obs_thosimult,STAR_WAVE_K3,9.41571769149963E-06,4.50615706734443E-07,0,0,0
GJ2046,88.51851,-60.02445,2453724.7050225,-1.988507,0.916381,31331.793778,0.911307,4.343545,0.329205,31332.487793,0.270902,-12.350988,0.329531,0.93645,3.528942,-19.173753,0.643636,0.530233,0.000397,0.189778,0.000401,0.247563,0.000502,0,5.893702,43.588317,0.008087,31.1,199.8,2453724.70501,-0.314418,-0.314393,0.068,-9999999,0.004026,0.284914,0.855206,0.689989,0.870111,0.51,300.0007,0.965237,3.491699,2005-12-20T04:51:44.757,-9999999,K5,072.C-0488(E),Mayor,-9999999,HARPS_ech_obs_all,HARPS_ech_obs_thosimult,STAR_WAVE_K3,9.26979200394812E-06,4.31678675192448E-07,0,0,0
GJ2046,88.51851,-60.02445,2453724.7087529,-2.623694,0.918142,31331.680206,0.912712,3.707018,0.334076,31332.366908,0.275592,-12.96428,0.334391,10.097309,3.593365,-18.706774,0.73913,0.529954,0.000403,0.1901,0.000408,0.247329,0.00051,0,5.895689,43.581129,0.006619,31.1,196.4,2453724.70875,-0.319403,-0.319376,0.264,-9999999,0.004026,0.283573,0.855206,0.682676,0.870111,0.48,300.0015,10.110455,3.558681,2005-12-20T04:57:16.061,-9999999,K5,072.C-0488(E),Mayor,-9999999,HARPS_ech_obs_all,HARPS_ech_obs_thosimult,STAR_WAVE_K3,9.16888466538087E-06,4.33872514976559E-07,0,0,0
GJ2046,88.51851,-60.02445,2453724.7126582,-2.679203,0.917091,31331.737283,0.91188,3.650105,0.331178,31332.416331,0.272823,-13.024402,0.331489,6.058317,2.777076,-19.209109,0.66958,0.530673,0.000399,0.190616,0.000404,0.247277,0.000505,0,5.893959,43.583223,0.007563,31.1,198.5,2453724.71265,-0.324612,-0.32458,0.129,-9999999,0.004027,0.28217,0.855206,0.675021,0.870111,0.5,300.0013,6.070595,2.739889,2005-12-20T05:02:47.484,-9999999,K5,072.C-0488(E),Mayor,-9999999,HARPS_ech_obs_all,HARPS_ech_obs_thosimult,STAR_WAVE_K3,9.32629241371673E-06,4.42055772311189E-07,0,0,0
GJ2046,88.51851,-60.02445,2453724.7164863,-1.994611,0.919774,31332.200712,0.9139,4.333321,0.338534,31332.872257,0.279499,-12.3275,0.338844,2.065141,2.942079,-18.938985,0.633859,0.529713,0.000408,0.189303,0.000412,0.247371,0.000517,0,5.893427,43.584378,0.006953,31.1,194,2453724.71648,-0.329706,-0.329679,0.214,-9999999,0.004027,0.280794,0.855206,0.667518,0.870111,0.5,300.0022,2.077141,2.908668,2005-12-20T05:08:18.229,-9999999,K5,072.C-0488(E),Mayor,-9999999,HARPS_ech_obs_all,HARPS_ech_obs_thosimult,STAR_WAVE_K3,9.31116349253874E-06,3.98156072599655E-07,0,0,0
GJ2046,88.51851,-60.02445,2453724.7203493,-1.886248,0.923031,31332.475728,0.916438,4.440296,0.347286,31333.139701,0.287688,-12.251585,0.347587,2.707288,3.005325,-17.820328,0.744439,0.529812,0.000418,0.190029,0.000424,0.246488,0.00053,0,5.897778,43.570701,0.007222,31.1,189.1,2453724.72034,-0.334831,-0.334794,0.21,-9999999,0.004027,0.279406,0.855207,0.659946,0.870111,0.51,300.0023,2.728837,2.971467,2005-12-20T05:13:48.992,-9999999,K5,072.C-0488(E),Mayor,-9999999,HARPS_ech_obs_all,HARPS_ech_obs_thosimult,STAR_WAVE_K3,9.23689053221143E-06,5.14784625813508E-07,0,0,0
GJ2046,88.51851,-60.02445,2453724.7241014,-2.058476,0.925051,31331.934929,0.917785,4.26672,0.35262,31332.591547,0.291951,-12.456662,0.352775,6.336259,3.378263,-17.694193,0.591205,0.530411,0.000423,0.189802,0.000429,0.2487,0.000539,0,5.89512,43.577796,0.008187,31.1,186.8,2453724.7241,-0.339791,-0.339768,-0.02,-9999999,0.004027,0.278057,0.855207,0.652591,0.870111,0.49,300.0021,6.341595,3.346862,2005-12-20T05:19:19.176,-9999999,K5,072.C-0488(E),Mayor,-9999999,HARPS_ech_obs_all,HARPS_ech_obs_thosimult,STAR_WAVE_K3,9.40692180721875E-06,5.14062752083268E-07,0,0,0
GJ2046,88.51851,-60.02445,2453725.697126,-1.023488,0.926587,31332.040975,1.028756,5.161269,0.351651,31333.202187,0.289679,-11.504887,0.351917,0.638848,3.319397,-18.024656,0.710553,0.53001,0.00042,0.190034,0.000426,0.246806,0.000533,0,5.895644,43.576201,0.007856,31.1,188.2,2453725.69712,-0.367685,-0.367651,0.55,-9999999,0.004032,0.137618,0.857266,1.15718,0.98713,0.5,300.0016,0.641042,3.295778,2005-12-21T04:40:25.592,-9999999,K5,072.C-0488(E),Mayor,-9999999,HARPS_ech_obs_all,HARPS_ech_obs_thosimult,STAR_WAVE_K3,9.4461292231082E-06,3.74425332827172E-07,0,0,0
GJ2046,88.51851,-60.02445,2453725.700987,-0.287192,0.926041,31333.33469,1.028747,5.896177,0.350211,31334.488333,0.289648,-10.76939,0.35043,4.339992,3.598041,-17.67975,0.739449,0.530392,0.00042,0.189944,0.000426,0.247673,0.000534,0,5.895898,43.57435,0.006961,31.1,188.1,2453725.70098,-0.372853,-0.372827,0.204,-9999999,0.004032,0.136231,0.857266,1.149611,0.98713,0.51,300.0012,4.36659,3.577363,2005-12-21T04:45:56.186,-9999999,K5,072.C-0488(E),Mayor,-9999999,HARPS_ech_obs_all,HARPS_ech_obs_thosimult,STAR_WAVE_K3,9.49479158101185E-06,4.51098346117005E-07,0,0,0
GJ2046,88.51851,-60.02445,2453725.7047725,0.189169,0.921759,31333.658393,1.025994,6.371178,0.338726,31334.804616,0.279712,-10.240437,0.339004,2.042248,3.249085,-18.699468,0.627498,0.52949,0.000405,0.190022,0.000411,0.2476,0.000515,0,5.895163,43.585495,0.008393,31.1,195,2453725.70477,-0.377914,-0.377888,0.19,-9999999,0.004032,0.13487,0.857266,1.142191,0.98713,0.5,300.0008,2.055824,3.222014,2005-12-21T04:51:26.251,-9999999,K5,072.C-0488(E),Mayor,-9999999,HARPS_ech_obs_all,HARPS_ech_obs_thosimult,STAR_WAVE_K3,-9999999,-9999999,-9999999,-9999999,-9999999
GJ2046,88.51851,-60.02445,2453725.7085636,-0.751188,0.927322,31332.463501,1.029621,5.429458,0.353585,31333.602293,0.292734,-11.261164,0.353719,5.426844,3.732189,-17.206552,0.69747,0.529479,0.00042,0.191027,0.000429,0.246405,0.000535,0,5.896153,43.575194,0.006947,31.1,187.4,2453725.70855,-0.382974,-0.382941,0.413,-9999999,0.004032,0.133508,0.857266,1.13476,0.98713,0.49,300.0004,5.433418,3.708527,2005-12-21T04:56:56.805,-9999999,K5,072.C-0488(E),Mayor,-9999999,HARPS_ech_obs_all,HARPS_ech_obs_thosimult,STAR_WAVE_K3,8.93341655164165E-06,4.4398960641459E-07,0,0,0
GJ2046,88.51851,-60.02445,2453725.7124306,-0.266934,0.928854,31333.509871,1.030751,5.912322,0.357582,31334.641083,0.296685,-10.849481,0.357843,6.55339,3.320563,-17.845774,0.749157,0.529627,0.000428,0.18967,0.000435,0.247647,0.000545,0,5.895737,43.571139,0.008251,31.1,184.2,2453725.71242,-0.388124,-0.388091,0.146,-9999999,0.004032,0.132118,0.857266,1.12718,0.98713,0.5,300.0021,6.558267,3.300445,2005-12-21T05:02:27.909,-9999999,K5,072.C-0488(E),Mayor,-9999999,HARPS_ech_obs_all,HARPS_ech_obs_thosimult,STAR_WAVE_K3,8.58264275694619E-06,4.85842564768769E-07,0,0,0
GJ2046,88.51851,-60.02445,2453725.7162644,-0.451975,0.926304,31332.997753,1.028943,5.725904,0.350906,31334.12145,0.29034,-10.922603,0.351108,11.691632,3.252692,-17.850105,0.690355,0.529468,0.000422,0.190039,0.000427,0.24778,0.000536,0,5.896633,43.572413,0.007428,31.1,187.4,2453725.71626,-0.393215,-0.393196,0.234,-9999999,0.004032,0.13074,0.857266,1.119665,0.98713,0.5,300.0003,11.703406,3.227055,2005-12-21T05:07:59.152,-9999999,K5,072.C-0488(E),Mayor,-9999999,HARPS_ech_obs_all,HARPS_ech_obs_thosimult,STAR_WAVE_K3,9.16678418522979E-06,3.88586779041352E-07,0,0,0
GJ2046,88.51851,-60.02445,2453725.7200626,0.286512,0.927105,31333.462211,1.029374,6.463026,0.353013,31334.578463,0.291863,-10.249505,0.353269,8.898453,3.282902,-18.16534,0.718803,0.529237,0.000426,0.190313,0.000431,0.247796,0.00054,0,5.896606,43.567306,0.008726,31.1,185.9,2453725.72006,-0.398243,-0.398222,0.504,-9999999,0.004032,0.129375,0.857266,1.11222,0.98713,0.49,300.0002,8.897049,3.250323,2005-12-21T05:13:30.316,-9999999,K5,072.C-0488(E),Mayor,-9999999,HARPS_ech_obs_all,HARPS_ech_obs_thosimult,STAR_WAVE_K3,9.91162933583876E-06,4.61981126412404E-07,0,0,0
GJ2046,88.51851,-60.02445,2453725.7239314,-0.372224,0.928433,31333.31679,1.030454,5.802899,0.356487,31334.425459,0.295648,-10.8737,0.356758,8.07838,3.604315,-18.619831,0.621039,0.53021,0.000435,0.190433,0.000439,0.247252,0.000549,0,5.895787,43.567377,0.006022,31.1,182.9,2453725.72392,-0.403344,-0.403321,0.439,-9999999,0.004032,0.127985,0.857266,1.104637,0.987131,0.5,300.0007,8.090519,3.584907,2005-12-21T05:19:01.580,-9999999,K5,072.C-0488(E),Mayor,-9999999,HARPS_ech_obs_all,HARPS_ech_obs_thosimult,STAR_WAVE_K3,9.89272619285134E-06,5.06900468412173E-07,0,0,0
GJ2046,88.51851,-60.02445,2453725.7277909,0.238316,0.928207,31333.686169,1.030342,6.412052,0.355897,31334.787273,0.295256,-10.295298,0.356112,3.245619,3.092326,-16.948065,0.64955,0.530308,0.000435,0.190468,0.000438,0.247997,0.000549,0,5.897633,43.559385,0.00828,31.1,183.2,2453725.72779,-0.40841,-0.408396,0.265,-9999999,0.004032,0.126598,0.857267,1.097072,0.987131,0.51,300.0025,3.250658,3.065305,2005-12-21T05:24:32.044,-9999999,K5,072.C-0488(E),Mayor,-9999999,HARPS_ech_obs_all,HARPS_ech_obs_thosimult,STAR_WAVE_K3,9.17480914754329E-06,4.12589504758586E-07,0,0,0
GJ2046,88.51851,-60.02445,2453725.7316212,-0.307125,0.922254,31333.280744,1.026477,5.865235,0.340069,31334.37434,0.281471,-10.842285,0.3403,-0.053449,2.769029,-17.71049,0.593259,0.530657,0.000411,0.190439,0.000416,0.24847,0.000521,0,5.897201,43.568961,0.009337,31.1,193,2453725.73161,-0.413412,-0.413371,0.265,-9999999,0.004032,0.125221,0.857267,1.089564,0.987131,0.51,300.0018,-0.058371,2.739865,2005-12-21T05:30:02.978,-9999999,K5,072.C-0488(E),Mayor,-9999999,HARPS_ech_obs_all,HARPS_ech_obs_thosimult,STAR_WAVE_K3,9.85790760211787E-06,3.90583300511172E-07,0,0,0
GJ2046,88.51851,-60.02445,2453726.6922247,-1.477483,0.922037,31332.79491,1.026016,4.764414,0.339482,31333.914741,0.27979,-11.930954,0.339674,7.206964,3.010202,-16.467422,0.698748,0.531581,0.000409,0.190059,0.000412,0.249817,0.000519,0,5.894825,43.567445,0.008672,31.1,193.9,2453726.69222,-0.424879,-0.424859,0.317,-9999999,0.004037,0.194759,0.857266,1.115794,0.98713,0.48,300.0023,7.206326,2.974791,2005-12-22T04:33:28.236,-9999999,K5,072.C-0488(E),Mayor,-9999999,HARPS_ech_obs_all,HARPS_ech_obs_thosimult,STAR_WAVE_K3,9.92383962695719E-06,5.11068048191591E-07,0,0,0
GJ2046,88.51851,-60.02445,2453726.6960616,-1.142868,0.947494,31332.790627,1.042773,5.09765,0.403535,31333.902937,0.33608,-11.562422,0.403586,1.439084,3.820797,-15.09679,0.847096,0.530497,0.000483,0.190227,0.000492,0.248045,0.000617,0,5.898809,43.559349,0.007325,31.1,163,2453726.69605,-0.430015,-0.42999,0.243,-9999999,0.004037,0.19338,0.857266,1.108273,0.98713,0.48,300.0017,1.441345,3.793365,2005-12-22T04:38:59.740,-9999999,K5,072.C-0488(E),Mayor,-9999999,HARPS_ech_obs_all,HARPS_ech_obs_thosimult,STAR_WAVE_K3,9.30876015868825E-06,4.2321312934002E-07,0,0,0
GJ2046,88.51851,-60.02445,2453726.6999967,-1.818097,0.937867,31332.01064,1.036689,4.421007,0.380383,31333.115237,0.316701,-12.276251,0.380527,4.563551,3.118356,-15.003362,0.760174,0.530823,0.000458,0.189615,0.000464,0.248516,0.000583,0,5.898184,43.550226,0.009197,31.1,172.4,2453726.69999,-0.435279,-0.43524,0.395,-9999999,0.004037,0.191966,0.857266,1.10056,0.98713,0.51,300.0013,4.572535,3.084651,2005-12-22T04:44:30.733,-9999999,K5,072.C-0488(E),Mayor,-9999999,HARPS_ech_obs_all,HARPS_ech_obs_thosimult,STAR_WAVE_K3,9.18728218209432E-06,4.79672416428772E-07,0,0,0
GJ2046,88.51851,-60.02445,2453726.7038631,-1.341128,0.930622,31332.873888,1.031913,4.896587,0.362151,31333.970906,0.300698,-11.830106,0.362124,5.429622,3.593076,-15.910193,0.656865,0.530439,0.000435,0.189654,0.00044,0.249044,0.000554,0,5.896531,43.557289,0.00744,31.1,181.6,2453726.70385,-0.440444,-0.440406,0.567,-9999999,0.004037,0.190576,0.857266,1.092981,0.98713,0.52,300.0013,5.454956,3.564171,2005-12-22T04:50:01.789,-9999999,K5,072.C-0488(E),Mayor,-9999999,HARPS_ech_obs_all,HARPS_ech_obs_thosimult,STAR_WAVE_K3,9.55271747043769E-06,5.44520816763613E-07,0,0,0
GJ2046,88.51851,-60.02445,2453726.7075949,-1.045377,0.926918,31333.529504,1.029657,5.190997,0.352522,31334.619207,0.292862,-11.571632,0.352704,3.282743,2.640447,-16.032139,0.713941,0.530668,0.000424,0.189048,0.000428,0.24818,0.000539,0,5.897817,43.553282,0.0078,31.1,186.3,2453726.70759,-0.44542,-0.445392,0.203,-9999999,0.004037,0.189235,0.857266,1.085666,0.98713,0.49,299.9999,3.296255,2.602675,2005-12-22T04:55:33.222,-9999999,K5,072.C-0488(E),Mayor,-9999999,HARPS_ech_obs_all,HARPS_ech_obs_thosimult,STAR_WAVE_K3,9.37564994043663E-06,5.14962581901459E-07,0,0,0
GJ2046,88.51851,-60.02445,2453726.711524,-1.967299,0.927303,31331.37199,1.029533,4.267662,0.353535,31332.453992,0.292424,-12.420825,0.353754,4.666283,3.449599,-15.401967,0.667531,0.53105,0.000424,0.188732,0.000428,0.248405,0.000539,0,5.896886,43.560741,0.00639,31.1,186.4,2453726.71152,-0.450646,-0.450612,0.109,-9999999,0.004037,0.187823,0.857266,1.077965,0.98713,0.51,300.0013,4.67773,3.420623,2005-12-22T05:01:06.696,-9999999,K5,072.C-0488(E),Mayor,-9999999,HARPS_ech_obs_all,HARPS_ech_obs_thosimult,STAR_WAVE_K3,9.46783299187542E-06,4.68076953700306E-07,0,0,0
GJ2046,88.51851,-60.02445,2453726.7153214,-1.717597,0.923933,31332.462229,1.027322,4.516,0.344598,31333.536787,0.284543,-12.148847,0.344784,3.993449,3.257431,-16.782694,0.645675,0.530368,0.000412,0.189737,0.000417,0.248935,0.000524,0,5.89553,43.556049,0.007406,31.1,191.8,2453726.71531,-0.455682,-0.455647,0.407,-9999999,0.004037,0.186458,0.857266,1.070521,0.98713,0.5,299.9998,4.008427,3.23058,2005-12-22T05:06:37.790,-9999999,K5,072.C-0488(E),Mayor,-9999999,HARPS_ech_obs_all,HARPS_ech_obs_thosimult,STAR_WAVE_K3,9.87375921134733E-06,4.21560235961621E-07,0,0,0
GJ2046,88.51851,-60.02445,2453726.7191571,-1.640577,0.922879,31332.4192,1.027154,4.591641,0.341762,31333.48624,0.283936,-12.115589,0.341886,7.419067,3.112233,-15.478904,0.825432,0.530094,0.000413,0.190169,0.000417,0.249047,0.000524,0,5.897835,43.551175,0.005594,31.1,191.8,2453726.71915,-0.46075,-0.460726,0.542,-9999999,0.004037,0.18508,0.857266,1.063003,0.98713,0.5,300.0019,7.432396,3.077688,2005-12-22T05:12:09.194,-9999999,K5,072.C-0488(E),Mayor,-9999999,HARPS_ech_obs_all,HARPS_ech_obs_thosimult,STAR_WAVE_K3,9.41285723072582E-06,4.88774303759907E-07,0,0,0
GJ2046,88.51851,-60.02445,2453726.7229837,-1.45866,0.917858,31332.188517,1.02341,4.772183,0.327961,31333.248056,0.270076,-11.875772,0.328164,6.596496,3.066323,-17.757455,0.73135,0.530208,0.000395,0.189502,0.000397,0.249055,0.0005,0,5.893501,43.568551,0.007505,31.1,201,2453726.72297,-0.465785,-0.465753,0.384,-9999999,0.004037,0.183705,0.857266,1.055502,0.987131,0.5,300.0015,6.610229,3.033219,2005-12-22T05:17:39.818,-9999999,K5,072.C-0488(E),Mayor,-9999999,HARPS_ech_obs_all,HARPS_ech_obs_thosimult,STAR_WAVE_K3,9.59266387034974E-06,4.64539742246386E-07,0,0,0
GJ2046,88.51851,-60.02445,2453726.7268265,-1.871619,0.916441,31332.51601,1.022675,4.357843,0.323974,31333.568017,0.267278,-12.317837,0.32429,2.904879,2.745207,-17.795449,0.836553,0.531377,0.000392,0.189812,0.000394,0.247852,0.000494,0,5.893974,43.575132,0.007442,31.1,202.9,2453726.72682,-0.470817,-0.470786,0.294,-9999999,0.004037,0.182324,0.857266,1.04797,0.987131,0.5,300.0012,2.918458,2.711818,2005-12-22T05:23:11.833,-9999999,K5,072.C-0488(E),Mayor,-9999999,HARPS_ech_obs_all,HARPS_ech_obs_thosimult,STAR_WAVE_K3,9.09329748378787E-06,4.45777246412873E-07,0,0,0
GJ2046,88.51851,-60.02445,2453727.6721924,-2.734769,0.724216,31330.32302,0.980696,1.675065,0.328768,31330.591728,0.271315,-15.016038,0.329039,13.462568,3.408486,-17.424507,0.6859,0.533309,0.000399,0.188897,0.000399,0.251729,0.000507,0,5.895126,43.565179,0.007524,31.1,199.1,2453727.67219,-0.461744,-0.461709,0.234,-9999999,0.004042,-1.637304,0.645291,0.264666,0.942418,0.52,300,13.476665,3.374279,2005-12-23T04:04:25.570,-9999999,K5,072.C-0488(E),Mayor,-9999999,HARPS_ech_obs_all,HARPS_ech_obs_thosimult,STAR_WAVE_K3,9.34315873055321E-06,4.67856529102421E-07,0,0,0
GJ2046,88.51851,-60.02445,2453727.6758936,-3.357586,0.728351,31329.395729,0.982838,1.050918,0.337778,31329.657182,0.278959,-15.664356,0.337919,7.944884,3.567064,-16.605573,0.689554,0.532186,0.000405,0.188824,0.000407,0.250998,0.000517,0,5.896018,43.556358,0.006446,31.1,195.1,2453727.67589,-0.466681,-0.466651,0.397,-9999999,0.004042,-1.638634,0.645291,0.257411,0.942418,0.48,299.9999,7.946773,3.532821,2005-12-23T04:09:57.353,-9999999,K5,072.C-0488(E),Mayor,-9999999,HARPS_ech_obs_all,HARPS_ech_obs_thosimult,STAR_WAVE_K3,9.50246223442539E-06,5.3839794438064E-07,0,0,0
GJ2046,88.51851,-60.02445,2453727.6797581,-3.067718,0.738393,31329.792142,0.987823,1.339397,0.358921,31330.04602,0.296045,-15.372846,0.359036,12.370546,3.439512,-16.448728,0.72201,0.532152,0.000432,0.188594,0.000434,0.249575,0.000549,0,5.897441,43.554261,0.006781,31.1,183.4,2453727.67976,-0.471845,-0.471819,0.265,-9999999,0.004042,-1.640023,0.645291,0.249836,0.942418,0.49,299.9999,12.386468,3.400785,2005-12-23T04:15:28.247,-9999999,K5,072.C-0488(E),Mayor,-9999999,HARPS_ech_obs_all,HARPS_ech_obs_thosimult,STAR_WAVE_K3,9.78264514104231E-06,5.54900184821818E-07,0,0,0
GJ2046,88.51851,-60.02445,2453727.683586,-2.648373,0.727135,31330.460092,0.982169,1.757366,0.33515,31330.706467,0.276595,-14.941224,0.335312,4.46659,2.803231,-16.483729,0.636442,0.531569,0.000406,0.189857,0.000408,0.250426,0.000515,0,5.895014,43.554181,0.007413,31.1,195.6,2453727.68357,-0.476967,-0.47693,0.089,-9999999,0.004042,-1.641399,0.645291,0.242333,0.942418,0.49,299.9995,4.485361,2.760494,2005-12-23T04:20:58.981,-9999999,K5,072.C-0488(E),Mayor,-9999999,HARPS_ech_obs_all,HARPS_ech_obs_thosimult,STAR_WAVE_K3,8.98976585675439E-06,4.14321569794229E-07,0,0,0
GJ2046,88.51851,-60.02445,2453727.6874546,-3.036284,0.726755,31330.313724,0.981762,1.368065,0.334325,31330.552516,0.275146,-15.305947,0.334627,0.645256,3.18189,-16.264647,0.630976,0.531943,0.000403,0.188118,0.000403,0.249984,0.000511,0,5.897229,43.56501,0.007674,31.1,196.9,2453727.68745,-0.482146,-0.482122,0.157,-9999999,0.004042,-1.642789,0.64529,0.23475,0.942417,0.5,299.9986,0.659534,3.134264,2005-12-23T04:26:30.225,-9999999,K5,072.C-0488(E),Mayor,-9999999,HARPS_ech_obs_all,HARPS_ech_obs_thosimult,STAR_WAVE_K3,9.64595175170684E-06,4.43160388521769E-07,0,0,0
GJ2046,88.51851,-60.02445,2453727.6913178,-2.991331,0.727651,31329.959529,0.982547,1.41163,0.336269,31330.190748,0.277935,-15.263831,0.336411,9.967323,3.421221,-16.688098,0.637415,0.531138,0.000408,0.189751,0.00041,0.251166,0.000518,0,5.895021,43.565312,0.006877,31.1,194.9,2453727.69132,-0.487318,-0.4873,0.119,-9999999,0.004042,-1.644177,0.64529,0.227177,0.942417,0.51,299.9995,9.974794,3.37886,2005-12-23T04:32:01.009,-9999999,K5,072.C-0488(E),Mayor,-9999999,HARPS_ech_obs_all,HARPS_ech_obs_thosimult,STAR_WAVE_K3,9.30989122180386E-06,4.31075775504332E-07,0,0,0
GJ2046,88.51851,-60.02445,2453727.6950819,-3.043473,0.724928,31329.787868,0.980736,1.358135,0.330335,31330.011709,0.271463,-15.334749,0.330521,6.737861,3.508482,-16.610551,0.566944,0.532084,0.0004,0.188674,0.000399,0.250831,0.000507,0,5.895776,43.564215,0.009273,31.1,199.1,2453727.69508,-0.492355,-0.492335,0.075,-9999999,0.004042,-1.64553,0.64529,0.219799,0.942417,0.49,300.0009,6.748766,3.471252,2005-12-23T04:37:32.223,-9999999,K5,072.C-0488(E),Mayor,-9999999,HARPS_ech_obs_all,HARPS_ech_obs_thosimult,STAR_WAVE_K3,9.87272961680268E-06,6.01421778121449E-07,0,0,0
GJ2046,88.51851,-60.02445,2453727.6989138,-2.156411,0.725609,31330.941705,0.980858,2.24382,0.331827,31331.158035,0.271904,-14.428673,0.332026,7.068772,3.422332,-16.626266,0.719606,0.533353,0.000401,0.188665,0.000399,0.250497,0.000506,0,5.896509,43.564878,0.00659,31.1,199,2453727.69891,-0.497478,-0.497458,0.144,-9999999,0.004042,-1.646907,0.64529,0.212288,0.942417,0.49,300.0026,7.078944,3.378564,2005-12-23T04:43:03.307,-9999999,K5,072.C-0488(E),Mayor,-9999999,HARPS_ech_obs_all,HARPS_ech_obs_thosimult,STAR_WAVE_K3,9.6795978628314E-06,4.80151619544506E-07,0,0,0
GJ2046,88.51851,-60.02445,2453727.7027773,-2.762264,0.728007,31330.276792,0.982538,1.636578,0.337039,31330.485549,0.277903,-15.063621,0.337367,6.201781,3.396069,-16.201514,0.73641,0.532267,0.000407,0.189805,0.000409,0.251606,0.000518,0,5.895843,43.557518,0.007761,31.1,195.2,2453727.70278,-0.502635,-0.502619,0.021,-9999999,0.004042,-1.648296,0.64529,0.204715,0.942417,0.5,300.0003,6.210172,3.351184,2005-12-23T04:48:34.111,-9999999,K5,072.C-0488(E),Mayor,-9999999,HARPS_ech_obs_all,HARPS_ech_obs_thosimult,STAR_WAVE_K3,1.00190292806127E-05,5.11988026523674E-07,0,0,0
GJ2046,88.51851,-60.02445,2453727.7065478,-2.869183,0.737435,31329.929873,0.98775,1.528304,0.356946,31330.131239,0.295805,-15.114846,0.357041,4.166432,2.970424,-16.004761,0.747963,0.532895,0.000432,0.189238,0.000434,0.250137,0.000548,0,5.897372,43.562935,0.009244,31.1,183.9,2453727.70654,-0.507657,-0.507631,0.136,-9999999,0.004042,-1.649651,0.64529,0.197324,0.942417,0.48,299.9994,4.167356,2.926399,2005-12-23T04:54:05.885,-9999999,K5,072.C-0488(E),Mayor,-9999999,HARPS_ech_obs_all,HARPS_ech_obs_thosimult,STAR_WAVE_K3,9.07605277189994E-06,4.12250844073941E-07,0,0,0
GJ2046,88.51851,-60.02445,2453728.7588205,-7.939368,0.911719,31326.796632,1.01893,-1.721404,0.310354,31327.785935,0.252553,-18.385748,0.310646,8.041796,2.852538,-18.075088,0.721103,0.531003,0.000377,0.189166,0.000374,0.250944,0.000475,0,5.894438,43.58159,0.008296,31.1,212.5,2453728.75882,-0.637894,-0.637881,0.172,-9999999,0.004047,0.170826,0.85727,0.985256,0.987135,0.51,299.9996,8.058666,2.789686,2005-12-24T06:09:13.398,-9999999,K5,072.C-0488(E),Mayor,-9999999,HARPS_ech_obs_all,HARPS_ech_obs_thosimult,STAR_WAVE_K3,9.46837299838066E-06,4.50641108009344E-07,0,0,0
GJ2046,88.51851,-60.02445,2453728.7626182,-7.91871,0.909883,31326.452742,1.017885,-1.702111,0.304918,31327.434601,0.248301,-18.383332,0.305248,7.931103,3.049951,-19.28989,0.660995,0.530828,0.000371,0.193231,0.000368,0.250324,0.000466,0,5.893024,43.586681,0.008427,31.1,215.9,2453728.76261,-0.64244,-0.642413,0.26,-9999999,0.004047,0.169461,0.857271,0.977812,0.987135,0.5,299.9991,7.941649,3.00145,2005-12-24T06:14:44.522,-9999999,K5,072.C-0488(E),Mayor,-9999999,HARPS_ech_obs_all,HARPS_ech_obs_thosimult,STAR_WAVE_K3,1.00798507856279E-05,5.24778425413668E-07,0,0,0
GJ2046,88.51851,-60.02445,2453728.7664088,-6.841673,0.91341,31326.810605,1.020358,-0.626436,0.315285,31327.785034,0.258251,-17.342122,0.315507,4.656774,3.265406,-17.461,0.608245,0.53218,0.000386,0.193206,0.000382,0.250004,0.000484,0,5.894673,43.573361,0.007461,31.1,207.8,2453728.76641,-0.646923,-0.646905,0.352,-9999999,0.004047,0.168099,0.857271,0.970382,0.987136,0.49,299.9985,4.672949,3.212253,2005-12-24T06:20:15.035,-9999999,K5,072.C-0488(E),Mayor,-9999999,HARPS_ech_obs_all,HARPS_ech_obs_thosimult,STAR_WAVE_K3,9.13548374758392E-06,4.66428618775188E-07,0,0,0
GJ2046,88.51851,-60.02445,2453728.7702709,-6.930723,0.910192,31327.009401,1.017872,-0.716874,0.305834,31327.97626,0.248243,-17.331621,0.306217,10.260069,2.929084,-18.997068,0.670224,0.531324,0.000373,0.193233,0.000369,0.250834,0.000468,0,5.892354,43.589593,0.005749,31.1,215.1,2453728.77026,-0.651432,-0.651406,0.474,-9999999,0.004047,0.166711,0.857272,0.962812,0.987137,0.5,300.0008,10.255035,2.869527,2005-12-24T06:25:45.719,-9999999,K5,072.C-0488(E),Mayor,-9999999,HARPS_ech_obs_all,HARPS_ech_obs_thosimult,STAR_WAVE_K3,9.54303960900929E-06,3.62886912369471E-07,0,0,0
GJ2046,88.51851,-60.02445,2453728.7741,-6.951321,0.911953,31327.174628,1.019482,-0.738848,0.311033,31328.133981,0.254762,-17.418729,0.311414,14.615629,2.717843,-18.026559,0.604835,0.53124,0.00038,0.194085,0.000377,0.249457,0.000477,0,5.893256,43.575051,0.00682,31.1,210.8,2453728.77409,-0.655843,-0.65582,0.44,-9999999,0.004047,0.165335,0.857273,0.955306,0.987138,0.5,299.9987,14.626224,2.660396,2005-12-24T06:31:16.554,-9999999,K5,072.C-0488(E),Mayor,-9999999,HARPS_ech_obs_all,HARPS_ech_obs_thosimult,STAR_WAVE_K3,9.8853092660038E-06,4.19582240217983E-07,0,0,0
GJ2046,88.51851,-60.02445,2453729.7376353,-2.13182,0.786691,31331.232772,1.029101,3.202711,0.351862,31332.263607,0.290895,-13.399087,0.352039,4.586687,2.783013,-16.281386,0.816841,0.531494,0.000425,0.193494,0.000426,0.25023,0.000539,0,5.896212,43.569463,0.008572,31.1,187.1,2453729.73763,-0.674831,-0.674818,0.036,-9999999,0.004052,-0.712608,0.703617,1.026783,0.987132,0.49,299.9997,4.596081,2.739073,2005-12-25T05:38:49.161,-9999999,K5,072.C-0488(E),Mayor,-9999999,HARPS_ech_obs_all,HARPS_ech_obs_thosimult,STAR_WAVE_K3,9.38155680044098E-06,4.26693803739925E-07,0,0,0
GJ2046,88.51851,-60.02445,2453729.7415378,-1.940708,0.782838,31331.047221,1.027085,3.39242,0.343159,31332.070406,0.28368,-13.270822,0.343217,2.870304,3.40515,-16.800317,0.655284,0.529727,0.000413,0.192694,0.000413,0.244523,0.000525,0,5.894988,43.559121,0.007458,31.1,192,2453729.74153,-0.679736,-0.679722,-0.189,-9999999,0.004052,-0.71401,0.703617,1.019133,0.987132,0.51,300.0014,2.877826,3.370601,2005-12-25T05:44:20.335,-9999999,K5,072.C-0488(E),Mayor,-9999999,HARPS_ech_obs_all,HARPS_ech_obs_thosimult,STAR_WAVE_K3,9.76644881739748E-06,4.5719398880436E-07,0,0,0
GJ2046,88.51851,-60.02445,2453729.7453402,-2.381825,0.78025,31330.835127,1.025451,2.949937,0.337213,31331.850859,0.277702,-13.708912,0.337407,3.830034,3.321543,-17.631138,0.71733,0.530387,0.000405,0.192152,0.000404,0.245011,0.000515,0,5.895153,43.566576,0.007619,31.1,196,2453729.74533,-0.684473,-0.684452,0.206,-9999999,0.004052,-0.715377,0.703618,1.01168,0.987133,0.5,300.0009,3.85139,3.289699,2005-12-25T05:49:51.869,-9999999,K5,072.C-0488(E),Mayor,-9999999,HARPS_ech_obs_all,HARPS_ech_obs_thosimult,STAR_WAVE_K3,9.5272240699252E-06,4.43509884804805E-07,0,0,0
GJ2046,88.51851,-60.02445,2453729.7491736,-1.658358,0.777769,31330.99941,1.023888,3.672026,0.331431,31332.007628,0.271873,-13.000719,0.33166,7.181902,3.082535,-17.318875,0.749591,0.532561,0.000398,0.193021,0.000397,0.243947,0.000503,0,5.895337,43.574581,0.005433,31.1,200,2453729.74917,-0.689202,-0.689194,-0.01,-9999999,0.004052,-0.716754,0.703618,1.004166,0.987133,0.5,300.0007,7.186553,3.048575,2005-12-25T05:55:23.073,-9999999,K5,072.C-0488(E),Mayor,-9999999,HARPS_ech_obs_all,HARPS_ech_obs_thosimult,STAR_WAVE_K3,8.81633609412256E-06,4.91557633331423E-07,0,0,0
GJ2046,88.51851,-60.02445,2453729.7530167,-1.483381,0.778877,31331.667466,1.024763,3.845622,0.33402,31332.668151,0.275146,-12.810846,0.334241,4.69956,3.058842,-17.917035,0.627256,0.531052,0.000402,0.193359,0.000402,0.244822,0.00051,0,5.893561,43.578266,0.00833,31.1,197.7,2453729.75302,-0.693896,-0.693888,0.074,-9999999,0.004052,-0.718135,0.703619,0.996633,0.987134,0.5,299.9998,4.701386,3.019742,2005-12-25T06:00:55.117,-9999999,K5,072.C-0488(E),Mayor,-9999999,HARPS_ech_obs_all,HARPS_ech_obs_thosimult,STAR_WAVE_K3,9.70389519377556E-06,4.9126355419001E-07,0,0,0
GJ2046,88.51851,-60.02445,2453729.7568042,-1.902067,0.776465,31331.14141,1.023331,3.425575,0.328355,31332.134671,0.269762,-13.289776,0.328622,7.124489,3.608782,-17.866395,0.674525,0.528845,0.000394,0.1933,0.000394,0.245151,0.000501,0,5.89437,43.578722,0.008665,31.1,201.5,2453729.7568,-0.698471,-0.698461,-0.132,-9999999,0.004052,-0.719497,0.703619,0.989209,0.987134,0.49,300.0025,7.139954,3.577771,2005-12-25T06:06:25.361,-9999999,K5,072.C-0488(E),Mayor,-9999999,HARPS_ech_obs_all,HARPS_ech_obs_thosimult,STAR_WAVE_K3,9.50875840243036E-06,4.25953964329864E-07,0,0,0
GJ2046,88.51851,-60.02445,2453729.7606726,-2.447489,0.779157,31330.713517,1.025155,2.878763,0.33467,31331.699196,0.276598,-13.779091,0.334756,5.270193,3.640249,-17.195966,0.749146,0.530585,0.000413,0.19227,0.000409,0.245966,0.000522,0,5.895336,43.570172,0.007301,31.1,194.2,2453729.76067,-0.70309,-0.703079,-0.027,-9999999,0.004053,-0.720887,0.70362,0.981626,0.987135,0.5,300.0004,5.284454,3.601555,2005-12-25T06:11:56.585,-9999999,K5,072.C-0488(E),Mayor,-9999999,HARPS_ech_obs_all,HARPS_ech_obs_thosimult,STAR_WAVE_K3,9.50239244738243E-06,5.59737868983113E-07,0,0,0
GJ2046,88.51851,-60.02445,2453729.764475,-2.592538,0.775394,31330.491334,1.022939,2.732347,0.325812,31331.46956,0.268268,-13.922276,0.326122,2.271207,3.002774,-18.204772,0.646227,0.529486,0.000396,0.193203,0.000395,0.244875,0.000501,0,5.895429,43.576062,0.008598,31.1,201.4,2453729.76447,-0.707575,-0.707558,0.2,-9999999,0.004053,-0.722253,0.703621,0.974173,0.987136,0.49,300.0018,2.279711,2.962273,2005-12-25T06:17:28.118,-9999999,K5,072.C-0488(E),Mayor,-9999999,HARPS_ech_obs_all,HARPS_ech_obs_thosimult,STAR_WAVE_K3,9.04176146589099E-06,3.9935182547413E-07,0,0,0
GJ2046,88.51851,-60.02445,2453729.7683053,-2.281996,0.77126,31331.78005,1.020328,3.041512,0.315845,31332.750768,0.258128,-13.623668,0.316203,8.942192,2.967613,-18.903871,0.717579,0.53039,0.000383,0.193014,0.000381,0.244792,0.000484,0,5.894578,43.58039,0.007028,31.1,208.5,2453729.7683,-0.712035,-0.71202,-0.002,-9999999,0.004053,-0.72363,0.703622,0.966665,0.987136,0.49,300.002,8.953237,2.918615,2005-12-25T06:22:59.053,-9999999,K5,072.C-0488(E),Mayor,-9999999,HARPS_ech_obs_all,HARPS_ech_obs_thosimult,STAR_WAVE_K3,9.82064443593613E-06,4.77994492705986E-07,0,0,0
GJ2046,88.51851,-60.02445,2453729.7722104,-1.833941,0.775924,31331.377948,1.023074,3.488164,0.327068,31332.341011,0.268776,-13.126508,0.327292,7.060793,2.800067,-18.101487,0.659865,0.530519,0.000397,0.192934,0.000395,0.244284,0.000501,0,5.894017,43.580115,0.007327,31.1,201.2,2453729.77221,-0.716519,-0.7165,0.012,-9999999,0.004053,-0.725033,0.703623,0.95901,0.987137,0.51,300.0024,7.062657,2.768534,2005-12-25T06:28:30.456,-9999999,K5,072.C-0488(E),Mayor,-9999999,HARPS_ech_obs_all,HARPS_ech_obs_thosimult,STAR_WAVE_K3,8.67613842684617E-06,4.45074111753987E-07,0,0,0
GJ2046,88.51851,-60.02445,2453757.5884531,-2.268465,0.918004,31332.446084,1.022616,3.956646,0.328327,31332.785055,0.266991,-12.729379,0.328542,3.888151,3.284134,-16.645259,0.639433,0.525988,0.000377,0.191131,0.00039,0.241061,0.000479,0,5.896305,43.558276,0.009605,31.1,207.2,2453757.58857,-2.108617,-2.108741,0.24,-9999999,0.004196,0.177973,0.857282,0.334775,0.987147,0.47,450.0026,3.882301,3.246644,2006-01-22T02:03:06.531,-9999999,K5,072.C-0488(E),Mayor,-9999999,HARPS_ech_obs_all,HARPS_ech_obs_thosimult,STAR_WAVE_K3,8.96628294555596E-06,4.03932146118877E-07,0,0,0
GJ2046,88.51851,-60.02445,2453757.5941505,-3.036835,0.910753,31331.159938,1.018128,3.186229,0.307477,31331.487742,0.249257,-13.460526,0.307714,-1.233402,2.711434,-17.729949,0.694206,0.526979,0.000356,0.191727,0.000366,0.241698,0.00045,0,5.895881,43.561897,0.008251,31.1,220.9,2453757.59426,-2.116143,-2.116273,0.353,-9999999,0.004196,0.175925,0.85728,0.323608,0.987146,0.48,449.9998,-1.232239,2.666244,2006-01-22T02:11:14.290,-9999999,K5,072.C-0488(E),Mayor,-9999999,HARPS_ech_obs_all,HARPS_ech_obs_thosimult,STAR_WAVE_K3,8.94260200207271E-06,3.90172995886189E-07,0,0,0
GJ2046,88.51851,-60.02445,2453758.5761067,-5.881786,0.890596,31328.22915,1.005477,0.347762,0.241294,31328.592327,0.191094,-16.317702,0.241655,3.663415,2.475188,-16.897667,0.642614,0.528732,0.000269,0.190431,0.000276,0.243492,0.000342,0,5.896631,43.570398,0.007964,31.1,289.9,2453758.57622,-2.143127,-2.143256,-0.267,-9999999,0.004201,0.18241,0.857285,0.358976,0.987151,0.5,900.0004,3.659887,2.405283,2006-01-23T01:41:21.912,-9999999,K5,072.C-0488(E),Mayor,-9999999,HARPS_ech_obs_all,HARPS_ech_obs_thosimult,STAR_WAVE_K3,9.12316391487189E-06,4.12703391679531E-07,0,0,0
GJ2046,88.51851,-60.02445,2453759.5852513,-4.078026,0.887953,31330.170157,1.003439,2.148236,0.231359,31330.515414,0.180077,-14.520194,0.231855,2.601046,2.221888,-17.969525,0.624263,0.527375,0.000255,0.189959,0.000261,0.243438,0.000324,0,5.894588,43.580567,0.006739,31.1,306.2,2453759.58537,-2.205185,-2.205323,0.397,-9999999,0.004206,0.179123,0.857283,0.341051,0.987148,0.5,900.0003,2.601106,2.16629,2006-01-24T01:54:32.647,-9999999,K5,072.C-0488(E),Mayor,-9999999,HARPS_ech_obs_all,HARPS_ech_obs_thosimult,STAR_WAVE_K3,9.01372654156343E-06,4.80056056617981E-07,0,0,0
GJ2046,88.51851,-60.02445,2453760.6667783,-0.137146,0.659433,31333.337885,0.67364,5.45553,0.280619,31333.864531,0.227045,-11.245108,0.28092,5.026588,2.561782,-15.803048,0.618647,0.531757,0.000316,0.193597,0.000321,0.242385,0.000405,0,5.896722,43.566957,0.007259,31.1,246.7,2453760.6669,-2.359738,-2.359867,0.331,-9999999,0.004212,-0.454463,0.596745,0.522434,0.634225,0.53,900.002,5.021152,2.535478,2006-01-25T03:51:30.288,-9999999,K5,072.C-0488(E),Mayor,-9999999,HARPS_ech_obs_all,HARPS_ech_obs_thosimult,STAR_WAVE_K3,8.96324829262283E-06,3.87950954090991E-07,0,0,0
GJ2046,88.51851,-60.02445,2453761.6031036,-1.045104,0.889989,31333.167639,0.840876,5.174742,0.239073,31333.078849,0.186875,-11.521534,0.239642,0.374554,2.718857,-17.670644,0.555542,0.52567,0.000264,0.194836,0.000271,0.235623,0.000335,0,5.896207,43.585294,0.006995,31.1,295.2,2453761.60321,-2.326796,-2.326912,0.109,-9999999,0.004216,0.172708,0.857278,-0.093006,0.819847,0.48,900.0019,0.369726,2.684816,2006-01-26T02:20:34.408,-9999999,K5,072.C-0488(E),Mayor,-9999999,HARPS_ech_obs_all,HARPS_ech_obs_thosimult,STAR_WAVE_K3,9.33109965745443E-06,4.69504374140171E-07,0,0,0
GJ2046,88.51851,-60.02445,2453762.5930697,-2.569481,0.6949,31332.245687,0.860235,3.362256,0.296988,31332.320381,0.24058,-13.341783,0.297361,1.129936,2.636489,-17.056656,0.594443,0.530346,0.000346,0.193944,0.00035,0.240018,0.000438,0,5.895712,43.574743,0.007691,31.1,227.9,2453762.59317,-2.361415,-2.361516,0.017,-9999999,0.004222,-0.115401,0.628239,0.070472,0.825909,0.45,900.0023,1.102013,2.593562,2006-01-27T02:06:35.151,-9999999,K5,072.C-0488(E),Mayor,-9999999,HARPS_ech_obs_all,HARPS_ech_obs_thosimult,STAR_WAVE_K3,9.53054143233258E-06,4.66109257159728E-07,0,0,0
GJ2046,88.51851,-60.02445,2453763.5945522,-4.447421,0.884483,31330.06714,1.001086,1.775498,0.217672,31330.394187,0.166484,-14.930535,0.218099,4.98225,2.343808,-17.954798,0.5876,0.527651,0.000236,0.193216,0.000239,0.243283,0.000298,0,5.895479,43.580465,0.007025,31.1,332.1,2453763.59467,-2.410507,-2.410628,0.652,-9999999,0.004227,0.175781,0.85728,0.32282,0.987145,0.49,900.0022,4.98504,2.289956,2006-01-28T02:08:07.924,-9999999,K5,072.C-0488(E),Mayor,-9999999,HARPS_ech_obs_all,HARPS_ech_obs_thosimult,STAR_WAVE_K3,8.99780258068612E-06,3.92356701580284E-07,0,0,0
GJ2046,88.51851,-60.02445,2453764.616617,-3.054571,0.880453,31330.49283,0.902016,3.160418,0.200693,31331.732671,0.148002,-13.517302,0.201526,9.076832,2.104205,-20.552112,0.667902,0.52373,0.000218,0.194801,0.00022,0.237981,0.00027,0,5.892478,43.603883,0.007014,31.1,364,2453764.61673,-2.485786,-2.485909,0.267,-9999999,0.004232,0.167851,0.857275,1.235609,0.889791,0.48,900.0023,9.077694,2.045099,2006-01-29T02:40:04.032,-9999999,K5,072.C-0488(E),Mayor,-9999999,HARPS_ech_obs_all,HARPS_ech_obs_thosimult,STAR_WAVE_K3,9.19888498997342E-06,3.69010418895968E-07,0,0,0
GJ2046,88.51851,-60.02445,2453765.6019561,-2.792225,0.846926,31332.4571,0.874541,1.59057,0.210109,31330.193802,0.157793,-15.039712,0.21083,3.980014,2.604077,-19.534696,0.62154,0.524064,0.000231,0.194269,0.000235,0.237522,0.000287,0,5.894627,43.592239,0.005858,31.1,341.8,2453765.60207,-2.512131,-2.512256,0.729,-9999999,0.004237,-1.664344,0.82045,-2.267535,0.860188,0.49,900.001,3.961286,2.536255,2006-01-30T02:18:49.038,-9999999,K5,072.C-0488(E),Mayor,-9999999,HARPS_ech_obs_all,HARPS_ech_obs_thosimult,STAR_WAVE_K3,9.21552991238056E-06,4.17890736343475E-07,0,0,0
GJ2046,88.51851,-60.02445,2453782.5588922,3.112668,0.547464,31337.711418,0.502839,8.31539,0.24167,31336.582805,0.188209,-8.41559,0.242164,-1.740989,2.198143,-17.16107,0.678508,0.525908,0.000264,0.195344,0.000272,0.234199,0.000334,0,5.897883,43.564831,0.008262,31.1,295.7,2453782.55901,-3.09921,-3.099326,1.746,-9999999,0.004324,-0.844416,0.491235,-1.132937,0.466288,0.47,899.9997,-1.751746,2.182146,2006-02-16T01:17:20.004,-9999999,K5,072.C-0488(E),Mayor,-9999999,HARPS_ech_obs_all,HARPS_ech_obs_thosimult,STAR_WAVE_K3,9.62981652876165E-06,5.20168858917264E-07,0,0,0
GJ2046,88.51851,-60.02445,2453784.5863695,-4.486432,0.716738,31329.236265,0.796131,0.38471,0.274963,31328.257244,0.220146,-16.311302,0.275338,5.237363,2.874194,-14.649388,0.594736,0.526145,0.000305,0.195093,0.000316,0.23835,0.000387,0,5.897449,43.545552,0.006347,31.1,254.7,2453784.58651,-3.192347,-3.192496,0.201,-9999999,0.004335,-1.175996,0.661898,-0.983356,0.765088,0.59,900.0025,5.239713,2.819666,2006-02-18T01:55:07.854,-9999999,K5,072.C-0488(E),Mayor,-9999999,HARPS_ech_obs_all,HARPS_ech_obs_thosimult,STAR_WAVE_K3,1.00819928140746E-05,4.52719227095753E-07,0,0,0
GJ2046,88.51851,-60.02445,2453786.6113357,-4.010071,0.89111,31330.307249,0.900538,1.407966,0.243217,31329.669419,0.193417,-15.234483,0.243614,1.884574,2.532257,-14.175602,0.548202,0.532365,0.00028,0.193229,0.00028,0.24607,0.000351,0,5.900926,43.546201,0.005991,31.1,283.6,2453786.61145,-3.275779,-3.27589,0.347,-9999999,0.004345,-0.629101,0.857276,-0.642175,0.879522,0.51,900.0009,1.886096,2.471537,2006-02-20T02:32:18.773,-9999999,K5,072.C-0488(E),Mayor,-9999999,HARPS_ech_obs_all,HARPS_ech_obs_thosimult,STAR_WAVE_K3,1.00254411899975E-05,5.68984885958303E-07,0,0,0
GJ2046,88.51851,-60.02445,2453788.6002019,-4.978775,0.853467,31329.849686,0.97715,0.609855,0.256908,31328.99435,0.206403,-16.085052,0.257236,0.202389,2.288763,-12.095219,0.534203,0.534466,0.0003,0.192727,0.000298,0.2495,0.000379,0,5.900974,43.529201,0.007472,31.1,265,2453788.60032,-3.312937,-3.313044,0.392,-9999999,0.004356,-0.458508,0.813882,-0.859692,0.955102,0.49,900.0003,0.2047,2.228107,2006-02-22T02:16:36.643,-9999999,K5,072.C-0488(E),Mayor,-9999999,HARPS_ech_obs_all,HARPS_ech_obs_thosimult,STAR_WAVE_K3,9.904935730829E-06,4.57622224081122E-07,0,0,0
GJ2046,88.51851,-60.02445,2453790.5909822,1.514369,0.887236,31336.408808,1.0034,7.091667,0.228598,31335.699991,0.179869,-9.588982,0.229021,2.400999,2.479813,-10.85893,0.543221,0.532992,0.000253,0.193172,0.000255,0.247476,0.000322,0,5.901139,43.513374,0.008814,31.1,310,2453790.5911,-3.348219,-3.348325,-0.155,-9999999,0.004366,-0.46984,0.857281,-0.713183,0.987146,0.48,900.0015,2.380492,2.444982,2006-02-24T02:03:30.915,-9999999,K5,072.C-0488(E),Mayor,-9999999,HARPS_ech_obs_all,HARPS_ech_obs_thosimult,STAR_WAVE_K3,9.5722171792241E-06,4.32164315283279E-07,0,0,0
GJ2046,88.51851,-60.02445,2453810.5836415,0.007801,0.651137,31334.677422,0.832959,4.980342,0.241135,31333.465924,0.191454,-11.703136,0.24158,-0.655827,2.493113,-14.765273,0.50472,0.535419,0.000277,0.190417,0.000279,0.245839,0.000348,0,5.89902,43.54812,0.006925,31.1,286.4,2453810.58376,-3.567084,-3.567193,-0.185,-9999999,0.004469,-1.074597,0.604842,-1.215967,0.810658,0.49,900.0008,-0.668104,2.44517,2006-03-16T01:53:07.125,-9999999,K5,072.C-0488(E),Mayor,-9999999,HARPS_ech_obs_all,HARPS_ech_obs_thosimult,STAR_WAVE_K3,9.59105432653448E-06,4.295038928672E-07,0,0,0
GJ2046,88.51851,-60.02445,2453811.5732346,0.100948,0.774366,31334.606167,0.864557,7.050528,0.232219,31335.282305,0.184263,-9.626892,0.232676,6.549874,2.143611,-13.911317,0.458133,0.53806,0.000268,0.189196,0.000267,0.249441,0.000338,0,5.90067,43.544474,0.008233,31.1,296.7,2453811.57335,-3.557688,-3.557804,0.58,-9999999,0.004474,0.902442,0.738727,0.671664,0.844693,0.51,899.9986,6.524086,2.104993,2006-03-17T01:37:50.948,-9999999,K5,072.C-0488(E),Mayor,-9999999,HARPS_ech_obs_all,HARPS_ech_obs_thosimult,STAR_WAVE_K3,9.82013370791596E-06,4.53365327653943E-07,0,0,0
GJ2046,88.51851,-60.02445,2453811.5966601,0.922006,0.775878,31335.713809,0.865752,7.863168,0.237238,31336.344029,0.18983,-8.816426,0.237636,5.202167,2.203681,-12.007678,0.476247,0.537948,0.000277,0.18981,0.000276,0.24891,0.000348,0,5.90121,43.527729,0.007961,31.1,287.8,2453811.59677,-3.578477,-3.578563,0.569,-9999999,0.004474,0.894023,0.738719,0.625746,0.844684,0.46,900.0001,5.18123,2.165571,2006-03-17T02:12:19.936,-9999999,K5,072.C-0488(E),Mayor,-9999999,HARPS_ech_obs_all,HARPS_ech_obs_thosimult,STAR_WAVE_K3,1.02843337914763E-05,4.60478040648101E-07,0,0,0
GJ2046,88.51851,-60.02445,2453812.5588811,2.666731,0.899103,31337.493967,1.011402,8.400303,0.270993,31336.860925,0.220124,-8.279784,0.271412,4.632622,2.30279,-11.810291,0.558354,0.535726,0.000309,0.190264,0.000315,0.246925,0.000394,0,5.903249,43.529484,0.008318,31.1,253.1,2453812.559,-3.543024,-3.54315,-0.046,-9999999,0.004479,-0.313566,0.857291,-0.637521,0.987158,0.51,900,4.617615,2.270062,2006-03-18T01:17:11.777,-9999999,K5,072.C-0488(E),Mayor,-9999999,HARPS_ech_obs_all,HARPS_ech_obs_thosimult,STAR_WAVE_K3,9.88772571577266E-06,4.42128990302908E-07,0,0,0
GJ2046,88.51851,-60.02445,2453814.6010557,-3.620701,0.891198,31331.060871,1.006073,2.097714,0.243533,31330.345171,0.194244,-14.568229,0.243923,-0.968693,2.674189,-12.833034,0.470239,0.53566,0.000276,0.189937,0.000279,0.245892,0.000349,0,5.900682,43.529858,0.009346,31.1,285.7,2453814.60118,-3.575397,-3.575489,-0.229,-9999999,0.004489,-0.328723,0.857278,-0.720189,0.987144,0.5,899.9984,-0.996142,2.596692,2006-03-20T02:18:06.673,-9999999,K5,072.C-0488(E),Mayor,-9999999,HARPS_ech_obs_all,HARPS_ech_obs_thosimult,STAR_WAVE_K3,9.80131981834337E-06,3.94190040285343E-07,0,0,0
GJ2046,88.51851,-60.02445,2453817.5936426,2.398835,0.895672,31337.48536,0.864734,8.24526,0.259421,31336.762186,0.209312,-8.511565,0.259917,6.589365,2.646988,-14.916217,0.632223,0.534971,0.000284,0.190347,0.000294,0.24622,0.000367,0,5.899518,43.54595,0.008379,31.1,271.1,2453817.59376,-3.553969,-3.554054,0.312,-9999999,0.004505,-0.200713,0.85728,-0.727679,0.83902,0.48,899.999,6.566552,2.623981,2006-03-23T02:07:47.114,-9999999,K5,072.C-0488(E),Mayor,-9999999,HARPS_ech_obs_all,HARPS_ech_obs_thosimult,STAR_WAVE_K3,9.88530281215776E-06,4.56798803155084E-07,0,0,0
GJ2046,88.51851,-60.02445,2453829.5176312,3.699999,0.73865,31337.736458,0.853164,8.982583,0.478167,31337.396849,0.396811,-7.75552,0.478413,6.076125,4.769902,-17.153238,0.785564,0.529371,0.000551,0.194311,0.000571,0.243318,0.00071,0,5.90027,43.562843,0.007205,31.1,141.4,2453829.51773,-3.339441,-3.339568,-0.159,-9999999,0.004566,-0.764554,0.562992,-0.344175,0.755268,0.42,400.0014,6.056174,4.757985,2006-04-04T00:22:55.104,-9999999,K5,072.C-0488(E),Mayor,-9999999,HARPS_ech_obs_all,HARPS_ech_obs_thosimult,STAR_WAVE_K3,8.68347822297386E-06,5.4154039089774E-07,0,0,0
GJ2046,88.51851,-60.02445,2453829.5230444,3.533459,0.705611,31337.30349,0.833175,8.814098,0.42536,31336.95327,0.351789,-7.865201,0.4257,4.555328,3.506109,-16.659857,0.769556,0.529254,0.000487,0.193762,0.000503,0.243651,0.000627,0,5.900308,43.55409,0.006074,31.1,159.6,2453829.52316,-3.344607,-3.344742,-0.218,-9999999,0.004566,-0.7665,0.562988,-0.354786,0.755264,0.49,400.0003,4.528005,3.490929,2006-04-04T00:30:14.809,-9999999,K5,072.C-0488(E),Mayor,-9999999,HARPS_ech_obs_all,HARPS_ech_obs_thosimult,STAR_WAVE_K3,9.66061720057428E-06,4.93451997795968E-07,0,0,0
GJ2046,88.51851,-60.02445,2453831.5152126,-0.784616,0.557565,31333.81677,0.622379,4.648831,0.317786,31333.327768,0.259647,-12.058212,0.318099,5.98667,2.868621,-18.220704,0.743113,0.530696,0.000365,0.192882,0.000369,0.245097,0.000463,0,5.894743,43.578811,0.007376,31.1,215.3,2453831.51533,-3.299469,-3.299606,0.51,-9999999,0.004577,-0.613692,0.458139,-0.493579,0.565632,0.47,400.001,5.975189,2.827662,2006-04-06T00:19:07.973,-9999999,K5,072.C-0488(E),Mayor,-9999999,HARPS_ech_obs_all,HARPS_ech_obs_thosimult,STAR_WAVE_K3,1.00984900498333E-05,4.55759289291647E-07,0,0,0
GJ2046,88.51851,-60.02445,2453831.5202804,-1.134584,0.561443,31333.51892,0.625142,4.297041,0.324548,31333.019984,0.266212,-12.357152,0.324915,7.850217,2.930534,-17.570899,0.686395,0.531911,0.000373,0.193594,0.000378,0.245645,0.000474,0,5.896715,43.572874,0.007122,31.1,210.7,2453831.5204,-3.304219,-3.304363,0.434,-9999999,0.004577,-0.615513,0.458134,-0.503513,0.565627,0.48,400.0024,7.83061,2.898038,2006-04-06T00:26:21.837,-9999999,K5,072.C-0488(E),Mayor,-9999999,HARPS_ech_obs_all,HARPS_ech_obs_thosimult,STAR_WAVE_K3,9.6731111347655E-06,4.3886452491172E-07,0,0,0
GJ2046,88.51851,-60.02445,2453835.5179509,-0.357723,0.663773,31334.49092,0.622315,5.685555,0.378301,31334.55663,0.312312,-10.995352,0.378559,5.448293,3.672682,-13.712663,0.783826,0.531575,0.000433,0.193473,0.000442,0.247791,0.000558,0,5.900603,43.528895,0.007689,31.1,180,2453835.51806,-3.215419,-3.215545,-0.384,-9999999,0.004597,-0.003861,0.545421,0.061113,0.538272,0.47,399.998,5.435142,3.639426,2006-04-10T00:23:08.160,-9999999,K5,072.C-0488(E),Mayor,-9999999,HARPS_ech_obs_all,HARPS_ech_obs_thosimult,STAR_WAVE_K3,8.89518687186403E-06,4.73802074079672E-07,0,0,0
GJ2046,88.51851,-60.02445,2453835.5225004,0.402497,0.696155,31334.368746,0.646179,6.44414,0.432611,31334.425539,0.357513,-10.198974,0.432981,0.842606,3.669151,-13.898235,1.00087,0.530676,0.000504,0.192878,0.000513,0.248524,0.000649,0,5.902173,43.530472,0.007224,31.1,155.7,2453835.52259,-3.219326,-3.219428,-0.33,-9999999,0.004597,-0.005496,0.545417,0.052196,0.538268,0.37,400.0005,0.826106,3.64698,2006-04-10T00:30:21.244,-9999999,K5,072.C-0488(E),Mayor,-9999999,HARPS_ech_obs_all,HARPS_ech_obs_thosimult,STAR_WAVE_K3,9.57773471391912E-06,5.10245761950844E-07,0,0,0
GJ2046,88.51851,-60.02445,2453861.4617951,-0.595738,0.900485,31333.644883,0.794303,6.112481,0.275397,31335.003259,0.233715,-10.577576,0.275412,0.463671,2.619038,-8.33619,0.546104,0.530537,0.000321,0.193703,0.000329,0.241883,0.000414,0,5.903476,43.500902,0.009853,31.1,241.5,2453861.46191,-2.287531,-2.28766,-0.114,-9999999,0.004731,0.661081,0.857339,1.353645,0.759141,0.5,899.9994,0.466448,2.59082,2006-05-05T22:58:14.063,-9999999,K5,072.C-0488(E),Mayor,-9999999,HARPS_ech_obs_all,HARPS_ech_obs_thosimult,STAR_WAVE_K3,1.07708236847386E-05,5.77873522548519E-07,0,0,0
GJ2046,88.51851,-60.02445,2453862.4675302,-4.587372,0.891428,31330.091161,1.00635,2.10772,0.244173,31330.780529,0.195363,-14.552224,0.244476,0.734091,2.136307,-11.541693,0.580308,0.532777,0.000268,0.192828,0.000272,0.243089,0.000345,0,5.902448,43.51861,0.009087,31.1,289.9,2453862.46764,-2.248376,-2.248497,0.308,-9999999,0.004736,0.647954,0.857336,0.684632,0.987205,0.47,900.0002,0.729015,2.082432,2006-05-06T23:06:57.183,-9999999,K5,072.C-0488(E),Mayor,-9999999,HARPS_ech_obs_all,HARPS_ech_obs_thosimult,STAR_WAVE_K3,9.77510423541947E-06,3.94202627536946E-07,0,0,0
GJ2046,88.51851,-60.02445,2453863.4622273,-6.458778,0.816435,31328.119124,0.948305,1.484662,0.230917,31330.103818,0.181151,-15.201075,0.231285,8.398426,2.798719,-14.532892,0.588414,0.532646,0.000247,0.189554,0.000252,0.24794,0.000317,0,5.899343,43.542712,0.008259,31.1,314.4,2453863.46235,-2.200602,-2.200737,0.222,-9999999,0.004741,1.896302,0.783098,1.979953,0.930842,0.51,900.0002,8.391829,2.749194,2006-05-07T22:58:43.607,-9999999,K5,072.C-0488(E),Mayor,-9999999,HARPS_ech_obs_all,HARPS_ech_obs_thosimult,STAR_WAVE_K3,9.56076001448806E-06,4.65268965235951E-07,0,0,0
GJ2046,88.51851,-60.02445,2453864.4567964,-2.491351,0.871408,31332.549029,0.744688,4.355636,0.287925,31333.12518,0.233543,-12.346221,0.288254,-4.300985,2.532194,-11.748579,0.553484,0.534145,0.000321,0.189333,0.000328,0.250893,0.000416,0,5.901298,43.523993,0.00785,31.1,241.6,2453864.45691,-2.152157,-2.152291,-0.066,-9999999,0.004746,0.799849,0.822467,0.571405,0.70712,0.48,900.0022,-4.311143,2.489369,2006-05-08T22:51:21.956,-9999999,K5,072.C-0488(E),Mayor,-9999999,HARPS_ech_obs_all,HARPS_ech_obs_thosimult,STAR_WAVE_K3,9.72511547751333E-06,3.83379444330068E-07,0,0,0
GJ2046,88.51851,-60.02445,2453865.4550144,-4.55644,0.884073,31329.655299,1.001148,1.707682,0.215749,31330.282555,0.166455,-14.971137,0.216362,5.339959,2.714109,-17.748144,0.639882,0.53204,0.000229,0.189575,0.000233,0.246239,0.000292,0,5.896223,43.574361,0.00841,31.1,340,2453865.45514,-2.105864,-2.106002,-0.059,-9999999,0.004751,0.216983,0.857343,0.622505,0.987214,0.49,900.0017,5.325997,2.64538,2006-05-09T22:48:39.557,-9999999,K5,072.C-0488(E),Mayor,-9999999,HARPS_ech_obs_all,HARPS_ech_obs_thosimult,STAR_WAVE_K3,9.78139534701653E-06,4.98376420170258E-07,0,0,0
GJ2046,88.51851,-60.02445,2453866.456299,-4.209979,0.887845,31329.927407,1.003765,1.995653,0.23072,31330.55215,0.181537,-14.668969,0.231378,-1.10823,2.751538,-18.034886,0.677164,0.533097,0.000257,0.189154,0.000258,0.248755,0.000326,0,5.896436,43.573919,0.006291,31.1,306.8,2453866.45643,-2.061251,-2.061395,-0.097,-9999999,0.004756,0.158494,0.857343,0.619987,0.987213,0.52,900.0021,-1.098913,2.691394,2006-05-10T22:50:04.094,-9999999,K5,072.C-0488(E),Mayor,-9999999,HARPS_ech_obs_all,HARPS_ech_obs_thosimult,STAR_WAVE_K3,9.83989117535354E-06,4.6756483418944E-07,0,0,0
GJ2046,88.51851,-60.02445,2453867.4744269,-2.036659,0.889359,31331.973876,1.004779,4.149344,0.23652,31332.563092,0.187125,-12.547764,0.237025,3.103429,2.303662,-16.181674,0.668663,0.53375,0.000258,0.188439,0.000262,0.249141,0.000331,0,5.898955,43.564517,0.007798,31.1,301.6,2453867.47453,-2.026532,-2.026647,0.603,-9999999,0.004762,0.138864,0.857331,0.584454,0.987201,0.46,900.0012,3.104073,2.256466,2006-05-11T23:17:04.896,-9999999,K5,072.C-0488(E),Mayor,-9999999,HARPS_ech_obs_all,HARPS_ech_obs_thosimult,STAR_WAVE_K3,9.82215555621171E-06,4.82151887641116E-07,0,0,0
GJ2046,88.51851,-60.02445,2453868.4548685,1.538728,0.895972,31335.183254,1.009344,7.43165,0.260246,31335.810812,0.210199,-9.278992,0.260432,-0.592181,2.740887,-14.304266,0.571358,0.533206,0.000305,0.189487,0.000304,0.249862,0.000384,0,5.900579,43.540962,0.007683,31.1,261.4,2453868.45499,-1.967539,-1.967678,-0.218,-9999999,0.004767,-0.154216,0.857343,0.622791,0.987214,0.49,900.0016,-0.592431,2.715083,2006-05-12T22:48:28.565,-9999999,K5,072.C-0488(E),Mayor,-9999999,HARPS_ech_obs_all,HARPS_ech_obs_thosimult,STAR_WAVE_K3,9.19991857591647E-06,4.48221176309722E-07,0,0,0
GJ2046,88.51851,-60.02445,2453869.4561938,-0.057189,0.885903,31333.699646,1.0025,5.835257,0.223132,31334.324611,0.174404,-10.870713,0.223643,1.519052,2.362911,-17.947964,0.642385,0.533149,0.000257,0.18815,0.000253,0.248527,0.000321,0,5.896452,43.584748,0.007543,31.1,311.9,2453869.45631,-1.921262,-1.921396,0.742,-9999999,0.004772,-0.154692,0.857343,0.620193,0.987213,0.49,900.0011,1.520696,2.325138,2006-05-13T22:50:23.589,-9999999,K5,072.C-0488(E),Mayor,-9999999,HARPS_ech_obs_all,HARPS_ech_obs_thosimult,STAR_WAVE_K3,9.49084572944553E-06,3.99489639861883E-07,0,0,0
GJ2046,88.51851,-60.02445,2453870.4547834,-2.97261,0.908666,31330.916878,1.017662,2.920343,0.301059,31331.544613,0.247072,-13.769591,0.301207,2.228755,2.972928,-12.035661,0.575303,0.534715,0.000361,0.188191,0.000358,0.249234,0.000453,0,5.901824,43.539101,0.006002,31.1,221.6,2453870.4549,-1.872667,-1.872792,0.497,-9999999,0.004777,-0.154185,0.857343,0.622958,0.987214,0.5,899.9999,2.221559,2.925729,2006-05-14T22:48:13.228,-9999999,K5,072.C-0488(E),Mayor,-9999999,HARPS_ech_obs_all,HARPS_ech_obs_thosimult,STAR_WAVE_K3,8.95493042805575E-06,4.28082991388572E-07,0,0,0
GJ2046,88.51851,-60.02445,2453871.4557607,-3.725381,0.895755,31329.617903,0.996019,2.037604,0.259499,31330.535779,0.208579,-14.6201,0.259847,1.872405,2.513272,-14.665248,0.648858,0.537326,0.000302,0.189699,0.000301,0.247026,0.000378,0,5.899924,43.548097,0.006859,31.1,263.8,2453871.45587,-1.825094,-1.825216,0.23,-9999999,0.004782,-0.284153,0.857343,0.913094,0.973934,0.49,899.9998,1.878096,2.464974,2006-05-15T22:49:47.144,-9999999,K5,072.C-0488(E),Mayor,-9999999,HARPS_ech_obs_all,HARPS_ech_obs_thosimult,STAR_WAVE_K3,9.5618199950276E-06,4.29236476764732E-07,0,0,0
GJ2046,88.51851,-60.02445,2453882.4615481,1.909646,1.020413,31336.073936,1.087809,7.134975,0.553365,31335.454152,0.456887,-9.630248,0.553077,15.401106,4.664261,-7.370287,0.909092,0.532244,0.000625,0.192126,0.000659,0.24605,0.000817,0,5.908448,43.454484,0.004122,31.1,123.8,2453882.46166,-1.266607,-1.266691,0,-9999999,0.004839,-0.821809,0.857339,-0.624623,0.987209,0.45,300.0003,15.409342,4.651915,2006-05-26T23:03:17.517,-9999999,K5,072.C-0488(E),Mayor,-9999999,HARPS_ech_obs_all,HARPS_ech_obs_thosimult,STAR_WAVE_K3,1.0106837024679E-05,4.84394866605418E-07,0,0,0
GJ2046,88.51851,-60.02445,2453882.4653636,3.08041,1.020709,31337.650037,1.087798,8.304368,0.553913,31337.022774,0.456866,-8.424709,0.553746,9.21757,5.384524,-5.238131,0.971706,0.531698,0.000627,0.189574,0.000656,0.246524,0.00082,0,5.908576,43.454685,0.002386,31.1,123.5,2453882.46547,-1.267893,-1.267971,0,-9999999,0.004839,-0.82318,0.857337,-0.632102,0.987207,0.44,299.9984,9.222968,5.376161,2006-05-26T23:08:50.179,-9999999,K5,072.C-0488(E),Mayor,-9999999,HARPS_ech_obs_all,HARPS_ech_obs_thosimult,STAR_WAVE_K3,9.60851335363218E-06,5.62198159030071E-07,0,0,0
GJ2046,88.51851,-60.02445,2453882.4692912,3.041489,1.026175,31337.088821,1.091536,8.264035,0.563927,31336.45386,0.465702,-8.464782,0.563761,-2.793562,4.41687,-6.271409,1.030764,0.531638,0.000635,0.191313,0.00067,0.246765,0.000834,0,5.911058,43.43876,0.005774,31.1,121.6,2453882.4694,-1.269099,-1.269177,0,-9999999,0.004839,-0.824592,0.857335,-0.6398,0.987204,0.46,299.9993,-2.760852,4.410658,2006-05-26T23:14:23.523,-9999999,K5,072.C-0488(E),Mayor,-9999999,HARPS_ech_obs_all,HARPS_ech_obs_thosimult,STAR_WAVE_K3,1.04233903806676E-05,5.53751788220463E-07,0,0,0
GJ2046,88.51851,-60.02445,2453974.9225012,0.616457,0.85281,31335.349235,0.88269,6.849534,0.360779,31335.05373,0.29718,-9.904276,0.361302,1.506862,3.242675,-6.588995,0.72184,0.533429,0.000423,0.191662,0.000425,0.251009,0.000542,0,5.908564,43.48378,0.008819,31.1,186.2,2453974.92261,3.300029,3.29988,-0.279,-9999999,0.005315,0.185939,0.772738,-0.30082,0.831159,0.47,900.0012,1.509589,3.230026,2006-08-27T10:01:40.170,-9999999,K5,072.C-0488(E),Mayor,-9999999,HARPS_ech_obs_all,HARPS_ech_obs_thosimult,STAR_WAVE_K3,9.23257219162467E-06,4.74285847843439E-07,0,0,0
GJ2046,88.51851,-60.02445,2453980.9093901,4.509706,0.650704,31339.419852,0.81915,10.431404,0.39282,31338.163013,0.323683,-6.25915,0.39341,7.515343,3.837196,-7.656078,0.778379,0.533676,0.000459,0.188898,0.000465,0.252205,0.000591,0,5.906978,43.496142,0.008681,31.1,171.5,2453980.9095,3.395088,3.394951,-0.347,-9999999,0.005346,-0.12544,0.518757,-1.262185,0.752487,0.46,428.199,7.517288,3.827224,2006-09-02T09:46:27.807,-9999999,K5,072.C-0488(E),Mayor,-9999999,HARPS_ech_obs_all,HARPS_ech_obs_thosimult,STAR_WAVE_K3,8.93489355689028E-06,5.38279283809678E-07,0,0,0
GJ2046,88.51851,-60.02445,2453980.9149216,3.24515,0.640677,31338.328314,0.813928,9.16486,0.37597,31337.060633,0.31022,-7.50487,0.376576,5.122265,3.69366,-7.572074,0.62349,0.534678,0.000443,0.188525,0.000446,0.252473,0.000568,0,5.908254,43.492814,0.007312,31.1,178.5,2453980.91504,3.389003,3.38884,-0.356,-9999999,0.005346,-0.127428,0.518762,-1.273027,0.752491,0.49,428.2028,5.122808,3.680241,2006-09-02T09:54:12.870,-9999999,K5,072.C-0488(E),Mayor,-9999999,HARPS_ech_obs_all,HARPS_ech_obs_thosimult,STAR_WAVE_K3,1.00811590554344E-05,5.02927629327623E-07,0,0,0
GJ2046,88.51851,-60.02445,2453981.9188657,3.907339,0.955343,31337.649488,1.057441,8.713831,0.527917,31336.188818,0.437577,-7.997204,0.529051,-2.86754,4.939993,-8.003157,0.929609,0.533237,0.000639,0.18849,0.000645,0.252146,0.000819,0,5.906961,43.47618,0.006868,31.1,124.8,2453981.91896,3.394679,3.394545,0.368,-9999999,0.005351,-1.240646,0.796231,-1.466021,0.962657,0.44,193.2009,-2.862223,4.933345,2006-09-03T10:01:57.500,-9999999,K5,072.C-0488(E),Mayor,-9999999,HARPS_ech_obs_all,HARPS_ech_obs_thosimult,STAR_WAVE_K3,8.22763571355597E-06,5.26129418552992E-07,0,0,0
GJ2046,88.51851,-60.02445,2453981.9214538,4.276874,0.976224,31338.171161,1.069884,9.082436,0.564825,31336.705418,0.466841,-7.652214,0.565643,6.511197,4.840443,-7.535447,1.04162,0.534535,0.000679,0.189045,0.000689,0.251442,0.000873,0,5.90854,43.475158,0.005833,31.1,117.4,2453981.92156,3.391726,3.391581,-0.039,-9999999,0.005351,-1.241576,0.796232,-1.471094,0.962658,0.42,193.2004,6.506146,4.833328,2006-09-03T10:05:44.971,-9999999,K5,072.C-0488(E),Mayor,-9999999,HARPS_ech_obs_all,HARPS_ech_obs_thosimult,STAR_WAVE_K3,1.14792873744999E-05,5.59157585330666E-07,0,0,0
GJ2046,88.51851,-60.02445,2453981.9241313,4.375487,0.979676,31338.127985,1.071546,9.180087,0.570768,31336.656994,0.470635,-7.530451,0.571607,10.031841,5.145396,-6.556554,1.111189,0.534461,0.000681,0.188464,0.000692,0.252064,0.000879,0,5.910869,43.471294,0.007402,31.1,116.8,2453981.92423,3.388647,3.388514,0.047,-9999999,0.005351,-1.242539,0.796234,-1.476342,0.96266,0.44,193.2002,10.031437,5.136169,2006-09-03T10:09:32.443,-9999999,K5,072.C-0488(E),Mayor,-9999999,HARPS_ech_obs_all,HARPS_ech_obs_thosimult,STAR_WAVE_K3,1.03949281542968E-05,6.00139431756749E-07,0,0,0
GJ2046,88.51851,-60.02445,2453981.926753,4.26189,0.973698,31337.343364,1.067873,9.065547,0.560443,31335.867234,0.462207,-7.593806,0.561314,5.921594,5.758402,-5.342112,1.002672,0.533874,0.000668,0.189038,0.00068,0.25035,0.000859,0,5.910181,43.449038,0.006052,31.1,118.9,2453981.92686,3.385609,3.385464,0.52,-9999999,0.005351,-1.243481,0.796235,-1.481481,0.962662,0.44,193.1999,5.911889,5.752067,2006-09-03T10:13:18.954,-9999999,K5,072.C-0488(E),Mayor,-9999999,HARPS_ech_obs_all,HARPS_ech_obs_thosimult,STAR_WAVE_K3,1.02767721915569E-05,5.82562859465501E-07,0,0,0
GJ2046,88.51851,-60.02445,2454047.8045987,-5.598149,0.889466,31329.419701,0.99097,0.881257,0.295596,31329.377415,0.242179,-15.77433,0.296253,1.659047,3.313448,-12.04748,0.505755,0.5327,0.000348,0.188613,0.000347,0.250214,0.00044,0,5.904842,43.531297,0.007853,31.1,228.4,2454047.80472,2.082723,2.082581,0.543,-9999999,0.00569,0.432268,0.838911,-0.047976,0.960922,0.5,750.0015,1.648484,3.269677,2006-11-08T07:11:37.368,-9999999,K5,072.C-0488(E),Mayor,-9999999,HARPS_ech_obs_all,HARPS_ech_obs_thosimult,STAR_WAVE_K3,9.18417827303425E-06,4.72398534690592E-07,0,0,0
GJ2046,88.51851,-60.02445,2454049.8004783,0.50665,0.842234,31334.836242,0.983584,6.486138,0.270097,31334.772261,0.217977,-10.228423,0.270752,2.052574,2.753472,-14.004473,0.565178,0.53183,0.000313,0.188781,0.000312,0.250349,0.000395,0,5.902047,43.546299,0.008667,31.1,253.9,2454049.80059,1.985736,1.985605,0.423,-9999999,0.005701,-0.06765,0.79775,-0.069682,0.959127,0.49,757.301,2.044312,2.725311,2006-11-10T07:05:44.120,-9999999,K5,072.C-0488(E),Mayor,-9999999,HARPS_ech_obs_all,HARPS_ech_obs_thosimult,STAR_WAVE_K3,9.32523428973549E-06,3.98264922918502E-07,0,0,0
GJ2046,88.51851,-60.02445,2454051.8151632,-1.40989,0.877969,31332.747154,0.93689,5.058636,0.345905,31332.684358,0.286836,-11.636124,0.346493,-1.008333,3.473486,-14.251876,0.666186,0.531392,0.000416,0.189611,0.000417,0.250714,0.000527,0,5.901172,43.551812,0.005654,31.1,191.8,2454051.81528,1.86122,1.861094,0.113,-9999999,0.005711,0.421387,0.806956,-0.068507,0.891902,0.51,900.0018,-1.007997,3.443467,2006-11-12T07:25:23.855,-9999999,K5,072.C-0488(E),Mayor,-9999999,HARPS_ech_obs_all,HARPS_ech_obs_thosimult,STAR_WAVE_K3,9.68720457397557E-06,5.87059212616512E-07,0,0,0
GJ2046,88.51851,-60.02445,2454053.8250959,-1.384042,0.753108,31332.458077,0.780043,4.45759,0.261806,31332.413741,0.209571,-12.156377,0.262531,2.029925,2.519064,-15.818814,0.572945,0.537811,0.000305,0.191836,0.000301,0.250964,0.000383,0,5.898601,43.560869,0.006837,31.1,262.4,2454053.82521,1.740683,1.74056,-0.124,-9999999,0.005721,-0.205506,0.706136,-0.050057,0.751363,0.48,600.001,2.0272,2.478232,2006-11-14T07:42:31.981,-9999999,K5,072.C-0488(E),Mayor,-9999999,HARPS_ech_obs_all,HARPS_ech_obs_thosimult,STAR_WAVE_K3,9.58486677668599E-06,4.2598535558093E-07,0,0,0
GJ2046,88.51851,-60.02445,2454055.8299946,-5.377888,0.620832,31329.905056,0.652394,0.265605,0.260059,31329.170587,0.208861,-16.426485,0.260684,4.993586,2.497457,-14.321711,0.547901,0.533477,0.000292,0.191916,0.000292,0.247289,0.000374,0,5.899508,43.545281,0.007587,31.1,269.4,2454055.83011,1.624584,1.624474,0.059,-9999999,0.005732,-0.403645,0.563739,-0.740201,0.618058,0.49,757.3006,4.976407,2.418939,2006-11-16T07:48:11.148,-9999999,K5,072.C-0488(E),Mayor,-9999999,HARPS_ech_obs_all,HARPS_ech_obs_thosimult,STAR_WAVE_K3,9.52046373433095E-06,4.30966089268882E-07,0,0,0
GJ2046,88.51851,-60.02445,2454077.7372954,-3.10716,0.771865,31331.2478,0.787917,2.620972,0.241106,31331.030258,0.190314,-14.063731,0.241354,4.261995,2.46836,-14.139183,0.535595,0.531462,0.000272,0.189198,0.000272,0.249564,0.000343,0,5.900414,43.541651,0.008578,31.1,291.9,2454077.73742,0.42408,0.423953,0.103,-9999999,0.005844,-0.319007,0.733242,-0.223386,0.764587,0.53,719.9998,4.2566,2.41333,2006-12-08T05:34:24.669,-9999999,K5,072.C-0488(E),Mayor,-9999999,HARPS_ech_obs_all,HARPS_ech_obs_thosimult,STAR_WAVE_K3,9.7225893655255E-06,4.35532966552998E-07,0,0,0
GJ2046,88.51851,-60.02445,2454079.7065934,6.120979,0.754443,31341.009589,0.845111,11.882317,0.305029,31340.359351,0.249751,-4.837683,0.305179,-4.051361,3.527452,-13.91958,0.593971,0.533019,0.000359,0.188807,0.000359,0.249877,0.000455,0,5.901404,43.542247,0.007171,31.1,221,2454079.70672,0.338194,0.338069,0.816,-9999999,0.005855,-0.2858,0.69003,-0.656093,0.807364,0.5,719.9991,-4.051353,3.520576,2006-12-10T04:50:33.403,-9999999,K5,072.C-0488(E),Mayor,-9999999,HARPS_ech_obs_all,HARPS_ech_obs_thosimult,STAR_WAVE_K3,9.16628400236754E-06,4.46183816869045E-07,0,0,0
GJ2046,88.51851,-60.02445,2454081.7147083,1.833531,0.938101,31335.496684,1.036633,8.113314,0.380958,31335.687345,0.316515,-8.561719,0.38088,6.131942,4.213955,-14.062745,0.745223,0.527968,0.000456,0.189409,0.00046,0.24846,0.000579,0,5.90245,43.537934,0.006093,31.1,174.2,2454081.7148,0.199907,0.199835,-1.122,-9999999,0.005865,0.232645,0.857266,0.184796,0.98713,0.4,720.0012,6.121633,4.194099,2006-12-12T05:03:26.384,-9999999,K5,072.C-0488(E),Mayor,-9999999,HARPS_ech_obs_all,HARPS_ech_obs_thosimult,STAR_WAVE_K3,9.60242271118692E-06,5.58072991821292E-07,0,0,0
GJ2046,88.51851,-60.02445,2454083.7634125,2.201226,0.836068,31337.46583,0.913889,9.061415,0.400738,31337.641406,0.332697,-7.642358,0.400678,4.105748,3.474131,-13.989852,0.71919,0.53551,0.000469,0.192986,0.000475,0.24544,0.000605,0,5.903373,43.541223,0.007024,31.1,167.7,2454083.76354,0.007893,0.007778,0.312,-9999999,0.005876,0.813051,0.73377,0.1697,0.851179,0.51,720.0007,4.118212,3.456668,2006-12-14T06:12:15.149,-9999999,K5,072.C-0488(E),Mayor,-9999999,HARPS_ech_obs_all,HARPS_ech_obs_thosimult,STAR_WAVE_K3,9.36983590167812E-06,4.85141174215866E-07,0,0,0
GJ2046,88.51851,-60.02445,2454115.6117993,-5.809366,0.975886,31330.244748,0.946497,1.440959,0.835323,31331.028546,0.693757,-15.237975,0.835127,8.041055,7.488009,-7.481045,1.492363,0.536663,0.000998,0.192458,0.001033,0.248044,0.001302,0,5.910143,43.483516,0.008842,31.1,80.6,2454115.61193,-1.753476,-1.753614,-0.485,-9999999,0.00604,1.203187,0.504568,0.777758,0.643862,0.54,450.0013,8.048203,7.466114,2007-01-15T02:36:07.980,-9999999,K5,072.C-0488(E),Mayor,-9999999,HARPS_ech_obs_all,HARPS_ech_obs_thosimult,STAR_WAVE_K3,9.47488700117629E-06,5.95075404567273E-07,0,0,0
GJ2046,88.51851,-60.02445,2454115.6176105,-3.174437,0.874631,31331.616314,0.87308,4.0738,0.714418,31332.388721,0.589672,-12.601269,0.714266,-1.112355,5.011902,-8.884979,1.280518,0.534987,0.000874,0.19291,0.00089,0.247127,0.001121,0,5.908923,43.491711,0.010333,31.1,92.4,2454115.61771,-1.761191,-1.761293,-0.322,-9999999,0.00604,1.201098,0.504566,0.766367,0.64386,0.42,450.0016,-1.116996,4.989044,2007-01-15T02:45:24.071,-9999999,K5,072.C-0488(E),Mayor,-9999999,HARPS_ech_obs_all,HARPS_ech_obs_thosimult,STAR_WAVE_K3,1.09603288945195E-05,6.50605395605264E-07,0,0,0
GJ2046,88.51851,-60.02445,2454120.674933,0.079585,0.931734,31335.451492,1.031151,6.734506,0.364998,31335.535833,0.29807,-9.918245,0.364938,-1.456564,3.654393,1.706817,1.446257,0.532447,0.000429,0.193315,0.000433,0.252393,0.000544,0,5.909788,43.353658,0.007251,31.1,186.5,2454120.67504,-2.105623,-2.105719,-0.546,-9999999,0.006066,0.607782,0.857266,0.078275,0.987131,0.48,449.9991,-1.45753,3.636298,2007-01-20T04:07:32.512,-9999999,K5,072.C-0488(E),Mayor,-9999999,HARPS_ech_obs_all,HARPS_ech_obs_thosimult,STAR_WAVE_K3,1.00952674066767E-05,5.1552224547125E-07,0,0,0
GJ2046,88.51851,-60.02445,2454120.6810262,-0.979058,0.928202,31334.345096,1.028749,5.673673,0.355884,31334.417493,0.289652,-11.008919,0.355964,2.95244,3.489548,0.886287,1.373918,0.532601,0.000419,0.193879,0.000423,0.252247,0.00053,0,5.907102,43.378871,0.010417,31.1,191.2,2454120.68114,-2.113052,-2.113161,-0.308,-9999999,0.006066,0.605593,0.857266,0.066331,0.98713,0.47,449.9985,2.945032,3.454754,2007-01-20T04:16:23.460,-9999999,K5,072.C-0488(E),Mayor,-9999999,HARPS_ech_obs_all,HARPS_ech_obs_thosimult,STAR_WAVE_K3,9.3764542456455E-06,5.59087707143429E-07,0,0,0
GJ2046,88.51851,-60.02445,2454121.6404814,-0.431393,0.936729,31334.551781,1.035669,6.235909,0.377557,31334.703657,0.313329,-10.45589,0.377643,0.768561,3.140623,-9.041211,0.720406,0.530671,0.000449,0.190717,0.000454,0.247004,0.000567,0,5.907122,43.500005,0.007015,31.1,177.3,2454121.64059,-2.113902,-2.114018,0.613,-9999999,0.006071,0.620164,0.85727,0.145805,0.987135,0.48,449.9995,0.756468,3.120959,2007-01-21T03:17:56.461,-9999999,K5,072.C-0488(E),Mayor,-9999999,HARPS_ech_obs_all,HARPS_ech_obs_thosimult,STAR_WAVE_K3,1.01253196719583E-05,5.28720967729862E-07,0,0,0
GJ2046,88.51851,-60.02445,2454121.6463243,-1.529616,0.930337,31333.9445,1.031642,5.135586,0.361408,31334.084923,0.299754,-11.529352,0.361479,1.264776,3.245036,-9.86637,0.556282,0.531482,0.000434,0.191433,0.000437,0.246943,0.000546,0,5.90712,43.508955,0.007882,31.1,184.1,2454121.64644,-2.121485,-2.121597,0.618,-9999999,0.006071,0.618064,0.857269,0.134352,0.987134,0.49,449.9999,1.269626,3.219389,2007-01-21T03:26:16.788,-9999999,K5,072.C-0488(E),Mayor,-9999999,HARPS_ech_obs_all,HARPS_ech_obs_thosimult,STAR_WAVE_K3,1.00661787509826E-05,4.88349249125852E-07,0,0,0
GJ2046,88.51851,-60.02445,2454136.6081068,-0.541948,0.64383,31333.871101,0.534932,6.894899,0.300737,31335.307426,0.245473,-9.819415,0.301112,0.086574,2.786092,-13.697612,0.576492,0.532707,0.000355,0.189179,0.000354,0.249178,0.000447,0,5.901728,43.535019,0.006252,31.1,224.7,2454136.60823,-2.765639,-2.765771,0.102,-9999999,0.006148,1.389709,0.569275,1.430177,0.475285,0.49,449.9988,0.060606,2.751743,2007-02-05T02:31:25.186,-9999999,K5,072.C-0488(E),Mayor,-9999999,HARPS_ech_obs_all,HARPS_ech_obs_thosimult,STAR_WAVE_K3,9.39556551835194E-06,4.95089493406076E-07,0,0,0
GJ2046,88.51851,-60.02445,2454136.6136163,-0.461822,0.63695,31334.037591,0.529142,6.973045,0.285716,31335.463117,0.23259,-9.739666,0.286013,2.499379,2.783472,-13.121113,0.572656,0.532019,0.00034,0.189102,0.000337,0.249422,0.000426,0,5.904462,43.527966,0.007297,31.1,235.8,2454136.61374,-2.772636,-2.772762,0.476,-9999999,0.006148,1.387729,0.569273,1.419378,0.475282,0.48,449.9998,2.487126,2.753147,2007-02-05T02:39:25.712,-9999999,K5,072.C-0488(E),Mayor,-9999999,HARPS_ech_obs_all,HARPS_ech_obs_thosimult,STAR_WAVE_K3,9.84229671491882E-06,4.30935441349516E-07,0,0,0
GJ2046,88.51851,-60.02445,2454137.5997425,-0.210534,0.602649,31333.656018,0.625025,5.70734,0.293375,31333.949758,0.238436,-10.994766,0.293747,0.794085,2.461312,-13.327682,0.579689,0.531848,0.000339,0.188515,0.00034,0.249154,0.00043,0,5.902676,43.534952,0.007129,31.1,233.6,2454137.59986,-2.794783,-2.794904,-0.178,-9999999,0.006153,-0.129264,0.526419,0.287587,0.577758,0.49,450.0018,0.768842,2.411939,2007-02-06T02:19:23.294,-9999999,K5,072.C-0488(E),Mayor,-9999999,HARPS_ech_obs_all,HARPS_ech_obs_thosimult,STAR_WAVE_K3,1.01124295532242E-05,4.59528932968351E-07,0,0,0
GJ2046,88.51851,-60.02445,2454137.6052105,-0.744842,0.603477,31333.502697,0.625597,5.171067,0.295077,31333.785719,0.23994,-11.485805,0.295604,1.73765,2.693915,-14.013707,0.511756,0.532262,0.000337,0.189695,0.00034,0.249644,0.000429,0,5.904112,43.540408,0.007165,31.1,234.2,2454137.60532,-2.801785,-2.801894,0.003,-9999999,0.006153,-0.131229,0.526417,0.276869,0.577755,0.47,450.002,1.71783,2.652673,2007-02-06T02:27:24.730,-9999999,K5,072.C-0488(E),Mayor,-9999999,HARPS_ech_obs_all,HARPS_ech_obs_thosimult,STAR_WAVE_K3,9.41876470250065E-06,4.9751848305642E-07,0,0,0
GJ2046,88.51851,-60.02445,2454141.6059465,-0.786102,0.58805,31333.714601,0.550542,4.51173,0.417084,31333.074542,0.356621,-12.220407,0.417323,5.015919,3.695364,-7.988309,0.685785,0.530828,0.000497,0.19052,0.000508,0.247538,0.000636,0,5.909814,43.475106,0.005742,31.1,158.4,2454141.60605,-2.953296,-2.953405,-0.12,-9999999,0.006173,-0.749306,0.414541,-0.646232,0.419425,0.45,449.9969,4.99451,3.66528,2007-02-10T02:28:40.581,-9999999,K5,072.C-0488(E),Mayor,-9999999,HARPS_ech_obs_all,HARPS_ech_obs_thosimult,STAR_WAVE_K3,9.37817988842689E-06,4.68681366933017E-07,0,0,0
GJ2046,88.51851,-60.02445,2454141.6116728,-0.451457,0.578354,31333.592428,0.543065,4.844317,0.403301,31332.941144,0.344971,-11.836441,0.403458,4.379693,3.676702,-8.146493,0.76037,0.531625,0.00048,0.189796,0.000489,0.247209,0.000614,0,5.909485,43.486066,0.006901,31.1,164,2454141.61179,-2.960382,-2.960502,0.001,-9999999,0.006173,-0.751364,0.414538,-0.657457,0.419422,0.48,450.0014,4.356018,3.646195,2007-02-10T02:36:41.836,-9999999,K5,072.C-0488(E),Mayor,-9999999,HARPS_ech_obs_all,HARPS_ech_obs_thosimult,STAR_WAVE_K3,9.97944073485501E-06,4.96975951360207E-07,0,0,0
GJ2046,88.51851,-60.02445,2454143.5573227,1.89112,0.610164,31336.185561,0.6114,7.369586,0.366883,31335.746875,0.310765,-9.359895,0.366932,-3.364296,3.44959,-9.605004,0.637918,0.533289,0.000439,0.190604,0.000445,0.246748,0.000556,0,5.905815,43.496855,0.007707,31.1,180.4,2454143.55743,-2.961005,-2.961118,-1.293,-9999999,0.006183,-0.568672,0.487542,-0.444869,0.526531,0.46,449.9993,-3.394375,3.427882,2007-02-12T01:18:36.624,-9999999,K5,072.C-0488(E),Mayor,-9999999,HARPS_ech_obs_all,HARPS_ech_obs_thosimult,STAR_WAVE_K3,1.02290244468606E-05,5.38728499903229E-07,0,0,0
GJ2046,88.51851,-60.02445,2454143.5631006,1.497801,0.599759,31335.919806,0.603744,6.974191,0.34931,31335.469795,0.295425,-9.725468,0.349476,0.780181,3.286698,-8.533986,0.69,0.534154,0.000416,0.189858,0.000419,0.247866,0.000527,0,5.906538,43.491452,0.007747,31.1,190.4,2454143.56322,-2.968553,-2.968687,-1.302,-9999999,0.006183,-0.570748,0.487538,-0.456194,0.526527,0.5,450.0004,0.757915,3.26084,2007-02-12T01:26:37.840,-9999999,K5,072.C-0488(E),Mayor,-9999999,HARPS_ech_obs_all,HARPS_ech_obs_thosimult,STAR_WAVE_K3,1.0010730455807E-05,4.73278044510082E-07,0,0,0
GJ2046,88.51851,-60.02445,2454167.5435255,0.028511,0.750236,31334.322477,0.741657,6.730332,0.232726,31335.190188,0.182746,-9.975008,0.233237,-7.604695,2.780075,-15.0848,0.545905,0.53439,0.000258,0.189388,0.000259,0.246924,0.000325,0,5.901457,43.543472,0.008473,31.1,306.8,2454167.54364,-3.480343,-3.480481,0.088,-9999999,0.006307,0.654683,0.713227,0.861404,0.71879,0.49,899.9945,-7.63759,2.731462,2007-03-08T00:55:12.852,-9999999,K5,072.C-0488(E),Mayor,-9999999,HARPS_ech_obs_all,HARPS_ech_obs_thosimult,STAR_WAVE_K3,9.66133929065397E-06,4.76114770206285E-07,0,0,0
GJ2046,88.51851,-60.02445,2454169.5178126,-1.64005,0.816298,31333.074195,0.871185,2.79587,0.209524,31331.590869,0.160522,-13.86828,0.210206,6.905086,2.172863,-16.388468,0.459565,0.534941,0.00023,0.189623,0.000229,0.247108,0.000288,0,5.899446,43.557195,0.008333,31.1,346.1,2454169.51793,-3.467175,-3.467317,0.452,-9999999,0.006317,-1.611218,0.78895,-1.489643,0.856269,0.49,900.0022,6.883039,2.105019,2007-03-10T00:18:13.189,-9999999,K5,072.C-0488(E),Mayor,-9999999,HARPS_ech_obs_all,HARPS_ech_obs_thosimult,STAR_WAVE_K3,9.94748512122759E-06,4.59078580659017E-07,0,0,0
GJ2046,88.51851,-60.02445,2454171.5387658,-5.794818,0.693894,31328.833385,0.749833,0.056171,0.211078,31328.743232,0.161373,-16.611531,0.211727,5.421413,2.575094,-15.406864,0.539927,0.532473,0.000226,0.189562,0.000228,0.243511,0.000284,0,5.902401,43.551323,0.006508,31.1,349.8,2454171.53889,-3.506611,-3.50675,-0.265,-9999999,0.006328,-0.19615,0.66101,-0.096481,0.732263,0.49,899.995,5.384276,2.49804,2007-03-12T00:48:25.539,-9999999,K5,072.C-0488(E),Mayor,-9999999,HARPS_ech_obs_all,HARPS_ech_obs_thosimult,STAR_WAVE_K3,9.61678392308353E-06,4.21527959422495E-07,0,0,0
GJ2046,88.51851,-60.02445,2454173.5435971,-3.297891,0.526311,31331.40327,0.535292,1.981877,0.22249,31330.619664,0.17379,-14.677183,0.22295,6.498953,2.633484,-12.797622,0.469202,0.532144,0.000252,0.18956,0.000251,0.243951,0.000313,0,5.905048,43.5296,0.008011,31.1,317.7,2454173.54371,-3.521825,-3.521946,0.071,-9999999,0.006338,-0.76737,0.476971,-0.789944,0.506294,0.48,899.9953,6.480364,2.559982,2007-03-14T00:55:33.948,-9999999,K5,072.C-0488(E),Mayor,-9999999,HARPS_ech_obs_all,HARPS_ech_obs_thosimult,STAR_WAVE_K3,1.02176093764955E-05,4.13379970756082E-07,0,0,0
GJ2046,88.51851,-60.02445,2454194.4982141,-3.679494,0.92095,31330.426495,1.025716,2.803873,0.336383,31330.903084,0.278489,-13.885449,0.336881,3.584972,2.9399,-13.336213,0.605842,0.532064,0.00039,0.193103,0.000392,0.247993,0.000495,0,5.903002,43.524463,0.008289,31.1,202.8,2454194.49833,-3.324799,-3.324938,0.367,-9999999,0.006446,0.436228,0.857318,0.470143,0.987187,0.46,419.9986,3.56614,2.88849,2007-04-03T23:54:31.940,-9999999,K5,072.C-0488(E),Mayor,-9999999,HARPS_ech_obs_all,HARPS_ech_obs_thosimult,STAR_WAVE_K3,1.03418322956535E-05,4.8376986784102E-07,0,0,0
GJ2046,88.51851,-60.02445,2454194.5035847,-2.829769,0.923886,31331.663762,1.027275,3.651667,0.344348,31332.129824,0.284187,-12.965181,0.344652,-2.763775,3.263989,-12.583714,0.610412,0.53179,0.000398,0.193362,0.0004,0.247123,0.000504,0,5.904004,43.518646,0.008651,31.1,198.9,2454194.5037,-3.330446,-3.330579,0.376,-9999999,0.006446,0.434298,0.857316,0.459616,0.987184,0.49,419.999,-2.786938,3.216217,2007-04-04T00:02:03.365,-9999999,K5,072.C-0488(E),Mayor,-9999999,HARPS_ech_obs_all,HARPS_ech_obs_thosimult,STAR_WAVE_K3,1.00145333435583E-05,4.27572472094609E-07,0,0,0
GJ2046,88.51851,-60.02445,2454196.4981359,3.798554,0.944283,31337.689737,1.040738,10.281949,0.395823,31338.16649,0.329543,-6.394186,0.396087,1.843236,3.781878,-11.771239,0.678919,0.530793,0.000462,0.193763,0.000468,0.246225,0.000588,0,5.905127,43.512795,0.006508,31.1,170.9,2454196.49825,-3.288214,-3.288351,0.396,-9999999,0.006456,0.436256,0.857318,0.470297,0.987187,0.49,419.9973,1.816034,3.768272,2007-04-05T23:54:14.429,-9999999,K5,072.C-0488(E),Mayor,-9999999,HARPS_ech_obs_all,HARPS_ech_obs_thosimult,STAR_WAVE_K3,1.044676341363E-05,5.60405056221625E-07,0,0,0
GJ2046,88.51851,-60.02445,2454196.5032621,3.137065,0.940508,31337.542423,1.038656,9.618617,0.386737,31338.009127,0.322915,-7.041484,0.387092,0.564909,3.70907,-11.666854,0.777687,0.530288,0.000454,0.193507,0.000459,0.246847,0.000578,0,5.904198,43.504178,0.009909,31.1,174.1,2454196.50338,-3.293472,-3.293605,0.258,-9999999,0.006456,0.434414,0.857316,0.460248,0.987184,0.47,419.9968,0.552048,3.695131,2007-04-06T00:01:45.734,-9999999,K5,072.C-0488(E),Mayor,-9999999,HARPS_ech_obs_all,HARPS_ech_obs_thosimult,STAR_WAVE_K3,1.04527670802365E-05,4.88406401299295E-07,0,0,0
GJ2046,88.51851,-60.02445,2454197.4942414,0.392466,0.869648,31334.880908,0.8574,5.621861,0.365276,31333.738461,0.302139,-11.095982,0.365379,6.22595,3.603555,-13.756463,0.658101,0.530463,0.000426,0.194638,0.000432,0.245803,0.00054,0,5.900929,43.527916,0.007056,31.1,185.9,2454197.49435,-3.264526,-3.264664,0.279,-9999999,0.006461,-0.817743,0.789215,-1.148908,0.802401,0.46,419.9994,6.213109,3.576607,2007-04-06T23:48:51.445,-9999999,K5,072.C-0488(E),Mayor,-9999999,HARPS_ech_obs_all,HARPS_ech_obs_thosimult,STAR_WAVE_K3,9.912752275852E-06,4.58469112752377E-07,0,0,0
GJ2046,88.51851,-60.02445,2454197.4995703,-0.157219,0.871381,31334.651599,0.858263,5.070261,0.36939,31333.498707,0.30459,-11.633476,0.369531,9.553501,2.829,-11.77433,0.703107,0.529932,0.000428,0.194364,0.000434,0.246721,0.000544,0,5.905423,43.515108,0.007564,31.1,184.7,2454197.49969,-3.270014,-3.270153,0.331,-9999999,0.006461,-0.819658,0.789212,-1.159353,0.802397,0.48,420.001,9.53581,2.787662,2007-04-06T23:56:23.469,-9999999,K5,072.C-0488(E),Mayor,-9999999,HARPS_ech_obs_all,HARPS_ech_obs_thosimult,STAR_WAVE_K3,1.02506789621069E-05,5.14227887594425E-07,0,0,0
GJ2046,88.51851,-60.02445,2454198.5071983,-5.329975,0.478825,31328.276379,0.461682,1.484026,0.32585,31329.412198,0.267206,-15.210955,0.326215,1.737617,3.414875,-11.987246,0.656685,0.529808,0.000373,0.192907,0.000376,0.246271,0.000473,0,5.904822,43.513171,0.008027,31.1,211.5,2454198.5073,-3.256909,-3.257026,0.16,-9999999,0.006466,0.766862,0.350849,1.129353,0.376498,0.46,420.0018,1.723397,3.365323,2007-04-08T00:07:31.838,-9999999,K5,072.C-0488(E),Mayor,-9999999,HARPS_ech_obs_all,HARPS_ech_obs_thosimult,STAR_WAVE_K3,9.94299420848529E-06,4.91840523323695E-07,0,0,0
GJ2046,88.51851,-60.02445,2454198.5125191,-5.195816,0.488076,31328.775332,0.468918,1.616272,0.339304,31329.900721,0.279532,-15.102172,0.339695,1.795767,3.89847,-11.379304,0.586993,0.529565,0.000387,0.193882,0.000393,0.245973,0.000493,0,5.904923,43.518127,0.008978,31.1,203,2454198.51264,-3.261975,-3.262111,0.33,-9999999,0.006466,0.76495,0.350843,1.118923,0.376491,0.48,420.0014,1.787419,3.853606,2007-04-08T00:15:03.163,-9999999,K5,072.C-0488(E),Mayor,-9999999,HARPS_ech_obs_all,HARPS_ech_obs_thosimult,STAR_WAVE_K3,1.03167232316474E-05,5.95556148129893E-07,0,0,0
GJ2046,88.51851,-60.02445,2454199.4945658,-3.433722,0.672291,31330.406507,1.015115,2.882505,0.312737,31331.420094,0.255475,-13.812991,0.313148,10.849507,3.485749,-12.057158,0.587429,0.530207,0.000357,0.193691,0.00036,0.244802,0.000451,0,5.903421,43.509273,0.007322,31.1,221.7,2454199.49468,-3.222839,-3.22297,0.115,-9999999,0.006472,0.269089,0.595122,1.007115,0.982442,0.47,420.0007,10.83979,3.450667,2007-04-08T23:49:17.080,-9999999,K5,072.C-0488(E),Mayor,-9999999,HARPS_ech_obs_all,HARPS_ech_obs_thosimult,STAR_WAVE_K3,1.08239270762423E-05,5.00771927171243E-07,0,0,0
GJ2046,88.51851,-60.02445,2454199.4998353,-2.838561,0.674684,31330.417175,1.01631,3.475773,0.317856,31331.420432,0.260193,-13.229269,0.318223,3.792365,3.285946,-10.347087,0.494807,0.529885,0.000364,0.19419,0.000367,0.244813,0.000459,0,5.905495,43.496419,0.006419,31.1,217.6,2454199.49995,-3.228113,-3.228247,0.308,-9999999,0.006472,0.267195,0.595118,0.996785,0.982439,0.48,420.0018,3.770275,3.249159,2007-04-08T23:56:48.164,-9999999,K5,072.C-0488(E),Mayor,-9999999,HARPS_ech_obs_all,HARPS_ech_obs_thosimult,STAR_WAVE_K3,1.01364551440732E-05,4.81021217649851E-07,0,0,0
GJ2046,88.51851,-60.02445,2454200.482371,0.15734,0.732176,31334.424651,0.83654,5.490683,0.337408,31333.848367,0.278191,-11.226021,0.337673,3.973556,3.476091,-11.32965,0.567194,0.52936,0.000403,0.194068,0.000402,0.244966,0.000503,0,5.903398,43.51435,0.007799,31.1,199.3,2454200.48249,-3.187908,-3.188041,0.238,-9999999,0.006477,-0.713795,0.649798,-0.582761,0.788929,0.48,419.9985,3.95508,3.446394,2007-04-09T23:31:40.128,-9999999,K5,072.C-0488(E),Mayor,-9999999,HARPS_ech_obs_all,HARPS_ech_obs_thosimult,STAR_WAVE_K3,1.05181134746349E-05,4.99479943153383E-07,0,0,0
GJ2046,88.51851,-60.02445,2454200.4875429,1.214537,0.733768,31335.421561,0.837817,6.546022,0.340855,31334.835139,0.282018,-10.163792,0.341166,5.865408,3.579132,-10.767934,0.519276,0.529395,0.000412,0.19362,0.00041,0.245718,0.000514,0,5.905538,43.505798,0.006995,31.1,195.7,2454200.48765,-3.193307,-3.193437,-0.079,-9999999,0.006477,-0.715654,0.649795,-0.592899,0.788925,0.47,419.998,5.84855,3.556645,2007-04-09T23:39:11.183,-9999999,K5,072.C-0488(E),Mayor,-9999999,HARPS_ech_obs_all,HARPS_ech_obs_thosimult,STAR_WAVE_K3,1.0178269221374E-05,4.88682448330083E-07,0,0,0
GJ2046,88.51851,-60.02445,2454202.493353,-1.106511,0.951334,31333.794261,1.047478,5.178277,0.412356,31334.28042,0.350239,-11.523622,0.412481,-1.209259,3.621404,-9.376963,0.680348,0.531086,0.000499,0.191836,0.000501,0.24345,0.000637,0,5.905718,43.501688,0.008117,31.1,159.3,2454202.49346,-3.151727,-3.151846,0.047,-9999999,0.006487,0.23765,0.857321,0.479672,0.987189,0.45,419.9997,-1.231845,3.597795,2007-04-11T23:47:43.342,-9999999,K5,072.C-0488(E),Mayor,-9999999,HARPS_ech_obs_all,HARPS_ech_obs_thosimult,STAR_WAVE_K3,9.06489456621797E-06,4.70363334867545E-07,0,0,0
GJ2046,88.51851,-60.02445,2454202.4987636,-0.837607,0.951644,31333.835253,1.04785,5.445236,0.413076,31334.310806,0.351358,-11.220372,0.413288,-0.876862,4.028251,-8.693557,0.746253,0.531611,0.000497,0.193285,0.000502,0.243131,0.000635,0,5.908909,43.494341,0.008257,31.1,159.6,2454202.49888,-3.156939,-3.157056,-0.043,-9999999,0.006487,0.235705,0.857318,0.469066,0.987186,0.49,419.9962,-0.893476,4.009285,2007-04-11T23:55:14.025,-9999999,K5,072.C-0488(E),Mayor,-9999999,HARPS_ech_obs_all,HARPS_ech_obs_thosimult,STAR_WAVE_K3,9.22896659231994E-06,4.83307194890839E-07,0,0,0
GJ2046,88.51851,-60.02445,2454225.48687,5.834124,1.03581,31340.494891,1.102898,12.056117,0.581289,31340.438338,0.491766,-4.638417,0.581142,1.268016,4.822907,-4.201905,0.995054,0.532469,0.000686,0.193073,0.000704,0.244148,0.000893,0,5.909579,43.45143,0.0073,31.1,114.9,2454225.48698,-2.359557,-2.359668,-0.172,-9999999,0.006605,0.174855,0.857324,-0.063158,0.987193,0.46,400.0007,1.2546,4.816074,2007-05-04T23:38:45.699,-9999999,K5,072.C-0488(E),Mayor,-9999999,HARPS_ech_obs_all,HARPS_ech_obs_thosimult,STAR_WAVE_K3,1.17358685483354E-05,6.63248277726339E-07,0,0,0
GJ2046,88.51851,-60.02445,2454225.4916256,6.010329,1.140234,31339.980397,1.170374,12.230613,0.751753,31339.914522,0.628674,-4.531721,0.75146,0.160643,5.875592,-2.924737,1.253004,0.531654,0.000874,0.193911,0.000914,0.243626,0.001156,0,5.910059,43.432614,0.008698,31.1,90,2454225.49172,-2.362431,-2.362538,-0.126,-9999999,0.006605,0.173146,0.857322,-0.07248,0.98719,0.41,400.0005,0.149462,5.87099,2007-05-04T23:45:56.583,-9999999,K5,072.C-0488(E),Mayor,-9999999,HARPS_ech_obs_all,HARPS_ech_obs_thosimult,STAR_WAVE_K3,9.12193258075017E-06,6.91692290170447E-07,0,0,0
GJ2046,88.51851,-60.02445,2454228.4789899,0.427082,1.051671,31334.917676,0.996371,4.893721,0.632166,31333.18008,0.531343,-11.680025,0.632072,-5.903866,5.057758,-12.587901,1.194487,0.534594,0.000763,0.19437,0.000779,0.24409,0.000987,0,5.907862,43.531905,0.009596,31.1,104.5,2454228.47911,-2.224234,-2.224347,0.027,-9999999,0.006621,-1.580499,0.840463,-1.744217,0.842869,0.48,399.9944,-5.904065,5.036717,2007-05-07T23:27:18.692,-9999999,K5,072.C-0488(E),Mayor,-9999999,HARPS_ech_obs_all,HARPS_ech_obs_thosimult,STAR_WAVE_K3,8.99504662327639E-06,5.89417008160574E-07,0,0,0
GJ2046,88.51851,-60.02445,2454228.4838862,0.15437,0.98617,31335.328353,0.949657,4.619249,0.515906,31333.581159,0.437523,-12.133695,0.515729,6.968044,3.984808,-8.298235,1.000524,0.534439,0.000617,0.193092,0.000625,0.246262,0.000797,0,5.912547,43.491552,0.00878,31.1,128.6,2454228.48399,-2.227171,-2.227272,0.265,-9999999,0.006621,-1.582259,0.84046,-1.753815,0.842866,0.46,399.9952,6.953825,3.963655,2007-05-07T23:34:29.734,-9999999,K5,072.C-0488(E),Mayor,-9999999,HARPS_ech_obs_all,HARPS_ech_obs_thosimult,STAR_WAVE_K3,1.13554263991628E-05,6.64398315708518E-07,0,0,0
GJ2046,88.51851,-60.02445,2454229.4821185,-2.560626,0.96727,31332.375388,0.945268,4.18015,0.542466,31333.04453,0.459145,-12.484794,0.542513,-2.446093,4.746024,-9.249678,1.102146,0.531118,0.000651,0.190092,0.000665,0.247939,0.000835,0,5.914352,43.498175,0.009604,31.1,122,2454229.48224,-2.181437,-2.181549,-0.213,-9999999,0.006626,0.693638,0.800839,0.662516,0.826267,0.51,400.0011,-2.443847,4.724931,2007-05-08T23:31:37.580,-9999999,K5,072.C-0488(E),Mayor,-9999999,HARPS_ech_obs_all,HARPS_ech_obs_thosimult,STAR_WAVE_K3,9.01628328140079E-06,6.10897861417362E-07,0,0,0
GJ2046,88.51851,-60.02445,2454229.4869168,-2.170069,0.956872,31332.124637,0.938607,4.568983,0.523705,31332.784373,0.445277,-12.048141,0.523952,1.944827,5.062975,-7.910489,0.951891,0.531393,0.000632,0.189889,0.000644,0.248378,0.00081,0,5.913599,43.45621,0.008944,31.1,125.8,2454229.48703,-2.184116,-2.18422,-0.459,-9999999,0.006626,0.691913,0.800836,0.65311,0.826264,0.47,399.9947,1.931179,5.04291,2007-05-08T23:38:48.163,-9999999,K5,072.C-0488(E),Mayor,-9999999,HARPS_ech_obs_all,HARPS_ech_obs_thosimult,STAR_WAVE_K3,1.00496386013744E-05,5.49712317476393E-07,0,0,0
GJ2046,88.51851,-60.02445,2454231.4616845,-0.340228,0.963805,31332.550127,0.947814,5.956951,0.44033,31334.472758,0.375505,-10.706948,0.440476,-1.988644,3.344071,-9.724028,0.818169,0.532413,0.000547,0.188868,0.000544,0.25117,0.000691,0,5.906106,43.494964,0.007071,31.1,147.4,2454231.4618,-2.077864,-2.077984,0.829,-9999999,0.006636,0.25004,0.857339,1.915995,0.870258,0.48,400.0003,-1.996008,3.317801,2007-05-10T23:02:25.201,-9999999,K5,072.C-0488(E),Mayor,-9999999,HARPS_ech_obs_all,HARPS_ech_obs_thosimult,STAR_WAVE_K3,9.54814527688776E-06,5.05242117060474E-07,0,0,0
GJ2046,88.51851,-60.02445,2454231.466626,0.676014,0.955182,31333.227059,0.941333,6.971417,0.421126,31335.140004,0.358841,-9.742124,0.421356,-3.602752,3.52295,-9.475523,0.803344,0.534446,0.000517,0.190053,0.000516,0.249456,0.000652,0,5.90925,43.486083,0.00821,31.1,155.4,2454231.46674,-2.081127,-2.081242,0.834,-9999999,0.006636,0.248264,0.857336,1.906309,0.870254,0.47,399.9983,-3.613506,3.502898,2007-05-10T23:09:36.155,-9999999,K5,072.C-0488(E),Mayor,-9999999,HARPS_ech_obs_all,HARPS_ech_obs_thosimult,STAR_WAVE_K3,9.29408796200823E-06,4.96522068636768E-07,0,0,0
GJ2046,88.51851,-60.02445,2454232.4708243,-0.50669,0.9779,31333.664323,1.066838,5.610949,0.47039,31333.639258,0.404441,-11.051637,0.470436,3.954105,4.439017,-9.888757,0.885786,0.532631,0.000563,0.189434,0.000574,0.248488,0.000723,0,5.906361,43.487166,0.009237,31.1,140.1,2454232.47095,-2.037532,-2.037653,-0.047,-9999999,0.006641,0.070501,0.857334,-0.031706,0.987203,0.5,400.0048,3.944905,4.418229,2007-05-11T23:15:27.426,-9999999,K5,072.C-0488(E),Mayor,-9999999,HARPS_ech_obs_all,HARPS_ech_obs_thosimult,STAR_WAVE_K3,9.23442278503589E-06,5.84227700756811E-07,0,0,0
GJ2046,88.51851,-60.02445,2454232.4758107,-2.051057,0.970432,31332.483503,1.062214,4.06479,0.454668,31332.448664,0.39209,-12.572573,0.454693,4.185959,4.225615,-9.592127,0.813779,0.532181,0.000544,0.190005,0.000557,0.249085,0.000701,0,5.906326,43.496457,0.008255,31.1,144.5,2454232.47594,-2.040414,-2.04053,0.02,-9999999,0.006641,0.068709,0.857331,-0.04148,0.9872,0.5,400.0003,4.177196,4.195491,2007-05-11T23:22:38.259,-9999999,K5,072.C-0488(E),Mayor,-9999999,HARPS_ech_obs_all,HARPS_ech_obs_thosimult,STAR_WAVE_K3,1.06768099417653E-05,5.38546258373126E-07,0,0,0
GJ2046,88.51851,-60.02445,2454233.4587477,-0.151165,1.028939,31334.619917,0.93219,6.101284,0.697852,31335.319816,0.581683,-10.629857,0.697859,1.346286,6.154096,-6.631845,1.239213,0.532296,0.000834,0.187844,0.000856,0.250535,0.001085,0,5.909443,43.473027,0.005007,31.1,95.5,2454233.45885,-1.983268,-1.983379,0.13,-9999999,0.006646,0.20531,0.75612,0.693253,0.728439,0.44,400.0041,1.335479,6.138524,2007-05-12T22:58:28.537,-9999999,K5,072.C-0488(E),Mayor,-9999999,HARPS_ech_obs_all,HARPS_ech_obs_thosimult,STAR_WAVE_K3,8.79149236936518E-06,5.36703801848166E-07,0,0,0
GJ2046,88.51851,-60.02445,2454233.4638246,-0.554564,1.145047,31334.737079,1.026189,5.69606,0.859895,31335.427027,0.722805,-10.972012,0.859909,7.810664,7.633313,-6.834232,1.559405,0.532863,0.001017,0.189577,0.001065,0.251319,0.001344,0,5.91427,43.471689,0.008138,31.1,78.5,2454233.46394,-1.986525,-1.986648,0.026,-9999999,0.006646,0.203486,0.756116,0.683302,0.728435,0.46,400.0004,7.798453,7.620543,2007-05-12T23:05:39.180,-9999999,K5,072.C-0488(E),Mayor,-9999999,HARPS_ech_obs_all,HARPS_ech_obs_thosimult,STAR_WAVE_K3,1.31308430149156E-05,7.09110625684821E-07,0,0,0
GJ2046,88.51851,-60.02445,2454234.4878569,0.528309,0.918281,31335.555507,0.81194,7.284294,0.50692,31336.010601,0.42972,-9.348858,0.506938,4.712765,4.845027,-8.142095,0.760393,0.530341,0.000604,0.190475,0.000618,0.245059,0.00077,0,5.908183,43.481662,0.009958,31.1,131.1,2454234.48796,-1.951776,-1.951872,0.613,-9999999,0.006652,0.708846,0.765684,0.448442,0.688904,0.46,399.996,4.708937,4.827281,2007-05-13T23:40:16.104,-9999999,K5,072.C-0488(E),Mayor,-9999999,HARPS_ech_obs_all,HARPS_ech_obs_thosimult,STAR_WAVE_K3,1.00904164456764E-05,5.97361337683377E-07,0,0,0
GJ2046,88.51851,-60.02445,2454234.4928882,0.407584,0.901988,31335.360956,0.798692,7.16176,0.476775,31335.806187,0.404137,-9.562211,0.476762,9.500451,4.473279,-8.433227,0.897457,0.530735,0.000576,0.191014,0.000585,0.24593,0.00073,0,5.910557,43.490251,0.007242,31.1,138.6,2454234.49299,-1.953853,-1.953945,0.588,-9999999,0.006652,0.707038,0.765681,0.438579,0.688899,0.47,399.9991,9.494763,4.457406,2007-05-13T23:47:26.807,-9999999,K5,072.C-0488(E),Mayor,-9999999,HARPS_ech_obs_all,HARPS_ech_obs_thosimult,STAR_WAVE_K3,9.7524070669113E-06,5.020327620087E-07,0,0,0
GJ2046,88.51851,-60.02445,2454315.8881785,-6.191912,1.090239,31327.839465,0.951449,0.505769,0.776741,31328.144189,0.646513,-16.203878,0.777571,-8.481618,6.880921,3.139659,1.570971,0.536178,0.000903,0.187909,0.000938,0.251072,0.00119,0,5.920932,43.370301,0.007073,31.1,87.4,2454315.88827,2.664539,2.664473,-0.118,-9999999,0.007071,0.650543,0.765045,0.297653,0.698052,0.4,899.9997,-8.506854,6.858541,2007-08-03T09:13:37.770,-9999999,K5,072.C-0488(E),Mayor,-9999999,HARPS_ech_obs_all,HARPS_ech_obs_thosimult,STAR_WAVE_K3,1.13370325822839E-05,7.70797276158376E-07,0,0,0
GJ2046,88.51851,-60.02445,2454319.9087345,-3.878917,0.917645,31331.591169,1.024782,3.111416,0.332608,31332.025117,0.275013,-13.589083,0.333213,-0.818139,3.275123,-3.357775,0.683406,0.531767,0.000384,0.188671,0.000387,0.250615,0.000491,0,5.914214,43.46587,0.007817,31.1,205,2454319.90884,2.796021,2.795933,0.09,-9999999,0.007092,0.943194,0.855245,0.426856,0.987191,0.47,899.9989,-0.819789,3.254613,2007-08-07T09:42:07.851,-9999999,K5,072.C-0488(E),Mayor,-9999999,HARPS_ech_obs_all,HARPS_ech_obs_thosimult,STAR_WAVE_K3,9.55293716257581E-06,4.49078584531933E-07,0,0,0
GJ2046,88.51851,-60.02445,2454342.8741937,0.015284,0.895116,31334.631613,1.007934,6.056362,0.257412,31334.586537,0.203525,-10.622185,0.258046,-3.45334,3.441343,-6.025553,0.589715,0.532716,0.000287,0.191878,0.000286,0.25006,0.000365,0,5.910987,43.497894,0.006852,31.1,275,2454342.87431,3.387724,3.387592,0.305,-9999999,0.00721,-0.00606,0.857305,-0.052286,0.987172,0.48,900.003,-3.449055,3.420209,2007-08-30T08:51:54.860,-9999999,K5,072.C-0488(E),Mayor,-9999999,HARPS_ech_obs_all,HARPS_ech_obs_thosimult,STAR_WAVE_K3,9.03080227288433E-06,3.83395084121457E-07,0,0,0
GJ2046,88.51851,-60.02445,2454346.9050468,3.780986,1.019471,31337.365783,1.026724,10.337616,0.648285,31338.295719,0.540924,-6.430594,0.649453,4.40666,5.408028,-14.707296,1.257874,0.532977,0.000772,0.190404,0.000792,0.251744,0.001,0,5.909271,43.53625,0.008115,31.1,103.3,2454346.90515,3.406394,3.406247,0.008,-9999999,0.007231,0.509492,0.786796,0.922705,0.872676,0.45,159.9959,4.40171,5.403723,2007-09-03T09:42:16.776,-9999999,K5,072.C-0488(E),Mayor,-9999999,HARPS_ech_obs_all,HARPS_ech_obs_thosimult,STAR_WAVE_K3,7.861561232589E-06,5.58230896488189E-07,0,0,0
GJ2046,88.51851,-60.02445,2454346.9072603,3.933871,1.003741,31337.745247,1.01622,10.489706,0.623255,31338.670844,0.520708,-6.19933,0.624369,-3.647258,5.018985,-16.508752,1.13005,0.534066,0.000743,0.18703,0.000754,0.251851,0.000962,0,5.907774,43.543329,0.004807,31.1,107.2,2454346.90736,3.403992,3.403855,0.108,-9999999,0.007231,0.508696,0.786797,0.918366,0.872677,0.45,160.0016,-3.652724,5.010478,2007-09-03T09:45:28.017,-9999999,K5,072.C-0488(E),Mayor,-9999999,HARPS_ech_obs_all,HARPS_ech_obs_thosimult,STAR_WAVE_K3,6.89997679764403E-06,4.43767612372148E-07,0,0,0
GJ2046,88.51851,-60.02445,2454346.9094356,3.156141,1.032091,31337.332357,1.03538,9.711194,0.667953,31338.25369,0.557175,-6.94848,0.669058,4.841825,5.607164,-13.180321,1.322918,0.532383,0.000795,0.191927,0.00081,0.252544,0.001035,0,5.90831,43.514604,0.005372,31.1,100.2,2454346.90954,3.401613,3.401468,0.449,-9999999,0.007231,0.507915,0.786798,0.914102,0.872679,0.43,160.0002,4.831411,5.60184,2007-09-03T09:48:39.159,-9999999,K5,072.C-0488(E),Mayor,-9999999,HARPS_ech_obs_all,HARPS_ech_obs_thosimult,STAR_WAVE_K3,7.90749343585892E-06,5.92707900743795E-07,0,0,0
GJ2046,88.51851,-60.02445,2454346.9116662,3.387932,1.020758,31336.960631,1.027024,9.942183,0.650302,31337.877592,0.541486,-6.733042,0.651595,-3.350632,5.229284,-14.005944,1.198806,0.53291,0.000773,0.192841,0.000788,0.251938,0.001003,0,5.909501,43.533247,0.004549,31.1,103.2,2454346.91177,3.399154,3.399011,-0.11,-9999999,0.007231,0.507113,0.786799,0.90973,0.87268,0.44,159.9968,-3.363551,5.223665,2007-09-03T09:51:50.280,-9999999,K5,072.C-0488(E),Mayor,-9999999,HARPS_ech_obs_all,HARPS_ech_obs_thosimult,STAR_WAVE_K3,7.8745616332711E-06,6.00742434974039E-07,0,0,0
GJ2046,88.51851,-60.02445,2454346.9138596,4.410994,1.019762,31338.503561,1.026461,10.964457,0.648736,31339.416223,0.540415,-5.755145,0.649837,5.637355,5.240052,-14.192634,1.016168,0.532235,0.000769,0.193672,0.000788,0.25297,0.001002,0,5.906991,43.517404,0.008829,31.1,103.5,2454346.91396,3.396717,3.396573,0.124,-9999999,0.007231,0.506325,0.786801,0.905431,0.872682,0.43,160.002,5.629039,5.234089,2007-09-03T09:55:01.392,-9999999,K5,072.C-0488(E),Mayor,-9999999,HARPS_ech_obs_all,HARPS_ech_obs_thosimult,STAR_WAVE_K3,9.23954616379347E-06,6.03663472431837E-07,0,0,0
GJ2046,88.51851,-60.02445,2454347.8853194,5.877505,1.065775,31339.314829,1.120374,11.929786,0.633163,31339.099361,0.529828,-4.849791,0.634239,2.542084,5.926666,-15.580992,1.340292,0.532487,0.000805,0.189859,0.000804,0.251006,0.001017,0,5.903879,43.53751,0.010343,31.1,101.9,2454347.88542,3.436742,3.436623,-0.019,-9999999,0.007236,0.005143,0.85731,-0.222704,0.987178,0.43,150.0004,2.538377,5.92271,2007-09-04T09:13:58.890,-9999999,K5,072.C-0488(E),Mayor,-9999999,HARPS_ech_obs_all,HARPS_ech_obs_thosimult,STAR_WAVE_K3,1.06244157299106E-05,6.41022412852881E-07,0,0,0
GJ2046,88.51851,-60.02445,2454347.887417,4.782869,1.057161,31340.04457,1.115359,10.834396,0.618553,31339.82499,0.519137,-5.826539,0.619714,7.680727,5.398876,-17.149141,1.014036,0.533924,0.000784,0.188552,0.00078,0.253272,0.000994,0,5.900355,43.556919,0.0078,31.1,104.6,2454347.88751,3.434625,3.434503,0.243,-9999999,0.007236,0.004389,0.857311,-0.226816,0.987179,0.43,150.0002,7.678396,5.393957,2007-09-04T09:17:00.120,-9999999,K5,072.C-0488(E),Mayor,-9999999,HARPS_ech_obs_all,HARPS_ech_obs_thosimult,STAR_WAVE_K3,1.05775963338198E-05,5.06349851516859E-07,0,0,0
GJ2046,88.51851,-60.02445,2454347.889514,4.684134,1.086674,31337.482772,1.135395,10.734908,0.667739,31337.259082,0.560889,-5.933295,0.669005,9.063693,5.680352,-13.443472,1.269468,0.532499,0.000843,0.189633,0.000847,0.249217,0.001067,0,5.904595,43.540472,0.000252,31.1,97,2454347.88962,3.432488,3.432361,0.401,-9999999,0.007236,0.003635,0.857312,-0.230926,0.98718,0.43,150.0003,9.049694,5.675661,2007-09-04T09:20:01.301,-9999999,K5,072.C-0488(E),Mayor,-9999999,HARPS_ech_obs_all,HARPS_ech_obs_thosimult,STAR_WAVE_K3,1.15534579534641E-05,7.09361371187231E-07,0,0,0
GJ2046,88.51851,-60.02445,2454347.8916144,5.58809,1.105,31339.967785,1.147136,11.638109,0.697165,31339.739978,0.584289,-4.954939,0.698177,9.088141,5.552821,-16.36943,1.308944,0.533127,0.000882,0.189873,0.000886,0.250957,0.001119,0,5.907986,43.524745,0.008549,31.1,93.1,2454347.89172,3.430327,3.430198,0.184,-9999999,0.007236,0.002881,0.857313,-0.235043,0.987181,0.43,150.0004,9.074384,5.551174,2007-09-04T09:23:02.772,-9999999,K5,072.C-0488(E),Mayor,-9999999,HARPS_ech_obs_all,HARPS_ech_obs_thosimult,STAR_WAVE_K3,8.79907724622808E-06,6.61031983616094E-07,0,0,0
GJ2046,88.51851,-60.02445,2454347.8937875,5.412819,1.042266,31339.545867,1.104543,11.462057,0.592732,31339.3138,0.495466,-5.215467,0.593745,10.663198,4.573709,-16.111682,0.926438,0.530202,0.000733,0.187708,0.000737,0.250526,0.000936,0,5.904197,43.558164,0.006193,31.1,110.1,2454347.8939,3.42807,3.427931,0.341,-9999999,0.007236,0.0021,0.857314,-0.239303,0.987182,0.47,150.0018,10.673965,4.56808,2007-09-04T09:26:04.524,-9999999,K5,072.C-0488(E),Mayor,-9999999,HARPS_ech_obs_all,HARPS_ech_obs_thosimult,STAR_WAVE_K3,8.98726128068398E-06,5.03392819533911E-07,0,0,0
GJ2046,88.51851,-60.02445,2454349.8772291,2.466176,0.896873,31336.821231,1.007646,8.454528,0.263454,31336.618377,0.202085,-8.211781,0.263925,-2.78828,2.937938,-10.661669,0.516783,0.533362,0.000287,0.188669,0.000287,0.251268,0.000365,0,5.907108,43.513946,0.00925,31.1,275.7,2454349.87735,3.461849,3.4617,0.246,-9999999,0.007246,-0.058786,0.857306,-0.2101,0.987174,0.5,900.0008,-2.786656,2.917913,2007-09-06T08:55:52.478,-9999999,K5,072.C-0488(E),Mayor,-9999999,HARPS_ech_obs_all,HARPS_ech_obs_thosimult,STAR_WAVE_K3,9.33549834539397E-06,4.12037655965401E-07,0,0,0
GJ2046,88.51851,-60.02445,2454385.793352,3.187504,0.830115,31337.526382,0.92865,8.218937,0.310879,31336.145602,0.251085,-8.470528,0.311348,-0.810589,3.25399,-2.829518,0.583192,0.534718,0.000355,0.192719,0.000353,0.24757,0.000452,0,5.916521,43.465998,0.006529,31.1,223.7,2454385.79346,3.183577,3.183469,0.247,-9999999,0.007431,-1.015706,0.769705,-1.388211,0.894062,0.46,899.9975,-0.804116,3.239048,2007-10-12T06:55:07.245,-9999999,K5,072.C-0488(E),Mayor,-9999999,HARPS_ech_obs_all,HARPS_ech_obs_thosimult,STAR_WAVE_K3,9.35762703519654E-06,4.48174792369779E-07,0,0,0
GJ2046,88.51851,-60.02445,2454386.7496443,2.80021,0.796875,31337.342103,0.822695,8.531428,0.248208,31337.204671,0.194199,-8.163469,0.248587,-0.966782,3.028775,-5.176595,0.557809,0.533671,0.000275,0.190735,0.000272,0.246893,0.00035,0,5.914132,43.473667,0.00729,31.1,288.3,2454386.74976,3.199037,3.198956,0.023,-9999999,0.007436,-0.31592,0.757233,-0.144868,0.799446,0.5,899.9965,-0.961404,3.010274,2007-10-13T05:51:34.052,-9999999,K5,072.C-0488(E),Mayor,-9999999,HARPS_ech_obs_all,HARPS_ech_obs_thosimult,STAR_WAVE_K3,1.07148628512056E-05,4.95444581798594E-07,0,0,0
GJ2046,88.51851,-60.02445,2454387.7894943,1.306735,0.889255,31336.000412,1.003589,8.323135,0.23633,31336.893104,0.180949,-8.360818,0.237083,0.317853,2.965428,-9.537005,0.62084,0.533374,0.00026,0.191431,0.000257,0.246088,0.000329,0,5.909062,43.515868,0.008817,31.1,306.5,2454387.78961,3.130428,3.13032,-0.24,-9999999,0.007441,0.969262,0.857276,0.885251,0.987141,0.48,899.9973,0.323005,2.942873,2007-10-14T06:49:14.184,-9999999,K5,072.C-0488(E),Mayor,-9999999,HARPS_ech_obs_all,HARPS_ech_obs_thosimult,STAR_WAVE_K3,9.75098936854722E-06,4.436916260697E-07,0,0,0
GJ2046,88.51851,-60.02445,2454390.7974765,1.417113,0.841764,31335.987137,0.837935,8.431949,0.257227,31336.9145,0.20436,-8.285315,0.257957,2.745459,2.847615,-13.435205,0.494743,0.532473,0.000289,0.192148,0.000288,0.251108,0.000367,0,5.90455,43.525356,0.007776,31.1,274.2,2454390.79759,3.027909,3.027803,0.401,-9999999,0.007457,0.967698,0.801499,0.919906,0.812633,0.47,899.9963,2.753575,2.82601,2007-10-17T07:00:50.260,-9999999,K5,072.C-0488(E),Mayor,-9999999,HARPS_ech_obs_all,HARPS_ech_obs_thosimult,STAR_WAVE_K3,9.5417025765015E-06,4.46958677321831E-07,0,0,0
GJ2046,88.51851,-60.02445,2454392.7350807,-3.748095,0.909996,31330.648091,1.019293,2.785897,0.305263,31331.224851,0.254025,-13.904724,0.306039,-7.517518,2.742899,-10.118014,0.603027,0.529659,0.000357,0.192727,0.00036,0.249948,0.000456,0,5.908791,43.501474,0.006167,31.1,220.7,2454392.73519,3.026719,3.026652,0.076,-9999999,0.007467,0.486854,0.857267,0.569293,0.987132,0.48,899.9966,-7.518935,2.691285,2007-10-19T05:30:48.647,-9999999,K5,072.C-0488(E),Mayor,-9999999,HARPS_ech_obs_all,HARPS_ech_obs_thosimult,STAR_WAVE_K3,9.96264911975847E-06,4.62289828470312E-07,0,0,0
GJ2046,88.51851,-60.02445,2454393.7679918,-1.625892,0.886118,31332.726802,1.003183,4.918208,0.224255,31333.210909,0.178712,-11.793595,0.224879,-3.694802,2.965755,-8.816967,0.513751,0.531806,0.000257,0.188962,0.000255,0.251235,0.000324,0,5.909936,43.498093,0.007455,31.1,309.9,2454393.7681,2.959622,2.959536,0.285,-9999999,0.007472,0.496962,0.857272,0.476635,0.987136,0.48,899.9978,-3.680449,2.930922,2007-10-20T06:18:11.308,-9999999,K5,072.C-0488(E),Mayor,-9999999,HARPS_ech_obs_all,HARPS_ech_obs_thosimult,STAR_WAVE_K3,1.02790019031382E-05,3.93921758647282E-07,0,0,0
GJ2046,88.51851,-60.02445,2454394.7599066,0.902584,0.894942,31335.503127,1.009604,7.366384,0.256921,31335.915147,0.211814,-9.274877,0.257716,0.46057,2.976201,-8.653994,0.547438,0.533217,0.000305,0.188487,0.000302,0.251842,0.000385,0,5.90864,43.498044,0.006817,31.1,261.5,2454394.76002,2.932828,2.932737,0.122,-9999999,0.007477,0.416662,0.85727,0.404543,0.987135,0.49,899.9965,0.468698,2.954562,2007-10-21T06:06:22.939,-9999999,K5,072.C-0488(E),Mayor,-9999999,HARPS_ech_obs_all,HARPS_ech_obs_thosimult,STAR_WAVE_K3,1.00736037287715E-05,4.3636802937024E-07,0,0,0
GJ2046,88.51851,-60.02445,2454419.7940766,-4.672864,0.894423,31329.888909,1.007826,1.662294,0.255087,31330.096757,0.203133,-15.005743,0.255895,-4.326393,2.336835,-9.357483,0.552436,0.532959,0.000285,0.192801,0.000284,0.251104,0.000362,0,5.90759,43.499104,0.008097,31.1,278.1,2454419.7942,1.740207,1.740089,0.265,-9999999,0.007606,0.28802,0.857277,0.200242,0.987142,0.49,900.0009,-4.344371,2.273988,2007-11-15T06:55:18.522,-9999999,K5,072.C-0488(E),Mayor,-9999999,HARPS_ech_obs_all,HARPS_ech_obs_thosimult,STAR_WAVE_K3,9.67827277807253E-06,4.3734186805296E-07,0,0,0
GJ2046,88.51851,-60.02445,2454420.7669764,-4.355274,0.772835,31329.852217,0.821775,1.46864,0.221143,31329.722216,0.169788,-15.205054,0.222246,-2.08203,2.938868,-12.841424,0.490699,0.533152,0.000242,0.19197,0.000239,0.25172,0.000306,0,5.903882,43.525508,0.008163,31.1,329,2454420.7671,1.720965,1.720855,0.404,-9999999,0.007611,-0.223224,0.740519,-0.137612,0.804043,0.49,900.0012,-2.106211,2.887052,2007-11-16T06:16:16.587,-9999999,K5,072.C-0488(E),Mayor,-9999999,HARPS_ech_obs_all,HARPS_ech_obs_thosimult,STAR_WAVE_K3,1.02699828374432E-05,5.35746034879576E-07,0,0,0
GJ2046,88.51851,-60.02445,2454421.7265049,-7.345439,0.540668,31326.858271,0.51395,-0.692495,0.203038,31328.140569,0.150521,-17.390069,0.204208,3.284275,2.557108,-14.26709,0.552483,0.533193,0.000218,0.192307,0.000214,0.251071,0.000274,0,5.903326,43.535629,0.008333,31.1,367.6,2454421.72662,1.7173,1.717214,0.572,-9999999,0.007616,0.605805,0.501096,1.274682,0.491414,0.49,899.9976,3.266538,2.473755,2007-11-17T05:17:59.389,-9999999,K5,072.C-0488(E),Mayor,-9999999,HARPS_ech_obs_all,HARPS_ech_obs_thosimult,STAR_WAVE_K3,9.93673608094543E-06,5.69910549389867E-07,0,0,0
GJ2046,88.51851,-60.02445,2454422.7410779,-7.656907,0.598672,31327.844474,0.492983,-0.75243,0.245208,31327.735507,0.193339,-17.456931,0.245918,-3.969183,3.06633,-10.481085,0.524134,0.532713,0.000277,0.192442,0.000273,0.246273,0.000349,0,5.907604,43.509449,0.008223,31.1,288.8,2454422.74119,1.642838,1.64274,0.13,-9999999,0.007621,0.857338,0.546151,-0.116588,0.453489,0.48,899.9967,-3.990943,3.001843,2007-11-18T05:39:07.024,-9999999,K5,072.C-0488(E),Mayor,-9999999,HARPS_ech_obs_all,HARPS_ech_obs_thosimult,STAR_WAVE_K3,9.63858832717823E-06,4.49757597354323E-07,0,0,0
GJ2046,88.51851,-60.02445,2454423.7681727,-3.309524,0.706332,31331.187925,0.699108,3.579068,0.262284,31331.701606,0.209153,-13.05702,0.263052,-4.832468,2.966026,-12.043855,0.503415,0.532928,0.000294,0.192417,0.000292,0.247596,0.000374,0,5.902709,43.526818,0.006736,31.1,269.9,2454423.76829,1.55064,1.550526,0.523,-9999999,0.007626,0.841453,0.65583,0.506055,0.667089,0.49,899.9967,-4.8368,2.914153,2007-11-19T06:17:58.548,-9999999,K5,072.C-0488(E),Mayor,-9999999,HARPS_ech_obs_all,HARPS_ech_obs_thosimult,STAR_WAVE_K3,9.80310708593385E-06,4.46868044418339E-07,0,0,0
GJ2046,88.51851,-60.02445,2454424.7416686,0.72199,0.612763,31336.10486,0.504744,7.816437,0.262172,31336.623874,0.208064,-8.862638,0.262935,-4.43724,2.886916,-12.335764,0.573856,0.532923,0.000294,0.192146,0.000292,0.247002,0.000374,0,5.903561,43.53375,0.007434,31.1,270.1,2454424.74178,1.528255,1.528156,0.408,-9999999,0.007631,1.047308,0.553845,0.511383,0.459865,0.49,899.9956,-4.44324,2.860625,2007-11-20T05:39:48.180,-9999999,K5,072.C-0488(E),Mayor,-9999999,HARPS_ech_obs_all,HARPS_ech_obs_thosimult,STAR_WAVE_K3,9.49321766606158E-06,4.27962772032063E-07,0,0,0
GJ2046,88.51851,-60.02445,2454425.7366468,0.631999,0.830237,31335.993471,0.544681,8.072509,0.28003,31336.252679,0.224513,-8.669535,0.280738,-3.979702,3.017133,-13.045214,0.552969,0.532879,0.00032,0.192119,0.000317,0.250217,0.000403,0,5.902922,43.529727,0.006838,31.1,249.1,2454425.73676,1.477128,1.477028,0.608,-9999999,0.007637,1.393371,0.781586,0.251571,0.496258,0.5,899.9972,-4.000092,2.993797,2007-11-21T05:32:24.877,-9999999,K5,072.C-0488(E),Mayor,-9999999,HARPS_ech_obs_all,HARPS_ech_obs_thosimult,STAR_WAVE_K3,9.54334569712093E-06,4.73226253645085E-07,0,0,0
GJ2046,88.51851,-60.02445,2454426.7163123,-0.198613,0.528759,31333.978691,0.539096,6.058339,0.208961,31334.282066,0.154973,-10.650746,0.209924,2.254464,2.552653,-16.849376,0.493097,0.534364,0.00023,0.192352,0.000224,0.249954,0.000285,0,5.9011,43.549292,0.007635,31.1,353,2454426.71643,1.445007,1.444904,0.217,-9999999,0.007642,0.209814,0.485717,0.295733,0.51634,0.5,900.0011,2.230434,2.506619,2007-11-22T05:03:07.575,-9999999,K5,072.C-0488(E),Mayor,-9999999,HARPS_ech_obs_all,HARPS_ech_obs_thosimult,STAR_WAVE_K3,9.76597936048571E-06,4.20379258863043E-07,0,0,0
GJ2046,88.51851,-60.02445,2454427.7459112,2.444261,0.598423,31337.203038,0.724435,8.103164,0.229637,31336.737146,0.175904,-8.558764,0.230363,-5.938059,2.609412,-12.88552,0.57729,0.533215,0.000253,0.188808,0.00025,0.24992,0.000317,0,5.903234,43.532416,0.00752,31.1,316.4,2454427.74603,1.348405,1.348287,0.323,-9999999,0.007647,-0.388235,0.552609,-0.473539,0.702755,0.53,900.0024,-5.948832,2.582185,2007-11-23T05:45:17.523,-9999999,K5,072.C-0488(E),Mayor,-9999999,HARPS_ech_obs_all,HARPS_ech_obs_thosimult,STAR_WAVE_K3,9.84244919372193E-06,4.3789563289337E-07,0,0,0
GJ2046,88.51851,-60.02445,2454428.7553386,3.50408,0.88833,31338.467678,0.537659,10.128606,0.232849,31338.60925,0.176047,-6.580795,0.2332,-6.242404,3.4267,-12.589091,0.582259,0.532481,0.000252,0.188455,0.000249,0.250021,0.000316,0,5.903028,43.524433,0.007911,31.1,317.4,2454428.75546,1.276947,1.276844,0.495,-9999999,0.007652,0.577387,0.85727,0.13392,0.50802,0.49,899.9996,-6.247206,3.408842,2007-11-24T05:59:27.679,-9999999,K5,072.C-0488(E),Mayor,-9999999,HARPS_ech_obs_all,HARPS_ech_obs_thosimult,STAR_WAVE_K3,9.758377462831E-06,4.81708727282379E-07,0,0,0
GJ2046,88.51851,-60.02445,2454429.7289354,1.267873,0.846478,31337.783243,1.008819,9.387305,0.259722,31338.2078,0.208056,-7.277968,0.260205,-5.555167,3.049596,-11.702277,0.553419,0.53133,0.000296,0.189531,0.000296,0.249858,0.000374,0,5.905202,43.522984,0.006261,31.1,269.1,2454429.72905,1.252411,1.25231,0,-9999999,0.007657,2.072294,0.805649,0.4169,0.987131,0.47,900.0012,-5.56121,3.028026,2007-11-25T05:21:44.097,-9999999,K5,072.C-0488(E),Mayor,-9999999,HARPS_ech_obs_all,HARPS_ech_obs_thosimult,STAR_WAVE_K3,9.76192409577805E-06,4.06441880269073E-07,0,0,0
GJ2046,88.51851,-60.02445,2454445.7313495,5.153263,0.660132,31340.103674,0.735411,10.502501,0.302008,31338.814675,0.247898,-6.18089,0.30224,-0.544258,3.056651,-10.134549,0.530225,0.532372,0.00035,0.18957,0.000349,0.250417,0.000442,0,5.904489,43.498185,0.00825,31.1,227.7,2454445.73146,0.256951,0.256849,0.037,-9999999,0.00774,-0.6979,0.586997,-1.296739,0.692369,0.49,430,-0.556327,3.044524,2007-12-11T05:28:41.544,-9999999,K5,072.C-0488(E),Mayor,-9999999,HARPS_ech_obs_all,HARPS_ech_obs_thosimult,STAR_WAVE_K3,9.95444495956304E-06,4.55234385606268E-07,0,0,0
GJ2046,88.51851,-60.02445,2454445.7365917,5.315076,0.665474,31340.024192,0.73907,10.66243,0.313512,31338.724918,0.258549,-6.056558,0.313739,1.81826,3.383882,-10.283431,0.587183,0.532146,0.000364,0.189524,0.000364,0.249852,0.00046,0,5.904265,43.49295,0.00756,31.1,218.7,2454445.73671,0.249949,0.24985,-0.018,-9999999,0.00774,-0.699784,0.586998,-1.307014,0.69237,0.47,430,1.815194,3.372219,2007-12-11T05:36:23.069,-9999999,K5,072.C-0488(E),Mayor,-9999999,HARPS_ech_obs_all,HARPS_ech_obs_thosimult,STAR_WAVE_K3,1.00191327479748E-05,4.60896542491663E-07,0,0,0
GJ2046,88.51851,-60.02445,2454451.7571128,0.834773,0.750338,31335.244885,0.811253,7.697892,0.396931,31336.15555,0.334227,-9.058551,0.397106,8.421253,4.333273,-10.478495,0.745749,0.532368,0.000473,0.193277,0.000473,0.249633,0.000599,0,5.907736,43.491065,0.008349,31.1,169,2454451.75723,-0.160861,-0.160967,0.462,-9999999,0.007771,0.815981,0.636752,0.902894,0.739205,0.49,435,8.44104,4.31616,2007-12-17T06:05:44.893,-9999999,K5,072.C-0488(E),Mayor,-9999999,HARPS_ech_obs_all,HARPS_ech_obs_thosimult,STAR_WAVE_K3,1.08225739776159E-05,5.4705628899502E-07,0,0,0
GJ2046,88.51851,-60.02445,2454451.7625149,1.016408,0.733704,31335.075076,0.800032,7.877586,0.364511,31335.975152,0.305984,-8.870461,0.364799,-1.30648,3.870923,-10.75764,0.718033,0.532547,0.000434,0.193002,0.000433,0.248769,0.000547,0,5.908942,43.494174,0.006848,31.1,184.4,2454451.76263,-0.1677,-0.167804,0.435,-9999999,0.007771,0.81404,0.636753,0.892305,0.739206,0.49,435,-1.2873,3.854957,2007-12-17T06:13:31.638,-9999999,K5,072.C-0488(E),Mayor,-9999999,HARPS_ech_obs_all,HARPS_ech_obs_thosimult,STAR_WAVE_K3,1.08499243231559E-05,4.93682332113261E-07,0,0,0
GJ2046,88.51851,-60.02445,2454454.7677073,3.612631,0.599152,31337.796938,0.671939,9.498894,0.312063,31337.799593,0.255314,-7.26388,0.312394,1.767404,3.721226,-7.714871,0.657744,0.531139,0.000354,0.189427,0.000355,0.249209,0.000448,0,5.91145,43.467032,0.007541,31.1,224.6,2454454.76782,-0.365439,-0.365532,-0.018,-9999999,0.007786,-0.160875,0.511468,-0.005131,0.621544,0.46,435,1.770437,3.707481,2007-12-20T06:21:13.470,-9999999,K5,072.C-0488(E),Mayor,-9999999,HARPS_ech_obs_all,HARPS_ech_obs_thosimult,STAR_WAVE_K3,1.08460504201913E-05,5.66995976699788E-07,0,0,0
GJ2046,88.51851,-60.02445,2454454.7731587,4.015534,0.602363,31338.079686,0.674327,9.899838,0.318183,31338.071655,0.261529,-6.805421,0.318414,2.035196,3.606834,-7.522875,0.615377,0.531008,0.000363,0.189987,0.000365,0.249719,0.00046,0,5.910896,43.465218,0.005746,31.1,219.1,2454454.77327,-0.372018,-0.372105,-0.239,-9999999,0.007786,-0.162834,0.51147,-0.015817,0.621546,0.47,435,2.056145,3.590533,2007-12-20T06:29:00.125,-9999999,K5,072.C-0488(E),Mayor,-9999999,HARPS_ech_obs_all,HARPS_ech_obs_thosimult,STAR_WAVE_K3,1.10154510119178E-05,5.1191786003612E-07,0,0,0
GJ2046,88.51851,-60.02445,2454478.6653194,-7.344182,0.888822,31328.80632,0.987008,-0.44253,0.234728,31327.856387,0.17944,-17.139238,0.23484,-4.912378,2.814141,-5.310414,0.415497,0.538432,0.000254,0.192489,0.000251,0.248812,0.000318,0,5.911458,43.458145,0.007078,31.1,315.2,2454478.66543,-1.699425,-1.699542,0.798,-9999999,0.007909,0.854513,0.857267,-0.957842,0.97056,0.49,900,-4.920314,2.745603,2008-01-13T03:49:53.016,-9999999,K5,072.C-0488(E),Mayor,-9999999,HARPS_ech_obs_all,HARPS_ech_obs_thosimult,STAR_WAVE_K3,1.08211115270124E-05,5.21034466393307E-07,0,0,0
GJ2046,88.51851,-60.02445,2454479.6220337,-7.123581,0.780488,31326.693194,0.888225,-0.790144,0.235092,31327.812526,0.184552,-17.503645,0.235613,-0.310499,2.470127,-5.052383,0.458847,0.53474,0.000261,0.193835,0.00026,0.245511,0.000326,0,5.912607,43.446534,0.007466,31.1,305.9,2454479.62214,-1.698622,-1.698729,0.563,-9999999,0.007914,0.286299,0.74424,1.111418,0.868841,0.48,900,-0.304582,2.392955,2008-01-14T02:47:42.593,-9999999,K5,072.C-0488(E),Mayor,-9999999,HARPS_ech_obs_all,HARPS_ech_obs_thosimult,STAR_WAVE_K3,1.11294379033973E-05,5.40093153559936E-07,0,0,0
GJ2046,88.51851,-60.02445,2454480.5849006,-3.920165,0.631381,31330.786381,0.603115,2.456375,0.265835,31331.121154,0.210795,-14.22839,0.266103,-2.957201,3.139665,-4.145445,0.43736,0.529496,0.000297,0.195865,0.000302,0.240101,0.00037,0,5.91165,43.447244,0.008644,31.1,267.4,2454480.58502,-1.705777,-1.705896,0.007,-9999999,0.007919,0.329401,0.57269,0.326854,0.565078,0.48,900,-2.955368,3.099858,2008-01-15T01:54:14.781,-9999999,K5,072.C-0488(E),Mayor,-9999999,HARPS_ech_obs_all,HARPS_ech_obs_thosimult,STAR_WAVE_K3,1.04024136505419E-05,5.8367775750112E-07,0,0,0
GJ2046,88.51851,-60.02445,2454483.5934281,-1.616155,0.551548,31332.173706,0.78694,6.3587,0.243872,31334.775851,0.190039,-10.386995,0.244346,-3.113672,2.66502,-4.274332,0.499908,0.525392,0.000267,0.191304,0.000271,0.240116,0.000332,0,5.910757,43.444216,0.008486,31.1,297.7,2454483.59354,-1.881043,-1.881162,0.335,-9999999,0.007935,1.927717,0.494704,2.59421,0.763649,0.48,900,-3.116686,2.631765,2008-01-18T02:06:33.147,-9999999,K5,072.C-0488(E),Mayor,-9999999,HARPS_ech_obs_all,HARPS_ech_obs_thosimult,STAR_WAVE_K3,1.08181419038571E-05,4.13563144226502E-07,0,0,0
GJ2046,88.51851,-60.02445,2454484.6270164,0.906669,0.883975,31335.756283,1.000872,7.786823,0.215629,31336.502255,0.165241,-8.917466,0.216169,-1.409121,3.381235,-5.20164,0.457725,0.528283,0.000238,0.189674,0.000236,0.245305,0.000295,0,5.912806,43.448548,0.008244,31.1,337.8,2454484.62713,-1.979059,-1.979177,0.751,-9999999,0.00794,0.833016,0.857272,0.738032,0.987137,0.49,900,-1.413602,3.359187,2008-01-19T02:54:46.752,-9999999,K5,072.C-0488(E),Mayor,-9999999,HARPS_ech_obs_all,HARPS_ech_obs_thosimult,STAR_WAVE_K3,1.10571264167924E-05,5.48955655285899E-07,0,0,0
GJ2046,88.51851,-60.02445,2454486.5869605,-1.727952,0.898853,31332.757612,1.010733,5.166598,0.270192,31333.582109,0.217073,-11.560167,0.270457,-2.036441,2.462974,-3.972285,0.626535,0.530944,0.000309,0.190149,0.000309,0.246088,0.000385,0,5.912685,43.438657,0.009098,31.1,259.3,2454486.58708,-2.031055,-2.031171,0.062,-9999999,0.00795,0.847411,0.857282,0.816547,0.987148,0.48,900,-2.040613,2.427968,2008-01-21T01:57:16.057,-9999999,K5,072.C-0488(E),Mayor,-9999999,HARPS_ech_obs_all,HARPS_ech_obs_thosimult,STAR_WAVE_K3,1.08807216353337E-05,4.4439966631429E-07,0,0,0
GJ2046,88.51851,-60.02445,2454529.5414577,1.083678,0.895268,31335.865608,1.008605,7.289636,0.257962,31336.064065,0.206857,-9.407743,0.258262,-7.614485,2.813908,0.232373,0.487353,0.5338,0.000288,0.191154,0.00029,0.243199,0.00036,0,5.916691,43.40638,0.010475,31.1,276.8,2454529.54157,-3.440577,-3.440708,0.442,-9999999,0.008171,0.158819,0.857298,0.190286,0.987165,0.51,900,-7.63797,2.780752,2008-03-04T00:51:52.999,-9999999,K5,072.C-0488(E),Mayor,-9999999,HARPS_ech_obs_all,HARPS_ech_obs_thosimult,STAR_WAVE_K3,1.15055688766886E-05,5.43637674826302E-07,0,0,0
GJ2046,88.51851,-60.02445,2454555.4914725,-0.672256,0.52184,31333.700554,0.715697,5.346182,0.236891,31333.932149,0.187286,-11.337781,0.237267,0.462475,3.183092,-12.442634,0.485231,0.533032,0.000264,0.192219,0.000261,0.247141,0.00033,0,5.905914,43.518649,0.008383,31.1,303.3,2454555.49159,-3.382798,-3.382951,-0.443,-9999999,0.008305,-0.0287,0.464973,0.22329,0.690757,0.51,900,0.43932,3.140079,2008-03-29T23:40:19.670,-9999999,K5,072.C-0488(E),Mayor,-9999999,HARPS_ech_obs_all,HARPS_ech_obs_thosimult,STAR_WAVE_K3,9.90400631231606E-06,4.15025959636166E-07,0,0,0
GJ2046,88.51851,-60.02445,2454556.4831385,-3.951015,0.651688,31329.908045,0.685223,2.464253,0.236452,31330.918003,0.184825,-14.234135,0.236795,-6.088869,2.911848,-13.35661,0.608786,0.533355,0.000257,0.1925,0.000256,0.247642,0.000323,0,5.902933,43.527986,0.008842,31.1,309.3,2454556.48326,-3.359842,-3.359987,0,-9999999,0.00831,0.36813,0.607279,1.001648,0.659826,0.49,900,-6.104761,2.852851,2008-03-30T23:28:38.550,-9999999,K5,072.C-0488(E),Mayor,-9999999,HARPS_ech_obs_all,HARPS_ech_obs_thosimult,STAR_WAVE_K3,9.85155690253871E-06,4.99944735526559E-07,0,0,0
GJ2046,88.51851,-60.02445,2454557.4855858,-2.284224,0.798051,31333.309469,0.844999,4.405212,0.314012,31334.542174,0.240949,-12.277975,0.314376,-2.783188,3.497919,-11.773573,0.701186,0.531874,0.000332,0.19256,0.000333,0.247433,0.00042,0,5.905443,43.511919,0.008944,31.1,238.5,2454557.48453,-3.348318,-3.347122,-0.722,-9999999,0.008315,0.642298,0.733677,1.22439,0.809918,0.6,900,-2.802597,3.458068,2008-03-31T23:30:31.945,-9999999,K5,072.C-0488(E),Mayor,-9999999,HARPS_ech_obs_all,HARPS_ech_obs_thosimult,STAR_WAVE_K3,9.56979088962615E-06,6.01888439688262E-07,0,0,0
GJ2046,88.51851,-60.02445,2454562.4790772,-1.571497,0.491977,31332.681902,0.474572,5.286345,0.223734,31333.952064,0.156834,-11.410632,0.224591,4.792071,2.618857,-15.841864,0.526356,0.528427,0.000223,0.192587,0.000221,0.244263,0.000277,0,5.901707,43.54487,0.006685,31.1,359.6,2454562.47919,-3.254908,-3.255059,0.429,-9999999,0.008341,0.810703,0.438161,1.261821,0.447908,0.5,900,4.78717,2.576114,2008-04-05T23:22:44.218,-9999999,K5,072.C-0488(E),Mayor,-9999999,HARPS_ech_obs_all,HARPS_ech_obs_thosimult,STAR_WAVE_K3,9.93734269869348E-06,4.44114621331786E-07,0,0,0
GJ2046,88.51851,-60.02445,2454566.4759894,-2.736051,0.492412,31330.974642,0.464146,4.15771,0.270582,31332.272481,0.202027,-12.544461,0.271066,2.460351,3.000481,-8.980628,0.452562,0.531248,0.000285,0.193221,0.000283,0.24642,0.000356,0,5.907409,43.491311,0.007069,31.1,280.8,2454566.4761,-3.165334,-3.165476,0.164,-9999999,0.008361,0.846622,0.411407,1.289478,0.417871,0.49,900,2.458939,2.958909,2008-04-09T23:18:30.025,-9999999,K5,072.C-0488(E),Mayor,-9999999,HARPS_ech_obs_all,HARPS_ech_obs_thosimult,STAR_WAVE_K3,1.01777018013973E-05,5.43139464434553E-07,0,0,0
GJ2046,88.51851,-60.02445,2454570.4747017,3.983778,0.908607,31337.574156,0.86522,10.824606,0.300914,31338.78136,0.233241,-5.849022,0.301113,-3.916027,3.394777,-2.137779,0.599427,0.531362,0.000318,0.193025,0.00032,0.242532,0.000405,0,5.915622,43.425745,0.007075,31.1,247.8,2454570.47483,-3.0628,-3.062955,-0.034,-9999999,0.008382,0.79369,0.857331,1.198822,0.83319,0.54,900,-3.934982,3.381698,2008-04-13T23:15:57.224,-9999999,K5,072.C-0488(E),Mayor,-9999999,HARPS_ech_obs_all,HARPS_ech_obs_thosimult,STAR_WAVE_K3,1.07175126514944E-05,5.84608772055025E-07,0,0,0
GJ2046,88.51851,-60.02445,2454736.8752276,-0.732617,0.651677,31334.416116,0.789238,5.855897,0.344624,31334.316642,0.288495,-10.803055,0.345094,-8.385592,3.738559,3.065928,0.748861,0.534599,0.000413,0.19276,0.000408,0.25309,0.000521,0,5.920895,43.3889,0.007855,31.1,194.8,2454736.87535,3.388964,3.388819,0.076,-9999999,0.009239,0.541376,0.553098,-0.108713,0.73462,0.51,900,-8.385215,3.718827,2008-09-27T08:52:29.471,-9999999,K5,072.C-0488(E),Mayor,-9999999,HARPS_ech_obs_all,HARPS_ech_obs_thosimult,STAR_WAVE_K3,1.09042452312187E-05,5.80196908660588E-07,0,0,0
GJ2046,88.51851,-60.02445,2454852.6936225,-0.900633,0.88906,31332.919422,1.003616,5.469341,0.235635,31333.516129,0.181161,-11.21332,0.235762,-7.67403,3.196372,9.314227,0.753906,0.52623,0.000258,0.196234,0.000258,0.233699,0.000316,0,5.926015,43.308168,0.009999,31.1,313.6,2454852.69375,-2.20504,-2.205146,0.323,-9999999,0.009835,0.322835,0.857266,0.586872,0.98713,0.51,900,-7.677521,3.16982,2009-01-21T04:30:25.224,-9999999,K5,072.C-0488(E),Mayor,-9999999,HARPS_ech_obs_all,HARPS_ech_obs_thosimult,STAR_WAVE_K3,1.32756307083696E-05,6.71036148705486E-07,0,0,0
GJ2046,88.51851,-60.02445,2454854.6129813,-2.331396,0.889708,31331.746952,1.004329,4.067559,0.238031,31332.501738,0.185015,-12.591305,0.238075,-4.728291,2.528684,9.246541,0.776346,0.533015,0.000264,0.194532,0.000261,0.242784,0.000328,0,5.926893,43.315018,0.010359,31.1,306.2,2454854.6131,-2.205127,-2.205245,0.527,-9999999,0.009845,0.351816,0.857275,0.744941,0.98714,0.5,900,-4.737363,2.478199,2009-01-23T02:34:28.016,-9999999,K5,072.C-0488(E),Mayor,-9999999,HARPS_ech_obs_all,HARPS_ech_obs_thosimult,STAR_WAVE_K3,1.34876231376412E-05,6.54068078155564E-07,0,0,0
GJ2046,88.51851,-60.02445,2454932.5042693,-0.917714,0.650168,31333.556089,0.602201,3.876166,0.220662,31332.68968,0.167729,-12.818664,0.221031,-5.479195,2.39857,11.581526,0.809226,0.530903,0.000241,0.195219,0.000237,0.244642,0.000296,0,5.929607,43.289077,0.011383,31.1,338.1,2454932.50427,-3.17508,-3.175098,0.11,-9999999,0.010246,-1.253259,0.611577,-0.876655,0.578371,0.51,900,-5.469402,2.346738,2009-04-10T23:58:56.156,-9999999,K5,183.C-0972(A),Udry,-9999999,HARPS_ech_obs_all,HARPS_ech_obs_thosimult,STAR_WAVE_K3,1.34990877471471E-05,6.97961450363103E-07,0,0,0
GJ2046,88.51851,-60.02445,2454934.4750246,3.036179,0.904794,31337.028208,0.894517,8.310439,0.289199,31337.179167,0.232193,-8.373765,0.289198,-8.543944,3.068289,16.15666,0.954613,0.530709,0.000327,0.194914,0.000326,0.239151,0.000406,0,5.934576,43.246811,0.013143,31.1,246.4,2454934.47502,-3.096019,-3.096034,0.104,-9999999,0.010256,-0.772878,0.857331,0.140703,0.863856,0.56,900,-8.554798,3.044302,2009-04-12T23:16:06.125,-9999999,K5,183.C-0972(A),Udry,-9999999,HARPS_ech_obs_all,HARPS_ech_obs_thosimult,STAR_WAVE_K3,1.32796376606171E-05,5.94679697962937E-07,0,0,0
GJ2046,88.51851,-60.02445,2454935.4878064,1.872159,0.916585,31337.527269,0.659051,7.141825,0.324227,31335.629011,0.264799,-9.501172,0.324349,-11.476144,3.197522,10.960712,1.089562,0.531514,0.000385,0.195648,0.00038,0.241062,0.000475,0,5.92971,43.294981,0.012637,31.1,212,2454935.4878,-3.082627,-3.082647,0.16,-9999999,0.010262,-0.777472,0.857324,-1.90852,0.603514,0.53,900,-11.484412,3.173779,2009-04-13T23:34:58.340,-9999999,K5,183.C-0972(A),Udry,-9999999,HARPS_ech_obs_all,HARPS_ech_obs_thosimult,STAR_WAVE_K3,1.38172672928079E-05,6.93978523529036E-07,0,0,0
GJ2046,88.51851,-60.02445,2454937.4738637,4.059446,0.899226,31337.697013,0.756716,9.378612,0.271275,31337.733981,0.21787,-7.315678,0.271304,-7.313969,2.911064,9.045572,0.884835,0.533087,0.000313,0.194138,0.000306,0.243378,0.000387,0,5.928404,43.312964,0.011018,31.1,260.4,2454937.47386,-3.013854,-3.013882,-0.173,-9999999,0.010272,-0.727972,0.857332,0.026696,0.724674,0.49,900,-7.31969,2.893902,2009-04-15T23:15:31.372,-9999999,K5,183.C-0972(A),Udry,-9999999,HARPS_ech_obs_all,HARPS_ech_obs_thosimult,STAR_WAVE_K3,1.34107701282608E-05,6.70766582498652E-07,0,0,0
GJ2046,88.51851,-60.02445,2454939.4838099,-1.097637,0.624335,31332.473481,0.558525,4.598115,0.257329,31333.172623,0.206315,-12.070581,0.257666,-9.77669,2.868614,5.722061,0.852778,0.535943,0.000305,0.190352,0.000295,0.245372,0.000373,0,5.92416,43.349071,0.008713,31.1,270.8,2454939.48381,-2.965223,-2.965245,0.256,-9999999,0.010282,-0.351386,0.568838,0.68886,0.519022,0.51,900,-9.777649,2.833142,2009-04-17T23:29:34.377,-9999999,K5,183.C-0972(A),Udry,-9999999,HARPS_ech_obs_all,HARPS_ech_obs_thosimult,STAR_WAVE_K3,1.40633039393266E-05,6.98833567861436E-07,0,0,0
GJ2046,88.51851,-60.02445,2454941.5024853,0.07944,0.882989,31333.702874,0.438944,5.294079,0.211372,31333.934221,0.16397,-11.389076,0.211797,-3.758286,2.391863,3.273856,0.698358,0.531442,0.00024,0.190797,0.000234,0.246623,0.000293,0,5.921926,43.36281,0.009806,31.1,342.2,2454941.50248,-2.919253,-2.919272,0.447,-9999999,0.010293,-0.832499,0.857316,0.221054,0.407167,0.5,900,-3.76124,2.347519,2009-04-19T23:56:38.563,-9999999,K5,183.C-0972(A),Udry,-9999999,HARPS_ech_obs_all,HARPS_ech_obs_thosimult,STAR_WAVE_K3,1.26430120009837E-05,5.69357860149211E-07,0,0,0
GJ2046,88.51851,-60.02445,2454947.4620315,0.801764,0.811339,31334.245591,0.835825,6.232092,0.225359,31334.640823,0.172979,-10.462821,0.225806,-4.139685,2.272145,8.968767,0.893195,0.539395,0.00025,0.190873,0.000245,0.247897,0.000307,0,5.925685,43.317165,0.009843,31.1,326.8,2454947.46202,-2.679679,-2.679706,0.292,-9999999,0.010323,-0.616811,0.779412,0.384909,0.817729,0.5,900,-4.159337,2.210876,2009-04-25T22:58:27.918,-9999999,K5,183.C-0972(A),Udry,-9999999,HARPS_ech_obs_all,HARPS_ech_obs_thosimult,STAR_WAVE_K3,1.36314831789727E-05,7.05157123439227E-07,0,0,0
GJ2046,88.51851,-60.02445,2454950.4767867,-0.9994,0.896099,31333.236858,0.675109,4.520387,0.260727,31333.313486,0.202539,-12.199721,0.260806,0.90753,3.433208,13.635431,0.957863,0.541023,0.000279,0.190838,0.000278,0.250147,0.00035,0,5.930937,43.273105,0.01078,31.1,287.2,2454950.47626,-2.579429,-2.579042,0.217,-9999999,0.010339,-0.527351,0.85733,0.066289,0.644011,0.55,900,0.893341,3.389779,2009-04-28T23:18:59.922,-9999999,K5,183.C-0972(A),Udry,-9999999,HARPS_ech_obs_all,HARPS_ech_obs_thosimult,STAR_WAVE_K3,1.39334034415194E-05,7.03844940839745E-07,0,0,0
GJ2046,88.51851,-60.02445,2454950.4875607,-1.240738,0.890372,31332.853847,0.669489,4.275177,0.24033,31332.909356,0.182973,-12.404432,0.240458,1.654896,3.247352,13.642517,0.944025,0.541464,0.000261,0.191211,0.000256,0.249493,0.000322,0,5.931147,43.279051,0.009786,31.1,312.1,2454950.48755,-2.587554,-2.587574,0.498,-9999999,0.010339,-0.531223,0.857324,0.04517,0.644001,0.49,900,1.636424,3.198502,2009-04-28T23:35:24.806,-9999999,K5,183.C-0972(A),Udry,-9999999,HARPS_ech_obs_all,HARPS_ech_obs_thosimult,STAR_WAVE_K3,1.401178883938E-05,6.23625382441079E-07,0,0,0
GJ2046,88.51851,-60.02445,2454951.4657302,-0.570731,0.908502,31331.607,0.774567,4.97402,0.300581,31333.314731,0.2425,-11.739362,0.300662,-9.17493,3.409974,16.912528,1.100303,0.539458,0.000349,0.195754,0.000343,0.249027,0.000432,0,5.934007,43.244265,0.00822,31.1,233.4,2454951.46562,-2.531231,-2.531174,0.134,-9999999,0.010344,-0.502387,0.857337,1.697387,0.735627,0.51,900,-9.181471,3.376158,2009-04-29T23:03:41.331,-9999999,K5,183.C-0972(A),Udry,-9999999,HARPS_ech_obs_all,HARPS_ech_obs_thosimult,STAR_WAVE_K3,1.4331837204521E-05,7.60611696868858E-07,0,0,0
GJ2046,88.51851,-60.02445,2454952.4696979,-1.696742,0.739647,31332.275498,0.698473,3.5467,0.272929,31332.17588,0.215482,-13.143237,0.272918,-6.168071,3.237127,17.957179,1.039528,0.535948,0.000305,0.19479,0.0003,0.248796,0.000378,0,5.93345,43.237548,0.009507,31.1,265.7,2454952.46969,-2.494585,-2.494608,0.098,-9999999,0.010349,-0.803696,0.68745,-0.109967,0.664403,0.48,900,-6.183803,3.19439,2009-04-30T23:09:51.822,-9999999,K5,183.C-0972(A),Udry,-9999999,HARPS_ech_obs_all,HARPS_ech_obs_thosimult,STAR_WAVE_K3,1.40641713978937E-05,7.22940523289682E-07,0,0,0
GJ2046,88.51851,-60.02445,2454953.4638235,0.280104,0.890511,31333.833693,1.004659,5.82554,0.240794,31334.136471,0.186444,-10.86776,0.241097,-9.214031,2.853535,14.929377,0.892001,0.535041,0.000267,0.194864,0.000261,0.248996,0.000329,0,5.930194,43.256007,0.009787,31.1,305.9,2454953.46381,-2.449279,-2.449303,0.669,-9999999,0.010354,-0.501702,0.857338,0.292424,0.987208,0.51,900,-9.2189,2.816895,2009-05-01T23:00:57.941,-9999999,K5,183.C-0972(A),Udry,-9999999,HARPS_ech_obs_all,HARPS_ech_obs_thosimult,STAR_WAVE_K3,1.42076585168871E-05,5.74045573949444E-07,0,0,0
GJ2046,88.51851,-60.02445,2454954.4591692,0.535123,0.80459,31334.842092,0.822557,6.129089,0.271066,31334.960146,0.215006,-10.577245,0.271276,7.704192,3.193952,14.816235,1.053177,0.534124,0.000304,0.194821,0.0003,0.248761,0.000378,0,5.931039,43.254755,0.010508,31.1,266.4,2454954.45916,-2.404304,-2.404341,0.289,-9999999,0.010359,-0.453172,0.757554,0.107695,0.79396,0.49,900,7.712422,3.166734,2009-05-02T22:54:34.463,-9999999,K5,183.C-0972(A),Udry,-9999999,HARPS_ech_obs_all,HARPS_ech_obs_thosimult,STAR_WAVE_K3,1.45445522089849E-05,6.45539670122322E-07,0,0,0
GJ2046,88.51851,-60.02445,2454955.4582227,6.422765,0.80694,31339.883693,0.84977,11.714954,0.22789,31340.566711,0.173163,-4.977846,0.228058,-3.547739,2.326847,13.787302,0.959447,0.532358,0.000252,0.196059,0.000247,0.245847,0.000308,0,5.929857,43.260755,0.011729,31.1,325.1,2454955.45822,-2.361772,-2.36181,0.411,-9999999,0.010365,-0.754949,0.774092,0.672653,0.83194,0.51,900,-3.540395,2.312263,2009-05-03T22:52:55.328,-9999999,K5,183.C-0972(A),Udry,-9999999,HARPS_ech_obs_all,HARPS_ech_obs_thosimult,STAR_WAVE_K3,1.42346926192768E-05,7.19458854944958E-07,0,0,0
GJ2046,88.51851,-60.02445,2454959.5019411,3.852763,0.952673,31337.850804,1.04462,9.794713,0.415444,31338.440199,0.341611,-6.913501,0.41541,1.009058,4.31835,20.056893,1.121492,0.532454,0.000479,0.194909,0.000481,0.239892,0.000601,0,5.935826,43.217935,0.0128,31.1,168.1,2454959.50194,-2.214914,-2.214958,0.696,-9999999,0.010385,-0.105188,0.857316,0.57901,0.987185,0.43,900,1.001916,4.309897,2009-05-07T23:57:07.064,-9999999,K5,183.C-0972(A),Udry,-9999999,HARPS_ech_obs_all,HARPS_ech_obs_thosimult,STAR_WAVE_K3,1.39383135364037E-05,6.70231192893806E-07,0,0,0
GJ2046,88.51851,-60.02445,2455096.8913215,0.833958,0.760926,31335.701276,0.983974,6.334231,0.34573,31334.8161,0.292634,-10.374848,0.346007,-6.25667,4.028425,15.256946,1.019308,0.53706,0.000424,0.190078,0.000414,0.252919,0.000527,0,5.933808,43.275515,0.009388,31.1,192.8,2455096.89132,3.432007,3.43201,-0.835,-9999999,0.011093,-0.546866,0.677849,-0.896269,0.939452,0.51,899.9993,-6.252254,4.008472,2009-09-22T09:15:45.149,-9999999,K5,183.C-0972(A),Udry,-9999999,HARPS_ech_obs_all,HARPS_ech_obs_thosimult,STAR_WAVE_K3,1.34041559168459E-05,6.79746840461423E-07,0,0,0
GJ2046,88.51851,-60.02445,2455098.8873058,-0.564269,0.882711,31335.10999,1.013623,6.114085,0.277426,31334.484292,0.23002,-10.622614,0.277594,-4.476895,2.551723,18.020983,1.003275,0.535371,0.000325,0.193681,0.00032,0.252196,0.000407,0,5.937072,43.24906,0.00885,31.1,248.2,2455098.8873,3.416262,3.41627,0.613,-9999999,0.011103,0.631215,0.837982,-0.636801,0.987179,0.53,900.0002,-4.466965,2.530255,2009-09-24T09:09:38.248,-9999999,K5,183.C-0972(A),Udry,-9999999,HARPS_ech_obs_all,HARPS_ech_obs_thosimult,STAR_WAVE_K3,1.36328103871543E-05,5.81949426459837E-07,0,0,0
GJ2046,88.51851,-60.02445,2455100.840638,3.676333,0.835838,31339.095908,1.014942,10.538733,0.284253,31338.585936,0.235856,-6.16629,0.284486,-10.148132,3.039955,19.518805,0.786982,0.535536,0.000339,0.189596,0.000332,0.252909,0.000423,0,5.938152,43.243024,0.007866,31.1,239.6,2455100.84063,3.44659,3.446595,0.237,-9999999,0.011113,0.815262,0.786019,-0.521085,0.987157,0.52,899.9985,-10.145593,3.029729,2009-09-26T08:02:33.266,-9999999,K5,183.C-0972(A),Udry,-9999999,HARPS_ech_obs_all,HARPS_ech_obs_thosimult,STAR_WAVE_K3,1.39045550945988E-05,7.54120054342238E-07,0,0,0
GJ2046,88.51851,-60.02445,2455103.856604,1.199099,0.851151,31336.172454,0.771592,5.940629,0.476853,31334.261958,0.403846,-10.760692,0.477189,-7.276656,3.905774,27.378398,1.35314,0.536337,0.000576,0.192652,0.000569,0.254472,0.000729,0,5.947985,43.179241,0.009754,31.1,140.7,2455103.85659,3.384187,3.384204,0.543,-9999999,0.011129,-1.305609,0.705031,-1.921625,0.657467,0.52,899.9992,-7.282332,3.888915,2009-09-29T08:25:29.845,-9999999,K5,183.C-0972(A),Udry,-9999999,HARPS_ech_obs_all,HARPS_ech_obs_thosimult,STAR_WAVE_K3,1.32173259417034E-05,5.66839272388957E-07,0,0,0
GJ2046,88.51851,-60.02445,2455106.8474844,4.463779,0.654449,31338.918053,0.732974,9.284461,0.313808,31337.908293,0.259748,-7.443986,0.313982,-4.587648,3.475295,25.369437,1.197018,0.537128,0.000372,0.193656,0.000364,0.253242,0.000465,0,5.943936,43.186215,0.011684,31.1,218.7,2455106.84748,3.341784,3.341796,0,-9999999,0.011144,-1.226457,0.574307,-1.020904,0.685406,0.5,899.9998,-4.598842,3.460522,2009-10-02T08:12:37.072,-9999999,K5,183.C-0972(A),Udry,-9999999,HARPS_ech_obs_all,HARPS_ech_obs_thosimult,STAR_WAVE_K3,1.44921500027367E-05,6.70709500528905E-07,0,0,0
GJ2046,88.51851,-60.02445,2455112.8463779,-2.664074,0.893773,31331.414311,1.007703,2.683249,0.252742,31331.053207,0.202436,-14.052745,0.253055,-2.50397,2.853132,24.769621,1.130688,0.53891,0.000288,0.194071,0.000281,0.249588,0.00036,0,5.946801,43.157715,0.011617,31.1,282.6,2455112.84637,3.211046,3.21107,-0.188,-9999999,0.011175,-0.699815,0.857293,-0.372279,0.98716,0.53,899.9992,-2.507846,2.806795,2009-10-08T08:10:28.927,-9999999,K5,183.C-0972(A),Udry,-9999999,HARPS_ech_obs_all,HARPS_ech_obs_thosimult,STAR_WAVE_K3,1.5867122902202E-05,7.77002636015438E-07,0,0,0
GJ2046,88.51851,-60.02445,2455134.8640506,-2.522933,0.891674,31331.668265,0.858367,3.110937,0.24519,31332.139981,0.200227,-13.627371,0.245333,-6.636341,2.752802,15.447919,0.86526,0.534341,0.00029,0.193684,0.000281,0.247875,0.000359,0,5.930989,43.262255,0.010679,31.1,282.9,2455134.86404,2.418616,2.418664,0.142,-9999999,0.011288,-0.413269,0.8573,0.460428,0.834687,0.52,899.9987,-6.643748,2.702792,2009-10-30T08:35:46.832,-9999999,K5,183.C-0972(A),Udry,-9999999,HARPS_ech_obs_all,HARPS_ech_obs_thosimult,STAR_WAVE_K3,1.39227324524247E-05,6.94636904265528E-07,0,0,0
GJ2046,88.51851,-60.02445,2455138.7953955,2.650329,0.689975,31337.453092,0.875886,7.826134,0.247511,31336.679041,0.200543,-8.910459,0.247798,-5.279443,2.695771,16.833825,0.906073,0.53161,0.000286,0.193955,0.000281,0.247592,0.000359,0,5.934542,43.246555,0.010071,31.1,283.5,2455138.79539,2.325141,2.325178,0,-9999999,0.011309,-0.871334,0.644052,-0.78536,0.852618,0.5,849.999,-5.297736,2.654672,2009-11-03T06:57:35.343,-9999999,K5,183.C-0972(A),Udry,-9999999,HARPS_ech_obs_all,HARPS_ech_obs_thosimult,STAR_WAVE_K3,1.42271397428216E-05,6.01038625841831E-07,0,0,0
GJ2046,88.51851,-60.02445,2455141.8084615,2.563025,0.525172,31337.523577,0.588922,8.313086,0.259455,31336.627445,0.210891,-8.412776,0.25963,-4.096107,2.8758,23.734637,1.198555,0.536359,0.000301,0.190744,0.000296,0.252519,0.000375,0,5.946734,43.174848,0.009345,31.1,270.4,2455141.80846,2.163309,2.163344,-0.126,-9999999,0.011324,-0.297077,0.456606,-0.907456,0.549868,0.48,899.9991,-4.099506,2.855083,2009-11-06T07:16:15.319,-9999999,K5,183.C-0972(A),Udry,-9999999,HARPS_ech_obs_all,HARPS_ech_obs_thosimult,STAR_WAVE_K3,1.53548691556325E-05,9.02872118541096E-07,0,0,0
GJ2046,88.51851,-60.02445,2455166.6311415,5.980006,0.895595,31341.760674,1.008856,12.067612,0.259182,31341.45833,0.208212,-4.634205,0.259068,-14.204636,3.360577,21.799801,1.129725,0.536544,0.000294,0.194369,0.000292,0.251055,0.000369,0,5.94141,43.185255,0.013806,31.1,273.9,2455166.63113,0.973903,0.973956,0.72,-9999999,0.011452,0.040467,0.857272,-0.313796,0.987136,0.51,900.0006,-14.22735,3.352541,2009-12-01T03:00:16.975,-9999999,K5,183.C-0972(A),Udry,-9999999,HARPS_ech_obs_all,HARPS_ech_obs_thosimult,STAR_WAVE_K3,1.56695764476759E-05,8.92140628409015E-07,0,0,0
GJ2046,88.51851,-60.02445,2455168.6519205,-0.394351,0.889732,31337.837071,0.659424,5.679236,0.238146,31334.32801,0.189653,-11.035161,0.237897,-10.073946,2.446448,16.38223,1.062348,0.534542,0.000273,0.193017,0.000267,0.24683,0.000341,0,5.935265,43.242552,0.012542,31.1,297.4,2455168.65191,0.829099,0.829154,-0.021,-9999999,0.011462,0.026449,0.857269,-3.520523,0.631563,0.51,799.9976,-10.083384,2.404155,2009-12-03T03:31:02.828,-9999999,K5,183.C-0972(A),Udry,-9999999,HARPS_ech_obs_all,HARPS_ech_obs_thosimult,STAR_WAVE_K3,1.504511278993E-05,6.69476784432711E-07,0,0,0
GJ2046,88.51851,-60.02445,2455169.6449254,1.826607,0.897089,31336.932411,1.010504,7.814961,0.264306,31336.427862,0.216064,-8.945099,0.264147,-14.054261,2.939232,17.597582,0.978659,0.535657,0.000308,0.193954,0.000303,0.24705,0.000386,0,5.936795,43.233726,0.013329,31.1,262.6,2455169.64492,0.77529,0.775338,-0.287,-9999999,0.011468,-0.058785,0.857269,-0.516017,0.987134,0.49,799.9912,-14.075391,2.907804,2009-12-04T03:21:14.263,-9999999,K5,183.C-0972(A),Udry,-9999999,HARPS_ech_obs_all,HARPS_ech_obs_thosimult,STAR_WAVE_K3,1.50028141465064E-05,6.62307043290335E-07,0,0,0
GJ2046,88.51851,-60.02445,2455272.5594137,6.157903,0.828742,31340.023823,0.870573,11.67295,0.32435,31340.297523,0.267534,-5.008034,0.324201,-7.315596,3.252624,31.071481,1.574663,0.537659,0.000411,0.191732,0.000393,0.248621,0.000492,0,5.949621,43.102606,0.009377,31.1,205.9,2455272.5594,-3.548155,-3.548161,-0.112,-9999999,0.011997,-0.532092,0.762634,0.261703,0.828447,0.49,900.0076,-7.374117,3.233741,2010-03-17T01:18:14.898,-9999999,K5,183.C-0972(A),Udry,-9999999,HARPS_ech_obs_all,HARPS_ech_obs_thosimult,STAR_WAVE_K3,1.68899146911558E-05,8.79739100430182E-07,0,0,0
GJ2046,88.51851,-60.02445,2455279.5027478,4.533755,0.863152,31338.647063,0.873921,10.613964,0.358267,31339.350826,0.294718,-6.155277,0.35815,-12.321747,3.148757,34.473529,1.451469,0.539139,0.000423,0.192603,0.000418,0.248279,0.000522,0,5.950632,43.075997,0.014256,31.1,193.5,2455279.50274,-3.462244,-3.462256,0.131,-9999999,0.012033,0.033071,0.785288,0.69173,0.822727,0.45,900.0061,-12.355774,3.124565,2010-03-23T23:57:21.785,-9999999,K5,183.C-0972(A),Udry,-9999999,HARPS_ech_obs_all,HARPS_ech_obs_thosimult,STAR_WAVE_K3,1.66500918436949E-05,7.82312671297563E-07,0,0,0
GJ2046,88.51851,-60.02445,2455284.5392073,2.547699,0.613212,31337.083145,0.561885,8.50877,0.227556,31337.630962,0.175682,-8.212746,0.227585,-5.957292,3.097774,23.707552,1.158481,0.537868,0.000258,0.191307,0.00025,0.247622,0.000314,0,5.947028,43.141297,0.014058,31.1,321.1,2455284.5392,-3.452542,-3.452565,0.123,-9999999,0.012059,-0.086067,0.569427,0.535758,0.533714,0.5,900.0062,-5.963633,3.075432,2010-03-29T00:49:11.756,-9999999,K5,183.C-0972(A),Udry,-9999999,HARPS_ech_obs_all,HARPS_ech_obs_thosimult,STAR_WAVE_K3,1.70381775276223E-05,8.32551826050245E-07,0,0,0
GJ2046,88.51851,-60.02445,2455424.8913366,0.829835,0.94382,31335.511026,0.972248,8.868362,0.557222,31337.846725,0.466229,-7.928802,0.558032,-8.802132,5.227509,35.161577,1.965565,0.538437,0.000649,0.194009,0.000645,0.250293,0.000828,0,5.963025,43.076079,0.014176,31.1,125,2455424.89133,3.090109,3.09008,-0.329,-9999999,0.012782,1.991389,0.761775,2.322917,0.853169,0.49,900.0004,-8.815515,5.211785,2010-08-16T09:16:39.550,-9999999,K5,183.C-0972(A),Udry,-9999999,HARPS_ech_obs_all,HARPS_ech_obs_thosimult,STAR_WAVE_K3,1.77980903735037E-05,9.45334034166427E-07,0,0,0
GJ2046,88.51851,-60.02445,2455456.8925458,5.556731,0.767775,31339.093006,1.009407,9.377299,0.264854,31338.234403,0.210653,-7.342546,0.264924,-12.040797,2.487742,29.949485,1.179779,0.539631,0.000289,0.190151,0.00028,0.253826,0.000357,0,5.948332,43.11871,0.010245,31.1,283.8,2455456.89254,3.464589,3.46459,0.172,-9999999,0.012947,-2.226571,0.720646,-0.87155,0.987182,0.49,900.0006,-12.03206,2.47171,2010-09-17T09:17:54.178,-9999999,K5,183.C-0972(A),Udry,-9999999,HARPS_ech_obs_all,HARPS_ech_obs_thosimult,STAR_WAVE_K3,1.64305115568018E-05,8.61584108941767E-07,0,0,0
GJ2046,88.51851,-60.02445,2455484.837718,5.958985,0.730211,31340.827267,0.633903,11.331282,0.317835,31339.825826,0.26221,-5.391782,0.318252,-2.192962,3.028023,30.481825,1.327933,0.538306,0.000366,0.190587,0.000357,0.254372,0.000454,0,5.95062,43.100058,0.010285,31.1,224.1,2455484.83771,3.033922,3.033963,-0.134,-9999999,0.013091,-0.674842,0.657411,-1.014532,0.57713,0.48,900.0007,-2.208085,3.013248,2010-10-15T07:58:39.884,-9999999,K5,183.C-0972(A),Udry,-9999999,HARPS_ech_obs_all,HARPS_ech_obs_thosimult,STAR_WAVE_K3,1.66915360034809E-05,6.07249105757374E-07,0,0,0
GJ2046,88.51851,-60.02445,2455487.8252007,3.970264,0.759827,31339.192225,0.904061,9.195041,0.29201,31337.164448,0.235843,-7.563878,0.292479,-8.002835,2.917589,32.577849,1.384875,0.537767,0.000324,0.190683,0.000316,0.253993,0.000402,0,5.949519,43.08289,0.011173,31.1,252.2,2455487.82519,2.951013,2.951044,0.51,-9999999,0.013106,-0.822361,0.701476,-2.040883,0.872757,0.51,900.0008,-8.004033,2.896618,2010-10-18T07:40:08.860,-9999999,K5,183.C-0972(A),Udry,-9999999,HARPS_ech_obs_all,HARPS_ech_obs_thosimult,STAR_WAVE_K3,1.69132780019534E-05,8.85978791387621E-07,0,0,0
GJ2046,88.51851,-60.02445,2455519.6932099,-1.130779,0.920448,31333.475785,1.026008,5.219968,0.335143,31333.954837,0.279764,-11.531741,0.335372,-8.605927,3.011957,26.724844,1.191386,0.534729,0.000386,0.193614,0.000379,0.248788,0.000485,0,5.943289,43.155424,0.013374,31.1,210.7,2455519.6932,1.629261,1.629298,0.077,-9999999,0.01327,0.303609,0.857266,0.465782,0.98713,0.54,900.0007,-8.617776,2.976048,2010-11-19T04:29:16.988,-9999999,K5,183.C-0972(A),Udry,-9999999,HARPS_ech_obs_all,HARPS_ech_obs_thosimult,STAR_WAVE_K3,1.44493190010372E-05,7.62038552628132E-07,0,0,0
GJ2046,88.51851,-60.02445,2455523.7621841,3.202957,0.650924,31338.385111,0.922125,9.208188,0.287206,31338.283937,0.237492,-7.475628,0.28724,-2.977359,2.620828,24.735943,1.131373,0.535098,0.00033,0.190602,0.000322,0.253181,0.000409,0,5.942036,43.168504,0.010473,31.1,248,2455523.76218,1.311512,1.311546,-0.102,-9999999,0.013291,-0.041907,0.584135,-0.114465,0.891017,0.5,900.0006,-2.965924,2.600236,2010-11-23T06:09:10.699,-9999999,K5,183.C-0972(A),Udry,-9999999,HARPS_ech_obs_all,HARPS_ech_obs_thosimult,STAR_WAVE_K3,1.61218445055194E-05,7.7175134438384E-07,0,0,0
GJ2046,88.51851,-60.02445,2455525.699539,-1.206967,0.894842,31333.301588,1.009035,5.129355,0.256588,31333.928124,0.209108,-11.582173,0.256641,-6.518565,2.958366,25.788599,1.148661,0.536182,0.000283,0.189531,0.000275,0.25234,0.00035,0,5.946534,43.146429,0.008791,31.1,288.9,2455525.69953,1.274767,1.274807,-0.413,-9999999,0.013301,0.289184,0.857266,0.613235,0.98713,0.5,900.0004,-6.538544,2.911034,2010-11-25T04:38:57.470,-9999999,K5,183.C-0972(A),Udry,-9999999,HARPS_ech_obs_all,HARPS_ech_obs_thosimult,STAR_WAVE_K3,1.63213912141276E-05,9.98326802220412E-07,0,0,0
GJ2046,88.51851,-60.02445,2455527.710437,3.073323,0.702571,31337.799208,0.725279,8.073661,0.236146,31337.134181,0.187147,-8.612286,0.235936,3.717552,2.59601,28.040344,1.090388,0.536403,0.000255,0.190365,0.000248,0.253306,0.000315,0,5.950807,43.114237,0.010588,31.1,321.2,2455527.71043,1.142158,1.142196,0.588,-9999999,0.013311,-1.0468,0.661695,-0.678338,0.700718,0.5,900.0061,3.718335,2.573396,2010-11-27T04:54:38.395,-9999999,K5,183.C-0972(A),Udry,-9999999,HARPS_ech_obs_all,HARPS_ech_obs_thosimult,STAR_WAVE_K3,1.66532636812439E-05,6.72655938530308E-07,0,0,0
GJ2046,88.51851,-60.02445,2455527.7914268,3.937508,0.702317,31338.827079,0.725258,8.90874,0.23535,31338.003301,0.187005,-7.820874,0.23523,-6.916899,2.722733,26.633068,1.168771,0.535667,0.000252,0.190321,0.000244,0.25347,0.000311,0,5.949374,43.12592,0.009102,31.1,326.1,2455527.79142,1.035269,1.035315,0.77,-9999999,0.013312,-1.075907,0.661709,-0.83709,0.700734,0.49,900.0047,-6.938004,2.692702,2010-11-27T06:51:24.893,-9999999,K5,183.C-0972(A),Udry,-9999999,HARPS_ech_obs_all,HARPS_ech_obs_thosimult,STAR_WAVE_K3,1.66213721655123E-05,6.37829085628952E-07,0,0,0
GJ2046,88.51851,-60.02445,2455529.7875429,5.428281,0.935017,31340.241031,1.03539,11.377732,0.373278,31340.295443,0.312389,-5.334768,0.372816,-7.34625,4.405002,39.218801,1.601207,0.539194,0.000415,0.194261,0.000411,0.249123,0.000525,0,5.955595,43.039497,0.010749,31.1,193.9,2455529.78753,0.919527,0.919557,-0.05,-9999999,0.013322,-0.097687,0.857275,0.04109,0.987141,0.49,899.9977,-7.362749,4.391155,2010-11-29T06:45:48.739,-9999999,K5,183.C-0972(A),Udry,-9999999,HARPS_ech_obs_all,HARPS_ech_obs_thosimult,STAR_WAVE_K3,1.72810881957637E-05,9.05761245375284E-07,0,0,0
GJ2046,88.51851,-60.02445,2455538.6288888,-1.293306,0.734683,31334.245076,0.894443,4.055412,0.321218,31333.098495,0.263558,-12.682951,0.320719,-12.782843,3.019665,31.836409,1.297246,0.533322,0.000363,0.190645,0.000357,0.251725,0.000452,0,5.949891,43.102218,0.013917,31.1,223.6,2455538.62889,0.560965,0.561011,-1.082,-9999999,0.013368,-0.69842,0.660741,-1.159949,0.854731,0.52,899.9985,-12.777307,2.99116,2010-12-08T02:56:52.232,-9999999,K5,183.C-0972(A),Udry,-9999999,HARPS_ech_obs_all,HARPS_ech_obs_thosimult,STAR_WAVE_K3,1.64738343667161E-05,8.17474963679512E-07,0,0,0
GJ2046,88.51851,-60.02445,2455544.6485356,-0.082311,0.749696,31335.192446,0.904803,6.378805,0.251843,31335.303785,0.201573,-10.327503,0.251765,-4.390866,2.510745,28.669012,1.163216,0.534268,0.000269,0.193619,0.000264,0.247772,0.000338,0,5.947069,43.121027,0.012591,31.1,300.4,2455544.64853,0.156541,0.156586,-0.431,-9999999,0.013399,0.413977,0.706129,0.09794,0.882064,0.52,899.999,-4.369868,2.486797,2010-12-14T03:25:09.265,-9999999,K5,183.C-0972(A),Udry,-9999999,HARPS_ech_obs_all,HARPS_ech_obs_thosimult,STAR_WAVE_K3,1.57673218786361E-05,7.82820238685948E-07,0,0,0
GJ2046,88.51851,-60.02445,2455549.7331361,3.612823,0.892013,31340.264525,0.724385,9.207983,0.246537,31338.208796,0.197175,-7.511392,0.246338,-7.501341,2.528146,26.907302,1.188278,0.533467,0.000273,0.19109,0.000264,0.251224,0.000334,0,5.94552,43.130308,0.013472,31.1,302.9,2455549.73313,-0.274427,-0.27438,0.418,-9999999,0.013425,-0.451978,0.857267,-2.069154,0.697033,0.49,900.0072,-7.494355,2.523408,2010-12-19T05:27:25.860,-9999999,K5,183.C-0972(A),Udry,-9999999,HARPS_ech_obs_all,HARPS_ech_obs_thosimult,STAR_WAVE_K3,1.56214321205866E-05,7.21767366141806E-07,0,0,0
GJ2046,88.51851,-60.02445,2455579.7549181,0.588298,0.637789,31335.486332,0.921986,7.366048,0.258015,31336.546441,0.20814,-9.25911,0.257908,2.564496,2.751592,24.684505,1.159962,0.530709,0.000283,0.191063,0.000275,0.249036,0.000345,0,5.940204,43.147055,0.013771,31.1,291.6,2455579.75491,-2.087948,-2.087928,-0.284,-9999999,0.013579,0.730612,0.583269,1.04653,0.898184,0.5,799.999,2.545405,2.724095,2011-01-18T05:59:38.410,-9999999,K5,183.C-0972(A),Udry,-9999999,HARPS_ech_obs_all,HARPS_ech_obs_thosimult,STAR_WAVE_K3,1.61817726518372E-05,7.04818545330068E-07,0,0,0
GJ2046,88.51851,-60.02445,2455585.7400848,-3.184707,0.621677,31331.876503,0.655338,4.313234,0.302539,31333.375063,0.25035,-12.383668,0.30228,-6.605181,3.128778,23.498082,1.199676,0.525923,0.000336,0.195643,0.000333,0.242523,0.000412,0,5.940249,43.169275,0.010595,31.1,242.1,2455585.74008,-2.375719,-2.375691,0.333,-9999999,0.01361,1.450803,0.543096,1.48495,0.605635,0.52,900.0045,-6.602074,3.100678,2011-01-24T05:37:12.396,-9999999,K5,183.C-0972(A),Udry,-9999999,HARPS_ech_obs_all,HARPS_ech_obs_thosimult,STAR_WAVE_K3,1.53881848430319E-05,7.22074429425231E-07,0,0,0
GJ2046,88.51851,-60.02445,2455612.5950744,-0.817446,0.716851,31333.663256,0.896345,6.008437,0.25633,31334.872483,0.209422,-10.635229,0.25612,-5.166756,2.579116,23.31874,1.204827,0.534978,0.000282,0.194285,0.000273,0.250066,0.000346,0,5.94487,43.170461,0.011441,31.1,290.9,2455612.59507,-3.251093,-3.251072,-0.712,-9999999,0.013749,0.778745,0.669456,1.195478,0.871537,0.51,900.0015,-5.166648,2.545672,2011-02-20T02:08:53.755,-9999999,K5,183.C-0972(A),Udry,-9999999,HARPS_ech_obs_all,HARPS_ech_obs_thosimult,STAR_WAVE_K3,1.50102016990649E-05,6.77084711895877E-07,0,0,0
GJ2046,88.51851,-60.02445,2455635.573149,5.342699,0.676137,31340.514674,0.661236,12.66018,0.302323,31341.690611,0.246018,-4.01804,0.302147,-2.9396,2.977085,38.219184,1.467187,0.537521,0.000334,0.191336,0.000326,0.251428,0.000412,0,5.963617,43.034495,0.010882,31.1,245.8,2455635.57314,-3.558546,-3.558546,0.001,-9999999,0.013867,1.270342,0.604782,1.16207,0.613765,0.48,900.0059,-2.96434,2.96977,2011-03-15T01:38:08.551,-9999999,K5,183.C-0972(A),Udry,-9999999,HARPS_ech_obs_all,HARPS_ech_obs_thosimult,STAR_WAVE_K3,1.74434816831828E-05,8.57845766123737E-07,0,0,0
GJ2046,88.51851,-60.02445,2455637.5621708,6.602917,0.865285,31341.261597,0.829638,14.247903,0.65896,31343.282575,0.547792,-2.410924,0.658872,3.434801,6.11034,41.249387,2.230989,0.535571,0.00076,0.192181,0.000771,0.244451,0.000955,0,5.963648,43.029874,0.012908,31.1,107.4,2455637.56217,-3.549203,-3.549197,-0.073,-9999999,0.013877,1.597848,0.560793,2.007101,0.623076,0.47,500.0057,3.404708,6.106691,2011-03-17T01:25:39.001,-9999999,K5,183.C-0972(A),Udry,-9999999,HARPS_ech_obs_all,HARPS_ech_obs_thosimult,STAR_WAVE_K3,1.76165931244958E-05,8.01769470592463E-07,0,0,0
GJ2046,88.51851,-60.02445,2455640.5691216,5.559566,0.641418,31341.040466,0.662003,12.517442,0.410409,31341.783923,0.341037,-4.168822,0.410145,-10.797878,4.342132,41.36515,1.675976,0.540289,0.000476,0.191154,0.000467,0.251995,0.000591,0,5.960947,43.005301,0.013297,31.1,172.5,2455640.56912,-3.550764,-3.550766,0,-9999999,0.013893,0.910738,0.492931,0.729564,0.567399,0.48,900.006,-10.835642,4.33208,2011-03-20T01:32:25.510,-9999999,K5,183.C-0972(A),Udry,-9999999,HARPS_ech_obs_all,HARPS_ech_obs_thosimult,STAR_WAVE_K3,1.7140294959574E-05,7.96292755195878E-07,0,0,0
GJ2046,88.51851,-60.02445,2455653.5479335,-0.050024,0.893658,31334.740191,1.008128,6.454271,0.252326,31335.481709,0.20453,-10.209207,0.252314,-2.362387,2.612703,21.403049,1.08826,0.538322,0.000266,0.190616,0.000262,0.250804,0.000331,0,5.938794,43.199533,0.011892,31.1,304.6,2455653.54793,-3.409758,-3.409758,-0.134,-9999999,0.013959,0.457157,0.857296,0.727559,0.987162,0.52,900.0039,-2.383202,2.585423,2011-04-02T01:01:31.388,-9999999,K5,183.C-0972(A),Udry,-9999999,HARPS_ech_obs_all,HARPS_ech_obs_thosimult,STAR_WAVE_K3,1.48247429524653E-05,6.85750305239253E-07,0,0,0
GJ2046,88.51851,-60.02445,2455662.5239081,0.954608,0.918524,31335.781813,1.02433,7.982022,0.329718,31336.637263,0.273389,-8.724547,0.329595,-3.427938,3.558002,30.115004,1.401751,0.534382,0.000371,0.194741,0.000363,0.24995,0.000459,0,5.948317,43.114145,0.010175,31.1,219.9,2455662.5239,-3.206681,-3.206682,0.078,-9999999,0.014006,0.980276,0.857306,0.841444,0.987173,0.5,900.005,-3.447149,3.538451,2011-04-11T00:27:21.772,-9999999,K5,183.C-0972(A),Udry,-9999999,HARPS_ech_obs_all,HARPS_ech_obs_thosimult,STAR_WAVE_K3,1.58152870482113E-05,9.53404929157415E-07,0,0,0
GJ2046,88.51851,-60.02445,2455835.8159783,-0.931135,0.628996,31333.732468,0.815173,6.79961,0.294085,31335.629592,0.244791,-9.899426,0.294323,-5.469955,3.445639,26.578425,1.177244,0.535896,0.00033,0.193572,0.000322,0.253022,0.000411,0,5.945014,43.168142,0.012978,31.1,246.5,2455835.81597,3.407444,3.407457,-0.563,-9999999,0.014898,1.683606,0.556012,1.882226,0.77755,0.52,900.0055,-5.444204,3.43238,2011-10-01T07:26:58.656,-9999999,K5,183.C-0972(A),Udry,-9999999,HARPS_ech_obs_all,HARPS_ech_obs_thosimult,STAR_WAVE_K3,1.52281673895573E-05,6.46243173525287E-07,0,0,0
GJ2046,88.51851,-60.02445,2455844.8008411,-1.789093,0.567888,31333.165129,0.56529,5.340304,0.371402,31333.684632,0.309412,-11.427197,0.37161,-8.036086,3.828482,41.347431,1.482284,0.533561,0.000421,0.193683,0.000412,0.24912,0.000527,0,5.964159,43.035722,0.006801,31.1,193.5,2455844.80084,3.227015,3.227014,-0.313,-9999999,0.014944,1.082258,0.429602,0.504559,0.473093,0.51,900.0055,-8.055636,3.799319,2011-10-10T07:05:11.490,-9999999,K5,183.C-0972(A),Udry,-9999999,HARPS_ech_obs_all,HARPS_ech_obs_thosimult,STAR_WAVE_K3,1.62786635803841E-05,8.82773313273459E-07,0,0,0
GJ2046,88.51851,-60.02445,2455871.7670425,1.512175,0.652149,31335.584657,0.743283,9.487396,0.318503,31337.893705,0.261766,-7.212919,0.31881,-7.324223,3.28547,40.28789,1.577776,0.536218,0.000348,0.191147,0.000342,0.253534,0.000434,0,5.96027,43.026657,0.011459,31.1,233.4,2455871.76704,2.242406,2.242407,-0.337,-9999999,0.015083,1.928083,0.569082,2.293965,0.695664,0.48,900.0053,-7.330923,3.273129,2011-11-06T06:16:37.303,-9999999,K5,183.C-0972(A),Udry,-9999999,HARPS_ech_obs_all,HARPS_ech_obs_thosimult,STAR_WAVE_K3,1.63927440465649E-05,7.99970791424731E-07,0,0,0
GJ2046,88.51851,-60.02445,2455879.8272645,4.189428,0.77878,31339.05629,1.01631,10.785029,0.432523,31339.843292,0.367449,-5.849145,0.433077,-7.894083,4.058878,31.927115,1.67008,0.533643,0.000508,0.194114,0.000498,0.253677,0.000635,0,5.955834,43.12261,0.011911,31.1,161.1,2455879.82725,1.750729,1.750746,0.277,-9999999,0.015125,0.548462,0.647628,0.771877,0.947559,0.52,900.005,-7.890214,4.050656,2011-11-14T07:42:39.868,-9999999,K5,183.C-0972(A),Udry,-9999999,HARPS_ech_obs_all,HARPS_ech_obs_thosimult,STAR_WAVE_K3,1.57552388645217E-05,7.16138875504855E-07,0,0,0
GJ2046,88.51851,-60.02445,2455894.7105854,3.274915,0.889472,31338.766664,1.004165,9.481705,0.237184,31338.725316,0.184178,-7.150516,0.236783,-6.355161,2.67559,37.546706,1.319992,0.53401,0.00025,0.193999,0.00024,0.25376,0.000307,0,5.961068,43.029691,0.016523,31.1,330.5,2455894.71058,1.036731,1.036756,0.265,-9999999,0.015201,0.159652,0.857266,-0.056549,0.98713,0.51,899.9996,-6.362695,2.668468,2011-11-29T04:54:41.809,-9999999,K5,183.C-0972(A),Udry,-9999999,HARPS_ech_obs_all,HARPS_ech_obs_thosimult,STAR_WAVE_K3,1.68139005862287E-05,8.30786982961581E-07,0,0,0
GJ2046,88.51851,-60.02445,2455895.661278,6.123216,0.888832,31341.258829,1.003798,12.293505,0.234766,31341.268644,0.182157,-4.373341,0.234241,-14.347582,2.386907,36.619563,1.168332,0.537075,0.000249,0.193852,0.000239,0.253316,0.000305,0,5.961536,43.050578,0.015366,31.1,332.4,2455895.66127,1.03546,1.035477,0.491,-9999999,0.015206,0.123151,0.857267,-0.005391,0.987132,0.51,900.0056,-14.351695,2.384904,2011-11-30T03:43:41.383,-9999999,K5,183.C-0972(A),Udry,-9999999,HARPS_ech_obs_all,HARPS_ech_obs_thosimult,STAR_WAVE_K3,1.72119795223704E-05,8.68681320351475E-07,0,0,0
GJ2046,88.51851,-60.02445,2455895.8481557,3.374172,0.908203,31339.069764,1.017396,9.4773,0.299799,31338.713272,0.246189,-7.274252,0.299316,-5.329379,3.042538,37.085707,1.399838,0.537297,0.000326,0.194486,0.000316,0.249059,0.000404,0,5.959717,43.045972,0.01472,31.1,251.9,2455895.84815,0.799153,0.79917,0.034,-9999999,0.015207,0.05599,0.857294,-0.371699,0.987161,0.47,900,-5.361794,3.018311,2011-11-30T08:13:23.568,-9999999,K5,183.C-0972(A),Udry,-9999999,HARPS_ech_obs_all,HARPS_ech_obs_thosimult,STAR_WAVE_K3,1.70122264223242E-05,7.13333243517512E-07,0,0,0
GJ2046,88.51851,-60.02445,2455896.6428033,1.857903,0.738558,31337.082038,0.87916,8.61308,0.328165,31337.90023,0.270631,-8.093699,0.327754,-16.567508,3.349598,38.404793,1.403736,0.541516,0.000358,0.193929,0.000352,0.252138,0.000447,0,5.960957,43.046142,0.013895,31.1,226.2,2455896.64279,0.994424,0.994448,0.28,-9999999,0.015211,0.708039,0.661646,0.802981,0.836469,0.51,900.0053,-16.58597,3.322145,2011-12-01T03:17:04.914,-9999999,K5,183.C-0972(A),Udry,-9999999,HARPS_ech_obs_all,HARPS_ech_obs_thosimult,STAR_WAVE_K3,-9999999,-9999999,-9999999,-9999999,-9999999
GJ2046,88.51851,-60.02445,2455896.8455837,2.81377,0.750302,31338.121773,0.887003,9.496072,0.353748,31338.542486,0.295031,-7.236351,0.353281,-13.226192,3.169788,36.19741,1.435343,0.537029,0.000405,0.194334,0.000392,0.252864,0.000499,0,5.960107,43.063966,0.015104,31.1,204.2,2455896.84558,0.740609,0.740617,0.21,-9999999,0.015212,0.635164,0.661676,0.405501,0.836499,0.51,899.9997,-13.234099,3.15269,2011-12-01T08:09:05.094,-9999999,K5,183.C-0972(A),Udry,-9999999,HARPS_ech_obs_all,HARPS_ech_obs_thosimult,STAR_WAVE_K3,1.6234549632636E-05,7.92186232835111E-07,0,0,0
GJ2046,88.51851,-60.02445,2455897.6589624,4.115654,0.511603,31338.395426,0.628795,11.187604,0.286921,31340.022001,0.234035,-5.512532,0.286425,-8.597496,3.526588,34.002439,1.40064,0.539828,0.000311,0.193507,0.000304,0.24784,0.000388,0,5.960426,43.073171,0.013884,31.1,261.8,2455897.65895,0.914987,0.915012,0.18,-9999999,0.015217,1.024811,0.423573,1.611358,0.583618,0.55,900,-8.60417,3.520566,2011-12-02T03:39:44.818,-9999999,K5,183.C-0972(A),Udry,-9999999,HARPS_ech_obs_all,HARPS_ech_obs_thosimult,STAR_WAVE_K3,1.61323507788446E-05,6.76603428225637E-07,0,0,0
GJ2046,88.51851,-60.02445,2455897.815484,3.494838,0.498869,31338.356607,0.621892,10.510537,0.263497,31339.676376,0.214725,-6.182778,0.263161,-2.190361,3.204748,31.305284,1.331013,0.535821,0.000295,0.194604,0.000282,0.251541,0.000358,0,5.957156,43.094307,0.014423,31.1,283.5,2455897.81548,0.713951,0.713952,0.257,-9999999,0.015217,0.96856,0.423603,1.304552,0.583646,0.47,900.0057,-2.17334,3.189267,2011-12-02T07:26:20.245,-9999999,K5,183.C-0972(A),Udry,-9999999,HARPS_ech_obs_all,HARPS_ech_obs_thosimult,STAR_WAVE_K3,1.65123057203334E-05,8.91225783705199E-07,0,0,0
GJ2046,88.51851,-60.02445,2455902.6204038,3.992253,0.491539,31339.500478,0.40218,9.8842,0.283964,31338.784975,0.229827,-6.833224,0.283444,-15.137405,3.155468,34.887773,1.15504,0.538097,0.000306,0.190668,0.0003,0.251868,0.00038,0,5.956958,43.085773,0.011474,31.1,266.3,2455902.6204,0.646625,0.646647,0.087,-9999999,0.015242,-0.155191,0.401217,-0.730745,0.330042,0.5,900.0054,-15.138674,3.140641,2011-12-07T02:44:57.408,-9999999,K5,183.C-0972(A),Udry,-9999999,HARPS_ech_obs_all,HARPS_ech_obs_thosimult,STAR_WAVE_K3,1.63631936361137E-05,8.74509543620997E-07,0,0,0
GJ2046,88.51851,-60.02445,2455923.6723776,-1.750659,0.595283,31333.782223,0.722619,4.739812,0.255639,31333.65041,0.201653,-11.868846,0.255238,0.040102,2.528051,32.873094,1.382725,0.534946,0.000272,0.195893,0.000266,0.240616,0.000332,0,5.955311,43.07753,0.009657,31.1,303.3,2455923.67237,-0.74673,-0.746709,0.153,-9999999,0.015351,0.443333,0.537597,-0.147164,0.693913,0.5,900.0002,0.079499,2.512449,2011-12-28T03:59:48.660,-9999999,K5,183.C-0972(A),Udry,-9999999,HARPS_ech_obs_all,HARPS_ech_obs_thosimult,STAR_WAVE_K3,1.68301372690864E-05,7.14476310583323E-07,0,0,0
GJ2046,88.51851,-60.02445,2455926.5958863,-0.112501,0.617457,31333.838497,0.706235,6.870818,0.287814,31335.949516,0.231622,-9.825427,0.28751,-1.288456,3.565931,36.43066,1.395488,0.539401,0.000307,0.194248,0.0003,0.251581,0.000381,0,5.957581,43.055036,0.010637,31.1,265.5,2455926.59588,-0.835505,-0.835491,0.017,-9999999,0.015366,0.936181,0.546275,2.095653,0.667173,0.49,800.0052,-1.252938,3.544363,2011-12-31T02:10:38.511,-9999999,K5,183.C-0972(A),Udry,-9999999,HARPS_ech_obs_all,HARPS_ech_obs_thosimult,STAR_WAVE_K3,1.7010911941219E-05,8.55924885257665E-07,0,0,0
GJ2046,88.51851,-60.02445,2455926.7629587,0.960815,0.639439,31335.247079,0.721557,7.884092,0.332386,31337.030611,0.274853,-8.78553,0.332016,-8.237952,3.41434,37.462795,1.504369,0.534164,0.000366,0.191891,0.000359,0.251275,0.000452,0,5.957284,43.055365,0.00876,31.1,223.9,2455926.76295,-1.048666,-1.048647,-0.358,-9999999,0.015366,0.876138,0.546261,1.768166,0.667158,0.51,800.0051,-8.212861,3.403774,2011-12-31T06:10:57.615,-9999999,K5,183.C-0972(A),Udry,-9999999,HARPS_ech_obs_all,HARPS_ech_obs_thosimult,STAR_WAVE_K3,1.70702888340109E-05,8.85414723015976E-07,0,0,0
GJ2046,88.51851,-60.02445,2455933.665815,1.796208,0.53189,31336.164377,0.387958,7.708204,0.265092,31336.437257,0.207117,-9.040909,0.264768,-3.735453,2.793479,38.402059,1.526818,0.532498,0.000282,0.191551,0.000273,0.251373,0.000345,0,5.957713,43.004809,0.011901,31.1,293.3,2455933.66581,-1.351085,-1.351062,0.091,-9999999,0.015402,-0.135142,0.461121,0.257478,0.328046,0.5,900.0057,-3.701813,2.792652,2012-01-07T03:50:24.648,-9999999,K5,183.C-0972(A),Udry,-9999999,HARPS_ech_obs_all,HARPS_ech_obs_thosimult,STAR_WAVE_K3,1.77578570731081E-05,9.69227409387985E-07,0,0,0
GJ2046,88.51851,-60.02445,2455933.7821652,2.52167,0.555513,31337.647979,0.411533,8.391852,0.309757,31337.692796,0.248455,-8.28775,0.309556,-4.519864,3.311412,40.767558,1.550666,0.530326,0.00033,0.195441,0.000323,0.24505,0.000408,0,5.960363,42.98838,0.012904,31.1,248.3,2455933.78216,-1.486815,-1.486804,-0.04,-9999999,0.015403,-0.176956,0.461135,0.029414,0.328069,0.49,900.0056,-4.511902,3.301371,2012-01-07T06:38:06.354,-9999999,K5,183.C-0972(A),Udry,-9999999,HARPS_ech_obs_all,HARPS_ech_obs_thosimult,STAR_WAVE_K3,1.78789924506773E-05,1.07378001133125E-06,0,0,0
GJ2046,88.51851,-60.02445,2456026.5409809,-2.483614,0.683664,31332.635484,0.794784,3.156011,0.315828,31332.570774,0.26323,-13.521834,0.315891,3.035236,3.691679,25.199943,1.349231,0.527358,0.000352,0.1953,0.000347,0.244176,0.000432,0,5.941261,43.156485,0.011605,31.1,231.8,2456026.54097,-3.247078,-3.247078,-0.044,-9999999,0.01588,-0.407514,0.606341,-0.08059,0.749928,0.5,900,3.025236,3.655278,2012-04-09T00:51:55.846,-9999999,K5,183.C-0972(A),Udry,-9999999,HARPS_ech_obs_all,HARPS_ech_obs_thosimult,STAR_WAVE_K3,1.49324474000786E-05,6.49151558531765E-07,0,0,0
GJ2046,88.51851,-60.02445,2456030.5419658,-3.465406,1.079019,31331.621767,1.128517,2.842322,0.655227,31331.873621,0.54686,-13.844072,0.654982,-5.966528,5.718411,29.896106,1.698634,0.524596,0.000768,0.197648,0.000773,0.24019,0.000948,0,5.947407,43.105672,0.011471,31.1,107.8,2456030.54196,-3.148212,-3.148211,0.145,-9999999,0.015901,0.260589,0.857298,0.235953,0.987165,0.49,899.9939,-5.989049,5.695327,2012-04-13T00:53:33.445,-9999999,K5,183.C-0972(A),Udry,-9999999,HARPS_ech_obs_all,HARPS_ech_obs_thosimult,STAR_WAVE_K3,1.54842188503583E-05,6.86628612495699E-07,0,0,0
GJ2046,88.51851,-60.02445,2456173.8658326,-3.885802,0.830466,31333.065856,1.032713,4.484141,0.362854,31333.650181,0.303307,-12.247375,0.36304,-17.548126,3.970205,30.519011,1.570751,0.530639,0.000402,0.190171,0.0004,0.253202,0.000507,0,5.945443,43.134692,0.013867,31.1,200.6,2456173.86583,3.451004,3.45099,-0.4,-9999999,0.016639,2.322804,0.747001,0.567686,0.987168,0.47,900.0003,-17.553149,3.957418,2012-09-03T08:39:57.466,-9999999,K5,183.C-0972(A),Udry,-9999999,HARPS_ech_obs_all,HARPS_ech_obs_thosimult,STAR_WAVE_K3,1.49947736946603E-05,7.26805961806542E-07,0,0,0
GJ2046,88.51851,-60.02445,2456198.8784607,2.98731,0.71551,31338.995018,0.694725,11.475033,0.503813,31340.418538,0.416825,-5.230002,0.504271,-11.749654,6.155696,57.500728,1.797716,0.536186,0.00057,0.195867,0.000562,0.254615,0.000715,0,5.97923,42.871817,0.014417,31.1,143.9,2456198.87846,3.369203,3.369195,-0.087,-9999999,0.016768,2.440585,0.508062,1.406752,0.555788,0.53,899.9999,-11.748117,6.153826,2012-09-28T08:56:50.274,-9999999,K5,183.C-0972(A),Udry,-9999999,HARPS_ech_obs_all,HARPS_ech_obs_thosimult,STAR_WAVE_K3,1.81553946800023E-05,1.08836033427335E-06,0,0,0
GJ2046,88.51851,-60.02445,2456224.8548117,3.710234,0.588663,31338.915691,0.674174,8.946692,0.304987,31337.654604,0.251843,-7.775365,0.305055,-5.06028,5.123604,33.096326,1.575791,0.537364,0.000339,0.190314,0.000329,0.254203,0.000419,0,5.956454,43.10536,0.010479,31.1,242.7,2456224.85481,2.67424,2.674255,0.183,-9999999,0.016902,-0.81068,0.503495,-1.277989,0.625368,0.48,900.0001,-5.083701,5.115762,2012-10-24T08:23:09.163,-9999999,K5,183.C-0972(A),Udry,-9999999,HARPS_ech_obs_all,HARPS_ech_obs_thosimult,STAR_WAVE_K3,1.54165367989715E-05,8.81314836590162E-07,0,0,0
GJ2046,88.51851,-60.02445,2456226.8658872,6.575171,0.946067,31341.915582,1.043916,12.144747,0.400096,31340.953984,0.339499,-4.606054,0.400446,-11.463381,5.900138,31.990941,2.016501,0.537687,0.000466,0.194278,0.000452,0.253793,0.000577,0,5.956562,43.112466,0.01244,31.1,176.8,2456226.86588,2.57806,2.578073,0.153,-9999999,0.016912,-0.477563,0.857301,-0.97851,0.987168,0.52,899.9998,-11.472643,5.893727,2012-10-26T08:38:28.555,-9999999,K5,183.C-0972(A),Udry,-9999999,HARPS_ech_obs_all,HARPS_ech_obs_thosimult,STAR_WAVE_K3,1.46705642828688E-05,6.93783442334891E-07,0,0,0
GJ2046,88.51851,-60.02445,2456229.8032925,1.349704,0.483265,31335.89137,0.531116,7.249391,0.306019,31335.445093,0.252032,-9.443795,0.306136,-12.326469,6.964573,37.500682,1.394147,0.538337,0.000341,0.193751,0.000329,0.254079,0.000421,0,5.957635,43.062279,0.009505,31.1,241.5,2456229.80329,2.532332,2.532339,-0.353,-9999999,0.016927,-0.147451,0.374029,-0.463204,0.467508,0.5,900,-12.331829,6.954605,2012-10-29T07:08:36.215,-9999999,K5,183.C-0972(A),Udry,-9999999,HARPS_ech_obs_all,HARPS_ech_obs_thosimult,STAR_WAVE_K3,1.62862414005746E-05,8.55206178772011E-07,0,0,0
GJ2046,88.51851,-60.02445,2456258.7457697,-4.104839,0.804644,31331.165639,0.90806,2.080135,0.321212,31330.525394,0.272882,-14.559122,0.321105,-18.57978,6.13338,21.388665,1.302541,0.53337,0.000357,0.189855,0.000349,0.252299,0.000443,0,5.940825,43.195767,0.008985,31.1,228.6,2456258.74577,1.065637,1.065642,0.043,-9999999,0.017076,0.137835,0.73775,-0.657321,0.866088,0.49,899.9995,-18.572428,6.108918,2012-11-27T05:45:40.126,-9999999,K5,183.C-0972(A),Udry,-9999999,HARPS_ech_obs_all,HARPS_ech_obs_thosimult,STAR_WAVE_K3,1.37243659398624E-05,7.30305379640555E-07,0,0,0
GJ2046,88.51851,-60.02445,2456271.5919828,5.107711,0.90234,31340.226904,1.012394,11.547171,0.28158,31340.811463,0.224686,-5.138001,0.280942,-25.112785,5.733075,41.900752,1.514935,0.537043,0.000302,0.190261,0.000293,0.252244,0.000371,0,5.963609,43.01611,0.011722,31.1,272.2,2456271.59198,0.445381,0.445402,0.1,-9999999,0.017142,0.392322,0.857281,0.567417,0.987146,0.52,900.0007,-25.115632,5.728347,2012-12-10T02:03:43.434,-9999999,K5,183.C-0972(A),Udry,-9999999,HARPS_ech_obs_all,HARPS_ech_obs_thosimult,STAR_WAVE_K3,1.65027783022204E-05,6.85981031811517E-07,0,0,0
GJ2046,88.51851,-60.02445,2456285.7219129,0.120652,0.710098,31334.682339,0.913883,5.721858,0.245673,31334.679502,0.2,-11.035265,0.245525,-15.516224,5.489869,23.371873,1.393506,0.532688,0.000273,0.194422,0.000261,0.250796,0.000332,0,5.943591,43.164736,0.011594,31.1,305.1,2456285.7219,-0.607906,-0.607877,0.136,-9999999,0.017215,-0.445932,0.666246,-0.020052,0.89173,0.5,900.0006,-15.484736,5.480351,2012-12-24T05:11:07.937,-9999999,K5,183.C-0972(A),Udry,-9999999,HARPS_ech_obs_all,HARPS_ech_obs_thosimult,STAR_WAVE_K3,1.46584295283437E-05,5.94134120561631E-07,0,0,0
GJ2046,88.51851,-60.02445,2456292.7042586,4.098293,0.895654,31341.369977,1.009469,9.069807,0.259407,31337.966198,0.211192,-7.695385,0.259024,-16.262598,5.847305,29.170109,1.424095,0.533776,0.000292,0.190293,0.000278,0.251637,0.000353,0,5.950554,43.113844,0.010565,31.1,286.8,2456292.70426,-1.019839,-1.019833,0.31,-9999999,0.017251,-1.075625,0.857266,-3.42103,0.98713,0.49,800.0007,-16.255792,5.838517,2012-12-31T04:46:42.147,-9999999,K5,183.C-0972(A),Udry,-9999999,HARPS_ech_obs_all,HARPS_ech_obs_thosimult,STAR_WAVE_K3,1.48410471005155E-05,7.74886127933947E-07,0,0,0
GJ2046,88.51851,-60.02445,2456320.6434328,0.573363,0.570596,31335.244453,0.660336,6.84104,0.276502,31335.699993,0.228444,-9.815428,0.276267,-19.233976,5.193543,28.608407,1.448798,0.529582,0.000319,0.19559,0.000306,0.246553,0.000382,0,5.947707,43.12028,0.012037,31.1,263.5,2456320.64342,-2.483195,-2.483179,0.362,-9999999,0.017395,0.220539,0.499125,0.438145,0.619561,0.5,900.0008,-19.269747,5.167432,2013-01-28T03:18:22.720,-9999999,K5,183.C-0972(A),Udry,-9999999,HARPS_ech_obs_all,HARPS_ech_obs_thosimult,STAR_WAVE_K3,1.49081229132377E-05,6.99443142101953E-07,0,0,0
GJ2046,88.51851,-60.02445,2456322.6347979,5.230844,0.808014,31341.837051,0.855658,11.041581,0.327234,31340.487435,0.273875,-5.68028,0.326807,-12.825162,5.337899,33.097501,1.711472,0.53648,0.000375,0.190669,0.000363,0.249359,0.000458,0,5.95428,43.09507,0.011259,31.1,221.1,2456322.6348,-2.562759,-2.562747,0.044,-9999999,0.017405,-0.236401,0.738785,-1.367021,0.810643,0.52,900.0006,-12.841373,5.325843,2013-01-30T03:05:40.074,-9999999,K5,183.C-0972(A),Udry,-9999999,HARPS_ech_obs_all,HARPS_ech_obs_thosimult,STAR_WAVE_K3,1.49793208295719E-05,6.75930349037119E-07,0,0,0
GJ2046,88.51851,-60.02445,2456370.5372313,6.336688,0.594129,31341.650971,0.672154,11.009694,0.430028,31340.673688,0.362078,-5.707737,0.430079,-20.222039,6.182184,32.935789,1.92915,0.534642,0.000455,0.190608,0.000459,0.247583,0.000576,0,5.948394,43.098037,0.012698,31.1,175.2,2456370.53722,-3.520722,-3.520711,0.245,-9999999,0.017652,-1.374132,0.409958,-0.994935,0.566296,0.45,900.0008,-20.257207,6.168972,2013-03-19T00:46:56.755,-9999999,K5,183.C-0972(A),Udry,-9999999,HARPS_ech_obs_all,HARPS_ech_obs_thosimult,STAR_WAVE_K3,1.44517910589463E-05,7.54927880792754E-07,0,0,0
GJ2046,88.51851,-60.02445,2456371.5657417,3.296839,0.474335,31338.150729,0.523883,7.027444,0.296596,31335.794709,0.24661,-9.661093,0.296513,-18.555454,5.984918,30.973494,1.648174,0.531288,0.000335,0.191035,0.000324,0.248864,0.000408,0,5.948927,43.112958,0.012436,31.1,247.4,2456371.56574,-3.546613,-3.546608,-0.115,-9999999,0.017657,-2.316533,0.370168,-2.373677,0.462209,0.52,900.0009,-18.585354,5.96707,2013-03-20T01:26:58.065,-9999999,K5,183.C-0972(A),Udry,-9999999,HARPS_ech_obs_all,HARPS_ech_obs_thosimult,STAR_WAVE_K3,1.48580257185828E-05,7.67470870471213E-07,0,0,0
GJ2046,88.51851,-60.02445,2456373.5140105,2.056356,0.560263,31335.954574,0.627071,8.40813,0.279766,31336.801258,0.230803,-8.316252,0.279765,-14.8578,5.141897,26.293195,1.522092,0.533665,0.000301,0.190926,0.000296,0.247323,0.000371,0,5.943684,43.151794,0.012611,31.1,270.8,2456373.51401,-3.482921,-3.482921,1.508,-9999999,0.017667,0.304635,0.485412,0.829017,0.58305,0.5,900.001,-14.876158,5.128986,2013-03-22T00:12:48.398,-9999999,K5,183.C-0972(A),Udry,-9999999,HARPS_ech_obs_all,HARPS_ech_obs_thosimult,STAR_WAVE_K3,1.40719737333538E-05,6.83264396067988E-07,0,0,0
GJ2046,88.51851,-60.02445,2456399.511314,2.014957,0.630809,31337.20646,0.633054,6.660498,0.284307,31335.637444,0.233969,-10.087062,0.283981,-11.992248,6.233591,29.099956,1.609635,0.535071,0.000312,0.1939,0.000299,0.248199,0.000383,0,5.948661,43.132081,0.010574,31.1,265.6,2456399.51131,-3.019127,-3.019136,0.848,-9999999,0.017801,-1.401597,0.563107,-1.586817,0.588231,0.5,900,-12.024009,6.214005,2013-04-17T00:09:19.266,-9999999,K5,091.C-0936(A),Udry,-9999999,HARPS_ech_obs_all,HARPS_ech_obs_wavesimult,STAR_WAVE_K3,1.46464126413768E-05,7.43681359893148E-07,0,0,0
GJ2046,88.51851,-60.02445,2456402.4893695,-2.528136,0.581711,31332.051701,0.585488,3.428808,0.302586,31332.064559,0.253231,-13.293579,0.302366,-9.262234,4.884954,29.864743,1.601907,0.530878,0.000347,0.190915,0.000334,0.249797,0.000421,0,5.945271,43.131241,0.010697,31.1,240.1,2456402.48936,-2.906806,-2.906813,0.676,-9999999,0.017816,-0.090194,0.49682,-0.004958,0.527893,0.5,900.0005,-9.272573,4.861634,2013-04-19T23:37:45.672,-9999999,K5,091.C-0936(A),Udry,-9999999,HARPS_ech_obs_all,HARPS_ech_obs_wavesimult,STAR_WAVE_K3,1.47137151948765E-05,6.50393749244251E-07,0,0,0
GJ2046,88.51851,-60.02445,2456403.4869127,-1.457755,0.480326,31332.699293,0.441186,4.588128,0.315601,31333.216402,0.265323,-12.072189,0.315366,-11.192808,4.837345,29.871976,1.686876,0.532609,0.00036,0.191285,0.000348,0.250046,0.000438,0,5.948671,43.127556,0.012727,31.1,231.2,2456403.48691,-2.871891,-2.871901,0.361,-9999999,0.017821,-0.001255,0.36209,0.499288,0.35249,0.52,900.0001,-11.209817,4.811029,2013-04-20T23:33:56.191,-9999999,K5,091.C-0936(A),Udry,-9999999,HARPS_ech_obs_all,HARPS_ech_obs_wavesimult,STAR_WAVE_K3,1.4962374516022E-05,6.15775026064177E-07,0,0,0
GJ2046,88.51851,-60.02445,2456596.8244652,-0.117128,0.929863,31334.438633,0.590504,6.372511,0.360147,31334.765977,0.308017,-10.340833,0.360561,-6.962141,3.102511,20.718993,1.541986,0.531216,0.000418,0.194308,0.000409,0.247525,0.000521,0,5.940412,43.240756,0.007718,31.1,196,2456596.82446,2.432451,2.432452,0.027,-9999999,0.018817,0.442501,0.857286,0.308527,0.503806,0.51,900.0012,-6.985224,3.072938,2013-10-31T07:38:55.248,-9999999,K5,192.C-0852(A),Udry,-9999999,HARPS_ech_obs_all,HARPS_ech_obs_wavesimult,STAR_WAVE_K3,1.24725091453157E-05,5.59393824823091E-07,0,0,0
GJ2046,88.51851,-60.02445,2456602.8710447,3.124135,0.852987,31337.59306,1.013235,8.773692,0.275555,31337.355981,0.228342,-7.954176,0.275756,-9.346225,3.432167,29.37283,1.582248,0.533259,0.000309,0.190955,0.000298,0.253037,0.000378,0,5.94815,43.139894,0.010731,31.1,268.8,2456602.87104,2.086955,2.086967,0.336,-9999999,0.018848,-0.397582,0.807252,-0.255927,0.987171,0.48,900.0021,-9.357272,3.408083,2013-11-06T08:46:22.722,-9999999,K5,192.C-0852(A),Udry,-9999999,HARPS_ech_obs_all,HARPS_ech_obs_wavesimult,STAR_WAVE_K3,-9999999,-9999999,-9999999,-9999999,-9999999
GJ2046,88.51851,-60.02445,2456613.7967853,2.416878,0.772315,31337.689638,0.734567,9.481138,0.314555,31338.662767,0.263734,-7.248848,0.31455,-6.719009,2.920286,30.577828,1.65839,0.536215,0.000359,0.194966,0.000346,0.247868,0.000441,0,5.950109,43.131389,0.012011,31.1,230.5,2456613.79678,1.59894,1.598953,-0.234,-9999999,0.018904,1.017121,0.705354,0.954225,0.68559,0.5,899.9932,-6.71715,2.907316,2013-11-17T06:59:02.771,-9999999,K5,192.C-0852(A),Udry,-9999999,HARPS_ech_obs_all,HARPS_ech_obs_wavesimult,STAR_WAVE_K3,1.3968109923619E-05,7.95275717210508E-07,0,0,0
GJ2046,88.51851,-60.02445,2456617.7438799,-0.566561,0.755997,31335.496068,0.837594,5.140672,0.328145,31334.682113,0.277345,-11.589073,0.328261,-12.591672,3.37121,28.078025,1.594222,0.531699,0.000369,0.190378,0.000362,0.251398,0.000458,0,5.951025,43.169241,0.013129,31.1,221.2,2456617.74388,1.442266,1.442281,0.249,-9999999,0.018925,-0.339905,0.681067,-0.83288,0.790343,0.49,900.0016,-12.595363,3.343192,2013-11-21T05:42:59.022,-9999999,K5,192.C-0852(A),Udry,-9999999,HARPS_ech_obs_all,HARPS_ech_obs_wavesimult,STAR_WAVE_K3,1.21462725606822E-05,5.77205924253397E-07,0,0,0
GJ2046,88.51851,-60.02445,2456677.527707,3.901237,0.917084,31337.476355,1.02851,10.217686,0.343513,31338.757236,0.28866,-6.542719,0.343219,-6.704866,3.813602,28.622015,1.617152,0.528999,0.000375,0.191219,0.000375,0.242687,0.000464,0,5.945888,43.152069,0.010074,31.1,215.1,2456677.5277,-1.925664,-1.925649,0.16,-9999999,0.019233,0.269311,0.850319,1.261648,0.987171,0.48,900.0014,-6.70421,3.803836,2014-01-20T00:31:56.579,-9999999,K5,192.C-0852(A),Udry,-9999999,HARPS_ech_obs_all,HARPS_ech_obs_thosimult,STAR_WAVE_K3,1.20457180222358E-05,6.72161027175317E-07,0,0,0
GJ2046,88.51851,-60.02445,2456698.5976494,1.672953,0.896679,31336.179602,0.963392,8.623045,0.262878,31337.50832,0.217751,-8.038434,0.262587,-18.302807,3.056386,25.521061,1.498055,0.531271,0.000291,0.193923,0.00028,0.243105,0.000354,0,5.94313,43.172689,0.010855,31.1,285,2456698.59764,-2.951087,-2.951051,0.414,-9999999,0.019341,0.902953,0.857279,1.309377,0.938461,0.5,900.0021,-18.335093,3.028233,2014-02-10T02:12:36.738,-9999999,K5,192.C-0852(A),Udry,-9999999,HARPS_ech_obs_all,HARPS_ech_obs_thosimult,STAR_WAVE_K3,1.32183030393201E-05,7.32386501379872E-07,0,0,0
GJ2046,88.51851,-60.02445,2456702.5240424,-3.641596,0.654719,31330.962339,0.719401,2.653257,0.434446,31330.762771,0.369621,-14.016493,0.434284,-8.375663,4.579431,27.29897,1.689707,0.530665,0.000491,0.194841,0.000487,0.242966,0.000614,0,5.946883,43.173138,0.005825,31.1,165.4,2456702.52404,-2.989671,-2.989649,0.164,-9999999,0.019361,0.247715,0.48981,-0.218929,0.617185,0.57,900.0022,-8.382316,4.555238,2014-02-14T00:25:37.436,-9999999,K5,192.C-0852(A),Udry,-9999999,HARPS_ech_obs_all,HARPS_ech_obs_thosimult,STAR_WAVE_K3,1.23106726527623E-05,4.95179226951516E-07,0,0,0
GJ2046,88.51851,-60.02445,2456713.6044921,3.648325,0.648591,31339.710122,0.563858,10.703754,0.365486,31340.273906,0.306302,-6.015061,0.365201,-9.795892,3.831561,36.909823,1.793715,0.539848,0.000411,0.190494,0.0004,0.251854,0.000507,0,5.954007,43.076736,0.011931,31.1,200.1,2456713.60449,-3.384174,-3.384157,-0.278,-9999999,0.019418,1.00829,0.535808,0.544366,0.473407,0.49,900.0018,-9.812025,3.816823,2014-02-25T02:22:50.360,-9999999,K5,192.C-0852(A),Udry,-9999999,HARPS_ech_obs_all,HARPS_ech_obs_thosimult,STAR_WAVE_K3,1.45522791223576E-05,6.16808918253761E-07,0,0,0
GJ2046,88.51851,-60.02445,2456748.5000536,1.40129,0.631723,31335.973543,0.542782,10.094662,0.367662,31338.194491,0.309723,-6.67053,0.367415,-14.295867,3.979187,32.451478,1.839498,0.531014,0.000444,0.191461,0.000427,0.245673,0.000532,0,5.954923,43.11244,0.007911,31.1,189.9,2456748.50004,-3.374212,-3.374217,-0.32,-9999999,0.019598,2.646234,0.51371,2.20135,0.445739,0.49,900.0019,-14.348717,3.953917,2014-03-31T23:53:00.821,-9999999,K5,192.C-0852(A),Udry,-9999999,HARPS_ech_obs_all,HARPS_ech_obs_wavesimult,STAR_WAVE_K3,1.43336920099246E-05,7.40405869928105E-07,0,0,0
GJ2046,88.51851,-60.02445,2456753.5466955,7.899179,0.932811,31342.457871,0.653148,13.854752,0.476655,31342.868797,0.400632,-2.856758,0.476298,-7.824934,4.249505,45.124839,2.197365,0.531035,0.000549,0.196087,0.000541,0.246409,0.000676,0,5.967856,43.012294,0.012216,31.1,150.2,2456753.54669,-3.329055,-3.329062,-0.19,-9999999,0.019624,-0.091565,0.801833,0.391302,0.515845,0.49,900.0009,-7.846775,4.241703,2014-04-06T01:00:15.376,-9999999,K5,192.C-0852(A),Udry,-9999999,HARPS_ech_obs_all,HARPS_ech_obs_wavesimult,STAR_WAVE_K3,1.52223553472786E-05,7.42213445869169E-07,0,0,0
GJ2046,88.51851,-60.02445,2456944.898403,-1.868485,0.890344,31334.153083,0.538659,5.109194,0.362129,31333.629638,0.298096,-11.595599,0.362192,-0.004695,4.372674,42.377993,1.367968,0.532664,0.000429,0.191538,0.000409,0.252561,0.000518,0,5.939562,43.002099,0.008283,31.1,197,2456944.89839,2.988953,2.988942,1.032,-9999999,0.02061,0.930541,0.813373,-0.544055,0.448656,0.49,900.0011,0.018326,4.367517,2014-10-14T09:25:54.926,-9999999,K5,192.C-0852(A),Udry,-9999999,HARPS_ech_obs_all,HARPS_ech_obs_wavesimult,STAR_WAVE_K3,1.24589980135642E-05,5.64590246769932E-07,0,0,0
GJ2046,88.51851,-60.02445,2457022.7597805,0.927843,0.709657,31335.490043,0.783198,7.093025,0.269932,31335.850264,0.2251,-9.63849,0.269417,-8.513019,2.931212,24.736523,1.605305,0.533569,0.00031,0.190364,0.000297,0.249075,0.000374,0,5.94455,43.188331,0.008121,31.1,269.8,2457022.75977,-1.057915,-1.057893,-0.426,-9999999,0.021011,0.118044,0.656315,0.33921,0.750152,0.49,900.0025,-8.483829,2.906542,2014-12-31T06:05:49.946,-9999999,K5,192.C-0852(A),Udry,-9999999,HARPS_ech_obs_all,HARPS_ech_obs_wavesimult,STAR_WAVE_K3,1.25407681724535E-05,5.28914640508431E-07,0,0,0
GJ2046,88.51851,-60.02445,2457034.7312022,-0.018331,0.701011,31334.351662,0.934874,5.990341,0.306886,31334.658414,0.259213,-10.7806,0.306531,-13.387307,3.102683,20.852167,1.806774,0.539396,0.000372,0.193275,0.00035,0.249573,0.000445,0,5.942638,43.224241,0.008048,31.1,227.6,2457034.7312,-1.730602,-1.730592,0.358,-9999999,0.021072,-0.038466,0.630268,0.28568,0.898219,0.48,899.9998,-13.381828,3.071418,2015-01-12T05:24:54.211,-9999999,K5,192.C-0852(A),Udry,-9999999,HARPS_ech_obs_all,HARPS_ech_obs_wavesimult,STAR_WAVE_K3,1.26931764432608E-05,5.29203297069043E-07,0,0,0
GJ2046,88.51851,-60.02445,2457049.6238962,-3.112949,0.674574,31331.026197,0.77709,2.279297,0.234247,31330.853496,0.19237,-14.411927,0.234032,-5.33189,3.014483,16.498424,1.4917,0.527063,0.00027,0.194469,0.000257,0.242437,0.00032,0,5.939318,43.253331,0.007194,31.1,312.7,2457049.62389,-2.389628,-2.389613,0.394,-9999999,0.021149,-0.654892,0.632597,-0.19385,0.752903,0.5,900.0016,-5.339211,2.965572,2015-01-27T02:50:13.535,-9999999,K5,192.C-0852(A),Udry,-9999999,HARPS_ech_obs_all,HARPS_ech_obs_wavesimult,STAR_WAVE_K3,1.23884401081688E-05,6.34901870426904E-07,0,0,0
GJ2046,88.51851,-60.02445,2457080.5835274,5.419088,0.892932,31339.959396,0.95951,12.303994,0.414611,31340.912466,0.355037,-4.38099,0.414503,-0.812512,4.702761,20.851043,1.696156,0.534189,0.0005,0.189819,0.000484,0.248549,0.000611,0,5.93992,43.227984,0.009596,31.1,166.4,2457080.58352,-3.395569,-3.395557,0.259,-9999999,0.021308,0.837768,0.790838,0.931762,0.891408,0.49,900.001,-0.830392,4.694528,2015-02-27T01:52:40.530,-9999999,K5,192.C-0852(A),Udry,-9999999,HARPS_ech_obs_all,HARPS_ech_obs_thosimult,STAR_WAVE_K3,1.16713753417373E-05,5.5598388078479E-07,0,0,0
GJ2046,88.51851,-60.02445,2457267.9100388,-0.242944,0.56545,31348.425838,0.553775,0.643935,0.271351,31350.087708,0.236814,-0.07312,0.295273,5.627815,11.485116,40.503505,3.337732,0.534477,0.00039,0.190417,0.000349,0.250585,0.000439,0,5.963221,43.034123,0.030356,31.1,227.9,2457267.91004,3.389726,3.389683,0.371,-9999999,0.022273,1.755074,0.496087,1.639597,0.500586,0.5,899.9983,5.646116,11.484316,2015-09-02T09:43:11.261,-9999999,K5,192.C-0852(A),Udry,-9999999,HARPS_ech_obs_all,HARPS_ech_obs_thosimult,STAR_WAVE_K3,1.24616704887965E-05,5.7126993130977E-07,0,0,0
GJ2046,88.51851,-60.02445,2457295.8913315,-0.043659,0.895178,31348.403405,0.949742,0.834443,0.208882,31349.92705,0.186426,-0.503273,0.239345,5.060597,11.184605,24.997332,3.404066,0.53303,0.000287,0.189261,0.000259,0.248922,0.000326,0,5.953011,43.179921,0.027144,31.1,304.3,2457295.89132,3.334295,3.334281,0,-9999999,0.022417,1.746297,0.870467,1.501228,0.931265,0.5,899.9983,4.963795,11.18243,2015-09-30T09:15:47.858,-9999999,K5,192.C-0852(A),Udry,-9999999,HARPS_ech_obs_all,HARPS_ech_obs_wavesimult,STAR_WAVE_K3,1.06309034699976E-05,5.26964978900899E-07,0,0,0
GJ2046,88.51851,-60.02445,2457312.8916185,4.305784,0.552415,31353.645809,0.474272,5.331989,0.237658,31354.72865,0.210041,4.048274,0.264214,-4.896878,8.218141,36.551068,3.739916,0.535875,0.000304,0.19314,0.000277,0.246174,0.000351,0,5.960336,43.041003,0.030027,31.1,283.7,2457312.89162,2.911761,2.911766,0.208,-9999999,0.022505,1.8944,0.498679,1.060336,0.425225,0.48,899.9984,-4.912907,8.234014,2015-10-17T09:16:15.258,-9999999,K5,192.C-0852(A),Udry,-9999999,HARPS_ech_obs_all,HARPS_ech_obs_thosimult,STAR_WAVE_K3,1.20234134116093E-05,6.01630328256137E-07,0,0,0
GJ2046,88.51851,-60.02445,2457355.7859123,-2.642979,1.058871,31345.018641,1.012919,-0.003492,0.172504,31348.599002,0.156338,-1.197049,0.20468,5.208244,13.885365,23.895723,3.227585,0.534724,0.000227,0.18941,0.000205,0.249333,0.000259,0,5.955898,43.142029,0.027661,31.1,383.3,2457355.7859,0.941224,0.941257,0,-9999999,0.022726,3.507682,1.044725,3.557635,1.000781,0.5,899.9983,5.167181,13.878523,2015-11-29T06:43:18.782,-9999999,K5,192.C-0852(A),Udry,-9999999,HARPS_ech_obs_all,HARPS_ech_obs_wavesimult,STAR_WAVE_K3,1.11700767654308E-05,4.53354136243367E-07,0,0,0
GJ2046,88.51851,-60.02445,2457400.7829897,0.784184,0.642484,31347.971642,0.689705,0.4767,0.448692,31348.641421,0.399629,0.107474,0.462761,15.095525,12.938551,31.063476,3.884117,0.532266,0.000549,0.194703,0.000522,0.244692,0.000649,0,5.954288,43.138996,0.026532,31.1,153,2457400.78298,-1.826538,-1.826523,-0.029,-9999999,0.022957,0.560711,0.459849,0.646822,0.562129,0.6,899.9982,15.096368,12.936078,2016-01-13T06:37:40.881,-9999999,K5,192.C-0852(A),Udry,-9999999,HARPS_ech_obs_all,HARPS_ech_obs_wavesimult,STAR_WAVE_K3,1.26599300174968E-05,6.54742198595683E-07,0,0,0
GJ2046,88.51851,-60.02445,2457417.6683486,-0.436828,1.041241,31346.024596,1.022438,-0.610995,0.21384,31347.492712,0.191603,-1.777735,0.242599,-4.45269,9.908921,20.47762,3.521824,0.528775,0.000281,0.194878,0.000259,0.23932,0.000318,0,5.946401,43.208551,0.028587,31.1,307.6,2457417.66835,-2.567552,-2.567555,-0.133,-9999999,0.023044,0.694028,1.019047,1.445072,1.004325,0.5,899.9982,-4.465374,9.901211,2016-01-30T03:54:16.013,-9999999,K5,192.C-0852(A),Udry,-9999999,HARPS_ech_obs_all,HARPS_ech_obs_wavesimult,STAR_WAVE_K3,1.06894196724178E-05,5.18398733160321E-07,0,0,0
GJ2046,88.51851,-60.02445,2457461.5316027,-4.584233,0.677219,31342.507597,0.747694,-4.950788,0.20799,31343.558394,0.185848,-5.999583,0.236261,0.785792,12.296358,20.595975,3.480268,0.529124,0.00025,0.195162,0.000237,0.238557,0.00029,0,5.951066,43.185191,0.027853,31.1,336.1,2457461.5316,-3.511306,-3.511303,2.029,-9999999,0.02327,0.50164,0.644489,1.027527,0.724229,0.56,899.9983,0.704619,12.283708,2016-03-14T00:37:06.405,-9999999,K5,192.C-0852(A),Udry,-9999999,HARPS_ech_obs_all,HARPS_ech_obs_wavesimult,STAR_WAVE_K3,1.06815916770185E-05,5.00234018561127E-07,0,0,0
GJ2046,88.51851,-60.02445,2457693.8442636,0.831303,1.177214,31348.263294,1.242218,-1.159745,0.3755,31346.723562,0.337248,-1.492607,0.391932,2.430403,8.612808,22.712074,4.037325,0.533656,0.000486,0.193267,0.000457,0.249285,0.000577,0,5.946088,43.217914,0.022901,31.1,173.4,2457693.84426,2.349346,2.34935,-0.222,-9999999,0.024466,-1.122853,1.11572,-1.564198,1.195562,0.53,899.9982,2.412837,8.608679,2016-11-01T08:07:06.572,-9999999,K5,198.C-0836(A),Diaz,-9999999,HARPS_ech_obs_all,HARPS_ech_obs_wavesimult,STAR_WAVE_K3,1.06302889464437E-05,4.66270574653031E-07,0,0,0
GJ2046,88.51851,-60.02445,2457814.5363344,5.89549,0.95739,31354.506776,1.29215,2.915819,0.17592,31351.538923,0.160123,2.108451,0.20849,16.212828,9.945742,17.717051,3.4191,0.53034,0.000239,0.194105,0.000217,0.24038,0.000268,0,5.945864,43.231337,0.027148,31.1,365.8,2457814.53633,-3.401687,-3.401702,0.197,-9999999,0.025088,-2.111476,0.941089,-2.992941,1.28219,0.51,899.9982,16.114474,9.957226,2017-03-02T00:44:28.074,-9999999,K5,198.C-0836(A),Diaz,-9999999,HARPS_ech_obs_all,HARPS_ech_obs_wavesimult,STAR_WAVE_K3,9.79175943868615E-06,5.08098553456385E-07,0,0,0
GJ2046,88.51851,-60.02445,2458001.9027688,-4.068762,0.917012,31344.364652,1.135428,-5.61319,0.283747,31342.898534,0.256681,-6.086764,0.306831,6.907849,8.943649,17.658225,3.882796,0.535166,0.000367,0.189299,0.000336,0.249632,0.000424,0,5.94214,43.254688,0.027428,31.1,234.8,2458001.90276,3.429833,3.429832,0.044,-9999999,0.026053,-0.676233,0.872008,-1.492171,1.106034,0.51,899.9982,6.879698,8.926868,2017-09-05T09:32:30.552,-9999999,K5,198.C-0836(A),Diaz,-9999999,HARPS_ech_obs_all,HARPS_ech_obs_wavesimult,STAR_WAVE_K3,8.80444942103719E-06,4.56325898023636E-07,0,0,0
GJ2046,88.51851,-60.02445,2458061.766618,-0.260441,1.01696,31325.964362,0.863456,-5.032929,0.238643,31320.497296,0.216905,-5.725396,0.264223,-11.091598,6.764638,17.081456,3.790488,0.531963,0.000323,0.192761,0.00029,0.249639,0.000367,0,6.692223,51.714481,-0.017366,-99999,271.9,2458061.76662,2.319092,2.319281,0.32,-9999999,0.026361,-3.904293,0.988563,-5.493427,0.835768,0.5,899.9982,-11.142355,6.741415,2017-11-04T06:15:43.120,-9999999,G2,0100.C-0487(A),UNKNOWN,-9999999,HARPS_ech_obs_all,HARPS_ech_obs_thosimult,STAR_WAVE_K3,9.1415409542635E-06,4.83470422437343E-07,0,0,0
GJ2046,88.51851,-60.02445,2458062.7518905,2.701024,0.583567,31329.836895,1.312309,-1.376273,0.22934,31324.801151,0.207526,-2.130034,0.255369,0.519128,7.098083,16.91964,3.690738,0.534701,0.000306,0.192407,0.000278,0.244172,0.000352,0,6.691184,51.717702,-0.016803,-99999,283.6,2458062.75189,2.289705,2.289891,0.157,-9999999,0.026366,-3.209103,0.536613,-5.06211,1.295797,0.47,899.9982,0.528639,7.090836,2017-11-05T05:54:57.025,-9999999,G2,0100.C-0487(A),UNKNOWN,-9999999,HARPS_ech_obs_all,HARPS_ech_obs_thosimult,STAR_WAVE_K3,9.07719255114167E-06,3.98478754556675E-07,0,0,0
GJ2046,88.51851,-60.02445,2458063.75092,4.932202,0.632913,31663.313412,1.35807,2.831388,0.207023,31660.141733,0.181191,2.116295,0.236929,4.663647,9.607939,16.65462,3.64282,0.533951,0.000263,0.192517,0.00024,0.243754,0.000304,0,6.151381,42.427008,-0.008506,-99999,328.5,2458063.75091,2.242764,2.242958,-0.098,-9999999,0.026371,-1.232619,0.598097,-3.19805,1.345929,0.49,899.9982,4.59792,9.614094,2017-11-06T05:53:14.550,-9999999,K0,0100.C-0487(A),UNKNOWN,-9999999,HARPS_ech_obs_all,HARPS_ech_obs_thosimult,STAR_WAVE_K3,8.81129052292351E-06,4.21537080092273E-07,0,0,0
GJ2046,88.51851,-60.02445,2458064.8211548,2.842784,1.136292,31328.448206,1.360964,-1.15652,0.229285,31325.278617,0.201392,-1.449889,0.255422,0.070754,6.279566,17.979095,3.849308,0.531425,0.000306,0.192739,0.000276,0.248418,0.000348,0,6.691055,51.716484,-0.018139,-99999,285.7,2458064.82115,2.102913,2.1031,0.449,-9999999,0.026377,-3.131109,1.112918,-3.195966,1.345981,0.49,899.9982,0.065239,6.276131,2017-11-07T07:34:22.174,-9999999,G2,0100.C-0487(A),UNKNOWN,-9999999,HARPS_ech_obs_all,HARPS_ech_obs_thosimult,STAR_WAVE_K3,9.07677999351008E-06,4.501962497113E-07,0,0,0
GJ2046,88.51851,-60.02445,2458065.8089528,-1.29725,0.85253,31324.422997,1.005635,-4.364043,0.382499,31321.043098,0.339389,-4.592719,0.39914,4.930242,9.092476,19.798778,4.066689,0.53228,0.000545,0.193115,0.00049,0.248436,0.000618,0,6.692525,51.715653,-0.018234,-99999,163.1,2458065.80895,2.069186,2.06937,0.767,-9999999,0.026382,-2.198598,0.761907,-3.406281,0.946635,0.46,899.9982,4.966347,9.085482,2017-11-08T07:17:14.328,-9999999,G2,0100.C-0487(A),UNKNOWN,-9999999,HARPS_ech_obs_all,HARPS_ech_obs_thosimult,STAR_WAVE_K3,8.80197807646782E-06,4.73027353318887E-07,0,0,0
GJ2046,88.51851,-60.02445,2458065.8175991,0.94155,1.12654,31325.896658,1.188748,-2.109316,0.829804,31322.517016,0.719014,-2.344633,0.835046,15.308852,12.504824,18.880744,4.892407,0.532577,0.001189,0.193498,0.001097,0.24634,0.001375,0,6.695968,51.742491,-0.019912,-99999,76.2,2458065.81759,2.057726,2.057912,0,-9999999,0.026382,-2.182671,0.761918,-3.406024,0.946647,0.47,264.141,15.317614,12.500676,2017-11-08T07:34:31.216,-9999999,G2,0100.C-0487(A),UNKNOWN,-9999999,HARPS_ech_obs_all,HARPS_ech_obs_thosimult,STAR_WAVE_K3,1.02467674597992E-05,6.54053697815209E-07,0,0,0
GJ2046,88.51851,-60.02445,2458066.7627728,-2.699323,0.722005,31324.45753,1.190532,-4.746341,0.262494,31321.225038,0.232483,-5.280416,0.286715,-3.23595,7.487453,17.0825,3.865173,0.530803,0.000341,0.192736,0.000313,0.247646,0.000394,0,6.690696,51.726862,-0.017033,-99999,252.8,2458066.76276,2.079022,2.079211,0.856,-9999999,0.026387,-1.178823,0.672599,-3.258879,1.167613,0.49,899.9982,-3.264922,7.474191,2017-11-09T06:10:16.812,-9999999,G2,0100.C-0487(A),UNKNOWN,-9999999,HARPS_ech_obs_all,HARPS_ech_obs_thosimult,STAR_WAVE_K3,9.10153796628282E-06,4.09134791537244E-07,0,0,0
GJ2046,88.51851,-60.02445,2458067.7822713,-1.498303,0.764395,31324.980317,0.927274,-3.006554,0.198674,31322.900513,0.173715,-4.039863,0.229563,-1.084737,8.348981,16.592144,3.637453,0.53336,0.000259,0.188473,0.000233,0.248367,0.000293,0,6.692861,51.727283,-0.016867,-99999,338.2,2458067.78226,2.002438,2.002632,0.041,-9999999,0.026392,-0.640056,0.738125,-2.106196,0.910857,0.49,899.9982,-1.078143,8.332715,2017-11-10T06:38:20.900,-9999999,G2,0100.C-0487(A),UNKNOWN,-9999999,HARPS_ech_obs_all,HARPS_ech_obs_thosimult,STAR_WAVE_K3,9.03817041301688E-06,4.40351983733668E-07,0,0,0
GJ2046,88.51851,-60.02445,2458263.4822328,-2.018334,0.682198,31345.024516,1.353848,-4.666939,0.315335,31343.882185,0.271715,-5.113983,0.33685,4.836573,8.353055,19.007385,3.890226,0.536338,0.000339,0.188589,0.000343,0.24792,0.000431,0,5.942348,43.23908,0.024679,-99999,227.9,2458263.48222,-1.38195,-1.382123,-0.226,-9999999,0.0274,-1.78041,0.604944,-1.169731,1.326302,0.52,899.9983,4.833524,8.34019,2018-05-24T23:27:30.824,-9999999,K5,0100.C-0487(A),UNKNOWN,-9999999,HARPS_ech_obs_all,HARPS_ech_obs_thosimult,STAR_WAVE_K3,9.47329199761944E-06,5.17390062386504E-07,0,0,0
GJ2046,88.51851,-60.02445,2458264.4858801,-1.142516,0.594868,31345.115559,1.14352,-4.716634,0.432368,31343.674051,0.377735,-5.073264,0.446382,-3.380239,6.959483,21.122662,4.217437,0.54042,0.000507,0.189084,0.000501,0.249435,0.000631,0,5.940307,43.235654,0.024999,-99999,157.8,2458264.48588,-1.329905,-1.330077,0.028,-9999999,0.027405,-2.705924,0.408566,-1.468913,1.079331,0.51,899.9982,-3.372367,6.946488,2018-05-25T23:32:55.290,-9999999,K5,0100.C-0487(A),UNKNOWN,-9999999,HARPS_ech_obs_all,HARPS_ech_obs_thosimult,STAR_WAVE_K3,9.29484525215427E-06,5.00736950876665E-07,0,0,0
GJ2046,88.51851,-60.02445,2458265.4941716,2.758069,0.739634,31327.675284,1.382777,0.359588,0.362983,31325.664276,0.316373,-0.108375,0.380455,7.315862,7.305168,21.627884,4.003454,0.538967,0.000418,0.188636,0.000417,0.246537,0.000523,0,6.696014,51.703572,-0.018377,-99999,188.4,2458265.49416,-1.277841,-1.278013,0.243,-9999999,0.02741,-1.530287,0.644439,-2.038418,1.346099,0.4,871.4222,7.320034,7.304957,2018-05-26T23:46:42.423,-9999999,G2,0100.C-0487(A),UNKNOWN,-9999999,HARPS_ech_obs_all,HARPS_ech_obs_thosimult,STAR_WAVE_K3,8.03684726485849E-06,4.42906026632625E-07,0,0,0
GJ2046,88.51851,-60.02445,2458266.4533872,5.368384,0.799962,31329.170807,1.132706,2.567144,0.540616,31328.342934,0.470977,2.39187,0.551823,4.306109,8.193943,25.198393,4.437076,0.53831,0.00066,0.189192,0.000654,0.246677,0.000819,0,6.690435,51.673267,-0.018638,-99999,122.4,2458266.45338,-1.214696,-1.214868,-0.409,-9999999,0.027415,-1.933045,0.589638,-0.855288,1.030147,0.54,899.9982,4.305867,8.195992,2018-05-27T22:45:41.513,-9999999,G2,0100.C-0487(A),UNKNOWN,-9999999,HARPS_ech_obs_all,HARPS_ech_obs_thosimult,STAR_WAVE_K3,9.10687839529516E-06,5.29047666640827E-07,0,0,0
GJ2046,88.51851,-60.02445,2458417.8168268,-1.301209,0.817791,31324.354762,1.269324,-2.24483,0.261291,31323.92407,0.228844,-2.895934,0.28639,2.099124,6.93882,21.82577,3.663513,0.532561,0.000342,0.189222,0.000327,0.248098,0.00041,0,6.691454,51.712999,-0.015915,-99999,241.7,2458417.81682,2.66613,2.666345,0.254,-9999999,0.028195,-0.075426,0.774926,-0.458887,1.248525,0.46,899.9982,2.123063,6.929642,2018-10-26T07:28:43.609,-9999999,G2,0102.C-0525(A),UNKNOWN,-9999999,HARPS_ech_obs_all,HARPS_ech_obs_thosimult,STAR_WAVE_K3,9.24466551415432E-06,4.24862106021141E-07,0,0,0
GJ2046,88.51851,-60.02445,2458418.7069945,-2.287067,0.634874,31324.081524,1.364777,-1.950488,0.259686,31324.20082,0.226097,-2.65984,0.285551,13.755949,10.302676,20.559479,3.634573,0.531169,0.00034,0.189035,0.000325,0.248163,0.000408,0,6.692593,51.712691,-0.017085,-99999,243.4,2458418.70699,2.749266,2.749474,-0.437,-9999999,0.028199,1.204774,0.579334,0.091097,1.345918,0.51,899.9982,13.727246,10.291971,2018-10-27T04:49:48.423,-9999999,G2,0102.C-0525(A),UNKNOWN,-9999999,HARPS_ech_obs_all,HARPS_ech_obs_thosimult,STAR_WAVE_K3,8.98793532343191E-06,3.46517833772348E-07,0,0,0
GJ2046,88.51851,-60.02445,2458419.8376028,-3.184023,0.798028,31323.754965,1.220335,-3.099959,0.218562,31323.500019,0.190694,-4.064557,0.248254,14.562561,8.88064,19.118811,3.38921,0.531556,0.000283,0.188713,0.000267,0.247878,0.000336,0,6.693823,51.714192,-0.015294,-99999,294.7,2458419.8376,2.556662,2.556866,0.151,-9999999,0.028205,0.952259,0.767515,-0.283151,1.205344,0.49,899.9982,14.574164,8.863634,2018-10-28T07:58:10.143,-9999999,G2,0102.C-0525(A),UNKNOWN,-9999999,HARPS_ech_obs_all,HARPS_ech_obs_thosimult,STAR_WAVE_K3,9.64009205555242E-06,5.59586379202473E-07,0,0,0
GJ2046,88.51851,-60.02445,2458423.8318485,-7.329663,0.634071,31649.59002,1.073608,-6.203789,0.227684,31651.797451,0.198876,-7.117623,0.256042,9.443229,9.414018,17.953774,3.396256,0.529824,0.00031,0.192321,0.00029,0.247905,0.000366,0,6.148608,42.437397,-0.008552,-99999,271.9,2458423.83185,2.38932,2.38951,0.118,-9999999,0.028226,1.994069,0.591783,2.179205,1.055027,0.51,899.9982,9.428215,9.388825,2018-11-01T07:49:32.122,-9999999,K0,0102.C-0525(A),UNKNOWN,-9999999,HARPS_ech_obs_all,HARPS_ech_obs_thosimult,STAR_WAVE_K3,9.55700942960043E-06,4.85634198634105E-07,0,0,0
GJ2046,88.51851,-60.02445,2458429.810441,4.717985,0.637299,31331.213816,0.756267,4.474919,0.243464,31330.712664,0.212641,3.563765,0.269201,0.137927,7.992373,19.196131,3.524968,0.534764,0.00034,0.191921,0.000314,0.249358,0.000399,0,6.692798,51.727828,-0.015686,-99999,249.9,2458429.81043,2.129354,2.129536,-0.154,-9999999,0.028256,0.625128,0.588961,-0.529408,0.725757,0.51,899.9982,0.159192,8.003402,2018-11-07T07:18:38.619,-9999999,G2,0102.C-0525(A),UNKNOWN,-9999999,HARPS_ech_obs_all,HARPS_ech_obs_thosimult,STAR_WAVE_K3,8.98835784363687E-06,4.31256821317597E-07,0,0,0
GJ2046,88.51851,-60.02445,2458431.81538,-2.069811,1.255485,31324.977405,1.355341,-1.638537,0.232445,31325.47665,0.20254,-2.380792,0.259447,0.376373,8.113309,20.121563,3.275872,0.535245,0.0003,0.18904,0.000283,0.249055,0.000357,0,6.694439,51.714314,-0.018822,-99999,277.8,2458431.81538,2.020593,2.020764,-0.3,-9999999,0.028267,1.299469,1.233779,0.470978,1.340122,0.51,899.9983,0.366696,8.101147,2018-11-09T07:25:44.157,-9999999,G2,0102.C-0525(A),UNKNOWN,-9999999,HARPS_ech_obs_all,HARPS_ech_obs_thosimult,STAR_WAVE_K3,9.39445434226926E-06,4.9318658047129E-07,0,0,0
GJ2046,88.51851,-60.02445,2458582.5442892,-1.141044,0.58281,31325.224452,0.925478,-2.911245,0.269745,31323.628207,0.234912,-3.553461,0.291096,-0.803266,6.615509,30.585474,3.346023,0.533633,0.000321,0.19422,0.000288,0.241476,0.000362,0,6.709187,51.56508,-0.014648,-99999,274.8,2458582.54428,-3.269866,-3.270078,0.022,-9999999,0.029043,-0.902006,0.516629,-1.625288,0.895168,0.5,719.9982,-0.822675,6.604327,2019-04-09T00:58:10.442,-9999999,G2,0100.C-0487(A),UNKNOWN,-9999999,HARPS_ech_obs_all,HARPS_ech_obs_thosimult,STAR_WAVE_K3,1.22836315323761E-05,5.93875643631424E-07,0,0,0
