target,ra,dec,BJD,RV_mlc_nzp,e_RV_mlc_nzp,RV_drs_nzp,e_RV_drs_nzp,RV_mlc,e_RV_mlc,RV_drs,e_RV_drs,RV_mlc_j,e_RV_mlc_j,CRX,e_CRX,dLW,e_dLW,Halpha,e_Halpha,NaD1,e_NaD1,NaD2,e_NaD2,f_RV,FWHM_DRS,CONTRAST_DRS,BIS,RVGUESS,SNR_DRS,BJD_DRS,BERV,BERV_DRS,DRIFT,e_DRIFT,SA,NZP_mlc,dNZP_mlc,NZP_drs,dNZP_drs,TMMEAN,EXPTIME,MLCRX,E_MLCRX,TIMEID,DRIFT_LAMP,MASK,PROGID,PROGPI,AIRMASS,OBHAB,THAR_FP,DPR_TYPE,RHKp,dRHKp,sourceflag,vsinflag,metflag
HD16417,39.245825,-34.577955,2452944.6846113,-6.796643,0.711808,11210.526797,0.716354,-13.608298,0.501932,11210.479301,0.408507,-13.512735,0.502077,2.878932,5.82818,-34.821202,1.814866,0.405439,0.000412,0.340975,0.0006,0.466418,0.000784,0,7.36513,47.704871,0.001634,11.096,174.3,2452944.68452,-6.181215,-6.181761,0.12,-9999999,0,0.001325,0.504713,-0.047496,0.58846,0.54,181.4966,2.890538,5.792858,2003-11-01T04:18:46.487,-9999999,G2,072.C-0488(E),M. Mayor,-9999999,HARPS_ech_obs_all,HARPS_ech_obs_thosimult,STAR_WAVE_G1V,7.53790175023218E-06,4.97456601554897E-07,0,0,0
HD16417,39.245825,-34.577955,2453017.5395275,1.835564,0.916496,11219.325596,1.010316,-4.930114,0.326398,11219.647878,0.25125,-4.903352,0.327006,-6.49808,4.733759,-58.736444,2.228229,0.400338,0.000269,0.351459,0.000392,0.474972,0.000512,0,7.374668,47.871112,0.005725,11.096,268.2,2453017.53952,-20.844903,-20.845138,0,-9999999,0.007864,0.047301,0.856405,0.314418,0.978576,0.63,120.0017,-6.49933,4.71724,2004-01-13T00:55:41.945,-9999999,G2,072.C-0488(E),Mayor,-9999999,HARPS_ech_obs_all,HARPS_ech_obs_thosimult,STAR_WAVE_G1,8.02007247402505E-06,3.21260984651397E-07,0,0,0
HD16417,39.245825,-34.577955,2453033.54904,-4.075615,0.924247,11212.382708,1.015934,-10.133023,0.347576,11213.832471,0.27298,-10.072781,0.348125,-5.811618,4.17005,-44.818828,2.218724,0.398794,0.000271,0.353626,0.000402,0.473646,0.000521,0,7.372648,47.739901,0.004457,11.096,262.7,2453033.54903,-20.07401,-20.074347,0.146,-9999999,0.009593,0.755572,0.856401,1.44017,0.978572,0.49,239.9955,-5.821775,4.128391,2004-01-29T01:10:16.222,-9999999,G2,072.C-0488(E),Mayor,-9999999,HARPS_ech_obs_all,HARPS_ech_obs_thosimult,STAR_WAVE_G1,-9999999,-9999999,-9999999,-9999999,-9999999
HD16417,39.245825,-34.577955,2453334.8159153,-0.466823,0.979931,11215.545723,1.049868,-8.512847,0.476302,11215.238491,0.380322,-8.52764,0.476472,3.170393,4.692346,-14.319553,1.058878,0.402372,0.000386,0.344536,0.000577,0.479992,0.000754,0,7.37305,47.58119,0.004841,10.3,181.9,2453334.81591,-14.235652,-14.235483,0.315,-9999999,0.042114,-1.233044,0.856389,-0.349346,0.978559,0.48,179.9999,3.142184,4.660388,2004-11-25T07:29:15.364,-9999999,G2,074.C-0102(A),UNKNOWN,-9999999,HARPS_ech_obs_all,HARPS_ech_obs_thosimult,STAR_WAVE_G2,6.92683992631052E-06,4.60212494653326E-07,0,0,0
HD16417,39.245825,-34.577955,2453334.8184593,1.459635,0.981424,11217.639563,1.050567,-6.587207,0.479363,11217.327548,0.382246,-6.556043,0.479619,4.689423,3.980906,-12.60818,1.23362,0.403089,0.000389,0.343337,0.000579,0.479512,0.000759,0,7.3734,47.581455,0.004126,10.3,180.6,2453334.81845,-14.238369,-14.238196,0.265,-9999999,0.042114,-1.233862,0.85639,-0.354129,0.97856,0.53,180.0009,4.654248,3.952368,2004-11-25T07:32:46.175,-9999999,G2,074.C-0102(A),UNKNOWN,-9999999,HARPS_ech_obs_all,HARPS_ech_obs_thosimult,STAR_WAVE_G2,7.05988821800263E-06,4.10076263936103E-07,0,0,0
HD16417,39.245825,-34.577955,2453334.820793,1.236813,0.98365,11217.195544,1.052157,-6.810779,0.483904,11216.879142,0.386593,-6.767259,0.484045,5.943152,4.432569,-10.404838,1.200096,0.402667,0.000388,0.343851,0.000583,0.478922,0.000761,0,7.37398,47.566993,0.001003,10.3,179.8,2453334.82079,-14.24079,-14.240626,0.162,-9999999,0.042114,-1.234613,0.85639,-0.358516,0.97856,0.48,180.0001,5.908338,4.407996,2004-11-25T07:36:16.815,-9999999,G2,074.C-0102(A),UNKNOWN,-9999999,HARPS_ech_obs_all,HARPS_ech_obs_thosimult,STAR_WAVE_G2,7.50380916655641E-06,4.88395238892444E-07,0,0,0
HD16417,39.245825,-34.577955,2453334.8233069,-2.694646,0.980373,11214.065681,1.049631,-10.743046,0.477206,11213.744554,0.379662,-10.736424,0.47746,0.943992,3.830222,-12.593861,1.403266,0.402597,0.000384,0.344531,0.000575,0.478606,0.00075,0,7.374934,47.577606,0.004603,10.3,182.4,2453334.8233,-14.243324,-14.243152,0.471,-9999999,0.042114,-1.235421,0.856391,-0.363241,0.978561,0.51,180.0005,0.909479,3.780291,2004-11-25T07:39:48.627,-9999999,G2,074.C-0102(A),UNKNOWN,-9999999,HARPS_ech_obs_all,HARPS_ech_obs_thosimult,STAR_WAVE_G2,8.65136460449186E-06,4.87886464540141E-07,0,0,0
HD16417,39.245825,-34.577955,2453334.8256793,1.204717,0.980707,11218.138049,1.050271,-6.844446,0.47789,11217.812463,0.381425,-6.788847,0.478145,2.324179,4.858359,-13.137423,1.271296,0.402515,0.000379,0.343455,0.00057,0.478796,0.000746,0,7.371933,47.578866,0.003589,10.3,183.3,2453334.82567,-14.245642,-14.245474,0.326,-9999999,0.042115,-1.236184,0.856392,-0.367701,0.978562,0.48,179.9997,2.279929,4.833578,2004-11-25T07:43:19.017,-9999999,G2,074.C-0102(A),UNKNOWN,-9999999,HARPS_ech_obs_all,HARPS_ech_obs_thosimult,STAR_WAVE_G2,6.74160942086729E-06,4.22381328236089E-07,0,0,0
HD16417,39.245825,-34.577955,2453334.8281276,0.52118,0.983788,11216.351372,1.05166,-7.52877,0.48418,11216.021183,0.385231,-7.485619,0.484346,4.886654,4.505872,-13.129048,1.378455,0.4021,0.000382,0.343435,0.000576,0.479713,0.000754,0,7.373635,47.579049,0.000945,10.3,181.4,2453334.82812,-14.24796,-14.24779,0.464,-9999999,0.042115,-1.236971,0.856393,-0.372304,0.978563,0.48,179.9998,4.855986,4.479675,2004-11-25T07:46:50.558,-9999999,G2,074.C-0102(A),UNKNOWN,-9999999,HARPS_ech_obs_all,HARPS_ech_obs_thosimult,STAR_WAVE_G2,7.33079452600821E-06,4.50165264745034E-07,0,0,0
HD16417,39.245825,-34.577955,2453334.8305179,-0.650526,0.973932,11215.538886,1.045464,-8.701245,0.463825,11215.204204,0.367978,-8.665828,0.464011,3.59781,4.29043,-12.826682,1.280864,0.402179,0.000366,0.344188,0.000552,0.478698,0.000721,0,7.372572,47.579143,0.005453,10.3,189.8,2453334.83051,-14.250151,-14.249981,0.371,-9999999,0.042115,-1.237739,0.856394,-0.376797,0.978564,0.45,180.0006,3.562424,4.253336,2004-11-25T07:50:22.488,-9999999,G2,074.C-0102(A),UNKNOWN,-9999999,HARPS_ech_obs_all,HARPS_ech_obs_thosimult,STAR_WAVE_G2,8.11130962954703E-06,3.9371805966615E-07,0,0,0
HD16417,39.245825,-34.577955,2453334.8330406,-0.601654,0.971025,11215.780202,1.043863,-8.653184,0.457687,11215.440777,0.363403,-8.594722,0.457865,0.225512,4.439524,-10.73982,1.353942,0.401716,0.000363,0.344105,0.000545,0.47904,0.000713,0,7.374953,47.56334,0.001227,10.3,191.9,2453334.83304,-14.252384,-14.252217,0.459,-9999999,0.042115,-1.23855,0.856394,-0.38154,0.978565,0.49,180.0002,0.17964,4.407569,2004-11-25T07:53:53.259,-9999999,G2,074.C-0102(A),UNKNOWN,-9999999,HARPS_ech_obs_all,HARPS_ech_obs_thosimult,STAR_WAVE_G2,8.16797294288497E-06,4.32828812243696E-07,0,0,0
HD16417,39.245825,-34.577955,2453334.835524,0.215387,0.999707,11216.713467,1.061429,-7.836941,0.515753,11216.369375,0.411146,-7.81638,0.515858,12.526564,4.708087,-11.491578,1.465468,0.402328,0.000412,0.344441,0.00062,0.477044,0.000807,0,7.37391,47.574969,0.004437,10.3,169.2,2453334.83552,-14.254503,-14.254337,0.324,-9999999,0.042116,-1.239349,0.856395,-0.386208,0.978566,0.51,180.001,12.485395,4.679146,2004-11-25T07:57:24.240,-9999999,G2,074.C-0102(A),UNKNOWN,-9999999,HARPS_ech_obs_all,HARPS_ech_obs_thosimult,STAR_WAVE_G2,7.15261439180981E-06,5.26882530865683E-07,0,0,0
HD16417,39.245825,-34.577955,2453334.8379231,-0.007148,1.026836,11215.547598,1.077563,-8.060247,0.566549,11215.198996,0.451165,-8.094832,0.56674,4.733862,5.077199,-12.229947,1.527578,0.402405,0.000449,0.343902,0.000679,0.478287,0.000886,0,7.376464,47.581755,0.005269,10.3,154.4,2453334.83792,-14.256476,-14.256309,0.379,-9999999,0.042116,-1.24012,0.856396,-0.390718,0.978567,0.49,180.001,4.69773,5.052033,2004-11-25T08:00:55.131,-9999999,G2,074.C-0102(A),UNKNOWN,-9999999,HARPS_ech_obs_all,HARPS_ech_obs_thosimult,STAR_WAVE_G2,6.36352989330619E-06,5.97043077875424E-07,0,0,0
HD16417,39.245825,-34.577955,2454044.7042248,8.366384,1.254603,11225.496583,1.204974,2.034667,0.916873,11226.194904,0.703151,2.092916,0.9171,18.403841,6.946354,-9.403388,2.162379,0.403307,0.000761,0.342928,0.001116,0.46503,0.001454,0,7.381339,47.374537,0.004939,10.3,95.1,2454044.70432,-7.68336,-7.683376,0,-9999999,0.118744,0.481262,0.856372,0.579577,0.97854,0.41,89.9996,18.378725,6.951395,2006-11-05T04:48:09.945,-9999999,G2,078.C-0751(A),UNKNOWN,-9999999,HARPS_ech_obs_all,HARPS_ech_obs_objA,STAR_DARK_G5IV,2.35763317546914E-06,1.14907840516999E-06,0,0,0
HD16417,39.245825,-34.577955,2454077.645194,4.52507,0.772022,11221.231378,0.78171,-2.914735,0.292353,11220.957095,0.215077,-2.923706,0.29269,-1.026175,3.883825,-7.967844,0.813896,0.398865,0.000222,0.352378,0.000324,0.468671,0.000424,0,7.369489,47.508678,0.005741,11.1,324.2,2454077.64529,-17.008931,-17.009013,-0.033,-9999999,0.1223,-0.626826,0.714526,-0.396583,0.75154,0.44,300.0026,-1.031177,3.873276,2006-12-08T03:23:34.362,-9999999,G2,072.C-0488(E),Mayor,-9999999,HARPS_ech_obs_all,HARPS_ech_obs_thosimult,STAR_WAVE_G1,9.07432941993367E-06,2.5380210306392E-07,0,0,0
HD16417,39.245825,-34.577955,2454077.6491006,6.61239,0.794909,11223.621334,0.797161,-0.828671,0.348331,11223.339707,0.265809,-0.784272,0.348533,3.919028,3.455293,-8.208624,0.8062,0.399218,0.000278,0.352814,0.000405,0.468903,0.00053,0,7.370382,47.510042,0.006869,11.1,259.7,2454077.64921,-17.017553,-17.017647,-0.004,-9999999,0.1223,-0.628082,0.714525,-0.403927,0.751539,0.46,300.0006,3.915334,3.452632,2006-12-08T03:29:05.911,-9999999,G2,072.C-0488(E),Mayor,-9999999,HARPS_ech_obs_all,HARPS_ech_obs_thosimult,STAR_WAVE_G1,8.85739602064357E-06,3.68036198365176E-07,0,0,0
HD16417,39.245825,-34.577955,2454077.6531502,6.520924,0.77803,11223.53503,0.786056,-0.921439,0.307873,11223.245792,0.230378,-0.953504,0.308195,-1.581059,3.740758,-8.502557,0.761772,0.398691,0.000238,0.35213,0.000347,0.468126,0.000455,0,7.370185,47.513406,0.006521,11.1,302.3,2454077.65327,-17.026419,-17.02654,0.42,-9999999,0.122301,-0.629384,0.714525,-0.411539,0.751538,0.52,299.998,-1.587103,3.739065,2006-12-08T03:34:37.818,-9999999,G2,072.C-0488(E),Mayor,-9999999,HARPS_ech_obs_all,HARPS_ech_obs_thosimult,STAR_WAVE_G1,8.07062080848489E-06,3.00878896497606E-07,0,0,0
HD16417,39.245825,-34.577955,2454295.9494165,-0.868974,0.797176,11216.034311,0.823784,-7.801075,0.261655,11216.077378,0.19249,-7.713452,0.261744,4.040448,3.227006,3.14361,0.677391,0.405431,0.000208,0.34039,0.000294,0.470488,0.000387,0,7.37913,47.470793,0.005504,11.1,352.7,2454295.94953,20.184751,20.1845,0,-9999999,0.145865,-0.119122,0.753011,-0.102798,0.800979,0.48,419.9985,4.042724,3.183337,2007-07-14T10:43:47.191,-9999999,G2,072.C-0488(E),Mayor,-9999999,HARPS_ech_obs_all,HARPS_ech_obs_thosimult,STAR_WAVE_G1,8.94252334408028E-06,2.82006120813673E-07,0,0,0
HD16417,39.245825,-34.577955,2454295.9546834,-1.711955,0.802556,11215.17005,0.827323,-8.64575,0.277606,11215.203217,0.207093,-8.549083,0.277586,-0.825304,3.809168,4.276227,0.730825,0.405596,0.000223,0.340804,0.000316,0.470457,0.000416,0,7.380013,47.467564,0.004515,11.1,328.2,2454295.9548,20.174048,20.1738,0,-9999999,0.145866,-0.120815,0.753015,-0.112699,0.800984,0.49,419.9992,-0.816338,3.770114,2007-07-14T10:51:18.018,-9999999,G2,072.C-0488(E),Mayor,-9999999,HARPS_ech_obs_all,HARPS_ech_obs_thosimult,STAR_WAVE_G1,9.59936165447809E-06,2.23442039941308E-07,0,0,0
HD16417,39.245825,-34.577955,2454314.8606124,-2.196181,0.943205,11215.743611,1.043167,-7.250301,0.451866,11216.345944,0.361367,-7.150008,0.45186,4.564352,4.48059,-2.134605,1.033019,0.406122,0.000379,0.346544,0.000541,0.481956,0.000713,0,7.377766,47.515593,0.003621,11.1,191.8,2454314.86072,19.244698,19.244562,0.125,-9999999,0.147906,1.75886,0.827921,0.454427,0.978576,0.47,269.9993,4.564957,4.455629,2007-08-02T08:35:21.605,-9999999,G2,072.C-0488(E),Mayor,-9999999,HARPS_ech_obs_all,HARPS_ech_obs_thosimult,STAR_WAVE_G1,9.21703149927606E-06,5.11602677924558E-07,0,0,0
HD16417,39.245825,-34.577955,2454314.864001,-2.773537,0.94324,11214.398815,1.043718,-7.828746,0.451936,11214.994779,0.362952,-7.738727,0.451899,2.321537,4.710389,1.177797,1.017383,0.406131,0.000381,0.345904,0.000543,0.481682,0.000717,0,7.378298,47.503692,0.002742,11.1,190.8,2454314.8641,19.23813,19.238004,0.24,-9999999,0.147907,1.75777,0.827922,0.448057,0.978578,0.44,269.9996,2.325773,4.68641,2007-08-02T08:40:22.462,-9999999,G2,072.C-0488(E),Mayor,-9999999,HARPS_ech_obs_all,HARPS_ech_obs_thosimult,STAR_WAVE_G1,8.14836698469947E-06,5.06164123588451E-07,0,0,0
HD16417,39.245825,-34.577955,2454314.8676414,-2.610192,0.950985,11215.442441,1.047395,-7.666572,0.467884,11216.031561,0.373389,-7.558063,0.467918,-1.757897,4.417058,-3.74324,0.934599,0.406177,0.000393,0.347496,0.00056,0.481302,0.000738,0,7.376753,47.517971,0.005305,11.1,185.4,2454314.86776,19.230992,19.230827,0.301,-9999999,0.147907,1.7566,0.827924,0.441213,0.978579,0.49,269.9998,-1.762037,4.392058,2007-08-02T08:45:23.469,-9999999,G2,072.C-0488(E),Mayor,-9999999,HARPS_ech_obs_all,HARPS_ech_obs_thosimult,STAR_WAVE_G1,8.81676404783537E-06,4.80865704198899E-07,0,0,0
HD16417,39.245825,-34.577955,2454371.7126157,1.493726,1.056761,11218.971112,1.094721,-4.8812,0.619169,11219.020519,0.490788,-4.858296,0.619473,-6.879729,4.980903,-11.158852,1.611225,0.402306,0.000523,0.345428,0.00076,0.480448,0.000993,0,7.379149,47.400655,0.006042,10.3,138.4,2454371.71261,5.779971,5.780151,0,-9999999,0.154043,0.438054,0.856372,-0.104636,0.97854,0.5,90.0007,-6.912168,4.964906,2007-09-28T04:59:56.163,-9999999,G2,079.C-0657(C),UNKNOWN,-9999999,HARPS_ech_obs_all,HARPS_ech_obs_objA,STAR_NONE_G5IV,9.65867800940207E-06,5.51036615166812E-07,0,0,0
HD16417,39.245825,-34.577955,2454684.821598,3.645472,1.045132,11219.237319,1.082904,-3.009033,0.599079,11219.842619,0.463788,-2.966868,0.599254,2.598894,5.845669,4.079714,1.255639,0.406463,0.000496,0.341524,0.000705,0.469659,0.000925,0,7.38955,47.317837,0.002729,10.3,147.9,2454684.82159,18.737067,18.737161,0,-9999999,0.187843,0.158474,0.856391,0.417457,0.978561,0.5,90,2.594566,5.838337,2008-08-06T07:40:07.897,-9999999,G2,081.C-0802(C),UNKNOWN,-9999999,HARPS_ech_obs_all,HARPS_ech_obs_objA,STAR_NONE_G5IV,1.07286611766253E-05,5.27156348068711E-07,0,0,0
HD16417,39.245825,-34.577955,2454685.757265,-4.515286,1.074826,11211.237629,1.099724,-11.233488,0.649516,11211.926391,0.501839,-11.13453,0.64963,8.190668,6.491697,-1.582604,1.390935,0.406013,0.000528,0.340225,0.00076,0.471071,0.001001,0,7.383866,47.349527,0.002404,10.3,137.1,2454685.75726,18.692471,18.692568,0,-9999999,0.187944,0.094777,0.856376,0.500818,0.978545,0.5,90,8.176329,6.465751,2008-08-07T06:07:24.540,-9999999,G2,081.C-0802(C),UNKNOWN,-9999999,HARPS_ech_obs_all,HARPS_ech_obs_objA,STAR_NONE_G5IV,7.81064336414925E-06,6.50696686054089E-07,0,0,0
HD16417,39.245825,-34.577955,2454704.9037907,0.687529,0.919647,11217.156175,1.013076,-6.048692,0.335091,11217.071661,0.262049,-6.011078,0.33541,-1.079561,3.197582,-3.220153,0.736651,0.403967,0.000274,0.339226,0.000387,0.471584,0.000512,0,7.37817,47.512727,0.003909,11.1,267.9,2454704.9039,14.82884,14.828783,0.611,-9999999,0.19001,0.076759,0.856425,-0.274524,0.978598,0.46,300,-1.085817,3.166932,2008-08-26T09:35:18.754,-9999999,G2,072.C-0488(E),Mayor,-9999999,HARPS_ech_obs_all,HARPS_ech_obs_thosimult,STAR_WAVE_G1,7.38325241608337E-06,3.40105381215245E-07,0,0,0
HD16417,39.245825,-34.577955,2454704.9077654,-0.663783,0.92896,11215.597026,1.018918,-7.401282,0.359859,11215.505041,0.283789,-7.331092,0.360145,-1.731989,2.989471,-0.618244,0.81996,0.403895,0.000298,0.339694,0.000422,0.470772,0.000556,0,7.378729,47.50599,0.004726,11.1,246.3,2454704.90788,14.819679,14.819605,0.352,-9999999,0.190011,0.075481,0.856427,-0.281996,0.9786,0.5,300,-1.737605,2.947129,2008-08-26T09:40:50.154,-9999999,G2,072.C-0488(E),Mayor,-9999999,HARPS_ech_obs_all,HARPS_ech_obs_thosimult,STAR_WAVE_G1,8.18523118741997E-06,2.65509687796285E-07,0,0,0
HD16417,39.245825,-34.577955,2454704.9114992,0.543618,0.943113,11217.43782,1.027824,-6.195081,0.394957,11217.338816,0.314261,-6.139524,0.39524,-3.146688,3.951346,-2.332341,0.979803,0.404698,0.000332,0.339303,0.000468,0.470996,0.000618,0,7.377432,47.518367,0.005347,11.1,221.8,2454704.91161,14.811109,14.811049,0.546,-9999999,0.190011,0.07428,0.856429,-0.289015,0.978602,0.47,300,-3.158984,3.926838,2008-08-26T09:46:21.732,-9999999,G2,072.C-0488(E),Mayor,-9999999,HARPS_ech_obs_all,HARPS_ech_obs_thosimult,STAR_WAVE_G1,8.7625038051554E-06,4.05334763178865E-07,0,0,0
HD16417,39.245825,-34.577955,2454707.8566091,1.430181,0.830226,11217.965448,0.891858,-6.600541,0.355131,11216.739073,0.280143,-6.56288,0.355547,-0.229041,4.093412,-7.582748,0.84395,0.404423,0.000304,0.336054,0.000425,0.472788,0.000565,0,7.373085,47.549589,0.004158,11.1,243.6,2454707.85673,14.213859,14.213782,0.271,-9999999,0.190329,-1.217743,0.750437,-1.416704,0.846717,0.49,400,-0.232359,4.065182,2008-08-29T08:26:11.892,-9999999,G2,072.C-0488(E),Mayor,-9999999,HARPS_ech_obs_all,HARPS_ech_obs_thosimult,STAR_WAVE_G1,8.61049947947235E-06,3.18928094453663E-07,0,0,0
HD16417,39.245825,-34.577955,2454707.8616008,-1.357636,0.828641,11215.231932,0.890741,-9.389963,0.351405,11213.996174,0.27656,-9.314371,0.351594,1.643176,4.341621,-6.272473,0.674625,0.403307,0.0003,0.337268,0.00042,0.471976,0.000557,0,7.375407,47.535479,0.006438,11.1,246.7,2454707.86171,14.202147,14.20208,0.181,-9999999,0.19033,-1.219348,0.75044,-1.426088,0.84672,0.49,400,1.637543,4.302149,2008-08-29T08:33:23.157,-9999999,G2,072.C-0488(E),Mayor,-9999999,HARPS_ech_obs_all,HARPS_ech_obs_thosimult,STAR_WAVE_G1,8.28430443309589E-06,2.9237382536687E-07,0,0,0
HD16417,39.245825,-34.577955,2454709.8664373,-3.82799,0.72254,11213.226158,0.79697,-11.780026,0.448104,11211.761502,0.360216,-11.765534,0.448336,3.758242,3.944739,-6.62109,0.907881,0.400255,0.00039,0.349667,0.000548,0.481662,0.000721,0,7.375528,47.53734,0.005557,11.1,190.4,2454709.86654,13.684041,13.683996,0.441,-9999999,0.190546,-1.139057,0.566804,-1.655202,0.710919,0.46,210.5,3.745931,3.893228,2008-08-31T08:41:52.146,-9999999,G2,072.C-0488(E),Mayor,-9999999,HARPS_ech_obs_all,HARPS_ech_obs_thosimult,STAR_WAVE_G1,7.67781457630085E-06,5.0220723895861E-07,0,0,0
HD16417,39.245825,-34.577955,2454731.7715527,0.386643,0.896134,11217.874866,0.844976,-6.396724,0.367619,11217.638261,0.291049,-6.336269,0.367853,5.233166,4.175605,-7.638828,0.996025,0.403265,0.000313,0.344954,0.000444,0.481155,0.000581,0,7.373487,47.535231,0.003292,11.1,235.9,2454731.77166,7.408374,7.408364,0.367,-9999999,0.192911,0.029613,0.817259,-0.429516,0.793268,0.43,200,5.227713,4.148838,2008-09-22T06:24:17.794,-9999999,G2,072.C-0488(E),Mayor,-9999999,HARPS_ech_obs_all,HARPS_ech_obs_thosimult,STAR_WAVE_G1,7.71174900984023E-06,2.98205870347776E-07,0,0,0
HD16417,39.245825,-34.577955,2454731.7742861,2.886941,0.89414,11220.31928,0.843642,-3.897304,0.36273,11220.077537,0.287152,-3.828931,0.362904,7.59461,3.85669,-8.919682,0.755755,0.404446,0.00031,0.343726,0.000438,0.480996,0.000575,0,7.373186,47.538382,0.006555,11.1,238.4,2454731.77439,7.401849,7.401834,0.119,-9999999,0.192911,0.028734,0.81726,-0.434654,0.793269,0.45,200,7.582472,3.840822,2008-09-22T06:28:09.948,-9999999,G2,072.C-0488(E),Mayor,-9999999,HARPS_ech_obs_all,HARPS_ech_obs_thosimult,STAR_WAVE_G1,8.58101763147651E-06,3.36500008149305E-07,0,0,0
HD16417,39.245825,-34.577955,2454731.7769935,1.384534,0.88999,11218.608924,0.841038,-5.400582,0.352375,11218.362091,0.279408,-5.350239,0.352634,0.670037,4.09746,-8.47355,0.757288,0.40439,0.000302,0.344438,0.000427,0.482307,0.00056,0,7.37152,47.541475,0.00486,11.1,245.3,2454731.7771,7.395366,7.395363,0.2,-9999999,0.192911,0.027864,0.81726,-0.439744,0.793269,0.46,200,0.657595,4.07405,2008-09-22T06:32:01.862,-9999999,G2,072.C-0488(E),Mayor,-9999999,HARPS_ech_obs_all,HARPS_ech_obs_thosimult,STAR_WAVE_G1,7.70646863834332E-06,2.96084126395561E-07,0,0,0
HD16417,39.245825,-34.577955,2454731.7796337,-1.514271,0.891185,11215.773399,0.841763,-8.300236,0.35538,11215.521604,0.281581,-8.271234,0.355716,5.485469,3.749244,-11.020393,0.822896,0.404305,0.000305,0.34369,0.00043,0.480995,0.000564,0,7.371783,47.550525,0.005091,11.1,243,2454731.77974,7.389028,7.389018,0.465,-9999999,0.192912,0.027015,0.817261,-0.444707,0.79327,0.44,200,5.473862,3.711655,2008-09-22T06:35:53.975,-9999999,G2,072.C-0488(E),Mayor,-9999999,HARPS_ech_obs_all,HARPS_ech_obs_thosimult,STAR_WAVE_G1,8.86540904926796E-06,3.16983584899603E-07,0,0,0
HD16417,39.245825,-34.577955,2454736.7080748,4.067657,0.768078,11221.075894,0.831284,-2.462409,0.574889,11221.188993,0.463269,-2.388483,0.575161,-0.161855,5.632426,-10.924506,1.499732,0.404568,0.000492,0.344549,0.000706,0.482612,0.000925,0,7.376403,47.556916,0.003685,11.1,148.9,2454736.70819,5.880693,5.880704,0.406,-9999999,0.193444,0.282914,0.509359,-0.080345,0.690228,0.47,200,-0.187267,5.62697,2008-09-27T04:52:36.005,-9999999,G2,072.C-0488(E),Mayor,-9999999,HARPS_ech_obs_all,HARPS_ech_obs_thosimult,STAR_WAVE_G1,7.70888225058068E-06,4.39754190589254E-07,0,0,0
HD16417,39.245825,-34.577955,2454736.7106906,3.867432,0.745255,11220.952237,0.817467,-2.663475,0.54402,11221.060418,0.437992,-2.66611,0.544254,1.558518,5.56194,-10.971753,1.365838,0.404767,0.000464,0.342891,0.000664,0.481408,0.000872,0,7.374102,47.555104,0.004295,11.1,157.7,2454736.71079,5.875025,5.875072,0.414,-9999999,0.193444,0.282073,0.509359,-0.085263,0.690228,0.44,200,1.531538,5.555425,2008-09-27T04:56:28.013,-9999999,G2,072.C-0488(E),Mayor,-9999999,HARPS_ech_obs_all,HARPS_ech_obs_thosimult,STAR_WAVE_G1,8.3933240593514E-06,5.33211502547754E-07,0,0,0
HD16417,39.245825,-34.577955,2454736.7135335,4.493389,0.797985,11221.783424,0.848972,-2.038432,0.614274,11221.886261,0.494306,-1.993825,0.614654,0.366367,5.439534,-9.668921,1.389577,0.404159,0.000526,0.344579,0.000754,0.483348,0.00099,0,7.376736,47.557604,0.004527,11.1,139.4,2454736.71365,5.868815,5.868818,0.388,-9999999,0.193444,0.281159,0.50936,-0.090607,0.690228,0.51,200,0.337681,5.434575,2008-09-27T05:00:19.632,-9999999,G2,072.C-0488(E),Mayor,-9999999,HARPS_ech_obs_all,HARPS_ech_obs_thosimult,STAR_WAVE_G1,7.66693398968039E-06,5.35557233119707E-07,0,0,0
HD16417,39.245825,-34.577955,2454736.7161044,5.746885,0.753218,11223.013404,0.822635,-0.785762,0.554878,11223.111409,0.447564,-0.724326,0.555165,-4.803202,4.934877,-10.100243,1.383014,0.404225,0.000476,0.343719,0.000681,0.481178,0.000894,0,7.374781,47.561224,0.005262,11.1,154,2454736.71621,5.863155,5.863199,0.48,-9999999,0.193445,0.280332,0.50936,-0.09544,0.690228,0.46,200,-4.829561,4.933956,2008-09-27T05:04:11.756,-9999999,G2,072.C-0488(E),Mayor,-9999999,HARPS_ech_obs_all,HARPS_ech_obs_thosimult,STAR_WAVE_G1,7.34703016127831E-06,5.29919315137684E-07,0,0,0
HD16417,39.245825,-34.577955,2454737.7577968,-1.735821,0.8378,11215.744406,0.762182,-7.467971,0.628085,11217.253851,0.504824,-7.388211,0.628332,5.328026,4.905542,-12.502055,1.513241,0.40464,0.000542,0.350907,0.000771,0.470668,0.001012,0,7.375352,47.564953,0.00617,11.1,136,2454737.7579,5.42449,5.424509,0.594,-9999999,0.193557,1.080829,0.554453,1.315888,0.571029,0.45,200,5.288035,4.880401,2008-09-28T06:04:14.311,-9999999,G2,072.C-0488(E),Mayor,-9999999,HARPS_ech_obs_all,HARPS_ech_obs_thosimult,STAR_WAVE_G1,6.15242196159251E-06,6.21171177283351E-07,0,0,0
HD16417,39.245825,-34.577955,2454737.7605953,-1.392238,0.866962,11216.192775,0.782837,-7.125288,0.666486,11217.696959,0.535498,-7.096455,0.666754,6.038473,5.953873,-9.224992,1.708814,0.404894,0.000578,0.351502,0.000822,0.470759,0.001079,0,7.37602,47.54223,0.007836,11.1,127.8,2454737.76071,5.417748,5.417725,0.233,-9999999,0.193557,1.079929,0.554454,1.310627,0.57103,0.5,200,6.001439,5.934142,2008-09-28T06:08:06.105,-9999999,G2,072.C-0488(E),Mayor,-9999999,HARPS_ech_obs_all,HARPS_ech_obs_thosimult,STAR_WAVE_G1,8.45121050114314E-06,5.90506851610433E-07,0,0,0
HD16417,39.245825,-34.577955,2454737.7631151,0.620675,0.850251,11218.011961,0.770775,-5.113185,0.644598,11219.511409,0.517704,-5.10035,0.644929,5.202903,5.942311,-8.091146,1.431322,0.405449,0.000556,0.353035,0.000794,0.472272,0.001041,0,7.380296,47.53534,0.005642,11.1,132.5,2454737.76322,5.411663,5.411672,0.096,-9999999,0.193558,1.079119,0.554454,1.30589,0.571031,0.43,200,5.171676,5.928272,2008-09-28T06:11:57.809,-9999999,G2,072.C-0488(E),Mayor,-9999999,HARPS_ech_obs_all,HARPS_ech_obs_thosimult,STAR_WAVE_G1,7.69022331927136E-06,6.08483376933557E-07,0,0,0
HD16417,39.245825,-34.577955,2454737.7658194,-1.158788,0.844813,11215.471803,0.767499,-6.893518,0.637408,11216.966167,0.512814,-6.784399,0.637687,-17.040956,5.552044,-12.168381,1.332017,0.403812,0.000552,0.351435,0.000786,0.470354,0.001031,0,7.373387,47.567486,0.005693,11.1,133.5,2454737.76592,5.405116,5.405134,0.49,-9999999,0.193558,1.07825,0.554455,1.300806,0.571032,0.44,200,-17.077797,5.530676,2008-09-28T06:15:49.453,-9999999,G2,072.C-0488(E),Mayor,-9999999,HARPS_ech_obs_all,HARPS_ech_obs_thosimult,STAR_WAVE_G1,5.7534610304929E-06,5.99376242781103E-07,0,0,0
HD16417,39.245825,-34.577955,2454738.7680805,-4.119176,0.980535,11212.542271,0.890837,-8.803803,0.561188,11214.817307,0.454909,-8.762054,0.561393,1.679062,4.648336,-6.985539,1.699127,0.404019,0.00049,0.345215,0.000699,0.480164,0.000913,0,7.379763,47.538959,0.003302,11.1,150.5,2454738.76818,5.055327,5.055339,0.304,-9999999,0.193666,2.128352,0.804062,2.08137,0.76593,0.42,200,1.646549,4.615734,2008-09-29T06:19:07.319,-9999999,G2,072.C-0488(E),Mayor,-9999999,HARPS_ech_obs_all,HARPS_ech_obs_thosimult,STAR_WAVE_G1,7.71125974453079E-06,6.12322586140967E-07,0,0,0
HD16417,39.245825,-34.577955,2454738.7888855,-4.431859,1.06165,11213.462594,0.947506,-9.123175,0.693237,11215.698521,0.557772,-9.030927,0.693467,7.814165,5.530949,-7.70266,1.809593,0.404165,0.000598,0.343772,0.000855,0.480601,0.001119,0,7.383622,47.528535,0.002111,11.1,123.1,2454738.78895,5.004482,5.00459,0.158,-9999999,0.193668,2.121663,0.804067,2.042259,0.765935,0.25,200,7.785556,5.503495,2008-09-29T06:49:38.840,-9999999,G2,072.C-0488(E),Mayor,-9999999,HARPS_ech_obs_all,HARPS_ech_obs_thosimult,STAR_WAVE_G1,6.83713337453681E-06,7.85010777605934E-07,0,0,0
HD16417,39.245825,-34.577955,2454738.7926361,-5.992263,1.144443,11210.047892,1.004314,-10.684785,0.814387,11212.27677,0.649605,-10.614305,0.814784,16.218811,6.430725,-16.995802,2.031523,0.404761,0.000689,0.343145,0.000991,0.480829,0.0013,0,7.375703,47.579645,0.002589,11.1,106.3,2454738.79281,4.995305,4.995128,0.148,-9999999,0.193669,2.120457,0.804068,2.035209,0.765937,0.71,200,16.175428,6.40454,2008-09-29T06:53:30.884,-9999999,G2,072.C-0488(E),Mayor,-9999999,HARPS_ech_obs_all,HARPS_ech_obs_thosimult,STAR_WAVE_G1,9.80539458749508E-06,6.57201502289283E-07,0,0,0
HD16417,39.245825,-34.577955,2454738.794648,-3.610537,0.980946,11213.60977,0.890248,-8.303706,0.561898,11215.834866,0.453742,-8.284123,0.562139,8.621772,5.059553,-6.891876,1.309631,0.40431,0.00048,0.344091,0.000687,0.482454,0.000901,0,7.379288,47.551419,0.002283,11.1,152.8,2454738.79474,4.990385,4.990413,0.541,-9999999,0.193669,2.11981,0.804068,2.031427,0.765937,0.42,200,8.589444,5.031366,2008-09-29T06:57:22.709,-9999999,G2,072.C-0488(E),Mayor,-9999999,HARPS_ech_obs_all,HARPS_ech_obs_thosimult,STAR_WAVE_G1,8.31256558903811E-06,5.12673707790671E-07,0,0,0
HD16417,39.245825,-34.577955,2454738.7974026,-4.368643,0.979545,11212.793016,0.890456,-9.062698,0.559447,11215.012933,0.454148,-9.022338,0.55977,-1.137891,5.135905,-8.515338,1.232143,0.403819,0.000482,0.345685,0.000691,0.481498,0.000904,0,7.376949,47.552377,0.006038,11.1,152.1,2454738.79751,4.983653,4.983644,0.103,-9999999,0.193669,2.118925,0.804069,2.026248,0.765938,0.45,200,-1.175096,5.103684,2008-09-29T07:01:14.703,-9999999,G2,072.C-0488(E),Mayor,-9999999,HARPS_ech_obs_all,HARPS_ech_obs_thosimult,STAR_WAVE_G1,8.3438164984823E-06,5.08256322119418E-07,0,0,0
HD16417,39.245825,-34.577955,2454743.7321279,-5.065037,0.89838,11212.70879,1.000153,-11.101785,0.2715,11213.436717,0.20679,-11.045018,0.271715,-0.674154,3.148048,-9.199219,0.653808,0.405048,0.000219,0.343752,0.000311,0.479866,0.000408,0,7.377159,47.56163,0.004155,11.1,335.3,2454743.73224,3.397053,3.397043,0.834,-9999999,0.194202,0.776231,0.856373,0.533725,0.978542,0.47,440,-0.694148,3.086077,2008-10-04T05:25:12.253,-9999999,G2,072.C-0488(E),Mayor,-9999999,HARPS_ech_obs_all,HARPS_ech_obs_thosimult,STAR_WAVE_G1,8.60596641521982E-06,2.49631887646012E-07,0,0,0
HD16417,39.245825,-34.577955,2454743.737642,-2.814586,0.899099,11214.652453,1.000378,-8.853107,0.273867,11215.370014,0.207873,-8.791511,0.274096,4.539556,3.071532,-8.653503,0.632653,0.405411,0.00022,0.343588,0.000312,0.481223,0.00041,0,7.378583,47.560874,0.002356,11.1,334,2454743.73775,3.383845,3.383851,0.333,-9999999,0.194202,0.774458,0.856374,0.523359,0.978542,0.48,440,4.514145,3.018834,2008-10-04T05:33:04.261,-9999999,G2,072.C-0488(E),Mayor,-9999999,HARPS_ech_obs_all,HARPS_ech_obs_thosimult,STAR_WAVE_G1,8.1362363787506E-06,2.42240522170704E-07,0,0,0
HD16417,39.245825,-34.577955,2454750.8308017,3.238478,0.898359,11221.332713,1.000541,-3.497443,0.271363,11220.707836,0.208552,-3.467745,0.271555,-0.528173,3.490811,-6.038126,0.573408,0.406063,0.00022,0.350415,0.000311,0.479857,0.000409,0,7.379091,47.520438,0.00576,11.1,336,2454750.83091,0.677688,0.677725,0.819,-9999999,0.194968,0.077059,0.856394,-0.819845,0.978564,0.48,450,-0.532831,3.476927,2008-10-11T07:47:04.215,-9999999,G2,072.C-0488(E),Mayor,-9999999,HARPS_ech_obs_all,HARPS_ech_obs_thosimult,STAR_WAVE_G1,8.91605993541796E-06,2.43516205007012E-07,0,0,0
HD16417,39.245825,-34.577955,2454750.836473,3.838953,0.90094,11222.051705,1.002365,-2.898791,0.279784,11221.416168,0.217125,-2.867732,0.280025,5.12359,3.157698,-6.075637,0.542008,0.405608,0.000228,0.351027,0.000324,0.479612,0.000425,0,7.376664,47.525568,0.005134,11.1,323.1,2454750.83659,0.665231,0.665258,0.532,-9999999,0.194969,0.075235,0.856396,-0.830506,0.978566,0.46,450,5.119401,3.145399,2008-10-11T07:55:23.215,-9999999,G2,072.C-0488(E),Mayor,-9999999,HARPS_ech_obs_all,HARPS_ech_obs_thosimult,STAR_WAVE_G1,8.47568016439635E-06,2.74750502649735E-07,0,0,0
HD16417,39.245825,-34.577955,2454774.625291,-4.754223,0.907084,11211.823946,1.00414,-10.161805,0.299025,11213.830017,0.225258,-10.1153,0.299521,-0.489766,3.296465,-9.234918,0.673673,0.403961,0.000238,0.346586,0.000338,0.474418,0.000443,0,7.381588,47.543609,0.003169,11.1,309.1,2454774.6254,-7.333219,-7.333196,0.749,-9999999,0.197537,1.405397,0.856379,1.808534,0.978548,0.46,300,-0.484049,3.244983,2008-11-04T02:52:49.003,-9999999,G2,072.C-0488(E),Mayor,-9999999,HARPS_ech_obs_all,HARPS_ech_obs_thosimult,STAR_WAVE_G1,7.81324551721186E-06,2.73452350756951E-07,0,0,0
HD16417,39.245825,-34.577955,2454774.6291922,-5.636573,0.908094,11210.833748,1.004788,-11.04541,0.302078,11212.832485,0.228133,-11.010207,0.302631,2.301877,3.181314,-9.657269,0.598479,0.40408,0.000241,0.346817,0.000342,0.475268,0.000449,0,7.383035,47.544764,0.001197,11.1,305.2,2454774.62931,-7.34216,-7.342164,0.397,-9999999,0.197537,1.404143,0.856378,1.8012,0.978547,0.48,300,2.308806,3.12502,2008-11-04T02:58:20.073,-9999999,G2,072.C-0488(E),Mayor,-9999999,HARPS_ech_obs_all,HARPS_ech_obs_thosimult,STAR_WAVE_G1,9.00977316795592E-06,3.00272450096761E-07,0,0,0
HD16417,39.245825,-34.577955,2454774.6330001,-5.356451,0.906522,11211.186955,1.003818,-10.766512,0.297322,11213.178535,0.223823,-10.719265,0.29787,2.827838,2.944259,-9.291479,0.700343,0.404342,0.000237,0.346331,0.000336,0.475616,0.000441,0,7.381874,47.548925,0.002078,11.1,310.8,2454774.63311,-7.350956,-7.350965,0,-9999999,0.197538,1.402918,0.856378,1.794042,0.978546,0.47,300,2.83097,2.88289,2008-11-04T03:03:52.083,-9999999,G2,072.C-0488(E),Mayor,-9999999,HARPS_ech_obs_all,HARPS_ech_obs_thosimult,STAR_WAVE_G1,8.72096439187258E-06,2.94095584941084E-07,0,0,0
HD16417,39.245825,-34.577955,2454775.7006713,-5.405817,0.908345,11211.209531,1.005363,-10.604229,0.302849,11213.378224,0.23068,-10.569376,0.303533,0.769337,3.12861,-10.120442,0.619011,0.403624,0.000249,0.339298,0.00035,0.474924,0.00046,0,7.380904,47.548394,0.005216,11.1,298.5,2454775.70078,-7.853296,-7.853325,-0.053,-9999999,0.197653,1.614568,0.856372,1.97104,0.97854,0.48,300,0.760937,3.062648,2008-11-05T04:41:18.223,-9999999,G2,072.C-0488(E),Mayor,-9999999,HARPS_ech_obs_all,HARPS_ech_obs_thosimult,STAR_WAVE_G1,9.25827013969623E-06,2.78107239902796E-07,0,0,0
HD16417,39.245825,-34.577955,2454775.704445,-3.023285,0.906481,11213.587422,1.004462,-8.22291,0.297213,11215.749021,0.226722,-8.162917,0.297829,-0.882216,2.847774,-9.168643,0.701394,0.404577,0.000244,0.3395,0.000343,0.474998,0.00045,0,7.381174,47.544179,0.003919,11.1,304.7,2454775.70456,-7.862458,-7.862463,-0.038,-9999999,0.197653,1.613354,0.856372,1.963946,0.97854,0.46,300,-0.893331,2.794975,2008-11-05T04:46:50.283,-9999999,G2,072.C-0488(E),Mayor,-9999999,HARPS_ech_obs_all,HARPS_ech_obs_thosimult,STAR_WAVE_G1,8.90729054330845E-06,2.26315816963144E-07,0,0,0
HD16417,39.245825,-34.577955,2454775.7082873,-5.932962,0.906507,11211.041097,1.004408,-11.133822,0.297292,11213.195474,0.226483,-11.083962,0.297942,-1.043534,2.78052,-10.454552,0.64586,0.404415,0.000244,0.339073,0.000342,0.476398,0.00045,0,7.380144,47.543966,0.003167,11.1,305.2,2454775.7084,-7.871762,-7.87177,0.377,-9999999,0.197654,1.612119,0.856372,1.956723,0.97854,0.46,300,-1.059134,2.70574,2008-11-05T04:52:22.263,-9999999,G2,072.C-0488(E),Mayor,-9999999,HARPS_ech_obs_all,HARPS_ech_obs_thosimult,STAR_WAVE_G1,8.38348212422718E-06,2.80908305739981E-07,0,0,0
HD16417,39.245825,-34.577955,2454776.5765678,-4.349954,0.941467,11211.982252,1.025804,-9.597396,0.391093,11214.379278,0.307719,-9.552317,0.391438,-2.49677,3.947758,-2.809185,0.970506,0.404202,0.000321,0.341106,0.00046,0.476754,0.000603,0,7.384502,47.51483,0.003919,11.1,227.4,2454776.57668,-7.903745,-7.903699,0.285,-9999999,0.197747,1.565538,0.856391,2.199279,0.978561,0.45,300,-2.508894,3.906121,2008-11-06T01:42:46.693,-9999999,G2,072.C-0488(E),Mayor,-9999999,HARPS_ech_obs_all,HARPS_ech_obs_thosimult,STAR_WAVE_G1,-9999999,-9999999,-9999999,-9999999,-9999999
HD16417,39.245825,-34.577955,2454776.5805444,-1.917672,0.940018,11214.483255,1.02455,-7.166392,0.387594,11216.872806,0.303517,-7.130033,0.387989,-6.381705,3.842618,-5.804207,0.920301,0.40414,0.000316,0.350131,0.000454,0.476003,0.000594,0,7.383315,47.523659,0.002838,11.1,230.6,2454776.58066,-7.911714,-7.911683,0.455,-9999999,0.197748,1.564259,0.85639,2.191803,0.97856,0.49,300,-6.400893,3.812012,2008-11-06T01:48:18.283,-9999999,G2,072.C-0488(E),Mayor,-9999999,HARPS_ech_obs_all,HARPS_ech_obs_thosimult,STAR_WAVE_G1,8.49796382130676E-06,3.70595565318662E-07,0,0,0
HD16417,39.245825,-34.577955,2454776.5842077,-3.187223,0.937585,11213.004178,1.022944,-8.437121,0.381659,11215.386843,0.298057,-8.418721,0.382011,-3.715207,3.748821,-5.296391,0.885796,0.403947,0.000311,0.349352,0.000445,0.475119,0.000583,0,7.381932,47.519456,0.003435,11.1,234.6,2454776.58431,-7.919167,-7.91913,0.211,-9999999,0.197748,1.563081,0.856389,2.184917,0.978559,0.44,300,-3.72752,3.710194,2008-11-06T01:53:49.803,-9999999,G2,072.C-0488(E),Mayor,-9999999,HARPS_ech_obs_all,HARPS_ech_obs_thosimult,STAR_WAVE_G1,8.9519890040317E-06,3.94383093272084E-07,0,0,0
HD16417,39.245825,-34.577955,2454777.6256198,-6.062581,0.795534,11210.688149,0.985927,-10.970815,0.329453,11213.28164,0.254047,-10.933934,0.329911,-0.594526,3.782439,-4.934189,0.737658,0.404141,0.000268,0.342496,0.000382,0.466841,0.000501,0,7.381552,47.518,0.005473,11.1,273.6,2454777.62572,-8.34393,-8.343906,0.321,-9999999,0.197861,1.904746,0.72411,2.39563,0.952635,0.44,300,-0.600734,3.730425,2008-11-07T02:53:30.294,-9999999,G2,072.C-0488(E),Mayor,-9999999,HARPS_ech_obs_all,HARPS_ech_obs_thosimult,STAR_WAVE_G1,8.3922355360946E-06,3.1217271522701E-07,0,0,0
HD16417,39.245825,-34.577955,2454777.629636,-2.52648,0.794445,11214.286669,0.985315,-7.436005,0.326815,11216.87261,0.251663,-7.379832,0.327176,2.529955,3.342287,-5.449107,0.831069,0.404219,0.000266,0.342451,0.000379,0.467947,0.000498,0,7.3798,47.51778,0.004701,11.1,276,2454777.62975,-8.353264,-8.35327,0.31,-9999999,0.197861,1.903454,0.724109,2.38808,0.952634,0.49,300,2.511289,3.303008,2008-11-07T02:59:02.304,-9999999,G2,072.C-0488(E),Mayor,-9999999,HARPS_ech_obs_all,HARPS_ech_obs_thosimult,STAR_WAVE_G1,8.83539101628526E-06,3.37962904558129E-07,0,0,0
HD16417,39.245825,-34.577955,2454777.633443,-4.417889,0.788128,11212.292501,0.981491,-9.328638,0.311147,11214.871285,0.236252,-9.301491,0.311717,-0.504978,3.77516,-6.710631,0.618732,0.404287,0.000251,0.342416,0.000356,0.468331,0.000468,0,7.380864,47.523364,0.005937,11.1,293.5,2454777.63356,-8.362172,-8.362185,0.149,-9999999,0.197861,1.90223,0.724108,2.380923,0.952633,0.48,300,-0.507625,3.728818,2008-11-07T03:04:34.234,-9999999,G2,072.C-0488(E),Mayor,-9999999,HARPS_ech_obs_all,HARPS_ech_obs_thosimult,STAR_WAVE_G1,8.6526177798512E-06,3.2431317788132E-07,0,0,0
HD16417,39.245825,-34.577955,2454778.6106208,-4.609535,0.902954,11212.209969,1.00129,-9.830965,0.286243,11214.64216,0.212178,-9.798925,0.286932,1.337053,3.735633,-6.048533,0.715344,0.403938,0.000226,0.341003,0.000321,0.475442,0.000421,0,7.382294,47.52058,0.005082,11.1,325.7,2454778.61073,-8.641137,-8.641123,1.218,-9999999,0.197967,1.591549,0.856382,2.234224,0.978551,0.47,300,1.319701,3.690827,2008-11-08T02:31:47.826,-9999999,G2,072.C-0488(E),Mayor,-9999999,HARPS_ech_obs_all,HARPS_ech_obs_thosimult,STAR_WAVE_G1,9.72210539480299E-06,2.96386640452118E-07,0,0,0
HD16417,39.245825,-34.577955,2454778.6144638,-6.045533,0.902001,11210.874542,1.000913,-11.268199,0.283227,11213.299508,0.210394,-11.259455,0.283906,-0.226588,3.544066,-6.941315,0.619115,0.404051,0.000224,0.340536,0.000318,0.474994,0.000417,0,7.382586,47.523841,0.006305,11.1,328.3,2454778.61457,-8.649833,-8.649823,1.509,-9999999,0.197967,1.590314,0.856381,2.226999,0.97855,0.47,300,-0.245554,3.490575,2008-11-08T02:37:19.865,-9999999,G2,072.C-0488(E),Mayor,-9999999,HARPS_ech_obs_all,HARPS_ech_obs_thosimult,STAR_WAVE_G1,9.04128885539532E-06,3.0476634109737E-07,0,0,0
HD16417,39.245825,-34.577955,2454778.6182709,-3.87667,0.901427,11212.894222,1.000358,-9.10056,0.281394,11215.312032,0.207741,-9.097278,0.282208,2.515622,3.555545,-9.213779,0.744632,0.403566,0.000221,0.341275,0.000314,0.475493,0.000412,0,7.380915,47.529126,0.005411,11.1,332.3,2454778.61838,-8.658522,-8.658517,1.36,-9999999,0.197968,1.58909,0.85638,2.219842,0.978549,0.46,300,2.49414,3.513241,2008-11-08T02:42:51.816,-9999999,G2,072.C-0488(E),Mayor,-9999999,HARPS_ech_obs_all,HARPS_ech_obs_thosimult,STAR_WAVE_G1,9.05597046525654E-06,2.75571546566439E-07,0,0,0
HD16417,39.245825,-34.577955,2454779.5881972,-1.691718,0.93078,11214.964307,1.01904,-6.97198,0.364624,11217.36904,0.284371,-6.916584,0.36515,-5.525376,3.368124,-3.475827,0.638361,0.403099,0.000299,0.348772,0.000428,0.476209,0.000561,0,7.380893,47.49367,0.006894,11.1,244.6,2454779.58831,-8.920511,-8.920505,0.147,-9999999,0.198072,1.532717,0.856388,2.206661,0.978558,0.47,300,-5.537317,3.331771,2008-11-09T01:59:32.944,-9999999,G2,072.C-0488(E),Mayor,-9999999,HARPS_ech_obs_all,HARPS_ech_obs_thosimult,STAR_WAVE_G1,1.01175424724335E-05,3.88217488247607E-07,0,0,0
HD16417,39.245825,-34.577955,2454779.5920157,-4.84633,0.92275,11211.637022,1.013719,-10.12782,0.343612,11214.034578,0.264676,-10.088922,0.344203,-2.530809,3.627457,-8.468979,0.69413,0.403946,0.00028,0.348094,0.000399,0.475109,0.000524,0,7.376073,47.518111,0.005621,11.1,261.7,2454779.59212,-8.928692,-8.928669,0.09,-9999999,0.198073,1.531489,0.856387,2.199483,0.978556,0.46,300,-2.54451,3.577336,2008-11-09T02:05:05.875,-9999999,G2,072.C-0488(E),Mayor,-9999999,HARPS_ech_obs_all,HARPS_ech_obs_thosimult,STAR_WAVE_G1,8.75950402145071E-06,3.11364289108419E-07,0,0,0
HD16417,39.245825,-34.577955,2454779.595821,-3.490985,0.923214,11212.894042,1.014323,-8.773698,0.34486,11215.284444,0.266985,-8.763196,0.34536,3.947847,3.628176,-6.462872,0.712668,0.403868,0.000283,0.347916,0.000402,0.475176,0.000528,0,7.378322,47.517814,0.005623,11.1,259.5,2454779.59593,-8.936941,-8.936928,0.41,-9999999,0.198073,1.530266,0.856386,2.192329,0.978555,0.45,300,3.928213,3.586844,2008-11-09T02:10:37.655,-9999999,G2,072.C-0488(E),Mayor,-9999999,HARPS_ech_obs_all,HARPS_ech_obs_thosimult,STAR_WAVE_G1,9.57861946614143E-06,3.73684118000012E-07,0,0,0
HD16417,39.245825,-34.577955,2454785.6565318,3.431811,1.253736,11221.134718,1.039512,1.876602,0.915888,11226.061802,0.713506,1.977628,0.916315,-18.575485,8.403784,2.790516,2.494776,0.403349,0.000782,0.339181,0.001124,0.475019,0.001472,0,7.386765,47.283612,0.006791,10.3,94.6,2454785.65664,-10.994086,-10.994152,0,-9999999,0.198727,5.25777,0.856156,4.728357,0.755973,0.44,90,-18.597902,8.405572,2008-11-15T03:39:56.033,-9999999,G2,082.C-0427(A),UNKNOWN,-9999999,HARPS_ech_obs_all,HARPS_ech_obs_objA,STAR_NONE_G5IV,7.70535694199849E-06,9.61671286041184E-07,0,0,0
HD16417,39.245825,-34.577955,2454787.6159976,6.628412,1.021279,11224.467712,1.073568,-0.559926,0.556438,11224.138068,0.441574,-0.558747,0.556922,-2.606999,5.981959,-2.217931,1.308921,0.403239,0.000486,0.342691,0.000691,0.466243,0.000905,0,7.382208,47.317021,0.006762,10.3,152.7,2454787.61599,-11.5141,-11.513858,0,-9999999,0.198939,-0.375358,0.856381,-0.528583,0.97855,0.5,90,-2.618361,5.980525,2008-11-17T02:41:34.854,-9999999,G2,082.C-0427(A),UNKNOWN,-9999999,HARPS_ech_obs_all,HARPS_ech_obs_objA,STAR_NONE_G5IV,8.45614566149868E-06,5.06167938661705E-07,0,0,0
HD16417,39.245825,-34.577955,2454892.5384752,0.750629,1.097748,11218.15299,1.115138,-5.760925,0.686747,11218.310288,0.534715,-5.728193,0.686949,10.243292,5.855699,-1.824526,1.608953,0.405279,0.000559,0.352118,0.000812,0.467478,0.001061,0,7.38883,47.323324,0.007074,10.3,130.3,2454892.53857,-13.80758,-13.807818,0,-9999999,0.210265,0.301426,0.856405,-0.052967,0.978576,0.41,90,10.206756,5.841154,2009-03-02T00:59:06.908,-9999999,G2,082.C-0427(C),UNKNOWN,-9999999,HARPS_ech_obs_all,HARPS_ech_obs_objA,STAR_NONE_G5IV,9.20236077697084E-06,5.53991218678171E-07,0,0,0
HD16417,39.245825,-34.577955,2455022.914767,-1.534681,0.953416,11215.059387,1.034987,-8.560197,0.418961,11215.028235,0.336946,-8.507955,0.419192,8.369728,4.215082,3.278822,0.956703,0.405225,0.00036,0.339923,0.000506,0.471961,0.000668,0,7.379982,47.474883,0.003859,11.1,205.4,2455022.91477,20.217848,20.217833,-0.16,-9999999,0.224339,-0.212537,0.856431,-0.255491,0.978604,0.47,249.9995,8.36812,4.179042,2009-07-10T09:55:39.634,-9999999,G2,183.C-0972(A),Udry,-9999999,HARPS_ech_obs_all,HARPS_ech_obs_thosimult,STAR_WAVE_G1,8.97804314076329E-06,4.54825605806809E-07,0,0,0
HD16417,39.245825,-34.577955,2455022.9181289,-1.070581,0.967866,11215.306783,1.043239,-8.097178,0.450873,11215.269311,0.361493,-8.017946,0.451059,6.222322,3.54001,3.967161,0.944219,0.405441,0.000387,0.339236,0.000544,0.472433,0.000719,0,7.384167,47.470248,0.003554,11.1,191.2,2455022.91812,20.211883,20.211873,-0.295,-9999999,0.224339,-0.213618,0.856433,-0.261811,0.978606,0.5,250.0001,6.219342,3.501435,2009-07-10T10:00:22.579,-9999999,G2,183.C-0972(A),Udry,-9999999,HARPS_ech_obs_all,HARPS_ech_obs_thosimult,STAR_WAVE_G1,9.73524161137908E-06,3.74487522291701E-07,0,0,0
HD16417,39.245825,-34.577955,2455022.92145,-1.744419,0.957404,11215.132306,1.037191,-8.772084,0.42795,11215.088592,0.343645,-8.68686,0.428135,1.498359,3.867808,3.316047,0.892568,0.404936,0.000368,0.340218,0.000518,0.472107,0.000684,0,7.381224,47.48423,0.00247,11.1,201,2455022.92144,20.205914,20.205898,-0.35,-9999999,0.22434,-0.214685,0.856435,-0.268054,0.978608,0.52,249.9992,1.494317,3.827797,2009-07-10T10:05:04.505,-9999999,G2,183.C-0972(A),Udry,-9999999,HARPS_ech_obs_all,HARPS_ech_obs_thosimult,STAR_WAVE_G1,9.11171217615612E-06,4.02817810160146E-07,0,0,0
HD16417,39.245825,-34.577955,2455025.8763948,4.585268,0.904973,11221.598488,0.928504,-1.099677,0.486986,11222.348431,0.393276,-1.037866,0.48708,-5.691237,4.72323,-3.224131,1.116433,0.40599,0.000423,0.340116,0.000594,0.47094,0.000782,0,7.380434,47.5129,-0.000628,11.1,175.3,2455025.87639,20.307351,20.307349,0.156,-9999999,0.224659,1.128035,0.762772,0.525284,0.841103,0.51,249.9991,-5.686709,4.721052,2009-07-13T08:59:57.153,-9999999,G2,183.C-0972(A),Udry,-9999999,HARPS_ech_obs_all,HARPS_ech_obs_thosimult,STAR_WAVE_G1,8.71144322414992E-06,4.58612908725762E-07,0,0,0
HD16417,39.245825,-34.577955,2455025.8796011,2.368585,0.921094,11219.402036,0.939028,-3.317391,0.516324,11220.145951,0.417513,-3.271181,0.516514,-4.063989,5.215397,-0.619569,1.153638,0.407087,0.000449,0.340596,0.000631,0.469386,0.000829,0,7.380298,47.508225,0.003136,11.1,165.2,2455025.87959,20.302392,20.302385,-0.04,-9999999,0.224659,1.127004,0.762774,0.519256,0.841105,0.49,249.9988,-4.066265,5.205272,2009-07-13T09:04:39.158,-9999999,G2,183.C-0972(A),Udry,-9999999,HARPS_ech_obs_all,HARPS_ech_obs_thosimult,STAR_WAVE_G1,7.13736562729483E-06,5.06243904537056E-07,0,0,0
HD16417,39.245825,-34.577955,2455025.8828601,3.645215,0.903368,11221.393595,0.927713,-2.041808,0.483991,11222.131384,0.391397,-1.978191,0.484272,4.488209,4.70327,-1.502359,1.141447,0.406159,0.000423,0.34052,0.000593,0.471018,0.000782,0,7.378298,47.504794,0.004798,11.1,175.6,2455025.88286,20.297258,20.297257,-0.088,-9999999,0.224659,1.125956,0.762776,0.51313,0.841107,0.49,249.9987,4.470355,4.696957,2009-07-13T09:09:20.714,-9999999,G2,183.C-0972(A),Udry,-9999999,HARPS_ech_obs_all,HARPS_ech_obs_thosimult,STAR_WAVE_G1,8.37910213650705E-06,4.40158077396146E-07,0,0,0
HD16417,39.245825,-34.577955,2455041.8382854,-1.536405,0.92002,11215.139626,1.014659,-8.648442,0.336188,11215.246295,0.268218,-8.562539,0.336263,-2.633948,3.803731,2.992755,0.824422,0.406541,0.000279,0.340527,0.000395,0.470903,0.00052,0,7.382,47.488158,0.002782,11.1,262.8,2455041.83828,19.63878,19.638856,0.69,-9999999,0.226382,-0.299058,0.856396,-0.119713,0.978567,0.51,420.0004,-2.639211,3.767901,2009-07-29T08:02:06.380,-9999999,G2,183.C-0972(A),Udry,-9999999,HARPS_ech_obs_all,HARPS_ech_obs_thosimult,STAR_WAVE_G1,9.46913918321964E-06,3.2567770078849E-07,0,0,0
HD16417,39.245825,-34.577955,2455041.84347,-3.321722,0.920523,11213.602144,1.015015,-10.435426,0.337558,11213.699067,0.269553,-10.367572,0.337549,-7.943826,3.207881,5.263,0.751997,0.405498,0.00028,0.34056,0.000397,0.469792,0.000522,0,7.383537,47.470478,0.004504,11.1,261.4,2455041.84346,19.630028,19.630088,0.595,-9999999,0.226382,-0.300725,0.856398,-0.129459,0.978569,0.5,420,-7.940083,3.155234,2009-07-29T08:09:38.506,-9999999,G2,183.C-0972(A),Udry,-9999999,HARPS_ech_obs_all,HARPS_ech_obs_thosimult,STAR_WAVE_G1,7.6722182121433E-06,3.13935957130909E-07,0,0,0
HD16417,39.245825,-34.577955,2455045.8593683,-0.734463,0.885132,11216.071457,0.992481,-7.957208,0.223676,11216.084219,0.165558,-7.892052,0.223637,2.819964,2.569766,-3.239837,0.580034,0.405178,0.000176,0.345453,0.000246,0.480465,0.000325,128,7.378124,47.523475,0.005941,11.1,420.6,2455045.85936,19.189291,19.189376,0.713,-9999999,0.226816,-0.409766,0.856404,-0.214054,0.978575,0.51,899.9995,2.816934,2.521348,2009-08-02T08:28:00.862,-9999999,G2,183.C-0972(A),Udry,-9999999,HARPS_ech_obs_all,HARPS_ech_obs_thosimult,STAR_WAVE_G1,8.77308759913108E-06,2.78305523448701E-07,0,0,0
HD16417,39.245825,-34.577955,2455047.8879427,0.167668,0.939479,11217.296737,1.026793,-7.076099,0.386226,11217.11744,0.310912,-6.979093,0.386274,-6.940863,3.513452,3.94245,0.767141,0.40627,0.000327,0.339865,0.000461,0.469798,0.000606,0,7.381232,47.473124,0.00678,11.1,225.5,2455047.88794,18.893047,18.893154,-0.393,-9999999,0.227035,-0.430788,0.856417,-0.406332,0.978589,0.52,269.9995,-6.9428,3.479413,2009-08-04T09:14:17.241,-9999999,G2,183.C-0972(A),Udry,-9999999,HARPS_ech_obs_all,HARPS_ech_obs_thosimult,STAR_WAVE_G1,8.82067268815741E-06,3.63472580645969E-07,0,0,0
HD16417,39.245825,-34.577955,2455047.8913078,2.242056,0.944723,11219.003433,1.030254,-5.002793,0.398809,11218.81781,0.322154,-4.928657,0.398846,-8.969599,4.021379,6.25108,0.994723,0.405947,0.00034,0.339497,0.000478,0.469339,0.000629,0,7.38178,47.465699,0.005485,11.1,217.4,2455047.8913,18.885871,18.885966,-0.239,-9999999,0.227035,-0.43187,0.856419,-0.412658,0.978591,0.48,269.9989,-8.973355,4.001501,2009-08-04T09:19:18.767,-9999999,G2,183.C-0972(A),Udry,-9999999,HARPS_ech_obs_all,HARPS_ech_obs_thosimult,STAR_WAVE_G1,9.64358137417782E-06,3.85465036637249E-07,0,0,0
HD16417,39.245825,-34.577955,2455047.8948039,-0.701877,0.941355,11216.109235,1.027794,-7.94785,0.390759,11215.91704,0.314193,-7.890828,0.390818,-1.965809,4.173363,2.713717,0.864563,0.405774,0.000332,0.34008,0.000466,0.469569,0.000614,0,7.381557,47.478733,0.005435,11.1,222.9,2455047.8948,18.878369,18.878462,-0.177,-9999999,0.227035,-0.432994,0.85642,-0.41923,0.978593,0.48,270.0002,-1.965814,4.142141,2009-08-04T09:24:20.813,-9999999,G2,183.C-0972(A),Udry,-9999999,HARPS_ech_obs_all,HARPS_ech_obs_thosimult,STAR_WAVE_G1,7.54266031672743E-06,3.62621487088676E-07,0,0,0
HD16417,39.245825,-34.577955,2455048.8466788,-0.348609,0.67084,11216.917854,0.698875,-6.884956,0.405216,11217.061304,0.326371,-6.874497,0.405333,-7.244605,3.453799,3.161378,0.929722,0.406175,0.000345,0.337954,0.000484,0.472307,0.000641,0,7.381818,47.481121,0.003708,11.1,214.2,2455048.84668,18.85028,18.85038,-0.316,-9999999,0.227138,0.276632,0.534627,-0.083688,0.617987,0.49,420.0003,-7.251923,3.421784,2009-08-05T08:13:41.462,-9999999,G2,183.C-0972(A),Udry,-9999999,HARPS_ech_obs_all,HARPS_ech_obs_thosimult,STAR_WAVE_G1,9.1192225473447E-06,4.06296102771503E-07,0,0,0
HD16417,39.245825,-34.577955,2455048.8519096,-1.838025,0.642628,11215.305538,0.681518,-8.376054,0.356569,11215.439155,0.287323,-8.333326,0.356665,-11.401234,3.112946,3.148906,0.833615,0.405762,0.000305,0.337793,0.000427,0.470781,0.000564,0,7.381791,47.479712,0.006472,11.1,242.8,2455048.85191,18.840163,18.840266,-0.031,-9999999,0.227139,0.27495,0.53463,-0.093522,0.61799,0.49,419.9996,-11.409736,3.066599,2009-08-05T08:21:13.377,-9999999,G2,183.C-0972(A),Udry,-9999999,HARPS_ech_obs_all,HARPS_ech_obs_thosimult,STAR_WAVE_G1,9.22545395560906E-06,3.58434154930935E-07,0,0,0
HD16417,39.245825,-34.577955,2455071.8509964,-2.882608,0.670038,11213.81745,0.804518,-9.791671,0.37186,11214.109199,0.299291,-9.746202,0.372126,3.813245,4.009446,-7.805904,0.900456,0.403617,0.000323,0.349762,0.000452,0.48073,0.000594,0,7.375083,47.539966,0.003027,11.1,230.8,2455071.85099,14.522895,14.523075,0.377,-9999999,0.229621,-0.096083,0.557379,0.062128,0.746776,0.5,200.0003,3.803647,3.967793,2009-08-28T08:19:48.939,-9999999,G2,183.C-0972(A),Udry,-9999999,HARPS_ech_obs_all,HARPS_ech_obs_thosimult,STAR_WAVE_G1,8.01870412381834E-06,3.37038698175458E-07,0,0,0
HD16417,39.245825,-34.577955,2455071.8536829,-4.674973,0.668341,11211.939477,0.803565,-11.584899,0.368792,11212.226177,0.296717,-11.50658,0.369084,1.742614,4.131688,-7.590546,0.84841,0.404405,0.000322,0.349475,0.000449,0.480246,0.000589,0,7.37601,47.537523,0.00446,11.1,232.3,2455071.85368,14.516641,14.516812,-0.019,-9999999,0.229622,-0.096947,0.55738,0.057078,0.746777,0.5,199.9994,1.733277,4.082176,2009-08-28T08:23:41.041,-9999999,G2,183.C-0972(A),Udry,-9999999,HARPS_ech_obs_all,HARPS_ech_obs_thosimult,STAR_WAVE_G1,8.06285571179584E-06,3.65952167651589E-07,0,0,0
HD16417,39.245825,-34.577955,2455071.8563631,-2.986395,0.674291,11214.049143,0.80719,-9.897183,0.379465,11214.330804,0.306395,-9.822338,0.379759,3.85671,3.322052,-7.165099,0.920462,0.404485,0.000331,0.34913,0.000461,0.480966,0.000607,0,7.373208,47.532039,0.00532,11.1,225.8,2455071.85636,14.51039,14.510567,0,-9999999,0.229622,-0.097809,0.557382,0.052039,0.746779,0.5,199.9997,3.849982,3.269569,2009-08-28T08:27:32.594,-9999999,G2,183.C-0972(A),Udry,-9999999,HARPS_ech_obs_all,HARPS_ech_obs_thosimult,STAR_WAVE_G1,8.37134436650959E-06,4.47475942994606E-07,0,0,0
HD16417,39.245825,-34.577955,2455071.8591444,-0.924243,0.681258,11215.785712,0.811685,-7.835925,0.391709,11216.062145,0.318044,-7.82202,0.39199,6.328604,4.353301,-5.514116,0.803464,0.404406,0.000345,0.348486,0.00048,0.480272,0.000631,0,7.375464,47.530568,0.003671,11.1,217.1,2455071.85913,14.503893,14.504069,0.083,-9999999,0.229622,-0.098703,0.557384,0.046811,0.74678,0.54,200.0003,6.32386,4.321934,2009-08-28T08:31:24.887,-9999999,G2,183.C-0972(A),Udry,-9999999,HARPS_ech_obs_all,HARPS_ech_obs_thosimult,STAR_WAVE_G1,8.73103382568473E-06,3.74949057704055E-07,0,0,0
HD16417,39.245825,-34.577955,2455073.8341991,0.893304,0.964002,11217.799068,1.042409,-5.397115,0.442593,11218.295833,0.359203,-5.33527,0.4429,1.229242,4.456965,-6.181195,1.079078,0.404402,0.000389,0.338151,0.000542,0.470317,0.000717,0,7.373625,47.524072,0.00562,11.1,191.8,2455073.83419,14.067146,14.06732,-0.169,-9999999,0.229835,0.52256,0.856395,0.26693,0.978565,0.48,140.0008,1.22139,4.43834,2009-08-30T07:56:02.313,-9999999,G2,183.C-0972(A),Udry,-9999999,HARPS_ech_obs_all,HARPS_ech_obs_thosimult,STAR_WAVE_G1,9.19166513616458E-06,3.45830771942855E-07,0,0,0
HD16417,39.245825,-34.577955,2455073.8361989,0.220211,0.97699,11217.815499,1.050342,-6.070851,0.470208,11218.308505,0.38161,-5.981794,0.470261,-4.949485,5.00629,-3.589336,1.073555,0.404828,0.000419,0.338625,0.000581,0.472518,0.000769,0,7.375259,47.522946,0.004688,11.1,179.5,2455073.8362,14.062527,14.062707,0.063,-9999999,0.229836,0.521918,0.856396,0.26317,0.978566,0.49,140.0007,-4.957307,4.987504,2009-08-30T07:58:53.683,-9999999,G2,183.C-0972(A),Udry,-9999999,HARPS_ech_obs_all,HARPS_ech_obs_thosimult,STAR_WAVE_G1,8.20488668197809E-06,4.83654911438377E-07,0,0,0
HD16417,39.245825,-34.577955,2455073.8382005,0.088498,0.979468,11217.243,1.051921,-6.203207,0.475335,11217.732244,0.385935,-6.138609,0.475621,-2.181223,4.696917,-3.916461,1.337574,0.404393,0.00042,0.338706,0.000584,0.472787,0.000774,0,7.374946,47.518138,0.003069,11.1,178.4,2455073.8382,14.057894,14.058059,0.232,-9999999,0.229836,0.521274,0.856396,0.259408,0.978567,0.5,140.0004,-2.191458,4.675882,2009-08-30T08:01:45.212,-9999999,G2,183.C-0972(A),Udry,-9999999,HARPS_ech_obs_all,HARPS_ech_obs_thosimult,STAR_WAVE_G1,9.35986531131853E-06,5.18773500870474E-07,0,0,0
HD16417,39.245825,-34.577955,2455073.8401672,-1.334636,0.956154,11216.039001,1.037836,-7.626974,0.425224,11216.524547,0.3457,-7.580593,0.425421,-5.092414,3.714588,-3.721603,1.055798,0.404593,0.000369,0.339561,0.000517,0.471652,0.000683,0,7.378378,47.512159,0.005011,11.1,201.4,2455073.84017,14.053332,14.053506,0.261,-9999999,0.229836,0.520642,0.856397,0.25571,0.978567,0.49,139.9996,-5.104861,3.681916,2009-08-30T08:04:36.531,-9999999,G2,183.C-0972(A),Udry,-9999999,HARPS_ech_obs_all,HARPS_ech_obs_thosimult,STAR_WAVE_G1,8.94621459201415E-06,4.23373980812018E-07,0,0,0
HD16417,39.245825,-34.577955,2455073.8421564,-1.100038,0.958656,11216.009476,1.039305,-7.393015,0.430818,11216.491283,0.350083,-7.33146,0.431007,2.410013,4.476272,-2.608199,1.150163,0.404346,0.000371,0.33806,0.00052,0.471858,0.000689,0,7.377872,47.509497,0.004368,11.1,199.7,2455073.84214,14.048708,14.048893,-0.113,-9999999,0.229836,0.520002,0.856398,0.251971,0.978568,0.49,140.0002,2.403331,4.448226,2009-08-30T08:07:28.391,-9999999,G2,183.C-0972(A),Udry,-9999999,HARPS_ech_obs_all,HARPS_ech_obs_thosimult,STAR_WAVE_G1,8.95696867227369E-06,4.04743664589801E-07,0,0,0
HD16417,39.245825,-34.577955,2455073.8441617,-0.791732,0.97508,11216.097192,1.050107,-7.085354,0.466222,11216.575229,0.380955,-7.069589,0.46636,0.128873,4.365406,-0.564352,0.927114,0.402858,0.000401,0.337661,0.000564,0.472182,0.000748,0,7.377435,47.497988,0.005254,11.1,184,2455073.84416,14.044039,14.044214,-0.065,-9999999,0.229836,0.519357,0.856398,0.248201,0.978569,0.5,140.0002,0.11796,4.339566,2009-08-30T08:10:20.239,-9999999,G2,183.C-0972(A),Udry,-9999999,HARPS_ech_obs_all,HARPS_ech_obs_thosimult,STAR_WAVE_G1,9.31943367872022E-06,3.90765521379622E-07,0,0,0
HD16417,39.245825,-34.577955,2455075.7818653,-0.506469,0.766113,11216.204964,0.804764,-4.986978,0.563538,11218.295919,0.457639,-4.91981,0.563632,-9.61317,4.297152,2.932988,1.375678,0.404054,0.000488,0.347903,0.000689,0.483297,0.00091,0,7.381992,47.491317,0.004595,11.1,151.6,2455075.78186,13.673756,13.673926,-0.766,-9999999,0.230046,2.33247,0.518994,1.860909,0.661976,0.52,149.9992,-9.629012,4.27541,2009-09-01T06:40:22.151,-9999999,G2,183.C-0972(A),Udry,-9999999,HARPS_ech_obs_all,HARPS_ech_obs_thosimult,STAR_WAVE_G1,8.34131134296167E-06,5.05674384866275E-07,0,0,0
HD16417,39.245825,-34.577955,2455075.7839469,-2.8801,0.755441,11214.192236,0.79879,-7.361278,0.54894,11216.279278,0.447049,-7.285139,0.54909,-0.773582,4.991707,-0.165714,1.219415,0.403087,0.000477,0.3465,0.000672,0.482223,0.000889,0,7.382731,47.506989,0.00576,11.1,155.1,2455075.78394,13.66938,13.669582,-0.286,-9999999,0.230046,2.331801,0.518995,1.856996,0.661976,0.51,149.9992,-0.784877,4.967578,2009-09-01T06:43:23.490,-9999999,G2,183.C-0972(A),Udry,-9999999,HARPS_ech_obs_all,HARPS_ech_obs_thosimult,STAR_WAVE_G1,6.8382109429075E-06,5.67183277446579E-07,0,0,0
HD16417,39.245825,-34.577955,2455075.7860322,-2.060428,0.781654,11215.640466,0.814863,-6.542277,0.584488,11217.723587,0.475172,-6.48322,0.584777,-7.052112,5.504058,-2.455336,1.495115,0.405045,0.00051,0.346952,0.000717,0.482477,0.000949,0,7.38233,47.511084,0.003542,11.1,145.6,2455075.78603,13.66497,13.665161,0.511,-9999999,0.230046,2.331131,0.518995,1.853075,0.661977,0.5,149.9991,-7.06437,5.486467,2009-09-01T06:46:25.151,-9999999,G2,183.C-0972(A),Udry,-9999999,HARPS_ech_obs_all,HARPS_ech_obs_thosimult,STAR_WAVE_G1,8.22180784121517E-06,5.80146459253506E-07,0,0,0
HD16417,39.245825,-34.577955,2455075.7881015,0.134645,0.767009,11217.525793,0.805084,-4.347869,0.564753,11219.605024,0.458198,-4.324064,0.564855,0.701533,4.768351,3.376941,1.433477,0.404079,0.00049,0.346554,0.000689,0.4809,0.00091,0,7.382912,47.478853,0.003967,11.1,151.2,2455075.78809,13.660566,13.660766,-0.061,-9999999,0.230046,2.330465,0.518996,1.849185,0.661978,0.48,149.9998,0.684433,4.754533,2009-09-01T06:49:26.930,-9999999,G2,183.C-0972(A),Udry,-9999999,HARPS_ech_obs_all,HARPS_ech_obs_thosimult,STAR_WAVE_G1,6.62023807730817E-06,4.41867416557794E-07,0,0,0
HD16417,39.245825,-34.577955,2455077.8760687,2.913416,0.966899,11220.382248,1.044857,-3.270145,0.448834,11220.879268,0.366199,-3.195561,0.449077,-3.181491,4.071716,-4.957961,1.157239,0.404574,0.000405,0.34463,0.000558,0.482472,0.000742,0,7.379423,47.513635,0.004173,11.1,186.2,2455077.87606,12.932996,12.933189,0.416,-9999999,0.230272,0.629419,0.856412,0.266748,0.978583,0.55,170.0007,-3.189464,4.061353,2009-09-03T08:55:37.827,-9999999,G2,183.C-0972(A),Udry,-9999999,HARPS_ech_obs_all,HARPS_ech_obs_thosimult,STAR_WAVE_G1,1.00612845969452E-05,3.79943696006565E-07,0,0,0
HD16417,39.245825,-34.577955,2455077.8782852,5.263234,0.991892,11222.548792,1.060199,-0.921039,0.500407,11223.041645,0.407915,-0.834043,0.500694,-4.602948,4.345012,-3.881802,1.219953,0.405297,0.000451,0.344635,0.000622,0.48338,0.000827,0,7.377149,47.513003,0.003366,11.1,167.3,2455077.87828,12.927782,12.928002,0.334,-9999999,0.230272,0.628706,0.856413,0.262581,0.978584,0.49,170.0016,-4.614577,4.343693,2009-09-03T08:58:59.528,-9999999,G2,183.C-0972(A),Udry,-9999999,HARPS_ech_obs_all,HARPS_ech_obs_thosimult,STAR_WAVE_G1,8.65217113464284E-06,5.00642001298912E-07,0,0,0
HD16417,39.245825,-34.577955,2455077.8806203,1.252375,0.952852,11218.804329,1.036248,-4.932649,0.41771,11219.292792,0.340852,-4.891486,0.418024,-4.42298,3.746544,-3.916204,0.973956,0.404475,0.000377,0.345016,0.00052,0.484236,0.000692,0,7.375097,47.511541,0.002109,11.1,200.1,2455077.88061,12.922299,12.9225,0.62,-9999999,0.230272,0.627955,0.856414,0.258191,0.978586,0.49,170.0005,-4.43623,3.727951,2009-09-03T09:02:21.269,-9999999,G2,183.C-0972(A),Udry,-9999999,HARPS_ech_obs_all,HARPS_ech_obs_thosimult,STAR_WAVE_G1,8.13012157888155E-06,3.96713895555045E-07,0,0,0
HD16417,39.245825,-34.577955,2455077.8829326,-1.143573,0.981799,11216.127533,1.054337,-7.32934,0.480087,11216.61165,0.392422,-7.277103,0.480362,3.904583,4.836592,-3.175678,1.638837,0.404618,0.000435,0.343984,0.000599,0.484804,0.000798,0,7.375753,47.514289,0.006672,11.1,173.7,2455077.88293,12.91688,12.917088,0.18,-9999999,0.230272,0.627212,0.856415,0.253845,0.978587,0.48,169.9997,3.894722,4.81293,2009-09-03T09:05:42.751,-9999999,G2,183.C-0972(A),Udry,-9999999,HARPS_ech_obs_all,HARPS_ech_obs_thosimult,STAR_WAVE_G1,9.19992807780822E-06,4.34848424470817E-07,0,0,0
HD16417,39.245825,-34.577955,2455077.8853688,2.142529,1.002592,11220.271768,1.067016,-4.044022,0.52129,11220.751306,0.42531,-3.994114,0.521493,2.54347,4.124646,-3.776606,1.29327,0.404034,0.000468,0.344892,0.000648,0.483104,0.000861,0,7.377246,47.522108,0.006615,11.1,160.7,2455077.88536,12.911183,12.911393,0.188,-9999999,0.230273,0.626429,0.856416,0.249265,0.978588,0.53,169.9994,2.530174,4.111747,2009-09-03T09:09:04.722,-9999999,G2,183.C-0972(A),Udry,-9999999,HARPS_ech_obs_all,HARPS_ech_obs_thosimult,STAR_WAVE_G1,9.45908637869928E-06,4.7894315032254E-07,0,0,0
HD16417,39.245825,-34.577955,2455095.838935,4.776868,0.758831,11222.006126,0.798216,-1.610379,0.486882,11222.848826,0.394012,-1.544631,0.487092,5.751208,5.378741,-4.871455,1.301383,0.405424,0.000428,0.344417,0.000601,0.481313,0.000788,0,7.375633,47.519134,0.004809,11.1,175.2,2455095.83892,7.648811,7.649055,0,-9999999,0.232211,0.425732,0.58204,0.610489,0.694193,0.5,105.1999,5.743386,5.374268,2009-09-21T08:01:56.349,-9999999,G2,183.C-0972(A),Udry,-9999999,HARPS_ech_obs_all,HARPS_ech_obs_thosimult,STAR_WAVE_G1,6.86464539329008E-06,5.13885276735646E-07,0,0,0
HD16417,39.245825,-34.577955,2455098.7174959,1.241661,0.872205,11219.26529,0.993397,-4.947908,0.233313,11219.228244,0.17116,-4.920903,0.233658,5.498342,2.995654,-4.924115,0.614301,0.403702,0.000182,0.343099,0.000257,0.478914,0.000338,128,7.380717,47.534647,0.00477,11.1,405.5,2455098.71749,6.943152,6.943402,1.132,-9999999,0.232521,0.623411,0.840421,-0.269567,0.978541,0.51,449.9989,5.490354,2.97463,2009-09-24T05:04:01.099,-9999999,G2,183.C-0972(A),Udry,-9999999,HARPS_ech_obs_all,HARPS_ech_obs_thosimult,STAR_WAVE_G1,8.44656121571008E-06,2.44872573486412E-07,0,0,0
HD16417,39.245825,-34.577955,2455098.722981,-0.011654,0.873361,11218.057265,0.994499,-6.202986,0.237597,11218.009909,0.177443,-6.17022,0.23797,3.428609,2.989572,-4.776621,0.699731,0.403214,0.000188,0.343838,0.000267,0.480307,0.00035,0,7.381223,47.527635,0.004556,11.1,391.7,2455098.72298,6.931233,6.931487,1.355,-9999999,0.232522,0.621647,0.840421,-0.279878,0.978541,0.49,449.9991,3.427422,2.961449,2009-09-24T05:12:04.005,-9999999,G2,183.C-0972(A),Udry,-9999999,HARPS_ech_obs_all,HARPS_ech_obs_thosimult,STAR_WAVE_G1,8.34065398064865E-06,2.4543388476019E-07,0,0,0
HD16417,39.245825,-34.577955,2455103.7752679,-3.249565,0.783182,11214.556267,0.712658,-11.016992,0.392107,11213.319173,0.319912,-10.964933,0.392299,-4.714524,3.585345,2.361668,0.969848,0.403949,0.000335,0.344522,0.000477,0.479486,0.000623,0,7.385635,47.492517,0.00217,11.1,219.6,2455103.77526,5.117221,5.117481,1.418,-9999999,0.233067,-0.954447,0.677958,-1.470161,0.636818,0.49,449.999,-4.744616,3.53881,2009-09-29T06:27:12.951,-9999999,G2,183.C-0972(A),Udry,-9999999,HARPS_ech_obs_all,HARPS_ech_obs_thosimult,STAR_WAVE_G1,8.39358428505004E-06,4.22976965634558E-07,0,0,0
HD16417,39.245825,-34.577955,2455103.7809049,-2.679302,0.791917,11214.88791,0.718889,-10.448541,0.409272,11213.64022,0.33356,-10.420021,0.409435,3.026856,4.501565,0.262363,0.975262,0.404302,0.000351,0.343346,0.000497,0.478714,0.000651,0,7.382901,47.504936,0.004984,11.1,210.1,2455103.7809,5.103455,5.1037,0.985,-9999999,0.233068,-0.95626,0.677959,-1.480758,0.63682,0.5,449.9991,2.992688,4.465266,2009-09-29T06:35:15.476,-9999999,G2,183.C-0972(A),Udry,-9999999,HARPS_ech_obs_all,HARPS_ech_obs_thosimult,STAR_WAVE_G1,7.70980697413537E-06,4.02158767714863E-07,0,0,0
HD16417,39.245825,-34.577955,2455108.7660408,-2.235772,0.913302,11214.554784,1.010701,-9.522027,0.317393,11214.578613,0.252911,-9.516661,0.317828,8.709579,3.076823,-14.927553,0.744193,0.402717,0.000279,0.343712,0.000391,0.481157,0.000513,0,7.368398,47.566741,0.002772,11.1,268.5,2455108.76604,3.409541,3.409791,0,-9999999,0.233606,-0.473276,0.856377,-0.209777,0.978546,0.53,449.9993,8.687354,3.023321,2009-10-04T06:13:31.618,-9999999,G2,183.C-0972(A),Udry,-9999999,HARPS_ech_obs_all,HARPS_ech_obs_thosimult,STAR_WAVE_G1,8.68567063693071E-06,3.35211971064318E-07,0,0,0
HD16417,39.245825,-34.577955,2455108.7718635,-3.017214,0.912166,11214.199841,1.010083,-10.305341,0.314105,11214.212725,0.250425,-10.279811,0.314584,2.345349,2.92751,-15.161306,0.805446,0.402984,0.000279,0.343547,0.000388,0.48151,0.00051,0,7.370614,47.568204,0.00383,11.1,270,2455108.77186,3.39527,3.39553,0.216,-9999999,0.233607,-0.475148,0.856378,-0.220723,0.978547,0.48,449.9995,2.328007,2.87226,2009-10-04T06:22:17.197,-9999999,G2,183.C-0972(A),Udry,-9999999,HARPS_ech_obs_all,HARPS_ech_obs_thosimult,STAR_WAVE_G1,8.47112809770557E-06,3.42385750724141E-07,0,0,0
HD16417,39.245825,-34.577955,2455110.7339369,-1.038959,0.90142,11216.425283,1.002805,-8.313408,0.281395,11216.553259,0.219258,-8.262482,0.282059,4.433455,3.434349,-14.441414,0.655008,0.40485,0.00024,0.342434,0.000336,0.481358,0.000442,0,7.371502,47.555082,0.006831,11.1,311.8,2455110.73393,2.78696,2.787235,1.552,-9999999,0.233819,-0.461469,0.856373,-0.105843,0.978542,0.51,449.9996,4.426331,3.403319,2009-10-06T05:27:25.111,-9999999,G2,183.C-0972(A),Udry,-9999999,HARPS_ech_obs_all,HARPS_ech_obs_thosimult,STAR_WAVE_G1,8.39075319505781E-06,2.56239716950372E-07,0,0,0
HD16417,39.245825,-34.577955,2455110.7394644,-0.919768,0.906663,11216.28498,1.006283,-8.195994,0.297762,11216.402565,0.234649,-8.148704,0.298372,9.134702,3.273336,-14.303412,0.665637,0.403903,0.000257,0.342985,0.00036,0.480816,0.000473,0,7.371767,47.555815,0.005194,11.1,291.3,2455110.73946,2.773619,2.773865,1.434,-9999999,0.233819,-0.463246,0.856374,-0.116234,0.978542,0.5,450.0002,9.121368,3.241531,2009-10-06T05:35:27.177,-9999999,G2,183.C-0972(A),Udry,-9999999,HARPS_ech_obs_all,HARPS_ech_obs_thosimult,STAR_WAVE_G1,8.93192579713179E-06,3.10112124083734E-07,0,0,0
HD16417,39.245825,-34.577955,2455112.7562164,3.218146,0.907883,11220.243865,1.007337,-4.232586,0.301449,11220.314877,0.239122,-4.205727,0.302006,4.857223,3.151607,-8.599225,0.666727,0.405295,0.000257,0.341812,0.00036,0.48034,0.000474,0,7.374712,47.534173,0.004905,11.1,290.5,2455112.75621,2.027242,2.027491,0.098,-9999999,0.234037,-0.637752,0.856376,-0.163025,0.978545,0.53,449.9991,4.854654,3.131541,2009-10-08T05:59:19.681,-9999999,G2,183.C-0972(A),Udry,-9999999,HARPS_ech_obs_all,HARPS_ech_obs_thosimult,STAR_WAVE_G1,7.95232377328946E-06,3.31001159234534E-07,0,0,0
HD16417,39.245825,-34.577955,2455112.7619565,1.46763,0.896997,11218.414126,1.000705,-5.984947,0.266877,11218.474348,0.209424,-5.940444,0.267323,8.635455,3.374412,-8.848427,0.646419,0.404087,0.000225,0.342359,0.000315,0.479774,0.000414,0,7.376674,47.53347,0.004395,11.1,332,2455112.76196,2.013144,2.0134,0.242,-9999999,0.234038,-0.639598,0.856377,-0.173816,0.978546,0.56,450.0005,8.633002,3.346856,2009-10-08T06:07:22.117,-9999999,G2,183.C-0972(A),Udry,-9999999,HARPS_ech_obs_all,HARPS_ech_obs_thosimult,STAR_WAVE_G1,8.24269857170263E-06,3.21042502882007E-07,0,0,0
HD16417,39.245825,-34.577955,2455115.7378156,1.681356,0.926858,11218.446573,1.020016,-5.491258,0.354528,11219.079838,0.287903,-5.473323,0.354702,6.279795,2.978544,-4.231735,0.747361,0.404012,0.000302,0.344464,0.000431,0.469975,0.000565,0,7.379526,47.518648,0.003458,11.1,243.3,2455115.73781,1.005289,1.005547,0.64,-9999999,0.234359,-0.359635,0.856374,0.398906,0.978542,0.51,450.0002,6.274768,2.954494,2009-10-11T05:32:57.562,-9999999,G2,183.C-0972(A),Udry,-9999999,HARPS_ech_obs_all,HARPS_ech_obs_thosimult,STAR_WAVE_G1,6.66420456238999E-06,3.45690385665533E-07,0,0,0
HD16417,39.245825,-34.577955,2455115.7434534,3.346723,0.932382,11220.052652,1.023044,-3.827704,0.368727,11220.675319,0.29845,-3.800647,0.368931,5.537307,3.389914,-2.262893,0.805494,0.405132,0.000314,0.344865,0.000447,0.469652,0.000585,0,7.381463,47.511741,0.005401,11.1,235,2455115.74345,0.991464,0.991733,0.503,-9999999,0.234359,-0.361447,0.856374,0.388308,0.978543,0.52,450.0007,5.544739,3.37661,2009-10-11T05:41:00.168,-9999999,G2,183.C-0972(A),Udry,-9999999,HARPS_ech_obs_all,HARPS_ech_obs_thosimult,STAR_WAVE_G1,8.18479946785327E-06,3.77263975502317E-07,0,0,0
HD16417,39.245825,-34.577955,2455123.7492037,-1.592505,0.895697,11215.876653,0.991926,-8.984963,0.26248,11215.481029,0.206577,-8.959601,0.262857,-1.566742,2.903445,-4.4105,0.690335,0.404154,0.000221,0.341724,0.00031,0.476816,0.000406,0,7.378659,47.514294,0.006996,11.1,337.8,2455123.7492,-1.902846,-1.902588,0.163,-9999999,0.235224,-0.579479,0.856375,-0.630848,0.970177,0.52,449.9995,-1.585053,2.850226,2009-10-19T05:49:18.026,-9999999,G2,183.C-0972(A),Udry,-9999999,HARPS_ech_obs_all,HARPS_ech_obs_thosimult,STAR_WAVE_G1,8.82823538031485E-06,3.03346542289336E-07,0,0,0
HD16417,39.245825,-34.577955,2455123.7546841,1.780483,0.897006,11219.074042,0.992462,-5.613737,0.266908,11218.668115,0.209133,-5.57493,0.267407,-1.124675,2.858871,-5.000256,0.651491,0.403871,0.000225,0.341556,0.000315,0.47698,0.000413,0,7.378955,47.509477,0.005626,11.1,332.5,2455123.75468,-1.916258,-1.915978,0.887,-9999999,0.235224,-0.581241,0.856376,-0.641151,0.970178,0.5,449.9991,-1.145474,2.830528,2009-10-19T05:57:20.541,-9999999,G2,183.C-0972(A),Udry,-9999999,HARPS_ech_obs_all,HARPS_ech_obs_thosimult,STAR_WAVE_G1,8.81446654652375E-06,3.38472986225576E-07,0,0,0
HD16417,39.245825,-34.577955,2455125.791123,0.817993,0.918731,11217.539213,1.014574,-6.615222,0.332679,11217.677164,0.267949,-6.560284,0.333121,0.171839,3.388866,-10.11068,0.744025,0.403222,0.000297,0.341374,0.000413,0.477707,0.000542,0,7.37343,47.535381,0.004812,11.1,254,2455125.79112,-2.722581,-2.722316,0,-9999999,0.235444,-0.620236,0.856382,-0.097493,0.978552,0.51,299.9994,0.159318,3.354927,2009-10-21T06:51:02.172,-9999999,G2,183.C-0972(A),Udry,-9999999,HARPS_ech_obs_all,HARPS_ech_obs_thosimult,STAR_WAVE_G1,8.3835934047071E-06,3.08741143265932E-07,0,0,0
HD16417,39.245825,-34.577955,2455125.7948942,0.077133,0.915811,11216.797101,1.012797,-7.357295,0.324527,11216.927963,0.261137,-7.365256,0.324947,2.809619,3.396727,-7.245256,0.744966,0.403433,0.000287,0.341657,0.0004,0.477588,0.000525,0,7.375352,47.520015,0.003811,11.1,262,2455125.79488,-2.731186,-2.730902,1.505,-9999999,0.235444,-0.621448,0.856383,-0.104582,0.978553,0.49,300.0004,2.794724,3.368548,2009-10-21T06:56:34.000,-9999999,G2,183.C-0972(A),Udry,-9999999,HARPS_ech_obs_all,HARPS_ech_obs_thosimult,STAR_WAVE_G1,9.18643079078822E-06,3.40380479735708E-07,0,0,0
HD16417,39.245825,-34.577955,2455125.7987728,-0.000716,0.918246,11216.811273,1.014065,-7.436391,0.331334,11216.934845,0.266008,-7.39886,0.331708,-3.125982,3.407524,-9.27749,0.703517,0.403549,0.000293,0.341296,0.000408,0.476771,0.000535,0,7.376129,47.535713,0.006399,11.1,256.9,2455125.79877,-2.739955,-2.739696,1.646,-9999999,0.235445,-0.622695,0.856384,-0.111873,0.978554,0.5,300.0002,-3.131644,3.378019,2009-10-21T07:02:06.118,-9999999,G2,183.C-0972(A),Udry,-9999999,HARPS_ech_obs_all,HARPS_ech_obs_thosimult,STAR_WAVE_G1,8.67369589288893E-06,3.58483947397309E-07,0,0,0
HD16417,39.245825,-34.577955,2455127.8285303,3.166505,0.897658,11220.294037,1.000381,-4.344313,0.269036,11220.386993,0.207789,-4.296479,0.269723,-0.210939,2.608409,-10.637432,0.723325,0.403822,0.000225,0.338188,0.000313,0.47523,0.000412,0,7.374225,47.531548,0.005177,11.1,334.2,2455127.82852,-3.518568,-3.518288,0.308,-9999999,0.235664,-0.697839,0.856393,-0.142708,0.978563,0.51,299.9993,-0.213915,2.583649,2009-10-23T07:44:55.889,-9999999,G2,183.C-0972(A),Udry,-9999999,HARPS_ech_obs_all,HARPS_ech_obs_thosimult,STAR_WAVE_G1,8.15338433485365E-06,2.69654946772251E-07,0,0,0
HD16417,39.245825,-34.577955,2455127.8323044,3.993525,0.900794,11221.001251,1.002208,-3.518507,0.279317,11221.087112,0.216406,-3.516691,0.279846,2.836374,2.88153,-8.913341,0.638757,0.404824,0.000233,0.338133,0.000324,0.474567,0.000427,0,7.376453,47.525879,0.003704,11.1,322,2455127.83229,-3.526051,-3.525771,1.479,-9999999,0.235664,-0.699052,0.856394,-0.149803,0.978565,0.49,299.9994,2.832551,2.871325,2009-10-23T07:50:27.977,-9999999,G2,183.C-0972(A),Udry,-9999999,HARPS_ech_obs_all,HARPS_ech_obs_thosimult,STAR_WAVE_G1,7.98836652423694E-06,2.56708803403305E-07,0,0,0
HD16417,39.245825,-34.577955,2455127.8362178,1.537363,0.900751,11218.595125,1.0025,-5.975927,0.279174,11218.67363,0.217749,-5.905301,0.279678,-0.096019,2.755225,-8.144941,0.717041,0.404716,0.000235,0.337884,0.000326,0.47409,0.000429,0,7.378159,47.525287,0.00547,11.1,319.9,2455127.83622,-3.533681,-3.533422,0.395,-9999999,0.235665,-0.700311,0.856396,-0.15716,0.978566,0.51,299.9998,-0.103884,2.723401,2009-10-23T07:56:00.096,-9999999,G2,183.C-0972(A),Udry,-9999999,HARPS_ech_obs_all,HARPS_ech_obs_thosimult,STAR_WAVE_G1,8.86090464870255E-06,3.24670036734939E-07,0,0,0
HD16417,39.245825,-34.577955,2455129.7227123,5.485041,0.537175,11222.068953,0.652786,-2.370426,0.271835,11222.267445,0.213787,-2.341047,0.272333,8.48014,2.704829,-6.59816,0.755188,0.40267,0.000226,0.348906,0.000319,0.47612,0.000418,0,7.378787,47.524104,0.0031,11.1,328.3,2455129.72271,-3.988077,-3.987814,0.387,-9999999,0.235868,-1.042487,0.463317,-0.037376,0.616786,0.49,299.999,8.480956,2.695227,2009-10-25T05:12:41.206,-9999999,G2,183.C-0972(A),Udry,-9999999,HARPS_ech_obs_all,HARPS_ech_obs_thosimult,STAR_WAVE_G1,8.58082552565137E-06,3.31072522458299E-07,0,0,0
HD16417,39.245825,-34.577955,2455129.7265867,6.524386,0.53446,11223.17398,0.651284,-1.332326,0.266429,11223.36519,0.209154,-1.289753,0.266885,4.999768,2.861565,-6.378949,0.688395,0.403193,0.000223,0.349339,0.000313,0.476128,0.00041,0,7.37874,47.521988,0.00503,11.1,334.6,2455129.72658,-3.997588,-3.997306,0.714,-9999999,0.235869,-1.043733,0.463317,-0.044659,0.616786,0.5,300.0001,5.010229,2.85993,2009-10-25T05:18:12.955,-9999999,G2,183.C-0972(A),Udry,-9999999,HARPS_ech_obs_all,HARPS_ech_obs_thosimult,STAR_WAVE_G1,9.16267678668085E-06,3.06351276873545E-07,0,0,0
HD16417,39.245825,-34.577955,2455129.7304302,3.535301,0.539012,11220.04084,0.653453,-4.322647,0.275447,11220.224824,0.215812,-4.29919,0.275865,7.650246,2.57934,-4.993198,0.603905,0.402874,0.000231,0.349577,0.000324,0.476198,0.000425,0,7.379274,47.513696,0.00459,11.1,323.1,2455129.73043,-4.00701,-4.006756,0.63,-9999999,0.235869,-1.044969,0.463318,-0.051885,0.616787,0.5,299.9996,7.645205,2.562304,2009-10-25T05:23:45.042,-9999999,G2,183.C-0972(A),Udry,-9999999,HARPS_ech_obs_all,HARPS_ech_obs_thosimult,STAR_WAVE_G1,8.28905339829124E-06,2.61671351474895E-07,0,0,0
HD16417,39.245825,-34.577955,2455132.7445472,5.979144,0.906676,11222.858147,1.006524,-1.339801,0.297799,11223.105933,0.235679,-1.336559,0.298155,3.738675,3.100607,-6.275213,0.779283,0.403006,0.000255,0.338158,0.000355,0.473962,0.000466,0,7.381241,47.525725,0.004472,11.1,294.5,2455132.74454,-5.101177,-5.100904,0,-9999999,0.236195,-0.505966,0.856374,0.011591,0.978543,0.5,305.4076,3.759253,3.096131,2009-10-28T05:44:05.958,-9999999,G2,183.C-0972(A),Udry,-9999999,HARPS_ech_obs_all,HARPS_ech_obs_thosimult,STAR_WAVE_G1,8.11142198699742E-06,2.81368811059253E-07,0,0,0
HD16417,39.245825,-34.577955,2455132.751166,3.066813,0.904259,11220.035971,1.004879,-4.25426,0.290354,11220.271315,0.228547,-4.20889,0.290828,0.774695,3.629328,-7.929239,0.633277,0.403774,0.00025,0.338324,0.000346,0.474745,0.000456,0,7.379728,47.529901,0.005311,11.1,301.6,2455132.75116,-5.116974,-5.116715,0.161,-9999999,0.236195,-0.508094,0.856375,-0.000851,0.978544,0.5,299.9997,0.791991,3.613751,2009-10-28T05:53:40.529,-9999999,G2,183.C-0972(A),Udry,-9999999,HARPS_ech_obs_all,HARPS_ech_obs_thosimult,STAR_WAVE_G1,7.59774977193492E-06,2.78265564226282E-07,0,0,0
HD16417,39.245825,-34.577955,2455132.7550013,5.220894,0.902321,11222.333823,1.003506,-2.101412,0.284261,11222.561958,0.222428,-2.070415,0.284719,1.320577,2.846918,-9.138317,0.807985,0.40393,0.000247,0.338712,0.00034,0.474899,0.000447,0,7.378402,47.539646,0.003474,11.1,307.5,2455132.75499,-5.126058,-5.12579,0.277,-9999999,0.236196,-0.509327,0.856376,-0.008061,0.978544,0.5,299.9989,1.334524,2.839587,2009-10-28T05:59:11.907,-9999999,G2,183.C-0972(A),Udry,-9999999,HARPS_ech_obs_all,HARPS_ech_obs_thosimult,STAR_WAVE_G1,8.69164604931603E-06,2.50539664394377E-07,0,0,0
HD16417,39.245825,-34.577955,2455132.7587506,2.470553,0.902945,11219.443222,1.004153,-4.852959,0.286232,11219.664308,0.22533,-4.80635,0.286651,-0.485696,2.950632,-8.760682,0.662446,0.403496,0.000249,0.338282,0.000344,0.475149,0.000453,0,7.37843,47.533944,0.006052,11.1,303.9,2455132.75874,-5.134882,-5.134596,-0.338,-9999999,0.236196,-0.510532,0.856376,-0.01511,0.978545,0.49,289.1445,-0.467635,2.925602,2009-10-28T06:04:44.176,-9999999,G2,183.C-0972(A),Udry,-9999999,HARPS_ech_obs_all,HARPS_ech_obs_thosimult,STAR_WAVE_G1,7.95933692689351E-06,2.78412784762595E-07,0,0,0
HD16417,39.245825,-34.577955,2455134.8145991,2.308593,0.901564,11219.376105,0.937671,-4.922865,0.28181,11219.561562,0.219828,-4.873379,0.282168,5.494265,3.101855,-6.131066,0.667223,0.403832,0.00023,0.340451,0.000324,0.476055,0.000425,0,7.380146,47.521077,0.002547,11.1,322.6,2455134.8146,-5.953597,-5.953343,0.132,-9999999,0.236418,-0.418478,0.856389,-0.050961,0.911538,0.46,449.999,5.509978,3.080836,2009-10-30T07:24:07.356,-9999999,G2,183.C-0972(A),Udry,-9999999,HARPS_ech_obs_all,HARPS_ech_obs_thosimult,STAR_WAVE_G1,8.43610379224007E-06,2.46436972989614E-07,0,0,0
HD16417,39.245825,-34.577955,2455134.8205407,-0.691255,0.902142,11216.059188,0.937883,-7.924623,0.283647,11216.233476,0.220725,-7.892921,0.283926,1.544123,3.266121,-7.378944,0.632546,0.404057,0.000231,0.341074,0.000325,0.475335,0.000426,0,7.381109,47.528851,0.00324,11.1,321.3,2455134.82053,-5.964992,-5.964724,0.413,-9999999,0.236419,-0.420389,0.85639,-0.062131,0.91154,0.53,450.0001,1.560321,3.232322,2009-10-30T07:32:09.222,-9999999,G2,183.C-0972(A),Udry,-9999999,HARPS_ech_obs_all,HARPS_ech_obs_thosimult,STAR_WAVE_G1,8.59814051644323E-06,3.12216275875896E-07,0,0,0
HD16417,39.245825,-34.577955,2455136.743925,-3.220197,0.919859,11213.503003,1.01493,-10.44221,0.335804,11213.811416,0.269326,-10.445018,0.336159,4.745586,3.936266,-5.687911,0.849178,0.402987,0.000294,0.346358,0.000408,0.473084,0.000535,0,7.380287,47.518743,0.003237,11.1,256.5,2455136.74392,-6.491008,-6.490754,-0.69,-9999999,0.236626,-0.409034,0.856374,0.071787,0.978543,0.65,449.9991,4.746944,3.89258,2009-11-01T05:40:58.985,-9999999,G2,183.C-0972(A),Udry,-9999999,HARPS_ech_obs_all,HARPS_ech_obs_thosimult,STAR_WAVE_G1,8.88025222127463E-06,3.90436946124205E-07,0,0,0
HD16417,39.245825,-34.577955,2455136.7486727,-4.73656,1.055603,11212.373434,1.099109,-11.9601,0.617187,11212.672923,0.500492,-11.945657,0.617607,2.587769,4.908988,-3.90967,1.453471,0.402509,0.000556,0.34804,0.000776,0.473252,0.001015,0,7.377398,47.509377,0.003014,11.1,136.2,2455136.74866,-6.502143,-6.50188,-0.098,-9999999,0.236627,-0.41056,0.856375,0.062862,0.978543,0.49,449.9998,2.590923,4.875252,2009-11-01T05:49:01.191,-9999999,G2,183.C-0972(A),Udry,-9999999,HARPS_ech_obs_all,HARPS_ech_obs_thosimult,STAR_WAVE_G1,8.26657332028802E-06,5.74038622230521E-07,0,0,0
HD16417,39.245825,-34.577955,2455139.5978844,-0.325726,0.689912,11216.651428,0.755986,-6.822173,0.341168,11217.824278,0.271197,-6.863395,0.341468,-7.448682,3.081951,-2.071274,0.855399,0.403172,0.000286,0.344148,0.000404,0.472033,0.000531,0,7.38335,47.495614,0.002491,11.1,258.6,2455139.59788,-7.172288,-7.172038,1.474,-9999999,0.236934,0.316532,0.599652,0.935916,0.705668,0.48,449.9994,-7.450856,3.055702,2009-11-04T02:12:03.228,-9999999,G2,183.C-0972(A),Udry,-9999999,HARPS_ech_obs_all,HARPS_ech_obs_thosimult,STAR_WAVE_G1,7.09972800674777E-06,3.57749661356329E-07,0,0,0
HD16417,39.245825,-34.577955,2455139.6036142,-3.519379,0.69183,11213.658025,0.757518,-10.017669,0.345034,11214.820105,0.275444,-9.984147,0.345336,-0.251723,2.963878,-2.627046,0.827646,0.40279,0.000291,0.343584,0.00041,0.472608,0.00054,0,7.382405,47.500465,0.0032,11.1,254.1,2455139.60361,-7.184483,-7.184245,1.481,-9999999,0.236935,0.31469,0.59965,0.925145,0.705666,0.51,449.9997,-0.25449,2.918655,2009-11-04T02:20:04.795,-9999999,G2,183.C-0972(A),Udry,-9999999,HARPS_ech_obs_all,HARPS_ech_obs_thosimult,STAR_WAVE_G1,8.1203606943309E-06,3.43512093615966E-07,0,0,0
HD16417,39.245825,-34.577955,2455142.6703635,0.666428,0.925878,11216.687092,1.005724,-6.395157,0.35196,11218.378425,0.283237,-6.37482,0.352314,1.559884,3.23402,-3.713529,0.745704,0.403241,0.00031,0.338511,0.000432,0.465,0.000569,0,7.378163,47.506119,0.005532,11.1,242.5,2455142.67036,-8.35023,-8.349979,0,-9999999,0.237266,-0.248605,0.856373,1.454067,0.965017,0.51,449.9989,1.547913,3.200486,2009-11-07T03:56:18.891,-9999999,G2,183.C-0972(A),Udry,-9999999,HARPS_ech_obs_all,HARPS_ech_obs_thosimult,STAR_WAVE_G1,8.64309321386001E-06,3.49084375330368E-07,0,0,0
HD16417,39.245825,-34.577955,2455142.675905,-0.149513,0.916158,11215.792602,0.999652,-7.212879,0.325532,11217.473519,0.260858,-7.173312,0.325852,-0.077849,3.107736,-2.76845,0.760315,0.4031,0.000284,0.338392,0.000396,0.465852,0.000522,0,7.378637,47.503538,0.004757,11.1,264.2,2455142.6759,-8.363722,-8.36347,0,-9999999,0.237267,-0.250387,0.856373,1.44365,0.965017,0.5,449.999,-0.083424,3.064881,2009-11-07T04:04:22.188,-9999999,G2,183.C-0972(A),Udry,-9999999,HARPS_ech_obs_all,HARPS_ech_obs_thosimult,STAR_WAVE_G1,8.74758611256065E-06,3.19647512915847E-07,0,0,0
HD16417,39.245825,-34.577955,2455153.6614647,-2.048943,0.862376,11215.728136,1.010396,-8.334854,0.318534,11216.561976,0.251703,-8.273301,0.318915,0.703615,3.526342,-4.282849,0.778946,0.401531,0.000264,0.341239,0.000374,0.477614,0.000492,0,7.38181,47.495757,0.006629,11.1,280.1,2455153.66146,-11.861416,-11.861184,0.558,-9999999,0.238453,0.527068,0.801391,0.595387,0.978542,0.5,299.9993,0.691579,3.48942,2009-11-18T03:45:21.622,-9999999,G2,183.C-0972(A),Udry,-9999999,HARPS_ech_obs_all,HARPS_ech_obs_thosimult,STAR_WAVE_G1,8.8605806850879E-06,3.21290569642293E-07,0,0,0
HD16417,39.245825,-34.577955,2455153.6651767,-0.35175,0.868556,11217.167266,1.014485,-6.638855,0.334906,11217.994128,0.267647,-6.605106,0.335216,-4.106868,3.892884,-3.05282,1.019758,0.401797,0.000283,0.341635,0.0004,0.478141,0.000525,0,7.380982,47.48885,0.004651,11.1,262.4,2455153.66517,-11.870321,-11.8701,0.344,-9999999,0.238453,0.525874,0.801391,0.588409,0.978542,0.46,299.9994,-4.116433,3.864088,2009-11-18T03:50:54.351,-9999999,G2,183.C-0972(A),Udry,-9999999,HARPS_ech_obs_all,HARPS_ech_obs_thosimult,STAR_WAVE_G1,8.97478086352488E-06,3.30981021111367E-07,0,0,0
HD16417,39.245825,-34.577955,2455153.6691465,-0.69493,0.883422,11217.262454,1.022935,-6.983311,0.371763,11218.081853,0.298082,-6.939111,0.371964,-6.177024,3.769842,-4.334789,1.201295,0.401945,0.000313,0.341445,0.000443,0.477627,0.000582,0,7.37921,47.498814,0.005192,11.1,236.6,2455153.66914,-11.879826,-11.879606,0.539,-9999999,0.238453,0.524598,0.801391,0.580946,0.978542,0.49,300.0001,-6.186482,3.741187,2009-11-18T03:56:28.359,-9999999,G2,183.C-0972(A),Udry,-9999999,HARPS_ech_obs_all,HARPS_ech_obs_thosimult,STAR_WAVE_G1,8.79489585752732E-06,3.45617984793897E-07,0,0,0
HD16417,39.245825,-34.577955,2455158.6515815,0.822129,0.909862,11217.83594,1.007857,-5.79912,0.307363,11218.755413,0.241306,-5.761186,0.307875,-0.329717,3.199676,-3.491422,0.725702,0.400699,0.000265,0.342163,0.00037,0.478005,0.000486,0,7.381867,47.479085,0.006853,11.1,284.7,2455158.65157,-13.30969,-13.309485,-0.372,-9999999,0.238991,0.19173,0.856375,0.680482,0.978543,0.49,299.9991,-0.355573,3.163722,2009-11-23T03:31:28.790,-9999999,G2,183.C-0972(A),Udry,-9999999,HARPS_ech_obs_all,HARPS_ech_obs_thosimult,STAR_WAVE_G1,9.19677076688481E-06,3.12987943286102E-07,0,0,0
HD16417,39.245825,-34.577955,2455158.6554182,1.139966,0.911792,11218.223697,1.008856,-5.482517,0.313029,11219.135959,0.245447,-5.454719,0.313522,-7.137663,3.116712,-4.263924,0.768697,0.401006,0.00027,0.341902,0.000377,0.478063,0.000496,0,7.37888,47.486269,0.007415,11.1,279.2,2455158.65541,-13.318798,-13.318609,-0.034,-9999999,0.238992,0.190497,0.856374,0.67327,0.978543,0.49,300.0013,-7.160115,3.084345,2009-11-23T03:37:00.288,-9999999,G2,183.C-0972(A),Udry,-9999999,HARPS_ech_obs_all,HARPS_ech_obs_thosimult,STAR_WAVE_G1,9.2969530159422E-06,3.32134201004954E-07,0,0,0
HD16417,39.245825,-34.577955,2455158.6592936,2.06223,0.927033,11218.940738,1.018617,-4.561499,0.354984,11219.845715,0.282906,-4.541137,0.355382,-2.460129,3.590218,-2.64258,1.028501,0.401488,0.000304,0.342718,0.000429,0.477929,0.000562,0,7.381169,47.476895,0.0068,11.1,245.8,2455158.65929,-13.327974,-13.327791,-0.011,-9999999,0.238992,0.189251,0.856374,0.665985,0.978542,0.5,300.0006,-2.485729,3.567004,2009-11-23T03:42:32.146,-9999999,G2,183.C-0972(A),Udry,-9999999,HARPS_ech_obs_all,HARPS_ech_obs_thosimult,STAR_WAVE_G1,9.69005436965942E-06,3.4136470185717E-07,0,0,0
HD16417,39.245825,-34.577955,2455161.6310712,2.969109,0.842719,11220.064214,0.604751,-4.547213,0.332117,11220.157852,0.261594,-4.541787,0.33256,-0.490149,4.020467,-4.451386,0.935542,0.403054,0.000274,0.34349,0.00039,0.477125,0.00051,0,7.378391,47.493814,0.006051,11.1,269.4,2455161.63107,-14.09443,-14.094244,0.228,-9999999,0.239313,-0.703343,0.774515,-0.145675,0.545245,0.48,300.0059,-0.511424,4.003378,2009-11-26T03:02:11.450,-9999999,G2,183.C-0972(A),Udry,-9999999,HARPS_ech_obs_all,HARPS_ech_obs_thosimult,STAR_WAVE_G1,9.30480985512786E-06,2.94552768492104E-07,0,0,0
HD16417,39.245825,-34.577955,2455161.6349802,2.54217,0.851052,11219.794692,0.612633,-4.975409,0.35273,11219.880982,0.279336,-4.928283,0.352999,1.448479,3.579493,-0.391612,0.862097,0.402846,0.000288,0.344145,0.000412,0.47791,0.00054,0,7.380578,47.474635,0.007368,11.1,254.9,2455161.63498,-14.103705,-14.103527,0.526,-9999999,0.239313,-0.7046,0.774514,-0.153023,0.545243,0.5,300.0065,1.419896,3.558894,2009-11-26T03:07:43.198,-9999999,G2,183.C-0972(A),Udry,-9999999,HARPS_ech_obs_all,HARPS_ech_obs_thosimult,STAR_WAVE_G1,9.76200575929606E-06,3.59239603522233E-07,0,0,0
HD16417,39.245825,-34.577955,2455161.6387823,6.151527,0.869028,11222.577597,0.630181,-1.367275,0.394131,11222.65674,0.315974,-1.369125,0.394451,-9.794819,4.140476,-4.066919,1.007575,0.403621,0.000325,0.343404,0.000466,0.477417,0.00061,0,7.377621,47.490703,0.00411,11.1,225.5,2455161.63877,-14.112718,-14.112504,0.709,-9999999,0.239314,-0.705822,0.774513,-0.160171,0.545242,0.49,300.0066,-9.82154,4.137412,2009-11-26T03:13:14.717,-9999999,G2,183.C-0972(A),Udry,-9999999,HARPS_ech_obs_all,HARPS_ech_obs_thosimult,STAR_WAVE_G1,9.72049135604899E-06,4.59427927859102E-07,0,0,0
HD16417,39.245825,-34.577955,2455163.577001,3.789232,0.660898,11220.819522,0.801316,-1.731482,0.334195,11222.783092,0.26396,-1.729191,0.334552,-4.988408,3.192267,-2.640983,0.776165,0.402663,0.000278,0.350954,0.000396,0.478599,0.000519,0,7.380864,47.481138,0.005868,11.1,265.8,2455163.57699,-14.501664,-14.501471,0.208,-9999999,0.239523,1.292266,0.570175,1.724047,0.756593,0.49,300.0061,-5.011079,3.184793,2009-11-28T01:44:24.823,-9999999,G2,183.C-0972(A),Udry,-9999999,HARPS_ech_obs_all,HARPS_ech_obs_thosimult,STAR_WAVE_G1,1.02120020442044E-05,2.93009699388238E-07,0,0,0
HD16417,39.245825,-34.577955,2455163.5808798,2.597395,0.665629,11219.498316,0.804115,-2.924566,0.343459,11221.454594,0.272341,-2.942746,0.343921,-1.269062,2.952109,-4.230873,0.770687,0.402358,0.000286,0.351031,0.000408,0.478802,0.000535,0,7.378219,47.4926,0.005616,11.1,258.1,2455163.58087,-14.510539,-14.510344,0.138,-9999999,0.239523,1.291019,0.570173,1.716755,0.756591,0.5,300.0072,-1.286209,2.937944,2009-11-28T01:49:56.971,-9999999,G2,183.C-0972(A),Udry,-9999999,HARPS_ech_obs_all,HARPS_ech_obs_thosimult,STAR_WAVE_G1,9.47185123639396E-06,3.16892231280159E-07,0,0,0
HD16417,39.245825,-34.577955,2455163.5846867,1.569641,0.674196,11218.53258,0.809235,-3.953544,0.359785,11220.481703,0.287113,-3.916563,0.360151,-4.366076,3.412298,-4.724206,0.89422,0.402308,0.000303,0.351358,0.000431,0.468251,0.000566,0,7.378231,47.492928,0.005134,11.1,244,2455163.58468,-14.519299,-14.519108,0.244,-9999999,0.239524,1.289795,0.570171,1.709599,0.75659,0.49,300.0071,-4.382824,3.39452,2009-11-28T01:55:28.899,-9999999,G2,183.C-0972(A),Udry,-9999999,HARPS_ech_obs_all,HARPS_ech_obs_thosimult,STAR_WAVE_G1,9.41458543109372E-06,3.27643540166537E-07,0,0,0
HD16417,39.245825,-34.577955,2455228.5607845,3.611239,0.967649,11219.770056,1.043507,-3.67872,0.450477,11220.058757,0.362371,-3.695776,0.450756,6.141353,3.785344,4.017847,1.327675,0.398719,0.00038,0.344531,0.000544,0.473441,0.000706,0,7.38212,47.44166,0.006898,11.1,195,2455228.56077,-19.717358,-19.717448,0,-9999999,0.246538,-0.476979,0.856397,0.042163,0.978567,0.49,199.9996,6.13133,3.77059,2010-02-01T01:27:51.922,-9999999,G2,183.C-0972(A),Udry,-9999999,HARPS_ech_obs_all,HARPS_ech_obs_thosimult,STAR_WAVE_G1,9.84474069844015E-06,3.91183546805453E-07,0,0,0
HD16417,39.245825,-34.577955,2455228.5634106,4.08005,0.986475,11220.294185,1.054582,-3.210753,0.489612,11220.577949,0.39313,-3.212836,0.489862,0.153802,4.64844,2.786573,1.468374,0.399307,0.000414,0.344849,0.000592,0.473042,0.000768,0,7.383419,47.447702,0.006542,11.1,179.3,2455228.5634,-19.72102,-19.721118,0.19,-9999999,0.246538,-0.477824,0.856396,0.037226,0.978566,0.46,199.9953,0.139525,4.638796,2010-02-01T01:31:44.836,-9999999,G2,183.C-0972(A),Udry,-9999999,HARPS_ech_obs_all,HARPS_ech_obs_thosimult,STAR_WAVE_G1,8.6110402463675E-06,5.66374774315292E-07,0,0,0
HD16417,39.245825,-34.577955,2455228.5662064,3.720641,0.984502,11220.319228,1.054208,-3.571061,0.485626,11220.597737,0.39213,-3.555816,0.485943,-6.703957,5.075668,2.162346,1.268499,0.39854,0.000412,0.343741,0.000589,0.47243,0.000765,0,7.379402,47.455076,0.002946,11.1,179.9,2455228.5662,-19.724848,-19.724941,0.197,-9999999,0.246538,-0.478723,0.856395,0.031971,0.978565,0.51,200.0015,-6.728823,5.064056,2010-02-01T01:35:36.409,-9999999,G2,183.C-0972(A),Udry,-9999999,HARPS_ech_obs_all,HARPS_ech_obs_thosimult,STAR_WAVE_G1,9.17901701339354E-06,5.30996246275055E-07,0,0,0
HD16417,39.245825,-34.577955,2455228.568896,3.917403,0.96779,11220.716875,1.043218,-3.375164,0.450785,11220.990328,0.361547,-3.388755,0.450981,0.965269,3.804523,2.540517,1.356863,0.398784,0.000378,0.344416,0.000542,0.471779,0.000703,0,7.380004,47.448676,0.006555,11.1,195.6,2455228.56889,-19.72846,-19.728554,0.192,-9999999,0.246539,-0.479587,0.856394,0.026914,0.978564,0.51,199.9995,0.956403,3.79172,2010-02-01T01:39:28.802,-9999999,G2,183.C-0972(A),Udry,-9999999,HARPS_ech_obs_all,HARPS_ech_obs_thosimult,STAR_WAVE_G1,8.93263816829507E-06,5.01067768577102E-07,0,0,0
HD16417,39.245825,-34.577955,2455231.5454385,-0.604269,0.979274,11215.953406,0.750891,-6.610001,0.540838,11217.434413,0.43716,-6.588338,0.541078,6.515936,5.150463,2.392972,1.288722,0.40267,0.000454,0.35199,0.000651,0.465441,0.000851,0,7.380207,47.461871,0.004976,11.1,162,2455231.54543,-19.30959,-19.309708,-0.393,-9999999,0.24686,0.807248,0.816377,1.234147,0.610515,0.5,200.0006,6.496753,5.127262,2010-02-04T01:06:00.630,-9999999,G2,183.C-0972(A),Udry,-9999999,HARPS_ech_obs_all,HARPS_ech_obs_thosimult,STAR_WAVE_G1,9.93156640415191E-06,4.49678966338249E-07,0,0,0
HD16417,39.245825,-34.577955,2455231.5480615,-0.80367,0.97099,11215.732071,0.743534,-6.810245,0.525691,11217.208147,0.424401,-6.807978,0.525965,-10.821015,4.34434,-0.443476,1.313052,0.401469,0.00044,0.352993,0.000632,0.465871,0.000826,0,7.378237,47.466569,0.004009,11.1,167.1,2455231.54806,-19.313366,-19.313497,-0.558,-9999999,0.24686,0.806405,0.816376,1.229216,0.610513,0.47,199.9992,-10.83785,4.316083,2010-02-04T01:09:53.273,-9999999,G2,183.C-0972(A),Udry,-9999999,HARPS_ech_obs_all,HARPS_ech_obs_thosimult,STAR_WAVE_G1,9.96445603012336E-06,4.67527922871251E-07,0,0,0
HD16417,39.245825,-34.577955,2455231.5507673,-1.438817,0.976838,11214.84876,0.749877,-7.446262,0.536419,11216.319749,0.43542,-7.459628,0.536666,2.284506,4.680948,5.021113,1.516638,0.401018,0.000451,0.352653,0.000649,0.466409,0.000848,0,7.385444,47.437403,0.002937,11.1,162.9,2455231.55077,-19.317198,-19.317339,-0.578,-9999999,0.24686,0.805535,0.816375,1.224129,0.610512,0.48,200.0002,2.271798,4.653365,2010-02-04T01:13:45.067,-9999999,G2,183.C-0972(A),Udry,-9999999,HARPS_ech_obs_all,HARPS_ech_obs_thosimult,STAR_WAVE_G1,1.0428389861781E-05,5.21069076995031E-07,0,0,0
HD16417,39.245825,-34.577955,2455231.5534775,-2.201168,0.992392,11213.862434,0.761687,-8.209484,0.564248,11215.328329,0.455461,-8.301335,0.564564,1.090185,4.493167,3.102011,1.450665,0.40111,0.000474,0.351437,0.000681,0.465647,0.00089,0,7.380657,47.448764,0.003991,11.1,155.2,2455231.55347,-19.32097,-19.321097,-0.405,-9999999,0.246861,0.804663,0.816374,1.219034,0.61051,0.49,200.0008,1.071318,4.461631,2010-02-04T01:17:37.240,-9999999,G2,183.C-0972(A),Udry,-9999999,HARPS_ech_obs_all,HARPS_ech_obs_thosimult,STAR_WAVE_G1,9.19225177494354E-06,5.75817199417223E-07,0,0,0
HD16417,39.245825,-34.577955,2455400.9601917,-3.272316,0.893112,11214.109629,0.996661,-10.063923,0.253233,11213.75555,0.188703,-9.958096,0.253471,5.749853,3.351945,0.289045,0.941336,0.404754,0.000192,0.343192,0.000269,0.482491,0.000353,0,7.381935,47.497434,0.004296,11.1,387.6,2455400.96018,19.859598,19.859634,-0.153,-9999999,0.265148,0.021373,0.856459,-0.619227,0.978634,0.52,450.0004,5.734556,3.295663,2010-07-23T10:57:54.611,-9999999,G2,183.C-0972(A),Udry,-9999999,HARPS_ech_obs_all,HARPS_ech_obs_thosimult,STAR_WAVE_G1,8.20666147940493E-06,2.23944548027582E-07,0,0,0
HD16417,39.245825,-34.577955,2455400.9656111,2.877519,0.895588,11220.514636,0.995244,-3.91583,0.261821,11220.150369,0.181047,-3.863218,0.261275,-12.253868,3.744525,43.924811,2.800343,0.404653,0.000183,0.343054,0.000257,0.482571,0.000338,128,7.395419,47.203207,0.015691,11.1,405.7,2455400.9656,19.847899,19.847947,-0.183,-9999999,0.265148,0.01963,0.856462,-0.629415,0.978638,0.49,450.0003,-12.249889,3.725371,2010-07-23T11:05:56.317,-9999999,G2,183.C-0972(A),Udry,-9999999,HARPS_ech_obs_all,HARPS_ech_obs_thosimult,STAR_WAVE_G1,7.5798361410529E-06,2.80934202192553E-07,0,0,0
HD16417,39.245825,-34.577955,2455411.8375258,-1.841782,0.779225,11214.296575,0.708431,-8.510884,0.31424,11215.332226,0.243191,-8.471555,0.314245,-9.692083,2.77023,6.675929,0.768336,0.404578,0.000243,0.348959,0.000344,0.479443,0.000452,0,7.386329,47.466335,0.005269,11.1,301.8,2455411.83752,19.15718,19.157254,0.435,-9999999,0.266322,0.143877,0.713053,0.769329,0.665382,0.49,450.0006,-9.694786,2.718262,2010-08-03T08:00:28.809,-9999999,G2,183.C-0972(A),Udry,-9999999,HARPS_ech_obs_all,HARPS_ech_obs_thosimult,STAR_WAVE_G1,7.85186077146223E-06,2.86359772997729E-07,0,0,0
HD16417,39.245825,-34.577955,2455411.8430241,-2.746769,0.779461,11213.580537,0.70898,-9.417639,0.314819,11214.605852,0.244776,-9.342484,0.314742,-5.486014,2.717356,6.873851,0.82432,0.40506,0.000244,0.348689,0.000346,0.481368,0.000456,0,7.387706,47.466577,0.002993,11.1,299.9,2455411.84302,19.147226,19.147306,0.596,-9999999,0.266322,0.14211,0.713055,0.758993,0.665385,0.47,450.0007,-5.491405,2.662859,2010-08-03T08:08:32.835,-9999999,G2,183.C-0972(A),Udry,-9999999,HARPS_ech_obs_all,HARPS_ech_obs_thosimult,STAR_WAVE_G1,8.32524536836714E-06,3.44562642431289E-07,0,0,0
HD16417,39.245825,-34.577955,2455423.8023742,6.203091,1.013274,11222.381762,0.98023,0.19669,0.541599,11224.168394,0.434808,0.221184,0.541675,-9.881663,4.549134,6.39141,1.369213,0.406061,0.000442,0.34029,0.000626,0.480046,0.000823,0,7.384139,47.454058,0.007104,11.1,166.2,2455423.80237,17.438787,17.438915,-0.067,-9999999,0.267613,0.806579,0.856385,1.519019,0.878517,0.49,224.0005,-9.887215,4.549891,2010-08-15T07:10:39.835,-9999999,G2,183.C-0972(A),Udry,-9999999,HARPS_ech_obs_all,HARPS_ech_obs_thosimult,STAR_WAVE_G1,7.49807971515672E-06,6.05428206018992E-07,0,0,0
HD16417,39.245825,-34.577955,2455423.8054441,6.388653,1.007896,11222.40428,0.978109,0.381265,0.531467,11224.185142,0.430004,0.44187,0.531491,-12.31486,5.34716,5.132816,1.239529,0.405218,0.000436,0.340854,0.000618,0.480585,0.000812,0,7.384723,47.45444,0.004431,11.1,168.4,2455423.80543,17.433133,17.43326,0.207,-9999999,0.267614,0.805592,0.856386,1.513248,0.878518,0.53,224.0005,-12.316083,5.348987,2010-08-15T07:14:56.099,-9999999,G2,183.C-0972(A),Udry,-9999999,HARPS_ech_obs_all,HARPS_ech_obs_thosimult,STAR_WAVE_G1,8.2267256858729E-06,4.82947704029141E-07,0,0,0
HD16417,39.245825,-34.577955,2455423.8082819,3.32442,0.994515,11218.998408,0.968494,-2.68388,0.50563,11220.773935,0.407658,-2.586665,0.505742,-9.14089,3.996921,5.604447,1.328261,0.405509,0.000415,0.34032,0.000587,0.480045,0.000771,0,7.380663,47.451924,0.006762,11.1,177.4,2455423.80827,17.427838,17.427982,0.133,-9999999,0.267614,0.804679,0.856387,1.507913,0.878519,0.48,224.0005,-9.15106,3.989316,2010-08-15T07:19:12.473,-9999999,G2,183.C-0972(A),Udry,-9999999,HARPS_ech_obs_all,HARPS_ech_obs_thosimult,STAR_WAVE_G1,9.24924465942214E-06,5.25861173007957E-07,0,0,0
HD16417,39.245825,-34.577955,2455423.8113478,6.298071,0.983901,11222.585939,0.96152,0.288785,0.484418,11224.355702,0.390797,0.319056,0.484589,-7.726009,5.300661,9.067239,1.218957,0.405417,0.000397,0.340424,0.000561,0.48013,0.000737,0,7.384326,47.438939,0.005892,11.1,185.4,2455423.81134,17.422047,17.422183,0.246,-9999999,0.267614,0.803694,0.856388,1.502149,0.87852,0.52,224.0004,-7.740861,5.301998,2010-08-15T07:23:28.386,-9999999,G2,183.C-0972(A),Udry,-9999999,HARPS_ech_obs_all,HARPS_ech_obs_thosimult,STAR_WAVE_G1,1.03063552421895E-05,4.40651423741498E-07,0,0,0
HD16417,39.245825,-34.577955,2455424.7756559,6.939595,1.076665,11222.964394,1.024218,2.115893,0.789904,11225.763839,0.626823,2.147656,0.790093,-2.536841,7.071275,1.666404,2.230125,0.402154,0.000668,0.340434,0.00094,0.468943,0.001233,0,7.383641,47.47899,0.005784,11.1,111.5,2455424.77565,17.302017,17.302148,-0.257,-9999999,0.267718,1.989278,0.731614,2.531727,0.810009,0.49,300.0004,-2.533242,7.07424,2010-08-16T06:31:29.320,-9999999,G2,183.C-0972(A),Udry,-9999999,HARPS_ech_obs_all,HARPS_ech_obs_thosimult,STAR_WAVE_G1,7.40159003855312E-06,7.10614190411946E-07,0,0,0
HD16417,39.245825,-34.577955,2455424.7796389,2.966598,1.027572,11218.253089,0.994832,-1.858384,0.721556,11221.045047,0.577558,-1.781386,0.721722,-2.607186,6.164145,4.256314,1.918827,0.40268,0.000609,0.341642,0.000859,0.468969,0.001126,0,7.386291,47.478211,0.006217,11.1,122,2455424.77963,17.295498,17.29563,-0.197,-9999999,0.267719,1.987997,0.731615,2.524239,0.81001,0.53,300.0004,-2.612231,6.159757,2010-08-16T06:37:01.438,-9999999,G2,183.C-0972(A),Udry,-9999999,HARPS_ech_obs_all,HARPS_ech_obs_thosimult,STAR_WAVE_G1,8.73668775640067E-06,6.29013811981724E-07,0,0,0
HD16417,39.245825,-34.577955,2455424.7834128,3.44766,1.026992,11219.212984,0.993371,-1.378536,0.720729,11221.997848,0.575036,-1.319687,0.720801,2.386942,5.618412,5.56362,1.871236,0.40042,0.000606,0.342114,0.000858,0.467016,0.00112,0,7.384254,47.475405,0.004712,11.1,122.4,2455424.78341,17.289182,17.289313,0,-9999999,0.267719,1.986784,0.731616,2.517145,0.810012,0.51,300.0004,2.382013,5.615635,2010-08-16T06:42:33.486,-9999999,G2,183.C-0972(A),Udry,-9999999,HARPS_ech_obs_all,HARPS_ech_obs_thosimult,STAR_WAVE_G1,8.12941358668152E-06,5.29039578543719E-07,0,0,0
HD16417,39.245825,-34.577955,2455425.8482207,4.046645,0.925611,11219.991997,1.029413,-2.471325,0.398081,11221.089773,0.319515,-2.423917,0.398066,-1.341348,4.034333,9.360294,0.987031,0.405283,0.000325,0.338308,0.000456,0.480831,0.000603,0,7.384025,47.438208,0.005217,11.1,227.1,2455425.84821,16.974008,16.974144,0,-9999999,0.267834,0.295009,0.835636,0.829942,0.978571,0.5,300.0004,-1.33839,4.027232,2010-08-17T08:15:50.680,-9999999,G2,183.C-0972(A),Udry,-9999999,HARPS_ech_obs_all,HARPS_ech_obs_thosimult,STAR_WAVE_G1,9.65402892532385E-06,4.11397588889284E-07,0,0,0
HD16417,39.245825,-34.577955,2455425.8520673,8.737808,0.923806,11225.024541,1.028065,2.218601,0.393863,11226.115087,0.315142,2.290849,0.394012,-0.957545,4.197374,9.895636,1.049608,0.405277,0.000318,0.338236,0.000448,0.480076,0.000591,0,7.384642,47.438694,0.007668,11.1,231.4,2455425.85207,16.965633,16.96575,0.474,-9999999,0.267835,0.293772,0.835637,0.822711,0.978572,0.5,300.0004,-0.962645,4.206631,2010-08-17T08:21:23.008,-9999999,G2,183.C-0972(A),Udry,-9999999,HARPS_ech_obs_all,HARPS_ech_obs_thosimult,STAR_WAVE_G1,9.78846382818362E-06,3.65672479354674E-07,0,0,0
HD16417,39.245825,-34.577955,2455425.8558771,6.83324,0.938706,11222.954367,1.03722,0.312808,0.427641,11224.037751,0.343829,0.395321,0.427734,-5.306175,4.441869,8.275055,0.937905,0.404669,0.000349,0.338991,0.000491,0.481792,0.000648,0,7.382677,47.44399,0.006116,11.1,211.4,2455425.85588,16.957277,16.957395,0.348,-9999999,0.267835,0.292547,0.835639,0.815549,0.978574,0.49,300.0004,-5.310464,4.444975,2010-08-17T08:26:55.155,-9999999,G2,183.C-0972(A),Udry,-9999999,HARPS_ech_obs_all,HARPS_ech_obs_thosimult,STAR_WAVE_G1,9.86426219012581E-06,3.49728672807475E-07,0,0,0
HD16417,39.245825,-34.577955,2455426.9168329,2.912233,0.977923,11219.914175,1.052138,-3.6455,0.472077,11220.530068,0.386427,-3.582381,0.472457,-11.105205,5.245376,-1.237019,1.309239,0.405278,0.000398,0.33704,0.000548,0.481737,0.000726,0,7.373926,47.493296,0.006809,11.1,189.3,2455426.91683,16.624592,16.624726,0.185,-9999999,0.26795,0.255246,0.856432,0.347943,0.978606,0.51,120.0007,-11.102917,5.236726,2010-08-18T09:56:02.416,-9999999,G2,183.C-0972(A),Udry,-9999999,HARPS_ech_obs_all,HARPS_ech_obs_thosimult,STAR_WAVE_G1,6.68466574200886E-06,5.13164615156792E-07,0,0,0
HD16417,39.245825,-34.577955,2455435.7961425,-1.624527,0.755908,11214.242021,0.831021,-10.1299,0.269005,11213.359433,0.201651,-10.045717,0.269253,-8.076554,3.096943,-8.360508,0.730039,0.406063,0.000203,0.341657,0.000286,0.468848,0.000376,0,7.381202,47.541476,0.001193,11.1,362.9,2455435.79613,14.951813,14.951998,0.167,-9999999,0.268908,-1.692394,0.706422,-1.151496,0.806184,0.49,420.0008,-8.08389,3.038405,2010-08-27T06:59:09.850,-9999999,G2,183.C-0972(A),Udry,-9999999,HARPS_ech_obs_all,HARPS_ech_obs_thosimult,STAR_WAVE_G1,7.36339231716124E-06,2.69143522125338E-07,0,0,0
HD16417,39.245825,-34.577955,2455435.8014259,-2.610827,0.75718,11213.845797,0.832157,-11.117899,0.272555,11212.953278,0.206277,-11.052657,0.272776,-3.899315,3.359315,-5.118303,0.773768,0.406197,0.000209,0.341769,0.000294,0.469298,0.000386,0,7.382314,47.5313,0.002671,11.1,353.9,2455435.80142,14.940771,14.940949,0.071,-9999999,0.268909,-1.694092,0.706424,-1.161428,0.806186,0.5,420.0009,-3.899323,3.296602,2010-08-27T07:06:42.115,-9999999,G2,183.C-0972(A),Udry,-9999999,HARPS_ech_obs_all,HARPS_ech_obs_thosimult,STAR_WAVE_G1,7.46790580347011E-06,2.53969151152278E-07,0,0,0
HD16417,39.245825,-34.577955,2455454.785428,1.740776,0.844828,11218.871164,0.998882,-5.483705,0.261308,11218.519553,0.20051,-5.420501,0.261537,-3.007692,2.704691,2.015712,0.7135,0.405232,0.000204,0.342739,0.000286,0.478801,0.000375,0,7.382941,47.472231,0.004986,11.1,363.7,2455454.78542,9.761101,9.761333,0,-9999999,0.270958,-0.411502,0.803401,-0.622569,0.97855,0.48,400.0006,-3.031538,2.669635,2010-09-15T06:42:50.311,-9999999,G2,183.C-0972(A),Udry,-9999999,HARPS_ech_obs_all,HARPS_ech_obs_thosimult,STAR_WAVE_G1,-9999999,-9999999,-9999999,-9999999,-9999999
HD16417,39.245825,-34.577955,2455454.7905198,2.170809,0.843741,11219.485976,0.998101,-5.055309,0.257768,11219.124794,0.196577,-5.021585,0.258042,-6.946098,2.672596,4.771679,0.62994,0.405393,0.0002,0.342703,0.000281,0.479103,0.000368,0,7.384809,47.455212,0.005633,11.1,371.1,2455454.79052,9.749118,9.749353,0,-9999999,0.270959,-0.413139,0.803402,-0.632141,0.978552,0.5,400.0007,-6.962856,2.641567,2010-09-15T06:50:02.235,-9999999,G2,183.C-0972(A),Udry,-9999999,HARPS_ech_obs_all,HARPS_ech_obs_thosimult,STAR_WAVE_G1,8.82913396719832E-06,2.65933092482721E-07,0,0,0
HD16417,39.245825,-34.577955,2455457.772145,4.678793,1.011176,11222.079338,1.072088,-2.55127,0.537673,11221.716646,0.437971,-2.425306,0.53795,-5.116449,5.213291,-2.483181,1.371384,0.40605,0.000463,0.352082,0.000648,0.478332,0.000847,0,7.378981,47.493007,0.00494,11.1,161.7,2455457.77214,8.853425,8.853686,-0.343,-9999999,0.27128,-0.417084,0.856378,-0.633972,0.978547,0.57,200.0007,-5.132579,5.205822,2010-09-18T06:24:52.727,-9999999,G2,183.C-0972(A),Udry,-9999999,HARPS_ech_obs_all,HARPS_ech_obs_thosimult,STAR_WAVE_G1,1.10668326746317E-05,6.02808800804264E-07,0,0,0
HD16417,39.245825,-34.577955,2455457.7746903,3.87668,0.95302,11220.98378,1.034937,-3.354202,0.418165,11220.616304,0.336956,-3.348701,0.418435,2.655222,3.862588,1.515526,1.012649,0.404549,0.000341,0.351877,0.000483,0.47994,0.000632,0,7.380641,47.472997,0.002395,11.1,216.3,2455457.77468,8.84747,8.84772,-0.175,-9999999,0.271281,-0.417902,0.856379,-0.638757,0.978548,0.51,200.0006,2.647696,3.849755,2010-09-18T06:28:44.639,-9999999,G2,183.C-0972(A),Udry,-9999999,HARPS_ech_obs_all,HARPS_ech_obs_thosimult,STAR_WAVE_G1,9.84600629774782E-06,4.23039636402939E-07,0,0,0
HD16417,39.245825,-34.577955,2455457.7774225,5.838594,0.947603,11222.933368,1.032057,-1.393166,0.405667,11222.560756,0.328002,-1.351692,0.406112,3.649372,4.08457,1.947262,1.038312,0.404758,0.000333,0.35309,0.000472,0.47875,0.000616,0,7.378856,47.474266,0.00621,11.1,221.9,2455457.77741,8.841053,8.841319,-0.077,-9999999,0.271281,-0.418781,0.856379,-0.643893,0.978549,0.53,200.0006,3.633316,4.080524,2010-09-18T06:32:36.692,-9999999,G2,183.C-0972(A),Udry,-9999999,HARPS_ech_obs_all,HARPS_ech_obs_thosimult,STAR_WAVE_G1,8.66001532624559E-06,4.34750424507159E-07,0,0,0
HD16417,39.245825,-34.577955,2455457.7800142,5.120398,0.953326,11221.93246,1.035644,-2.112195,0.418859,11221.554976,0.339117,-2.029303,0.419172,3.206544,3.377732,0.823078,0.972795,0.404524,0.000346,0.352235,0.000489,0.479888,0.00064,0,7.379955,47.481994,0.00217,11.1,214,2455457.78001,8.834943,8.835198,-0.202,-9999999,0.271281,-0.419614,0.85638,-0.648765,0.978549,0.49,200.0005,3.194035,3.368757,2010-09-18T06:36:28.604,-9999999,G2,183.C-0972(A),Udry,-9999999,HARPS_ech_obs_all,HARPS_ech_obs_thosimult,STAR_WAVE_G1,1.0051200573086E-05,4.53940534713608E-07,0,0,0
HD16417,39.245825,-34.577955,2455461.6990053,2.509541,1.051661,11219.114074,1.124121,-3.851736,0.686788,11218.999299,0.553269,-3.843545,0.687028,3.840451,5.081268,6.387632,1.558282,0.405132,0.000571,0.343883,0.000813,0.472172,0.001067,0,7.385531,47.467197,0.005783,11.1,129.6,2455461.699,7.728466,7.728725,-0.376,-9999999,0.271704,0.451702,0.796438,-0.386479,0.97854,0.57,400.0007,3.821756,5.069789,2010-09-22T04:37:30.246,-9999999,G2,183.C-0972(A),Udry,-9999999,HARPS_ech_obs_all,HARPS_ech_obs_thosimult,STAR_WAVE_G1,7.61876711456776E-06,8.49461232365783E-07,0,0,0
HD16417,39.245825,-34.577955,2455461.7038158,2.262046,1.420448,11219.300538,1.33858,-4.100778,1.176163,11219.176721,0.913376,-4.055406,1.176443,6.377731,10.485654,2.796962,2.970558,0.405241,0.000974,0.345146,0.001393,0.480604,0.001815,0,7.393977,47.472332,0.001787,11.1,77,2455461.70381,7.718927,7.719202,-0.475,-9999999,0.271705,0.450155,0.796438,-0.395522,0.97854,0.53,400.0007,6.361282,10.479026,2010-09-22T04:44:41.860,-9999999,G2,183.C-0972(A),Udry,-9999999,HARPS_ech_obs_all,HARPS_ech_obs_thosimult,STAR_WAVE_G1,2.80428799854007E-06,1.23217918551156E-06,0,0,0
HD16417,39.245825,-34.577955,2455463.746566,-7.974735,0.890341,11209.56535,0.860924,-15.422488,0.386381,11208.761665,0.3114,-15.380335,0.38658,5.84506,3.491583,5.144679,0.894073,0.404892,0.000315,0.343183,0.000446,0.46925,0.000585,0,7.385738,47.472276,0.00477,11.1,234.1,2455463.74656,6.970483,6.970752,0.432,-9999999,0.271925,-0.634774,0.802133,-1.07561,0.802634,0.49,200.0005,5.839496,3.413417,2010-09-24T05:48:05.242,-9999999,G2,183.C-0972(A),Udry,-9999999,HARPS_ech_obs_all,HARPS_ech_obs_thosimult,STAR_WAVE_G1,9.23900717397412E-06,3.32582112343426E-07,0,0,0
HD16417,39.245825,-34.577955,2455463.7492974,-6.236527,0.883391,11211.119991,0.85645,-13.685158,0.370084,11210.311172,0.298807,-13.617713,0.370266,-0.516122,3.274949,1.005499,0.859179,0.404994,0.000302,0.343412,0.000428,0.469181,0.000561,0,7.382811,47.489883,0.003731,11.1,243.9,2455463.74929,6.964156,6.964417,0.471,-9999999,0.271926,-0.635652,0.802133,-1.080745,0.802634,0.51,200.0006,-0.518062,3.2038,2010-09-24T05:51:57.235,-9999999,G2,183.C-0972(A),Udry,-9999999,HARPS_ech_obs_all,HARPS_ech_obs_thosimult,STAR_WAVE_G1,9.15331421530094E-06,3.69085586220004E-07,0,0,0
HD16417,39.245825,-34.577955,2455463.7520054,-1.902755,0.884005,11215.260293,0.857135,-9.352257,0.371546,11214.446383,0.300762,-9.324673,0.371857,2.930106,3.564741,2.390903,0.979734,0.405241,0.000305,0.342548,0.000431,0.470331,0.000566,0,7.385843,47.484038,0.002841,11.1,242.3,2455463.752,6.957853,6.958105,0.511,-9999999,0.271926,-0.636522,0.802134,-1.085836,0.802634,0.52,200.0005,2.925556,3.522649,2010-09-24T05:55:49.198,-9999999,G2,183.C-0972(A),Udry,-9999999,HARPS_ech_obs_all,HARPS_ech_obs_thosimult,STAR_WAVE_G1,9.41895044050245E-06,4.04548577196812E-07,0,0,0
HD16417,39.245825,-34.577955,2455463.7546681,-7.955238,0.880587,11209.635597,0.854569,-15.405596,0.363337,11208.816682,0.293368,-15.327786,0.363553,3.609913,3.54538,3.409225,0.962218,0.404981,0.000297,0.34328,0.000421,0.470493,0.000552,0,7.385569,47.475829,0.004938,11.1,248.4,2455463.75467,6.951626,6.951893,0.973,-9999999,0.271926,-0.637379,0.802134,-1.090841,0.802635,0.51,200.0005,3.597226,3.471018,2010-09-24T05:59:41.250,-9999999,G2,183.C-0972(A),Udry,-9999999,HARPS_ech_obs_all,HARPS_ech_obs_thosimult,STAR_WAVE_G1,8.76375244829347E-06,3.58305758358635E-07,0,0,0
HD16417,39.245825,-34.577955,2455484.7109587,-3.344409,0.75989,11214.042728,0.713112,-10.173863,0.268285,11214.3388,0.20917,-10.132999,0.268495,-2.45079,2.919888,6.659573,0.661551,0.403365,0.000211,0.341259,0.000298,0.47816,0.000392,0,7.386233,47.448671,0.00666,11.1,349.9,2455484.71095,-0.282493,-0.282214,0.16,-9999999,0.274188,-0.016474,0.710954,0.021884,0.681745,0.53,450.0005,-2.440468,2.859827,2010-10-15T04:54:08.306,-9999999,G2,183.C-0972(A),Udry,-9999999,HARPS_ech_obs_all,HARPS_ech_obs_thosimult,STAR_WAVE_G1,9.52011242791181E-06,3.13372983158877E-07,0,0,0
HD16417,39.245825,-34.577955,2455484.7164874,-2.679261,0.753967,11214.228948,0.708371,-9.510492,0.251018,11214.514628,0.192387,-9.483538,0.251286,-1.520431,2.851854,4.636964,0.747266,0.403505,0.000195,0.341627,0.000275,0.477986,0.000361,0,7.386072,47.452469,0.004403,11.1,380.1,2455484.71648,-0.29589,-0.295614,0.275,-9999999,0.274189,-0.018252,0.710955,0.011491,0.681745,0.52,450.0005,-1.524631,2.794769,2010-10-15T05:02:10.482,-9999999,G2,183.C-0972(A),Udry,-9999999,HARPS_ech_obs_all,HARPS_ech_obs_thosimult,STAR_WAVE_G1,9.07763236120623E-06,2.59059195058205E-07,0,0,0
HD16417,39.245825,-34.577955,2455487.7319881,0.831079,0.727357,11218.980513,0.875311,-6.456474,0.213848,11217.80898,0.156376,-6.447901,0.214002,-4.105139,2.867935,3.028131,0.609641,0.407478,0.00016,0.340978,0.000224,0.466902,0.000294,128,7.384029,47.471349,0.00607,11.1,466.1,2455487.73198,-1.409626,-1.409351,0.954,-9999999,0.274514,-0.474574,0.69521,-1.446047,0.861229,0.47,900.0008,-4.10605,2.834507,2010-10-18T05:21:21.509,-9999999,G2,183.C-0972(A),Udry,-9999999,HARPS_ech_obs_all,HARPS_ech_obs_thosimult,STAR_WAVE_G1,8.80909532549959E-06,2.20909439113161E-07,0,0,0
HD16417,39.245825,-34.577955,2455499.7021042,-5.667717,0.682402,11211.545983,0.888206,-13.125443,0.29452,11211.362543,0.235024,-13.11289,0.294964,10.28244,3.435665,-7.625144,0.790137,0.40475,0.000246,0.348775,0.000342,0.477213,0.000451,0,7.379888,47.527253,0.003744,11.1,305.2,2455499.7021,-5.592838,-5.592572,-0.008,-9999999,0.275807,-0.644747,0.615573,-0.459247,0.856547,0.53,450.0007,10.29362,3.379367,2010-10-30T04:41:36.172,-9999999,G2,183.C-0972(A),Udry,-9999999,HARPS_ech_obs_all,HARPS_ech_obs_thosimult,STAR_WAVE_G1,8.43363760215997E-06,2.66719429259951E-07,0,0,0
HD16417,39.245825,-34.577955,2455499.7075208,-5.155856,0.675194,11212.140122,0.884164,-12.615324,0.277409,11211.946499,0.219255,-12.545152,0.27789,8.37825,3.458278,-9.07524,0.628039,0.405079,0.000231,0.349629,0.000321,0.476951,0.000422,0,7.378998,47.537652,0.004473,11.1,326,2455499.70751,-5.606124,-5.605851,-0.043,-9999999,0.275807,-0.646488,0.615573,-0.46943,0.856548,0.5,450.0011,8.404947,3.402027,2010-10-30T04:49:37.668,-9999999,G2,183.C-0972(A),Udry,-9999999,HARPS_ech_obs_all,HARPS_ech_obs_thosimult,STAR_WAVE_G1,9.05615062511337E-06,2.75590136934367E-07,0,0,0
HD16417,39.245825,-34.577955,2455500.7409367,0.162594,0.626692,11217.57314,0.798188,-8.647026,0.252895,11215.443107,0.195933,-8.623748,0.253307,-1.492769,2.6289,-5.547071,0.601763,0.40375,0.0002,0.341424,0.000279,0.466733,0.000366,0,7.383955,47.520913,0.002919,11.1,375,2455500.74093,-6.036883,-6.036627,0.685,-9999999,0.275919,-1.996641,0.5734,-2.405952,0.773766,0.49,450.0008,-1.487423,2.581649,2010-10-31T05:37:51.026,-9999999,G2,183.C-0972(A),Udry,-9999999,HARPS_ech_obs_all,HARPS_ech_obs_thosimult,STAR_WAVE_G1,7.91881083492018E-06,3.40020099615384E-07,0,0,0
HD16417,39.245825,-34.577955,2455500.7465165,-0.889189,0.625863,11216.956553,0.797694,-9.700603,0.250831,11214.81603,0.193906,-9.685082,0.25133,1.81974,3.242642,-7.120865,0.686636,0.404429,0.000198,0.340844,0.000275,0.466211,0.000362,0,7.382981,47.52609,0.003592,11.1,379.6,2455500.74651,-6.050124,-6.049857,0.666,-9999999,0.275919,-1.998435,0.573401,-2.416442,0.773767,0.49,450.0009,1.841126,3.198843,2010-10-31T05:45:53.132,-9999999,G2,183.C-0972(A),Udry,-9999999,HARPS_ech_obs_all,HARPS_ech_obs_thosimult,STAR_WAVE_G1,8.82915355468973E-06,3.2289890838891E-07,0,0,0
HD16417,39.245825,-34.577955,2455501.6742283,-0.93592,0.680899,11215.72818,0.748251,-9.411134,0.301337,11214.977146,0.236859,-9.372938,0.301637,0.22519,3.386091,-2.637334,0.763169,0.405081,0.00024,0.341059,0.000338,0.475577,0.000443,0,7.384637,47.504678,0.003044,11.1,309.3,2455501.67422,-6.223146,-6.222865,0.739,-9999999,0.276019,-1.662234,0.61059,-1.027053,0.709773,0.52,450.0011,0.232212,3.349566,2010-11-01T04:01:35.566,-9999999,G2,183.C-0972(A),Udry,-9999999,HARPS_ech_obs_all,HARPS_ech_obs_thosimult,STAR_WAVE_G1,8.24225286979113E-06,3.31328361944174E-07,0,0,0
HD16417,39.245825,-34.577955,2455501.6797521,-1.222016,0.669275,11215.463824,0.740845,-9.699006,0.27406,11214.702407,0.212306,-9.675506,0.274404,1.687734,2.858885,-4.430725,0.635523,0.405125,0.000216,0.34056,0.000303,0.474103,0.000396,0,7.384142,47.509582,0.004779,11.1,345.4,2455501.67974,-6.236587,-6.236316,0.669,-9999999,0.27602,-1.66401,0.610589,-1.037437,0.709773,0.51,450.0007,1.700972,2.810861,2010-11-01T04:09:37.332,-9999999,G2,183.C-0972(A),Udry,-9999999,HARPS_ech_obs_all,HARPS_ech_obs_thosimult,STAR_WAVE_G1,8.74840309893203E-06,2.58951190977197E-07,0,0,0
HD16417,39.245825,-34.577955,2455519.5921635,-1.026519,0.933242,11216.219927,1.022688,-7.48369,0.370868,11217.136416,0.297184,-7.457995,0.371218,-3.994448,3.389105,0.826862,0.807995,0.402346,0.000313,0.350848,0.00044,0.478697,0.000577,0,7.381389,47.47564,0.004994,11.1,239.1,2455519.59215,-11.911845,-11.911606,0.519,-9999999,0.277954,0.355809,0.856387,0.638535,0.978556,0.49,400.0006,-4.001357,3.356119,2010-11-19T02:04:50.799,-9999999,G2,183.C-0972(A),Udry,-9999999,HARPS_ech_obs_all,HARPS_ech_obs_thosimult,STAR_WAVE_G1,9.43470108747233E-06,3.28235098095285E-07,0,0,0
HD16417,39.245825,-34.577955,2455519.5972623,-1.066236,0.932375,11215.975747,1.022184,-7.525046,0.368682,11216.882651,0.295448,-7.547152,0.36897,-2.7025,3.687576,0.325401,0.959122,0.402995,0.00031,0.350933,0.000436,0.4787,0.000573,0,7.380736,47.470066,0.005063,11.1,241,2455519.59726,-11.923497,-11.923265,0.36,-9999999,0.277954,0.354169,0.856385,0.62895,0.978555,0.51,400.0006,-2.705473,3.654442,2010-11-19T02:12:03.353,-9999999,G2,183.C-0972(A),Udry,-9999999,HARPS_ech_obs_all,HARPS_ech_obs_thosimult,STAR_WAVE_G1,9.35938177156176E-06,3.33713140345265E-07,0,0,0
HD16417,39.245825,-34.577955,2455522.6515933,0.841134,0.582309,11218.254735,0.555277,-5.094535,0.369408,11219.372373,0.296561,-5.055862,0.369774,-4.209988,4.318005,-0.074252,1.041281,0.404245,0.000335,0.350935,0.000463,0.479324,0.000609,0,7.37961,47.468965,0.005206,11.1,227.9,2455522.65159,-12.933077,-12.932868,0,-9999999,0.278284,0.877311,0.450135,0.839354,0.469451,0.51,400.0003,-4.227347,4.297556,2010-11-22T03:30:28.533,-9999999,G2,183.C-0972(A),Udry,-9999999,HARPS_ech_obs_all,HARPS_ech_obs_thosimult,STAR_WAVE_G1,9.62860776285529E-06,4.23164723051123E-07,0,0,0
HD16417,39.245825,-34.577955,2455522.6565388,1.575424,0.573484,11218.967115,0.548793,-4.361835,0.355335,11220.075456,0.284236,-4.342462,0.355686,-10.20328,3.051411,-1.892346,1.018619,0.403992,0.000322,0.350446,0.000444,0.479041,0.000585,0,7.378431,47.474477,0.005755,11.1,237.3,2455522.65653,-12.944857,-12.944636,-0.041,-9999999,0.278284,0.875721,0.450134,0.830057,0.46945,0.5,400.0004,-10.225401,3.027428,2010-11-22T03:37:39.846,-9999999,G2,183.C-0972(A),Udry,-9999999,HARPS_ech_obs_all,HARPS_ech_obs_thosimult,STAR_WAVE_G1,9.5111794450788E-06,3.28902213749384E-07,0,0,0
HD16417,39.245825,-34.577955,2455779.9117394,-2.909907,0.844167,11214.261762,0.923664,-10.974092,0.299852,11213.170443,0.230531,-10.897293,0.300037,1.626879,3.537192,1.140988,0.839962,0.405585,0.000236,0.334857,0.000325,0.471252,0.000432,0,7.383255,47.479255,0.004316,11.1,318.2,2455779.91174,18.661565,18.661585,0.61,-9999999,0.306054,-1.251205,0.789117,-1.397373,0.894433,0.52,449.9999,1.629076,3.485242,2011-08-06T09:46:52.239,-9999999,G2,183.C-0972(A),Udry,-9999999,HARPS_ech_obs_all,HARPS_ech_obs_thosimult,STAR_WAVE_G1,8.58121887457921E-06,3.3990379502813E-07,0,0,0
HD16417,39.245825,-34.577955,2455779.917004,-2.326943,0.847181,11214.801625,0.926103,-10.39282,0.308229,11213.70041,0.240104,-10.340876,0.308487,6.230547,3.276697,0.415389,0.8943,0.405849,0.000247,0.334953,0.00034,0.471871,0.000452,0,7.382029,47.487911,0.004915,11.1,304.3,2455779.917,18.649865,18.649887,0.313,-9999999,0.306055,-1.252898,0.789121,-1.40727,0.894436,0.46,449.9999,6.228375,3.221295,2011-08-06T09:54:54.075,-9999999,G2,183.C-0972(A),Udry,-9999999,HARPS_ech_obs_all,HARPS_ech_obs_thosimult,STAR_WAVE_G1,9.02534843780599E-06,3.37866921177536E-07,0,0,0
HD16417,39.245825,-34.577955,2455784.8844192,3.067998,0.615594,11220.01986,0.631861,-3.910543,0.277545,11220.062105,0.214094,-3.83445,0.277699,-5.403621,2.879463,4.312814,0.80075,0.403988,0.000212,0.340928,0.000297,0.469313,0.000391,0,7.382572,47.465352,0.006873,11.1,349.2,2455784.88441,17.987283,17.987334,0.571,-9999999,0.306591,-0.165561,0.549477,-0.264346,0.594485,0.5,450.0005,-5.407535,2.86395,2011-08-11T09:07:14.587,-9999999,G2,183.C-0972(A),Udry,-9999999,HARPS_ech_obs_all,HARPS_ech_obs_thosimult,STAR_WAVE_G1,8.1513233747534E-06,2.90478067772362E-07,0,0,0
HD16417,39.245825,-34.577955,2455784.8900118,1.564572,0.616817,11218.722475,0.632891,-5.415767,0.280239,11218.754207,0.217101,-5.320827,0.280367,-6.965895,3.356121,5.1677,0.832882,0.404122,0.000213,0.341327,0.000299,0.468687,0.000393,0,7.38247,47.458442,0.006093,11.1,346.8,2455784.89,17.974885,17.974948,0.559,-9999999,0.306592,-0.167359,0.549481,-0.27486,0.594489,0.5,450.0007,-6.965997,3.336312,2011-08-11T09:15:17.754,-9999999,G2,183.C-0972(A),Udry,-9999999,HARPS_ech_obs_all,HARPS_ech_obs_thosimult,STAR_WAVE_G1,8.50573396389752E-06,3.03550376370371E-07,0,0,0
HD16417,39.245825,-34.577955,2455801.8578031,6.156345,1.001908,11223.060051,1.066671,-0.913789,0.519992,11222.749782,0.424474,-0.870829,0.519967,-9.237935,4.461339,6.074138,1.275759,0.401489,0.000442,0.338735,0.000615,0.481885,0.000813,0,7.3907,47.479174,0.003417,11.1,169.4,2455801.85779,14.650813,14.650898,0,-9999999,0.308423,-0.257154,0.856404,-0.618692,0.978575,0.46,269.9993,-9.251629,4.458721,2011-08-28T08:29:15.630,-9999999,G2,183.C-0972(A),Udry,-9999999,HARPS_ech_obs_all,HARPS_ech_obs_thosimult,STAR_WAVE_G1,7.64695731023126E-06,5.05918900402496E-07,0,0,0
HD16417,39.245825,-34.577955,2455801.8614619,3.317313,0.995005,11220.785646,1.062244,-3.753997,0.506561,11220.4685,0.41322,-3.713971,0.506706,-2.763354,5.068845,9.465074,1.31542,0.401783,0.000431,0.339389,0.000599,0.482706,0.000792,0,7.389098,47.465185,0.001496,11.1,174,2455801.86145,14.642271,14.642355,0,-9999999,0.308424,-0.258331,0.856405,-0.62557,0.978576,0.51,269.9996,-2.780525,5.057799,2011-08-28T08:34:18.237,-9999999,G2,183.C-0972(A),Udry,-9999999,HARPS_ech_obs_all,HARPS_ech_obs_thosimult,STAR_WAVE_G1,7.77007167899848E-06,5.07947156377593E-07,0,0,0
HD16417,39.245825,-34.577955,2455801.8649261,3.109814,1.003161,11219.788036,1.067376,-3.96261,0.522398,11219.464378,0.426235,-3.909899,0.522392,-4.171853,5.112262,8.441453,1.301329,0.400834,0.000443,0.338523,0.000617,0.482632,0.000816,0,7.390507,47.479005,0.004806,11.1,168.8,2455801.86492,14.634169,14.634254,0.067,-9999999,0.308424,-0.259444,0.856407,-0.632082,0.978578,0.5,269.9999,-4.18904,5.100212,2011-08-28T08:39:20.224,-9999999,G2,183.C-0972(A),Udry,-9999999,HARPS_ech_obs_all,HARPS_ech_obs_thosimult,STAR_WAVE_G1,8.10135863339465E-06,4.62124492443614E-07,0,0,0
HD16417,39.245825,-34.577955,2455806.8805111,-2.555651,0.642164,11215.406168,0.803781,-10.552585,0.3053,11213.858484,0.245271,-10.468742,0.30553,3.215014,3.479281,-3.400243,0.645545,0.404378,0.000272,0.336576,0.000366,0.473372,0.000488,0,7.382533,47.526167,0.002324,11.1,284.1,2455806.88051,13.33412,13.33421,-0.199,-9999999,0.308966,-1.183954,0.564948,-1.85665,0.765445,0.52,419.9999,3.214187,3.425962,2011-09-02T09:00:03.131,-9999999,G2,183.C-0972(A),Udry,-9999999,HARPS_ech_obs_all,HARPS_ech_obs_thosimult,STAR_WAVE_G1,8.03311266185908E-06,2.97539718452962E-07,0,0,0
HD16417,39.245825,-34.577955,2455806.8854585,-1.680486,0.646954,11215.853777,0.80682,-9.67901,0.315244,11214.296792,0.255043,-9.610606,0.315495,-1.001092,3.297539,-2.228542,0.706764,0.405241,0.000284,0.335295,0.000381,0.473594,0.000508,0,7.38337,47.520783,0.002602,11.1,272.6,2455806.88545,13.322513,13.322618,-0.3,-9999999,0.308966,-1.185545,0.564952,-1.865951,0.765448,0.46,419.9998,-1.013363,3.246868,2011-09-02T09:07:35.765,-9999999,G2,183.C-0972(A),Udry,-9999999,HARPS_ech_obs_all,HARPS_ech_obs_thosimult,STAR_WAVE_G1,7.66867100415097E-06,3.15650932054833E-07,0,0,0
HD16417,39.245825,-34.577955,2455816.814189,4.095345,0.75415,11221.204219,0.830974,-4.224242,0.399962,11219.579368,0.324917,-4.167791,0.400213,-7.258505,3.990812,1.600743,1.111838,0.404981,0.000327,0.342396,0.000458,0.479457,0.000601,0,7.381207,47.47629,0.00405,11.1,227.9,2455816.81418,10.686292,10.686398,-0.022,-9999999,0.310038,-1.506608,0.639354,-1.934889,0.764818,0.5,210.4999,-7.279132,3.974194,2011-09-12T07:25:51.595,-9999999,G2,183.C-0972(A),Udry,-9999999,HARPS_ech_obs_all,HARPS_ech_obs_thosimult,STAR_WAVE_G1,9.51655061806011E-06,3.75860816260627E-07,0,0,0
HD16417,39.245825,-34.577955,2455816.8170299,3.238594,0.745479,11220.425071,0.82538,-5.081907,0.38336,11218.79488,0.310328,-4.999578,0.383599,-1.246458,3.873121,-0.331379,0.953214,0.40465,0.000312,0.341833,0.000437,0.48085,0.000575,0,7.379173,47.492555,0.003967,11.1,238.9,2455816.81703,10.679517,10.679623,0.311,-9999999,0.310038,-1.507521,0.639355,-1.940229,0.764819,0.51,210.4999,-1.271241,3.853539,2011-09-12T07:29:54.929,-9999999,G2,183.C-0972(A),Udry,-9999999,HARPS_ech_obs_all,HARPS_ech_obs_thosimult,STAR_WAVE_G1,8.27111074412487E-06,4.01708704617183E-07,0,0,0
HD16417,39.245825,-34.577955,2455816.8198258,1.830003,0.747311,11218.777127,0.826099,-6.491397,0.386909,11217.141681,0.312232,-6.454697,0.387069,-0.245297,3.660714,1.093904,1.021753,0.404534,0.000313,0.341999,0.000439,0.479278,0.000576,0,7.379307,47.481762,0.006147,11.1,237.9,2455816.81982,10.672837,10.672951,0.016,-9999999,0.310039,-1.50842,0.639356,-1.945485,0.764821,0.51,210.4998,-0.273551,3.630612,2011-09-12T07:33:56.492,-9999999,G2,183.C-0972(A),Udry,-9999999,HARPS_ech_obs_all,HARPS_ech_obs_thosimult,STAR_WAVE_G1,9.42694563358141E-06,3.96987276832399E-07,0,0,0
HD16417,39.245825,-34.577955,2455816.8226073,4.345718,0.743803,11221.851184,0.824178,-3.976576,0.380086,11220.210509,0.307111,-3.921028,0.380259,0.406356,3.842969,0.152166,0.97012,0.404373,0.000308,0.341894,0.000431,0.480507,0.000567,0,7.381062,47.481757,0.002962,11.1,241.8,2455816.82261,10.666182,10.666269,0.312,-9999999,0.310039,-1.509314,0.639357,-1.950714,0.764822,0.5,210.4991,0.376248,3.826723,2011-09-12T07:37:58.906,-9999999,G2,183.C-0972(A),Udry,-9999999,HARPS_ech_obs_all,HARPS_ech_obs_thosimult,STAR_WAVE_G1,9.50269050403553E-06,4.04311666736854E-07,0,0,0
HD16417,39.245825,-34.577955,2455837.7916653,3.68206,0.568391,11221.588829,0.844306,-3.18635,0.219199,11221.410433,0.160226,-3.166191,0.219499,7.670963,3.345526,-3.633953,0.686334,0.404973,0.000163,0.35087,0.000225,0.469302,0.000296,128,7.384197,47.533033,0.003489,11.1,464.4,2455837.79166,3.878562,3.878681,0.181,-9999999,0.312302,-0.055431,0.524423,-0.490698,0.828963,0.5,450.0051,7.64315,3.33186,2011-10-03T06:50:41.213,-9999999,G2,183.C-0972(A),Udry,-9999999,HARPS_ech_obs_all,HARPS_ech_obs_thosimult,STAR_WAVE_G1,7.41276436488189E-06,2.81020742691412E-07,0,0,0
HD16417,39.245825,-34.577955,2455837.7972486,1.312594,0.570533,11219.329234,0.845463,-5.557611,0.224691,11219.140344,0.166207,-5.517973,0.225001,-2.327835,3.39911,-3.607009,0.631345,0.404767,0.000168,0.350425,0.000232,0.469798,0.000305,128,7.38407,47.529004,0.005246,11.1,450.2,2455837.79724,3.864937,3.865075,0.324,-9999999,0.312303,-0.057226,0.524425,-0.501193,0.828965,0.5,450.0002,-2.356769,3.370901,2011-10-03T06:58:43.610,-9999999,G2,183.C-0972(A),Udry,-9999999,HARPS_ech_obs_all,HARPS_ech_obs_thosimult,STAR_WAVE_G1,7.47599188809483E-06,2.43641045864626E-07,0,0,0
HD16417,39.245825,-34.577955,2455842.7498914,-2.477077,0.555023,11214.471145,0.74403,-8.779281,0.364332,11215.323781,0.296275,-8.728369,0.36431,1.668657,3.548013,8.776692,1.115986,0.403345,0.000298,0.352139,0.000423,0.479607,0.000554,0,7.388619,47.447713,0.005223,11.1,247.8,2455842.74988,2.221656,2.221787,-0.166,-9999999,0.312838,0.510775,0.418703,0.539798,0.682497,0.52,450.0053,1.656271,3.507406,2011-10-08T05:50:18.585,-9999999,G2,183.C-0972(A),Udry,-9999999,HARPS_ech_obs_all,HARPS_ech_obs_thosimult,STAR_WAVE_G1,8.10693937257935E-06,3.34048098301385E-07,0,0,0
HD16417,39.245825,-34.577955,2455842.7554723,-3.918995,0.559423,11213.707426,0.746164,-10.222994,0.370999,11214.54957,0.301591,-10.207841,0.37124,9.113509,3.64171,10.272527,1.078832,0.403249,0.000304,0.351676,0.00043,0.477952,0.000563,0,7.390633,47.450593,0.005581,11.1,243.3,2455842.75546,2.207975,2.208119,-0.022,-9999999,0.312838,0.508981,0.418705,0.529306,0.682498,0.52,450.0053,9.1043,3.595902,2011-10-08T05:58:20.772,-9999999,G2,183.C-0972(A),Udry,-9999999,HARPS_ech_obs_all,HARPS_ech_obs_thosimult,STAR_WAVE_G1,8.56100943358007E-06,3.41341560712869E-07,0,0,0
HD16417,39.245825,-34.577955,2455871.6761728,2.519709,0.638526,11219.420478,0.713932,-2.416624,0.321765,11222.03498,0.257698,-2.386742,0.322043,1.284856,3.586115,0.957772,0.829549,0.403788,0.000263,0.341814,0.000368,0.477696,0.000483,0,7.384388,47.486231,0.002649,11.1,285,2455871.67617,-7.858922,-7.858796,0.111,-9999999,0.31596,1.876646,0.551527,2.298542,0.6658,0.5,450.0053,1.274089,3.577053,2011-11-06T04:04:42.295,-9999999,G2,183.C-0972(A),Udry,-9999999,HARPS_ech_obs_all,HARPS_ech_obs_thosimult,STAR_WAVE_G1,7.51837779268639E-06,3.15973895560493E-07,0,0,0
HD16417,39.245825,-34.577955,2455871.6818045,2.270085,0.642629,11219.267839,0.716767,-2.668059,0.329833,11221.871755,0.265454,-2.643905,0.330148,4.600194,3.731883,2.004043,1.031077,0.403721,0.000274,0.341782,0.000382,0.477582,0.000501,0,7.38644,47.474225,0.003685,11.1,274.5,2455871.68179,-7.872653,-7.872527,-0.001,-9999999,0.315961,1.874836,0.551527,2.287955,0.6658,0.51,450.0054,4.586553,3.721334,2011-11-06T04:12:44.381,-9999999,G2,183.C-0972(A),Udry,-9999999,HARPS_ech_obs_all,HARPS_ech_obs_thosimult,STAR_WAVE_G1,8.89733835777836E-06,3.6049331398279E-07,0,0,0
HD16417,39.245825,-34.577955,2455879.7918989,-4.751785,0.855311,11212.070097,1.055111,-10.500575,0.527,11213.958022,0.426568,-10.52806,0.527217,10.751213,4.376826,3.114167,1.780162,0.402593,0.000436,0.342772,0.00062,0.467449,0.000812,0,7.386478,47.483759,0.00458,11.1,170.1,2455879.79189,-10.725199,-10.725102,0.397,-9999999,0.316836,1.064189,0.673667,1.571089,0.965039,0.52,450.005,10.741933,4.339039,2011-11-14T06:51:33.527,-9999999,G2,183.C-0972(A),Udry,-9999999,HARPS_ech_obs_all,HARPS_ech_obs_thosimult,STAR_WAVE_G1,7.69579169118359E-06,5.31322306234854E-07,0,0,0
HD16417,39.245825,-34.577955,2455879.7976331,-2.569408,0.808131,11214.359585,1.030871,-8.320042,0.44637,11216.236731,0.36248,-8.32211,0.446574,0.800165,4.192183,3.190385,1.25431,0.401743,0.000372,0.34227,0.000525,0.467665,0.000689,0,7.386526,47.482679,0.005299,11.1,200.4,2455879.79762,-10.735097,-10.735002,0.386,-9999999,0.316837,1.062346,0.673669,1.560309,0.96504,0.55,449.9998,0.792203,4.160192,2011-11-14T06:59:35.484,-9999999,G2,183.C-0972(A),Udry,-9999999,HARPS_ech_obs_all,HARPS_ech_obs_thosimult,STAR_WAVE_G1,8.73085700919281E-06,3.63071319583441E-07,0,0,0
HD16417,39.245825,-34.577955,2455888.6660655,-0.034374,0.858397,11217.440366,1.023584,-6.378603,0.369868,11218.176353,0.300301,-6.368506,0.370288,0.735193,3.948799,-4.032302,1.001962,0.400242,0.000345,0.34292,0.000468,0.478057,0.000615,0,7.380056,47.515224,0.003627,11.1,225.7,2455888.66606,-13.183054,-13.18297,-0.897,-9999999,0.317794,0.468751,0.774624,0.418193,0.978542,0.51,288.8052,0.715833,3.916928,2011-11-23T03:52:18.470,-9999999,G2,183.C-0972(A),Udry,-9999999,HARPS_ech_obs_all,HARPS_ech_obs_thosimult,STAR_WAVE_G1,8.59109880020604E-06,3.47677487449839E-07,0,0,0
HD16417,39.245825,-34.577955,2455888.6697523,1.767954,0.851103,11219.660733,1.019172,-4.57746,0.352612,11220.389789,0.2849,-4.571283,0.35304,-1.474249,3.425924,-1.374883,1.080116,0.400082,0.000332,0.343189,0.000449,0.479185,0.000591,0,7.382672,47.495899,0.004369,11.1,235.5,2455888.66975,-13.191728,-13.191636,-0.662,-9999999,0.317794,0.467565,0.774624,0.411262,0.978541,0.5,288.8051,-1.497645,3.397926,2011-11-23T03:57:39.908,-9999999,G2,183.C-0972(A),Udry,-9999999,HARPS_ech_obs_all,HARPS_ech_obs_thosimult,STAR_WAVE_G1,7.84391645662854E-06,3.09351647691326E-07,0,0,0
HD16417,39.245825,-34.577955,2455888.6734661,-0.106341,0.850116,11217.493962,1.018943,-6.452949,0.350222,11218.216038,0.284081,-6.43351,0.350615,-7.175233,3.441096,-3.870767,1.000386,0.400419,0.000328,0.343819,0.000446,0.478659,0.000585,0,7.381262,47.510024,0.004648,11.1,237.4,2455888.67346,-13.200428,-13.200342,-0.68,-9999999,0.317795,0.466371,0.774623,0.404281,0.978541,0.5,288.7997,-7.19706,3.404464,2011-11-23T04:03:00.806,-9999999,G2,183.C-0972(A),Udry,-9999999,HARPS_ech_obs_all,HARPS_ech_obs_thosimult,STAR_WAVE_G1,8.53769177979357E-06,3.59845699376785E-07,0,0,0
HD16417,39.245825,-34.577955,2455902.6097163,-2.750589,0.52561,11214.565305,0.495328,-9.33886,0.316916,11214.663703,0.250916,-9.334238,0.317316,6.101981,4.12009,-3.979676,0.906755,0.400272,0.00025,0.344149,0.000353,0.478179,0.000463,0,7.382594,47.509792,0.003528,11.1,298.4,2455902.60971,-16.644483,-16.644412,0.115,-9999999,0.319299,0.224708,0.419321,-0.220901,0.427073,0.52,300.0052,6.087363,4.082294,2011-12-07T02:32:01.265,-9999999,G2,183.C-0972(A),Udry,-9999999,HARPS_ech_obs_all,HARPS_ech_obs_thosimult,STAR_WAVE_G1,8.78765297694586E-06,3.48173428720219E-07,0,0,0
HD16417,39.245825,-34.577955,2455902.613525,-3.154914,0.518703,11214.672577,0.490512,-9.74441,0.305326,11214.763816,0.241273,-9.732351,0.305777,9.00992,3.835934,-4.542444,0.935806,0.400408,0.000243,0.34403,0.000342,0.478621,0.000448,0,7.38237,47.515243,0.002707,11.1,308.3,2455902.61352,-16.653313,-16.653241,0.279,-9999999,0.3193,0.223484,0.419319,-0.228061,0.42707,0.51,300.0052,9.003929,3.790934,2011-12-07T02:37:33.353,-9999999,G2,183.C-0972(A),Udry,-9999999,HARPS_ech_obs_all,HARPS_ech_obs_thosimult,STAR_WAVE_G1,8.57219090315342E-06,2.95548182201E-07,0,0,0
HD16417,39.245825,-34.577955,2456151.8896253,1.86668,0.90262,11218.407618,1.003838,-6.191505,0.285081,11217.876084,0.223724,-6.104573,0.285041,-3.754614,3.560928,9.423598,0.825284,0.406229,0.000223,0.349227,0.000313,0.479082,0.000411,0,7.391075,47.460156,0.003943,11.1,332.1,2456151.88962,17.709806,17.709866,0.444,-9999999,0.346208,-1.245205,0.856418,-0.877742,0.97859,0.52,900.0002,-3.752399,3.538795,2012-08-12T09:10:32.114,-9999999,G2,183.C-0972(A),Udry,-9999999,HARPS_ech_obs_all,HARPS_ech_obs_thosimult,STAR_WAVE_G1,8.89538316635647E-06,3.22790135667718E-07,0,0,0
HD16417,39.245825,-34.577955,2456167.8338775,1.317699,0.933433,11217.824438,1.027695,-5.179159,0.38882,11218.544447,0.313953,-5.130766,0.389001,2.543345,4.193811,-1.058021,1.175471,0.405199,0.000322,0.343122,0.000445,0.483441,0.000593,0,7.382077,47.507756,0.002215,11.1,232.7,2456167.83387,14.515941,14.516036,-0.194,-9999999,0.347929,0.316121,0.848597,0.37208,0.978565,0.48,450.0064,2.539742,4.173188,2012-08-28T07:53:13.302,-9999999,G2,183.C-0972(A),Udry,-9999999,HARPS_ech_obs_all,HARPS_ech_obs_thosimult,STAR_WAVE_G1,8.22814156335922E-06,4.24435514200108E-07,0,0,0
HD16417,39.245825,-34.577955,2456167.8395685,-0.690091,0.930187,11215.675989,1.026082,-7.188779,0.380956,11216.385301,0.308625,-7.11289,0.381205,1.613912,4.042659,-1.191517,1.134411,0.405306,0.000316,0.342503,0.000435,0.483148,0.00058,0,7.383237,47.505904,0.00336,11.1,237.6,2456167.83956,14.502892,14.502989,-0.076,-9999999,0.34793,0.314291,0.848599,0.361382,0.978567,0.5,449.9942,1.606057,4.013001,2012-08-28T08:01:15.992,-9999999,G2,183.C-0972(A),Udry,-9999999,HARPS_ech_obs_all,HARPS_ech_obs_thosimult,STAR_WAVE_G1,7.40145233346745E-06,3.11096787831398E-07,0,0,0
HD16417,39.245825,-34.577955,2456182.8487773,4.555017,0.767306,11221.206804,0.923646,-0.369938,0.301224,11223.545588,0.241881,-0.302855,0.30144,-9.097489,4.475593,-2.097104,0.963126,0.405847,0.00026,0.354788,0.000358,0.479669,0.000467,0,7.383312,47.510232,0.00351,11.1,293.5,2456182.84877,10.397878,10.397981,-0.243,-9999999,0.34955,1.888024,0.705707,1.989234,0.891412,0.5,899.9999,-9.11527,4.473941,2012-09-12T08:09:52.537,-9999999,G2,183.C-0972(A),Udry,-9999999,HARPS_ech_obs_all,HARPS_ech_obs_thosimult,STAR_WAVE_G1,8.12767114177149E-06,3.54830887291148E-07,0,0,0
HD16417,39.245825,-34.577955,2456207.812611,-15.309537,16.836542,11233.831618,6.956513,-21.107182,16.814748,11234.48033,6.887343,-21.028144,16.822157,46.285528,161.946804,-135.729031,50.919733,0.360671,0.015774,0.384972,0.022417,0.564419,0.028237,64,7.369952,47.081215,-0.070415,11.1,7.1,2456207.81261,2.177283,2.177403,-0.157,-9999999,0.352245,1.015335,0.856388,0.296467,0.978558,0.47,899.9991,45.352549,162.08974,2012-10-07T07:17:28.297,-9999999,G2,183.C-0972(A),Udry,-9999999,HARPS_ech_obs_all,HARPS_ech_obs_thosimult,STAR_WAVE_G1,7.09028892178393E-05,3.00196361556314E-06,0,0,0
HD16417,39.245825,-34.577955,2456208.7823271,-2.477857,0.809475,11215.196298,0.876137,-8.092211,0.296521,11216.508949,0.239029,-8.064235,0.296694,-5.27545,4.632472,2.415789,0.897737,0.403525,0.000258,0.342989,0.000354,0.480679,0.000466,0,7.385044,47.496142,0.00315,11.1,295.8,2456208.78233,1.895684,1.895786,-0.412,-9999999,0.35235,1.198625,0.75321,0.960301,0.8429,0.49,899.9998,-5.277048,4.604168,2012-10-08T06:33:33.181,-9999999,G2,183.C-0972(A),Udry,-9999999,HARPS_ech_obs_all,HARPS_ech_obs_thosimult,STAR_WAVE_G1,7.97987345732339E-06,2.58840256789933E-07,0,0,0
HD16417,39.245825,-34.577955,2456209.7672759,-2.319741,0.731707,11216.127496,1.031434,-7.351612,0.400567,11216.471552,0.32604,-7.334339,0.400669,-7.617355,5.332213,9.317086,1.064802,0.404324,0.000332,0.351936,0.000467,0.468904,0.000611,0,7.39124,47.462625,0.000631,11.1,224.4,2456209.76727,1.576785,1.576888,0.128,-9999999,0.352456,1.781108,0.612325,-0.0084,0.978546,0.48,900.0002,-7.614444,5.312865,2012-10-09T06:12:01.249,-9999999,G2,183.C-0972(A),Udry,-9999999,HARPS_ech_obs_all,HARPS_ech_obs_thosimult,STAR_WAVE_G1,7.57621102537808E-06,3.47736422974074E-07,0,0,0
HD16417,39.245825,-34.577955,2456250.5913071,4.357392,0.713624,11221.245395,0.80085,-5.055739,0.345226,11219.47015,0.274139,-5.04158,0.345482,-18.606287,4.945792,3.745935,1.011155,0.406043,0.000278,0.350013,0.000392,0.47835,0.000515,0,7.387465,47.455705,0.005383,11.1,268.2,2456250.59131,-12.05659,-12.056503,-0.263,-9999999,0.356863,-2.600152,0.624562,-2.132108,0.752468,0.49,449.9985,-18.616568,4.927835,2012-11-19T02:03:13.572,-9999999,G2,183.C-0972(A),Udry,-9999999,HARPS_ech_obs_all,HARPS_ech_obs_thosimult,STAR_WAVE_G1,7.88199873216706E-06,3.29780399901632E-07,0,0,0
HD16417,39.245825,-34.577955,2456250.5969971,4.589248,0.715643,11221.692625,0.802239,-4.825713,0.349384,11219.906683,0.278175,-4.80167,0.349632,-27.876071,4.861381,4.459788,1.039513,0.405712,0.000282,0.34954,0.000398,0.478214,0.000524,0,7.385509,47.453652,0.004234,11.1,264,2456250.59699,-12.069612,-12.0695,-0.13,-9999999,0.356863,-2.601981,0.62456,-2.142805,0.752466,0.51,449.9999,-27.882436,4.843937,2012-11-19T02:11:16.201,-9999999,G2,183.C-0972(A),Udry,-9999999,HARPS_ech_obs_all,HARPS_ech_obs_thosimult,STAR_WAVE_G1,8.70668646156902E-06,3.46594664075792E-07,0,0,0
HD16417,39.245825,-34.577955,2456270.5774661,7.894061,0.908907,11225.289116,1.007199,1.604383,0.304478,11226.234232,0.238472,1.632621,0.304782,-10.261926,5.282554,4.119718,1.00721,0.402793,0.000236,0.343322,0.000334,0.478258,0.000438,0,7.388485,47.465935,0.00394,11.1,314.6,2456270.57746,-17.163506,-17.163428,0.286,-9999999,0.35902,0.523301,0.856391,0.586096,0.978561,0.48,450.0006,-10.269165,5.28944,2012-12-09T01:44:47.595,-9999999,G2,183.C-0972(A),Udry,-9999999,HARPS_ech_obs_all,HARPS_ech_obs_thosimult,STAR_WAVE_G1,7.93848590411576E-06,2.85935222225988E-07,0,0,0
HD16417,39.245825,-34.577955,2456270.5831035,8.6385,0.909936,11225.81057,1.007808,2.347009,0.307539,11226.74509,0.241039,2.353179,0.307811,-11.103788,5.430962,5.244324,1.049043,0.403076,0.000238,0.343657,0.000336,0.478388,0.000441,0,7.388929,47.459724,0.00125,11.1,312.4,2456270.5831,-17.176532,-17.176443,0.076,-9999999,0.359021,0.521489,0.856389,0.575499,0.978559,0.49,450.0005,-11.115597,5.438508,2012-12-09T01:52:50.194,-9999999,G2,183.C-0972(A),Udry,-9999999,HARPS_ech_obs_all,HARPS_ech_obs_thosimult,STAR_WAVE_G1,8.0743817196959E-06,3.45411329157382E-07,0,0,0
HD16417,39.245825,-34.577955,2456292.6507522,-7.83041,0.886012,11211.576556,0.992377,-15.67776,0.227243,11208.700777,0.165122,-15.68546,0.227475,-20.268823,5.077831,-0.684413,0.724859,0.401343,0.000173,0.343434,0.000237,0.475656,0.000311,128,7.389067,47.516856,0.003369,11.1,443.8,2456292.65075,-20.542684,-20.542667,0.846,-9999999,0.361403,-1.034371,0.856375,-3.237182,0.978544,0.5,800.0007,-20.268131,5.02424,2012-12-31T03:29:16.360,-9999999,G2,183.C-0972(A),Udry,-9999999,HARPS_ech_obs_all,HARPS_ech_obs_thosimult,STAR_WAVE_G1,7.69435080870607E-06,2.47008626479493E-07,0,0,0
HD16417,39.245825,-34.577955,2456322.5676152,1.991626,0.794814,11219.565492,0.991589,-4.640742,0.223912,11220.01762,0.160189,-4.658492,0.223959,-6.843291,4.693316,1.324434,0.827873,0.398926,0.000164,0.351989,0.000228,0.474032,0.000298,128,7.390207,47.505463,0.002477,11.1,462.8,2456322.5676,-19.920943,-19.920962,0.528,-9999999,0.364632,0.180612,0.762622,0.087496,0.978565,0.49,900.0009,-6.852775,4.677181,2013-01-30T01:31:48.927,-9999999,G2,183.C-0972(A),Udry,-9999999,HARPS_ech_obs_all,HARPS_ech_obs_thosimult,STAR_WAVE_G1,8.31303326457815E-06,2.37282244473063E-07,0,0,0
HD16417,39.245825,-34.577955,2456498.8466939,0.353082,0.858306,11216.938597,1.001951,-6.604857,0.422362,11217.089965,0.339252,-6.541385,0.422393,-17.398464,4.775401,14.850734,1.450467,0.402053,0.000338,0.348989,0.000473,0.481044,0.000621,0,7.397535,47.428789,0.002546,11.1,220.2,2456498.84669,19.953819,19.953838,1.661,-9999999,0.383661,-0.144959,0.747194,-0.232293,0.942769,0.49,300.0011,-17.405475,4.760907,2013-07-25T08:15:42.544,-9999999,G2,091.C-0936(A),Udry,-9999999,HARPS_ech_obs_all,HARPS_ech_obs_wavesimult,STAR_WAVE_G1,8.01985765037234E-06,3.96477483816223E-07,0,0,0
HD16417,39.245825,-34.577955,2456498.8505972,-1.620277,0.844918,11215.032515,0.994104,-8.579471,0.394443,11215.176547,0.315317,-8.522312,0.394479,-23.683753,4.675068,12.253472,1.401264,0.402602,0.000313,0.349089,0.000438,0.480006,0.000574,0,7.395952,47.446285,0.004306,11.1,237.8,2456498.85059,19.947427,19.947449,1.454,-9999999,0.383662,-0.146214,0.747196,-0.23963,0.942771,0.51,300.0011,-23.692803,4.651795,2013-07-25T08:21:13.764,-9999999,G2,091.C-0936(A),Udry,-9999999,HARPS_ech_obs_all,HARPS_ech_obs_wavesimult,STAR_WAVE_G1,7.97311889388978E-06,3.89766301348759E-07,0,0,0
HD16417,39.245825,-34.577955,2456498.8543349,0.322909,0.856021,11216.886508,1.001439,-6.637486,0.417694,11217.023513,0.337728,-6.621941,0.417675,-16.20661,5.264722,11.988269,1.395426,0.402902,0.00034,0.350106,0.000474,0.481007,0.000622,0,7.396262,47.445398,0.002975,11.1,220.2,2456498.85433,19.941182,19.941218,1.208,-9999999,0.383662,-0.147416,0.747197,-0.246657,0.942773,0.48,300.0012,-16.21107,5.24923,2013-07-25T08:26:45.684,-9999999,G2,091.C-0936(A),Udry,-9999999,HARPS_ech_obs_all,HARPS_ech_obs_wavesimult,STAR_WAVE_G1,9.24706890655696E-06,4.35358823175363E-07,0,0,0
HD16417,39.245825,-34.577955,2456512.9346523,5.054033,1.091287,11222.725554,1.122265,-0.902903,0.676323,11223.269133,0.549352,-0.89398,0.676397,-3.656093,6.319679,0.80839,2.213491,0.404097,0.000596,0.335379,0.000816,0.482546,0.001084,0,7.393496,47.519846,0.005547,11.1,127.9,2456512.93465,18.280221,18.280265,0.195,-9999999,0.385182,0.856043,0.856442,0.158397,0.978617,0.5,450.0001,-3.656408,6.318546,2013-08-08T10:19:46.583,-9999999,G2,091.C-0936(A),Udry,-9999999,HARPS_ech_obs_all,HARPS_ech_obs_wavesimult,STAR_WAVE_G1,7.20686267597866E-06,6.72222357537118E-07,0,0,0
HD16417,39.245825,-34.577955,2456512.940133,3.967353,1.087606,11221.585409,1.120655,-1.991345,0.670363,11222.118686,0.546049,-1.942851,0.670542,-8.866932,5.943942,-0.098514,2.402046,0.405165,0.0006,0.336829,0.00082,0.485242,0.00109,0,7.390978,47.523155,0.004537,11.1,127.6,2456512.94013,18.267914,18.267953,-0.232,-9999999,0.385183,0.854281,0.856446,0.148094,0.97862,0.48,450.0005,-8.872615,5.939404,2013-08-08T10:27:49.081,-9999999,G2,091.C-0936(A),Udry,-9999999,HARPS_ech_obs_all,HARPS_ech_obs_wavesimult,STAR_WAVE_G1,7.90868337924106E-06,5.31022113062719E-07,0,0,0
HD16417,39.245825,-34.577955,2456532.9308882,-0.777681,0.905493,11217.062208,1.005653,-7.364058,0.293987,11217.169228,0.231627,-7.333478,0.293972,-0.836576,5.131779,13.588115,1.315256,0.404408,0.000231,0.349626,0.000322,0.480667,0.000424,0,7.393999,47.451451,0.004378,11.1,323.3,2456532.93089,14.370101,14.370153,1.151,-9999999,0.387341,0.226602,0.85644,-0.280321,0.978614,0.51,900.0003,-0.84274,5.111548,2013-08-28T10:08:52.015,-9999999,G2,091.C-0936(A),Udry,-9999999,HARPS_ech_obs_all,HARPS_ech_obs_wavesimult,STAR_WAVE_G1,7.82809140261165E-06,2.87459761770706E-07,0,0,0
HD16417,39.245825,-34.577955,2456580.7415702,1.221034,0.790163,11217.822173,0.910737,-4.271366,0.560874,11219.745575,0.461919,-4.256859,0.560922,14.481911,6.286167,5.824472,1.775335,0.403267,0.000467,0.344224,0.000654,0.47741,0.000854,0,7.389737,47.489181,0.001719,11.1,161.6,2456580.74156,-0.428343,-0.428239,0.239,-9999999,0.392502,1.32058,0.556578,1.5309,0.784903,0.52,300.0004,14.483035,6.276077,2013-10-15T05:39:34.603,-9999999,G2,192.C-0852(A),Udry,-9999999,HARPS_ech_obs_all,HARPS_ech_obs_wavesimult,STAR_WAVE_G1,6.17357324331393E-06,5.80173419780143E-07,0,0,0
HD16417,39.245825,-34.577955,2456592.7290529,0.776917,0.811768,11218.550246,0.999975,-5.07342,0.262137,11219.366972,0.205927,-5.03531,0.262431,2.371184,3.574013,9.337418,1.128765,0.404445,0.000207,0.342025,0.000286,0.474419,0.000373,0,7.39152,47.449686,0.003776,11.1,367.8,2456592.72904,-4.673699,-4.673573,1.091,-9999999,0.393796,0.962643,0.768278,0.42293,0.978541,0.51,450.0011,2.379961,3.561548,2013-10-27T05:20:28.374,-9999999,G2,192.C-0852(A),Udry,-9999999,HARPS_ech_obs_all,HARPS_ech_obs_wavesimult,STAR_WAVE_G1,7.89679670310405E-06,3.28571768221978E-07,0,0,0
HD16417,39.245825,-34.577955,2456592.7345326,-1.571855,0.8114,11216.450752,0.999494,-7.423954,0.260993,11217.257176,0.203578,-7.390922,0.261207,0.500311,3.390989,9.828766,1.134323,0.404339,0.000203,0.349329,0.000281,0.474286,0.000367,0,7.3923,47.441417,0.004325,11.1,374,2456592.73453,-4.687057,-4.686964,1.121,-9999999,0.393796,0.960881,0.768279,0.412628,0.978542,0.49,450.0014,0.513304,3.370436,2013-10-27T05:28:30.824,-9999999,G2,192.C-0852(A),Udry,-9999999,HARPS_ech_obs_all,HARPS_ech_obs_wavesimult,STAR_WAVE_G1,7.49983979573377E-06,2.38165870033151E-07,0,0,0
HD16417,39.245825,-34.577955,2456603.7175423,-4.785103,0.880152,11212.090838,0.846175,-10.374107,0.282212,11214.21624,0.220601,-10.382276,0.282482,4.618837,3.097171,5.952363,1.151536,0.405374,0.000224,0.342048,0.000308,0.467747,0.000405,0,7.394877,47.481855,0.003301,11.1,340.1,2456603.71754,-8.457372,-8.457294,0.617,-9999999,0.394982,1.223976,0.833681,1.73042,0.816914,0.49,450.0002,4.604531,3.036865,2013-11-07T05:04:23.510,-9999999,G2,192.C-0852(A),Udry,-9999999,HARPS_ech_obs_all,HARPS_ech_obs_wavesimult,STAR_WAVE_G1,7.9048336795844E-06,2.5254194061683E-07,0,0,0
HD16417,39.245825,-34.577955,2456603.7231246,-2.936951,0.88031,11214.125405,0.846698,-8.527749,0.282704,11216.240313,0.222597,-8.488773,0.283051,-3.13862,3.770047,6.488654,1.263275,0.409079,0.000227,0.342419,0.000313,0.468143,0.000411,0,7.394754,47.482151,0.003013,11.1,335.4,2456603.72312,-8.47061,-8.470517,0,-9999999,0.394982,1.222181,0.833681,1.719926,0.816914,0.49,450.0008,-3.159003,3.726549,2013-11-07T05:12:25.840,-9999999,G2,192.C-0852(A),Udry,-9999999,HARPS_ech_obs_all,HARPS_ech_obs_wavesimult,STAR_WAVE_G1,8.1111756271814E-06,3.10339160037909E-07,0,0,0
HD16417,39.245825,-34.577955,2456612.6442954,-3.301407,0.690833,11213.933919,0.643553,-9.477434,0.264298,11214.97278,0.203001,-9.505671,0.264411,-4.505597,2.955808,5.928184,1.047777,0.406738,0.000199,0.350763,0.000281,0.478837,0.000369,0,7.393303,47.481288,0.003425,11.1,372.6,2456612.64429,-11.178288,-11.178173,0.225,-9999999,0.395945,0.636953,0.638277,0.642916,0.610698,0.51,900.0008,-4.512627,2.902727,2013-11-16T03:15:21.720,-9999999,G2,192.C-0852(A),Udry,-9999999,HARPS_ech_obs_all,HARPS_ech_obs_wavesimult,STAR_WAVE_G1,7.6255591939822E-06,2.83066125388508E-07,0,0,0
HD16417,39.245825,-34.577955,2456616.7500485,-0.378564,0.890022,11217.008314,0.99475,-6.820508,0.242408,11217.556307,0.178829,-6.810416,0.242553,1.410693,3.617194,2.918406,0.938862,0.402748,0.000177,0.342275,0.000249,0.47841,0.000327,128,7.392162,47.513537,0.001929,11.1,422.3,2456616.75004,-12.622966,-12.622876,0.18,-9999999,0.396389,0.371036,0.856375,0.151604,0.978544,0.51,900.0016,1.394394,3.58334,2013-11-20T05:47:52.771,-9999999,G2,192.C-0852(A),Udry,-9999999,HARPS_ech_obs_all,HARPS_ech_obs_wavesimult,STAR_WAVE_G1,8.21913140426685E-06,2.94558716277677E-07,0,0,0
HD16417,39.245825,-34.577955,2456673.5345441,-4.154023,0.652934,11212.573535,0.795625,-9.395111,0.459734,11214.792164,0.370162,-9.386837,0.459811,-9.780995,4.477557,4.589125,1.704169,0.395124,0.000376,0.356848,0.000537,0.447644,0.00068,0,7.389046,47.485034,0.001087,11.1,200.1,2456673.53454,-20.799085,-20.799114,0.545,-9999999,0.402518,1.571892,0.463646,1.816111,0.704272,0.48,180.0011,-9.789002,4.443472,2014-01-16T00:48:41.776,-9999999,G2,192.C-0852(A),Udry,-9999999,HARPS_ech_obs_all,HARPS_ech_obs_wavesimult,STAR_WAVE_G1,8.32150054469871E-06,5.06303965144284E-07,0,0,0
HD16417,39.245825,-34.577955,2456673.5370513,-5.103608,0.667467,11212.31216,0.80223,-10.345502,0.480152,11214.526077,0.384156,-10.397718,0.480336,-1.979935,5.270739,4.704109,1.763477,0.39452,0.000388,0.35637,0.000556,0.448228,0.000706,0,7.390814,47.474242,0.001193,11.1,193.2,2456673.53704,-20.804042,-20.804067,0,-9999999,0.402519,1.571086,0.463644,1.811398,0.704271,0.5,180.0021,-1.981022,5.238171,2014-01-16T00:52:14.809,-9999999,G2,192.C-0852(A),Udry,-9999999,HARPS_ech_obs_all,HARPS_ech_obs_wavesimult,STAR_WAVE_G1,8.98671008747855E-06,4.93869957017167E-07,0,0,0
HD16417,39.245825,-34.577955,2456673.5395068,-7.797142,0.66013,11209.01709,0.799118,-13.039825,0.469902,11211.22639,0.377617,-13.050125,0.470035,-3.373751,4.328962,4.014015,1.653223,0.395607,0.000383,0.356938,0.000548,0.448356,0.000694,0,7.392514,47.480289,0.00141,11.1,196.5,2456673.5395,-20.808871,-20.808879,0,-9999999,0.402519,1.570296,0.463642,1.806781,0.704269,0.5,180.0018,-3.378011,4.280185,2014-01-16T00:55:46.982,-9999999,G2,192.C-0852(A),Udry,-9999999,HARPS_ech_obs_all,HARPS_ech_obs_wavesimult,STAR_WAVE_G1,7.80474331278571E-06,4.35297518346237E-07,0,0,0
HD16417,39.245825,-34.577955,2456864.9159025,-5.738761,0.83086,11212.109742,0.938679,-12.829903,0.298997,11211.58279,0.23207,-12.741614,0.298882,-12.874806,3.23314,6.538595,1.118579,0.406045,0.000229,0.339472,0.000319,0.481325,0.000421,0,7.392716,47.49228,0.003655,11.1,325.4,2456864.91589,19.785302,19.785337,0.862,-9999999,0.423177,-0.278162,0.775196,-0.950129,0.909539,0.51,450.001,-12.877702,3.166168,2014-07-26T09:53:54.211,-9999999,G2,192.C-0852(A),Udry,-9999999,HARPS_ech_obs_all,HARPS_ech_obs_wavesimult,STAR_WAVE_G1,8.07997211865944E-06,3.28553622164888E-07,0,0,0
HD16417,39.245825,-34.577955,2456864.9214383,-3.244388,0.8297,11214.020859,0.938283,-10.337309,0.29575,11213.483502,0.230447,-10.286887,0.295728,-13.355886,3.365326,7.783316,1.256779,0.406303,0.000229,0.339056,0.000318,0.481143,0.000419,0,7.394309,47.484607,0.002633,11.1,326.7,2456864.92143,19.773685,19.77371,0.855,-9999999,0.423178,-0.279942,0.7752,-0.960535,0.909543,0.5,450.0012,-13.363514,3.314445,2014-07-26T10:01:56.971,-9999999,G2,192.C-0852(A),Udry,-9999999,HARPS_ech_obs_all,HARPS_ech_obs_wavesimult,STAR_WAVE_G1,7.86699970078586E-06,3.29099632469731E-07,0,0,0
HD16417,39.245825,-34.577955,2456871.9250901,-2.229656,0.707459,11214.804643,0.825128,-8.233498,0.286451,11215.730717,0.22223,-8.155943,0.2864,-8.24487,3.246624,7.652441,1.007399,0.401627,0.000223,0.34669,0.000308,0.483038,0.000408,0,7.396079,47.488329,0.002785,11.1,337,2456871.92509,19.105024,19.105049,0.808,-9999999,0.423934,0.809138,0.646873,0.50214,0.794638,0.49,900.0008,-8.256301,3.206853,2014-08-02T10:02:57.329,-9999999,G2,192.C-0852(A),Udry,-9999999,HARPS_ech_obs_all,HARPS_ech_obs_wavesimult,STAR_WAVE_G1,7.81012172448638E-06,3.57911602617779E-07,0,0,0
HD16417,39.245825,-34.577955,2456903.8805177,-0.239945,0.702264,11216.187686,0.942843,-5.473931,0.326702,11218.196177,0.260189,-5.404374,0.326812,-3.808132,3.915706,6.496642,1.308351,0.406419,0.000267,0.332208,0.000361,0.485296,0.000485,0,7.393575,47.497028,0.001338,11.1,285.9,2456903.88051,13.010236,13.010308,0,-9999999,0.427383,1.578994,0.621644,1.581108,0.906231,0.52,450.0014,-3.820686,3.893799,2014-09-03T08:59:41.538,-9999999,G2,192.C-0852(A),Udry,-9999999,HARPS_ech_obs_all,HARPS_ech_obs_wavesimult,STAR_WAVE_G1,7.48920329380688E-06,3.17159116600429E-07,0,0,0
HD16417,39.245825,-34.577955,2456903.8857567,0.880529,0.705979,11217.409065,0.944928,-4.355141,0.334607,11219.407708,0.267638,-4.280869,0.334566,-0.769022,3.251502,7.641525,1.518746,0.406257,0.000275,0.331673,0.000372,0.484287,0.0005,0,7.395029,47.493812,0.00246,11.1,277.1,2456903.88575,12.997956,12.998024,0,-9999999,0.427384,1.577309,0.621647,1.571259,0.906234,0.45,450.0015,-0.769215,3.232369,2014-09-03T09:07:45.669,-9999999,G2,192.C-0852(A),Udry,-9999999,HARPS_ech_obs_all,HARPS_ech_obs_wavesimult,STAR_WAVE_G1,8.81737443864102E-06,3.16624412655059E-07,0,0,0
HD16417,39.245825,-34.577955,2456935.8274181,-0.693029,0.952905,11217.082465,1.036009,-6.608255,0.417875,11217.802852,0.340191,-6.564722,0.417906,-4.422266,3.763072,7.539844,1.475087,0.406388,0.00035,0.342926,0.000487,0.480874,0.00064,0,7.392498,47.474997,0.001422,11.1,215,2456935.82742,3.016368,3.016456,0.125,-9999999,0.430832,0.897754,0.856393,0.289555,0.978563,0.49,900.0011,-4.439521,3.73703,2014-10-05T07:38:30.042,-9999999,G2,192.C-0852(A),Udry,-9999999,HARPS_ech_obs_all,HARPS_ech_obs_wavesimult,STAR_WAVE_G1,7.83688183414963E-06,5.31630032308057E-07,0,0,0
HD16417,39.245825,-34.577955,2456950.8806642,4.220827,0.644215,11221.7039,0.933627,-2.939146,0.288428,11221.488232,0.22783,-2.905374,0.288534,-8.404617,2.802912,11.443541,1.306275,0.406702,0.000232,0.34776,0.000321,0.475081,0.000422,0,7.396513,47.446359,0.003984,11.1,325.3,2456950.88066,-2.417836,-2.417744,1.15,-9999999,0.432457,-0.346994,0.57604,-0.648125,0.905402,0.5,900.0007,-8.423956,2.794453,2014-10-20T08:54:59.311,-9999999,G2,192.C-0852(A),Udry,-9999999,HARPS_ech_obs_all,HARPS_ech_obs_wavesimult,STAR_WAVE_G1,9.24588886125138E-06,2.70183834429488E-07,0,0,0
HD16417,39.245825,-34.577955,2457036.5746025,-2.981791,0.492141,11214.056585,0.601319,-10.781662,0.303292,11213.614618,0.239158,-10.786732,0.303565,-0.773123,3.893362,1.075012,1.341568,0.405946,0.000251,0.35276,0.000346,0.473128,0.000451,0,7.392194,47.515099,0.001969,11.1,305.6,2457036.5746,-20.915126,-20.915129,0.165,-9999999,0.441707,-0.986891,0.387578,-0.883674,0.551714,0.51,400.0021,-0.788501,3.848553,2015-01-14T01:44:11.174,-9999999,G2,192.C-0852(A),Udry,-9999999,HARPS_ech_obs_all,HARPS_ech_obs_wavesimult,STAR_WAVE_G1,6.71411960695186E-06,3.43836380560937E-07,0,0,0
HD16417,39.245825,-34.577955,2457036.5795048,-3.612316,0.496965,11213.427262,0.603583,-11.413763,0.311064,11212.97608,0.244802,-11.438013,0.311287,-1.008466,3.96068,3.529332,1.250169,0.405929,0.000258,0.35261,0.000355,0.474629,0.000464,0,7.39329,47.500011,0.002055,11.1,297.6,2457036.5795,-20.923956,-20.923943,0,-9999999,0.441708,-0.988468,0.387574,-0.89289,0.551711,0.49,400.0005,-1.012604,3.907343,2015-01-14T01:51:22.762,-9999999,G2,192.C-0852(A),Udry,-9999999,HARPS_ech_obs_all,HARPS_ech_obs_wavesimult,STAR_WAVE_G1,7.8868966437819E-06,3.11771694437256E-07,0,0,0
HD16417,39.245825,-34.577955,2457046.5398324,3.919588,0.62665,11220.950522,0.726782,-3.715028,0.285734,11220.890739,0.220694,-3.680014,0.285955,-0.112896,3.786899,-0.490507,1.193933,0.402948,0.00022,0.344137,0.000307,0.47347,0.000401,0,7.390843,47.516719,0.004231,11.1,343,2457046.53983,-20.476643,-20.476687,0.752,-9999999,0.442783,-0.821636,0.557716,-0.502566,0.692464,0.5,420.0016,-0.119318,3.775647,2015-01-24T00:55:00.185,-9999999,G2,192.C-0852(A),Udry,-9999999,HARPS_ech_obs_all,HARPS_ech_obs_wavesimult,STAR_WAVE_G1,7.68548183917786E-06,3.64182548016447E-07,0,0,0
HD16417,39.245825,-34.577955,2457046.5451133,3.93433,0.621352,11221.145068,0.723382,-3.701984,0.273926,11221.075359,0.209235,-3.684376,0.274282,-1.598846,4.192987,0.334362,1.180537,0.402873,0.00021,0.343724,0.000292,0.47226,0.000381,0,7.392306,47.509821,0.002324,11.1,360.7,2457046.54511,-20.486027,-20.48606,0.563,-9999999,0.442784,-0.823334,0.557712,-0.512493,0.692461,0.51,420.0022,-1.596666,4.18162,2015-01-24T01:02:32.284,-9999999,G2,192.C-0852(A),Udry,-9999999,HARPS_ech_obs_all,HARPS_ech_obs_wavesimult,STAR_WAVE_G1,7.54549429740108E-06,2.98830773474941E-07,0,0,0
HD16417,39.245825,-34.577955,2457258.8336394,-6.348708,0.691674,11224.484382,0.743733,-28.292192,0.246971,11210.265454,0.214912,-16.303365,0.282608,13.399943,9.160017,31.918456,4.158996,0.40777,0.000247,0.33973,0.000316,0.481085,0.000421,0,7.412015,47.377564,0.012657,11.1,322.8,2457258.83364,15.627112,15.627192,0,-9999999,0.4657,-14.524217,0.646079,-14.684628,0.712005,0.49,449.9983,13.39771,9.100997,2015-08-24T07:53:06.660,-9999999,G2,192.C-0852(A),Udry,-9999999,HARPS_ech_obs_all,HARPS_ech_obs_wavesimult,STAR_WAVE_G1,7.82182596556046E-06,2.69845388493498E-07,0,0,0
HD16417,39.245825,-34.577955,2457258.8392142,-5.283067,0.689114,11225.072589,0.741538,-27.216355,0.239682,11210.853816,0.207148,-15.278474,0.276545,5.346732,9.407216,31.95602,4.223527,0.407485,0.00024,0.330783,0.000306,0.48226,0.000408,0,7.411819,47.378554,0.012396,11.1,333.7,2457258.8392,15.614695,15.614775,0,-9999999,0.4657,-14.514021,0.646089,-14.684473,0.712018,0.49,449.9983,5.340784,9.357892,2015-08-24T08:01:08.300,-9999999,G2,192.C-0852(A),Udry,-9999999,HARPS_ech_obs_all,HARPS_ech_obs_wavesimult,STAR_WAVE_G1,8.22327954599157E-06,2.90186656619156E-07,0,0,0
HD16417,39.245825,-34.577955,2457307.8464513,1.114914,0.768348,11230.739093,0.744231,-4.131504,0.599909,11233.16601,0.5094,8.726736,0.612766,12.778857,11.210176,31.776633,4.910754,0.406889,0.000509,0.351089,0.000692,0.46752,0.000903,0,7.407363,47.363879,0.012023,11.1,150.4,2457307.84645,0.589836,0.589917,-0.205,-9999999,0.47099,2.172849,0.480071,1.955927,0.542578,0.55,449.9983,12.781692,11.222135,2015-10-12T08:09:03.540,-9999999,G2,192.C-0852(A),Udry,-9999999,HARPS_ech_obs_all,HARPS_ech_obs_thosimult,STAR_WAVE_G1,7.65748566581934E-06,5.71159326877728E-07,0,0,0
HD16417,39.245825,-34.577955,2457307.8512852,0.842563,0.70745,11231.87784,0.702339,-4.395013,0.51962,11234.304893,0.445951,8.386899,0.534594,0.327823,11.519432,29.624582,4.646241,0.407114,0.000446,0.351235,0.000606,0.465996,0.000788,0,7.405414,47.3673,0.013705,11.1,171.7,2457307.85128,0.579735,0.579835,-0.1,-9999999,0.470991,2.181691,0.480083,1.956062,0.542593,0.41,449.9983,0.32016,11.531074,2015-10-12T08:17:04.186,-9999999,G2,192.C-0852(A),Udry,-9999999,HARPS_ech_obs_all,HARPS_ech_obs_thosimult,STAR_WAVE_G1,9.16854552884359E-06,6.297312936995E-07,0,0,0
HD16417,39.245825,-34.577955,2457328.7674672,-1.962166,0.813347,11229.258688,1.095302,-7.87084,0.263433,11231.142351,0.228729,4.253843,0.293907,-5.141523,8.638694,27.793174,4.31259,0.40608,0.000243,0.350411,0.000325,0.474423,0.000423,0,7.410412,47.391017,0.013939,11.1,319.3,2457328.76746,-6.685339,-6.685231,0,-9999999,0.473249,1.510594,0.769504,1.410414,1.071153,0.48,899.9983,-5.143305,8.651343,2015-11-02T06:12:32.358,-9999999,G2,192.C-0852(A),Udry,-9999999,HARPS_ech_obs_all,HARPS_ech_obs_wavesimult,STAR_WAVE_G1,7.86568553173443E-06,3.69037513703064E-07,0,0,0
HD16417,39.245825,-34.577955,2457352.7434354,4.34334,0.882742,11235.950346,0.593609,-1.522644,0.384022,11237.998639,0.329193,11.53355,0.40573,6.350133,12.269577,37.387239,4.246656,0.40532,0.000341,0.344269,0.000467,0.475835,0.000607,0,7.40916,47.324104,0.012757,11.1,223.2,2457352.74343,-14.174209,-14.174115,0,-9999999,0.475837,1.553283,0.794834,1.572456,0.493967,0.42,899.9983,6.305438,12.287238,2015-11-26T05:40:01.853,-9999999,G2,192.C-0852(A),Udry,-9999999,HARPS_ech_obs_all,HARPS_ech_obs_wavesimult,STAR_WAVE_G1,8.65887772786062E-06,4.53106458598225E-07,0,0,0
HD16417,39.245825,-34.577955,2457397.6028599,-2.203971,0.440577,11228.846021,0.420153,-9.888475,0.22835,11229.513995,0.169145,2.541151,0.237201,-5.044299,6.835054,27.801115,4.089787,0.401586,0.000175,0.353863,0.000239,0.457095,0.000307,128,7.409024,47.367113,0.012998,11.1,438.3,2457397.60285,-20.944888,-20.94487,-0.075,-9999999,0.480679,-0.265237,0.376782,0.187295,0.384602,0.49,899.9983,-5.066654,6.848388,2016-01-10T02:20:29.789,-9999999,G2,192.C-0852(A),Udry,-9999999,HARPS_ech_obs_all,HARPS_ech_obs_wavesimult,STAR_WAVE_G1,7.14724412483597E-06,2.50886827653481E-07,0,0,0
HD16417,39.245825,-34.577955,2457423.5650315,0.570937,0.541813,11232.661761,0.523043,-7.966205,0.271714,11231.601559,0.230663,5.018264,0.300145,4.410747,7.954702,23.816381,4.349525,0.402665,0.000222,0.34478,0.00031,0.4711,0.0004,0,7.406654,47.384441,0.012049,11.1,336.6,2457423.56502,-19.271037,-19.271083,1.546,-9999999,0.483482,-1.117875,0.468757,-1.543684,0.469435,0.48,449.9983,4.376596,7.975162,2016-02-05T01:32:17.781,-9999999,G2,192.C-0852(A),Udry,-9999999,HARPS_ech_obs_all,HARPS_ech_obs_wavesimult,STAR_WAVE_G1,7.56722421829527E-06,3.25533127731464E-07,0,0,0
HD16417,39.245825,-34.577955,2457423.570648,-0.511192,0.540835,11231.169583,0.522209,-9.038061,0.26978,11230.109539,0.228801,3.813377,0.298445,5.972919,8.0759,23.957977,4.27297,0.403094,0.00022,0.345277,0.000307,0.471227,0.000397,0,7.408581,47.389389,0.011255,11.1,339.5,2457423.57065,-19.277914,-19.277981,1.297,-9999999,0.483483,-1.107602,0.468744,-1.543527,0.469417,0.49,449.9983,5.968892,8.092664,2016-02-05T01:40:18.576,-9999999,G2,192.C-0852(A),Udry,-9999999,HARPS_ech_obs_all,HARPS_ech_obs_wavesimult,STAR_WAVE_G1,7.58020008661742E-06,3.06814542109362E-07,0,0,0
HD16417,39.245825,-34.577955,2457674.8268585,0.350617,0.602449,11232.176372,0.624755,-8.410016,0.278314,11230.90272,0.244439,4.077072,0.306455,4.64087,8.712276,29.317389,4.20756,0.405579,0.000256,0.342935,0.000345,0.464689,0.000448,0,7.40894,47.365528,0.013415,11.1,301.7,2457674.82685,-0.002668,-0.002524,0.367,-9999999,0.510605,-1.341366,0.534309,-1.784257,0.574951,0.49,449.9982,4.623618,8.724936,2016-10-13T07:41:17.220,-9999999,G2,198.C-0836(A),Diaz,-9999999,HARPS_ech_obs_all,HARPS_ech_obs_wavesimult,STAR_WAVE_G1,8.35764584455228E-06,3.40453677789667E-07,0,0,0
HD16417,39.245825,-34.577955,2457674.8324826,0.211352,0.608863,11232.376429,0.629333,-8.538994,0.291917,11231.102935,0.25588,4.025817,0.318918,5.721379,8.741935,30.077371,4.328454,0.406056,0.000271,0.342784,0.000363,0.465597,0.000473,0,7.4078,47.364465,0.012522,11.1,286.4,2457674.83248,-0.014977,-0.014849,0.443,-9999999,0.510605,-1.331079,0.53432,-1.784099,0.574965,0.5,449.9983,5.72861,8.753969,2016-10-13T07:49:18.638,-9999999,G2,198.C-0836(A),Diaz,-9999999,HARPS_ech_obs_all,HARPS_ech_obs_wavesimult,STAR_WAVE_G1,7.37300414389845E-06,3.19775992336319E-07,0,0,0
HD16417,39.245825,-34.577955,2457675.6411794,0.369772,1.203261,11232.441193,1.090381,-5.196646,0.225952,11234.095778,0.198783,6.947397,0.259897,15.021719,12.005565,29.466573,4.175002,0.405871,0.000215,0.34198,0.000287,0.465403,0.000375,0,7.410221,47.36383,0.013574,11.1,361.9,2457675.64118,0.074945,0.075073,0.107,-9999999,0.510693,1.852849,1.181856,1.143892,1.072108,0.52,449.9983,15.026275,12.020316,2016-10-14T03:13:41.044,-9999999,G2,198.C-0836(A),Diaz,-9999999,HARPS_ech_obs_all,HARPS_ech_obs_wavesimult,STAR_WAVE_G1,7.28759575899828E-06,2.60064483229096E-07,0,0,0
HD16417,39.245825,-34.577955,2457675.6463895,-1.14004,1.2073,11231.465584,1.093742,-6.696928,0.246565,11233.120314,0.216478,5.827152,0.278012,15.272563,12.191179,29.683843,4.228409,0.405792,0.000235,0.341764,0.000314,0.465915,0.00041,0,7.408635,47.367066,0.014214,11.1,330.7,2457675.64639,0.064305,0.064442,0.55,-9999999,0.510693,1.862379,1.181854,1.144037,1.072105,0.45,449.9983,15.271274,12.199573,2016-10-14T03:21:42.693,-9999999,G2,198.C-0836(A),Diaz,-9999999,HARPS_ech_obs_all,HARPS_ech_obs_wavesimult,STAR_WAVE_G1,7.63992030029402E-06,3.21317406019978E-07,0,0,0
HD16417,39.245825,-34.577955,2457692.7396511,-0.256892,0.599189,11230.898697,0.673436,-8.814128,0.22959,11230.805878,0.176125,3.254202,0.238142,-2.545553,9.43773,30.43819,4.165342,0.40556,0.00018,0.341075,0.000243,0.46175,0.000316,128,7.412391,47.356443,0.014746,11.1,426.9,2457692.73965,-6.200543,-6.200439,0.702,-9999999,0.512539,-1.137969,0.553458,-0.605358,0.649997,0.53,899.9983,-2.533733,9.44697,2016-10-31T05:31:41.422,-9999999,G2,198.C-0836(A),Diaz,-9999999,HARPS_ech_obs_all,HARPS_ech_obs_wavesimult,STAR_WAVE_G1,8.12663919084059E-06,2.48872711250854E-07,0,0,0
HD16417,39.245825,-34.577955,2457716.6498022,5.448015,0.684117,11236.768652,0.614619,-1.193895,0.223882,11238.385333,0.169123,10.820192,0.232425,6.258268,10.329636,32.191804,4.119892,0.402766,0.000178,0.343581,0.00024,0.475997,0.000313,128,7.411159,47.345509,0.013148,11.1,433.1,2457716.6498,-13.629325,-13.629243,1.538,-9999999,0.51512,0.777357,0.646446,1.101561,0.590892,0.46,899.9983,6.199141,10.375121,2016-11-24T03:24:30.323,-9999999,G2,198.C-0836(A),Diaz,-9999999,HARPS_ech_obs_all,HARPS_ech_obs_wavesimult,STAR_WAVE_G1,7.85801631130988E-06,2.35440325036007E-07,0,0,0
HD16417,39.245825,-34.577955,2457944.9429337,0.915797,0.598759,11231.72156,0.679577,-6.485292,0.217848,11232.159071,0.163778,5.10922,0.230314,2.890907,12.191603,27.166351,4.325004,0.407908,0.000177,0.342705,0.000231,0.467657,0.000301,128,7.414289,47.409996,0.013415,11.1,448,2457944.94292,20.166593,20.166595,1.552,-9999999,0.539763,0.018178,0.557722,-0.102252,0.659546,0.48,899.9982,2.865183,12.206116,2017-07-10T10:30:56.821,-9999999,G2,198.C-0836(A),Diaz,-9999999,HARPS_ech_obs_all,HARPS_ech_obs_wavesimult,STAR_WAVE_G1,8.02300475886411E-06,2.68373037964813E-07,0,0,0
HD16417,39.245825,-34.577955,2457958.880715,3.617512,0.622702,11234.852442,0.696591,-3.806415,0.408954,11234.643677,0.353649,8.654826,0.428339,5.900827,12.55135,30.713096,4.488705,0.408191,0.000387,0.339607,0.000503,0.478107,0.000659,0,7.406285,47.382296,0.014199,11.1,205.5,2457958.88071,19.96707,19.967102,0.18,-9999999,0.541268,-0.00466,0.46959,-0.750033,0.600143,0.51,409.9981,5.887566,12.562701,2017-07-24T09:03:43.655,-9999999,G2,198.C-0836(A),Diaz,-9999999,HARPS_ech_obs_all,HARPS_ech_obs_wavesimult,STAR_WAVE_G1,9.50099029693136E-06,3.59866481433945E-07,0,0,0
HD16417,39.245825,-34.577955,2457958.8858341,3.630544,0.621468,11234.817792,0.695511,-3.784019,0.407053,11234.60917,0.351486,8.659037,0.426338,7.298854,12.042456,32.402982,4.344079,0.408466,0.000385,0.33928,0.000499,0.477809,0.000654,0,7.407334,47.377045,0.013773,11.1,206.8,2457958.88583,19.957432,19.957452,0.245,-9999999,0.541268,0.004704,0.469607,-0.74989,0.600161,0.51,409.9982,7.28452,12.056177,2017-07-24T09:11:05.919,-9999999,G2,198.C-0836(A),Diaz,-9999999,HARPS_ech_obs_all,HARPS_ech_obs_wavesimult,STAR_WAVE_G1,5.76582683205677E-06,4.82221265853667E-07,0,0,0
HD16417,39.245825,-34.577955,2457967.8529027,-0.663904,0.962677,11229.625584,0.78492,-9.495043,0.360267,11228.869165,0.313611,2.820127,0.382596,14.012272,10.893334,29.332714,4.510984,0.407717,0.000335,0.343967,0.000444,0.468738,0.000578,0,7.410303,47.394049,0.012019,11.1,233.7,2457967.8529,19.212231,19.212269,0.736,-9999999,0.542236,-1.411872,0.892723,-1.298655,0.719547,0.49,899.9982,14.003785,10.900756,2017-08-02T08:18:58.479,-9999999,G2,198.C-0836(A),Diaz,-9999999,HARPS_ech_obs_all,HARPS_ech_obs_wavesimult,STAR_WAVE_G1,7.22275515717258E-06,3.61375252405704E-07,0,0,0
HD16417,39.245825,-34.577955,2457972.8384103,3.797562,0.934156,11234.073652,0.660815,-5.36034,0.315366,11233.234272,0.274861,6.944524,0.340963,12.96061,11.126259,30.974609,4.304689,0.404658,0.000292,0.340405,0.000383,0.468271,0.000502,0,7.410331,47.373166,0.013508,11.1,269.2,2457972.83841,18.607283,18.607342,1.724,-9999999,0.542774,-1.738635,0.879313,-1.382154,0.600939,0.5,449.9982,12.948805,11.142937,2017-08-07T08:01:15.409,-9999999,G2,198.C-0836(A),Diaz,-9999999,HARPS_ech_obs_all,HARPS_ech_obs_wavesimult,STAR_WAVE_G1,8.29957228092502E-06,3.30470774969138E-07,0,0,0
HD16417,39.245825,-34.577955,2457972.844203,4.676271,0.935141,11234.75415,0.66202,-4.471036,0.318249,11233.914932,0.277712,7.869563,0.344494,12.386145,11.127032,30.740279,4.277319,0.405168,0.000293,0.340666,0.000385,0.468077,0.000504,0,7.408855,47.373491,0.01381,11.1,267.7,2457972.84419,18.596126,18.596203,0.852,-9999999,0.542775,-1.72804,0.879321,-1.381993,0.600955,0.54,449.9982,12.409447,11.142128,2017-08-07T08:09:17.866,-9999999,G2,198.C-0836(A),Diaz,-9999999,HARPS_ech_obs_all,HARPS_ech_obs_wavesimult,STAR_WAVE_G1,7.45625112469174E-06,3.56914308076771E-07,0,0,0
HD16417,39.245825,-34.577955,2457998.8923815,-3.024161,0.722679,11227.915946,0.609067,-10.845708,0.232138,11227.932167,0.17904,0.974794,0.241536,-4.156754,9.827607,25.763886,4.206315,0.407266,0.000189,0.340703,0.000245,0.467988,0.000321,128,7.409675,47.407913,0.012028,11.1,420.8,2457998.89238,13.174692,13.174782,0.655,-9999999,0.545587,-0.40228,0.68438,-0.529366,0.582158,0.49,899.9982,-4.210309,9.833408,2017-09-02T09:13:21.558,-9999999,G2,198.C-0836(A),Diaz,-9999999,HARPS_ech_obs_all,HARPS_ech_obs_wavesimult,STAR_WAVE_G1,7.42486554694484E-06,2.7429397734556E-07,0,0,0
HD16417,39.245825,-34.577955,2458018.8750849,-8.285337,1.085002,11222.237375,0.922948,-15.139311,0.224147,11223.756621,0.172208,-3.095747,0.233935,2.63163,9.218515,26.542157,4.229143,0.406161,0.000172,0.344426,0.00023,0.476598,0.000299,128,7.409269,47.389233,0.012382,11.1,449.8,2458018.87508,7.259543,7.259621,1.014,-9999999,0.547744,0.565294,1.061597,0.971502,0.90674,0.45,899.9982,2.580012,9.212448,2017-09-22T08:48:03.028,-9999999,G2,198.C-0836(A),Diaz,-9999999,HARPS_ech_obs_all,HARPS_ech_obs_wavesimult,STAR_WAVE_G1,7.18035625863992E-06,2.99370647015611E-07,0,0,0
