target,ra,dec,BJD,RV_mlc_nzp,e_RV_mlc_nzp,RV_drs_nzp,e_RV_drs_nzp,RV_mlc,e_RV_mlc,RV_drs,e_RV_drs,RV_mlc_j,e_RV_mlc_j,CRX,e_CRX,dLW,e_dLW,Halpha,e_Halpha,NaD1,e_NaD1,NaD2,e_NaD2,f_RV,FWHM_DRS,CONTRAST_DRS,BIS,RVGUESS,SNR_DRS,BJD_DRS,BERV,BERV_DRS,DRIFT,e_DRIFT,SA,NZP_mlc,dNZP_mlc,NZP_drs,dNZP_drs,TMMEAN,EXPTIME,MLCRX,E_MLCRX,TIMEID,DRIFT_LAMP,MASK,PROGID,PROGPI,AIRMASS,OBHAB,THAR_FP,DPR_TYPE,RHKp,dRHKp,sourceflag,vsinflag,metflag
HD20003,46.90302,-72.32121,2452984.6343746,3.893259,1.084966,-16104.35983,1.079377,0.087624,0.978691,-16104.192654,0.95075,-20.911594,0.981982,-18.145063,10.422137,-24.130829,1.928006,0.450908,0.001224,0.266165,0.001511,0.36185,0.00195,0,6.863794,52.708313,-0.037629,-16.273,63.7,2452984.63437,-7.192371,-7.193014,0.101,-9999999,0,0.214533,0.468311,0.167176,0.511009,0.49,899.9962,-18.132924,10.374296,2003-12-11T03:07:12.734,-9999999,G2,072.C-0488(E),M. Mayor,-9999999,HARPS_ech_obs_all,HARPS_ech_obs_thosimult,STAR_WAVE_G8,6.34301778235393E-06,9.08939332546416E-07,0,0,0
HD20003,46.90302,-72.32121,2453294.7500011,-1.728069,1.175245,-16109.337812,1.197044,-5.676811,0.867247,-16109.589741,0.828305,-26.727591,0.871302,-8.825215,8.443022,-26.02302,2.087691,0.44914,0.001027,0.271227,0.001301,0.370734,0.001689,0,6.882389,52.775813,-0.041073,-16.3,72.9,2453294.74999,-7.318854,-7.318801,0.74,-9999999,0.004285,0.071426,0.793148,-0.256214,0.864191,0.47,899.9831,-8.842133,8.370923,2004-10-16T05:51:56.005,-9999999,G2,072.C-0488(E),Mayor,-9999999,HARPS_ech_obs_all,HARPS_ech_obs_thosimult,STAR_WAVE_G8,8.79832817956355E-06,9.2131590885299E-07,0,0,0
HD20003,46.90302,-72.32121,2453668.7586246,10.913215,1.122869,-16096.42583,0.909174,7.608577,0.749414,-16096.876144,0.61118,-13.539867,0.751977,-5.236493,5.589134,4.388544,1.75237,0.449599,0.000758,0.267886,0.000957,0.361633,0.001235,0,6.894238,52.461081,-0.037677,-16.3,98.1,2453668.75862,-7.80559,-7.805552,-0.321,-9999999,0.009453,0.71553,0.836189,-0.459767,0.673094,0.52,900.0018,-5.21311,5.537889,2005-10-25T06:03:55.376,-9999999,G2,072.C-0488(E),Mayor,-9999999,HARPS_ech_obs_all,HARPS_ech_obs_thosimult,STAR_WAVE_G8,1.08345815592914E-05,7.22904561772892E-07,0,0,0
HD20003,46.90302,-72.32121,2453670.6951643,8.423076,0.999749,-16100.875239,1.067858,4.023199,0.517241,-16100.675436,0.428459,-17.044719,0.518459,-9.734155,5.447497,9.504703,1.163701,0.450876,0.000531,0.266895,0.000659,0.363878,0.000857,0,6.900071,52.448626,-0.031857,-16.3,140.7,2453670.69516,-7.842011,-7.841969,-0.156,-9999999,0.00948,-0.379708,0.855546,0.190323,0.978133,0.51,900.0021,-9.717942,5.383815,2005-10-27T04:32:45.776,-9999999,G2,072.C-0488(E),Mayor,-9999999,HARPS_ech_obs_all,HARPS_ech_obs_thosimult,STAR_WAVE_G8,1.15655573255832E-05,4.2437285385997E-07,0,0,0
HD20003,46.90302,-72.32121,2453728.5763526,12.947904,0.928695,-16097.056704,1.051761,7.677058,0.470596,-16096.345126,0.386542,-13.347376,0.471651,-1.606657,3.954439,5.878996,0.839392,0.448735,0.000483,0.267848,0.000596,0.369378,0.00077,0,6.88881,52.452354,-0.03595,-16.3,155.5,2453728.57634,-6.061591,-6.06166,0.269,-9999999,0.010279,-1.250678,0.800634,0.701299,0.978154,0.51,900.0027,-1.609381,3.879338,2005-12-24T01:43:47.702,-9999999,G2,072.C-0488(E),Mayor,-9999999,HARPS_ech_obs_all,HARPS_ech_obs_thosimult,STAR_WAVE_G8,1.04920819410091E-05,4.95252597438077E-07,0,0,0
HD20003,46.90302,-72.32121,2453763.5456334,12.98133,0.807237,-16095.505852,0.895296,8.797632,0.412022,-16095.519725,0.331927,-12.214421,0.410852,-0.817378,3.979925,2.291667,0.986916,0.451927,0.000418,0.274349,0.000511,0.365698,0.000665,0,6.886104,52.48086,-0.037175,-16.3,181.7,2453763.54575,-1.807479,-1.807635,0.521,-9999999,0.010763,-0.163529,0.694168,-0.024636,0.831492,0.48,900.0011,-0.796874,3.910217,2006-01-28T01:00:41.172,-9999999,G2,072.C-0488(E),Mayor,-9999999,HARPS_ech_obs_all,HARPS_ech_obs_thosimult,STAR_WAVE_G8,1.2497370337831E-05,4.66450258462094E-07,0,0,0
HD20003,46.90302,-72.32121,2453788.524289,9.865563,0.869197,-16097.916077,0.883558,4.509737,0.45551,-16099.794578,0.370584,-16.481437,0.455568,0.916617,3.494839,0.486901,0.862531,0.45158,0.000445,0.270549,0.000556,0.37111,0.000716,0,6.886074,52.510386,-0.03588,-16.3,167.2,2453788.52441,1.703345,1.703215,0.24,-9999999,0.011108,-1.335658,0.740279,-1.889609,0.802086,0.5,900.0015,0.953035,3.404373,2006-02-22T00:29:38.836,-9999999,G2,072.C-0488(E),Mayor,-9999999,HARPS_ech_obs_all,HARPS_ech_obs_thosimult,STAR_WAVE_G8,1.21561576857181E-05,4.58913452296351E-07,0,0,0
HD20003,46.90302,-72.32121,2453976.8787039,10.047751,1.202541,-16099.245849,1.153423,5.618909,0.945875,-16099.799287,0.751924,-15.262447,0.944671,5.19673,8.069176,7.130046,2.284922,0.452162,0.00094,0.269303,0.001181,0.362151,0.00152,0,6.901339,52.420856,-0.037559,-16.3,80.5,2453976.87883,-2.315586,-2.315612,0,-9999999,0.01371,-0.408674,0.742581,-0.567148,0.87464,0.5,900.0001,5.206962,8.03588,2006-08-29T08:55:38.354,-9999999,G2,072.C-0488(E),Mayor,-9999999,HARPS_ech_obs_all,HARPS_ech_obs_thosimult,STAR_WAVE_G8,1.22653515570078E-05,7.08053792747698E-07,0,0,0
HD20003,46.90302,-72.32121,2453981.8837756,5.235405,0.902151,-16101.887915,0.975524,-0.05903,0.445241,-16103.515819,0.364338,-21.010763,0.443578,-4.192969,4.015545,9.509639,0.956101,0.446286,0.000459,0.26928,0.000562,0.370236,0.000726,0,6.894317,52.417528,-0.032328,-16.3,165.3,2453981.88389,-2.976542,-2.976558,0.32,-9999999,0.013779,-1.274267,0.784625,-1.641683,0.904934,0.46,899.9999,-4.191508,3.892667,2006-09-03T09:03:36.372,-9999999,G2,072.C-0488(E),Mayor,-9999999,HARPS_ech_obs_all,HARPS_ech_obs_thosimult,STAR_WAVE_G8,1.28065790000579E-05,5.1420550900658E-07,0,0,0
HD20003,46.90302,-72.32121,2453983.8617393,4.190268,1.045587,-16102.921911,1.094326,-0.263692,0.601028,-16103.695337,0.490647,-21.224156,0.599331,1.166788,5.958237,3.928141,1.200529,0.449958,0.000615,0.270871,0.000764,0.363822,0.000986,0,6.892138,52.469668,-0.030472,-16.3,122.6,2453983.86185,-3.213041,-3.213063,0.581,-9999999,0.013807,-0.433792,0.85558,-0.787233,0.97817,0.46,900.0014,1.173635,5.886933,2006-09-05T08:31:54.200,-9999999,G2,072.C-0488(E),Mayor,-9999999,HARPS_ech_obs_all,HARPS_ech_obs_thosimult,STAR_WAVE_G8,9.95369594589263E-06,6.35436867179743E-07,0,0,0
HD20003,46.90302,-72.32121,2454077.6811489,4.908065,0.862289,-16104.135037,0.852355,0.191897,0.478434,-16104.657837,0.389963,-20.782204,0.479536,-5.093961,3.897909,4.325974,1.000619,0.446171,0.000476,0.27235,0.000584,0.370401,0.00076,0,6.892111,52.459248,-0.034025,-16.3,158,2454077.68126,-7.406107,-7.406228,-0.078,-9999999,0.015103,-0.695999,0.717386,-0.537903,0.757916,0.5,900.002,-5.083996,3.775282,2006-12-08T04:14:20.007,-9999999,G2,072.C-0488(E),Mayor,-9999999,HARPS_ech_obs_all,HARPS_ech_obs_thosimult,STAR_WAVE_G8,1.15627825839534E-05,4.97976188052669E-07,0,0,0
HD20003,46.90302,-72.32121,2454083.6764832,5.437909,0.992474,-16102.176994,0.983615,2.155885,0.708469,-16101.957187,0.578478,-18.696003,0.711356,-0.983999,5.471989,-5.426337,1.774573,0.448076,0.00072,0.267416,0.000897,0.364563,0.001167,0,6.883753,52.547173,-0.034491,-16.3,104.6,2454083.67661,-7.000029,-7.000153,0.235,-9999999,0.015186,0.738144,0.695037,0.204621,0.795527,0.53,900.0018,-0.988244,5.40304,2006-12-14T04:07:22.251,-9999999,G2,072.C-0488(E),Mayor,-9999999,HARPS_ech_obs_all,HARPS_ech_obs_thosimult,STAR_WAVE_G8,9.41991156934998E-06,8.2723438455386E-07,0,0,0
HD20003,46.90302,-72.32121,2454121.5696568,12.288623,1.03908,-16095.562038,1.014476,8.35327,0.662269,-16096.046279,0.541551,-12.635878,0.660958,-4.996806,6.210247,2.848432,1.631513,0.450921,0.000683,0.270233,0.000843,0.37178,0.001089,0,6.891701,52.472485,-0.033105,-16.3,111.6,2454121.56976,-2.808114,-2.808269,0.485,-9999999,0.015709,0.084816,0.800679,-0.49995,0.857837,0.44,899.9976,-4.990967,6.168127,2007-01-21T01:35:48.427,-9999999,G2,072.C-0488(E),Mayor,-9999999,HARPS_ech_obs_all,HARPS_ech_obs_thosimult,STAR_WAVE_G8,1.27885121425781E-05,5.75414812628524E-07,0,0,0
HD20003,46.90302,-72.32121,2454316.886343,9.623688,0.750525,-16098.561255,0.767632,5.574515,0.507034,-16098.67852,0.418281,-15.341075,0.506749,-7.385395,4.867333,11.311507,0.99454,0.448488,0.000523,0.272232,0.000643,0.36977,0.000824,0,6.894668,52.420383,-0.033468,-16.3,145.4,2454316.88646,1.134265,1.134272,0.043,-9999999,0.018408,-0.029005,0.553358,-0.135673,0.643661,0.48,899.9995,-7.340111,4.81786,2007-08-04T09:06:52.127,-9999999,G2,072.C-0488(E),Mayor,-9999999,HARPS_ech_obs_all,HARPS_ech_obs_thosimult,STAR_WAVE_G8,1.12065703925355E-05,5.37073620569631E-07,0,0,0
HD20003,46.90302,-72.32121,2454521.5130831,9.497005,0.567912,-16099.402873,0.707772,6.522502,0.507946,-16098.070542,0.415433,-14.38817,0.508508,-7.189797,5.000763,-2.624294,0.968589,0.451598,0.000494,0.271562,0.000613,0.373164,0.00079,0,6.88317,52.519049,-0.043512,-16.3,152.9,2454521.5132,2.047009,2.046862,-0.272,-9999999,0.021236,1.045665,0.253999,1.311095,0.573025,0.49,900,-7.143264,4.949911,2008-02-25T00:13:38.876,-9999999,G2,072.C-0488(E),Mayor,-9999999,HARPS_ech_obs_all,HARPS_ech_obs_thosimult,STAR_WAVE_G8,8.96097567574009E-06,4.81051434520973E-07,0,0,0
HD20003,46.90302,-72.32121,2454739.7938505,1.676064,0.897836,-16106.257046,0.835455,-0.608608,0.697566,-16104.751328,0.578452,-21.500516,0.701261,-5.787417,6.969263,-12.832108,1.436999,0.44979,0.000731,0.268796,0.000897,0.36886,0.001157,0,6.880922,52.585714,-0.042453,-16.3,104.9,2454739.79397,-6.058052,-6.05808,0.078,-9999999,0.024252,1.735496,0.565254,1.481466,0.602808,0.51,1200,-5.794447,6.895581,2008-09-30T06:51:25.690,-9999999,G2,072.C-0488(E),Mayor,-9999999,HARPS_ech_obs_all,HARPS_ech_obs_thosimult,STAR_WAVE_G8,9.57651653065658E-06,5.42849884577945E-07,0,0,0
HD20003,46.90302,-72.32121,2454774.6516503,4.317172,1.004779,-16103.540411,1.073043,1.474799,0.526893,-16102.009055,0.441215,-19.466135,0.528699,-8.813113,4.043253,-4.201541,0.950205,0.449756,0.000561,0.266554,0.000668,0.371918,0.000882,0,6.878044,52.530363,-0.040326,-16.3,137.7,2454774.65176,-8.062372,-8.062429,-0.025,-9999999,0.024733,1.177795,0.855549,1.506623,0.978136,0.45,900,-8.797238,3.931374,2008-11-04T03:31:19.923,-9999999,G2,072.C-0488(E),Mayor,-9999999,HARPS_ech_obs_all,HARPS_ech_obs_thosimult,STAR_WAVE_G8,9.18689846375704E-06,5.14237352784538E-07,0,0,0
HD20003,46.90302,-72.32121,2454775.7131899,3.967749,1.085058,-16103.807315,1.124553,1.282793,0.667377,-16102.136137,0.554865,-19.723277,0.670324,-2.400732,5.806006,-2.874447,1.30181,0.447525,0.000709,0.269748,0.000856,0.372628,0.001123,0,6.879721,52.535346,-0.039978,-16.3,108.7,2454775.71329,-8.129881,-8.129937,-0.502,-9999999,0.024748,1.335212,0.855546,1.64643,0.978133,0.43,900,-2.392967,5.732814,2008-11-05T05:00:17.432,-9999999,G2,072.C-0488(E),Mayor,-9999999,HARPS_ech_obs_all,HARPS_ech_obs_thosimult,STAR_WAVE_G8,6.62267818435334E-06,6.40821616082824E-07,0,0,0
HD20003,46.90302,-72.32121,2454776.618659,2.159733,1.044845,-16105.748217,1.098388,-0.702391,0.599773,-16104.128614,0.499693,-21.782802,0.60245,-6.557136,4.854498,-4.122308,1.160487,0.449558,0.000632,0.272353,0.000766,0.371717,0.000998,0,6.878257,52.544608,-0.041447,-16.3,121.6,2454776.61877,-8.074499,-8.074561,0.125,-9999999,0.024761,1.158045,0.855555,1.594842,0.978142,0.48,900,-6.546007,4.756787,2008-11-06T02:43:27.083,-9999999,G2,072.C-0488(E),Mayor,-9999999,HARPS_ech_obs_all,HARPS_ech_obs_thosimult,STAR_WAVE_G8,8.33992978940569E-06,5.38316298751656E-07,0,0,0
HD20003,46.90302,-72.32121,2454777.6544036,1.707117,0.972872,-16105.577824,1.102839,-0.653272,0.610724,-16104.048831,0.509415,-21.552626,0.613223,-10.994603,5.263941,-7.204395,1.340846,0.449055,0.00064,0.273736,0.000779,0.368649,0.001007,0,6.88122,52.566198,-0.041666,-16.3,119.8,2454777.65452,-8.114989,-8.115063,0.17,-9999999,0.024775,1.659779,0.757295,1.504218,0.978136,0.51,900,-10.982162,5.179071,2008-11-07T03:34:30.844,-9999999,G2,072.C-0488(E),Mayor,-9999999,HARPS_ech_obs_all,HARPS_ech_obs_thosimult,STAR_WAVE_G8,5.21480669622171E-06,6.72045289105697E-07,0,0,0
HD20003,46.90302,-72.32121,2454778.6236741,5.161716,0.968435,-16102.729051,1.049121,2.38293,0.453756,-16100.983227,0.379333,-18.62003,0.455909,-5.769712,3.790623,-7.189728,0.943782,0.448602,0.000478,0.272915,0.000577,0.369778,0.00075,0,6.878718,52.560338,-0.03841,-16.3,160.5,2454778.62379,-8.104257,-8.104321,0.907,-9999999,0.024788,1.241383,0.855554,1.721036,0.978141,0.49,900,-5.74845,3.68345,2008-11-08T02:50:36.095,-9999999,G2,072.C-0488(E),Mayor,-9999999,HARPS_ech_obs_all,HARPS_ech_obs_thosimult,STAR_WAVE_G8,8.91469917268736E-06,3.99581888475707E-07,0,0,0
HD20003,46.90302,-72.32121,2454779.6174345,9.080709,1.064923,-16099.216437,1.11058,6.247287,0.634103,-16097.51763,0.525952,-14.790963,0.636785,-6.938074,6.423126,-6.070104,1.152672,0.449437,0.000655,0.271384,0.000799,0.370821,0.001042,0,6.876301,52.558594,-0.039604,-16.3,116.4,2454779.61753,-8.109389,-8.109444,-0.155,-9999999,0.024802,1.186746,0.855555,1.674005,0.978143,0.44,900,-6.934557,6.375161,2008-11-09T02:42:24.331,-9999999,G2,072.C-0488(E),Mayor,-9999999,HARPS_ech_obs_all,HARPS_ech_obs_thosimult,STAR_WAVE_G8,7.85488817671125E-06,5.94041537328363E-07,0,0,0
HD20003,46.90302,-72.32121,2454780.6220702,8.495276,1.050019,-16099.881749,1.101589,4.922805,0.608743,-16099.455161,0.506692,-16.009884,0.611284,-4.98125,6.161525,-7.341307,1.392981,0.447405,0.00063,0.272041,0.000769,0.369646,0.001001,0,6.876555,52.576271,-0.040694,-16.3,120.8,2454780.62217,-8.119875,-8.11994,0.167,-9999999,0.024816,0.447697,0.855554,0.401772,0.978142,0.43,900,-4.9729,6.101627,2008-11-10T02:49:16.222,-9999999,G2,072.C-0488(E),Mayor,-9999999,HARPS_ech_obs_all,HARPS_ech_obs_thosimult,STAR_WAVE_G8,8.77535935897547E-06,5.70646615756637E-07,0,0,0
HD20003,46.90302,-72.32121,2454800.6713676,-0.479689,1.040072,-16108.508504,1.09638,-4.913304,0.59143,-16109.157793,0.495281,-25.92446,0.593904,-7.13649,6.532973,-4.763071,1.142247,0.449004,0.000617,0.268919,0.000754,0.364137,0.000979,0,6.882934,52.536571,-0.036792,-16.3,124.2,2454800.67148,-7.792679,-7.792785,-0.334,-9999999,0.025093,-0.413446,0.855547,-0.674382,0.978134,0.48,900,-7.115682,6.445438,2008-11-30T04:00:17.039,-9999999,G2,072.C-0488(E),Mayor,-9999999,HARPS_ech_obs_all,HARPS_ech_obs_thosimult,STAR_WAVE_G8,1.04613036794592E-05,5.71804042607915E-07,0,0,0
HD20003,46.90302,-72.32121,2454801.6828216,-1.334906,0.975381,-16108.167551,1.054138,-5.820671,0.468411,-16108.884023,0.393016,-26.895254,0.470559,-8.18278,4.622553,-9.1462,0.917075,0.450987,0.000499,0.265967,0.000598,0.362965,0.00078,0,6.874088,52.581371,-0.03666,-16.3,155.1,2454801.68294,-7.755615,-7.755727,0.156,-9999999,0.025107,-0.465597,0.855547,-0.741579,0.978134,0.51,900,-8.162273,4.479955,2008-12-01T04:16:21.923,-9999999,G2,072.C-0488(E),Mayor,-9999999,HARPS_ech_obs_all,HARPS_ech_obs_thosimult,STAR_WAVE_G8,9.04008971289687E-06,4.09117680029706E-07,0,0,0
HD20003,46.90302,-72.32121,2454802.650323,5.914109,1.032896,-16102.144176,1.091666,1.381888,0.578714,-16102.837278,0.484752,-19.593469,0.581549,-3.973748,5.323438,-7.814885,1.049877,0.451283,0.000616,0.266403,0.000741,0.361857,0.000964,0,6.881565,52.567325,-0.039199,-16.3,125.9,2454802.65044,-7.68516,-7.685276,0.205,-9999999,0.02512,-0.512053,0.855549,-0.718222,0.978137,0.5,900,-3.95558,5.240189,2008-12-02T03:29:45.186,-9999999,G2,072.C-0488(E),Mayor,-9999999,HARPS_ech_obs_all,HARPS_ech_obs_thosimult,STAR_WAVE_G8,7.25311756312189E-06,5.0640563085398E-07,0,0,0
HD20003,46.90302,-72.32121,2454803.6534234,9.616756,0.961375,-16098.400645,1.044276,5.111008,0.438494,-16099.091002,0.365734,-15.806496,0.440809,3.29282,3.207496,-8.652911,0.936276,0.449566,0.000464,0.266425,0.000555,0.369926,0.000722,0,6.876845,52.574616,-0.038848,-16.3,167,2454803.65354,-7.637562,-7.637674,-0.168,-9999999,0.025134,-0.48558,0.855549,-0.715491,0.978136,0.48,900,3.30531,3.090568,2008-12-03T03:34:33.273,-9999999,G2,072.C-0488(E),Mayor,-9999999,HARPS_ech_obs_all,HARPS_ech_obs_thosimult,STAR_WAVE_G8,9.48989936862593E-06,4.1926234419608E-07,0,0,0
HD20003,46.90302,-72.32121,2454804.675479,9.431394,1.01286,-16098.152857,1.078889,4.948253,0.542148,-16098.832726,0.455252,-15.970696,0.544715,13.480324,5.194783,-9.151747,0.961473,0.449098,0.000568,0.264251,0.000686,0.369241,0.000894,0,6.875146,52.581741,-0.040557,-16.3,135.4,2454804.67559,-7.600704,-7.600817,0.075,-9999999,0.025148,-0.462973,0.855547,-0.705017,0.978134,0.48,900,13.483461,5.122921,2008-12-04T04:06:21.112,-9999999,G2,072.C-0488(E),Mayor,-9999999,HARPS_ech_obs_all,HARPS_ech_obs_thosimult,STAR_WAVE_G8,9.83854974307332E-06,4.84202175673408E-07,0,0,0
HD20003,46.90302,-72.32121,2454805.6579516,9.614657,0.938883,-16099.69175,1.046156,4.355755,0.444403,-16100.158202,0.371071,-16.70548,0.446664,-1.518078,4.301394,-8.715619,0.844815,0.449891,0.000466,0.264242,0.000558,0.370235,0.000729,0,6.874854,52.581942,-0.038924,-16.3,165.5,2454805.65807,-7.534007,-7.53412,0.192,-9999999,0.025162,-1.238734,0.827047,-0.491614,0.978136,0.5,900,-1.502045,4.208492,2008-12-05T03:40:50.875,-9999999,G2,072.C-0488(E),Mayor,-9999999,HARPS_ech_obs_all,HARPS_ech_obs_thosimult,STAR_WAVE_G8,9.17268239681608E-06,4.73680339340584E-07,0,0,0
HD20003,46.90302,-72.32121,2455025.8942156,-5.432508,0.978196,-16112.342765,0.983677,-7.945434,0.63845,-16111.439306,0.526385,-28.851894,0.640017,8.638925,5.571517,-4.641995,1.351687,0.45133,0.000658,0.275274,0.000803,0.361716,0.001037,0,6.883419,52.571738,-0.041768,-16.3,116.6,2455025.89421,3.904847,3.904926,-0.065,-9999999,0.028205,1.507242,0.741113,0.875254,0.830987,0.48,1199.9999,8.65001,5.444366,2009-07-13T09:16:04.056,-9999999,G2,183.C-0972(A),Udry,-9999999,HARPS_ech_obs_all,HARPS_ech_obs_thosimult,STAR_WAVE_G8,5.85947483140953E-06,5.85316832018562E-07,0,0,0
HD20003,46.90302,-72.32121,2455045.8712529,5.958962,1.121965,-16102.221439,1.144518,1.435498,0.725797,-16102.535141,0.59422,-19.559957,0.72702,1.794151,7.267956,-9.59561,1.799917,0.450462,0.000752,0.268994,0.00092,0.36599,0.001194,0,6.872748,52.618206,-0.045902,-16.3,102.5,2455045.87125,1.348528,1.348628,0.169,-9999999,0.028481,-0.503296,0.855584,-0.342183,0.978174,0.47,900.0002,1.845068,7.220958,2009-08-02T08:45:18.268,-9999999,G2,183.C-0972(A),Udry,-9999999,HARPS_ech_obs_all,HARPS_ech_obs_thosimult,STAR_WAVE_G8,2.93330767308444E-06,9.6125402268029E-07,0,0,0
HD20003,46.90302,-72.32121,2455048.8743118,2.513073,0.892662,-16104.502123,0.820894,-1.452702,0.72477,-16104.960735,0.595599,-22.60005,0.725897,9.492726,6.850948,-8.136371,1.474772,0.451849,0.000754,0.269928,0.000921,0.372808,0.00119,0,6.876172,52.595536,-0.043826,-16.3,102.6,2455048.8743,0.941041,0.941143,-0.445,-9999999,0.028522,0.054393,0.521108,-0.487134,0.564915,0.46,900.001,9.53044,6.784062,2009-08-05T08:49:50.620,-9999999,G2,183.C-0972(A),Udry,-9999999,HARPS_ech_obs_all,HARPS_ech_obs_thosimult,STAR_WAVE_G8,1.99046558717914E-06,8.91355475759323E-07,0,0,0
HD20003,46.90302,-72.32121,2455049.8631197,4.149004,1.040689,-16105.038456,0.809396,-0.741709,0.759842,-16105.286787,0.623116,-21.744798,0.760945,-4.486499,5.734761,-7.204641,1.607689,0.450925,0.000788,0.276495,0.000966,0.364275,0.001249,0,6.874689,52.594152,-0.041475,-16.3,97.9,2455049.86312,0.814343,0.814444,1.223,-9999999,0.028536,-0.870545,0.711108,-0.276867,0.516573,0.51,899.9996,-4.453965,5.66989,2009-08-06T08:32:58.394,-9999999,G2,183.C-0972(A),Udry,-9999999,HARPS_ech_obs_all,HARPS_ech_obs_thosimult,STAR_WAVE_G8,7.45893223173136E-06,6.98181434877596E-07,0,0,0
HD20003,46.90302,-72.32121,2455053.9016971,8.162236,1.047272,-16100.946501,0.907749,3.807309,0.859082,-16100.567948,0.697205,-17.168436,0.860011,-0.226572,6.911071,-10.295728,1.835342,0.449736,0.000883,0.269046,0.001086,0.370015,0.001398,0,6.873183,52.605781,-0.039907,-16.3,87.4,2455053.90169,0.235589,0.235698,-0.189,-9999999,0.028592,-0.334759,0.598963,0.349961,0.581304,0.51,899.9987,-0.18582,6.869543,2009-08-10T09:28:30.921,-9999999,G2,183.C-0972(A),Udry,-9999999,HARPS_ech_obs_all,HARPS_ech_obs_thosimult,STAR_WAVE_G8,4.69984330073199E-06,9.03753253601473E-07,0,0,0
HD20003,46.90302,-72.32121,2455072.8815597,-2.677068,0.785463,-16109.893158,0.73994,-6.142577,0.484641,-16110.076672,0.40686,-27.128788,0.485064,-2.616505,4.013137,-14.594334,1.055418,0.450009,0.000506,0.268632,0.000612,0.36078,0.000791,0,6.871104,52.633635,-0.043576,-16.3,151.8,2455072.88155,-2.343652,-2.343552,0.094,-9999999,0.028854,0.554659,0.618122,-0.212368,0.618042,0.52,900.0003,-2.604919,3.85933,2009-08-29T08:59:27.963,-9999999,G2,183.C-0972(A),Udry,-9999999,HARPS_ech_obs_all,HARPS_ech_obs_thosimult,STAR_WAVE_G8,6.89510921652047E-06,5.19851215330886E-07,0,0,0
HD20003,46.90302,-72.32121,2455075.8601925,4.376341,0.767161,-16103.021805,0.767499,2.403571,0.597012,-16101.675725,0.498093,-18.711921,0.597251,-5.123367,5.228534,-9.617646,1.344101,0.450502,0.000629,0.268246,0.000761,0.370408,0.000985,0,6.874684,52.603762,-0.046493,-16.3,123,2455075.86019,-2.719214,-2.71912,-0.306,-9999999,0.028895,2.047399,0.481781,1.317185,0.583917,0.51,900.0006,-5.102573,5.147609,2009-09-01T08:28:53.016,-9999999,G2,183.C-0972(A),Udry,-9999999,HARPS_ech_obs_all,HARPS_ech_obs_thosimult,STAR_WAVE_G8,4.97895726533759E-06,5.55276168584805E-07,0,0,0
HD20003,46.90302,-72.32121,2455076.8978768,6.036768,1.509392,-16104.002965,1.44968,3.218696,1.294812,-16103.345618,1.108625,-17.861842,1.293539,3.643105,9.151437,-3.22454,2.997354,0.449773,0.001325,0.274087,0.001654,0.373654,0.002119,0,6.888052,52.555222,-0.044707,-16.3,59.7,2455076.89787,-2.883567,-2.883468,0.592,-9999999,0.02891,1.202096,0.77571,0.628437,0.93409,0.51,899.9986,3.640254,9.112276,2009-09-02T09:23:09.781,-9999999,G2,183.C-0972(A),Udry,-9999999,HARPS_ech_obs_all,HARPS_ech_obs_thosimult,STAR_WAVE_G8,-9999999,-9999999,-9999999,-9999999,-9999999
HD20003,46.90302,-72.32121,2455098.7405292,-2.754666,0.942511,-16110.04283,1.059976,-5.977013,0.491129,-16109.411191,0.412048,-27.136183,0.493083,-7.139335,4.835119,-7.208652,1.199595,0.449623,0.000515,0.268323,0.000624,0.361949,0.000809,0,6.876231,52.575407,-0.038143,-16.3,149.2,2455098.74052,-5.379922,-5.379838,0.187,-9999999,0.029211,0.797822,0.804437,0.602428,0.976609,0.49,899.9994,-7.133511,4.701679,2009-09-24T05:37:19.377,-9999999,G2,183.C-0972(A),Udry,-9999999,HARPS_ech_obs_all,HARPS_ech_obs_thosimult,STAR_WAVE_G8,8.57569476441472E-06,4.29144695660565E-07,0,0,0
HD20003,46.90302,-72.32121,2455100.7798371,-1.793629,0.948059,-16107.853996,1.067079,-4.600136,0.505822,-16108.160826,0.426492,-25.591764,0.508186,-6.922529,4.354455,-11.439748,1.011824,0.446167,0.000533,0.273659,0.000643,0.361719,0.000835,0,6.87798,52.602674,-0.041085,-16.3,144.6,2455100.77983,-5.619906,-5.619824,0.082,-9999999,0.02924,1.213662,0.801848,-0.33607,0.978142,0.5,899.9998,-6.920169,4.205106,2009-09-26T06:33:49.837,-9999999,G2,183.C-0972(A),Udry,-9999999,HARPS_ech_obs_all,HARPS_ech_obs_thosimult,STAR_WAVE_G8,7.0233229010136E-06,4.98698460577174E-07,0,0,0
HD20003,46.90302,-72.32121,2455103.7867015,-1.432794,1.340527,-16109.075358,1.167557,-6.611237,1.150343,-16110.71159,0.972468,-27.779651,1.155901,1.782734,9.401249,-9.334218,2.405273,0.450206,0.00118,0.273905,0.001478,0.37081,0.001889,0,6.881929,52.585941,-0.039334,-16.3,66,2455103.78669,-5.924864,-5.924791,1.03,-9999999,0.029281,-1.158275,0.688276,-1.665513,0.646138,0.42,899.9988,1.792143,9.333942,2009-09-29T06:44:59.939,-9999999,G2,183.C-0972(A),Udry,-9999999,HARPS_ech_obs_all,HARPS_ech_obs_thosimult,STAR_WAVE_G8,6.46719967009518E-06,8.54035958852762E-07,0,0,0
HD20003,46.90302,-72.32121,2455106.7738687,-2.975762,1.045902,-16110.209117,1.005142,-7.863146,0.861205,-16110.687495,0.709414,-28.739364,0.865529,8.52817,6.408745,-4.823796,1.95634,0.450316,0.000905,0.268513,0.001107,0.364221,0.001438,0,6.875536,52.549855,-0.044189,-16.3,85.9,2455106.77386,-6.197989,-6.197912,-0.033,-9999999,0.029322,-0.867216,0.593496,-0.5077,0.712068,0.5,899.9991,8.527696,6.303381,2009-10-02T06:25:24.423,-9999999,G2,183.C-0972(A),Udry,-9999999,HARPS_ech_obs_all,HARPS_ech_obs_thosimult,STAR_WAVE_G8,3.16752784717119E-06,1.10964623803498E-06,0,0,0
HD20003,46.90302,-72.32121,2455108.7784364,-2.9812,1.19349,-16111.804286,1.19368,-7.534038,0.832133,-16112.062906,0.684186,-28.712635,0.836226,2.789695,8.163982,-11.98365,1.504299,0.451007,0.000871,0.269665,0.001069,0.363808,0.001383,0,6.868799,52.601614,-0.037981,-16.3,89,2455108.77843,-6.383129,-6.383052,-0.279,-9999999,0.02935,-0.53267,0.855554,-0.28797,0.978142,0.49,899.999,2.777922,8.0783,2009-10-04T06:32:11.710,-9999999,G2,183.C-0972(A),Udry,-9999999,HARPS_ech_obs_all,HARPS_ech_obs_thosimult,STAR_WAVE_G8,9.1571430568099E-06,7.10143005440513E-07,0,0,0
HD20003,46.90302,-72.32121,2455110.7582565,7.014708,1.420217,-16102.409152,1.372782,2.464219,1.1336,-16102.588349,0.963211,-18.526829,1.139043,15.89301,11.253257,-9.906294,2.264066,0.448074,0.001205,0.272834,0.001466,0.373651,0.001914,0,6.872526,52.530466,-0.044647,-16.3,65.9,2455110.75825,-6.540358,-6.540289,0,-9999999,0.029377,-0.53032,0.855551,-0.208574,0.978138,0.5,899.9994,15.878866,11.216193,2009-10-06T06:03:02.867,-9999999,G2,183.C-0972(A),Udry,-9999999,HARPS_ech_obs_all,HARPS_ech_obs_thosimult,STAR_WAVE_G8,4.69283756251846E-06,9.94010596611662E-07,0,0,0
HD20003,46.90302,-72.32121,2455111.7737807,8.263476,0.829684,-16100.472829,1.014223,2.551897,0.552333,-16101.683766,0.464437,-18.555547,0.555364,4.116567,5.326167,-14.953066,1.10042,0.450521,0.000581,0.268879,0.000697,0.37055,0.000915,0,6.872729,52.650622,-0.044373,-16.3,132.6,2455111.77378,-6.63837,-6.638309,0.021,-9999999,0.029391,-1.691411,0.619115,-1.240328,0.901635,0.51,900.0012,4.121326,5.244482,2009-10-07T06:25:17.086,-9999999,G2,183.C-0972(A),Udry,-9999999,HARPS_ech_obs_all,HARPS_ech_obs_thosimult,STAR_WAVE_G8,5.66842930374328E-06,5.73101161927953E-07,0,0,0
HD20003,46.90302,-72.32121,2455115.7671195,4.211682,1.164506,-16104.370569,1.17552,-0.291329,0.790003,-16104.138893,0.651989,-21.33014,0.794028,3.632907,6.253115,-12.108035,1.398745,0.451898,0.00083,0.268373,0.001012,0.361748,0.001309,0,6.879165,52.617323,-0.038785,-16.3,93.4,2455115.76712,-6.953818,-6.953755,0.149,-9999999,0.029447,-0.482843,0.855552,0.202229,0.978139,0.47,899.9993,3.638625,6.178037,2009-10-11T06:16:25.394,-9999999,G2,183.C-0972(A),Udry,-9999999,HARPS_ech_obs_all,HARPS_ech_obs_thosimult,STAR_WAVE_G8,7.49913080744169E-06,6.48787780851395E-07,0,0,0
HD20003,46.90302,-72.32121,2455122.75241,3.580993,1.120521,-16104.999825,1.146387,-0.949013,0.723604,-16104.938995,0.597872,-22.013778,0.726853,7.674092,5.767121,-8.074515,1.414571,0.447499,0.000755,0.271107,0.000912,0.370386,0.00119,0,6.883073,52.586645,-0.043293,-16.3,102.6,2455122.7524,-7.42554,-7.425484,0,-9999999,0.029543,-0.509837,0.85555,0.031287,0.978137,0.53,900.0004,7.679636,5.679445,2009-10-18T05:54:34.988,-9999999,G2,183.C-0972(A),Udry,-9999999,HARPS_ech_obs_all,HARPS_ech_obs_thosimult,STAR_WAVE_G8,8.4155380250817E-06,6.28627425311051E-07,0,0,0
HD20003,46.90302,-72.32121,2455124.7571042,4.896536,0.972634,-16103.350791,1.053226,0.398375,0.462655,-16103.29948,0.390554,-20.61908,0.465141,2.070433,4.921278,-14.277003,1.028802,0.449161,0.000503,0.267928,0.000601,0.369105,0.000779,0,6.870478,52.612913,-0.040058,-16.3,155,2455124.75709,-7.547312,-7.547252,0,-9999999,0.029571,-0.477993,0.85555,0.02174,0.978138,0.5,899.9997,2.080602,4.814947,2009-10-20T06:01:51.885,-9999999,G2,183.C-0972(A),Udry,-9999999,HARPS_ech_obs_all,HARPS_ech_obs_thosimult,STAR_WAVE_G8,8.12896567269423E-06,4.25298548683854E-07,0,0,0
HD20003,46.90302,-72.32121,2455125.7403634,2.325562,1.01622,-16106.424326,1.081491,-2.230937,0.548398,-16106.403166,0.461383,-23.203435,0.551389,-1.246356,5.478245,-10.440946,1.231452,0.450061,0.000575,0.26701,0.000697,0.369912,0.000904,0,6.876923,52.587968,-0.040524,-16.3,133.7,2455125.74036,-7.588793,-7.588738,1.388,-9999999,0.029584,-0.53633,0.855548,-0.008424,0.978135,0.51,899.9999,-1.226594,5.391659,2009-10-21T05:37:38.624,-9999999,G2,183.C-0972(A),Udry,-9999999,HARPS_ech_obs_all,HARPS_ech_obs_thosimult,STAR_WAVE_G8,8.74923446444373E-06,4.92000939657185E-07,0,0,0
HD20003,46.90302,-72.32121,2455133.7378077,-6.089724,1.039575,-16114.2756,1.095682,-10.508388,0.590554,-16114.141442,0.493732,-31.580158,0.593475,-1.902817,4.320755,-17.037868,1.137327,0.449561,0.000618,0.265101,0.000745,0.362239,0.000971,0,6.871344,52.644984,-0.038446,-16.3,124.9,2455133.7378,-7.946069,-7.946031,0.216,-9999999,0.029695,-0.398496,0.855548,0.104463,0.978135,0.51,899.999,-1.898555,4.154315,2009-10-29T05:34:15.737,-9999999,G2,183.C-0972(A),Udry,-9999999,HARPS_ech_obs_all,HARPS_ech_obs_thosimult,STAR_WAVE_G8,7.69251722967187E-06,6.16236205886248E-07,0,0,0
HD20003,46.90302,-72.32121,2455137.7379056,2.75547,0.959628,-16106.409606,0.906879,-2.016658,0.485941,-16106.414627,0.408441,-23.040034,0.48865,-9.650467,3.725511,-14.201192,1.079112,0.452824,0.000519,0.263035,0.000608,0.372588,0.00081,0,6.870241,52.630484,-0.045264,-16.3,150.4,2455137.7379,-8.07063,-8.070602,0.364,-9999999,0.02975,-0.751959,0.827495,-0.034771,0.809695,0.52,899.9992,-9.633368,3.585349,2009-11-02T05:34:24.413,-9999999,G2,183.C-0972(A),Udry,-9999999,HARPS_ech_obs_all,HARPS_ech_obs_thosimult,STAR_WAVE_G8,7.4505619222501E-06,4.24219211152262E-07,0,0,0
HD20003,46.90302,-72.32121,2455140.7231059,-0.402127,0.761698,-16109.711416,0.614779,-4.935898,0.488661,-16108.893871,0.411162,-25.920258,0.491051,-0.301492,4.715655,-14.833796,0.966991,0.452125,0.000527,0.264759,0.000618,0.37382,0.000823,0,6.87256,52.617847,-0.041584,-16.3,148.4,2455140.7231,-8.128614,-8.128584,-0.238,-9999999,0.029791,-0.513603,0.584289,0.787754,0.457054,0.5,899.9998,-0.292155,4.583421,2009-11-05T05:13:30.672,-9999999,G2,183.C-0972(A),Udry,-9999999,HARPS_ech_obs_all,HARPS_ech_obs_thosimult,STAR_WAVE_G8,6.4077339332544E-06,4.02091692768964E-07,0,0,0
HD20003,46.90302,-72.32121,2455164.5657052,-6.634991,1.029853,-16114.882159,1.089849,-10.396173,0.573235,-16114.542075,0.4806,-31.328488,0.575885,1.049285,4.971626,-15.280805,1.298543,0.450901,0.000612,0.264709,0.000732,0.363119,0.000957,0,6.87257,52.633831,-0.042603,-16.3,127.2,2455164.5657,-7.762465,-7.762481,0,-9999999,0.030121,0.258986,0.855569,0.309963,0.978158,0.5,900.0073,1.055278,4.819783,2009-11-29T01:27:46.807,-9999999,G2,183.C-0972(A),Udry,-9999999,HARPS_ech_obs_all,HARPS_ech_obs_thosimult,STAR_WAVE_G8,6.27041967335736E-06,4.61511197453065E-07,0,0,0
HD20003,46.90302,-72.32121,2455166.5784299,-5.922564,0.948041,-16114.017491,1.036448,-9.7292,0.408399,-16113.743999,0.342696,-30.729777,0.411145,4.477125,3.783779,-17.255034,1.059856,0.452327,0.000433,0.258228,0.000511,0.366555,0.000681,0,6.871722,52.630647,-0.044712,-16.3,179.3,2455166.57842,-7.686368,-7.686386,0.409,-9999999,0.030149,0.213532,0.855565,0.243343,0.978154,0.51,899.9994,4.500133,3.589928,2009-12-01T01:46:01.736,-9999999,G2,183.C-0972(A),Udry,-9999999,HARPS_ech_obs_all,HARPS_ech_obs_thosimult,STAR_WAVE_G8,9.53457986675876E-06,4.37875859816278E-07,0,0,0
HD20003,46.90302,-72.32121,2455168.5562924,-4.598569,0.957832,-16110.482994,0.836844,-8.390013,0.430625,-16112.923313,0.362164,-29.368435,0.433266,13.090929,3.951102,-11.962492,0.991616,0.450701,0.000451,0.262464,0.000539,0.372102,0.000709,0,6.874292,52.611435,-0.04279,-16.3,171,2455168.55629,-7.577886,-7.577905,-0.1,-9999999,0.030176,0.228724,0.855573,-2.470495,0.754418,0.49,900.0019,13.10314,3.754858,2009-12-03T01:14:31.432,-9999999,G2,183.C-0972(A),Udry,-9999999,HARPS_ech_obs_all,HARPS_ech_obs_thosimult,STAR_WAVE_G8,7.70506404104382E-06,3.63214551305695E-07,0,0,0
HD20003,46.90302,-72.32121,2455169.5603279,-0.595235,0.957916,-16109.736826,1.043596,-4.45253,0.430815,-16109.547551,0.363724,-25.404283,0.433014,-7.528869,4.443626,-10.714998,1.023675,0.450802,0.000462,0.264769,0.00055,0.369589,0.000717,0,6.877282,52.596823,-0.044062,-16.3,168.2,2455169.56032,-7.530379,-7.530395,-0.308,-9999999,0.03019,0.162873,0.855571,0.159085,0.97816,0.49,899.9984,-7.506007,4.305646,2009-12-04T01:20:22.301,-9999999,G2,183.C-0972(A),Udry,-9999999,HARPS_ech_obs_all,HARPS_ech_obs_thosimult,STAR_WAVE_G8,7.22813199859791E-06,3.66952107704946E-07,0,0,0
HD20003,46.90302,-72.32121,2455402.9198419,-0.932172,1.632819,-16111.235459,1.545201,-4.337704,1.529938,-16110.014703,1.385633,-25.682717,1.531906,13.289942,11.804845,-5.682179,3.336488,0.447267,0.001528,0.273015,0.001888,0.357137,0.002427,0,6.879383,52.559537,-0.046053,-16.3,52,2455402.91983,2.410255,2.410345,-0.458,-9999999,0.033414,0.614637,0.570426,1.187342,0.683862,0.54,900.0005,13.327076,11.762112,2010-07-25T09:54:17.605,-9999999,G2,183.C-0972(A),Udry,-9999999,HARPS_ech_obs_all,HARPS_ech_obs_thosimult,STAR_WAVE_G8,1.25563521526279E-05,9.2549675909281E-07,0,0,0
HD20003,46.90302,-72.32121,2455403.9001225,-4.356804,1.194616,-16112.927531,1.191307,-8.191705,0.833702,-16113.237013,0.679969,-29.292767,0.835408,5.919218,7.62386,-7.23805,1.31571,0.446994,0.000846,0.274513,0.001027,0.362222,0.001329,0,6.878635,52.588548,-0.04316,-16.3,91.8,2455403.90012,2.296146,2.296231,0.222,-9999999,0.033428,0.185267,0.855598,-0.34291,0.978189,0.51,900.0006,5.939541,7.544072,2010-07-26T09:26:20.202,-9999999,G2,183.C-0972(A),Udry,-9999999,HARPS_ech_obs_all,HARPS_ech_obs_thosimult,STAR_WAVE_G8,3.6914361955774E-06,8.76249883905816E-07,0,0,0
HD20003,46.90302,-72.32121,2455404.9034371,-1.560861,0.864088,-16110.187177,0.92049,-8.248956,0.524766,-16113.04567,0.441796,-29.185597,0.526447,10.372461,5.283291,-15.202182,1.189651,0.4513,0.000544,0.270334,0.00065,0.361824,0.000838,0,6.871423,52.633934,-0.047745,-16.3,143.9,2455404.90343,2.162509,2.162604,-0.308,-9999999,0.033442,-2.667927,0.686491,-2.891935,0.807538,0.49,900.0003,10.408317,5.164898,2010-07-27T09:31:23.950,-9999999,G2,183.C-0972(A),Udry,-9999999,HARPS_ech_obs_all,HARPS_ech_obs_thosimult,STAR_WAVE_G8,8.1816781845622E-06,4.13248109250703E-07,0,0,0
HD20003,46.90302,-72.32121,2455409.942986,5.294447,1.066411,-16103.889459,1.112751,1.100381,0.636509,-16104.437821,0.530386,-19.968884,0.637911,-1.044991,5.602402,-7.829185,1.49875,0.447482,0.000669,0.274464,0.000794,0.363165,0.001029,0,6.875365,52.590872,-0.0423,-16.3,118.2,2455409.94298,1.462886,1.462986,-0.509,-9999999,0.033511,-0.173898,0.855622,-0.581873,0.978215,0.53,900.0006,-1.007682,5.539454,2010-08-01T10:27:42.395,-9999999,G2,183.C-0972(A),Udry,-9999999,HARPS_ech_obs_all,HARPS_ech_obs_thosimult,STAR_WAVE_G8,8.30157823227069E-06,4.87657643005201E-07,0,0,0
HD20003,46.90302,-72.32121,2455410.9024546,1.330496,1.17172,-16107.870962,1.176871,-2.764813,0.800548,-16108.239105,0.654347,-23.7359,0.802031,15.502583,6.405061,-9.768252,1.504589,0.449991,0.000816,0.269708,0.000992,0.360384,0.001275,0,6.880974,52.618175,-0.047891,-16.3,95.4,2455410.90245,1.363683,1.363778,-0.055,-9999999,0.033525,-0.075141,0.855599,-0.401668,0.97819,0.49,900.0005,15.541468,6.336363,2010-08-02T09:29:56.105,-9999999,G2,183.C-0972(A),Udry,-9999999,HARPS_ech_obs_all,HARPS_ech_obs_thosimult,STAR_WAVE_G8,7.39174384976256E-06,6.2170065708637E-07,0,0,0
HD20003,46.90302,-72.32121,2455411.9062003,5.095514,1.896944,-16104.908042,1.795322,0.975728,1.764883,-16104.585886,1.666035,-19.625533,1.766359,11.039144,13.564203,-7.518527,3.143068,0.451431,0.001778,0.269711,0.002202,0.367609,0.002801,0,6.869049,52.598668,-0.048259,-16.3,45.8,2455411.9062,1.225062,1.225152,0.179,-9999999,0.033539,-0.099618,0.695404,0.288617,0.66896,0.81,900.0006,11.080722,13.541774,2010-08-03T09:30:31.371,-9999999,G2,183.C-0972(A),Udry,-9999999,HARPS_ech_obs_all,HARPS_ech_obs_thosimult,STAR_WAVE_G8,9.2436656375574E-06,1.11922173738782E-06,0,0,0
HD20003,46.90302,-72.32121,2455414.8935704,2.544282,1.372869,-16105.500587,1.316847,-1.590524,1.073651,-16105.476002,0.881612,-22.576538,1.074664,8.722048,9.26019,-17.890013,2.336519,0.448933,0.001091,0.27555,0.001324,0.363632,0.001713,0,6.873249,52.661206,-0.039588,-16.3,72.4,2455414.89357,0.826725,0.826807,-0.026,-9999999,0.03358,-0.114637,0.855594,-0.008995,0.978185,0.49,900.0006,8.747772,9.216016,2010-08-06T09:17:07.302,-9999999,G2,183.C-0972(A),Udry,-9999999,HARPS_ech_obs_all,HARPS_ech_obs_thosimult,STAR_WAVE_G8,1.1125383755887E-05,6.06872187626786E-07,0,0,0
HD20003,46.90302,-72.32121,2455423.844509,3.082272,1.1704,-16106.49145,1.121736,-0.074198,0.798643,-16105.003498,0.651675,-21.185794,0.799083,9.322706,6.455526,-10.382357,1.755443,0.452014,0.000816,0.269583,0.000987,0.368768,0.001269,0,6.875742,52.622789,-0.0444,-16.3,95.7,2455423.8445,-0.372065,-0.371969,-0.149,-9999999,0.033703,0.863698,0.855573,1.454249,0.913024,0.5,900.0004,9.367095,6.395145,2010-08-15T08:06:18.946,-9999999,G2,183.C-0972(A),Udry,-9999999,HARPS_ech_obs_all,HARPS_ech_obs_thosimult,STAR_WAVE_G8,7.63807239422522E-06,8.22127259759249E-07,0,0,0
HD20003,46.90302,-72.32121,2455424.7916367,0.717431,1.336951,-16109.119653,1.231864,-1.252499,1.109536,-16106.467919,0.911157,-22.251948,1.109401,2.457952,9.138459,-9.385671,2.310694,0.450242,0.001102,0.270618,0.001365,0.369445,0.001748,0,6.881366,52.59494,-0.042788,-16.3,70.6,2455424.79163,-0.470401,-0.470303,-0.522,-9999999,0.033717,2.050238,0.7459,2.618017,0.829024,0.49,900.0005,2.494271,9.093727,2010-08-16T06:50:19.922,-9999999,G2,183.C-0972(A),Udry,-9999999,HARPS_ech_obs_all,HARPS_ech_obs_thosimult,STAR_WAVE_G8,1.25399088761492E-05,6.72687553223203E-07,0,0,0
HD20003,46.90302,-72.32121,2455425.8929416,-0.591023,1.044166,-16109.887929,1.098,-3.927421,0.598533,-16109.041875,0.498757,-24.899339,0.599091,2.456038,4.969972,-15.822053,1.311207,0.451718,0.000605,0.269444,0.000729,0.362323,0.000942,0,6.87146,52.645619,-0.046987,-16.3,128.5,2455425.89293,-0.688344,-0.688239,0.217,-9999999,0.033732,0.68377,0.855594,0.812322,0.978185,0.5,900.0005,2.469757,4.867331,2010-08-17T09:16:03.865,-9999999,G2,183.C-0972(A),Udry,-9999999,HARPS_ech_obs_all,HARPS_ech_obs_thosimult,STAR_WAVE_G8,5.86291697411626E-06,6.04806974197953E-07,0,0,0
HD20003,46.90302,-72.32121,2455427.8870763,-0.654525,1.081335,-16109.243317,1.120853,-4.769965,0.661248,-16109.078862,0.54724,-25.677478,0.6619,3.373202,5.795777,-9.164006,1.379258,0.452429,0.000678,0.275726,0.000811,0.360214,0.001046,0,6.877666,52.60009,-0.041045,-16.3,115.5,2455427.88707,-0.956935,-0.956834,0.041,-9999999,0.033759,-0.095272,0.855591,0.130696,0.978182,0.49,900.0004,3.391496,5.687127,2010-08-19T09:07:46.586,-9999999,G2,183.C-0972(A),Udry,-9999999,HARPS_ech_obs_all,HARPS_ech_obs_thosimult,STAR_WAVE_G8,7.30250966152054E-06,6.7704897508081E-07,0,0,0
HD20003,46.90302,-72.32121,2455428.8447732,-1.705154,1.172782,-16110.363173,1.177819,-5.950276,0.80213,-16110.385871,0.656091,-26.822045,0.80223,2.718781,7.544032,-14.721469,1.457915,0.450479,0.000826,0.270436,0.000999,0.371466,0.001287,0,6.876333,52.63799,-0.046406,-16.3,94.8,2455428.84476,-1.056529,-1.05643,-0.133,-9999999,0.033773,-0.224954,0.855573,-0.056471,0.978162,0.52,900.0003,2.727323,7.463541,2010-08-20T08:06:24.894,-9999999,G2,183.C-0972(A),Udry,-9999999,HARPS_ech_obs_all,HARPS_ech_obs_thosimult,STAR_WAVE_G8,6.90438341700837E-06,7.64532534672934E-07,0,0,0
HD20003,46.90302,-72.32121,2455436.8435611,-1.845438,0.724326,-16111.388303,0.784802,-7.426898,0.452803,-16112.211236,0.382383,-28.37709,0.453339,5.813098,4.249506,-9.527889,0.954645,0.446955,0.000468,0.2689,0.000556,0.369418,0.000718,0,6.87641,52.609381,-0.046022,-16.3,167.6,2455436.84355,-2.135783,-2.135676,-0.596,-9999999,0.033883,-1.561291,0.565348,-0.856816,0.685344,0.51,900.0005,5.826238,4.083675,2010-08-28T08:04:52.952,-9999999,G2,183.C-0972(A),Udry,-9999999,HARPS_ech_obs_all,HARPS_ech_obs_thosimult,STAR_WAVE_G8,6.65281516314032E-06,4.97791857268939E-07,0,0,0
HD20003,46.90302,-72.32121,2455437.8127909,-4.417643,0.989639,-16111.805463,0.944998,-9.174105,0.497392,-16113.870618,0.417569,-30.167986,0.497617,4.663348,4.670697,-12.415389,1.059804,0.450631,0.000505,0.268354,0.000605,0.360446,0.000781,0,6.87244,52.625285,-0.044365,-16.3,153.9,2455437.81279,-2.243078,-2.242979,-0.26,-9999999,0.033896,-0.736294,0.855563,-2.099051,0.847736,0.52,900.0006,4.677713,4.515481,2010-08-29T07:20:26.033,-9999999,G2,183.C-0972(A),Udry,-9999999,HARPS_ech_obs_all,HARPS_ech_obs_thosimult,STAR_WAVE_G8,7.2290322581065E-06,4.44977875368881E-07,0,0,0
HD20003,46.90302,-72.32121,2455438.8576806,-2.87306,0.698362,-16111.639763,0.696923,-7.368703,0.453764,-16111.264953,0.382929,-28.440913,0.454279,-1.161308,4.012147,-14.020291,0.995539,0.452468,0.000469,0.27416,0.000553,0.360392,0.000717,0,6.870117,52.630925,-0.044086,-16.3,167.8,2455438.85768,-2.414719,-2.414619,0.195,-9999999,0.033911,-0.475474,0.530856,0.340899,0.582294,0.5,900.0005,-1.158914,3.828435,2010-08-30T08:25:23.220,-9999999,G2,183.C-0972(A),Udry,-9999999,HARPS_ech_obs_all,HARPS_ech_obs_thosimult,STAR_WAVE_G8,9.20807530454411E-06,4.53673020540253E-07,0,0,0
HD20003,46.90302,-72.32121,2455439.8679328,-5.254413,0.810487,-16114.349438,0.833128,-10.24196,0.507051,-16115.164534,0.42632,-31.241271,0.507301,4.167689,4.413212,-12.351028,1.168867,0.452085,0.000518,0.272486,0.000614,0.363733,0.000803,0,6.873723,52.609547,-0.042599,-16.3,150.8,2455439.86792,-2.556503,-2.5564,-0.06,-9999999,0.033925,-0.967379,0.632289,-0.849021,0.715789,0.5,900.0005,4.175409,4.231891,2010-08-31T08:40:09.734,-9999999,G2,183.C-0972(A),Udry,-9999999,HARPS_ech_obs_all,HARPS_ech_obs_thosimult,STAR_WAVE_G8,6.33661133023446E-06,5.5260362418487E-07,0,0,0
HD20003,46.90302,-72.32121,2455443.8140695,4.400288,1.106949,-16102.768951,1.197217,-0.902524,0.874516,-16104.228994,0.709269,-21.845696,0.873612,-6.42283,7.891219,-3.7738,1.983949,0.450298,0.000875,0.269739,0.001071,0.36033,0.001378,0,6.890477,52.571958,-0.042658,-16.3,88.5,2455443.81407,-3.033461,-3.033367,0.315,-9999999,0.033979,-1.282644,0.678644,-1.494022,0.964503,0.43,900.0003,-6.418346,7.830172,2010-09-04T07:23:42.158,-9999999,G2,183.C-0972(A),Udry,-9999999,HARPS_ech_obs_all,HARPS_ech_obs_thosimult,STAR_WAVE_G8,7.11713828957985E-06,6.97020798279071E-07,0,0,0
HD20003,46.90302,-72.32121,2455444.7838977,5.21846,0.965585,-16102.906955,1.109473,0.985129,0.627893,-16103.567024,0.52361,-20.057697,0.627636,8.470919,5.201156,-6.619972,1.311017,0.450539,0.000648,0.270832,0.000782,0.363865,0.00101,0,6.88248,52.574852,-0.044776,-16.3,120.3,2455444.7839,-3.137987,-3.137887,0.15,-9999999,0.033993,-0.213163,0.733556,-0.694062,0.978143,0.48,900.0005,8.471646,5.114403,2010-09-05T06:39:31.194,-9999999,G2,183.C-0972(A),Udry,-9999999,HARPS_ech_obs_all,HARPS_ech_obs_thosimult,STAR_WAVE_G8,6.56526851010367E-06,5.62866928652155E-07,0,0,0
HD20003,46.90302,-72.32121,2455453.798278,1.31391,1.026947,-16106.277368,1.065364,-3.116879,0.568013,-16107.091216,0.476749,-24.117322,0.56798,-0.578229,4.576079,-5.021843,1.094761,0.453005,0.000583,0.268688,0.000697,0.36855,0.0009,0,6.887319,52.565347,-0.042206,-16.3,134.1,2455453.79827,-4.268629,-4.268528,0,-9999999,0.034117,-0.410621,0.855559,-0.847965,0.952739,0.52,900.0007,-0.566837,4.454866,2010-09-14T06:59:47.427,-9999999,G2,183.C-0972(A),Udry,-9999999,HARPS_ech_obs_all,HARPS_ech_obs_thosimult,STAR_WAVE_G8,5.50266693492988E-06,5.46789326571717E-07,0,0,0
HD20003,46.90302,-72.32121,2455456.7840266,6.79825,0.998945,-16103.041722,1.138564,0.704682,0.70012,-16103.676111,0.582721,-20.359002,0.701016,5.753818,6.940675,-13.640259,1.466656,0.453589,0.000719,0.26782,0.000864,0.36085,0.001117,0,6.875578,52.632367,-0.041383,-16.3,108.4,2455456.78402,-4.60777,-4.607667,-0.092,-9999999,0.034159,-2.0734,0.712547,-0.668548,0.978143,0.48,900.0006,5.766572,6.883105,2010-09-17T06:39:55.958,-9999999,G2,183.C-0972(A),Udry,-9999999,HARPS_ech_obs_all,HARPS_ech_obs_thosimult,STAR_WAVE_G8,4.99274060174171E-06,7.09620531319134E-07,0,0,0
HD20003,46.90302,-72.32121,2455458.8851157,3.749762,0.882065,-16105.024555,0.77705,-1.146036,0.687541,-16106.032515,0.574287,-22.219144,0.68864,5.396603,6.354829,-13.288303,1.484766,0.451558,0.000701,0.273728,0.000842,0.367061,0.001088,0,6.877781,52.629943,-0.046921,-16.3,111.1,2455458.8851,-4.924163,-4.924068,0.133,-9999999,0.034188,-0.87563,0.552563,-1.042148,0.523451,0.47,900.0006,5.408356,6.26962,2010-09-19T09:05:41.946,-9999999,G2,183.C-0972(A),Udry,-9999999,HARPS_ech_obs_all,HARPS_ech_obs_thosimult,STAR_WAVE_G8,6.35721142816339E-06,6.63733382799778E-07,0,0,0
HD20003,46.90302,-72.32121,2455463.7969657,-5.14259,0.988589,-16113.355937,0.920898,-9.632434,0.588484,-16114.221752,0.495699,-30.673689,0.590453,2.881513,5.654416,-7.2077,1.125421,0.451123,0.000608,0.269215,0.000729,0.36212,0.000943,0,6.88095,52.585057,-0.045197,-16.3,128.3,2455463.79696,-5.393376,-5.393286,0.108,-9999999,0.034256,-0.469675,0.794352,-0.900071,0.776103,0.5,900.0007,2.888945,5.524616,2010-09-24T06:58:26.074,-9999999,G2,183.C-0972(A),Udry,-9999999,HARPS_ech_obs_all,HARPS_ech_obs_thosimult,STAR_WAVE_G8,6.79399855502925E-06,6.02030695974728E-07,0,0,0
HD20003,46.90302,-72.32121,2455480.7397863,5.148867,1.081693,-16102.586228,1.124428,0.867613,0.661889,-16102.691865,0.554608,-20.175876,0.665645,-3.099107,5.903961,-9.017128,1.354035,0.451733,0.000681,0.267899,0.000821,0.361351,0.001063,0,6.882428,52.590027,-0.039162,-16.3,114.2,2455480.73978,-6.912678,-6.912611,-0.366,-9999999,0.03449,-0.261085,0.855548,-0.140127,0.978135,0.49,900.0006,-3.094504,5.828953,2010-10-11T05:36:45.137,-9999999,G2,183.C-0972(A),Udry,-9999999,HARPS_ech_obs_all,HARPS_ech_obs_thosimult,STAR_WAVE_G8,7.35472891235947E-06,6.52372678699762E-07,0,0,0
HD20003,46.90302,-72.32121,2455482.8083871,0.972441,0.985942,-16107.333502,1.038757,-3.130843,0.683662,-16107.457539,0.571433,-24.250355,0.687111,2.34729,6.50144,-7.143165,1.421658,0.450345,0.000716,0.267992,0.000858,0.362136,0.001112,0,6.880613,52.599344,-0.041303,-16.3,109.5,2455482.80838,-7.118189,-7.11812,-0.364,-9999999,0.034518,-0.083116,0.710414,-0.158555,0.867456,0.52,900.0008,2.344593,6.420356,2010-10-13T07:15:09.420,-9999999,G2,183.C-0972(A),Udry,-9999999,HARPS_ech_obs_all,HARPS_ech_obs_thosimult,STAR_WAVE_G8,6.46808393744025E-06,6.23282071748154E-07,0,0,0
HD20003,46.90302,-72.32121,2455484.735586,-1.013989,0.96418,-16109.065638,0.88572,-5.220118,0.64111,-16109.280257,0.537314,-26.206439,0.644582,-1.024056,5.646021,-7.912148,1.27244,0.452334,0.000663,0.265933,0.000793,0.365547,0.001038,0,6.882877,52.60608,-0.043599,-16.3,117.8,2455484.73558,-7.196279,-7.196222,-0.044,-9999999,0.034545,-0.185961,0.720153,-0.249164,0.704126,0.49,900.0006,-1.019524,5.541573,2010-10-15T05:30:50.385,-9999999,G2,183.C-0972(A),Udry,-9999999,HARPS_ech_obs_all,HARPS_ech_obs_thosimult,STAR_WAVE_G8,5.50194293884281E-06,7.33358039600709E-07,0,0,0
HD20003,46.90302,-72.32121,2455486.6408279,-1.190394,0.841831,-16110.705133,0.663849,-6.339266,0.685163,-16110.939531,0.569131,-27.314628,0.688586,2.630281,6.934209,-8.954186,1.397471,0.451122,0.000692,0.271084,0.000836,0.371103,0.001092,0,6.879398,52.590348,-0.041685,-16.3,111.5,2455486.64082,-7.255281,-7.255238,0.049,-9999999,0.034571,-1.128704,0.489113,-0.268969,0.341738,0.49,900.0008,2.6297,6.843613,2010-10-17T03:14:27.276,-9999999,G2,183.C-0972(A),Udry,-9999999,HARPS_ech_obs_all,HARPS_ech_obs_thosimult,STAR_WAVE_G8,7.95672954366262E-06,6.0702425481387E-07,0,0,0
HD20003,46.90302,-72.32121,2455487.7413848,-2.403342,0.926215,-16109.292909,1.041734,-6.760672,0.581348,-16110.647882,0.488204,-27.878132,0.584578,4.047284,5.306199,-15.802246,1.098891,0.446051,0.000601,0.271028,0.000714,0.36962,0.000932,0,6.870781,52.634988,-0.04196,-16.3,130.1,2455487.74138,-7.394411,-7.394365,0.195,-9999999,0.034586,-0.337162,0.721047,-1.389559,0.920254,0.49,900.0008,4.062551,5.182832,2010-10-18T05:39:17.728,-9999999,G2,183.C-0972(A),Udry,-9999999,HARPS_ech_obs_all,HARPS_ech_obs_thosimult,STAR_WAVE_G8,5.96495115525951E-06,4.84825856460124E-07,0,0,0
HD20003,46.90302,-72.32121,2455489.6314061,4.057694,0.71745,-16104.957696,0.758809,-0.828198,0.469148,-16105.252259,0.399008,-21.864882,0.472004,0.552018,4.553523,-12.447902,0.775016,0.447495,0.000505,0.267695,0.000587,0.372415,0.000775,0,6.876631,52.616022,-0.047455,-16.3,157.1,2455489.6314,-7.428966,-7.428921,0.09,-9999999,0.034612,-0.865724,0.542802,-0.329175,0.645433,0.51,900.0009,0.546673,4.44522,2010-10-20T03:00:41.637,-9999999,G2,183.C-0972(A),Udry,-9999999,HARPS_ech_obs_all,HARPS_ech_obs_thosimult,STAR_WAVE_G8,7.58843268444971E-06,4.67190635516853E-07,0,0,0
HD20003,46.90302,-72.32121,2455492.7598639,4.621723,0.934537,-16105.577893,0.873144,0.204169,0.470933,-16105.059902,0.398926,-20.837976,0.473633,4.657857,4.093274,-13.390662,1.281317,0.451298,0.000478,0.26319,0.000564,0.36426,0.000742,0,6.872781,52.608156,-0.043045,-16.3,163.5,2455492.75986,-7.68962,-7.689589,2.458,-9999999,0.034656,-0.397385,0.807206,0.483335,0.776684,0.47,900.0007,4.677731,3.988845,2010-10-23T06:06:23.234,-9999999,G2,183.C-0972(A),Udry,-9999999,HARPS_ech_obs_all,HARPS_ech_obs_thosimult,STAR_WAVE_G8,5.52116729596826E-06,5.23874046348693E-07,0,0,0
HD20003,46.90302,-72.32121,2455495.8050211,-1.848303,0.87897,-16111.078381,1.046647,-6.557569,0.497601,-16111.030334,0.423695,-27.437029,0.500886,10.698774,4.906453,-15.196292,1.053193,0.450667,0.00051,0.267194,0.000607,0.362207,0.000789,0,6.871297,52.634981,-0.044529,-16.3,153,2455495.80501,-7.866931,-7.866915,0.194,-9999999,0.034698,-0.689098,0.724556,0.013349,0.957054,0.51,900.001,10.722439,4.778518,2010-10-26T07:10:55.619,-9999999,G2,183.C-0972(A),Udry,-9999999,HARPS_ech_obs_all,HARPS_ech_obs_thosimult,STAR_WAVE_G8,6.53207142093262E-06,6.16468494916631E-07,0,0,0
HD20003,46.90302,-72.32121,2455499.7279419,-5.080148,0.867023,-16115.469543,0.918973,-9.935832,0.576064,-16115.926006,0.487855,-30.972062,0.57885,0.472531,5.856482,-8.807407,1.337111,0.450205,0.000592,0.266785,0.000709,0.362971,0.000924,0,6.877782,52.610473,-0.047796,-16.3,131.3,2455499.72793,-7.964575,-7.964559,-0.123,-9999999,0.034752,-0.835516,0.647981,-0.491215,0.778787,0.5,900.001,0.487809,5.738747,2010-10-30T05:20:13.887,-9999999,G2,183.C-0972(A),Udry,-9999999,HARPS_ech_obs_all,HARPS_ech_obs_thosimult,STAR_WAVE_G8,7.87993288126088E-06,5.87494524878439E-07,0,0,0
HD20003,46.90302,-72.32121,2455500.7913495,-5.828358,0.72394,-16113.807822,0.786089,-11.559754,0.547155,-16115.84144,0.462048,-32.605692,0.550086,10.182231,4.472957,-13.579978,1.213612,0.449969,0.000556,0.271854,0.000662,0.370236,0.000864,0,6.874399,52.62506,-0.045214,-16.3,139.9,2455500.79134,-8.047796,-8.047779,0.347,-9999999,0.034767,-1.711228,0.474036,-2.068385,0.635962,0.5,900.001,10.195416,4.306961,2010-10-31T06:51:34.755,-9999999,G2,183.C-0972(A),Udry,-9999999,HARPS_ech_obs_all,HARPS_ech_obs_thosimult,STAR_WAVE_G8,8.07623739240828E-06,4.91587152380976E-07,0,0,0
HD20003,46.90302,-72.32121,2455506.6565129,-2.974487,1.041994,-16110.651622,1.097054,-7.541025,0.5948,-16111.015985,0.496767,-28.463275,0.597307,3.846797,4.843597,-11.108473,1.274822,0.451878,0.000599,0.264667,0.000712,0.372221,0.000944,0,6.873367,52.602231,-0.042294,-16.3,129.2,2455506.65651,-8.093223,-8.093233,0.186,-9999999,0.034848,-0.546369,0.855549,-0.399211,0.978136,0.51,900.0008,3.85809,4.703216,2010-11-06T03:37:29.506,-9999999,G2,183.C-0972(A),Udry,-9999999,HARPS_ech_obs_all,HARPS_ech_obs_thosimult,STAR_WAVE_G8,5.89987365677801E-06,6.37908622216984E-07,0,0,0
HD20003,46.90302,-72.32121,2455510.6579118,-6.20957,0.969944,-16115.028224,1.06564,-10.056022,0.689194,-16114.476405,0.573264,-31.041479,0.692101,5.119422,5.542342,-9.432682,1.26138,0.450067,0.00071,0.26952,0.000847,0.369092,0.001108,0,6.877062,52.60795,-0.042404,-16.3,109.8,2455510.6579,-8.143535,-8.143532,-0.244,-9999999,0.034903,0.173716,0.682498,0.516916,0.898308,0.53,900.0002,5.13228,5.410022,2010-11-10T03:39:21.770,-9999999,G2,183.C-0972(A),Udry,-9999999,HARPS_ech_obs_all,HARPS_ech_obs_thosimult,STAR_WAVE_G8,7.94124192166587E-06,4.62985028229605E-07,0,0,0
HD20003,46.90302,-72.32121,2455515.6446653,2.783493,0.637689,-16104.45668,0.686496,-0.936859,0.51801,-16104.132215,0.436776,-21.885602,0.520685,-9.197859,4.564981,-10.45386,0.913794,0.449062,0.000526,0.272552,0.000628,0.370059,0.000817,0,6.873847,52.598513,-0.04224,-16.3,147.5,2455515.64467,-8.138341,-8.138364,-0.142,-9999999,0.034972,0.299817,0.371904,0.289493,0.529625,0.5,900.0005,-9.180852,4.46511,2010-11-15T03:20:56.019,-9999999,G2,183.C-0972(A),Udry,-9999999,HARPS_ech_obs_all,HARPS_ech_obs_thosimult,STAR_WAVE_G8,8.48939642087162E-06,4.98684069102025E-07,0,0,0
HD20003,46.90302,-72.32121,2455517.6370165,2.467831,0.896703,-16105.703124,0.892068,-0.072082,0.553913,-16104.425637,0.465856,-21.125586,0.556906,-0.673416,5.361046,-14.089935,1.096905,0.450108,0.000565,0.269408,0.000672,0.370276,0.00088,0,6.871908,52.622232,-0.043365,-16.3,137.7,2455517.63701,-8.117439,-8.11745,-0.131,-9999999,0.034999,1.480255,0.705164,1.242488,0.760765,0.53,900.0009,-0.659752,5.269728,2010-11-17T03:09:32.846,-9999999,G2,183.C-0972(A),Udry,-9999999,HARPS_ech_obs_all,HARPS_ech_obs_thosimult,STAR_WAVE_G8,8.08517375814749E-06,5.05359581732917E-07,0,0,0
HD20003,46.90302,-72.32121,2455519.6204227,0.49009,1.13843,-16108.803242,1.156154,-3.192449,0.751033,-16108.177733,0.616385,-24.292637,0.75447,-1.574898,7.258371,-12.92378,1.726269,0.449669,0.000765,0.268241,0.000915,0.369028,0.001199,0,6.873671,52.617733,-0.043233,-16.3,101.6,2455519.62041,-8.080406,-8.080427,0.215,-9999999,0.035027,0.33763,0.855554,0.590482,0.978142,0.46,900.0005,-1.5794,7.187886,2010-11-19T02:46:46.785,-9999999,G2,183.C-0972(A),Udry,-9999999,HARPS_ech_obs_all,HARPS_ech_obs_thosimult,STAR_WAVE_G8,8.28447348540219E-06,7.24048593921448E-07,0,0,0
HD20003,46.90302,-72.32121,2455521.6751458,0.125866,1.09917,-16107.651296,1.135617,-3.556149,0.690083,-16107.069588,0.576957,-24.526296,0.693404,2.563843,6.63667,-12.595286,1.616599,0.451062,0.000725,0.270632,0.000862,0.373112,0.00113,0,6.872439,52.605898,-0.043489,-16.3,108.3,2455521.67514,-8.087292,-8.08732,0.37,-9999999,0.035055,0.338153,0.855547,0.546653,0.978134,0.49,900.0006,2.577389,6.553657,2010-11-21T04:05:12.654,-9999999,G2,183.C-0972(A),Udry,-9999999,HARPS_ech_obs_all,HARPS_ech_obs_thosimult,STAR_WAVE_G8,7.045572212803E-06,6.40816675417974E-07,0,0,0
HD20003,46.90302,-72.32121,2455524.6406774,0.443598,0.960079,-16108.651998,1.062057,-3.599263,0.496903,-16107.939735,0.413777,-24.64615,0.499422,-0.285875,3.982397,-14.136554,1.14976,0.452391,0.000502,0.261386,0.000594,0.372914,0.000784,0,6.873356,52.616015,-0.044017,-16.3,155.3,2455524.64067,-7.992217,-7.992244,-0.137,-9999999,0.035096,-0.022692,0.821486,0.677167,0.978138,0.51,900.0005,-0.265368,3.848319,2010-11-24T03:15:23.457,-9999999,G2,183.C-0972(A),Udry,-9999999,HARPS_ech_obs_all,HARPS_ech_obs_thosimult,STAR_WAVE_G8,4.28639631991038E-06,6.44112882787943E-07,0,0,0
HD20003,46.90302,-72.32121,2455537.6117959,1.993006,0.993013,-16107.857847,0.927857,-2.238725,0.923316,-16107.273125,0.757493,-23.443852,0.927698,2.580186,7.074483,-12.228398,1.862437,0.448441,0.000927,0.273367,0.001116,0.367852,0.001443,0,6.878322,52.612755,-0.043733,-16.3,84.8,2455537.6118,-7.416206,-7.41625,-0.07,-9999999,0.035275,-0.211563,0.365462,0.549447,0.535839,0.51,300.0007,2.590307,6.997479,2010-12-07T02:39:23.054,-9999999,G2,183.C-0972(A),Udry,-9999999,HARPS_ech_obs_all,HARPS_ech_obs_thosimult,STAR_WAVE_G8,9.64815470025625E-06,6.49306294152413E-07,0,0,0
HD20003,46.90302,-72.32121,2455542.6044204,-0.053979,1.014246,-16107.465943,1.080909,-4.567285,0.544716,-16107.700855,0.459994,-25.58034,0.547341,1.456192,4.828339,-10.145259,1.20024,0.449233,0.000541,0.267507,0.000655,0.361987,0.00085,0,6.874497,52.597456,-0.039885,-16.3,142.2,2455542.60442,-7.087743,-7.087795,-0.21,-9999999,0.035344,-0.493138,0.855558,-0.270256,0.978146,0.49,899.9991,1.466386,4.711386,2010-12-12T02:24:08.253,-9999999,G2,183.C-0972(A),Udry,-9999999,HARPS_ech_obs_all,HARPS_ech_obs_thosimult,STAR_WAVE_G8,4.39849155354403E-06,5.88219310284621E-07,0,0,0
HD20003,46.90302,-72.32121,2455544.5958422,-6.728416,0.737456,-16114.118311,0.85794,-9.944108,0.476422,-16113.405746,0.404535,-30.818612,0.479403,1.599689,4.474454,-12.723147,1.031009,0.450493,0.000481,0.265405,0.000573,0.363534,0.000749,0,6.870632,52.625535,-0.040193,-16.3,161.7,2455544.59584,-6.937034,-6.937084,-0.844,-9999999,0.035372,0.804477,0.562906,0.677193,0.75658,0.5,900.0009,1.608502,4.295533,2010-12-14T02:11:42.117,-9999999,G2,183.C-0972(A),Udry,-9999999,HARPS_ech_obs_all,HARPS_ech_obs_thosimult,STAR_WAVE_G8,6.95724574037164E-06,4.41884336920905E-07,0,0,0
HD20003,46.90302,-72.32121,2455548.5734192,1.827093,0.795093,-16105.828153,0.818678,-4.058959,0.515672,-16107.886793,0.436606,-25.036076,0.518642,7.931062,4.709924,-13.653787,1.121028,0.450697,0.000519,0.270056,0.000619,0.37133,0.000811,0,6.8705,52.6214,-0.043083,-16.3,149.3,2455548.57341,-6.607427,-6.607481,-0.088,-9999999,0.035427,-1.865884,0.605191,-2.094067,0.692538,0.47,900.0059,7.933389,4.56821,2010-12-18T01:39:59.537,-9999999,G2,183.C-0972(A),Udry,-9999999,HARPS_ech_obs_all,HARPS_ech_obs_thosimult,STAR_WAVE_G8,5.04794925995722E-06,6.01593941039245E-07,0,0,0
HD20003,46.90302,-72.32121,2455551.6272474,9.046697,0.903174,-16099.720389,1.043051,3.983985,0.586921,-16100.262717,0.496847,-17.001179,0.590284,2.987703,5.199204,-8.067943,1.223416,0.453192,0.000606,0.268802,0.000716,0.365365,0.000944,0,6.876238,52.578648,-0.044972,-16.3,129.2,2455551.62725,-6.387841,-6.387899,0.536,-9999999,0.035469,-1.042544,0.686475,-0.577797,0.917114,0.48,899.9997,2.974581,5.121281,2010-12-21T02:57:27.005,-9999999,G2,183.C-0972(A),Udry,-9999999,HARPS_ech_obs_all,HARPS_ech_obs_thosimult,STAR_WAVE_G8,7.83142168572663E-06,6.27102944966074E-07,0,0,0
HD20003,46.90302,-72.32121,2455576.5563013,-0.170679,0.789955,-16108.695371,1.07629,-4.107873,0.535081,-16107.68508,0.448999,-25.105225,0.534924,-5.57022,5.721403,-12.801547,0.997567,0.450449,0.000541,0.268269,0.000646,0.369075,0.000835,0,6.874022,52.616301,-0.040841,-16.3,144.2,2455576.5563,-3.583983,-3.584018,0.535,-9999999,0.035814,0.082974,0.581135,0.974477,0.978162,0.5,900.0055,-5.542696,5.621283,2011-01-15T01:15:35.417,-9999999,G2,183.C-0972(A),Udry,-9999999,HARPS_ech_obs_all,HARPS_ech_obs_thosimult,STAR_WAVE_G8,7.65822721563159E-06,5.70537076339229E-07,0,0,0
HD20003,46.90302,-72.32121,2455577.5872664,1.152516,0.877113,-16109.530698,0.834808,-3.157478,0.466104,-16108.126033,0.392192,-24.100765,0.466416,11.595214,4.323758,-13.444318,1.008418,0.450922,0.000464,0.26706,0.00055,0.370405,0.000716,0,6.872804,52.62081,-0.044626,-16.3,168.6,2455577.58726,-3.473716,-3.473752,-0.575,-9999999,0.035828,-0.289826,0.743017,1.368837,0.736946,0.5,900.0015,11.606545,4.190806,2011-01-16T02:00:11.838,-9999999,G2,183.C-0972(A),Udry,-9999999,HARPS_ech_obs_all,HARPS_ech_obs_thosimult,STAR_WAVE_G8,6.77195703237708E-06,4.76986177195938E-07,0,0,0
HD20003,46.90302,-72.32121,2455579.567614,-1.312089,0.802429,-16110.782681,0.99178,-4.453578,0.563174,-16109.135528,0.475147,-25.444218,0.563075,7.634202,5.650876,-10.271713,1.093711,0.452392,0.000577,0.273378,0.000684,0.361904,0.000889,0,6.873761,52.612815,-0.045083,-16.3,136.3,2455579.56761,-3.203162,-3.2032,-0.485,-9999999,0.035855,0.87868,0.5716,1.611298,0.870553,0.47,900.0062,7.644652,5.538004,2011-01-18T01:32:22.739,-9999999,G2,183.C-0972(A),Udry,-9999999,HARPS_ech_obs_all,HARPS_ech_obs_thosimult,STAR_WAVE_G8,7.83756166504665E-06,4.75193645617098E-07,0,0,0
HD20003,46.90302,-72.32121,2455580.5732219,-1.049295,0.876558,-16111.612901,1.078501,-6.210172,0.539343,-16110.755028,0.454287,-27.229669,0.539211,6.440748,4.014882,-12.653176,1.070878,0.4531,0.00055,0.267658,0.000653,0.365339,0.000852,0,6.870371,52.622716,-0.043262,-16.3,142.7,2455580.57322,-3.075327,-3.075367,0.144,-9999999,0.035869,-1.140709,0.690987,0.822004,0.978156,0.51,900.006,6.4468,3.863337,2011-01-19T01:39:52.156,-9999999,G2,183.C-0972(A),Udry,-9999999,HARPS_ech_obs_all,HARPS_ech_obs_thosimult,STAR_WAVE_G8,5.70408185749648E-06,6.11403461473871E-07,0,0,0
HD20003,46.90302,-72.32121,2455754.9308425,2.107096,1.575433,-16106.932377,1.443999,-1.24329,1.470006,-16107.566926,1.241909,-22.563085,1.472324,7.800181,12.384602,-8.143288,3.03624,0.452395,0.001421,0.269515,0.001749,0.378226,0.002265,0,6.877761,52.549363,-0.050747,-16.3,56.2,2455754.93083,4.056609,4.056643,0.069,-9999999,0.038278,0.669783,0.566633,-0.672827,0.736747,0.46,900.0001,7.818968,12.353114,2011-07-12T10:11:31.997,-9999999,G2,183.C-0972(A),Udry,-9999999,HARPS_ech_obs_all,HARPS_ech_obs_thosimult,STAR_WAVE_G8,1.17699163767273E-05,8.77128377075921E-07,0,0,0
HD20003,46.90302,-72.32121,2455770.9164633,-3.920041,0.677851,-16113.301808,1.067375,-8.368094,0.574134,-16113.232985,0.475851,-29.426463,0.575359,5.419252,5.619296,-4.821535,1.230143,0.452339,0.000584,0.269328,0.000695,0.369803,0.000896,0,6.877725,52.597649,-0.045815,-16.3,134.7,2455770.91645,2.055122,2.055151,0.352,-9999999,0.038499,-0.427885,0.360351,0.030324,0.955435,0.51,900.0001,5.454379,5.494239,2011-07-28T09:49:50.722,-9999999,G2,183.C-0972(A),Udry,-9999999,HARPS_ech_obs_all,HARPS_ech_obs_thosimult,STAR_WAVE_G8,5.80264751625635E-06,5.89353062892962E-07,0,0,0
HD20003,46.90302,-72.32121,2455776.9321579,1.568358,1.15007,-16108.613536,1.162652,-4.023157,0.774293,-16108.921719,0.628385,-25.027821,0.775852,5.90067,6.891198,-5.483596,1.628588,0.451957,0.000791,0.270741,0.00095,0.369487,0.001221,0,6.881729,52.583313,-0.042586,-16.3,99.5,2455776.93215,1.233419,1.233458,-0.121,-9999999,0.038582,-1.571347,0.850371,-0.346765,0.978208,0.5,900.0004,5.943135,6.824056,2011-08-03T10:12:32.949,-9999999,G2,183.C-0972(A),Udry,-9999999,HARPS_ech_obs_all,HARPS_ech_obs_thosimult,STAR_WAVE_G8,6.55654342496504E-06,7.26632798996959E-07,0,0,0
HD20003,46.90302,-72.32121,2455783.9246383,-2.090764,0.808615,-16111.218712,0.727544,-6.413662,0.658992,-16111.39965,0.542848,-27.476341,0.659963,8.337072,5.634297,-13.779615,1.355585,0.452532,0.000643,0.270395,0.000781,0.370384,0.001005,0,6.875157,52.636007,-0.043212,-16.3,120.2,2455783.92463,0.284382,0.284422,0,-9999999,0.038679,-0.30273,0.468602,-0.219617,0.484393,0.5,900.0005,8.384455,5.566683,2011-08-10T10:01:41.765,-9999999,G2,183.C-0972(A),Udry,-9999999,HARPS_ech_obs_all,HARPS_ech_obs_thosimult,STAR_WAVE_G8,5.63761918914293E-06,6.26217770724264E-07,0,0,0
HD20003,46.90302,-72.32121,2455784.8402625,-2.246081,0.763412,-16110.147704,0.743265,-6.243781,0.531377,-16110.08965,0.447453,-27.144774,0.532566,8.859869,4.56824,-12.416738,1.194826,0.451643,0.000533,0.268883,0.000637,0.369491,0.000823,0,6.875385,52.612408,-0.043756,-16.3,146.3,2455784.84026,0.219396,0.219441,0.182,-9999999,0.038692,0.022468,0.54812,0.019362,0.593489,0.5,900.0002,8.907221,4.458379,2011-08-11T08:00:11.636,-9999999,G2,183.C-0972(A),Udry,-9999999,HARPS_ech_obs_all,HARPS_ech_obs_thosimult,STAR_WAVE_G8,4.18006816812998E-06,6.52091607869696E-07,0,0,0
HD20003,46.90302,-72.32121,2455801.9015776,-0.113549,1.240082,-16108.179274,1.219222,-4.300804,0.897638,-16108.806544,0.727769,-25.279023,0.89709,-3.364743,7.862228,-9.753159,1.873841,0.451183,0.00092,0.270262,0.001109,0.371391,0.00143,0,6.878817,52.608893,-0.044301,-16.3,85.9,2455801.90158,-2.155625,-2.155585,0,-9999999,0.038927,-0.167086,0.855599,-0.666197,0.97819,0.54,900.0001,-3.347473,7.796323,2011-08-28T09:27:58.206,-9999999,G2,183.C-0972(A),Udry,-9999999,HARPS_ech_obs_all,HARPS_ech_obs_thosimult,STAR_WAVE_G8,4.9632436073756E-06,9.21022425288603E-07,0,0,0
HD20003,46.90302,-72.32121,2455804.8741212,-5.263464,0.936025,-16114.516953,1.103818,-10.159127,0.610705,-16115.093196,0.511455,-31.269772,0.610301,1.945898,6.368981,-13.497456,1.233939,0.452609,0.000618,0.273692,0.000736,0.360175,0.000954,0,6.874641,52.639531,-0.048305,-16.3,126.4,2455804.87411,-2.531616,-2.531577,0.635,-9999999,0.038968,-0.875495,0.709353,-0.615211,0.978175,0.5,899.9996,1.950455,6.252599,2011-08-31T08:49:03.977,-9999999,G2,183.C-0972(A),Udry,-9999999,HARPS_ech_obs_all,HARPS_ech_obs_thosimult,STAR_WAVE_G8,7.83533326689853E-06,5.22613845298329E-07,0,0,0
HD20003,46.90302,-72.32121,2455807.8778377,-8.113458,0.777336,-16116.1183,0.741114,-12.011523,0.676583,-16116.781369,0.566668,-33.038536,0.676118,7.419517,6.306488,-12.548747,1.576477,0.447558,0.000686,0.269587,0.000826,0.368378,0.001064,0,6.878591,52.63688,-0.045609,-16.3,113.7,2455807.87783,-2.928973,-2.928937,0.005,-9999999,0.03901,0.122103,0.382737,-0.702079,0.477637,0.48,899.9996,7.416478,6.193512,2011-09-03T08:54:45.456,-9999999,G2,183.C-0972(A),Udry,-9999999,HARPS_ech_obs_all,HARPS_ech_obs_thosimult,STAR_WAVE_G8,4.69137293380422E-06,6.68250465596403E-07,0,0,0
HD20003,46.90302,-72.32121,2455815.8263379,-5.217445,0.894671,-16114.220478,0.892981,-9.318848,0.703298,-16114.178449,0.58332,-30.20975,0.702751,9.65946,6.397011,-10.499092,1.420559,0.448975,0.000701,0.268696,0.000849,0.363728,0.001103,0,6.877823,52.604488,-0.044523,-16.3,110.7,2455815.82633,-3.893442,-3.893403,0.079,-9999999,0.03912,-0.081235,0.553,0.002909,0.676131,0.58,900.0001,9.670888,6.298429,2011-09-11T07:39:13.727,-9999999,G2,183.C-0972(A),Udry,-9999999,HARPS_ech_obs_all,HARPS_ech_obs_thosimult,STAR_WAVE_G8,7.78117258912923E-06,5.83568783842941E-07,0,0,0
HD20003,46.90302,-72.32121,2455817.8726891,-4.041053,0.639761,-16112.349218,0.697241,-8.906616,0.467614,-16113.4171,0.396333,-29.916415,0.468126,-1.988795,4.407461,-12.4905,0.948262,0.450667,0.000467,0.273211,0.000555,0.368876,0.00072,0,6.872604,52.602949,-0.044896,-16.3,167,2455817.87268,-4.178047,-4.178006,-0.021,-9999999,0.039148,-0.845395,0.436614,-1.10703,0.573642,0.51,899.9994,-1.979204,4.237909,2011-09-13T08:47:03.845,-9999999,G2,183.C-0972(A),Udry,-9999999,HARPS_ech_obs_all,HARPS_ech_obs_thosimult,STAR_WAVE_G8,5.41726302250424E-06,5.00414416729466E-07,0,0,0
HD20003,46.90302,-72.32121,2455825.8755557,1.574796,0.934408,-16106.633571,0.994634,-1.971459,0.602636,-16106.541824,0.50934,-23.03419,0.604395,11.866905,5.465655,-13.541605,1.234823,0.45209,0.000612,0.269735,0.000734,0.369102,0.000946,0,6.875186,52.628455,-0.046821,-16.3,127.8,2455825.87555,-5.108932,-5.108909,-0.111,-9999999,0.039259,0.473914,0.714107,0.052488,0.854324,0.53,900.0062,11.882815,5.366176,2011-09-21T08:51:04.186,-9999999,G2,183.C-0972(A),Udry,-9999999,HARPS_ech_obs_all,HARPS_ech_obs_thosimult,STAR_WAVE_G8,3.64560523308812E-06,7.06335762640047E-07,0,0,0
HD20003,46.90302,-72.32121,2455834.7836662,-0.456218,0.880134,-16109.17618,0.89821,-4.601943,0.421614,-16108.987763,0.361339,-25.550615,0.424189,8.489567,4.177715,-14.800197,0.930271,0.451985,0.000431,0.267973,0.00051,0.368991,0.000661,0,6.871077,52.633665,-0.044036,-16.3,182,2455834.78366,-5.96963,-5.969605,-0.202,-9999999,0.039382,-0.125557,0.772579,0.149035,0.822323,0.49,900.0056,8.496319,4.008558,2011-09-30T06:39:35.155,-9999999,G2,183.C-0972(A),Udry,-9999999,HARPS_ech_obs_all,HARPS_ech_obs_thosimult,STAR_WAVE_G8,6.64497875091702E-06,4.55051852672755E-07,0,0,0
HD20003,46.90302,-72.32121,2455835.804891,-1.152603,0.785718,-16109.80863,0.900711,-3.50138,0.56059,-16107.867266,0.475634,-24.470452,0.563821,3.306587,5.285442,-10.495784,1.207826,0.449435,0.000561,0.26863,0.000676,0.36936,0.000874,0,6.877771,52.609916,-0.042601,-16.3,138,2455835.80488,-6.084161,-6.084124,-0.643,-9999999,0.039396,1.671391,0.550538,1.901968,0.764887,0.5,900.0056,3.306192,5.169913,2011-10-01T07:10:01.750,-9999999,G2,183.C-0972(A),Udry,-9999999,HARPS_ech_obs_all,HARPS_ech_obs_thosimult,STAR_WAVE_G8,3.98461661330641E-06,6.48006643736042E-07,0,0,0
HD20003,46.90302,-72.32121,2455837.7526678,-3.856858,0.703488,-16111.806413,0.925424,-7.683643,0.492797,-16111.773942,0.420632,-28.716581,0.495619,1.458687,4.75376,-13.110218,1.045135,0.451637,0.000517,0.266266,0.000606,0.363188,0.000791,0,6.874037,52.623009,-0.043035,-16.3,153.3,2455837.75267,-6.225707,-6.225671,-0.264,-9999999,0.039423,0.193384,0.502042,-0.006952,0.824305,0.5,900.0053,1.467849,4.595169,2011-10-03T05:54:53.126,-9999999,G2,183.C-0972(A),Udry,-9999999,HARPS_ech_obs_all,HARPS_ech_obs_thosimult,STAR_WAVE_G8,-9999999,-9999999,-9999999,-9999999,-9999999
HD20003,46.90302,-72.32121,2455839.7738241,-7.315875,0.853705,-16115.44214,0.842383,-11.463163,0.745668,-16115.070724,0.621964,-32.606633,0.749462,-6.979562,6.726558,-7.130847,1.836562,0.452694,0.000774,0.274274,0.000924,0.36361,0.001202,0,6.87827,52.606559,-0.040595,-16.3,101.9,2455839.77382,-6.422928,-6.422885,-0.235,-9999999,0.039451,-0.12712,0.415683,0.331965,0.568128,0.47,900.0054,-6.984313,6.597656,2011-10-05T06:25:51.733,-9999999,G2,183.C-0972(A),Udry,-9999999,HARPS_ech_obs_all,HARPS_ech_obs_thosimult,STAR_WAVE_G8,5.2815434626991E-06,7.0242048565183E-07,0,0,0
HD20003,46.90302,-72.32121,2455841.7005661,-10.298111,0.89817,-16118.686198,0.960271,-13.670401,0.561227,-16118.020279,0.475704,-34.555601,0.564473,7.396706,4.841882,-8.653073,1.361283,0.446724,0.000568,0.271901,0.000678,0.369596,0.000883,0,6.878774,52.59522,-0.043663,-16.3,136.8,2455841.70056,-6.534675,-6.534639,-0.055,-9999999,0.039477,0.647878,0.701237,0.626442,0.834162,0.51,900.0053,7.385162,4.65294,2011-10-07T04:39:49.860,-9999999,G2,183.C-0972(A),Udry,-9999999,HARPS_ech_obs_all,HARPS_ech_obs_thosimult,STAR_WAVE_G8,6.68251294323963E-06,6.1694788685518E-07,0,0,0
HD20003,46.90302,-72.32121,2455843.7517929,-9.570606,0.715865,-16118.275706,0.74669,-14.479249,0.540188,-16118.880759,0.457573,-35.446258,0.543287,8.435465,4.994843,-7.189067,1.064122,0.449928,0.000543,0.267961,0.00065,0.367527,0.000839,0,6.881455,52.586155,-0.046309,-16.3,143.2,2455843.75178,-6.740418,-6.740387,-0.383,-9999999,0.039506,-0.888475,0.469745,-0.644559,0.590062,0.52,900.0003,8.437818,4.806799,2011-10-09T05:53:30.807,-9999999,G2,183.C-0972(A),Udry,-9999999,HARPS_ech_obs_all,HARPS_ech_obs_thosimult,STAR_WAVE_G8,4.99195139183997E-06,5.33633430473242E-07,0,0,0
HD20003,46.90302,-72.32121,2455845.8136184,-4.315086,1.128061,-16113.412821,1.155054,-8.406217,0.926059,-16113.594175,0.759162,-29.563933,0.93061,11.288656,7.629022,-8.181986,2.44776,0.452544,0.000951,0.269286,0.001147,0.363479,0.001483,0,6.881254,52.599693,-0.04406,-16.3,83.2,2455845.81361,-6.949794,-6.949768,-0.468,-9999999,0.039534,-0.070963,0.644156,-0.220888,0.87053,0.43,900.0054,11.278371,7.536704,2011-10-11T07:23:57.590,-9999999,G2,183.C-0972(A),Udry,-9999999,HARPS_ech_obs_all,HARPS_ech_obs_thosimult,STAR_WAVE_G8,8.92510672021495E-06,6.43185118386374E-07,0,0,0
HD20003,46.90302,-72.32121,2455870.6670691,-0.635287,1.039671,-16109.022986,1.097315,-4.284085,0.590723,-16108.5123,0.497346,-25.26946,0.594092,3.64053,5.244871,-17.350443,1.551163,0.452483,0.000596,0.272973,0.000711,0.36869,0.000922,0,6.874534,52.675763,-0.045091,-16.3,130.8,2455870.66706,-8.072497,-8.072498,-1.936,-9999999,0.039877,0.371371,0.855548,0.470809,0.978135,0.5,900.0056,3.647356,5.127216,2011-11-05T03:52:47.375,-9999999,G2,183.C-0972(A),Udry,-9999999,HARPS_ech_obs_all,HARPS_ech_obs_thosimult,STAR_WAVE_G8,5.0105098445095E-06,7.28412972816913E-07,0,0,0
HD20003,46.90302,-72.32121,2455873.6902188,-4.694883,1.01277,-16112.702146,1.080384,-8.331581,0.541982,-16112.204221,0.458786,-29.388095,0.545224,-0.290043,5.513242,-16.48125,1.334189,0.451277,0.00055,0.272758,0.000649,0.368659,0.000843,0,6.873268,52.657748,-0.041321,-16.3,143.1,2455873.69021,-8.140742,-8.140744,-0.059,-9999999,0.039919,0.38347,0.855546,0.458006,0.978133,0.52,900.0052,-0.277941,5.389622,2011-11-08T04:25:56.584,-9999999,G2,183.C-0972(A),Udry,-9999999,HARPS_ech_obs_all,HARPS_ech_obs_thosimult,STAR_WAVE_G8,4.45984178248729E-06,5.13327831591715E-07,0,0,0
HD20003,46.90302,-72.32121,2455878.6641783,-10.935969,1.115341,-16119.173901,1.121607,-13.89293,0.944278,-16118.253928,0.768773,-34.822993,0.948634,8.755515,8.098551,-19.065135,2.729339,0.449482,0.000953,0.270119,0.00115,0.373758,0.001509,0,6.881026,52.662565,-0.04119,-16.3,82.1,2455878.66417,-8.156375,-8.156383,-0.656,-9999999,0.039988,1.063207,0.59357,0.879985,0.816695,0.55,900.0052,8.750404,8.014066,2011-11-13T03:48:11.389,-9999999,G2,183.C-0972(A),Udry,-9999999,HARPS_ech_obs_all,HARPS_ech_obs_thosimult,STAR_WAVE_G8,5.13513558347373E-06,1.13840247545652E-06,0,0,0
HD20003,46.90302,-72.32121,2455880.6681034,-8.418161,0.898647,-16117.294739,0.965331,-11.811037,0.521339,-16116.452378,0.443827,-32.787311,0.52443,9.757812,5.081624,-18.34188,1.172995,0.450773,0.000561,0.271397,0.000651,0.369249,0.000849,0,6.872963,52.671697,-0.043383,-16.3,142.8,2455880.6681,-8.157084,-8.157095,-0.073,-9999999,0.040016,0.627292,0.731964,0.802345,0.857253,0.53,900.0051,9.761858,4.919751,2011-11-15T03:54:13.237,-9999999,G2,183.C-0972(A),Udry,-9999999,HARPS_ech_obs_all,HARPS_ech_obs_thosimult,STAR_WAVE_G8,7.1688459667369E-06,4.33613189844135E-07,0,0,0
HD20003,46.90302,-72.32121,2455886.6240497,-3.647595,1.023137,-16112.602027,0.882925,-6.38714,0.839931,-16111.12792,0.68639,-27.311019,0.844267,16.027583,7.662916,-18.716254,1.829087,0.450968,0.000864,0.273056,0.001035,0.368619,0.00134,0,6.87801,52.653681,-0.04406,-16.3,91.2,2455886.62404,-8.057655,-8.057663,-0.05,-9999999,0.040098,1.280623,0.584231,1.434009,0.555361,0.48,900.0051,16.020214,7.5817,2011-11-21T02:51:45.957,-9999999,G2,183.C-0972(A),Udry,-9999999,HARPS_ech_obs_all,HARPS_ech_obs_thosimult,STAR_WAVE_G8,5.31264706044837E-06,9.22671380743573E-07,0,0,0
HD20003,46.90302,-72.32121,2455897.6446829,1.131285,0.780481,-16108.524574,0.872611,-1.593728,0.587337,-16106.352085,0.494312,-22.537679,0.590745,5.91504,5.463178,-12.150803,1.230747,0.450251,0.000584,0.261031,0.000693,0.365294,0.000916,0,6.87749,52.608519,-0.041849,-16.3,133.3,2455897.64467,-7.711469,-7.711485,0.006,-9999999,0.04025,1.295155,0.51399,2.132239,0.719101,0.46,900.0054,5.928962,5.368249,2011-12-02T03:22:11.820,-9999999,G2,183.C-0972(A),Udry,-9999999,HARPS_ech_obs_all,HARPS_ech_obs_thosimult,STAR_WAVE_G8,3.08140463638766E-06,8.85399072949329E-07,0,0,0
HD20003,46.90302,-72.32121,2455901.6143203,-5.366193,1.008367,-16113.61404,1.077009,-9.308487,0.533694,-16113.41818,0.45076,-30.272884,0.53675,-5.582429,5.077706,-11.327306,1.171237,0.45134,0.000535,0.264003,0.000634,0.370471,0.000829,0,6.873596,52.604207,-0.045864,-16.3,146.1,2455901.61432,-7.485193,-7.485215,0.063,-9999999,0.040305,0.077874,0.855556,0.155555,0.978143,0.5,899.9996,-5.560067,4.924684,2011-12-06T02:38:01.178,-9999999,G2,183.C-0972(A),Udry,-9999999,HARPS_ech_obs_all,HARPS_ech_obs_thosimult,STAR_WAVE_G8,4.55098479402744E-06,5.34487937244976E-07,0,0,0
HD20003,46.90302,-72.32121,2455925.5738242,-2.830849,0.877569,-16110.899551,1.013795,-6.63429,0.550172,-16111.065528,0.464773,-27.610108,0.552675,10.801143,3.849883,-8.770304,1.371291,0.451998,0.000554,0.267103,0.000657,0.362614,0.000854,0,6.876865,52.596965,-0.044235,-16.3,141.7,2455925.57381,-5.503107,-5.503137,0.178,-9999999,0.040636,0.216727,0.683694,-0.206613,0.900981,0.51,899.9998,10.790435,3.673007,2011-12-30T01:40:18.821,-9999999,G2,183.C-0972(A),Udry,-9999999,HARPS_ech_obs_all,HARPS_ech_obs_thosimult,STAR_WAVE_G8,4.80535804698422E-06,6.32670895322064E-07,0,0,0
HD20003,46.90302,-72.32121,2455927.5666782,0.31336,0.834501,-16107.684974,0.823927,-4.128346,0.570848,-16108.489743,0.475499,-25.089768,0.572929,-2.49173,5.005258,-10.58957,1.352154,0.454225,0.000568,0.260757,0.000668,0.376303,0.000888,0,6.879394,52.58703,-0.045452,-16.3,138.8,2455927.56667,-5.28434,-5.284378,0.678,-9999999,0.040664,-0.421537,0.608708,-0.845433,0.672872,0.5,900.0054,-2.482516,4.889767,2012-01-01T01:30:13.491,-9999999,G2,183.C-0972(A),Udry,-9999999,HARPS_ech_obs_all,HARPS_ech_obs_thosimult,STAR_WAVE_G8,-9999999,-9999999,-9999999,-9999999,-9999999
HD20003,46.90302,-72.32121,2455940.534103,-0.475803,0.999099,-16109.426419,1.067884,-4.091128,0.515925,-16108.793794,0.428436,-25.074972,0.515789,2.261868,4.830249,-7.782301,1.24042,0.452991,0.000513,0.26615,0.000605,0.374903,0.000794,0,6.880235,52.57299,-0.044961,-16.3,154.1,2455940.53409,-3.733408,-3.733438,-0.542,-9999999,0.040843,0.404843,0.855582,0.591782,0.978172,0.5,900.0057,2.278326,4.708495,2012-01-14T00:43:35.851,-9999999,G2,183.C-0972(A),Udry,-9999999,HARPS_ech_obs_all,HARPS_ech_obs_thosimult,STAR_WAVE_G8,5.15537226674293E-06,6.44120918291408E-07,0,0,0
HD20003,46.90302,-72.32121,2455951.5185703,-4.360494,0.998677,-16117.194538,1.063376,-8.405244,0.515096,-16113.12352,0.437033,-29.425458,0.515023,-4.203674,4.84316,0.918587,1.345887,0.451672,0.000525,0.272758,0.000624,0.366795,0.000807,0,6.870258,52.479086,-0.045227,-16.3,150.9,2455951.51857,-2.270907,-2.270946,0.091,-9999999,0.040995,-0.024581,0.855589,4.030023,0.969417,0.51,900.0003,-4.200313,4.695141,2012-01-25T00:21:14.294,-9999999,G2,183.C-0972(A),Udry,-9999999,HARPS_ech_obs_all,HARPS_ech_obs_thosimult,STAR_WAVE_G8,5.47815737000328E-06,6.59668964164405E-07,0,0,0
HD20003,46.90302,-72.32121,2455987.5106199,-0.403227,1.150822,-16109.393024,1.165766,-4.441533,0.769644,-16108.950513,0.634167,-25.31338,0.77063,4.427454,7.978563,-8.278349,1.855063,0.451017,0.00077,0.268067,0.000923,0.365834,0.001185,0,6.877059,52.617964,-0.047088,-16.3,101.9,2455987.51062,2.72036,2.720331,0,-9999999,0.041492,-0.018138,0.855592,0.401019,0.978183,0.53,899.9997,4.450349,7.912327,2012-03-01T00:09:26.257,-9999999,G2,183.C-0972(A),Udry,-9999999,HARPS_ech_obs_all,HARPS_ech_obs_thosimult,STAR_WAVE_G8,4.55380508898421E-06,7.71517751705676E-07,0,0,0
HD20003,46.90302,-72.32121,2455988.5053282,0.977951,0.925289,-16108.148975,0.961992,-2.647087,0.617973,-16107.946001,0.51458,-23.680395,0.619149,21.458906,5.93653,-8.821034,1.122051,0.452806,0.000619,0.269935,0.000735,0.369234,0.000946,0,6.878789,52.593795,-0.044708,-16.3,127.8,2455988.50533,2.852786,2.852756,0,-9999999,0.041506,0.39513,0.688672,0.161468,0.812795,0.49,899.994,21.488444,5.847601,2012-03-02T00:02:24.237,-9999999,G2,183.C-0972(A),Udry,-9999999,HARPS_ech_obs_all,HARPS_ech_obs_thosimult,STAR_WAVE_G8,8.85976912499177E-06,6.34522002956232E-07,0,0,0
HD20003,46.90302,-72.32121,2456115.9446483,-9.5247,0.981748,-16116.3633,1.084202,-13.097652,0.565529,-16117.36019,0.467531,-34.019092,0.566897,4.082292,5.930512,1.674724,1.378663,0.449852,0.00055,0.270565,0.000661,0.362061,0.000851,0,6.888532,52.536914,-0.041321,-16.3,141.4,2456115.94464,4.542023,4.542056,-0.073,-9999999,0.043267,0.447217,0.8025,-1.040157,0.978217,0.52,900.0002,4.091197,5.788117,2012-07-07T10:30:35.683,-9999999,G2,183.C-0972(A),Udry,-9999999,HARPS_ech_obs_all,HARPS_ech_obs_thosimult,STAR_WAVE_G8,8.73728325145756E-06,5.52194231394677E-07,0,0,0
HD20003,46.90302,-72.32121,2456149.8842931,-7.612153,0.941936,-16114.732118,1.04824,-11.641206,0.65744,-16115.434717,0.545804,-32.690333,0.65832,7.597483,5.047882,-9.762357,1.45,0.450831,0.00065,0.269657,0.000785,0.369585,0.001012,0,6.883108,52.597098,-0.041309,-16.3,119.6,2456149.88429,0.222102,0.222157,0.351,-9999999,0.043735,-0.008885,0.674548,-0.746334,0.894933,0.53,900.0004,7.6248,4.919141,2012-08-10T09:03:08.571,-9999999,G2,183.C-0972(A),Udry,-9999999,HARPS_ech_obs_all,HARPS_ech_obs_thosimult,STAR_WAVE_G8,1.74059818008374E-06,8.65268139161528E-07,0,0,0
HD20003,46.90302,-72.32121,2456150.8879459,-7.349861,1.189868,-16113.064755,1.199744,-12.109005,0.961724,-16114.516869,0.784164,-33.138558,0.962359,-12.067958,7.83357,-5.281379,1.97718,0.45148,0.000973,0.269533,0.001178,0.365831,0.001525,0,6.885749,52.578589,-0.040579,-16.3,81.1,2456150.88794,0.081281,0.081333,-0.64,-9999999,0.043749,-0.738976,0.700623,-1.495863,0.908005,0.5,900.0002,-12.050649,7.746623,2012-08-11T09:08:51.139,-9999999,G2,183.C-0972(A),Udry,-9999999,HARPS_ech_obs_all,HARPS_ech_obs_thosimult,STAR_WAVE_G8,3.65809389618845E-06,9.29280132112026E-07,0,0,0
HD20003,46.90302,-72.32121,2456157.8237631,-2.520409,1.358187,-16110.183274,1.302966,-6.755418,1.054836,-16110.023301,0.860776,-27.782349,1.054751,-5.963369,10.373437,1.182675,2.445188,0.451091,0.001054,0.277217,0.001284,0.360911,0.001652,0,6.896654,52.536089,-0.040006,-16.3,74.7,2456157.82376,-0.830276,-0.830227,0.437,-9999999,0.043845,-0.214841,0.855566,0.116128,0.978155,0.54,900.0001,-5.971641,10.312987,2012-08-18T07:35:50.604,-9999999,G2,183.C-0972(A),Udry,-9999999,HARPS_ech_obs_all,HARPS_ech_obs_thosimult,STAR_WAVE_G8,4.97077176157898E-06,1.24085563430414E-06,0,0,0
HD20003,46.90302,-72.32121,2456160.8620546,-0.925157,0.953352,-16110.057857,0.992497,-6.864333,0.734812,-16112.831131,0.610768,-28.073482,0.734954,-8.902562,6.897707,-7.004534,1.550382,0.451929,0.000752,0.270182,0.000896,0.369587,0.001154,0,6.882296,52.575228,-0.047444,-16.3,105.5,2456160.86204,-1.273717,-1.273661,0.297,-9999999,0.043887,-1.919007,0.607397,-2.817161,0.782312,0.44,900.0003,-8.876374,6.809306,2012-08-21T08:32:29.964,-9999999,G2,183.C-0972(A),Udry,-9999999,HARPS_ech_obs_all,HARPS_ech_obs_thosimult,STAR_WAVE_G8,4.07875650000433E-06,8.69537955318064E-07,0,0,0
HD20003,46.90302,-72.32121,2456166.8642715,5.213686,0.916613,-16104.828975,0.998272,0.199882,0.592039,-16105.110186,0.495934,-20.853884,0.592158,4.450042,5.453078,-9.339705,1.271048,0.447537,0.000589,0.268292,0.000705,0.369639,0.000911,0,6.879459,52.585494,-0.047583,-16.3,132.5,2456166.86427,-2.087587,-2.087539,-0.629,-9999999,0.04397,-0.993636,0.699763,-0.325181,0.866369,0.5,900.0002,4.476232,5.352604,2012-08-27T08:34:50.466,-9999999,G2,183.C-0972(A),Udry,-9999999,HARPS_ech_obs_all,HARPS_ech_obs_thosimult,STAR_WAVE_G8,5.8582985072423E-06,6.76550995971757E-07,0,0,0
HD20003,46.90302,-72.32121,2456172.8265819,-4.198946,0.874654,-16111.199255,0.890663,-7.483909,0.612583,-16111.488295,0.511809,-28.524474,0.612363,5.580087,5.520919,-11.770341,1.467299,0.451657,0.0006,0.267232,0.000722,0.37017,0.000937,0,6.877905,52.618634,-0.043565,-16.3,129.3,2456172.82658,-2.845408,-2.845372,0.43,-9999999,0.044052,0.735205,0.624309,-0.333092,0.728925,0.52,900.0003,5.594858,5.408534,2012-09-02T07:40:20.379,-9999999,G2,183.C-0972(A),Udry,-9999999,HARPS_ech_obs_all,HARPS_ech_obs_thosimult,STAR_WAVE_G8,6.86406649442517E-06,5.98832984132732E-07,0,0,0
HD20003,46.90302,-72.32121,2456181.8274971,-4.357505,0.834352,-16112.64352,0.950571,-7.841218,0.525367,-16112.448768,0.443381,-28.967106,0.525299,4.656859,5.576463,-8.912956,1.186596,0.448477,0.000523,0.274447,0.000624,0.360434,0.000808,0,6.876999,52.594615,-0.040593,-16.3,148.9,2456181.82749,-3.985689,-3.985652,-0.744,-9999999,0.044177,0.536456,0.648177,0.150575,0.840832,0.5,900.0002,4.659599,5.446834,2012-09-11T07:42:06.404,-9999999,G2,183.C-0972(A),Udry,-9999999,HARPS_ech_obs_all,HARPS_ech_obs_thosimult,STAR_WAVE_G8,7.63264148829538E-06,5.72831539570679E-07,0,0,0
HD20003,46.90302,-72.32121,2456196.801978,-4.996915,1.032862,-16112.709456,0.962714,-8.448676,0.762756,-16112.918531,0.626941,-29.484925,0.765719,-3.132979,7.750711,-11.194797,1.757194,0.445481,0.000749,0.274229,0.000904,0.370247,0.001172,0,6.881244,52.580676,-0.043023,-16.3,103.7,2456196.80197,-5.658213,-5.658174,0.147,-9999999,0.044384,0.568408,0.696425,-0.253459,0.730591,0.47,900.006,-3.133874,7.660027,2012-09-26T07:06:09.534,-9999999,G2,183.C-0972(A),Udry,-9999999,HARPS_ech_obs_all,HARPS_ech_obs_thosimult,STAR_WAVE_G8,2.79645055368069E-06,9.10484568224642E-07,0,0,0
HD20003,46.90302,-72.32121,2456200.7858294,1.689482,0.844551,-16106.460466,0.768763,-1.486801,0.695126,-16106.126152,0.577244,-22.345109,0.698499,-1.525048,7.199714,-2.43458,1.332528,0.451735,0.0007,0.26483,0.000837,0.373439,0.001096,0,6.887005,52.524407,-0.044282,-16.3,112,2456200.78583,-6.038868,-6.038849,-0.226,-9999999,0.044439,0.843885,0.479651,0.289875,0.507726,0.5,900.0066,-1.522571,7.127618,2012-09-30T06:42:34.031,-9999999,G2,183.C-0972(A),Udry,-9999999,HARPS_ech_obs_all,HARPS_ech_obs_thosimult,STAR_WAVE_G8,1.15355988773745E-05,5.60157537811667E-07,0,0,0
HD20003,46.90302,-72.32121,2456201.8454473,3.905474,0.960753,-16103.896398,0.933073,1.846347,0.81795,-16102.652138,0.671075,-19.072902,0.822693,4.384701,7.395675,2.64073,1.701615,0.450891,0.000823,0.267751,0.00099,0.361725,0.001284,0,6.888067,52.502741,-0.04246,-16.3,95.5,2456201.84544,-6.184975,-6.184944,-0.407,-9999999,0.044453,1.961041,0.503988,1.199807,0.648292,0.52,899.9992,4.383845,7.339337,2012-10-01T08:08:08.883,-9999999,G2,183.C-0972(A),Udry,-9999999,HARPS_ech_obs_all,HARPS_ech_obs_thosimult,STAR_WAVE_G8,3.08047143527828E-06,9.64530208003042E-07,0,0,0
HD20003,46.90302,-72.32121,2456209.7876488,-8.785127,1.265453,-16115.634721,1.334837,-10.883559,1.169285,-16114.428364,0.950676,-32.042645,1.175131,18.307411,9.130992,-13.403286,3.719294,0.448736,0.001144,0.27189,0.001409,0.372559,0.001812,0,6.887873,52.644364,-0.035515,-16.3,68.8,2456209.78764,-6.831348,-6.831322,-0.265,-9999999,0.044563,1.921736,0.483883,1.161794,0.93702,0.51,900.0001,18.318514,9.054145,2012-10-09T06:45:18.961,-9999999,G2,183.C-0972(A),Udry,-9999999,HARPS_ech_obs_all,HARPS_ech_obs_thosimult,STAR_WAVE_G8,3.30434093609767E-06,1.08948348347236E-06,0,0,0
HD20003,46.90302,-72.32121,2456210.7765526,-11.176845,0.912112,-16118.173865,0.898744,-13.649377,0.80116,-16117.668043,0.657247,-34.728706,0.805714,3.30472,6.915518,-10.586771,2.162982,0.448649,0.000828,0.26984,0.000988,0.359879,0.001273,0,6.887409,52.622416,-0.046464,-16.3,95.9,2456210.77655,-6.90068,-6.900662,0.305,-9999999,0.044577,1.547636,0.435994,0.461245,0.612999,0.5,899.9993,3.310318,6.797123,2012-10-10T06:29:31.203,-9999999,G2,183.C-0972(A),Udry,-9999999,HARPS_ech_obs_all,HARPS_ech_obs_thosimult,STAR_WAVE_G8,6.53309168864617E-06,6.93105737641366E-07,0,0,0
HD20003,46.90302,-72.32121,2456215.7460045,-3.158,1.023182,-16110.14552,0.86891,-7.706507,0.814383,-16111.682128,0.663573,-28.706717,0.818745,-9.150001,8.917269,-10.171316,2.003464,0.448211,0.000809,0.274277,0.000977,0.368362,0.001263,0,6.889335,52.630936,-0.044509,-16.3,96.2,2456215.74599,-7.238588,-7.23857,0.091,-9999999,0.044645,-0.528339,0.61942,-1.581253,0.560959,0.53,900.0001,-9.137501,8.845396,2012-10-15T05:45:14.985,-9999999,G2,072.C-0488(E),Mayor,-9999999,HARPS_ech_obs_all,HARPS_ech_obs_thosimult,STAR_WAVE_G8,-9999999,-9999999,-9999999,-9999999,-9999999
HD20003,46.90302,-72.32121,2456221.8144097,-8.906597,0.771772,-16116.46113,0.645524,-12.720376,0.709129,-16116.809477,0.58045,-33.668979,0.712908,-8.111656,6.81955,-12.20044,1.911145,0.451099,0.000708,0.266054,0.000842,0.361612,0.001096,0,6.887738,52.636247,-0.042429,-16.3,111.3,2456221.81441,-7.656949,-7.656932,0.314,-9999999,0.044729,0.206389,0.30458,-0.393076,0.282451,0.48,899.9999,-8.10171,6.695019,2012-10-21T07:24:43.195,-9999999,G2,183.C-0972(A),Udry,-9999999,HARPS_ech_obs_all,HARPS_ech_obs_thosimult,STAR_WAVE_G8,5.19781099493326E-06,7.96428682941656E-07,0,0,0
HD20003,46.90302,-72.32121,2456223.8032768,-6.459065,1.014638,-16114.729377,0.946495,-11.126384,0.733444,-16115.210768,0.600201,-32.09778,0.737581,-15.087947,8.188499,-8.529819,2.113789,0.449952,0.000743,0.269843,0.000886,0.361794,0.001145,0,6.890939,52.60632,-0.039983,-16.3,106.5,2456223.80327,-7.750524,-7.750505,-0.046,-9999999,0.044757,-0.647151,0.701106,-0.526148,0.731855,0.47,900,-15.065109,8.10697,2012-10-23T07:08:54.696,-9999999,G2,183.C-0972(A),Udry,-9999999,HARPS_ech_obs_all,HARPS_ech_obs_thosimult,STAR_WAVE_G8,7.68779604765099E-06,7.31764243266349E-07,0,0,0
HD20003,46.90302,-72.32121,2456248.6820065,0.141831,0.939956,-16107.675622,0.911583,-3.961723,0.683044,-16108.1907,0.568358,-24.844314,0.686082,11.788308,8.326488,-3.450938,1.574386,0.450988,0.000677,0.270056,0.000809,0.368708,0.001055,0,6.887892,52.523954,-0.043733,-16.3,115.1,2456248.682,-8.149868,-8.149878,-0.568,-9999999,0.045101,-0.083386,0.645731,-0.560179,0.712709,0.48,899.9995,11.795731,8.261538,2012-11-17T04:15:05.634,-9999999,G2,183.C-0972(A),Udry,-9999999,HARPS_ech_obs_all,HARPS_ech_obs_thosimult,STAR_WAVE_G8,3.42710486492305E-06,7.91751414471986E-07,0,0,0
HD20003,46.90302,-72.32121,2456251.632537,-4.852112,1.028033,-16112.560496,1.090984,-9.463813,0.569985,-16113.141672,0.483208,-30.537899,0.572522,12.090061,7.054881,-3.229434,1.402794,0.450786,0.000584,0.268947,0.000688,0.36967,0.000901,0,6.891937,52.537475,-0.041552,-16.3,134.7,2456251.63253,-8.066786,-8.066788,-0.358,-9999999,0.045141,-0.591533,0.855552,-0.626317,0.97814,0.49,900.0009,12.097699,6.960631,2012-11-20T03:03:49.373,-9999999,G2,183.C-0972(A),Udry,-9999999,HARPS_ech_obs_all,HARPS_ech_obs_thosimult,STAR_WAVE_G8,7.82026365493308E-06,6.511754097989E-07,0,0,0
HD20003,46.90302,-72.32121,2456258.6359808,-6.102421,1.025066,-16114.359346,0.996804,-10.013538,0.736318,-16114.760321,0.610619,-31.168675,0.739574,-21.18972,8.895169,-4.54319,1.503934,0.450434,0.000749,0.268165,0.000897,0.362303,0.001162,0,6.887959,52.525507,-0.038543,-16.3,105,2456258.63598,-7.877982,-7.878005,-0.27,-9999999,0.045238,0.109051,0.71316,-0.446213,0.787885,0.5,899.9995,-21.171642,8.817588,2012-11-27T03:08:54.051,-9999999,G2,183.C-0972(A),Udry,-9999999,HARPS_ech_obs_all,HARPS_ech_obs_thosimult,STAR_WAVE_G8,8.98967778551193E-06,6.13568979767361E-07,0,0,0
HD20003,46.90302,-72.32121,2456259.6149763,-2.909996,0.967172,-16110.551183,0.973762,-5.75272,0.738357,-16109.850333,0.614026,-26.816605,0.741831,-0.381717,7.64204,-4.860474,1.93583,0.450412,0.000756,0.267159,0.000903,0.362523,0.001173,0,6.887943,52.521056,-0.043638,-16.3,104.1,2456259.61497,-7.825696,-7.82571,0.108,-9999999,0.045252,1.177445,0.624701,0.655598,0.755768,0.48,899.9998,-0.364659,7.568469,2012-11-28T02:38:59.483,-9999999,G2,183.C-0972(A),Udry,-9999999,HARPS_ech_obs_all,HARPS_ech_obs_thosimult,STAR_WAVE_G8,2.18761741604419E-06,9.77135352256538E-07,0,0,0
HD20003,46.90302,-72.32121,2456262.7047498,0.204772,0.869134,-16107.696452,0.878406,-3.174405,0.712935,-16107.376669,0.59506,-24.224453,0.716346,-11.644213,7.502672,-6.50301,1.376106,0.451898,0.000726,0.257969,0.000852,0.365264,0.001133,0,6.884764,52.559225,-0.043794,-16.3,108.8,2456262.70474,-7.764879,-7.764898,0.397,-9999999,0.045294,0.640991,0.497109,0.274489,0.646143,0.51,900.0007,-11.626384,7.434849,2012-12-01T04:47:55.836,-9999999,G2,183.C-0972(A),Udry,-9999999,HARPS_ech_obs_all,HARPS_ech_obs_thosimult,STAR_WAVE_G8,1.1552838897195E-07,1.02101607287003E-06,0,0,0
HD20003,46.90302,-72.32121,2456270.5900599,-3.398844,1.079154,-16111.605963,1.120714,-6.836778,0.657713,-16110.885228,0.547012,-27.862209,0.661477,-10.327302,7.013907,-9.55423,1.824622,0.451126,0.000658,0.271467,0.000781,0.368203,0.001015,0,6.884385,52.57724,-0.04307,-16.3,119.2,2456270.59005,-7.248575,-7.248602,0.112,-9999999,0.045403,0.582234,0.855562,0.675332,0.97815,0.51,900.0005,-10.321117,6.92775,2012-12-09T02:03:03.671,-9999999,G2,183.C-0972(A),Udry,-9999999,HARPS_ech_obs_all,HARPS_ech_obs_thosimult,STAR_WAVE_G8,7.91089294642716E-06,6.73819211445033E-07,0,0,0
HD20003,46.90302,-72.32121,2456282.6217942,-5.645836,0.948843,-16114.4149,1.011638,-10.248548,0.773281,-16114.727118,0.641116,-31.19012,0.776579,-8.401527,5.935116,0.857128,2.019516,0.450341,0.000796,0.265771,0.000944,0.359677,0.001225,0,6.897402,52.503642,-0.042407,-16.3,99.7,2456282.62179,-6.340174,-6.340209,-0.226,-9999999,0.04557,-0.582544,0.549853,-0.357788,0.782548,0.49,900.0007,-8.413323,5.806053,2012-12-21T02:49:27.132,-9999999,G2,183.C-0972(A),Udry,-9999999,HARPS_ech_obs_all,HARPS_ech_obs_thosimult,STAR_WAVE_G8,6.45671864436675E-06,8.49811433079324E-07,0,0,0
HD20003,46.90302,-72.32121,2456284.6069143,1.199149,1.073356,-16106.245392,1.118553,-3.150094,0.648162,-16107.564455,0.54258,-23.945813,0.651195,-14.991009,8.282769,1.243997,1.659405,0.451819,0.000649,0.264499,0.000766,0.363282,0.001002,0,6.893124,52.486495,-0.043789,-16.3,121.5,2456284.60691,-6.146411,-6.146442,-0.036,-9999999,0.045597,-0.329075,0.855557,-1.36466,0.978145,0.5,900.0007,-14.972508,8.21956,2012-12-23T02:27:56.064,-9999999,G2,183.C-0972(A),Udry,-9999999,HARPS_ech_obs_all,HARPS_ech_obs_thosimult,STAR_WAVE_G8,6.5042200977175E-06,8.44039844141764E-07,0,0,0
HD20003,46.90302,-72.32121,2456287.5958767,-0.441687,0.986145,-16108.35408,1.10822,-5.972119,0.619775,-16109.652606,0.520939,-26.987143,0.622494,-13.642591,7.625684,-4.597792,2.002439,0.450212,0.000619,0.267418,0.000737,0.370698,0.000957,0,6.886645,52.550791,-0.040896,-16.3,126.8,2456287.59587,-5.8497,-5.849737,0,-9999999,0.045638,-1.510264,0.767047,-1.344164,0.978148,0.52,900.0006,-13.63724,7.540319,2012-12-26T02:11:49.555,-9999999,G2,183.C-0972(A),Udry,-9999999,HARPS_ech_obs_all,HARPS_ech_obs_thosimult,STAR_WAVE_G8,7.67302604865953E-06,8.11356724046027E-07,0,0,0
HD20003,46.90302,-72.32121,2456312.5564822,2.127461,0.932806,-16106.657666,1.027482,-2.781402,0.600957,-16107.751844,0.492756,-23.815127,0.600345,-9.071754,6.525896,1.469132,1.36212,0.452438,0.000581,0.264831,0.000684,0.380526,0.000908,0,6.8907,52.490078,-0.044284,-16.3,136.9,2456312.55648,-2.866501,-2.866535,0.209,-9999999,0.045983,-0.888695,0.713426,-1.140161,0.901616,0.52,900.0007,-9.062663,6.442145,2013-01-20T01:15:37.486,-9999999,G2,183.C-0972(A),Udry,-9999999,HARPS_ech_obs_all,HARPS_ech_obs_thosimult,STAR_WAVE_G8,8.24438529306966E-06,6.58436197260427E-07,0,0,0
HD20003,46.90302,-72.32121,2456315.5782222,-2.852378,1.333339,-16109.864508,1.201332,-6.083295,1.217712,-16109.369998,0.995077,-27.127781,1.216473,-22.128636,10.353061,10.512902,2.711281,0.455352,0.00119,0.272348,0.001442,0.367861,0.001888,0,6.898645,52.337766,-0.037358,-16.3,66.9,2456315.57822,-2.474894,-2.47493,0.328,-9999999,0.046025,0.789251,0.543111,0.448485,0.673067,0.51,900.0007,-22.126692,10.296279,2013-01-23T01:47:07.095,-9999999,G2,183.C-0972(A),Udry,-9999999,HARPS_ech_obs_all,HARPS_ech_obs_thosimult,STAR_WAVE_G8,6.68257216589519E-06,1.23379897327673E-06,0,0,0
HD20003,46.90302,-72.32121,2456319.5391189,-1.147079,0.913994,-16109.638154,0.87419,-5.414226,0.575027,-16109.557962,0.482258,-26.441434,0.5745,-6.704008,6.534411,-1.09596,1.432114,0.453691,0.000579,0.268094,0.000682,0.374962,0.00089,0,6.884948,52.50833,-0.038311,-16.3,137.7,2456319.53912,-1.906941,-1.906983,0.597,-9999999,0.04608,-0.246979,0.710442,0.034112,0.729134,0.56,900.0007,-6.704215,6.433958,2013-01-27T00:50:06.010,-9999999,G2,183.C-0972(A),Udry,-9999999,HARPS_ech_obs_all,HARPS_ech_obs_thosimult,STAR_WAVE_G8,3.37766101891514E-06,6.92004392646197E-07,0,0,0
HD20003,46.90302,-72.32121,2456322.5467897,-2.619,0.994961,-16110.738128,1.101047,-6.318824,0.601929,-16110.523325,0.505466,-27.315791,0.601663,-1.176036,6.356895,-5.111671,1.546459,0.452817,0.000629,0.267126,0.000731,0.362854,0.000951,0,6.883981,52.572112,-0.043495,-16.3,128.2,2456322.54679,-1.496075,-1.496107,0.175,-9999999,0.046121,0.320345,0.79223,0.168682,0.978166,0.52,900.0009,-1.155244,6.258136,2013-01-30T01:01:46.187,-9999999,G2,183.C-0972(A),Udry,-9999999,HARPS_ech_obs_all,HARPS_ech_obs_thosimult,STAR_WAVE_G8,-9999999,-9999999,-9999999,-9999999,-9999999
HD20003,46.90302,-72.32121,2456325.5457257,-4.327949,0.916492,-16112.600498,0.921625,-8.798021,0.788278,-16112.533842,0.643621,-29.78803,0.78801,-9.330916,6.749204,-3.882188,1.752645,0.446258,0.000779,0.270031,0.000943,0.370888,0.001215,0,6.887533,52.52826,-0.041198,-16.3,100.5,2456325.54572,-1.076277,-1.076312,-0.37,-9999999,0.046163,-0.449904,0.46752,0.020493,0.659654,0.51,900.0006,-9.317939,6.63865,2013-02-02T01:00:24.321,-9999999,G2,183.C-0972(A),Udry,-9999999,HARPS_ech_obs_all,HARPS_ech_obs_thosimult,STAR_WAVE_G8,1.37993006576135E-05,5.69020279017741E-07,0,0,0
HD20003,46.90302,-72.32121,2456518.92836,-6.901891,1.201198,-16116.019095,1.01348,-10.083615,0.843091,-16114.802969,0.682138,-31.064886,0.84317,-0.954644,6.143967,-8.422418,2.128394,0.44818,0.000802,0.272582,0.000982,0.368131,0.001255,0,6.884131,52.560389,-0.038275,-16.3,96.7,2456518.92835,-0.337928,-0.337898,-0.12,-9999999,0.048835,0.838444,0.855613,1.167291,0.749554,0.49,900.0023,-0.926316,6.057056,2013-08-14T10:07:11.757,-9999999,G2,091.C-0936(A),Udry,-9999999,HARPS_ech_obs_all,HARPS_ech_obs_wavesimult,STAR_WAVE_G8,6.34464315832433E-06,9.89212632687305E-07,0,0,0
HD20003,46.90302,-72.32121,2456524.9103715,0.92886,0.930398,-16107.713844,0.777921,-2.642475,0.610704,-16107.315699,0.509575,-23.644309,0.610261,7.286911,7.199429,8.851092,1.292259,0.447447,0.000599,0.268082,0.000715,0.369817,0.000925,0,6.895346,52.431226,-0.041184,-16.3,130.7,2456524.91036,-1.144184,-1.144151,0,-9999999,0.048917,0.448833,0.701912,0.349228,0.587788,0.49,900.0009,7.322157,7.123083,2013-08-20T09:41:18.837,-9999999,G2,091.C-0936(A),Udry,-9999999,HARPS_ech_obs_all,HARPS_ech_obs_thosimult,STAR_WAVE_G8,9.55759481234595E-06,6.16590493679455E-07,0,0,0
HD20003,46.90302,-72.32121,2456525.9317819,1.094196,1.126931,-16106.656054,0.976309,-1.400799,0.979413,-16105.652518,0.791222,-22.498351,0.978398,-3.115139,8.387116,18.009699,2.159609,0.451926,0.00097,0.272657,0.001179,0.37369,0.001518,0,6.903127,52.351608,-0.039689,-16.3,81.4,2456525.93178,-1.29993,-1.299911,-0.062,-9999999,0.048931,1.525174,0.557426,0.954605,0.571968,0.5,899.9997,-3.09423,8.336836,2013-08-21T10:12:00.054,-9999999,G2,091.C-0936(A),Udry,-9999999,HARPS_ech_obs_all,HARPS_ech_obs_wavesimult,STAR_WAVE_G8,8.13962707512743E-06,9.95211993949114E-07,0,0,0
HD20003,46.90302,-72.32121,2456526.9479941,16.180391,1.122111,-16107.909283,0.706907,11.684327,0.9136,-16108.29517,0.492145,-10.001453,0.909616,-67.180262,17.585293,190.354307,16.996508,0.451666,0.000544,0.296019,0.000682,0.393928,0.000877,0,6.727743,47.959971,-0.039731,-16.3,143.8,2456526.94799,-1.450449,-1.450429,-0.067,-9999999,0.048945,-0.475896,0.651513,-0.434832,0.507455,0.53,900,-67.189898,17.594014,2013-08-22T10:34:54.188,-9999999,G2,091.C-0936(A),Udry,-9999999,HARPS_ech_obs_all,HARPS_ech_obs_thosimult,STAR_WAVE_G8,9.75169539494907E-06,5.05578584077888E-07,0,0,0
HD20003,46.90302,-72.32121,2456583.7877791,-2.549055,0.689156,-16110.005705,0.681299,-5.172435,0.525637,-16109.049437,0.445748,-26.223631,0.527761,-6.903919,5.122331,0.577413,1.499981,0.446077,0.000528,0.267707,0.000625,0.370728,0.000812,0,6.893887,52.497562,-0.043265,-16.3,149.2,2456583.78777,-7.446539,-7.44652,-0.006,-9999999,0.049731,1.396789,0.445693,0.906537,0.515245,0.49,999.9999,-6.881517,5.006192,2013-10-18T06:45:16.933,-9999999,G2,192.C-0852(A),Udry,-9999999,HARPS_ech_obs_all,HARPS_ech_obs_wavesimult,STAR_WAVE_G8,8.9783324271719E-06,4.26239613796118E-07,0,0,0
HD20003,46.90302,-72.32121,2456585.7203924,-5.625703,1.036952,-16113.492226,1.127603,-8.287507,0.677045,-16112.532451,0.561019,-29.193589,0.679453,-5.245134,7.047727,6.177068,2.034733,0.452574,0.000661,0.266973,0.000792,0.368539,0.001026,0,6.897438,52.484467,-0.040679,-16.3,117.9,2456585.72038,-7.508243,-7.508227,-0.44,-9999999,0.049758,1.358364,0.785416,0.910017,0.978134,0.46,900.0013,-5.229818,6.938571,2013-10-20T05:09:34.885,-9999999,G2,192.C-0852(A),Udry,-9999999,HARPS_ech_obs_all,HARPS_ech_obs_wavesimult,STAR_WAVE_G8,1.095979355276E-06,9.13431708004821E-07,0,0,0
HD20003,46.90302,-72.32121,2456590.8028416,-6.926074,1.200985,-16113.665418,1.144552,-10.381115,1.07371,-16114.213667,0.87367,-31.422754,1.077919,1.547745,7.92467,8.000168,2.664599,0.451375,0.001066,0.268655,0.001292,0.369017,0.001687,0,6.898976,52.448669,-0.039408,-16.3,74.6,2456590.80283,-7.831808,-7.83179,0.363,-9999999,0.049828,0.565128,0.538062,-0.598077,0.739392,0.46,900.001,1.542269,7.83658,2013-10-25T07:08:29.718,-9999999,G2,192.C-0852(A),Udry,-9999999,HARPS_ech_obs_all,HARPS_ech_obs_wavesimult,STAR_WAVE_G8,-9999999,-9999999,-9999999,-9999999,-9999999
HD20003,46.90302,-72.32121,2456592.7515608,-5.104527,1.078339,-16110.365548,1.176352,-7.925845,0.79594,-16109.779954,0.653493,-28.983675,0.798555,-0.552206,6.710919,3.55549,2.232554,0.451475,0.0008,0.266725,0.000954,0.36347,0.001242,0,6.892999,52.478468,-0.034562,-16.3,98.8,2456592.75156,-7.87862,-7.87861,0,-9999999,0.049855,1.19885,0.727526,0.535739,0.978137,0.52,900.0007,-0.526715,6.617277,2013-10-27T05:53:49.446,-9999999,G2,192.C-0852(A),Udry,-9999999,HARPS_ech_obs_all,HARPS_ech_obs_wavesimult,STAR_WAVE_G8,1.14946270552519E-05,4.86485418425907E-07,0,0,0
HD20003,46.90302,-72.32121,2456598.7706162,-2.276728,2.157235,-16107.752171,2.091214,-5.754541,1.980326,-16107.528109,1.848355,-27.201108,1.987551,2.006797,21.475981,14.434764,5.945219,0.454391,0.001869,0.288825,0.002399,0.380361,0.003063,0,6.898161,52.449373,-0.043866,-16.3,43.2,2456598.77061,-8.098756,-8.098745,0.332,-9999999,0.049938,0.542356,0.855553,0.174124,0.97814,0.49,900.001,2.019741,21.45524,2013-11-02T06:21:56.646,-9999999,G2,192.C-0852(A),Udry,-9999999,HARPS_ech_obs_all,HARPS_ech_obs_wavesimult,STAR_WAVE_G8,-9999999,-9999999,-9999999,-9999999,-9999999
HD20003,46.90302,-72.32121,2456600.694794,-4.690067,0.930496,-16112.570465,0.964256,-7.937767,0.637243,-16112.475831,0.532018,-28.974609,0.639434,-4.185248,6.067836,2.46321,1.991075,0.450336,0.00064,0.27347,0.000759,0.367857,0.000983,0,6.893441,52.509918,-0.041516,-16.3,123,2456600.69479,-8.087954,-8.087952,0.065,-9999999,0.049964,0.772468,0.678044,0.04467,0.804205,0.51,900,-4.177624,5.966754,2013-11-04T04:32:32.092,-9999999,G2,192.C-0852(A),Udry,-9999999,HARPS_ech_obs_all,HARPS_ech_obs_wavesimult,STAR_WAVE_G8,8.40221920221036E-06,7.40511586352591E-07,0,0,0
HD20003,46.90302,-72.32121,2456610.6756614,1.84098,0.954194,-16107.031198,1.109095,-2.877553,0.624216,-16106.770874,0.522824,-23.939846,0.626389,-13.060709,4.97832,5.06615,1.780674,0.45245,0.000621,0.273425,0.000739,0.369227,0.000959,0,6.898622,52.480209,-0.039339,-16.3,126.4,2456610.67566,-8.165176,-8.16518,0.091,-9999999,0.050102,-0.698365,0.721693,0.210222,0.978134,0.46,900.0018,-13.051874,4.872857,2013-11-14T04:06:07.482,-9999999,G2,192.C-0852(A),Udry,-9999999,HARPS_ech_obs_all,HARPS_ech_obs_wavesimult,STAR_WAVE_G8,-9999999,-9999999,-9999999,-9999999,-9999999
HD20003,46.90302,-72.32121,2456611.6210986,4.074462,1.691134,-16104.754044,1.599901,0.293195,1.458753,-16104.413711,1.266065,-20.732022,1.464312,-11.727871,12.517052,12.873926,3.339486,0.45117,0.001413,0.277922,0.001751,0.370967,0.002256,0,6.911066,52.398486,-0.040859,-16.3,56.3,2456611.62109,-8.119528,-8.119528,-0.405,-9999999,0.050115,0.238902,0.855554,0.290218,0.978142,0.51,900.0011,-11.711927,12.48897,2013-11-15T02:46:50.482,-9999999,G2,192.C-0852(A),Udry,-9999999,HARPS_ech_obs_all,HARPS_ech_obs_wavesimult,STAR_WAVE_G8,9.40165597021275E-06,1.19013205568249E-06,0,0,0
HD20003,46.90302,-72.32121,2456612.6534979,-2.763923,1.104457,-16110.986054,0.970561,-6.365803,0.891959,-16110.619075,0.72447,-27.391059,0.895296,-1.720552,7.973171,7.456379,2.162967,0.451456,0.000873,0.274126,0.001057,0.370823,0.001371,0,6.906089,52.46704,-0.046025,-16.3,89.4,2456612.6535,-8.13704,-8.137044,-0.218,-9999999,0.05013,0.418288,0.651333,0.316849,0.645858,0.5,900.0006,-1.711882,7.903667,2013-11-16T03:33:41.208,-9999999,G2,192.C-0852(A),Udry,-9999999,HARPS_ech_obs_all,HARPS_ech_obs_wavesimult,STAR_WAVE_G8,1.35395305371263E-05,7.40189627186095E-07,0,0,0
HD20003,46.90302,-72.32121,2456618.6277355,-2.279823,1.030359,-16110.149937,1.107787,-5.622986,0.621434,-16109.670068,0.520032,-26.635932,0.623646,-7.154896,5.124867,6.337009,2.023945,0.450307,0.000623,0.267863,0.000731,0.371931,0.000963,0,6.901822,52.465314,-0.039292,-16.3,126.7,2456618.62773,-8.02711,-8.027123,0.354,-9999999,0.050212,0.677005,0.821863,0.429657,0.97814,0.5,900.0007,-7.145285,5.013025,2013-11-22T02:56:49.301,-9999999,G2,192.C-0852(A),Udry,-9999999,HARPS_ech_obs_all,HARPS_ech_obs_wavesimult,STAR_WAVE_G8,5.90774235394965E-06,7.59515768008063E-07,0,0,0
HD20003,46.90302,-72.32121,2456679.5309694,9.102975,1.001504,-16097.466201,1.023535,6.204057,0.520566,-16098.130123,0.438482,-14.845663,0.519215,-17.064801,4.546516,18.85692,1.690446,0.452328,0.000518,0.267675,0.000607,0.372653,0.000791,0,6.911027,52.372126,-0.03807,-16.3,153.7,2456679.53097,-2.622696,-2.622729,0.17,-9999999,0.051054,1.121251,0.855583,-0.714976,0.924855,0.51,900.0021,-17.047423,4.472311,2014-01-22T00:39:03.275,-9999999,G2,192.C-0852(A),Udry,-9999999,HARPS_ech_obs_all,HARPS_ech_obs_thosimult,STAR_WAVE_G8,1.14349509090353E-05,5.65079765296113E-07,0,0,0
HD20003,46.90302,-72.32121,2456903.868524,2.807246,0.972051,-16104.028554,1.073098,0.274563,0.75882,-16102.65848,0.626298,-20.809025,0.757549,-14.037808,6.64382,19.421405,1.706911,0.449287,0.000769,0.270192,0.000917,0.373554,0.001189,0,6.9157,52.346306,-0.033836,-16.3,103.5,2456903.86852,-2.952616,-2.952608,-0.212,-9999999,0.054154,1.487485,0.607516,1.31592,0.871373,0.5,900.0014,-14.031037,6.575458,2014-09-03T08:41:02.198,-9999999,G2,192.C-0852(A),Udry,-9999999,HARPS_ech_obs_all,HARPS_ech_obs_thosimult,STAR_WAVE_G8,6.74400522329867E-06,8.96299546897671E-07,0,0,0
HD20003,46.90302,-72.32121,2456989.664497,-0.660802,0.992059,-16109.205167,1.136527,-4.575411,0.692587,-16109.181775,0.578744,-25.641608,0.694239,0.104397,6.178809,20.324348,2.453805,0.450944,0.000705,0.265256,0.00083,0.363294,0.001085,0,6.914911,52.339434,-0.035054,-16.3,112.6,2456989.66449,-7.886576,-7.886591,0.45,-9999999,0.055339,0.105559,0.710284,-0.031947,0.978135,0.6,899.9875,0.112844,6.088087,2014-11-28T03:48:28.665,-9999999,G2,192.C-0852(A),Udry,-9999999,HARPS_ech_obs_all,HARPS_ech_obs_wavesimult,STAR_WAVE_G8,1.19366274125719E-05,6.34933925234691E-07,0,0,0
HD20003,46.90302,-72.32121,2457034.5720425,2.023496,0.799772,-16105.908519,0.967194,-2.141608,0.51852,-16105.528017,0.437042,-23.072611,0.516606,-12.834862,4.731906,18.123712,1.99684,0.45121,0.000517,0.27292,0.000606,0.361281,0.000787,0,6.908743,52.36818,-0.033168,-16.3,153.5,2457034.57204,-3.982182,-3.982221,0.042,-9999999,0.05596,-0.144936,0.608911,0.324542,0.86282,0.51,899.9995,-12.817698,4.63772,2015-01-12T01:38:02.270,-9999999,G2,192.C-0852(A),Udry,-9999999,HARPS_ech_obs_all,HARPS_ech_obs_wavesimult,STAR_WAVE_G8,1.00355740493814E-05,5.53828440799043E-07,0,0,0
HD20003,46.90302,-72.32121,2457047.5231532,8.294083,0.779959,-16100.184783,0.801525,2.957688,0.579012,-16101.661822,0.480798,-18.058172,0.577086,-18.371919,4.58113,29.98774,1.62824,0.453854,0.00057,0.269723,0.000676,0.366897,0.000881,0,6.913779,52.265207,-0.033573,-16.3,139.6,2457047.52314,-2.24483,-2.244866,0.7,-9999999,0.056138,-1.316226,0.522571,-1.533177,0.641308,0.53,900.0004,-18.35471,4.50202,2015-01-25T00:27:31.769,-9999999,G2,192.C-0852(A),Udry,-9999999,HARPS_ech_obs_all,HARPS_ech_obs_wavesimult,STAR_WAVE_G8,1.01513729006517E-05,5.96050134136929E-07,0,0,0
HD20003,46.90302,-72.32121,2457258.8485725,4.911621,0.782804,-16081.410435,0.821917,-15.663836,0.464098,-16096.414126,0.421307,-16.326124,0.500371,-10.722112,9.727085,55.21793,3.842128,0.45232,0.00055,0.271448,0.000618,0.3712,0.000794,0,6.936918,52.108987,-0.017426,-16.3,150.7,2457258.84857,-1.570318,-1.570282,0,-9999999,0.059058,-14.836565,0.630393,-15.062749,0.705725,0.51,899.9983,-10.680738,9.68441,2015-08-24T08:12:02.641,-9999999,G2,192.C-0852(A),Udry,-9999999,HARPS_ech_obs_all,HARPS_ech_obs_wavesimult,STAR_WAVE_G8,1.08838047852285E-05,5.47370412281711E-07,0,0,0
HD20003,46.90302,-72.32121,2457267.829298,-1.902252,0.716265,-16088.281749,0.696518,-5.960587,0.524687,-16086.522205,0.468895,-6.225314,0.55333,-4.338635,12.71495,53.761383,4.072248,0.451284,0.000599,0.274008,0.000677,0.367501,0.000871,0,6.937406,52.114894,-0.019202,-16.3,136.5,2457267.8293,-2.750797,-2.75078,0.689,-9999999,0.059183,1.680557,0.487585,1.700361,0.515048,0.5,899.9983,-4.298069,12.703953,2015-09-02T07:44:32.031,-9999999,G2,192.C-0852(A),Udry,-9999999,HARPS_ech_obs_all,HARPS_ech_obs_thosimult,STAR_WAVE_G8,1.47494016295891E-05,4.58882899331457E-07,0,0,0
HD20003,46.90302,-72.32121,2457295.7826015,-1.704422,0.941369,-16087.11468,1.049097,-5.786871,0.396438,-16085.520545,0.368057,-6.454234,0.435428,-2.786854,11.919661,48.104619,3.833073,0.450589,0.000474,0.272637,0.000526,0.369232,0.000681,0,6.935318,52.142902,-0.018292,-16.3,175,2457295.7826,-5.965339,-5.96533,0,-9999999,0.059569,1.656443,0.853822,1.534566,0.982414,0.52,899.9983,-2.795959,11.900527,2015-09-30T06:37:35.447,-9999999,G2,192.C-0852(A),Udry,-9999999,HARPS_ech_obs_all,HARPS_ech_obs_wavesimult,STAR_WAVE_G8,1.32432808558571E-05,4.46650110518764E-07,0,0,0
HD20003,46.90302,-72.32121,2457302.8476378,-8.210829,1.38962,-16090.270485,1.207331,-9.338505,1.285848,-16086.685467,1.092532,-9.108886,1.302484,-17.333852,14.448957,45.869431,5.152634,0.455114,0.001312,0.278494,0.001555,0.373725,0.001999,0,6.93211,52.17248,-0.011227,-16.3,62.3,2457302.84763,-6.65837,-6.658361,0,-9999999,0.059666,4.611215,0.526913,3.525352,0.51383,0.35,899.9983,-17.3194,14.433332,2015-10-07T08:14:00.413,-9999999,G2,192.C-0852(A),Udry,-9999999,HARPS_ech_obs_all,HARPS_ech_obs_wavesimult,STAR_WAVE_G8,1.06808440693246E-05,1.18059732194239E-06,0,0,0
HD20003,46.90302,-72.32121,2457312.7287252,-2.294271,0.926123,-16087.951704,0.760377,-5.954836,0.711777,-16086.763037,0.618898,-6.052213,0.73067,11.70676,9.802056,45.545411,4.39628,0.451607,0.000825,0.267721,0.000931,0.361437,0.001202,0,6.93483,52.180056,-0.024252,-16.3,100.4,2457312.72872,-7.30998,-7.30997,-0.099,-9999999,0.059803,2.078327,0.592517,1.128864,0.441746,0.5,899.9983,11.726728,9.787844,2015-10-17T05:20:51.262,-9999999,G2,192.C-0852(A),Udry,-9999999,HARPS_ech_obs_all,HARPS_ech_obs_thosimult,STAR_WAVE_G8,1.11868435293975E-05,6.74587727966078E-07,0,0,0
HD20003,46.90302,-72.32121,2457395.573174,1.689888,0.931649,-16084.49723,0.815937,-5.997234,0.78431,-16085.808077,0.672832,-6.724939,0.807338,0.921102,10.733303,48.738602,4.611685,0.455085,0.000868,0.269109,0.001002,0.3697,0.001288,0,6.931488,52.13593,-0.013548,-16.3,94,2457395.57316,-4.504312,-4.504356,0.097,-9999999,0.060948,-1.94823,0.502819,-1.371795,0.461574,0.51,899.9982,0.928598,10.717309,2016-01-08T01:39:34.982,-9999999,G2,192.C-0852(A),Udry,-9999999,HARPS_ech_obs_all,HARPS_ech_obs_wavesimult,STAR_WAVE_G8,9.74026862745067E-06,7.77507885944001E-07,0,0,0
HD20003,46.90302,-72.32121,2457395.666755,-0.277626,0.929496,-16087.426218,0.815313,-7.79224,0.781832,-16088.733602,0.672203,-8.339997,0.80504,-13.43178,10.132932,49.487496,4.208053,0.454653,0.000856,0.268125,0.000989,0.371994,0.001279,0,6.932346,52.13018,-0.01622,-16.3,94.8,2457395.66675,-4.553204,-4.553251,-0.041,-9999999,0.060949,-1.775722,0.502694,-1.368333,0.461388,0.48,899.9982,-13.417039,10.113919,2016-01-08T03:54:47.499,-9999999,G2,192.C-0852(A),Udry,-9999999,HARPS_ech_obs_all,HARPS_ech_obs_wavesimult,STAR_WAVE_G8,1.2738177199456E-05,8.03750640723894E-07,0,0,0
HD20003,46.90302,-72.32121,2457396.5454093,-1.150247,0.968381,-16087.081295,0.98621,-8.192161,0.467721,-16087.37882,0.426541,-8.702,0.50276,-0.280404,8.982614,51.668542,4.033988,0.453325,0.000528,0.272796,0.000595,0.369309,0.000771,0,6.934217,52.111624,-0.017952,-16.3,154.9,2457396.54541,-4.366677,-4.366729,-0.033,-9999999,0.060961,-1.303022,0.847938,-0.358486,0.889198,0.52,899.9982,-0.254604,8.958407,2016-01-09T00:59:28.351,-9999999,G2,192.C-0852(A),Udry,-9999999,HARPS_ech_obs_all,HARPS_ech_obs_wavesimult,STAR_WAVE_G8,1.33890866275961E-05,5.12474800937626E-07,0,0,0
HD20003,46.90302,-72.32121,2457396.6328784,-1.251008,0.958289,-16087.874053,0.978042,-8.13168,0.446635,-16088.168341,0.407572,-8.357067,0.48088,-6.008683,8.635886,48.831522,3.737557,0.452797,0.000488,0.272345,0.000555,0.370359,0.00072,0,6.933674,52.120876,-0.018863,-16.3,165.8,2457396.63287,-4.417948,-4.417993,-0.218,-9999999,0.060962,-1.14178,0.847841,-0.35525,0.889073,0.55,899.9983,-5.970134,8.613152,2016-01-09T03:04:58.787,-9999999,G2,192.C-0852(A),Udry,-9999999,HARPS_ech_obs_all,HARPS_ech_obs_wavesimult,STAR_WAVE_G8,1.14452482903424E-05,6.47773589180099E-07,0,0,0
HD20003,46.90302,-72.32121,2457397.5431376,-1.614678,0.578124,-16088.232433,0.549907,-7.61174,0.436735,-16087.860304,0.402344,-8.127026,0.471671,-19.711341,7.936229,48.666621,3.864356,0.448744,0.000512,0.272367,0.00057,0.363666,0.000743,0,6.93442,52.150248,-0.01819,-16.3,161.5,2457397.54313,-4.243923,-4.243978,-0.532,-9999999,0.060975,-0.25817,0.3788,0.311154,0.374856,0.51,899.9982,-19.709218,7.90714,2016-01-10T00:56:22.306,-9999999,G2,192.C-0852(A),Udry,-9999999,HARPS_ech_obs_all,HARPS_ech_obs_wavesimult,STAR_WAVE_G8,1.24686924623499E-05,5.03334890607261E-07,0,0,0
HD20003,46.90302,-72.32121,2457397.6145451,-3.375045,0.696635,-16089.811783,0.642573,-9.240474,0.584771,-16089.437011,0.522094,-9.489617,0.613335,-3.679504,8.706343,49.923423,3.819864,0.450055,0.00066,0.273051,0.000747,0.369558,0.000967,0,6.930161,52.164122,-0.015758,-16.3,123.9,2457397.61453,-4.28686,-4.286903,-0.378,-9999999,0.060976,-0.126537,0.378607,0.313796,0.374591,0.52,899.9983,-3.675369,8.680033,2016-01-10T02:39:03.000,-9999999,G2,192.C-0852(A),Udry,-9999999,HARPS_ech_obs_all,HARPS_ech_obs_wavesimult,STAR_WAVE_G8,1.14305894265295E-05,5.31316134311472E-07,0,0,0
HD20003,46.90302,-72.32121,2457398.5598809,-0.124199,0.835236,-16085.267619,0.777828,-5.375457,0.578214,-16084.608254,0.515697,-5.754769,0.60683,-2.953663,9.468533,43.459426,4.016229,0.453011,0.000651,0.269292,0.00074,0.360783,0.000951,0,6.931185,52.185918,-0.0157,-16.3,125.6,2457398.55988,-4.131902,-4.131953,0.287,-9999999,0.060989,0.487634,0.602733,0.598376,0.5823,0.48,899.9983,-2.940621,9.455766,2016-01-11T01:20:57.151,-9999999,G2,192.C-0852(A),Udry,-9999999,HARPS_ech_obs_all,HARPS_ech_obs_wavesimult,STAR_WAVE_G8,1.12176516398706E-05,6.27902779699666E-07,0,0,0
HD20003,46.90302,-72.32121,2457398.637348,0.259595,0.792149,-16085.351545,0.742358,-4.848859,0.514145,-16084.689313,0.460655,-5.459374,0.544415,6.355895,8.67304,43.760387,3.993123,0.451854,0.000541,0.26756,0.000627,0.361534,0.00081,0,6.930744,52.176993,-0.01759,-16.3,147,2457398.63734,-4.174796,-4.174843,0.31,-9999999,0.06099,0.630438,0.602623,0.601242,0.582145,0.52,899.9982,6.396163,8.658507,2016-01-11T03:11:54.402,-9999999,G2,192.C-0852(A),Udry,-9999999,HARPS_ech_obs_all,HARPS_ech_obs_wavesimult,STAR_WAVE_G8,1.32596770197027E-05,5.48999352344914E-07,0,0,0
HD20003,46.90302,-72.32121,2457399.5497017,1.519779,0.557881,-16084.98514,0.536668,-3.404642,0.390922,-16083.815607,0.365555,-4.095484,0.428274,6.542872,11.213356,41.334847,3.666366,0.451716,0.00045,0.268753,0.000506,0.361954,0.000654,0,6.931547,52.183237,-0.022407,-16.3,182.3,2457399.54969,-4.001321,-4.001362,-1.409,-9999999,0.061003,0.814471,0.398009,1.10853,0.392914,0.53,899.9983,6.579868,11.198714,2016-01-12T01:05:33.821,-9999999,G2,192.C-0852(A),Udry,-9999999,HARPS_ech_obs_all,HARPS_ech_obs_wavesimult,STAR_WAVE_G8,1.21307255247883E-05,4.87445392530822E-07,0,0,0
HD20003,46.90302,-72.32121,2457399.6294014,0.059195,0.656471,-16086.886109,0.6116,-4.718306,0.522199,-16085.713626,0.468909,-5.258101,0.552428,13.797031,13.081552,39.174648,3.890845,0.451842,0.000568,0.26827,0.000652,0.358986,0.000838,0,6.926666,52.216874,-0.01911,-16.3,141.8,2457399.62939,-4.046434,-4.046478,-2.014,-9999999,0.061004,0.961391,0.397823,1.111479,0.392657,0.54,899.9983,13.850863,13.06523,2016-01-12T03:00:10.964,-9999999,G2,192.C-0852(A),Udry,-9999999,HARPS_ech_obs_all,HARPS_ech_obs_wavesimult,STAR_WAVE_G8,8.82223777415445E-06,6.14515692918261E-07,0,0,0
HD20003,46.90302,-72.32121,2457400.5755881,0.925987,0.831327,-16086.527461,0.847462,-4.578138,0.693767,-16085.822213,0.606549,-5.428407,0.716582,-1.77086,13.151038,39.125118,4.256069,0.452311,0.000772,0.268821,0.000878,0.369966,0.001132,0,6.927408,52.210288,-0.020179,-16.3,106.2,2457400.57558,-3.891834,-3.891878,-0.065,-9999999,0.061017,0.234767,0.458031,0.644231,0.591852,0.54,899.9983,-1.751908,13.138768,2016-01-13T01:42:42.560,-9999999,G2,192.C-0852(A),Udry,-9999999,HARPS_ech_obs_all,HARPS_ech_obs_wavesimult,STAR_WAVE_G8,1.01125205397302E-05,6.19861417571228E-07,0,0,0
HD20003,46.90302,-72.32121,2457424.5759157,11.635823,0.869703,-16074.677122,0.657837,6.497731,0.532805,-16074.265587,0.475943,5.894899,0.565601,8.273468,12.761694,57.736608,3.84466,0.449148,0.000579,0.271782,0.000667,0.368982,0.000852,0,6.951032,52.066215,-0.013248,-16.3,139.3,2457424.57591,-0.63934,-0.639401,0.061,-9999999,0.061348,0.6008,0.687387,0.350187,0.454124,0.5,899.9983,8.311388,12.768055,2016-02-06T01:44:02.272,-9999999,G2,192.C-0852(A),Udry,-9999999,HARPS_ech_obs_all,HARPS_ech_obs_wavesimult,STAR_WAVE_G8,1.15231310754291E-05,6.06845143357365E-07,0,0,0
HD20003,46.90302,-72.32121,2457695.7314841,-1.223822,0.662365,-16087.005083,0.69308,-7.069959,0.468002,-16086.60188,0.423769,-7.226352,0.493808,2.524812,8.992963,35.355446,4.035079,0.450765,0.000535,0.264787,0.000601,0.362075,0.000783,0,6.917643,52.260374,-0.023378,-16.3,153,2457695.73148,-8.105296,-8.105288,0.189,-9999999,0.065095,-0.107246,0.468724,0.338108,0.548434,0.5,899.9983,2.518719,8.974457,2016-11-03T05:25:29.592,-9999999,G2,198.C-0836(A),Diaz,-9999999,HARPS_ech_obs_all,HARPS_ech_obs_wavesimult,STAR_WAVE_G8,9.56067752168867E-06,4.91749657985047E-07,0,0,0
HD20003,46.90302,-72.32121,2457945.9502941,-1.731801,0.966485,-16087.940132,1.088504,-6.46739,0.584817,-16087.377203,0.520381,-7.38279,0.608252,7.330473,15.424999,41.617912,4.154497,0.449422,0.000683,0.270552,0.000756,0.367682,0.000967,0,6.917246,52.184651,-0.023061,-16.3,123.3,2457945.95028,4.099706,4.09975,0.878,-9999999,0.068552,1.003303,0.769468,0.494377,0.956057,0.51,899.9982,7.339336,15.413811,2017-07-11T10:38:47.970,-9999999,G2,198.C-0836(A),Diaz,-9999999,HARPS_ech_obs_all,HARPS_ech_obs_wavesimult,STAR_WAVE_G8,8.67142613109635E-06,5.58907806952878E-07,0,0,0
HD20003,46.90302,-72.32121,2457994.8987854,-0.045108,1.008926,-16085.274633,0.760062,-6.912947,0.648945,-16087.055181,0.569076,-7.718948,0.669908,-12.150634,7.248664,33.704871,4.701162,0.450633,0.000705,0.271269,0.000806,0.368789,0.001032,0,6.918025,52.262029,-0.023902,-16.3,115.9,2457994.89878,-2.357149,-2.357102,0.386,-9999999,0.069229,-1.128947,0.772529,-1.849777,0.503832,0.51,899.9982,-12.115782,7.2274,2017-08-29T09:24:24.749,-9999999,G2,198.C-0836(A),Diaz,-9999999,HARPS_ech_obs_all,HARPS_ech_obs_wavesimult,STAR_WAVE_G8,8.06112900728149E-06,6.92706593597571E-07,0,0,0
