target,ra,dec,BJD,RV_mlc_nzp,e_RV_mlc_nzp,RV_drs_nzp,e_RV_drs_nzp,RV_mlc,e_RV_mlc,RV_drs,e_RV_drs,RV_mlc_j,e_RV_mlc_j,CRX,e_CRX,dLW,e_dLW,Halpha,e_Halpha,NaD1,e_NaD1,NaD2,e_NaD2,f_RV,FWHM_DRS,CONTRAST_DRS,BIS,RVGUESS,SNR_DRS,BJD_DRS,BERV,BERV_DRS,DRIFT,e_DRIFT,SA,NZP_mlc,dNZP_mlc,NZP_drs,dNZP_drs,TMMEAN,EXPTIME,MLCRX,E_MLCRX,TIMEID,DRIFT_LAMP,MASK,PROGID,PROGPI,AIRMASS,OBHAB,THAR_FP,DPR_TYPE,RHKp,dRHKp,sourceflag,vsinflag,metflag
HD87838,151.889501,-6.43836,2453007.8551692,1.293672,2.844482,23211.474829,2.185863,-2.117329,2.712123,23211.087035,1.970623,-1.758403,2.722158,48.260435,25.852942,-39.376538,7.135589,0.395738,0.00153,0.463685,0.002555,0.612997,0.003216,0,7.2892,29.817545,0.025726,23.4,48.3,2453007.85516,23.409248,23.40948,-0.25,-9999999,0,-0.183326,0.857594,-0.387794,0.945855,0.49,85.0957,48.327656,25.841371,2004-01-03T08:26:11.189,-9999999,G2,072.C-0488(E),Mayor,-9999999,HARPS_ech_obs_all,HARPS_ech_obs_thosimult,STAR_WAVE_G0,1.32334383512731E-05,1.57605214514652E-06,0,0,0
HD87838,151.889501,-6.43836,2453054.7274391,6.377422,2.232514,23219.755262,1.721762,5.8016,2.09309,23222.882764,1.497602,6.112276,2.100352,0.404464,20.436265,-46.481921,4.531567,0.395786,0.00123,0.463308,0.002068,0.597094,0.002605,0,7.301241,29.826013,0.02267,23.4,59.9,2453054.72743,3.545428,3.545787,0,-9999999,0.022259,2.651854,0.776591,3.105243,0.849502,0.51,119.997,0.374051,20.434655,2004-02-19T05:18:42.407,-9999999,G2,072.C-0488(E),Mayor,-9999999,HARPS_ech_obs_all,HARPS_ech_obs_objA,STAR_DARK_G0,5.07754838228275E-06,1.63191973321611E-06,0,0,0
HD87838,151.889501,-6.43836,2453403.771319,-1.107829,1.51134,23212.524458,1.310887,-4.481153,1.244477,23212.640006,0.868573,-4.145372,1.251459,7.310803,14.060814,-41.052837,3.015534,0.397037,0.000726,0.468717,0.001223,0.612075,0.001537,0,7.30137,29.836996,0.028794,23.4,100.2,2453403.77131,11.428029,11.428368,0,-9999999,0.188019,-0.145649,0.85757,-0.072471,0.981838,0.5,180.0018,7.286681,14.056261,2005-02-02T06:21:59.986,-9999999,G2,072.C-0488(E),Mayor,-9999999,HARPS_ech_obs_all,HARPS_ech_obs_objA,STAR_DARK_G0,4.94532908452973E-06,1.04248870431932E-06,0,0,0
HD87838,151.889501,-6.43836,2453406.7454313,0.371575,1.694881,23213.334324,1.284909,-3.67227,1.491032,23213.971428,1.003485,-3.026399,1.497884,5.115314,15.043727,-43.234816,3.700744,0.396511,0.00086,0.463873,0.001445,0.609075,0.001821,0,7.303517,29.845526,0.033851,23.4,85,2453406.74543,10.075816,10.076152,0,-9999999,0.189432,-0.816169,0.805882,0.447672,0.802501,0.49,150.0023,5.09615,15.041194,2005-02-05T05:44:50.551,-9999999,G2,072.C-0488(E),Mayor,-9999999,HARPS_ech_obs_all,HARPS_ech_obs_objA,STAR_DARK_G0,3.49401192236033E-06,1.46995388600368E-06,0,0,0
HD87838,151.889501,-6.43836,2453410.7116962,-4.358495,1.929657,23208.406914,1.519169,-7.659446,1.72863,23208.747911,1.159259,-7.215183,1.736838,3.118513,17.343655,-53.258534,4.658895,0.395182,0.001003,0.462318,0.001686,0.596138,0.002131,0,7.296247,29.892322,0.031235,23.4,72.9,2453410.71169,8.222307,8.222645,0,-9999999,0.191315,-0.073275,0.857563,0.149682,0.981831,0.5,150.0007,3.125969,17.338037,2005-02-09T04:56:03.915,-9999999,G2,072.C-0488(E),Mayor,-9999999,HARPS_ech_obs_all,HARPS_ech_obs_objA,STAR_DARK_G0,5.0605362604512E-06,1.22996531409806E-06,0,0,0
HD87838,151.889501,-6.43836,2453728.8343297,-4.625432,2.778791,23207.741006,2.007573,-7.902082,2.643147,23208.472855,1.751088,-7.368519,2.656364,40.925629,22.845811,-28.357137,6.716515,0.400045,0.00154,0.461158,0.002507,0.602612,0.003175,0,7.290353,29.783386,0.032542,23.4,49.5,2453728.83432,26.046313,26.046437,0,-9999999,0.342391,-0.048974,0.857586,0.389458,0.981856,0.42,59.999,40.827741,22.839667,2005-12-24T07:57:34.435,-9999999,G2,072.C-0488(E),Mayor,-9999999,HARPS_ech_obs_all,HARPS_ech_obs_objA,STAR_DARK_G0,1.62905175824571E-05,1.37803469158566E-06,0,0,0
HD87838,151.889501,-6.43836,2454547.6329156,0.398223,2.353307,23216.964878,1.631414,-3.879506,2.282613,23216.217731,1.507496,-4.156439,2.293597,25.070698,17.701377,-25.391992,6.554133,0.393285,0.001291,0.480271,0.002166,0.594377,0.002722,0,7.309112,29.758083,0.032832,23.4,58.1,2454547.63301,-11.889509,-11.889488,0,-9999999,0.731236,-1.050054,0.572479,-1.478383,0.623672,0.37,64.5,25.093073,17.699682,2008-03-22T03:03:49.184,-9999999,G2,072.C-0488(E),Mayor,-9999999,HARPS_ech_obs_all,HARPS_ech_obs_objA,STAR_DARK_G0,6.88147567232637E-07,2.19122207798719E-06,0,0,0
HD87838,151.889501,-6.43836,2454559.6842348,-3.681781,3.015731,23214.050329,2.068411,-6.009193,2.903781,23215.569291,1.914594,-5.833052,2.91722,15.718518,25.777235,-22.517252,7.236823,0.391343,0.001601,0.474221,0.002697,0.595349,0.003328,0,7.316937,29.775734,0.046883,23.4,47.7,2454559.68423,-17.149138,-17.14884,0.875,-9999999,0.736959,0.900264,0.814057,0.782003,0.782722,0.5,53.7,15.703895,25.771134,2008-04-03T04:18:30.351,-9999999,G2,072.C-0488(E),Mayor,-9999999,HARPS_ech_obs_all,HARPS_ech_obs_thosimult,STAR_WAVE_G0,9.3379613388809E-06,1.90261915469302E-06,0,0,0
HD87838,151.889501,-6.43836,2454789.8802996,42.059167,0.706146,23263.028873,0.54514,38.251998,0.58894,23262.843841,0.387856,38.587337,0.595154,-109.028097,11.18824,58.107585,3.159466,0.399226,0.000307,0.481057,0.000504,0.620824,0.000638,0,7.397444,29.496697,0.073356,23.4,241.8,2454789.88042,28.732725,28.732391,0.516,-9999999,0.846278,-0.579494,0.389604,-1.03131,0.383074,0.5,900,-109.008946,11.182811,2008-11-19T09:01:20.021,-9999999,G2,082.C-0212(A),Santos,-9999999,HARPS_ech_obs_all,HARPS_ech_obs_thosimult,STAR_WAVE_G0,6.48469234199269E-06,1.11685649320437E-06,0,0,0
HD87838,151.889501,-6.43836,2454790.8533873,-2.490416,0.866209,23210.76049,0.76323,-6.774836,0.722463,23209.987055,0.50306,-6.270728,0.733172,-7.700208,8.990296,-23.726121,2.562339,0.397903,0.000399,0.465277,0.000649,0.616426,0.000833,0,7.30526,29.814796,0.029585,23.4,184.8,2454790.85352,28.86058,28.860259,0.371,-9999999,0.84674,-1.056745,0.477876,-1.620175,0.573979,0.54,900,-7.70536,8.984137,2008-11-20T08:21:50.788,-9999999,G2,082.C-0212(A),Santos,-9999999,HARPS_ech_obs_all,HARPS_ech_obs_thosimult,STAR_WAVE_G0,5.45071867940538E-06,8.53079582812164E-07,0,0,0
HD87838,151.889501,-6.43836,2454791.8617959,-2.287259,0.753123,23212.136975,0.61755,-5.471663,0.660116,23212.364045,0.45837,-5.147079,0.671351,-3.348768,7.66176,-18.313517,2.307621,0.397985,0.000362,0.462827,0.000587,0.616267,0.000756,0,7.310204,29.794027,0.029256,23.4,203.9,2454791.86191,28.906204,28.905896,0.082,-9999999,0.847219,0.043272,0.362548,-0.620149,0.413841,0.51,900,-3.355277,7.654893,2008-11-21T08:34:15.961,-9999999,G2,082.C-0212(A),Santos,-9999999,HARPS_ech_obs_all,HARPS_ech_obs_thosimult,STAR_WAVE_G0,6.36213866856714E-06,1.02990617977177E-06,0,0,0
HD87838,151.889501,-6.43836,2454792.859374,-1.322788,0.719845,23212.432102,0.589048,-4.678598,0.639656,23212.462579,0.444459,-4.359084,0.651044,0.453374,8.460135,-20.842109,2.257528,0.397023,0.000353,0.459567,0.000576,0.615799,0.000734,0,7.307514,29.800063,0.03019,23.4,209.4,2454792.85948,28.965084,28.964795,0.261,-9999999,0.847693,-0.128135,0.330177,-0.817216,0.386567,0.48,900,0.452127,8.455034,2008-11-22T08:31:05.447,-9999999,G2,082.C-0212(A),Santos,-9999999,HARPS_ech_obs_all,HARPS_ech_obs_thosimult,STAR_WAVE_G0,6.65754497695732E-06,9.19402031911988E-07,0,0,0
HD87838,151.889501,-6.43836,2454794.8632647,-1.669508,0.709974,23212.446834,0.602828,-5.506217,0.612731,23211.96875,0.425703,-5.217636,0.624179,-13.006026,8.675297,-19.591163,2.17847,0.39689,0.00034,0.460988,0.000555,0.604275,0.000707,0,7.31144,29.796475,0.030836,23.4,217.9,2454794.86338,29.036654,29.036357,1.112,-9999999,0.848645,-0.609033,0.358641,-1.326729,0.426824,0.48,900,-12.990969,8.671166,2008-11-24T08:36:24.970,-9999999,G2,082.C-0212(A),Santos,-9999999,HARPS_ech_obs_all,HARPS_ech_obs_thosimult,STAR_WAVE_G0,5.43159035646515E-06,1.00320071342861E-06,0,0,0
HD87838,151.889501,-6.43836,2454795.8576881,-1.141105,0.801797,23211.878576,0.648181,-5.050075,0.752882,23211.576818,0.527835,-4.649715,0.762122,-1.58293,7.353912,-17.014703,2.420634,0.397335,0.000425,0.460501,0.000692,0.606319,0.000885,0,7.311712,29.789519,0.033391,23.4,174.5,2454795.85781,29.074964,29.074679,0.243,-9999999,0.849117,-0.681295,0.275765,-1.150875,0.376204,0.48,900,-1.567913,7.349078,2008-11-25T08:28:14.889,-9999999,G2,082.C-0212(A),Santos,-9999999,HARPS_ech_obs_all,HARPS_ech_obs_thosimult,STAR_WAVE_G0,5.49600522646422E-06,8.76208624692488E-07,0,0,0
HD87838,151.889501,-6.43836,2454797.8686482,-2.904108,0.667437,23211.536702,0.584145,-6.39852,0.597071,23211.622907,0.41399,-5.911606,0.608419,-10.852241,6.995243,-17.079308,2.474084,0.396959,0.000331,0.464704,0.00054,0.605803,0.000687,0,7.315215,29.777539,0.032911,23.4,224.4,2454797.86876,29.073872,29.073609,0.535,-9999999,0.850072,-0.266737,0.298292,-0.763867,0.412113,0.5,900,-10.831772,6.991166,2008-11-27T08:43:27.090,-9999999,G2,082.C-0212(A),Santos,-9999999,HARPS_ech_obs_all,HARPS_ech_obs_thosimult,STAR_WAVE_G0,5.7154164286617E-06,1.0919523962846E-06,0,0,0
HD87838,151.889501,-6.43836,2454798.8604047,-3.398849,0.850068,23210.134857,0.652115,-5.231575,0.797892,23212.257937,0.558746,-4.934394,0.807374,-2.289309,10.0834,-19.944541,2.24518,0.398106,0.000449,0.455212,0.00073,0.605935,0.000938,0,7.308291,29.79825,0.02749,23.4,164.9,2454798.86053,29.090554,29.090275,0.2,-9999999,0.850543,1.394949,0.293231,1.272537,0.33624,0.49,900,-2.298933,10.079128,2008-11-28T08:31:35.590,-9999999,G2,082.C-0212(A),Santos,-9999999,HARPS_ech_obs_all,HARPS_ech_obs_thosimult,STAR_WAVE_G0,7.21520250091438E-06,8.99916751088763E-07,0,0,0
HD87838,151.889501,-6.43836,2454841.8750341,-7.57946,2.314898,23205.677719,1.641014,-10.712834,2.245603,23205.882001,1.477314,-10.486101,2.2556,-5.023714,18.870164,-26.931217,5.904163,0.398903,0.001368,0.477541,0.002173,0.618743,0.002753,0,7.315765,29.770963,0.028683,23.4,57.5,2454841.87513,20.803074,20.803066,0,-9999999,0.87097,0.094302,0.562155,-0.666688,0.714473,0.39,80.6,-4.98955,18.869707,2009-01-10T08:54:04.337,-9999999,G2,072.C-0488(E),Mayor,-9999999,HARPS_ech_obs_all,HARPS_ech_obs_objA,STAR_DARK_G0,2.49846114199633E-07,1.60495400489182E-06,0,0,0
HD87838,151.889501,-6.43836,2454871.6970888,5.02162,3.419376,23219.221417,2.488652,0.306642,3.310093,23218.824619,2.286788,0.373905,3.32482,-35.607028,30.823413,-18.750882,7.847732,0.395792,0.001932,0.467693,0.003131,0.60105,0.003937,0,7.310465,29.736557,0.03951,23.4,41,2454871.69709,8.272481,8.272839,0,-9999999,0.885133,-1.487302,0.857563,-1.281931,0.981831,0.5,63.6,-35.610535,30.813769,2009-02-09T04:35:41.434,-9999999,G2,072.C-0488(E),Mayor,-9999999,HARPS_ech_obs_all,HARPS_ech_obs_objA,STAR_DARK_G0,3.22030153817089E-06,1.8151782116077E-06,0,0,0
HD87838,151.889501,-6.43836,2454903.6317428,0.926776,0.795489,23214.82704,0.586725,-2.089761,0.738409,23215.837464,0.515267,-1.945104,0.749682,-7.454132,8.851018,-21.175671,2.544451,0.392476,0.00042,0.469649,0.000696,0.603937,0.00087,0,7.311833,29.785556,0.028295,23.4,177.2,2454903.63185,-7.542762,-7.542767,0.238,-9999999,0.900299,0.211139,0.295897,0.110125,0.280617,0.47,900,-7.449957,8.849679,2009-03-13T02:55:01.859,-9999999,G2,082.C-0212(B),Santos,-9999999,HARPS_ech_obs_all,HARPS_ech_obs_thosimult,STAR_WAVE_G0,6.50787176144181E-06,1.05874114087572E-06,0,0,0
HD87838,151.889501,-6.43836,2454904.6337506,-1.959091,0.67209,23211.339697,0.54559,-6.098419,0.585838,23211.562235,0.409047,-5.835735,0.598431,-2.848346,8.462166,-20.543147,2.509334,0.395068,0.000332,0.480152,0.000549,0.593242,0.000688,0,7.311297,29.785119,0.029371,23.4,224.3,2454904.63387,-8.029231,-8.029287,0.187,-9999999,0.900774,-0.911652,0.329392,-0.678236,0.361039,0.51,900,-2.831957,8.454876,2009-03-14T02:57:21.595,-9999999,G2,082.C-0212(B),Santos,-9999999,HARPS_ech_obs_all,HARPS_ech_obs_thosimult,STAR_WAVE_G0,6.92912740244774E-06,9.16784096716292E-07,0,0,0
HD87838,151.889501,-6.43836,2454905.6487469,0.337693,0.873025,23213.697913,0.680157,-2.980995,0.779831,23214.381949,0.550441,-2.916018,0.791626,-20.459238,8.728212,-19.746002,2.744235,0.392776,0.000454,0.469244,0.000748,0.604161,0.000936,0,7.313512,29.785594,0.031893,23.4,164.5,2454905.64885,-8.552565,-8.552586,0.22,-9999999,0.901256,-0.091012,0.392475,-0.21722,0.399536,0.47,900,-20.456987,8.726032,2009-03-15T03:19:35.699,-9999999,G2,082.C-0212(B),Santos,-9999999,HARPS_ech_obs_all,HARPS_ech_obs_thosimult,STAR_WAVE_G0,6.22882039995425E-06,9.36671179948541E-07,0,0,0
HD87838,151.889501,-6.43836,2454906.631114,-0.030713,0.762758,23213.757567,0.587322,-3.249188,0.725732,23214.564917,0.514234,-2.972211,0.737964,-3.163969,9.369809,-25.285087,2.441958,0.396319,0.000431,0.480828,0.000707,0.60462,0.000884,0,7.308481,29.802509,0.033278,23.4,174.6,2454906.63123,-8.975245,-8.975291,-0.256,-9999999,0.901723,0.0092,0.23476,-0.094373,0.283743,0.48,900,-3.138053,9.367187,2009-03-16T02:54:05.705,-9999999,G2,082.C-0212(B),Santos,-9999999,HARPS_ech_obs_all,HARPS_ech_obs_thosimult,STAR_WAVE_G0,7.58333718135031E-06,7.49138257527262E-07,0,0,0
HD87838,151.889501,-6.43836,2454907.6659754,-1.367784,0.680216,23212.152427,0.532674,-4.299625,0.641252,23213.22687,0.451525,-4.033345,0.653113,-8.738067,8.258594,-20.714399,2.442729,0.393126,0.000362,0.479308,0.000599,0.59167,0.000751,0,7.307877,29.782625,0.033299,23.4,205.2,2454907.6661,-9.552989,-9.553045,0.489,-9999999,0.902214,0.295835,0.226914,0.172229,0.282606,0.52,900,-8.702453,8.256347,2009-03-17T03:43:44.486,-9999999,G2,082.C-0212(B),Santos,-9999999,HARPS_ech_obs_all,HARPS_ech_obs_thosimult,STAR_WAVE_G0,6.68105696617689E-06,1.06086231271876E-06,0,0,0
HD87838,151.889501,-6.43836,2454908.6778207,-0.390718,0.820955,23212.822494,0.650281,-3.986121,0.774473,23213.582391,0.543668,-3.788343,0.785658,5.542486,9.864484,-22.918135,2.52678,0.388732,0.000447,0.474765,0.000751,0.586271,0.000916,0,7.307295,29.790457,0.028735,23.4,166.4,2454908.67793,-10.05813,-10.058155,0.057,-9999999,0.902695,-0.367728,0.27232,-0.142798,0.356778,0.46,900,5.563823,9.86119,2009-03-18T04:01:44.752,-9999999,G2,082.C-0212(B),Santos,-9999999,HARPS_ech_obs_all,HARPS_ech_obs_thosimult,STAR_WAVE_G0,7.01236552061233E-06,9.74509123077963E-07,0,0,0
HD87838,151.889501,-6.43836,2454909.6626765,-2.784905,0.573556,23211.518527,0.472856,-6.599807,0.53933,23212.040373,0.374049,-6.263068,0.553678,1.486316,7.363124,-21.776408,2.262365,0.38957,0.000304,0.483281,0.000506,0.587907,0.000621,0,7.308052,29.785297,0.023295,23.4,245.2,2454909.66279,-10.481033,-10.481084,0.651,-9999999,0.903163,-0.587226,0.195165,-0.381317,0.289275,0.5,900,1.517255,7.355466,2009-03-19T03:39:23.182,-9999999,G2,082.C-0212(B),Santos,-9999999,HARPS_ech_obs_all,HARPS_ech_obs_thosimult,STAR_WAVE_G0,6.23470297231889E-06,1.00932752317647E-06,0,0,0
HD87838,151.889501,-6.43836,2454910.6602201,-0.968418,0.832556,23212.774996,0.617826,-3.816297,0.795464,23213.779163,0.561932,-3.748922,0.806228,0.829894,9.982209,-26.911041,3.025005,0.392169,0.00045,0.470231,0.00075,0.601532,0.000935,0,7.306075,29.809589,0.028384,23.4,164.2,2454910.66032,-10.938201,-10.938228,0.214,-9999999,0.903636,0.379797,0.245737,0.100531,0.256791,0.44,900,0.853086,9.980165,2009-03-20T03:36:48.006,-9999999,G2,082.C-0212(B),Santos,-9999999,HARPS_ech_obs_all,HARPS_ech_obs_thosimult,STAR_WAVE_G0,6.50170320039414E-06,1.06695049835023E-06,0,0,0
HD87838,151.889501,-6.43836,2454911.6652268,-1.240273,0.676534,23211.708524,0.516193,-4.712452,0.635669,23212.604023,0.445425,-4.499806,0.648006,-13.091599,7.882854,-24.850791,2.484383,0.390897,0.000357,0.482122,0.000596,0.59108,0.000734,0,7.30785,29.793865,0.029241,23.4,208,2454911.66534,-11.414077,-11.414124,0.183,-9999999,0.904114,-0.244504,0.231565,-0.008615,0.260867,0.48,900,-13.050095,7.880175,2009-03-21T03:43:27.795,-9999999,G2,082.C-0212(B),Santos,-9999999,HARPS_ech_obs_all,HARPS_ech_obs_thosimult,STAR_WAVE_G0,6.30001012980897E-06,9.5337232263168E-07,0,0,0
HD87838,151.889501,-6.43836,2454912.6689372,0.64605,0.695295,23212.426745,0.543378,-2.441678,0.627084,23213.882533,0.440184,-2.289737,0.639103,-22.319627,7.901358,-23.329407,2.365553,0.390684,0.00035,0.482165,0.000585,0.584462,0.000725,0,7.308423,29.799237,0.025806,23.4,211.5,2454912.66906,-11.882531,-11.882594,-0.072,-9999999,0.90459,0.139947,0.300335,0.551198,0.318587,0.49,900,-22.270535,7.902155,2009-03-22T03:48:42.713,-9999999,G2,082.C-0212(B),Santos,-9999999,HARPS_ech_obs_all,HARPS_ech_obs_thosimult,STAR_WAVE_G0,5.79369483385758E-06,1.10063714035365E-06,0,0,0
HD87838,151.889501,-6.43836,2455217.8260385,1.269936,3.8079,23212.844468,2.731896,-3.314147,3.710074,23212.042166,2.549357,-3.127855,3.728609,13.425243,34.438826,-24.524672,9.384404,0.396783,0.002165,0.472872,0.003434,0.607794,0.004384,0,7.305067,29.679154,0.034043,23.4,37.4,2455217.82603,16.748425,16.748755,0,-9999999,1.049508,-1.356408,0.857584,-1.85181,0.981853,0.51,53.6992,13.46781,34.424863,2010-01-21T07:42:36.331,-9999999,G2,183.C-0972(A),Udry,-9999999,HARPS_ech_obs_all,HARPS_ech_obs_objA,STAR_DARK_G0,9.48561414111374E-06,1.86741633867537E-06,0,0,0
HD87838,151.889501,-6.43836,2455262.6348837,-5.017144,2.610043,23207.11111,1.893102,-7.555294,2.465137,23209.521249,1.61859,-7.283409,2.47753,6.974387,20.594871,-21.46038,7.938666,0.399609,0.00139,0.467809,0.00228,0.610758,0.00287,0,7.311846,29.743845,0.026817,23.4,55.1,2455262.63487,-4.48136,-4.480985,0,-9999999,1.070788,0.689525,0.857569,1.339351,0.981836,0.51,80.5999,6.948702,20.588282,2010-03-07T03:05:43.850,-9999999,G2,183.C-0972(A),Udry,-9999999,HARPS_ech_obs_all,HARPS_ech_obs_objA,STAR_DARK_G0,1.87554551097382E-06,1.91909877251443E-06,0,0,0
HD87838,151.889501,-6.43836,2455262.6515258,-4.062456,2.662817,23209.330169,1.929436,-6.605953,2.520947,23211.708921,1.660941,-6.88099,2.533033,7.240228,17.331177,-9.227439,5.394374,0.397019,0.001432,0.464021,0.002334,0.612765,0.002954,0,7.324826,29.74355,0.032043,23.4,53.8,2455262.65152,-4.531375,-4.531006,0,-9999999,1.070796,0.684178,0.857566,1.307956,0.981834,0.49,80.0998,7.150695,17.320745,2010-03-07T03:29:43.604,-9999999,G2,072.C-0488(E),Mayor,-9999999,HARPS_ech_obs_all,HARPS_ech_obs_objA,STAR_DARK_G0,5.87996411873567E-06,1.54074823810579E-06,0,0,0
HD87838,151.889501,-6.43836,2455263.6760288,0.009667,1.970993,23212.290953,1.513551,-2.634951,1.774654,23214.543254,1.151887,-2.16226,1.784944,-0.097682,16.955319,-27.856863,4.715202,0.394724,0.001021,0.468423,0.001672,0.608322,0.002103,0,7.309486,29.781419,0.033309,23.4,74.5,2455263.67602,-5.102672,-5.102314,0,-9999999,1.071283,0.583057,0.857564,1.181018,0.981831,0.49,161.1004,-0.093329,16.954286,2010-03-08T04:04:22.395,-9999999,G2,183.C-0972(A),Udry,-9999999,HARPS_ech_obs_all,HARPS_ech_obs_objA,STAR_DARK_G0,5.36689985286952E-06,1.14613107483855E-06,0,0,0
HD87838,151.889501,-6.43836,2455266.6890264,-5.54529,3.348829,23210.136313,2.417009,-8.325147,3.237166,23212.179478,2.208606,-7.747295,3.252591,11.511307,29.507901,-9.188606,7.422263,0.397387,0.001852,0.48297,0.002998,0.61543,0.003776,0,7.320598,29.735552,0.014607,23.4,42.8,2455266.68902,-6.623313,-6.622959,0,-9999999,1.072713,0.447818,0.857563,0.970452,0.981831,0.5,80.5995,11.422731,29.510006,2010-03-11T04:23:49.071,-9999999,G2,183.C-0972(A),Udry,-9999999,HARPS_ech_obs_all,HARPS_ech_obs_objA,STAR_DARK_G0,-9999999,-9999999,-9999999,-9999999,-9999999
HD87838,151.889501,-6.43836,2455284.6272705,-1.171094,0.968798,23212.968721,0.780044,-4.33287,0.781705,23214.577378,0.561506,-4.293139,0.791732,4.376451,10.177284,-20.992017,2.776325,0.393098,0.000447,0.469861,0.000742,0.600369,0.000926,0,7.314097,29.776563,0.03253,23.4,166.3,2455284.62727,-14.73373,-14.733444,-0.039,-9999999,1.081232,0.065899,0.572282,0.527425,0.541461,0.5,900.0076,4.420156,10.174851,2010-03-29T02:48:59.060,-9999999,G2,085.C-0063(A),Santos,-9999999,HARPS_ech_obs_all,HARPS_ech_obs_thosimult,STAR_WAVE_G0,6.12970539158552E-06,8.86056260582819E-07,0,0,0
HD87838,151.889501,-6.43836,2455287.6934859,0.368692,0.903329,23215.055842,0.793591,-3.005949,0.751341,23216.33611,0.535738,-3.119428,0.761943,-3.102864,9.083166,-21.345461,2.482361,0.394355,0.000417,0.478292,0.000693,0.603518,0.00087,0,7.310811,29.785363,0.029612,23.4,177.3,2455287.69348,-16.160505,-16.160221,0.37,-9999999,1.082688,-0.146966,0.501488,0.19758,0.585467,0.46,900.0075,-3.060536,9.081599,2010-04-01T04:25:09.599,-9999999,G2,085.C-0063(A),Santos,-9999999,HARPS_ech_obs_all,HARPS_ech_obs_thosimult,STAR_WAVE_G0,5.27397116458327E-06,8.53095468676003E-07,0,0,0
HD87838,151.889501,-6.43836,2455289.6237335,1.134479,1.494474,23215.267037,1.20063,-1.335604,1.245552,23217.796528,0.854316,-1.202182,1.25511,-12.30267,10.920792,-23.059174,3.488983,0.394475,0.000733,0.479724,0.001203,0.604861,0.001512,0,7.316094,29.776255,0.030854,23.4,103,2455289.62373,-16.778077,-16.777831,0,-9999999,1.083605,0.757592,0.825864,1.445886,0.843597,0.47,299.9988,-12.267327,10.921091,2010-04-03T02:49:25.069,-9999999,G2,085.C-0019(A),LoCurto,-9999999,HARPS_ech_obs_all,HARPS_ech_obs_objA,STAR_DARK_G0,8.37705090545259E-06,1.36423080555607E-06,0,0,0
HD87838,151.889501,-6.43836,2455290.611247,-1.096301,0.864164,23213.572597,0.861179,-3.948737,0.586837,23215.433924,0.42263,-4.088915,0.598556,-12.25288,7.50209,-21.736464,2.370453,0.394462,0.000338,0.469345,0.000557,0.605681,0.0007,0,7.31332,29.790409,0.031531,23.4,221,2455290.61125,-17.139373,-17.139113,0.152,-9999999,1.084074,0.37524,0.634351,0.777253,0.750342,0.5,900.0074,-12.225337,7.500554,2010-04-04T02:26:22.044,-9999999,G2,085.C-0063(A),Santos,-9999999,HARPS_ech_obs_all,HARPS_ech_obs_thosimult,STAR_WAVE_G0,6.45776358780017E-06,1.01056298685173E-06,0,0,0
HD87838,151.889501,-6.43836,2455292.5905158,-2.365957,1.596486,23211.767221,1.288174,-5.936025,1.346598,23212.975556,0.907578,-6.011623,1.355357,2.436311,14.00256,-23.947717,3.215296,0.395989,0.000792,0.48209,0.001308,0.607969,0.001643,0,7.307985,29.807158,0.028428,23.4,95.3,2455292.59051,-17.859548,-17.859253,0,-9999999,1.085014,-0.342392,0.857579,0.123321,0.914164,0.52,300.0056,2.461182,14.000074,2010-04-06T02:01:34.826,-9999999,G2,085.C-0019(A),LoCurto,-9999999,HARPS_ech_obs_all,HARPS_ech_obs_objA,STAR_DARK_G0,3.79259219076574E-06,1.30812394765906E-06,0,0,0
HD87838,151.889501,-6.43836,2455293.6435715,1.328093,0.70957,23216.565838,0.627281,-2.010972,0.549738,23217.634225,0.392558,-2.024429,0.562355,-10.958355,8.473464,-21.953928,2.41045,0.392421,0.000312,0.478808,0.000514,0.60413,0.000646,0,7.315143,29.79198,0.031016,23.4,239.4,2455293.64357,-18.392819,-18.392566,-0.35,-9999999,1.085514,-0.11139,0.448639,-0.017127,0.489265,0.49,900.0073,-10.91307,8.473342,2010-04-07T03:13:19.320,-9999999,G2,085.C-0063(A),Santos,-9999999,HARPS_ech_obs_all,HARPS_ech_obs_thosimult,STAR_WAVE_G0,7.35435849545646E-06,7.80329996696688E-07,0,0,0
HD87838,151.889501,-6.43836,2455303.5397304,8.029862,3.292528,23220.977147,2.358779,4.928813,3.199586,23222.494596,2.21123,4.951226,3.214759,38.258543,22.690888,-38.558553,7.003608,0.393363,0.001906,0.479403,0.003077,0.610669,0.003887,0,7.31755,29.835883,0.035915,23.4,41.9,2455303.53973,-21.598745,-21.598543,0,-9999999,1.090214,0.126626,0.776782,0.427235,0.821159,0.45,900.0072,38.199897,22.691043,2010-04-17T00:45:20.451,-9999999,G2,085.C-0019(A),LoCurto,-9999999,HARPS_ech_obs_all,HARPS_ech_obs_objA,STAR_DARK_G0,-9999999,-9999999,-9999999,-9999999,-9999999
HD87838,151.889501,-6.43836,2455304.584467,-0.826057,1.188924,23216.940485,1.247748,-3.143753,1.030622,23210.036903,0.769966,-3.729898,1.040267,16.834124,12.993709,-16.638421,3.322577,0.394682,0.000586,0.467581,0.000817,0.609941,0.001035,0,7.376518,29.01133,0.022622,23.4,152.2,2455304.58446,-22.039117,-22.038922,0.512,-9999999,1.09071,0.909979,0.592756,-7.994292,0.981849,0.49,900.0005,16.83703,12.991837,2010-04-18T01:49:16.254,-9999999,G2,085.C-0063(A),Santos,-9999999,HARPS_ech_obs_all,HARPS_ech_obs_thosimult,STAR_WAVE_G0,5.43783831216871E-06,2.31559790130058E-06,0,0,0
HD87838,151.889501,-6.43836,2455305.5715071,2.360446,0.953677,23216.284603,0.68712,-1.467816,0.792713,23217.707205,0.570748,-1.671791,0.802479,-11.425934,7.979693,-19.2203,2.981803,0.398227,0.000438,0.476298,0.000732,0.611439,0.000929,0,7.314762,29.776781,0.030825,23.4,167.7,2455305.5715,-22.308901,-22.308673,0.155,-9999999,1.091179,-0.600587,0.530193,0.331423,0.382597,0.5,900.0068,-11.39679,7.979346,2010-04-19T01:30:33.804,-9999999,G2,085.C-0063(A),Santos,-9999999,HARPS_ech_obs_all,HARPS_ech_obs_thosimult,STAR_WAVE_G0,7.20948445518048E-06,9.49953780960784E-07,0,0,0
HD87838,151.889501,-6.43836,2455307.568549,-4.062272,0.894255,23210.060445,0.762183,-5.873263,0.606502,23213.019657,0.438772,-6.062631,0.618383,5.869064,7.941941,-18.962593,2.369843,0.394276,0.000318,0.468268,0.000536,0.608401,0.000676,0,7.31407,29.783988,0.028534,23.4,229.8,2455307.56855,-22.890654,-22.890462,0.51,-9999999,1.092127,1.416684,0.657151,1.867085,0.623219,0.47,900.0071,5.915963,7.938392,2010-04-21T01:26:58.201,-9999999,G2,085.C-0063(A),Santos,-9999999,HARPS_ech_obs_all,HARPS_ech_obs_thosimult,STAR_WAVE_G0,6.72663430391133E-06,7.70504353578484E-07,0,0,0
HD87838,151.889501,-6.43836,2455328.596375,1.562204,0.887398,23214.657641,0.807623,-0.644299,0.644106,23217.049909,0.46227,-0.79587,0.654526,-26.333673,7.979917,-18.356162,2.141654,0.398888,0.000349,0.474447,0.000572,0.599024,0.000729,0,7.316574,29.772064,0.028916,23.4,213.5,2455328.59637,-27.419048,-27.418959,0.296,-9999999,1.102113,1.021172,0.610411,1.290155,0.66224,0.49,900.0066,-26.347959,7.979338,2010-05-12T02:09:17.399,-9999999,G2,085.C-0063(A),Santos,-9999999,HARPS_ech_obs_all,HARPS_ech_obs_thosimult,STAR_WAVE_G0,6.07957422229292E-06,8.03469826131713E-07,0,0,0
HD87838,151.889501,-6.43836,2455335.5064336,-3.702559,1.132973,23207.397032,1.031008,-6.536048,0.740358,23210.438529,0.53517,-6.704826,0.751198,-7.502491,8.284929,-18.332326,2.490297,0.394084,0.00041,0.477208,0.000679,0.607887,0.000858,0,7.319526,29.773637,0.031293,23.4,181,2455335.50643,-27.940667,-27.940615,-0.092,-9999999,1.105395,0.394187,0.857611,1.936102,0.881232,0.52,900.0058,-7.547074,8.273641,2010-05-19T00:00:14.292,-9999999,G2,085.C-0063(A),Santos,-9999999,HARPS_ech_obs_all,HARPS_ech_obs_thosimult,STAR_WAVE_G0,5.40090382090615E-06,9.99926660240634E-07,0,0,0
HD87838,151.889501,-6.43836,2455351.487843,3.358251,1.138157,23216.665833,1.118925,-0.688931,0.748257,23218.056122,0.536545,-1.062164,0.758424,4.438054,8.198375,-19.267251,2.605148,0.394083,0.000391,0.476009,0.000657,0.598662,0.000835,0,7.317914,29.773645,0.032124,23.4,186.3,2455351.48784,-28.105583,-28.105632,-0.186,-9999999,1.112984,-0.819507,0.857621,0.277305,0.981893,0.5,899.9991,4.405032,8.197518,2010-06-03T23:35:55.232,-9999999,G2,085.C-0063(A),Santos,-9999999,HARPS_ech_obs_all,HARPS_ech_obs_thosimult,STAR_WAVE_G0,5.27407952229553E-06,9.27173441078545E-07,0,0,0
HD87838,151.889501,-6.43836,2455352.4794134,-2.573865,1.294196,23210.48424,1.194787,-6.65139,0.969238,23211.866909,0.680729,-6.719056,0.978531,-5.631193,9.944083,-20.002279,3.073195,0.395348,0.000536,0.476192,0.000888,0.610171,0.001128,0,7.321699,29.772329,0.032372,23.4,137.9,2455352.4794,-28.034886,-28.034939,-0.46,-9999999,1.113455,-0.849849,0.857626,0.269214,0.981898,0.51,900.0076,-5.666563,9.934885,2010-06-04T23:23:45.886,-9999999,G2,085.C-0063(A),Santos,-9999999,HARPS_ech_obs_all,HARPS_ech_obs_thosimult,STAR_WAVE_G0,8.14269172934353E-06,1.26976656627757E-06,0,0,0
HD87838,151.889501,-6.43836,2455353.4919271,0.688181,1.148926,23213.171265,1.126232,-3.393364,0.76454,23214.530808,0.551624,-3.641341,0.774766,-7.249895,10.003627,-18.032318,2.613575,0.395642,0.000434,0.474367,0.000708,0.610283,0.000901,0,7.316035,29.780933,0.030423,23.4,172.7,2455353.49192,-28.002913,-28.002978,0.763,-9999999,1.113936,-0.85387,0.857619,0.245607,0.98189,0.48,900.0064,-7.284847,9.999793,2010-06-05T23:42:22.196,-9999999,G2,085.C-0063(A),Santos,-9999999,HARPS_ech_obs_all,HARPS_ech_obs_thosimult,STAR_WAVE_G0,6.26615788265625E-06,9.89938106785121E-07,0,0,0
HD87838,151.889501,-6.43836,2455387.4648293,-1.238058,1.324599,23211.759951,1.025871,-5.479559,1.209515,23212.867982,0.826331,-5.585318,1.219157,17.872331,10.224955,-30.100618,3.488215,0.398335,0.000635,0.468884,0.001072,0.60848,0.001352,0,7.305502,29.820744,0.034972,23.4,114.9,2455387.46482,-21.414982,-21.415233,0.38,-9999999,1.130069,-1.013826,0.540033,-0.022038,0.607938,0.51,900.0005,17.860584,10.219957,2010-07-09T23:06:59.969,-9999999,G2,085.C-0063(A),Santos,-9999999,HARPS_ech_obs_all,HARPS_ech_obs_thosimult,STAR_WAVE_G0,3.28698426676472E-06,9.67512324712474E-07,0,0,0
HD87838,151.889501,-6.43836,2455389.4661713,0.764511,1.102784,23216.273776,0.819216,-1.944681,0.933737,23217.908479,0.660666,-2.277937,0.943771,-0.325175,9.177498,-20.566613,2.855691,0.393016,0.00049,0.480476,0.000826,0.607477,0.001038,0,7.315094,29.803192,0.033137,23.4,149.5,2455389.46616,-20.784744,-20.785012,0.145,-9999999,1.13102,0.518484,0.586744,0.503683,0.484392,0.5,900.0006,-0.321352,9.175365,2010-07-11T23:09:16.898,-9999999,G2,085.C-0063(A),Santos,-9999999,HARPS_ech_obs_all,HARPS_ech_obs_thosimult,STAR_WAVE_G0,-9999999,-9999999,-9999999,-9999999,-9999999
HD87838,151.889501,-6.43836,2455390.4651179,1.868889,1.378146,23215.209555,1.062094,-0.48651,1.289498,23217.547169,0.866861,-0.790813,1.29827,4.569432,12.2977,-25.560735,3.474255,0.398742,0.000693,0.465986,0.001152,0.601288,0.001465,0,7.31188,29.819172,0.02693,23.4,106.4,2455390.46511,-20.457881,-20.458151,-0.053,-9999999,1.131494,0.872277,0.486294,1.20612,0.613674,0.42,900,4.565325,12.297181,2010-07-12T23:09:03.724,-9999999,G2,085.C-0063(A),Santos,-9999999,HARPS_ech_obs_all,HARPS_ech_obs_thosimult,STAR_WAVE_G0,6.81627559704498E-06,9.32310151384622E-07,0,0,0
HD87838,151.889501,-6.43836,2455391.464448,2.369438,1.421005,23216.19255,1.008156,-1.311411,1.26788,23217.780882,0.851896,-1.601479,1.276454,8.71922,11.350676,-18.540352,3.276562,0.393247,0.000645,0.477183,0.001098,0.607283,0.001385,0,7.325513,29.777792,0.029947,23.4,111.7,2455391.46444,-20.125248,-20.125534,-0.09,-9999999,1.131969,-0.453174,0.641665,0.456363,0.53912,0.51,899.9998,8.72879,11.348617,2010-07-13T23:06:50.598,-9999999,G2,085.C-0063(A),Santos,-9999999,HARPS_ech_obs_all,HARPS_ech_obs_thosimult,STAR_WAVE_G0,5.91444558776753E-06,1.41637214332509E-06,0,0,0
HD87838,151.889501,-6.43836,2455392.4708348,-0.263305,1.261778,23214.064249,0.960047,-3.452278,1.161779,23215.811115,0.790051,-3.829632,1.171736,-5.377927,12.351263,-16.143923,3.421748,0.395353,0.000584,0.46851,0.000996,0.6101,0.001259,0,7.324375,29.768891,0.035633,23.4,123.1,2455392.47083,-19.793374,-19.793669,0.217,-9999999,1.132447,0.038702,0.492294,0.614419,0.545445,0.49,899.9997,-5.368659,12.348926,2010-07-14T23:16:26.104,-9999999,G2,085.C-0063(A),Santos,-9999999,HARPS_ech_obs_all,HARPS_ech_obs_thosimult,STAR_WAVE_G0,5.45340830659077E-06,1.06071366172902E-06,0,0,0
HD87838,151.889501,-6.43836,2455538.8341457,-3.413773,0.935721,23210.411014,0.940027,-7.399519,0.689581,23210.204737,0.492606,-6.9547,0.700903,4.728038,8.114853,-20.072562,2.397954,0.397095,0.000373,0.459073,0.000604,0.614933,0.000769,0,7.310175,29.793138,0.031887,23.4,199.7,2455538.83414,28.672564,28.672624,-0.768,-9999999,1.201954,-0.75807,0.632497,-1.408231,0.800618,0.54,899.9999,4.729371,8.10787,2010-12-08T07:51:43.099,-9999999,G2,086.C-0284(A),Santos,-9999999,HARPS_ech_obs_all,HARPS_ech_obs_thosimult,STAR_WAVE_G0,5.76120084137366E-06,1.0241494364769E-06,0,0,0
HD87838,151.889501,-6.43836,2455541.7942048,-3.075736,0.874572,23209.389786,0.717439,-7.387112,0.743779,23209.136209,0.527454,-7.069685,0.753978,-3.019906,8.603538,-16.237451,2.650717,0.394332,0.000398,0.460112,0.000648,0.605092,0.000827,0,7.31446,29.783789,0.031795,23.4,186.2,2455541.7942,28.445076,28.445133,0.462,-9999999,1.20336,-1.083701,0.460074,-1.456937,0.486324,0.49,900.006,-3.031452,8.597907,2010-12-11T06:54:33.019,-9999999,G2,086.C-0284(A),Santos,-9999999,HARPS_ech_obs_all,HARPS_ech_obs_thosimult,STAR_WAVE_G0,6.80136154411343E-06,1.04710291095634E-06,0,0,0
HD87838,151.889501,-6.43836,2455544.804672,-1.895279,0.991316,23211.293336,0.988145,-4.724414,0.715349,23212.471571,0.508371,-4.197441,0.726015,-2.004555,8.171028,-13.06785,2.366236,0.397569,0.000385,0.465374,0.000622,0.61469,0.000797,0,7.316549,29.769793,0.02837,23.4,193,2455544.80467,28.024902,28.024977,-0.48,-9999999,1.20479,0.39854,0.686282,-0.026555,0.847342,0.5,899.9995,-1.9743,8.166812,2010-12-14T07:09:04.081,-9999999,G2,086.C-0284(A),Santos,-9999999,HARPS_ech_obs_all,HARPS_ech_obs_thosimult,STAR_WAVE_G0,6.79777740009806E-06,7.98344590380373E-07,0,0,0
HD87838,151.889501,-6.43836,2455547.8328375,-0.565981,0.885211,23213.136701,0.810792,-4.344914,0.697342,23213.430015,0.500513,-4.118774,0.708126,-4.779959,8.686151,-17.37575,2.392201,0.393806,0.000384,0.456531,0.000618,0.615752,0.000791,0,7.313477,29.792048,0.028487,23.4,195,2455547.83283,27.480158,27.480275,0.288,-9999999,1.206228,-0.551257,0.545265,-0.912914,0.637864,0.5,900.0058,-4.764571,8.682966,2010-12-17T07:49:13.497,-9999999,G2,086.C-0284(A),Santos,-9999999,HARPS_ech_obs_all,HARPS_ech_obs_thosimult,STAR_WAVE_G0,7.28542091896429E-06,1.18300361512413E-06,0,0,0
HD87838,151.889501,-6.43836,2455548.8030605,-3.483373,0.840558,23210.643196,0.811416,-8.365603,0.604442,23209.838173,0.430872,-8.168852,0.616596,-1.877807,7.095252,-14.132956,2.396454,0.397193,0.00032,0.458921,0.000518,0.615028,0.000661,0,7.315061,29.774929,0.025659,23.4,232.4,2455548.80306,27.380136,27.380262,0.156,-9999999,1.206688,-1.654555,0.584113,-2.011711,0.687564,0.51,899.9996,-1.871937,7.085512,2010-12-18T07:06:04.144,-9999999,G2,086.C-0284(A),Santos,-9999999,HARPS_ech_obs_all,HARPS_ech_obs_thosimult,STAR_WAVE_G0,5.80509005940174E-06,9.55316592779977E-07,0,0,0
HD87838,151.889501,-6.43836,2455550.7869852,-0.696656,0.83246,23212.979751,0.720512,-4.003158,0.717294,23214.427589,0.50835,-3.685563,0.727408,2.577829,7.513782,-15.493929,2.754747,0.397471,0.000378,0.452406,0.000612,0.619797,0.00079,0,7.318974,29.772421,0.030735,23.4,195.8,2455550.78698,27.046287,27.046417,0.576,-9999999,1.207631,-0.078827,0.422467,0.240207,0.510605,0.49,900.0012,2.591148,7.511463,2010-12-20T06:42:57.792,-9999999,G2,086.C-0284(A),Santos,-9999999,HARPS_ech_obs_all,HARPS_ech_obs_thosimult,STAR_WAVE_G0,6.86939477087627E-06,8.48939070536324E-07,0,0,0
HD87838,151.889501,-6.43836,2455588.7954893,-0.850522,1.507131,23212.588413,1.297649,-3.754113,1.239358,23214.166372,0.848456,-3.402521,1.248529,-2.447005,12.595869,-19.881032,3.674108,0.397481,0.000703,0.470375,0.001131,0.607135,0.001451,0,7.314444,29.790357,0.025225,23.4,108.1,2455588.79548,14.356202,14.356374,0,-9999999,1.225681,0.324085,0.857575,0.352278,0.981843,0.5,599.9998,-2.428538,12.594414,2011-01-27T06:53:38.820,-9999999,G2,183.C-0972(A),Udry,-9999999,HARPS_ech_obs_all,HARPS_ech_obs_objA,STAR_DARK_G0,6.92827132593142E-06,1.2746578460065E-06,0,0,0
HD87838,151.889501,-6.43836,2456259.8076681,-2.34827,1.442691,23209.070842,1.146224,-4.551841,1.297595,23210.860293,0.875073,-4.22961,1.306828,-15.354271,14.457613,-9.342222,3.683208,0.395418,0.000675,0.457774,0.001104,0.605892,0.001413,0,7.319723,29.758577,0.031554,23.4,109.8,2456259.80766,29.159871,29.159878,0.169,-9999999,1.544342,1.024105,0.630558,0.245109,0.740323,0.52,600.0079,-15.351411,14.456115,2012-11-28T07:17:50.295,-9999999,G2,190.C-0027(A),Santos,-9999999,HARPS_ech_obs_all,HARPS_ech_obs_thosimult,STAR_WAVE_G0,3.26756933803316E-07,1.30366137380806E-06,0,0,0
HD87838,151.889501,-6.43836,2456259.8418559,-1.182616,1.52383,23211.80139,1.186872,-3.39717,1.38724,23213.526363,0.927666,-3.097818,1.396317,-15.359721,14.609851,-8.781438,3.91753,0.397187,0.000719,0.460291,0.001178,0.602905,0.0015,0,7.321041,29.758519,0.032005,23.4,103.1,2456259.84185,29.09173,29.091751,0.255,-9999999,1.544359,1.013121,0.630573,0.180614,0.740338,0.5,599.9998,-15.291968,14.611884,2012-11-28T08:07:15.847,-9999999,G2,190.C-0027(A),Santos,-9999999,HARPS_ech_obs_all,HARPS_ech_obs_thosimult,STAR_WAVE_G0,1.67808557500307E-06,1.6775359782662E-06,0,0,0
HD87838,151.889501,-6.43836,2456314.8252565,0.184327,1.829078,23214.841936,1.437544,-3.137054,1.615573,23216.028379,1.05,-2.792066,1.624581,-6.069276,17.967535,-7.857456,4.257265,0.396322,0.000909,0.459406,0.00144,0.622487,0.001852,0,7.329881,29.72375,0.031389,23.4,85.5,2456314.82525,16.213825,16.213974,0.241,-9999999,1.57047,-0.093706,0.857583,-0.384027,0.981852,0.44,600.001,-6.097961,17.964948,2013-01-22T07:37:28.432,-9999999,G2,190.C-0027(A),Santos,-9999999,HARPS_ech_obs_all,HARPS_ech_obs_thosimult,STAR_WAVE_G0,6.23449861949548E-06,1.06764274666686E-06,0,0,0
HD87838,151.889501,-6.43836,2456314.8908394,-2.37062,1.507966,23212.485814,1.292921,-5.713072,1.24035,23213.548567,0.841162,-5.311652,1.249207,1.890098,12.842078,-4.407753,3.777239,0.396374,0.000657,0.472125,0.00106,0.612888,0.001365,0,7.329099,29.748669,0.023537,23.4,115.7,2456314.89083,16.037904,16.038039,-0.052,-9999999,1.570501,-0.114776,0.85761,-0.507748,0.981881,0.52,600.0008,1.839391,12.838266,2013-01-22T09:11:06.490,-9999999,G2,190.C-0027(A),Santos,-9999999,HARPS_ech_obs_all,HARPS_ech_obs_thosimult,STAR_WAVE_G0,4.05914784791945E-06,1.50365017840786E-06,0,0,0
HD87838,151.889501,-6.43836,2456315.8013902,-1.257985,1.297015,23215.248767,1.038453,-3.917094,1.165674,23216.558225,0.81227,-3.686945,1.175345,-0.289192,13.234941,-15.872872,3.890581,0.397362,0.000657,0.473153,0.001051,0.615363,0.001338,0,7.323896,29.784208,0.030159,23.4,116.5,2456315.80138,15.855097,15.85526,0,-9999999,1.570934,0.568567,0.568728,-0.261476,0.646994,0.51,600.001,-0.289867,13.232524,2013-01-23T07:02:19.857,-9999999,G2,190.C-0027(A),Santos,-9999999,HARPS_ech_obs_all,HARPS_ech_obs_thosimult,STAR_WAVE_G0,5.93426677775305E-06,1.27072695900238E-06,0,0,0
HD87838,151.889501,-6.43836,2456315.8442595,1.698555,1.194257,23216.317678,0.985031,-0.974327,1.050131,23217.546284,0.742735,-0.647195,1.059609,-7.959492,12.29781,-13.841567,3.425417,0.396271,0.000604,0.466222,0.000963,0.616041,0.001222,0,7.323515,29.773548,0.028645,23.4,127.7,2456315.84425,15.731748,15.731875,0,-9999999,1.570954,0.554794,0.568748,-0.342348,0.647016,0.48,600.0009,-7.970902,12.297118,2013-01-23T08:04:21.567,-9999999,G2,190.C-0027(A),Santos,-9999999,HARPS_ech_obs_all,HARPS_ech_obs_thosimult,STAR_WAVE_G0,4.12406680828474E-06,1.13177392542661E-06,0,0,0
HD87838,151.889501,-6.43836,2456316.8205958,-0.031213,1.26219,23214.738212,1.186356,-3.449078,0.926108,23215.851292,0.66589,-3.082914,0.935358,-4.622592,11.525962,-13.016931,3.133807,0.395651,0.00053,0.463467,0.000842,0.615859,0.001071,0,7.324695,29.780024,0.026049,23.4,145,2456316.82059,15.366302,15.366457,0.263,-9999999,1.571418,-0.190189,0.857582,-0.458338,0.981851,0.5,600.0009,-4.61295,11.523989,2013-01-24T07:30:00.609,-9999999,G2,190.C-0027(A),Santos,-9999999,HARPS_ech_obs_all,HARPS_ech_obs_thosimult,STAR_WAVE_G0,8.49348433385447E-06,8.12862179731995E-07,0,0,0
HD87838,151.889501,-6.43836,2456316.8856309,-0.224252,1.285487,23213.158339,1.195161,-3.663011,0.957594,23214.148763,0.681414,-3.533718,0.966524,1.779565,10.554246,-13.035948,3.216155,0.397397,0.000514,0.474503,0.000828,0.604418,0.001054,0,7.321404,29.773378,0.028096,23.4,147.6,2456316.88563,15.191469,15.191597,-0.054,-9999999,1.571449,-0.211083,0.857607,-0.581025,0.981878,0.51,600.0009,1.757387,10.551601,2013-01-24T09:03:33.356,-9999999,G2,190.C-0027(A),Santos,-9999999,HARPS_ech_obs_all,HARPS_ech_obs_thosimult,STAR_WAVE_G0,4.44848074034783E-06,1.29279766748552E-06,0,0,0
HD87838,151.889501,-6.43836,2456317.7895802,2.806647,1.179795,23217.675435,1.21297,-0.803803,0.997187,23218.816064,0.712238,-0.516601,1.006256,-1.543622,10.637575,-18.712601,3.562202,0.397879,0.000568,0.464251,0.000905,0.615365,0.00115,0,7.317393,29.792578,0.027821,23.4,135.4,2456317.78957,15.020431,15.020564,0,-9999999,1.571878,-0.382774,0.630503,-0.431249,0.981842,0.49,600.0009,-1.558003,10.638,2013-01-25T06:45:22.605,-9999999,G2,190.C-0027(A),Santos,-9999999,HARPS_ech_obs_all,HARPS_ech_obs_thosimult,STAR_WAVE_G0,5.55440256372987E-06,1.12655362511912E-06,0,0,0
HD87838,151.889501,-6.43836,2456317.844813,-0.8282,1.286937,23213.58762,1.25685,-4.456395,1.121893,23214.624079,0.784617,-3.931426,1.13229,11.585466,9.761646,-15.91408,3.519327,0.397734,0.000638,0.463385,0.001015,0.615947,0.001291,0,7.320695,29.792059,0.024678,23.4,120.8,2456317.84481,14.86126,14.861388,0,-9999999,1.571904,-0.400519,0.630526,-0.535445,0.98186,0.49,600.001,11.610638,9.757977,2013-01-25T08:04:54.478,-9999999,G2,190.C-0027(A),Santos,-9999999,HARPS_ech_obs_all,HARPS_ech_obs_thosimult,STAR_WAVE_G0,6.38276297655183E-06,1.21496398795313E-06,0,0,0
HD87838,151.889501,-6.43836,2456318.7171297,-0.830284,1.502363,23215.401284,1.213264,-4.531426,1.366104,23216.394485,0.924912,-4.135819,1.375184,3.789805,17.720644,-18.278488,4.226056,0.398774,0.000736,0.464174,0.001199,0.616312,0.001524,0,7.319039,29.779643,0.03314,23.4,102.4,2456318.71712,14.792098,14.792253,0,-9999999,1.572318,-0.473466,0.625183,-0.579117,0.785206,0.45,600.0007,3.73865,17.719554,2013-01-26T05:01:22.905,-9999999,G2,190.C-0027(A),Santos,-9999999,HARPS_ech_obs_all,HARPS_ech_obs_thosimult,STAR_WAVE_G0,1.06041138267779E-05,9.36414561904776E-07,0,0,0
HD87838,151.889501,-6.43836,2456318.8451676,-1.272886,1.193921,23213.467635,1.061544,-5.015164,1.017128,23214.219355,0.714333,-4.867552,1.026676,-23.317328,11.137311,-14.945757,3.329847,0.397521,0.000497,0.472818,0.000824,0.60504,0.001052,0,7.315027,29.790262,0.023181,23.4,147.5,2456318.84516,14.419711,14.419865,0,-9999999,1.572379,-0.514602,0.625219,-0.820659,0.785242,0.49,600.0008,-23.332203,11.132669,2013-01-26T08:05:20.847,-9999999,G2,190.C-0027(A),Santos,-9999999,HARPS_ech_obs_all,HARPS_ech_obs_thosimult,STAR_WAVE_G0,-9999999,-9999999,-9999999,-9999999,-9999999
HD87838,151.889501,-6.43836,2456319.745153,1.39041,1.626295,23214.490594,1.201694,-2.208738,1.469648,23215.64413,0.970628,-2.068645,1.478807,-7.340008,14.858979,-8.667321,3.881522,0.39787,0.000821,0.473764,0.001319,0.616626,0.00168,0,7.31424,29.723562,0.021437,23.4,93.5,2456319.74514,14.266621,14.266776,0,-9999999,1.572807,-0.371473,0.696399,-0.419271,0.708484,0.53,600.0005,-7.331066,14.858425,2013-01-27T05:40:51.847,-9999999,G2,190.C-0027(A),Santos,-9999999,HARPS_ech_obs_all,HARPS_ech_obs_thosimult,STAR_WAVE_G0,3.57137385972504E-06,1.34351926513299E-06,0,0,0
HD87838,151.889501,-6.43836,2456319.8575218,-2.471491,1.393214,23211.408721,1.088515,-6.106741,1.206658,23212.350328,0.826349,-6.10522,1.214787,0.955725,12.716028,-3.450917,3.029352,0.396692,0.000638,0.462503,0.001036,0.61759,0.001322,0,7.324308,29.716375,0.02571,23.4,118.4,2456319.85752,13.942213,13.942325,0,-9999999,1.57286,-0.407575,0.696435,-0.631253,0.708528,0.42,600.0008,0.929054,12.712227,2013-01-27T08:23:46.053,-9999999,G2,190.C-0027(A),Santos,-9999999,HARPS_ech_obs_all,HARPS_ech_obs_thosimult,STAR_WAVE_G0,7.79436637157571E-06,1.25596437731954E-06,0,0,0
HD87838,151.889501,-6.43836,2456331.8019998,0.056062,1.288037,23215.183517,1.194183,-3.415757,0.961042,23216.117897,0.679746,-3.223405,0.970029,-4.843879,11.772345,-11.273131,3.325317,0.398827,0.00054,0.453174,0.000855,0.603379,0.001087,0,7.330822,29.760329,0.031013,23.4,142.4,2456331.80199,8.461205,8.461365,-0.109,-9999999,1.578532,-0.244143,0.857577,-0.644152,0.981845,0.49,600.001,-4.830403,11.769761,2013-02-08T07:02:27.611,-9999999,G2,190.C-0027(A),Santos,-9999999,HARPS_ech_obs_all,HARPS_ech_obs_thosimult,STAR_WAVE_G0,6.86696473928745E-06,9.51844566318016E-07,0,0,0
HD87838,151.889501,-6.43836,2456331.8441286,1.203775,1.329534,23215.916781,1.20911,-2.281579,1.015973,23216.771706,0.70562,-2.101762,1.024799,-4.334374,11.98219,-15.596957,3.816931,0.396161,0.000543,0.454356,0.000876,0.586607,0.001106,0,7.325399,29.766903,0.025343,23.4,139.5,2456331.84412,8.348472,8.348622,-0.014,-9999999,1.578552,-0.257678,0.85759,-0.723627,0.981859,0.5,600.0008,-4.314963,11.980803,2013-02-08T08:03:01.437,-9999999,G2,190.C-0027(A),Santos,-9999999,HARPS_ech_obs_all,HARPS_ech_obs_thosimult,STAR_WAVE_G0,6.33457329162827E-06,1.25325078279651E-06,0,0,0
HD87838,151.889501,-6.43836,2456332.7540914,-0.105787,1.344757,23214.067624,1.223998,-3.589257,1.035833,23215.107454,0.73087,-3.58488,1.045572,-4.253223,10.202509,-12.846862,3.976726,0.394793,0.000565,0.470566,0.000915,0.605396,0.001157,0,7.321055,29.775156,0.026679,23.4,133.5,2456332.75409,8.109372,8.109517,0.428,-9999999,1.578984,-0.255794,0.857567,-0.539154,0.981835,0.51,600.0011,-4.245201,10.200685,2013-02-09T05:53:14.031,-9999999,G2,190.C-0027(A),Santos,-9999999,HARPS_ech_obs_all,HARPS_ech_obs_thosimult,STAR_WAVE_G0,5.40486802926716E-06,9.82516385046099E-07,0,0,0
HD87838,151.889501,-6.43836,2456333.7949478,-0.923141,1.683328,23213.583734,1.371596,-4.432229,1.448502,23214.524129,0.957737,-4.327779,1.457603,3.862392,13.44661,-12.192441,4.685667,0.39537,0.000775,0.456921,0.001258,0.593045,0.001596,0,7.338252,29.76541,0.028764,23.4,97.3,2456333.79494,7.493685,7.493822,-0.142,-9999999,1.579479,-0.281412,0.857575,-0.639084,0.981843,0.46,600.0003,3.9397,13.444327,2013-02-10T06:52:31.653,-9999999,G2,190.C-0027(A),Santos,-9999999,HARPS_ech_obs_all,HARPS_ech_obs_thosimult,STAR_WAVE_G0,5.1486878432104E-06,1.10934679380931E-06,0,0,0
HD87838,151.889501,-6.43836,2456333.8523998,-3.08402,1.391977,23212.288022,1.239448,-6.611566,1.096419,23213.120061,0.756423,-6.506053,1.105456,-19.729957,12.005991,-14.056275,3.755123,0.39562,0.000575,0.453962,0.000931,0.60131,0.00118,0,7.329906,29.782042,0.03012,23.4,130.6,2456333.8524,7.34283,7.342971,-0.311,-9999999,1.579506,-0.299871,0.857593,-0.747467,0.981863,0.5,600.0006,-19.699922,12.005134,2013-02-10T08:14:51.378,-9999999,G2,190.C-0027(A),Santos,-9999999,HARPS_ech_obs_all,HARPS_ech_obs_thosimult,STAR_WAVE_G0,4.44894151344653E-06,1.01199846423368E-06,0,0,0
HD87838,151.889501,-6.43836,2456334.7909928,-0.979077,1.20634,23214.0592,1.227275,-3.728404,1.045773,23215.107147,0.736336,-3.819268,1.055492,-26.16631,12.128454,-11.281819,3.95117,0.396277,0.000581,0.473614,0.000934,0.60874,0.001182,0,7.330131,29.761837,0.030955,23.4,131,2456334.79098,7.007654,7.007811,0.134,-9999999,1.579952,0.478348,0.601343,-0.532005,0.981842,0.5,600.0005,-26.127366,12.128261,2013-02-11T06:46:23.812,-9999999,G2,190.C-0027(A),Santos,-9999999,HARPS_ech_obs_all,HARPS_ech_obs_thosimult,STAR_WAVE_G0,4.57182244501165E-06,1.1122285233482E-06,0,0,0
HD87838,151.889501,-6.43836,2456334.843727,0.564557,1.596887,23218.155238,1.381773,-2.201713,1.479327,23219.103728,0.972239,-2.013393,1.488456,11.349543,11.980662,-12.889677,4.948497,0.397175,0.000786,0.460785,0.00128,0.604355,0.001614,0,7.332122,29.769067,0.03095,23.4,95.9,2456334.84372,6.867387,6.867531,0.15,-9999999,1.579977,0.461406,0.601366,-0.631487,0.981859,0.53,600.0008,11.428104,11.978253,2013-02-11T08:02:01.942,-9999999,G2,190.C-0027(A),Santos,-9999999,HARPS_ech_obs_all,HARPS_ech_obs_thosimult,STAR_WAVE_G0,1.17278176958201E-05,1.07577568158732E-06,0,0,0
HD87838,151.889501,-6.43836,2456353.784775,-0.606931,1.193823,23212.599916,1.148812,-4.426304,0.908514,23213.096104,0.653041,-4.323606,0.918164,-25.890185,11.819203,-15.406919,3.283028,0.392942,0.000517,0.477642,0.000835,0.600976,0.001058,0,7.321685,29.770751,0.027063,23.4,147.1,2456353.78477,-2.536947,-2.536796,0.043,-9999999,1.588972,-0.591698,0.774477,-1.092784,0.945149,0.5,900,-25.861153,11.817966,2013-03-02T06:34:43.262,-9999999,G2,190.C-0027(A),Santos,-9999999,HARPS_ech_obs_all,HARPS_ech_obs_thosimult,STAR_WAVE_G0,3.75746033418341E-06,1.09403764313611E-06,0,0,0
HD87838,151.889501,-6.43836,2456361.7159699,0.474814,1.369309,23214.006749,1.273525,-3.330752,1.170597,23214.787355,0.81293,-3.30819,1.179355,-15.03983,12.324047,-16.121095,3.599639,0.392972,0.000668,0.477104,0.001078,0.610731,0.001363,0,7.324369,29.766241,0.026806,23.4,114.3,2456361.71597,-6.339214,-6.339082,-0.145,-9999999,1.592738,-0.57789,0.710428,-0.812132,0.980312,0.5,600.001,-15.04708,12.32128,2013-03-10T04:58:18.207,-9999999,G2,190.C-0027(A),Santos,-9999999,HARPS_ech_obs_all,HARPS_ech_obs_thosimult,STAR_WAVE_G0,5.74043703536526E-06,1.04352089433094E-06,0,0,0
HD87838,151.889501,-6.43836,2456361.753765,-0.824113,1.389376,23213.879421,1.282096,-4.641822,1.194007,23214.588745,0.826288,-4.830421,1.203438,-13.643041,10.345167,-13.731455,3.990048,0.392235,0.000665,0.476945,0.001082,0.600722,0.001372,0,7.326235,29.763568,0.027121,23.4,113.8,2456361.75376,-6.442355,-6.442184,-0.187,-9999999,1.592756,-0.590033,0.710432,-0.883432,0.980316,0.51,600.0008,-13.624639,10.34239,2013-03-10T05:52:37.768,-9999999,G2,190.C-0027(A),Santos,-9999999,HARPS_ech_obs_all,HARPS_ech_obs_thosimult,STAR_WAVE_G0,4.11042633747542E-06,1.31339113704609E-06,0,0,0
HD87838,151.889501,-6.43836,2456364.6881343,-0.924293,1.182453,23212.251042,1.04074,-5.599299,0.926221,23212.507281,0.666889,-5.5932,0.935995,-10.076513,9.758075,-10.840499,3.005178,0.394086,0.000537,0.467625,0.000865,0.608282,0.00109,0,7.325675,29.751463,0.029992,23.4,142.3,2456364.68813,-7.727384,-7.727257,0.095,-9999999,1.59415,-1.447331,0.735058,-1.337911,0.798999,0.5,600.0008,-10.054306,9.754107,2013-03-13T04:18:19.131,-9999999,G2,190.C-0027(A),Santos,-9999999,HARPS_ech_obs_all,HARPS_ech_obs_thosimult,STAR_WAVE_G0,5.37641405237324E-06,9.58910676758829E-07,0,0,0
HD87838,151.889501,-6.43836,2456364.7467161,-0.233818,1.168079,23213.340634,1.032504,-4.927645,0.907796,23213.486387,0.653956,-4.934319,0.917576,-10.988843,11.178087,-10.952106,3.057637,0.392806,0.000497,0.478256,0.00081,0.608038,0.001021,0,7.322208,29.766637,0.02623,23.4,151.7,2456364.74671,-7.890138,-7.889995,0.023,-9999999,1.594178,-1.466152,0.735061,-1.448425,0.799003,0.5,600.0009,-10.983198,11.17444,2013-03-13T05:42:40.733,-9999999,G2,190.C-0027(A),Santos,-9999999,HARPS_ech_obs_all,HARPS_ech_obs_thosimult,STAR_WAVE_G0,5.54265595524101E-06,1.16364625904992E-06,0,0,0
HD87838,151.889501,-6.43836,2456369.5200596,0.676725,1.060046,23215.365633,0.942123,-5.01553,0.919075,23214.460108,0.648907,-5.352098,0.929475,-19.966348,10.805012,-15.774667,3.278901,0.390367,0.000469,0.479322,0.000793,0.58683,0.000989,0,7.322065,29.773326,0.023736,23.4,155.4,2456369.52005,-9.635339,-9.635185,0.305,-9999999,1.596444,-2.46458,0.528203,-2.501969,0.683019,0.5,600.0009,-19.922319,10.803777,2013-03-18T00:16:29.695,-9999999,G2,190.C-0027(A),Santos,-9999999,HARPS_ech_obs_all,HARPS_ech_obs_thosimult,STAR_WAVE_G0,4.16864336924289E-06,1.1887016143436E-06,0,0,0
HD87838,151.889501,-6.43836,2456369.7147702,2.444351,0.941791,23216.563204,0.888504,-3.310461,0.779771,23215.290453,0.568342,-3.262861,0.790493,-25.630067,8.82391,-16.588504,2.997061,0.392822,0.00044,0.471723,0.000715,0.599278,0.00089,0,7.320544,29.770126,0.031069,23.4,173.2,2456369.71477,-10.186858,-10.186727,0.025,-9999999,1.596537,-2.527136,0.528136,-2.869288,0.682955,0.49,600.0008,-25.616127,8.82206,2013-03-18T04:56:59.253,-9999999,G2,190.C-0027(A),Santos,-9999999,HARPS_ech_obs_all,HARPS_ech_obs_thosimult,STAR_WAVE_G0,4.39557292620056E-06,1.15050322777302E-06,0,0,0
HD87838,151.889501,-6.43836,2456406.5876624,-4.050789,1.231127,23209.492545,1.000422,-7.827839,1.012691,23210.679005,0.720818,-8.171679,1.021792,3.665897,11.154346,-21.614574,3.58104,0.394378,0.000585,0.476473,0.00094,0.613768,0.001196,0,7.313307,29.818989,0.026231,23.4,131.2,2456406.58765,-23.832576,-23.832483,0.359,-9999999,1.614048,-0.549374,0.700094,-0.427588,0.693733,0.51,599.9998,3.73092,11.151839,2013-04-24T01:56:50.767,-9999999,G2,190.C-0027(A),Santos,-9999999,HARPS_ech_obs_all,HARPS_ech_obs_wavesimult,STAR_WAVE_G0,9.79030346000107E-06,9.55838024080353E-07,0,0,0
HD87838,151.889501,-6.43836,2456408.5832472,-0.019334,1.201424,23213.87215,1.048626,-2.890592,1.031553,23215.805368,0.727189,-3.194703,1.039749,-19.937452,10.276372,-10.722497,3.548189,0.394436,0.000546,0.465643,0.000904,0.612265,0.001147,0,7.326028,29.776146,0.025661,23.4,136.2,2456408.58325,-24.335976,-24.335906,0.438,-9999999,1.614995,0.356417,0.615887,0.318223,0.755521,0.5,900.0001,-19.860546,10.278487,2013-04-26T01:48:19.069,-9999999,G2,190.C-0027(A),Santos,-9999999,HARPS_ech_obs_all,HARPS_ech_obs_wavesimult,STAR_WAVE_G0,7.27289895563674E-06,8.93787722826295E-07,0,0,0
HD87838,151.889501,-6.43836,2456409.5749393,3.768569,4.628532,23214.21826,3.077675,0.282605,4.548391,23215.529629,2.916856,0.410522,4.567202,-35.545344,36.397044,9.828146,11.837363,0.397662,0.002355,0.470609,0.003835,0.617456,0.004845,0,7.334309,29.67367,0.016168,23.4,34.2,2456409.57494,-24.561803,-24.561716,-0.421,-9999999,1.615466,-0.258289,0.857583,-0.304097,0.981852,0.52,600.0007,-35.580676,36.405006,2013-04-27T01:38:46.213,-9999999,G2,190.C-0027(A),Santos,-9999999,HARPS_ech_obs_all,HARPS_ech_obs_wavesimult,STAR_WAVE_G0,-9999999,-9999999,-9999999,-9999999,-9999999
HD87838,151.889501,-6.43836,2456409.628825,-1.041223,3.40351,23210.158017,2.333091,-4.5445,3.293699,23211.367758,2.116438,-4.701343,3.307906,-7.40385,31.939506,-14.64812,7.880175,0.396428,0.001718,0.47852,0.00281,0.611034,0.003559,0,7.332544,29.779161,0.037571,23.4,45.3,2456409.62882,-24.694869,-24.69479,-0.187,-9999999,1.615492,-0.275601,0.85757,-0.405751,0.981838,0.48,600.0005,-7.418447,31.934443,2013-04-27T02:56:46.321,-9999999,G2,190.C-0027(A),Santos,-9999999,HARPS_ech_obs_all,HARPS_ech_obs_wavesimult,STAR_WAVE_G0,4.10761059651107E-06,1.96130530245284E-06,0,0,0
HD87838,151.889501,-6.43836,2456410.5187062,0.93813,1.41151,23215.169291,1.175413,-3.269179,1.213397,23216.219455,0.842376,-3.421283,1.221896,-10.20374,10.854441,-13.050412,3.9751,0.39499,0.00066,0.478326,0.001089,0.613593,0.001382,0,7.329732,29.75938,0.031244,23.4,113.4,2456410.5187,-24.649696,-24.649628,0.234,-9999999,1.615915,-0.979634,0.721129,-0.565751,0.819755,0.53,600.0007,-10.136252,10.854881,2013-04-28T00:17:48.356,-9999999,G2,190.C-0027(A),Santos,-9999999,HARPS_ech_obs_all,HARPS_ech_obs_wavesimult,STAR_WAVE_G0,1.18091540196488E-06,1.07912610891046E-06,0,0,0
HD87838,151.889501,-6.43836,2456410.6429989,0.021184,1.796621,23213.868897,1.341595,-4.226058,1.645565,23214.684644,1.062055,-4.597452,1.654293,27.887815,15.609099,-16.310158,4.505548,0.398349,0.000858,0.478193,0.00143,0.601317,0.001816,0,7.318687,29.79803,0.024451,23.4,86.7,2456410.643,-24.964961,-24.964893,0.667,-9999999,1.615974,-1.019566,0.721084,-0.800227,0.819706,0.47,600.0001,27.967433,15.604567,2013-04-28T03:17:24.127,-9999999,G2,190.C-0027(A),Santos,-9999999,HARPS_ech_obs_all,HARPS_ech_obs_wavesimult,STAR_WAVE_G0,4.81615750359084E-06,1.35105291786061E-06,0,0,0
HD87838,151.889501,-6.43836,2456432.482674,-3.221257,1.263656,23213.001588,1.120918,-7.013735,0.928067,23212.905279,0.664544,-7.219385,0.936477,-11.73944,9.10324,-17.444701,3.319571,0.394105,0.00052,0.47612,0.00085,0.606958,0.001074,0,7.324679,29.803505,0.030604,23.4,145.1,2456432.48267,-27.966679,-27.966655,-0.002,-9999999,1.626345,-0.564803,0.857624,-1.722654,0.902684,0.46,900.0005,-11.756101,9.095711,2013-05-19T23:27:07.594,-9999999,G2,190.C-0027(A),Santos,-9999999,HARPS_ech_obs_all,HARPS_ech_obs_wavesimult,STAR_WAVE_G0,6.21216223169461E-06,9.98533559845829E-07,0,0,0
HD87838,151.889501,-6.43836,2456433.5630881,-3.66507,1.251972,23209.893136,1.008682,-6.68502,1.0112,23210.32163,0.715935,-6.989768,1.019642,-23.713849,10.904123,-11.877903,3.619623,0.394426,0.000563,0.475368,0.000915,0.610685,0.001163,0,7.321149,29.78631,0.026843,23.4,134.5,2456433.56309,-28.217119,-28.217095,0.269,-9999999,1.626858,0.207725,0.73818,-1.198364,0.710547,0.48,900.0012,-23.733562,10.894215,2013-05-21T01:22:46.074,-9999999,G2,190.C-0027(A),Santos,-9999999,HARPS_ech_obs_all,HARPS_ech_obs_wavesimult,STAR_WAVE_G0,8.1145599368559E-06,1.09104563749129E-06,0,0,0
HD87838,151.889501,-6.43836,2456434.4575835,-4.480675,1.086282,23209.871498,1.09524,-8.169507,0.666682,23210.536034,0.485181,-8.343065,0.678157,-23.93532,8.636794,-13.016118,2.861279,0.392995,0.000363,0.477464,0.000595,0.608559,0.000753,0,7.326227,29.785624,0.02622,23.4,206.9,2456434.45758,-28.017646,-28.017611,0.542,-9999999,1.627283,-0.461156,0.857638,-0.962747,0.981912,0.5,900.001,-23.961993,8.628289,2013-05-21T22:50:39.689,-9999999,G2,190.C-0027(A),Santos,-9999999,HARPS_ech_obs_all,HARPS_ech_obs_wavesimult,STAR_WAVE_G0,6.62419136470983E-06,8.68938913245902E-07,0,0,0
HD87838,151.889501,-6.43836,2456437.453741,-1.987077,1.028122,23212.412311,1.129487,-5.664579,0.769711,23213.145409,0.558197,-5.934169,0.779109,-3.041075,8.748982,-12.772368,2.716281,0.394017,0.000416,0.474146,0.000682,0.59827,0.000868,0,7.320602,29.7867,0.025423,23.4,179.6,2456437.45373,-28.125194,-28.125183,0.146,-9999999,1.628706,-0.449826,0.681601,-0.895608,0.981914,0.51,900.0006,-3.087653,8.742088,2013-05-24T22:45:22.930,-9999999,G2,190.C-0027(A),Santos,-9999999,HARPS_ech_obs_all,HARPS_ech_obs_wavesimult,STAR_WAVE_G0,7.81627665819812E-06,1.04187952576386E-06,0,0,0
HD87838,151.889501,-6.43836,2456438.4495661,-1.685649,1.242397,23211.239596,1.17357,-5.460514,0.898887,23211.94039,0.642732,-5.444938,0.908622,-9.7608,10.51856,-19.084116,2.852603,0.394154,0.000506,0.476584,0.000823,0.59914,0.001045,0,7.322614,29.812148,0.02642,23.4,149.6,2456438.44956,-28.139174,-28.1392,0.271,-9999999,1.629179,-0.54719,0.857644,-0.928385,0.981917,0.49,900.0004,-9.783369,10.511579,2013-05-25T22:39:48.285,-9999999,G2,190.C-0027(A),Santos,-9999999,HARPS_ech_obs_all,HARPS_ech_obs_wavesimult,STAR_WAVE_G0,5.24059099668868E-06,8.66573236206347E-07,0,0,0
HD87838,151.889501,-6.43836,2456441.4569784,1.85309,1.629743,23217.900543,1.341876,-2.949587,1.549576,23217.865183,1.014544,-3.2226,1.55844,-2.644602,13.163954,-14.816663,4.414548,0.394051,0.000832,0.479179,0.001383,0.603998,0.001735,0,7.324476,29.786173,0.025036,23.4,90.1,2456441.45698,-28.188359,-28.18837,0.217,-9999999,1.630607,-1.575002,0.504854,-1.665967,0.878254,0.49,900.0008,-2.714466,13.160729,2013-05-28T22:50:53.091,-9999999,G2,190.C-0027(A),Santos,-9999999,HARPS_ech_obs_all,HARPS_ech_obs_wavesimult,STAR_WAVE_G0,3.33001677362314E-06,1.267910618921E-06,0,0,0
HD87838,151.889501,-6.43836,2456454.4563862,1.829682,1.097821,23215.253049,0.956772,-2.447734,0.978449,23215.372363,0.697053,-2.714058,0.986548,-22.186345,8.757971,-14.838114,3.36925,0.397836,0.000543,0.467798,0.000887,0.602826,0.001111,0,7.32125,29.81659,0.027709,23.4,139.9,2456454.45638,-27.485528,-27.485564,0.6,-9999999,1.63678,-1.049741,0.497844,-1.517466,0.655385,0.52,500.0006,-22.220822,8.754697,2013-06-10T22:54:47.271,-9999999,G2,190.C-0027(A),Santos,-9999999,HARPS_ech_obs_all,HARPS_ech_obs_wavesimult,STAR_WAVE_G0,5.24049225567923E-06,1.22049653446961E-06,0,0,0
HD87838,151.889501,-6.43836,2456456.4917062,1.06365,1.736476,23215.600556,1.399431,-3.158525,1.509914,23216.429171,0.997145,-3.438483,1.51818,-7.527584,13.510193,-25.018864,4.347282,0.394641,0.000866,0.479433,0.001396,0.600681,0.001766,0,7.326485,29.832424,0.027904,23.4,89.5,2456456.4917,-27.326745,-27.326779,0.065,-9999999,1.637747,-0.9945,0.857619,-0.809132,0.981891,0.5,305.2001,-7.548532,13.506967,2013-06-12T23:47:42.285,-9999999,G2,190.C-0027(A),Santos,-9999999,HARPS_ech_obs_all,HARPS_ech_obs_wavesimult,STAR_WAVE_G0,3.88438125858828E-07,1.51705022594355E-06,0,0,0
HD87838,151.889501,-6.43836,2456458.4680963,2.735152,1.59701,23216.68041,1.335369,-3.290253,1.45762,23216.406892,0.970943,-3.625082,1.466268,-24.742804,12.321388,-15.266857,4.00741,0.395664,0.0008,0.478339,0.001308,0.608629,0.001647,0,7.322124,29.822907,0.025822,23.4,95.5,2456458.46809,-27.014636,-27.014667,0.089,-9999999,1.638686,-2.797729,0.652522,-1.912204,0.916778,0.47,305.2004,-24.776712,12.317598,2013-06-14T23:14:06.908,-9999999,G2,190.C-0027(A),Santos,-9999999,HARPS_ech_obs_all,HARPS_ech_obs_wavesimult,STAR_WAVE_G0,3.47222782324687E-06,1.4131367050033E-06,0,0,0
HD87838,151.889501,-6.43836,2456460.4672284,2.929107,2.049132,23217.753285,1.354831,-0.683896,1.9612,23219.435163,1.255207,-1.411274,1.970208,-56.432026,18.746431,-19.084878,4.506782,0.396853,0.001093,0.466468,0.001756,0.610402,0.002224,0,7.326839,29.804161,0.017306,23.4,71.2,2456460.46722,-26.717892,-26.717917,-0.002,-9999999,1.639635,-0.385327,0.593831,0.042243,0.509923,0.49,195.6012,-56.477589,18.741991,2013-06-16T23:13:54.885,-9999999,G2,190.C-0027(A),Santos,-9999999,HARPS_ech_obs_all,HARPS_ech_obs_wavesimult,STAR_WAVE_G0,9.87492086644398E-06,1.15110480937183E-06,0,0,0
HD87838,151.889501,-6.43836,2456991.8521899,-0.545993,1.435613,23210.30335,1.264939,-4.28245,1.151312,23211.661376,0.797506,-3.837978,1.158787,-8.880354,11.601033,-8.834613,3.384934,0.396444,0.000647,0.459206,0.001029,0.614919,0.001312,0,7.33397,29.781737,0.028001,23.4,118,2456991.85218,29.064098,29.06412,0.27,-9999999,1.891988,-0.508782,0.857593,-0.533962,0.981863,0.54,900.0007,-8.900928,11.598804,2014-11-30T08:18:51.801,-9999999,G2,190.C-0027(A),Santos,-9999999,HARPS_ech_obs_all,HARPS_ech_obs_wavesimult,STAR_WAVE_G0,4.46581368857425E-06,1.32989449319714E-06,0,0,0
HD87838,151.889501,-6.43836,2457142.5308451,-8.711694,1.18085,23206.491942,1.139907,-12.234924,0.961433,23208.406181,0.68708,-12.419204,0.971954,16.628181,9.289386,-18.837933,3.073653,0.395106,0.00054,0.478772,0.000869,0.600069,0.001103,0,7.318226,29.790034,0.029441,23.4,142,2457142.53084,-25.031084,-25.030993,-0.021,-9999999,1.963545,-0.295554,0.685605,-0.049306,0.909565,0.55,600.0005,16.671876,9.280877,2015-04-30T00:35:17.134,-9999999,G2,190.C-0027(A),Santos,-9999999,HARPS_ech_obs_all,HARPS_ech_obs_thosimult,STAR_WAVE_G0,6.46437616160769E-06,1.04426682939077E-06,0,0,0
HD87838,151.889501,-6.43836,2457142.6363951,-1.143363,1.057192,23213.438278,1.079435,-4.700504,0.80477,23215.153448,0.581324,-4.895774,0.814104,-6.367786,8.643603,-4.816102,3.390143,0.395204,0.000455,0.467062,0.000728,0.6094,0.00092,0,7.327984,29.734901,0.030647,23.4,169.5,2457142.63639,-25.294635,-25.294541,-0.108,-9999999,1.963595,-0.329465,0.685565,-0.248425,0.909528,0.5,600.001,-6.305312,8.640963,2015-04-30T03:07:47.414,-9999999,G2,190.C-0027(A),Santos,-9999999,HARPS_ech_obs_all,HARPS_ech_obs_thosimult,STAR_WAVE_G0,5.54212057489031E-06,1.20348179554378E-06,0,0,0
HD87838,151.889501,-6.43836,2457148.5978256,-2.850808,1.408204,23209.809002,1.286164,-6.270296,1.246488,23211.37773,0.858313,-6.257551,1.255947,-8.620585,12.163253,-9.386642,4.420716,0.393467,0.000687,0.476578,0.001118,0.608387,0.001416,0,7.330348,29.767498,0.030367,23.4,110.3,2457148.59783,-26.420013,-26.419938,-0.665,-9999999,1.966426,-0.191812,0.655215,-0.397698,0.957871,0.53,600.0005,-8.616367,12.158805,2015-05-06T02:12:41.038,-9999999,G2,190.C-0027(A),Santos,-9999999,HARPS_ech_obs_all,HARPS_ech_obs_wavesimult,STAR_WAVE_G0,5.33271677417014E-06,9.61200254380578E-07,0,0,0
HD87838,151.889501,-6.43836,2457395.761444,0.675545,1.568732,23230.21175,1.106268,-7.051638,1.490411,23230.953282,1.010844,10.986018,1.492651,-7.867768,14.6626,16.087493,3.787743,0.39855,0.000932,0.473971,0.001421,0.609899,0.001812,0,7.348641,29.677027,0.038224,23.4,85.8,2457395.76144,22.114648,22.114776,-0.14,-9999999,2.083803,-1.557578,0.489483,-1.342271,0.449471,0.51,599.9982,-7.878395,14.665769,2016-01-08T06:06:16.685,-9999999,G2,190.C-0027(A),Santos,-9999999,HARPS_ech_obs_all,HARPS_ech_obs_wavesimult,STAR_WAVE_G0,6.4301828206234E-06,1.19432911372986E-06,0,0,0
HD87838,151.889501,-6.43836,2457395.8872445,-11.789097,1.182486,23216.022711,0.899988,-19.286411,1.076297,23216.768639,0.779482,-1.313259,1.081189,31.509033,9.118674,11.823028,3.030116,0.399611,0.000686,0.483212,0.00107,0.634215,0.00135,0,7.351414,29.7038,0.040018,23.4,116.1,2457395.88724,21.761147,21.761243,0.382,-9999999,2.083863,-1.327709,0.489754,-1.337935,0.449873,0.52,899.9983,31.509285,9.118791,2016-01-08T09:04:43.053,-9999999,G2,190.C-0027(A),Santos,-9999999,HARPS_ech_obs_all,HARPS_ech_obs_wavesimult,STAR_WAVE_G0,6.61263267506991E-06,1.09399819918525E-06,0,0,0
HD87838,151.889501,-6.43836,2457399.7387229,-0.226934,1.349416,23226.79419,0.985198,-5.157464,1.289582,23230.099061,0.903948,12.954092,1.292847,-4.608612,15.744056,14.857985,3.629292,0.397583,0.000861,0.465818,0.001293,0.613021,0.001632,0,7.344346,29.679826,0.037854,23.4,94.3,2457399.73872,20.761845,20.761956,-2.437,-9999999,2.085692,1.239076,0.39737,1.219179,0.391781,0.5,599.9983,-4.577258,15.744502,2016-01-12T05:33:15.195,-9999999,G2,190.C-0027(A),Santos,-9999999,HARPS_ech_obs_all,HARPS_ech_obs_wavesimult,STAR_WAVE_G0,5.05521046200023E-06,1.18988907130107E-06,0,0,0
HD87838,151.889501,-6.43836,2457399.875688,-0.601257,1.2741,23229.64967,0.946986,-5.281517,1.210446,23232.959327,0.861946,12.653602,1.213562,23.315637,11.81019,11.501754,3.022549,0.397276,0.000759,0.468009,0.001165,0.602646,0.001469,0,7.341099,29.678793,0.048543,23.4,104.6,2457399.87569,20.375074,20.375188,-2.22,-9999999,2.085757,1.489346,0.397683,1.2239,0.392213,0.49,599.9983,23.308047,11.815278,2016-01-12T08:50:34.170,-9999999,G2,190.C-0027(A),Santos,-9999999,HARPS_ech_obs_all,HARPS_ech_obs_wavesimult,STAR_WAVE_G0,3.75525070483176E-06,1.19971967936479E-06,0,0,0
HD87838,151.889501,-6.43836,2457400.8457457,2.482691,1.287999,23231.773516,1.042026,-3.027922,1.210671,23234.385298,0.86399,15.500444,1.214824,14.719245,13.154582,13.765512,2.947023,0.398192,0.000735,0.468332,0.001139,0.612159,0.00143,0,7.342821,29.687428,0.043721,23.4,106.9,2457400.84574,20.087166,20.087271,-0.126,-9999999,2.086218,0.658992,0.439564,0.525564,0.582528,0.44,599.9983,14.713426,13.158924,2016-01-13T08:07:51.465,-9999999,G2,190.C-0027(A),Santos,-9999999,HARPS_ech_obs_all,HARPS_ech_obs_wavesimult,STAR_WAVE_G0,3.30119005560616E-06,1.26009139297672E-06,0,0,0
HD87838,151.889501,-6.43836,2457401.6964811,2.092894,0.791177,23231.347632,0.868513,-4.075267,0.642466,23233.340008,0.481535,13.93218,0.648719,13.711645,11.25563,18.540344,2.444276,0.398484,0.000388,0.463805,0.000596,0.615684,0.000756,0,7.340782,29.665713,0.037206,23.4,202.6,2457401.69648,20.120886,20.120996,-0.211,-9999999,2.086622,0.001445,0.461734,-0.094246,0.7228,0.5,599.9983,13.738299,11.25823,2016-01-14T04:32:14.092,-9999999,G2,190.C-0027(A),Santos,-9999999,HARPS_ech_obs_all,HARPS_ech_obs_wavesimult,STAR_WAVE_G0,4.29311600925832E-06,9.77866363073067E-07,0,0,0
HD87838,151.889501,-6.43836,2457401.884064,0.390812,0.803541,23229.619886,0.877812,-5.434587,0.657414,23231.618816,0.497718,12.629973,0.663426,18.612106,10.491348,17.00305,2.827169,0.398182,0.000358,0.464131,0.000563,0.606051,0.000715,0,7.345695,29.673084,0.037724,23.4,214.2,2457401.88406,19.604015,19.604127,-0.08,-9999999,2.086711,0.344206,0.462044,-0.087781,0.72307,0.5,599.9983,18.620096,10.501024,2016-01-14T09:02:20.190,-9999999,G2,190.C-0027(A),Santos,-9999999,HARPS_ech_obs_all,HARPS_ech_obs_wavesimult,STAR_WAVE_G0,5.73454635691547E-06,1.07650106473511E-06,0,0,0
HD87838,151.889501,-6.43836,2457404.6761726,0.086435,0.937333,23228.570415,0.678923,-6.551165,0.732767,23230.466813,0.549226,11.28033,0.738533,-2.807603,7.600355,16.427354,2.713389,0.395329,0.000444,0.476208,0.000688,0.601732,0.000869,0,7.340311,29.682265,0.04126,23.4,175.4,2457404.67616,19.006591,19.006734,-0.042,-9999999,2.088037,-0.467994,0.584504,-0.191639,0.399108,0.49,599.9983,-2.805602,7.613831,2016-01-17T04:02:48.875,-9999999,G2,196.C-0042,Santos,-9999999,HARPS_ech_obs_all,HARPS_ech_obs_wavesimult,STAR_WAVE_G0,5.93248998927488E-06,8.40138973718195E-07,0,0,0
HD87838,151.889501,-6.43836,2457404.7904948,-0.538682,1.209999,23228.130228,0.872113,-6.967386,1.059428,23230.030621,0.775374,11.167597,1.063608,-5.846495,13.021694,9.433572,2.982968,0.398095,0.000646,0.468141,0.001001,0.610551,0.001256,0,7.33466,29.696898,0.035498,23.4,121.3,2457404.79049,18.70261,18.702743,-0.184,-9999999,2.088091,-0.259099,0.58456,-0.187698,0.399219,0.5,599.9983,-5.830321,13.023611,2016-01-17T06:47:19.696,-9999999,G2,196.C-0042,Santos,-9999999,HARPS_ech_obs_all,HARPS_ech_obs_wavesimult,STAR_WAVE_G0,5.09687027553854E-06,1.07069337204806E-06,0,0,0
HD87838,151.889501,-6.43836,2457405.675884,2.450257,0.866261,23231.341679,0.694686,-3.2164,0.728905,23234.486603,0.548856,14.714937,0.734186,14.564019,10.196838,16.502598,2.263467,0.397961,0.000445,0.46683,0.000688,0.610268,0.000865,0,7.339958,29.684121,0.04069,23.4,175.7,2457405.67588,18.61011,18.610259,0.181,-9999999,2.088512,0.502949,0.468087,1.056412,0.425847,0.5,599.9983,14.574029,10.206224,2016-01-18T04:02:12.600,-9999999,G2,196.C-0042,Santos,-9999999,HARPS_ech_obs_all,HARPS_ech_obs_wavesimult,STAR_WAVE_G0,6.90264680703422E-06,1.08610281803947E-06,0,0,0
HD87838,151.889501,-6.43836,2457405.7633258,0.190035,0.79199,23228.815342,0.649614,-5.316844,0.638838,23231.963321,0.490523,12.763758,0.645208,10.076468,10.077922,16.099527,2.621778,0.397827,0.00038,0.467629,0.000591,0.612284,0.000744,0,7.338397,29.680032,0.037798,23.4,204.4,2457405.76332,18.382129,18.38225,0.143,-9999999,2.088553,0.662727,0.468118,1.059426,0.425893,0.51,599.9983,10.077552,10.088873,2016-01-18T06:08:01.107,-9999999,G2,196.C-0042,Santos,-9999999,HARPS_ech_obs_all,HARPS_ech_obs_wavesimult,STAR_WAVE_G0,6.01353559162861E-06,9.00064116007938E-07,0,0,0
HD87838,151.889501,-6.43836,2457407.6803619,0.223369,1.323051,23213.63888,1.198776,-5.814919,1.130727,23211.433709,0.787224,13.07213,1.134035,2.778558,18.81945,2.064344,3.04281,0.39927,0.000525,0.460321,0.000652,0.620339,0.000836,0,7.478813,27.94645,0.017914,23.4,186.8,2457407.68036,17.7906,17.790741,0.249,-9999999,2.089464,0.131317,0.686964,-4.294635,0.90407,0.53,599.9982,2.748325,18.824593,2016-01-20T04:08:11.134,-9999999,G2,196.C-0042,Santos,-9999999,HARPS_ech_obs_all,HARPS_ech_obs_wavesimult,STAR_WAVE_G0,3.95034474198273E-05,2.42130347806113E-06,0,0,0
HD87838,151.889501,-6.43836,2457407.7579992,-0.821715,1.164843,23221.79489,1.147494,-6.71814,0.940699,23219.592432,0.706658,11.964247,0.945075,-6.489403,17.567863,7.880964,2.552945,0.398808,0.000502,0.462284,0.000659,0.615943,0.000839,0,7.437008,28.574542,0.030714,23.4,185.1,2457407.75799,17.584197,17.58433,0.128,-9999999,2.089501,0.27318,0.686983,-4.291959,0.904089,0.51,599.9983,-6.487083,17.566361,2016-01-20T06:00:10.604,-9999999,G2,196.C-0042,Santos,-9999999,HARPS_ech_obs_all,HARPS_ech_obs_wavesimult,STAR_WAVE_G0,-9999999,-9999999,-9999999,-9999999,-9999999
HD87838,151.889501,-6.43836,2457415.6720202,-1.193712,1.093054,23228.266349,0.802929,-6.848537,0.902485,23231.286423,0.66618,11.032713,0.907111,8.729491,11.588075,12.852852,2.784881,0.398246,0.000537,0.465326,0.00084,0.603179,0.001063,0,7.331653,29.692102,0.041776,23.4,144.4,2457415.67201,14.387339,14.387489,0.289,-9999999,2.093259,0.51478,0.616674,0.926815,0.448218,0.5,599.9983,8.704922,11.591605,2016-01-28T03:55:51.874,-9999999,G2,196.C-0042,Santos,-9999999,HARPS_ech_obs_all,HARPS_ech_obs_wavesimult,STAR_WAVE_G0,6.78382855404909E-06,9.67708718156334E-07,0,0,0
HD87838,151.889501,-6.43836,2457415.8088619,2.672105,1.078789,23231.604203,0.800147,-2.732676,0.885101,23234.629059,0.662728,15.403121,0.889118,9.611514,12.162749,14.686171,2.811164,0.397802,0.000522,0.476707,0.000816,0.613842,0.00103,0,7.337327,29.683745,0.042005,23.4,148.7,2457415.80886,13.995965,13.996105,0.24,-9999999,2.093324,0.764825,0.61675,0.931532,0.44836,0.5,599.9982,9.674358,12.161428,2016-01-28T07:12:54.441,-9999999,G2,196.C-0042,Santos,-9999999,HARPS_ech_obs_all,HARPS_ech_obs_wavesimult,STAR_WAVE_G0,5.57313871613491E-06,7.92669563202188E-07,0,0,0
HD87838,151.889501,-6.43836,2457416.6563097,-1.103012,1.221653,23228.898329,0.833784,-5.969004,0.970234,23232.148577,0.706779,11.974202,0.974319,11.113441,12.946183,12.825338,2.601007,0.398726,0.000588,0.473674,0.000917,0.616608,0.001165,0,7.337943,29.686666,0.037766,23.4,132.8,2457416.6563,13.977613,13.977775,0.978,-9999999,2.093726,1.303613,0.742348,1.156522,0.442334,0.51,599.9982,11.109035,12.950468,2016-01-29T03:33:04.536,-9999999,G2,196.C-0042,Santos,-9999999,HARPS_ech_obs_all,HARPS_ech_obs_wavesimult,STAR_WAVE_G0,4.21000111801438E-06,8.63898344532744E-07,0,0,0
HD87838,151.889501,-6.43836,2457416.7796883,-4.150288,1.299845,23226.101015,0.896474,-8.790836,1.066995,23229.355574,0.779714,9.299169,1.071525,8.944313,12.14356,14.917809,3.09759,0.398453,0.000643,0.465556,0.001005,0.613765,0.001269,0,7.335798,29.679383,0.04071,23.4,121.3,2457416.77968,13.632057,13.632208,0.822,-9999999,2.093785,1.529057,0.742374,1.160774,0.442392,0.5,599.9982,8.946497,12.145413,2016-01-29T06:30:49.962,-9999999,G2,196.C-0042,Santos,-9999999,HARPS_ech_obs_all,HARPS_ech_obs_wavesimult,STAR_WAVE_G0,5.05883314417049E-06,9.47714285623823E-07,0,0,0
HD87838,151.889501,-6.43836,2457432.7091827,-1.143491,1.775495,23227.944087,1.30043,-8.820403,1.636552,23228.548116,1.11542,9.563462,1.638897,-13.67984,14.12197,7.066823,4.527356,0.398013,0.000935,0.477054,0.001461,0.603551,0.001825,0,7.339162,29.70566,0.035844,23.4,83.4,2457432.70918,6.142723,6.142896,0,-9999999,2.10135,-1.507307,0.688536,-1.497321,0.668547,0.5,119.9983,-13.66858,14.120745,2016-02-14T04:52:32.604,-9999999,G2,096.C-0460(A),LoCurto,-9999999,HARPS_ech_obs_all,HARPS_ech_obs_objA,STAR_DARK_G0,4.60807905837028E-07,1.66964501829708E-06,0,0,0
HD87838,151.889501,-6.43836,2457446.5739502,1.376389,1.118119,23230.989122,0.875412,-5.453932,0.800269,23231.905085,0.597715,12.650441,0.806399,16.454972,11.081588,10.702593,2.544803,0.395535,0.000469,0.468031,0.000742,0.595344,0.00093,0,7.337671,29.709331,0.039147,23.4,163.9,2457446.57394,-0.527413,-0.527205,-1.784,-9999999,2.107934,-0.660716,0.780871,-1.191971,0.639595,0.49,599.9983,16.47489,11.086942,2016-02-28T01:33:43.884,-9999999,G2,196.C-0042,Santos,-9999999,HARPS_ech_obs_all,HARPS_ech_obs_wavesimult,STAR_WAVE_G0,4.2863187485507E-06,1.06316987359083E-06,0,0,0
HD87838,151.889501,-6.43836,2457446.8029178,-0.214684,1.035648,23230.814045,0.819414,-6.626623,0.680332,23231.738008,0.512268,11.672248,0.686496,13.72627,9.904886,13.216239,2.314243,0.394288,0.000348,0.476802,0.000562,0.59692,0.000707,0,7.340561,29.687194,0.041543,23.4,214.8,2457446.80291,-1.174576,-1.174401,-1.65,-9999999,2.108043,-0.242334,0.780843,-1.18408,0.639548,0.49,599.9983,13.737779,9.907962,2016-02-28T07:03:26.745,-9999999,G2,196.C-0042,Santos,-9999999,HARPS_ech_obs_all,HARPS_ech_obs_wavesimult,STAR_WAVE_G0,6.86230071440482E-06,1.02631836576165E-06,0,0,0
HD87838,151.889501,-6.43836,2457447.5712423,0.541207,1.251838,23229.849962,0.885506,-6.264248,0.820762,23232.03027,0.611673,11.921314,0.826388,12.612822,10.995143,14.681989,2.69729,0.39506,0.00048,0.476721,0.000756,0.607518,0.00095,0,7.34417,29.691531,0.038385,23.4,160.3,2457447.57124,-1.024444,-1.024253,0.525,-9999999,2.108408,-0.63585,0.945224,0.0719,0.640295,0.49,599.9982,12.61873,10.993051,2016-02-29T01:29:50.226,-9999999,G2,196.C-0042,Santos,-9999999,HARPS_ech_obs_all,HARPS_ech_obs_wavesimult,STAR_WAVE_G0,5.32030376155423E-06,1.00444507578443E-06,0,0,0
HD87838,151.889501,-6.43836,2457447.8138239,2.416554,1.326813,23231.154899,0.939592,-3.945644,0.931136,23233.343682,0.687676,14.468682,0.936112,-3.343014,11.403296,8.855729,3.035126,0.394761,0.000546,0.477445,0.000853,0.607164,0.00107,0,7.341128,29.702876,0.039714,23.4,142.4,2457447.81382,-1.703115,-1.702944,0.855,-9999999,2.108523,-0.192592,0.945208,0.08026,0.640262,0.48,599.9982,-3.322269,11.405418,2016-02-29T07:19:15.364,-9999999,G2,196.C-0042,Santos,-9999999,HARPS_ech_obs_all,HARPS_ech_obs_wavesimult,STAR_WAVE_G0,4.08893510739297E-06,1.30577368834288E-06,0,0,0
HD87838,151.889501,-6.43836,2457448.561993,1.61353,1.139178,23230.273951,0.878632,-5.829152,0.843276,23230.684214,0.62843,12.44764,0.848667,-5.540009,9.519728,8.892131,2.967042,0.394454,0.000498,0.467485,0.000785,0.607033,0.000984,0,7.341163,29.71022,0.038423,23.4,154.7,2457448.56199,-1.50559,-1.505402,-0.191,-9999999,2.108878,-1.273077,0.765906,-1.698615,0.614061,0.48,599.9983,-5.489062,9.521871,2016-03-01T01:16:37.523,-9999999,G2,196.C-0042,Santos,-9999999,HARPS_ech_obs_all,HARPS_ech_obs_wavesimult,STAR_WAVE_G0,6.54477076223415E-06,1.02907994447226E-06,0,0,0
HD87838,151.889501,-6.43836,2457448.7497549,0.137745,1.152263,23231.169666,0.890463,-6.961849,0.860952,23231.586489,0.645016,11.347353,0.865842,16.040668,7.242854,8.509287,2.811451,0.3958,0.000477,0.47698,0.000761,0.598489,0.000959,0,7.338188,29.699602,0.039058,23.4,159.1,2457448.74975,-2.04327,-2.04309,-0.152,-9999999,2.108967,-0.929989,0.765815,-1.692144,0.613905,0.52,599.9983,16.085536,7.241402,2016-03-01T05:46:36.247,-9999999,G2,196.C-0042,Santos,-9999999,HARPS_ech_obs_all,HARPS_ech_obs_wavesimult,STAR_WAVE_G0,6.22352823939639E-06,8.40220876461029E-07,0,0,0
HD87838,151.889501,-6.43836,2457450.5605368,-0.533148,1.299709,23228.486069,1.055755,-7.267887,0.839575,23230.340655,0.625647,11.082642,0.844932,1.52427,9.289978,14.391324,2.459423,0.393933,0.000501,0.47575,0.000786,0.607955,0.000989,0,7.339959,29.697911,0.035219,23.4,154.3,2457450.56054,-2.507239,-2.507062,0.355,-9999999,2.109827,-0.565133,0.992148,-0.255241,0.850403,0.47,599.9983,1.567443,9.29088,2016-03-03T01:14:39.020,-9999999,G2,196.C-0042,Santos,-9999999,HARPS_ech_obs_all,HARPS_ech_obs_wavesimult,STAR_WAVE_G0,4.59584358582091E-06,1.09744295894276E-06,0,0,0
HD87838,151.889501,-6.43836,2457450.7869591,-0.37524,1.324508,23228.844961,1.071227,-6.696248,0.877533,23230.707458,0.651521,11.744527,0.882799,3.731695,10.653231,10.71646,2.381807,0.396716,0.000466,0.468419,0.000759,0.60735,0.00095,0,7.336313,29.69493,0.038936,23.4,159.8,2457450.78696,-3.147849,-3.147668,0.213,-9999999,2.109935,-0.151403,0.992097,-0.247438,0.850322,0.49,599.9983,3.783629,10.6541,2016-03-03T06:40:30.088,-9999999,G2,196.C-0042,Santos,-9999999,HARPS_ech_obs_all,HARPS_ech_obs_wavesimult,STAR_WAVE_G0,4.05255595678077E-06,1.13537741054992E-06,0,0,0
HD87838,151.889501,-6.43836,2457457.5851408,-3.574646,2.32882,23225.320681,1.707202,-9.438962,2.083301,23227.350438,1.375595,9.329401,2.080435,20.705589,24.520323,10.681939,4.996486,0.391967,0.00123,0.464218,0.001929,0.601647,0.002409,0,7.334172,29.711694,0.034556,23.4,64,2457457.58513,-6.061417,-6.061212,0,-9999999,2.113163,0.305289,1.040798,-0.083406,1.011077,0.49,119.9983,20.692017,24.520186,2016-03-10T01:53:57.138,-9999999,G2,096.C-0460(A),LoCurto,-9999999,HARPS_ech_obs_all,HARPS_ech_obs_objA,STAR_DARK_G0,1.13977096652762E-05,1.32911832205622E-06,0,0,0
HD87838,151.889501,-6.43836,2457459.6191968,-0.160166,1.057713,23227.824368,1.077544,-6.295978,0.784474,23230.272504,0.591999,11.865768,0.788251,-3.613165,10.367822,10.806066,2.48784,0.390836,0.000447,0.47122,0.000721,0.600565,0.000893,0,7.336151,29.695688,0.035314,23.4,170,2457459.61919,-7.13979,-7.139602,0.159,-9999999,2.114129,0.033794,0.709476,0.334007,0.900355,0.5,599.9982,-3.59722,10.377528,2016-03-12T02:39:02.324,-9999999,G2,196.C-0042,Santos,-9999999,HARPS_ech_obs_all,HARPS_ech_obs_wavesimult,STAR_WAVE_G0,6.46048803869788E-06,9.98341222449223E-07,0,0,0
HD87838,151.889501,-6.43836,2457459.7136444,-2.607749,1.412819,23227.362158,1.248463,-8.570981,1.221783,23229.813594,0.864925,9.82085,1.224536,12.94181,13.273978,14.005964,2.524857,0.390771,0.000688,0.479485,0.001106,0.5902,0.001377,0,7.340421,29.690757,0.041538,23.4,111.1,2457459.71364,-7.420735,-7.420555,0.137,-9999999,2.114174,0.206373,0.709438,0.337262,0.900314,0.48,599.9982,12.997357,13.271466,2016-03-12T04:55:14.794,-9999999,G2,196.C-0042,Santos,-9999999,HARPS_ech_obs_all,HARPS_ech_obs_wavesimult,STAR_WAVE_G0,5.65456121824758E-06,1.02361982863652E-06,0,0,0
HD87838,151.889501,-6.43836,2457460.6117392,-0.992328,1.098656,23228.060308,0.99574,-6.42398,0.971332,23231.533435,0.714553,12.009402,0.974437,-3.231167,11.147579,11.542024,2.55455,0.393071,0.00056,0.479873,0.000902,0.596209,0.001115,0,7.340003,29.688099,0.036356,23.4,136.1,2457460.61174,-7.603186,-7.603012,0.22,-9999999,2.114601,0.737954,0.51338,1.358526,0.693478,0.49,599.9983,-3.22659,11.151796,2016-03-13T02:28:26.120,-9999999,G2,196.C-0042,Santos,-9999999,HARPS_ech_obs_all,HARPS_ech_obs_wavesimult,STAR_WAVE_G0,6.15527959716701E-06,1.16462902249868E-06,0,0,0
HD87838,151.889501,-6.43836,2457460.7534325,-0.047598,1.082744,23229.574541,0.981442,-5.22034,0.953319,23233.052618,0.694531,13.102848,0.955921,2.157002,10.551583,16.905275,2.461517,0.389846,0.000514,0.472267,0.000845,0.592321,0.001036,0,7.336127,29.670157,0.037003,23.4,145.5,2457460.75342,-8.011283,-8.011109,0.348,-9999999,2.114668,0.996863,0.51334,1.363409,0.693437,0.5,599.9983,2.170221,10.557804,2016-03-13T05:52:22.739,-9999999,G2,196.C-0042,Santos,-9999999,HARPS_ech_obs_all,HARPS_ech_obs_wavesimult,STAR_WAVE_G0,6.40449830508378E-06,9.94763214592078E-07,0,0,0
HD87838,151.889501,-6.43836,2457462.6169244,-0.166492,0.850616,23228.931837,0.752361,-5.92871,0.682475,23231.621768,0.519924,12.35035,0.686123,-1.024852,10.247753,12.038095,2.475154,0.392947,0.000381,0.470485,0.000612,0.59797,0.000758,0,7.334211,29.679706,0.041053,23.4,199.2,2457462.61691,-8.579113,-8.578931,-0.226,-9999999,2.115553,0.407387,0.507715,0.574378,0.543807,0.5,599.9983,-1.012082,10.254265,2016-03-15T02:35:52.848,-9999999,G2,196.C-0042,Santos,-9999999,HARPS_ech_obs_all,HARPS_ech_obs_wavesimult,STAR_WAVE_G0,4.54137622464636E-06,1.10319060532899E-06,0,0,0
HD87838,151.889501,-6.43836,2457462.7124438,1.453351,0.9274,23231.344828,0.799504,-4.134329,0.776114,23234.038096,0.586138,14.302612,0.779447,4.767315,9.581127,15.109906,2.583401,0.393512,0.000417,0.471185,0.000677,0.594215,0.000834,0,7.339125,29.661608,0.042345,23.4,180.2,2457462.71243,-8.86103,-8.860833,-0.118,-9999999,2.115598,0.581925,0.507659,0.57767,0.543735,0.5,599.9982,4.804478,9.590956,2016-03-15T04:53:25.964,-9999999,G2,196.C-0042,Santos,-9999999,HARPS_ech_obs_all,HARPS_ech_obs_wavesimult,STAR_WAVE_G0,6.05318994890715E-06,9.8600955226635E-07,0,0,0
HD87838,151.889501,-6.43836,2457463.5844817,1.674525,1.078783,23231.290732,0.904343,-4.350315,0.864185,23234.135976,0.649939,13.789588,0.866461,3.5432,10.4129,13.591272,2.564093,0.393317,0.000503,0.482286,0.000805,0.588361,0.000999,0,7.342201,29.667508,0.03856,23.4,152,2457463.58448,-8.959087,-8.958893,0.149,-9999999,2.116012,0.144765,0.645722,0.729232,0.628821,0.49,599.9983,3.584598,10.423426,2016-03-16T01:49:18.274,-9999999,G2,196.C-0042,Santos,-9999999,HARPS_ech_obs_all,HARPS_ech_obs_wavesimult,STAR_WAVE_G0,5.82393416584618E-06,9.45720965591074E-07,0,0,0
HD87838,151.889501,-6.43836,2457464.5959727,0.257269,1.203674,23228.409743,1.025804,-5.006,1.114928,23232.121842,0.812611,13.094257,1.115964,-28.789201,11.601651,15.036231,2.889751,0.394362,0.000672,0.470156,0.00106,0.601345,0.001319,0,7.333951,29.686195,0.036479,23.4,115.5,2457464.59596,-9.46334,-9.463145,0.05,-9999999,2.116493,0.906336,0.453616,1.595606,0.626048,0.5,599.9982,-28.771475,11.604087,2016-03-17T02:05:47.814,-9999999,G2,196.C-0042,Santos,-9999999,HARPS_ech_obs_all,HARPS_ech_obs_wavesimult,STAR_WAVE_G0,4.11540154593099E-06,1.04833287157666E-06,0,0,0
HD87838,151.889501,-6.43836,2457464.678483,1.462857,1.263422,23230.244117,1.056293,-3.649645,1.179218,23233.959098,0.850845,14.453638,1.179516,-3.067413,12.733512,6.897859,3.420311,0.395249,0.000696,0.481848,0.001102,0.586999,0.001369,0,7.329708,29.706413,0.038554,23.4,111.1,2457464.67847,-9.70896,-9.708751,-0.11,-9999999,2.116532,1.057103,0.453519,1.598449,0.625953,0.47,599.9983,-3.059684,12.73572,2016-03-17T04:04:54.931,-9999999,G2,196.C-0042,Santos,-9999999,HARPS_ech_obs_all,HARPS_ech_obs_wavesimult,STAR_WAVE_G0,3.98330991941953E-06,1.14994588710529E-06,0,0,0
HD87838,151.889501,-6.43836,2457465.6193549,-0.731726,1.184638,23227.979493,0.920594,-7.879071,1.090695,23229.502422,0.795145,10.600283,1.091771,-10.693892,9.865877,12.760816,3.125753,0.394053,0.000661,0.480585,0.001041,0.5958,0.00129,0,7.337497,29.683259,0.043034,23.4,117.8,2457465.61934,-10.000067,-9.999867,-0.201,-9999999,2.116979,-0.97774,0.462333,-0.59405,0.463938,0.51,599.9983,-10.67442,9.871534,2016-03-18T02:39:24.923,-9999999,G2,196.C-0042,Santos,-9999999,HARPS_ech_obs_all,HARPS_ech_obs_wavesimult,STAR_WAVE_G0,5.1154685448239E-06,1.03356845125918E-06,0,0,0
HD87838,151.889501,-6.43836,2457465.737719,-1.773483,0.90381,23228.205598,0.745743,-8.704547,0.776636,23229.732663,0.583912,9.315168,0.778497,7.331531,10.246039,13.198808,2.494252,0.393056,0.000419,0.471776,0.000682,0.594405,0.00084,0,7.337664,29.676529,0.035871,23.4,179.4,2457465.73771,-10.33735,-10.337158,-0.395,-9999999,2.117035,-0.761459,0.462286,-0.58997,0.463874,0.51,599.9983,7.341451,10.252969,2016-03-18T05:29:51.927,-9999999,G2,196.C-0042,Santos,-9999999,HARPS_ech_obs_all,HARPS_ech_obs_wavesimult,STAR_WAVE_G0,6.26399896994977E-06,1.0285679786501E-06,0,0,0
HD87838,151.889501,-6.43836,2457470.6387704,1.534103,1.539184,23231.542613,1.157627,-4.867997,1.183421,23232.642504,0.8517,13.322623,1.187754,-5.650717,11.335113,12.582504,3.082934,0.395649,0.00072,0.478814,0.00113,0.604106,0.001414,0,7.338608,29.673101,0.039569,23.4,108.2,2457470.63876,-12.339872,-12.339699,-0.733,-9999999,2.119362,-0.232494,0.984177,-1.019471,0.784033,0.5,599.9983,-5.591016,11.337484,2016-03-23T03:07:44.596,-9999999,G2,190.C-0027(A),Santos,-9999999,HARPS_ech_obs_all,HARPS_ech_obs_wavesimult,STAR_WAVE_G0,6.64370338546191E-06,1.19284070855273E-06,0,0,0
HD87838,151.889501,-6.43836,2457470.7644671,1.260833,1.453965,23232.577496,1.105246,-4.911587,1.070237,23233.68178,0.779009,13.506145,1.076041,-12.876846,11.093602,15.627109,3.500474,0.395673,0.000606,0.471835,0.000978,0.596846,0.001209,0,7.344192,29.654986,0.037712,23.4,125.3,2457470.76446,-12.66721,-12.66706,-0.495,-9999999,2.119422,-0.002815,0.984178,-1.015138,0.784036,0.54,599.9983,-12.836851,11.094078,2016-03-23T06:08:21.237,-9999999,G2,190.C-0027(A),Santos,-9999999,HARPS_ech_obs_all,HARPS_ech_obs_wavesimult,STAR_WAVE_G0,8.03740018222059E-06,9.79610382704311E-07,0,0,0
HD87838,151.889501,-6.43836,2457474.5597089,-0.390731,0.899598,23229.670611,0.831525,-6.757429,0.694771,23232.187433,0.534607,11.472343,0.703781,2.938309,11.247276,14.208862,2.507101,0.397157,0.0004,0.482501,0.000642,0.592932,0.000791,0,7.343374,29.673069,0.046572,23.4,190.5,2457474.5597,-13.864053,-13.863889,0.357,-9999999,2.121224,-0.197093,0.571463,0.395598,0.63689,0.51,599.9983,2.964853,11.253929,2016-03-27T01:14:02.534,-9999999,G2,196.C-0042,Santos,-9999999,HARPS_ech_obs_all,HARPS_ech_obs_wavesimult,STAR_WAVE_G0,6.63120003872484E-06,9.45337062481361E-07,0,0,0
HD87838,151.889501,-6.43836,2457474.5945624,-0.432824,0.842825,23228.992944,0.797556,-6.735836,0.619562,23231.510984,0.480172,11.557471,0.628443,-10.806791,10.549843,14.339809,2.81633,0.394261,0.000352,0.480585,0.000562,0.593491,0.000695,0,7.341671,29.672608,0.040314,23.4,216.9,2457474.59456,-13.965419,-13.965268,0.012,-9999999,2.121241,-0.133407,0.571399,0.396799,0.636813,0.51,599.9983,-10.755811,10.554834,2016-03-27T02:04:14.018,-9999999,G2,196.C-0042,Santos,-9999999,HARPS_ech_obs_all,HARPS_ech_obs_wavesimult,STAR_WAVE_G0,5.64919556630316E-06,9.44531810459199E-07,0,0,0
HD87838,151.889501,-6.43836,2457475.6073408,-2.7434,1.239656,23228.203344,0.9961,-9.529164,1.144957,23229.743418,0.832691,8.74942,1.153666,14.475398,11.986093,12.825973,3.272279,0.394778,0.0007,0.471717,0.001109,0.587321,0.001376,0,7.338299,29.685928,0.042553,23.4,111.1,2457475.60734,-14.432572,-14.432425,0.278,-9999999,2.121722,-0.616158,0.475205,-0.581648,0.546663,0.5,599.9983,14.502587,11.987445,2016-03-28T02:22:48.224,-9999999,G2,196.C-0042,Santos,-9999999,HARPS_ech_obs_all,HARPS_ech_obs_wavesimult,STAR_WAVE_G0,5.18023448428683E-06,1.25195345714044E-06,0,0,0
HD87838,151.889501,-6.43836,2457475.7138944,-1.76673,1.031952,23229.73694,0.877299,-8.357793,0.916066,23231.280738,0.686229,10.264957,0.924087,29.77183,9.312681,10.921491,2.936393,0.39612,0.000521,0.483385,0.000844,0.591687,0.001038,0,7.343179,29.671851,0.038428,23.4,145.6,2457475.71388,-14.728286,-14.728118,0.076,-9999999,2.121773,-0.421458,0.47513,-0.577975,0.546575,0.5,599.9983,29.802502,9.314577,2016-03-28T04:56:14.896,-9999999,G2,196.C-0042,Santos,-9999999,HARPS_ech_obs_all,HARPS_ech_obs_wavesimult,STAR_WAVE_G0,5.96111300101912E-06,9.63281504821893E-07,0,0,0
HD87838,151.889501,-6.43836,2457478.5798751,2.530111,4.082279,23227.256371,2.874716,-3.333678,4.018679,23231.045634,2.659347,15.084703,4.032309,-20.688944,32.297564,-12.286551,9.98597,0.399353,0.002272,0.49028,0.003576,0.590877,0.004377,0,7.326572,29.728467,0.054066,23.4,36.6,2457478.57987,-15.614266,-15.614115,0.369,-9999999,2.123134,0.305817,0.717788,1.666129,1.091725,0.46,599.9982,-20.700008,32.297943,2016-03-31T01:43:52.081,-9999999,G2,190.C-0027(A),Santos,-9999999,HARPS_ech_obs_all,HARPS_ech_obs_wavesimult,STAR_WAVE_G0,-9999999,-9999999,-9999999,-9999999,-9999999
HD87838,151.889501,-6.43836,2457478.7211198,1.638081,1.052454,23232.165404,1.234245,-3.967618,0.769779,23235.959602,0.575899,14.424051,0.777536,5.336593,11.158538,10.868701,2.637077,0.39228,0.000414,0.475571,0.000679,0.575864,0.000829,0,7.341545,29.688029,0.04066,23.4,181.4,2457478.72112,-16.000961,-16.000798,0.249,-9999999,2.123201,0.563906,0.717705,1.670997,1.091651,0.5,599.9983,5.356376,11.159509,2016-03-31T05:06:52.258,-9999999,G2,190.C-0027(A),Santos,-9999999,HARPS_ech_obs_all,HARPS_ech_obs_wavesimult,STAR_WAVE_G0,6.07922591113638E-06,1.06432164486437E-06,0,0,0
HD87838,151.889501,-6.43836,2457508.4846502,1.483404,1.175705,23240.44156,1.497849,3.648422,0.975384,23242.922378,0.708356,22.135088,0.979173,-18.798098,13.457129,47.962064,3.71059,0.39443,0.000531,0.477462,0.000869,0.603709,0.001083,0,7.374053,29.553752,0.049175,23.4,140.6,2457508.48464,-25.06394,-25.063852,0,-9999999,2.137335,8.334623,0.656436,0.343483,1.319767,0.5,599.9983,-18.732574,13.45874,2016-04-29T23:29:20.665,-9999999,G2,196.C-0042(D),Santos,-9999999,HARPS_ech_obs_all,HARPS_ech_obs_wavesimult,STAR_WAVE_G0,5.39968484476371E-06,1.1550753883992E-06,0,0,0
HD87838,151.889501,-6.43836,2457508.6117532,1.460107,1.089699,23239.40692,1.465632,3.857374,0.869979,23241.89218,0.637761,22.281242,0.874081,-11.06544,13.781129,43.646676,3.27928,0.399016,0.000463,0.46705,0.000758,0.603846,0.000943,0,7.373323,29.568649,0.045172,23.4,161.3,2457508.61175,-25.399294,-25.399221,0,-9999999,2.137396,8.566873,0.656187,0.347864,1.319598,0.5,599.9983,-11.026718,13.791406,2016-04-30T02:32:23.293,-9999999,G2,196.C-0042(D),Santos,-9999999,HARPS_ech_obs_all,HARPS_ech_obs_wavesimult,STAR_WAVE_G0,6.41527128419545E-06,9.94726520569525E-07,0,0,0
HD87838,151.889501,-6.43836,2457509.4670208,18.280949,1.544935,23251.082021,1.483874,13.360675,0.931147,23253.498192,0.678238,32.067664,0.936457,-4.159473,15.349098,59.287234,3.863509,0.398986,0.000503,0.474133,0.000823,0.59506,0.001033,0,7.387779,29.508886,0.044151,23.4,147.4,2457509.46701,-25.237782,-25.23769,0,-9999999,2.137802,1.249332,1.232798,0.278369,1.319801,0.48,719.9983,-4.130116,15.348464,2016-04-30T23:03:19.033,-9999999,G2,196.C-0042(D),Santos,-9999999,HARPS_ech_obs_all,HARPS_ech_obs_wavesimult,STAR_WAVE_G0,6.62949096108829E-06,8.70568911905577E-07,0,0,0
HD87838,151.889501,-6.43836,2457509.5978027,29.515894,2.191019,23264.621784,1.694677,24.834592,1.811393,23267.042524,1.063279,43.756462,1.813678,22.975473,18.655891,46.408199,5.13587,0.395484,0.000856,0.467365,0.001425,0.606701,0.001777,0,7.394059,29.526272,0.048605,23.4,86.1,2457509.5978,-25.585874,-25.585805,0,-9999999,2.137864,1.488303,1.232647,0.282876,1.319609,0.45,719.9983,22.979237,18.646312,2016-05-01T02:12:01.150,-9999999,G2,196.C-0042(D),Santos,-9999999,HARPS_ech_obs_all,HARPS_ech_obs_wavesimult,STAR_WAVE_G0,6.1695337722654E-06,1.54686976026712E-06,0,0,0
HD87838,151.889501,-6.43836,2457509.6809751,41.352672,2.608259,23279.550279,1.674065,36.823347,2.298626,23281.973925,1.030165,55.021371,2.303753,47.130705,26.760993,62.035281,5.682196,0.396915,0.000916,0.475322,0.001534,0.602458,0.001908,0,7.391676,29.446054,0.047994,23.4,80.2,2457509.68097,-25.748583,-25.748505,0,-9999999,2.137903,1.64028,1.232613,0.285743,1.319565,0.58,899.9983,47.128889,26.74119,2016-05-01T04:08:29.850,-9999999,G2,196.C-0042(D),Santos,-9999999,HARPS_ech_obs_all,HARPS_ech_obs_wavesimult,STAR_WAVE_G0,8.19323522108464E-06,1.41987034666951E-06,0,0,0
HD87838,151.889501,-6.43836,2457511.5253103,-0.002578,1.26645,23234.417433,1.447021,-1.168151,0.84526,23236.83659,0.593522,17.257114,0.852022,-2.948468,10.681416,26.581333,3.24295,0.394654,0.000434,0.478358,0.000706,0.604183,0.000879,0,7.353385,29.64023,0.035996,23.4,173,2457511.52531,-25.816726,-25.816679,0,-9999999,2.138779,5.004032,0.943097,0.280378,1.319697,0.5,599.9983,-2.86765,10.674427,2016-05-03T00:28:16.016,-9999999,G2,196.C-0042(D),Santos,-9999999,HARPS_ech_obs_all,HARPS_ech_obs_wavesimult,STAR_WAVE_G0,5.0317212609539E-06,1.07877960766918E-06,0,0,0
HD87838,151.889501,-6.43836,2457511.616097,-6.15708,5.785813,23236.875623,3.933543,-7.156763,5.70845,23239.297952,3.705594,11.446178,5.701531,54.492304,50.406429,17.87986,11.706143,0.39736,0.003114,0.476099,0.004847,0.585299,0.006002,0,7.375973,29.685826,0.034789,23.4,27.3,2457511.61609,-26.043721,-26.043648,0,-9999999,2.138822,5.169922,0.942992,0.283507,1.319595,0.33,899.9982,54.385725,50.413815,2016-05-03T02:39:03.658,-9999999,G2,196.C-0042(D),Santos,-9999999,HARPS_ech_obs_all,HARPS_ech_obs_wavesimult,STAR_WAVE_G0,0.00104830779661567,0.00759986468682466,0,0,0
HD87838,151.889501,-6.43836,2457512.5140234,1.248445,0.994371,23232.250609,0.912339,-4.008434,0.939837,23235.426277,0.70151,14.256396,0.944074,-6.128148,11.329365,17.452676,2.928631,0.394547,0.000529,0.477873,0.00085,0.593099,0.001064,0,7.345897,29.669072,0.040918,23.4,144,2457512.51402,-25.984591,-25.984544,0,-9999999,2.139249,0.912726,0.324777,1.036419,0.583307,0.49,599.9983,-6.088987,11.332766,2016-05-04T00:12:14.197,-9999999,G2,196.C-0042,Santos,-9999999,HARPS_ech_obs_all,HARPS_ech_obs_wavesimult,STAR_WAVE_G0,5.87210534275172E-06,1.14635248186566E-06,0,0,0
HD87838,151.889501,-6.43836,2457529.4920609,-3.36777,1.303505,23227.572486,0.981456,-8.586085,1.074357,23230.463741,0.790443,10.129142,1.078898,10.998618,10.712073,12.498978,2.765012,0.399483,0.000615,0.479134,0.000981,0.604566,0.001229,0,7.341094,29.706194,0.034563,23.4,124.6,2457529.49206,-28.045388,-28.045357,0.446,-9999999,2.147312,0.951291,0.738162,0.743943,0.581769,0.52,399.9983,10.96939,10.719789,2016-05-20T23:44:15.501,-9999999,G2,196.C-0042,Santos,-9999999,HARPS_ech_obs_all,HARPS_ech_obs_wavesimult,STAR_WAVE_G0,6.42544816828801E-06,1.07235350892954E-06,0,0,0
HD87838,151.889501,-6.43836,2457529.5605278,-3.44654,3.042399,23228.053901,1.983125,-8.539748,2.951527,23230.947547,1.895944,9.676807,2.95226,-12.265998,28.427795,13.279918,7.79042,0.398771,0.001579,0.48142,0.002516,0.605295,0.003146,0,7.344291,29.633141,0.038532,23.4,49.9,2457529.56052,-28.204753,-28.204742,0.296,-9999999,2.147344,1.076397,0.738026,0.746302,0.581533,0.45,499.9983,-12.272477,28.431098,2016-05-21T01:22:34.592,-9999999,G2,196.C-0042,Santos,-9999999,HARPS_ech_obs_all,HARPS_ech_obs_wavesimult,STAR_WAVE_G0,-9999999,-9999999,-9999999,-9999999,-9999999
HD87838,151.889501,-6.43836,2457533.4544646,-1.17218,1.648111,23228.228689,1.544032,-7.781014,1.093814,23230.392499,0.801305,10.773793,1.09798,7.652196,13.498362,11.883825,3.010245,0.399708,0.000623,0.479398,0.000989,0.601478,0.001233,0,7.342774,29.675568,0.038189,23.4,124,2457533.45446,-28.120953,-28.120958,-0.099,-9999999,2.149193,-0.439229,1.232818,0.014617,1.319827,0.48,899.9983,7.624225,13.504185,2016-05-24T22:46:55.194,-9999999,G2,196.C-0042,Santos,-9999999,HARPS_ech_obs_all,HARPS_ech_obs_wavesimult,STAR_WAVE_G0,7.75149909696407E-06,1.1882074401408E-06,0,0,0
HD87838,151.889501,-6.43836,2457536.5562275,-4.373856,1.433003,23225.375061,0.980395,-10.143168,1.201753,23227.569189,0.8505,8.303451,1.203803,27.508357,15.270248,6.169465,3.025127,0.395001,0.000666,0.47855,0.001074,0.597467,0.001332,0,7.340354,29.700242,0.040722,23.4,114.5,2457536.55622,-28.401231,-28.401242,-2.17,-9999999,2.150666,0.400294,0.780569,0.043462,0.487673,0.46,399.9983,27.484333,15.275811,2016-05-28T01:18:00.645,-9999999,G2,196.C-0042,Santos,-9999999,HARPS_ech_obs_all,HARPS_ech_obs_wavesimult,STAR_WAVE_G0,3.1056589088481E-06,1.05233823439933E-06,0,0,0
HD87838,151.889501,-6.43836,2457730.8488789,3.464707,1.963936,23230.25866,1.439432,-2.506661,1.897826,23232.858193,1.254266,14.969546,1.898301,-14.021519,19.293316,14.366232,4.302115,0.397794,0.001111,0.46371,0.001705,0.613549,0.002176,0,7.345596,29.715888,0.036916,23.4,70.7,2457730.84887,28.592982,28.593032,0,-9999999,2.242935,0.198237,0.505272,0.356598,0.706245,0.51,179.9983,-13.982667,19.288322,2016-12-08T08:19:29.082,-9999999,G2,098.C-0366(A),LoCurto,-9999999,HARPS_ech_obs_all,HARPS_ech_obs_objA,STAR_DARK_G0,3.96519469917001E-06,1.35778078643006E-06,0,0,0
HD87838,151.889501,-6.43836,2457780.7594111,-0.130219,1.143811,23228.963039,0.925534,-4.861765,1.060331,23232.744534,0.770611,13.31904,1.062448,26.410129,12.732869,11.138736,2.776935,0.400174,0.000607,0.475437,0.000958,0.605742,0.001217,0,7.333589,29.688516,0.040562,23.4,126.6,2457780.75941,14.266087,14.266237,0,-9999999,2.266638,1.438059,0.428954,1.514857,0.512613,0.51,899.9982,26.385379,12.737359,2017-01-27T05:59:03.430,-9999999,G2,196.C-0042(E),Santos,-9999999,HARPS_ech_obs_all,HARPS_ech_obs_wavesimult,STAR_WAVE_G0,3.5518219314297E-06,1.25124672317972E-06,0,0,0
HD87838,151.889501,-6.43836,2457780.8532538,1.353082,1.071412,23230.427748,0.883405,-3.20699,0.981709,23234.212521,0.719307,14.874989,0.9854,30.590304,11.834791,18.229384,2.730004,0.397771,0.000548,0.474063,0.000874,0.613006,0.001106,0,7.344297,29.652648,0.038381,23.4,138.7,2457780.85325,13.994774,13.994914,-0.389,-9999999,2.266682,1.609533,0.429151,1.518091,0.512838,0.46,899.9982,30.596474,11.844482,2017-01-27T08:14:56.059,-9999999,G2,196.C-0042(E),Santos,-9999999,HARPS_ech_obs_all,HARPS_ech_obs_wavesimult,STAR_WAVE_G0,5.13229155750002E-06,1.23137943384699E-06,0,0,0
HD87838,151.889501,-6.43836,2457782.6982782,4.181668,1.013349,23232.508619,0.995046,-5.543275,0.849241,23231.715491,0.634914,12.332826,0.852562,-10.160884,8.843784,17.553499,2.375456,0.398164,0.000486,0.463265,0.000768,0.600719,0.000972,0,7.339124,29.683888,0.041527,23.4,157.5,2457782.69827,13.532758,13.532913,-0.326,-9999999,2.267559,-3.555337,0.552871,-3.060687,0.766159,0.52,599.9982,-10.165736,8.85525,2017-01-29T04:33:20.833,-9999999,G2,196.C-0042(E),Santos,-9999999,HARPS_ech_obs_all,HARPS_ech_obs_wavesimult,STAR_WAVE_G0,5.88235265673998E-06,9.43653227973591E-07,0,0,0
HD87838,151.889501,-6.43836,2457782.8337985,2.843562,0.993334,23232.522645,0.986643,-6.633751,0.825164,23231.734252,0.621497,11.418075,0.82974,16.786397,10.418929,15.692333,2.325745,0.398034,0.000447,0.464843,0.000718,0.612498,0.000905,0,7.336649,29.672083,0.039249,23.4,168.8,2457782.8338,13.137121,13.137253,-0.221,-9999999,2.267623,-3.307708,0.553008,-3.056016,0.766294,0.51,599.9982,16.790682,10.429954,2017-01-29T07:48:35.268,-9999999,G2,196.C-0042(E),Santos,-9999999,HARPS_ech_obs_all,HARPS_ech_obs_wavesimult,STAR_WAVE_G0,4.76006558747392E-06,9.78873027685317E-07,0,0,0
HD87838,151.889501,-6.43836,2457783.7688531,-0.392127,1.512139,23229.638044,1.474825,-6.148729,0.875895,23231.806082,0.65864,11.815063,0.880505,9.288816,9.012991,14.455321,2.433945,0.397837,0.000485,0.465075,0.000776,0.611273,0.000978,0,7.342736,29.688741,0.040339,23.4,156.3,2457783.76885,12.864618,12.86476,-0.199,-9999999,2.268067,0.413003,1.232628,-0.100029,1.319585,0.48,599.9979,9.285133,9.019268,2017-01-30T06:15:18.460,-9999999,G2,196.C-0042(E),Santos,-9999999,HARPS_ech_obs_all,HARPS_ech_obs_wavesimult,STAR_WAVE_G0,5.57802691911843E-06,9.41230809869059E-07,0,0,0
HD87838,151.889501,-6.43836,2457783.8476052,-0.617646,1.43767,23230.191055,1.433016,-6.230348,0.739851,23232.361845,0.558602,12.10468,0.744302,-5.272437,7.043104,15.829728,2.643893,0.398041,0.000387,0.475009,0.000621,0.601242,0.000785,0,7.336916,29.66671,0.04173,23.4,194.4,2457783.8476,12.638163,12.638289,-0.039,-9999999,2.268104,0.556903,1.232686,-0.097314,1.319659,0.5,599.9982,-5.28462,7.055545,2017-01-30T08:08:30.350,-9999999,G2,196.C-0042(E),Santos,-9999999,HARPS_ech_obs_all,HARPS_ech_obs_wavesimult,STAR_WAVE_G0,8.071693515428E-06,9.87351445598556E-07,0,0,0
HD87838,151.889501,-6.43836,2457784.7404438,2.34659,0.955766,23232.977109,0.862834,-4.451412,0.772415,23234.975593,0.588793,13.685893,0.776274,18.82391,8.878763,11.772706,2.563187,0.397837,0.00044,0.476145,0.000694,0.60724,0.000872,0,7.337017,29.685176,0.047338,23.4,174.1,2457784.74044,12.484005,12.484137,0.269,-9999999,2.268528,-0.628396,0.562907,-0.270044,0.630718,0.49,599.9982,18.814353,8.891793,2017-01-31T05:34:14.352,-9999999,G2,196.C-0042(E),Santos,-9999999,HARPS_ech_obs_all,HARPS_ech_obs_wavesimult,STAR_WAVE_G0,6.17276691160863E-06,9.9791762189078E-07,0,0,0
HD87838,151.889501,-6.43836,2457784.8313828,-0.438539,0.903279,23229.070599,0.830834,-7.070372,0.70634,23231.072261,0.540647,11.212409,0.711451,22.994249,8.930401,15.92361,2.713845,0.397821,0.000386,0.465976,0.000612,0.608122,0.000768,0,7.34201,29.669524,0.04158,23.4,197.5,2457784.83138,12.216815,12.216951,0.571,-9999999,2.268572,-0.462228,0.563025,-0.26691,0.630861,0.5,599.9982,22.991355,8.939486,2017-01-31T07:45:05.155,-9999999,G2,196.C-0042(E),Santos,-9999999,HARPS_ech_obs_all,HARPS_ech_obs_wavesimult,STAR_WAVE_G0,5.75244455832601E-06,1.00471045379041E-06,0,0,0
HD87838,151.889501,-6.43836,2457785.744061,2.638566,0.981116,23230.327028,1.120124,-4.161005,0.813152,23233.043422,0.613784,13.728848,0.816594,20.098256,10.152276,12.251674,2.720119,0.39808,0.000449,0.46636,0.000718,0.597474,0.000902,0,7.339128,29.690453,0.037824,23.4,168.4,2457785.74406,12.004017,12.004162,0.61,-9999999,2.269005,-0.629965,0.548975,0.447389,0.936989,0.48,599.9982,20.095812,10.157341,2017-02-01T05:39:29.350,-9999999,G2,196.C-0042(E),Santos,-9999999,HARPS_ech_obs_all,HARPS_ech_obs_wavesimult,STAR_WAVE_G0,5.13479110509864E-06,9.46165385128826E-07,0,0,0
HD87838,151.889501,-6.43836,2457785.826851,0.51087,0.936444,23230.385712,1.100093,-6.137422,0.758574,23233.104999,0.576275,12.282889,0.762857,20.366785,9.103539,12.660839,2.515371,0.397226,0.000421,0.476062,0.000668,0.608901,0.000839,0,7.332646,29.684359,0.036308,23.4,181,2457785.82685,11.760488,11.760611,0.308,-9999999,2.269044,-0.478687,0.549084,0.450243,0.937076,0.51,599.9982,20.3294,9.121057,2017-02-01T07:38:24.122,-9999999,G2,196.C-0042(E),Santos,-9999999,HARPS_ech_obs_all,HARPS_ech_obs_wavesimult,STAR_WAVE_G0,6.22751483763446E-06,8.43713998700103E-07,0,0,0
HD87838,151.889501,-6.43836,2457789.7017021,-1.782093,0.979575,23227.843712,0.766681,-8.512683,0.727447,23228.741686,0.555178,9.656279,0.732041,-4.92477,8.613909,16.200359,2.774943,0.398124,0.00043,0.47467,0.000673,0.606904,0.000847,0,7.34469,29.678649,0.041137,23.4,179.4,2457789.70169,10.224239,10.224426,-0.944,-9999999,2.270884,-0.560984,0.65604,-1.37291,0.52875,0.52,599.9982,-4.963314,8.624652,2017-02-05T04:37:52.944,-9999999,G2,196.C-0042(E),Santos,-9999999,HARPS_ech_obs_all,HARPS_ech_obs_wavesimult,STAR_WAVE_G0,7.51833409704992E-06,1.09218771836151E-06,0,0,0
HD87838,151.889501,-6.43836,2457789.8104107,-2.119889,1.040829,23229.164381,0.806133,-8.651841,0.807981,23230.066153,0.608386,9.535082,0.812036,4.777438,10.179588,11.049298,2.835182,0.397336,0.000435,0.464554,0.000699,0.606981,0.000877,0,7.336223,29.692601,0.039157,23.4,172.6,2457789.81041,9.90198,9.902124,-1.133,-9999999,2.270936,-0.362346,0.656119,-1.369164,0.528883,0.49,599.9983,4.754424,10.188537,2017-02-05T07:14:43.051,-9999999,G2,196.C-0042(E),Santos,-9999999,HARPS_ech_obs_all,HARPS_ech_obs_wavesimult,STAR_WAVE_G0,8.22696331363118E-06,8.92489252135987E-07,0,0,0
HD87838,151.889501,-6.43836,2457790.7310842,1.513768,1.190043,23231.047482,1.109325,-3.776225,0.705034,23234.140953,0.539742,14.114239,0.710319,33.922923,11.682518,16.728555,2.744498,0.397874,0.00041,0.465848,0.000643,0.595775,0.000808,0,7.340642,29.682081,0.040094,23.4,188.2,2457790.73108,9.654683,9.654843,-0.082,-9999999,2.271373,0.879612,0.958712,0.822098,0.969165,0.51,599.9982,33.918645,11.693226,2017-02-06T05:20:14.634,-9999999,G2,196.C-0042(E),Santos,-9999999,HARPS_ech_obs_all,HARPS_ech_obs_wavesimult,STAR_WAVE_G0,6.02327492310306E-06,8.66592261650916E-07,0,0,0
HD87838,151.889501,-6.43836,2457790.8457384,0.90041,1.24265,23230.863488,1.136512,-4.180081,0.790493,23233.960966,0.593418,14.274304,0.795703,5.49785,11.387479,13.11108,2.814729,0.397693,0.000426,0.473262,0.000678,0.603722,0.00085,0,7.342033,29.676237,0.04195,23.4,177.6,2457790.84573,9.325463,9.325614,-0.287,-9999999,2.271428,1.089114,0.958802,0.82605,0.969286,0.5,599.9982,5.497681,11.395093,2017-02-06T08:05:26.438,-9999999,G2,196.C-0042(E),Santos,-9999999,HARPS_ech_obs_all,HARPS_ech_obs_wavesimult,STAR_WAVE_G0,6.15705359782376E-06,8.69215775738063E-07,0,0,0
HD87838,151.889501,-6.43836,2457791.7165575,0.515654,1.4419,23232.014194,0.917076,-4.13053,0.808573,23234.238315,0.6152,13.888672,0.812922,20.784749,10.14584,12.765169,2.637554,0.396631,0.000483,0.475712,0.000757,0.606309,0.00095,0,7.341688,29.678792,0.036429,23.4,160,2457791.71655,9.213854,9.214024,-0.585,-9999999,2.271841,1.523421,1.193853,-0.04772,0.680115,0.51,599.9982,20.805707,10.152186,2017-02-07T04:59:16.859,-9999999,G2,196.C-0042(E),Santos,-9999999,HARPS_ech_obs_all,HARPS_ech_obs_wavesimult,STAR_WAVE_G0,4.72371030786513E-06,8.34488905008605E-07,0,0,0
HD87838,151.889501,-6.43836,2457791.8167688,-2.136423,1.374996,23229.088456,0.858,-6.599496,0.682068,23231.316079,0.522928,11.758691,0.687683,9.490037,10.454575,15.900429,2.420953,0.39805,0.000374,0.464311,0.000589,0.595887,0.000742,0,7.339927,29.682745,0.040129,23.4,204.8,2457791.81676,8.918267,8.918423,-0.467,-9999999,2.271889,1.706532,1.1939,-0.044266,0.680229,0.5,599.9982,9.508299,10.464076,2017-02-07T07:23:40.853,-9999999,G2,196.C-0042(E),Santos,-9999999,HARPS_ech_obs_all,HARPS_ech_obs_wavesimult,STAR_WAVE_G0,5.44105871556537E-06,1.14999470048936E-06,0,0,0
HD87838,151.889501,-6.43836,2457792.655017,-3.188841,1.253528,23226.510633,1.047493,-8.325389,0.70053,23228.991091,0.533795,9.851333,0.70568,12.658472,9.978829,16.494055,2.607896,0.398164,0.000432,0.465135,0.00067,0.594045,0.000841,0,7.3375,29.68383,0.040335,23.4,180.8,2457792.65501,8.903842,8.903996,0.243,-9999999,2.272287,1.033058,1.039515,0.208171,0.90128,0.5,599.9982,12.672024,9.983152,2017-02-08T03:30:43.353,-9999999,G2,196.C-0042(E),Santos,-9999999,HARPS_ech_obs_all,HARPS_ech_obs_wavesimult,STAR_WAVE_G0,3.65037750212648E-06,9.43937252829841E-07,0,0,0
HD87838,151.889501,-6.43836,2457792.8323624,-3.760115,1.354612,23226.00185,1.109952,-8.572608,0.868477,23228.488504,0.647695,9.747558,0.873198,12.945152,9.328385,14.246933,2.374952,0.401261,0.000459,0.47411,0.000739,0.605398,0.000928,0,7.344465,29.677664,0.040656,23.4,162.8,2457792.83236,8.390916,8.391067,-0.308,-9999999,2.272371,1.357112,1.039578,0.214283,0.901379,0.51,599.9983,12.96089,9.332772,2017-02-08T07:45:59.546,-9999999,G2,196.C-0042(E),Santos,-9999999,HARPS_ech_obs_all,HARPS_ech_obs_wavesimult,STAR_WAVE_G0,5.01788627422247E-06,1.14018516778398E-06,0,0,0
HD87838,151.889501,-6.43836,2457794.8814856,-0.647838,1.502517,23229.958202,1.463863,-6.461253,0.859039,23231.9461,0.633455,11.816285,0.864361,11.501478,12.934896,13.87231,2.867202,0.39707,0.000456,0.463016,0.000739,0.592508,0.000928,0,7.340827,29.673912,0.040281,23.4,162.9,2457794.88147,7.30183,7.301991,0.701,-9999999,2.273344,0.35619,1.232725,-0.285446,1.319708,0.49,899.9983,11.564016,12.931285,2017-02-10T08:54:23.996,-9999999,G2,196.C-0042(D),Santos,-9999999,HARPS_ech_obs_all,HARPS_ech_obs_wavesimult,STAR_WAVE_G0,5.80459841821324E-06,1.11658277439914E-06,0,0,0
HD87838,151.889501,-6.43836,2457798.6434377,-0.390349,1.082712,23229.800879,0.82611,-6.536504,0.905763,23232.377611,0.674418,11.325053,0.908987,23.702235,11.569142,18.264805,2.734667,0.397861,0.000557,0.470068,0.000863,0.602721,0.001086,0,7.347703,29.681209,0.039271,23.4,140.1,2457798.64343,5.983629,5.983799,1.13,-9999999,2.275131,0.02345,0.593177,0.301601,0.477093,0.51,599.9982,23.701635,11.575275,2017-02-14T03:13:44.384,-9999999,G2,196.C-0042(D),Santos,-9999999,HARPS_ech_obs_all,HARPS_ech_obs_wavesimult,STAR_WAVE_G0,7.17451611902377E-06,1.08449201896878E-06,0,0,0
HD87838,151.889501,-6.43836,2457798.811381,-2.691536,0.981207,23226.977844,0.758671,-8.530816,0.781557,23229.560444,0.589794,9.955798,0.786223,34.743504,10.71758,15.062742,2.650676,0.397555,0.00044,0.469155,0.000689,0.601705,0.000867,0,7.344345,29.687441,0.034603,23.4,174.7,2457798.81138,5.493785,5.493941,0.81,-9999999,2.275211,0.330325,0.593242,0.307389,0.477205,0.51,599.9983,34.715326,10.723894,2017-02-14T07:15:34.409,-9999999,G2,196.C-0042(D),Santos,-9999999,HARPS_ech_obs_all,HARPS_ech_obs_wavesimult,STAR_WAVE_G0,5.83943083569625E-06,1.07620017236754E-06,0,0,0
HD87838,151.889501,-6.43836,2457801.5748112,-1.240123,0.924912,23227.231544,0.827413,-8.989042,0.762897,23228.494378,0.571167,8.919869,0.768061,15.880434,9.93498,17.539828,2.836958,0.396394,0.000469,0.467833,0.000721,0.602585,0.00091,0,7.337011,29.686222,0.039705,23.4,166.9,2457801.5748,4.652983,4.653152,0.054,-9999999,2.276523,-1.579314,0.522925,-1.013689,0.598649,0.51,599.9982,15.876898,9.941667,2017-02-17T01:34:50.775,-9999999,G2,196.C-0042(D),Santos,-9999999,HARPS_ech_obs_all,HARPS_ech_obs_wavesimult,STAR_WAVE_G0,7.47631351737059E-06,1.03534570071506E-06,0,0,0
HD87838,151.889501,-6.43836,2457801.8428286,-1.350542,1.000038,23227.749454,0.868788,-8.609726,0.8524,23229.021652,0.629569,9.951126,0.857374,7.383483,9.934484,12.660064,2.339368,0.399127,0.000448,0.457588,0.000717,0.601956,0.000903,0,7.34165,29.691009,0.042112,23.4,167.4,2457801.84283,3.916937,3.917088,-0.202,-9999999,2.27665,-1.089579,0.522963,-1.004452,0.598695,0.49,599.9982,7.352128,9.940266,2017-02-17T08:00:59.148,-9999999,G2,196.C-0042(D),Santos,-9999999,HARPS_ech_obs_all,HARPS_ech_obs_wavesimult,STAR_WAVE_G0,6.23280533608096E-06,1.26744876492099E-06,0,0,0
HD87838,151.889501,-6.43836,2457802.639625,-1.823036,0.974869,23227.521377,0.726698,-7.06584,0.826369,23229.966543,0.623408,10.952774,0.831184,4.167966,10.35437,15.43347,2.888521,0.396307,0.000495,0.457462,0.000771,0.600163,0.000971,0,7.342813,29.681173,0.03974,23.4,156.2,2457802.63962,3.99005,3.990209,-0.102,-9999999,2.277029,0.926802,0.517188,0.168137,0.373433,0.5,599.9982,4.127744,10.366766,2017-02-18T03:08:15.439,-9999999,G2,196.C-0042(D),Santos,-9999999,HARPS_ech_obs_all,HARPS_ech_obs_wavesimult,STAR_WAVE_G0,5.71894470573922E-06,8.37367928775767E-07,0,0,0
HD87838,151.889501,-6.43836,2457802.8291047,-4.32265,1.105717,23226.52413,0.805468,-9.219227,0.97725,23228.975916,0.713566,9.149461,0.981328,10.01249,10.344686,13.866423,2.657597,0.396598,0.000536,0.454907,0.000852,0.588108,0.001075,0,7.336869,29.698307,0.041466,23.4,141.2,2457802.8291,3.446324,3.446468,0.345,-9999999,2.277119,1.273029,0.517294,0.174667,0.373634,0.51,599.9982,9.984634,10.354802,2017-02-18T07:41:00.277,-9999999,G2,196.C-0042(D),Santos,-9999999,HARPS_ech_obs_all,HARPS_ech_obs_wavesimult,STAR_WAVE_G0,4.55224427721282E-06,1.20272069420368E-06,0,0,0
HD87838,151.889501,-6.43836,2457803.6206624,-1.584396,0.895428,23228.252656,0.704176,-7.744474,0.686121,23230.122201,0.521059,10.568991,0.691355,2.892371,7.051686,18.098554,2.660607,0.396541,0.00042,0.456776,0.000648,0.589255,0.000817,0,7.345326,29.673719,0.041142,23.4,186.3,2457803.62066,3.536976,3.537129,1.616,-9999999,2.277495,0.009527,0.575352,-0.40795,0.473668,0.51,599.9982,2.871594,7.064223,2017-02-19T02:40:50.059,-9999999,G2,196.C-0042(D),Santos,-9999999,HARPS_ech_obs_all,HARPS_ech_obs_wavesimult,STAR_WAVE_G0,5.79811544567031E-06,9.11483605445251E-07,0,0,0
HD87838,151.889501,-6.43836,2457803.837526,-3.059826,1.12403,23227.616774,0.844094,-8.82364,0.96556,23229.493896,0.698561,9.380442,0.970653,-1.285466,9.389854,12.053305,2.80394,0.395975,0.000509,0.463213,0.000816,0.59914,0.00103,0,7.341518,29.701315,0.04042,23.4,147.1,2457803.83752,2.922973,2.923147,0.195,-9999999,2.277598,0.405792,0.575444,-0.400476,0.473822,0.52,599.9982,-1.316558,9.396273,2017-02-19T07:53:00.868,-9999999,G2,196.C-0042(D),Santos,-9999999,HARPS_ech_obs_all,HARPS_ech_obs_wavesimult,STAR_WAVE_G0,5.8354657242303E-06,1.00450283631159E-06,0,0,0
HD87838,151.889501,-6.43836,2457822.5987538,0.137831,0.940706,23229.730181,0.814657,-5.956887,0.807895,23231.958749,0.615589,12.39083,0.810017,-6.262572,8.490536,12.280943,2.793577,0.393928,0.000475,0.477661,0.000746,0.605821,0.000935,0,7.341767,29.681893,0.032059,23.4,163.1,2457822.59874,-5.966089,-5.96594,-0.914,-9999999,2.286507,0.074888,0.481906,-0.057939,0.533588,0.5,599.9983,-6.215758,8.496108,2017-03-10T02:09:30.950,-9999999,G2,196.C-0042(D),Santos,-9999999,HARPS_ech_obs_all,HARPS_ech_obs_wavesimult,STAR_WAVE_G0,5.15355303896469E-06,1.02654610942508E-06,0,0,0
HD87838,151.889501,-6.43836,2457822.7378936,-0.86081,0.870569,23228.555512,0.770539,-6.701284,0.725074,23230.788941,0.555982,11.644906,0.728823,-9.63509,8.906207,15.308625,2.400586,0.394534,0.0004,0.469711,0.000632,0.60485,0.000788,0,7.341405,29.679913,0.037891,23.4,192.9,2457822.73788,-6.374897,-6.374761,-1.204,-9999999,2.286573,0.329131,0.481829,-0.053144,0.533492,0.49,599.9982,-9.59035,8.914709,2017-03-10T05:29:58.878,-9999999,G2,196.C-0042(D),Santos,-9999999,HARPS_ech_obs_all,HARPS_ech_obs_wavesimult,STAR_WAVE_G0,6.91181232358799E-06,8.44393683770953E-07,0,0,0
HD87838,151.889501,-6.43836,2457826.5466207,-1.80416,1.215465,23227.889567,1.457971,-8.244329,0.822753,23229.280126,0.619807,10.114442,0.824698,8.981652,10.486419,14.901425,2.335134,0.392144,0.000483,0.471574,0.00076,0.598074,0.000941,0,7.341021,29.672625,0.038004,23.4,161.5,2457826.54661,-7.757258,-7.757129,-0.693,-9999999,2.288382,-0.270564,0.894669,-0.897823,1.319667,0.51,599.9983,9.011738,10.492916,2017-03-14T00:54:28.686,-9999999,G2,196.C-0042(D),Santos,-9999999,HARPS_ech_obs_all,HARPS_ech_obs_wavesimult,STAR_WAVE_G0,7.14857951596674E-06,9.77782045068337E-07,0,0,0
HD87838,151.889501,-6.43836,2457826.5985336,-1.756518,1.155778,23229.156515,1.434089,-8.101829,0.73178,23230.548888,0.561466,10.676091,0.734963,20.95786,9.486888,16.377488,3.039496,0.392836,0.000413,0.470046,0.000653,0.599665,0.00081,0,7.340424,29.67337,0.040852,23.4,187.2,2457826.59853,-7.899149,-7.899035,-0.885,-9999999,2.288407,-0.175706,0.894607,-0.896034,1.319609,0.49,599.9982,20.980463,9.492756,2017-03-14T02:09:26.074,-9999999,G2,196.C-0042(D),Santos,-9999999,HARPS_ech_obs_all,HARPS_ech_obs_wavesimult,STAR_WAVE_G0,5.03197943544237E-06,1.03606959589582E-06,0,0,0
HD87838,151.889501,-6.43836,2457826.6557417,-1.385778,1.164261,23229.719696,1.4391,-7.626556,0.745153,23231.114068,0.574227,11.052214,0.746764,11.912641,10.950235,13.257762,2.378453,0.393175,0.000421,0.470852,0.000665,0.59955,0.000825,0,7.341134,29.674069,0.041042,23.4,183.8,2457826.65573,-8.069755,-8.069626,-1.198,-9999999,2.288434,-0.071172,0.894567,-0.894062,1.319572,0.52,599.9982,11.932565,10.95619,2017-03-14T03:31:30.993,-9999999,G2,196.C-0042(D),Santos,-9999999,HARPS_ech_obs_all,HARPS_ech_obs_wavesimult,STAR_WAVE_G0,5.12196642252638E-06,9.94858774157097E-07,0,0,0
HD87838,151.889501,-6.43836,2457830.5648677,-2.862735,1.460931,23225.812932,1.447091,-9.861646,0.784113,23227.362779,0.593812,8.597402,0.785172,9.977194,8.999662,11.202583,2.655486,0.390969,0.00045,0.482011,0.000715,0.578456,0.000878,0,7.336898,29.669519,0.037466,23.4,171.9,2457830.56486,-9.697931,-9.697813,0.266,-9999999,2.29029,-0.829305,1.232674,-0.740443,1.319644,0.5,599.9982,9.998175,9.008667,2017-03-18T01:21:01.572,-9999999,G2,196.C-0042(D),Santos,-9999999,HARPS_ech_obs_all,HARPS_ech_obs_wavesimult,STAR_WAVE_G0,5.90341031433201E-06,1.23044937255453E-06,0,0,0
HD87838,151.889501,-6.43836,2457830.6848276,-1.15019,1.472835,23229.867742,1.454056,-7.929904,0.806169,23231.421781,0.610759,10.405039,0.806779,-0.306522,9.67577,13.245712,2.359131,0.392355,0.000436,0.48279,0.000699,0.588365,0.000856,0,7.337646,29.67254,0.038033,23.4,175.6,2457830.68482,-10.050461,-10.050343,0.174,-9999999,2.290347,-0.610108,1.232612,-0.736308,1.319565,0.51,599.9982,-0.288955,9.679245,2017-03-18T04:13:40.447,-9999999,G2,196.C-0042(D),Santos,-9999999,HARPS_ech_obs_all,HARPS_ech_obs_wavesimult,STAR_WAVE_G0,6.92767147242387E-06,1.02038651468858E-06,0,0,0
HD87838,151.889501,-6.43836,2457831.6151814,0.161446,1.4799,23231.013835,1.294181,-6.693645,0.81897,23232.949937,0.618916,11.589633,0.820169,0.180914,10.441935,11.919091,2.481954,0.396366,0.000445,0.471913,0.000711,0.589502,0.000872,0,7.334162,29.669556,0.039118,23.4,172.6,2457831.61517,-10.310417,-10.310282,0.666,-9999999,2.290789,-0.685485,1.232636,-0.354687,1.136595,0.52,599.9982,0.226453,10.445239,2017-03-19T02:33:19.736,-9999999,G2,196.C-0042(D),Santos,-9999999,HARPS_ech_obs_all,HARPS_ech_obs_wavesimult,STAR_WAVE_G0,6.10310860339465E-06,9.82372155354011E-07,0,0,0
HD87838,151.889501,-6.43836,2457831.6970493,-1.747016,1.445857,23228.496786,1.272985,-8.452514,0.755759,23230.435748,0.573346,10.109477,0.757552,7.111081,10.456776,11.399819,2.613089,0.391826,0.000401,0.481502,0.000641,0.578023,0.000788,0,7.340114,29.675285,0.039618,23.4,191,2457831.69705,-10.551628,-10.551527,0.786,-9999999,2.290828,-0.535892,1.232612,-0.351866,1.136558,0.5,599.9982,7.135928,10.458192,2017-03-19T04:31:25.368,-9999999,G2,196.C-0042(D),Santos,-9999999,HARPS_ech_obs_all,HARPS_ech_obs_wavesimult,STAR_WAVE_G0,4.60869801347721E-06,1.1426784594252E-06,0,0,0
HD87838,151.889501,-6.43836,2457834.5823037,1.652005,1.295089,23230.168701,1.427433,-5.851661,0.980907,23232.309761,0.734011,12.572202,0.983223,14.716462,10.878704,13.324077,2.723003,0.392792,0.000576,0.481114,0.000906,0.594801,0.00112,0,7.341075,29.682724,0.039747,23.4,135.3,2457834.5823,-11.596026,-11.595907,0.107,-9999999,2.292198,-1.334061,0.845622,-0.151138,1.224252,0.5,599.9982,14.737799,10.878568,2017-03-22T01:46:20.535,-9999999,G2,196.C-0042(D),Santos,-9999999,HARPS_ech_obs_all,HARPS_ech_obs_wavesimult,STAR_WAVE_G0,5.79676477204171E-06,1.23391563989617E-06,0,0,0
HD87838,151.889501,-6.43836,2457834.7000878,-1.034879,1.175638,23229.026731,1.37224,-8.323324,0.816802,23231.171906,0.620008,10.122977,0.820728,25.504801,9.099035,11.233437,2.863191,0.397012,0.000441,0.472357,0.000707,0.593613,0.00087,0,7.338794,29.679951,0.040243,23.4,173.4,2457834.70008,-11.939981,-11.939873,-0.154,-9999999,2.292254,-1.11884,0.845553,-0.147079,1.224187,0.51,599.9982,25.524182,9.104397,2017-03-22T04:35:51.480,-9999999,G2,196.C-0042(D),Santos,-9999999,HARPS_ech_obs_all,HARPS_ech_obs_wavesimult,STAR_WAVE_G0,5.04466854558328E-06,1.21507897714994E-06,0,0,0
HD87838,151.889501,-6.43836,2457837.5008152,2.347313,1.384291,23232.487873,1.077799,-2.610274,1.084409,23235.733048,0.788575,15.95385,1.089159,25.936429,16.266252,9.943379,3.098134,0.392712,0.000613,0.472935,0.000982,0.586113,0.001199,0,7.338872,29.688258,0.046108,23.4,125.6,2457837.50081,-12.72901,-12.728885,0.446,-9999999,2.293584,1.212019,0.860418,0.951591,0.734711,0.52,599.9982,25.952825,16.270036,2017-03-24T23:48:58.322,-9999999,G2,196.C-0042(D),Santos,-9999999,HARPS_ech_obs_all,HARPS_ech_obs_wavesimult,STAR_WAVE_G0,7.2171924158677E-06,9.82732217212558E-07,0,0,0
HD87838,151.889501,-6.43836,2457837.6361954,-0.638655,1.336047,23230.601019,1.058798,-5.348868,1.022254,23233.850924,0.762669,13.305017,1.028318,33.108761,16.87174,11.99989,2.631347,0.394021,0.000585,0.481884,0.000925,0.594496,0.001143,0,7.338861,29.688093,0.041682,23.4,132.5,2457837.63619,-13.107262,-13.107159,0.144,-9999999,2.293648,1.459392,0.860243,0.956257,0.734431,0.5,599.9982,33.167026,16.869828,2017-03-25T03:04:07.675,-9999999,G2,196.C-0042(D),Santos,-9999999,HARPS_ech_obs_all,HARPS_ech_obs_wavesimult,STAR_WAVE_G0,4.2228034772852E-06,1.08946343039397E-06,0,0,0
HD87838,151.889501,-6.43836,2457840.5751369,3.972916,1.69767,23235.295056,1.570442,-3.374851,1.167313,23236.736852,0.851387,15.181938,1.175854,36.040381,13.60728,1.438775,3.344319,0.395821,0.000693,0.470478,0.001081,0.600497,0.001345,0,7.338331,29.711441,0.037891,23.4,113.4,2457840.57513,-14.241148,-14.241039,0.004,-9999999,2.295044,-1.178162,1.232665,-0.853248,1.319632,0.49,599.9982,36.069151,13.606668,2017-03-28T01:36:29.820,-9999999,G2,196.C-0042(D),Santos,-9999999,HARPS_ech_obs_all,HARPS_ech_obs_wavesimult,STAR_WAVE_G0,6.62896725685722E-06,1.13833268849894E-06,0,0,0
HD87838,151.889501,-6.43836,2457840.6652421,0.953941,1.431352,23231.780161,1.434196,-6.229181,0.727618,23233.225105,0.561832,12.117141,0.735134,11.729777,11.741465,12.249793,2.464445,0.395182,0.000396,0.478955,0.000626,0.598875,0.00078,0,7.340728,29.68066,0.039792,23.4,194.1,2457840.66524,-14.504758,-14.504662,0.524,-9999999,2.295087,-1.013517,1.232616,-0.850143,1.319569,0.5,599.9983,11.765175,11.748607,2017-03-28T03:46:09.286,-9999999,G2,196.C-0042(D),Santos,-9999999,HARPS_ech_obs_all,HARPS_ech_obs_wavesimult,STAR_WAVE_G0,6.1819827423709E-06,1.17670234420844E-06,0,0,0
HD87838,151.889501,-6.43836,2457841.5985924,-0.756483,1.574966,23229.316152,1.509462,-8.170951,0.980357,23230.512144,0.732876,10.436627,0.987787,1.3717,12.203582,9.65058,2.948331,0.396756,0.000558,0.482099,0.000885,0.591618,0.00109,0,7.341592,29.674353,0.033777,23.4,138.9,2457841.59858,-14.7389,-14.738794,0.871,-9999999,2.29553,-1.244863,1.232647,-1.099538,1.319609,0.49,599.9982,1.402531,12.20654,2017-03-29T02:10:20.668,-9999999,G2,196.C-0042(D),Santos,-9999999,HARPS_ech_obs_all,HARPS_ech_obs_wavesimult,STAR_WAVE_G0,5.23778195292611E-06,1.29840376990032E-06,0,0,0
HD87838,151.889501,-6.43836,2457841.6628545,-2.201237,1.498262,23230.047904,1.469367,-9.498282,0.851731,23231.246141,0.646354,9.228881,0.859394,12.042208,9.711985,10.545453,2.846244,0.393877,0.00047,0.472674,0.00075,0.589844,0.00092,0,7.339374,29.684136,0.041353,23.4,163.7,2457841.66285,-14.926015,-14.925922,0.98,-9999999,2.295561,-1.12744,1.232616,-1.097324,1.31957,0.48,599.9982,12.049588,9.718484,2017-03-29T03:42:59.190,-9999999,G2,196.C-0042(D),Santos,-9999999,HARPS_ech_obs_all,HARPS_ech_obs_wavesimult,STAR_WAVE_G0,8.41196176716421E-06,1.05901620977161E-06,0,0,0
HD87838,151.889501,-6.43836,2457843.5757013,4.774296,1.517584,23236.259852,1.480943,-2.534921,0.885211,23237.481912,0.672134,16.016419,0.893171,5.210703,13.671718,11.595293,2.752968,0.398978,0.000501,0.479295,0.000791,0.602317,0.000988,0,7.33775,29.684288,0.044777,23.4,153.9,2457843.5757,-15.51294,-15.51284,2.129,-9999999,2.296469,-1.139612,1.232665,-1.074409,1.319631,0.49,599.9982,5.238078,13.668856,2017-03-31T01:37:31.522,-9999999,G2,196.C-0042(D),Santos,-9999999,HARPS_ech_obs_all,HARPS_ech_obs_wavesimult,STAR_WAVE_G0,5.29212257217681E-06,8.77159515088728E-07,0,0,0
HD87838,151.889501,-6.43836,2457843.6632671,1.867595,1.538167,23233.007434,1.489429,-5.281617,0.920116,23234.232554,0.69075,13.22639,0.926863,17.245466,14.443783,8.282212,2.65718,0.395147,0.000495,0.469645,0.000794,0.602714,0.000991,0,7.338766,29.677593,0.046831,23.4,153.4,2457843.66326,-15.766792,-15.766673,2.137,-9999999,2.296511,-0.979607,1.232616,-1.071391,1.31957,0.49,599.9983,17.272617,14.444095,2017-03-31T03:43:37.600,-9999999,G2,196.C-0042(D),Santos,-9999999,HARPS_ech_obs_all,HARPS_ech_obs_wavesimult,STAR_WAVE_G0,3.71872336712232E-06,1.24710842652025E-06,0,0,0
HD87838,151.889501,-6.43836,2457844.5766928,-1.211457,1.550277,23229.285899,1.496835,-8.44098,0.940159,23230.505807,0.706464,10.002838,0.946192,-4.078275,10.628917,11.293169,3.048729,0.394743,0.00054,0.472052,0.000853,0.583194,0.001054,0,7.34408,29.6808,0.038507,23.4,144,2457844.57668,-15.928091,-15.927957,0.038,-9999999,2.296944,-1.059917,1.232664,-1.077036,1.31963,0.51,599.9982,-4.078624,10.632276,2017-04-01T01:38:49.736,-9999999,G2,196.C-0042(D),Santos,-9999999,HARPS_ech_obs_all,HARPS_ech_obs_wavesimult,STAR_WAVE_G0,7.10958725489357E-06,9.29884431486889E-07,0,0,0
HD87838,151.889501,-6.43836,2457844.6740227,-0.103751,1.475116,23231.73023,1.455049,-7.155428,0.810327,23232.95354,0.613117,11.240723,0.816801,9.157624,10.815323,12.832882,2.610497,0.39446,0.000435,0.482303,0.000697,0.594622,0.000861,0,7.339976,29.674648,0.039546,23.4,175.7,2457844.67402,-16.206929,-16.206809,0.438,-9999999,2.296991,-0.882071,1.232614,-1.073681,1.319567,0.49,599.9982,9.186785,10.817856,2017-04-01T03:59:11.488,-9999999,G2,196.C-0042(D),Santos,-9999999,HARPS_ech_obs_all,HARPS_ech_obs_wavesimult,STAR_WAVE_G0,5.67884164480645E-06,1.1808597308642E-06,0,0,0
HD87838,151.889501,-6.43836,2457847.4961047,-1.407939,1.331352,23227.338033,1.09628,-7.934951,1.011264,23230.643335,0.745038,10.777405,1.017801,30.166062,11.814821,10.201699,2.972758,0.392938,0.000579,0.480081,0.000919,0.595892,0.00114,0,7.339068,29.682199,0.046248,23.4,133.4,2457847.49609,-16.90673,-16.906598,0.325,-9999999,2.298331,-0.357407,0.865935,1.006971,0.804207,0.5,599.9982,30.199187,11.812748,2017-04-03T23:43:06.852,-9999999,G2,196.C-0042(D),Santos,-9999999,HARPS_ech_obs_all,HARPS_ech_obs_wavesimult,STAR_WAVE_G0,3.53079834282748E-06,8.87827223282586E-07,0,0,0
HD87838,151.889501,-6.43836,2457847.6105576,-1.823433,1.410672,23227.882431,1.146579,-8.141311,1.113749,23231.191731,0.817486,10.506547,1.11908,26.62246,13.712421,6.641161,2.650442,0.396505,0.000638,0.480049,0.001001,0.602593,0.001249,0,7.339196,29.701244,0.042911,23.4,122.4,2457847.61056,-17.228644,-17.228538,0.084,-9999999,2.298385,-0.148273,0.865771,1.010915,0.803966,0.48,599.9982,26.646188,13.710532,2017-04-04T02:28:08.154,-9999999,G2,196.C-0042(D),Santos,-9999999,HARPS_ech_obs_all,HARPS_ech_obs_wavesimult,STAR_WAVE_G0,7.6773241341034E-06,1.11224666521936E-06,0,0,0
HD87838,151.889501,-6.43836,2457855.5537131,1.228407,1.049556,23231.596077,0.875282,-8.308265,0.865572,23230.810123,0.65696,10.07192,0.87026,-3.163168,8.869731,11.642501,2.63408,0.398956,0.000489,0.472334,0.000777,0.601837,0.000966,0,7.345204,29.68468,0.038857,23.4,157.9,2457855.55371,-20.013082,-20.01298,0.938,-9999999,2.302157,-3.367066,0.593594,-3.088111,0.578379,0.5,599.9983,-3.180859,8.878801,2017-04-12T01:06:47.455,-9999999,G2,196.C-0042(D),Santos,-9999999,HARPS_ech_obs_all,HARPS_ech_obs_wavesimult,STAR_WAVE_G0,3.66341975015828E-06,8.99434236446922E-07,0,0,0
HD87838,151.889501,-6.43836,2457855.6908122,-0.049676,1.023258,23231.46587,0.848141,-9.335833,0.833597,23230.684706,0.620537,9.197611,0.837888,6.107718,9.646722,11.179361,2.350757,0.394931,0.000436,0.479732,0.000699,0.601619,0.000872,0,7.339051,29.696522,0.045591,23.4,174.4,2457855.69081,-20.376438,-20.376352,0.761,-9999999,2.302222,-3.116552,0.593442,-3.083386,0.578167,0.5,599.9983,6.100271,9.655958,2017-04-12T04:24:13.612,-9999999,G2,196.C-0042(D),Santos,-9999999,HARPS_ech_obs_all,HARPS_ech_obs_wavesimult,STAR_WAVE_G0,5.97902348424096E-06,1.04247183499666E-06,0,0,0
HD87838,151.889501,-6.43836,2457873.5086367,0.026594,1.233453,23229.52443,0.999814,-8.250184,1.103293,23230.124845,0.812114,10.356437,1.106474,-5.214042,14.055927,9.084997,2.907064,0.39635,0.000639,0.476753,0.000997,0.606226,0.001256,0,7.340474,29.682844,0.039541,23.4,122.1,2457873.50863,-25.084645,-25.084585,0.305,-9999999,2.310684,-2.107173,0.551498,-1.710269,0.583181,0.49,599.9983,-5.192013,14.057982,2017-04-30T00:03:56.624,-9999999,G2,196.C-0042(D),Santos,-9999999,HARPS_ech_obs_all,HARPS_ech_obs_wavesimult,STAR_WAVE_G0,2.33568287405756E-06,1.19863956461142E-06,0,0,0
HD87838,151.889501,-6.43836,2457873.6289153,0.434474,1.042652,23231.05329,0.880243,-7.622525,0.885008,23231.657907,0.659615,11.460522,0.888633,-1.091888,10.769778,13.143201,3.21869,0.398479,0.000473,0.468966,0.000754,0.606983,0.000947,0,7.341546,29.679377,0.04045,23.4,161.3,2457873.62891,-25.392511,-25.392448,-0.074,-9999999,2.310741,-1.887393,0.551256,-1.706124,0.582868,0.52,599.9983,-1.082403,10.772059,2017-04-30T02:56:51.563,-9999999,G2,196.C-0042(D),Santos,-9999999,HARPS_ech_obs_all,HARPS_ech_obs_wavesimult,STAR_WAVE_G0,2.679359147265E-06,1.315681111011E-06,0,0,0
HD87838,151.889501,-6.43836,2457874.5343756,1.650858,1.299836,23231.053983,0.92791,-3.891193,0.962923,23234.815133,0.721827,14.851414,0.966421,27.829058,13.685865,4.507136,2.732422,0.400632,0.000559,0.46675,0.000871,0.606646,0.001096,0,7.335697,29.709433,0.037123,23.4,139.9,2457874.53437,-25.374119,-25.374065,0.506,-9999999,2.311171,0.627555,0.873128,1.449979,0.583081,0.5,599.9983,27.869891,13.683132,2017-05-01T00:41:01.913,-9999999,G2,196.C-0042(D),Santos,-9999999,HARPS_ech_obs_all,HARPS_ech_obs_wavesimult,STAR_WAVE_G0,5.6924777442575E-06,1.01954948273526E-06,0,0,0
HD87838,151.889501,-6.43836,2457874.6531701,-2.018268,1.407083,23228.726887,0.986186,-7.343251,1.103514,23232.492188,0.795532,11.447353,1.106924,11.598397,13.83898,7.10736,3.069894,0.396472,0.0006,0.475966,0.000952,0.607005,0.0012,0,7.340363,29.715711,0.037358,23.4,127.6,2457874.65316,-25.656166,-25.656121,1.448,-9999999,2.311228,0.844622,0.873006,1.454073,0.582831,0.5,599.9983,11.6406,13.839371,2017-05-01T03:32:06.626,-9999999,G2,196.C-0042(D),Santos,-9999999,HARPS_ech_obs_all,HARPS_ech_obs_wavesimult,STAR_WAVE_G0,3.65206218472303E-06,1.29346134203615E-06,0,0,0
HD87838,151.889501,-6.43836,2457875.5379531,-1.261017,1.406273,23231.257972,1.447722,-7.594253,0.77618,23232.660896,0.59527,11.225576,0.779425,0.478805,11.502606,9.201338,2.887054,0.395592,0.000428,0.466693,0.000673,0.607108,0.000847,0,7.339315,29.686419,0.040055,23.4,180.6,2457875.53795,-25.594355,-25.59431,0.481,-9999999,2.311648,-0.163631,1.172667,-0.908724,1.319679,0.49,599.9983,0.520579,11.499482,2017-05-02T00:46:24.365,-9999999,G2,196.C-0042(D),Santos,-9999999,HARPS_ech_obs_all,HARPS_ech_obs_wavesimult,STAR_WAVE_G0,6.31741917024758E-06,1.02870653144199E-06,0,0,0
HD87838,151.889501,-6.43836,2457875.6209983,-3.013169,1.534488,23227.447764,1.506189,-9.19466,0.989785,23228.853589,0.726143,9.475405,0.992333,20.555694,14.290561,12.106406,2.747654,0.396498,0.00052,0.47992,0.000835,0.60381,0.001044,0,7.341121,29.699424,0.041337,23.4,146.2,2457875.621,-25.799951,-25.799923,0.309,-9999999,2.311687,-0.011886,1.172595,-0.905862,1.319591,0.48,599.9983,20.580509,14.293085,2017-05-02T02:46:06.083,-9999999,G2,196.C-0042(D),Santos,-9999999,HARPS_ech_obs_all,HARPS_ech_obs_wavesimult,STAR_WAVE_G0,8.40558006888589E-06,1.07015659207193E-06,0,0,0
HD87838,151.889501,-6.43836,2457879.4770647,-0.617451,0.844218,23228.507091,0.818975,-10.08934,0.725313,23227.754922,0.553499,8.223229,0.729011,3.178862,9.385311,12.26221,2.394009,0.39942,0.000394,0.466982,0.000623,0.607953,0.000785,0,7.341485,29.679564,0.040999,23.4,195,2457879.47706,-26.194387,-26.194368,0.146,-9999999,2.313519,-3.302284,0.432002,-3.065688,0.603621,0.51,599.9982,3.208488,9.391096,2017-05-05T23:19:01.009,-9999999,G2,196.C-0042(D),Santos,-9999999,HARPS_ech_obs_all,HARPS_ech_obs_wavesimult,STAR_WAVE_G0,8.54020201696425E-06,8.71472782261187E-07,0,0,0
HD87838,151.889501,-6.43836,2457879.5917215,-0.140369,1.103712,23229.509144,0.957948,-9.402752,1.015813,23228.760981,0.744139,9.109075,1.018606,7.523342,10.01003,12.061946,2.728435,0.395887,0.000538,0.476542,0.000859,0.606181,0.001081,0,7.337914,29.68368,0.039711,23.4,141.3,2457879.59172,-26.491826,-26.491802,0.774,-9999999,2.313573,-3.092777,0.43163,-3.061736,0.603258,0.51,599.9983,7.534519,10.013887,2017-05-06T02:04:08.222,-9999999,G2,196.C-0042(D),Santos,-9999999,HARPS_ech_obs_all,HARPS_ech_obs_wavesimult,STAR_WAVE_G0,7.29111987081307E-06,1.08210214688408E-06,0,0,0
HD87838,151.889501,-6.43836,2457938.4675242,-5.906616,9.434138,23208.708381,5.11614,-12.67383,9.353244,23210.720439,5.022209,5.227327,9.347011,80.661109,94.298727,74.526271,20.921673,0.394013,0.005073,0.478564,0.007795,0.60282,0.009629,0,7.348835,29.053029,0.015387,23.4,18.1,2457938.46752,-23.066351,-23.066441,0,-9999999,2.341533,-0.597608,1.232797,-0.329475,0.975864,0.54,119.9982,82.962866,94.274671,2017-07-03T23:16:52.704,-9999999,G2,099.C-0458(A),LoCurto,-9999999,HARPS_ech_obs_all,HARPS_ech_obs_objA,STAR_DARK_G0,1.52581296815867E-05,4.011549233019E-06,0,0,0
