target,ra,dec,BJD,RV_mlc_nzp,e_RV_mlc_nzp,RV_drs_nzp,e_RV_drs_nzp,RV_mlc,e_RV_mlc,RV_drs,e_RV_drs,RV_mlc_j,e_RV_mlc_j,CRX,e_CRX,dLW,e_dLW,Halpha,e_Halpha,NaD1,e_NaD1,NaD2,e_NaD2,f_RV,FWHM_DRS,CONTRAST_DRS,BIS,RVGUESS,SNR_DRS,BJD_DRS,BERV,BERV_DRS,DRIFT,e_DRIFT,SA,NZP_mlc,dNZP_mlc,NZP_drs,dNZP_drs,TMMEAN,EXPTIME,MLCRX,E_MLCRX,TIMEID,DRIFT_LAMP,MASK,PROGID,PROGPI,AIRMASS,OBHAB,THAR_FP,DPR_TYPE,RHKp,dRHKp,sourceflag,vsinflag,metflag
HD95456,165.16953,-31.83854,2453000.8674751,-7.292427,1.285302,-1350.444852,1.234694,-11.697659,0.985002,-1351.228485,0.80714,-18.344315,0.985016,-3.407549,10.70733,-42.55874,2.658243,0.382915,0.000699,0.409627,0.001113,0.542157,0.00142,0,8.066487,37.956328,0.047815,-1.416,102.8,2453000.86747,24.843132,24.843093,0.081,-9999999,0,-0.79616,0.825696,-0.783633,0.934342,0.47,88.6957,-3.383156,10.704299,2003-12-27T08:47:58.591,-9999999,G2,072.C-0488(E),Mayor,-9999999,HARPS_ech_obs_all,HARPS_ech_obs_thosimult,STAR_WAVE_F8,9.7869362438175E-06,8.72420283579118E-07,0,0,0
HD95456,165.16953,-31.83854,2453046.6910955,-2.860051,1.176748,-1346.416934,1.127018,-5.353713,0.896766,-1345.534525,0.752822,-12.025328,0.892991,-7.663621,6.768327,-43.029876,2.434792,0.383253,0.000641,0.410337,0.001032,0.557523,0.001321,0,8.074071,37.952444,0.04692,-1.416,111.3,2453046.69109,15.953062,15.953375,-0.127,-9999999,0.001461,1.11541,0.761935,0.880948,0.838706,0.51,97.4965,-7.644589,6.767572,2004-02-11T04:29:08.036,-9999999,G2,072.C-0488(E),Mayor,-9999999,HARPS_ech_obs_all,HARPS_ech_obs_thosimult,STAR_WAVE_F8,9.1768077133301E-06,7.9132273207845E-07,0,0,0
HD95456,165.16953,-31.83854,2453063.7069126,-1.371414,0.824825,-1344.251525,0.769288,-2.680326,0.540719,-1341.475623,0.435431,-9.558677,0.54086,-15.501761,5.048277,-43.253308,1.950491,0.383385,0.000358,0.407005,0.000565,0.554832,0.000726,0,8.080518,37.92481,0.045417,-1.416,201.5,2453063.7069,9.519686,9.520076,0.348,-9999999,0.002004,2.30016,0.622864,2.773898,0.634195,0.51,447.9955,-15.441778,5.055244,2004-02-28T04:47:53.441,-9999999,G2,072.C-0488(E),Mayor,-9999999,HARPS_ech_obs_all,HARPS_ech_obs_thosimult,STAR_WAVE_F8,7.7021926213215E-06,5.18617314459049E-07,0,0,0
HD95456,165.16953,-31.83854,2453377.8501507,-3.975622,1.085789,-1346.981447,1.141004,-8.513153,0.880362,-1347.493377,0.680861,-15.120641,0.879887,6.619318,8.310407,-20.627502,2.275436,0.383035,0.000584,0.406556,0.000924,0.546387,0.001189,0,8.072823,37.834892,0.049029,-1.4,123.6,2453377.85015,23.903377,23.90347,0.288,-9999999,0.012021,-0.928459,0.635532,-0.523951,0.915598,0.53,59.9772,6.656686,8.308112,2005-01-07T08:21:49.487,-9999999,G2,072.C-0488(E),Mayor,-9999999,HARPS_ech_obs_all,HARPS_ech_obs_thosimult,STAR_WAVE_F8,7.11681132462919E-06,8.25184925103115E-07,0,0,0
HD95456,165.16953,-31.83854,2453377.8512565,-2.792859,1.075718,-1346.084593,1.135628,-7.330727,0.86791,-1346.598587,0.671811,-14.233413,0.867668,-5.748264,8.859969,-14.545541,2.211236,0.383458,0.000572,0.407035,0.000907,0.547068,0.001168,0,8.077395,37.809015,0.046949,-1.4,126,2453377.85125,23.900843,23.900957,0.313,-9999999,0.012021,-0.928796,0.635533,-0.526015,0.915598,0.49,59.9776,-5.732065,8.857987,2005-01-07T08:23:27.417,-9999999,G2,072.C-0488(E),Mayor,-9999999,HARPS_ech_obs_all,HARPS_ech_obs_thosimult,STAR_WAVE_F8,3.24270625552776E-06,8.53556955437333E-07,0,0,0
HD95456,165.16953,-31.83854,2453377.8523094,-2.305946,1.078601,-1345.847431,1.137211,-6.844135,0.87148,-1346.363389,0.674483,-13.578229,0.871949,-8.415509,8.024004,-15.301693,2.368627,0.382542,0.000581,0.406546,0.000918,0.549502,0.001187,0,8.07506,37.825496,0.045611,-1.4,124.4,2453377.8523,23.898429,23.898524,0.442,-9999999,0.012021,-0.929117,0.635533,-0.527979,0.915599,0.5,59.9772,-8.392348,8.022668,2005-01-07T08:24:57.786,-9999999,G2,072.C-0488(E),Mayor,-9999999,HARPS_ech_obs_all,HARPS_ech_obs_thosimult,STAR_WAVE_F8,5.69458005338267E-06,7.98207323120482E-07,0,0,0
HD95456,165.16953,-31.83854,2453377.8533517,-3.071125,1.072131,-1346.200099,1.134671,-7.609631,0.863459,-1346.718002,0.670192,-14.410681,0.86327,-3.176298,7.134519,-18.558465,2.213924,0.3828,0.000585,0.406112,0.000919,0.548313,0.001187,0,8.073498,37.827581,0.042408,-1.4,124.2,2453377.85334,23.89604,23.896141,0.362,-9999999,0.012021,-0.929434,0.635534,-0.529924,0.915599,0.48,59.9824,-3.155653,7.13283,2005-01-07T08:26:29.024,-9999999,G2,072.C-0488(E),Mayor,-9999999,HARPS_ech_obs_all,HARPS_ech_obs_thosimult,STAR_WAVE_F8,7.98467783126471E-06,6.80599666940504E-07,0,0,0
HD95456,165.16953,-31.83854,2453377.8544327,-2.081892,1.024753,-1345.794377,1.107319,-6.620728,0.803875,-1346.314297,0.622762,-13.094983,0.803692,25.281826,9.403439,-19.82982,2.025832,0.383811,0.000535,0.407654,0.000845,0.545548,0.001085,0,8.06787,37.839328,0.051751,-1.4,135.5,2453377.85443,23.89356,23.893652,0.404,-9999999,0.012021,-0.929763,0.635534,-0.531941,0.9156,0.52,59.9769,25.287898,9.40002,2005-01-07T08:28:00.024,-9999999,G2,072.C-0488(E),Mayor,-9999999,HARPS_ech_obs_all,HARPS_ech_obs_thosimult,STAR_WAVE_F8,8.1785472146069E-06,5.85029153989844E-07,0,0,0
HD95456,165.16953,-31.83854,2453377.8554435,-1.09291,1.017665,-1343.366706,1.104072,-5.632053,0.794819,-1343.888512,0.61697,-12.506547,0.794643,10.285837,7.633974,-17.704687,2.010395,0.384376,0.000522,0.406129,0.000823,0.547873,0.001063,0,8.071695,37.829863,0.050783,-1.4,138.5,2453377.85544,23.891242,23.891348,0.371,-9999999,0.012021,-0.930071,0.635535,-0.533827,0.9156,0.46,59.9766,10.32006,7.633252,2005-01-07T08:29:30.943,-9999999,G2,072.C-0488(E),Mayor,-9999999,HARPS_ech_obs_all,HARPS_ech_obs_thosimult,STAR_WAVE_F8,9.77327633620084E-06,6.15796189286623E-07,0,0,0
HD95456,165.16953,-31.83854,2453377.8565191,-1.263727,1.016037,-1345.055901,1.10393,-5.803198,0.792733,-1345.579714,0.616714,-12.312633,0.792807,12.989081,7.578696,-18.748955,2.375143,0.383156,0.000528,0.405773,0.000832,0.549228,0.001076,0,8.071995,37.830135,0.047454,-1.4,137,2453377.85651,23.888774,23.88886,0.345,-9999999,0.012021,-0.930399,0.635536,-0.535834,0.915601,0.49,59.9774,13.014034,7.576126,2005-01-07T08:31:02.072,-9999999,G2,072.C-0488(E),Mayor,-9999999,HARPS_ech_obs_all,HARPS_ech_obs_thosimult,STAR_WAVE_F8,8.03786262719797E-06,7.12876987442153E-07,0,0,0
HD95456,165.16953,-31.83854,2453377.8575695,-3.119402,1.038533,-1347.241819,1.117547,-7.659193,0.821368,-1347.767592,0.640769,-14.428589,0.82128,5.961194,7.544802,-17.986154,2.325061,0.383176,0.000558,0.406485,0.000876,0.548977,0.001131,0,8.074142,37.825843,0.047906,-1.4,130.4,2453377.85757,23.886364,23.886449,0.299,-9999999,0.012021,-0.930719,0.635536,-0.537794,0.915601,0.48,59.9763,5.984261,7.540951,2005-01-07T08:32:33.421,-9999999,G2,072.C-0488(E),Mayor,-9999999,HARPS_ech_obs_all,HARPS_ech_obs_thosimult,STAR_WAVE_F8,6.09281597111943E-06,7.1556120846096E-07,0,0,0
HD95456,165.16953,-31.83854,2453377.85863,-5.552577,1.114223,-1348.880949,1.155937,-10.092691,0.915197,-1349.408701,0.705595,-16.907656,0.914651,0.364028,8.98522,-22.962858,2.678712,0.383864,0.000602,0.406183,0.000953,0.547752,0.00123,0,8.075981,37.835569,0.045433,-1.4,119.7,2453377.85862,23.88393,23.884038,0.514,-9999999,0.012021,-0.931042,0.635537,-0.539773,0.915602,0.46,59.9752,0.382873,8.982758,2005-01-07T08:34:06.239,-9999999,G2,072.C-0488(E),Mayor,-9999999,HARPS_ech_obs_all,HARPS_ech_obs_thosimult,STAR_WAVE_F8,7.86291786255443E-06,8.11396883227387E-07,0,0,0
HD95456,165.16953,-31.83854,2453400.8096636,2.95863,0.827149,-1340.962917,1.065999,-0.724815,0.515085,-1341.004915,0.409958,-7.41435,0.514038,-7.620294,4.005549,-29.927328,1.69559,0.382091,0.000329,0.410773,0.000525,0.542924,0.000671,0,8.080956,37.882915,0.04653,-1.4,216.9,2453400.80966,19.193028,19.193219,-0.135,-9999999,0.012753,-0.074373,0.647196,-0.054751,0.984016,0.49,749.9822,-7.610438,4.003385,2005-01-30T07:15:31.185,-9999999,G2,072.C-0488(E),Mayor,-9999999,HARPS_ech_obs_all,HARPS_ech_obs_thosimult,STAR_WAVE_F8,6.53524829042918E-06,5.017750783509E-07,0,0,0
HD95456,165.16953,-31.83854,2453401.7991325,1.528314,0.980794,-1342.126058,1.050001,-2.510925,0.480068,-1342.180776,0.36636,-9.077264,0.478376,0.069653,4.334446,-9.271639,1.177488,0.378096,0.000298,0.411996,0.000477,0.554,0.000609,0,8.082716,37.8084,0.046866,-1.4,238.4,2453401.79913,18.935304,18.935489,0.04,-9999999,0.012784,-0.430167,0.855273,-0.067502,0.984013,0.56,900.001,0.07971,4.328023,2005-01-31T06:57:59.353,-9999999,G2,072.C-0488(E),Mayor,-9999999,HARPS_ech_obs_all,HARPS_ech_obs_thosimult,STAR_WAVE_F8,6.91557870008424E-06,4.2483626409001E-07,0,0,0
HD95456,165.16953,-31.83854,2453402.7351689,3.091449,0.975511,-1339.278355,1.056296,0.070651,0.502797,-1339.174842,0.38406,-6.536207,0.501417,-7.203077,4.299958,-19.515008,1.335093,0.37813,0.000319,0.412197,0.000507,0.553149,0.000646,0,8.076401,37.840413,0.044916,-1.4,224.4,2453402.73516,18.800584,18.800799,0.093,-9999999,0.012814,0.588274,0.835953,0.090699,0.984001,0.53,240.0008,-7.189698,4.296654,2005-02-01T05:32:04.624,-9999999,G2,072.C-0488(E),Mayor,-9999999,HARPS_ech_obs_all,HARPS_ech_obs_thosimult,STAR_WAVE_F8,7.34886748531084E-06,4.37507704634488E-07,0,0,0
HD95456,165.16953,-31.83854,2453402.7382072,2.644735,0.970011,-1340.139803,1.052671,-0.376989,0.492039,-1340.041959,0.373973,-6.963436,0.490762,-9.939421,4.279529,-18.46328,1.375079,0.381468,0.00031,0.413455,0.000494,0.555127,0.00063,0,8.077069,37.840527,0.045617,-1.4,230.8,2453402.7382,18.793523,18.793718,0.093,-9999999,0.012814,0.587348,0.835953,0.08503,0.984002,0.49,240.0005,-9.933101,4.2768,2005-02-01T05:36:36.711,-9999999,G2,072.C-0488(E),Mayor,-9999999,HARPS_ech_obs_all,HARPS_ech_obs_thosimult,STAR_WAVE_F8,6.47927855807645E-06,4.1536736175708E-07,0,0,0
HD95456,165.16953,-31.83854,2453402.7413769,0.820008,0.978772,-1340.934532,1.057982,-2.202681,0.509094,-1340.842601,0.388673,-8.85078,0.507769,3.00245,4.338789,-17.904026,1.380551,0.381164,0.00032,0.411755,0.000511,0.555875,0.000653,0,8.08065,37.840088,0.047843,-1.4,222.7,2453402.74138,18.78611,18.786295,-0.095,-9999999,0.012815,0.586383,0.835954,0.079116,0.984002,0.5,240.0004,3.013021,4.333223,2005-02-01T05:41:08.158,-9999999,G2,072.C-0488(E),Mayor,-9999999,HARPS_ech_obs_all,HARPS_ech_obs_thosimult,STAR_WAVE_F8,-9999999,-9999999,-9999999,-9999999,-9999999
HD95456,165.16953,-31.83854,2453404.7408852,-0.610651,0.967876,-1343.5186,1.040118,-4.540826,0.453112,-1343.534399,0.337023,-11.263922,0.452053,-1.865126,4.158388,-25.192511,1.502117,0.381787,0.000281,0.41134,0.000445,0.55404,0.000569,0,8.073832,37.856978,0.04676,-1.4,255.6,2453404.74088,18.192441,18.192644,0.27,-9999999,0.012878,-0.321103,0.855262,-0.028677,0.984002,0.49,240.0022,-1.854133,4.154097,2005-02-03T05:40:17.483,-9999999,G2,072.C-0488(E),Mayor,-9999999,HARPS_ech_obs_all,HARPS_ech_obs_thosimult,STAR_WAVE_F8,6.67871027772202E-06,5.00585917696596E-07,0,0,0
HD95456,165.16953,-31.83854,2453404.7439969,-0.790868,0.96787,-1344.185275,1.040919,-4.721991,0.453099,-1344.20688,0.339488,-11.390365,0.451999,-1.377236,4.569186,-24.6367,1.486007,0.381702,0.000283,0.411829,0.000449,0.553045,0.000573,0,8.072686,37.855723,0.046448,-1.4,253.5,2453404.74399,18.185024,18.185268,0.158,-9999999,0.012878,-0.322051,0.855263,-0.034483,0.984002,0.48,240.0008,-1.353957,4.56616,2005-02-03T05:44:48.719,-9999999,G2,072.C-0488(E),Mayor,-9999999,HARPS_ech_obs_all,HARPS_ech_obs_thosimult,STAR_WAVE_F8,7.47692630125881E-06,4.52339001040634E-07,0,0,0
HD95456,165.16953,-31.83854,2453404.7472032,0.070836,0.977987,-1343.184622,1.047202,-3.861264,0.474325,-1343.212209,0.358288,-10.643304,0.473192,-0.513876,5.533583,-21.82396,1.431659,0.381975,0.000298,0.411958,0.000474,0.55373,0.000604,0,8.077039,37.8383,0.046584,-1.4,240.6,2453404.74719,18.177344,18.177582,0.506,-9999999,0.012879,-0.323028,0.855263,-0.040466,0.984003,0.5,240.0021,-0.499234,5.527427,2005-02-03T05:49:20.926,-9999999,G2,072.C-0488(E),Mayor,-9999999,HARPS_ech_obs_all,HARPS_ech_obs_thosimult,STAR_WAVE_F8,7.71796900500382E-06,3.68611714841915E-07,0,0,0
HD95456,165.16953,-31.83854,2453405.8761636,-1.924234,0.976367,-1344.797959,1.045736,-5.895621,0.470907,-1345.06614,0.35387,-12.586898,0.469497,4.125006,5.254352,-21.509749,1.261199,0.38255,0.000297,0.412196,0.000468,0.554978,0.000598,0,8.07574,37.836622,0.048252,-1.4,244.1,2453405.87616,17.562972,17.563198,-0.033,-9999999,0.012915,-0.362315,0.8553,-0.281096,0.984043,0.5,219.9959,4.142985,5.249301,2005-02-04T08:55:07.273,-9999999,G2,072.C-0488(E),Mayor,-9999999,HARPS_ech_obs_all,HARPS_ech_obs_thosimult,STAR_WAVE_F8,7.86417527755635E-06,5.0492480020905E-07,0,0,0
HD95456,165.16953,-31.83854,2453405.8791075,-0.709318,0.977669,-1343.513048,1.046143,-4.681602,0.473599,-1343.786722,0.355068,-11.288989,0.472249,-1.831048,4.851225,-21.1988,1.373804,0.382315,0.000293,0.411167,0.000464,0.553529,0.000592,0,8.077389,37.837782,0.046524,-1.4,245.7,2453405.8791,17.556735,17.556963,0.058,-9999999,0.012915,-0.363212,0.855302,-0.286589,0.984044,0.51,220.0019,-1.799595,4.847222,2005-02-04T08:59:19.408,-9999999,G2,072.C-0488(E),Mayor,-9999999,HARPS_ech_obs_all,HARPS_ech_obs_thosimult,STAR_WAVE_F8,7.29983145959149E-06,4.10029918661617E-07,0,0,0
HD95456,165.16953,-31.83854,2453405.8820012,-1.131039,0.990014,-1344.670684,1.053902,-5.104205,0.498583,-1344.949757,0.377311,-11.875007,0.497152,2.530231,4.944777,-21.30418,1.29351,0.38203,0.00031,0.410973,0.000491,0.555918,0.000629,0,8.072948,37.845298,0.049498,-1.4,231.9,2453405.88199,17.55067,17.550891,-0.114,-9999999,0.012915,-0.364094,0.855303,-0.291988,0.984045,0.5,220.0026,2.551128,4.936954,2005-02-04T09:03:31.613,-9999999,G2,072.C-0488(E),Mayor,-9999999,HARPS_ech_obs_all,HARPS_ech_obs_thosimult,STAR_WAVE_F8,7.12785652470012E-06,4.56444077297729E-07,0,0,0
HD95456,165.16953,-31.83854,2453406.749346,2.634134,0.937197,-1341.705763,0.883484,-1.962568,0.494123,-1341.385537,0.372489,-8.538899,0.492798,3.224659,5.262998,-22.826049,1.357711,0.381758,0.00031,0.411673,0.000493,0.558244,0.000633,0,8.069721,37.84337,0.04725,-1.4,231.7,2453406.74934,17.553543,17.553781,0.189,-9999999,0.012942,-0.98763,0.796355,0.307284,0.801121,0.49,220.0018,3.245677,5.259639,2005-02-05T05:52:27.996,-9999999,G2,072.C-0488(E),Mayor,-9999999,HARPS_ech_obs_all,HARPS_ech_obs_thosimult,STAR_WAVE_F8,7.74528541299569E-06,4.60446521817012E-07,0,0,0
HD95456,165.16953,-31.83854,2453406.7522776,4.437703,0.945183,-1339.832573,0.889479,-0.159892,0.509107,-1339.517817,0.386493,-6.843969,0.507698,4.40812,4.590689,-21.017404,1.353753,0.38183,0.000322,0.41107,0.000512,0.557444,0.000656,0,8.073311,37.832373,0.046139,-1.4,223.1,2453406.75228,17.546389,17.546598,0.333,-9999999,0.012942,-0.988523,0.796355,0.301814,0.801122,0.5,220.0025,4.426557,4.588745,2005-02-05T05:56:39.071,-9999999,G2,072.C-0488(E),Mayor,-9999999,HARPS_ech_obs_all,HARPS_ech_obs_thosimult,STAR_WAVE_F8,7.93476168856051E-06,4.74177342180638E-07,0,0,0
HD95456,165.16953,-31.83854,2453406.7552909,3.942329,0.96296,-1340.600592,0.901533,-0.656184,0.541396,-1340.291458,0.41348,-7.474297,0.539397,13.193726,5.579054,-22.339254,1.577632,0.382223,0.000344,0.410832,0.000546,0.556804,0.000699,0,8.071082,37.836762,0.045596,-1.4,209.2,2453406.75529,17.539012,17.539249,0.215,-9999999,0.012943,-0.989441,0.796355,0.296191,0.801122,0.54,220.0024,13.223552,5.575937,2005-02-05T06:00:50.606,-9999999,G2,072.C-0488(E),Mayor,-9999999,HARPS_ech_obs_all,HARPS_ech_obs_thosimult,STAR_WAVE_F8,8.31594575891098E-06,5.28560055910907E-07,0,0,0
HD95456,165.16953,-31.83854,2453407.7093741,5.739975,0.869076,-1340.827572,1.032624,-0.808695,0.421156,-1340.784478,0.31314,-7.51675,0.419679,-5.275255,3.869168,-57.383071,2.42519,0.381274,0.000261,0.407971,0.000416,0.558771,0.000536,0,8.08517,38.013611,0.046623,-1.4,274.4,2453407.70937,17.330311,17.330542,0.197,-9999999,0.012973,-2.939598,0.760211,0.030121,0.984,0.52,330.0012,-5.237962,3.869485,2005-02-06T04:53:45.832,-9999999,G2,072.C-0488(E),Mayor,-9999999,HARPS_ech_obs_all,HARPS_ech_obs_thosimult,STAR_WAVE_F8,7.02975986609085E-06,3.62600767266825E-07,0,0,0
HD95456,165.16953,-31.83854,2453407.7134887,5.263643,0.870906,-1340.653552,1.034009,-1.286281,0.424918,-1340.618136,0.317676,-7.987572,0.423574,-3.915743,3.415248,-56.264341,2.19726,0.381245,0.000264,0.408474,0.000421,0.558442,0.000542,0,8.084713,38.010922,0.045963,-1.4,271.3,2453407.71348,17.320886,17.321128,0.249,-9999999,0.012973,-2.940851,0.760211,0.022443,0.984,0.5,330.0015,-3.879828,3.418147,2005-02-06T04:59:47.908,-9999999,G2,072.C-0488(E),Mayor,-9999999,HARPS_ech_obs_all,HARPS_ech_obs_thosimult,STAR_WAVE_F8,7.8760454634538E-06,3.59438629261002E-07,0,0,0
HD95456,165.16953,-31.83854,2453408.7458326,-0.479551,1.002448,-1343.504904,1.043206,-4.411234,0.522903,-1343.618515,0.418152,-11.076597,0.521339,-2.523674,5.515983,-37.466309,1.779121,0.381647,0.000345,0.420264,0.00055,0.545723,0.000706,0,8.078507,37.911627,0.046852,-1.4,207.8,2453408.74583,16.920008,16.920237,0.152,-9999999,0.013006,-0.322611,0.855263,-0.126617,0.955734,0.51,204.3,-2.491041,5.512115,2005-02-07T05:47:18.167,-9999999,G2,072.C-0488(E),Mayor,-9999999,HARPS_ech_obs_all,HARPS_ech_obs_thosimult,STAR_WAVE_F8,7.58434312037779E-06,4.19228054360993E-07,0,0,0
HD95456,165.16953,-31.83854,2453408.748529,-1.01482,1.009684,-1343.932327,1.049038,-4.947324,0.536644,-1344.050969,0.432496,-11.605693,0.53448,0.440715,4.701089,-36.236975,1.566815,0.381908,0.000358,0.409725,0.000569,0.547558,0.000732,0,8.077377,37.900185,0.043418,-1.4,200.9,2453408.74853,16.913385,16.913603,0.044,-9999999,0.013006,-0.323432,0.855263,-0.131648,0.955734,0.5,204.3004,0.462991,4.696325,2005-02-07T05:51:13.170,-9999999,G2,072.C-0488(E),Mayor,-9999999,HARPS_ech_obs_all,HARPS_ech_obs_thosimult,STAR_WAVE_F8,7.39178665316626E-06,4.93664843086204E-07,0,0,0
HD95456,165.16953,-31.83854,2453408.7512519,-0.911186,1.009593,-1344.060853,1.04877,-4.84452,0.536471,-1344.184576,0.431844,-11.641988,0.534163,1.591265,5.392754,-34.727054,1.389036,0.382003,0.000356,0.409755,0.000567,0.546846,0.00073,0,8.077775,37.903062,0.044825,-1.4,201.6,2453408.75125,16.906678,16.906919,0.035,-9999999,0.013006,-0.324262,0.855264,-0.136729,0.955735,0.49,204.3007,1.616446,5.389268,2005-02-07T05:55:10.454,-9999999,G2,072.C-0488(E),Mayor,-9999999,HARPS_ech_obs_all,HARPS_ech_obs_thosimult,STAR_WAVE_F8,-9999999,-9999999,-9999999,-9999999,-9999999
HD95456,165.16953,-31.83854,2453409.7611281,-4.759707,1.034856,-1347.19015,0.948284,-7.124338,0.748971,-1346.113622,0.584986,-13.73543,0.745717,-12.92407,7.487634,-18.777969,2.275607,0.381164,0.000503,0.413062,0.000798,0.555375,0.001018,0,8.074428,37.827694,0.051104,-1.4,143.8,2453409.76113,16.552405,16.552627,-0.099,-9999999,0.013038,1.244441,0.714122,1.06349,0.746347,0.48,240.0002,-12.903746,7.483851,2005-02-08T06:09:03.815,-9999999,G2,072.C-0488(E),Mayor,-9999999,HARPS_ech_obs_all,HARPS_ech_obs_thosimult,STAR_WAVE_F8,9.09097242413886E-06,7.36098175174097E-07,0,0,0
HD95456,165.16953,-31.83854,2453409.7643494,-3.88212,1.022037,-1347.364257,0.94014,-6.247732,0.731155,-1346.29374,0.571688,-12.933246,0.72772,-2.797784,5.838675,-16.91733,1.887417,0.381772,0.000491,0.413073,0.000777,0.553539,0.00099,0,8.068879,37.84364,0.047518,-1.4,147.4,2453409.76435,16.54437,16.544594,0.237,-9999999,0.013038,1.24346,0.714123,1.057479,0.746348,0.51,240.0002,-2.779545,5.836124,2005-02-08T06:13:34.913,-9999999,G2,072.C-0488(E),Mayor,-9999999,HARPS_ech_obs_all,HARPS_ech_obs_thosimult,STAR_WAVE_F8,8.87236127370387E-06,6.78867412538521E-07,0,0,0
HD95456,165.16953,-31.83854,2453409.7674333,-1.934408,0.994663,-1344.795872,0.923296,-4.30096,0.692375,-1343.731108,0.543544,-10.829785,0.689778,1.689117,6.316806,-23.783179,1.721216,0.381927,0.000467,0.411868,0.000738,0.55567,0.000943,0,8.068041,37.857849,0.045309,-1.4,155,2453409.76742,16.536668,16.536898,0.109,-9999999,0.013039,1.24252,0.714123,1.051725,0.746349,0.49,239.9998,1.708118,6.312238,2005-02-08T06:18:06.149,-9999999,G2,072.C-0488(E),Mayor,-9999999,HARPS_ech_obs_all,HARPS_ech_obs_thosimult,STAR_WAVE_F8,9.23762639794383E-06,5.97315514760456E-07,0,0,0
HD95456,165.16953,-31.83854,2453410.7711697,-1.134371,1.042761,-1344.036442,1.088022,-5.00083,0.596548,-1343.961551,0.464245,-11.707288,0.594082,1.131858,5.628047,-18.066002,1.715399,0.378977,0.000388,0.420822,0.000615,0.546073,0.000788,0,8.072088,37.828963,0.049312,-1.4,185.7,2453410.77116,16.191951,16.192198,0.277,-9999999,0.013071,-0.257387,0.855267,0.06182,0.984007,0.51,240,1.156204,5.625322,2005-02-09T06:23:19.442,-9999999,G2,072.C-0488(E),Mayor,-9999999,HARPS_ech_obs_all,HARPS_ech_obs_thosimult,STAR_WAVE_F8,8.08581097317272E-06,4.93641122724939E-07,0,0,0
HD95456,165.16953,-31.83854,2453410.7743444,-0.334431,1.012251,-1343.506492,1.06837,-4.201857,0.541452,-1343.437525,0.416107,-10.781079,0.53917,8.223578,5.085129,-20.800453,1.648769,0.378867,0.000348,0.421513,0.000551,0.544496,0.000705,0,8.073511,37.837756,0.044387,-1.4,207.4,2453410.77434,16.183996,16.184216,0.119,-9999999,0.013071,-0.258354,0.855267,0.055896,0.984007,0.52,240.0001,8.25564,5.082158,2005-02-09T06:27:51.319,-9999999,G2,072.C-0488(E),Mayor,-9999999,HARPS_ech_obs_all,HARPS_ech_obs_thosimult,STAR_WAVE_F8,6.93667562670118E-06,5.03011251310028E-07,0,0,0
HD95456,165.16953,-31.83854,2453410.7774393,-3.088946,1.011693,-1346.257746,1.069126,-6.957315,0.540406,-1346.194554,0.418042,-13.660747,0.538083,10.834556,4.979698,-19.557287,1.365962,0.377897,0.000352,0.420992,0.000556,0.544548,0.000711,0,8.07233,37.836838,0.046118,-1.4,205.6,2453410.77743,16.176243,16.176468,0.005,-9999999,0.013071,-0.259297,0.855268,0.050121,0.984008,0.5,240.0007,10.857457,4.974279,2005-02-09T06:32:23.507,-9999999,G2,072.C-0488(E),Mayor,-9999999,HARPS_ech_obs_all,HARPS_ech_obs_thosimult,STAR_WAVE_F8,7.89479319027753E-06,4.49584106976453E-07,0,0,0
HD95456,165.16953,-31.83854,2453411.814255,-1.996738,1.087078,-1345.572066,1.113144,-5.982847,0.670999,-1345.633155,0.520384,-12.600434,0.668433,3.062304,5.905401,-13.064906,1.749029,0.382318,0.00043,0.411196,0.000686,0.556708,0.000878,0,8.079833,37.816112,0.045042,-1.4,166.7,2453411.81425,15.7445,15.744738,0.89,-9999999,0.013104,-0.377037,0.855277,-0.074193,0.984018,0.52,240.0003,3.077067,5.90124,2005-02-10T07:25:14.797,-9999999,G2,072.C-0488(E),Mayor,-9999999,HARPS_ech_obs_all,HARPS_ech_obs_thosimult,STAR_WAVE_F8,6.78948722883644E-06,6.41934431530723E-07,0,0,0
HD95456,165.16953,-31.83854,2453411.8174504,-2.216491,1.052466,-1346.075689,1.092421,-6.203574,0.613339,-1346.14274,0.474438,-12.801458,0.610925,-7.319601,5.524192,-15.216419,1.371296,0.382544,0.000394,0.412249,0.000627,0.55797,0.000802,0,8.076544,37.819115,0.044929,-1.4,182.6,2453411.81744,15.736777,15.737011,0.644,-9999999,0.013104,-0.378011,0.855278,-0.080155,0.984019,0.54,240.0007,-7.283622,5.5251,2005-02-10T07:29:46.064,-9999999,G2,072.C-0488(E),Mayor,-9999999,HARPS_ech_obs_all,HARPS_ech_obs_thosimult,STAR_WAVE_F8,7.51133159518285E-06,4.86458626884207E-07,0,0,0
HD95456,165.16953,-31.83854,2453411.8204778,-2.239014,1.027342,-1345.894254,1.077047,-6.227019,0.569148,-1345.966954,0.437877,-12.955368,0.566778,-1.598987,5.462395,-14.249806,1.298738,0.38266,0.000364,0.410982,0.000576,0.556801,0.000738,0,8.079002,37.818741,0.046528,-1.4,198.2,2453411.82048,15.729498,15.729737,0.238,-9999999,0.013104,-0.378933,0.855279,-0.085804,0.98402,0.5,240.0007,-1.570845,5.459179,2005-02-10T07:34:17.221,-9999999,G2,072.C-0488(E),Mayor,-9999999,HARPS_ech_obs_all,HARPS_ech_obs_thosimult,STAR_WAVE_F8,7.42512546531028E-06,4.82515472891523E-07,0,0,0
HD95456,165.16953,-31.83854,2453412.7979401,-1.499184,0.874912,-1344.45694,0.859031,-5.429691,0.540022,-1345.212271,0.415089,-12.032294,0.538439,-2.155226,5.580452,-15.332886,1.506628,0.3822,0.000344,0.419455,0.000544,0.543941,0.000697,0,8.075441,37.822507,0.047251,-1.4,209.5,2453412.79793,15.438952,15.439187,0.231,-9999999,0.013135,-0.321435,0.688366,-0.768466,0.752088,0.53,250.0001,-2.131112,5.578185,2005-02-11T07:01:33.050,-9999999,G2,072.C-0488(E),Mayor,-9999999,HARPS_ech_obs_all,HARPS_ech_obs_thosimult,STAR_WAVE_F8,9.13938810384354E-06,3.76382012136803E-07,0,0,0
HD95456,165.16953,-31.83854,2453412.801043,-2.161683,0.890615,-1344.761019,0.869354,-6.093135,0.565107,-1345.52214,0.436049,-12.678491,0.563216,3.627052,5.148758,-16.053815,1.662965,0.381618,0.00036,0.419606,0.00057,0.544074,0.000732,0,8.077676,37.83511,0.04358,-1.4,199.6,2453412.80104,15.431293,15.431548,0.037,-9999999,0.013135,-0.32238,0.688367,-0.774256,0.752089,0.48,250.0005,3.651426,5.144265,2005-02-11T07:06:13.627,-9999999,G2,072.C-0488(E),Mayor,-9999999,HARPS_ech_obs_all,HARPS_ech_obs_thosimult,STAR_WAVE_F8,7.50953335209898E-06,5.01153444123842E-07,0,0,0
HD95456,165.16953,-31.83854,2453412.8043622,-0.734333,0.896796,-1343.464169,0.874115,-4.666797,0.574798,-1344.231483,0.445463,-11.261582,0.572649,2.876954,4.602011,-15.921478,1.487198,0.378883,0.000367,0.421069,0.000583,0.54473,0.000747,0,8.076982,37.822513,0.044896,-1.4,195.7,2453412.80436,15.423131,15.423375,-0.014,-9999999,0.013135,-0.323391,0.688368,-0.780449,0.75209,0.5,250.0006,2.906957,4.59647,2005-02-11T07:10:55.385,-9999999,G2,072.C-0488(E),Mayor,-9999999,HARPS_ech_obs_all,HARPS_ech_obs_thosimult,STAR_WAVE_F8,7.76835846776257E-06,4.70182265361331E-07,0,0,0
HD95456,165.16953,-31.83854,2453465.7165282,-1.650359,1.050253,-1344.119216,1.092959,-6.650297,0.609557,-1344.813488,0.475713,-13.531044,0.611217,2.786332,6.910492,-13.52144,1.692113,0.379905,0.000378,0.408276,0.000613,0.555164,0.00079,0,8.080872,37.807192,0.051615,-1.4,185.4,2453465.71653,-6.006386,-6.006106,-0.158,-9999999,0.014823,-1.390866,0.855261,-0.709095,0.984,0.5,179.9825,2.801453,6.903771,2005-04-05T05:03:43.222,-9999999,G2,072.C-0488(E),Mayor,-9999999,HARPS_ech_obs_all,HARPS_ech_obs_thosimult,STAR_WAVE_F8,9.65780628367904E-06,5.43083576512896E-07,0,0,0
HD95456,165.16953,-31.83854,2453465.7189499,2.706044,1.050829,-1340.634476,1.093779,-2.294632,0.610549,-1341.333267,0.477595,-9.101081,0.612733,12.271415,5.533283,-14.121118,1.850661,0.37615,0.000384,0.408721,0.000621,0.555379,0.0008,0,8.076572,37.814939,0.046559,-1.4,183.2,2453465.71894,-6.01172,-6.011422,0.035,-9999999,0.014823,-1.391604,0.855261,-0.713614,0.984,0.48,179.9819,12.287075,5.529144,2005-04-05T05:07:16.062,-9999999,G2,072.C-0488(E),Mayor,-9999999,HARPS_ech_obs_all,HARPS_ech_obs_thosimult,STAR_WAVE_F8,6.97168000647186E-06,5.85986218236642E-07,0,0,0
HD95456,165.16953,-31.83854,2453465.7214388,0.721607,1.026704,-1341.885461,1.077788,-4.279827,0.568022,-1342.588896,0.439738,-11.001404,0.569787,9.958834,5.422706,-16.813276,1.736504,0.376551,0.000351,0.408158,0.000568,0.5556,0.000732,0,8.079988,37.820359,0.050947,-1.4,200.2,2453465.72143,-6.017154,-6.016864,-0.017,-9999999,0.014823,-1.392362,0.855261,-0.718258,0.984,0.5,179.9818,9.97592,5.415138,2005-04-05T05:10:47.504,-9999999,G2,072.C-0488(E),Mayor,-9999999,HARPS_ech_obs_all,HARPS_ech_obs_thosimult,STAR_WAVE_F8,8.25447614969077E-06,3.89701919550672E-07,0,0,0
HD95456,165.16953,-31.83854,2453465.7238747,2.37528,1.05382,-1341.325358,1.095728,-2.626896,0.615683,-1342.033338,0.482041,-9.393646,0.617241,0.33404,5.579166,-15.465129,1.490538,0.376025,0.000386,0.408156,0.000625,0.555102,0.000805,0,8.074542,37.817588,0.048019,-1.4,182,2453465.72386,-6.022424,-6.022111,-0.188,-9999999,0.014823,-1.393104,0.855261,-0.722803,0.984001,0.5,179.9828,0.351384,5.576641,2005-04-05T05:14:17.973,-9999999,G2,072.C-0488(E),Mayor,-9999999,HARPS_ech_obs_all,HARPS_ech_obs_thosimult,STAR_WAVE_F8,7.51227887670444E-06,5.56147768261422E-07,0,0,0
HD95456,165.16953,-31.83854,2453465.7263651,1.380602,1.052653,-1341.970612,1.094584,-3.622333,0.613683,-1342.683239,0.479433,-10.364736,0.61587,-4.728334,5.795844,-12.367821,1.768592,0.376355,0.000382,0.408414,0.000619,0.555244,0.000798,0,8.080609,37.813924,0.046385,-1.4,183.7,2453465.72636,-6.027762,-6.027478,-0.198,-9999999,0.014823,-1.393863,0.855261,-0.72745,0.984001,0.51,179.9826,-4.704417,5.791783,2005-04-05T05:17:51.344,-9999999,G2,072.C-0488(E),Mayor,-9999999,HARPS_ech_obs_all,HARPS_ech_obs_thosimult,STAR_WAVE_F8,9.19921919423645E-06,5.9184516714178E-07,0,0,0
HD95456,165.16953,-31.83854,2453491.6789632,6.609421,0.948883,-1336.273226,1.027787,2.561307,0.410984,-1336.954884,0.296799,-4.273773,0.413272,9.231304,5.040485,-17.407122,1.295061,0.380035,0.000231,0.403581,0.000374,0.535451,0.000481,0,8.078704,37.806721,0.051076,-1.4,302.8,2453491.67896,-15.601304,-15.601084,0.852,-9999999,0.01565,-0.439042,0.855261,-0.697308,0.984,0.5,424.983,9.258456,5.037735,2005-05-01T04:08:55.805,-9999999,G2,072.C-0488(E),Mayor,-9999999,HARPS_ech_obs_all,HARPS_ech_obs_thosimult,STAR_WAVE_F8,7.44843583707697E-06,4.16801340195285E-07,0,0,0
HD95456,165.16953,-31.83854,2453491.6841615,7.350721,0.954991,-1335.303887,1.031689,3.301023,0.424896,-1335.995244,0.310041,-3.452937,0.427261,4.522529,4.717697,-17.313078,1.293083,0.379831,0.000243,0.403927,0.000392,0.536278,0.000505,0,8.079311,37.800762,0.04893,-1.4,288.8,2453491.68416,-15.610625,-15.610414,0.685,-9999999,0.015651,-0.440626,0.855261,-0.707008,0.984,0.48,424.9818,4.555512,4.715912,2005-05-01T04:16:33.460,-9999999,G2,072.C-0488(E),Mayor,-9999999,HARPS_ech_obs_all,HARPS_ech_obs_thosimult,STAR_WAVE_F8,8.25434573997542E-06,3.9712262010447E-07,0,0,0
HD95456,165.16953,-31.83854,2453511.5561369,12.029821,1.114473,-1331.133548,1.081195,6.461015,0.851424,-1332.219433,0.627274,-0.380306,0.852366,-2.803863,8.448471,4.528466,2.305715,0.378895,0.000514,0.415985,0.000832,0.550983,0.001071,0,8.077688,37.712341,0.049733,-1.4,137,2453511.55613,-20.764371,-20.764249,-0.219,-9999999,0.016284,-1.959734,0.719115,-1.102169,0.88063,0.53,136.2022,-2.783148,8.448091,2005-05-21T01:16:08.073,-9999999,G2,072.C-0488(E),Mayor,-9999999,HARPS_ech_obs_all,HARPS_ech_obs_thosimult,STAR_WAVE_F8,9.57094363877007E-06,7.53939287089162E-07,0,0,0
HD95456,165.16953,-31.83854,2453511.5580057,6.587682,0.994842,-1336.799897,1.021047,1.018307,0.687448,-1337.889269,0.516749,-5.755221,0.689413,6.389822,5.095415,-6.077194,1.474192,0.380339,0.000458,0.415935,0.00072,0.551314,0.000928,0,8.068818,37.754296,0.048392,-1.4,158.6,2453511.558,-20.768512,-20.768367,-0.076,-9999999,0.016284,-1.960303,0.719115,-1.105656,0.880629,0.49,136.2006,6.411654,5.092607,2005-05-21T01:18:54.999,-9999999,G2,072.C-0488(E),Mayor,-9999999,HARPS_ech_obs_all,HARPS_ech_obs_thosimult,STAR_WAVE_F8,8.19096753488228E-06,6.83577499853885E-07,0,0,0
HD95456,165.16953,-31.83854,2453511.5599649,10.742615,0.996764,-1332.102058,1.021421,5.172643,0.690227,-1333.195086,0.517488,-1.655209,0.691704,8.208267,7.545183,-0.732058,2.061033,0.380425,0.000454,0.416506,0.000716,0.552562,0.000924,0,8.073845,37.745188,0.054272,-1.4,159.6,2453511.55996,-20.772834,-20.772719,-0.074,-9999999,0.016284,-1.9609,0.719114,-1.109312,0.880629,0.5,136.2022,8.228095,7.544005,2005-05-21T01:21:42.926,-9999999,G2,072.C-0488(E),Mayor,-9999999,HARPS_ech_obs_all,HARPS_ech_obs_thosimult,STAR_WAVE_F8,8.76602029160319E-06,6.26216732273183E-07,0,0,0
HD95456,165.16953,-31.83854,2453511.5619215,7.912455,0.992504,-1334.578132,1.020465,2.341887,0.684062,-1335.67481,0.5156,-4.520265,0.686064,-12.588065,8.54487,-3.069441,2.110498,0.379295,0.000453,0.416336,0.000714,0.550656,0.00092,0,8.072985,37.748193,0.049117,-1.4,159.9,2453511.56192,-20.777129,-20.777002,0.16,-9999999,0.016285,-1.961496,0.719113,-1.112963,0.880628,0.51,136.2005,-12.557558,8.54464,2005-05-21T01:24:30.622,-9999999,G2,072.C-0488(E),Mayor,-9999999,HARPS_ech_obs_all,HARPS_ech_obs_thosimult,STAR_WAVE_F8,6.81442498576409E-06,6.3533876361543E-07,0,0,0
HD95456,165.16953,-31.83854,2453511.5638226,6.522426,1.020274,-1336.328549,1.033998,0.951279,0.723765,-1337.428774,0.541894,-5.900113,0.725099,-10.872085,8.411183,0.739288,1.908637,0.380261,0.000467,0.418131,0.000743,0.551382,0.000955,0,8.075431,37.736133,0.05195,-1.4,153.9,2453511.56382,-20.781281,-20.781137,0.248,-9999999,0.016285,-1.962075,0.719112,-1.11651,0.880627,0.49,136.201,-10.847004,8.410183,2005-05-21T01:27:17.609,-9999999,G2,072.C-0488(E),Mayor,-9999999,HARPS_ech_obs_all,HARPS_ech_obs_thosimult,STAR_WAVE_F8,1.09662166058719E-05,5.20573377272719E-07,0,0,0
HD95456,165.16953,-31.83854,2453511.5657005,8.880175,1.04406,-1333.822536,1.048147,3.308456,0.756928,-1334.926265,0.568428,-3.463418,0.758279,-6.325782,7.770554,1.416,2.290316,0.379642,0.000504,0.417547,0.000795,0.551096,0.001023,0,8.078683,37.727902,0.050918,-1.4,143.9,2453511.56569,-20.785362,-20.785225,-0.104,-9999999,0.016285,-1.962647,0.719111,-1.120014,0.880626,0.46,136.2018,-6.31384,7.768791,2005-05-21T01:30:03.956,-9999999,G2,072.C-0488(E),Mayor,-9999999,HARPS_ech_obs_all,HARPS_ech_obs_thosimult,STAR_WAVE_F8,8.43822123520065E-06,6.13314925570714E-07,0,0,0
HD95456,165.16953,-31.83854,2453518.570243,4.404819,0.925097,-1338.329322,1.01438,0.194573,0.352558,-1338.549601,0.246304,-6.61876,0.355346,-8.237759,4.554115,-31.25486,1.86188,0.377939,0.000202,0.413503,0.00032,0.550431,0.000414,0,8.075726,37.863256,0.049689,-1.4,355,2453518.57024,-22.143531,-22.143436,0.521,-9999999,0.016508,-0.601174,0.855282,-0.236787,0.984023,0.45,900.0023,-8.214307,4.55184,2005-05-28T01:31:37.114,-9999999,G2,072.C-0488(E),Mayor,-9999999,HARPS_ech_obs_all,HARPS_ech_obs_thosimult,STAR_WAVE_F8,8.26554921022948E-06,2.92730079531548E-07,0,0,0
HD95456,165.16953,-31.83854,2453520.5839293,-0.694683,1.163276,-1344.264893,1.140628,-3.938693,0.791312,-1343.232366,0.611962,-10.718775,0.792398,-4.892586,7.670028,-15.783027,2.332268,0.379053,0.000507,0.408056,0.000813,0.541649,0.001048,0,8.077282,37.808094,0.051439,-1.4,140.7,2453520.58392,-22.50224,-22.502133,0.426,-9999999,0.016572,0.365062,0.852664,1.015955,0.962567,0.5,154.002,-4.864732,7.66756,2005-05-30T01:57:00.443,-9999999,G2,072.C-0488(E),Mayor,-9999999,HARPS_ech_obs_all,HARPS_ech_obs_thosimult,STAR_WAVE_F8,-9999999,-9999999,-9999999,-9999999,-9999999
HD95456,165.16953,-31.83854,2453544.5322236,7.768579,0.964065,-1334.984347,0.911841,4.102938,0.444848,-1334.569142,0.320812,-2.781306,0.446825,0.881306,5.54002,2.197968,1.350745,0.377225,0.000266,0.407069,0.000428,0.550637,0.000551,0,8.07444,37.735592,0.050928,-1.4,266.4,2453544.53222,-24.302961,-24.302994,-0.129,-9999999,0.017336,-0.056569,0.855296,0.397869,0.853542,0.5,420.0016,0.909774,5.539341,2005-06-23T00:43:02.223,-9999999,G2,072.C-0488(E),Mayor,-9999999,HARPS_ech_obs_all,HARPS_ech_obs_thosimult,STAR_WAVE_F8,-9999999,-9999999,-9999999,-9999999,-9999999
HD95456,165.16953,-31.83854,2453544.5374642,7.984544,0.966737,-1335.492911,0.912916,4.317306,0.450613,-1335.087485,0.323861,-2.581841,0.452291,-4.931987,4.165623,0.728057,1.351677,0.376812,0.000269,0.407866,0.000433,0.550197,0.000556,0,8.073913,37.735011,0.049771,-1.4,263.8,2453544.53746,-24.310567,-24.310599,-0.005,-9999999,0.017336,-0.058166,0.855294,0.38809,0.853539,0.5,420,-4.898214,4.166512,2005-06-23T00:50:35.047,-9999999,G2,072.C-0488(E),Mayor,-9999999,HARPS_ech_obs_all,HARPS_ech_obs_thosimult,STAR_WAVE_F8,8.78318641572186E-06,4.40438989274395E-07,0,0,0
HD95456,165.16953,-31.83854,2453550.519981,9.34316,0.97155,-1333.526111,1.038076,5.681249,0.460833,-1333.010784,0.330543,-1.164012,0.462669,8.092235,4.706089,1.616052,1.397731,0.376698,0.000273,0.406725,0.000441,0.538461,0.000567,0,8.074868,37.736124,0.051046,-1.4,259.1,2453550.51997,-24.161941,-24.161957,0.654,-9999999,0.017527,-0.052839,0.855302,0.4978,0.984044,0.49,900.001,8.11073,4.705389,2005-06-29T00:22:14.880,-9999999,G2,072.C-0488(E),Mayor,-9999999,HARPS_ech_obs_all,HARPS_ech_obs_thosimult,STAR_WAVE_F8,8.99973312696706E-06,3.36035839153038E-07,0,0,0
HD95456,165.16953,-31.83854,2453672.8725652,0.610088,0.974112,-1343.409477,1.043275,-3.404097,0.466218,-1343.270507,0.346535,-10.10208,0.464637,0.656806,4.865515,8.617383,1.405313,0.380991,0.000286,0.411101,0.00046,0.54285,0.000588,0,8.08229,37.75127,0.04548,-1.4,247.3,2453672.87256,14.82627,14.826039,0.208,-9999999,0.021428,-0.405113,0.855299,0.117542,0.984041,0.52,420.0012,0.678297,4.861363,2005-10-29T08:58:25.306,-9999999,G2,072.C-0488(E),Mayor,-9999999,HARPS_ech_obs_all,HARPS_ech_obs_thosimult,STAR_WAVE_F8,8.41708336225801E-06,4.2106444583694E-07,0,0,0
HD95456,165.16953,-31.83854,2453672.8777395,1.468336,0.973989,-1342.488035,1.04334,-2.547425,0.465956,-1342.35872,0.346723,-9.130533,0.464279,-5.798895,5.390086,8.443492,1.441216,0.381647,0.000285,0.411322,0.000459,0.545041,0.000589,0,8.079603,37.738042,0.046938,-1.4,247.7,2453672.87773,14.822756,14.822517,0.036,-9999999,0.021428,-0.406689,0.855301,0.107887,0.984043,0.51,420.0007,-5.767382,5.386448,2005-10-29T09:05:56.541,-9999999,G2,072.C-0488(E),Mayor,-9999999,HARPS_ech_obs_all,HARPS_ech_obs_thosimult,STAR_WAVE_F8,7.7200925913588E-06,4.28075220841242E-07,0,0,0
HD95456,165.16953,-31.83854,2453675.8684963,4.244688,0.889018,-1340.414937,0.758885,-0.802855,0.406358,-1340.424826,0.298765,-7.463301,0.404638,7.856605,4.224364,-2.321863,1.112609,0.382203,0.000252,0.410518,0.000402,0.555837,0.000515,0,8.078795,37.781234,0.047362,-1.4,283.4,2453675.86849,15.853364,15.853127,0.184,-9999999,0.021524,-1.438471,0.790712,-0.031413,0.697601,0.51,270.0019,7.885561,4.222564,2005-11-01T08:53:41.464,-9999999,G2,072.C-0488(E),Mayor,-9999999,HARPS_ech_obs_all,HARPS_ech_obs_thosimult,STAR_WAVE_F8,8.54358484406961E-06,3.48252812521062E-07,0,0,0
HD95456,165.16953,-31.83854,2453675.8719607,2.273051,0.88632,-1342.170237,0.756783,-2.775548,0.400417,-1342.18659,0.293378,-9.405272,0.399077,13.677025,4.31899,-6.253916,1.106133,0.381694,0.000249,0.410834,0.000396,0.556501,0.000507,0,8.075668,37.791709,0.049655,-1.4,288,2453675.87196,15.850837,15.8506,0.063,-9999999,0.021524,-1.439527,0.790714,-0.037877,0.697603,0.5,270.0007,13.705622,4.314283,2005-11-01T08:58:43.475,-9999999,G2,072.C-0488(E),Mayor,-9999999,HARPS_ech_obs_all,HARPS_ech_obs_thosimult,STAR_WAVE_F8,8.70369009848982E-06,3.26333909213286E-07,0,0,0
HD95456,165.16953,-31.83854,2453675.8754469,4.022245,0.885216,-1340.797351,0.755866,-1.027416,0.397964,-1340.820209,0.290998,-7.703934,0.396291,0.27805,4.474373,-5.734437,1.006075,0.382147,0.000245,0.410203,0.000391,0.555875,0.000501,0,8.074411,37.788673,0.048198,-1.4,291,2453675.87544,15.848151,15.847914,0.061,-9999999,0.021524,-1.440589,0.790716,-0.044382,0.697605,0.5,270.0011,0.301227,4.47434,2005-11-01T09:03:44.664,-9999999,G2,072.C-0488(E),Mayor,-9999999,HARPS_ech_obs_all,HARPS_ech_obs_thosimult,STAR_WAVE_F8,9.2053840777568E-06,3.64568928606416E-07,0,0,0
HD95456,165.16953,-31.83854,2453757.8112544,-3.409807,0.977673,-1346.751107,1.04329,-7.208971,0.473653,-1347.179786,0.346649,-13.815523,0.472909,1.079494,4.897701,-7.178386,1.536207,0.385836,0.000292,0.409442,0.000459,0.558,0.000589,0,8.076429,37.79226,0.04676,-1.4,248.5,2453757.81137,21.325583,21.325449,0.449,-9999999,0.024137,-0.190092,0.855276,-0.452816,0.984017,0.47,300.0005,1.092569,4.89099,2006-01-22T07:22:23.214,-9999999,G2,072.C-0488(E),Mayor,-9999999,HARPS_ech_obs_all,HARPS_ech_obs_thosimult,STAR_WAVE_F8,7.95457467579389E-06,4.2406350703707E-07,0,0,0
HD95456,165.16953,-31.83854,2453757.8151566,-5.539599,0.970066,-1348.447732,1.03913,-9.339952,0.457743,-1348.883693,0.333916,-15.910718,0.457503,1.801064,4.948583,-10.076058,1.15045,0.385818,0.000282,0.409099,0.000442,0.55769,0.000568,0,8.073521,37.800876,0.049479,-1.4,257.9,2453757.81527,21.316237,21.316104,0.316,-9999999,0.024137,-0.191281,0.855277,-0.460098,0.984018,0.48,300.0014,1.818659,4.935318,2006-01-22T07:27:57.339,-9999999,G2,072.C-0488(E),Mayor,-9999999,HARPS_ech_obs_all,HARPS_ech_obs_thosimult,STAR_WAVE_F8,8.88554395605592E-06,3.70729761944507E-07,0,0,0
HD95456,165.16953,-31.83854,2453757.818997,-3.270954,0.961268,-1346.032274,1.033828,-7.072477,0.438789,-1346.4754,0.317027,-13.789978,0.438278,1.149766,4.631305,-11.468927,1.206852,0.385949,0.000267,0.409027,0.000419,0.558648,0.000538,0,8.073414,37.806866,0.046398,-1.4,272.2,2453757.81911,21.307033,21.306916,0.374,-9999999,0.024137,-0.192451,0.855279,-0.467263,0.984019,0.47,300,1.162563,4.625554,2006-01-22T07:33:32.122,-9999999,G2,072.C-0488(E),Mayor,-9999999,HARPS_ech_obs_all,HARPS_ech_obs_thosimult,STAR_WAVE_F8,8.64817250049912E-06,3.76677046046784E-07,0,0,0
HD95456,165.16953,-31.83854,2453764.8095816,2.46734,0.969488,-1341.343046,0.982234,-1.331315,0.45652,-1340.908658,0.329708,-7.992672,0.454883,1.638229,4.54812,-4.744937,1.220815,0.385327,0.000281,0.420136,0.000441,0.560549,0.000567,0,8.080271,37.783393,0.045919,-1.4,259.9,2453764.80969,19.557249,19.557164,0.308,-9999999,0.02436,-0.189583,0.855276,0.410028,0.925244,0.47,300.0024,1.654635,4.54245,2006-01-29T07:19:17.399,-9999999,G2,072.C-0488(E),Mayor,-9999999,HARPS_ech_obs_all,HARPS_ech_obs_thosimult,STAR_WAVE_F8,7.6352071908751E-06,4.22374606054578E-07,0,0,0
HD95456,165.16953,-31.83854,2453764.8133129,1.132827,0.997834,-1343.231275,0.998658,-2.666965,0.513979,-1342.803849,0.375819,-9.288457,0.511969,1.280309,5.321258,-1.128245,1.464764,0.385091,0.00032,0.419694,0.000503,0.560745,0.000646,0,8.083078,37.774169,0.047333,-1.4,228.2,2453764.81342,19.548144,19.548066,-0.051,-9999999,0.02436,-0.19072,0.855277,0.403066,0.925245,0.43,299.9992,1.291677,5.316774,2006-01-29T07:24:51.763,-9999999,G2,072.C-0488(E),Mayor,-9999999,HARPS_ech_obs_all,HARPS_ech_obs_thosimult,STAR_WAVE_F8,8.17849334414233E-06,5.28185907232963E-07,0,0,0
HD95456,165.16953,-31.83854,2453764.8171954,1.076039,0.999998,-1342.740221,1.000233,-2.724935,0.518166,-1342.32004,0.379981,-9.278263,0.516204,-0.65709,5.710852,-1.883344,1.42087,0.384697,0.000323,0.421559,0.000509,0.56024,0.000653,0,8.083121,37.773749,0.047264,-1.4,225.8,2453764.8173,19.538684,19.538617,0.135,-9999999,0.02436,-0.191902,0.855278,0.395821,0.925246,0.43,300.0017,-0.635257,5.705736,2006-01-29T07:30:27.187,-9999999,G2,072.C-0488(E),Mayor,-9999999,HARPS_ech_obs_all,HARPS_ech_obs_thosimult,STAR_WAVE_F8,9.92609994648456E-06,4.06387382253048E-07,0,0,0
HD95456,165.16953,-31.83854,2453782.8530499,-0.285303,0.65156,-1343.50878,0.591723,-4.51291,0.379812,-1344.760423,0.264196,-11.298401,0.378757,1.02693,3.71353,-13.228422,0.995075,0.382668,0.000222,0.407515,0.000348,0.562178,0.000451,0,8.075899,37.816034,0.045642,-1.4,327.3,2453782.85316,13.626082,13.626071,0.82,-9999999,0.024935,-0.618535,0.529409,-1.276578,0.529469,0.46,400.0003,1.060949,3.705705,2006-02-16T08:19:42.551,-9999999,G2,072.C-0488(E),Mayor,-9999999,HARPS_ech_obs_all,HARPS_ech_obs_thosimult,STAR_WAVE_F8,7.44343095181386E-06,3.49664378779575E-07,0,0,0
HD95456,165.16953,-31.83854,2453782.8582039,-0.288505,0.651337,-1342.812869,0.591726,-4.517683,0.379424,-1344.074129,0.264193,-11.238302,0.378501,2.211049,3.87477,-12.484069,1.028227,0.382112,0.000223,0.407052,0.000349,0.562082,0.000452,0,8.07899,37.815697,0.046434,-1.4,326.6,2453782.85832,13.61527,13.615251,1.08,-9999999,0.024935,-0.620106,0.529412,-1.286195,0.529473,0.49,400.0009,2.246062,3.871283,2006-02-16T08:26:55.836,-9999999,G2,072.C-0488(E),Mayor,-9999999,HARPS_ech_obs_all,HARPS_ech_obs_thosimult,STAR_WAVE_F8,7.1359021983364E-06,3.47786233107461E-07,0,0,0
HD95456,165.16953,-31.83854,2453789.8160206,-0.817366,0.890272,-1342.168429,1.029126,-4.205861,0.414267,-1343.262343,0.301344,-10.903097,0.414598,-6.659827,3.96972,-15.583863,1.083946,0.382606,0.000254,0.40814,0.000397,0.553161,0.00051,0,8.07631,37.83313,0.044033,-1.4,285.7,2453789.81614,11.070136,11.070126,0.09,-9999999,0.025157,0.220577,0.788015,-1.119071,0.984018,0.47,400.0017,-6.625296,3.969763,2006-02-23T07:25:54.039,-9999999,G2,072.C-0488(E),Mayor,-9999999,HARPS_ech_obs_all,HARPS_ech_obs_thosimult,STAR_WAVE_F8,6.69886440838552E-06,3.51802196746453E-07,0,0,0
HD95456,165.16953,-31.83854,2453789.821107,-0.858829,0.892203,-1342.904648,1.02984,-4.248874,0.418397,-1344.008053,0.303767,-11.094565,0.418426,-0.978995,3.988255,-16.362053,0.963173,0.38262,0.000255,0.408607,0.0004,0.552295,0.000512,0,8.074082,37.831938,0.044881,-1.4,284,2453789.82122,11.058628,11.058638,0.249,-9999999,0.025157,0.219027,0.788016,-1.128562,0.98402,0.48,400.0008,-0.936456,3.984944,2006-02-23T07:33:09.484,-9999999,G2,072.C-0488(E),Mayor,-9999999,HARPS_ech_obs_all,HARPS_ech_obs_thosimult,STAR_WAVE_F8,7.51710324835928E-06,3.96000300050281E-07,0,0,0
HD95456,165.16953,-31.83854,2453809.7182604,0.351162,0.880069,-1342.553027,0.874159,-4.516729,0.501738,-1344.229531,0.377194,-11.406834,0.502894,4.622173,4.950267,-19.284162,1.370912,0.383073,0.000333,0.396978,0.000508,0.547675,0.000667,0,8.071195,37.841272,0.045437,-1.4,221.5,2453809.71837,3.01718,3.017157,0.088,-9999999,0.025792,-1.258819,0.723035,-1.702296,0.788593,0.47,299.9998,4.668975,4.947606,2006-03-15T05:05:13.118,-9999999,G2,072.C-0488(E),Mayor,-9999999,HARPS_ech_obs_all,HARPS_ech_obs_thosimult,STAR_WAVE_F8,6.6199561977309E-06,4.19126491169039E-07,0,0,0
HD95456,165.16953,-31.83854,2453809.722109,0.882996,0.886062,-1341.921453,0.877313,-3.986068,0.512177,-1343.605138,0.384447,-10.811936,0.512893,2.401922,5.496863,-20.941143,1.242102,0.382861,0.000338,0.396208,0.000516,0.546723,0.000678,0,8.074749,37.846257,0.04848,-1.4,217.7,2453809.72222,3.007454,3.007445,0.065,-9999999,0.025792,-1.259991,0.723036,-1.709477,0.788593,0.46,299.9981,2.44471,5.494287,2006-03-15T05:10:48.641,-9999999,G2,072.C-0488(E),Mayor,-9999999,HARPS_ech_obs_all,HARPS_ech_obs_thosimult,STAR_WAVE_F8,8.15518686823981E-06,4.51862984235348E-07,0,0,0
HD95456,165.16953,-31.83854,2453809.7260335,1.072698,0.877132,-1341.533601,0.871579,-3.797561,0.496568,-1343.224609,0.371176,-10.632578,0.497581,12.086015,5.247865,-21.278236,1.288469,0.382006,0.00032,0.396752,0.000492,0.548731,0.000647,0,8.072183,37.851617,0.048288,-1.4,228.2,2453809.72614,2.99759,2.997583,0.151,-9999999,0.025792,-1.261187,0.723036,-1.7168,0.788593,0.47,299.9999,12.126535,5.244906,2006-03-15T05:16:24.715,-9999999,G2,072.C-0488(E),Mayor,-9999999,HARPS_ech_obs_all,HARPS_ech_obs_thosimult,STAR_WAVE_F8,8.54932581620912E-06,3.7919352181893E-07,0,0,0
HD95456,165.16953,-31.83854,2453810.7141028,-1.839994,0.699489,-1344.435392,0.836284,-6.479624,0.375491,-1345.760554,0.270378,-13.283658,0.376542,5.712137,3.947582,-19.280079,0.971752,0.383253,0.00023,0.409635,0.000356,0.556421,0.000464,0,8.075809,37.839997,0.046938,-1.4,316.4,2453810.71422,2.600883,2.600846,0.186,-9999999,0.025824,-1.030558,0.590162,-1.350986,0.79137,0.48,399.9984,5.750527,3.940406,2006-03-16T04:58:22.079,-9999999,G2,072.C-0488(E),Mayor,-9999999,HARPS_ech_obs_all,HARPS_ech_obs_thosimult,STAR_WAVE_F8,7.31483613425758E-06,3.21807466172738E-07,0,0,0
HD95456,165.16953,-31.83854,2453810.7191447,-2.954937,0.691309,-1345.544416,0.832207,-7.596103,0.360022,-1346.878986,0.257491,-14.416845,0.361027,4.206643,4.290707,-18.902026,1.00828,0.38193,0.000221,0.409897,0.000341,0.555733,0.000444,0,8.075366,37.837305,0.04628,-1.4,330.5,2453810.71926,2.588125,2.588083,-0.135,-9999999,0.025824,-1.032094,0.590162,-1.360394,0.79137,0.48,400.0005,4.241741,4.280839,2006-03-16T05:05:37.693,-9999999,G2,072.C-0488(E),Mayor,-9999999,HARPS_ech_obs_all,HARPS_ech_obs_thosimult,STAR_WAVE_F8,8.01313068439445E-06,3.00219934721978E-07,0,0,0
HD95456,165.16953,-31.83854,2453811.7406494,-4.214158,0.834503,-1346.914328,0.876672,-6.837895,0.428064,-1346.354697,0.317076,-13.657316,0.42913,8.659688,4.512116,-18.383548,1.011065,0.382472,0.000275,0.405558,0.000426,0.543148,0.000551,0,8.076159,37.839427,0.044883,-1.4,265.8,2453811.74075,2.107835,2.107855,0.529,-9999999,0.025856,0.985336,0.71635,0.533775,0.817323,0.45,420.0003,8.698452,4.503659,2006-03-17T05:36:37.973,-9999999,G2,072.C-0488(E),Mayor,-9999999,HARPS_ech_obs_all,HARPS_ech_obs_thosimult,STAR_WAVE_F8,7.38566546007253E-06,3.49127196682536E-07,0,0,0
HD95456,165.16953,-31.83854,2453811.746012,-2.577734,0.852853,-1345.245347,0.887213,-5.203104,0.462818,-1344.695722,0.345151,-12.117932,0.463743,-3.747048,5.011491,-16.916204,1.334927,0.381752,0.000294,0.405671,0.000459,0.542366,0.000593,0,8.074304,37.834736,0.045926,-1.4,246.8,2453811.74612,2.094975,2.094964,0.472,-9999999,0.025856,0.983702,0.71635,0.523769,0.817324,0.47,419.9997,-3.70939,5.006293,2006-03-17T05:44:12.900,-9999999,G2,072.C-0488(E),Mayor,-9999999,HARPS_ech_obs_all,HARPS_ech_obs_thosimult,STAR_WAVE_F8,7.40234562344126E-06,4.37531647847806E-07,0,0,0
HD95456,165.16953,-31.83854,2453812.7240184,-4.14836,0.942997,-1347.06945,1.008257,-6.996195,0.421326,-1346.624538,0.309886,-13.919469,0.422579,-6.603061,5.089342,-18.238404,1.163526,0.382458,0.000264,0.411355,0.00041,0.555397,0.000532,0,8.078085,37.843775,0.043964,-1.4,275.4,2453812.72413,1.721055,1.721044,0.102,-9999999,0.025888,0.761237,0.84364,0.419024,0.959455,0.48,419.9994,-6.567579,5.085062,2006-03-18T05:12:27.877,-9999999,G2,072.C-0488(E),Mayor,-9999999,HARPS_ech_obs_all,HARPS_ech_obs_thosimult,STAR_WAVE_F8,7.30695365007374E-06,3.33911573278073E-07,0,0,0
HD95456,165.16953,-31.83854,2453812.729232,-3.95442,0.944887,-1347.131774,1.009124,-6.803843,0.425539,-1346.69659,0.312694,-13.626903,0.426621,-3.672272,3.998402,-18.807994,1.032836,0.382201,0.000263,0.411024,0.000411,0.555496,0.000534,0,8.074263,37.844581,0.04737,-1.4,274.6,2453812.72935,1.708175,1.708157,0.054,-9999999,0.025888,0.759649,0.84364,0.409296,0.959455,0.47,420.0003,-3.63429,3.989347,2006-03-18T05:20:02.533,-9999999,G2,072.C-0488(E),Mayor,-9999999,HARPS_ech_obs_all,HARPS_ech_obs_thosimult,STAR_WAVE_F8,7.22968464255085E-06,4.74505656596899E-07,0,0,0
HD95456,165.16953,-31.83854,2453813.7199074,-1.989894,0.951894,-1344.922161,1.020853,-5.886274,0.417889,-1345.375259,0.307274,-12.776663,0.419005,0.62996,4.923968,-23.489086,1.082452,0.382192,0.000274,0.399373,0.000418,0.546463,0.000547,0,8.072059,37.85986,0.0455,-1.4,269.6,2453813.72003,1.30328,1.30324,0.217,-9999999,0.025919,-0.287308,0.855261,-0.479017,0.973511,0.48,420.0003,0.666414,4.917267,2006-03-19T05:06:32.224,-9999999,G2,072.C-0488(E),Mayor,-9999999,HARPS_ech_obs_all,HARPS_ech_obs_thosimult,STAR_WAVE_F8,7.25360261343006E-06,3.63920727457565E-07,0,0,0
HD95456,165.16953,-31.83854,2453813.7255897,-3.157,0.936303,-1346.257049,1.011863,-7.055111,0.381041,-1346.720749,0.275939,-13.923468,0.3823,8.132806,4.615938,-20.293112,0.986747,0.382754,0.000243,0.399323,0.000372,0.556784,0.000486,0,8.075253,37.845194,0.046586,-1.4,302.9,2453813.72572,1.289211,1.289152,0.415,-9999999,0.02592,-0.289039,0.855261,-0.48962,0.973512,0.56,419.9979,8.171471,4.608792,2006-03-19T05:14:09.571,-9999999,G2,072.C-0488(E),Mayor,-9999999,HARPS_ech_obs_all,HARPS_ech_obs_thosimult,STAR_WAVE_F8,6.45469372195598E-06,3.99973965057713E-07,0,0,0
HD95456,165.16953,-31.83854,2453817.7559824,-2.020619,0.945527,-1344.58666,0.889189,-5.790482,0.403168,-1345.229067,0.294151,-12.638322,0.404447,11.749732,4.001186,-16.925767,1.025357,0.381931,0.000246,0.412138,0.000385,0.557039,0.000501,0,8.078302,37.842242,0.044942,-1.4,293.5,2453817.75609,-0.495534,-0.495467,0.046,-9999999,0.026048,-0.160791,0.855264,-0.668455,0.839125,0.46,420.0004,11.786181,3.990718,2006-03-23T05:58:36.850,-9999999,G2,072.C-0488(E),Mayor,-9999999,HARPS_ech_obs_all,HARPS_ech_obs_thosimult,STAR_WAVE_F8,6.81832265699839E-06,3.87888801137141E-07,0,0,0
HD95456,165.16953,-31.83854,2453817.761308,-2.465992,0.946032,-1345.73322,0.889027,-6.237478,0.40435,-1346.385565,0.293658,-13.160867,0.405826,4.253668,4.766633,-19.100796,1.096664,0.382556,0.000243,0.411004,0.000381,0.556979,0.000497,0,8.078003,37.84633,0.045413,-1.4,295.6,2453817.76142,-0.50715,-0.507115,0.091,-9999999,0.026048,-0.162414,0.855265,-0.678393,0.839126,0.47,420.0003,4.289993,4.764002,2006-03-23T06:06:12.787,-9999999,G2,072.C-0488(E),Mayor,-9999999,HARPS_ech_obs_all,HARPS_ech_obs_thosimult,STAR_WAVE_F8,7.93030473043714E-06,3.65728154710894E-07,0,0,0
HD95456,165.16953,-31.83854,2453829.7092998,-6.062915,0.624213,-1348.81599,0.729658,-10.043957,0.351578,-1348.92434,0.243417,-16.804395,0.354106,5.618053,4.221386,-27.834959,1.164602,0.382226,0.000203,0.415304,0.000319,0.545347,0.000414,0,8.073146,37.860446,0.047545,-1.4,356.1,2453829.70941,-5.483852,-5.483833,0.305,-9999999,0.026429,-0.37197,0.515786,-0.134779,0.687858,0.47,399.9988,5.646901,4.214502,2006-04-04T04:51:38.387,-9999999,G2,072.C-0488(E),Mayor,-9999999,HARPS_ech_obs_all,HARPS_ech_obs_thosimult,STAR_WAVE_F8,6.72365632468738E-06,2.93838319634185E-07,0,0,0
HD95456,165.16953,-31.83854,2453829.7143742,-6.480518,0.625966,-1349.633795,0.730621,-10.463106,0.35468,-1349.751614,0.246289,-17.155924,0.356942,8.929225,4.585026,-28.309808,1.196865,0.382021,0.000203,0.415318,0.000321,0.544941,0.000416,0,8.072187,37.864769,0.047015,-1.4,353.8,2453829.71449,-5.495382,-5.49537,0.088,-9999999,0.026429,-0.373516,0.515786,-0.144248,0.687858,0.48,400.0009,8.953607,4.568838,2006-04-04T04:58:52.820,-9999999,G2,072.C-0488(E),Mayor,-9999999,HARPS_ech_obs_all,HARPS_ech_obs_thosimult,STAR_WAVE_F8,6.57222315291777E-06,4.34333331005681E-07,0,0,0
HD95456,165.16953,-31.83854,2453832.7820547,-2.069607,0.673023,-1344.403607,1.028987,-6.005112,0.424726,-1344.941661,0.300898,-12.915815,0.427245,7.439857,4.600166,-18.387423,1.261233,0.382134,0.000239,0.405892,0.000385,0.556764,0.000499,0,8.07613,37.825769,0.044872,-1.4,294.8,2453832.78216,-6.853574,-6.853468,-0.295,-9999999,0.026527,-0.326433,0.52208,-0.564581,0.984009,0.47,400.0007,7.45171,4.590719,2006-04-07T06:36:29.669,-9999999,G2,072.C-0488(E),Mayor,-9999999,HARPS_ech_obs_all,HARPS_ech_obs_thosimult,STAR_WAVE_F8,7.10722183911218E-06,4.45003348313348E-07,0,0,0
HD95456,165.16953,-31.83854,2453832.7870775,-3.253763,0.675114,-1345.183897,1.029846,-7.190798,0.42803,-1345.731323,0.303821,-14.128386,0.430253,13.222251,4.397523,-17.799687,1.28468,0.382289,0.000243,0.406058,0.00039,0.558303,0.000507,0,8.076398,37.833424,0.048069,-1.4,290.7,2453832.78719,-6.86101,-6.860895,-0.023,-9999999,0.026527,-0.327963,0.522082,-0.573953,0.98401,0.47,399.9997,13.23318,4.390654,2006-04-07T06:43:43.643,-9999999,G2,072.C-0488(E),Mayor,-9999999,HARPS_ech_obs_all,HARPS_ech_obs_thosimult,STAR_WAVE_F8,8.02457835191162E-06,3.3483039640436E-07,0,0,0
HD95456,165.16953,-31.83854,2453864.5966971,-2.332055,0.902758,-1344.579178,0.744852,-5.2585,0.397714,-1344.327944,0.280717,-12.059224,0.399662,1.541466,5.068755,-18.672094,1.133609,0.38084,0.000231,0.407746,0.000367,0.551321,0.000472,0,8.083037,37.837957,0.047664,-1.4,310.5,2453864.59682,-17.785706,-17.785791,-0.105,-9999999,0.027542,0.682627,0.810429,0.223692,0.689929,0.48,419.9986,1.603381,5.069879,2006-05-09T02:11:15.115,-9999999,G2,072.C-0488(E),Mayor,-9999999,HARPS_ech_obs_all,HARPS_ech_obs_thosimult,STAR_WAVE_F8,6.87055570855215E-06,3.98593032313656E-07,0,0,0
HD95456,165.16953,-31.83854,2453864.6018828,-3.897459,0.907512,-1346.581769,0.748819,-6.825484,0.408394,-1346.340211,0.291084,-13.784385,0.410368,8.492893,4.536148,-18.842512,1.142537,0.381289,0.000239,0.408065,0.00038,0.552202,0.000489,0,8.083938,37.83511,0.04684,-1.4,299.7,2453864.60199,-17.797325,-17.797374,-0.325,-9999999,0.027542,0.681047,0.810427,0.214016,0.689927,0.46,419.9999,8.557651,4.53897,2006-05-09T02:18:51.581,-9999999,G2,072.C-0488(E),Mayor,-9999999,HARPS_ech_obs_all,HARPS_ech_obs_thosimult,STAR_WAVE_F8,7.47362927267399E-06,3.66424662279182E-07,0,0,0
HD95456,165.16953,-31.83854,2453869.6170215,-4.402185,0.926609,-1347.377592,1.014246,-8.372747,0.356538,-1347.272667,0.245808,-15.12801,0.358863,3.486515,5.172704,-25.094357,1.203058,0.380434,0.000202,0.416374,0.000321,0.55065,0.000413,0,8.077398,37.860403,0.043771,-1.4,355.1,2453869.61713,-19.172252,-19.172328,0.687,-9999999,0.027702,-0.36149,0.855269,0.077223,0.984009,0.48,420.0015,3.534448,5.171329,2006-05-14T02:40:57.646,-9999999,G2,072.C-0488(E),Mayor,-9999999,HARPS_ech_obs_all,HARPS_ech_obs_thosimult,STAR_WAVE_F8,7.22494758032103E-06,3.24885313024474E-07,0,0,0
HD95456,165.16953,-31.83854,2453869.6222538,-5.169344,0.932051,-1347.970619,1.017089,-9.1415,0.370453,-1347.875457,0.257291,-15.975049,0.372609,4.08294,4.815065,-23.623863,1.276659,0.380512,0.000211,0.416212,0.000336,0.550327,0.000432,0,8.078285,37.853938,0.044369,-1.4,339.2,2453869.62237,-19.182554,-19.182618,0.657,-9999999,0.027702,-0.363084,0.855268,0.06746,0.984008,0.47,420,4.129815,4.811575,2006-05-14T02:48:33.942,-9999999,G2,072.C-0488(E),Mayor,-9999999,HARPS_ech_obs_all,HARPS_ech_obs_thosimult,STAR_WAVE_F8,7.52385655071853E-06,3.50969124106007E-07,0,0,0
HD95456,165.16953,-31.83854,2454081.8499512,10.994281,1.083726,-1333.985606,1.101551,7.620765,0.66554,-1333.957071,0.495073,0.832348,0.665416,-8.549604,6.732802,-0.746185,1.590243,0.383529,0.00043,0.407192,0.000668,0.555517,0.000858,0,8.080102,37.772256,0.041503,-1.4,170.9,2454081.85006,24.61413,24.613846,-1.418,-9999999,0.034469,0.235556,0.855289,-0.005934,0.984031,0.47,360.0012,-8.529995,6.732895,2006-12-12T08:22:22.155,-9999999,G2,072.C-0488(E),Mayor,-9999999,HARPS_ech_obs_all,HARPS_ech_obs_thosimult,STAR_WAVE_F8,9.60516309486019E-06,5.36050600109655E-07,0,0,0
HD95456,165.16953,-31.83854,2454081.8548944,2.03191,1.069933,-1341.458586,1.095097,-1.343112,0.642832,-1341.439275,0.480539,-8.002712,0.642253,6.713302,5.893103,-6.980029,1.617605,0.384583,0.000423,0.40664,0.000653,0.554176,0.000838,0,8.07311,37.790553,0.047733,-1.4,174.9,2454081.85503,24.605042,24.604717,-1.311,-9999999,0.034469,0.23405,0.855291,-0.015158,0.984033,0.57,360.0014,6.724783,5.889324,2006-12-12T08:28:53.217,-9999999,G2,072.C-0488(E),Mayor,-9999999,HARPS_ech_obs_all,HARPS_ech_obs_thosimult,STAR_WAVE_F8,9.75231536296939E-06,5.65042401349637E-07,0,0,0
HD95456,165.16953,-31.83854,2454083.8579594,5.396917,0.859756,-1337.907764,0.904678,2.633724,0.478074,-1337.765413,0.347871,-4.105101,0.477769,-0.878543,4.860206,-3.226004,1.321165,0.382807,0.000293,0.408375,0.000459,0.54277,0.000589,0,8.078162,37.777975,0.048636,-1.4,247.7,2454083.85806,24.738346,24.7381,0.507,-9999999,0.034533,0.845879,0.71458,0.107818,0.835121,0.45,300.0007,-0.859949,4.859712,2006-12-14T08:34:14.073,-9999999,G2,072.C-0488(E),Mayor,-9999999,HARPS_ech_obs_all,HARPS_ech_obs_thosimult,STAR_WAVE_F8,7.51264952045134E-06,4.38646279817652E-07,0,0,0
HD95456,165.16953,-31.83854,2454083.8618584,2.48899,0.858098,-1340.557536,0.904177,-0.275391,0.475084,-1340.422461,0.346562,-6.941386,0.474829,4.700482,4.902133,-0.925645,1.2945,0.382784,0.000293,0.408845,0.000458,0.543435,0.000588,0,8.078758,37.774263,0.047694,-1.4,248.3,2454083.86198,24.730824,24.730549,0.359,-9999999,0.034533,0.844691,0.714582,0.100542,0.835123,0.47,299.9996,4.712976,4.901118,2006-12-14T08:39:44.921,-9999999,G2,072.C-0488(E),Mayor,-9999999,HARPS_ech_obs_all,HARPS_ech_obs_thosimult,STAR_WAVE_F8,8.38716950098199E-06,3.59841431437687E-07,0,0,0
HD95456,165.16953,-31.83854,2454084.8494777,1.371284,0.948156,-1342.726936,1.026237,-2.002088,0.409243,-1342.697422,0.291285,-8.641229,0.408774,3.148379,5.04445,-1.444426,1.239802,0.381854,0.000246,0.40813,0.000384,0.541633,0.000492,0,8.075844,37.771596,0.047227,-1.4,296,2454084.84959,24.812624,24.812356,-0.267,-9999999,0.034565,0.2357,0.855289,-0.005051,0.984031,0.49,360.0004,3.163692,5.042194,2006-12-15T08:21:12.819,-9999999,G2,072.C-0488(E),Mayor,-9999999,HARPS_ech_obs_all,HARPS_ech_obs_thosimult,STAR_WAVE_F8,8.63195925915539E-06,2.88313859618244E-07,0,0,0
HD95456,165.16953,-31.83854,2454084.8539204,1.500008,0.953919,-1342.524481,1.030011,-1.874717,0.42242,-1342.503257,0.304306,-8.58578,0.422217,2.379674,4.373264,0.367791,1.140276,0.382272,0.000257,0.408113,0.000401,0.541915,0.000515,0,8.07571,37.762735,0.048185,-1.4,283.1,2454084.85404,24.804158,24.803885,-0.132,-9999999,0.034565,0.234347,0.855291,-0.013341,0.984032,0.47,360.0021,2.399211,4.368385,2006-12-15T08:27:43.831,-9999999,G2,072.C-0488(E),Mayor,-9999999,HARPS_ech_obs_all,HARPS_ech_obs_thosimult,STAR_WAVE_F8,8.73244853784776E-06,3.39163110569901E-07,0,0,0
HD95456,165.16953,-31.83854,2454117.7900711,0.858978,1.140382,-1341.481195,1.13378,-2.421877,0.754309,-1341.866469,0.563188,-9.234848,0.753997,1.340077,6.306966,-1.190158,2.133939,0.38019,0.000494,0.406849,0.000767,0.546892,0.000989,0,8.077809,37.778432,0.049104,-1.4,149,2454117.79019,22.509994,22.509845,0.048,-9999999,0.035615,0.328217,0.855271,-0.420889,0.984011,0.53,300.0001,1.36978,6.305726,2007-01-17T06:52:07.600,-9999999,G2,072.C-0488(E),Mayor,-9999999,HARPS_ech_obs_all,HARPS_ech_obs_thosimult,STAR_WAVE_F8,8.71904194030908E-06,7.11831042166204E-07,0,0,0
HD95456,165.16953,-31.83854,2454117.7939164,1.031906,1.016358,-1341.018444,1.065474,-2.25012,0.549085,-1341.410893,0.408603,-8.968243,0.548376,-0.813125,5.582502,2.660136,1.588362,0.3802,0.00035,0.406859,0.000544,0.545934,0.000701,0,8.07832,37.7562,0.049638,-1.4,209.6,2454117.79403,22.501201,22.501053,0.487,-9999999,0.035615,0.327046,0.855272,-0.428064,0.984012,0.48,299.9998,-0.787826,5.579039,2007-01-17T06:57:54.808,-9999999,G2,072.C-0488(E),Mayor,-9999999,HARPS_ech_obs_all,HARPS_ech_obs_thosimult,STAR_WAVE_F8,8.17543513131507E-06,4.1164287147079E-07,0,0,0
HD95456,165.16953,-31.83854,2454117.7982017,0.871819,1.023838,-1342.416592,1.069997,-2.411513,0.562808,-1342.817036,0.420252,-8.915387,0.562293,-5.964746,5.681781,5.526169,1.57306,0.380492,0.000362,0.407273,0.000562,0.546707,0.000724,0,8.080888,37.739106,0.047581,-1.4,203.1,2454117.79832,22.491341,22.491198,0.337,-9999999,0.035616,0.325741,0.855273,-0.43606,0.984013,0.5,300.0026,-5.947817,5.679482,2007-01-17T07:03:59.028,-9999999,G2,072.C-0488(E),Mayor,-9999999,HARPS_ech_obs_all,HARPS_ech_obs_thosimult,STAR_WAVE_F8,7.82733007971257E-06,4.97572868083354E-07,0,0,0
HD95456,165.16953,-31.83854,2454120.8495346,1.242428,0.930737,-1341.112531,1.018018,-2.056542,0.367086,-1341.608661,0.260855,-8.732368,0.367216,3.142913,4.119179,-7.823019,1.125341,0.382606,0.00024,0.4089,0.000362,0.545324,0.000466,0,8.071264,37.790216,0.048021,-1.4,315.5,2454120.84965,21.748074,21.747954,-0.218,-9999999,0.035713,0.310102,0.855289,-0.531843,0.984031,0.5,449.9993,3.165892,4.113007,2007-01-20T08:16:19.752,-9999999,G2,072.C-0488(E),Mayor,-9999999,HARPS_ech_obs_all,HARPS_ech_obs_thosimult,STAR_WAVE_F8,9.04670305961237E-06,2.64895174294339E-07,0,0,0
HD95456,165.16953,-31.83854,2454120.8552955,0.823391,0.934824,-1341.700752,1.020179,-2.477334,0.377322,-1342.207631,0.269155,-9.120402,0.377193,2.93527,4.135067,-10.331275,1.036444,0.382354,0.00024,0.408824,0.000366,0.54382,0.00047,0,8.06962,37.796477,0.050819,-1.4,311.4,2454120.85541,21.734496,21.734381,-0.002,-9999999,0.035713,0.308347,0.855291,-0.542592,0.984033,0.48,449.9995,2.953694,4.128589,2007-01-20T08:24:46.460,-9999999,G2,072.C-0488(E),Mayor,-9999999,HARPS_ech_obs_all,HARPS_ech_obs_thosimult,STAR_WAVE_F8,9.50563510552761E-06,2.97608006967959E-07,0,0,0
HD95456,165.16953,-31.83854,2454121.8420152,7.387199,0.950267,-1335.369874,1.029344,4.09052,0.414116,-1335.851942,0.302056,-2.510025,0.413534,1.245993,4.44893,-5.59115,1.176801,0.378548,0.00027,0.408577,0.000412,0.542265,0.000528,0,8.07395,37.776425,0.048544,-1.4,277.1,2454121.84212,21.543774,21.543677,0.62,-9999999,0.035744,0.312393,0.855286,-0.517812,0.984028,0.46,449.9986,1.266241,4.448365,2007-01-21T08:05:41.871,-9999999,G2,072.C-0488(E),Mayor,-9999999,HARPS_ech_obs_all,HARPS_ech_obs_thosimult,STAR_WAVE_F8,8.97342590748562E-06,3.7224037164191E-07,0,0,0
HD95456,165.16953,-31.83854,2454121.8476918,6.353204,0.948906,-1337.083338,1.028633,3.054796,0.41098,-1337.575997,0.299617,-3.647277,0.410583,1.325869,4.399995,-4.719292,1.313434,0.378109,0.000269,0.409458,0.00041,0.543315,0.000526,0,8.074241,37.773381,0.049719,-1.4,278.5,2454121.8478,21.530299,21.530195,0.81,-9999999,0.035745,0.310664,0.855288,-0.528404,0.98403,0.48,449.9988,1.342977,4.399338,2007-01-21T08:13:43.298,-9999999,G2,072.C-0488(E),Mayor,-9999999,HARPS_ech_obs_all,HARPS_ech_obs_thosimult,STAR_WAVE_F8,8.28253169149367E-06,3.3837338776344E-07,0,0,0
HD95456,165.16953,-31.83854,2454134.7941423,3.36028,1.016269,-1339.736523,1.06608,-0.835965,0.548919,-1340.295909,0.41018,-7.612749,0.547735,4.118844,4.175986,-6.566925,1.534284,0.381113,0.000349,0.413159,0.000545,0.552638,0.000695,0,8.073533,37.778927,0.048012,-1.4,209.7,2454134.79425,18.211868,18.211811,0.143,-9999999,0.036157,-0.587172,0.855272,-0.595543,0.984012,0.43,149.9985,4.125491,4.17229,2007-02-03T06:57:53.568,-9999999,G2,072.C-0488(E),Mayor,-9999999,HARPS_ech_obs_all,HARPS_ech_obs_thosimult,STAR_WAVE_F8,9.83943684233655E-06,4.135977325636E-07,0,0,0
HD95456,165.16953,-31.83854,2454134.7962426,1.213845,1.013593,-1341.800504,1.06431,-2.983039,0.543948,-1342.363808,0.405556,-9.657856,0.542926,7.051662,5.336221,-9.171896,1.440855,0.381206,0.000345,0.411317,0.000537,0.552983,0.000686,0,8.073911,37.795456,0.048529,-1.4,212.2,2454134.79634,18.206687,18.206656,0.104,-9999999,0.036158,-0.587812,0.855272,-0.599462,0.984013,0.43,149.998,7.062877,5.333225,2007-02-03T07:00:55.018,-9999999,G2,072.C-0488(E),Mayor,-9999999,HARPS_ech_obs_all,HARPS_ech_obs_thosimult,STAR_WAVE_F8,6.78259323372572E-06,5.12036580290422E-07,0,0,0
HD95456,165.16953,-31.83854,2454134.7983202,3.273481,1.028895,-1340.547475,1.073094,-0.924036,0.571955,-1341.114655,0.428077,-7.636916,0.570655,-0.810081,5.153391,-5.850021,1.647544,0.380612,0.000358,0.412054,0.000562,0.552763,0.000717,0,8.073066,37.7765,0.049963,-1.4,203.2,2454134.79842,18.201565,18.201507,0.362,-9999999,0.036158,-0.588445,0.855273,-0.603338,0.984013,0.42,149.9997,-0.799727,5.151325,2007-02-03T07:03:56.017,-9999999,G2,072.C-0488(E),Mayor,-9999999,HARPS_ech_obs_all,HARPS_ech_obs_thosimult,STAR_WAVE_F8,8.82967006352429E-06,5.02556458327708E-07,0,0,0
HD95456,165.16953,-31.83854,2454134.8004329,3.621137,1.046591,-1339.79935,1.083264,-0.577024,0.603209,-1340.370472,0.452967,-7.312064,0.601645,9.56211,5.211114,-4.556534,1.901791,0.380617,0.000389,0.411591,0.000605,0.553868,0.000773,0,8.07453,37.772118,0.049019,-1.4,188.6,2454134.80053,18.19636,18.196329,0.22,-9999999,0.036158,-0.589089,0.855273,-0.60728,0.984014,0.43,149.9984,9.570739,5.208184,2007-02-03T07:06:57.038,-9999999,G2,072.C-0488(E),Mayor,-9999999,HARPS_ech_obs_all,HARPS_ech_obs_thosimult,STAR_WAVE_F8,8.71617338020571E-06,4.66595920411405E-07,0,0,0
HD95456,165.16953,-31.83854,2454134.8025458,2.573809,1.040338,-1340.631589,1.080426,-1.624996,0.592292,-1341.206654,0.446136,-8.328572,0.591119,8.015463,6.178086,-4.843465,1.920866,0.380705,0.00038,0.411359,0.000592,0.553891,0.000757,0,8.071346,37.78296,0.049484,-1.4,192.7,2454134.80265,18.191158,18.191103,0.158,-9999999,0.036158,-0.589733,0.855274,-0.611223,0.984014,0.44,149.9993,8.025898,6.175742,2007-02-03T07:09:58.088,-9999999,G2,072.C-0488(E),Mayor,-9999999,HARPS_ech_obs_all,HARPS_ech_obs_thosimult,STAR_WAVE_F8,9.00942175102361E-06,5.37414687380758E-07,0,0,0
HD95456,165.16953,-31.83854,2454134.8046228,4.658519,1.057024,-1338.500381,1.089432,0.459082,0.621132,-1339.079321,0.467522,-6.239586,0.620031,0.051511,5.444946,-4.54943,1.717361,0.3815,0.000397,0.411335,0.00062,0.55376,0.000792,0,8.074279,37.774265,0.049984,-1.4,183.9,2454134.80472,18.18605,18.18602,0.076,-9999999,0.036158,-0.590365,0.855274,-0.615098,0.984015,0.43,149.9998,0.056847,5.4421,2007-02-03T07:12:59.028,-9999999,G2,072.C-0488(E),Mayor,-9999999,HARPS_ech_obs_all,HARPS_ech_obs_thosimult,STAR_WAVE_F8,9.00163550726595E-06,5.39885532305683E-07,0,0,0
HD95456,165.16953,-31.83854,2454167.6912041,4.950158,0.697241,-1337.620789,0.652445,1.520802,0.311563,-1337.462329,0.214752,-5.271783,0.31308,4.199695,3.382781,-7.177637,1.074061,0.379995,0.000184,0.402118,0.000282,0.544092,0.000367,0,8.0794,37.786421,0.046839,-1.4,399.8,2454167.69131,6.183846,6.183854,0.534,-9999999,0.037206,0.179716,0.623758,0.121254,0.61609,0.47,449.9957,4.239217,3.382509,2007-03-08T04:25:14.006,-9999999,G2,072.C-0488(E),Mayor,-9999999,HARPS_ech_obs_all,HARPS_ech_obs_thosimult,STAR_WAVE_F8,8.10607281860321E-06,2.89515302834016E-07,0,0,0
HD95456,165.16953,-31.83854,2454167.6967763,5.571838,0.698442,-1337.388181,0.65345,2.140784,0.314242,-1337.240118,0.217786,-4.640221,0.31559,6.620427,3.822276,-6.646339,1.117711,0.380138,0.000186,0.402935,0.000286,0.54421,0.000372,0,8.079372,37.782805,0.046348,-1.4,395.4,2454167.69689,6.169442,6.169416,0.867,-9999999,0.037207,0.178018,0.623758,0.110856,0.61609,0.47,449.9957,6.66251,3.821754,2007-03-08T04:33:15.432,-9999999,G2,072.C-0488(E),Mayor,-9999999,HARPS_ech_obs_all,HARPS_ech_obs_thosimult,STAR_WAVE_F8,8.11725289032365E-06,2.99177568352937E-07,0,0,0
HD95456,165.16953,-31.83854,2454171.7377579,2.185701,0.830023,-1340.729805,0.865259,-2.358508,0.363935,-1341.93081,0.259535,-9.160213,0.36513,7.65116,4.293943,-6.693689,1.129327,0.380211,0.000219,0.395004,0.000336,0.557824,0.000441,0,8.079729,37.785741,0.0452,-1.4,333.8,2454171.73787,4.374557,4.374567,-0.052,-9999999,0.037336,-0.935137,0.745983,-1.238341,0.825418,0.48,449.9961,7.696666,4.289514,2007-03-12T05:32:05.549,-9999999,G2,072.C-0488(E),Mayor,-9999999,HARPS_ech_obs_all,HARPS_ech_obs_thosimult,STAR_WAVE_F8,8.95500503013134E-06,3.20540284064078E-07,0,0,0
HD95456,165.16953,-31.83854,2454171.7433244,2.071473,0.833141,-1340.347585,0.867022,-2.474432,0.370989,-1341.558977,0.265351,-9.271393,0.372132,4.095785,4.139136,-6.575538,1.232866,0.380079,0.000223,0.395073,0.000342,0.557585,0.00045,0,8.077594,37.792346,0.04811,-1.4,327.2,2454171.74343,4.360742,4.360761,0.027,-9999999,0.037336,-0.936832,0.745983,-1.248728,0.825419,0.48,449.9943,4.141099,4.140428,2007-03-12T05:40:06.485,-9999999,G2,072.C-0488(E),Mayor,-9999999,HARPS_ech_obs_all,HARPS_ech_obs_thosimult,STAR_WAVE_F8,7.85316585888245E-06,2.81794444860193E-07,0,0,0
HD95456,165.16953,-31.83854,2454173.7129702,-0.538547,0.714217,-1343.851586,0.648661,-5.160707,0.513021,-1345.090464,0.384306,-11.961402,0.513968,-0.863915,4.389316,-7.031238,1.550927,0.380884,0.000326,0.393766,0.000499,0.558918,0.000658,0,8.075899,37.796937,0.047039,-1.4,224.5,2454173.71311,3.583246,3.583182,-0.102,-9999999,0.037398,-1.013087,0.496906,-1.276276,0.52256,0.61,449.9967,-0.818691,4.390042,2007-03-14T04:55:23.082,-9999999,G2,072.C-0488(E),Mayor,-9999999,HARPS_ech_obs_all,HARPS_ech_obs_thosimult,STAR_WAVE_F8,8.37910090441017E-06,4.20154360300747E-07,0,0,0
HD95456,165.16953,-31.83854,2454173.7175517,-1.058158,0.696238,-1343.767745,0.637388,-5.681713,0.48768,-1345.015171,0.364957,-12.67362,0.489133,5.522171,5.28642,-10.259276,1.575216,0.38134,0.000318,0.394203,0.000482,0.558404,0.000635,0,8.075177,37.802034,0.048901,-1.4,232.8,2454173.71765,3.571544,3.571597,0.162,-9999999,0.037399,-1.014483,0.496906,-1.284825,0.522561,0.42,449.9951,5.555343,5.283922,2007-03-14T05:03:24.418,-9999999,G2,072.C-0488(E),Mayor,-9999999,HARPS_ech_obs_all,HARPS_ech_obs_thosimult,STAR_WAVE_F8,7.19474005978559E-06,4.31029210805287E-07,0,0,0
HD95456,165.16953,-31.83854,2454194.6359688,0.387151,0.96278,-1342.334478,1.038179,-3.001838,0.442116,-1342.47922,0.330982,-9.815894,0.444132,5.579337,4.503955,-8.98452,1.287249,0.379889,0.000278,0.408924,0.000435,0.55248,0.000559,0,8.077517,37.790614,0.048126,-1.4,261.7,2454194.63608,-5.178857,-5.178856,0.541,-9999999,0.038066,0.220083,0.855266,-0.182808,0.984005,0.48,270.0005,5.607538,4.499118,2007-04-04T03:06:59.805,-9999999,G2,072.C-0488(E),Mayor,-9999999,HARPS_ech_obs_all,HARPS_ech_obs_thosimult,STAR_WAVE_F8,8.26666549541855E-06,4.02681338108275E-07,0,0,0
HD95456,165.16953,-31.83854,2454194.6393952,0.319242,0.955566,-1342.511246,1.033765,-3.070791,0.426179,-1342.662382,0.316868,-9.931932,0.428067,6.24316,4.666504,-8.2392,1.257831,0.380235,0.000267,0.408798,0.000417,0.553871,0.000537,0,8.076849,37.783728,0.047274,-1.4,273.1,2454194.63951,-5.187684,-5.187686,0.649,-9999999,0.038066,0.219039,0.855265,-0.189202,0.984005,0.46,269.999,6.280358,4.658752,2007-04-04T03:12:01.252,-9999999,G2,072.C-0488(E),Mayor,-9999999,HARPS_ech_obs_all,HARPS_ech_obs_thosimult,STAR_WAVE_F8,7.35299724622623E-06,4.28865533646343E-07,0,0,0
HD95456,165.16953,-31.83854,2454194.6428803,-0.062493,0.976139,-1342.856424,1.045453,-3.453588,0.4705,-1343.014062,0.353141,-10.266649,0.472512,4.197378,4.657548,-7.693386,1.464568,0.379627,0.000298,0.408144,0.000465,0.553124,0.000599,0,8.078596,37.77965,0.047002,-1.4,244.6,2454194.64299,-5.196649,-5.196651,0.415,-9999999,0.038066,0.217977,0.855265,-0.195704,0.984004,0.46,270.0017,4.228452,4.65243,2007-04-04T03:17:02.368,-9999999,G2,072.C-0488(E),Mayor,-9999999,HARPS_ech_obs_all,HARPS_ech_obs_thosimult,STAR_WAVE_F8,8.44934494286159E-06,3.72727462166169E-07,0,0,0
HD95456,165.16953,-31.83854,2454258.4713306,0.526482,0.968549,-1342.177156,0.929125,-2.619903,0.78588,-1341.137985,0.601677,-9.422821,0.787746,13.20919,7.54489,-7.070789,2.406691,0.380523,0.000536,0.408396,0.000833,0.539808,0.001073,0,8.077705,37.790222,0.047853,-1.4,138,2454258.47143,-23.27316,-23.273343,0.172,-9999999,0.040101,0.462687,0.566109,0.99907,0.707996,0.41,119.9989,13.22703,7.542514,2007-06-06T23:16:07.068,-9999999,G2,072.C-0488(E),Mayor,-9999999,HARPS_ech_obs_all,HARPS_ech_obs_thosimult,STAR_WAVE_F8,8.56561851612725E-06,5.81276384668969E-07,0,0,0
HD95456,165.16953,-31.83854,2454258.4730773,4.211281,0.98598,-1339.249494,0.938335,1.064364,0.807266,-1338.213582,0.615805,-5.945789,0.809472,5.893076,7.562998,-12.406715,2.238619,0.379172,0.000552,0.408934,0.000859,0.539191,0.001105,0,8.077523,37.811223,0.047209,-1.4,134,2454258.47318,-23.277102,-23.277277,0.153,-9999999,0.040101,0.462155,0.566107,0.995811,0.707995,0.41,119.9986,5.926369,7.56119,2007-06-06T23:18:37.997,-9999999,G2,072.C-0488(E),Mayor,-9999999,HARPS_ech_obs_all,HARPS_ech_obs_thosimult,STAR_WAVE_F8,6.99517353342353E-06,6.75321075070966E-07,0,0,0
HD95456,165.16953,-31.83854,2454258.4748662,4.498261,1.041335,-1338.643834,0.971097,1.350799,0.874016,-1337.61126,0.664662,-5.493551,0.875758,-5.628274,7.516384,-11.351017,2.493699,0.37995,0.000599,0.40925,0.000933,0.540359,0.0012,0,8.079741,37.808004,0.045162,-1.4,123.7,2454258.47497,-23.281133,-23.281332,0.12,-9999999,0.040101,0.46161,0.566106,0.992473,0.707993,0.44,119.9988,-5.613342,7.515543,2007-06-06T23:21:08.975,-9999999,G2,072.C-0488(E),Mayor,-9999999,HARPS_ech_obs_all,HARPS_ech_obs_thosimult,STAR_WAVE_F8,7.66551523436872E-06,6.75505592495518E-07,0,0,0
HD95456,165.16953,-31.83854,2454258.4765904,4.333007,1.023745,-1339.486958,0.960414,1.18502,0.852983,-1338.457602,0.648955,-5.693446,0.854635,18.13468,7.778737,-10.801686,2.004991,0.380006,0.000583,0.408334,0.000906,0.538883,0.001166,0,8.084148,37.800208,0.046664,-1.4,127,2454258.47669,-23.28501,-23.285174,0.27,-9999999,0.040101,0.461085,0.566104,0.989255,0.707992,0.42,120.0015,18.160158,7.776184,2007-06-06T23:23:40.353,-9999999,G2,072.C-0488(E),Mayor,-9999999,HARPS_ech_obs_all,HARPS_ech_obs_thosimult,STAR_WAVE_F8,5.67955020172085E-06,8.23138549312587E-07,0,0,0
HD95456,165.16953,-31.83854,2454258.4783222,2.794309,1.020892,-1340.557384,0.958847,-0.354206,0.849558,-1339.531259,0.646635,-7.294063,0.851818,17.857508,7.499423,-8.555296,2.259247,0.380233,0.000576,0.409029,0.000899,0.539831,0.001156,0,8.084296,37.789289,0.047088,-1.4,128.2,2454258.47842,-23.288898,-23.289061,0.382,-9999999,0.040101,0.460557,0.566103,0.986024,0.70799,0.41,120.0006,17.883958,7.497603,2007-06-06T23:26:11.191,-9999999,G2,072.C-0488(E),Mayor,-9999999,HARPS_ech_obs_all,HARPS_ech_obs_thosimult,STAR_WAVE_F8,7.62936531381982E-06,7.26056237094748E-07,0,0,0
HD95456,165.16953,-31.83854,2454485.7564963,-0.253556,0.958085,-1343.45133,1.030152,-3.237237,0.431799,-1343.117033,0.304874,-9.858373,0.431174,-2.630847,5.242166,-9.778724,1.183807,0.384984,0.000261,0.415876,0.000401,0.559287,0.000519,0,8.079372,37.812542,0.0488,-1.4,284,2454485.75661,22.002762,22.002657,0.264,-9999999,0.047349,0.625391,0.855264,0.286948,0.984004,0.46,300,-2.60743,5.235713,2008-01-20T06:03:49.541,-9999999,G2,072.C-0488(E),Mayor,-9999999,HARPS_ech_obs_all,HARPS_ech_obs_thosimult,STAR_WAVE_F8,7.37923242398723E-06,3.86440313362089E-07,0,0,0
HD95456,165.16953,-31.83854,2454485.7603324,-1.335952,0.958071,-1344.191893,1.029961,-4.320802,0.431767,-1343.864754,0.304229,-10.999972,0.430948,-8.637187,4.486838,-10.744295,1.078063,0.38465,0.00026,0.416043,0.000401,0.55986,0.000518,0,8.080463,37.819358,0.04823,-1.4,284.7,2454485.76044,21.994391,21.994291,0.107,-9999999,0.047349,0.624222,0.855265,0.27979,0.984005,0.46,300,-8.62404,4.481841,2008-01-20T06:09:20.949,-9999999,G2,072.C-0488(E),Mayor,-9999999,HARPS_ech_obs_all,HARPS_ech_obs_thosimult,STAR_WAVE_F8,7.29429855632158E-06,3.32343274171166E-07,0,0,0
HD95456,165.16953,-31.83854,2454485.7641428,-1.646304,0.96204,-1344.3495,1.032077,-4.632314,0.440502,-1344.029471,0.311314,-11.199682,0.439926,-3.899015,4.940405,-10.658174,1.084835,0.384215,0.000266,0.416303,0.00041,0.559196,0.00053,0,8.081961,37.811266,0.049491,-1.4,278.2,2454485.76425,21.985994,21.985894,0.162,-9999999,0.047349,0.623062,0.855266,0.27268,0.984005,0.45,300,-3.8766,4.932437,2008-01-20T06:14:53.146,-9999999,G2,072.C-0488(E),Mayor,-9999999,HARPS_ech_obs_all,HARPS_ech_obs_thosimult,STAR_WAVE_F8,-9999999,-9999999,-9999999,-9999999,-9999999
HD95456,165.16953,-31.83854,2454932.6561591,6.625856,0.64807,-1335.745126,0.572334,1.598621,0.313904,-1336.966678,0.215885,-5.13014,0.323648,1.126184,4.302306,-0.482809,1.462548,0.380683,0.000181,0.406109,0.000278,0.5548,0.00036,128,8.083356,37.785713,0.04834,-1.4,409.4,2454932.65615,-8.279568,-8.279274,0.084,-9999999,0.061599,-1.418163,0.566974,-1.283151,0.530056,0.49,900,1.146271,4.299742,2009-04-11T03:31:05.492,-9999999,G2,183.C-0972(A),Udry,-9999999,HARPS_ech_obs_all,HARPS_ech_obs_thosimult,STAR_WAVE_F8,8.23608928576138E-06,2.74885099891477E-07,0,0,0
HD95456,165.16953,-31.83854,2454934.6012625,2.689255,0.885048,-1339.505982,0.840181,-0.934568,0.294773,-1339.282449,0.193569,-7.758514,0.305607,0.744614,5.256724,3.754339,1.333628,0.381025,0.000166,0.404443,0.000253,0.556297,0.000329,128,8.084577,37.762642,0.047457,-1.4,450.2,2454934.60126,-8.929058,-8.928774,0.543,-9999999,0.061661,-0.014751,0.834517,0.161872,0.817579,0.5,900,0.766968,5.254359,2009-04-13T02:11:58.220,-9999999,G2,183.C-0972(A),Udry,-9999999,HARPS_ech_obs_all,HARPS_ech_obs_thosimult,STAR_WAVE_F8,8.26346697498509E-06,2.88428715054023E-07,0,0,0
HD95456,165.16953,-31.83854,2454936.6458492,7.29882,0.662367,-1335.038602,0.675474,2.680011,0.292217,-1335.835354,0.193231,-4.058809,0.30294,-0.063197,4.97724,9.394452,1.280186,0.380889,0.000164,0.406445,0.000251,0.555538,0.000325,128,8.087066,37.744371,0.049577,-1.4,456.1,2454936.64584,-9.819454,-9.819158,0.448,-9999999,0.061726,-1.009737,0.594423,-0.858478,0.647245,0.51,900,-0.035219,4.97616,2009-04-15T03:16:07.001,-9999999,G2,183.C-0972(A),Udry,-9999999,HARPS_ech_obs_all,HARPS_ech_obs_thosimult,STAR_WAVE_F8,8.16865513575876E-06,3.22411280348405E-07,0,0,0
HD95456,165.16953,-31.83854,2454938.6478906,3.82995,0.901042,-1339.255644,0.866938,-0.60211,0.283549,-1339.361629,0.189391,-7.295968,0.294467,-9.169825,5.256715,4.600253,1.211676,0.380459,0.000164,0.406392,0.000249,0.55365,0.000322,128,8.084051,37.761533,0.048996,-1.4,458.3,2454938.64789,-10.591038,-10.590755,0.531,-9999999,0.06179,-0.822988,0.855264,-0.167775,0.845998,0.51,900,-9.151725,5.255512,2009-04-17T03:19:09.202,-9999999,G2,183.C-0972(A),Udry,-9999999,HARPS_ech_obs_all,HARPS_ech_obs_thosimult,STAR_WAVE_F8,9.22269205347882E-06,2.37019890422597E-07,0,0,0
HD95456,165.16953,-31.83854,2454940.6528155,2.195782,0.819887,-1340.367788,0.77454,-2.052084,0.30814,-1340.893845,0.212234,-8.765761,0.318525,-0.846295,5.029166,1.879184,1.339771,0.380249,0.000184,0.407983,0.00028,0.551563,0.000361,128,8.083169,37.77308,0.047373,-1.4,408.2,2454940.6528,-11.357314,-11.35703,0.772,-9999999,0.061854,-0.638794,0.75978,-0.587911,0.744896,0.52,900,-0.826199,5.02457,2009-04-19T03:26:11.976,-9999999,G2,183.C-0972(A),Udry,-9999999,HARPS_ech_obs_all,HARPS_ech_obs_thosimult,STAR_WAVE_F8,8.7255280793218E-06,2.63339026968532E-07,0,0,0
HD95456,165.16953,-31.83854,2454947.6582979,8.702647,0.754181,-1334.171233,0.665661,3.966539,0.457817,-1334.711151,0.337464,-2.809459,0.463355,0.309683,5.52646,6.661961,1.610606,0.379697,0.000286,0.405732,0.00044,0.539326,0.000568,0,8.084013,37.733456,0.048509,-1.4,259.8,2454947.65822,-13.897757,-13.897353,0.132,-9999999,0.062077,-1.127036,0.599327,-0.601995,0.573779,0.52,300,0.307736,5.524422,2009-04-26T03:39:42.845,-9999999,G2,183.C-0972(A),Udry,-9999999,HARPS_ech_obs_all,HARPS_ech_obs_thosimult,STAR_WAVE_F8,8.88562724915837E-06,3.81922420923013E-07,0,0,0
HD95456,165.16953,-31.83854,2454947.662095,8.849626,0.761971,-1334.179342,0.672235,4.112361,0.47054,-1334.726345,0.350255,-2.663241,0.475958,-1.056947,5.821892,3.169831,1.475652,0.380213,0.000306,0.405927,0.000465,0.541389,0.000601,0,8.080904,37.740807,0.047187,-1.4,246.1,2454947.66208,-13.905852,-13.905597,-0.028,-9999999,0.062077,-1.128193,0.599326,-0.60908,0.573778,0.5,300,-1.040468,5.820453,2009-04-26T03:45:16.934,-9999999,G2,183.C-0972(A),Udry,-9999999,HARPS_ech_obs_all,HARPS_ech_obs_thosimult,STAR_WAVE_F8,8.75557610492783E-06,3.66113448438126E-07,0,0,0
HD95456,165.16953,-31.83854,2454947.665938,8.714444,0.759054,-1334.438836,0.670433,3.976008,0.465803,-1334.993009,0.346786,-2.991106,0.471467,-3.220102,5.907704,3.857139,1.894451,0.38062,0.000301,0.406633,0.000459,0.540239,0.000592,0,8.082592,37.74094,0.048765,-1.4,249.6,2454947.66593,-13.913929,-13.913675,0.158,-9999999,0.062078,-1.129364,0.599325,-0.616251,0.573777,0.49,300,-3.218187,5.905768,2009-04-26T03:50:51.982,-9999999,G2,183.C-0972(A),Udry,-9999999,HARPS_ech_obs_all,HARPS_ech_obs_thosimult,STAR_WAVE_F8,8.12650769398153E-06,3.69310912008862E-07,0,0,0
HD95456,165.16953,-31.83854,2454951.6773737,8.931309,0.951492,-1334.158476,0.706595,5.729926,0.530474,-1333.468425,0.398058,-1.051654,0.534938,1.069376,5.251412,8.759298,1.831315,0.3806,0.000338,0.406405,0.000519,0.548706,0.000668,0,8.087243,37.728387,0.049723,-1.4,219.8,2454951.67737,-15.28046,-15.280223,0.073,-9999999,0.062205,0.407689,0.789895,0.627846,0.583803,0.51,300,1.090703,5.251002,2009-04-30T04:07:30.652,-9999999,G2,183.C-0972(A),Udry,-9999999,HARPS_ech_obs_all,HARPS_ech_obs_thosimult,STAR_WAVE_F8,7.76705680211704E-06,4.51287757479419E-07,0,0,0
HD95456,165.16953,-31.83854,2454951.6811247,7.427211,0.954055,-1335.711777,0.7074,4.224686,0.535058,-1335.028725,0.399487,-2.520152,0.539341,4.632664,5.477078,5.592757,1.684971,0.38045,0.000337,0.407029,0.00052,0.548749,0.000669,0,8.083358,37.741548,0.048623,-1.4,219.6,2454951.68112,-15.287387,-15.287149,-0.379,-9999999,0.062206,0.406547,0.789895,0.620846,0.583802,0.47,300,4.651471,5.476055,2009-04-30T04:13:06.750,-9999999,G2,183.C-0972(A),Udry,-9999999,HARPS_ech_obs_all,HARPS_ech_obs_thosimult,STAR_WAVE_F8,9.63313678021058E-06,4.46209068927214E-07,0,0,0
HD95456,165.16953,-31.83854,2454951.685143,8.400542,0.956744,-1334.422816,0.709932,5.196792,0.539838,-1333.747261,0.403954,-1.480605,0.544356,-6.272548,6.637214,6.475552,1.62733,0.380445,0.000341,0.406695,0.000526,0.550144,0.000677,0,8.083159,37.73767,0.051024,-1.4,217.2,2454951.68513,-15.294653,-15.294412,-0.028,-9999999,0.062206,0.405322,0.789895,0.613349,0.583802,0.51,300,-6.250444,6.637318,2009-04-30T04:18:41.949,-9999999,G2,183.C-0972(A),Udry,-9999999,HARPS_ech_obs_all,HARPS_ech_obs_thosimult,STAR_WAVE_F8,8.55309485821149E-06,4.81091713956464E-07,0,0,0
HD95456,165.16953,-31.83854,2454952.6351032,6.108718,0.814361,-1336.223986,0.731143,1.325149,0.490206,-1336.856227,0.366159,-5.434667,0.494706,-5.177862,6.111344,3.562137,1.769313,0.380114,0.000317,0.405921,0.000483,0.538143,0.000623,0,8.083025,37.744043,0.050163,-1.4,236.2,2454952.6351,-15.51776,-15.517512,0,-9999999,0.062236,-1.174497,0.650293,-0.694477,0.632849,0.5,300,-5.154213,6.109376,2009-05-01T03:06:45.671,-9999999,G2,183.C-0972(A),Udry,-9999999,HARPS_ech_obs_all,HARPS_ech_obs_thosimult,STAR_WAVE_F8,8.51638642104148E-06,3.99591521062411E-07,0,0,0
HD95456,165.16953,-31.83854,2454952.6389836,4.716923,0.814436,-1338.859561,0.731868,-0.067829,0.490332,-1339.499043,0.367606,-6.847149,0.494966,-7.999476,6.34474,6.025738,1.810392,0.38033,0.000319,0.405509,0.000485,0.539285,0.000627,0,8.08375,37.726869,0.049096,-1.4,235.2,2454952.63897,-15.526201,-15.525948,0,-9999999,0.062236,-1.17568,0.650292,-0.701718,0.632848,0.5,300,-7.978917,6.341743,2009-05-01T03:12:20.959,-9999999,G2,183.C-0972(A),Udry,-9999999,HARPS_ech_obs_all,HARPS_ech_obs_thosimult,STAR_WAVE_F8,7.66570299475832E-06,3.49737667498214E-07,0,0,0
HD95456,165.16953,-31.83854,2454952.642861,5.612252,0.813077,-1337.056765,0.730117,0.826319,0.488072,-1337.703482,0.36411,-5.963338,0.492776,-2.003044,6.058842,5.034255,1.599238,0.380963,0.000315,0.406143,0.000479,0.538023,0.000618,0,8.081325,37.737572,0.047496,-1.4,238.1,2454952.64285,-15.534526,-15.534275,0,-9999999,0.062236,-1.176861,0.650292,-0.708953,0.632847,0.5,300,-1.977837,6.05579,2009-05-01T03:17:55.978,-9999999,G2,183.C-0972(A),Udry,-9999999,HARPS_ech_obs_all,HARPS_ech_obs_thosimult,STAR_WAVE_F8,8.40197657052195E-06,4.08704463526776E-07,0,0,0
HD95456,165.16953,-31.83854,2454953.6202357,5.67184,0.95863,-1337.73569,1.034147,1.346292,0.432997,-1337.944508,0.318099,-5.481259,0.438079,-5.436542,5.586253,9.071484,1.672719,0.379542,0.00027,0.414914,0.000415,0.547991,0.000534,0,8.08824,37.728275,0.047738,-1.4,274.9,2454953.62023,-15.803471,-15.803231,0,-9999999,0.062267,-0.716475,0.855268,-0.271085,0.984009,0.55,400,-5.408119,5.585108,2009-05-02T02:44:15.524,-9999999,G2,183.C-0972(A),Udry,-9999999,HARPS_ech_obs_all,HARPS_ech_obs_thosimult,STAR_WAVE_F8,8.14046704246732E-06,3.42690668051871E-07,0,0,0
HD95456,165.16953,-31.83854,2454953.6250914,6.163287,0.942364,-1336.965754,1.024379,1.83626,0.395685,-1337.183632,0.28475,-4.943121,0.400786,-10.930788,5.456809,7.025446,1.386736,0.37957,0.000244,0.415313,0.000373,0.547435,0.00048,0,8.084821,37.732458,0.048693,-1.4,306.4,2454953.62509,-15.814383,-15.814152,0.512,-9999999,0.062268,-0.717955,0.855268,-0.280146,0.984007,0.51,400,-10.906389,5.455949,2009-05-02T02:51:31.077,-9999999,G2,183.C-0972(A),Udry,-9999999,HARPS_ech_obs_all,HARPS_ech_obs_thosimult,STAR_WAVE_F8,9.00178768347936E-06,3.06228472434876E-07,0,0,0
HD95456,165.16953,-31.83854,2454954.6486003,4.9142,0.817407,-1337.438377,0.787129,0.609546,0.3638,-1337.879048,0.253346,-6.14296,0.369851,-0.963411,5.527496,5.856804,1.394292,0.380437,0.000212,0.404909,0.000326,0.547997,0.00042,0,8.083918,37.728086,0.050519,-1.4,349.8,2454954.64859,-16.177947,-16.177723,0.342,-9999999,0.0623,-0.695582,0.731986,-0.502971,0.745244,0.49,400,-0.925475,5.527025,2009-05-03T03:25:34.905,-9999999,G2,183.C-0972(A),Udry,-9999999,HARPS_ech_obs_all,HARPS_ech_obs_thosimult,STAR_WAVE_F8,8.23278634017465E-06,3.68985590006036E-07,0,0,0
HD95456,165.16953,-31.83854,2454954.653691,4.253675,0.817917,-1338.102805,0.787681,-0.05253,0.364945,-1338.552975,0.255059,-6.886999,0.370342,-6.893641,5.63909,3.709663,1.365017,0.380095,0.000215,0.404729,0.00033,0.548357,0.000425,0,8.082502,37.735655,0.050503,-1.4,345.9,2454954.65368,-16.188186,-16.187962,0,-9999999,0.0623,-0.697132,0.731986,-0.51247,0.745243,0.5,400,-6.8574,5.638135,2009-05-03T03:32:50.768,-9999999,G2,183.C-0972(A),Udry,-9999999,HARPS_ech_obs_all,HARPS_ech_obs_thosimult,STAR_WAVE_F8,7.94888779780191E-06,3.18641284846713E-07,0,0,0
HD95456,165.16953,-31.83854,2454955.6244678,4.163325,0.960592,-1339.598545,0.982997,-0.053155,0.488387,-1338.953824,0.36479,-6.91033,0.492621,-6.204101,6.659577,0.865473,1.947709,0.381009,0.000333,0.401933,0.000497,0.535315,0.000643,0,8.080138,37.746799,0.046413,-1.4,229.6,2454955.62446,-16.43508,-16.434857,0,-9999999,0.062331,-0.607408,0.827173,0.58239,0.912804,0.56,400,-6.168642,6.659477,2009-05-04T02:50:26.390,-9999999,G2,183.C-0972(A),Udry,-9999999,HARPS_ech_obs_all,HARPS_ech_obs_thosimult,STAR_WAVE_F8,9.62730173069571E-06,3.38089792305142E-07,0,0,0
HD95456,165.16953,-31.83854,2454955.629279,3.613131,0.93404,-1339.310113,0.966554,-0.604815,0.433841,-1338.67437,0.317833,-7.358053,0.438849,-7.006977,5.851484,1.128095,1.406018,0.381422,0.00028,0.401699,0.000422,0.535494,0.000546,0,8.080045,37.742361,0.048773,-1.4,270.2,2454955.62928,-16.445533,-16.445336,0.985,-9999999,0.062331,-0.608874,0.827172,0.573412,0.912803,0.51,400,-6.97116,5.851529,2009-05-04T02:57:42.103,-9999999,G2,183.C-0972(A),Udry,-9999999,HARPS_ech_obs_all,HARPS_ech_obs_thosimult,STAR_WAVE_F8,8.99225024760096E-06,3.78052326054491E-07,0,0,0
HD95456,165.16953,-31.83854,2454956.6377068,8.001855,0.857376,-1334.507646,0.847275,3.407619,0.534841,-1335.222757,0.395447,-3.425995,0.538923,-10.050094,5.956466,6.137474,1.909996,0.380514,0.000324,0.412606,0.000505,0.544904,0.00065,0,8.082178,37.729386,0.046801,-1.4,225.7,2454956.63771,-16.766421,-16.766219,0.184,-9999999,0.062364,-0.985164,0.670103,-0.777475,0.74933,0.54,400,-10.001035,5.958239,2009-05-05T03:09:43.035,-9999999,G2,183.C-0972(A),Udry,-9999999,HARPS_ech_obs_all,HARPS_ech_obs_thosimult,STAR_WAVE_F8,8.17687977137137E-06,4.20642746995399E-07,0,0,0
HD95456,165.16953,-31.83854,2454956.6424767,9.304539,0.838161,-1333.581321,0.836516,4.70885,0.503465,-1334.305333,0.371839,-2.052771,0.507593,3.482549,5.854953,3.79311,1.826588,0.381707,0.000312,0.411215,0.000479,0.545628,0.000619,0,8.081915,37.743564,0.045442,-1.4,237.3,2454956.64247,-16.776184,-16.775977,0,-9999999,0.062364,-0.986617,0.670102,-0.786376,0.749329,0.48,400,3.531567,5.854789,2009-05-05T03:16:59.179,-9999999,G2,183.C-0972(A),Udry,-9999999,HARPS_ech_obs_all,HARPS_ech_obs_thosimult,STAR_WAVE_F8,9.22445512719649E-06,4.26194829993428E-07,0,0,0
HD95456,165.16953,-31.83854,2454988.5020235,7.392771,1.037971,-1335.995734,1.060954,3.921667,0.588071,-1335.732907,0.396563,-2.969535,0.590977,-2.150461,8.810731,4.880147,1.7121,0.377584,0.000353,0.406799,0.000537,0.540492,0.000695,0,8.075743,37.71696,0.048903,-1.4,213.2,2454988.50202,-23.282713,-23.282646,-0.343,-9999999,0.06338,0.137968,0.855311,0.199447,0.984054,0.49,450.0003,-2.122727,8.810025,2009-06-05T23:57:22.639,-9999999,G2,183.C-0972(A),Udry,-9999999,HARPS_ech_obs_all,HARPS_ech_obs_thosimult,STAR_WAVE_F8,9.88359611965011E-06,4.11447738972146E-07,0,0,0
HD95456,165.16953,-31.83854,2454988.5076526,6.415782,1.038699,-1337.188706,1.061602,2.942963,0.589359,-1336.936383,0.398301,-4.029068,0.592343,-3.347756,8.168234,6.786652,1.703052,0.377275,0.00035,0.407254,0.000535,0.542898,0.000693,0,8.077926,37.708639,0.049046,-1.4,214.1,2454988.50765,-23.294827,-23.294766,-0.618,-9999999,0.06338,0.136253,0.855308,0.188943,0.984051,0.5,449.9992,-3.315967,8.167158,2009-06-06T00:05:24.535,-9999999,G2,183.C-0972(A),Udry,-9999999,HARPS_ech_obs_all,HARPS_ech_obs_thosimult,STAR_WAVE_F8,9.28973529182398E-06,4.43922126212221E-07,0,0,0
HD95456,165.16953,-31.83854,2454990.5326179,6.756045,1.046067,-1338.58679,0.99314,3.275621,0.602266,-1336.605736,0.405756,-3.758975,0.60538,-8.638395,7.867693,8.09768,1.688512,0.377517,0.000343,0.405589,0.00053,0.551029,0.000686,0,8.078636,37.703484,0.049777,-1.4,215.2,2454990.53262,-23.558714,-23.558671,0.402,-9999999,0.063444,0.128648,0.855296,1.91761,0.906471,0.49,449.9994,-8.609544,7.867298,2009-06-08T00:41:39.615,-9999999,G2,183.C-0972(A),Udry,-9999999,HARPS_ech_obs_all,HARPS_ech_obs_thosimult,STAR_WAVE_F8,9.57952566270827E-06,3.61407266466148E-07,0,0,0
HD95456,165.16953,-31.83854,2454990.5382981,8.517133,1.061627,-1336.466781,1.001273,5.034978,0.628907,-1334.496324,0.42528,-1.979217,0.632045,-6.624069,9.042201,7.389822,1.849479,0.377112,0.000359,0.405851,0.000557,0.55135,0.000719,0,8.077294,37.702466,0.052671,-1.4,205.2,2454990.53829,-23.569618,-23.56955,0.332,-9999999,0.063445,0.126917,0.855294,1.907012,0.906468,0.51,450.0001,-6.595923,9.042012,2009-06-08T00:49:41.421,-9999999,G2,183.C-0972(A),Udry,-9999999,HARPS_ech_obs_all,HARPS_ech_obs_thosimult,STAR_WAVE_F8,9.16634929310415E-06,4.13922066647401E-07,0,0,0
HD95456,165.16953,-31.83854,2454992.5117965,6.075637,1.014519,-1335.940525,0.919389,2.601556,0.545619,-1336.450208,0.356375,-4.300136,0.549174,-3.614877,8.729616,4.750677,1.714183,0.379534,0.000306,0.415358,0.000471,0.552124,0.00061,0,8.078418,37.712513,0.050939,-1.4,242.4,2454992.51179,-23.705109,-23.705058,-0.121,-9999999,0.063508,0.134991,0.855306,-0.573191,0.84751,0.51,450.0007,-3.593644,8.728682,2009-06-10T00:11:45.034,-9999999,G2,183.C-0972(A),Udry,-9999999,HARPS_ech_obs_all,HARPS_ech_obs_thosimult,STAR_WAVE_F8,8.74764877903449E-06,3.92758171991526E-07,0,0,0
HD95456,165.16953,-31.83854,2454992.5175236,6.72412,1.017698,-1335.273342,0.92168,3.248294,0.551512,-1335.793711,0.362253,-3.857758,0.554877,0.174056,8.04382,6.865922,1.611259,0.380599,0.000311,0.414964,0.000478,0.552202,0.000619,0,8.077769,37.711501,0.050364,-1.4,238.9,2454992.51752,-23.716631,-23.716576,0,-9999999,0.063508,0.133246,0.855303,-0.583877,0.847507,0.54,449.9985,0.193603,8.04205,2009-06-10T00:19:46.400,-9999999,G2,183.C-0972(A),Udry,-9999999,HARPS_ech_obs_all,HARPS_ech_obs_thosimult,STAR_WAVE_F8,8.47799094441199E-06,4.16698765018495E-07,0,0,0
HD95456,165.16953,-31.83854,2455021.4823962,8.097704,0.974259,-1334.549794,1.043052,4.397777,0.466482,-1333.948222,0.345793,-2.608646,0.468767,-8.134096,5.716755,8.190874,1.472143,0.378473,0.000287,0.408026,0.000447,0.539701,0.000577,0,8.077172,37.706207,0.051754,-1.4,256.2,2455021.48239,-23.339973,-23.340077,-0.055,-9999999,0.064431,-0.090855,0.855321,0.537141,0.984065,0.51,249.9992,-8.099195,5.716948,2009-07-08T23:34:25.608,-9999999,G2,183.C-0972(A),Udry,-9999999,HARPS_ech_obs_all,HARPS_ech_obs_thosimult,STAR_WAVE_F8,9.18670093847955E-06,4.02670240281817E-07,0,0,0
HD95456,165.16953,-31.83854,2455021.4856615,9.615942,0.975937,-1334.488744,1.043851,5.91502,0.46998,-1333.893265,0.348201,-1.246246,0.472039,-14.472334,5.804656,13.757356,1.709791,0.378468,0.000288,0.407932,0.000449,0.539796,0.00058,0,8.079688,37.680701,0.051075,-1.4,254.8,2455021.48566,-23.34456,-23.344648,0.268,-9999999,0.064431,-0.09185,0.855319,0.531048,0.984063,0.51,249.9992,-14.453391,5.805519,2009-07-08T23:39:07.753,-9999999,G2,183.C-0972(A),Udry,-9999999,HARPS_ech_obs_all,HARPS_ech_obs_thosimult,STAR_WAVE_F8,1.0366343067012E-05,4.2085843654396E-07,0,0,0
HD95456,165.16953,-31.83854,2455021.4888918,8.577738,0.97983,-1334.408575,1.045901,4.875832,0.478016,-1333.819123,0.354304,-2.070443,0.480431,-3.354813,6.068888,12.089052,2.005629,0.379091,0.000295,0.406192,0.000457,0.538173,0.000591,0,8.08039,37.690572,0.050794,-1.4,249.8,2455021.48889,-23.348994,-23.349084,0.522,-9999999,0.064432,-0.092834,0.855318,0.52502,0.984061,0.5,249.9992,-3.330682,6.068866,2009-07-08T23:43:49.378,-9999999,G2,183.C-0972(A),Udry,-9999999,HARPS_ech_obs_all,HARPS_ech_obs_thosimult,STAR_WAVE_F8,9.77521190733934E-06,3.97480821792648E-07,0,0,0
HD95456,165.16953,-31.83854,2455246.7865336,1.515668,0.849813,-1340.892957,0.823643,-2.365052,0.379162,-1341.844352,0.282365,-9.187796,0.379416,-7.669456,4.40358,4.020007,1.291322,0.377002,0.000242,0.407342,0.000366,0.555184,0.000472,0,8.083281,37.748228,0.047986,-1.4,311.4,2455246.78653,12.671642,12.671928,0.011,-9999999,0.071616,-0.271647,0.760539,-1.023011,0.77373,0.48,450.0004,-7.635265,4.40039,2010-02-19T06:43:09.304,-9999999,G2,183.C-0972(A),Udry,-9999999,HARPS_ech_obs_all,HARPS_ech_obs_thosimult,STAR_WAVE_F8,7.96667215142883E-06,3.35849477357017E-07,0,0,0
HD95456,165.16953,-31.83854,2455246.7924578,2.42173,0.875685,-1339.809861,0.841237,-1.460794,0.434054,-1340.77231,0.330179,-8.270934,0.434008,-10.539598,4.807044,5.502784,1.693362,0.376915,0.000281,0.407095,0.000427,0.55513,0.000551,0,8.082284,37.746537,0.048002,-1.4,266.9,2455246.79246,12.657044,12.657311,0.105,-9999999,0.071616,-0.273452,0.76054,-1.034065,0.773732,0.49,450.0004,-10.498132,4.804997,2010-02-19T06:51:36.633,-9999999,G2,183.C-0972(A),Udry,-9999999,HARPS_ech_obs_all,HARPS_ech_obs_thosimult,STAR_WAVE_F8,8.03454552381396E-06,4.21671652072284E-07,0,0,0
HD95456,165.16953,-31.83854,2455247.7788837,1.382105,0.949231,-1341.587825,1.032006,-2.349751,0.411771,-1341.560101,0.311069,-9.139266,0.411671,-13.785591,4.631357,3.873243,1.770474,0.38263,0.000272,0.416719,0.000409,0.543913,0.000529,0,8.080858,37.743091,0.048675,-1.4,279.1,2455247.77887,12.309571,12.309863,0.743,-9999999,0.071647,-0.122784,0.855268,-0.043923,0.984008,0.49,450.0012,-13.757073,4.629463,2010-02-20T06:32:00.256,-9999999,G2,183.C-0972(A),Udry,-9999999,HARPS_ech_obs_all,HARPS_ech_obs_thosimult,STAR_WAVE_F8,8.87072180050795E-06,3.40422266166716E-07,0,0,0
HD95456,165.16953,-31.83854,2455247.7847554,2.503672,0.952296,-1341.00719,1.033618,-1.229973,0.418785,-1340.990422,0.316371,-8.110164,0.418857,-10.337404,4.623245,4.509818,1.743904,0.382557,0.000278,0.416168,0.000417,0.545734,0.00054,0,8.08383,37.746142,0.048344,-1.4,273.7,2455247.78475,12.29498,12.295261,0.323,-9999999,0.071647,-0.124572,0.85527,-0.054879,0.98401,0.49,450.0003,-10.300158,4.620611,2010-02-20T06:40:27.556,-9999999,G2,183.C-0972(A),Udry,-9999999,HARPS_ech_obs_all,HARPS_ech_obs_thosimult,STAR_WAVE_F8,9.21437834668796E-06,3.68736307219274E-07,0,0,0
HD95456,165.16953,-31.83854,2455248.8184661,3.743948,0.939675,-1338.976142,1.026509,-0.07805,0.389214,-1339.320001,0.292278,-6.812431,0.389461,-8.463067,3.838139,5.819499,1.447879,0.378501,0.000252,0.407912,0.000379,0.554055,0.000489,0,8.084082,37.74312,0.048542,-1.4,300.5,2455248.81847,11.830137,11.8304,-0.016,-9999999,0.07168,-0.212926,0.855278,-0.415539,0.984019,0.5,450.0005,-8.421286,3.838995,2010-02-21T07:28:52.026,-9999999,G2,183.C-0972(A),Udry,-9999999,HARPS_ech_obs_all,HARPS_ech_obs_thosimult,STAR_WAVE_F8,7.71469594454797E-06,3.39279987661296E-07,0,0,0
HD95456,165.16953,-31.83854,2455248.8244961,3.818742,0.945063,-1338.957536,1.029501,-0.005093,0.402045,-1339.312645,0.302614,-6.807263,0.402385,-6.077592,4.205741,8.366718,1.61941,0.378916,0.000259,0.407877,0.000391,0.554331,0.000504,0,8.086141,37.730498,0.047745,-1.4,291.1,2455248.82448,11.816421,11.816719,0.263,-9999999,0.071681,-0.214763,0.85528,-0.42679,0.984021,0.53,449.9993,-6.042147,4.204761,2010-02-21T07:37:19.494,-9999999,G2,183.C-0972(A),Udry,-9999999,HARPS_ech_obs_all,HARPS_ech_obs_thosimult,STAR_WAVE_F8,8.04767658070082E-06,2.91733409302319E-07,0,0,0
HD95456,165.16953,-31.83854,2455272.6573842,6.260857,0.873989,-1337.253226,0.893126,2.134496,0.443295,-1337.056422,0.33984,-4.754246,0.444529,-1.662994,4.436414,7.804468,1.630671,0.380329,0.000286,0.400404,0.000435,0.545157,0.000567,0,8.082265,37.726218,0.049387,-1.4,260.2,2455272.65737,2.325438,2.325765,-0.178,-9999999,0.072441,-0.517289,0.753224,0.124363,0.825944,0.5,300.0007,-1.622012,4.434397,2010-03-17T03:37:19.836,-9999999,G2,183.C-0972(A),Udry,-9999999,HARPS_ech_obs_all,HARPS_ech_obs_thosimult,STAR_WAVE_F8,8.87364361275973E-06,3.60358551352393E-07,0,0,0
HD95456,165.16953,-31.83854,2455272.6614388,7.434805,0.883759,-1336.609353,0.898213,3.307208,0.46226,-1336.420115,0.352994,-3.682285,0.46365,-0.205516,4.466244,5.244465,1.729353,0.381306,0.000299,0.399114,0.000452,0.544753,0.000591,0,8.081264,37.738455,0.046505,-1.4,249.7,2455272.66144,2.314943,2.315249,0.275,-9999999,0.072441,-0.518524,0.753224,0.116797,0.825943,0.48,299.9993,-0.168872,4.466136,2010-03-17T03:43:16.157,-9999999,G2,183.C-0972(A),Udry,-9999999,HARPS_ech_obs_all,HARPS_ech_obs_thosimult,STAR_WAVE_F8,8.35087122352542E-06,3.88393481927354E-07,0,0,0
HD95456,165.16953,-31.83854,2455272.6656406,6.861451,0.901093,-1337.521907,0.909548,2.732574,0.494594,-1337.340509,0.380914,-4.069652,0.496055,-2.023623,5.573618,7.530177,1.765286,0.380612,0.000323,0.399178,0.000489,0.546107,0.000639,0,8.081607,37.732871,0.047938,-1.4,231.1,2455272.66564,2.304048,2.304354,0.098,-9999999,0.072441,-0.519805,0.753223,0.108957,0.825943,0.5,299.9992,-1.984409,5.574194,2010-03-17T03:49:13.187,-9999999,G2,183.C-0972(A),Udry,-9999999,HARPS_ech_obs_all,HARPS_ech_obs_thosimult,STAR_WAVE_F8,8.89089265972687E-06,3.86003601174042E-07,0,0,0
HD95456,165.16953,-31.83854,2455275.6187757,7.222338,1.029535,-1337.087139,1.079273,3.234735,0.573112,-1336.796609,0.443348,-3.672451,0.574122,-6.052233,5.546956,3.462919,2.290547,0.377091,0.000372,0.414516,0.000571,0.554064,0.000738,0,8.078967,37.763469,0.051037,-1.4,199.1,2455275.61877,1.127955,1.128257,0.068,-9999999,0.072535,-0.378531,0.855269,0.217995,0.984009,0.48,300.008,-5.999045,5.54849,2010-03-20T02:41:48.648,-9999999,G2,183.C-0972(A),Udry,-9999999,HARPS_ech_obs_all,HARPS_ech_obs_thosimult,STAR_WAVE_F8,7.11616856741933E-06,4.65888724700977E-07,0,0,0
HD95456,165.16953,-31.83854,2455275.6229832,5.827313,1.058358,-1337.193442,1.0957,1.838428,0.623408,-1336.910763,0.481961,-5.167792,0.624487,-5.734335,6.342723,3.302693,2.019167,0.376625,0.000403,0.413739,0.00062,0.552795,0.000802,0,8.082923,37.751753,0.047106,-1.4,183.2,2455275.62298,1.117405,1.117693,0.022,-9999999,0.072535,-0.379813,0.855268,0.210144,0.984008,0.5,299.9995,-5.694847,6.34283,2010-03-20T02:47:46.178,-9999999,G2,183.C-0972(A),Udry,-9999999,HARPS_ech_obs_all,HARPS_ech_obs_thosimult,STAR_WAVE_F8,8.3213153510341E-06,5.98491949919441E-07,0,0,0
HD95456,165.16953,-31.83854,2455275.6271469,5.392886,1.052206,-1337.821821,1.091483,1.402733,0.612907,-1337.546911,0.472298,-5.585093,0.613982,-4.215959,5.75566,1.258096,2.177387,0.37776,0.000396,0.415738,0.000609,0.553974,0.000786,0,8.079093,37.76018,0.043859,-1.4,186.9,2455275.62714,1.106899,1.107208,0.081,-9999999,0.072535,-0.381081,0.855267,0.202375,0.984007,0.51,300.006,-4.186541,5.755411,2010-03-20T02:53:42.918,-9999999,G2,183.C-0972(A),Udry,-9999999,HARPS_ech_obs_all,HARPS_ech_obs_thosimult,STAR_WAVE_F8,1.03876934814796E-05,5.46620870167807E-07,0,0,0
HD95456,165.16953,-31.83854,2455279.6666285,4.01459,0.97088,-1339.667747,0.941634,0.51178,0.56597,-1339.060313,0.438693,-6.387958,0.567731,-14.742909,5.782265,7.082065,1.803969,0.379495,0.000382,0.411083,0.000577,0.544776,0.000752,0,8.083395,37.728368,0.047905,-1.4,196.7,2455279.66662,-0.716444,-0.716127,0.332,-9999999,0.072664,0.106262,0.788851,0.53477,0.8332,0.49,449.9999,-14.70939,5.783053,2010-03-24T03:49:26.439,-9999999,G2,183.C-0972(A),Udry,-9999999,HARPS_ech_obs_all,HARPS_ech_obs_thosimult,STAR_WAVE_F8,9.51117155949062E-06,4.92551519065051E-07,0,0,0
HD95456,165.16953,-31.83854,2455279.6726497,5.580946,0.965222,-1338.239563,0.938294,2.076302,0.556209,-1337.643364,0.431478,-4.807987,0.558131,-11.015245,4.833972,5.102455,1.792597,0.380561,0.000379,0.403622,0.000571,0.543852,0.000743,0,8.077542,37.735421,0.047261,-1.4,199.2,2455279.67265,-0.732025,-0.731745,0.524,-9999999,0.072664,0.104428,0.788851,0.523535,0.8332,0.52,449.9991,-10.985748,4.834589,2010-03-24T03:57:53.179,-9999999,G2,183.C-0972(A),Udry,-9999999,HARPS_ech_obs_all,HARPS_ech_obs_thosimult,STAR_WAVE_F8,9.2448973666345E-06,4.39116742045335E-07,0,0,0
HD95456,165.16953,-31.83854,2455300.5805273,2.967783,0.987677,-1340.460725,0.826867,-1.092165,0.51601,-1339.971588,0.398992,-8.001251,0.519234,4.44215,5.44942,8.535181,1.670997,0.380483,0.000332,0.407698,0.000514,0.553249,0.000664,0,8.088171,37.730196,0.04711,-1.4,222.1,2455300.58053,-9.183828,-9.183548,0.353,-9999999,0.073331,-0.450876,0.842163,0.415806,0.724234,0.52,450.0075,4.468753,5.449839,2010-04-14T01:45:44.025,-9999999,G2,183.C-0972(A),Udry,-9999999,HARPS_ech_obs_all,HARPS_ech_obs_thosimult,STAR_WAVE_F8,8.8553573191389E-06,4.76589930226357E-07,0,0,0
HD95456,165.16953,-31.83854,2455300.5860607,2.671994,0.959143,-1340.742653,0.805606,-1.38964,0.459041,-1340.263841,0.35283,-8.259642,0.4622,-4.88159,5.112299,7.94045,1.630058,0.380125,0.000296,0.407772,0.000456,0.554533,0.00059,0,8.088484,37.736538,0.047483,-1.4,250.1,2455300.58606,-9.197938,-9.197672,0.337,-9999999,0.073331,-0.452562,0.842161,0.405481,0.724232,0.51,450.0068,-4.852311,5.112975,2010-04-14T01:53:46.623,-9999999,G2,183.C-0972(A),Udry,-9999999,HARPS_ech_obs_all,HARPS_ech_obs_thosimult,STAR_WAVE_F8,6.89699357622117E-06,4.47750502431326E-07,0,0,0
HD95456,165.16953,-31.83854,2455339.6168195,1.804114,0.923187,-1340.637224,0.769727,-1.559977,0.641789,-1339.722233,0.489705,-8.430879,0.643484,-10.492469,5.71794,8.197795,2.306771,0.380077,0.000402,0.407438,0.000625,0.550006,0.000806,0,8.095364,37.730289,0.044873,-1.4,183.1,2455339.61681,-21.249235,-21.2491,0.06,-9999999,0.074576,0.244981,0.663612,0.840415,0.593859,0.51,450.0059,-10.463522,5.715764,2010-05-23T02:41:01.060,-9999999,G2,183.C-0972(A),Udry,-9999999,HARPS_ech_obs_all,HARPS_ech_obs_thosimult,STAR_WAVE_F8,8.04417273958768E-06,5.14329714342779E-07,0,0,0
HD95456,165.16953,-31.83854,2455339.6224025,4.162144,0.931086,-1339.493388,0.775705,0.796352,0.653102,-1338.588814,0.499051,-5.89798,0.654759,-8.407773,6.233069,10.680929,2.352691,0.379231,0.000409,0.406823,0.000637,0.549844,0.000821,0,8.092248,37.727514,0.044824,-1.4,179.4,2455339.62239,-21.258636,-21.258504,-0.185,-9999999,0.074576,0.24328,0.663611,0.829998,0.593857,0.51,450.0066,-8.388433,6.232038,2010-05-23T02:49:03.467,-9999999,G2,183.C-0972(A),Udry,-9999999,HARPS_ech_obs_all,HARPS_ech_obs_thosimult,STAR_WAVE_F8,7.70437039381426E-06,5.29064707746138E-07,0,0,0
HD95456,165.16953,-31.83854,2456441.482674,-3.652593,0.643808,-1348.062862,0.73183,-8.309299,0.516936,-1348.238345,0.392533,-15.351677,0.518244,-26.047594,6.465673,9.31426,2.384663,0.379305,0.000318,0.411364,0.000487,0.547694,0.00063,0,8.097042,37.766448,0.045244,-1.4,234.4,2456441.48267,-22.122159,-22.122108,-0.114,-9999999,0.109711,-1.047634,0.383753,-0.285194,0.617651,0.51,900.0017,-26.027055,6.461831,2013-05-28T23:24:40.713,-9999999,G2,091.C-0936(A),Udry,-9999999,HARPS_ech_obs_all,HARPS_ech_obs_wavesimult,STAR_WAVE_F8,8.70056419039869E-06,3.99795521858564E-07,0,0,0
HD95456,165.16953,-31.83854,2456717.8191114,-7.655223,0.512981,-1350.177338,0.538912,-10.90182,0.434623,-1349.724169,0.328171,-17.745589,0.435156,-11.932196,4.996884,12.155486,1.67412,0.382429,0.00027,0.406359,0.000401,0.543992,0.000519,0,8.09862,37.741907,0.045292,-1.4,283.4,2456717.8191,8.671443,8.671575,-0.403,-9999999,0.118522,0.362475,0.272494,0.334647,0.42747,0.51,450.0027,-11.895577,4.986636,2014-03-01T07:29:21.322,-9999999,G2,192.C-0852(A),Udry,-9999999,HARPS_ech_obs_all,HARPS_ech_obs_thosimult,STAR_WAVE_F8,7.48871044957594E-06,4.30245360971531E-07,0,0,0
HD95456,165.16953,-31.83854,2456717.824585,-7.421824,0.516152,-1350.236876,0.540475,-10.670089,0.438357,-1349.793919,0.330725,-17.577777,0.438394,-12.680375,4.799747,12.271776,2.011229,0.382716,0.000271,0.406197,0.000403,0.544579,0.000522,0,8.096839,37.742242,0.048883,-1.4,282.5,2456717.82458,8.659762,8.659897,-0.42,-9999999,0.118523,0.360807,0.272499,0.324434,0.427474,0.49,450.0009,-12.645747,4.795152,2014-03-01T07:37:23.233,-9999999,G2,192.C-0852(A),Udry,-9999999,HARPS_ech_obs_all,HARPS_ech_obs_thosimult,STAR_WAVE_F8,5.73081461170384E-06,5.06071693370277E-07,0,0,0
HD95456,165.16953,-31.83854,2456718.7667839,-6.917092,0.743348,-1349.490327,0.723092,-9.286363,0.63385,-1348.047675,0.487168,-16.060774,0.634403,-6.125928,6.550722,11.831088,2.936265,0.380979,0.000392,0.415846,0.000595,0.545184,0.000771,0,8.098003,37.743944,0.046315,-1.4,191.4,2456718.76678,8.382307,8.382433,0.135,-9999999,0.118553,1.239801,0.38833,1.324099,0.53435,0.5,300.0018,-6.100124,6.551314,2014-03-02T06:15:17.355,-9999999,G2,192.C-0852(A),Udry,-9999999,HARPS_ech_obs_all,HARPS_ech_obs_thosimult,STAR_WAVE_F8,6.18893447324181E-06,6.03448606296475E-07,0,0,0
HD95456,165.16953,-31.83854,2456718.7706577,-4.555404,0.747896,-1347.433953,0.724972,-6.925855,0.639177,-1345.998529,0.489953,-13.832105,0.640108,-2.103958,5.891426,12.759127,2.266741,0.380768,0.000393,0.414982,0.000596,0.543981,0.000773,0,8.097727,37.741062,0.047743,-1.4,190.5,2456718.77066,8.372776,8.372891,-0.178,-9999999,0.118553,1.238621,0.388331,1.316871,0.534351,0.51,300.001,-2.086529,5.892386,2014-03-02T06:20:49.046,-9999999,G2,192.C-0852(A),Udry,-9999999,HARPS_ech_obs_all,HARPS_ech_obs_thosimult,STAR_WAVE_F8,9.72566835610662E-06,5.30658777235377E-07,0,0,0
HD95456,165.16953,-31.83854,2456718.7744579,-7.871984,0.755279,-1350.822825,0.730103,-10.243593,0.647799,-1349.394492,0.497512,-17.087757,0.648189,-14.482821,6.282097,13.965466,2.675625,0.377675,0.0004,0.415848,0.000608,0.546046,0.000788,0,8.100295,37.729629,0.049339,-1.4,187.2,2456718.77445,8.363492,8.363614,0.106,-9999999,0.118553,1.237463,0.388333,1.30978,0.534353,0.5,300.0015,-14.451887,6.283626,2014-03-02T06:26:20.377,-9999999,G2,192.C-0852(A),Udry,-9999999,HARPS_ech_obs_all,HARPS_ech_obs_thosimult,STAR_WAVE_F8,6.06235124585173E-06,7.24485331363727E-07,0,0,0
HD95456,165.16953,-31.83854,2456719.8507645,-1.821917,0.733645,-1344.951017,0.700593,-5.700637,0.578227,-1345.171719,0.438877,-12.547844,0.578825,-1.687744,4.199586,10.693941,2.336356,0.38384,0.000353,0.401116,0.000529,0.54746,0.000693,0,8.095608,37.739431,0.04834,-1.4,214.2,2456719.85076,7.785734,7.785873,-0.139,-9999999,0.118587,-0.269648,0.45154,-0.339289,0.546093,0.5,299.9999,-1.649548,4.199475,2014-03-03T08:16:10.702,-9999999,G2,192.C-0852(A),Udry,-9999999,HARPS_ech_obs_all,HARPS_ech_obs_thosimult,STAR_WAVE_F8,7.74882664934435E-06,5.63723900815535E-07,0,0,0
HD95456,165.16953,-31.83854,2456719.8545697,-2.373513,0.74733,-1344.214079,0.709329,-6.253392,0.595492,-1344.441881,0.452689,-13.05638,0.596083,1.67791,5.852904,7.144106,2.360554,0.383331,0.000366,0.401964,0.000549,0.546476,0.000718,0,8.09515,37.752664,0.045493,-1.4,206.6,2456719.85456,7.778899,7.77903,-0.002,-9999999,0.118587,-0.270807,0.451543,-0.346389,0.546096,0.49,300.0019,1.717959,5.850547,2014-03-03T08:21:42.463,-9999999,G2,192.C-0852(A),Udry,-9999999,HARPS_ech_obs_all,HARPS_ech_obs_thosimult,STAR_WAVE_F8,2.8622316236378E-06,6.48361813546032E-07,0,0,0
HD95456,165.16953,-31.83854,2456719.8584394,-4.498859,0.731262,-1347.365913,0.698454,-8.379917,0.575196,-1347.600936,0.435446,-15.267022,0.575999,-11.611003,6.092756,7.422546,2.195823,0.384446,0.000349,0.402228,0.000524,0.548284,0.000686,0,8.096682,37.747057,0.045664,-1.4,216.5,2456719.85843,7.772105,7.772242,-0.207,-9999999,0.118587,-0.271986,0.451546,-0.35361,0.546099,0.5,300.0018,-11.57347,6.093226,2014-03-03T08:27:13.794,-9999999,G2,192.C-0852(A),Udry,-9999999,HARPS_ech_obs_all,HARPS_ech_obs_thosimult,STAR_WAVE_F8,7.12210091003E-06,5.2850114188711E-07,0,0,0
HD95456,165.16953,-31.83854,2456721.6675668,-0.117146,0.594858,-1343.255324,0.567221,-3.508317,0.533095,-1342.66297,0.405786,-10.441159,0.533576,-13.456098,4.638726,2.90701,2.090023,0.379648,0.000324,0.41112,0.000491,0.557683,0.00064,0,8.093613,37.77215,0.047842,-1.4,230.7,2456721.66756,7.388703,7.388841,0.226,-9999999,0.118645,0.217901,0.263942,0.473709,0.39633,0.43,450.0011,-13.429234,4.636579,2014-03-05T03:51:34.898,-9999999,G2,192.C-0852(A),Udry,-9999999,HARPS_ech_obs_all,HARPS_ech_obs_thosimult,STAR_WAVE_F8,7.08421221690279E-06,5.8604026494071E-07,0,0,0
HD95456,165.16953,-31.83854,2456721.6734591,1.007294,0.707024,-1341.991052,0.638985,-2.385672,0.65591,-1341.409693,0.501224,-9.37792,0.656222,-24.333017,5.890741,1.955347,2.492856,0.378915,0.000404,0.410149,0.000613,0.556359,0.000799,0,8.0923,37.781316,0.047462,-1.4,184.6,2456721.67345,7.373826,7.373951,0.441,-9999999,0.118645,0.216106,0.26394,0.462714,0.396329,0.49,450.0019,-24.301978,5.891815,2014-03-05T03:59:36.978,-9999999,G2,192.C-0852(A),Udry,-9999999,HARPS_ech_obs_all,HARPS_ech_obs_thosimult,STAR_WAVE_F8,5.19546961865045E-06,6.96883456646097E-07,0,0,0
HD95456,165.16953,-31.83854,2456725.7313145,-4.575182,0.599519,-1346.966802,0.510342,-7.605608,0.456437,-1346.723898,0.34842,-14.533972,0.457326,-3.232696,5.454413,9.514413,2.332726,0.380693,0.000283,0.396685,0.00042,0.547375,0.000552,0,8.097504,37.747705,0.047316,-1.4,268.5,2456725.73131,5.542184,5.542319,0.089,-9999999,0.118775,0.578646,0.3887,0.124129,0.372898,0.48,449.9941,-3.190617,5.453843,2014-03-09T05:22:52.639,-9999999,G2,192.C-0852(A),Udry,-9999999,HARPS_ech_obs_all,HARPS_ech_obs_thosimult,STAR_WAVE_F8,7.52332285368808E-06,4.34087655709857E-07,0,0,0
HD95456,165.16953,-31.83854,2456725.7370514,-4.175835,0.600631,-1346.950987,0.51069,-7.208009,0.457896,-1346.718787,0.348927,-14.054424,0.458733,-2.138528,4.691481,8.677896,2.273983,0.380804,0.000283,0.396661,0.00042,0.546831,0.000553,0,8.096007,37.749976,0.043749,-1.4,268,2456725.73705,5.527668,5.527802,-0.136,-9999999,0.118775,0.576898,0.388701,0.113425,0.372899,0.51,450.0006,-2.09383,4.688921,2014-03-09T05:30:54.789,-9999999,G2,192.C-0852(A),Udry,-9999999,HARPS_ech_obs_all,HARPS_ech_obs_thosimult,STAR_WAVE_F8,7.55452362000661E-06,4.80324123187312E-07,0,0,0
HD95456,165.16953,-31.83854,2456727.7291211,-3.966662,0.546797,-1346.496318,0.460651,-7.661135,0.441997,-1346.924035,0.337355,-14.52453,0.443045,-4.273433,4.457434,2.429001,1.98477,0.377954,0.000287,0.401921,0.000422,0.543847,0.000549,0,8.093898,37.772586,0.043737,-1.4,269.2,2456727.72912,4.700403,4.700533,0.007,-9999999,0.118838,-0.085401,0.321909,-0.546555,0.313673,0.5,450.0002,-4.243048,4.453225,2014-03-11T05:19:31.134,-9999999,G2,192.C-0852(A),Udry,-9999999,HARPS_ech_obs_all,HARPS_ech_obs_thosimult,STAR_WAVE_F8,6.50232249315259E-06,4.18318814548056E-07,0,0,0
HD95456,165.16953,-31.83854,2456727.7347005,-5.190041,0.54392,-1346.902839,0.459604,-8.886214,0.438433,-1347.340966,0.335923,-15.712844,0.439235,-5.195959,4.612583,4.690579,2.06281,0.37732,0.000286,0.400634,0.000419,0.544283,0.000546,0,8.096717,37.768673,0.045976,-1.4,270.6,2456727.7347,4.686335,4.686474,0.075,-9999999,0.118839,-0.087101,0.32191,-0.556966,0.313674,0.5,450.0012,-5.157273,4.606884,2014-03-11T05:27:33.185,-9999999,G2,192.C-0852(A),Udry,-9999999,HARPS_ech_obs_all,HARPS_ech_obs_thosimult,STAR_WAVE_F8,7.63376167292953E-06,4.55322524362911E-07,0,0,0
HD95456,165.16953,-31.83854,2456739.6891594,-4.603348,0.671754,-1347.783288,0.62703,-8.528267,0.465839,-1348.103591,0.361113,-15.345553,0.466736,-5.240433,4.62185,-0.205845,2.037387,0.381823,0.000325,0.405295,0.000474,0.556552,0.000615,0,8.094745,37.805849,0.043092,-1.4,241.1,2456739.68915,-0.323727,-0.323572,0.478,-9999999,0.11922,-0.315847,0.483991,-0.439523,0.512605,0.5,450.0011,-5.201534,4.61589,2014-03-23T04:21:50.633,-9999999,G2,192.C-0852(A),Udry,-9999999,HARPS_ech_obs_all,HARPS_ech_obs_wavesimult,STAR_WAVE_F8,6.59798027946123E-06,3.8898760535363E-07,0,0,0
HD95456,165.16953,-31.83854,2456739.6947334,-4.412811,0.667927,-1347.822162,0.624292,-8.339428,0.460304,-1348.152866,0.356337,-15.173443,0.461667,-15.322096,4.368655,-3.148275,2.168327,0.38151,0.000315,0.404144,0.000461,0.556147,0.000599,0,8.091164,37.819296,0.044019,-1.4,247.6,2456739.69473,-0.337934,-0.337808,0.321,-9999999,0.11922,-0.317545,0.483991,-0.449924,0.512605,0.5,450.0021,-15.295688,4.367355,2014-03-23T04:29:52.223,-9999999,G2,192.C-0852(A),Udry,-9999999,HARPS_ech_obs_all,HARPS_ech_obs_wavesimult,STAR_WAVE_F8,7.3577246760983E-06,3.86686250168738E-07,0,0,0
HD95456,165.16953,-31.83854,2456743.7255796,-4.719677,0.917025,-1347.220959,1.012778,-8.031861,0.330853,-1346.877128,0.239714,-14.826238,0.332091,-3.99471,4.185016,-0.716239,1.791711,0.380116,0.00019,0.415899,0.000286,0.555375,0.000371,0,8.095464,37.813446,0.045142,-1.4,397.3,2456743.72557,-2.128586,-2.128427,0.732,-9999999,0.119348,0.296889,0.855261,0.224483,0.984001,0.52,900.0003,-3.966733,4.182116,2014-03-27T05:10:15.634,-9999999,G2,192.C-0852(A),Udry,-9999999,HARPS_ech_obs_all,HARPS_ech_obs_wavesimult,STAR_WAVE_F8,6.75723616780559E-06,3.2596870339458E-07,0,0,0
HD95456,165.16953,-31.83854,2456747.7860525,-5.592917,0.91345,-1349.296784,0.840054,-8.456294,0.673096,-1348.833678,0.512335,-15.365542,0.675036,-0.569392,7.407017,3.474568,2.86848,0.383105,0.000417,0.404619,0.000635,0.550526,0.000831,0,8.095721,37.79034,0.046115,-1.4,179.9,2456747.78604,-3.954002,-3.953857,0.153,-9999999,0.119478,0.745695,0.617521,0.343628,0.665735,0.54,450.0003,-0.535284,7.407719,2014-03-31T06:41:08.791,-9999999,G2,192.C-0852(A),Udry,-9999999,HARPS_ech_obs_all,HARPS_ech_obs_wavesimult,STAR_WAVE_F8,7.00161449350175E-06,6.58038847197575E-07,0,0,0
HD95456,165.16953,-31.83854,2456747.7915272,-5.413743,0.890891,-1348.358593,0.825023,-8.278788,0.642147,-1347.905703,0.487296,-15.27171,0.644006,-4.632758,5.84721,7.436515,3.261643,0.381959,0.000393,0.403789,0.0006,0.548508,0.000784,0,8.101647,37.772414,0.042521,-1.4,190.1,2456747.79152,-3.96315,-3.963001,0.508,-9999999,0.119478,0.744027,0.617523,0.333412,0.665737,0.52,450.0007,-4.60519,5.847155,2014-03-31T06:49:10.811,-9999999,G2,192.C-0852(A),Udry,-9999999,HARPS_ech_obs_all,HARPS_ech_obs_wavesimult,STAR_WAVE_F8,5.50218694120662E-06,6.84858377941633E-07,0,0,0
HD95456,165.16953,-31.83854,2456757.6730916,-2.709705,0.676371,-1345.312699,0.582686,-6.0882,0.503147,-1345.152943,0.387842,-12.79677,0.505592,-1.468542,4.984975,-1.786612,2.611579,0.381638,0.000324,0.4158,0.000485,0.543286,0.000629,0,8.095069,37.808773,0.044375,-1.4,235.3,2456757.67309,-7.8345,-7.834379,0.55,-9999999,0.119793,0.230577,0.452018,0.039963,0.434858,0.49,450.0003,-1.449798,4.981997,2014-04-10T03:59:07.732,-9999999,G2,192.C-0852(A),Udry,-9999999,HARPS_ech_obs_all,HARPS_ech_obs_wavesimult,STAR_WAVE_F8,7.47535952943385E-06,4.84052110267648E-07,0,0,0
HD95456,165.16953,-31.83854,2456757.6786722,-2.1047,0.703489,-1344.803833,0.602404,-5.484895,0.539052,-1344.65449,0.416881,-12.324641,0.541565,-6.161002,4.978205,-1.200838,2.301799,0.381449,0.00035,0.41661,0.000524,0.544204,0.00068,0,8.093099,37.803556,0.045128,-1.4,218.1,2456757.67867,-7.847779,-7.847646,0.387,-9999999,0.119793,0.228877,0.452018,0.02955,0.434857,0.49,450.0021,-6.140166,4.973825,2014-04-10T04:07:09.913,-9999999,G2,192.C-0852(A),Udry,-9999999,HARPS_ech_obs_all,HARPS_ech_obs_wavesimult,STAR_WAVE_F8,7.54911787919312E-06,5.25951757710592E-07,0,0,0
HD95456,165.16953,-31.83854,2456759.6715905,-3.155808,0.756741,-1345.173854,0.799972,-6.424225,0.336169,-1345.012676,0.244429,-13.199363,0.338558,-3.74422,4.582178,1.496121,1.625116,0.377746,0.000198,0.415203,0.000298,0.545245,0.000388,0,8.097417,37.798982,0.043913,-1.4,382.8,2456759.67159,-8.624086,-8.623947,0.9,-9999999,0.119857,0.340655,0.677973,0.041321,0.761715,0.51,900.0017,-3.727947,4.579949,2014-04-12T03:53:04.197,-9999999,G2,192.C-0852(A),Udry,-9999999,HARPS_ech_obs_all,HARPS_ech_obs_wavesimult,STAR_WAVE_F8,6.39816279708253E-06,3.57765951857397E-07,0,0,0
HD95456,165.16953,-31.83854,2456760.6402317,-0.518026,0.5674,-1343.428569,0.565322,-4.215221,0.325634,-1343.47911,0.235755,-10.977919,0.327882,-5.540076,3.789889,1.794933,1.687159,0.381688,0.000195,0.407545,0.00029,0.554637,0.000376,0,8.097036,37.796478,0.045335,-1.4,393.7,2456760.64023,-8.940081,-8.939938,0.819,-9999999,0.119888,-0.088123,0.464656,-0.170429,0.513818,0.5,900.0004,-5.511407,3.783573,2014-04-13T03:08:06.219,-9999999,G2,192.C-0852(A),Udry,-9999999,HARPS_ech_obs_all,HARPS_ech_obs_wavesimult,STAR_WAVE_F8,7.00597529148849E-06,3.40405135062129E-07,0,0,0
HD95456,165.16953,-31.83854,2456764.5512667,0.268453,0.657581,-1343.031502,0.694591,-3.896941,0.414982,-1343.085749,0.311689,-10.77181,0.418167,-6.072893,4.347289,1.656278,2.077034,0.381961,0.000247,0.417663,0.000378,0.553653,0.000489,0,8.09813,37.803396,0.044731,-1.4,302.1,2456764.55126,-10.256667,-10.256533,-0.214,-9999999,0.120012,-0.556322,0.5101,-0.174259,0.620731,0.49,410.0013,-6.040725,4.345562,2014-04-17T01:04:19.573,-9999999,G2,192.C-0852(A),Udry,-9999999,HARPS_ech_obs_all,HARPS_ech_obs_wavesimult,STAR_WAVE_F8,6.42303032823665E-06,4.68321348374322E-07,0,0,0
HD95456,165.16953,-31.83854,2456764.5562902,-0.557136,0.658011,-1343.65838,0.694856,-4.724061,0.415668,-1343.721999,0.312285,-11.492083,0.419138,-5.62163,5.370127,2.500144,1.956498,0.38179,0.000245,0.417917,0.000377,0.552705,0.000486,0,8.097988,37.799486,0.045465,-1.4,303.4,2456764.55628,-10.269172,-10.269032,0.373,-9999999,0.120013,-0.557852,0.510097,-0.183632,0.620728,0.47,410.0012,-5.592016,5.369451,2014-04-17T01:11:41.810,-9999999,G2,192.C-0852(A),Udry,-9999999,HARPS_ech_obs_all,HARPS_ech_obs_wavesimult,STAR_WAVE_F8,5.5230968444749E-06,4.50511591485315E-07,0,0,0
HD95456,165.16953,-31.83854,2456767.6629727,-5.683388,0.909095,-1348.55003,0.91616,-9.231071,0.51398,-1347.939068,0.397783,-16.020444,0.517066,-10.653997,5.144975,-0.669784,2.048952,0.380886,0.000343,0.417791,0.000511,0.541414,0.000659,0,8.098774,37.806393,0.045939,-1.4,224.9,2456767.66297,-11.657844,-11.657722,0.25,-9999999,0.120112,0.06139,0.749852,0.49085,0.825299,0.51,420.0013,-10.629083,5.137385,2014-04-20T03:45:07.461,-9999999,G2,192.C-0852(A),Udry,-9999999,HARPS_ech_obs_all,HARPS_ech_obs_wavesimult,STAR_WAVE_F8,6.45955030641551E-06,5.25353247129675E-07,0,0,0
HD95456,165.16953,-31.83854,2456767.6681541,-6.284265,0.903877,-1349.882585,0.913413,-9.833526,0.504695,-1349.281291,0.391416,-16.729859,0.507585,-9.262189,5.193211,1.222781,2.094623,0.381212,0.000337,0.417869,0.000502,0.54204,0.000648,0,8.09838,37.803504,0.04485,-1.4,228.8,2456767.66815,-11.669463,-11.669344,0.495,-9999999,0.120112,0.059811,0.749851,0.481182,0.825298,0.5,420.0018,-9.230928,5.180056,2014-04-20T03:52:39.349,-9999999,G2,192.C-0852(A),Udry,-9999999,HARPS_ech_obs_all,HARPS_ech_obs_wavesimult,STAR_WAVE_F8,5.85296941288213E-06,5.06702761281711E-07,0,0,0
HD95456,165.16953,-31.83854,2456768.5792336,-5.361216,0.64915,-1348.281001,0.614832,-9.622252,0.308905,-1348.526651,0.219976,-16.460201,0.314445,-2.632057,4.33586,1.161417,1.638977,0.380141,0.000174,0.416747,0.000265,0.550263,0.000341,128,8.094455,37.82571,0.044496,-1.4,430.8,2456768.57923,-11.822272,-11.822155,1.145,-9999999,0.120141,-0.651964,0.57094,-0.365791,0.574133,0.49,900.0012,-2.596856,4.323774,2014-04-21T01:40:48.677,-9999999,G2,192.C-0852(A),Udry,-9999999,HARPS_ech_obs_all,HARPS_ech_obs_wavesimult,STAR_WAVE_F8,6.79042502190376E-06,2.78465024361672E-07,0,0,0
HD95456,165.16953,-31.83854,2456804.5456005,-8.345435,0.503358,-1350.674228,0.471755,-10.535138,0.370365,-1349.092521,0.271255,-17.373543,0.372357,-9.328741,4.397752,2.075374,1.800009,0.379051,0.000222,0.407823,0.000335,0.551159,0.000433,0,8.099775,37.774775,0.045017,-1.4,341.5,2456804.54559,-21.88935,-21.889291,-0.31,-9999999,0.121288,1.419369,0.34088,1.460419,0.38597,0.5,900.0006,-9.31065,4.387252,2014-05-27T00:55:13.608,-9999999,G2,192.C-0852(A),Udry,-9999999,HARPS_ech_obs_all,HARPS_ech_obs_thosimult,STAR_WAVE_F8,7.5760589869616E-06,3.66699043594985E-07,0,0,0
HD95456,165.16953,-31.83854,2456805.5000424,-7.518327,0.734246,-1351.906017,1.010803,-11.143117,0.324121,-1350.034805,0.230996,-18.045824,0.326124,-6.161915,4.971636,-1.854903,1.597399,0.38279,0.000197,0.407695,0.000292,0.54986,0.000377,0,8.098865,37.795682,0.045604,-1.4,392.2,2456805.50004,-21.965759,-21.965713,-0.095,-9999999,0.121318,-0.015718,0.658835,1.749894,0.984055,0.5,900.001,-6.144381,4.959356,2014-05-27T23:49:43.399,-9999999,G2,192.C-0852(A),Udry,-9999999,HARPS_ech_obs_all,HARPS_ech_obs_thosimult,STAR_WAVE_F8,7.14275352636802E-06,3.25514089506392E-07,0,0,0
HD95456,165.16953,-31.83854,2456811.4683292,-5.526547,0.944969,-1348.491687,1.027564,-7.767042,0.401719,-1346.572284,0.295781,-14.551624,0.403675,0.823782,4.692097,-5.888215,1.842165,0.383699,0.000238,0.408789,0.000362,0.550726,0.000466,0,8.094092,37.825622,0.046552,-1.4,317.2,2456811.46832,-22.825418,-22.825378,0.483,-9999999,0.121509,1.368577,0.855329,1.797894,0.984074,0.5,450.0014,0.857939,4.687493,2014-06-02T23:08:26.875,-9999999,G2,192.C-0852(A),Udry,-9999999,HARPS_ech_obs_all,HARPS_ech_obs_wavesimult,STAR_WAVE_F8,6.52871310950746E-06,4.3140648835337E-07,0,0,0
HD95456,165.16953,-31.83854,2456811.4739068,-4.827751,0.947561,-1347.559683,1.029493,-7.069945,0.407786,-1345.650687,0.302426,-13.864506,0.409954,1.359744,4.300403,-8.154962,2.083555,0.383738,0.000241,0.407277,0.000365,0.55025,0.000471,0,8.093072,37.834646,0.044716,-1.4,313.4,2456811.4739,-22.83822,-22.838174,0.499,-9999999,0.121509,1.366878,0.855326,1.787487,0.98407,0.5,450.0011,1.388072,4.288092,2014-06-02T23:16:28.814,-9999999,G2,192.C-0852(A),Udry,-9999999,HARPS_ech_obs_all,HARPS_ech_obs_wavesimult,STAR_WAVE_F8,6.50635163030083E-06,4.15079283425232E-07,0,0,0
HD95456,165.16953,-31.83854,2456812.5364792,-2.481604,1.339253,-1345.087806,1.244894,-4.742861,1.030568,-1343.295531,0.762517,-11.778835,1.032586,-6.296119,8.279607,-7.861212,3.597342,0.381869,0.000643,0.418786,0.000993,0.549394,0.001276,0,8.094833,37.832942,0.048467,-1.4,116.3,2456812.53648,-23.106074,-23.106038,0.152,-9999999,0.121543,1.347815,0.855295,1.670732,0.984037,0.5,450.0001,-6.267654,8.278733,2014-06-04T00:46:42.081,-9999999,G2,192.C-0852(A),Udry,-9999999,HARPS_ech_obs_all,HARPS_ech_obs_wavesimult,STAR_WAVE_F8,6.89238535657737E-06,8.54038279071503E-07,0,0,0
HD95456,165.16953,-31.83854,2456812.5422087,-1.489003,1.288118,-1343.602571,1.21902,-3.752005,0.963184,-1341.820987,0.719505,-10.586321,0.96516,-12.579416,7.897176,-1.232311,3.681432,0.381557,0.000603,0.419053,0.000931,0.551075,0.001199,0,8.099156,37.813364,0.041894,-1.4,124,2456812.54221,-23.117555,-23.117531,0.051,-9999999,0.121543,1.34607,0.855292,1.660041,0.984034,0.53,449.9999,-12.572677,7.891883,2014-06-04T00:54:43.640,-9999999,G2,192.C-0852(A),Udry,-9999999,HARPS_ech_obs_all,HARPS_ech_obs_wavesimult,STAR_WAVE_F8,6.66530577383173E-06,9.10236736166984E-07,0,0,0
HD95456,165.16953,-31.83854,2456857.4462422,-8.764338,0.731769,-1351.856581,0.632229,-11.144822,0.506524,-1349.473658,0.381588,-18.065054,0.508389,-11.575147,5.351864,2.514294,2.160764,0.382863,0.000313,0.40798,0.000474,0.551183,0.000611,0,8.096494,37.760557,0.046498,-1.4,242,2456857.44624,-21.961184,-21.961261,0.466,-9999999,0.122975,1.228588,0.528128,2.259948,0.504088,0.51,450.0013,-11.538986,5.346743,2014-07-18T22:41:44.656,-9999999,G2,Udry,Udry,-9999999,HARPS_ech_obs_all,HARPS_ech_obs_thosimult,STAR_WAVE_F8,7.68335376591604E-06,4.78915063752417E-07,0,0,0
HD95456,165.16953,-31.83854,2456857.4517179,-8.251213,0.717709,-1351.379995,0.621913,-10.633365,0.485997,-1349.007289,0.364252,-17.46712,0.48751,-13.740333,3.900235,0.178172,1.968244,0.382843,0.000297,0.407683,0.00045,0.5505,0.00058,0,8.092968,37.780585,0.042958,-1.4,254.9,2456857.45171,-21.968947,-21.969018,0.551,-9999999,0.122975,1.22692,0.528122,2.249731,0.50408,0.49,450.0007,-13.72493,3.887201,2014-07-18T22:49:46.786,-9999999,G2,Udry,Udry,-9999999,HARPS_ech_obs_all,HARPS_ech_obs_thosimult,STAR_WAVE_F8,7.43780952153028E-06,4.38149228081916E-07,0,0,0
HD95456,165.16953,-31.83854,2456863.4656703,-2.851182,0.788923,-1345.606835,0.990582,-5.567332,0.431686,-1344.309752,0.319265,-12.471399,0.433421,-11.627417,4.426002,3.500113,2.301486,0.380552,0.000254,0.407055,0.000389,0.539611,0.000502,0,8.102502,37.801226,0.045776,-1.4,294.1,2456863.46566,-20.860509,-20.86061,0.196,-9999999,0.123167,0.892922,0.660339,1.173916,0.937722,0.5,900.0012,-11.60198,4.41726,2014-07-24T23:06:39.472,-9999999,G2,192.C-0852(A),Udry,-9999999,HARPS_ech_obs_all,HARPS_ech_obs_wavesimult,STAR_WAVE_F8,6.36595325422718E-06,4.00083615579393E-07,0,0,0
HD95456,165.16953,-31.83854,2457037.7560783,0.004935,0.93387,-1343.91557,1.040318,-2.842256,0.468033,-1342.891135,0.35013,-9.686744,0.467239,-11.001608,4.630088,8.524818,2.279919,0.383509,0.000285,0.408523,0.000431,0.556135,0.000554,0,8.09618,37.775968,0.043979,-1.4,265.2,2457037.75607,22.954865,22.954932,0,-9999999,0.128724,0.761881,0.80812,0.895711,0.979628,0.49,350.002,-10.974822,4.627782,2015-01-15T06:03:11.953,-9999999,G2,192.C-0852(A),Udry,-9999999,HARPS_ech_obs_all,HARPS_ech_obs_wavesimult,STAR_WAVE_F8,-9999999,-9999999,-9999999,-9999999,-9999999
HD95456,165.16953,-31.83854,2457037.7605788,-2.727338,0.940277,-1346.127152,1.043699,-5.5759,0.480688,-1345.111114,0.360049,-12.346758,0.479989,6.28675,5.157929,6.126605,2.206897,0.383929,0.000289,0.408549,0.000438,0.556462,0.000564,0,8.092916,37.787083,0.04636,-1.4,260.5,2457037.76058,22.945563,22.945627,0.328,-9999999,0.128724,0.76051,0.808121,0.887314,0.979629,0.51,350.0008,6.314872,5.152632,2015-01-15T06:09:33.768,-9999999,G2,192.C-0852(A),Udry,-9999999,HARPS_ech_obs_all,HARPS_ech_obs_wavesimult,STAR_WAVE_F8,7.09353222436404E-06,4.76332607431962E-07,0,0,0
HD95456,165.16953,-31.83854,2457038.7345426,-2.239423,0.679127,-1345.318014,0.699071,-6.853002,0.499828,-1346.437733,0.371266,-13.539813,0.499282,-8.465162,4.759904,4.494546,2.3072,0.383569,0.000298,0.418761,0.000454,0.554672,0.000583,0,8.0909,37.786956,0.047715,-1.4,251.5,2457038.73454,22.815097,22.815157,0.464,-9999999,0.128755,-1.004507,0.459767,-1.248474,0.592336,0.5,350.001,-8.442118,4.750388,2015-01-16T05:32:01.365,-9999999,G2,192.C-0852(A),Udry,-9999999,HARPS_ech_obs_all,HARPS_ech_obs_wavesimult,STAR_WAVE_F8,8.56720510759295E-06,4.81913134049362E-07,0,0,0
HD95456,165.16953,-31.83854,2457038.7389629,0.835869,0.68217,-1342.858586,0.701922,-3.779057,0.503953,-1343.986552,0.376606,-10.731824,0.503328,-10.109169,5.597994,4.318529,2.398495,0.383547,0.000303,0.4185,0.000461,0.553661,0.000591,0,8.087914,37.787599,0.04627,-1.4,247.6,2457038.73896,22.806547,22.806605,0.359,-9999999,0.128756,-1.005853,0.459768,-1.256722,0.592337,0.5,350.0019,-10.086095,5.593962,2015-01-16T05:38:23.250,-9999999,G2,192.C-0852(A),Udry,-9999999,HARPS_ech_obs_all,HARPS_ech_obs_wavesimult,STAR_WAVE_F8,8.48071939990833E-06,4.90576017889408E-07,0,0,0
HD95456,165.16953,-31.83854,2457045.7732352,1.651831,0.721123,-1341.65576,0.739596,-3.190153,0.367336,-1343.18653,0.265643,-9.905521,0.36649,-14.326744,4.334731,5.130179,1.854037,0.382593,0.000214,0.420426,0.000323,0.553122,0.000413,0,8.095782,37.790682,0.045259,-1.4,353.8,2457045.77322,21.244184,21.244283,0.763,-9999999,0.12898,-1.232912,0.62055,-1.65975,0.690244,0.49,419.9996,-14.31724,4.327281,2015-01-23T06:26:29.172,-9999999,G2,192.C-0852(A),Udry,-9999999,HARPS_ech_obs_all,HARPS_ech_obs_wavesimult,STAR_WAVE_F8,7.44912842388294E-06,3.50349949304396E-07,0,0,0
HD95456,165.16953,-31.83854,2457045.7785164,0.938104,0.723409,-1342.391549,0.740502,-3.905489,0.371801,-1343.932174,0.268151,-10.709875,0.370694,-21.141968,4.775604,4.937397,1.915232,0.382971,0.000215,0.420608,0.000326,0.553169,0.000417,0,8.096768,37.786424,0.045202,-1.4,350.9,2457045.77851,21.231894,21.231979,0.759,-9999999,0.12898,-1.234521,0.620552,-1.669605,0.690245,0.5,420.0009,-21.133916,4.768467,2015-01-23T06:34:01.231,-9999999,G2,192.C-0852(A),Udry,-9999999,HARPS_ech_obs_all,HARPS_ech_obs_wavesimult,STAR_WAVE_F8,6.525374193447E-06,3.62058020830332E-07,0,0,0
HD95456,165.16953,-31.83854,2457049.7541609,1.360554,0.900409,-1341.636023,0.92797,-3.28462,0.623402,-1342.422397,0.473668,-10.02484,0.621692,-6.761715,6.165859,8.239008,2.253385,0.385276,0.00039,0.420635,0.000593,0.548232,0.000763,0,8.090812,37.779101,0.048285,-1.4,194,2457049.75416,20.285319,20.285405,0.293,-9999999,0.129107,-1.036102,0.649697,-0.915481,0.797977,0.48,420.0009,-6.757962,6.161035,2015-01-27T05:58:41.640,-9999999,G2,192.C-0852(A),Udry,-9999999,HARPS_ech_obs_all,HARPS_ech_obs_wavesimult,STAR_WAVE_F8,8.24387334344473E-06,5.2409421305035E-07,0,0,0
HD95456,165.16953,-31.83854,2457049.7595424,2.550626,0.898608,-1340.746758,0.926827,-2.096188,0.620797,-1341.543174,0.471422,-8.599804,0.619039,-12.190681,6.764432,6.949614,2.79584,0.385708,0.000387,0.419058,0.000588,0.547215,0.000757,0,8.093073,37.773622,0.04435,-1.4,195.3,2457049.75954,20.272842,20.272909,0.31,-9999999,0.129107,-1.037741,0.649698,-0.925523,0.797978,0.51,420.0022,-12.184027,6.761368,2015-01-27T06:06:13.969,-9999999,G2,192.C-0852(A),Udry,-9999999,HARPS_ech_obs_all,HARPS_ech_obs_wavesimult,STAR_WAVE_F8,6.44040152395352E-06,5.12019693755669E-07,0,0,0
HD95456,165.16953,-31.83854,2457062.8391153,-5.7779,0.655501,-1348.072533,0.66737,-9.690536,0.415165,-1348.747843,0.311258,-16.495333,0.413537,-8.776369,5.164025,-1.501006,1.858841,0.383262,0.000266,0.419941,0.00039,0.547879,0.000504,0,8.093258,37.812695,0.044775,-1.4,294.7,2457062.83911,16.208375,16.208475,0.413,-9999999,0.129524,-0.303564,0.507267,-0.804834,0.59034,0.49,300.0018,-8.754072,5.15688,2015-02-09T08:00:47.165,-9999999,G2,192.C-0852(A),Udry,-9999999,HARPS_ech_obs_all,HARPS_ech_obs_wavesimult,STAR_WAVE_F8,6.41844327920005E-06,3.89128812773328E-07,0,0,0
HD95456,165.16953,-31.83854,2457062.842953,-6.94312,0.662471,-1348.985158,0.67089,-10.856925,0.426082,-1349.667629,0.31873,-17.599445,0.424444,-11.906592,5.219787,-0.634048,2.209608,0.38348,0.000268,0.419315,0.000395,0.547922,0.000511,0,8.094612,37.811237,0.045316,-1.4,290.5,2457062.84294,16.199539,16.199652,0.379,-9999999,0.129524,-0.304733,0.507269,-0.811995,0.590342,0.49,300.0021,-11.882154,5.212756,2015-02-09T08:06:18.727,-9999999,G2,192.C-0852(A),Udry,-9999999,HARPS_ech_obs_all,HARPS_ech_obs_wavesimult,STAR_WAVE_F8,6.85144173177005E-06,4.70289484756698E-07,0,0,0
HD95456,165.16953,-31.83854,2457062.8468311,-6.487151,0.668845,-1349.148522,0.674753,-10.402137,0.435924,-1349.838229,0.326779,-17.202996,0.433664,-12.216694,5.593515,2.470709,2.063417,0.383825,0.000272,0.410112,0.000403,0.548556,0.00052,0,8.095441,37.796198,0.045217,-1.4,285.2,2457062.84682,16.190698,16.19081,0.481,-9999999,0.129524,-0.305914,0.507272,-0.819231,0.590345,0.5,300.0018,-12.184524,5.588685,2015-02-09T08:11:50.778,-9999999,G2,192.C-0852(A),Udry,-9999999,HARPS_ech_obs_all,HARPS_ech_obs_wavesimult,STAR_WAVE_F8,7.99077981980758E-06,3.63870905262182E-07,0,0,0
HD95456,165.16953,-31.83854,2457065.7756086,2.647828,0.870335,-1341.154577,0.930175,-2.144714,0.510367,-1342.244143,0.394778,-8.902306,0.50859,-4.97554,4.827914,6.227909,2.286187,0.379668,0.000332,0.410562,0.000495,0.557215,0.000637,0,8.092046,37.784541,0.046217,-1.4,231.8,2457065.7756,15.346752,15.346872,0.151,-9999999,0.129618,-1.18347,0.704988,-1.219184,0.842245,0.54,300.0009,-4.933826,4.827121,2015-02-12T06:28:51.763,-9999999,G2,192.C-0852(A),Udry,-9999999,HARPS_ech_obs_all,HARPS_ech_obs_wavesimult,STAR_WAVE_F8,8.8284818186314E-06,3.90365444992331E-07,0,0,0
HD95456,165.16953,-31.83854,2457065.7793811,-0.052331,0.864475,-1343.045287,0.926179,-4.846023,0.500308,-1344.141892,0.385266,-11.732999,0.498743,-1.655206,5.078495,6.715994,2.355032,0.383363,0.000335,0.409633,0.000492,0.557227,0.000634,0,8.093862,37.784494,0.045798,-1.4,233.4,2457065.77937,15.337298,15.337413,0.615,-9999999,0.129618,-1.18462,0.704989,-1.226223,0.842246,0.52,300.0021,-1.622966,5.077558,2015-02-12T06:34:23.695,-9999999,G2,192.C-0852(A),Udry,-9999999,HARPS_ech_obs_all,HARPS_ech_obs_wavesimult,STAR_WAVE_F8,7.52658611209727E-06,3.63172387204623E-07,0,0,0
HD95456,165.16953,-31.83854,2457065.7831554,-0.796136,0.859994,-1343.419263,0.924698,-5.590977,0.492523,-1344.52291,0.38169,-12.397556,0.490805,-8.62346,4.958766,5.953892,2.487571,0.383034,0.000334,0.409514,0.000489,0.557502,0.000631,0,8.094933,37.781007,0.046162,-1.4,234.9,2457065.78315,15.327858,15.327972,0.417,-9999999,0.129618,-1.185769,0.70499,-1.233265,0.842247,0.5,300.0018,-8.594975,4.955343,2015-02-12T06:39:55.776,-9999999,G2,192.C-0852(A),Udry,-9999999,HARPS_ech_obs_all,HARPS_ech_obs_wavesimult,STAR_WAVE_F8,8.72679367366507E-06,4.3499112487895E-07,0,0,0
HD95456,165.16953,-31.83854,2457103.7031658,-4.580778,1.173899,-1347.829517,0.916435,-7.769685,0.805876,-1347.6748,0.615591,-14.672298,0.807524,-4.619664,7.256379,2.041912,3.67726,0.381422,0.000517,0.406189,0.000771,0.557859,0.001014,0,8.094792,37.803642,0.047822,-1.4,146.9,2457103.70316,0.168028,0.168174,0.188,-9999999,0.130827,0.420166,0.853582,0.02389,0.678897,0.4,450.0016,-4.599599,7.255952,2015-03-22T04:42:46.463,-9999999,G2,192.C-0852(A),Udry,-9999999,HARPS_ech_obs_all,HARPS_ech_obs_wavesimult,STAR_WAVE_F8,7.43686965001979E-06,6.74210459998927E-07,0,0,0
HD95456,165.16953,-31.83854,2457103.7099009,-1.815226,1.538631,-1345.732958,1.14247,-5.006184,1.28015,-1345.590808,0.918878,-11.741509,1.282022,6.827713,9.901437,-6.878356,4.273879,0.383646,0.000829,0.40633,0.001227,0.560139,0.001613,0,8.097889,37.819852,0.050074,-1.4,93.1,2457103.7099,0.15109,0.151248,0.189,-9999999,0.130827,0.418114,0.853582,0.011323,0.678897,0.62,450.0019,6.843741,9.899798,2015-03-22T04:50:49.371,-9999999,G2,192.C-0852(A),Udry,-9999999,HARPS_ech_obs_all,HARPS_ech_obs_wavesimult,STAR_WAVE_F8,7.95727971810169E-06,1.12710722036439E-06,0,0,0
HD95456,165.16953,-31.83854,2457114.6886832,-3.844422,0.885367,-1346.96709,0.796699,-7.764507,0.683727,-1346.425786,0.53392,-14.642983,0.685316,-8.176235,7.895625,-1.553581,3.144255,0.381281,0.000485,0.415863,0.000711,0.557337,0.000923,0,8.090764,37.815991,0.047219,-1.4,161.6,2457114.68868,-4.473657,-4.473486,0.467,-9999999,0.131177,-0.311013,0.562487,0.410127,0.59132,0.51,300.0008,-8.150619,7.895036,2015-04-02T04:22:28.692,-9999999,G2,192.C-0852(A),Udry,-9999999,HARPS_ech_obs_all,HARPS_ech_obs_wavesimult,STAR_WAVE_F8,8.61369558812119E-06,5.82634084882482E-07,0,0,0
HD95456,165.16953,-31.83854,2457114.692443,-5.976618,0.885318,-1349.536943,0.795517,-9.897848,0.683664,-1349.002655,0.532155,-16.52645,0.68548,-3.402012,7.034234,-1.012357,2.525221,0.382187,0.000481,0.416702,0.00071,0.557245,0.000921,0,8.092366,37.812993,0.045551,-1.4,161.7,2457114.69244,-4.482826,-4.482662,0.632,-9999999,0.131177,-0.312158,0.562487,0.403111,0.591319,0.49,300.0007,-3.366165,7.031584,2015-04-02T04:27:59.545,-9999999,G2,192.C-0852(A),Udry,-9999999,HARPS_ech_obs_all,HARPS_ech_obs_wavesimult,STAR_WAVE_F8,6.49061300308871E-06,5.1887676795864E-07,0,0,0
HD95456,165.16953,-31.83854,2457114.6964127,-2.204246,0.936713,-1346.070939,0.829852,-6.126685,0.749026,-1345.544057,0.582233,-13.013641,0.751275,-10.328907,6.524232,-4.599132,3.190484,0.382043,0.000533,0.415564,0.000782,0.555815,0.001015,0,8.093425,37.810508,0.04798,-1.4,146.6,2457114.69641,-4.492429,-4.492266,0.655,-9999999,0.131178,-0.313367,0.562487,0.395704,0.591319,0.53,300.0007,-10.301141,6.521491,2015-04-02T04:33:30.537,-9999999,G2,192.C-0852(A),Udry,-9999999,HARPS_ech_obs_all,HARPS_ech_obs_wavesimult,STAR_WAVE_F8,9.29123576115311E-06,5.85899761181129E-07,0,0,0
HD95456,165.16953,-31.83854,2457116.6807758,-2.730117,0.78479,-1346.30962,0.72075,-5.504984,0.570281,-1344.876395,0.443904,-12.32305,0.571937,-0.983566,6.452198,7.38024,2.663562,0.381567,0.000366,0.417015,0.000547,0.554802,0.000708,0,8.096133,37.763065,0.042927,-1.4,208.7,2457116.68077,-5.284427,-5.284287,0.187,-9999999,0.131241,0.834205,0.539142,1.301984,0.567829,0.51,250.0009,-0.95659,6.447637,2015-04-04T04:11:33.733,-9999999,G2,192.C-0852(A),Udry,-9999999,HARPS_ech_obs_all,HARPS_ech_obs_wavesimult,STAR_WAVE_F8,8.60903740702677E-06,5.07550907471399E-07,0,0,0
HD95456,165.16953,-31.83854,2457116.6839737,-3.555679,0.818755,-1346.84248,0.740583,-6.331521,0.616186,-1345.415222,0.47543,-13.167209,0.617665,3.180222,5.606201,5.503105,2.703341,0.382286,0.000393,0.417522,0.000588,0.554032,0.00076,0,8.091813,37.771309,0.045075,-1.4,194.3,2457116.68397,-5.292255,-5.292089,0.008,-9999999,0.131241,0.833231,0.539142,1.296017,0.567828,0.49,250.0007,3.216976,5.603581,2015-04-04T04:16:15.032,-9999999,G2,192.C-0852(A),Udry,-9999999,HARPS_ech_obs_all,HARPS_ech_obs_wavesimult,STAR_WAVE_F8,9.49143853699507E-06,5.69167248197375E-07,0,0,0
HD95456,165.16953,-31.83854,2457116.6871959,-5.73422,0.785776,-1348.057475,0.720313,-8.511043,0.571638,-1346.63623,0.443195,-15.209607,0.573657,-3.994011,5.546946,5.735805,2.682277,0.381866,0.000363,0.417639,0.000544,0.553771,0.000703,0,8.096237,37.771731,0.046397,-1.4,209.9,2457116.68719,-5.300094,-5.299922,-0.274,-9999999,0.131241,0.832249,0.539142,1.290004,0.567828,0.48,250.001,-3.964417,5.539191,2015-04-04T04:20:55.941,-9999999,G2,192.C-0852(A),Udry,-9999999,HARPS_ech_obs_all,HARPS_ech_obs_wavesimult,STAR_WAVE_F8,6.75557294619601E-06,4.72619371165311E-07,0,0,0
HD95456,165.16953,-31.83854,2457143.6730411,-2.968083,0.703802,-1345.699213,0.752175,-6.84419,0.32864,-1346.033155,0.231797,-13.710595,0.333178,-0.329292,3.646743,9.493693,1.899301,0.380387,0.000184,0.40572,0.000278,0.536832,0.000358,128,8.095689,37.779987,0.045472,-1.4,411.2,2457143.67303,-15.42061,-15.420467,0.856,-9999999,0.132102,-0.267035,0.622361,-0.466044,0.715568,0.48,900.0011,-0.320479,3.635961,2015-05-01T03:56:41.718,-9999999,G2,192.C-0852(A),Udry,-9999999,HARPS_ech_obs_all,HARPS_ech_obs_wavesimult,STAR_WAVE_F8,7.34376720835204E-06,3.51424168903777E-07,0,0,0
HD95456,165.16953,-31.83854,2457398.7893708,0.619564,0.691969,-1327.841223,0.660734,-3.23956,0.306343,-1327.07399,0.243139,4.634429,0.328809,6.055369,8.524779,29.992741,3.634925,0.385934,0.000226,0.409446,0.000319,0.551403,0.000407,0,8.114374,37.721203,0.053846,-1.4,355.2,2457398.78937,23.594399,23.594442,0.529,-9999999,0.140236,0.767229,0.620464,0.626997,0.614371,0.49,899.9983,6.068507,8.526985,2016-01-11T06:47:07.385,-9999999,G2,192.C-0852(A),Udry,-9999999,HARPS_ech_obs_all,HARPS_ech_obs_wavesimult,STAR_WAVE_F8,7.3170501950084E-06,2.46992886780765E-07,0,0,0
HD95456,165.16953,-31.83854,2457423.682285,-0.334086,0.571784,-1328.23987,0.540287,-5.820566,0.315171,-1329.558079,0.255703,2.361283,0.337873,7.059476,7.447567,28.358582,3.778518,0.385305,0.000226,0.411514,0.000325,0.553429,0.000414,0,8.1177,37.717749,0.052957,-1.4,349.5,2457423.68229,17.962024,17.962126,-0.142,-9999999,0.14103,-0.860127,0.477078,-1.459239,0.475947,0.49,449.9982,7.080445,7.447559,2016-02-05T04:14:05.511,-9999999,G2,192.C-0852(A),Udry,-9999999,HARPS_ech_obs_all,HARPS_ech_obs_wavesimult,STAR_WAVE_F8,5.64990908556559E-06,3.3996336434073E-07,0,0,0
HD95456,165.16953,-31.83854,2457423.6879054,-1.403198,0.570691,-1330.243311,0.539907,-6.879314,0.313187,-1331.56126,0.254903,1.209841,0.336124,4.588153,9.021283,28.813897,3.76743,0.38559,0.000225,0.41222,0.000323,0.553668,0.000412,0,8.114909,37.717618,0.053347,-1.4,351.4,2457423.6879,17.950415,17.950537,-0.018,-9999999,0.14103,-0.849763,0.477077,-1.458979,0.475945,0.5,449.9982,4.589702,9.021853,2016-02-05T04:22:06.577,-9999999,G2,192.C-0852(A),Udry,-9999999,HARPS_ech_obs_all,HARPS_ech_obs_wavesimult,STAR_WAVE_F8,5.54563449353062E-06,2.70937155484056E-07,0,0,0
HD95456,165.16953,-31.83854,2457424.8834861,-0.168166,1.040518,-1327.877579,0.977348,-3.15189,0.335412,-1326.749659,0.269519,4.983691,0.357457,22.123146,13.454279,26.067561,4.036243,0.384666,0.000208,0.411899,0.000308,0.550693,0.000391,0,8.112114,37.717846,0.052644,-1.4,366.1,2457424.88348,17.177862,17.177983,0.438,-9999999,0.141068,1.64263,0.984976,0.986852,0.939451,0.49,449.9983,22.118703,13.454895,2016-02-06T09:03:43.205,-9999999,G2,192.C-0852(A),Udry,-9999999,HARPS_ech_obs_all,HARPS_ech_obs_wavesimult,STAR_WAVE_F8,6.36307557457229E-06,4.49734223774883E-07,0,0,0
HD95456,165.16953,-31.83854,2457424.8891111,-0.562582,1.044677,-1328.723043,0.980406,-3.535934,0.348074,-1327.594862,0.280365,4.695632,0.369494,19.455737,12.773877,23.377845,4.077243,0.384481,0.000216,0.412439,0.000321,0.550517,0.000407,0,8.112975,37.721904,0.054575,-1.4,351.9,2457424.8891,17.166439,17.166566,0.303,-9999999,0.141069,1.653002,0.984985,0.987112,0.939464,0.5,449.9983,19.481388,12.772856,2016-02-06T09:11:44.671,-9999999,G2,192.C-0852(A),Udry,-9999999,HARPS_ech_obs_all,HARPS_ech_obs_wavesimult,STAR_WAVE_F8,6.73525003087837E-06,3.26676684177566E-07,0,0,0
HD95456,165.16953,-31.83854,2457428.7190965,-2.525922,0.97552,-1330.45738,0.989164,-6.34134,0.242053,-1329.930772,0.175829,1.350048,0.258035,3.874603,10.030493,26.187292,3.780577,0.383784,0.000153,0.411668,0.000221,0.538255,0.000281,128,8.116547,37.749269,0.052325,-1.4,512.2,2457428.71909,16.255481,16.255626,0.529,-9999999,0.141191,0.810936,0.945013,0.385417,0.973411,0.5,899.9983,3.898507,10.03214,2016-02-10T05:02:51.901,-9999999,G2,192.C-0852(A),Udry,-9999999,HARPS_ech_obs_all,HARPS_ech_obs_wavesimult,STAR_WAVE_F8,7.28263975750207E-06,3.34355747333193E-07,0,0,0
HD95456,165.16953,-31.83854,2457431.722376,-0.929984,1.10088,-1328.518915,1.008445,-3.336659,0.25255,-1326.876361,0.18589,4.675457,0.266317,2.901993,9.888686,23.071359,3.758958,0.384355,0.000164,0.420493,0.000235,0.540492,0.000299,128,8.113271,37.760162,0.053966,-1.4,482.5,2457431.72237,15.209767,15.209889,0.797,-9999999,0.141287,2.219679,1.07152,1.501267,0.991164,0.52,899.9983,2.912554,9.892601,2016-02-13T05:07:03.716,-9999999,G2,192.C-0852(A),Udry,-9999999,HARPS_ech_obs_all,HARPS_ech_obs_wavesimult,STAR_WAVE_F8,7.02616395975799E-06,2.70552691932633E-07,0,0,0
HD95456,165.16953,-31.83854,2457751.8263941,-0.092453,0.59067,-1327.873487,0.613611,-4.785215,0.253868,-1328.457219,0.18396,2.960504,0.268603,-1.745834,6.686501,28.798665,3.857274,0.381285,0.00016,0.407865,0.00023,0.54056,0.000294,128,8.111224,37.725657,0.053139,-1.4,490.8,2457751.82639,24.812743,24.81274,0.45,-9999999,0.151494,-0.066408,0.533331,-0.735226,0.585386,0.49,899.9982,-1.736235,6.691005,2016-12-29T07:41:51.153,-9999999,G2,198.C-0836(A),Diaz,-9999999,HARPS_ech_obs_all,HARPS_ech_obs_wavesimult,STAR_WAVE_F8,7.28189014899213E-06,3.04974874511226E-07,0,0,0
HD95456,165.16953,-31.83854,2457755.8557612,0.570764,0.865849,-1327.106722,0.770341,-3.689937,0.252081,-1327.210614,0.185612,4.135189,0.267005,-4.655972,6.668265,29.560921,3.776838,0.383855,0.000162,0.410323,0.000233,0.548878,0.000296,128,8.110381,37.727921,0.056224,-1.4,485.5,2457755.85575,24.445296,24.445317,0.669,-9999999,0.151622,0.365653,0.828342,-0.255514,0.747646,0.48,899.9982,-4.646012,6.672658,2017-01-02T08:23:48.947,-9999999,G2,198.C-0836(A),Diaz,-9999999,HARPS_ech_obs_all,HARPS_ech_obs_wavesimult,STAR_WAVE_F8,7.59519077316322E-06,2.85772482205775E-07,0,0,0
HD95456,165.16953,-31.83854,2457780.8618915,0.493839,0.632108,-1328.100854,0.646279,-2.591493,0.466506,-1326.452402,0.379675,5.66011,0.481755,21.679201,11.304031,29.637857,3.567952,0.386377,0.000316,0.410665,0.000465,0.543908,0.000594,0,8.110219,37.701616,0.05781,-1.4,244.4,2457780.86188,19.92304,19.923127,-0.374,-9999999,0.15242,1.541022,0.426536,1.496032,0.522994,0.5,449.9982,21.693153,11.304164,2017-01-27T08:33:22.872,-9999999,G2,198.C-0836(A),Diaz,-9999999,HARPS_ech_obs_all,HARPS_ech_obs_wavesimult,STAR_WAVE_F8,6.85407344688583E-06,4.83021149444764E-07,0,0,0
HD95456,165.16953,-31.83854,2457780.867454,0.813831,0.61143,-1327.671662,0.632463,-2.261244,0.438062,-1326.022953,0.355619,6.212943,0.454389,21.926236,11.815453,28.07095,3.920625,0.38586,0.000294,0.409928,0.000433,0.544499,0.000554,0,8.108706,37.705869,0.054368,-1.4,262.2,2457780.86745,19.910314,19.910396,-0.365,-9999999,0.15242,1.551279,0.426554,1.496289,0.523015,0.5,449.9982,21.933397,11.815472,2017-01-27T08:41:23.440,-9999999,G2,198.C-0836(A),Diaz,-9999999,HARPS_ech_obs_all,HARPS_ech_obs_wavesimult,STAR_WAVE_F8,6.937298119996E-06,5.57957265797304E-07,0,0,0
HD95456,165.16953,-31.83854,2457781.8169245,1.856335,0.78096,-1325.966216,0.831917,-1.483374,0.467397,-1324.795747,0.382755,6.824972,0.481586,25.431875,13.584234,25.946316,3.594107,0.386196,0.000327,0.410688,0.000477,0.553296,0.000609,0,8.103715,37.718378,0.054505,-1.4,237.9,2457781.81692,19.761126,19.761197,0.442,-9999999,0.15245,1.286645,0.62565,1.018019,0.738637,0.5,409.9982,25.442056,13.5832,2017-01-28T07:28:52.239,-9999999,G2,198.C-0836(A),Diaz,-9999999,HARPS_ech_obs_all,HARPS_ech_obs_wavesimult,STAR_WAVE_F8,6.45799071045492E-06,6.21512493291803E-07,0,0,0
HD95456,165.16953,-31.83854,2457781.8221205,2.626364,0.76798,-1325.504867,0.823418,-0.703764,0.445359,-1324.334158,0.363893,7.565815,0.460471,19.600653,13.793563,23.282814,3.828286,0.386424,0.000306,0.410397,0.000447,0.553922,0.000571,0,8.102654,37.729209,0.052528,-1.4,253.6,2457781.82212,19.748512,19.748585,-0.09,-9999999,0.15245,1.296226,0.625658,1.018259,0.738647,0.52,409.9982,19.600654,13.793425,2017-01-28T07:36:12.943,-9999999,G2,198.C-0836(A),Diaz,-9999999,HARPS_ech_obs_all,HARPS_ech_obs_wavesimult,STAR_WAVE_F8,5.58621769465853E-06,4.80251656609607E-07,0,0,0
HD95456,165.16953,-31.83854,2457782.8842283,-4.082232,0.66366,-1332.457064,0.787449,-11.205637,0.349335,-1334.744253,0.281092,-3.154452,0.369087,-4.910256,8.429918,29.096836,4.102705,0.383148,0.000224,0.420311,0.000331,0.544751,0.000423,0,8.110709,37.704021,0.053915,-1.4,343.2,2457782.88423,19.329361,19.329441,0.33,-9999999,0.152484,-2.497051,0.564278,-2.439673,0.73557,0.49,409.9982,-4.888106,8.428195,2017-01-29T09:05:45.345,-9999999,G2,198.C-0836(A),Diaz,-9999999,HARPS_ech_obs_all,HARPS_ech_obs_wavesimult,STAR_WAVE_F8,6.79386984787141E-06,3.88524329411888E-07,0,0,0
HD95456,165.16953,-31.83854,2457782.8893778,-3.483836,0.664602,-1331.21987,0.787761,-10.597745,0.351098,-1333.506821,0.281926,-2.426418,0.370736,-5.738467,8.063345,25.62914,4.157379,0.383727,0.000225,0.420225,0.000332,0.544984,0.000425,0,8.107641,37.712419,0.052014,-1.4,341.9,2457782.88938,19.318359,19.318441,0.487,-9999999,0.152484,-2.487555,0.564293,-2.439435,0.735585,0.5,409.9982,-5.735501,8.061787,2017-01-29T09:13:06.130,-9999999,G2,198.C-0836(A),Diaz,-9999999,HARPS_ech_obs_all,HARPS_ech_obs_wavesimult,STAR_WAVE_F8,6.9611276480126E-06,3.79165858220429E-07,0,0,0
HD95456,165.16953,-31.83854,2457783.8333506,-4.141808,1.273635,-1331.979479,1.374604,-8.171071,0.334645,-1331.911014,0.270898,0.104737,0.356345,-1.011273,7.648116,25.489904,3.863731,0.385842,0.00022,0.420155,0.000322,0.543412,0.000412,0,8.107466,37.720784,0.056048,-1.4,352.1,2457783.83335,19.164589,19.164654,0.417,-9999999,0.152514,0.597091,1.228885,-0.084049,1.347647,0.49,409.9982,-0.996577,7.648154,2017-01-30T07:52:24.214,-9999999,G2,198.C-0836(A),Diaz,-9999999,HARPS_ech_obs_all,HARPS_ech_obs_wavesimult,STAR_WAVE_F8,7.37365213541932E-06,3.12475674311737E-07,0,0,0
HD95456,165.16953,-31.83854,2457783.8385948,-3.816881,1.27474,-1332.213233,1.375751,-7.836474,0.338809,-1332.144525,0.276628,0.360149,0.360048,-6.376545,6.966507,25.502348,3.753889,0.385855,0.000226,0.410708,0.00033,0.543218,0.000422,0,8.110293,37.712753,0.053809,-1.4,343.5,2457783.83859,19.152052,19.152125,0.295,-9999999,0.152514,0.606761,1.22889,-0.083806,1.347653,0.52,409.9982,-6.370566,6.966789,2017-01-30T07:59:44.980,-9999999,G2,198.C-0836(A),Diaz,-9999999,HARPS_ech_obs_all,HARPS_ech_obs_wavesimult,STAR_WAVE_F8,6.94630330040321E-06,3.4972344373466E-07,0,0,0
HD95456,165.16953,-31.83854,2457786.8570644,-3.449978,1.272588,-1330.571307,1.374638,-7.528782,0.330551,-1330.7748,0.270922,0.511036,0.351201,-3.123343,9.892464,23.219266,3.713428,0.385134,0.000226,0.411994,0.000328,0.551186,0.000418,0,8.108404,37.727593,0.056324,-1.4,344.9,2457786.85706,18.229255,18.229341,0.29,-9999999,0.152611,0.54755,1.228909,-0.356104,1.347676,0.5,449.9982,-3.107427,9.892125,2017-02-02T08:25:52.598,-9999999,G2,198.C-0836(A),Diaz,-9999999,HARPS_ech_obs_all,HARPS_ech_obs_wavesimult,STAR_WAVE_F8,6.68644052377294E-06,4.05104393796751E-07,0,0,0
HD95456,165.16953,-31.83854,2457786.8625252,-3.793638,1.272126,-1331.229298,1.374095,-7.862373,0.328745,-1331.432538,0.268116,0.424005,0.349478,-0.915846,9.955197,22.873933,3.660546,0.384886,0.000222,0.411315,0.000324,0.551823,0.000412,0,8.108913,37.732058,0.055946,-1.4,349.6,2457786.86252,18.21689,18.216976,0.049,-9999999,0.152611,0.557619,1.228915,-0.355851,1.347683,0.48,449.9982,-0.908562,9.95469,2017-02-02T08:33:53.376,-9999999,G2,198.C-0836(A),Diaz,-9999999,HARPS_ech_obs_all,HARPS_ech_obs_wavesimult,STAR_WAVE_F8,7.72502079313939E-06,3.13515925760316E-07,0,0,0
HD95456,165.16953,-31.83854,2457787.7212946,-0.878278,1.260274,-1328.754225,1.363888,-5.214788,0.279784,-1328.934556,0.210328,2.705585,0.293843,-7.437177,10.536184,32.577717,3.750082,0.385526,0.000182,0.411106,0.000266,0.553215,0.000339,128,8.113511,37.721866,0.055934,-1.4,426.4,2457787.72129,18.25201,18.252113,0.518,-9999999,0.152638,0.289844,1.228825,-0.332969,1.347573,0.49,899.9982,-7.431255,10.537228,2017-02-03T05:06:41.544,-9999999,G2,198.C-0836(A),Diaz,-9999999,HARPS_ech_obs_all,HARPS_ech_obs_wavesimult,STAR_WAVE_F8,7.27610888804418E-06,3.28347176223397E-07,0,0,0
HD95456,165.16953,-31.83854,2457788.8591941,-2.780477,1.297937,-1330.556295,1.389807,-6.89839,0.417634,-1330.811704,0.339597,1.573455,0.433431,4.975461,10.772263,27.49458,3.852105,0.382125,0.000285,0.419803,0.000421,0.543359,0.000539,0,8.106528,37.719406,0.051344,-1.4,269,2457788.85919,17.611168,17.611264,0.63,-9999999,0.152675,0.50844,1.228911,-0.408084,1.347679,0.48,899.9982,4.975767,10.771933,2017-02-04T08:25:19.171,-9999999,G2,198.C-0836(A),Diaz,-9999999,HARPS_ech_obs_all,HARPS_ech_obs_wavesimult,STAR_WAVE_F8,7.50427318008274E-06,3.65914549986583E-07,0,0,0
HD95456,165.16953,-31.83854,2457792.6943106,1.043914,1.012874,-1326.520261,0.912044,-2.83479,0.244322,-1326.666373,0.179888,5.077544,0.258724,4.314894,10.438895,29.14804,3.67968,0.381409,0.000161,0.411165,0.000231,0.551411,0.000294,128,8.11258,37.732026,0.05374,-1.4,490.9,2457792.69431,16.723519,16.723602,0.572,-9999999,0.152797,0.747649,0.982965,-0.298909,0.894128,0.49,899.9982,4.327353,10.44267,2017-02-08T04:27:25.267,-9999999,G2,198.C-0836(A),Diaz,-9999999,HARPS_ech_obs_all,HARPS_ech_obs_wavesimult,STAR_WAVE_F8,6.82428247400309E-06,3.16855849178581E-07,0,0,0
HD95456,165.16953,-31.83854,2457795.7932289,-2.013192,0.928258,-1329.376057,0.567557,-7.57982,0.297581,-1331.339675,0.230788,0.70065,0.309018,8.860562,7.269244,29.675028,3.766166,0.384269,0.000192,0.411875,0.000281,0.541574,0.000358,128,8.111232,37.726777,0.053902,-1.4,402.9,2457795.79322,15.474108,15.474202,0.176,-9999999,0.152896,-0.940274,0.879265,-2.116514,0.518515,0.5,899.9983,8.902414,7.268299,2017-02-11T06:49:28.478,-9999999,G2,198.C-0836(A),Diaz,-9999999,HARPS_ech_obs_all,HARPS_ech_obs_wavesimult,STAR_WAVE_F8,7.18374761990607E-06,2.95240124454052E-07,0,0,0
HD95456,165.16953,-31.83854,2457796.8061001,0.256149,1.067245,-1327.283191,0.549489,-4.114172,0.273916,-1327.244336,0.208555,3.944336,0.286856,15.91002,10.031484,28.635268,3.850059,0.384923,0.000187,0.411035,0.000266,0.552446,0.00034,128,8.111825,37.741714,0.053716,-1.4,426,2457796.8061,15.097209,15.097307,0.747,-9999999,0.152928,0.256033,1.031495,-0.114073,0.508373,0.51,899.9982,15.91575,10.035206,2017-02-12T07:07:47.069,-9999999,G2,198.C-0836(A),Diaz,-9999999,HARPS_ech_obs_all,HARPS_ech_obs_wavesimult,STAR_WAVE_F8,7.53234860915316E-06,2.92638678399478E-07,0,0,0
HD95456,165.16953,-31.83854,2457797.82958,2.859997,0.709413,-1324.887479,0.422818,-1.70487,0.260389,-1325.512962,0.19431,6.318823,0.274877,4.055862,9.50323,28.805823,3.994915,0.385638,0.000167,0.409968,0.00024,0.543949,0.000308,128,8.113785,37.733526,0.054163,-1.4,473.2,2457797.82958,14.691795,14.6919,-0.315,-9999999,0.152961,0.061487,0.659897,-0.778444,0.375525,0.49,899.9983,4.079022,9.505596,2017-02-13T07:41:49.302,-9999999,G2,198.C-0836(A),Diaz,-9999999,HARPS_ech_obs_all,HARPS_ech_obs_wavesimult,STAR_WAVE_F8,6.93496840716461E-06,2.17405906147507E-07,0,0,0
HD95456,165.16953,-31.83854,2457798.8578425,-1.288597,0.631876,-1329.296901,0.506038,-5.56545,0.285853,-1328.875819,0.217517,2.55298,0.298449,18.069623,10.517141,29.306202,3.593507,0.386096,0.000184,0.410109,0.000266,0.553208,0.00034,128,8.111961,37.72464,0.054376,-1.4,425.8,2457798.85783,14.275528,14.275625,0.901,-9999999,0.152993,0.349501,0.56352,0.268089,0.456904,0.51,899.9982,18.083434,10.518539,2017-02-14T08:22:08.838,-9999999,G2,198.C-0836(A),Diaz,-9999999,HARPS_ech_obs_all,HARPS_ech_obs_wavesimult,STAR_WAVE_F8,7.86490635095214E-06,2.97599949031257E-07,0,0,0
HD95456,165.16953,-31.83854,2457799.6491223,-0.41087,0.691204,-1328.29525,0.476603,-3.45213,0.282289,-1327.290397,0.228035,4.650632,0.306483,18.86797,9.699877,24.040713,3.72222,0.385972,0.000203,0.419752,0.000293,0.543796,0.000375,0,8.109921,37.73671,0.054491,-1.4,387.5,2457799.64912,14.413305,14.413394,-0.063,-9999999,0.153019,1.585094,0.630933,0.851834,0.41851,0.49,899.9982,18.86873,9.702304,2017-02-15T03:21:50.140,-9999999,G2,198.C-0836(A),Diaz,-9999999,HARPS_ech_obs_all,HARPS_ech_obs_wavesimult,STAR_WAVE_F8,6.33015770105509E-06,3.32485117500036E-07,0,0,0
HD95456,165.16953,-31.83854,2457802.6281794,-1.737228,0.583937,-1329.143411,0.452238,-5.60317,0.276602,-1329.087504,0.208711,2.63455,0.288882,9.62838,8.407898,27.25731,3.694164,0.386792,0.000187,0.409032,0.000268,0.556473,0.000345,128,8.107195,37.73877,0.053077,-1.4,423.4,2457802.62817,13.360421,13.360548,0.345,-9999999,0.153114,0.760412,0.51427,-0.097207,0.401196,0.52,899.9983,9.64799,8.409485,2017-02-18T02:51:01.940,-9999999,G2,198.C-0836(A),Diaz,-9999999,HARPS_ech_obs_all,HARPS_ech_obs_wavesimult,STAR_WAVE_F8,6.85509856298052E-06,3.15373476784666E-07,0,0,0
HD95456,165.16953,-31.83854,2457803.6090152,1.152909,0.610732,-1326.912585,0.493921,-3.651556,0.268545,-1327.323658,0.199304,4.349352,0.281138,-1.5777,7.162322,31.339892,3.838888,0.387016,0.000183,0.408242,0.00026,0.547008,0.000336,128,8.112601,37.726259,0.052891,-1.4,437.1,2457803.60901,13.023465,13.023586,2.231,-9999999,0.153145,-0.178112,0.548523,-0.564218,0.451925,0.51,899.9983,-1.54883,7.168165,2017-02-19T02:23:31.500,-9999999,G2,198.C-0836(A),Diaz,-9999999,HARPS_ech_obs_all,HARPS_ech_obs_wavesimult,STAR_WAVE_F8,6.51757152130668E-06,2.84932645389276E-07,0,0,0
HD95456,165.16953,-31.83854,2457810.6805331,0.754482,0.613641,-1327.334889,0.522584,-4.269306,0.271239,-1327.446281,0.202183,3.943259,0.283379,6.899927,9.017961,30.890244,3.80904,0.386558,0.000182,0.402674,0.000258,0.558132,0.000336,128,8.114337,37.726861,0.05309,-1.4,436.4,2457810.68053,10.143302,10.143415,0.242,-9999999,0.15337,-0.397434,0.55044,-0.264762,0.481888,0.5,899.9982,6.958917,9.016931,2017-02-26T04:06:16.369,-9999999,G2,198.C-0836(A),Diaz,-9999999,HARPS_ech_obs_all,HARPS_ech_obs_wavesimult,STAR_WAVE_F8,6.91365149863481E-06,3.37778677459491E-07,0,0,0
HD95456,165.16953,-31.83854,2457815.6796751,3.274107,0.856322,-1324.971361,0.734307,-3.170067,0.317251,-1326.331878,0.260902,5.082737,0.338383,-2.621519,7.332735,25.504217,3.790207,0.385418,0.000237,0.409016,0.000331,0.556506,0.000432,0,8.113223,37.723965,0.053831,-1.4,338.8,2457815.67967,8.101366,8.10145,0,-9999999,0.15353,-1.81782,0.795386,-1.514047,0.686395,0.46,419.9982,-2.601855,7.33358,2017-03-03T04:09:06.014,-9999999,G2,198.C-0836(A),Diaz,-9999999,HARPS_ech_obs_all,HARPS_ech_obs_wavesimult,STAR_WAVE_F8,7.75246260799523E-06,2.80216383735688E-07,0,0,0
HD95456,165.16953,-31.83854,2457815.6856629,2.571838,0.864962,-1325.325266,0.741355,-3.861295,0.339886,-1326.685506,0.280129,4.634161,0.359947,4.381284,7.786012,24.518125,3.78094,0.38603,0.000254,0.4091,0.000356,0.556672,0.000464,0,8.113122,37.727416,0.055296,-1.4,315.7,2457815.68566,8.086145,8.086249,-0.238,-9999999,0.15353,-1.806779,0.795385,-1.51377,0.686393,0.52,419.9982,4.404589,7.786235,2017-03-03T04:17:18.141,-9999999,G2,198.C-0836(A),Diaz,-9999999,HARPS_ech_obs_all,HARPS_ech_obs_wavesimult,STAR_WAVE_F8,6.91073308303455E-06,3.3338719614517E-07,0,0,0
HD95456,165.16953,-31.83854,2457817.6833716,0.860099,0.620216,-1327.151192,0.83237,-5.824267,0.252074,-1328.564964,0.187766,2.42428,0.263825,8.866971,9.680298,28.375174,3.869651,0.384631,0.000167,0.409962,0.000235,0.552601,0.000305,128,8.111912,37.727702,0.055121,-1.4,477.6,2457817.68337,7.260211,7.260299,0.172,-9999999,0.153594,-2.058012,0.56668,-1.567366,0.810915,0.49,899.9982,8.889269,9.681005,2017-03-05T04:10:13.191,-9999999,G2,198.C-0836(A),Diaz,-9999999,HARPS_ech_obs_all,HARPS_ech_obs_wavesimult,STAR_WAVE_F8,7.29383574782305E-06,3.1941927438327E-07,0,0,0
HD95456,165.16953,-31.83854,2457820.8350386,-0.681021,1.260442,-1327.054801,1.339316,-5.646909,0.280271,-1328.699176,0.206943,2.513013,0.292013,7.244139,8.497483,28.326628,3.835521,0.384479,0.000162,0.399179,0.000233,0.555419,0.000307,128,8.112871,37.720625,0.053007,-1.4,473.9,2457820.83504,5.645456,5.645551,0.511,-9999999,0.153694,-0.339534,1.228886,-1.798069,1.323231,0.49,899.9982,7.259681,8.498639,2017-03-08T07:48:31.267,-9999999,G2,198.C-0836(A),Diaz,-9999999,HARPS_ech_obs_all,HARPS_ech_obs_wavesimult,STAR_WAVE_F8,6.30383303941096E-06,3.82529555799705E-07,0,0,0
HD95456,165.16953,-31.83854,2457822.653969,-0.991241,0.571084,-1328.800252,0.593825,-5.365154,0.298427,-1328.665607,0.242988,2.81112,0.31899,-10.029817,7.583959,24.089979,3.975088,0.38059,0.00021,0.399855,0.000298,0.541136,0.000387,0,8.113434,37.730572,0.053377,-1.4,375.4,2457822.65396,5.234914,5.235041,-1.094,-9999999,0.153752,0.252441,0.486907,-0.019107,0.541835,0.49,899.9982,-9.981256,7.585347,2017-03-10T03:27:43.956,-9999999,G2,198.C-0836(A),Diaz,-9999999,HARPS_ech_obs_all,HARPS_ech_obs_wavesimult,STAR_WAVE_F8,7.06838034875351E-06,2.70316285204811E-07,0,0,0
HD95456,165.16953,-31.83854,2457823.6181417,-0.272478,0.593076,-1328.318946,0.541966,-5.853948,0.285474,-1328.812304,0.232661,2.482401,0.308199,-1.755302,8.71597,24.970644,3.770876,0.38434,0.000202,0.409418,0.000287,0.552517,0.000372,0,8.112626,37.726969,0.052684,-1.4,390.1,2457823.61814,4.900075,4.900159,1.161,-9999999,0.153783,-0.955116,0.51985,-0.647141,0.489486,0.49,899.9982,-1.704114,8.717157,2017-03-11T02:36:07.100,-9999999,G2,198.C-0836(A),Diaz,-9999999,HARPS_ech_obs_all,HARPS_ech_obs_wavesimult,STAR_WAVE_F8,6.66380316851233E-06,2.94008002871017E-07,0,0,0
HD95456,165.16953,-31.83854,2457824.6305883,-3.295637,0.822729,-1330.843166,0.854838,-6.725253,0.259997,-1329.840364,0.195271,1.57319,0.271283,13.133954,10.32233,26.430538,3.658805,0.383493,0.000168,0.399951,0.000238,0.541218,0.00031,128,8.112463,37.735925,0.053566,-1.4,469.4,2457824.63059,4.446673,4.446771,-0.497,-9999999,0.153815,1.196738,0.780567,0.848987,0.832236,0.52,899.9983,13.174391,10.32132,2017-03-12T02:53:34.161,-9999999,G2,198.C-0836(A),Diaz,-9999999,HARPS_ech_obs_all,HARPS_ech_obs_wavesimult,STAR_WAVE_F8,7.19238181957828E-06,2.97182108796329E-07,0,0,0
HD95456,165.16953,-31.83854,2457851.7466232,1.289473,0.621854,-1326.850212,0.533415,-5.680331,0.329243,-1328.569913,0.262507,2.902297,0.34703,6.306134,8.997401,23.587882,3.982499,0.379546,0.00021,0.416467,0.000307,0.541226,0.000395,0,8.112365,37.718372,0.055062,-1.4,367.9,2457851.74662,-7.265095,-7.264964,0.891,-9999999,0.15468,-2.34345,0.527543,-1.874381,0.464351,0.55,899.9983,6.310328,8.998419,2017-04-08T05:40:23.424,-9999999,G2,198.C-0836(A),Diaz,-9999999,HARPS_ech_obs_all,HARPS_ech_obs_wavesimult,STAR_WAVE_F8,6.82033249659059E-06,3.90758269808434E-07,0,0,0
HD95456,165.16953,-31.83854,2457852.6900147,-0.120355,0.573988,-1327.181475,0.632977,-4.689,0.305803,-1327.178747,0.247266,3.821136,0.324646,10.544671,13.020712,20.183189,3.959202,0.382744,0.000201,0.407835,0.000292,0.550079,0.000375,0,8.11016,37.730283,0.054451,-1.4,387.3,2457852.69001,-7.54758,-7.547465,0.326,-9999999,0.15471,0.057709,0.485744,-0.151982,0.582683,0.51,899.9983,10.543773,13.020235,2017-04-09T04:19:30.405,-9999999,G2,198.C-0836(A),Diaz,-9999999,HARPS_ech_obs_all,HARPS_ech_obs_wavesimult,STAR_WAVE_F8,7.0471797457655E-06,3.53399323591939E-07,0,0,0
HD95456,165.16953,-31.83854,2457854.7559642,3.291271,0.569064,-1324.183145,0.637062,-4.317041,0.332489,-1326.862683,0.263784,4.456982,0.349976,9.649596,7.869542,19.603471,4.063652,0.383397,0.000207,0.407502,0.000305,0.552093,0.000392,0,8.109521,37.729934,0.053973,-1.4,370.4,2457854.75596,-8.475135,-8.475021,-0.291,-9999999,0.154776,-2.981958,0.461827,-2.834314,0.579884,0.49,899.9982,9.677486,7.868679,2017-04-11T05:54:51.078,-9999999,G2,198.C-0836(A),Diaz,-9999999,HARPS_ech_obs_all,HARPS_ech_obs_wavesimult,STAR_WAVE_F8,5.2571876551949E-06,4.39495615489525E-07,0,0,0
HD95456,165.16953,-31.83854,2457855.7346767,-0.416589,0.711327,-1327.578512,0.678123,-8.076056,0.374845,-1330.430569,0.300197,0.580966,0.39182,-1.044828,8.824892,23.369585,3.967101,0.383284,0.000236,0.415492,0.000343,0.540656,0.000442,0,8.111142,37.715757,0.051892,-1.4,329.1,2457855.73467,-8.830464,-8.830356,1.051,-9999999,0.154807,-3.033114,0.604547,-3.006864,0.608056,0.49,409.9983,-1.013093,8.824439,2017-04-12T05:28:14.307,-9999999,G2,198.C-0836(A),Diaz,-9999999,HARPS_ech_obs_all,HARPS_ech_obs_wavesimult,STAR_WAVE_F8,6.35198643864706E-06,4.54489336907416E-07,0,0,0
HD95456,165.16953,-31.83854,2457855.7397805,0.510986,0.715201,-1327.030745,0.680555,-7.13907,0.382142,-1329.882566,0.305645,1.53107,0.397845,6.670274,8.889022,20.183695,3.878716,0.383635,0.00024,0.416281,0.00035,0.541889,0.000451,0,8.111313,37.726666,0.052934,-1.4,323.1,2457855.73978,-8.839815,-8.839704,0.946,-9999999,0.154807,-3.023702,0.60455,-3.006628,0.60806,0.49,409.9983,6.689157,8.888609,2017-04-12T05:35:35.281,-9999999,G2,198.C-0836(A),Diaz,-9999999,HARPS_ech_obs_all,HARPS_ech_obs_wavesimult,STAR_WAVE_F8,6.50192158286519E-06,4.37716134796097E-07,0,0,0
HD95456,165.16953,-31.83854,2457858.5069913,-3.382208,0.605344,-1330.712325,0.496649,-7.953663,0.273889,-1330.937686,0.205468,0.605351,0.28376,6.208787,12.586745,25.479959,3.749499,0.383063,0.000175,0.408321,0.000252,0.538455,0.000323,128,8.112372,37.734635,0.055675,-1.4,450.3,2457858.50699,-9.460039,-9.459916,0.406,-9999999,0.154895,0.054899,0.539839,-0.380256,0.452154,0.49,899.9983,6.227616,12.58607,2017-04-14T23:56:29.461,-9999999,G2,198.C-0836(A),Diaz,-9999999,HARPS_ech_obs_all,HARPS_ech_obs_wavesimult,STAR_WAVE_F8,7.28775323101891E-06,2.75452056726341E-07,0,0,0
HD95456,165.16953,-31.83854,2457859.6456546,2.060015,1.380154,-1324.520112,1.440791,-3.194018,0.628326,-1325.636751,0.509803,5.558741,0.637539,20.770943,12.720495,25.028577,4.035773,0.384002,0.000423,0.410267,0.000609,0.539138,0.00078,0,8.11071,37.716403,0.054809,-1.4,187,2457859.64565,-10.18681,-10.186691,0.292,-9999999,0.154932,-0.627679,1.228834,-1.271571,1.347583,0.48,184.9983,20.792769,12.718785,2017-04-16T03:22:05.409,-9999999,G2,198.C-0836(A),Diaz,-9999999,HARPS_ech_obs_all,HARPS_ech_obs_wavesimult,STAR_WAVE_F8,5.73422565366985E-06,7.23448657073885E-07,0,0,0
HD95456,165.16953,-31.83854,2457859.6481083,-0.646943,1.442342,-1327.133216,1.478564,-5.896451,0.755195,-1328.249742,0.608419,3.043863,0.762224,10.786851,12.871543,20.330734,4.14098,0.384018,0.000521,0.408744,0.000747,0.539108,0.000957,0,8.106431,37.726424,0.056323,-1.4,152.6,2457859.64811,-10.192754,-10.192645,0.325,-9999999,0.154932,-0.623155,1.228833,-1.271458,1.347582,0.46,184.9983,10.791801,12.871013,2017-04-16T03:25:41.111,-9999999,G2,198.C-0836(A),Diaz,-9999999,HARPS_ech_obs_all,HARPS_ech_obs_wavesimult,STAR_WAVE_F8,4.99681151601486E-06,9.66519017020856E-07,0,0,0
HD95456,165.16953,-31.83854,2457859.6506938,0.003168,1.749784,-1327.923031,1.632271,-5.241573,1.245679,-1329.039438,0.921051,3.530281,1.249902,9.858635,15.260123,14.990678,4.64441,0.38434,0.000835,0.4118,0.001204,0.538959,0.001537,0,8.106479,37.73307,0.053877,-1.4,95.7,2457859.65069,-10.198986,-10.198852,0.77,-9999999,0.154932,-0.618387,1.228832,-1.271339,1.347581,0.5,184.9983,9.876004,15.259099,2017-04-16T03:29:17.113,-9999999,G2,198.C-0836(A),Diaz,-9999999,HARPS_ech_obs_all,HARPS_ech_obs_wavesimult,STAR_WAVE_F8,-9999999,-9999999,-9999999,-9999999,-9999999
HD95456,165.16953,-31.83854,2457859.6534932,-0.076712,1.888364,-1326.562995,1.701787,-5.316291,1.433839,-1327.679272,1.039283,3.655173,1.438058,20.821444,19.801644,19.458196,5.336967,0.385299,0.001012,0.413224,0.001434,0.543802,0.001835,0,8.102757,37.728995,0.053643,-1.4,81.1,2457859.65349,-10.205697,-10.205574,0.939,-9999999,0.154932,-0.613225,1.228831,-1.271209,1.34758,0.64,184.9983,20.850144,19.797918,2017-04-16T03:32:53.085,-9999999,G2,198.C-0836(A),Diaz,-9999999,HARPS_ech_obs_all,HARPS_ech_obs_wavesimult,STAR_WAVE_F8,8.64721499261071E-06,1.5193877185423E-06,0,0,0
HD95456,165.16953,-31.83854,2457864.6365548,0.318238,0.978107,-1327.207883,0.98414,-4.329115,0.613801,-1326.946668,0.501402,4.662407,0.622936,9.239115,11.168001,19.976542,4.028162,0.383692,0.000447,0.416643,0.000633,0.548163,0.00081,0,8.10581,37.738322,0.05246,-1.4,180.4,2457864.63655,-12.041736,-12.041626,1.611,-9999999,0.155091,-0.020999,0.761539,0.106124,0.846833,0.5,184.9983,9.260255,11.167873,2017-04-21T03:09:11.315,-9999999,G2,198.C-0836(A),Diaz,-9999999,HARPS_ech_obs_all,HARPS_ech_obs_wavesimult,STAR_WAVE_F8,7.4212538899878E-06,6.24445200390793E-07,0,0,0
HD95456,165.16953,-31.83854,2457864.6391206,0.208675,0.989815,-1327.838592,0.990524,-4.433947,0.632292,-1327.577258,0.513824,4.345672,0.641008,14.667161,13.326637,23.195697,3.83024,0.384053,0.000464,0.416948,0.000655,0.549778,0.000841,0,8.110721,37.724184,0.053488,-1.4,174.3,2457864.63911,-12.047853,-12.047737,1.612,-9999999,0.155091,-0.016268,0.761538,0.106243,0.846831,0.53,184.9983,14.67224,13.326862,2017-04-21T03:12:47.458,-9999999,G2,198.C-0836(A),Diaz,-9999999,HARPS_ech_obs_all,HARPS_ech_obs_wavesimult,STAR_WAVE_F8,6.72957167787762E-06,7.07174149773526E-07,0,0,0
HD95456,165.16953,-31.83854,2457864.6415355,-1.944604,1.019427,-1330.197173,1.00903,-6.582773,0.677713,-1329.935728,0.548655,2.302238,0.686339,17.026517,12.699459,20.238659,4.065987,0.384507,0.000489,0.41687,0.000696,0.5507,0.000894,0,8.107896,37.732104,0.053854,-1.4,164.1,2457864.64153,-12.053578,-12.053482,1.672,-9999999,0.155091,-0.011815,0.761536,0.106354,0.846829,0.49,184.9983,17.042431,12.699039,2017-04-21T03:16:23.510,-9999999,G2,198.C-0836(A),Diaz,-9999999,HARPS_ech_obs_all,HARPS_ech_obs_wavesimult,STAR_WAVE_F8,6.38090005867949E-06,7.99289149343909E-07,0,0,0
HD95456,165.16953,-31.83854,2457864.6440897,-0.364738,0.984904,-1328.027901,0.987024,-4.998197,0.62458,-1327.766338,0.50705,3.810877,0.633902,17.961659,12.063251,21.355432,3.776665,0.384243,0.000447,0.415645,0.000633,0.549532,0.000813,0,8.106614,37.737986,0.058551,-1.4,179.9,2457864.64408,-12.059601,-12.059495,1.547,-9999999,0.155091,-0.007105,0.761534,0.106472,0.846827,0.51,184.9982,17.982157,12.062576,2017-04-21T03:20:00.502,-9999999,G2,198.C-0836(A),Diaz,-9999999,HARPS_ech_obs_all,HARPS_ech_obs_wavesimult,STAR_WAVE_F8,6.39437584130087E-06,5.44347591466991E-07,0,0,0
HD95456,165.16953,-31.83854,2457865.6125468,0.293833,0.801532,-1327.23938,0.832483,-3.92913,0.543923,-1326.747709,0.446312,4.952472,0.555753,7.125872,12.160655,27.307586,3.940956,0.384277,0.000389,0.407081,0.00055,0.548641,0.000705,0,8.112994,37.707268,0.054976,-1.4,207.3,2457865.61254,-12.349069,-12.348959,0.793,-9999999,0.155122,0.40339,0.588729,0.336549,0.702733,0.51,184.9982,7.135972,12.161192,2017-04-22T02:34:38.575,-9999999,G2,198.C-0836(A),Diaz,-9999999,HARPS_ech_obs_all,HARPS_ech_obs_wavesimult,STAR_WAVE_F8,6.58064416717926E-06,6.09564331305843E-07,0,0,0
HD95456,165.16953,-31.83854,2457865.6150245,1.354457,0.816299,-1326.296638,0.840856,-2.863938,0.565461,-1325.804853,0.461746,6.230544,0.576659,12.399482,11.750952,26.47209,3.726451,0.384326,0.000405,0.406872,0.000572,0.548862,0.000734,0,8.112208,37.714752,0.056702,-1.4,199.2,2457865.61502,-12.355185,-12.355087,0.535,-9999999,0.155122,0.407959,0.588726,0.336663,0.70273,0.5,184.9983,12.410423,11.75181,2017-04-22T02:38:14.507,-9999999,G2,198.C-0836(A),Diaz,-9999999,HARPS_ech_obs_all,HARPS_ech_obs_wavesimult,STAR_WAVE_F8,5.99422743107218E-06,5.82369409809454E-07,0,0,0
HD95456,165.16953,-31.83854,2457865.6175285,0.217785,0.804071,-1327.560113,0.833324,-3.995992,0.547664,-1327.068212,0.447889,4.820255,0.558732,16.24396,10.856317,26.687489,3.922669,0.384038,0.000389,0.406605,0.000551,0.549698,0.000708,0,8.112993,37.715961,0.053267,-1.4,206.8,2457865.61752,-12.361345,-12.361247,0.571,-9999999,0.155122,0.412576,0.588723,0.336779,0.702726,0.5,184.9982,16.252776,10.857076,2017-04-22T02:41:50.860,-9999999,G2,198.C-0836(A),Diaz,-9999999,HARPS_ech_obs_all,HARPS_ech_obs_wavesimult,STAR_WAVE_F8,6.33370643406837E-06,6.00354275625616E-07,0,0,0
HD95456,165.16953,-31.83854,2457865.6200245,0.618388,0.803034,-1325.933985,0.833447,-3.590787,0.546143,-1325.441969,0.448122,5.350775,0.55752,14.085281,11.847816,25.720327,3.793764,0.384155,0.000386,0.407124,0.000549,0.548426,0.000703,0,8.110963,37.707269,0.056826,-1.4,207.8,2457865.62002,-12.367463,-12.36736,0.961,-9999999,0.155122,0.417179,0.58872,0.336894,0.702723,0.5,184.9983,14.102225,11.848003,2017-04-22T02:45:26.522,-9999999,G2,198.C-0836(A),Diaz,-9999999,HARPS_ech_obs_all,HARPS_ech_obs_wavesimult,STAR_WAVE_F8,6.30611291105372E-06,5.12693120489981E-07,0,0,0
HD95456,165.16953,-31.83854,2457879.6263147,0.084136,0.520732,-1327.042719,0.611529,-7.606811,0.323989,-1330.000633,0.239517,0.963602,0.330256,13.323393,10.798441,25.613161,3.955905,0.382701,0.000179,0.406967,0.000267,0.545126,0.000341,128,8.114898,37.723513,0.051886,-1.4,422.8,2457879.62631,-17.029189,-17.029109,0.715,-9999999,0.155569,-3.064593,0.407668,-3.113483,0.562671,0.5,899.9983,13.374742,10.796417,2017-05-06T02:49:31.594,-9999999,G2,198.C-0836(A),Diaz,-9999999,HARPS_ech_obs_all,HARPS_ech_obs_wavesimult,STAR_WAVE_F8,6.83108755979458E-06,4.11047935133046E-07,0,0,0
HD95456,165.16953,-31.83854,2457883.5910745,2.96188,0.595781,-1323.794673,0.583924,-0.722493,0.434984,-1322.921376,0.348971,7.919279,0.447722,24.713443,14.153679,21.623841,3.923968,0.382907,0.000283,0.406298,0.000414,0.534872,0.000531,0,8.108569,37.724716,0.055074,-1.4,273.2,2457883.59107,-18.097411,-18.097343,0.877,-9999999,0.155695,0.94198,0.407116,0.717602,0.468173,0.48,899.9982,24.775803,14.149237,2017-05-10T01:59:24.731,-9999999,G2,198.C-0836(A),Diaz,-9999999,HARPS_ech_obs_all,HARPS_ech_obs_wavesimult,STAR_WAVE_F8,6.46196496215674E-06,3.95813960011509E-07,0,0,0
HD95456,165.16953,-31.83854,2457922.5548418,-0.524054,0.881522,-1328.726557,0.9848,-5.927724,0.434281,-1328.317858,0.343887,3.132615,0.446787,16.488383,11.950368,21.9,4.100852,0.382536,0.00028,0.409068,0.000412,0.537011,0.000527,0,8.111842,37.730173,0.053149,-1.4,275.7,2457922.55483,-24.268324,-24.268309,0.38,-9999999,0.156938,-0.777316,0.767125,0.251761,0.922807,0.51,899.9982,16.498102,11.950499,2017-06-18T01:10:51.836,-9999999,G2,198.C-0836(A),Diaz,-9999999,HARPS_ech_obs_all,HARPS_ech_obs_wavesimult,STAR_WAVE_F8,6.6694529326887E-06,5.4974726588664E-07,0,0,0
HD95456,165.16953,-31.83854,2457925.5650905,3.237506,0.598521,-1324.441806,0.588977,-3.075088,0.377311,-1326.084116,0.291839,5.939766,0.390692,2.688393,9.616828,21.683203,4.068143,0.381411,0.00023,0.408336,0.000341,0.546112,0.000436,0,8.111205,37.724139,0.053865,-1.4,332.7,2457925.56509,-24.352491,-24.352489,0.681,-9999999,0.157034,-1.686241,0.464612,-1.799344,0.51159,0.48,799.9983,2.705185,9.618031,2017-06-21T01:27:13.179,-9999999,G2,198.C-0836(A),Diaz,-9999999,HARPS_ech_obs_all,HARPS_ech_obs_wavesimult,STAR_WAVE_F8,6.4529149140431E-06,4.15155017314715E-07,0,0,0
