target,ra,dec,BJD,RV_mlc_nzp,e_RV_mlc_nzp,RV_drs_nzp,e_RV_drs_nzp,RV_mlc,e_RV_mlc,RV_drs,e_RV_drs,RV_mlc_j,e_RV_mlc_j,CRX,e_CRX,dLW,e_dLW,Halpha,e_Halpha,NaD1,e_NaD1,NaD2,e_NaD2,f_RV,FWHM_DRS,CONTRAST_DRS,BIS,RVGUESS,SNR_DRS,BJD_DRS,BERV,BERV_DRS,DRIFT,e_DRIFT,SA,NZP_mlc,dNZP_mlc,NZP_drs,dNZP_drs,TMMEAN,EXPTIME,MLCRX,E_MLCRX,TIMEID,DRIFT_LAMP,MASK,PROGID,PROGPI,AIRMASS,OBHAB,THAR_FP,DPR_TYPE,RHKp,dRHKp,sourceflag,vsinflag,metflag
HD96700,166.977705,-30.17399,2453017.8526451,6.868988,1.111134,12864.321862,1.151632,-0.108596,0.708332,12864.138812,0.60302,-0.10261,0.708336,-13.196001,7.656009,-30.559933,1.833196,0.406893,0.000612,0.388865,0.000916,0.52242,0.00118,0,6.930221,40.980102,-0.011946,12.747,120.2,2453017.85264,23.83239,23.832946,0.275,-9999999,0,-0.146113,0.856087,-0.18305,0.981134,0.53,169.3018,-13.1915,7.656009,2004-01-13T08:23:52.121,-9999999,G2,072.C-0488(E),Mayor,-9999999,HARPS_ech_obs_all,HARPS_ech_obs_thosimult,STAR_WAVE_G1,8.66916618070988E-06,5.93911478344757E-07,0,0,0
HD96700,166.977705,-30.17399,2453053.8507094,-3.010373,1.124164,12855.336624,1.070425,-7.779032,0.752582,12857.531968,0.649151,-7.758474,0.752753,-17.785812,6.248254,-23.912404,1.677333,0.404562,0.000673,0.376301,0.000992,0.523743,0.001289,0,6.932751,40.949212,-0.012522,12.747,110.8,2453053.85071,13.69204,13.692936,0.968,-9999999,0.015688,2.062812,0.835083,2.179656,0.851125,0.5,136.5971,-17.785853,6.222447,2004-02-18T08:18:03.962,-9999999,G2,072.C-0488(E),Mayor,-9999999,HARPS_ech_obs_all,HARPS_ech_obs_thosimult,STAR_WAVE_G1,7.61495258328776E-06,7.16598169913946E-07,0,0,0
HD96700,166.977705,-30.17399,2453154.5724609,3.8489,1.012529,12860.660131,1.114464,-3.567242,0.623638,12861.616644,0.528606,-3.587043,0.623734,-3.216999,5.830695,-21.720223,2.059321,0.400897,0.000409,0.379784,0.00065,0.515785,0.000838,0,6.941295,40.884206,-0.012882,12.747,168.2,2453154.57245,-22.814924,-22.814776,0.087,-9999999,0.059584,-0.584671,0.797678,0.896929,0.981124,0.51,528.4008,-3.231655,5.816727,2004-05-29T01:37:03.107,-9999999,G2,072.C-0488(E),Mayor,-9999999,HARPS_ech_obs_all,HARPS_ech_obs_thosimult,STAR_WAVE_G1,7.32312085786138E-06,6.6693912893648E-07,0,0,0
HD96700,166.977705,-30.17399,2453343.8628586,1.591648,0.963659,12858.327291,1.039888,-6.154748,0.442432,12858.021261,0.344578,-6.13175,0.442456,3.795995,3.37196,-10.13791,1.366355,0.406355,0.000322,0.380461,0.000495,0.512366,0.000639,0,6.934372,40.886261,-0.014076,12.7,220.7,2453343.86285,24.33311,24.333003,0.58,-9999999,0.142078,-0.914925,0.856091,-0.448108,0.981138,0.47,420.0018,3.811671,3.336002,2004-12-04T08:41:29.948,-9999999,G2,072.C-0488(E),Mayor,-9999999,HARPS_ech_obs_all,HARPS_ech_obs_thosimult,STAR_WAVE_G1,7.06355625070671E-06,3.8918102929873E-07,0,0,0
HD96700,166.977705,-30.17399,2453343.8682734,-0.001363,0.949744,12856.467461,1.030858,-7.749467,0.41124,12856.151256,0.316276,-7.737056,0.411322,3.793503,3.887486,-13.687194,1.65552,0.407402,0.000297,0.381116,0.000455,0.514262,0.000588,0,6.931803,40.893802,-0.011142,12.7,240.1,2453343.86827,24.323755,24.32365,0.591,-9999999,0.142081,-0.916633,0.856093,-0.458286,0.981141,0.51,420.0021,3.801109,3.843172,2004-12-04T08:49:00.952,-9999999,G2,072.C-0488(E),Mayor,-9999999,HARPS_ech_obs_all,HARPS_ech_obs_thosimult,STAR_WAVE_G1,7.50067327287514E-06,3.26840418398275E-07,0,0,0
HD96700,166.977705,-30.17399,2453412.7811056,0.17772,0.859215,12858.386611,0.813202,-7.098197,0.501944,12857.697269,0.399251,-7.063954,0.501894,2.410318,5.01927,-15.00517,1.42503,0.399813,0.000381,0.37461,0.000575,0.524068,0.00075,0,6.929928,40.909417,-0.010548,12.7,188.8,2453412.7811,16.140193,16.140423,0.06,-9999999,0.172114,-0.444446,0.697354,-0.861456,0.708446,0.47,412.3007,2.408191,4.988542,2005-02-11T06:36:12.409,-9999999,G2,072.C-0488(E),Mayor,-9999999,HARPS_ech_obs_all,HARPS_ech_obs_thosimult,STAR_WAVE_G1,7.68561198604685E-06,4.16764563929323E-07,0,0,0
HD96700,166.977705,-30.17399,2454169.6348475,7.093782,0.822611,12865.579032,0.847337,-1.698061,0.347783,12864.245267,0.259242,-1.702224,0.347683,9.397865,2.869973,-8.548937,0.850883,0.404421,0.000257,0.378335,0.000384,0.522663,0.000499,0,6.936306,40.872545,-0.010123,12.7,284.6,2454169.63498,5.94533,5.945313,0.564,-9999999,0.501958,-1.960372,0.745477,-1.835723,0.806705,0.55,449.9946,9.388728,2.865993,2007-03-10T03:03:16.405,-9999999,G2,072.C-0488(E),Mayor,-9999999,HARPS_ech_obs_all,HARPS_ech_obs_thosimult,STAR_WAVE_G1,6.64886195632546E-06,3.15165732964263E-07,0,0,0
HD96700,166.977705,-30.17399,2454169.6400505,4.909267,0.807712,12862.741661,0.837912,-3.884218,0.310909,12861.398118,0.226552,-3.874987,0.310985,10.81387,3.251229,-10.663854,0.965145,0.404083,0.000225,0.378496,0.000336,0.522821,0.000437,0,6.934293,40.885112,-0.011722,12.7,325.3,2454169.64016,5.932487,5.932516,0.573,-9999999,0.50196,-1.962014,0.745476,-1.845503,0.806704,0.48,449.9949,10.807231,3.230735,2007-03-10T03:11:17.442,-9999999,G2,072.C-0488(E),Mayor,-9999999,HARPS_ech_obs_all,HARPS_ech_obs_thosimult,STAR_WAVE_G1,7.35975224173818E-06,2.77031696994528E-07,0,0,0
HD96700,166.977705,-30.17399,2454521.7483945,0.096756,0.626834,12857.339516,0.740274,-5.181983,0.28192,12859.40024,0.199039,-5.157021,0.281868,0.704183,3.389184,-2.278317,0.622645,0.405432,0.000192,0.385208,0.000284,0.523824,0.00037,0,6.940405,40.845543,-0.012979,12.7,384.1,2454521.74851,11.2205,11.220454,0.246,-9999999,0.655412,1.552732,0.559859,1.405312,0.713014,0.5,900,0.715132,3.36215,2008-02-25T05:43:55.826,-9999999,G2,072.C-0488(E),Mayor,-9999999,HARPS_ech_obs_all,HARPS_ech_obs_thosimult,STAR_WAVE_G1,7.85004111811286E-06,2.2227488769852E-07,0,0,0
HD96700,166.977705,-30.17399,2454522.7907724,-0.520937,0.791375,12856.745294,0.772979,-6.944883,0.408022,12857.794567,0.311371,-6.937171,0.407982,1.034595,4.163496,-0.185868,0.766786,0.406144,0.000294,0.376622,0.000439,0.524585,0.000573,0,6.941977,40.824864,-0.010662,12.7,248.4,2454522.79089,10.709602,10.709593,0.453,-9999999,0.655866,0.407525,0.67808,0.393407,0.707492,0.49,450,1.042317,4.132386,2008-02-26T06:48:43.463,-9999999,G2,072.C-0488(E),Mayor,-9999999,HARPS_ech_obs_all,HARPS_ech_obs_thosimult,STAR_WAVE_G1,7.38269844993533E-06,3.43765381726003E-07,0,0,0
HD96700,166.977705,-30.17399,2454522.796187,0.03219,0.79126,12857.251047,0.773253,-6.393464,0.407796,12858.290146,0.312044,-6.387775,0.407852,1.990721,3.839598,-0.159029,0.848586,0.406197,0.000296,0.376478,0.000441,0.526206,0.000576,0,6.942236,40.825406,-0.011989,12.7,247.7,2454522.79629,10.696322,10.696346,0.248,-9999999,0.655869,0.405817,0.678081,0.38323,0.707494,0.46,450,1.994132,3.811446,2008-02-26T06:56:44.759,-9999999,G2,072.C-0488(E),Mayor,-9999999,HARPS_ech_obs_all,HARPS_ech_obs_thosimult,STAR_WAVE_G1,7.54254165821848E-06,3.94015594173E-07,0,0,0
HD96700,166.977705,-30.17399,2454524.7436827,-3.206364,0.817632,12853.941407,0.877849,-10.506798,0.36439,12854.209581,0.275041,-10.502404,0.364433,-0.416699,4.074093,-3.359246,0.905111,0.401443,0.000267,0.377475,0.000395,0.52433,0.000515,0,6.939718,40.84078,-0.012397,12.7,276.5,2454524.74379,10.013975,10.013977,-0.293,-9999999,0.656717,-0.468963,0.731944,-0.388543,0.833649,0.47,450,-0.394992,4.017669,2008-02-28T05:40:58.031,-9999999,G2,072.C-0488(E),Mayor,-9999999,HARPS_ech_obs_all,HARPS_ech_obs_thosimult,STAR_WAVE_G1,8.24577255754502E-06,3.42223648943576E-07,0,0,0
HD96700,166.977705,-30.17399,2454524.7493229,-3.800981,0.817572,12853.56493,0.87736,-11.103194,0.364253,12853.822507,0.273474,-11.09447,0.364328,2.900194,4.002239,-4.047513,0.842835,0.402033,0.000266,0.377183,0.000394,0.52483,0.000514,0,6.939812,40.839136,-0.013299,12.7,277.5,2454524.74944,9.999304,9.999294,0.136,-9999999,0.65672,-0.470742,0.731945,-0.399143,0.83365,0.48,450,2.904093,3.94904,2008-02-28T05:49:00.827,-9999999,G2,072.C-0488(E),Mayor,-9999999,HARPS_ech_obs_all,HARPS_ech_obs_thosimult,STAR_WAVE_G1,7.41103137435258E-06,2.67540737524289E-07,0,0,0
HD96700,166.977705,-30.17399,2454525.7937967,-2.036777,0.922868,12855.780625,1.013228,-8.828773,0.34472,12856.144288,0.253073,-8.812025,0.344818,4.765979,3.416207,-5.232842,0.833893,0.405817,0.000242,0.384016,0.000359,0.517093,0.000472,0,6.936874,40.846899,-0.012713,12.7,304.3,2454525.79391,9.474663,9.47467,-0.518,-9999999,0.657175,0.039475,0.856068,-0.293512,0.981114,0.49,450,4.789247,3.358185,2008-02-29T06:52:55.903,-9999999,G2,072.C-0488(E),Mayor,-9999999,HARPS_ech_obs_all,HARPS_ech_obs_thosimult,STAR_WAVE_G1,8.00559355030511E-06,2.90170491589233E-07,0,0,0
HD96700,166.977705,-30.17399,2454525.7992191,-1.703667,0.924656,12856.087178,1.014237,-8.497373,0.349476,12856.440652,0.25708,-8.478475,0.349471,4.74162,3.664937,-5.553866,0.860561,0.406368,0.000245,0.383871,0.000364,0.517522,0.000478,0,6.938126,40.842986,-0.011264,12.7,300.3,2454525.79932,9.461652,9.461682,-0.214,-9999999,0.657177,0.037765,0.856069,-0.303703,0.981115,0.46,450,4.76034,3.614537,2008-02-29T07:00:57.889,-9999999,G2,072.C-0488(E),Mayor,-9999999,HARPS_ech_obs_all,HARPS_ech_obs_thosimult,STAR_WAVE_G1,8.60971042344714E-06,2.73655112733564E-07,0,0,0
HD96700,166.977705,-30.17399,2454526.7148213,-0.049272,0.877524,12857.416767,0.936019,-7.955692,0.26394,12856.947914,0.175297,-7.943115,0.263918,9.382248,3.180018,-3.968761,0.657909,0.405787,0.000172,0.378211,0.000254,0.524472,0.000331,128,6.940625,40.859303,-0.011348,12.7,430.9,2454526.71493,9.261224,9.261233,0.22,-9999999,0.657577,-1.074949,0.836889,-1.12643,0.919458,0.47,900,9.401264,3.123434,2008-03-01T04:55:47.431,-9999999,G2,072.C-0488(E),Mayor,-9999999,HARPS_ech_obs_all,HARPS_ech_obs_thosimult,STAR_WAVE_G1,7.64723014931625E-06,1.93761148235774E-07,0,0,0
HD96700,166.977705,-30.17399,2454527.7103327,3.277964,0.940968,12861.050019,1.025063,-3.487702,0.390625,12861.571389,0.296972,-3.475076,0.390694,-1.12786,3.752638,-5.460753,0.814319,0.406759,0.000295,0.383025,0.000433,0.526292,0.000568,0,6.937174,40.847902,-0.012298,12.7,252.2,2454527.71045,8.854409,8.854394,0.061,-9999999,0.65801,0.065805,0.856057,-0.13664,0.981102,0.48,450,-1.120276,3.7371,2008-03-02T04:52:44.018,-9999999,G2,072.C-0488(E),Mayor,-9999999,HARPS_ech_obs_all,HARPS_ech_obs_thosimult,STAR_WAVE_G1,8.61200425493825E-06,3.51935119700372E-07,0,0,0
HD96700,166.977705,-30.17399,2454527.716015,1.859048,0.93533,12859.771892,1.021234,-4.90841,0.37684,12860.282585,0.283475,-4.897899,0.376886,12.315739,3.435886,-5.021914,0.906213,0.40708,0.000277,0.383257,0.000408,0.516527,0.000537,0,6.936885,40.839685,-0.009262,12.7,267.3,2454527.71613,8.8395,8.839492,0,-9999999,0.658013,0.064012,0.856057,-0.14732,0.981102,0.5,450,12.323421,3.408227,2008-03-02T05:00:45.955,-9999999,G2,072.C-0488(E),Mayor,-9999999,HARPS_ech_obs_all,HARPS_ech_obs_thosimult,STAR_WAVE_G1,8.4298982189698E-06,3.15552299480714E-07,0,0,0
HD96700,166.977705,-30.17399,2454528.7003642,3.855745,0.945428,12861.181207,1.027949,-2.906776,0.401249,12861.721745,0.306789,-2.898901,0.401334,-0.662149,4.271719,-5.699325,0.793832,0.406191,0.000304,0.377033,0.000449,0.524269,0.000586,0,6.937532,40.843095,-0.012045,12.7,243.7,2454528.70049,8.459109,8.459082,0.316,-9999999,0.658442,0.06895,0.856057,-0.117904,0.981102,0.51,450,-0.651898,4.262042,2008-03-03T04:38:06.776,-9999999,G2,072.C-0488(E),Mayor,-9999999,HARPS_ech_obs_all,HARPS_ech_obs_thosimult,STAR_WAVE_G1,7.44547632636726E-06,2.82819639583199E-07,0,0,0
HD96700,166.977705,-30.17399,2454528.7057984,2.490169,0.935764,12860.623825,1.022061,-4.274067,0.377917,12861.154151,0.286442,-4.276191,0.378005,2.445674,3.980131,-7.198435,0.787667,0.40583,0.000285,0.377551,0.00042,0.52554,0.000548,0,6.935429,40.853618,-0.009242,12.7,261.1,2454528.70592,8.444872,8.444867,0.105,-9999999,0.658444,0.067235,0.856057,-0.128118,0.981102,0.48,450,2.45816,3.960728,2008-03-03T04:46:09.781,-9999999,G2,072.C-0488(E),Mayor,-9999999,HARPS_ech_obs_all,HARPS_ech_obs_thosimult,STAR_WAVE_G1,7.93339170024924E-06,2.8913425993505E-07,0,0,0
HD96700,166.977705,-30.17399,2454529.7060877,1.27556,0.893649,12859.775102,0.996106,-5.488767,0.256467,12860.30532,0.172238,-5.465103,0.256569,5.853644,3.103305,-5.080853,0.722658,0.405356,0.000169,0.385358,0.00025,0.514562,0.000327,128,6.93699,40.857906,-0.009932,12.7,437,2454529.7062,8.019937,8.019946,2.803,-9999999,0.65888,0.067144,0.856057,-0.128662,0.981102,0.48,900,5.861678,3.087834,2008-03-04T04:42:56.409,-9999999,G2,072.C-0488(E),Mayor,-9999999,HARPS_ech_obs_all,HARPS_ech_obs_thosimult,STAR_WAVE_G1,8.58567696949027E-06,2.00032828001993E-07,0,0,0
HD96700,166.977705,-30.17399,2454530.7390653,-0.085699,0.893832,12858.46283,0.67083,-6.816336,0.257098,12858.879159,0.171195,-6.803645,0.257223,8.15281,2.91575,-5.191104,0.710798,0.40443,0.000166,0.375109,0.000246,0.525536,0.000322,128,6.937586,40.856517,-0.011517,12.7,444.5,2454530.73919,7.506587,7.506579,0.632,-9999999,0.65933,0.100834,0.856059,-0.243001,0.648617,0.5,900,8.151132,2.867822,2008-03-05T05:30:05.352,-9999999,G2,072.C-0488(E),Mayor,-9999999,HARPS_ech_obs_all,HARPS_ech_obs_thosimult,STAR_WAVE_G1,7.84984587826282E-06,1.8997534067547E-07,0,0,0
HD96700,166.977705,-30.17399,2454547.6965701,-0.884279,0.663111,12857.678222,0.644779,-8.702537,0.279049,12856.842596,0.195294,-8.704924,0.279191,4.174031,3.015022,-8.964447,0.76558,0.404569,0.000189,0.376726,0.00028,0.510133,0.000365,0,6.940435,40.882214,-0.012023,12.7,390.2,2454547.69669,0.184586,0.184565,0.598,-9999999,0.666721,-0.986787,0.601538,-1.502347,0.614492,0.49,900,4.159403,2.942979,2008-03-22T04:28:43.603,-9999999,G2,072.C-0488(E),Mayor,-9999999,HARPS_ech_obs_all,HARPS_ech_obs_thosimult,STAR_WAVE_G1,7.04348069292058E-06,2.36281145972523E-07,0,0,0
HD96700,166.977705,-30.17399,2454548.7195619,-0.47217,0.916615,12856.558742,0.899392,-7.083632,0.327643,12858.208221,0.247905,-7.068708,0.327767,3.790325,3.90119,-7.060337,0.804444,0.405356,0.000249,0.376545,0.000365,0.519685,0.000474,0,6.939692,40.873505,-0.012064,12.7,300.8,2454548.71968,-0.312248,-0.312244,-0.056,-9999999,0.667166,0.220009,0.856057,0.982313,0.864551,0.47,800,3.764043,3.856008,2008-03-23T05:02:55.088,-9999999,G2,072.C-0488(E),Mayor,-9999999,HARPS_ech_obs_all,HARPS_ech_obs_thosimult,STAR_WAVE_G1,6.76474763750746E-06,2.80150788230624E-07,0,0,0
HD96700,166.977705,-30.17399,2454549.6538433,0.909586,0.981204,12856.765839,0.853725,-5.698727,0.479503,12859.768518,0.373202,-5.688976,0.47964,8.944854,3.937194,-6.931211,1.077161,0.404054,0.000365,0.376938,0.000544,0.509507,0.000707,0,6.939636,40.862736,-0.01413,12.7,202,2454549.65396,-0.579223,-0.579232,0.117,-9999999,0.667574,0.223158,0.856059,2.335105,0.767832,0.5,800,8.925705,3.905379,2008-03-24T03:27:53.107,-9999999,G2,072.C-0488(E),Mayor,-9999999,HARPS_ech_obs_all,HARPS_ech_obs_thosimult,STAR_WAVE_G1,7.74612577009887E-06,3.39172402265715E-07,0,0,0
HD96700,166.977705,-30.17399,2454552.6798771,3.527955,0.729846,12860.584716,0.662446,-1.875884,0.341837,12863.165364,0.256551,-1.8806,0.341949,-2.158905,3.640098,-8.58546,0.77267,0.403895,0.000248,0.378569,0.000369,0.517221,0.000477,0,6.939818,40.879821,-0.014166,12.7,297.1,2454552.67999,-1.959663,-1.959631,-0.188,-9999999,0.668892,1.427632,0.644844,1.911756,0.610751,0.48,800,-2.15866,3.632001,2008-03-27T04:05:39.508,-9999999,G2,072.C-0488(E),Mayor,-9999999,HARPS_ech_obs_all,HARPS_ech_obs_thosimult,STAR_WAVE_G1,7.15641327409329E-06,2.58648309657876E-07,0,0,0
HD96700,166.977705,-30.17399,2454553.6691085,3.330365,1.015146,12861.676135,0.895119,-3.180737,0.545606,12862.31143,0.426823,-3.166588,0.545661,12.668276,5.359493,-10.968985,1.172492,0.40475,0.000414,0.386307,0.000617,0.516218,0.000797,0,6.936486,40.876095,-0.011971,12.7,178,2454553.66922,-2.367784,-2.367773,0.386,-9999999,0.669323,0.320369,0.856058,-0.034028,0.786803,0.46,200,12.685778,5.350628,2008-03-28T03:55:01.707,-9999999,G2,072.C-0488(E),Mayor,-9999999,HARPS_ech_obs_all,HARPS_ech_obs_thosimult,STAR_WAVE_G1,7.46556599522653E-06,4.50288392628247E-07,0,0,0
HD96700,166.977705,-30.17399,2454553.6717847,3.412152,1.007238,12861.068128,0.889837,-3.099794,0.530749,12861.698395,0.415632,-3.145935,0.530965,3.519135,4.740574,-14.40918,1.026456,0.40413,0.000407,0.388004,0.000607,0.520484,0.000786,0,6.9353,40.891174,-0.011668,12.7,181.2,2454553.67189,-2.374799,-2.374765,0.243,-9999999,0.669325,0.319525,0.856058,-0.039058,0.786803,0.46,200,3.537264,4.730628,2008-03-28T03:58:52.929,-9999999,G2,072.C-0488(E),Mayor,-9999999,HARPS_ech_obs_all,HARPS_ech_obs_thosimult,STAR_WAVE_G1,7.59053481244007E-06,4.77766959916266E-07,0,0,0
HD96700,166.977705,-30.17399,2454553.674426,4.61478,1.005479,12862.073486,0.888392,-1.897999,0.527402,12862.69879,0.412531,-1.884216,0.527562,11.624229,4.901851,-11.184056,0.974315,0.40357,0.0004,0.386514,0.000598,0.52015,0.000775,0,6.935742,40.882039,-0.013863,12.7,183.7,2454553.67453,-2.381709,-2.381678,0.242,-9999999,0.669326,0.318692,0.856058,-0.044022,0.786803,0.44,200,11.645475,4.896651,2008-03-28T04:02:45.142,-9999999,G2,072.C-0488(E),Mayor,-9999999,HARPS_ech_obs_all,HARPS_ech_obs_thosimult,STAR_WAVE_G1,7.2384619842605E-06,5.20580842854571E-07,0,0,0
HD96700,166.977705,-30.17399,2454553.6771348,3.005486,1.013848,12861.306253,0.894134,-3.508148,0.543188,12861.926467,0.424755,-3.552224,0.543332,3.669169,4.931617,-12.476784,1.146332,0.404309,0.000412,0.387148,0.000615,0.518491,0.000796,0,6.93594,40.888785,-0.015112,12.7,178.7,2454553.67724,-2.38878,-2.38873,0.4,-9999999,0.669327,0.317837,0.856057,-0.049113,0.786803,0.45,200,3.687433,4.919662,2008-03-28T04:06:37.184,-9999999,G2,072.C-0488(E),Mayor,-9999999,HARPS_ech_obs_all,HARPS_ech_obs_thosimult,STAR_WAVE_G1,7.31006478800499E-06,4.43957145035932E-07,0,0,0
HD96700,166.977705,-30.17399,2454554.6821064,3.502906,0.726684,12860.981796,0.741909,-3.335658,0.438029,12861.556426,0.340637,-3.326063,0.438196,-1.065035,4.153385,-7.430589,1.087078,0.404737,0.000316,0.376743,0.000464,0.507199,0.000602,0,6.938731,40.869936,-0.011298,12.7,235.8,2454554.68223,-2.837299,-2.837307,-0.333,-9999999,0.669765,-0.007093,0.579828,-0.095135,0.659087,0.49,400,-1.037529,4.139024,2008-03-29T04:12:01.468,-9999999,G2,072.C-0488(E),Mayor,-9999999,HARPS_ech_obs_all,HARPS_ech_obs_thosimult,STAR_WAVE_G1,7.88570719258796E-06,4.07103388349219E-07,0,0,0
HD96700,166.977705,-30.17399,2454554.6871139,2.53571,0.700093,12860.53229,0.724406,-4.304434,0.392339,12861.09751,0.300616,-4.309473,0.392466,4.726731,3.758206,-11.360625,0.73482,0.403506,0.000295,0.377887,0.000437,0.508189,0.000567,0,6.935712,40.884836,-0.012848,12.7,251,2454554.68723,-2.850201,-2.850183,-0.864,-9999999,0.669767,-0.008673,0.579828,-0.104547,0.659086,0.49,400,4.751066,3.733736,2008-03-29T04:19:14.120,-9999999,G2,072.C-0488(E),Mayor,-9999999,HARPS_ech_obs_all,HARPS_ech_obs_thosimult,STAR_WAVE_G1,7.10434114842436E-06,3.06816955270947E-07,0,0,0
HD96700,166.977705,-30.17399,2454555.6886628,-1.061903,0.662992,12856.696505,0.748887,-7.976448,0.478196,12857.146083,0.374148,-7.98097,0.478347,6.833804,4.010229,-8.278774,0.974559,0.404944,0.000367,0.386906,0.000545,0.519136,0.000706,0,6.938118,40.86914,-0.012725,12.7,201.4,2454555.68877,-3.28895,-3.288912,0.119,-9999999,0.670204,-0.083074,0.459224,-0.220626,0.648726,0.47,400,6.862404,3.973001,2008-03-30T04:21:36.806,-9999999,G2,072.C-0488(E),Mayor,-9999999,HARPS_ech_obs_all,HARPS_ech_obs_thosimult,STAR_WAVE_G1,6.13775176451862E-06,4.53914396392086E-07,0,0,0
HD96700,166.977705,-30.17399,2454555.693621,-1.95897,0.653495,12855.853488,0.743523,-8.875079,0.46494,12856.293749,0.363291,-8.863651,0.465086,4.896008,5.113059,-8.274157,1.119925,0.405157,0.000358,0.387106,0.00053,0.519862,0.000688,0,6.939472,40.867568,-0.012227,12.7,207.2,2454555.69373,-3.301549,-3.301523,0.168,-9999999,0.670206,-0.084638,0.459224,-0.229945,0.648726,0.46,400,4.93337,5.080748,2008-03-30T04:28:49.199,-9999999,G2,072.C-0488(E),Mayor,-9999999,HARPS_ech_obs_all,HARPS_ech_obs_thosimult,STAR_WAVE_G1,7.15301666105338E-06,3.89828515237905E-07,0,0,0
HD96700,166.977705,-30.17399,2454556.6485286,1.533682,0.805946,12858.710095,0.772791,-5.427648,0.496123,12859.688251,0.388981,-5.440043,0.496279,8.334143,5.194737,-12.083617,0.884637,0.404472,0.000395,0.379282,0.000582,0.508523,0.000754,0,6.935817,40.889985,-0.012205,12.7,189.1,2454556.64864,-3.618533,-3.618519,-2.077,-9999999,0.670622,-0.129859,0.635146,0.307534,0.667757,0.49,400,8.371941,5.167337,2008-03-31T03:23:42.149,-9999999,G2,072.C-0488(E),Mayor,-9999999,HARPS_ech_obs_all,HARPS_ech_obs_thosimult,STAR_WAVE_G1,8.75614106236547E-06,3.79891727255885E-07,0,0,0
HD96700,166.977705,-30.17399,2454556.6534365,1.899512,0.802436,12859.275352,0.769846,-5.063366,0.490403,12860.244285,0.383098,-5.072375,0.490561,6.24819,4.566105,-13.182881,0.955988,0.403883,0.000393,0.378751,0.000578,0.508148,0.000749,0,6.933151,40.887494,-0.014686,12.7,190.4,2454556.65355,-3.631463,-3.631444,-2.224,-9999999,0.670624,-0.131407,0.635145,0.298309,0.667756,0.47,400,6.296746,4.536388,2008-03-31T03:30:54.192,-9999999,G2,072.C-0488(E),Mayor,-9999999,HARPS_ech_obs_all,HARPS_ech_obs_thosimult,STAR_WAVE_G1,7.79349983065263E-06,3.70702788339279E-07,0,0,0
HD96700,166.977705,-30.17399,2454557.592639,-1.403272,0.897856,12856.190581,0.851004,-7.752872,0.510177,12857.784517,0.378704,-7.749216,0.510291,-2.654694,4.347679,-10.168168,1.070298,0.403891,0.000383,0.385153,0.000564,0.517066,0.000731,0,6.935173,40.872262,-0.012282,12.7,194.4,2454557.59276,-3.905708,-3.905719,-0.805,-9999999,0.671033,0.481871,0.738826,0.922903,0.762097,0.52,400,-2.621009,4.310846,2008-04-01T02:03:02.319,-9999999,G2,072.C-0488(E),Mayor,-9999999,HARPS_ech_obs_all,HARPS_ech_obs_thosimult,STAR_WAVE_G1,7.70824042883754E-06,3.65619020330896E-07,0,0,0
HD96700,166.977705,-30.17399,2454557.597399,-0.72035,0.906209,12856.398125,0.856708,-7.071451,0.52474,12857.983116,0.391356,-7.058551,0.524871,-1.178456,5.075406,-13.183142,1.21296,0.403722,0.0004,0.384249,0.000587,0.517251,0.000762,0,6.933421,40.885672,-0.014,12.7,186.9,2454557.59751,-3.917883,-3.917856,-0.65,-9999999,0.671035,0.48037,0.738825,0.913956,0.762095,0.47,400,-1.135421,5.047257,2008-04-01T02:10:13.593,-9999999,G2,072.C-0488(E),Mayor,-9999999,HARPS_ech_obs_all,HARPS_ech_obs_thosimult,STAR_WAVE_G1,7.22790199852304E-06,4.04886449949301E-07,0,0,0
HD96700,166.977705,-30.17399,2454562.6562925,4.928151,0.557566,12862.797744,0.502522,-1.322092,0.362929,12864.30133,0.252171,-1.278323,0.363103,1.596589,4.645027,-6.971037,0.909483,0.402966,0.00024,0.375504,0.000359,0.516667,0.000466,0,6.936709,40.863844,-0.012456,12.7,304.8,2454562.6564,-6.218135,-6.218144,0.062,-9999999,0.67324,0.581228,0.423276,0.830346,0.434671,0.48,420,1.585918,4.642249,2008-04-06T03:34:55.796,-9999999,G2,072.C-0488(E),Mayor,-9999999,HARPS_ech_obs_all,HARPS_ech_obs_thosimult,STAR_WAVE_G1,7.59594441973082E-06,2.48524899006914E-07,0,0,0
HD96700,166.977705,-30.17399,2454562.6614678,3.044558,0.552087,12860.917532,0.498611,-3.207317,0.354454,12862.411393,0.244286,-3.201727,0.354717,7.430666,4.424702,-7.9932,1.004344,0.402951,0.000235,0.376015,0.000351,0.517503,0.000455,0,6.936085,40.862828,-0.013576,12.7,312.4,2454562.66158,-6.231476,-6.231474,0.421,-9999999,0.673242,0.579596,0.423275,0.820619,0.434669,0.47,420,7.417855,4.413485,2008-04-06T03:42:27.151,-9999999,G2,072.C-0488(E),Mayor,-9999999,HARPS_ech_obs_all,HARPS_ech_obs_thosimult,STAR_WAVE_G1,8.63827402088839E-06,2.89168955664771E-07,0,0,0
HD96700,166.977705,-30.17399,2454563.6113455,2.582403,0.645624,12860.688527,0.58369,-4.333062,0.393081,12861.503935,0.28012,-4.355113,0.393282,7.17744,4.114307,-7.216838,0.715217,0.402713,0.00027,0.381461,0.000403,0.51672,0.000524,0,6.938696,40.857669,-0.013014,12.7,271,2454563.61146,-6.524078,-6.524089,-0.326,-9999999,0.673656,-0.083994,0.51217,0.141752,0.512081,0.48,420,7.161037,4.090047,2008-04-07T02:30:14.121,-9999999,G2,072.C-0488(E),Mayor,-9999999,HARPS_ech_obs_all,HARPS_ech_obs_thosimult,STAR_WAVE_G1,8.21271869969901E-06,3.13449867811356E-07,0,0,0
HD96700,166.977705,-30.17399,2454563.6164856,1.751297,0.653735,12859.995083,0.588574,-5.165789,0.406268,12860.800833,0.290163,-5.16925,0.406479,8.008938,4.181351,-7.902465,0.871842,0.403295,0.00028,0.380662,0.000416,0.515398,0.000541,0,6.939958,40.854671,-0.012087,12.7,262.1,2454563.61659,-6.537573,-6.537571,-0.402,-9999999,0.673659,-0.085615,0.512168,0.132091,0.512079,0.46,420,7.992028,4.151397,2008-04-07T02:37:46.635,-9999999,G2,072.C-0488(E),Mayor,-9999999,HARPS_ech_obs_all,HARPS_ech_obs_thosimult,STAR_WAVE_G1,7.84992842837383E-06,3.39217524740225E-07,0,0,0
HD96700,166.977705,-30.17399,2454564.5864234,0.785049,0.711696,12858.795332,0.747311,-5.199816,0.433253,12860.365051,0.314413,-5.198867,0.433444,0.281287,5.430669,-4.967649,0.931601,0.40681,0.000305,0.372836,0.000456,0.505559,0.000594,0,6.937884,40.847184,-0.012245,12.7,239.5,2454564.58654,-6.88021,-6.880203,0.414,-9999999,0.674081,0.846606,0.564626,0.895638,0.677952,0.49,420,0.258875,5.413068,2008-04-08T01:54:18.549,-9999999,G2,072.C-0488(E),Mayor,-9999999,HARPS_ech_obs_all,HARPS_ech_obs_thosimult,STAR_WAVE_G1,7.72614210666827E-06,3.65804894927067E-07,0,0,0
HD96700,166.977705,-30.17399,2454564.5915097,1.418647,0.716061,12859.153753,0.749368,-4.567822,0.44039,12860.713915,0.319276,-4.561189,0.440553,4.494335,4.455419,-3.399295,0.944836,0.406933,0.000309,0.372436,0.000462,0.505975,0.000602,0,6.941154,40.838413,-0.012923,12.7,236.2,2454564.59162,-6.893366,-6.893341,0.168,-9999999,0.674084,0.845002,0.564624,0.886078,0.67795,0.46,420,4.482985,4.43622,2008-04-08T02:01:50.612,-9999999,G2,072.C-0488(E),Mayor,-9999999,HARPS_ech_obs_all,HARPS_ech_obs_thosimult,STAR_WAVE_G1,7.54737393608789E-06,3.80511395582479E-07,0,0,0
HD96700,166.977705,-30.17399,2454565.6421201,1.526652,0.778924,12859.623175,0.755553,-4.595028,0.426529,12861.090315,0.303198,-4.590603,0.426652,4.276606,4.685238,-1.448921,1.066254,0.4051,0.000289,0.375395,0.000431,0.519405,0.000561,0,6.941396,40.830192,-0.012207,12.7,254,2454565.64224,-7.443775,-7.443796,0.264,-9999999,0.674541,0.709791,0.651764,0.792599,0.692049,0.49,420,4.265773,4.666431,2008-04-09T03:14:32.924,-9999999,G2,072.C-0488(E),Mayor,-9999999,HARPS_ech_obs_all,HARPS_ech_obs_thosimult,STAR_WAVE_G1,7.13694946298451E-06,2.75828084037288E-07,0,0,0
HD96700,166.977705,-30.17399,2454565.6473477,1.76635,0.777867,12859.497784,0.755243,-4.356979,0.424597,12860.955102,0.302426,-4.353429,0.424701,-0.950774,4.490262,-0.966445,0.827776,0.404608,0.000287,0.375793,0.00043,0.517901,0.000558,0,6.942645,40.825394,-0.010893,12.7,254.8,2454565.64746,-7.457294,-7.457287,0.443,-9999999,0.674544,0.708142,0.651763,0.782774,0.692048,0.49,420,-0.962669,4.472786,2008-04-09T03:22:04.598,-9999999,G2,072.C-0488(E),Mayor,-9999999,HARPS_ech_obs_all,HARPS_ech_obs_thosimult,STAR_WAVE_G1,8.01474963261346E-06,3.32871480773094E-07,0,0,0
HD96700,166.977705,-30.17399,2454566.6179457,0.516307,0.58509,12858.430404,0.510329,-5.70829,0.401762,12859.902005,0.280923,-5.693448,0.401881,6.509433,5.507687,-6.188294,0.879615,0.406681,0.000264,0.374711,0.000395,0.516245,0.000513,0,6.936415,40.845453,-0.011073,12.7,276.6,2454566.61806,-7.795683,-7.795695,0.231,-9999999,0.674967,0.606874,0.425344,0.796634,0.42605,0.49,420,6.501317,5.485206,2008-04-10T02:39:46.393,-9999999,G2,072.C-0488(E),Mayor,-9999999,HARPS_ech_obs_all,HARPS_ech_obs_thosimult,STAR_WAVE_G1,7.87417426112991E-06,2.52648468752497E-07,0,0,0
HD96700,166.977705,-30.17399,2454566.6231271,0.324242,0.574803,12858.533747,0.502161,-5.90199,0.38663,12859.995612,0.2658,-5.90714,0.38673,2.855445,4.717532,-6.865774,1.040634,0.402612,0.00025,0.374587,0.000375,0.517715,0.000488,0,6.93662,40.845606,-0.011824,12.7,291.2,2454566.62324,-7.80924,-7.809256,0.446,-9999999,0.674969,0.605239,0.425342,0.786896,0.426047,0.48,420,2.854276,4.692321,2008-04-10T02:47:18.276,-9999999,G2,072.C-0488(E),Mayor,-9999999,HARPS_ech_obs_all,HARPS_ech_obs_thosimult,STAR_WAVE_G1,8.32617440829682E-06,3.28073030545487E-07,0,0,0
HD96700,166.977705,-30.17399,2454568.6112482,7.069513,0.822349,12865.503778,0.706216,0.780228,0.479905,12867.104495,0.35826,0.743713,0.480062,-3.371015,5.792494,-8.429394,0.99382,0.402164,0.00035,0.377787,0.000522,0.520216,0.000678,0,6.936844,40.856809,-0.013109,12.7,210.5,2454568.61137,-8.598234,-8.598263,-0.086,-9999999,0.675835,0.542186,0.667794,0.924882,0.608597,0.51,420,-3.365434,5.797499,2008-04-12T02:30:04.028,-9999999,G2,072.C-0488(E),Mayor,-9999999,HARPS_ech_obs_all,HARPS_ech_obs_thosimult,STAR_WAVE_G1,8.04185551314028E-06,3.75176068588489E-07,0,0,0
HD96700,166.977705,-30.17399,2454568.6161894,7.367242,0.812456,12864.318968,0.698724,1.076398,0.46275,12865.910401,0.343259,1.037517,0.463023,-3.149606,5.148292,-8.921458,1.066359,0.4026,0.000338,0.377646,0.000502,0.517647,0.000651,0,6.937153,40.861684,-0.011201,12.7,218.6,2454568.61629,-8.611134,-8.6111,0.119,-9999999,0.675838,0.540627,0.667793,0.915595,0.608595,0.45,420,-3.142471,5.156253,2008-04-12T02:37:36.162,-9999999,G2,072.C-0488(E),Mayor,-9999999,HARPS_ech_obs_all,HARPS_ech_obs_thosimult,STAR_WAVE_G1,7.17197048931241E-06,3.83948262719887E-07,0,0,0
HD96700,166.977705,-30.17399,2454569.6745727,4.386958,0.91556,12861.459472,0.751689,-2.218792,0.345573,12862.878362,0.237707,-2.22789,0.345757,-4.299693,3.923735,-5.420026,0.790569,0.402477,0.000234,0.376556,0.000347,0.50704,0.000451,0,6.941723,40.855631,-0.011326,12.7,316.2,2454569.6747,-9.163398,-9.163415,0.255,-9999999,0.676299,0.225721,0.847838,0.742591,0.713114,0.51,900,-4.286891,3.916146,2008-04-13T03:57:13.165,-9999999,G2,072.C-0488(E),Mayor,-9999999,HARPS_ech_obs_all,HARPS_ech_obs_thosimult,STAR_WAVE_G1,7.91064320667492E-06,2.97364229518957E-07,0,0,0
HD96700,166.977705,-30.17399,2454571.6565439,0.521706,0.881919,12858.667085,0.958731,-4.943261,0.379875,12860.451108,0.268361,-4.962167,0.379955,1.316852,3.626566,-3.083895,0.894662,0.402223,0.000261,0.3781,0.00039,0.508574,0.000506,0,6.939906,40.837359,-0.01193,12.7,282,2454571.65666,-9.917435,-9.91745,-0.501,-9999999,0.677163,1.366504,0.795913,1.10686,0.920406,0.5,900,1.338299,3.594974,2008-04-15T03:31:29.851,-9999999,G2,072.C-0488(E),Mayor,-9999999,HARPS_ech_obs_all,HARPS_ech_obs_thosimult,STAR_WAVE_G1,7.97570628321998E-06,2.99523207738831E-07,0,0,0
HD96700,166.977705,-30.17399,2454591.4906845,-1.809353,1.186697,12854.865626,0.872908,-9.292697,0.86257,12856.767021,0.655664,-9.301631,0.862822,0.832748,7.090799,-19.85352,2.012721,0.407304,0.000659,0.389086,0.000991,0.518813,0.001283,0,6.932719,40.911719,-0.009504,12.7,111.9,2454591.49078,-16.686211,-16.686233,0.081,-9999999,0.685806,-0.651873,0.814999,1.215589,0.576258,0.43,120,0.826629,7.063958,2008-05-04T23:40:34.742,-9999999,G2,072.C-0488(E),Mayor,-9999999,HARPS_ech_obs_all,HARPS_ech_obs_thosimult,STAR_WAVE_G1,3.61594418718526E-06,7.86740638130445E-07,0,0,0
HD96700,166.977705,-30.17399,2454591.4924623,-1.348401,1.130143,12855.039578,0.829322,-8.832305,0.782945,12856.937633,0.596408,-8.821041,0.783134,19.247465,6.633318,-16.758711,1.49077,0.408073,0.000598,0.386966,0.000894,0.522322,0.001166,0,6.933152,40.901258,-0.013338,12.7,123.4,2454591.49257,-16.690484,-16.690507,0.111,-9999999,0.685807,-0.652433,0.814998,1.212248,0.576257,0.44,120,19.23167,6.608235,2008-05-04T23:43:07.150,-9999999,G2,072.C-0488(E),Mayor,-9999999,HARPS_ech_obs_all,HARPS_ech_obs_thosimult,STAR_WAVE_G1,5.43402841111432E-06,7.29509837238696E-07,0,0,0
HD96700,166.977705,-30.17399,2454591.4941755,-1.349522,1.129895,12853.614798,0.831011,-8.833967,0.782588,12855.509634,0.598756,-8.836494,0.782762,18.471405,7.859395,-17.866202,1.660357,0.407298,0.000602,0.3895,0.000904,0.524165,0.001177,0,6.933396,40.910469,-0.014454,12.7,122.5,2454591.49427,-16.694616,-16.694625,0.386,-9999999,0.685808,-0.652974,0.814997,1.209028,0.576255,0.41,120,18.468007,7.837715,2008-05-04T23:45:38.778,-9999999,G2,072.C-0488(E),Mayor,-9999999,HARPS_ech_obs_all,HARPS_ech_obs_thosimult,STAR_WAVE_G1,7.53047426362526E-06,6.55335312401679E-07,0,0,0
HD96700,166.977705,-30.17399,2454591.4959372,-0.481129,1.104402,12855.960445,0.809935,-7.96613,0.74531,12857.851971,0.569146,-7.957028,0.745521,13.161744,7.224888,-17.868582,1.806177,0.408193,0.000572,0.388214,0.000856,0.521711,0.001114,0,6.93285,40.909425,-0.014902,12.7,129,2454591.49604,-16.698877,-16.698899,-0.07,-9999999,0.685809,-0.65353,0.814996,1.205717,0.576253,0.41,120,13.159295,7.202166,2008-05-04T23:48:10.996,-9999999,G2,072.C-0488(E),Mayor,-9999999,HARPS_ech_obs_all,HARPS_ech_obs_thosimult,STAR_WAVE_G1,6.00306610182063E-06,5.71699327898104E-07,0,0,0
HD96700,166.977705,-30.17399,2454591.4977007,-1.251464,1.148776,12855.848983,0.844255,-8.737021,0.809611,12857.737195,0.61701,-8.786604,0.809804,2.039016,8.366132,-16.314102,1.548821,0.409315,0.000625,0.387775,0.000932,0.521726,0.001212,0,6.936263,40.903286,-0.015368,12.7,118.5,2454591.4978,-16.703155,-16.703157,-0.073,-9999999,0.68581,-0.654086,0.814995,1.202402,0.576252,0.42,120,2.031412,8.345122,2008-05-04T23:50:42.173,-9999999,G2,072.C-0488(E),Mayor,-9999999,HARPS_ech_obs_all,HARPS_ech_obs_thosimult,STAR_WAVE_G1,8.22092129923274E-06,6.39194929105713E-07,0,0,0
HD96700,166.977705,-30.17399,2454593.5140084,2.546442,1.072413,12860.889926,1.097392,-4.286305,0.645879,12862.210119,0.491544,-4.281539,0.646014,11.068011,5.706687,-9.519975,1.403867,0.40424,0.000483,0.380137,0.000727,0.520279,0.000943,0,6.938302,40.861154,-0.010943,12.7,152,2454593.51411,-17.366156,-17.366166,-0.482,-9999999,0.686688,-0.001276,0.856101,0.633505,0.981149,0.42,120,11.063604,5.691059,2008-05-07T00:14:21.101,-9999999,G2,072.C-0488(E),Mayor,-9999999,HARPS_ech_obs_all,HARPS_ech_obs_thosimult,STAR_WAVE_G1,8.42212433471118E-06,5.03253363837216E-07,0,0,0
HD96700,166.977705,-30.17399,2454593.5157686,1.723387,1.067812,12859.498199,1.094694,-5.109915,0.638211,12860.815085,0.485492,-5.100401,0.638461,13.726737,5.984252,-9.156069,1.204005,0.403189,0.000476,0.379887,0.000717,0.518867,0.000929,0,6.93619,40.877132,-0.011704,12.7,153.9,2454593.51587,-17.370534,-17.370556,-0.452,-9999999,0.686689,-0.001831,0.856101,0.630197,0.981149,0.42,120,13.730465,5.965635,2008-05-07T00:16:53.199,-9999999,G2,072.C-0488(E),Mayor,-9999999,HARPS_ech_obs_all,HARPS_ech_obs_thosimult,STAR_WAVE_G1,7.75792636074778E-06,4.67260115062006E-07,0,0,0
HD96700,166.977705,-30.17399,2454593.5175231,0.195126,1.071049,12858.312001,1.096168,-6.63873,0.643614,12859.62559,0.488809,-6.660774,0.643639,17.75486,6.930261,-7.979862,1.243093,0.402914,0.00048,0.379875,0.000722,0.519039,0.000936,0,6.938283,40.866564,-0.012364,12.7,152.9,2454593.51763,-17.374904,-17.374927,-0.464,-9999999,0.68669,-0.002385,0.8561,0.626899,0.981148,0.42,120,17.754071,6.90859,2008-05-07T00:19:24.796,-9999999,G2,072.C-0488(E),Mayor,-9999999,HARPS_ech_obs_all,HARPS_ech_obs_thosimult,STAR_WAVE_G1,7.79189498877894E-06,4.78434571521631E-07,0,0,0
HD96700,166.977705,-30.17399,2454593.5192866,1.05093,1.063185,12858.490577,1.092365,-5.783482,0.630442,12859.800853,0.480222,-5.773591,0.630718,15.608193,6.978754,-8.734357,1.294025,0.403006,0.000471,0.379196,0.000709,0.519645,0.000921,0,6.941079,40.864151,-0.015793,12.7,155.6,2454593.51938,-17.379302,-17.37933,-0.543,-9999999,0.686691,-0.002941,0.856099,0.623585,0.981147,0.42,120,15.612582,6.959149,2008-05-07T00:21:57.165,-9999999,G2,072.C-0488(E),Mayor,-9999999,HARPS_ech_obs_all,HARPS_ech_obs_thosimult,STAR_WAVE_G1,7.83404750136354E-06,4.08039756976596E-07,0,0,0
HD96700,166.977705,-30.17399,2454593.5210411,-0.519053,1.076494,12857.259683,1.101022,-7.354019,0.652638,12858.566661,0.499603,-7.358768,0.652879,15.857473,6.736105,-10.207206,1.444376,0.402249,0.000489,0.381781,0.00074,0.519038,0.000956,0,6.94035,40.868125,-0.012776,12.7,149.7,2454593.52114,-17.383683,-17.383712,-0.204,-9999999,0.686691,-0.003495,0.856098,0.620287,0.981146,0.42,120,15.854717,6.711831,2008-05-07T00:24:28.762,-9999999,G2,072.C-0488(E),Mayor,-9999999,HARPS_ech_obs_all,HARPS_ech_obs_thosimult,STAR_WAVE_G1,7.04295751247614E-06,4.750418691486E-07,0,0,0
HD96700,166.977705,-30.17399,2454610.5052136,-0.119054,0.960406,12856.985606,0.784643,-5.005503,0.435274,12860.021568,0.31708,-5.051558,0.435333,2.048102,4.705567,-3.383163,1.016541,0.403123,0.000296,0.388814,0.000449,0.513369,0.000579,0,6.938843,40.827528,-0.01292,12.7,245.3,2454610.50533,-21.689268,-21.689412,-0.329,-9999999,0.694093,1.945022,0.856106,2.341869,0.717721,0.47,400,2.058758,4.684315,2008-05-24T00:01:00.007,-9999999,G2,072.C-0488(E),Mayor,-9999999,HARPS_ech_obs_all,HARPS_ech_obs_thosimult,STAR_WAVE_G1,7.57534829294038E-06,3.05346997791078E-07,0,0,0
HD96700,166.977705,-30.17399,2454610.5102563,-0.279824,0.957019,12857.035263,0.781556,-5.167864,0.427752,12860.061749,0.309371,-5.197185,0.427964,3.289476,4.386253,-1.503823,1.003858,0.402175,0.000291,0.388938,0.000441,0.512861,0.000568,0,6.939714,40.822567,-0.010718,12.7,249.9,2454610.51038,-21.701368,-21.701514,-0.192,-9999999,0.694095,1.943431,0.856103,2.332391,0.717718,0.48,400,3.29876,4.362628,2008-05-24T00:08:11.721,-9999999,G2,072.C-0488(E),Mayor,-9999999,HARPS_ech_obs_all,HARPS_ech_obs_thosimult,STAR_WAVE_G1,7.87869243569888E-06,3.49518510797058E-07,0,0,0
HD96700,166.977705,-30.17399,2454616.5659909,-0.825843,0.821313,12856.747083,0.827276,-6.362306,0.505105,12858.798728,0.372459,-6.380122,0.505252,-1.117577,5.749814,2.10798,1.051473,0.403916,0.000351,0.379913,0.000531,0.517857,0.000688,0,6.943533,40.802637,-0.011326,12.7,207,2454616.56611,-22.954642,-22.954765,-1.105,-9999999,0.696735,1.295008,0.64763,1.35491,0.738688,0.49,400,-1.120043,5.72217,2008-05-30T01:29:01.995,-9999999,G2,072.C-0488(E),Mayor,-9999999,HARPS_ech_obs_all,HARPS_ech_obs_thosimult,STAR_WAVE_G1,6.41325050004661E-06,4.17067541808239E-07,0,0,0
HD96700,166.977705,-30.17399,2454616.5709421,-0.805047,0.792526,12857.212978,0.808506,-6.343072,0.45681,12859.255319,0.328671,-6.371793,0.456923,6.33879,5.719295,2.460995,0.925014,0.403392,0.000308,0.380272,0.000467,0.519327,0.000605,0,6.946806,40.798041,-0.01182,12.7,235.7,2454616.57106,-22.96452,-22.964639,-0.795,-9999999,0.696737,1.293446,0.647628,1.345604,0.738686,0.48,400,6.343508,5.69138,2008-05-30T01:36:13.808,-9999999,G2,072.C-0488(E),Mayor,-9999999,HARPS_ech_obs_all,HARPS_ech_obs_thosimult,STAR_WAVE_G1,7.26913948125829E-06,3.67875184831348E-07,0,0,0
HD96700,166.977705,-30.17399,2454618.6147182,2.862291,1.084821,12860.664414,1.099884,-2.288948,0.666323,12863.398139,0.497157,-2.337697,0.666459,9.253703,7.184629,-3.167085,1.319594,0.400202,0.000475,0.391816,0.000728,0.510366,0.000931,0,6.940646,40.818574,-0.009344,12.7,152.7,2454618.61479,-23.363432,-23.363434,-0.736,-9999999,0.697627,1.680232,0.856066,2.036098,0.981112,0.31,900,9.261547,7.176257,2008-06-01T02:38:02.572,-9999999,G2,072.C-0488(E),Mayor,-9999999,HARPS_ech_obs_all,HARPS_ech_obs_thosimult,STAR_WAVE_G1,8.12926888966334E-06,4.1508364473628E-07,0,0,0
HD96700,166.977705,-30.17399,2454620.5025311,-1.065969,1.00241,12855.867844,1.053163,-6.243703,0.521446,12858.808775,0.382734,-6.277074,0.521545,1.986821,5.373859,2.320769,1.129642,0.4019,0.000362,0.390285,0.000552,0.511058,0.000707,0,6.943841,40.799653,-0.009054,12.7,200.4,2454620.50264,-23.44118,-23.441334,-0.181,-9999999,0.69845,1.653737,0.856107,2.242481,0.981156,0.48,900,1.989564,5.34895,2008-06-02T23:54:09.237,-9999999,G2,072.C-0488(E),Mayor,-9999999,HARPS_ech_obs_all,HARPS_ech_obs_thosimult,STAR_WAVE_G1,8.58230367514437E-06,4.27626164962994E-07,0,0,0
HD96700,166.977705,-30.17399,2454621.4898342,-2.018549,1.577659,12856.224268,1.218036,-7.876705,1.334234,12858.888309,0.981236,-7.863219,1.334463,27.346696,11.563402,-9.370149,3.436299,0.402657,0.000993,0.382053,0.001517,0.503081,0.001921,0,6.94241,40.833319,-0.005831,12.7,74.7,2454621.48993,-23.550978,-23.551102,0.355,-9999999,0.69888,0.973315,0.841919,1.965161,0.721656,0.39,900,27.322954,11.550974,2008-06-03T23:37:19.893,-9999999,G2,072.C-0488(E),Mayor,-9999999,HARPS_ech_obs_all,HARPS_ech_obs_thosimult,STAR_WAVE_G1,9.45449345877759E-06,9.77185525419614E-07,0,0,0
HD96700,166.977705,-30.17399,2454639.5326847,-1.106449,1.05378,12856.857494,0.887626,-7.35742,0.684985,12858.907458,0.51892,-7.345624,0.685136,10.065036,6.30026,-2.915556,1.250328,0.403346,0.000489,0.391644,0.000752,0.513406,0.000964,0,6.943435,40.834918,-0.012145,12.7,147.5,2454639.53281,-24.913638,-24.913843,-0.168,-9999999,0.706744,0.5805,0.80078,1.34322,0.720141,0.52,420,10.078713,6.275533,2008-06-22T00:43:20.944,-9999999,G2,072.C-0488(E),Mayor,-9999999,HARPS_ech_obs_all,HARPS_ech_obs_thosimult,STAR_WAVE_G1,7.78935801264084E-06,5.19498348103223E-07,0,0,0
HD96700,166.977705,-30.17399,2454639.5378082,-0.531348,0.969196,12856.420384,0.825646,-6.783936,0.545982,12858.460721,0.403847,-6.797239,0.546158,11.882651,4.795592,-3.697184,1.079231,0.40349,0.000375,0.39106,0.000576,0.515283,0.000742,0,6.943986,40.837353,-0.010146,12.7,191.8,2454639.53792,-24.921617,-24.9218,-0.17,-9999999,0.706746,0.578883,0.800777,1.333591,0.720138,0.5,420,11.91136,4.766347,2008-06-22T00:50:52.048,-9999999,G2,072.C-0488(E),Mayor,-9999999,HARPS_ech_obs_all,HARPS_ech_obs_thosimult,STAR_WAVE_G1,7.17712808267244E-06,4.53320372507867E-07,0,0,0
HD96700,166.977705,-30.17399,2454642.4727506,5.831558,0.865087,12864.315619,0.912629,-0.27149,0.454431,12865.771903,0.323266,-0.288099,0.454641,1.737974,5.13869,-5.463251,0.9909,0.404072,0.000315,0.38994,0.000472,0.516488,0.00061,0,6.93925,40.839004,-0.011471,12.7,233.9,2454642.47287,-24.808722,-24.808982,0.104,-9999999,0.708025,0.728423,0.736116,0.748259,0.853458,0.48,425,1.761479,5.141023,2008-06-24T23:17:37.938,-9999999,G2,072.C-0488(E),Mayor,-9999999,HARPS_ech_obs_all,HARPS_ech_obs_thosimult,STAR_WAVE_G1,7.73015443138391E-06,3.41885643851622E-07,0,0,0
HD96700,166.977705,-30.17399,2454642.4779869,6.809519,0.86902,12865.102629,0.915152,0.704819,0.461881,12866.549073,0.330331,0.687074,0.462075,0.415145,5.572884,-7.041869,1.020807,0.404613,0.000319,0.38926,0.000479,0.516248,0.000619,0,6.937761,40.847591,-0.012814,12.7,230.3,2454642.4781,-24.81898,-24.819221,-0.008,-9999999,0.708027,0.726771,0.736113,0.738417,0.853454,0.47,425,0.435249,5.57839,2008-06-24T23:25:14.642,-9999999,G2,072.C-0488(E),Mayor,-9999999,HARPS_ech_obs_all,HARPS_ech_obs_thosimult,STAR_WAVE_G1,8.18521741599991E-06,3.46788939985467E-07,0,0,0
HD96700,166.977705,-30.17399,2454645.494424,1.775824,0.865551,12858.674042,1.006069,-5.176798,0.34482,12860.213479,0.222486,-5.183483,0.345006,7.305247,4.287913,0.566936,0.81748,0.40312,0.00021,0.389296,0.000317,0.514523,0.000409,0,6.944752,40.814963,-0.012271,12.7,347.4,2454645.49453,-24.792306,-24.792538,0.264,-9999999,0.709342,-0.121151,0.793901,0.830095,0.98116,0.45,900,7.330779,4.263294,2008-06-27T23:45:50.960,-9999999,G2,072.C-0488(E),Mayor,-9999999,HARPS_ech_obs_all,HARPS_ech_obs_thosimult,STAR_WAVE_G1,7.98359846357146E-06,3.06763565963607E-07,0,0,0
HD96700,166.977705,-30.17399,2454648.4935479,3.354743,0.921935,12860.398569,0.781132,-3.381246,0.342107,12861.946596,0.232757,-3.416464,0.34234,-5.410677,3.930326,-4.294166,0.667265,0.405345,0.000223,0.388155,0.000335,0.50522,0.000434,0,6.944242,40.836292,-0.01201,12.7,328,2454648.49366,-24.668558,-24.668793,0,-9999999,0.710649,0.095481,0.856112,0.837378,0.745648,0.48,900,-5.382463,3.914323,2008-06-30T23:44:29.464,-9999999,G2,072.C-0488(E),Mayor,-9999999,HARPS_ech_obs_all,HARPS_ech_obs_thosimult,STAR_WAVE_G1,7.41918068192912E-06,2.77040521860552E-07,0,0,0
HD96700,166.977705,-30.17399,2454879.6512374,2.845158,1.031813,12859.014586,0.934056,-4.595849,0.576021,12860.050041,0.439751,-4.585781,0.576105,7.284702,5.665235,-5.417977,1.210738,0.405418,0.00043,0.364037,0.000622,0.521753,0.000844,0,6.93807,40.863924,-0.012941,12.7,171.7,2454879.65134,14.297233,14.297278,-0.308,-9999999,0.81139,-0.609536,0.85606,0.224065,0.824063,0.44,250,7.287683,5.650168,2009-02-17T03:30:07.393,-9999999,G2,072.C-0488(E),Mayor,-9999999,HARPS_ech_obs_all,HARPS_ech_obs_thosimult,STAR_WAVE_G1,7.40121175651605E-06,5.36494670024291E-07,0,0,0
HD96700,166.977705,-30.17399,2454879.6544956,0.830081,1.06159,12856.979878,0.955202,-6.611954,0.627803,12858.00921,0.483044,-6.65161,0.62787,0.393114,6.442742,-2.578389,1.380182,0.405868,0.000473,0.364004,0.000684,0.519966,0.000926,0,6.941002,40.855127,-0.014985,12.7,156.3,2454879.6546,14.290273,14.290319,-0.129,-9999999,0.811391,-0.610564,0.856059,0.217941,0.824063,0.44,250,0.399165,6.422962,2009-02-17T03:34:48.891,-9999999,G2,072.C-0488(E),Mayor,-9999999,HARPS_ech_obs_all,HARPS_ech_obs_thosimult,STAR_WAVE_G1,7.68496261900162E-06,5.33749305945874E-07,0,0,0
HD96700,166.977705,-30.17399,2454879.657754,2.203009,1.081609,12857.823699,0.968193,-5.240054,0.661091,12858.846908,0.508252,-5.244105,0.66113,0.973467,6.885285,-4.650743,1.36913,0.406482,0.000498,0.363867,0.00072,0.522128,0.000977,0,6.940623,40.856536,-0.013705,12.7,148.6,2454879.65785,14.283226,14.283277,-0.21,-9999999,0.811392,-0.611592,0.856059,0.211817,0.824062,0.44,250,0.97246,6.870641,2009-02-17T03:39:30.399,-9999999,G2,072.C-0488(E),Mayor,-9999999,HARPS_ech_obs_all,HARPS_ech_obs_thosimult,STAR_WAVE_G1,4.59673360138413E-06,6.21439151367705E-07,0,0,0
HD96700,166.977705,-30.17399,2454881.7286346,-1.062061,0.818255,12856.480931,0.98731,-8.839681,0.527042,12855.820493,0.404831,-8.815883,0.527116,14.711392,4.000316,-6.211695,0.971239,0.405608,0.000399,0.366312,0.000581,0.519961,0.000776,0,6.940044,40.866513,-0.013971,12.7,186.3,2454881.72875,13.352655,13.352629,-0.275,-9999999,0.812295,-0.946149,0.625913,-1.472733,0.900496,0.47,250,14.712058,3.950924,2009-02-19T05:21:18.816,-9999999,G2,072.C-0488(E),Mayor,-9999999,HARPS_ech_obs_all,HARPS_ech_obs_thosimult,STAR_WAVE_G1,8.2741856947684E-06,4.12393399101559E-07,0,0,0
HD96700,166.977705,-30.17399,2454881.7318328,-0.543032,0.823442,12856.17893,0.990677,-8.32166,0.53506,12855.512482,0.412974,-8.284414,0.535169,9.335589,5.949375,-5.114101,1.20696,0.406088,0.000409,0.368518,0.000596,0.520331,0.000793,0,6.940773,40.871558,-0.012546,12.7,182.2,2454881.73194,13.344426,13.344402,-0.332,-9999999,0.812296,-0.947157,0.625914,-1.478744,0.900496,0.45,250,9.320432,5.919642,2009-02-19T05:26:00.124,-9999999,G2,072.C-0488(E),Mayor,-9999999,HARPS_ech_obs_all,HARPS_ech_obs_thosimult,STAR_WAVE_G1,7.71355841749378E-06,3.65259362753652E-07,0,0,0
HD96700,166.977705,-30.17399,2454881.7351071,-0.572346,0.84059,12857.259738,1.000179,-8.352007,0.561091,12856.587138,0.435275,-8.324891,0.561208,1.925418,5.816269,-5.784413,1.262621,0.406568,0.000434,0.368865,0.000631,0.519711,0.000839,0,6.94105,40.869205,-0.014902,12.7,172.2,2454881.73522,13.335984,13.335976,-0.427,-9999999,0.812298,-0.94819,0.625914,-1.484898,0.900496,0.46,250,1.921696,5.783168,2009-02-19T05:30:40.511,-9999999,G2,072.C-0488(E),Mayor,-9999999,HARPS_ech_obs_all,HARPS_ech_obs_thosimult,STAR_WAVE_G1,5.34738136624546E-06,4.69265552121326E-07,0,0,0
HD96700,166.977705,-30.17399,2454883.7566203,-0.919722,0.711209,12857.064865,0.600275,-7.784656,0.47314,12856.58486,0.365103,-7.791485,0.473231,4.078316,5.222027,-6.558346,0.925346,0.404847,0.000371,0.375704,0.000538,0.515594,0.000705,0,6.938995,40.868126,-0.014078,12.7,203.3,2454883.75673,12.50214,12.502117,0.038,-9999999,0.813179,-0.033463,0.530997,-1.293184,0.476476,0.46,250,4.076771,5.187727,2009-02-21T06:01:31.728,-9999999,G2,072.C-0488(E),Mayor,-9999999,HARPS_ech_obs_all,HARPS_ech_obs_thosimult,STAR_WAVE_G1,6.86417938376393E-06,4.10674518515144E-07,0,0,0
HD96700,166.977705,-30.17399,2454883.7598819,0.031164,0.714298,12858.2799,0.602436,-6.834799,0.477769,12857.793766,0.368644,-6.825945,0.477852,8.316215,4.702681,-7.184495,1.045781,0.405374,0.000379,0.373742,0.000545,0.515935,0.000717,0,6.937701,40.868446,-0.014784,12.7,200.2,2454883.75999,12.49369,12.493682,0.276,-9999999,0.81318,-0.034492,0.530997,-1.299314,0.476477,0.46,250,8.31537,4.673621,2009-02-21T06:06:13.515,-9999999,G2,072.C-0488(E),Mayor,-9999999,HARPS_ech_obs_all,HARPS_ech_obs_thosimult,STAR_WAVE_G1,7.4969209819353E-06,3.45065099429049E-07,0,0,0
HD96700,166.977705,-30.17399,2454883.7631672,0.617053,0.734792,12858.416719,0.618181,-6.249947,0.507898,12857.924412,0.393847,-6.250841,0.508008,3.827201,4.654265,-5.137383,1.048288,0.405307,0.000405,0.375139,0.000585,0.517157,0.000768,0,6.936223,40.862741,-0.014684,12.7,187.2,2454883.76328,12.485194,12.485175,0.091,-9999999,0.813182,-0.035529,0.530998,-1.305489,0.476479,0.47,250,3.82288,4.626991,2009-02-21T06:10:54.852,-9999999,G2,072.C-0488(E),Mayor,-9999999,HARPS_ech_obs_all,HARPS_ech_obs_thosimult,STAR_WAVE_G1,6.75351526172514E-06,4.04969373376436E-07,0,0,0
HD96700,166.977705,-30.17399,2454885.7475234,2.810808,0.909332,12860.124298,0.883706,-3.814962,0.517675,12860.710097,0.40531,-3.80035,0.517774,8.563144,4.651732,-7.253251,1.134127,0.406053,0.000406,0.379874,0.000595,0.513981,0.000773,0,6.940041,40.863404,-0.009588,12.7,184.6,2454885.74763,11.731535,11.731517,0.318,-9999999,0.814046,0.205701,0.747594,-0.228247,0.785277,0.44,250,8.555409,4.638321,2009-02-23T05:48:23.792,-9999999,G2,072.C-0488(E),Mayor,-9999999,HARPS_ech_obs_all,HARPS_ech_obs_thosimult,STAR_WAVE_G1,7.75641576583321E-06,5.00007812194553E-07,0,0,0
HD96700,166.977705,-30.17399,2454885.7508674,6.733259,0.914901,12864.352265,0.886163,0.106434,0.527396,12864.931781,0.410639,0.112477,0.527484,15.286484,5.512732,-6.709556,1.08365,0.406367,0.000411,0.380599,0.000604,0.51368,0.000783,0,6.941881,40.870473,-0.013466,12.7,182.2,2454885.75098,11.722834,11.722833,0.122,-9999999,0.814048,0.204646,0.747595,-0.234532,0.785278,0.47,250,15.28929,5.515932,2009-02-23T05:53:05.198,-9999999,G2,072.C-0488(E),Mayor,-9999999,HARPS_ech_obs_all,HARPS_ech_obs_thosimult,STAR_WAVE_G1,8.38896902928889E-06,4.46580921839928E-07,0,0,0
HD96700,166.977705,-30.17399,2454885.7540687,5.786611,0.905387,12863.327655,0.880312,-0.841224,0.510713,12863.901155,0.397854,-0.854578,0.510848,12.417858,4.373659,-8.297839,1.041554,0.406771,0.000398,0.379003,0.000582,0.514089,0.000757,0,6.939317,40.867024,-0.014536,12.7,188.3,2454885.75417,11.714514,11.714525,0.159,-9999999,0.814049,0.203636,0.747595,-0.240549,0.785278,0.45,250,12.419117,4.37401,2009-02-23T05:57:46.784,-9999999,G2,072.C-0488(E),Mayor,-9999999,HARPS_ech_obs_all,HARPS_ech_obs_thosimult,STAR_WAVE_G1,8.20334103570233E-06,4.26864463013784E-07,0,0,0
HD96700,166.977705,-30.17399,2454932.6688279,-2.227199,0.666736,12856.008636,0.57179,-10.289182,0.300685,12855.535935,0.214447,-10.282829,0.30087,-0.212737,3.496639,-7.75996,0.755878,0.403676,0.000209,0.384997,0.000308,0.518538,0.000401,0,6.943016,40.874053,-0.013488,12.7,355.6,2454932.66882,-8.216542,-8.216244,0.012,-9999999,0.834495,-1.230512,0.595084,-1.307196,0.530053,0.5,900,-0.21006,3.418574,2009-04-11T03:48:59.341,-9999999,G2,183.C-0972(A),Udry,-9999999,HARPS_ech_obs_all,HARPS_ech_obs_thosimult,STAR_WAVE_G1,7.58754166929265E-06,2.83188105399557E-07,0,0,0
HD96700,166.977705,-30.17399,2454934.6136414,0.605324,0.906776,12858.036087,0.844057,-6.926015,0.298988,12859.010548,0.209769,-6.913332,0.29923,-0.02949,4.087685,-9.783851,0.668788,0.403852,0.000207,0.38415,0.000305,0.519731,0.000397,0,6.939578,40.883128,-0.012899,12.7,359.9,2454934.61363,-8.887568,-8.887254,0.125,-9999999,0.835343,-0.699868,0.856066,0.139118,0.817575,0.51,900,-0.018773,4.048645,2009-04-13T02:29:26.978,-9999999,G2,183.C-0972(A),Udry,-9999999,HARPS_ech_obs_all,HARPS_ech_obs_thosimult,STAR_WAVE_G1,6.51872554500441E-06,2.31556977942068E-07,0,0,0
HD96700,166.977705,-30.17399,2454936.6579906,-1.323669,0.701346,12856.717321,0.675236,-9.046206,0.277067,12856.672164,0.192409,-9.064404,0.277256,2.67167,3.252692,-6.431585,0.568367,0.402383,0.000189,0.385314,0.000278,0.50863,0.000362,0,6.944351,40.8626,-0.014242,12.7,395.6,2454936.65799,-9.8028,-9.802521,0.446,-9999999,0.836234,-0.891066,0.644298,-0.881391,0.647243,0.52,900,2.668475,3.18434,2009-04-15T03:33:15.217,-9999999,G2,183.C-0972(A),Udry,-9999999,HARPS_ech_obs_all,HARPS_ech_obs_thosimult,STAR_WAVE_G1,8.17330306876114E-06,2.46299669418315E-07,0,0,0
HD96700,166.977705,-30.17399,2454938.6596282,-5.512633,0.892069,12852.335037,0.870334,-12.628852,0.28697,12852.982185,0.204381,-12.626383,0.28721,-4.288816,3.818961,-8.738541,0.524853,0.402889,0.000209,0.388582,0.000304,0.509342,0.000394,0,6.941488,40.875535,-0.013345,12.7,362.5,2454938.65962,-10.597408,-10.597113,0.504,-9999999,0.837106,-0.284748,0.844651,-0.189958,0.845996,0.5,900,-4.269861,3.732234,2009-04-17T03:36:00.517,-9999999,G2,183.C-0972(A),Udry,-9999999,HARPS_ech_obs_all,HARPS_ech_obs_thosimult,STAR_WAVE_G1,7.52975609977007E-06,2.21646234863971E-07,0,0,0
HD96700,166.977705,-30.17399,2454939.6642369,-3.181363,0.670304,12854.518288,0.580833,-10.291069,0.405425,12855.420757,0.306176,-10.30606,0.405517,1.147545,3.916487,-3.463584,0.762205,0.404076,0.000293,0.380612,0.000437,0.519857,0.000566,0,6.943615,40.842327,-0.013491,12.7,251,2454939.66423,-10.999278,-10.998986,0.276,-9999999,0.837544,-0.278235,0.533796,0.064925,0.493583,0.5,900,1.159085,3.856661,2009-04-18T03:42:41.788,-9999999,G2,183.C-0972(A),Udry,-9999999,HARPS_ech_obs_all,HARPS_ech_obs_thosimult,STAR_WAVE_G1,6.71305438260534E-06,3.83678265464368E-07,0,0,0
HD96700,166.977705,-30.17399,2454941.6098461,2.152101,0.893992,12859.383866,0.413483,-5.442173,0.257624,12860.140033,0.174833,-5.448288,0.257782,-3.881112,2.897595,-8.047922,0.550758,0.400628,0.000173,0.379126,0.000256,0.52043,0.000332,128,6.94195,40.882173,-0.013711,12.7,430.6,2454941.60984,-11.637202,-11.636904,0,-9999999,0.838392,-0.762803,0.856067,-0.082225,0.374702,0.5,900,-3.865436,2.85619,2009-04-20T02:24:28.709,-9999999,G2,183.C-0972(A),Udry,-9999999,HARPS_ech_obs_all,HARPS_ech_obs_thosimult,STAR_WAVE_G1,7.99316432141002E-06,2.1471434992556E-07,0,0,0
HD96700,166.977705,-30.17399,2454955.635722,-5.035919,0.911395,12851.910602,0.937729,-12.009208,0.420331,12853.607646,0.316653,-12.029331,0.420533,-0.430304,4.410554,-12.24769,0.856809,0.404371,0.000326,0.381867,0.000479,0.519043,0.000619,0,6.937762,40.867536,-0.014303,12.7,232,2454955.63572,-16.640338,-16.640114,0,-9999999,0.844504,-0.141818,0.80868,0.85254,0.882648,0.51,450,-0.422973,4.342298,2009-05-04T03:06:21.882,-9999999,G2,183.C-0972(A),Udry,-9999999,HARPS_ech_obs_all,HARPS_ech_obs_thosimult,STAR_WAVE_G1,8.42294476459428E-06,3.57349333767742E-07,0,0,0
HD96700,166.977705,-30.17399,2454955.6412848,-5.438753,0.906146,12851.609293,0.934949,-12.413796,0.408826,12853.295885,0.308324,-12.427794,0.408995,-2.04622,4.714096,-11.147437,0.751004,0.404411,0.000314,0.382128,0.000464,0.518954,0.000599,0,6.936207,40.876413,-0.014384,12.7,239.5,2454955.64128,-16.652406,-16.652184,0.425,-9999999,0.844507,-0.143572,0.808679,0.842085,0.882647,0.5,450,-2.041196,4.649662,2009-05-04T03:14:27.039,-9999999,G2,183.C-0972(A),Udry,-9999999,HARPS_ech_obs_all,HARPS_ech_obs_thosimult,STAR_WAVE_G1,7.69165928016886E-06,3.23572449826521E-07,0,0,0
HD96700,166.977705,-30.17399,2454956.6486386,-3.27868,0.955468,12854.666386,1.062347,-10.488337,0.532023,12855.522805,0.407447,-10.478772,0.532142,3.659161,5.097375,-6.232743,0.987816,0.401172,0.000393,0.390188,0.000592,0.514922,0.000761,0,6.941303,40.848632,-0.015136,12.7,187.1,2454956.64864,-16.982227,-16.98202,0,-9999999,0.844946,-0.378186,0.793644,0.011473,0.981105,0.48,450,3.661577,5.04974,2009-05-05T03:25:16.226,-9999999,G2,183.C-0972(A),Udry,-9999999,HARPS_ech_obs_all,HARPS_ech_obs_thosimult,STAR_WAVE_G1,7.49404174742954E-06,4.22772377909303E-07,0,0,0
HD96700,166.977705,-30.17399,2454956.6543617,-3.519789,0.964741,12854.178038,1.066894,-10.731251,0.548503,12855.023702,0.419163,-10.726305,0.548672,2.90507,5.722459,-4.042088,1.044825,0.402055,0.000403,0.390288,0.000608,0.515003,0.000781,0,6.941606,40.84166,-0.012656,12.7,182.5,2454956.65435,-16.993878,-16.993653,0,-9999999,0.844948,-0.379991,0.793643,0.000716,0.981105,0.5,450,2.903989,5.681712,2009-05-05T03:33:21.732,-9999999,G2,183.C-0972(A),Udry,-9999999,HARPS_ech_obs_all,HARPS_ech_obs_thosimult,STAR_WAVE_G1,8.45630794275201E-06,4.49175813324535E-07,0,0,0
HD96700,166.977705,-30.17399,2454988.5137253,-1.159154,1.020268,12858.326137,1.058163,-7.810162,0.555011,12859.492856,0.396302,-7.856378,0.555368,10.148574,6.412654,-11.747261,0.88022,0.406645,0.00041,0.380294,0.000601,0.509946,0.000782,0,6.939621,40.868434,-0.011708,12.7,183.9,2454988.51372,-23.811761,-23.811692,-0.688,-9999999,0.858833,0.180463,0.856102,0.307886,0.98115,0.5,450.0007,10.156775,6.377242,2009-06-06T00:14:01.233,-9999999,G2,183.C-0972(A),Udry,-9999999,HARPS_ech_obs_all,HARPS_ech_obs_thosimult,STAR_WAVE_G1,6.95578890507859E-06,3.46856282740853E-07,0,0,0
HD96700,166.977705,-30.17399,2454988.5192599,-1.397911,1.021519,12858.452306,1.05927,-8.050665,0.557311,12859.608625,0.399253,-8.046887,0.557565,9.964906,6.215532,-13.44581,0.960721,0.403088,0.000411,0.378974,0.000602,0.508895,0.000783,0,6.939717,40.883894,-0.010074,12.7,183.1,2454988.51925,-23.823733,-23.823651,0,-9999999,0.858835,0.178717,0.856099,0.297484,0.981147,0.49,449.9994,9.971131,6.180269,2009-06-06T00:22:03.959,-9999999,G2,183.C-0972(A),Udry,-9999999,HARPS_ech_obs_all,HARPS_ech_obs_thosimult,STAR_WAVE_G1,6.2188154532003E-06,4.19457092305654E-07,0,0,0
HD96700,166.977705,-30.17399,2454989.5353475,0.354522,0.826838,12859.102184,0.918975,-6.523485,0.382812,12860.664724,0.239218,-6.542243,0.383178,4.528725,4.889961,-8.946837,0.60133,0.402156,0.00024,0.387768,0.000352,0.519223,0.000458,0,6.942367,40.864268,-0.011234,12.7,312.2,2454989.53524,-23.974632,-23.974361,-0.341,-9999999,0.859278,-0.046536,0.732883,0.703262,0.887294,0.51,900.0001,4.533733,4.85019,2009-06-07T00:41:22.383,-9999999,G2,183.C-0972(A),Udry,-9999999,HARPS_ech_obs_all,HARPS_ech_obs_thosimult,STAR_WAVE_G1,7.86301928849623E-06,2.63234282619757E-07,0,0,0
HD96700,166.977705,-30.17399,2454991.5564779,2.742523,0.731876,12861.376882,0.752743,-3.843926,0.454129,12862.834481,0.306004,-3.84107,0.454393,1.643162,5.454479,-3.568537,0.856531,0.402302,0.000304,0.389328,0.000449,0.518079,0.000582,0,6.948351,40.837035,-0.012295,12.7,245.4,2454991.55647,-24.229577,-24.22951,-0.022,-9999999,0.860159,0.245022,0.573943,0.59744,0.687738,0.51,450,1.647116,5.439083,2009-06-09T01:15:51.476,-9999999,G2,183.C-0972(A),Udry,-9999999,HARPS_ech_obs_all,HARPS_ech_obs_thosimult,STAR_WAVE_G1,6.85286412776443E-06,3.00839598115165E-07,0,0,0
HD96700,166.977705,-30.17399,2454991.5620089,1.473899,0.722248,12860.580451,0.747045,-5.114295,0.438447,12862.027657,0.291712,-5.117017,0.438671,1.492691,5.628237,-4.810832,0.789696,0.401858,0.000293,0.381853,0.000432,0.517558,0.000558,0,6.945764,40.840382,-0.012698,12.7,256.2,2454991.562,-24.239388,-24.239317,-0.1,-9999999,0.860161,0.243277,0.57394,0.587045,0.687735,0.5,449.9998,1.493684,5.603415,2009-06-09T01:23:53.892,-9999999,G2,183.C-0972(A),Udry,-9999999,HARPS_ech_obs_all,HARPS_ech_obs_thosimult,STAR_WAVE_G1,7.28997981700345E-06,2.42647440179034E-07,0,0,0
HD96700,166.977705,-30.17399,2454992.523912,1.711238,1.006755,12860.888872,1.05006,-4.942983,0.529768,12862.038193,0.37414,-4.945136,0.529976,-2.274432,5.284737,-10.170912,0.98274,0.401813,0.000375,0.382211,0.000557,0.518371,0.00072,0,6.93925,40.86049,-0.011548,12.7,198.7,2454992.5239,-24.264909,-24.264846,-0.451,-9999999,0.860581,0.17725,0.856097,0.28874,0.981145,0.49,450.0004,-2.274034,5.261572,2009-06-10T00:29:13.491,-9999999,G2,183.C-0972(A),Udry,-9999999,HARPS_ech_obs_all,HARPS_ech_obs_thosimult,STAR_WAVE_G1,7.66766430560063E-06,4.34977242715122E-07,0,0,0
HD96700,166.977705,-30.17399,2454992.5297032,-0.07158,1.014122,12859.252099,1.054012,-6.727628,0.543642,12860.390537,0.385101,-6.738703,0.543936,5.519574,6.85714,-7.913369,1.027692,0.402302,0.000383,0.381833,0.000571,0.518144,0.000738,0,6.941543,40.855596,-0.011551,12.7,193.9,2454992.5297,-24.276525,-24.276468,0,-9999999,0.860583,0.175423,0.856094,0.277855,0.981142,0.53,449.9986,5.526161,6.83261,2009-06-10T00:37:15.888,-9999999,G2,183.C-0972(A),Udry,-9999999,HARPS_ech_obs_all,HARPS_ech_obs_thosimult,STAR_WAVE_G1,6.79343320335879E-06,4.16994163709726E-07,0,0,0
HD96700,166.977705,-30.17399,2455020.5320367,-4.679886,1.007052,12853.690834,1.064669,-11.601059,0.530338,12855.048249,0.41338,-11.648836,0.530464,6.674056,4.681377,-4.643693,1.09442,0.402625,0.000392,0.38933,0.000591,0.514765,0.000763,0,6.943351,40.847036,-0.01259,12.7,186.8,2455020.53203,-24.182148,-24.182239,0.328,-9999999,0.872787,-0.089702,0.856093,0.484628,0.981141,0.49,250,6.691043,4.626231,2009-07-08T00:45:50.821,-9999999,G2,183.C-0972(A),Udry,-9999999,HARPS_ech_obs_all,HARPS_ech_obs_thosimult,STAR_WAVE_G1,8.29044449386678E-06,4.2281554648555E-07,0,0,0
HD96700,166.977705,-30.17399,2455020.5352654,-3.485727,1.107143,12855.04224,1.122923,-10.407918,0.702049,12856.393587,0.546189,-10.417416,0.702227,4.520783,6.406641,-7.472545,1.637904,0.402714,0.000523,0.390731,0.000792,0.513559,0.001019,0,6.939582,40.849964,-0.016279,12.7,140.1,2455020.53526,-24.185293,-24.185388,0.889,-9999999,0.872788,-0.09072,0.856092,0.478559,0.981139,0.48,249.999,4.528352,6.374759,2009-07-08T00:50:32.307,-9999999,G2,183.C-0972(A),Udry,-9999999,HARPS_ech_obs_all,HARPS_ech_obs_thosimult,STAR_WAVE_G1,7.43284138969444E-06,5.08852778641206E-07,0,0,0
HD96700,166.977705,-30.17399,2455020.5385569,-4.027954,1.170702,12853.404034,1.157986,-10.951184,0.798532,12854.749197,0.615062,-10.982361,0.798627,6.576638,6.638129,-9.573307,1.865234,0.401805,0.000592,0.390905,0.0009,0.514531,0.001158,0,6.942306,40.854178,-0.011701,12.7,123.5,2455020.53855,-24.188369,-24.188449,0.425,-9999999,0.87279,-0.091759,0.85609,0.472373,0.981138,0.49,249.9998,6.589295,6.605528,2009-07-08T00:55:14.212,-9999999,G2,183.C-0972(A),Udry,-9999999,HARPS_ech_obs_all,HARPS_ech_obs_thosimult,STAR_WAVE_G1,5.01172832593925E-06,5.82698673535017E-07,0,0,0
HD96700,166.977705,-30.17399,2455022.481433,-0.715941,0.965165,12856.540078,1.039417,-7.62115,0.44565,12857.993452,0.343072,-7.653462,0.44582,7.342579,4.917407,-9.634191,0.825275,0.402985,0.00033,0.388742,0.000495,0.51738,0.000641,0,6.939475,40.86272,-0.012378,12.7,222.7,2455022.48143,-23.907767,-23.907862,0.394,-9999999,0.873636,-0.073738,0.856118,0.579738,0.981168,0.51,249.9994,7.343163,4.884717,2009-07-09T23:33:07.026,-9999999,G2,183.C-0972(A),Udry,-9999999,HARPS_ech_obs_all,HARPS_ech_obs_thosimult,STAR_WAVE_G1,7.37155134660672E-06,3.45429477272015E-07,0,0,0
HD96700,166.977705,-30.17399,2455022.4846569,-0.556113,0.965131,12857.268039,1.039724,-7.462339,0.44558,12858.715355,0.344006,-7.465962,0.44582,12.197235,4.365906,-9.313734,0.926107,0.402396,0.000332,0.389158,0.000497,0.517445,0.000644,0,6.940726,40.856025,-0.013339,12.7,222,2455022.48466,-23.912471,-23.912577,0,-9999999,0.873638,-0.074755,0.856117,0.573678,0.981166,0.5,249.999,12.214548,4.326316,2009-07-09T23:37:48.093,-9999999,G2,183.C-0972(A),Udry,-9999999,HARPS_ech_obs_all,HARPS_ech_obs_thosimult,STAR_WAVE_G1,6.52327945725654E-06,3.57910969085976E-07,0,0,0
HD96700,166.977705,-30.17399,2455022.4879541,-0.513533,0.964358,12856.813761,1.038925,-7.420799,0.443908,12858.254881,0.341589,-7.423872,0.44408,8.943941,4.601837,-8.584827,0.827343,0.402208,0.000331,0.388503,0.000495,0.517116,0.000642,0,6.940046,40.861019,-0.012012,12.7,222.7,2455022.48794,-23.917175,-23.917271,0.378,-9999999,0.873639,-0.075795,0.856115,0.567481,0.981164,0.51,249.9991,8.960823,4.566974,2009-07-09T23:42:30.488,-9999999,G2,183.C-0972(A),Udry,-9999999,HARPS_ech_obs_all,HARPS_ech_obs_thosimult,STAR_WAVE_G1,8.11230428766456E-06,3.49092866474145E-07,0,0,0
HD96700,166.977705,-30.17399,2455024.4790681,4.5905,1.202506,12859.898189,1.192325,-3.617639,0.884955,12861.404091,0.677456,-3.643223,0.885021,-6.601805,6.772933,-3.026123,1.738429,0.406707,0.000664,0.378935,0.001,0.517663,0.001296,0,6.94848,40.840314,-0.014987,12.7,110.8,2455024.47906,-23.669166,-23.66927,0.408,-9999999,0.874507,-1.376668,0.814171,0.631395,0.981169,0.5,250.0001,-6.601959,6.765396,2009-07-11T23:29:58.754,-9999999,G2,183.C-0972(A),Udry,-9999999,HARPS_ech_obs_all,HARPS_ech_obs_thosimult,STAR_WAVE_G1,7.4561745489634E-06,7.46446415435395E-07,0,0,0
HD96700,166.977705,-30.17399,2455024.4822456,2.283675,1.208689,12858.211531,1.195997,-5.925466,0.893341,12859.711462,0.6839,-5.952552,0.893483,0.070779,8.517135,-5.768695,1.766954,0.407217,0.000673,0.379926,0.001013,0.517742,0.00131,0,6.945635,40.853394,-0.012442,12.7,109.5,2455024.48224,-23.673661,-23.673759,0.365,-9999999,0.874508,-1.37767,0.814169,0.625423,0.981167,0.47,250.0002,0.069007,8.504827,2009-07-11T23:34:40.809,-9999999,G2,183.C-0972(A),Udry,-9999999,HARPS_ech_obs_all,HARPS_ech_obs_thosimult,STAR_WAVE_G1,6.39908068261248E-06,7.71639680148668E-07,0,0,0
HD96700,166.977705,-30.17399,2455024.4856871,4.535437,1.212511,12860.825806,1.199301,-3.67479,0.898507,12862.319271,0.689665,-3.679952,0.8986,-9.190788,7.249787,-0.449254,1.888288,0.405735,0.000676,0.380036,0.001021,0.516653,0.001319,0,6.951216,40.835259,-0.011108,12.7,108.6,2455024.48568,-23.678413,-23.678509,0.18,-9999999,0.87451,-1.378756,0.814167,0.618955,0.981165,0.53,249.999,-9.209445,7.240832,2009-07-11T23:39:23.174,-9999999,G2,183.C-0972(A),Udry,-9999999,HARPS_ech_obs_all,HARPS_ech_obs_thosimult,STAR_WAVE_G1,5.80890558612133E-06,8.66306824184208E-07,0,0,0
HD96700,166.977705,-30.17399,2455025.4966761,0.57303,1.100518,12858.204654,1.015796,-4.919337,0.781314,12860.447982,0.602304,-4.92087,0.781495,10.015483,6.186237,-3.831704,1.728547,0.402448,0.00058,0.380591,0.000884,0.516592,0.001141,0,6.946378,40.835526,-0.013187,12.7,125.4,2455025.49667,-23.564911,-23.565003,0.003,-9999999,0.87495,1.339104,0.775041,1.368378,0.817968,0.53,900.0005,10.020325,6.171708,2009-07-12T23:49:34.931,-9999999,G2,183.C-0972(A),Udry,-9999999,HARPS_ech_obs_all,HARPS_ech_obs_thosimult,STAR_WAVE_G1,8.32182915210224E-06,7.09150354375126E-07,0,0,0
HD96700,166.977705,-30.17399,2455222.8308355,-2.952243,0.956795,12856.092221,0.792131,-10.642591,0.4273,12855.067903,0.330839,-10.631106,0.427269,2.21451,4.291015,-2.197072,0.865528,0.408931,0.000358,0.356132,0.000493,0.524594,0.000671,0,6.942299,40.838801,-0.010989,12.7,218.2,2455222.83083,21.010169,21.010326,0.326,-9999999,0.96095,-0.858877,0.856079,-1.985268,0.719734,0.52,412.2956,2.215493,4.238016,2010-01-26T07:48:52.757,-9999999,G2,183.C-0972(A),Udry,-9999999,HARPS_ech_obs_all,HARPS_ech_obs_thosimult,STAR_WAVE_G1,8.25658469298127E-06,3.07239103060652E-07,0,0,0
HD96700,166.977705,-30.17399,2455222.8358841,-2.722757,0.951867,12856.226605,0.788244,-10.414698,0.416146,12855.192801,0.321417,-10.397938,0.416169,0.444839,4.017505,-1.689285,0.871039,0.408359,0.000348,0.355596,0.000479,0.535985,0.000653,0,6.942021,40.839458,-0.010036,12.7,224.1,2455222.83588,20.997798,20.997965,0.1,-9999999,0.960953,-0.86047,0.856081,-1.994757,0.719736,0.5,412.2993,0.453388,3.958107,2010-01-26T07:56:17.172,-9999999,G2,183.C-0972(A),Udry,-9999999,HARPS_ech_obs_all,HARPS_ech_obs_thosimult,STAR_WAVE_G1,7.97915556300457E-06,3.34992115878369E-07,0,0,0
HD96700,166.977705,-30.17399,2455224.7985232,-4.573145,0.819187,12854.03287,0.879125,-12.057927,0.426,12854.016969,0.330251,-12.044832,0.425983,4.529163,3.569606,-1.131395,0.855428,0.406035,0.000341,0.356272,0.000478,0.533202,0.000649,0,6.941988,40.833304,-0.009574,12.7,223.8,2455224.79852,20.558414,20.558618,-0.287,-9999999,0.961808,-0.653311,0.699708,-0.977709,0.814736,0.48,412.301,4.538404,3.493283,2010-01-28T07:02:25.672,-9999999,G2,183.C-0972(A),Udry,-9999999,HARPS_ech_obs_all,HARPS_ech_obs_thosimult,STAR_WAVE_G1,7.02145197947515E-06,4.0488749177684E-07,0,0,0
HD96700,166.977705,-30.17399,2455224.8038035,-4.175312,0.819178,12854.682238,0.878672,-11.66176,0.425981,12854.656414,0.329039,-11.647325,0.425925,6.06486,3.928335,-0.241733,0.898731,0.406046,0.000343,0.356888,0.000479,0.524132,0.000652,0,6.944058,40.827364,-0.011316,12.7,223.6,2455224.80379,20.545352,20.545568,-0.522,-9999999,0.96181,-0.654977,0.699709,-0.987634,0.814737,0.51,412.2944,6.077277,3.859673,2010-01-28T07:09:49.498,-9999999,G2,183.C-0972(A),Udry,-9999999,HARPS_ech_obs_all,HARPS_ech_obs_thosimult,STAR_WAVE_G1,8.20640400808029E-06,3.77114917977647E-07,0,0,0
HD96700,166.977705,-30.17399,2455226.8089917,1.242138,0.792374,12858.912756,0.755516,-7.567259,0.480328,12858.295394,0.376051,-7.579664,0.480347,3.692001,3.913195,1.114981,1.125812,0.406404,0.000382,0.361106,0.000534,0.534014,0.00073,0,6.944629,40.82448,-0.010601,12.7,199.2,2455226.80899,19.978903,19.979109,0.329,-9999999,0.962684,-1.977926,0.630192,-1.580046,0.655279,0.52,410.1064,3.700533,3.878694,2010-01-30T07:17:03.065,-9999999,G2,183.C-0972(A),Udry,-9999999,HARPS_ech_obs_all,HARPS_ech_obs_thosimult,STAR_WAVE_G1,7.99244738074889E-06,3.2072031815544E-07,0,0,0
HD96700,166.977705,-30.17399,2455226.8140166,0.35907,0.796472,12858.042877,0.757973,-8.451912,0.487057,12857.416073,0.380959,-8.43586,0.487035,4.455244,4.452393,0.816663,1.027466,0.406559,0.000392,0.361118,0.000546,0.535389,0.000746,0,6.942396,40.827785,-0.011022,12.7,195.1,2455226.81401,19.966415,19.96663,0.776,-9999999,0.962686,-1.979511,0.630193,-1.58949,0.655281,0.5,410.1056,4.462941,4.4191,2010-01-30T07:24:25.390,-9999999,G2,183.C-0972(A),Udry,-9999999,HARPS_ech_obs_all,HARPS_ech_obs_thosimult,STAR_WAVE_G1,7.66436628662206E-06,3.65148059850671E-07,0,0,0
HD96700,166.977705,-30.17399,2455234.8080971,-1.327889,0.741561,12856.457256,0.868659,-7.265224,0.346429,12858.088217,0.269417,-7.218306,0.346415,-3.577149,3.550673,-0.569145,0.860441,0.405786,0.000266,0.379248,0.000382,0.523537,0.000503,0,6.945152,40.83571,-0.014454,12.7,283.2,2455234.80809,17.541087,17.541333,0.307,-9999999,0.96617,0.894136,0.655668,0.664791,0.825823,0.48,900.0004,-3.563167,3.514999,2010-02-07T07:11:23.631,-9999999,G2,183.C-0972(A),Udry,-9999999,HARPS_ech_obs_all,HARPS_ech_obs_thosimult,STAR_WAVE_G1,7.71038826805855E-06,2.74745676478195E-07,0,0,0
HD96700,166.977705,-30.17399,2455236.8713308,-1.103577,1.093939,12853.96832,0.918025,-8.05931,0.860691,12855.849207,0.668544,-8.05269,0.860771,-2.345445,8.263894,-2.607699,1.910273,0.406431,0.000671,0.380772,0.000975,0.52274,0.001275,0,6.94184,40.850009,-0.01293,12.7,112.1,2455236.87132,16.723779,16.724029,0.261,-9999999,0.967069,-0.124262,0.675214,0.913818,0.629142,0.46,200.0005,-2.360786,8.247306,2010-02-09T08:47:56.759,-9999999,G2,183.C-0972(A),Udry,-9999999,HARPS_ech_obs_all,HARPS_ech_obs_thosimult,STAR_WAVE_G1,6.83955530572386E-06,6.10271326308113E-07,0,0,0
HD96700,166.977705,-30.17399,2455236.8742268,0.142986,0.92868,12856.777095,0.805726,-6.81366,0.637598,12858.652541,0.503362,-6.796648,0.637647,2.382539,6.948449,0.707233,1.50721,0.406868,0.0005,0.382406,0.000724,0.522378,0.000945,0,6.943532,40.831294,-0.013475,12.7,150.8,2455236.87422,16.717528,16.717776,0.445,-9999999,0.967071,-0.125176,0.675216,0.908375,0.629144,0.55,199.9993,2.387758,6.932319,2010-02-09T08:51:48.962,-9999999,G2,183.C-0972(A),Udry,-9999999,HARPS_ech_obs_all,HARPS_ech_obs_thosimult,STAR_WAVE_G1,6.21020855880917E-06,5.40174434379922E-07,0,0,0
HD96700,166.977705,-30.17399,2455236.8768227,-0.481819,0.888461,12856.014008,0.77852,-7.439284,0.577447,12857.884576,0.458551,-7.430702,0.577383,1.759332,4.574956,-2.865933,1.253944,0.40627,0.000454,0.382766,0.000658,0.523612,0.000859,0,6.941327,40.844101,-0.012429,12.7,165.9,2455236.87682,16.711981,16.712224,0.258,-9999999,0.967072,-0.125994,0.675217,0.903496,0.629146,0.51,199.9996,1.764134,4.546605,2010-02-09T08:55:41.235,-9999999,G2,183.C-0972(A),Udry,-9999999,HARPS_ech_obs_all,HARPS_ech_obs_thosimult,STAR_WAVE_G1,8.2461847644322E-06,4.56793266287616E-07,0,0,0
HD96700,166.977705,-30.17399,2455236.8794848,0.314569,0.899719,12856.293976,0.78569,-6.643736,0.594621,12858.159541,0.470619,-6.665695,0.594703,0.228889,5.328855,-3.528971,1.189985,0.406027,0.000468,0.371631,0.000675,0.522414,0.000884,0,6.942536,40.850342,-0.014097,12.7,161.1,2455236.87948,16.70635,16.706585,0.229,-9999999,0.967073,-0.126834,0.675219,0.898492,0.629148,0.5,200.0015,0.229882,5.307686,2010-02-09T08:59:33.229,-9999999,G2,183.C-0972(A),Udry,-9999999,HARPS_ech_obs_all,HARPS_ech_obs_thosimult,STAR_WAVE_G1,8.25105321105989E-06,4.30566834047237E-07,0,0,0
HD96700,166.977705,-30.17399,2455238.8457894,-3.252062,0.664192,12853.918687,0.593,-9.6669,0.405264,12855.539553,0.317647,-9.66741,0.405249,-2.846428,3.552612,-1.94032,0.860609,0.404485,0.000323,0.37998,0.000461,0.525445,0.000607,0,6.939348,40.836586,-0.01318,12.7,236.1,2455238.84578,16.092163,16.092418,-0.023,-9999999,0.96793,0.416633,0.526225,0.652936,0.500748,0.51,400.0004,-2.833461,3.494862,2010-02-11T08:09:08.543,-9999999,G2,183.C-0972(A),Udry,-9999999,HARPS_ech_obs_all,HARPS_ech_obs_thosimult,STAR_WAVE_G1,6.99773890821254E-06,3.64494060776487E-07,0,0,0
HD96700,166.977705,-30.17399,2455238.8506129,-2.875073,0.656601,12853.847341,0.58782,-9.291433,0.392694,12855.459143,0.307863,-9.273428,0.392822,4.159926,4.084271,-2.808336,0.805411,0.404445,0.000317,0.379027,0.00045,0.525135,0.000593,0,6.940467,40.847083,-0.014867,12.7,241.5,2455238.85061,16.081036,16.081287,-0.195,-9999999,0.967932,0.415111,0.526228,0.64387,0.500752,0.47,400,4.177636,4.034823,2010-02-11T08:16:21.277,-9999999,G2,183.C-0972(A),Udry,-9999999,HARPS_ech_obs_all,HARPS_ech_obs_thosimult,STAR_WAVE_G1,7.00567628405452E-06,3.14075194677543E-07,0,0,0
HD96700,166.977705,-30.17399,2455277.7208239,2.837435,0.61586,12860.529153,0.747808,-5.051933,0.395572,12860.885498,0.313836,-5.025219,0.395654,6.906675,3.477267,-7.381819,0.801654,0.405759,0.000318,0.378893,0.00046,0.520712,0.000597,0,6.938109,40.866705,-0.011385,12.7,239.2,2455277.72082,0.333057,0.333365,0.367,-9999999,0.984872,-1.057897,0.472024,-0.628527,0.678767,0.48,449.9999,6.885118,3.449703,2010-03-22T05:07:22.668,-9999999,G2,183.C-0972(A),Udry,-9999999,HARPS_ech_obs_all,HARPS_ech_obs_thosimult,STAR_WAVE_G1,8.88128525014573E-06,3.52953998059707E-07,0,0,0
HD96700,166.977705,-30.17399,2455277.7268949,2.190377,0.618801,12860.062661,0.749697,-5.700906,0.400134,12860.407598,0.318308,-5.705897,0.400265,3.179416,4.4805,-5.293795,0.850476,0.404739,0.00032,0.378303,0.000464,0.520722,0.000603,0,6.940295,40.851803,-0.013421,12.7,237,2455277.72689,0.317847,0.318152,0.237,-9999999,0.984875,-1.059812,0.472025,-0.639938,0.678767,0.52,449.9992,3.146746,4.452673,2010-03-22T05:15:49.196,-9999999,G2,183.C-0972(A),Udry,-9999999,HARPS_ech_obs_all,HARPS_ech_obs_thosimult,STAR_WAVE_G1,7.37510297107298E-06,3.85424950112311E-07,0,0,0
HD96700,166.977705,-30.17399,2455278.7158389,0.026247,0.679246,12857.581411,0.689787,-6.00711,0.320373,12859.605217,0.247345,-6.005185,0.320503,4.959521,3.109313,-3.272214,0.735869,0.404364,0.000237,0.383909,0.000349,0.517915,0.000454,0,6.943133,40.848126,-0.012088,12.7,312.9,2455278.71583,-0.095222,-0.094899,0.572,-9999999,0.985306,0.798114,0.598947,1.0385,0.643915,0.51,899.9988,4.940997,3.071872,2010-03-23T04:56:08.894,-9999999,G2,183.C-0972(A),Udry,-9999999,HARPS_ech_obs_all,HARPS_ech_obs_thosimult,STAR_WAVE_G1,7.22613764360723E-06,2.99319019642008E-07,0,0,0
HD96700,166.977705,-30.17399,2455281.6292623,1.848839,0.721352,12858.806148,0.662243,-6.931674,0.329223,12858.727313,0.253913,-6.935994,0.329396,8.118793,3.452665,-4.538484,0.686445,0.403833,0.00025,0.376097,0.000367,0.517899,0.000476,0,6.940978,40.847776,-0.009525,12.7,299.1,2455281.62926,-1.185842,-1.18552,0.261,-9999999,0.986575,-1.949042,0.641842,-1.06541,0.611632,0.51,900.0059,8.117394,3.410134,2010-03-26T02:51:29.186,-9999999,G2,183.C-0972(A),Udry,-9999999,HARPS_ech_obs_all,HARPS_ech_obs_thosimult,STAR_WAVE_G1,8.43965748551697E-06,2.3522108731289E-07,0,0,0
HD96700,166.977705,-30.17399,2455307.6111531,0.13141,0.736265,12858.346969,0.644946,-5.447527,0.279741,12860.989723,0.209063,-5.446793,0.279947,5.684111,3.638217,-6.60011,0.577622,0.402106,0.000204,0.387592,0.000305,0.51934,0.000396,0,6.94283,40.855801,-0.010273,12.7,360.4,2455307.61115,-11.943687,-11.94342,0.636,-9999999,0.997899,1.252534,0.681052,1.644855,0.610121,0.53,900.0073,5.694932,3.614962,2010-04-21T02:25:56.607,-9999999,G2,183.C-0972(A),Udry,-9999999,HARPS_ech_obs_all,HARPS_ech_obs_thosimult,STAR_WAVE_G1,7.56121782143087E-06,2.54132916238739E-07,0,0,0
HD96700,166.977705,-30.17399,2455349.5132027,1.919124,0.997773,12859.541813,0.967296,-4.892117,0.530607,12861.497326,0.422386,-4.897796,0.530764,7.84913,3.812872,-2.966881,1.249317,0.403101,0.000403,0.389084,0.000599,0.515275,0.000775,0,6.945724,40.837562,-0.012692,12.7,184.4,2455349.51319,-23.23372,-23.233596,0.312,-9999999,1.01616,0.02023,0.84499,0.939353,0.870202,0.51,450.0074,7.865516,3.791082,2010-06-02T00:12:42.322,-9999999,G2,183.C-0972(A),Udry,-9999999,HARPS_ech_obs_all,HARPS_ech_obs_thosimult,STAR_WAVE_G1,7.11544640507657E-06,5.06022094728184E-07,0,0,0
HD96700,166.977705,-30.17399,2455349.5187318,3.30113,0.994694,12860.849255,0.966034,-3.511855,0.524798,12862.794378,0.419494,-3.55685,0.525015,0.386389,4.278278,-0.953852,1.198625,0.402235,0.000396,0.388793,0.000591,0.513974,0.000763,0,6.946559,40.819405,-0.014447,12.7,186.9,2455349.51873,-23.24618,-23.24608,0.139,-9999999,1.016162,0.018486,0.844987,0.928961,0.870199,0.5,450.007,0.383956,4.265633,2010-06-02T00:20:44.569,-9999999,G2,183.C-0972(A),Udry,-9999999,HARPS_ech_obs_all,HARPS_ech_obs_thosimult,STAR_WAVE_G1,7.24479281321285E-06,5.57063855314172E-07,0,0,0
HD96700,166.977705,-30.17399,2455351.5382639,-3.352081,0.951678,12853.644916,1.034506,-11.007779,0.415692,12854.849855,0.327979,-11.061178,0.415834,0.936108,4.194722,-2.490712,0.983207,0.402837,0.000299,0.379597,0.000447,0.514648,0.000577,0,6.945941,40.831051,-0.01186,12.7,246.4,2455351.53826,-23.579843,-23.579733,0.156,-9999999,1.017042,-0.824227,0.856091,0.187897,0.981138,0.5,449.9994,0.938572,4.137991,2010-06-04T00:49:05.698,-9999999,G2,183.C-0972(A),Udry,-9999999,HARPS_ech_obs_all,HARPS_ech_obs_thosimult,STAR_WAVE_G1,8.50483820252269E-06,3.91533622902046E-07,0,0,0
HD96700,166.977705,-30.17399,2455351.5439538,-3.837157,0.941797,12853.274003,1.028352,-11.49465,0.392549,12854.46825,0.308029,-11.497659,0.392673,1.787967,4.113187,-3.05125,0.93446,0.402714,0.000282,0.380971,0.000421,0.514198,0.000542,0,6.945372,40.83698,-0.012337,12.7,262.4,2455351.54395,-23.591633,-23.591546,0.225,-9999999,1.017045,-0.826022,0.856088,0.177202,0.981135,0.52,449.9998,1.789724,4.051552,2010-06-04T00:57:08.345,-9999999,G2,183.C-0972(A),Udry,-9999999,HARPS_ech_obs_all,HARPS_ech_obs_thosimult,STAR_WAVE_G1,7.34513137484568E-06,3.66835697852079E-07,0,0,0
HD96700,166.977705,-30.17399,2455353.5276271,-1.004496,0.958923,12856.743196,1.038607,-8.691755,0.432012,12857.945985,0.340681,-8.709011,0.432168,-12.822422,4.597511,-2.906061,0.872731,0.406229,0.000335,0.380035,0.000489,0.509057,0.000636,0,6.944162,40.835435,-0.012336,12.7,226.1,2455353.52763,-23.822527,-23.822451,1.564,-9999999,1.017909,-0.855788,0.856095,0.18488,0.981143,0.5,400.0066,-12.809149,4.563811,2010-06-06T00:34:25.170,-9999999,G2,183.C-0972(A),Udry,-9999999,HARPS_ech_obs_all,HARPS_ech_obs_thosimult,STAR_WAVE_G1,7.12466565365359E-06,3.8551272128432E-07,0,0,0
HD96700,166.977705,-30.17399,2455353.5326743,-2.076944,0.953411,12855.625849,1.035279,-9.765795,0.41964,12856.819155,0.330404,-9.792814,0.419831,-10.299378,4.320146,-5.078338,0.872154,0.402909,0.000321,0.38018,0.00047,0.50783,0.00061,0,6.942114,40.847051,-0.013081,12.7,235,2455353.53267,-23.833094,-23.833012,1.636,-9999999,1.017912,-0.85738,0.856093,0.175394,0.98114,0.51,400.0074,-10.291996,4.278409,2010-06-06T00:41:37.285,-9999999,G2,183.C-0972(A),Udry,-9999999,HARPS_ech_obs_all,HARPS_ech_obs_thosimult,STAR_WAVE_G1,7.58583503725432E-06,3.44608594075364E-07,0,0,0
HD96700,166.977705,-30.17399,2455354.5102105,-1.437508,0.94615,12856.187584,1.031003,-9.119273,0.402848,12857.423537,0.316717,-9.139798,0.402961,-4.640856,3.748043,-3.958377,0.869435,0.402936,0.000311,0.388679,0.000453,0.506617,0.000588,0,6.944582,40.836081,-0.009902,12.7,243.3,2455354.51021,-23.907922,-23.907866,0.134,-9999999,1.018338,-0.850294,0.856103,0.217615,0.981151,0.48,450.0066,-4.624325,3.692177,2010-06-07T00:09:11.099,-9999999,G2,183.C-0972(A),Udry,-9999999,HARPS_ech_obs_all,HARPS_ech_obs_thosimult,STAR_WAVE_G1,7.9244423779096E-06,2.96754872356269E-07,0,0,0
HD96700,166.977705,-30.17399,2455354.5158436,-2.540643,0.946516,12854.415305,1.031291,-10.224185,0.403713,12855.640672,0.317661,-10.251972,0.403909,3.353578,3.795757,-2.921807,0.877035,0.403516,0.000311,0.388926,0.000454,0.517448,0.000588,0,6.946046,40.831291,-0.0129,12.7,243.4,2455354.51583,-23.920139,-23.920057,0.295,-9999999,1.01834,-0.852071,0.856101,0.207027,0.981149,0.49,450.0059,3.365826,3.733994,2010-06-07T00:17:13.336,-9999999,G2,183.C-0972(A),Udry,-9999999,HARPS_ech_obs_all,HARPS_ech_obs_thosimult,STAR_WAVE_G1,7.70074633891146E-06,3.06734602403011E-07,0,0,0
HD96700,166.977705,-30.17399,2455355.4764053,-0.871925,0.768008,12856.577976,0.736166,-7.398011,0.434764,12858.993971,0.345091,-7.383177,0.434983,-1.322616,4.36843,-3.263742,0.897031,0.404314,0.000347,0.388331,0.000504,0.516608,0.000654,0,6.944473,40.825934,-0.013377,12.7,218.8,2455355.47639,-23.948569,-23.948481,0.03,-9999999,1.018759,0.305385,0.633101,1.397236,0.650272,0.5,450.0073,-1.312946,4.3322,2010-06-07T23:20:27.970,-9999999,G2,183.C-0972(A),Udry,-9999999,HARPS_ech_obs_all,HARPS_ech_obs_thosimult,STAR_WAVE_G1,8.05501460002213E-06,3.83391697243232E-07,0,0,0
HD96700,166.977705,-30.17399,2455355.4819823,-0.652888,0.764095,12856.478896,0.733503,-7.180733,0.42782,12858.884411,0.339382,-7.182653,0.42797,-13.474862,5.453343,-5.71237,0.935399,0.403797,0.000338,0.389123,0.000493,0.517526,0.000639,0,6.943029,40.839282,-0.011748,12.7,224.1,2455355.48197,-23.961295,-23.961202,-0.036,-9999999,1.018761,0.303626,0.633097,1.386754,0.650267,0.5,450.0079,-13.452594,5.425845,2010-06-07T23:28:29.857,-9999999,G2,183.C-0972(A),Udry,-9999999,HARPS_ech_obs_all,HARPS_ech_obs_thosimult,STAR_WAVE_G1,7.01959943532921E-06,3.58343047024387E-07,0,0,0
HD96700,166.977705,-30.17399,2455359.48027,1.990915,0.932258,12859.025219,0.914109,-6.181535,0.54895,12859.84921,0.434989,-6.231946,0.549044,4.048171,4.782922,0.53105,1.170183,0.403253,0.000435,0.381234,0.000638,0.517081,0.000824,0,6.946549,40.806536,-0.011927,12.7,173.8,2455359.48026,-24.353163,-24.353114,-0.431,-9999999,1.020504,-1.340979,0.753497,-0.196513,0.803978,0.49,450.0072,4.056457,4.755834,2010-06-11T23:26:34.176,-9999999,G2,183.C-0972(A),Udry,-9999999,HARPS_ech_obs_all,HARPS_ech_obs_thosimult,STAR_WAVE_G1,6.33873485268098E-06,4.92758211196622E-07,0,0,0
HD96700,166.977705,-30.17399,2455359.4857455,1.962355,0.944497,12858.849151,0.922292,-6.211823,0.569493,12859.662853,0.451939,-6.230673,0.569666,1.486838,5.72154,1.514441,1.145407,0.402809,0.000451,0.381244,0.000663,0.516274,0.000856,0,6.949755,40.814549,-0.013623,12.7,167.3,2455359.48574,-24.365236,-24.365202,-0.544,-9999999,1.020506,-1.342707,0.753494,-0.206804,0.803974,0.47,450.0073,1.491717,5.697882,2010-06-11T23:34:36.293,-9999999,G2,183.C-0972(A),Udry,-9999999,HARPS_ech_obs_all,HARPS_ech_obs_thosimult,STAR_WAVE_G1,8.10645309586138E-06,4.6644779794056E-07,0,0,0
HD96700,166.977705,-30.17399,2455370.4900927,0.00423,0.880148,12857.078079,0.896676,-8.32541,0.389568,12857.414446,0.304882,-8.361519,0.389779,-8.48934,3.752916,-0.501018,0.761831,0.402352,0.000305,0.389309,0.000442,0.511447,0.000569,0,6.945438,40.814912,-0.011007,12.7,250.4,2455370.49009,-24.850429,-24.850455,0.183,-9999999,1.025302,-1.498169,0.789239,-0.688935,0.843253,0.53,900.001,-8.466237,3.708846,2010-06-22T23:37:44.241,-9999999,G2,183.C-0972(A),Udry,-9999999,HARPS_ech_obs_all,HARPS_ech_obs_thosimult,STAR_WAVE_G1,7.76126385118726E-06,2.98798339728766E-07,0,0,0
HD96700,166.977705,-30.17399,2455372.5060544,4.303404,1.138862,12862.26962,1.143771,-2.688303,0.75106,12863.219493,0.587834,-2.719925,0.75119,10.884264,6.841493,-0.421052,1.531649,0.399967,0.000566,0.392893,0.000853,0.503589,0.001081,0,6.948635,40.80956,-0.013819,12.7,131.4,2455372.50605,-24.875736,-24.875764,-0.381,-9999999,1.02618,-0.160236,0.856105,-0.076307,0.981154,0.51,206.208,10.908946,6.83406,2010-06-25T00:07:09.498,-9999999,G2,183.C-0972(A),Udry,-9999999,HARPS_ech_obs_all,HARPS_ech_obs_thosimult,STAR_WAVE_G1,7.92946319327097E-06,6.85037016673366E-07,0,0,0
HD96700,166.977705,-30.17399,2455373.493683,1.752319,0.97345,12860.46966,1.019167,-4.536034,0.669272,12861.622526,0.526288,-4.548088,0.669437,2.593151,5.12313,-4.350025,1.513993,0.403381,0.000485,0.391667,0.000735,0.510433,0.00094,0,6.946295,40.815879,-0.011572,12.7,151.3,2455373.49367,-24.841968,-24.842005,-0.101,-9999999,1.026611,0.543118,0.70688,0.126255,0.872767,0.5,280.007,2.607334,5.108037,2010-06-25T23:48:52.787,-9999999,G2,183.C-0972(A),Udry,-9999999,HARPS_ech_obs_all,HARPS_ech_obs_thosimult,STAR_WAVE_G1,7.01272066352073E-06,5.97605632578997E-07,0,0,0
HD96700,166.977705,-30.17399,2455373.4974156,2.144539,0.942918,12861.32815,1.001674,-4.144992,0.624034,12862.474002,0.491561,-4.174887,0.62432,7.711658,5.204516,-3.278793,1.399346,0.402177,0.000448,0.391209,0.00068,0.510928,0.00087,0,6.944398,40.825467,-0.010947,12.7,163.4,2455373.49741,-24.848685,-24.848713,0.122,-9999999,1.026612,0.54194,0.706878,0.11924,0.872765,0.54,280.0069,7.728375,5.192184,2010-06-25T23:54:04.114,-9999999,G2,183.C-0972(A),Udry,-9999999,HARPS_ech_obs_all,HARPS_ech_obs_thosimult,STAR_WAVE_G1,7.41230907862204E-06,5.10317635358216E-07,0,0,0
HD96700,166.977705,-30.17399,2455373.5009626,2.167128,0.935509,12860.470868,0.996684,-4.123522,0.612784,12861.610055,0.481316,-4.169056,0.612938,10.137613,4.989605,-5.115117,1.166808,0.402133,0.000435,0.392157,0.000662,0.509537,0.000845,0,6.941778,40.833931,-0.011045,12.7,168,2455373.50095,-24.854963,-24.854985,0.097,-9999999,1.026614,0.540821,0.706875,0.112573,0.872763,0.52,279.9998,10.165087,4.975491,2010-06-25T23:59:16.200,-9999999,G2,183.C-0972(A),Udry,-9999999,HARPS_ech_obs_all,HARPS_ech_obs_thosimult,STAR_WAVE_G1,6.40018029673651E-06,6.33896425623549E-07,0,0,0
HD96700,166.977705,-30.17399,2455374.4811336,4.131891,1.139729,12861.694409,1.117167,-3.486904,0.996096,12861.378401,0.757007,-3.531249,0.996305,-14.61126,9.390447,-5.424316,2.203435,0.402552,0.000726,0.387422,0.001097,0.517353,0.001423,0,6.945385,40.841086,-0.013547,12.7,101.1,2455374.48113,-24.800903,-24.800937,0.268,-9999999,1.027041,-0.787324,0.553873,-1.343049,0.821585,0.5,250.0007,-14.606379,9.385605,2010-06-26T23:31:10.538,-9999999,G2,183.C-0972(A),Udry,-9999999,HARPS_ech_obs_all,HARPS_ech_obs_thosimult,STAR_WAVE_G1,8.59991406643833E-06,8.58160358463887E-07,0,0,0
HD96700,166.977705,-30.17399,2455374.4843588,6.98876,1.139532,12865.036108,1.117032,-0.631052,0.995872,12864.71404,0.75681,-0.580718,0.995887,8.528569,7.875169,-4.390242,2.112819,0.403317,0.000722,0.388035,0.001093,0.517072,0.001416,0,6.945716,40.842681,-0.008329,12.7,101.4,2455374.48436,-24.80693,-24.806976,0.247,-9999999,1.027043,-0.788341,0.55387,-1.349111,0.821583,0.49,250.0071,8.554223,7.875601,2010-06-26T23:35:51.714,-9999999,G2,183.C-0972(A),Udry,-9999999,HARPS_ech_obs_all,HARPS_ech_obs_thosimult,STAR_WAVE_G1,7.92104039414412E-06,8.38705246584835E-07,0,0,0
HD96700,166.977705,-30.17399,2455374.4877112,2.845857,1.139138,12862.528445,1.116456,-4.775013,0.995423,12862.200078,0.755963,-4.756923,0.995536,8.251544,7.703016,-2.584633,1.93403,0.403338,0.000726,0.388437,0.001097,0.517064,0.00142,0,6.945219,40.828716,-0.01086,12.7,101.3,2455374.4877,-24.813113,-24.813149,0.109,-9999999,1.027044,-0.789399,0.553867,-1.355411,0.82158,0.52,249.9999,8.270189,7.69387,2010-06-26T23:40:33.889,-9999999,G2,183.C-0972(A),Udry,-9999999,HARPS_ech_obs_all,HARPS_ech_obs_thosimult,STAR_WAVE_G1,7.37216234952681E-06,8.55528774331653E-07,0,0,0
HD96700,166.977705,-30.17399,2455375.4836675,1.577091,0.889148,12859.378595,1.076368,-5.641082,0.551302,12860.371843,0.442585,-5.648246,0.551453,-8.8446,5.372447,-1.307617,1.276307,0.404132,0.000424,0.389967,0.000625,0.514297,0.000805,0,6.947066,40.829455,-0.009137,12.7,177.3,2455375.48366,-24.781379,-24.781412,-0.004,-9999999,1.027478,-0.386702,0.697603,-0.03423,0.981166,0.49,280,-8.823282,5.354185,2010-06-27T23:34:44.374,-9999999,G2,183.C-0972(A),Udry,-9999999,HARPS_ech_obs_all,HARPS_ech_obs_thosimult,STAR_WAVE_G1,7.20759699124399E-06,4.37966805055296E-07,0,0,0
HD96700,166.977705,-30.17399,2455375.4873095,1.194978,0.889036,12859.536018,1.076027,-6.024344,0.551125,12860.522423,0.44176,-6.0307,0.551302,-2.460512,5.105555,-3.839149,1.41695,0.403312,0.00042,0.389632,0.000621,0.512443,0.000799,0,6.944785,40.843758,-0.010612,12.7,178.3,2455375.48731,-24.788011,-24.788054,-0.064,-9999999,1.02748,-0.387851,0.6976,-0.041075,0.981164,0.5,280.0012,-2.447178,5.082584,2010-06-27T23:39:56.271,-9999999,G2,183.C-0972(A),Udry,-9999999,HARPS_ech_obs_all,HARPS_ech_obs_thosimult,STAR_WAVE_G1,7.75163099917046E-06,4.81531342189037E-07,0,0,0
HD96700,166.977705,-30.17399,2455375.4909463,1.151891,0.904813,12859.040974,1.084528,-6.068578,0.576233,12860.020544,0.462084,-6.065227,0.576387,-1.624919,5.089941,-4.097403,1.326965,0.403773,0.00044,0.389781,0.000652,0.514136,0.00084,0,6.943763,40.838636,-0.012951,12.7,170,2455375.49094,-24.794531,-24.794572,0.034,-9999999,1.027481,-0.388998,0.697598,-0.047911,0.981162,0.51,279.9997,-1.60803,5.068846,2010-06-27T23:45:07.717,-9999999,G2,183.C-0972(A),Udry,-9999999,HARPS_ech_obs_all,HARPS_ech_obs_thosimult,STAR_WAVE_G1,8.00605179780575E-06,5.60369997945881E-07,0,0,0
HD96700,166.977705,-30.17399,2455396.4761558,2.974083,1.333678,12861.014772,1.248912,-3.665776,1.022621,12862.474572,0.772713,-3.663363,1.02286,27.089262,8.829175,-4.815222,2.325482,0.402379,0.000741,0.379963,0.001125,0.516443,0.001453,0,6.951467,40.833243,-0.013097,12.7,98.8,2455396.47615,-22.667598,-22.667764,-0.656,-9999999,1.036627,0.191612,0.856121,0.423173,0.981171,0.48,450.0004,27.083188,8.821529,2010-07-18T23:25:00.269,-9999999,G2,183.C-0972(A),Udry,-9999999,HARPS_ech_obs_all,HARPS_ech_obs_thosimult,STAR_WAVE_G1,4.67697566597594E-06,8.77945800604048E-07,0,0,0
HD96700,166.977705,-30.17399,2455396.4819363,1.313122,1.307509,12856.95066,1.233916,-5.328561,0.988252,12858.399597,0.748237,-5.34412,0.988414,13.80373,8.562445,-7.288044,2.186139,0.403896,0.000717,0.380289,0.001087,0.514514,0.001398,0,6.947188,40.861835,-0.017289,12.7,102.4,2455396.48193,-22.674444,-22.674598,-0.467,-9999999,1.036629,0.189788,0.856118,0.412308,0.981167,0.52,450.0004,13.787033,8.550304,2010-07-18T23:33:01.745,-9999999,G2,183.C-0972(A),Udry,-9999999,HARPS_ech_obs_all,HARPS_ech_obs_thosimult,STAR_WAVE_G1,3.22641719669993E-06,1.05900585937029E-06,0,0,0
HD96700,166.977705,-30.17399,2455401.4564546,-0.542011,0.886101,12856.896102,0.876783,-7.359948,0.603284,12857.75469,0.475614,-7.36828,0.603364,14.632657,5.453968,3.168998,1.562378,0.403144,0.000449,0.389735,0.000674,0.514156,0.000868,0,6.945664,40.80378,-0.011218,12.7,163.8,2455401.45645,-21.70847,-21.708654,-0.206,-9999999,1.038797,0.013534,0.649018,-0.180209,0.736573,0.49,900.0005,14.631731,5.429927,2010-07-23T22:53:24.568,-9999999,G2,183.C-0972(A),Udry,-9999999,HARPS_ech_obs_all,HARPS_ech_obs_thosimult,STAR_WAVE_G1,7.40817124364703E-06,5.61632627809763E-07,0,0,0
HD96700,166.977705,-30.17399,2455404.4687836,5.293183,0.773106,12862.84482,0.840287,-4.443833,0.408461,12861.690138,0.318914,-4.458727,0.408527,-8.14788,4.28902,2.074727,0.811783,0.405749,0.000312,0.38006,0.000457,0.515655,0.000591,0,6.946624,40.811131,-0.010771,12.7,241.2,2455404.46878,-21.093067,-21.093257,0.058,-9999999,1.04011,-2.905545,0.656393,-2.194792,0.777417,0.5,900.0005,-8.157169,4.272291,2010-07-26T23:11:19.134,-9999999,G2,183.C-0972(A),Udry,-9999999,HARPS_ech_obs_all,HARPS_ech_obs_thosimult,STAR_WAVE_G1,7.65461839645566E-06,2.9509671801781E-07,0,0,0
HD96700,166.977705,-30.17399,2455408.4574532,2.94301,1.404101,12859.789863,1.285824,-3.800524,1.112895,12861.217605,0.831037,-3.796434,1.113105,13.028922,9.590702,-1.246367,2.388628,0.404863,0.00081,0.389693,0.001227,0.51694,0.001584,0,6.945079,40.803075,-0.015535,12.7,90.7,2455408.45745,-20.162939,-20.163146,-0.371,-9999999,1.041848,0.087937,0.856133,0.385894,0.981183,0.51,450.0007,13.018419,9.584458,2010-07-30T22:59:04.072,-9999999,G2,183.C-0972(A),Udry,-9999999,HARPS_ech_obs_all,HARPS_ech_obs_thosimult,STAR_WAVE_G1,7.55953847878592E-06,8.12392977129453E-07,0,0,0
HD96700,166.977705,-30.17399,2455408.4629835,2.101725,1.380432,12856.814338,1.273093,-4.643554,1.082883,12858.231688,0.811204,-4.685886,1.083054,9.89042,9.668584,-0.133262,2.384321,0.405293,0.00079,0.388636,0.001194,0.51788,0.001543,0,6.94736,40.832139,-0.013902,12.7,93.2,2455408.46298,-20.168184,-20.168389,-0.36,-9999999,1.041851,0.086192,0.856129,0.375499,0.981179,0.5,450.0006,9.899378,9.66081,2010-07-30T23:07:06.428,-9999999,G2,183.C-0972(A),Udry,-9999999,HARPS_ech_obs_all,HARPS_ech_obs_thosimult,STAR_WAVE_G1,7.4802390780246E-06,8.36748619525351E-07,0,0,0
HD96700,166.977705,-30.17399,2455412.4596161,-2.425505,0.744734,12854.658069,0.728516,-8.358533,0.47189,12856.872621,0.368645,-8.373422,0.471996,7.099672,4.139786,7.472439,0.980346,0.401792,0.000346,0.389232,0.000515,0.505257,0.000665,0,6.950063,40.776944,-0.014001,12.7,214,2455412.45961,-19.154298,-19.154524,-0.233,-9999999,1.043593,0.898443,0.57615,1.170959,0.628361,0.54,900.0005,7.114203,4.10178,2010-08-03T22:58:16.788,-9999999,G2,183.C-0972(A),Udry,-9999999,HARPS_ech_obs_all,HARPS_ech_obs_thosimult,STAR_WAVE_G1,7.65938059807272E-06,4.36716396607591E-07,0,0,0
HD96700,166.977705,-30.17399,2455539.8199598,-1.634114,0.714588,12855.638485,0.711177,-10.655201,0.314017,12853.951883,0.231258,-10.676743,0.313962,-12.001039,3.189053,1.4749,0.689297,0.405603,0.00021,0.387099,0.000311,0.512534,0.000404,0,6.946303,40.829266,-0.013732,12.7,349.5,2455539.81996,24.965486,24.965404,0.524,-9999999,1.099097,-2.189616,0.641895,-2.785699,0.672526,0.53,899.9997,-11.976072,3.129771,2010-12-09T07:34:29.265,-9999999,G2,183.C-0972(A),Udry,-9999999,HARPS_ech_obs_all,HARPS_ech_obs_thosimult,STAR_WAVE_G1,7.12981626304836E-06,2.50300834637183E-07,0,0,0
HD96700,166.977705,-30.17399,2455541.8041872,-0.153478,0.623884,12857.322461,0.635414,-8.240017,0.350251,12856.557458,0.265808,-8.221924,0.350123,-0.590127,3.557499,3.629419,0.736063,0.4033,0.000249,0.379745,0.000366,0.513606,0.000475,0,6.946657,40.823995,-0.013439,12.7,298.6,2455541.80418,25.184034,25.183954,0.511,-9999999,1.099962,-1.255068,0.51629,-1.864965,0.577146,0.52,900.006,-0.578564,3.514903,2010-12-11T07:11:41.314,-9999999,G2,183.C-0972(A),Udry,-9999999,HARPS_ech_obs_all,HARPS_ech_obs_thosimult,STAR_WAVE_G1,7.5174313224572E-06,2.8353059782501E-07,0,0,0
HD96700,166.977705,-30.17399,2455544.8244828,1.365728,0.761203,12858.673948,0.836831,-5.257687,0.306945,12859.588175,0.22477,-5.23975,0.306843,-2.501097,3.162312,0.994923,0.718846,0.405795,0.000206,0.378753,0.000304,0.524213,0.000395,0,6.946382,40.833541,-0.013815,12.7,358.8,2455544.82448,25.386643,25.38658,-0.352,-9999999,1.101278,0.208056,0.696573,-0.187051,0.80608,0.49,899.9991,-2.494238,3.13164,2010-12-14T07:41:00.055,-9999999,G2,183.C-0972(A),Udry,-9999999,HARPS_ech_obs_all,HARPS_ech_obs_thosimult,STAR_WAVE_G1,7.87784386636205E-06,2.3204078879948E-07,0,0,0
HD96700,166.977705,-30.17399,2455546.8432038,-3.404773,0.662946,12854.475118,0.673935,-10.425341,0.345701,12854.834215,0.26249,-10.414508,0.345603,-4.230833,3.686398,2.656462,0.604667,0.406148,0.000244,0.378913,0.00036,0.524409,0.000468,0,6.947116,40.83624,-0.013357,12.7,303.1,2455546.84319,25.468547,25.468526,0.184,-9999999,1.102158,-0.189097,0.565675,-0.743061,0.620716,0.51,900.0072,-4.222089,3.627195,2010-12-16T08:07:24.859,-9999999,G2,183.C-0972(A),Udry,-9999999,HARPS_ech_obs_all,HARPS_ech_obs_thosimult,STAR_WAVE_G1,7.45357020636303E-06,2.99533324947318E-07,0,0,0
HD96700,166.977705,-30.17399,2455548.812308,-2.699176,0.640243,12854.55861,0.699804,-11.346799,0.278543,12853.403647,0.197239,-11.334881,0.278383,-6.133177,2.582071,3.725251,0.759606,0.405839,0.000181,0.387636,0.000266,0.522033,0.000345,128,6.948734,40.831664,-0.012841,12.7,410.1,2455548.81231,25.608407,25.608379,0.697,-9999999,1.103016,-1.816152,0.576477,-2.257979,0.671433,0.5,899.9993,-6.118085,2.492688,2010-12-18T07:22:50.090,-9999999,G2,183.C-0972(A),Udry,-9999999,HARPS_ech_obs_all,HARPS_ech_obs_thosimult,STAR_WAVE_G1,6.61325305389012E-06,2.61620487714254E-07,0,0,0
HD96700,166.977705,-30.17399,2455550.8086151,-1.883794,0.508826,12855.444133,0.52574,-8.651953,0.296968,12856.719571,0.214618,-8.6398,0.29687,-4.542189,3.2867,2.070758,0.673327,0.407348,0.000199,0.386757,0.000292,0.514886,0.00038,0,6.947058,40.829792,-0.012384,12.7,374,2455550.80861,25.670076,25.670062,0.72,-9999999,1.103886,0.063312,0.413176,0.171552,0.47994,0.5,900.0005,-4.530372,3.240379,2010-12-20T07:17:16.396,-9999999,G2,183.C-0972(A),Udry,-9999999,HARPS_ech_obs_all,HARPS_ech_obs_thosimult,STAR_WAVE_G1,6.9373042774894E-06,3.04160321005655E-07,0,0,0
HD96700,166.977705,-30.17399,2455574.8704975,0.925438,1.005041,12858.593012,1.067192,-5.939765,0.526508,12859.730479,0.419833,-5.912343,0.526482,-9.196169,5.979135,0.592681,1.289937,0.408047,0.000452,0.376835,0.000627,0.527165,0.000819,0,6.945555,40.833891,-0.012719,12.7,175.4,2455574.87049,23.754619,23.754672,0.151,-9999999,1.114373,-0.033732,0.856094,0.023094,0.981142,0.5,250.0061,-9.181,5.959777,2011-01-13T08:48:54.589,-9999999,G2,183.C-0972(A),Udry,-9999999,HARPS_ech_obs_all,HARPS_ech_obs_thosimult,STAR_WAVE_G1,7.65139552133217E-06,3.83330545632004E-07,0,0,0
HD96700,166.977705,-30.17399,2455574.873747,1.071625,1.008368,12857.636808,1.069321,-5.794603,0.532829,12858.768168,0.425212,-5.752018,0.532898,-7.648128,3.957085,1.276656,1.12897,0.406861,0.00046,0.37686,0.000639,0.525361,0.000833,0,6.945877,40.828023,-0.015195,12.7,172.3,2455574.87374,23.746972,23.747012,0.059,-9999999,1.114374,-0.034757,0.856096,0.016986,0.981143,0.49,250.0057,-7.640701,3.929904,2011-01-13T08:53:37.825,-9999999,G2,183.C-0972(A),Udry,-9999999,HARPS_ech_obs_all,HARPS_ech_obs_thosimult,STAR_WAVE_G1,7.64276154062214E-06,3.98951407457908E-07,0,0,0
HD96700,166.977705,-30.17399,2455574.8771094,-1.836252,1.017854,12855.762347,1.074926,-8.703541,0.550567,12856.887389,0.439114,-8.673958,0.550519,-4.138116,4.584096,-1.685518,1.159157,0.406337,0.000475,0.376954,0.000661,0.525062,0.00086,0,6.943176,40.849915,-0.015514,12.7,166.5,2455574.8771,23.739083,23.739156,0.139,-9999999,1.114376,-0.035818,0.856097,0.010666,0.981145,0.52,250.0042,-4.118613,4.545685,2011-01-13T08:58:20.811,-9999999,G2,183.C-0972(A),Udry,-9999999,HARPS_ech_obs_all,HARPS_ech_obs_thosimult,STAR_WAVE_G1,7.86544918812325E-06,3.82705204096137E-07,0,0,0
HD96700,166.977705,-30.17399,2455576.8555267,0.627312,0.721318,12857.914793,1.035846,-6.358272,0.42207,12859.39994,0.332191,-6.36164,0.422005,5.121399,4.231763,-2.302482,0.890504,0.402588,0.000349,0.379813,0.000496,0.51486,0.000644,0,6.942717,40.850709,-0.011437,12.7,221.5,2455576.85552,23.437347,23.437419,0.325,-9999999,1.115238,-0.154113,0.584941,0.369909,0.981135,0.5,800.0057,5.132368,4.205848,2011-01-15T08:22:32.590,-9999999,G2,183.C-0972(A),Udry,-9999999,HARPS_ech_obs_all,HARPS_ech_obs_thosimult,STAR_WAVE_G1,6.69609272796218E-06,3.00768390292099E-07,0,0,0
HD96700,166.977705,-30.17399,2455578.8532254,0.58904,1.117864,12858.008977,1.132713,-6.15883,0.718842,12859.429754,0.566051,-6.124249,0.718947,9.948976,5.905792,-4.911143,1.595469,0.404959,0.000607,0.376657,0.00086,0.524602,0.00112,0,6.939779,40.858457,-0.013513,12.7,127.9,2455578.85322,23.062784,23.062838,-0.077,-9999999,1.116108,0.083601,0.856087,0.304669,0.981134,0.49,250.0048,9.957627,5.886832,2011-01-17T08:23:37.859,-9999999,G2,183.C-0972(A),Udry,-9999999,HARPS_ech_obs_all,HARPS_ech_obs_thosimult,STAR_WAVE_G1,6.15540983530775E-06,5.53368310328749E-07,0,0,0
HD96700,166.977705,-30.17399,2455578.8565911,-0.31617,1.089802,12856.276702,1.116591,-7.065102,0.674375,12857.691156,0.533056,-7.042619,0.674407,-3.315237,5.929156,-4.56095,1.344405,0.405771,0.000584,0.37699,0.000823,0.523813,0.00107,0,6.940812,40.859736,-0.016896,12.7,133.8,2455578.85659,23.054735,23.054778,0.139,-9999999,1.11611,0.082539,0.856088,0.298344,0.981136,0.52,250.0045,-3.304659,5.906669,2011-01-17T08:28:21.135,-9999999,G2,183.C-0972(A),Udry,-9999999,HARPS_ech_obs_all,HARPS_ech_obs_thosimult,STAR_WAVE_G1,9.04151448076827E-06,4.79852304336204E-07,0,0,0
HD96700,166.977705,-30.17399,2455578.859758,-1.280607,1.074288,12856.245348,1.107911,-8.030538,0.649004,12857.65385,0.514623,-8.018965,0.649062,1.154721,5.918611,-3.996384,1.309348,0.406673,0.000568,0.378863,0.000799,0.525509,0.001038,0,6.943195,40.853499,-0.0152,12.7,138.1,2455578.85975,23.047177,23.047256,-0.051,-9999999,1.116111,0.08154,0.85609,0.292391,0.981137,0.48,250.007,1.164023,5.890158,2011-01-17T08:33:04.731,-9999999,G2,183.C-0972(A),Udry,-9999999,HARPS_ech_obs_all,HARPS_ech_obs_thosimult,STAR_WAVE_G1,7.53077986337562E-06,4.35262978036722E-07,0,0,0
HD96700,166.977705,-30.17399,2455579.8555797,-1.577805,0.650651,12855.641085,0.855356,-7.579482,0.300482,12857.675779,0.226284,-7.570426,0.300458,-1.990052,3.030589,-0.74468,0.606226,0.405683,0.000231,0.376666,0.000325,0.513137,0.000424,0,6.944645,40.845837,-0.01471,12.7,336.6,2455579.85558,22.857256,22.857309,-0.076,-9999999,1.116545,0.829794,0.577111,0.918149,0.824881,0.51,799.9998,-1.979664,2.977316,2011-01-18T08:22:09.128,-9999999,G2,183.C-0972(A),Udry,-9999999,HARPS_ech_obs_all,HARPS_ech_obs_thosimult,STAR_WAVE_G1,7.52826180818384E-06,2.04967788162667E-07,0,0,0
HD96700,166.977705,-30.17399,2455580.8157992,-0.039709,0.766823,12857.347202,0.969427,-8.146134,0.310278,12856.997052,0.232971,-8.158479,0.310163,-6.03355,3.251362,2.782465,0.703087,0.405232,0.000218,0.37702,0.000318,0.513792,0.000415,0,6.946758,40.824435,-0.01166,12.7,343,2455580.81579,22.746784,22.746864,0.241,-9999999,1.116964,-1.274954,0.701245,-1.467114,0.941017,0.49,800.0056,-6.019099,3.204789,2011-01-19T07:25:01.787,-9999999,G2,183.C-0972(A),Udry,-9999999,HARPS_ech_obs_all,HARPS_ech_obs_thosimult,STAR_WAVE_G1,7.17138926518251E-06,2.86894293438831E-07,0,0,0
HD96700,166.977705,-30.17399,2455583.821865,1.922367,0.948603,12859.661194,1.031789,-4.744457,0.408634,12861.064621,0.319354,-4.733415,0.408675,7.447842,3.512683,0.03117,0.791283,0.407009,0.000299,0.373111,0.000432,0.515851,0.000567,0,6.9456,40.833935,-0.011908,12.7,251.8,2455583.82186,22.07582,22.075904,-0.529,-9999999,1.118274,0.164647,0.856076,0.285153,0.981122,0.48,430.0069,7.457993,3.485494,2011-01-22T07:36:32.071,-9999999,G2,183.C-0972(A),Udry,-9999999,HARPS_ech_obs_all,HARPS_ech_obs_thosimult,STAR_WAVE_G1,7.07854303641024E-06,3.96979640921059E-07,0,0,0
HD96700,166.977705,-30.17399,2455583.82743,4.643989,0.956522,12862.104,1.036569,-2.02459,0.426691,12863.49697,0.33447,-2.012649,0.426642,-2.509131,3.99611,1.747771,0.89228,0.406656,0.000313,0.372585,0.000452,0.51575,0.000594,0,6.943903,40.830361,-0.010656,12.7,240.4,2455583.82743,22.062278,22.062338,-0.472,-9999999,1.118276,0.162892,0.856078,0.274694,0.981124,0.52,430.0009,-2.507178,3.988231,2011-01-22T07:44:15.657,-9999999,G2,183.C-0972(A),Udry,-9999999,HARPS_ech_obs_all,HARPS_ech_obs_thosimult,STAR_WAVE_G1,6.65211883966475E-06,4.28874290520222E-07,0,0,0
HD96700,166.977705,-30.17399,2455585.8231523,2.236449,0.739202,12859.85237,0.718348,-3.747392,0.437331,12861.857068,0.343162,-3.750924,0.437296,7.530327,4.246854,0.825066,0.993901,0.403351,0.000332,0.376425,0.000472,0.526978,0.000625,0,6.945233,40.829309,-0.012794,12.7,229.3,2455585.82315,21.602835,21.602897,1,-9999999,1.119146,0.84763,0.595954,0.885552,0.631081,0.49,429.9997,7.53606,4.238036,2011-01-24T07:38:06.403,-9999999,G2,183.C-0972(A),Udry,-9999999,HARPS_ech_obs_all,HARPS_ech_obs_thosimult,STAR_WAVE_G1,8.39499611038752E-06,3.40679496145535E-07,0,0,0
HD96700,166.977705,-30.17399,2455585.8286081,1.39599,0.717072,12859.442598,0.70389,-4.589572,0.398784,12861.437044,0.311761,-4.573932,0.398822,6.526851,4.00936,-0.964619,0.8838,0.403652,0.000308,0.376452,0.000435,0.528043,0.000577,0,6.944885,40.836725,-0.012326,12.7,249,2455585.8286,21.589493,21.589571,0.482,-9999999,1.119148,0.845909,0.595956,0.875298,0.631084,0.51,430.0052,6.529209,3.99159,2011-01-24T07:45:49.149,-9999999,G2,183.C-0972(A),Udry,-9999999,HARPS_ech_obs_all,HARPS_ech_obs_thosimult,STAR_WAVE_G1,6.91000092429766E-06,3.44848983819135E-07,0,0,0
HD96700,166.977705,-30.17399,2455589.8146214,-2.484153,0.918259,12855.412219,1.013184,-9.103724,0.332171,12856.778291,0.252873,-9.088098,0.33211,-2.631594,2.892276,0.311368,0.779085,0.406352,0.000241,0.365203,0.000343,0.52791,0.000457,0,6.946487,40.835155,-0.011792,12.7,313.3,2455589.81461,20.603308,20.603402,0.141,-9999999,1.120886,0.2119,0.856074,0.245186,0.98112,0.55,900,-2.628989,2.824443,2011-01-28T07:20:40.734,-9999999,G2,183.C-0972(A),Udry,-9999999,HARPS_ech_obs_all,HARPS_ech_obs_thosimult,STAR_WAVE_G1,7.54376863436739E-06,2.8280473892656E-07,0,0,0
HD96700,166.977705,-30.17399,2455590.7823561,1.412163,0.533975,12859.800983,0.629145,-6.280192,0.302857,12859.478133,0.224413,-6.26384,0.302849,-4.471576,3.121466,2.658596,0.735163,0.406003,0.000209,0.369937,0.000303,0.516049,0.000401,0,6.947873,40.825914,-0.014243,12.7,356.5,2455590.78235,20.410924,20.411009,0.528,-9999999,1.121307,-0.860884,0.439781,-1.444157,0.58776,0.5,900.0001,-4.461945,3.089083,2011-01-29T06:34:52.306,-9999999,G2,183.C-0972(A),Udry,-9999999,HARPS_ech_obs_all,HARPS_ech_obs_thosimult,STAR_WAVE_G1,7.22995118117229E-06,3.02154048562868E-07,0,0,0
HD96700,166.977705,-30.17399,2455591.8177405,1.427239,0.902556,12859.131332,1.003491,-5.064312,0.285907,12860.624832,0.210705,-5.060433,0.285896,7.736183,2.758744,-0.916678,0.591797,0.404472,0.000199,0.379448,0.000285,0.523845,0.000375,0,6.945037,40.850152,-0.012614,12.7,379.7,2455591.81773,20.044434,20.044523,0.517,-9999999,1.121759,0.33992,0.856075,0.371741,0.981121,0.5,899.9992,7.742291,2.731382,2011-01-30T07:25:43.480,-9999999,G2,183.C-0972(A),Udry,-9999999,HARPS_ech_obs_all,HARPS_ech_obs_thosimult,STAR_WAVE_G1,8.09401636214712E-06,2.75224539589853E-07,0,0,0
HD96700,166.977705,-30.17399,2455593.8111613,0.496687,0.709918,12857.654227,0.896967,-6.000466,0.273468,12859.428612,0.200181,-5.981989,0.273429,5.231411,2.805701,-1.740554,0.587334,0.405442,0.000191,0.368327,0.000273,0.515539,0.000361,0,6.94524,40.854118,-0.012992,12.7,395.9,2455593.81115,19.483065,19.483179,0.205,-9999999,1.122627,0.334318,0.655133,0.651758,0.874344,0.5,900.0008,5.24686,2.768119,2011-02-01T07:16:03.668,-9999999,G2,183.C-0972(A),Udry,-9999999,HARPS_ech_obs_all,HARPS_ech_obs_thosimult,STAR_WAVE_G1,6.41938821210213E-06,2.46910209184553E-07,0,0,0
HD96700,166.977705,-30.17399,2455611.7239408,-1.394705,0.68525,12856.122315,0.760685,-7.113586,0.279026,12858.350212,0.20571,-7.11783,0.278987,-5.394928,2.67534,-0.100089,0.625306,0.405605,0.000192,0.376716,0.000278,0.514814,0.000369,0,6.946523,40.838598,-0.014371,12.7,388.3,2455611.72394,13.537822,13.537964,0.397,-9999999,1.130434,1.11259,0.625869,1.097463,0.732342,0.51,900.0052,-5.384876,2.628114,2011-02-19T05:08:53.029,-9999999,G2,183.C-0972(A),Udry,-9999999,HARPS_ech_obs_all,HARPS_ech_obs_thosimult,STAR_WAVE_G1,7.59921563581384E-06,2.61095304820652E-07,0,0,0
HD96700,166.977705,-30.17399,2455612.725757,-3.813237,0.69609,12853.687523,0.832298,-9.73053,0.283248,12855.668997,0.212173,-9.713502,0.283274,-5.428738,2.982118,0.06087,0.531694,0.405728,0.000198,0.376339,0.00029,0.522818,0.000378,0,6.945325,40.838488,-0.011743,12.7,376.3,2455612.72576,13.151078,13.151217,-0.371,-9999999,1.13087,0.914178,0.635855,0.850604,0.804799,0.49,900.0078,-5.428277,2.909585,2011-02-20T05:11:44.105,-9999999,G2,183.C-0972(A),Udry,-9999999,HARPS_ech_obs_all,HARPS_ech_obs_thosimult,STAR_WAVE_G1,7.79948996322697E-06,2.36916912648906E-07,0,0,0
HD96700,166.977705,-30.17399,2455614.7011988,-2.533906,0.711831,12853.611954,0.509081,-7.442458,0.296945,12857.344616,0.219512,-7.441237,0.297037,-13.984059,3.229558,1.026789,0.701874,0.405621,0.000203,0.368054,0.000296,0.530194,0.000394,0,6.947755,40.828072,-0.01376,12.7,365.8,2455614.7012,12.438288,12.43843,0.688,-9999999,1.131731,1.922919,0.646936,2.600931,0.459323,0.51,900.0065,-13.984097,3.18917,2011-02-22T04:35:57.034,-9999999,G2,183.C-0972(A),Udry,-9999999,HARPS_ech_obs_all,HARPS_ech_obs_thosimult,STAR_WAVE_G1,7.57341514543112E-06,2.496536591387E-07,0,0,0
HD96700,166.977705,-30.17399,2455615.6751059,1.165254,0.654726,12858.584333,0.467521,-5.534093,0.365325,12859.935948,0.281198,-5.537469,0.365416,-9.602707,3.632341,0.560284,0.767386,0.404983,0.00026,0.380266,0.000379,0.527093,0.000501,0,6.944757,40.825646,-0.012537,12.7,286.4,2455615.6751,12.109634,12.109771,0.181,-9999999,1.132156,0.132124,0.543326,0.219459,0.373502,0.51,420.007,-9.605792,3.608465,2011-02-23T04:02:23.995,-9999999,G2,183.C-0972(A),Udry,-9999999,HARPS_ech_obs_all,HARPS_ech_obs_thosimult,STAR_WAVE_G1,7.79728783782519E-06,3.32025001949165E-07,0,0,0
HD96700,166.977705,-30.17399,2455615.680286,1.178388,0.654762,12858.281464,0.467634,-5.522593,0.36539,12859.623345,0.281386,-5.524684,0.365373,-1.487725,4.126328,0.025469,0.911526,0.405116,0.00026,0.380957,0.000379,0.526486,0.0005,0,6.942945,40.840978,-0.014597,12.7,286.8,2455615.68028,12.097051,12.097208,0.533,-9999999,1.132158,0.13049,0.543326,0.209723,0.373501,0.5,420.0071,-1.487133,4.106598,2011-02-23T04:09:55.742,-9999999,G2,183.C-0972(A),Udry,-9999999,HARPS_ech_obs_all,HARPS_ech_obs_thosimult,STAR_WAVE_G1,6.74471949250664E-06,3.51632221935616E-07,0,0,0
HD96700,166.977705,-30.17399,2455616.6791208,1.793724,0.599968,12859.027502,0.574872,-4.899462,0.42718,12860.228671,0.334532,-4.907513,0.427193,-6.822004,4.394438,0.841745,0.865837,0.406148,0.000309,0.374709,0.000454,0.516784,0.000597,0,6.945815,40.822485,-0.012738,12.7,240.3,2455616.67911,11.703003,11.703168,0.118,-9999999,1.132593,0.138285,0.421282,0.068576,0.46751,0.49,420.0067,-6.825521,4.377704,2011-02-24T04:08:15.880,-9999999,G2,183.C-0972(A),Udry,-9999999,HARPS_ech_obs_all,HARPS_ech_obs_thosimult,STAR_WAVE_G1,7.85505910137267E-06,4.56412821482993E-07,0,0,0
HD96700,166.977705,-30.17399,2455616.6844967,1.765114,0.607307,12858.886348,0.580387,-4.929768,0.437429,12860.077416,0.343925,-4.944343,0.437497,-6.020942,4.029473,-1.021245,0.867279,0.405138,0.000319,0.374534,0.000469,0.528338,0.000617,0,6.942788,40.8327,-0.013898,12.7,232.7,2455616.6845,11.689737,11.689869,0.067,-9999999,1.132596,0.136589,0.421281,0.058472,0.46751,0.52,420.0075,-6.021868,4.010801,2011-02-24T04:15:47.735,-9999999,G2,183.C-0972(A),Udry,-9999999,HARPS_ech_obs_all,HARPS_ech_obs_thosimult,STAR_WAVE_G1,8.17322888347825E-06,4.29826999441443E-07,0,0,0
HD96700,166.977705,-30.17399,2455619.7159581,-1.67786,0.624269,12855.57232,0.73079,-8.246053,0.314521,12856.807205,0.238293,-8.235023,0.314602,2.068933,3.019265,0.110538,0.682517,0.405402,0.000225,0.382207,0.000328,0.519458,0.000433,0,6.947796,40.821654,-0.013931,12.7,333,2455619.71595,10.395177,10.395329,-0.106,-9999999,1.133917,0.263278,0.539247,0.100968,0.690848,0.5,900.0042,2.076364,2.968446,2011-02-27T04:57:04.823,-9999999,G2,183.C-0972(A),Udry,-9999999,HARPS_ech_obs_all,HARPS_ech_obs_thosimult,STAR_WAVE_G1,7.20210045134361E-06,3.15959419082491E-07,0,0,0
HD96700,166.977705,-30.17399,2455621.8100482,-4.266459,0.91458,12853.307268,1.010906,-10.410251,0.321865,12855.047283,0.243593,-10.405935,0.32192,-1.231964,3.919189,-0.868449,0.682501,0.405377,0.000245,0.37006,0.000346,0.534657,0.000462,0,6.946353,40.826364,-0.014992,12.7,316.6,2455621.81005,9.330409,9.33055,0.344,-9999999,1.134829,0.687679,0.856072,0.605186,0.981118,0.53,900.0059,-1.218481,3.865624,2011-03-01T07:12:01.205,-9999999,G2,183.C-0972(A),Udry,-9999999,HARPS_ech_obs_all,HARPS_ech_obs_thosimult,STAR_WAVE_G1,5.78716401423036E-06,2.77930523694263E-07,0,0,0
HD96700,166.977705,-30.17399,2455625.821129,1.02188,0.923808,12858.703748,1.017398,-5.181461,0.34721,12860.366464,0.269257,-5.164677,0.347243,1.106939,3.596963,1.739121,0.705166,0.40414,0.000247,0.378019,0.000363,0.524731,0.000473,0,6.947613,40.82696,-0.013402,12.7,301.9,2455625.82112,7.62,7.620158,-0.207,-9999999,1.136578,0.62813,0.856076,0.526138,0.981122,0.49,900.0072,1.108173,3.571368,2011-03-05T07:28:24.557,-9999999,G2,183.C-0972(A),Udry,-9999999,HARPS_ech_obs_all,HARPS_ech_obs_thosimult,STAR_WAVE_G1,7.9785939303073E-06,2.97362941437375E-07,0,0,0
HD96700,166.977705,-30.17399,2455628.742588,-3.432215,0.482403,12854.281419,0.537169,-9.984907,0.305872,12855.93846,0.236434,-9.977272,0.305902,5.237304,3.175549,-0.027201,0.693701,0.405736,0.000223,0.387006,0.000323,0.511905,0.000421,0,6.946709,40.838062,-0.012152,12.7,338.5,2455628.74258,6.519245,6.519407,0.226,-9999999,1.137851,0.278779,0.373035,0.51919,0.482338,0.51,900.0079,5.222099,3.112164,2011-03-08T05:34:54.529,-9999999,G2,183.C-0972(A),Udry,-9999999,HARPS_ech_obs_all,HARPS_ech_obs_thosimult,STAR_WAVE_G1,6.97203122135495E-06,3.08837310738556E-07,0,0,0
HD96700,166.977705,-30.17399,2455629.72342,-5.356171,0.690256,12853.093697,0.620562,-10.900378,0.276821,12854.886032,0.210714,-10.876041,0.276864,-3.612775,2.721896,-3.02352,0.530479,0.405492,0.00021,0.378063,0.000298,0.525308,0.00039,0,6.945927,40.85341,-0.01191,12.7,367.9,2455629.72341,6.135739,6.135904,-1.027,-9999999,1.138278,1.287264,0.632316,0.654057,0.583693,0.51,900.0075,-3.625566,2.62443,2011-03-09T05:07:16.608,-9999999,G2,183.C-0972(A),Udry,-9999999,HARPS_ech_obs_all,HARPS_ech_obs_thosimult,STAR_WAVE_G1,7.50925834975408E-06,2.33592973887E-07,0,0,0
HD96700,166.977705,-30.17399,2455630.7484442,-5.323496,0.747001,12853.190789,0.640613,-11.309922,0.260873,12854.687826,0.192228,-11.315018,0.260987,-0.304158,2.752207,-0.106554,0.528763,0.404984,0.000182,0.386331,0.000262,0.513252,0.000342,128,6.946338,40.845998,-0.012434,12.7,417.9,2455630.74843,5.636423,5.636607,-0.103,-9999999,1.138725,0.845045,0.699968,0.358312,0.611092,0.48,900.0045,-0.312519,2.657238,2011-03-10T05:43:43.938,-9999999,G2,183.C-0972(A),Udry,-9999999,HARPS_ech_obs_all,HARPS_ech_obs_thosimult,STAR_WAVE_G1,-9999999,-9999999,-9999999,-9999999,-9999999
HD96700,166.977705,-30.17399,2455631.7578605,0.018685,0.734125,12857.651821,0.790315,-6.204065,0.395954,12859.848253,0.312771,-6.215108,0.396047,8.298023,3.673213,2.352813,0.838058,0.405134,0.000297,0.378766,0.000433,0.524701,0.000564,0,6.947312,40.815098,-0.013483,12.7,253.1,2455631.75785,5.177255,5.177431,-0.422,-9999999,1.139165,0.608721,0.618191,1.057267,0.725791,0.47,900.0066,8.293852,3.640781,2011-03-11T05:57:24.901,-9999999,G2,183.C-0972(A),Udry,-9999999,HARPS_ech_obs_all,HARPS_ech_obs_thosimult,STAR_WAVE_G1,7.77704470875425E-06,4.20088476088445E-07,0,0,0
HD96700,166.977705,-30.17399,2455635.691361,-2.49942,0.714156,12855.877961,0.698621,-7.714072,0.311307,12858.300872,0.239316,-7.705003,0.311417,4.2951,3.233272,-1.054629,0.628373,0.404158,0.000225,0.378868,0.000329,0.522587,0.000428,0,6.945714,40.83907,-0.013473,12.7,332.8,2455635.69136,3.599813,3.59995,0.618,-9999999,1.140879,1.616819,0.642734,1.282032,0.656353,0.5,900.0065,4.299612,3.191804,2011-03-15T04:21:07.284,-9999999,G2,183.C-0972(A),Udry,-9999999,HARPS_ech_obs_all,HARPS_ech_obs_thosimult,STAR_WAVE_G1,7.94064548505091E-06,2.57299384126638E-07,0,0,0
HD96700,166.977705,-30.17399,2455637.6981242,-4.486017,0.95896,12853.766141,0.897929,-9.163772,0.744569,12857.11697,0.589183,-9.173586,0.744625,22.423005,7.544008,1.430789,1.557508,0.404507,0.000585,0.380347,0.000857,0.523746,0.001112,0,6.947893,40.83064,-0.016921,12.7,129.7,2455637.69811,2.705652,2.70584,0.236,-9999999,1.141754,2.153716,0.604336,2.209075,0.677598,0.48,300.0068,22.429828,7.52052,2011-03-17T04:35:55.788,-9999999,G2,183.C-0972(A),Udry,-9999999,HARPS_ech_obs_all,HARPS_ech_obs_thosimult,STAR_WAVE_G1,6.76541629639869E-06,5.37861953860371E-07,0,0,0
HD96700,166.977705,-30.17399,2455640.7131594,-0.357943,0.652927,12857.371036,0.696813,-5.960918,0.311892,12859.477219,0.242088,-5.965169,0.311914,2.010497,3.687941,-2.277126,0.679769,0.405507,0.000223,0.378433,0.000327,0.519355,0.000424,0,6.944878,40.838918,-0.01153,12.7,335,2455640.71316,1.352494,1.352631,-0.119,-9999999,1.143068,1.228496,0.573617,0.963115,0.653408,0.5,900.008,2.003311,3.654741,2011-03-20T04:52:27.018,-9999999,G2,183.C-0972(A),Udry,-9999999,HARPS_ech_obs_all,HARPS_ech_obs_thosimult,STAR_WAVE_G1,7.24132063878499E-06,2.68260963722273E-07,0,0,0
HD96700,166.977705,-30.17399,2455652.6143462,-4.582282,0.655423,12853.156551,0.610934,-11.305629,0.325517,12854.61705,0.250122,-11.312456,0.325625,-0.760412,3.464123,-0.297446,0.722801,0.404139,0.000232,0.378742,0.000342,0.509436,0.000444,0,6.945306,40.825019,-0.011989,12.7,320.6,2455652.61434,-3.645939,-3.64578,-0.053,-9999999,1.148254,0.108124,0.568875,0.312245,0.557387,0.5,900.005,-0.727509,3.408789,2011-04-01T02:30:13.444,-9999999,G2,183.C-0972(A),Udry,-9999999,HARPS_ech_obs_all,HARPS_ech_obs_thosimult,STAR_WAVE_G1,7.8719105211589E-06,2.63644713839861E-07,0,0,0
HD96700,166.977705,-30.17399,2455654.6520829,-7.579803,0.898141,12850.633681,1.001723,-13.915994,0.271696,12852.398176,0.202191,-13.916816,0.271822,7.92675,3.036104,-3.050863,0.569287,0.404687,0.000188,0.377634,0.000274,0.519437,0.000355,128,6.943318,40.856984,-0.01348,12.7,400.7,2455654.65208,-4.611867,-4.611713,-0.194,-9999999,1.149142,0.49528,0.85606,0.615353,0.981105,0.48,900.0052,7.938884,2.935137,2011-04-03T03:24:54.328,-9999999,G2,183.C-0972(A),Udry,-9999999,HARPS_ech_obs_all,HARPS_ech_obs_thosimult,STAR_WAVE_G1,6.75473274152169E-06,2.58366502815409E-07,0,0,0
HD96700,166.977705,-30.17399,2455656.6065536,0.134354,0.912081,12857.677929,1.010027,-6.249095,0.314705,12859.387778,0.239937,-6.247756,0.314938,-0.122653,2.871835,-2.769247,0.763523,0.405152,0.000222,0.374418,0.000326,0.516155,0.000424,0,6.946122,40.843474,-0.014479,12.7,334.9,2455656.60655,-5.351802,-5.351639,-0.05,-9999999,1.149994,0.448022,0.856068,0.559855,0.981114,0.5,900.0056,-0.110082,2.832001,2011-04-05T02:19:05.400,-9999999,G2,183.C-0972(A),Udry,-9999999,HARPS_ech_obs_all,HARPS_ech_obs_thosimult,STAR_WAVE_G1,-9999999,-9999999,-9999999,-9999999,-9999999
HD96700,166.977705,-30.17399,2455658.663333,0.319939,0.676719,12858.754564,0.846915,-4.578693,0.366158,12861.453302,0.284995,-4.561937,0.366318,6.646087,3.473039,-0.753368,0.901679,0.404104,0.000268,0.382473,0.000391,0.516804,0.000509,0,6.948704,40.834481,-0.01451,12.7,279.7,2455658.66333,-6.351013,-6.350861,0.164,-9999999,1.15089,1.932839,0.569102,1.547848,0.797523,0.5,900.0063,6.626416,3.451424,2011-04-07T03:40:54.599,-9999999,G2,183.C-0972(A),Udry,-9999999,HARPS_ech_obs_all,HARPS_ech_obs_thosimult,STAR_WAVE_G1,7.00031381916304E-06,3.17031037197983E-07,0,0,0
HD96700,166.977705,-30.17399,2455662.6070693,-3.844081,0.923971,12853.397081,0.960316,-9.748271,0.347663,12855.847931,0.27051,-9.761521,0.347762,13.672522,3.407273,-3.877777,0.745456,0.404589,0.000254,0.385746,0.000373,0.520053,0.000485,0,6.945835,40.849466,-0.014392,12.7,293.7,2455662.60706,-7.873842,-7.873706,0.052,-9999999,1.152609,0.927281,0.856068,1.298241,0.921429,0.46,899.9996,13.665196,3.34881,2011-04-11T02:20:37.466,-9999999,G2,183.C-0972(A),Udry,-9999999,HARPS_ech_obs_all,HARPS_ech_obs_thosimult,STAR_WAVE_G1,6.42076630726077E-06,3.07456191519378E-07,0,0,0
HD96700,166.977705,-30.17399,2455663.5711164,-1.727928,0.724026,12855.652894,0.768765,-7.391388,0.366866,12858.567296,0.285369,-7.376872,0.366988,-5.324939,3.465594,-1.640686,0.864586,0.403407,0.000263,0.385116,0.00039,0.518627,0.000507,0,6.946873,40.832605,-0.014754,12.7,280.8,2455663.57111,-8.190443,-8.190307,-0.023,-9999999,1.153029,1.168011,0.624198,1.761373,0.713838,0.49,900.0047,-5.336753,3.420471,2011-04-12T01:28:26.383,-9999999,G2,183.C-0972(A),Udry,-9999999,HARPS_ech_obs_all,HARPS_ech_obs_thosimult,STAR_WAVE_G1,7.32175155329329E-06,3.53876813359779E-07,0,0,0
HD96700,166.977705,-30.17399,2455672.5781048,-0.389018,0.656528,12857.642333,0.807196,-7.762855,0.286558,12858.19792,0.216078,-7.769708,0.286805,7.401735,2.96684,-5.521921,0.662113,0.403029,0.000206,0.378433,0.000301,0.519992,0.000392,0,6.945487,40.859235,-0.014081,12.7,364.2,2455672.5781,-11.746657,-11.74655,0.68,-9999999,1.156955,-0.542366,0.590689,-0.601368,0.777738,0.49,900.0003,7.409297,2.920272,2011-04-21T01:38:56.239,-9999999,G2,183.C-0972(A),Udry,-9999999,HARPS_ech_obs_all,HARPS_ech_obs_thosimult,STAR_WAVE_G1,7.04801692333486E-06,1.81450577029847E-07,0,0,0
HD96700,166.977705,-30.17399,2455675.633998,1.668378,0.714026,12859.359439,0.606537,-5.755352,0.329352,12860.314475,0.255625,-5.759207,0.3295,-4.225642,3.862663,-3.599494,0.609883,0.402697,0.00026,0.388366,0.000373,0.510567,0.000486,0,6.946973,40.853248,-0.012185,12.7,295.6,2455675.63399,-13.010667,-13.010536,0.028,-9999999,1.158286,-0.592259,0.63353,-0.20325,0.550039,0.49,900.0006,-4.226694,3.833357,2011-04-24T02:59:36.269,-9999999,G2,183.C-0972(A),Udry,-9999999,HARPS_ech_obs_all,HARPS_ech_obs_thosimult,STAR_WAVE_G1,7.80739884827076E-06,2.56305155772819E-07,0,0,0
HD96700,166.977705,-30.17399,2455677.6073133,-2.227707,0.585268,12855.910708,0.600838,-9.619603,0.335239,12856.607239,0.257734,-9.62178,0.335403,8.300527,2.848448,-2.289545,0.782835,0.403175,0.000238,0.387732,0.00035,0.510026,0.000456,0,6.946049,40.832583,-0.012609,12.7,313.3,2455677.60731,-13.67493,-13.674801,0.262,-9999999,1.159146,-0.560425,0.479743,-0.462615,0.542752,0.51,900,8.314977,2.786692,2011-04-26T02:21:00.246,-9999999,G2,183.C-0972(A),Udry,-9999999,HARPS_ech_obs_all,HARPS_ech_obs_thosimult,STAR_WAVE_G1,7.48351666781671E-06,3.28617034953923E-07,0,0,0
HD96700,166.977705,-30.17399,2455680.5367093,2.251537,0.83249,12859.782083,0.958102,-4.132699,0.39306,12861.879892,0.306201,-4.135068,0.393161,1.111528,3.773451,1.085361,0.823397,0.403133,0.00029,0.386676,0.000427,0.511183,0.000557,0,6.947491,40.818051,-0.013507,12.7,257.4,2455680.5367,-14.562074,-14.561922,0.546,-9999999,1.160423,0.447235,0.733855,0.937386,0.907855,0.48,450.0003,1.134818,3.760292,2011-04-29T00:43:34.973,-9999999,G2,183.C-0972(A),Udry,-9999999,HARPS_ech_obs_all,HARPS_ech_obs_thosimult,STAR_WAVE_G1,8.77612515381185E-06,3.59955352509637E-07,0,0,0
HD96700,166.977705,-30.17399,2455680.5421218,2.125626,0.844632,12859.727674,0.96503,-4.260318,0.418166,12861.815312,0.327242,-4.280132,0.418308,-0.365749,3.866392,0.338461,0.802365,0.402716,0.000309,0.387675,0.000457,0.512017,0.000596,0,6.947124,40.81655,-0.013841,12.7,240.7,2455680.54211,-14.575771,-14.575647,0.416,-9999999,1.160425,0.445527,0.733853,0.927213,0.907852,0.45,450.0001,-0.34299,3.851484,2011-04-29T00:51:36.134,-9999999,G2,183.C-0972(A),Udry,-9999999,HARPS_ech_obs_all,HARPS_ech_obs_thosimult,STAR_WAVE_G1,6.80399792297505E-06,3.45355424170821E-07,0,0,0
HD96700,166.977705,-30.17399,2455683.5596177,6.455682,0.924923,12864.58706,0.483773,-0.679531,0.35015,12865.191574,0.273465,-0.709369,0.350314,1.383245,3.490444,-5.211227,0.808688,0.403272,0.000257,0.379256,0.000377,0.520914,0.000491,0,6.942974,40.841761,-0.012094,12.7,291.7,2455683.55961,-15.647543,-15.647417,0.19,-9999999,1.16174,-0.303742,0.856082,-0.557226,0.399066,0.5,450.0004,1.397456,3.494141,2011-05-02T01:16:38.442,-9999999,G2,183.C-0972(A),Udry,-9999999,HARPS_ech_obs_all,HARPS_ech_obs_thosimult,STAR_WAVE_G1,8.30297819325583E-06,3.10845940850413E-07,0,0,0
HD96700,166.977705,-30.17399,2455683.5651957,4.400493,0.923137,12863.129383,0.480722,-2.736479,0.345411,12863.723416,0.268038,-2.741557,0.345623,12.547277,3.527533,-3.534375,0.786912,0.403115,0.000255,0.379538,0.000374,0.520296,0.000486,0,6.943726,40.835701,-0.01108,12.7,294.5,2455683.56519,-15.661698,-15.66159,0.391,-9999999,1.161743,-0.305501,0.85608,-0.56771,0.399061,0.5,450.0003,12.554325,3.519605,2011-05-02T01:24:40.402,-9999999,G2,183.C-0972(A),Udry,-9999999,HARPS_ech_obs_all,HARPS_ech_obs_thosimult,STAR_WAVE_G1,7.53161196918254E-06,3.20295908363144E-07,0,0,0
HD96700,166.977705,-30.17399,2455687.6655479,0.637895,0.745901,12857.991809,0.767073,-5.433172,0.484778,12860.435329,0.383016,-5.445451,0.484771,2.379146,4.576163,5.819277,1.106703,0.401663,0.000359,0.380797,0.000531,0.517033,0.000685,0,6.947887,40.78715,-0.010918,12.7,208.4,2455687.66555,-17.18781,-17.187725,-0.445,-9999999,1.16353,0.760404,0.566885,1.27999,0.664605,0.49,450,2.37766,4.552186,2011-05-06T03:49:34.593,-9999999,G2,183.C-0972(A),Udry,-9999999,HARPS_ech_obs_all,HARPS_ech_obs_thosimult,STAR_WAVE_G1,8.03332684552277E-06,5.11323821861047E-07,0,0,0
HD96700,166.977705,-30.17399,2455687.6712246,-0.012152,0.768615,12856.857668,0.781043,-6.08501,0.519048,12859.290521,0.410279,-6.104679,0.519143,-1.933977,4.800727,1.552052,1.113495,0.40118,0.000393,0.37974,0.000578,0.518417,0.000748,0,6.944836,40.797868,-0.012881,12.7,191.1,2455687.67122,-17.198407,-17.198304,-0.193,-9999999,1.163532,0.758613,0.566885,1.269321,0.664604,0.51,450.0001,-1.93359,4.77497,2011-05-06T03:57:36.093,-9999999,G2,183.C-0972(A),Udry,-9999999,HARPS_ech_obs_all,HARPS_ech_obs_thosimult,STAR_WAVE_G1,8.33757118056077E-06,3.35277832200535E-07,0,0,0
HD96700,166.977705,-30.17399,2455690.6611411,3.043755,0.876219,12860.857442,0.949776,-3.399745,0.380339,12862.548945,0.296558,-3.41453,0.380425,-0.414523,3.47834,0.488639,0.672601,0.400654,0.000292,0.380432,0.000425,0.514841,0.000547,0,6.946409,40.820045,-0.012744,12.7,260.7,2455690.66114,-18.088791,-18.088689,-0.291,-9999999,1.164835,0.387971,0.789369,0.526668,0.90229,0.54,900.0001,-0.4043,3.461206,2011-05-09T03:39:03.370,-9999999,G2,183.C-0972(A),Udry,-9999999,HARPS_ech_obs_all,HARPS_ech_obs_thosimult,STAR_WAVE_G1,7.71654999123296E-06,3.21733256619276E-07,0,0,0
HD96700,166.977705,-30.17399,2455694.5008516,-4.196454,0.957503,12853.508844,1.036172,-11.028593,0.428825,12855.096641,0.333142,-11.047426,0.428986,2.404947,4.031167,-6.434902,0.823858,0.403219,0.000316,0.381233,0.000469,0.515966,0.000605,0,6.943993,40.852709,-0.013678,12.7,236.2,2455694.50084,-18.857515,-18.857413,0.1,-9999999,1.166509,-0.000668,0.856108,0.421288,0.981156,0.51,450.0003,2.413084,3.977296,2011-05-12T23:52:51.197,-9999999,G2,183.C-0972(A),Udry,-9999999,HARPS_ech_obs_all,HARPS_ech_obs_thosimult,STAR_WAVE_G1,7.06849094412503E-06,4.02718292985056E-07,0,0,0
HD96700,166.977705,-30.17399,2455694.5119041,-3.135114,0.919505,12855.023764,1.0141,-9.970739,0.335527,12856.590793,0.256403,-9.976308,0.335767,12.86654,3.035873,-7.071231,0.753455,0.403398,0.000245,0.380538,0.000361,0.513208,0.000465,0,6.943684,40.85451,-0.0127,12.7,306,2455694.5119,-18.884759,-18.884643,0.118,-9999999,1.166514,-0.004154,0.856102,0.400515,0.981151,0.5,450.0004,12.878616,2.963921,2011-05-13T00:08:50.695,-9999999,G2,183.C-0972(A),Udry,-9999999,HARPS_ech_obs_all,HARPS_ech_obs_thosimult,STAR_WAVE_G1,6.9558410154338E-06,3.14126668371826E-07,0,0,0
HD96700,166.977705,-30.17399,2455695.5584867,-2.077175,0.835464,12856.347511,0.677173,-8.538327,0.358002,12857.255347,0.278892,-8.539394,0.358239,4.973555,3.380978,-5.441443,0.8304,0.405036,0.000265,0.388599,0.000387,0.514074,0.0005,0,6.945082,40.852401,-0.015328,12.7,285.2,2455695.55848,-19.269746,-19.269661,0.263,-9999999,1.16697,0.370319,0.754874,-0.259134,0.617076,0.51,450.0001,4.982874,3.333734,2011-05-14T01:15:56.672,-9999999,G2,183.C-0972(A),Udry,-9999999,HARPS_ech_obs_all,HARPS_ech_obs_thosimult,STAR_WAVE_G1,7.0236302008268E-06,3.47374441918449E-07,0,0,0
HD96700,166.977705,-30.17399,2455695.5639599,-1.382269,0.831809,12857.42085,0.673632,-7.845147,0.34939,12858.318401,0.270189,-7.869238,0.349708,5.787842,3.249056,-6.196511,0.785543,0.405314,0.000259,0.388402,0.000377,0.514594,0.000487,0,6.943349,40.848957,-0.012105,12.7,293.2,2455695.56396,-19.282893,-19.282802,0.522,-9999999,1.166972,0.368593,0.754872,-0.269421,0.617072,0.49,450.0002,5.794533,3.205722,2011-05-14T01:23:58.592,-9999999,G2,183.C-0972(A),Udry,-9999999,HARPS_ech_obs_all,HARPS_ech_obs_thosimult,STAR_WAVE_G1,7.40495663042124E-06,3.08195757423349E-07,0,0,0
HD96700,166.977705,-30.17399,2455711.5136923,-3.302983,0.820941,12854.335574,0.732337,-11.453714,0.368251,12854.563381,0.285022,-11.502213,0.368461,1.670895,3.301123,-2.408213,0.65415,0.403354,0.000289,0.381006,0.000417,0.513323,0.000537,0,6.946036,40.827794,-0.013586,12.7,265.7,2455711.51368,-22.728828,-22.728786,-0.016,-9999999,1.173923,-1.31926,0.733713,-0.946116,0.674596,0.53,900.0005,1.667183,3.222266,2011-05-30T00:08:55.691,-9999999,G2,183.C-0972(A),Udry,-9999999,HARPS_ech_obs_all,HARPS_ech_obs_thosimult,STAR_WAVE_G1,6.8782440176308E-06,3.10453813914085E-07,0,0,0
HD96700,166.977705,-30.17399,2455715.4761172,2.69929,0.899143,12860.872963,0.927616,-4.030921,0.454325,12862.209372,0.299825,-4.038189,0.4545,14.381536,3.909093,-4.207733,1.041208,0.404036,0.000288,0.38913,0.000424,0.517171,0.000548,0,6.945162,40.828366,-0.012823,12.7,260.3,2455715.47611,-23.283486,-23.283457,0,-9999999,1.17565,0.10126,0.775917,0.160759,0.877825,0.52,400.0004,14.384082,3.890682,2011-06-02T23:19:44.428,-9999999,G2,183.C-0972(A),Udry,-9999999,HARPS_ech_obs_all,HARPS_ech_obs_thosimult,STAR_WAVE_G1,7.36730169476319E-06,2.97095819806608E-07,0,0,0
HD96700,166.977705,-30.17399,2455715.4810708,3.070575,0.895211,12861.395028,0.925847,-3.661198,0.446498,12862.722129,0.294316,-3.665878,0.446817,7.515425,4.548496,-4.220321,0.914149,0.403544,0.000281,0.389467,0.000412,0.517235,0.000533,0,6.945289,40.824006,-0.013234,12.7,268.1,2455715.48107,-23.295096,-23.295062,0,-9999999,1.175652,0.099698,0.775914,0.151449,0.877822,0.51,400.0004,7.518127,4.5345,2011-06-02T23:26:56.454,-9999999,G2,183.C-0972(A),Udry,-9999999,HARPS_ech_obs_all,HARPS_ech_obs_thosimult,STAR_WAVE_G1,7.27452515481116E-06,3.70366772623808E-07,0,0,0
HD96700,166.977705,-30.17399,2455727.4722967,-4.998477,0.78558,2160336.032186,1.017152,-11.809819,0.420219,2160338.27833,0.268136,-11.847874,0.4205,3.421144,4.818968,-3.923098,0.778381,0.402625,0.000256,0.380096,0.000373,0.507595,0.000484,0,6.943013,40.827898,-0.012867,12.7,295.9,2455727.4723,-24.52221,-24.522211,-9999999,-9999999,1.180878,0.020129,0.663741,1.065266,0.981173,0.5,450.0003,3.442906,4.76004,2011-06-14T23:15:20.070,-9999999,G2,183.C-0972(A),Udry,-9999999,HARPS_ech_obs_all,HARPS_ech_obs_thosimult,STAR_WAVE_G1,7.74008190785658E-06,3.16558713771304E-07,0,0,0
HD96700,166.977705,-30.17399,2455727.4779247,-5.144718,0.788795,2160335.72612,1.018745,-11.957836,0.426205,2160337.96169,0.27413,-11.982156,0.426428,0.863366,5.04266,-2.887603,0.850308,0.406497,0.000259,0.379797,0.000378,0.507512,0.000491,0,6.945888,40.82394,-0.012046,12.7,291.4,2455727.47792,-24.534507,-24.534492,-9999999,-9999999,1.180881,0.018353,0.663737,1.054689,0.98117,0.51,450.0001,0.889663,4.987806,2011-06-14T23:23:21.869,-9999999,G2,183.C-0972(A),Udry,-9999999,HARPS_ech_obs_all,HARPS_ech_obs_thosimult,STAR_WAVE_G1,7.83277769080347E-06,3.09154078444677E-07,0,0,0
HD96700,166.977705,-30.17399,2455728.4810204,-4.139014,0.789208,12853.829059,0.770037,-9.536088,0.323231,12856.142637,0.247089,-9.541794,0.323416,2.05616,3.703899,0.029631,0.757136,0.406097,0.000228,0.380652,0.000337,0.504094,0.000435,0,6.94726,40.816944,-0.012713,12.7,327.8,2455728.48101,-24.601576,-24.601566,-0.386,-9999999,1.181318,1.434397,0.71998,1.13226,0.729317,0.49,900.0001,2.076409,3.647344,2011-06-15T23:24:24.909,-9999999,G2,183.C-0972(A),Udry,-9999999,HARPS_ech_obs_all,HARPS_ech_obs_thosimult,STAR_WAVE_G1,7.79503261972937E-06,3.1221199884838E-07,0,0,0
HD96700,166.977705,-30.17399,2455735.4773358,-4.659398,0.905472,12852.634094,0.996033,-11.065745,0.560107,12854.78322,0.440522,-11.099596,0.560121,12.127757,4.869107,6.189544,1.299745,0.403436,0.000427,0.387707,0.000629,0.51859,0.000818,0,6.94902,40.802533,-0.01338,12.7,175.1,2455735.47733,-24.835084,-24.835101,0.362,-9999999,1.184367,0.425124,0.711449,0.964759,0.893321,0.49,900.0002,12.147799,4.826467,2011-06-22T23:19:56.199,-9999999,G2,183.C-0972(A),Udry,-9999999,HARPS_ech_obs_all,HARPS_ech_obs_thosimult,STAR_WAVE_G1,8.30853924111548E-06,4.44503354407997E-07,0,0,0
HD96700,166.977705,-30.17399,2455886.8642472,0.257837,0.762105,12857.597802,0.679358,-5.538733,0.443354,12859.581299,0.344865,-5.510259,0.443324,-3.158655,5.017415,9.072478,0.92587,0.405989,0.000315,0.385299,0.000465,0.522748,0.000605,0,6.951352,40.804241,-0.013463,12.7,234.1,2455886.86424,21.725428,21.725329,0.031,-9999999,1.250343,1.034901,0.619872,0.733154,0.585316,0.5,900.0051,-3.157329,5.000133,2011-11-21T08:40:45.268,-9999999,G2,183.C-0972(A),Udry,-9999999,HARPS_ech_obs_all,HARPS_ech_obs_thosimult,STAR_WAVE_G1,7.79429524870975E-06,3.58937424697937E-07,0,0,0
HD96700,166.977705,-30.17399,2455892.8323451,1.710818,0.540271,12859.003699,0.539815,-5.339951,0.339096,12859.721398,0.255418,-5.370953,0.339048,-6.651278,4.13362,5.383377,0.781374,0.406816,0.000231,0.377838,0.00034,0.521912,0.000441,0,6.951351,40.824711,-0.013165,12.7,320.4,2455892.83234,23.075689,23.075649,0.267,-9999999,1.252944,-0.219298,0.420603,-0.535245,0.475565,0.49,900.0051,-6.623971,4.115285,2011-11-27T07:54:19.813,-9999999,G2,183.C-0972(A),Udry,-9999999,HARPS_ech_obs_all,HARPS_ech_obs_thosimult,STAR_WAVE_G1,6.97225752840618E-06,2.9221108470789E-07,0,0,0
HD96700,166.977705,-30.17399,2455897.825532,-1.324732,0.671834,12855.35405,0.727209,-6.744545,0.429189,12858.393908,0.332893,-6.731193,0.429131,-2.408863,4.860057,5.986341,0.97897,0.406671,0.000304,0.386048,0.000448,0.526688,0.000585,0,6.948713,40.81838,-0.012758,12.7,243.5,2455897.82552,23.972857,23.97281,0.018,-9999999,1.25512,1.411658,0.516874,1.784738,0.646541,0.48,900.0057,-2.39173,4.835545,2011-12-02T07:44:06.676,-9999999,G2,183.C-0972(A),Udry,-9999999,HARPS_ech_obs_all,HARPS_ech_obs_thosimult,STAR_WAVE_G1,6.38393735085054E-06,4.43669420514184E-07,0,0,0
HD96700,166.977705,-30.17399,2455902.8331297,5.520184,0.465895,12862.99716,0.483926,-1.638341,0.315275,12863.45638,0.233583,-1.624662,0.315224,-12.600574,4.328962,5.976967,0.726353,0.407004,0.00021,0.377197,0.000309,0.526572,0.000404,0,6.953401,40.808474,-0.014251,12.7,352.7,2455902.83313,24.664365,24.664323,0.165,-9999999,1.257302,-0.327054,0.343016,-0.798082,0.42382,0.51,900.0057,-12.587975,4.328536,2011-12-07T07:54:01.366,-9999999,G2,183.C-0972(A),Udry,-9999999,HARPS_ech_obs_all,HARPS_ech_obs_thosimult,STAR_WAVE_G1,7.60866704691091E-06,2.53182438765996E-07,0,0,0
HD96700,166.977705,-30.17399,2455924.8491309,0.520707,0.921097,12857.972192,0.953863,-6.027232,0.339907,12858.862752,0.257355,-6.007909,0.33997,-3.518077,4.031281,2.138712,0.78853,0.407138,0.000237,0.380139,0.000347,0.523857,0.00045,0,6.948217,40.833652,-0.014936,12.7,315.3,2455924.84912,25.475913,25.475938,0.218,-9999999,1.266897,0.283532,0.856085,-0.376337,0.918489,0.5,800.0051,-3.501686,4.005533,2011-12-29T08:15:22.826,-9999999,G2,183.C-0972(A),Udry,-9999999,HARPS_ech_obs_all,HARPS_ech_obs_thosimult,STAR_WAVE_G1,6.3766222748175E-06,3.25520378995583E-07,0,0,0
HD96700,166.977705,-30.17399,2455926.8513222,0.544101,0.757833,12856.419539,0.734589,-5.505144,0.533068,12859.260951,0.420643,-5.483025,0.53311,-7.965214,4.969292,2.17603,1.103014,0.40784,0.000395,0.379291,0.000576,0.523612,0.000745,0,6.948876,40.832364,-0.014751,12.7,190.6,2455926.85132,25.351393,25.351409,-0.16,-9999999,1.267769,0.782226,0.538656,1.573643,0.602229,0.5,350.0057,-7.946421,4.950821,2011-12-31T08:22:02.538,-9999999,G2,183.C-0972(A),Udry,-9999999,HARPS_ech_obs_all,HARPS_ech_obs_thosimult,STAR_WAVE_G1,7.40768170727993E-06,4.56049551973011E-07,0,0,0
HD96700,166.977705,-30.17399,2455926.8557455,1.738599,0.742645,12857.546457,0.723273,-4.312042,0.511242,12860.379557,0.400549,-4.297814,0.511254,-5.047053,4.80018,3.774198,1.101548,0.407228,0.000374,0.379481,0.000546,0.523542,0.000707,0,6.950449,40.817501,-0.012963,12.7,200.9,2455926.85574,25.341532,25.341552,-0.054,-9999999,1.267771,0.78083,0.538658,1.565329,0.602232,0.5,350.0056,-5.02878,4.786502,2011-12-31T08:28:24.680,-9999999,G2,183.C-0972(A),Udry,-9999999,HARPS_ech_obs_all,HARPS_ech_obs_thosimult,STAR_WAVE_G1,5.89430414783121E-06,5.33416617548795E-07,0,0,0
HD96700,166.977705,-30.17399,2455928.8466794,-3.965439,0.574221,12852.672788,0.733406,-9.468339,0.418073,12855.424843,0.321332,-9.454347,0.417964,-4.293269,4.510746,4.862175,0.809963,0.405448,0.000298,0.376437,0.000436,0.519653,0.000572,0,6.952937,40.81077,-0.015247,12.7,251.5,2455928.84667,25.210615,25.210649,0.082,-9999999,1.268639,1.328571,0.39363,1.483416,0.659265,0.53,900.0003,-4.282891,4.471577,2012-01-02T08:10:04.908,-9999999,G2,183.C-0972(A),Udry,-9999999,HARPS_ech_obs_all,HARPS_ech_obs_thosimult,STAR_WAVE_G1,7.10472352639108E-06,4.1828305634291E-07,0,0,0
HD96700,166.977705,-30.17399,2455929.8453762,-3.374726,0.744908,12853.763995,0.893054,-11.247239,0.282003,12853.841507,0.196361,-11.218738,0.281817,-2.92953,3.310912,4.719718,0.700349,0.405656,0.000184,0.375042,0.000265,0.520761,0.00035,128,6.953366,40.836194,-0.014088,12.7,412.1,2455929.84538,25.126474,25.126496,-0.086,-9999999,1.269074,-1.041042,0.689465,-1.191562,0.871199,0.5,899.9998,-2.907352,3.237071,2012-01-03T08:08:32.085,-9999999,G2,183.C-0972(A),Udry,-9999999,HARPS_ech_obs_all,HARPS_ech_obs_thosimult,STAR_WAVE_G1,7.15928885343035E-06,3.0106586167165E-07,0,0,0
HD96700,166.977705,-30.17399,2455942.8751648,0.807492,0.902793,12858.13282,1.004546,-5.816983,0.286592,12859.404645,0.215568,-5.805194,0.286514,2.590079,3.811484,0.069194,0.61456,0.407094,0.000218,0.38636,0.000304,0.524037,0.000396,0,6.949571,40.843878,-0.012671,12.7,360.3,2455942.87516,23.262996,23.263064,-0.404,-9999999,1.274753,0.206996,0.856096,-0.002928,0.981144,0.49,900.0058,2.59289,3.781143,2012-01-16T08:50:03.584,-9999999,G2,183.C-0972(A),Udry,-9999999,HARPS_ech_obs_all,HARPS_ech_obs_thosimult,STAR_WAVE_G1,7.08205670414418E-06,2.60817391790991E-07,0,0,0
HD96700,166.977705,-30.17399,2455950.8557249,-0.109006,0.900712,12857.370207,1.003694,-7.063193,0.279993,12858.103629,0.211602,-7.037333,0.280004,5.055377,3.491679,-0.786481,0.617806,0.401971,0.000207,0.385519,0.000291,0.521985,0.000379,0,6.949196,40.856374,-0.013799,12.7,375,2455950.85572,21.589147,21.58922,-0.438,-9999999,1.278231,-0.122716,0.856088,-0.544809,0.981135,0.5,900.0052,5.062687,3.4501,2012-01-24T08:21:03.144,-9999999,G2,183.C-0972(A),Udry,-9999999,HARPS_ech_obs_all,HARPS_ech_obs_thosimult,STAR_WAVE_G1,6.76622546386222E-06,2.87908371143864E-07,0,0,0
HD96700,166.977705,-30.17399,2455954.8386176,-6.540574,0.915838,12851.669961,1.01303,-13.966179,0.325399,12851.909361,0.252224,-13.968377,0.325357,1.49333,3.882157,-1.651953,0.756325,0.407438,0.00027,0.368483,0.00037,0.5265,0.00049,0,6.94794,40.852445,-0.01242,12.7,293,2455954.83861,20.598581,20.598684,-0.103,-9999999,1.279966,-0.594134,0.856082,-1.040566,0.981128,0.5,900.0058,1.49492,3.796381,2012-01-28T07:56:00.768,-9999999,G2,183.C-0972(A),Udry,-9999999,HARPS_ech_obs_all,HARPS_ech_obs_thosimult,STAR_WAVE_G1,7.23832739301505E-06,2.55154902390277E-07,0,0,0
HD96700,166.977705,-30.17399,2455996.7616708,2.092945,0.78526,12859.767322,0.835988,-5.342359,0.536396,12860.335802,0.43044,-5.378866,0.536499,9.857281,4.518464,0.16992,1.260339,0.406832,0.000419,0.376963,0.000603,0.529124,0.000792,0,6.949076,40.840244,-0.012676,12.7,183,2455996.76166,5.287626,5.287782,0.436,-9999999,1.298237,-0.603833,0.573509,-0.729757,0.716657,0.53,449.9998,9.84062,4.501501,2012-03-10T06:05:59.486,-9999999,G2,183.C-0972(A),Udry,-9999999,HARPS_ech_obs_all,HARPS_ech_obs_thosimult,STAR_WAVE_G1,7.44624001154315E-06,3.9640543101136E-07,0,0,0
HD96700,166.977705,-30.17399,2455996.7672451,1.509097,0.784203,12859.039421,0.835512,-5.927966,0.534847,12859.597426,0.429513,-5.929577,0.53497,1.874139,5.26428,0.575548,1.452643,0.405997,0.000423,0.377527,0.000606,0.525694,0.000793,0,6.948857,40.842467,-0.012329,12.7,182,2455996.76724,5.273989,5.27414,0.494,-9999999,1.298239,-0.605592,0.57351,-0.740234,0.716658,0.53,449.9996,1.859352,5.246821,2012-03-10T06:14:01.093,-9999999,G2,183.C-0972(A),Udry,-9999999,HARPS_ech_obs_all,HARPS_ech_obs_thosimult,STAR_WAVE_G1,8.40187395704048E-06,6.05748874307704E-07,0,0,0
HD96700,166.977705,-30.17399,2455998.6441069,-0.060881,0.894672,12859.403471,1.048205,-5.849849,0.464563,12860.283265,0.369005,-5.846907,0.464688,8.085224,4.594241,-0.528581,1.015863,0.406042,0.000343,0.385282,0.000503,0.513823,0.000658,0,6.945365,40.84294,-0.011872,12.7,217.7,2455998.6441,4.725521,4.72568,-0.394,-9999999,1.299057,1.042503,0.764604,-0.419263,0.981106,0.51,449.9996,8.087081,4.569678,2012-03-12T03:16:48.239,-9999999,G2,183.C-0972(A),Udry,-9999999,HARPS_ech_obs_all,HARPS_ech_obs_thosimult,STAR_WAVE_G1,7.17308239144591E-06,3.03282654669976E-07,0,0,0
HD96700,166.977705,-30.17399,2455998.6496859,1.70139,0.902284,12861.314741,1.05227,-4.089338,0.47906,12862.184052,0.380402,-4.079893,0.479084,11.429663,4.190078,0.320831,1.096592,0.404946,0.000352,0.387058,0.000519,0.523823,0.000676,0,6.946701,40.840475,-0.013451,12.7,211.8,2455998.64968,4.711302,4.711469,-0.52,-9999999,1.29906,1.040743,0.764603,-0.429749,0.981105,0.51,450.0053,11.433278,4.173306,2012-03-12T03:24:50.255,-9999999,G2,183.C-0972(A),Udry,-9999999,HARPS_ech_obs_all,HARPS_ech_obs_thosimult,STAR_WAVE_G1,6.8858064041888E-06,4.12249991095751E-07,0,0,0
HD96700,166.977705,-30.17399,2456000.6361512,2.597537,0.849568,12860.458201,0.924598,-3.569057,0.382667,12862.713529,0.299937,-3.571896,0.382616,3.897036,3.184008,0.368172,0.79222,0.404706,0.000279,0.386644,0.000411,0.522336,0.000535,0,6.944947,40.834194,-0.012809,12.7,266.9,2456000.63614,3.873385,3.873561,-0.118,-9999999,1.299925,0.664877,0.758506,0.955403,0.874596,0.52,899.9937,3.914081,3.167931,2012-03-14T03:01:19.960,-9999999,G2,183.C-0972(A),Udry,-9999999,HARPS_ech_obs_all,HARPS_ech_obs_thosimult,STAR_WAVE_G1,7.55013263207051E-06,4.02628929895919E-07,0,0,0
HD96700,166.977705,-30.17399,2456003.6577006,-0.529691,0.784671,12858.433126,1.019169,-6.249601,0.354513,12859.312194,0.275933,-6.241037,0.354527,-2.407611,3.760485,4.334763,0.787798,0.405332,0.000253,0.386826,0.000374,0.513366,0.000487,0,6.94961,40.815359,-0.013408,12.7,294,2456003.6577,2.498623,2.498774,0.482,-9999999,1.301242,1.111561,0.700021,-0.422174,0.981104,0.5,899.994,-2.394667,3.734371,2012-03-17T03:32:37.126,-9999999,G2,183.C-0972(A),Udry,-9999999,HARPS_ech_obs_all,HARPS_ech_obs_thosimult,STAR_WAVE_G1,7.61921540296204E-06,3.20686089201918E-07,0,0,0
HD96700,166.977705,-30.17399,2456007.630151,4.472831,0.955953,12863.046297,1.057408,-1.83024,0.494892,12864.086309,0.394382,-1.832461,0.495013,-3.803993,4.837389,2.222504,1.110479,0.405782,0.000363,0.386705,0.000534,0.52047,0.000693,0,6.949493,40.817359,-0.01254,12.7,205.9,2456007.63015,0.800159,0.800306,0.423,-9999999,1.302974,0.5284,0.81788,-0.262962,0.981108,0.51,280.0053,-3.823407,4.836276,2012-03-21T02:58:02.215,-9999999,G2,183.C-0972(A),Udry,-9999999,HARPS_ech_obs_all,HARPS_ech_obs_thosimult,STAR_WAVE_G1,6.26733174685525E-06,4.37722377963453E-07,0,0,0
HD96700,166.977705,-30.17399,2456007.6337299,4.167798,0.946409,12862.40027,1.051514,-2.136402,0.476196,12863.433557,0.378298,-2.146821,0.476318,3.410123,4.223871,4.150328,0.909318,0.406136,0.000349,0.387084,0.000511,0.520138,0.000663,0,6.950342,40.816812,-0.012277,12.7,215,2456007.63373,0.790886,0.791035,-0.065,-9999999,1.302975,0.527271,0.81788,-0.269688,0.981108,0.5,279.9997,3.3911,4.218572,2012-03-21T03:03:14.232,-9999999,G2,183.C-0972(A),Udry,-9999999,HARPS_ech_obs_all,HARPS_ech_obs_thosimult,STAR_WAVE_G1,8.25945018759107E-06,3.47453523176218E-07,0,0,0
HD96700,166.977705,-30.17399,2456007.637345,3.132183,0.937102,12861.125467,1.046085,-3.173157,0.45742,12862.151961,0.362936,-3.173941,0.457475,-2.293876,4.724046,2.442835,0.949851,0.405796,0.000337,0.386102,0.000492,0.521606,0.00064,0,6.95053,40.82078,-0.012385,12.7,223,2456007.63734,0.78148,0.781661,0.272,-9999999,1.302977,0.526131,0.817879,-0.276483,0.981107,0.5,279.9997,-2.302644,4.71553,2012-03-21T03:08:26.580,-9999999,G2,183.C-0972(A),Udry,-9999999,HARPS_ech_obs_all,HARPS_ech_obs_thosimult,STAR_WAVE_G1,6.94907943236676E-06,3.93036863913466E-07,0,0,0
HD96700,166.977705,-30.17399,2456011.6755919,1.553595,0.713579,12858.774309,0.741097,-6.558107,0.418831,12858.857287,0.336609,-6.55367,0.41895,1.382611,4.193588,-1.59236,1.034071,0.406283,0.000352,0.375436,0.00049,0.518079,0.000638,0,6.948069,40.84292,-0.013136,12.7,224.9,2456011.67559,-1.089387,-1.08923,-0.047,-9999999,1.304737,-1.280231,0.577734,-1.221759,0.660242,0.49,419.9939,1.366385,4.16167,2012-03-25T04:02:25.512,-9999999,G2,183.C-0972(A),Udry,-9999999,HARPS_ech_obs_all,HARPS_ech_obs_thosimult,STAR_WAVE_G1,7.15203217172019E-06,3.37536771773964E-07,0,0,0
HD96700,166.977705,-30.17399,2456011.6809226,-0.014404,0.714725,12857.861549,0.741799,-8.127788,0.42078,12857.93451,0.338153,-8.130358,0.420911,10.18269,4.773809,-3.481791,0.951601,0.406473,0.000354,0.375628,0.000493,0.517385,0.00064,0,6.94487,40.851226,-0.011023,12.7,224,2456011.68091,-1.10339,-1.103209,-0.142,-9999999,1.304739,-1.281913,0.577733,-1.231778,0.660241,0.51,419.9998,10.161687,4.735337,2012-03-25T04:09:57.687,-9999999,G2,183.C-0972(A),Udry,-9999999,HARPS_ech_obs_all,HARPS_ech_obs_thosimult,STAR_WAVE_G1,7.46711267304687E-06,4.26704448515309E-07,0,0,0
HD96700,166.977705,-30.17399,2456020.6680742,-1.319335,0.689172,12857.720828,0.869564,-7.400705,0.356382,12858.543402,0.281195,-7.412245,0.356445,6.793497,3.397465,-0.949901,0.695366,0.404894,0.000271,0.384195,0.000389,0.516852,0.000505,0,6.947893,40.838913,-0.013387,12.7,282.5,2456020.66807,-4.980488,-4.980331,-0.556,-9999999,1.308656,0.750101,0.589872,-0.486082,0.822844,0.5,899.9995,6.801773,3.350858,2012-04-03T03:47:39.521,-9999999,G2,183.C-0972(A),Udry,-9999999,HARPS_ech_obs_all,HARPS_ech_obs_thosimult,STAR_WAVE_G1,6.37096275848036E-06,3.26352469430461E-07,0,0,0
HD96700,166.977705,-30.17399,2456022.6923977,2.389553,0.637559,12860.490734,0.684365,-4.66829,0.443556,12861.502208,0.355188,-4.735625,0.443757,2.350309,4.686086,-0.222482,1.105853,0.404182,0.00036,0.377779,0.000513,0.509598,0.000667,0,6.947854,40.832069,-0.013181,12.7,214.8,2456022.6924,-5.888411,-5.88826,-0.215,-9999999,1.309538,-0.226372,0.457974,-0.298064,0.584977,0.49,899.9938,2.342086,4.66689,2012-04-05T04:22:53.180,-9999999,G2,183.C-0972(A),Udry,-9999999,HARPS_ech_obs_all,HARPS_ech_obs_thosimult,STAR_WAVE_G1,7.24739712841525E-06,3.43012237754395E-07,0,0,0
HD96700,166.977705,-30.17399,2456024.6738179,1.459003,0.914481,12859.592116,1.012402,-5.180689,0.321622,12860.80575,0.249792,-5.189249,0.32174,1.118724,3.428426,0.88994,0.694552,0.404788,0.000233,0.377921,0.000338,0.509341,0.000439,0,6.951957,40.835312,-0.014379,12.7,325.2,2456024.67381,-6.680198,-6.680055,0.121,-9999999,1.310401,0.191779,0.856058,-0.096767,0.981103,0.49,899.994,1.106688,3.40072,2012-04-07T03:56:11.403,-9999999,G2,183.C-0972(A),Udry,-9999999,HARPS_ech_obs_all,HARPS_ech_obs_thosimult,STAR_WAVE_G1,7.45874544652352E-06,3.19071921239127E-07,0,0,0
HD96700,166.977705,-30.17399,2456026.6391044,-2.47318,0.683464,12855.38034,0.729821,-9.786485,0.295148,12856.173867,0.226763,-9.791694,0.29534,2.361649,3.524433,-3.619504,0.666055,0.403808,0.000231,0.373915,0.000324,0.517443,0.000423,0,6.948944,40.859644,-0.013791,12.7,339,2456026.6391,-7.421749,-7.421596,0.334,-9999999,1.311258,-0.481834,0.61645,-0.517731,0.693699,0.51,899.9939,2.351007,3.462345,2012-04-09T03:05:58.109,-9999999,G2,183.C-0972(A),Udry,-9999999,HARPS_ech_obs_all,HARPS_ech_obs_thosimult,STAR_WAVE_G1,7.81964243186612E-06,2.52466311174009E-07,0,0,0
HD96700,166.977705,-30.17399,2456028.7340917,-2.613934,0.911183,12855.056054,1.025792,-9.87654,0.383842,12856.158062,0.299477,-9.880076,0.383914,-0.560443,4.173499,0.365378,0.751022,0.401809,0.000283,0.37199,0.000411,0.515777,0.000535,0,6.949206,40.836063,-0.011455,12.7,267.5,2456028.73408,-8.466511,-8.466345,-0.314,-9999999,1.312171,-0.431135,0.826389,-0.210163,0.981103,0.51,899.9939,-0.56359,4.124348,2012-04-11T05:22:49.714,-9999999,G2,183.C-0972(A),Udry,-9999999,HARPS_ech_obs_all,HARPS_ech_obs_thosimult,STAR_WAVE_G1,7.02492067897285E-06,2.95349641535393E-07,0,0,0
HD96700,166.977705,-30.17399,2456031.6924948,2.954204,1.00101,12860.004931,1.087811,-3.827063,0.592543,12860.944867,0.469865,-3.851435,0.592707,-3.863445,5.941109,1.541784,1.542606,0.402274,0.000449,0.382293,0.000657,0.517711,0.000855,0,6.94757,40.817904,-0.012051,12.7,167.5,2456031.69249,-9.592102,-9.591946,-0.308,-9999999,1.31346,0.050204,0.806792,-0.373524,0.981102,0.55,899.994,-3.875498,5.930267,2012-04-14T04:22:27.257,-9999999,G2,183.C-0972(A),Udry,-9999999,HARPS_ech_obs_all,HARPS_ech_obs_thosimult,STAR_WAVE_G1,7.17943578127616E-06,4.71515054804034E-07,0,0,0
HD96700,166.977705,-30.17399,2456052.6087697,-2.712699,0.791195,12855.714796,0.83324,-9.087497,0.462357,12856.926204,0.368512,-9.05547,0.462531,1.041303,5.227093,0.643996,1.023628,0.401534,0.000376,0.387864,0.000537,0.517366,0.000695,0,6.94406,40.816847,-0.010215,12.7,206.7,2456052.60876,-16.97304,-16.972898,-0.062,-9999999,1.322576,0.456673,0.642041,-0.111168,0.74732,0.49,449.9996,1.051014,5.192127,2012-05-05T02:27:47.967,-9999999,G2,183.C-0972(A),Udry,-9999999,HARPS_ech_obs_all,HARPS_ech_obs_thosimult,STAR_WAVE_G1,8.24615618865592E-06,4.68108255265839E-07,0,0,0
HD96700,166.977705,-30.17399,2456052.6144033,-3.675261,0.789354,12854.77703,0.832997,-10.051836,0.459201,12855.977851,0.367966,-10.099962,0.459291,-2.92207,4.908575,1.276632,1.082177,0.401851,0.000377,0.388802,0.000538,0.518555,0.000697,0,6.94604,40.818126,-0.012858,12.7,206.3,2456052.6144,-16.986108,-16.985964,-0.114,-9999999,1.322578,0.454896,0.642039,-0.121757,0.747319,0.5,449.9994,-2.919747,4.864761,2012-05-05T02:35:50.234,-9999999,G2,183.C-0972(A),Udry,-9999999,HARPS_ech_obs_all,HARPS_ech_obs_thosimult,STAR_WAVE_G1,8.66942348543374E-06,3.47913576211826E-07,0,0,0
HD96700,166.977705,-30.17399,2456053.6250306,-1.68047,0.715906,12856.966238,0.697932,-8.266931,0.375285,12858.094844,0.295387,-8.280271,0.375507,-6.267382,4.080938,-0.148686,0.86382,0.401449,0.0003,0.380924,0.000425,0.517812,0.00055,0,6.945036,40.818974,-0.013056,12.7,261,2456053.62503,-17.318994,-17.318856,-0.022,-9999999,1.323019,0.24501,0.609657,-0.194413,0.632342,0.5,449.9938,-6.269741,4.037775,2012-05-06T02:51:13.386,-9999999,G2,183.C-0972(A),Udry,-9999999,HARPS_ech_obs_all,HARPS_ech_obs_thosimult,STAR_WAVE_G1,7.33328975070567E-06,4.58618584697117E-07,0,0,0
HD96700,166.977705,-30.17399,2456053.6306068,-0.490249,0.710055,12857.730697,0.69419,-7.078469,0.364002,12858.848825,0.286436,-7.106472,0.364184,-3.677052,3.848213,-0.96258,0.820327,0.401335,0.000288,0.380023,0.000409,0.51816,0.00053,0,6.945751,40.817635,-0.01327,12.7,271.2,2456053.6306,-17.331212,-17.331094,-0.03,-9999999,1.323021,0.243251,0.609656,-0.204893,0.63234,0.5,449.9995,-3.683208,3.80791,2012-05-06T02:59:15.192,-9999999,G2,183.C-0972(A),Udry,-9999999,HARPS_ech_obs_all,HARPS_ech_obs_thosimult,STAR_WAVE_G1,8.4053542879336E-06,2.80827654036199E-07,0,0,0
HD96700,166.977705,-30.17399,2456054.6772248,1.905029,0.987126,12859.935687,1.056288,-4.572488,0.491512,12861.60595,0.391385,-4.585416,0.491628,-1.399584,5.340291,2.804543,1.065249,0.403479,0.000384,0.388131,0.000556,0.519037,0.000722,0,6.947619,40.806739,-0.011861,12.7,198.9,2456054.67722,-17.725698,-17.725576,0.502,-9999999,1.323477,0.353954,0.856057,0.346786,0.981102,0.45,899.9939,-1.40394,5.328477,2012-05-07T04:03:28.216,-9999999,G2,183.C-0972(A),Udry,-9999999,HARPS_ech_obs_all,HARPS_ech_obs_thosimult,STAR_WAVE_G1,8.24385983732323E-06,4.45690692345512E-07,0,0,0
HD96700,166.977705,-30.17399,2456055.6233872,2.298065,0.682549,12859.583179,0.897143,-4.56152,0.317866,12861.647934,0.24581,-4.567432,0.31801,-11.252991,3.994343,2.807464,0.682536,0.402216,0.00025,0.380563,0.000353,0.516929,0.000457,0,6.949445,40.814578,-0.012357,12.7,314,2456055.62338,-17.919037,-17.918911,0.062,-9999999,1.323889,-0.028114,0.604015,0.740866,0.862811,0.51,899.9941,-11.246143,3.973612,2012-05-08T02:45:07.437,-9999999,G2,183.C-0972(A),Udry,-9999999,HARPS_ech_obs_all,HARPS_ech_obs_thosimult,STAR_WAVE_G1,7.56600727925338E-06,2.54040716316903E-07,0,0,0
HD96700,166.977705,-30.17399,2456055.6332456,2.453719,0.708178,12859.484115,0.911022,-4.408976,0.36971,12861.530346,0.292441,-4.420499,0.36982,-13.381822,3.969443,4.668456,0.732139,0.402571,0.000293,0.38119,0.000417,0.516923,0.000538,0,6.949315,40.798349,-0.01174,12.7,266.5,2456055.63324,-17.940101,-17.939972,-0.186,-9999999,1.323894,-0.031224,0.604012,0.722337,0.862809,0.42,899.9937,-13.383429,3.948343,2012-05-08T03:00:40.259,-9999999,G2,183.C-0972(A),Udry,-9999999,HARPS_ech_obs_all,HARPS_ech_obs_thosimult,STAR_WAVE_G1,6.92497420500697E-06,3.57350354948639E-07,0,0,0
HD96700,166.977705,-30.17399,2456056.6043446,2.034781,0.67964,12859.846694,0.690123,-4.894797,0.480342,12861.350223,0.382581,-4.914329,0.480514,-1.393877,4.596877,2.284974,0.933098,0.403017,0.000377,0.380357,0.000543,0.517432,0.000703,0,6.94914,40.810655,-0.013506,12.7,203.7,2456056.60434,-18.171757,-18.17163,-0.179,-9999999,1.324317,-0.098107,0.480814,0.179212,0.57437,0.49,449.9939,-1.384262,4.58057,2012-05-09T02:21:45.711,-9999999,G2,183.C-0972(A),Udry,-9999999,HARPS_ech_obs_all,HARPS_ech_obs_thosimult,STAR_WAVE_G1,7.26297152333127E-06,4.24323658975363E-07,0,0,0
HD96700,166.977705,-30.17399,2456056.6100276,1.463642,0.676365,12858.621474,0.688812,-5.467728,0.475699,12860.114324,0.380216,-5.485973,0.475797,0.581196,5.668086,1.082858,0.976093,0.402791,0.000374,0.379606,0.000539,0.518036,0.000699,0,6.946306,40.818026,-0.015776,12.7,205,2456056.61002,-18.184603,-18.18449,-0.091,-9999999,1.324319,-0.099899,0.480812,0.168531,0.574368,0.51,449.9939,0.581699,5.650335,2012-05-09T02:29:47.758,-9999999,G2,183.C-0972(A),Udry,-9999999,HARPS_ech_obs_all,HARPS_ech_obs_thosimult,STAR_WAVE_G1,8.6187768677626E-06,4.12562995343523E-07,0,0,0
HD96700,166.977705,-30.17399,2456078.486102,-0.365351,0.90832,12857.882676,1.007916,-6.920995,0.303498,12859.856254,0.230675,-6.934571,0.303713,6.525778,3.494117,-3.093788,0.613947,0.402856,0.000221,0.381377,0.000322,0.50077,0.000413,0,6.947533,40.846344,-0.013045,12.7,344.4,2456078.48609,-22.950763,-22.95068,0.38,-9999999,1.333853,0.275827,0.856116,0.639725,0.981165,0.51,899.9999,6.529036,3.455264,2012-05-30T23:29:41.723,-9999999,G2,183.C-0972(A),Udry,-9999999,HARPS_ech_obs_all,HARPS_ech_obs_thosimult,STAR_WAVE_G1,6.95713979452977E-06,2.88946069948216E-07,0,0,0
HD96700,166.977705,-30.17399,2456081.5303342,0.212529,0.729532,12857.193018,0.891443,-7.078504,0.324006,12858.784231,0.250282,-7.106797,0.324151,-0.21954,3.718621,-5.67781,0.644059,0.401925,0.000255,0.38161,0.000365,0.510283,0.000468,0,6.944614,40.859734,-0.016158,12.7,304.6,2456081.53033,-23.496959,-23.496897,0.251,-9999999,1.33518,-0.459562,0.653633,0.256033,0.855587,0.49,899.9943,-0.201371,3.681546,2012-06-03T00:34:01.688,-9999999,G2,183.C-0972(A),Udry,-9999999,HARPS_ech_obs_all,HARPS_ech_obs_thosimult,STAR_WAVE_G1,6.75762799362429E-06,2.66566530747473E-07,0,0,0
HD96700,166.977705,-30.17399,2456084.5029872,-5.221678,0.94167,12852.878897,0.907563,-12.003029,0.392204,12854.37516,0.311457,-12.024613,0.392348,1.332759,4.233894,-0.183532,0.88848,0.403384,0.000304,0.387916,0.000441,0.506979,0.000573,0,6.94916,40.829306,-0.01347,12.7,249.9,2456084.50299,-23.827111,-23.827071,0.32,-9999999,1.336475,0.05012,0.856107,0.159788,0.852447,0.5,900.0061,1.347768,4.173353,2012-06-05T23:54:50.072,-9999999,G2,183.C-0972(A),Udry,-9999999,HARPS_ech_obs_all,HARPS_ech_obs_thosimult,STAR_WAVE_G1,7.94582538867114E-06,3.51525481812914E-07,0,0,0
HD96700,166.977705,-30.17399,2456087.5360748,1.803728,0.787148,12860.049575,0.825134,-5.123481,0.402048,12861.586969,0.317097,-5.157144,0.40215,3.345766,3.859734,5.282667,0.926986,0.401947,0.000296,0.381084,0.000435,0.514411,0.000561,0,6.951735,40.797264,-0.013073,12.7,254.3,2456087.53607,-24.23126,-24.231217,-0.023,-9999999,1.337797,-0.095738,0.676727,0.199597,0.761771,0.49,900,3.372075,3.837445,2012-06-09T00:42:58.724,-9999999,G2,183.C-0972(A),Udry,-9999999,HARPS_ech_obs_all,HARPS_ech_obs_thosimult,STAR_WAVE_G1,7.58606809607613E-06,4.19401172254915E-07,0,0,0
HD96700,166.977705,-30.17399,2456089.5348548,5.574816,1.581758,12867.369418,1.287878,-2.161138,1.483587,12867.540943,1.092416,-2.243238,1.483876,11.497903,13.179424,-2.822188,3.775144,0.400903,0.001123,0.386262,0.001647,0.507335,0.002086,0,6.947442,40.784148,-0.008082,12.7,69.6,2456089.53485,-24.418626,-24.4186,-0.148,-9999999,1.338668,-0.904483,0.54857,-1.167143,0.682097,0.49,900.0004,11.505784,13.176456,2012-06-11T00:41:27.220,-9999999,G2,183.C-0972(A),Udry,-9999999,HARPS_ech_obs_all,HARPS_ech_obs_thosimult,STAR_WAVE_G1,9.59398498288358E-06,1.14976400915738E-06,0,0,0
HD96700,166.977705,-30.17399,2456092.5493323,-2.368736,0.914094,12855.033194,1.06591,-9.252214,0.60898,12856.851714,0.479274,-9.300554,0.609195,5.165519,5.764834,5.045066,1.38142,0.404345,0.000439,0.39033,0.000659,0.510557,0.000845,0,6.950558,40.790547,-0.013511,12.7,168.4,2456092.54933,-24.67704,-24.677014,-0.329,-9999999,1.339982,-0.052007,0.681697,0.478538,0.952082,0.49,430.0002,5.187786,5.732001,2012-06-14T01:06:29.526,-9999999,G2,183.C-0972(A),Udry,-9999999,HARPS_ech_obs_all,HARPS_ech_obs_thosimult,STAR_WAVE_G1,8.05169098534297E-06,5.11195131089728E-07,0,0,0
HD96700,166.977705,-30.17399,2456092.554522,-0.71978,0.966577,12856.988048,1.092015,-7.604895,0.685247,12858.796816,0.534827,-7.604701,0.685356,4.863536,6.47942,6.711394,1.630638,0.404344,0.000494,0.389964,0.000742,0.511347,0.000953,0,6.952563,40.782073,-0.012084,12.7,149.6,2456092.55451,-24.685711,-24.685672,-0.29,-9999999,1.339984,-0.053644,0.681695,0.468784,0.95208,0.46,430.0002,4.886426,6.456639,2012-06-14T01:14:10.851,-9999999,G2,183.C-0972(A),Udry,-9999999,HARPS_ech_obs_all,HARPS_ech_obs_thosimult,STAR_WAVE_G1,5.73109662570503E-06,6.47077068073754E-07,0,0,0
HD96700,166.977705,-30.17399,2456099.4997103,-0.668284,1.175026,12857.827461,1.188072,-6.588531,0.867782,12858.928241,0.66996,-6.599777,0.867916,18.983368,7.993621,2.670388,2.047503,0.402207,0.000641,0.387449,0.000955,0.514313,0.001234,0,6.949642,40.799277,-0.012838,12.7,116.1,2456099.49971,-24.878832,-24.878829,0.205,-9999999,1.343011,0.911224,0.792238,-0.242231,0.981157,0.53,450,18.997453,7.980553,2012-06-20T23:55:23.658,-9999999,G2,183.C-0972(A),Udry,-9999999,HARPS_ech_obs_all,HARPS_ech_obs_thosimult,STAR_WAVE_G1,4.8900101201355E-06,9.29001065104838E-07,0,0,0
HD96700,166.977705,-30.17399,2456099.5050929,-1.641845,1.106793,12857.624437,1.152122,-7.56379,0.772887,12858.715102,0.603922,-7.599266,0.772979,9.477208,7.243662,7.347019,1.728616,0.403328,0.000571,0.389984,0.000853,0.51431,0.001098,0,6.955288,40.783627,-0.017813,12.7,130.2,2456099.50509,-24.888924,-24.888913,0.233,-9999999,1.343013,0.909526,0.792235,-0.252348,0.981154,0.49,449.9941,9.498591,7.227559,2012-06-21T00:03:26.754,-9999999,G2,183.C-0972(A),Udry,-9999999,HARPS_ech_obs_all,HARPS_ech_obs_thosimult,STAR_WAVE_G1,6.78125530965121E-06,7.36873027336682E-07,0,0,0
HD96700,166.977705,-30.17399,2456101.4992184,-0.462667,0.818306,12859.013966,0.846549,-7.974642,0.362778,12858.139401,0.282362,-7.994304,0.362896,-0.656497,4.13435,3.710315,0.798922,0.402618,0.000263,0.388617,0.000387,0.51703,0.000501,0,6.953738,40.806584,-0.011652,12.7,285,2456101.49921,-24.895291,-24.895272,-0.221,-9999999,1.343883,-0.680504,0.733496,-2.218448,0.798071,0.5,900.0005,-0.637179,4.097411,2012-06-22T23:51:23.896,-9999999,G2,183.C-0972(A),Udry,-9999999,HARPS_ech_obs_all,HARPS_ech_obs_thosimult,STAR_WAVE_G1,7.74593172344384E-06,3.13323671485535E-07,0,0,0
HD96700,166.977705,-30.17399,2456256.8614362,-2.485752,0.91737,12855.285302,1.01225,-9.413803,0.329663,12856.087535,0.249035,-9.400226,0.329547,-16.516282,4.929645,7.572448,0.756175,0.405555,0.000224,0.376213,0.00033,0.513501,0.000431,0,6.951315,40.803623,-0.012807,12.7,330.1,2456256.86144,22.767016,22.766943,-0.1,-9999999,1.411591,-0.09658,0.85609,-0.609358,0.981138,0.51,900.0005,-16.507021,4.895424,2012-11-25T08:36:04.034,-9999999,G2,183.C-0972(A),Udry,-9999999,HARPS_ech_obs_all,HARPS_ech_obs_thosimult,STAR_WAVE_G1,6.84699287019357E-06,2.89872675384432E-07,0,0,0
HD96700,166.977705,-30.17399,2456257.8504438,2.203239,0.788425,12860.077689,0.997552,-5.505666,0.398702,12859.739843,0.307969,-5.486542,0.398622,-16.725831,4.491483,7.845584,0.976674,0.405744,0.000276,0.377821,0.000409,0.523752,0.000532,0,6.952662,40.796653,-0.012292,12.7,266.6,2456257.85043,22.981693,22.981638,0.271,-9999999,1.412022,-0.877434,0.680184,-1.749868,0.948823,0.53,899.9996,-16.721362,4.472701,2012-11-26T08:19:49.846,-9999999,G2,183.C-0972(A),Udry,-9999999,HARPS_ech_obs_all,HARPS_ech_obs_thosimult,STAR_WAVE_G1,6.09677946148222E-06,3.60642624888284E-07,0,0,0
HD96700,166.977705,-30.17399,2456258.8613626,3.236068,0.872568,12861.646419,0.914242,-4.051817,0.437569,12861.730856,0.341587,-4.045274,0.437606,-17.691784,6.844469,8.83571,0.937166,0.40591,0.000311,0.386348,0.000456,0.523378,0.000593,0,6.950367,40.789684,-0.011474,12.7,239.4,2456258.86136,23.158861,23.158809,-0.013,-9999999,1.412462,-0.456414,0.754922,-1.328025,0.848031,0.5,600.0076,-17.673342,6.836724,2012-11-27T08:38:23.569,-9999999,G2,183.C-0972(A),Udry,-9999999,HARPS_ech_obs_all,HARPS_ech_obs_thosimult,STAR_WAVE_G1,7.61968285167004E-06,3.68784503348694E-07,0,0,0
HD96700,166.977705,-30.17399,2456259.849996,0.37199,0.86625,12857.905991,0.851331,-5.509311,0.579978,12859.397875,0.456264,-5.498246,0.579945,-11.924167,7.412162,8.858798,1.694037,0.401676,0.000417,0.386277,0.000615,0.511964,0.0008,0,6.951472,40.795584,-0.015015,12.7,177.6,2456259.84999,23.361471,23.361427,0.441,-9999999,1.412893,0.95017,0.64344,0.078991,0.718741,0.46,900.0072,-11.908513,7.40291,2012-11-28T08:20:00.934,-9999999,G2,183.C-0972(A),Udry,-9999999,HARPS_ech_obs_all,HARPS_ech_obs_thosimult,STAR_WAVE_G1,6.22819374578985E-06,5.28980055571316E-07,0,0,0
HD96700,166.977705,-30.17399,2456263.8496053,-5.342286,0.814879,12852.384506,0.790742,-11.335648,0.431664,12854.030971,0.334456,-11.335164,0.431616,-13.833025,5.832337,6.856487,0.933567,0.406334,0.000305,0.38308,0.000447,0.527592,0.000587,0,6.950696,40.801907,-0.014999,12.7,244.1,2456263.8496,24.039932,24.039881,0.914,-9999999,1.414636,0.838109,0.691154,0.231829,0.716528,0.51,600.0006,-13.821414,5.800729,2012-12-02T08:20:48.124,-9999999,G2,183.C-0972(A),Udry,-9999999,HARPS_ech_obs_all,HARPS_ech_obs_thosimult,STAR_WAVE_G1,7.5364467826571E-06,4.05977672441089E-07,0,0,0
HD96700,166.977705,-30.17399,2456287.8288069,-4.163409,0.8219,12853.544074,1.033673,-12.213472,0.41832,12853.120214,0.325382,-12.199982,0.41829,-12.711077,6.115141,8.627697,0.990791,0.406695,0.00031,0.388175,0.000449,0.523231,0.000582,0,6.951898,40.806762,-0.013597,12.7,243.9,2456287.8288,25.59215,25.592167,-0.011,-9999999,1.425087,-1.218592,0.70748,-1.848947,0.981125,0.49,900.0007,-12.697241,6.073942,2012-12-26T07:45:43.292,-9999999,G2,183.C-0972(A),Udry,-9999999,HARPS_ech_obs_all,HARPS_ech_obs_thosimult,STAR_WAVE_G1,5.98572927257539E-06,4.3845029394329E-07,0,0,0
HD96700,166.977705,-30.17399,2456290.8610168,3.989645,0.690092,12861.56059,0.813258,-1.737224,0.311573,12863.692925,0.233452,-1.742705,0.311477,-8.173669,6.384732,5.142964,0.741701,0.405109,0.000216,0.380972,0.000315,0.521323,0.000406,0,6.950557,40.819083,-0.013491,12.7,348.3,2456290.86102,25.392528,25.392523,1.435,-9999999,1.426408,1.104602,0.615751,0.705927,0.77903,0.56,900.0006,-8.159291,6.388467,2012-12-29T08:30:41.035,-9999999,G2,183.C-0972(A),Udry,-9999999,HARPS_ech_obs_all,HARPS_ech_obs_thosimult,STAR_WAVE_G1,7.94869019689378E-06,2.66638212689577E-07,0,0,0
HD96700,166.977705,-30.17399,2456291.8419466,1.855538,0.61744,12859.246881,0.917733,-5.098194,0.344249,12860.4714,0.260716,-5.091959,0.34416,-12.625056,5.560656,4.30014,0.870227,0.406751,0.00024,0.37821,0.00035,0.52224,0.000454,0,6.950321,40.820687,-0.01299,12.7,312.1,2456291.84194,25.376083,25.376085,0.269,-9999999,1.426836,-0.122261,0.512567,-0.202317,0.879921,0.5,900.0007,-12.608218,5.547793,2012-12-30T08:04:00.218,-9999999,G2,183.C-0972(A),Udry,-9999999,HARPS_ech_obs_all,HARPS_ech_obs_thosimult,STAR_WAVE_G1,7.37716164215171E-06,3.17676736261974E-07,0,0,0
HD96700,166.977705,-30.17399,2456309.8570643,0.916803,0.887369,12860.747409,1.021643,-5.395523,0.366932,12859.864081,0.284828,-5.390135,0.366904,-20.572649,5.465563,4.760591,0.926067,0.406896,0.000287,0.374527,0.000403,0.52601,0.000528,0,6.95003,40.820135,-0.014696,12.7,271.6,2456309.85705,22.95942,22.959476,0.243,-9999999,1.434687,0.519145,0.807951,-2.318015,0.981136,0.52,900.0013,-20.55609,5.450663,2013-01-17T08:23:21.945,-9999999,G2,183.C-0972(A),Udry,-9999999,HARPS_ech_obs_all,HARPS_ech_obs_thosimult,STAR_WAVE_G1,7.12820772426633E-06,3.28667138901559E-07,0,0,0
HD96700,166.977705,-30.17399,2456311.7000263,0.258161,0.958054,12857.674227,1.033668,-6.768877,0.430156,12858.936657,0.325437,-6.765759,0.430093,-16.027085,6.229486,7.902954,1.210238,0.408646,0.000291,0.367716,0.000425,0.522286,0.000567,0,6.953732,40.79912,-0.014743,12.7,254.9,2456311.70002,22.88821,22.888282,0.068,-9999999,1.43549,-0.195567,0.856057,-0.17306,0.981102,0.48,900.0012,-16.01871,6.210755,2013-01-19T04:37:37.745,-9999999,G2,183.C-0972(A),Udry,-9999999,HARPS_ech_obs_all,HARPS_ech_obs_thosimult,STAR_WAVE_G1,6.02156108743588E-06,4.08446566890892E-07,0,0,0
HD96700,166.977705,-30.17399,2456319.8192175,-0.217243,0.789687,12857.572288,0.716022,-7.448025,0.312119,12858.433286,0.235541,-7.428504,0.312101,-10.57828,4.880707,6.453821,0.789339,0.403482,0.00022,0.363679,0.000311,0.529238,0.000416,0,6.953863,40.809234,-0.012545,12.7,346,2456319.81922,20.704395,20.704472,0,-9999999,1.439028,-0.399311,0.725388,-0.57803,0.676172,0.53,900.0008,-10.578956,4.85244,2013-01-27T07:27:40.065,-9999999,G2,183.C-0972(A),Udry,-9999999,HARPS_ech_obs_all,HARPS_ech_obs_thosimult,STAR_WAVE_G1,6.20491401606807E-06,2.62920257427579E-07,0,0,0
HD96700,166.977705,-30.17399,2456321.8133571,0.165113,0.634152,12857.652673,0.680882,-6.362475,0.326382,12859.273168,0.251313,-6.356088,0.326345,-6.842725,4.985422,9.278717,0.867877,0.406012,0.000235,0.381869,0.000336,0.52303,0.00044,0,6.954762,40.797034,-0.014261,12.7,323.1,2456321.81335,20.176234,20.176332,-0.009,-9999999,1.439898,0.303883,0.543712,0.180597,0.632805,0.52,900.0008,-6.833262,4.96325,2013-01-29T07:19:10.978,-9999999,G2,183.C-0972(A),Udry,-9999999,HARPS_ech_obs_all,HARPS_ech_obs_thosimult,STAR_WAVE_G1,6.79191061668219E-06,3.23474001792166E-07,0,0,0
HD96700,166.977705,-30.17399,2456325.8333418,1.805187,0.645827,12859.275551,0.742819,-5.973453,0.374431,12859.876862,0.294353,-5.962685,0.374354,-18.38397,5.473144,7.953658,1.043614,0.402149,0.000277,0.372562,0.000396,0.513731,0.000519,0,6.955124,40.805387,-0.011915,12.7,274.9,2456325.83333,18.970939,18.971044,-0.356,-9999999,1.441649,-0.947169,0.526207,-0.840338,0.682009,0.53,900.0004,-18.376751,5.455434,2013-02-02T07:47:25.907,-9999999,G2,183.C-0972(A),Udry,-9999999,HARPS_ech_obs_all,HARPS_ech_obs_thosimult,STAR_WAVE_G1,5.52522491625576E-06,4.11633766363511E-07,0,0,0
HD96700,166.977705,-30.17399,2456328.8443944,-2.851925,0.996128,12854.705771,1.060723,-9.836681,0.509306,12855.63725,0.403133,-9.832815,0.509244,-13.982288,7.082944,9.738954,1.542577,0.402397,0.000377,0.36126,0.000538,0.517442,0.00072,0,6.957304,40.798172,-0.01387,12.7,199.7,2456328.84439,18.014654,18.014766,0.191,-9999999,1.442962,-0.153285,0.856084,-0.511483,0.98113,0.46,900.0008,-13.973896,7.059386,2013-02-05T08:04:07.712,-9999999,G2,183.C-0972(A),Udry,-9999999,HARPS_ech_obs_all,HARPS_ech_obs_thosimult,STAR_WAVE_G1,7.77570198870112E-06,4.7774412432427E-07,0,0,0
HD96700,166.977705,-30.17399,2456332.8642956,5.040022,1.035804,12861.880688,1.031228,-2.082727,0.583093,12863.509454,0.462802,-2.065294,0.583168,-13.483754,7.00628,6.038537,1.763927,0.404517,0.000433,0.366204,0.000626,0.515578,0.00083,0,6.955231,40.813189,-0.014977,12.7,172.7,2456332.86429,16.646001,16.646119,0.617,-9999999,1.444714,-0.291278,0.856092,0.184052,0.921545,0.49,900.0006,-13.476199,7.005944,2013-02-09T08:31:59.912,-9999999,G2,183.C-0972(A),Udry,-9999999,HARPS_ech_obs_all,HARPS_ech_obs_thosimult,STAR_WAVE_G1,6.34455270769547E-06,5.54492230470829E-07,0,0,0
HD96700,166.977705,-30.17399,2456335.8134433,-0.449718,0.938695,12857.061169,1.027032,-7.353262,0.38508,12857.996632,0.303644,-7.345247,0.385065,-17.793971,5.695205,7.417356,1.05443,0.406504,0.000285,0.364725,0.0004,0.515851,0.000533,0,6.951197,40.805943,-0.012729,12.7,269.3,2456335.81344,15.715545,15.715634,0.253,-9999999,1.445999,-0.072073,0.856073,-0.510536,0.981119,0.5,450.0007,-17.790223,5.671691,2013-02-12T07:22:08.401,-9999999,G2,183.C-0972(A),Udry,-9999999,HARPS_ech_obs_all,HARPS_ech_obs_thosimult,STAR_WAVE_G1,5.62445297825902E-06,3.60526383536545E-07,0,0,0
HD96700,166.977705,-30.17399,2456335.8190818,-0.682662,0.943583,12857.692684,1.029923,-7.587985,0.396843,12858.617551,0.313278,-7.569955,0.396827,-16.963942,5.628026,9.235547,1.044883,0.406081,0.000291,0.366202,0.000412,0.515404,0.000547,0,6.955497,40.792901,-0.012773,12.7,262.6,2456335.81908,15.701647,15.701748,0.193,-9999999,1.446001,-0.073852,0.856075,-0.521134,0.981121,0.51,450.0008,-16.955855,5.604453,2013-02-12T07:30:11.041,-9999999,G2,183.C-0972(A),Udry,-9999999,HARPS_ech_obs_all,HARPS_ech_obs_thosimult,STAR_WAVE_G1,6.60209113344898E-06,4.54712370255591E-07,0,0,0
HD96700,166.977705,-30.17399,2456354.8003307,1.476013,0.772917,12858.969838,1.014594,-6.385111,0.330121,12859.506866,0.258481,-6.380954,0.330152,-19.616434,5.465287,4.739743,0.940311,0.404746,0.000257,0.380283,0.000364,0.522694,0.000473,0,6.95161,40.808264,-0.011005,12.7,302.1,2456354.80033,8.305597,8.30572,0.179,-9999999,1.454274,-1.029653,0.698871,-0.917246,0.981116,0.49,900.001,-19.610169,5.443914,2013-03-03T06:58:32.492,-9999999,G2,183.C-0972(A),Udry,-9999999,HARPS_ech_obs_all,HARPS_ech_obs_thosimult,STAR_WAVE_G1,6.39026564612828E-06,3.03419435827906E-07,0,0,0
HD96700,166.977705,-30.17399,2456355.8370595,1.953934,0.75478,12859.889024,0.90425,-5.966973,0.35719,12860.152622,0.281354,-5.96238,0.357199,-8.818974,5.20658,6.913011,0.902003,0.405475,0.000268,0.378389,0.000383,0.523118,0.000499,0,6.952454,40.804597,-0.013436,12.7,286.6,2456355.83706,7.805185,7.805307,-0.136,-9999999,1.454725,-1.089436,0.664912,-1.191127,0.859365,0.47,900.0015,-8.810472,5.187082,2013-03-04T07:51:41.385,-9999999,G2,183.C-0972(A),Udry,-9999999,HARPS_ech_obs_all,HARPS_ech_obs_thosimult,STAR_WAVE_G1,6.46335434748636E-06,3.59332834064501E-07,0,0,0
HD96700,166.977705,-30.17399,2456357.813778,1.589882,0.77526,12859.183871,0.805631,-5.797864,0.540829,12859.770953,0.435794,-5.794667,0.54083,-4.37878,6.38595,6.683288,1.43194,0.40449,0.000412,0.378599,0.000595,0.521761,0.000773,0,6.952382,40.810312,-0.014358,12.7,185,2456357.81377,7.005411,7.005534,0.727,-9999999,1.455587,-0.556275,0.555456,-0.868505,0.677588,0.3,900.0012,-4.382682,6.372801,2013-03-06T07:20:38.513,-9999999,G2,183.C-0972(A),Udry,-9999999,HARPS_ech_obs_all,HARPS_ech_obs_thosimult,STAR_WAVE_G1,4.88401734478251E-06,5.48392641147333E-07,0,0,0
HD96700,166.977705,-30.17399,2456360.8097333,-4.090058,0.620683,12853.420267,0.606991,-11.545063,0.508943,12853.790781,0.408623,-11.552781,0.508993,-18.024462,6.12099,5.355847,1.415645,0.40551,0.000418,0.384646,0.000586,0.5169,0.000771,0,6.9519,40.804546,-0.015784,12.7,188,2456360.80973,5.722672,5.722818,0.293,-9999999,1.456893,-0.623534,0.355281,-1.086379,0.448849,0.52,350.0008,-18.046566,6.080683,2013-03-09T07:16:11.373,-9999999,G2,183.C-0972(A),Udry,-9999999,HARPS_ech_obs_all,HARPS_ech_obs_thosimult,STAR_WAVE_G1,8.10124006013662E-06,3.93449947512465E-07,0,0,0
HD96700,166.977705,-30.17399,2456360.8140308,-4.358651,0.600004,12852.792277,0.594534,-11.815011,0.483506,12853.154715,0.389876,-11.808836,0.483586,-15.643402,4.458483,4.537454,1.341104,0.405401,0.0004,0.384519,0.00056,0.515797,0.000737,0,6.95103,40.810154,-0.013728,12.7,196.6,2456360.81402,5.713535,5.713688,0.205,-9999999,1.456894,-0.624889,0.355284,-1.094456,0.448852,0.49,350.001,-15.65155,4.401768,2013-03-09T07:22:33.167,-9999999,G2,183.C-0972(A),Udry,-9999999,HARPS_ech_obs_all,HARPS_ech_obs_thosimult,STAR_WAVE_G1,7.28824630050023E-06,4.29111691166499E-07,0,0,0
HD96700,166.977705,-30.17399,2456363.6663776,-0.248215,0.707461,12857.171929,0.72072,-7.162891,0.576408,12858.162502,0.460059,-7.177339,0.576492,-9.051436,6.522093,3.514234,1.457882,0.405938,0.000426,0.388226,0.000629,0.510981,0.000816,0,6.947346,40.803942,-0.014816,12.7,174.8,2456363.66638,4.771226,4.771355,-0.555,-9999999,1.458137,-0.083205,0.410189,-0.467564,0.554782,0.5,350.001,-9.065028,6.50143,2013-03-12T03:49:48.048,-9999999,G2,183.C-0972(A),Udry,-9999999,HARPS_ech_obs_all,HARPS_ech_obs_thosimult,STAR_WAVE_G1,7.7539081414405E-06,4.99050947046517E-07,0,0,0
HD96700,166.977705,-30.17399,2456363.6708461,1.197159,0.73652,12858.712235,0.739249,-5.718926,0.611724,12859.694411,0.488576,-5.762789,0.611713,-0.782955,6.866923,3.71555,1.241109,0.405137,0.000458,0.388224,0.000673,0.511303,0.000874,0,6.950294,40.817528,-0.016328,12.7,163.4,2456363.67084,4.75953,4.759662,-0.701,-9999999,1.458139,-0.084614,0.410189,-0.475963,0.554781,0.51,350.0009,-0.806973,6.848627,2013-03-12T03:56:10.621,-9999999,G2,183.C-0972(A),Udry,-9999999,HARPS_ech_obs_all,HARPS_ech_obs_thosimult,STAR_WAVE_G1,6.65659795704551E-06,6.56193423872266E-07,0,0,0
HD96700,166.977705,-30.17399,2456366.7487059,-2.198263,0.623416,12855.518471,0.679507,-10.132665,0.430932,12855.657161,0.344426,-10.137138,0.431003,-6.90507,6.183795,4.480556,1.386729,0.404968,0.000337,0.385987,0.000481,0.512935,0.000628,0,6.95035,40.811075,-0.013729,12.7,229.1,2456366.7487,3.236202,3.236356,0.156,-9999999,1.459481,-1.102931,0.450495,-1.320791,0.585747,0.48,450.0008,-6.890289,6.151567,2013-03-15T05:47:36.627,-9999999,G2,183.C-0972(A),Udry,-9999999,HARPS_ech_obs_all,HARPS_ech_obs_thosimult,STAR_WAVE_G1,7.28571418115462E-06,4.3223954574125E-07,0,0,0
HD96700,166.977705,-30.17399,2456366.7544356,-0.941351,0.635609,12856.578583,0.687359,-8.877561,0.448388,12856.706506,0.359667,-8.896428,0.448455,-10.92265,5.796252,4.485526,1.278764,0.404951,0.000342,0.385208,0.000491,0.513223,0.000643,0,6.9518,40.809018,-0.012461,12.7,223.5,2456366.75443,3.222132,3.222273,0.16,-9999999,1.459483,-1.104739,0.450496,-1.33156,0.585749,0.51,450.0009,-10.905448,5.768765,2013-03-15T05:55:38.167,-9999999,G2,183.C-0972(A),Udry,-9999999,HARPS_ech_obs_all,HARPS_ech_obs_thosimult,STAR_WAVE_G1,5.58095224274095E-06,4.3309142557443E-07,0,0,0
HD96700,166.977705,-30.17399,2456367.7124648,-2.795348,0.715277,12854.709901,0.767364,-11.972181,0.496059,12853.78176,0.39976,-11.955852,0.496163,-12.658901,6.635729,0.431778,1.256746,0.40519,0.00041,0.377329,0.000582,0.522718,0.000758,0,6.947739,40.842261,-0.011667,12.7,189.5,2456367.71246,2.887389,2.887544,0.367,-9999999,1.459901,-2.345362,0.515312,-2.388042,0.655011,0.51,450.0011,-12.655493,6.598627,2013-03-16T04:55:11.011,-9999999,G2,183.C-0972(A),Udry,-9999999,HARPS_ech_obs_all,HARPS_ech_obs_thosimult,STAR_WAVE_G1,7.85283762718544E-06,3.78375533258489E-07,0,0,0
HD96700,166.977705,-30.17399,2456367.7180451,-2.688727,0.703081,12855.282175,0.760783,-11.867321,0.478306,12854.343548,0.386975,-11.863224,0.478377,-13.035019,6.305517,1.299344,1.390368,0.404724,0.0004,0.378174,0.000566,0.521508,0.000736,0,6.949218,40.828255,-0.014541,12.7,195.1,2456367.71804,2.872884,2.873051,-0.034,-9999999,1.459903,-2.347123,0.515312,-2.39853,0.655012,0.51,450.0009,-13.019151,6.266366,2013-03-16T05:03:13.151,-9999999,G2,183.C-0972(A),Udry,-9999999,HARPS_ech_obs_all,HARPS_ech_obs_thosimult,STAR_WAVE_G1,7.85067320343694E-06,4.2574446792701E-07,0,0,0
HD96700,166.977705,-30.17399,2456370.6669329,-3.046645,0.563463,12854.739548,0.685267,-10.813334,0.298006,12855.396837,0.229308,-10.836303,0.298018,-10.308713,4.675163,4.612778,0.873849,0.405305,0.00021,0.386501,0.000307,0.509608,0.000399,0,6.953624,40.81472,-0.012537,12.7,357.4,2456370.66693,1.68307,1.683219,0.434,-9999999,1.461188,-0.935219,0.478208,-0.803899,0.645762,0.48,900.0008,-10.30543,4.620345,2013-03-19T03:46:12.588,-9999999,G2,183.C-0972(A),Udry,-9999999,HARPS_ech_obs_all,HARPS_ech_obs_thosimult,STAR_WAVE_G1,7.09760391240929E-06,2.61165036471471E-07,0,0,0
HD96700,166.977705,-30.17399,2456374.6987378,0.213839,0.665089,12858.016356,0.726613,-8.343653,0.443764,12857.945529,0.354977,-8.343315,0.443829,-3.389812,6.743481,2.859449,1.302232,0.405956,0.000356,0.376602,0.000504,0.519258,0.000655,0,6.951307,40.820688,-0.012318,12.7,218.5,2456374.69873,-0.161308,-0.161174,0.295,-9999999,1.462945,-1.726021,0.495395,-1.533772,0.634002,0.5,450.0008,-3.411165,6.716773,2013-03-23T04:35:26.614,-9999999,G2,183.C-0972(A),Udry,-9999999,HARPS_ech_obs_all,HARPS_ech_obs_thosimult,STAR_WAVE_G1,6.14276140798751E-06,4.85951523253267E-07,0,0,0
HD96700,166.977705,-30.17399,2456374.7043612,-0.40261,0.663226,12857.213062,0.726199,-8.961876,0.440967,12857.131669,0.354127,-8.948565,0.44096,-8.629272,5.77608,3.387205,1.206133,0.405825,0.000356,0.376989,0.000504,0.519559,0.000655,0,6.951029,40.807831,-0.011995,12.7,218.9,2456374.70436,-0.175817,-0.175679,0.245,-9999999,1.462948,-1.727795,0.495395,-1.544341,0.634002,0.51,450.0008,-8.640644,5.743646,2013-03-23T04:43:27.973,-9999999,G2,183.C-0972(A),Udry,-9999999,HARPS_ech_obs_all,HARPS_ech_obs_thosimult,STAR_WAVE_G1,7.84074155164933E-06,4.03309645309578E-07,0,0,0
HD96700,166.977705,-30.17399,2456384.6681498,-2.954962,0.815942,12854.663229,0.963362,-11.110094,0.345773,12854.776029,0.271378,-11.13299,0.345786,-6.107466,5.416045,7.27345,1.158251,0.403152,0.000253,0.377564,0.000366,0.508337,0.000476,0,6.9549,40.817906,-0.013736,12.7,299.7,2456384.66815,-4.425935,-4.425803,0.461,-9999999,1.46729,-1.323661,0.739055,-1.35449,0.924348,0.5,900.0003,-6.083402,5.379572,2013-04-02T03:47:45.209,-9999999,G2,091.C-0936(A),Udry,-9999999,HARPS_ech_obs_all,HARPS_ech_obs_wavesimult,STAR_WAVE_G1,6.81856432922614E-06,3.65095403213589E-07,0,0,0
HD96700,166.977705,-30.17399,2456386.5737184,-3.330375,0.872781,12854.05799,0.895353,-10.731217,0.449352,12855.707296,0.356467,-10.728418,0.449429,4.73427,5.811778,1.835273,1.335359,0.408461,0.000331,0.378429,0.000488,0.519754,0.000633,0,6.949437,40.835153,-0.012792,12.7,225.5,2456386.57371,-5.038738,-5.03858,0.242,-9999999,1.468121,-0.569371,0.748218,0.181185,0.821333,0.5,450.001,4.742136,5.777957,2013-04-04T01:35:33.950,-9999999,G2,091.C-0936(A),Udry,-9999999,HARPS_ech_obs_all,HARPS_ech_obs_wavesimult,STAR_WAVE_G1,5.67915095786996E-06,3.69962002048927E-07,0,0,0
HD96700,166.977705,-30.17399,2456386.57919,-1.588513,0.882361,12855.716019,0.900824,-8.991081,0.46769,12857.355043,0.369998,-9.034454,0.467868,-2.054678,5.591907,2.300869,1.282432,0.407679,0.000337,0.37859,0.000499,0.520797,0.000649,0,6.949828,40.829473,-0.013166,12.7,220.1,2456386.57918,-5.05245,-5.052291,-0.311,-9999999,1.468123,-0.571097,0.748216,0.170901,0.821331,0.48,450.0012,-2.052289,5.560475,2013-04-04T01:43:35.709,-9999999,G2,091.C-0936(A),Udry,-9999999,HARPS_ech_obs_all,HARPS_ech_obs_wavesimult,STAR_WAVE_G1,6.29298348801675E-06,4.28655509660412E-07,0,0,0
HD96700,166.977705,-30.17399,2456389.668677,4.362766,0.931556,12862.178133,0.879742,-3.16068,0.518813,12862.928802,0.417746,-3.177608,0.519063,-2.876388,5.632158,1.148688,1.459991,0.404025,0.000414,0.382419,0.000589,0.517978,0.000769,0,6.951507,40.845104,-0.012848,12.7,186.5,2456389.66867,-6.561346,-6.561191,0.38,-9999999,1.46947,-0.691975,0.773712,-0.718801,0.774232,0.53,450.0002,-2.879517,5.626047,2013-04-07T03:52:10.057,-9999999,G2,091.C-0936(A),Udry,-9999999,HARPS_ech_obs_all,HARPS_ech_obs_wavesimult,STAR_WAVE_G1,6.34182622939103E-06,4.43166864003095E-07,0,0,0
HD96700,166.977705,-30.17399,2456389.6741498,3.587608,0.915812,12862.138627,0.868974,-3.937565,0.489982,12862.879011,0.394565,-3.925433,0.490125,-3.726966,5.735139,1.026433,1.222961,0.404145,0.000395,0.383928,0.000561,0.516448,0.000729,0,6.950067,40.846243,-0.012956,12.7,196.3,2456389.67415,-6.575151,-6.574993,0.342,-9999999,1.469472,-0.693702,0.773711,-0.729088,0.774231,0.51,450.0004,-3.752563,5.725573,2013-04-07T04:00:11.917,-9999999,G2,091.C-0936(A),Udry,-9999999,HARPS_ech_obs_all,HARPS_ech_obs_wavesimult,STAR_WAVE_G1,7.45167472917852E-06,4.1537063986579E-07,0,0,0
HD96700,166.977705,-30.17399,2456394.6567468,0.047156,0.818228,12857.432002,1.028232,-7.962184,0.387497,12858.300721,0.307725,-7.972303,0.387574,-5.004229,4.810417,4.57347,1.132351,0.407662,0.000289,0.379427,0.00042,0.518822,0.000545,0,6.953788,40.823881,-0.015202,12.7,262,2456394.65674,-8.612917,-8.612767,0.305,-9999999,1.471643,-1.177869,0.720654,-0.602924,0.981104,0.49,900.0008,-5.000587,4.782445,2013-04-12T03:31:47.554,-9999999,G2,091.C-0936(A),Udry,-9999999,HARPS_ech_obs_all,HARPS_ech_obs_wavesimult,STAR_WAVE_G1,7.72598876393625E-06,3.46800687633472E-07,0,0,0
HD96700,166.977705,-30.17399,2456396.6512183,4.885411,0.600486,12862.955194,0.596573,-2.404495,0.471813,12863.878899,0.378343,-2.421905,0.471968,-19.997543,5.842748,3.308853,1.456957,0.4028,0.000367,0.37675,0.000527,0.51907,0.000685,0,6.95297,40.831625,-0.010866,12.7,209.4,2456396.65122,-9.410781,-9.410657,0.396,-9999999,1.472513,-0.458436,0.371451,-0.548808,0.461255,0.51,450.0005,-20.001331,5.83998,2013-04-14T03:27:26.514,-9999999,G2,091.C-0936(A),Udry,-9999999,HARPS_ech_obs_all,HARPS_ech_obs_wavesimult,STAR_WAVE_G1,7.25900077466667E-06,4.14620470425228E-07,0,0,0
HD96700,166.977705,-30.17399,2456396.656715,5.373367,0.595266,12863.23802,0.593296,-1.918273,0.465152,12864.151396,0.373155,-1.951348,0.465222,-18.734228,6.618427,3.890433,1.397173,0.403035,0.000362,0.38565,0.000518,0.519146,0.000674,0,6.953547,40.819927,-0.013124,12.7,212.8,2456396.6567,-9.424492,-9.424334,0.11,-9999999,1.472515,-0.460169,0.371449,-0.559139,0.461254,0.49,450.0003,-18.729272,6.617075,2013-04-14T03:35:30.444,-9999999,G2,091.C-0936(A),Udry,-9999999,HARPS_ech_obs_all,HARPS_ech_obs_wavesimult,STAR_WAVE_G1,8.08304721183819E-06,4.66673150250684E-07,0,0,0
HD96700,166.977705,-30.17399,2456398.5769761,2.826089,0.674929,12860.449674,0.763525,-4.273923,0.429397,12862.186373,0.338043,-4.283242,0.429462,-12.589781,5.819138,7.010717,1.066898,0.403917,0.000303,0.38001,0.00045,0.520944,0.000584,0,6.954177,40.802359,-0.014291,12.7,244.8,2456398.57697,-10.017805,-10.017648,0.309,-9999999,1.473352,-0.268541,0.520719,0.263347,0.684615,0.49,450.0004,-12.594326,5.808487,2013-04-16T01:40:46.362,-9999999,G2,091.C-0936(A),Udry,-9999999,HARPS_ech_obs_all,HARPS_ech_obs_wavesimult,STAR_WAVE_G1,6.66623594521125E-06,3.91004012531428E-07,0,0,0
HD96700,166.977705,-30.17399,2456398.5825547,2.465673,0.679851,12860.202396,0.766889,-4.636099,0.437096,12861.928612,0.345579,-4.669888,0.43718,-9.040244,6.867166,5.715616,1.48367,0.403474,0.000315,0.379101,0.000464,0.520702,0.000602,0,6.953083,40.814254,-0.01269,12.7,237.4,2456398.58254,-10.032237,-10.032097,0.134,-9999999,1.473354,-0.270301,0.520716,0.252862,0.684612,0.49,449.9999,-9.036531,6.857097,2013-04-16T01:48:48.372,-9999999,G2,091.C-0936(A),Udry,-9999999,HARPS_ech_obs_all,HARPS_ech_obs_wavesimult,STAR_WAVE_G1,7.76311947550916E-06,4.08752012557311E-07,0,0,0
HD96700,166.977705,-30.17399,2456410.6608426,-1.562579,1.134548,12855.716563,1.033766,-9.376902,0.877374,12856.4591,0.680665,-9.421991,0.877559,7.272223,10.180645,2.655848,2.349571,0.402688,0.000639,0.380244,0.000952,0.520815,0.001233,0,6.956471,40.825725,-0.013491,12.7,116.6,2456410.66083,-14.682678,-14.682554,0.572,-9999999,1.478618,-0.982852,0.719315,-0.736081,0.778054,0.51,300.0004,7.276575,10.166433,2013-04-28T03:43:22.843,-9999999,G2,091.C-0936(A),Udry,-9999999,HARPS_ech_obs_all,HARPS_ech_obs_wavesimult,STAR_WAVE_G1,6.17254739214486E-06,7.8695891738011E-07,0,0,0
HD96700,166.977705,-30.17399,2456410.6647854,-0.913449,1.168753,12856.150424,1.053873,-8.729016,0.921179,12856.885553,0.710832,-8.723336,0.921361,25.160245,9.781965,7.474526,2.294031,0.403179,0.00067,0.381179,0.000998,0.522167,0.001294,0,6.9608,40.802304,-0.013704,12.7,111.5,2456410.66478,-14.691114,-14.691,0.535,-9999999,1.47862,-0.984096,0.719314,-0.743491,0.778053,0.54,299.9996,25.170133,9.767157,2013-04-28T03:48:54.514,-9999999,G2,091.C-0936(A),Udry,-9999999,HARPS_ech_obs_all,HARPS_ech_obs_wavesimult,STAR_WAVE_G1,5.08313267722616E-06,9.39622231016664E-07,0,0,0
HD96700,166.977705,-30.17399,2456410.6682853,2.125503,1.198767,12858.429127,1.070726,-5.691168,0.958973,12859.157678,0.735587,-5.719562,0.959085,8.842617,9.719374,4.462923,2.764042,0.403791,0.000697,0.381316,0.001039,0.521683,0.001345,0,6.957485,40.825719,-0.014544,12.7,107.1,2456410.66827,-14.698495,-14.698374,0.659,-9999999,1.478621,-0.9852,0.719314,-0.75007,0.778053,0.44,300,8.859706,9.711526,2013-04-28T03:54:26.924,-9999999,G2,091.C-0936(A),Udry,-9999999,HARPS_ech_obs_all,HARPS_ech_obs_wavesimult,STAR_WAVE_G1,6.9235678653363E-06,8.57735213113634E-07,0,0,0
HD96700,166.977705,-30.17399,2456414.6471443,3.724405,1.058749,12861.85285,1.125775,-3.151888,0.693992,12863.085399,0.552088,-3.175795,0.69411,-8.222181,7.488187,5.09467,1.69719,0.403096,0.000532,0.389808,0.000778,0.509299,0.001009,0,6.955851,40.824791,-0.015286,12.7,142.8,2456414.64714,-16.009791,-16.009669,-0.305,-9999999,1.480355,-0.044822,0.799577,-0.247806,0.981106,0.46,299.9996,-8.217604,7.482579,2013-05-02T03:24:11.713,-9999999,G2,091.C-0936(A),Udry,-9999999,HARPS_ech_obs_all,HARPS_ech_obs_wavesimult,STAR_WAVE_G1,7.01032998140575E-06,6.2860991856624E-07,0,0,0
HD96700,166.977705,-30.17399,2456414.6507065,4.243659,1.144747,12861.6222,1.173903,-2.633758,0.819221,12862.848055,0.644579,-2.656645,0.819313,-3.068805,8.323376,3.382463,2.152866,0.403525,0.000628,0.391381,0.000919,0.509049,0.001188,0,6.957533,40.81987,-0.019712,12.7,121.4,2456414.6507,-16.017435,-16.017322,-0.467,-9999999,1.480357,-0.045946,0.799577,-0.254502,0.981105,0.38,300,-3.060782,8.318955,2013-05-02T03:29:43.503,-9999999,G2,091.C-0936(A),Udry,-9999999,HARPS_ech_obs_all,HARPS_ech_obs_wavesimult,STAR_WAVE_G1,5.66145013568787E-06,7.31553400667673E-07,0,0,0
HD96700,166.977705,-30.17399,2456414.6548033,-1.13014,3.528396,12857.969797,2.98362,-8.008849,3.436605,12859.187955,2.817698,-7.970736,3.436736,22.157,32.050602,9.934878,7.660557,0.403259,0.002432,0.397049,0.003603,0.510192,0.004614,0,6.945802,40.809352,-0.018479,12.7,33.6,2456414.6548,-16.026099,-16.025987,-0.204,-9999999,1.480359,-0.047238,0.799576,-0.262201,0.981105,0.45,300,22.081944,32.040938,2013-05-02T03:35:16.493,-9999999,G2,091.C-0936(A),Udry,-9999999,HARPS_ech_obs_all,HARPS_ech_obs_wavesimult,STAR_WAVE_G1,3.47610133255023E-06,3.43493853438079E-06,0,0,0
HD96700,166.977705,-30.17399,2456451.5529191,-2.844311,0.92983,12855.440779,1.020088,-10.801847,0.362909,12855.941841,0.279212,-10.864516,0.363122,-13.202331,5.690705,3.679755,1.00073,0.402453,0.000258,0.391459,0.00038,0.510086,0.000486,0,6.954063,40.81827,-0.011831,12.7,292.3,2456451.55291,-24.152522,-24.152491,0.017,-9999999,1.496439,-1.126065,0.856085,-0.995377,0.981132,0.48,900.0009,-13.184403,5.650523,2013-06-08T01:07:15.382,-9999999,G2,091.C-0936(A),Udry,-9999999,HARPS_ech_obs_all,HARPS_ech_obs_wavesimult,STAR_WAVE_G1,-9999999,-9999999,-9999999,-9999999,-9999999
HD96700,166.977705,-30.17399,2456458.4922305,-3.891029,0.769518,12853.572522,0.949416,-13.199382,0.427469,12853.277359,0.338324,-13.25129,0.427734,-11.446178,5.636481,0.10843,1.133116,0.403308,0.000327,0.384128,0.000479,0.493059,0.000607,0,6.949328,40.8374,-0.012807,12.7,234.1,2456458.49223,-24.616637,-24.616627,0.165,-9999999,1.499464,-2.476882,0.639866,-1.794627,0.88709,0.49,450.0009,-11.426101,5.587199,2013-06-14T23:44:11.865,-9999999,G2,091.C-0936(A),Udry,-9999999,HARPS_ech_obs_all,HARPS_ech_obs_wavesimult,STAR_WAVE_G1,7.82483468817158E-06,4.33772990804641E-07,0,0,0
HD96700,166.977705,-30.17399,2456458.4978564,-3.676474,0.764408,12853.746466,0.946393,-12.986602,0.418207,12853.440731,0.329754,-12.986025,0.418338,-10.014498,4.798186,-1.203039,1.052366,0.403772,0.000319,0.392717,0.000465,0.492238,0.00059,0,6.949395,40.830958,-0.014954,12.7,240.6,2456458.49785,-24.628339,-24.628318,0.13,-9999999,1.499466,-2.478657,0.639862,-1.805201,0.887086,0.5,450.0018,-9.991232,4.742038,2013-06-14T23:52:13.484,-9999999,G2,091.C-0936(A),Udry,-9999999,HARPS_ech_obs_all,HARPS_ech_obs_wavesimult,STAR_WAVE_G1,6.41398766075933E-06,4.57292466542946E-07,0,0,0
HD96700,166.977705,-30.17399,2456468.5238516,-4.707496,0.812145,12853.001747,0.982623,-11.588332,0.551838,12854.532405,0.434252,-11.55347,0.551903,14.655222,6.085779,2.335236,1.422177,0.403049,0.000388,0.387735,0.000577,0.517102,0.000749,0,6.951806,40.831596,-0.012473,12.7,191,2456468.52384,-24.914624,-24.914643,-0.27,-9999999,1.503835,-0.049365,0.595865,0.026823,0.881461,0.5,300.0009,14.684839,6.050804,2013-06-25T00:32:05.647,-9999999,G2,091.C-0936(A),Udry,-9999999,HARPS_ech_obs_all,HARPS_ech_obs_wavesimult,STAR_WAVE_G1,9.33530957513084E-06,4.88423957624242E-07,0,0,0
HD96700,166.977705,-30.17399,2456468.5277231,-5.702415,0.827244,12852.215416,0.990472,-12.584473,0.57383,12853.738799,0.451736,-12.577592,0.573919,20.674702,7.182065,1.873945,1.681315,0.4036,0.000408,0.38961,0.000607,0.516968,0.000785,0,6.955031,40.828909,-0.016638,12.7,182.1,2456468.52772,-24.920647,-24.920676,-0.448,-9999999,1.503837,-0.050587,0.595862,0.019546,0.881459,0.51,300.001,20.696366,7.145152,2013-06-25T00:37:37.177,-9999999,G2,091.C-0936(A),Udry,-9999999,HARPS_ech_obs_all,HARPS_ech_obs_wavesimult,STAR_WAVE_G1,5.90535831102875E-06,5.94119639825921E-07,0,0,0
HD96700,166.977705,-30.17399,2456468.5314603,-5.205648,0.826718,12852.354211,0.98999,-12.088885,0.573073,12853.870572,0.450681,-12.088946,0.573248,13.959973,6.348713,2.507199,1.487414,0.402299,0.000407,0.389305,0.000605,0.51598,0.000783,0,6.951528,40.828909,-0.013276,12.7,182.5,2456468.53146,-24.92632,-24.926352,-0.089,-9999999,1.503839,-0.051766,0.59586,0.012522,0.881457,0.48,300.0003,13.986414,6.310533,2013-06-25T00:43:09.096,-9999999,G2,091.C-0936(A),Udry,-9999999,HARPS_ech_obs_all,HARPS_ech_obs_wavesimult,STAR_WAVE_G1,5.37383929103555E-06,5.01955353521204E-07,0,0,0
HD96700,166.977705,-30.17399,2456478.4883824,4.808891,1.190708,12861.784894,1.162059,-1.931865,0.827559,12863.752506,0.647475,-1.967168,0.827642,-5.037394,7.090181,9.174404,2.015122,0.401911,0.000619,0.381878,0.000913,0.514279,0.001174,0,6.966353,40.793549,-0.010707,12.7,122.2,2456478.48838,-24.433163,-24.433188,0.149,-9999999,1.508178,0.090715,0.856115,0.459434,0.964965,0.49,180.0005,-5.017886,7.089123,2013-07-04T23:43:13.256,-9999999,G2,091.C-0936(A),Udry,-9999999,HARPS_ech_obs_all,HARPS_ech_obs_wavesimult,STAR_WAVE_G1,8.39540232245629E-06,6.07622979057874E-07,0,0,0
HD96700,166.977705,-30.17399,2456478.4909471,1.321491,1.246154,12858.664552,1.193282,-5.420074,0.905522,12860.627345,0.701975,-5.494962,0.905592,3.147864,8.973106,2.570121,2.284025,0.402476,0.000676,0.381715,0.000999,0.514821,0.001287,0,6.955887,40.812448,-0.014828,12.7,111.7,2456478.49095,-24.437172,-24.437212,-0.139,-9999999,1.508179,0.089906,0.856113,0.454614,0.964963,0.54,180.0008,3.159337,8.963388,2013-07-04T23:46:45.859,-9999999,G2,091.C-0936(A),Udry,-9999999,HARPS_ech_obs_all,HARPS_ech_obs_wavesimult,STAR_WAVE_G1,8.02604636473639E-06,8.96441941127532E-07,0,0,0
HD96700,166.977705,-30.17399,2456478.4932498,3.645335,1.222756,12860.584651,1.180136,-3.096957,0.873043,12862.543117,0.679389,-3.102877,0.873112,-5.94696,8.496427,6.793382,2.258311,0.402291,0.000653,0.383385,0.000967,0.514842,0.001242,0,6.95676,40.799819,-0.0135,12.7,115.8,2456478.49325,-24.440719,-24.440749,0.054,-9999999,1.50818,0.089179,0.856112,0.450286,0.964962,0.47,180.0008,-5.944404,8.491932,2013-07-04T23:50:17.432,-9999999,G2,091.C-0936(A),Udry,-9999999,HARPS_ech_obs_all,HARPS_ech_obs_wavesimult,STAR_WAVE_G1,6.51506251055617E-06,8.9838214436929E-07,0,0,0
HD96700,166.977705,-30.17399,2456478.495792,0.761644,1.238471,12858.315715,1.188763,-5.98145,0.894922,12860.269404,0.694269,-6.025104,0.895109,-12.25571,9.430368,1.209597,2.578147,0.403109,0.000669,0.382826,0.000989,0.51472,0.001272,0,6.957898,40.819266,-0.014415,12.7,113,2456478.49578,-24.444576,-24.444602,0.366,-9999999,1.508181,0.088377,0.856111,0.445508,0.96496,0.51,180.0005,-12.238675,9.420631,2013-07-04T23:53:49.894,-9999999,G2,091.C-0936(A),Udry,-9999999,HARPS_ech_obs_all,HARPS_ech_obs_wavesimult,STAR_WAVE_G1,1.0006248446076E-05,7.29474971844774E-07,0,0,0
HD96700,166.977705,-30.17399,2456478.4982196,5.201178,1.261794,12862.529484,1.20148,-1.542681,0.926931,12864.478611,0.715828,-1.587613,0.92706,4.145815,8.527882,11.289207,2.5168,0.402064,0.000694,0.380989,0.001023,0.513485,0.001315,0,6.963694,40.769649,-0.012978,12.7,109.1,2456478.49821,-24.448201,-24.448239,-0.033,-9999999,1.508182,0.087612,0.856109,0.440945,0.964959,0.5,180.0016,4.157194,8.526739,2013-07-04T23:57:21.457,-9999999,G2,091.C-0936(A),Udry,-9999999,HARPS_ech_obs_all,HARPS_ech_obs_wavesimult,STAR_WAVE_G1,7.92095803207989E-06,7.71494685790939E-07,0,0,0
HD96700,166.977705,-30.17399,2456676.8061818,-3.609487,1.084506,12853.992673,1.113076,-9.459685,0.665804,12856.159203,0.525687,-9.443453,0.665815,-9.423082,6.337574,10.01013,1.756402,0.40753,0.00051,0.372938,0.000729,0.518282,0.000961,0,6.955474,40.787197,-0.013764,12.7,150,2456676.80618,22.719976,22.720049,0.142,-9999999,1.594607,0.981273,0.856071,0.571923,0.981117,0.52,250.0022,-9.416736,6.311518,2014-01-19T07:15:33.545,-9999999,G2,192.C-0852(A),Udry,-9999999,HARPS_ech_obs_all,HARPS_ech_obs_thosimult,STAR_WAVE_G1,8.50060981348248E-06,5.88551872858771E-07,0,0,0
HD96700,166.977705,-30.17399,2456676.809419,-3.889522,1.085574,12853.609827,1.115801,-9.740741,0.667542,12855.770274,0.531432,-9.721567,0.667595,-13.932973,5.536645,10.483436,1.522142,0.408053,0.000516,0.374088,0.00074,0.517315,0.000972,0,6.957385,40.790534,-0.012902,12.7,148.2,2456676.80942,22.712253,22.712335,0.276,-9999999,1.594608,0.980252,0.856072,0.565839,0.981118,0.51,250.0017,-13.9142,5.507033,2014-01-19T07:20:15.722,-9999999,G2,192.C-0852(A),Udry,-9999999,HARPS_ech_obs_all,HARPS_ech_obs_thosimult,STAR_WAVE_G1,6.01070116531217E-06,6.65681341708717E-07,0,0,0
HD96700,166.977705,-30.17399,2456676.8126821,-5.530252,1.089986,12852.203189,1.116423,-11.3825,0.674692,12854.357505,0.532734,-11.353877,0.674728,-6.767451,7.874248,14.007677,1.648701,0.408046,0.000514,0.37373,0.000738,0.518761,0.000972,0,6.959869,40.767481,-0.013912,12.7,148.4,2456676.81268,22.704445,22.70452,0.113,-9999999,1.59461,0.979223,0.856073,0.559706,0.981119,0.51,250.0015,-6.766294,7.848143,2014-01-19T07:24:57.630,-9999999,G2,192.C-0852(A),Udry,-9999999,HARPS_ech_obs_all,HARPS_ech_obs_thosimult,STAR_WAVE_G1,5.60989581670345E-06,5.98264525612337E-07,0,0,0
HD96700,166.977705,-30.17399,2456699.6768944,1.982472,0.724768,12859.188213,0.633734,-4.192128,0.475211,12861.497556,0.375582,-4.183336,0.475191,2.137418,4.849381,8.965204,1.466018,0.405086,0.000337,0.372982,0.000492,0.512773,0.000645,0,6.951515,40.796109,-0.014501,12.7,220.5,2456699.67688,16.481819,16.481962,-0.213,-9999999,1.604574,0.656871,0.547232,0.704769,0.510448,0.51,450.0013,2.149578,4.837846,2014-02-11T04:05:33.489,-9999999,G2,192.C-0852(A),Udry,-9999999,HARPS_ech_obs_all,HARPS_ech_obs_thosimult,STAR_WAVE_G1,6.23595954588638E-06,4.62719618233667E-07,0,0,0
HD96700,166.977705,-30.17399,2456699.682465,2.426957,0.730365,12859.083912,0.636931,-3.7494,0.483706,12861.382788,0.380951,-3.711004,0.483676,0.411619,4.67872,11.236096,1.456512,0.40527,0.000344,0.373645,0.000502,0.51284,0.000657,0,6.956374,40.779453,-0.010699,12.7,216.5,2456699.68246,16.469627,16.469737,-0.054,-9999999,1.604577,0.655114,0.547231,0.694299,0.510448,0.51,450.001,0.419396,4.670071,2014-02-11T04:13:34.770,-9999999,G2,192.C-0852(A),Udry,-9999999,HARPS_ech_obs_all,HARPS_ech_obs_thosimult,STAR_WAVE_G1,6.45731651870389E-06,4.97923765017507E-07,0,0,0
HD96700,166.977705,-30.17399,2456713.7338738,4.107075,0.873065,12860.581349,0.778147,-1.70316,0.687636,12862.929207,0.547139,-1.694151,0.687679,1.484019,6.615696,10.755223,1.723325,0.404526,0.000516,0.379903,0.000754,0.512968,0.000979,0,6.954702,40.784949,-0.015696,12.7,146.2,2456713.73387,11.063202,11.063319,0.13,-9999999,1.6107,1.021236,0.537958,0.737158,0.55331,0.51,450.0017,1.484796,6.615274,2014-02-25T05:26:40.856,-9999999,G2,192.C-0852(A),Udry,-9999999,HARPS_ech_obs_all,HARPS_ech_obs_thosimult,STAR_WAVE_G1,8.07932008720966E-06,5.8361733331115E-07,0,0,0
HD96700,166.977705,-30.17399,2456713.7395575,2.746866,0.814432,12859.253978,0.738411,-3.065162,0.611473,12861.591156,0.488977,-3.06811,0.611542,-5.857648,5.192372,6.624422,1.656768,0.40497,0.000466,0.379744,0.000677,0.513738,0.000881,0,6.954989,40.804922,-0.014662,12.7,162.6,2456713.73955,11.048368,11.048495,-0.053,-9999999,1.610703,1.019443,0.537959,0.726475,0.553311,0.53,450.0015,-5.853751,5.186916,2014-02-25T05:34:42.907,-9999999,G2,192.C-0852(A),Udry,-9999999,HARPS_ech_obs_all,HARPS_ech_obs_thosimult,STAR_WAVE_G1,6.59791296962645E-06,5.1473462278733E-07,0,0,0
HD96700,166.977705,-30.17399,2456738.8024359,3.93979,0.645021,12862.834797,0.684744,-3.163924,0.345326,12863.194552,0.26776,-3.159702,0.345287,1.798177,3.519222,10.047505,0.856463,0.404148,0.000253,0.384716,0.000363,0.508434,0.000473,0,6.958077,40.799927,-0.010319,12.7,302.6,2456738.80243,0.170975,0.17112,-0.137,-9999999,1.621625,-0.272243,0.544795,-1.26187,0.630221,0.49,899.9999,1.774291,3.507208,2014-03-22T07:01:11.129,-9999999,G2,192.C-0852(A),Udry,-9999999,HARPS_ech_obs_all,HARPS_ech_obs_wavesimult,STAR_WAVE_G1,6.19670510758042E-06,3.67357380600988E-07,0,0,0
HD96700,166.977705,-30.17399,2456760.6744814,-2.462033,0.558959,12855.162291,0.54924,-9.309489,0.322347,12856.533623,0.248857,-9.305678,0.322467,-10.072511,3.822965,7.183468,0.81972,0.403166,0.000235,0.38499,0.000337,0.519927,0.000439,0,6.957542,40.817825,-0.014166,12.7,326.1,2456760.67447,-8.951376,-8.951237,0.695,-9999999,1.631157,-0.015985,0.456648,-0.259825,0.489627,0.51,900.0015,-10.072641,3.779821,2014-04-13T03:57:04.692,-9999999,G2,192.C-0852(A),Udry,-9999999,HARPS_ech_obs_all,HARPS_ech_obs_wavesimult,STAR_WAVE_G1,6.44868085905839E-06,2.68426412138395E-07,0,0,0
HD96700,166.977705,-30.17399,2456765.6141728,-3.154776,0.718755,12855.122263,0.662657,-10.233963,0.45044,12856.406192,0.359232,-10.238345,0.450561,7.596847,5.05341,10.088299,1.282267,0.402438,0.000333,0.379971,0.000486,0.519578,0.000629,0,6.958717,40.802086,-0.012914,12.7,227.3,2456765.61416,-10.778683,-10.778524,0.688,-9999999,1.63331,-0.247716,0.560101,-0.349381,0.556836,0.49,420.0002,7.61002,5.020493,2014-04-18T02:34:41.143,-9999999,G2,192.C-0852(A),Udry,-9999999,HARPS_ech_obs_all,HARPS_ech_obs_wavesimult,STAR_WAVE_G1,8.39998110372557E-06,4.39351335591498E-07,0,0,0
HD96700,166.977705,-30.17399,2456765.6194941,-2.781242,0.726516,12854.617276,0.668836,-9.862108,0.462725,12855.891205,0.370511,-9.883546,0.462744,3.950776,4.05415,6.338781,1.380653,0.402839,0.000343,0.3821,0.000502,0.520069,0.000648,0,6.956728,40.815296,-0.014466,12.7,220.7,2456765.61949,-10.792347,-10.792189,0,-9999999,1.633312,-0.249395,0.560099,-0.359383,0.556834,0.51,420.0003,3.958575,4.010793,2014-04-18T02:42:12.521,-9999999,G2,192.C-0852(A),Udry,-9999999,HARPS_ech_obs_all,HARPS_ech_obs_wavesimult,STAR_WAVE_G1,6.97061958139016E-06,4.91783380826895E-07,0,0,0
HD96700,166.977705,-30.17399,2456791.6257813,-6.610803,0.484047,12850.854944,0.454745,-13.409286,0.288054,12852.797587,0.21576,-13.406948,0.288228,-8.230873,3.787593,4.384596,0.874827,0.401455,0.000203,0.380963,0.000294,0.514623,0.000379,0,6.955127,40.828429,-0.013658,12.7,376.3,2456791.62578,-19.47984,-19.47976,0.563,-9999999,1.644646,0.032988,0.389007,0.297997,0.400301,0.49,900.0009,-8.216088,3.716848,2014-05-14T02:49:23.400,-9999999,G2,192.C-0852(A),Udry,-9999999,HARPS_ech_obs_all,HARPS_ech_obs_wavesimult,STAR_WAVE_G1,6.0040843670085E-06,2.77767747481056E-07,0,0,0
HD96700,166.977705,-30.17399,2456805.5255208,-0.403088,0.865187,12855.264172,1.018456,-7.68506,0.351471,12858.55867,0.273146,-7.717924,0.351509,-0.543373,3.676515,9.469468,1.06662,0.402815,0.000269,0.389059,0.000386,0.517389,0.0005,0,6.957927,40.780608,-0.013507,12.7,286.7,2456805.52551,-22.448682,-22.448627,-0.338,-9999999,1.650704,-0.450501,0.79058,1.643794,0.981144,0.49,900.0005,-0.533225,3.636644,2014-05-28T00:26:24.635,-9999999,G2,192.C-0852(A),Udry,-9999999,HARPS_ech_obs_all,HARPS_ech_obs_thosimult,STAR_WAVE_G1,6.80334462770794E-06,3.38896864616555E-07,0,0,0
HD96700,166.977705,-30.17399,2456833.4576461,2.253279,0.620917,12860.060382,0.645714,-3.49496,0.367793,12863.022099,0.284747,-3.548877,0.36791,0.362001,2.947151,4.723544,1.280882,0.402565,0.000256,0.388002,0.000379,0.515138,0.00049,0,6.954698,40.814537,-0.013451,12.7,290.9,2456833.45764,-24.813142,-24.813159,0.36,-9999999,1.662877,1.083232,0.500266,1.29884,0.579539,0.49,900.0013,0.394861,2.936716,2014-06-24T22:51:53.134,-9999999,G2,192.C-0852(A),Udry,-9999999,HARPS_ech_obs_all,HARPS_ech_obs_wavesimult,STAR_WAVE_G1,7.91120875508248E-06,3.25850745467827E-07,0,0,0
HD96700,166.977705,-30.17399,2456858.463382,-3.0984,0.798143,12854.181027,0.935259,-9.368851,0.350778,12856.844693,0.270419,-9.396487,0.350928,-7.741399,3.743317,6.239485,1.069832,0.403413,0.000256,0.389076,0.00037,0.516377,0.000479,0,6.95801,40.818583,-0.015542,12.7,298.2,2456858.46338,-22.503704,-22.503791,0.635,-9999999,1.673775,0.56102,0.716928,0.989891,0.895312,0.5,900.001,-7.733932,3.701578,2014-07-19T23:02:51.327,-9999999,G2,192.C-0852(A),Udry,-9999999,HARPS_ech_obs_all,HARPS_ech_obs_wavesimult,STAR_WAVE_G1,6.7032684553015E-06,3.07089799872073E-07,0,0,0
HD96700,166.977705,-30.17399,2456873.4572452,-5.808897,0.642068,12852.200953,0.545038,-11.516486,0.46352,12854.889645,0.362015,-11.527156,0.463539,-2.919266,5.177689,9.359071,1.204439,0.400414,0.000326,0.389952,0.000488,0.502093,0.000627,0,6.957827,40.791074,-0.014436,12.7,227.1,2456873.45724,-19.152132,-19.152259,0.739,-9999999,1.680309,1.123882,0.444298,1.008383,0.407445,0.52,900.001,-2.903495,5.139829,2014-08-03T22:55:12.406,-9999999,G2,192.C-0852(A),Udry,-9999999,HARPS_ech_obs_all,HARPS_ech_obs_wavesimult,STAR_WAVE_G1,8.66967979928192E-06,3.18149214353639E-07,0,0,0
HD96700,166.977705,-30.17399,2457003.8671408,-1.843493,0.63333,12855.051017,0.569733,-9.709997,0.311775,12855.774887,0.232941,-9.699303,0.311713,-12.048176,3.60438,12.993926,0.817786,0.403293,0.000214,0.380513,0.000312,0.513914,0.000405,0,6.958452,40.7931,-0.01266,12.7,351.5,2457003.86713,25.145632,25.145632,0.038,-9999999,1.737143,-1.035033,0.551275,-1.013273,0.519937,0.51,900.0005,-12.038057,3.553483,2014-12-12T08:42:24.938,-9999999,G2,192.C-0852(A),Udry,-9999999,HARPS_ech_obs_all,HARPS_ech_obs_wavesimult,STAR_WAVE_G1,6.56024084822418E-06,2.59849309064097E-07,0,0,0
HD96700,166.977705,-30.17399,2457037.7935035,-1.200195,0.818406,12856.09441,0.94418,-7.32927,0.278083,12858.55334,0.198482,-7.316286,0.277886,-7.721009,3.359097,12.455066,0.883966,0.40701,0.000182,0.376842,0.000263,0.514869,0.000344,128,6.95928,40.809645,-0.01406,12.7,415.1,2457037.7935,23.601005,23.601065,0.767,-9999999,1.751929,0.702396,0.769713,0.707001,0.923082,0.5,900.0006,-7.693811,3.326993,2015-01-15T06:52:27.312,-9999999,G2,192.C-0852(A),Udry,-9999999,HARPS_ech_obs_all,HARPS_ech_obs_wavesimult,STAR_WAVE_G1,7.19920467055005E-06,2.67837785396899E-07,0,0,0
HD96700,166.977705,-30.17399,2457048.722795,2.450028,0.789149,12859.279757,0.711658,-3.677075,0.551484,12862.255119,0.434052,-3.696272,0.551463,-8.431853,5.001259,13.915715,1.533719,0.407841,0.000408,0.364982,0.000583,0.519493,0.000778,0,6.960041,40.788649,-0.013391,12.7,185.6,2457048.72279,21.334601,21.3347,0.497,-9999999,1.756692,0.704368,0.564465,1.21867,0.563964,0.5,420.0008,-8.421209,4.995572,2015-01-26T05:13:27.591,-9999999,G2,192.C-0852(A),Udry,-9999999,HARPS_ech_obs_all,HARPS_ech_obs_wavesimult,STAR_WAVE_G1,7.03773073282298E-06,5.2564395217341E-07,0,0,0
HD96700,166.977705,-30.17399,2457048.7281296,3.04573,0.767007,12860.35543,0.69537,-3.083056,0.519306,12863.320768,0.406796,-3.089994,0.51928,-1.617451,5.127674,14.005438,1.441114,0.408223,0.000376,0.365294,0.000539,0.520523,0.000721,0,6.95782,40.789163,-0.01293,12.7,200.4,2457048.72812,21.323305,21.323385,0.394,-9999999,1.756694,0.702685,0.564466,1.208644,0.563965,0.52,420.0019,-1.608289,5.123517,2015-01-26T05:21:00.060,-9999999,G2,192.C-0852(A),Udry,-9999999,HARPS_ech_obs_all,HARPS_ech_obs_wavesimult,STAR_WAVE_G1,7.56799760396736E-06,4.94726393467409E-07,0,0,0
HD96700,166.977705,-30.17399,2457082.8303194,-6.499696,0.842028,12850.753406,0.873529,-11.90946,0.311017,12854.272117,0.239351,-11.919193,0.310994,-2.485229,3.581266,14.766105,0.97818,0.40482,0.000233,0.377001,0.000328,0.52512,0.000429,0,6.962599,40.762847,-0.012972,12.7,334.8,2457082.83031,9.274119,9.274273,0.27,-9999999,1.771556,1.421707,0.782483,1.747155,0.840098,0.47,900.0027,-2.468149,3.521323,2015-03-01T07:42:09.626,-9999999,G2,192.C-0852(A),Udry,-9999999,HARPS_ech_obs_all,HARPS_ech_obs_thosimult,STAR_WAVE_G1,6.65250618640849E-06,2.7909293391437E-07,0,0,0
HD96700,166.977705,-30.17399,2457103.71795,4.561731,1.256447,12860.765537,1.224286,-2.429773,0.946417,12862.012299,0.732335,-2.387072,0.946481,8.474888,8.952455,4.395058,2.573543,0.404923,0.000745,0.378929,0.001068,0.519479,0.00138,0,6.956357,40.830083,-0.015824,12.7,104.6,2457103.71795,0.462278,0.462435,0.311,-9999999,1.780659,-0.160033,0.82641,-0.533897,0.981102,0.38,900.0016,8.447028,8.951354,2015-03-22T05:01:11.306,-9999999,G2,192.C-0852(A),Udry,-9999999,HARPS_ech_obs_all,HARPS_ech_obs_wavesimult,STAR_WAVE_G1,5.31639644342871E-06,9.48059038961718E-07,0,0,0
HD96700,166.977705,-30.17399,2457141.5475306,-1.086054,0.796893,12856.450722,0.870285,-9.827491,0.317027,12856.685244,0.238763,-9.829678,0.317145,-1.922638,4.417705,8.987765,0.89773,0.399574,0.00022,0.389321,0.000323,0.509518,0.000419,0,6.957083,40.796846,-0.0132,12.7,341.8,2457141.54752,-14.586087,-14.585922,0.238,-9999999,1.797146,-1.909966,0.731117,-1.562624,0.836892,0.5,900.0001,-1.895165,4.375659,2015-04-29T00:55:18.886,-9999999,G2,192.C-0852(A),Udry,-9999999,HARPS_ech_obs_all,HARPS_ech_obs_wavesimult,STAR_WAVE_G1,6.61385859769668E-06,3.06326772424103E-07,0,0,0
HD96700,166.977705,-30.17399,2457181.5972825,-7.250928,0.959646,12867.285641,0.96478,-6.530364,0.262165,12868.177298,0.224378,-0.024355,0.308848,7.39045,9.419795,25.460269,4.159061,0.406639,0.000197,0.39016,0.000284,0.509214,0.000361,0,6.97213,40.704402,-0.001093,12.7,383.7,2457181.59727,-24.149866,-24.14984,0,-9999999,1.8146,-0.501296,0.923141,-0.922943,0.938325,0.5,899.9984,7.393797,9.424498,2015-06-08T02:10:48.724,-9999999,G2,192.C-0852(A),Udry,-9999999,HARPS_ech_obs_all,HARPS_ech_obs_wavesimult,STAR_WAVE_G1,7.02867475461617E-06,3.16937696595794E-07,0,0,0
HD96700,166.977705,-30.17399,2457365.8488248,2.536133,0.967597,12875.293007,0.85408,3.567191,0.269171,12877.990522,0.181744,8.818286,0.267591,10.747786,11.160722,32.201509,4.082946,0.408374,0.000185,0.378175,0.000253,0.512759,0.000328,128,6.973988,40.692038,-0.001336,12.7,428.3,2457365.84882,24.88702,24.886987,-0.191,-9999999,1.894898,-0.190802,0.929404,0.802617,0.834519,0.5,899.9983,10.750409,11.192709,2015-12-09T08:16:35.283,-9999999,G2,192.C-0852(A),Udry,-9999999,HARPS_ech_obs_all,HARPS_ech_obs_wavesimult,STAR_WAVE_G1,7.6084455273914E-06,2.33628188939444E-07,0,0,0
HD96700,166.977705,-30.17399,2457398.7666032,-3.031782,0.64924,12870.459026,0.618288,-0.870844,0.253493,12873.122815,0.225163,4.688192,0.308051,8.670259,9.030499,31.467799,4.079696,0.408033,0.000237,0.377982,0.000323,0.521849,0.000418,0,6.971746,40.690031,0.000043,12.7,335.6,2457398.76659,24.36506,24.36513,0.195,-9999999,1.909244,0.939078,0.597707,0.754545,0.575831,0.5,899.9982,8.684181,9.051311,2016-01-11T06:14:12.887,-9999999,G2,192.C-0852(A),Udry,-9999999,HARPS_ech_obs_all,HARPS_ech_obs_wavesimult,STAR_WAVE_G1,7.37182625348133E-06,2.62840693596148E-07,0,0,0
HD96700,166.977705,-30.17399,2457423.6948198,0.184981,0.544167,12873.903262,0.533761,0.472299,0.286364,12874.253616,0.255971,6.424685,0.335631,9.496169,8.468825,33.832234,4.239884,0.407046,0.000259,0.367331,0.000351,0.512079,0.000462,0,6.968545,40.680971,-0.000701,12.7,304.2,2457423.69482,18.6286,18.628712,-0.401,-9999999,1.920108,-0.934543,0.462724,-1.569754,0.46838,0.52,449.9982,9.495113,8.490298,2016-02-05T04:31:51.349,-9999999,G2,192.C-0852(A),Udry,-9999999,HARPS_ech_obs_all,HARPS_ech_obs_wavesimult,STAR_WAVE_G1,7.06995474325679E-06,2.7249800176324E-07,0,0,0
HD96700,166.977705,-30.17399,2457423.7002858,0.541703,0.556606,12874.41044,0.543327,0.839058,0.30935,12874.760961,0.275363,6.409108,0.355871,13.330621,8.603855,35.302372,4.184108,0.406983,0.000278,0.368169,0.000378,0.512064,0.000497,0,6.971395,40.674853,0.000276,12.7,283.3,2457423.70028,18.616799,18.616922,-0.165,-9999999,1.92011,-0.924505,0.462724,-1.569589,0.468379,0.5,449.9983,13.330473,8.629686,2016-02-05T04:39:52.584,-9999999,G2,192.C-0852(A),Udry,-9999999,HARPS_ech_obs_all,HARPS_ech_obs_wavesimult,STAR_WAVE_G1,7.21848455421883E-06,3.21826835936184E-07,0,0,0
HD96700,166.977705,-30.17399,2457463.5706394,2.334949,0.665275,12875.756399,0.643246,3.595919,0.31604,12878.404729,0.27894,9.653226,0.360376,10.413844,10.045745,34.143,4.223993,0.40593,0.000278,0.378552,0.000387,0.510296,0.000502,0,6.970362,40.672453,0.000964,12.7,281.3,2457463.57063,3.145393,3.145576,0.079,-9999999,1.937486,0.03911,0.585413,0.710844,0.579619,0.5,449.9983,10.433425,10.077566,2016-03-16T01:31:03.697,-9999999,G2,192.C-0852(A),Udry,-9999999,HARPS_ech_obs_all,HARPS_ech_obs_wavesimult,STAR_WAVE_G1,6.80972072847474E-06,3.26799659348424E-07,0,0,0
HD96700,166.977705,-30.17399,2457463.5761005,2.187532,0.676277,12875.551557,0.651887,3.458531,0.338605,12878.200056,0.298353,9.654998,0.3803,7.836964,9.897799,34.472867,4.165412,0.406075,0.000295,0.37955,0.000414,0.50996,0.000535,0,6.970145,40.669811,0.001492,12.7,263.5,2457463.57609,3.13366,3.133824,-0.063,-9999999,1.937489,0.049139,0.585403,0.71101,0.579605,0.48,449.9983,7.835229,9.926268,2016-03-16T01:39:04.532,-9999999,G2,192.C-0852(A),Udry,-9999999,HARPS_ech_obs_all,HARPS_ech_obs_wavesimult,STAR_WAVE_G1,6.89404330800027E-06,2.96741308627086E-07,0,0,0
HD96700,166.977705,-30.17399,2457943.5183104,-0.050366,0.822122,12874.571077,0.849971,-0.487969,0.325474,12875.833189,0.277286,6.292848,0.364023,17.62124,10.690695,27.775247,4.534518,0.406046,0.000233,0.391928,0.000343,0.504042,0.000434,0,6.970393,40.684089,0.001041,12.7,319.8,2457943.51831,-24.069578,-24.069617,1.54,-9999999,2.146652,-1.659464,0.754951,-0.88454,0.803469,0.51,899.9982,17.667389,10.708428,2017-07-09T00:20:37.208,-9999999,G2,198.C-0836(A),Diaz,-9999999,HARPS_ech_obs_all,HARPS_ech_obs_wavesimult,STAR_WAVE_G1,4.56771060824888E-06,3.41974754335608E-07,0,0,0
