target,ra,dec,BJD,RV_mlc_nzp,e_RV_mlc_nzp,RV_drs_nzp,e_RV_drs_nzp,RV_mlc,e_RV_mlc,RV_drs,e_RV_drs,RV_mlc_j,e_RV_mlc_j,CRX,e_CRX,dLW,e_dLW,Halpha,e_Halpha,NaD1,e_NaD1,NaD2,e_NaD2,f_RV,FWHM_DRS,CONTRAST_DRS,BIS,RVGUESS,SNR_DRS,BJD_DRS,BERV,BERV_DRS,DRIFT,e_DRIFT,SA,NZP_mlc,dNZP_mlc,NZP_drs,dNZP_drs,TMMEAN,EXPTIME,MLCRX,E_MLCRX,TIMEID,DRIFT_LAMP,MASK,PROGID,PROGPI,AIRMASS,OBHAB,THAR_FP,DPR_TYPE,RHKp,dRHKp,sourceflag,vsinflag,metflag
HIP112414,341.53511,-48.97905,2452937.568529,4.728552,1.009187,-18850.117366,1.078856,6.031588,0.533939,-18849.704158,0.447858,6.018886,0.534166,-9.471776,5.540566,-22.071585,1.572775,0.403523,0.000422,0.377242,0.000651,0.512503,0.000846,0,7.192588,44.010198,0.006581,-18.959,167.8,2452937.56829,-22.389895,-22.390264,0.281,-9999999,0,0.270348,0.856369,0.413208,0.981506,0.53,696.1961,-9.457496,5.559869,2003-10-25T01:30:11.925,-9999999,G2,072.C-0488(E),M. Mayor,-9999999,HARPS_ech_obs_all,HARPS_ech_obs_thosimult,STAR_WAVE_F9V,4.82659238145771E-06,5.53814770051194E-07,0,0,0
HIP112414,341.53511,-48.97905,2452941.5578165,5.091369,0.859028,-18849.570494,0.930808,7.341403,0.569516,-18848.217295,0.474744,7.358529,0.5698,5.207028,5.969394,-21.467253,1.454866,0.403813,0.000449,0.385619,0.000686,0.525537,0.000895,0,7.189348,43.968397,0.005099,-18.959,159.4,2452941.55772,-22.912626,-22.913242,0.453,-9999999,0.00045,1.217346,0.643102,1.352749,0.800639,0.52,415.4963,5.213131,5.989214,2003-10-29T01:17:45.317,-9999999,G2,072.C-0488(E),M. Mayor,-9999999,HARPS_ech_obs_all,HARPS_ech_obs_thosimult,STAR_WAVE_F9V,7.13032848961724E-06,5.53325600436181E-07,0,0,0
HIP112414,341.53511,-48.97905,2452946.5062345,10.783312,0.818458,-18843.619177,1.012046,12.259135,0.493006,-18842.909889,0.389819,12.286807,0.493174,-7.211478,12.665413,-22.427966,1.44697,0.404488,0.000361,0.377252,0.00056,0.524922,0.000728,0,7.19206,43.989948,0.008624,-18.959,195,2452946.5061,-23.335956,-23.336404,0.269,-9999999,0.001008,0.443135,0.653314,0.70828,0.933958,0.52,576.1959,-7.204617,12.677132,2003-11-03T00:02:38.088,-9999999,G2,072.C-0488(E),M. Mayor,-9999999,HARPS_ech_obs_all,HARPS_ech_obs_thosimult,STAR_WAVE_F9V,6.24837207099586E-06,4.12071964576084E-07,0,0,0
HIP112414,341.53511,-48.97905,2452947.5916171,0.279121,0.843194,-18853.80956,0.850316,2.493831,0.486953,-18852.676922,0.396469,2.520167,0.487092,-13.070142,7.747891,-31.069742,1.681578,0.399129,0.000384,0.375726,0.000591,0.525556,0.000771,0,7.194702,44.06954,0.007376,-18.959,184.9,2452947.59155,-23.564877,-23.56544,0.235,-9999999,0.001131,1.182022,0.68837,1.131507,0.75223,0.51,561.6959,-13.054439,7.754276,2003-11-04T02:05:55.621,-9999999,G2,072.C-0488(E),M. Mayor,-9999999,HARPS_ech_obs_all,HARPS_ech_obs_thosimult,STAR_WAVE_F9V,6.27638221626464E-06,4.31976904699354E-07,0,0,0
HIP112414,341.53511,-48.97905,2453203.8353598,-2.082164,0.970824,-18856.481006,1.051045,-2.957644,0.457307,-18857.946323,0.375952,-2.933007,0.457789,2.960896,4.371745,-29.088477,1.570207,0.402004,0.000366,0.379061,0.00056,0.511924,0.000723,0,7.189853,44.051249,0.005042,-19,195.1,2453203.83536,10.363842,10.364106,0.011,-9999999,0.030036,-1.908168,0.85637,-1.495353,0.981507,0.51,299.9769,2.954613,4.35771,2004-07-17T07:54:21.349,-9999999,G2,072.C-0488(E),Mayor,-9999999,HARPS_ech_obs_all,HARPS_ech_obs_thosimult,STAR_WAVE_F9,6.53938468373217E-06,3.90347080283408E-07,0,0,0
HIP112414,341.53511,-48.97905,2453206.8275876,-3.269446,1.036228,-18858.065841,1.096902,-3.932212,0.58344,-18859.271477,0.489738,-3.874266,0.583687,2.802698,4.884873,-17.373784,1.386714,0.403047,0.000468,0.377495,0.000714,0.525665,0.000926,0,7.193198,43.964,0.006033,-19,153.3,2453206.82758,9.293044,9.293307,0.095,-9999999,0.030374,-1.695454,0.856368,-1.23601,0.981504,0.5,450.0005,2.776775,4.870944,2004-07-20T07:41:49.331,-9999999,G2,072.C-0488(E),Mayor,-9999999,HARPS_ech_obs_all,HARPS_ech_obs_thosimult,STAR_WAVE_F9,6.07412914750593E-06,5.67945066142791E-07,0,0,0
HIP112414,341.53511,-48.97905,2453206.832686,-4.29719,1.086212,-18858.589276,1.129593,-4.961395,0.668198,-18859.804317,0.559129,-4.85195,0.668302,-0.366739,6.485423,-14.955519,1.633755,0.40342,0.000532,0.37867,0.000816,0.526117,0.001055,0,7.190264,43.965849,0.006013,-19,134.5,2453206.83268,9.282645,9.282924,-0.069,-9999999,0.030374,-1.696893,0.856369,-1.245415,0.981506,0.41,450.0016,-0.393799,6.471689,2004-07-20T07:49:50.316,-9999999,G2,072.C-0488(E),Mayor,-9999999,HARPS_ech_obs_all,HARPS_ech_obs_thosimult,STAR_WAVE_F9,7.35257165803744E-06,5.90362809161256E-07,0,0,0
HIP112414,341.53511,-48.97905,2453211.8540429,-4.123042,0.961914,-18858.117527,1.046145,-4.32518,0.438059,-18859.380461,0.362006,-4.238333,0.438339,5.209001,4.344176,-22.685844,1.275695,0.405615,0.000347,0.377871,0.000533,0.511227,0.000689,0,7.196757,44.026759,0.005442,-19,204.5,2453211.85403,7.378237,7.378526,0.265,-9999999,0.030941,-1.234826,0.856377,-1.293875,0.981515,0.48,899.9988,5.223803,4.32749,2004-07-25T08:16:15.921,-9999999,G2,072.C-0488(E),Mayor,-9999999,HARPS_ech_obs_all,HARPS_ech_obs_thosimult,STAR_WAVE_F9,7.87181981159E-06,3.4133476117573E-07,0,0,0
HIP112414,341.53511,-48.97905,2453216.827818,-4.750124,0.965623,-18858.351924,0.869942,-6.084058,0.625039,-18861.239891,0.521552,-6.076785,0.625355,4.304305,5.633202,-14.072951,1.569482,0.404612,0.000509,0.380344,0.000776,0.511592,0.000999,0,7.193859,43.963483,0.006125,-19,140.8,2453216.82781,5.526918,5.527217,0.137,-9999999,0.031502,-2.366622,0.736039,-2.919469,0.696264,0.5,400.0003,4.309548,5.615206,2004-07-30T07:42:12.739,-9999999,G2,072.C-0488(E),Mayor,-9999999,HARPS_ech_obs_all,HARPS_ech_obs_thosimult,STAR_WAVE_F9,5.34898773399949E-06,5.89814673584937E-07,0,0,0
HIP112414,341.53511,-48.97905,2453216.8328532,-3.055702,0.939621,-18856.727506,0.849725,-4.391057,0.584064,-18859.624762,0.487079,-4.315666,0.584297,-5.761537,5.876611,-15.9542,1.467479,0.404639,0.000472,0.381913,0.000722,0.522421,0.000927,0,7.190634,43.963667,0.006368,-19,151.6,2453216.83284,5.51677,5.517073,0.251,-9999999,0.031502,-2.368043,0.736041,-2.928758,0.696266,0.51,399.9949,-5.749326,5.862799,2004-07-30T07:49:23.770,-9999999,G2,072.C-0488(E),Mayor,-9999999,HARPS_ech_obs_all,HARPS_ech_obs_thosimult,STAR_WAVE_F9,7.2665150085044E-06,5.95336100572616E-07,0,0,0
HIP112414,341.53511,-48.97905,2453266.6707248,1.369294,0.986093,-18852.899162,1.064621,0.871815,0.488925,-18854.222311,0.412442,0.869629,0.489197,4.407336,4.49685,-25.014727,1.620334,0.403534,0.000373,0.385607,0.000578,0.522037,0.00075,0,7.19073,44.007111,0.005715,-19,188.3,2453266.67072,-13.415568,-13.415296,0.282,-9999999,0.037124,-1.530167,0.856348,-1.360273,0.981483,0.54,450.001,4.427597,4.500503,2004-09-18T03:56:15.657,-9999999,G2,072.C-0488(E),Mayor,-9999999,HARPS_ech_obs_all,HARPS_ech_obs_thosimult,STAR_WAVE_F9,5.0105104906124E-06,4.62796704207462E-07,0,0,0
HIP112414,341.53511,-48.97905,2453266.6759844,0.384892,0.976117,-18852.895397,1.05823,-0.114072,0.468479,-18854.228247,0.395656,-0.114601,0.469019,0.917586,4.167082,-26.223887,1.543413,0.403903,0.000357,0.384814,0.000552,0.524318,0.000719,0,7.192011,44.00122,0.004305,-19,196.9,2453266.67598,-13.426119,-13.425874,0.262,-9999999,0.037125,-1.531651,0.856348,-1.369975,0.981483,0.48,450.0011,0.929653,4.167691,2004-09-18T04:04:17.111,-9999999,G2,072.C-0488(E),Mayor,-9999999,HARPS_ech_obs_all,HARPS_ech_obs_thosimult,STAR_WAVE_F9,6.3475114694137E-06,4.38863908151376E-07,0,0,0
HIP112414,341.53511,-48.97905,2453269.6979427,2.002992,1.359932,-18854.825413,1.265215,1.497829,1.056449,-18854.102231,0.871001,1.546314,1.056578,3.797254,9.770291,-15.782528,2.71153,0.403498,0.000816,0.373431,0.001262,0.513385,0.001645,0,7.19653,43.930446,0.002844,-19,86.8,2453269.69794,-14.467995,-14.467724,0.146,-9999999,0.037466,-1.537851,0.856347,0.685716,0.917675,0.44,449.9999,3.80545,9.771606,2004-09-21T04:36:24.403,-9999999,G2,072.C-0488(E),Mayor,-9999999,HARPS_ech_obs_all,HARPS_ech_obs_thosimult,STAR_WAVE_F9,3.54047892602122E-06,1.06040651063905E-06,0,0,0
HIP112414,341.53511,-48.97905,2453269.7038351,5.589809,1.307147,-18850.039051,1.228829,5.082983,0.987574,-18849.326739,0.817248,5.085423,0.987888,11.029861,7.943327,-10.746914,2.67717,0.404631,0.000767,0.373247,0.001182,0.513219,0.001542,0,7.201836,43.924972,0.008388,-19,92.4,2453269.70383,-14.479251,-14.478989,0.054,-9999999,0.037466,-1.539514,0.856347,0.674846,0.917675,0.5,449.9968,11.032062,7.953022,2004-09-21T04:44:26.536,-9999999,G2,072.C-0488(E),Mayor,-9999999,HARPS_ech_obs_all,HARPS_ech_obs_thosimult,STAR_WAVE_F9,4.08890656303984E-06,9.03639264417593E-07,0,0,0
HIP112414,341.53511,-48.97905,2453289.609612,-0.547695,1.276521,-18855.613697,1.203433,1.802454,0.967602,-18853.793478,0.838304,1.889102,0.9679,11.90478,7.888413,-22.617089,2.697267,0.403954,0.000826,0.374769,0.001296,0.512529,0.001691,0,7.187378,44.038306,0.002503,-19,85.1,2453289.6096,-19.936064,-19.935867,0.053,-9999999,0.039712,1.317462,0.832618,1.780507,0.863422,0.51,59.9828,11.903615,7.890896,2004-10-11T02:33:39.311,-9999999,G2,072.C-0488(E),Mayor,-9999999,HARPS_ech_obs_all,HARPS_ech_obs_thosimult,STAR_WAVE_F9,3.55917315748471E-06,1.21104294805582E-06,0,0,0
HIP112414,341.53511,-48.97905,2453289.6106483,3.524645,1.237346,-18850.514459,1.178382,5.874502,0.9153,-18848.696152,0.801928,5.81416,0.915622,0.537703,6.94262,-23.402871,2.397024,0.401781,0.000831,0.374725,0.001282,0.513828,0.001677,0,7.18905,44.029293,-0.002229,-19,86.1,2453289.61064,-19.938032,-19.93784,0.045,-9999999,0.039712,1.317169,0.832617,1.778595,0.863421,0.48,59.9828,0.502692,6.952853,2004-10-11T02:35:10.651,-9999999,G2,072.C-0488(E),Mayor,-9999999,HARPS_ech_obs_all,HARPS_ech_obs_thosimult,STAR_WAVE_F9,3.26353282761501E-06,7.89661779931669E-07,0,0,0
HIP112414,341.53511,-48.97905,2453289.6117204,3.107916,1.366451,-18851.069829,1.281884,5.45747,1.083484,-18849.2535,0.947487,5.494984,1.08412,6.569709,10.169724,-21.409875,2.382103,0.400764,0.000951,0.375931,0.001489,0.513285,0.001939,0,7.194383,44.015349,0.006093,-19,74.6,2453289.61172,-19.940066,-19.939877,0.138,-9999999,0.039712,1.316866,0.832617,1.776617,0.863421,0.51,59.9831,6.552991,10.176348,2004-10-11T02:36:41.490,-9999999,G2,072.C-0488(E),Mayor,-9999999,HARPS_ech_obs_all,HARPS_ech_obs_thosimult,STAR_WAVE_F9,3.49276427759263E-06,1.21829753532852E-06,0,0,0
HIP112414,341.53511,-48.97905,2453289.6127513,3.851033,1.317595,-18850.620843,1.239721,6.200296,1.021179,-18848.806415,0.889614,6.116237,1.021306,6.848401,8.008812,-20.937664,2.744764,0.403242,0.000894,0.373317,0.001391,0.512061,0.001817,0,7.189167,44.011255,0.005833,-19,79.4,2453289.61275,-19.94202,-19.941845,0.136,-9999999,0.039712,1.316575,0.832617,1.774716,0.863421,0.49,59.9831,6.843449,8.018522,2004-10-11T02:38:11.759,-9999999,G2,072.C-0488(E),Mayor,-9999999,HARPS_ech_obs_all,HARPS_ech_obs_thosimult,STAR_WAVE_F9,6.8781966210581E-06,1.03528054395918E-06,0,0,0
HIP112414,341.53511,-48.97905,2453289.6137934,2.361171,1.389995,-18852.580636,1.306218,4.71014,1.11303,-18850.768131,0.980158,4.754715,1.113548,10.175079,9.604614,-20.462835,3.05483,0.402189,0.000985,0.37487,0.001537,0.515087,0.002008,0,7.192655,44.007293,0.003957,-19,72.5,2453289.61379,-19.943995,-19.943813,-0.057,-9999999,0.039712,1.316281,0.832617,1.772793,0.863421,0.48,59.9828,10.15511,9.610275,2004-10-11T02:39:42.408,-9999999,G2,072.C-0488(E),Mayor,-9999999,HARPS_ech_obs_all,HARPS_ech_obs_thosimult,STAR_WAVE_F9,3.25157908457695E-06,1.13610259955301E-06,0,0,0
HIP112414,341.53511,-48.97905,2453289.6148583,1.326462,1.216591,-18852.225141,1.163026,3.67513,0.887042,-18850.414599,0.779189,3.717294,0.887479,8.211503,8.106197,-23.603414,2.584516,0.403831,0.000791,0.375462,0.001228,0.512392,0.001602,0,7.187488,44.028879,-0.000287,-19,89.9,2453289.61486,-19.94601,-19.945824,-0.015,-9999999,0.039713,1.31598,0.832616,1.770829,0.86342,0.51,59.9829,8.211832,8.111231,2004-10-11T02:41:12.616,-9999999,G2,072.C-0488(E),Mayor,-9999999,HARPS_ech_obs_all,HARPS_ech_obs_thosimult,STAR_WAVE_F9,8.02105646418062E-06,7.71110786051605E-07,0,0,0
HIP112414,341.53511,-48.97905,2453289.6158959,1.178893,1.208687,-18853.284205,1.157245,3.527268,0.876171,-18851.475577,0.770533,3.510401,0.876578,11.409221,8.356826,-22.613232,2.416369,0.402389,0.000798,0.375583,0.001232,0.513977,0.001608,0,7.189784,44.025546,0.00185,-19,89.7,2453289.61589,-19.947973,-19.947768,-0.062,-9999999,0.039713,1.315687,0.832616,1.768915,0.86342,0.49,59.9826,11.390167,8.363824,2004-10-11T02:42:43.476,-9999999,G2,072.C-0488(E),Mayor,-9999999,HARPS_ech_obs_all,HARPS_ech_obs_thosimult,STAR_WAVE_F9,8.88025635981344E-06,6.94673006303153E-07,0,0,0
HIP112414,341.53511,-48.97905,2453289.6169647,-1.555098,1.285818,-18856.953944,1.21515,0.792975,0.979836,-18855.147288,0.855041,0.810002,0.980153,24.076483,7.967862,-17.023414,2.725717,0.401931,0.000871,0.37464,0.001353,0.517182,0.001773,0,7.192698,44.009274,0.001689,-19,81.7,2453289.61696,-19.949993,-19.949816,-0.118,-9999999,0.039713,1.315386,0.832616,1.766943,0.86342,0.51,59.9829,24.066999,7.968718,2004-10-11T02:44:14.625,-9999999,G2,072.C-0488(E),Mayor,-9999999,HARPS_ech_obs_all,HARPS_ech_obs_thosimult,STAR_WAVE_F9,1.0213471981299E-06,1.06294786792901E-06,0,0,0
HIP112414,341.53511,-48.97905,2453289.618002,-0.245862,1.323713,-18856.808689,1.244699,2.101919,1.029061,-18855.003946,0.896539,2.120776,1.029315,0.079087,9.132832,-22.111365,2.755433,0.40493,0.000905,0.375269,0.001409,0.512354,0.001835,0,7.193785,44.014972,0.003282,-19,78.7,2453289.61799,-19.951951,-19.951756,-0.031,-9999999,0.039713,1.315093,0.832616,1.76503,0.863419,0.48,59.9829,0.070904,9.134977,2004-10-11T02:45:46.054,-9999999,G2,072.C-0488(E),Mayor,-9999999,HARPS_ech_obs_all,HARPS_ech_obs_thosimult,STAR_WAVE_F9,2.41717646215533E-06,1.309466233446E-06,0,0,0
HIP112414,341.53511,-48.97905,2453289.6190788,0.18281,1.335869,-18854.643751,1.256034,2.530287,1.044652,-18852.840995,0.912211,2.553774,1.045018,20.421035,9.828161,-20.523573,2.871571,0.401436,0.000918,0.375506,0.001435,0.514136,0.001871,0,7.188343,44.021689,0.001431,-19,77.3,2453289.61907,-19.953983,-19.953782,-0.04,-9999999,0.039713,1.314789,0.832616,1.763043,0.863419,0.52,59.9827,20.411959,9.830979,2004-10-11T02:47:16.693,-9999999,G2,072.C-0488(E),Mayor,-9999999,HARPS_ech_obs_all,HARPS_ech_obs_thosimult,STAR_WAVE_F9,6.5857469704323E-06,1.03627153171284E-06,0,0,0
HIP112414,341.53511,-48.97905,2453290.5934462,3.256359,1.612919,-18852.546425,1.514925,6.221907,1.486448,-18850.5396,1.337753,6.253018,1.486851,20.621473,13.395451,-33.760931,4.664339,0.406927,0.001255,0.376484,0.001949,0.515752,0.002508,0,7.195146,44.108545,0.00348,-19,57.6,2453290.59344,-20.135409,-20.135224,0.021,-9999999,0.039823,1.93286,0.626082,1.967002,0.710925,0.48,59.983,20.599648,13.399214,2004-10-12T02:10:30.060,-9999999,G2,072.C-0488(E),Mayor,-9999999,HARPS_ech_obs_all,HARPS_ech_obs_thosimult,STAR_WAVE_F9,4.87407424968733E-06,1.33832457314519E-06,0,0,0
HIP112414,341.53511,-48.97905,2453290.5945205,-0.669551,1.548486,-18856.57367,1.445627,2.295693,1.416274,-18854.568827,1.258739,2.358517,1.416678,14.511977,12.469785,-31.165198,3.814383,0.402138,0.001189,0.375824,0.001858,0.520821,0.002407,0,7.197693,44.085315,0.001423,-19,60.3,2453290.59451,-20.137453,-20.137267,0.149,-9999999,0.039823,1.932557,0.626082,1.96502,0.710924,0.52,59.983,14.489038,12.471765,2004-10-12T02:12:00.489,-9999999,G2,072.C-0488(E),Mayor,-9999999,HARPS_ech_obs_all,HARPS_ech_obs_thosimult,STAR_WAVE_F9,2.35444755422446E-06,1.7098426839508E-06,0,0,0
HIP112414,341.53511,-48.97905,2453290.5955828,1.592011,1.769032,-18853.764446,1.691069,4.556955,1.654538,-18851.761562,1.534373,4.519491,1.655032,-8.555864,15.03067,-39.367096,4.010254,0.403572,0.001392,0.375934,0.00217,0.523129,0.002811,0,7.198161,44.118419,0.008295,-19,52.2,2453290.59558,-20.139474,-20.139288,0.08,-9999999,0.039823,1.932257,0.626081,1.963061,0.710924,0.54,59.9831,-8.583115,15.032946,2004-10-12T02:13:31.078,-9999999,G2,072.C-0488(E),Mayor,-9999999,HARPS_ech_obs_all,HARPS_ech_obs_thosimult,STAR_WAVE_F9,-9999999,-9999999,-9999999,-9999999,-9999999
HIP112414,341.53511,-48.97905,2453290.5965806,-1.999457,1.677595,-18857.214123,1.590637,0.965206,1.556389,-18855.21308,1.422924,1.101532,1.55678,-0.815814,14.07657,-33.470517,4.362383,0.402593,0.001316,0.373053,0.002045,0.522795,0.002657,0,7.195643,44.110795,0.00211,-19,54.9,2453290.59657,-20.141371,-20.141176,0.122,-9999999,0.039823,1.931975,0.626081,1.96122,0.710923,0.46,59.9831,-0.827173,14.076453,2004-10-12T02:15:02.088,-9999999,G2,072.C-0488(E),Mayor,-9999999,HARPS_ech_obs_all,HARPS_ech_obs_thosimult,STAR_WAVE_F9,2.64088905037303E-06,1.62558954025739E-06,0,0,0
HIP112414,341.53511,-48.97905,2453290.5976653,4.095301,1.852349,-18850.758813,1.785115,7.059657,1.743336,-18848.759771,1.637444,7.044983,1.744084,-0.995563,15.729698,-33.62226,4.357101,0.406202,0.001455,0.377462,0.002274,0.525009,0.002943,0,7.199513,44.128632,0.002239,-19,50,2453290.59766,-20.143434,-20.143259,0.105,-9999999,0.039823,1.931669,0.626081,1.959219,0.710923,0.51,59.9829,-1.019118,15.732775,2004-10-12T02:16:32.817,-9999999,G2,072.C-0488(E),Mayor,-9999999,HARPS_ech_obs_all,HARPS_ech_obs_thosimult,STAR_WAVE_F9,6.30694977203159E-06,1.56596193486474E-06,0,0,0
HIP112414,341.53511,-48.97905,2453290.5987002,3.958912,1.784689,-18853.831772,1.698916,6.922976,1.671269,-18851.834639,1.543018,6.919536,1.671817,13.186862,14.616881,-28.522836,5.069772,0.402471,0.001384,0.375448,0.00217,0.515924,0.002789,0,7.200573,44.08457,0.009519,-19,52.1,2453290.59869,-20.145401,-20.145212,-0.016,-9999999,0.039823,1.931377,0.62608,1.95731,0.710923,0.49,59.9779,13.159205,14.620681,2004-10-12T02:18:03.436,-9999999,G2,072.C-0488(E),Mayor,-9999999,HARPS_ech_obs_all,HARPS_ech_obs_thosimult,STAR_WAVE_F9,-9999999,-9999999,-9999999,-9999999,-9999999
HIP112414,341.53511,-48.97905,2453290.5997406,1.726878,1.552997,-18855.19759,1.450207,4.690649,1.421205,-18853.202375,1.263998,4.749788,1.421483,29.805237,14.283048,-29.697792,4.009522,0.402368,0.001197,0.376072,0.001871,0.520552,0.002418,0,7.19411,44.097395,-0.000292,-19,60,2453290.59973,-20.147378,-20.147187,-0.18,-9999999,0.039824,1.931083,0.62608,1.955391,0.710922,0.48,59.9831,29.795264,14.28587,2004-10-12T02:19:33.935,-9999999,G2,072.C-0488(E),Mayor,-9999999,HARPS_ech_obs_all,HARPS_ech_obs_thosimult,STAR_WAVE_F9,7.47963475998328E-06,1.12691825087784E-06,0,0,0
HIP112414,341.53511,-48.97905,2453290.6007997,1.360362,1.59355,-18850.63983,1.49991,4.323834,1.46541,-18848.646569,1.320727,4.318631,1.465983,-1.800239,11.960998,-43.076329,4.499385,0.401901,0.001253,0.374152,0.001944,0.51687,0.00251,0,7.18604,44.131142,0.008445,-19,57.7,2453290.6008,-20.14939,-20.149204,-0.063,-9999999,0.039824,1.930784,0.626079,1.953437,0.710922,0.5,59.983,-1.843159,11.964713,2004-10-12T02:21:04.243,-9999999,G2,072.C-0488(E),Mayor,-9999999,HARPS_ech_obs_all,HARPS_ech_obs_thosimult,STAR_WAVE_F9,8.17302328336035E-07,1.64827110579792E-06,0,0,0
HIP112414,341.53511,-48.97905,2453290.6018569,5.893889,1.600621,-18848.895417,1.5018,8.857062,1.473096,-18846.904106,1.322873,8.86469,1.473802,26.152461,14.710706,-33.461898,3.934808,0.402501,0.00125,0.37783,0.001948,0.522498,0.00252,0,7.195639,44.095804,-0.001897,-19,57.9,2453290.60185,-20.151397,-20.151218,-0.051,-9999999,0.039824,1.930485,0.626079,1.951487,0.710921,0.52,59.9829,26.127791,14.717174,2004-10-12T02:22:34.392,-9999999,G2,072.C-0488(E),Mayor,-9999999,HARPS_ech_obs_all,HARPS_ech_obs_thosimult,STAR_WAVE_F9,5.42934673803639E-06,1.36441757089961E-06,0,0,0
HIP112414,341.53511,-48.97905,2453290.6028968,4.783151,1.544042,-18850.0561,1.450905,7.746031,1.411415,-18848.066708,1.264799,7.626991,1.411674,-12.071396,14.522474,-28.741764,3.086864,0.401504,0.001207,0.373566,0.001875,0.524916,0.002444,0,7.201627,44.055971,0.002374,-19,59.7,2453290.60289,-20.15337,-20.15319,-0.095,-9999999,0.039824,1.930192,0.626079,1.949568,0.710921,0.51,59.9782,-12.084437,14.526224,2004-10-12T02:24:04.851,-9999999,G2,072.C-0488(E),Mayor,-9999999,HARPS_ech_obs_all,HARPS_ech_obs_thosimult,STAR_WAVE_F9,-9999999,-9999999,-9999999,-9999999,-9999999
HIP112414,341.53511,-48.97905,2453292.5892289,6.151046,1.565969,-18849.251836,1.443292,7.114148,1.311069,-18849.097627,1.058183,7.125124,1.311449,10.270418,11.130245,-15.967501,2.916259,0.402179,0.000997,0.381863,0.001552,0.521118,0.00202,0,7.192605,43.955547,0.0083,-19,71.2,2453292.58923,-20.569366,-20.569211,0.045,-9999999,0.040048,-0.069586,0.856363,0.114161,0.981499,0.5,60.0007,10.250087,11.138092,2004-10-14T02:04:36.177,-9999999,G2,072.C-0488(E),Mayor,-9999999,HARPS_ech_obs_all,HARPS_ech_obs_thosimult,STAR_WAVE_F9,8.13884907999037E-06,1.13077318231834E-06,0,0,0
HIP112414,341.53511,-48.97905,2453292.5902719,1.988165,1.475645,-18850.2442,1.380196,2.950972,1.201737,-18850.091915,0.970362,3.062368,1.202151,1.896396,11.50983,-22.074389,2.900451,0.402275,0.00094,0.385455,0.001457,0.523071,0.001892,0,7.191626,43.984222,0.008636,-19,76,2453292.59027,-20.571337,-20.571174,0.137,-9999999,0.040048,-0.06988,0.856362,0.112237,0.981498,0.47,60.0008,1.8753,11.513127,2004-10-14T02:06:08.106,-9999999,G2,072.C-0488(E),Mayor,-9999999,HARPS_ech_obs_all,HARPS_ech_obs_thosimult,STAR_WAVE_F9,1.32027095785231E-06,1.16785088943592E-06,0,0,0
HIP112414,341.53511,-48.97905,2453292.591333,2.280251,1.435441,-18852.001407,1.353628,3.242759,1.152013,-18851.851079,0.932186,3.309639,1.152377,1.113239,8.502638,-17.437649,2.762447,0.402103,0.000914,0.383123,0.001404,0.525022,0.001835,0,7.196086,43.951102,0.002757,-19,78.5,2453292.59132,-20.573342,-20.573159,0.172,-9999999,0.040048,-0.07018,0.856362,0.11028,0.981498,0.47,59.9989,1.075226,8.507621,2004-10-14T02:07:39.785,-9999999,G2,072.C-0488(E),Mayor,-9999999,HARPS_ech_obs_all,HARPS_ech_obs_thosimult,STAR_WAVE_F9,-9999999,-9999999,-9999999,-9999999,-9999999
HIP112414,341.53511,-48.97905,2453292.5924367,6.471781,1.415607,-18848.442358,1.339588,7.433977,1.127203,-18848.294066,0.911678,7.453947,1.127729,17.656464,9.336947,-19.589404,2.75582,0.403211,0.000881,0.38485,0.001365,0.524604,0.001778,0,7.192122,43.964452,0.002273,-19,80.9,2453292.59243,-20.575427,-20.575272,0.068,-9999999,0.040048,-0.070491,0.856362,0.108244,0.981498,0.54,60.0009,17.640312,9.349096,2004-10-14T02:09:10.953,-9999999,G2,072.C-0488(E),Mayor,-9999999,HARPS_ech_obs_all,HARPS_ech_obs_thosimult,STAR_WAVE_F9,4.84903040797827E-06,1.26718559251707E-06,0,0,0
HIP112414,341.53511,-48.97905,2453292.5934549,5.156712,1.385442,-18849.748366,1.31701,6.118621,1.08908,-18849.601952,0.878167,6.090115,1.089526,14.698358,10.513567,-21.522358,2.401046,0.404297,0.000841,0.387313,0.00131,0.525207,0.001702,0,7.186114,43.970246,0.00698,-19,84.5,2453292.59345,-20.577349,-20.57719,0.131,-9999999,0.040049,-0.070779,0.856361,0.106365,0.981497,0.48,60.0007,14.671787,10.521888,2004-10-14T02:10:42.533,-9999999,G2,072.C-0488(E),Mayor,-9999999,HARPS_ech_obs_all,HARPS_ech_obs_thosimult,STAR_WAVE_F9,4.13254930628524E-06,1.13924426943296E-06,0,0,0
HIP112414,341.53511,-48.97905,2453292.5945286,2.591829,1.350027,-18850.535923,1.296432,3.553435,1.043656,-18850.391489,0.846994,3.549801,1.044027,-3.344153,8.470345,-16.317103,2.71003,0.402628,0.000818,0.38552,0.001266,0.526265,0.001649,0,7.191542,43.964801,0.005364,-19,87.2,2453292.59453,-20.579375,-20.579217,-0.02,-9999999,0.040049,-0.071082,0.856361,0.104385,0.981497,0.51,60.0007,-3.360948,8.475723,2004-10-14T02:12:13.502,-9999999,G2,072.C-0488(E),Mayor,-9999999,HARPS_ech_obs_all,HARPS_ech_obs_thosimult,STAR_WAVE_F9,4.43098797580462E-06,1.05988709931585E-06,0,0,0
HIP112414,341.53511,-48.97905,2453292.5956056,4.483724,1.39492,-18849.750122,1.324655,5.445026,1.101112,-18849.607675,0.889593,5.444365,1.101519,5.974595,9.052742,-19.832147,2.892388,0.403285,0.000862,0.385073,0.001334,0.526052,0.00174,0,7.189609,43.968124,0.00989,-19,82.8,2453292.5956,-20.581408,-20.581243,0.079,-9999999,0.040049,-0.071386,0.856361,0.102398,0.981497,0.51,59.9961,5.960819,9.060922,2004-10-14T02:13:46.571,-9999999,G2,072.C-0488(E),Mayor,-9999999,HARPS_ech_obs_all,HARPS_ech_obs_thosimult,STAR_WAVE_F9,7.02780233761473E-06,1.05188868898437E-06,0,0,0
HIP112414,341.53511,-48.97905,2453292.5966335,5.004388,1.594961,-18851.479362,1.465529,5.965399,1.345566,-18851.338811,1.08832,5.998134,1.346036,-14.90527,12.331692,-21.432923,3.224391,0.404421,0.001026,0.383861,0.001594,0.51466,0.002083,0,7.197745,43.957332,0.006149,-19,69.5,2453292.59662,-20.583346,-20.583178,0.045,-9999999,0.040049,-0.071676,0.856361,0.100502,0.981497,0.47,59.9961,-14.922901,12.338205,2004-10-14T02:15:17.780,-9999999,G2,072.C-0488(E),Mayor,-9999999,HARPS_ech_obs_all,HARPS_ech_obs_thosimult,STAR_WAVE_F9,4.76965866300857E-07,1.64199771840882E-06,0,0,0
HIP112414,341.53511,-48.97905,2453297.6632081,2.083765,1.207394,-18852.420942,1.049468,2.310939,1.01529,-18853.33142,0.856689,2.328743,1.015726,9.95139,9.484863,-31.358064,2.767877,0.402527,0.000833,0.376566,0.001297,0.523407,0.001687,0,7.1927,44.044628,0.001144,-19,85.1,2453297.6632,-21.687803,-21.687652,0.154,-9999999,0.04062,-0.805514,0.653442,-0.951098,0.60619,0.46,59.9829,9.969874,9.486772,2004-10-19T03:51:41.199,-9999999,G2,072.C-0488(E),Mayor,-9999999,HARPS_ech_obs_all,HARPS_ech_obs_thosimult,STAR_WAVE_F9,6.26621250759549E-06,9.29965552162179E-07,0,0,0
HIP112414,341.53511,-48.97905,2453297.6642649,4.100822,1.299243,-18849.305329,1.126876,4.327697,1.122963,-18850.217755,0.949938,4.326265,1.12335,7.318014,10.395495,-30.11042,2.535059,0.402043,0.000931,0.377463,0.00145,0.523071,0.00188,0,7.19516,44.067549,0.002391,-19,76.5,2453297.66426,-21.689464,-21.689321,0.142,-9999999,0.040621,-0.805812,0.653442,-0.953047,0.60619,0.47,59.9828,7.332371,10.399518,2004-10-19T03:53:11.908,-9999999,G2,072.C-0488(E),Mayor,-9999999,HARPS_ech_obs_all,HARPS_ech_obs_thosimult,STAR_WAVE_F9,3.31101179072795E-06,1.15394684443656E-06,0,0,0
HIP112414,341.53511,-48.97905,2453297.6653546,2.440413,1.231524,-18851.408372,1.065323,2.666981,1.04387,-18852.322809,0.876041,2.685759,1.044378,0.784366,10.583288,-26.054923,3.104378,0.403396,0.000844,0.375193,0.001318,0.519416,0.001708,0,7.197279,44.039263,0.005246,-19,83.6,2453297.66535,-21.69117,-21.691036,0.215,-9999999,0.040621,-0.80612,0.653442,-0.955058,0.60619,0.52,59.9827,0.791088,10.585779,2004-10-19T03:54:43.067,-9999999,G2,072.C-0488(E),Mayor,-9999999,HARPS_ech_obs_all,HARPS_ech_obs_thosimult,STAR_WAVE_F9,6.28196407520843E-06,1.1087214433824E-06,0,0,0
HIP112414,341.53511,-48.97905,2453297.6663867,5.178435,1.295877,-18848.689482,1.113309,5.404711,1.119067,-18849.605822,0.933805,5.362896,1.119654,3.947607,10.317029,-28.150573,2.480754,0.403934,0.000883,0.376937,0.001393,0.520141,0.001802,0,7.196202,44.02252,0.001811,-19,79.3,2453297.66638,-21.692779,-21.692638,0.19,-9999999,0.040621,-0.806411,0.653442,-0.956961,0.60619,0.48,59.9829,3.9594,10.32154,2004-10-19T03:56:14.646,-9999999,G2,072.C-0488(E),Mayor,-9999999,HARPS_ech_obs_all,HARPS_ech_obs_thosimult,STAR_WAVE_F9,-9999999,-9999999,-9999999,-9999999,-9999999
HIP112414,341.53511,-48.97905,2453297.6674811,2.011623,1.315184,-18851.441839,1.139624,2.23759,1.141369,-18852.360198,0.965027,2.2874,1.14198,1.96281,9.803624,-25.272724,3.046057,0.402335,0.00094,0.375972,0.001462,0.519762,0.001894,0,7.19807,44.025354,0.002666,-19,75.7,2453297.66748,-21.694478,-21.694341,0.07,-9999999,0.040621,-0.80672,0.653442,-0.95898,0.606189,0.5,59.9817,1.96479,9.80605,2004-10-19T03:57:48.013,-9999999,G2,072.C-0488(E),Mayor,-9999999,HARPS_ech_obs_all,HARPS_ech_obs_thosimult,STAR_WAVE_F9,1.453672169904E-06,1.30036347184971E-06,0,0,0
HIP112414,341.53511,-48.97905,2453297.6685368,0.534331,1.287485,-18852.8863,1.118321,0.76,1.109338,-18853.806607,0.939775,0.769189,1.109776,19.467432,9.560172,-23.242536,2.448088,0.401628,0.000935,0.377596,0.001444,0.521723,0.001872,0,7.202185,44.028202,0.004671,-19,76.8,2453297.66853,-21.69611,-21.695965,0.149,-9999999,0.040621,-0.807018,0.653442,-0.960928,0.606189,0.49,59.9828,19.463098,9.560809,2004-10-19T03:59:19.835,-9999999,G2,072.C-0488(E),Mayor,-9999999,HARPS_ech_obs_all,HARPS_ech_obs_thosimult,STAR_WAVE_F9,4.91399765944425E-06,1.24047582303552E-06,0,0,0
HIP112414,341.53511,-48.97905,2453297.6695842,-3.446047,1.332057,-18857.007218,1.149268,-3.220673,1.160771,-18857.929457,0.976397,-3.218258,1.161137,13.82782,10.088835,-27.899919,2.964731,0.40203,0.000935,0.375726,0.001464,0.521423,0.0019,0,7.195507,44.044481,0.009855,-19,75.5,2453297.66958,-21.697723,-21.697581,0.223,-9999999,0.040621,-0.807314,0.653441,-0.96286,0.606189,0.48,59.9827,13.831607,10.083624,2004-10-19T04:00:50.933,-9999999,G2,072.C-0488(E),Mayor,-9999999,HARPS_ech_obs_all,HARPS_ech_obs_thosimult,STAR_WAVE_F9,3.62800847933808E-06,1.61827532230456E-06,0,0,0
HIP112414,341.53511,-48.97905,2453297.6706436,4.414499,1.351284,-18849.955765,1.162564,4.639574,1.182786,-18850.879958,0.992013,4.620857,1.183164,2.968951,12.613235,-30.090125,2.886762,0.403115,0.000938,0.377104,0.001481,0.521346,0.001919,0,7.191438,44.035657,0.002303,-19,74.8,2453297.67064,-21.699347,-21.699209,0.21,-9999999,0.040621,-0.807613,0.653441,-0.964814,0.606189,0.5,59.9824,2.971621,12.616721,2004-10-19T04:02:21.272,-9999999,G2,072.C-0488(E),Mayor,-9999999,HARPS_ech_obs_all,HARPS_ech_obs_thosimult,STAR_WAVE_F9,-9999999,-9999999,-9999999,-9999999,-9999999
HIP112414,341.53511,-48.97905,2453297.6716846,4.673075,1.282156,-18848.317876,1.111486,4.897856,1.103149,-18849.243989,0.931631,4.849119,1.103812,13.122277,10.887798,-26.957226,2.855585,0.401782,0.000916,0.37772,0.001427,0.522303,0.00185,0,7.197475,44.036239,0.002109,-19,77.8,2453297.67168,-21.700936,-21.700795,0.194,-9999999,0.040621,-0.807907,0.653441,-0.966734,0.606189,0.47,59.9817,13.126968,10.892515,2004-10-19T04:03:53.021,-9999999,G2,072.C-0488(E),Mayor,-9999999,HARPS_ech_obs_all,HARPS_ech_obs_thosimult,STAR_WAVE_F9,1.68374244994892E-06,1.38870070942641E-06,0,0,0
HIP112414,341.53511,-48.97905,2453297.6727909,3.799855,1.270897,-18851.185693,1.099828,4.024323,1.090043,-18852.113847,0.917691,4.050047,1.090376,25.877558,9.671658,-26.959696,2.622128,0.402398,0.000902,0.378588,0.001406,0.522528,0.00182,0,7.196553,44.041956,0.00365,-19,79,2453297.67278,-21.702617,-21.702462,0.096,-9999999,0.040621,-0.808219,0.653441,-0.968775,0.606189,0.5,59.9778,25.882591,9.67568,2004-10-19T04:05:26.810,-9999999,G2,072.C-0488(E),Mayor,-9999999,HARPS_ech_obs_all,HARPS_ech_obs_thosimult,STAR_WAVE_F9,4.86181616192549E-06,1.09811266754323E-06,0,0,0
HIP112414,341.53511,-48.97905,2453298.5446106,6.402899,1.376568,-18848.860816,1.34959,6.734132,1.219423,-18848.886119,1.017944,6.734544,1.219786,21.073987,10.920537,-27.555291,3.253325,0.403498,0.000983,0.377693,0.001533,0.523518,0.001988,0,7.195868,44.025757,0.002465,-19,72.5,2453298.54461,-21.654505,-21.65437,-0.071,-9999999,0.04072,-0.701455,0.638708,-0.066023,0.886106,0.51,59.9836,21.084062,10.926356,2004-10-20T01:00:56.863,-9999999,G2,072.C-0488(E),Mayor,-9999999,HARPS_ech_obs_all,HARPS_ech_obs_thosimult,STAR_WAVE_F9,1.08196244990633E-06,1.58373514460195E-06,0,0,0
HIP112414,341.53511,-48.97905,2453298.5457108,4.711762,1.437615,-18849.210567,1.400707,5.042684,1.28794,-18849.237899,1.084803,5.045487,1.288435,17.472222,10.415043,-33.525993,3.654792,0.402159,0.001043,0.375085,0.00162,0.519738,0.002099,0,7.198215,44.027364,0.007624,-19,68.5,2453298.5457,-21.656523,-21.656382,0.074,-9999999,0.04072,-0.701766,0.638708,-0.068052,0.886106,0.53,59.9817,17.474424,10.418659,2004-10-20T01:02:30.732,-9999999,G2,072.C-0488(E),Mayor,-9999999,HARPS_ech_obs_all,HARPS_ech_obs_thosimult,STAR_WAVE_F9,-9999999,-9999999,-9999999,-9999999,-9999999
HIP112414,341.53511,-48.97905,2453298.5467683,3.686276,1.454713,-18850.261833,1.416366,4.016899,1.306998,-18850.291116,1.104948,4.003086,1.307374,8.429912,11.306903,-32.365742,3.80048,0.400005,0.00106,0.377983,0.001657,0.522532,0.002143,0,7.19604,44.040985,0.008631,-19,67.4,2453298.54676,-21.658465,-21.658311,-0.069,-9999999,0.04072,-0.702064,0.638707,-0.070003,0.886105,0.53,59.9816,8.4247,11.310594,2004-10-20T01:04:02.101,-9999999,G2,072.C-0488(E),Mayor,-9999999,HARPS_ech_obs_all,HARPS_ech_obs_thosimult,STAR_WAVE_F9,-9999999,-9999999,-9999999,-9999999,-9999999
HIP112414,341.53511,-48.97905,2453298.5478365,7.094794,1.450193,-18847.781872,1.412736,7.425116,1.301965,-18847.813126,1.100292,7.397064,1.302423,24.385418,11.421766,-31.179728,3.544349,0.401319,0.001058,0.37795,0.001649,0.520935,0.002132,0,7.192507,44.049316,0.006591,-19,67.6,2453298.54783,-21.660428,-21.660284,0.016,-9999999,0.04072,-0.702366,0.638707,-0.071974,0.886105,0.54,59.9824,24.385575,11.426995,2004-10-20T01:05:33.800,-9999999,G2,072.C-0488(E),Mayor,-9999999,HARPS_ech_obs_all,HARPS_ech_obs_thosimult,STAR_WAVE_F9,-9999999,-9999999,-9999999,-9999999,-9999999
HIP112414,341.53511,-48.97905,2453298.5488736,7.259896,1.312599,-18847.380093,1.304563,7.589925,1.146722,-18847.41326,0.957446,7.614163,1.147034,-2.132028,9.745999,-26.218532,3.188867,0.40147,0.000931,0.378957,0.001453,0.522153,0.001878,0,7.192346,44.012568,0.003109,-19,76.4,2453298.54886,-21.662335,-21.662192,0.119,-9999999,0.04072,-0.702659,0.638706,-0.073887,0.886104,0.51,59.9827,-2.13343,9.75399,2004-10-20T01:07:05.219,-9999999,G2,072.C-0488(E),Mayor,-9999999,HARPS_ech_obs_all,HARPS_ech_obs_thosimult,STAR_WAVE_F9,5.68692291502342E-06,1.17391126339286E-06,0,0,0
HIP112414,341.53511,-48.97905,2453298.549918,3.000244,1.280112,-18853.586784,1.283614,3.329978,1.109388,-18853.621877,0.928701,3.249531,1.109858,21.474989,11.066679,-31.631656,2.951444,0.401896,0.000924,0.376707,0.001427,0.521287,0.00185,0,7.195931,44.032577,0.007417,-19,77.6,2453298.54992,-21.664257,-21.664126,-0.04,-9999999,0.04072,-0.702953,0.638705,-0.075813,0.886104,0.49,59.9826,21.481508,11.069456,2004-10-20T01:08:36.658,-9999999,G2,072.C-0488(E),Mayor,-9999999,HARPS_ech_obs_all,HARPS_ech_obs_thosimult,STAR_WAVE_F9,4.90063218990323E-06,1.06223253276683E-06,0,0,0
HIP112414,341.53511,-48.97905,2453298.5510155,0.300499,1.299585,-18854.930088,1.298487,0.629923,1.131803,-18854.967205,0.949152,0.676836,1.132119,4.242758,11.348573,-30.642986,2.337945,0.401114,0.000936,0.379133,0.001456,0.522888,0.001883,0,7.186915,44.052481,0.009659,-19,76.4,2453298.55101,-21.666278,-21.666124,0.057,-9999999,0.040721,-0.703263,0.638705,-0.077838,0.886103,0.52,59.981,4.23185,11.348466,2004-10-20T01:10:09.687,-9999999,G2,072.C-0488(E),Mayor,-9999999,HARPS_ech_obs_all,HARPS_ech_obs_thosimult,STAR_WAVE_F9,8.38188860184868E-06,8.37469726282522E-07,0,0,0
HIP112414,341.53511,-48.97905,2453298.5520549,0.84925,1.277339,-18853.797832,1.280465,1.178381,1.106188,-18853.836866,0.924345,1.199936,1.106541,5.673713,9.377835,-28.786959,2.822426,0.402946,0.0009,0.376692,0.0014,0.523446,0.001817,0,7.19281,44.028749,0.004748,-19,79.1,2453298.55205,-21.668193,-21.668038,-0.095,-9999999,0.040721,-0.703557,0.638704,-0.079755,0.886103,0.5,59.9825,5.67114,9.378743,2004-10-20T01:11:40.697,-9999999,G2,072.C-0488(E),Mayor,-9999999,HARPS_ech_obs_all,HARPS_ech_obs_thosimult,STAR_WAVE_F9,-9999999,-9999999,-9999999,-9999999,-9999999
HIP112414,341.53511,-48.97905,2453298.5531124,2.83537,1.174997,-18851.394599,1.212061,3.164202,0.986243,-18851.435584,0.826991,3.150499,0.986715,20.019206,10.898037,-29.620383,2.480674,0.403381,0.000819,0.378125,0.001268,0.523714,0.001646,0,7.190056,44.016989,0.009634,-19,87.3,2453298.55311,-21.670143,-21.670016,0.141,-9999999,0.040721,-0.703855,0.638704,-0.081706,0.886102,0.51,59.9825,20.01457,10.901214,2004-10-20T01:13:11.475,-9999999,G2,072.C-0488(E),Mayor,-9999999,HARPS_ech_obs_all,HARPS_ech_obs_thosimult,STAR_WAVE_F9,4.68947845627555E-06,1.02696614249577E-06,0,0,0
HIP112414,341.53511,-48.97905,2453298.5541676,1.893035,1.320882,-18851.855678,1.314035,2.221569,1.156195,-18851.89861,0.970315,2.281649,1.156593,32.603158,9.572613,-31.702498,3.268134,0.404474,0.000982,0.377347,0.001504,0.519757,0.001942,0,7.188595,44.039061,0.010588,-19,74,2453298.55416,-21.672089,-21.671954,0.037,-9999999,0.040721,-0.704153,0.638703,-0.083653,0.886102,0.51,59.9821,32.602991,9.575323,2004-10-20T01:14:42.654,-9999999,G2,072.C-0488(E),Mayor,-9999999,HARPS_ech_obs_all,HARPS_ech_obs_thosimult,STAR_WAVE_F9,-9999999,-9999999,-9999999,-9999999,-9999999
HIP112414,341.53511,-48.97905,2453307.5306937,-0.172671,0.98317,-18854.921202,0.809015,1.562896,0.531673,-18852.53925,0.468252,1.542131,0.531957,9.337267,5.31882,-23.781573,1.644319,0.40299,0.000456,0.38663,0.000709,0.50982,0.000921,0,7.197504,44.034586,0.006599,-19,154,2453307.53068,-22.939031,-22.938937,0.099,-9999999,0.041733,0.702879,0.827011,2.340219,0.659731,0.54,299.9831,9.341102,5.323657,2004-10-29T00:39:40.978,-9999999,G2,072.C-0488(E),Mayor,-9999999,HARPS_ech_obs_all,HARPS_ech_obs_thosimult,STAR_WAVE_F9,8.11278727111171E-06,4.245633607893E-07,0,0,0
HIP112414,341.53511,-48.97905,2453307.5342851,0.969401,0.969092,-18854.969954,0.795544,2.703954,0.505168,-18852.594626,0.444577,2.679647,0.505475,1.978769,4.354994,-23.194304,1.542952,0.402515,0.000431,0.384994,0.000669,0.508113,0.000869,0,7.198607,44.040097,0.006405,-19,162.8,2453307.53428,-22.94546,-22.945364,0.261,-9999999,0.041734,0.701865,0.827009,2.333594,0.659728,0.47,299.9833,1.985829,4.366963,2004-10-29T00:45:12.300,-9999999,G2,072.C-0488(E),Mayor,-9999999,HARPS_ech_obs_all,HARPS_ech_obs_thosimult,STAR_WAVE_F9,7.62493942244321E-06,4.72294350853252E-07,0,0,0
HIP112414,341.53511,-48.97905,2453307.5382655,-1.702737,0.992454,-18857.053051,0.817287,0.030692,0.548657,-18854.685066,0.482411,0.03863,0.548932,3.475534,4.374618,-22.101346,1.469154,0.40323,0.00047,0.386559,0.00073,0.510089,0.000948,0,7.19734,44.037155,0.007052,-19,149.7,2453307.53826,-22.952594,-22.9525,0.343,-9999999,0.041734,0.700742,0.827007,2.326251,0.659726,0.51,299.9831,3.480236,4.376102,2004-10-29T00:50:44.232,-9999999,G2,072.C-0488(E),Mayor,-9999999,HARPS_ech_obs_all,HARPS_ech_obs_thosimult,STAR_WAVE_F9,5.61250408501272E-06,6.03634622864092E-07,0,0,0
HIP112414,341.53511,-48.97905,2453315.5881267,0.83861,1.020455,-18853.453001,1.08006,0.281026,0.554951,-18853.845531,0.450764,0.275414,0.555068,7.310128,5.289881,-10.834859,1.228162,0.404346,0.000442,0.38521,0.000676,0.510451,0.00088,0,7.193656,43.940052,0.006664,-19,161.4,2453315.58812,-23.762289,-23.762249,0.083,-9999999,0.042642,-1.590272,0.856363,-0.435172,0.981499,0.49,270.0012,7.304085,5.291059,2004-11-06T02:03:47.080,-9999999,G2,072.C-0488(E),Mayor,-9999999,HARPS_ech_obs_all,HARPS_ech_obs_thosimult,STAR_WAVE_F9,7.35317395859561E-06,5.26277518754376E-07,0,0,0
HIP112414,341.53511,-48.97905,2453315.5916737,0.866977,1.030574,-18853.983309,1.085672,0.308391,0.573347,-18854.382381,0.464052,0.328214,0.573564,11.178746,4.630641,-11.624948,1.279972,0.403756,0.000442,0.385794,0.000684,0.51315,0.000892,0,7.195599,43.937633,0.005491,-19,159.6,2453315.59166,-23.767881,-23.767835,0.238,-9999999,0.042643,-1.591273,0.856362,-0.441715,0.981498,0.51,270.0012,11.179532,4.632279,2004-11-06T02:08:48.171,-9999999,G2,072.C-0488(E),Mayor,-9999999,HARPS_ech_obs_all,HARPS_ech_obs_thosimult,STAR_WAVE_F9,7.23584840070783E-06,4.69364210858949E-07,0,0,0
HIP112414,341.53511,-48.97905,2453315.5952781,1.494709,1.021,-18853.562697,1.079937,0.935106,0.555956,-18853.968418,0.450476,0.90569,0.55607,6.07424,4.984421,-11.622722,1.270858,0.404363,0.000432,0.386631,0.000667,0.512426,0.000868,0,7.193515,43.943758,0.008267,-19,163.8,2453315.59527,-23.773502,-23.773452,0.168,-9999999,0.042643,-1.592291,0.856361,-0.448364,0.981497,0.55,270.0014,6.066296,4.988083,2004-11-06T02:13:48.810,-9999999,G2,072.C-0488(E),Mayor,-9999999,HARPS_ech_obs_all,HARPS_ech_obs_thosimult,STAR_WAVE_F9,7.50759030197773E-06,4.57961143513352E-07,0,0,0
HIP112414,341.53511,-48.97905,2453340.5785524,-1.835285,0.931062,-18856.702228,1.021495,-1.396975,0.365397,-18856.300099,0.283028,-1.428527,0.365747,9.454604,3.394574,-21.187584,1.172147,0.403936,0.000265,0.385375,0.000411,0.514003,0.000538,0,7.190666,43.984841,0.007062,-19,264.7,2453340.57855,-22.976639,-22.976755,0.07,-9999999,0.045461,-0.594378,0.856366,0.356668,0.981502,0.49,419.9827,9.45896,3.386562,2004-12-01T01:51:36.340,-9999999,G2,072.C-0488(E),Mayor,-9999999,HARPS_ech_obs_all,HARPS_ech_obs_thosimult,STAR_WAVE_F9,6.49523060342083E-06,3.79172787487719E-07,0,0,0
HIP112414,341.53511,-48.97905,2453340.5837233,-2.363644,0.940539,-18857.333314,1.027523,-1.926794,0.388915,-18856.940723,0.304073,-1.89305,0.389271,13.763568,3.595755,-16.264712,1.188407,0.40417,0.000282,0.385821,0.000441,0.515424,0.000576,0,7.193112,43.961028,0.005255,-19,247.4,2453340.58371,-22.981861,-22.981965,0.015,-9999999,0.045462,-0.595838,0.856364,0.347129,0.981501,0.48,419.9826,13.76879,3.585004,2004-12-01T01:59:07.334,-9999999,G2,072.C-0488(E),Mayor,-9999999,HARPS_ech_obs_all,HARPS_ech_obs_thosimult,STAR_WAVE_F9,5.55299267486268E-06,4.31043884832111E-07,0,0,0
HIP112414,341.53511,-48.97905,2453345.5818296,-4.909519,0.912681,-18860.168647,0.97948,-4.442533,0.315636,-18859.608357,0.217866,-4.519354,0.316763,-2.254185,4.41091,-57.3824,2.916189,0.397295,0.000209,0.376917,0.000324,0.514305,0.00043,0,7.208633,44.3449,0.00638,-19,334.1,2453345.58182,-22.292673,-22.2928,0.184,-9999999,0.046026,-0.565702,0.856365,0.514264,0.954943,0.49,899.982,-2.2145,4.396755,2004-12-06T01:52:56.652,-9999999,G2,072.C-0488(E),Mayor,-9999999,HARPS_ech_obs_all,HARPS_ech_obs_thosimult,STAR_WAVE_F9,6.64219093283915E-06,3.06007668760912E-07,0,0,0
HIP112414,341.53511,-48.97905,2453346.5320835,-5.196723,0.828879,-18859.718559,0.934689,-3.174858,0.312982,-18858.235617,0.232801,-3.180219,0.313379,8.354692,2.765851,-21.370131,1.328765,0.40381,0.000227,0.381546,0.00035,0.530851,0.000463,0,7.18812,43.986988,0.005265,-19,311.5,2453346.53208,-22.083104,-22.08324,0.302,-9999999,0.046133,0.989177,0.767517,1.436809,0.905233,0.51,632.0013,8.376071,2.746261,2004-12-07T00:43:23.287,-9999999,G2,072.C-0488(E),Mayor,-9999999,HARPS_ech_obs_all,HARPS_ech_obs_thosimult,STAR_WAVE_F9,6.82832782066109E-06,2.5482842957536E-07,0,0,0
HIP112414,341.53511,-48.97905,2453346.5396896,-7.480649,0.829788,-18862.18823,0.935178,-5.460931,0.315391,-18860.719318,0.234773,-5.482088,0.315843,10.224801,2.960201,-19.945594,1.320048,0.404111,0.000227,0.381817,0.000351,0.530652,0.000465,0,7.189252,43.983823,0.006066,-19,310.3,2453346.53968,-22.092011,-22.092148,0.267,-9999999,0.046134,0.98703,0.767513,1.422778,0.905229,0.5,631.9995,10.241073,2.929174,2004-12-07T00:54:26.822,-9999999,G2,072.C-0488(E),Mayor,-9999999,HARPS_ech_obs_all,HARPS_ech_obs_thosimult,STAR_WAVE_F9,6.6961829021038E-06,2.92105680402975E-07,0,0,0
HIP112414,341.53511,-48.97905,2453401.5048751,39.910392,2.851672,-18865.721903,1.797481,40.834335,2.72004,-18865.13162,1.505831,40.623505,2.720766,-173.868434,59.369494,599.440106,36.722165,0.409842,0.001305,0.469962,0.002293,0.587224,0.002811,0,6.745572,36.694294,0.004801,-19,54.6,2453401.50486,-4.866162,-4.866448,-0.122,-9999999,0.052334,-0.108745,0.856396,0.537949,0.981535,0.44,349.9822,-173.963304,59.385149,2005-01-31T00:10:48.934,-9999999,G2,072.C-0488(E),Mayor,-9999999,HARPS_ech_obs_all,HARPS_ech_obs_thosimult,STAR_WAVE_F9,6.77841255946508E-06,1.43229182906119E-06,0,0,0
HIP112414,341.53511,-48.97905,2453401.5096575,13.153861,2.829969,-18861.749004,2.383582,14.076454,2.697279,-18861.167542,2.172109,14.157927,2.697668,-34.155384,28.854573,362.787718,19.532178,0.404745,0.001758,0.491086,0.003176,0.600741,0.003861,0,7.014716,40.818485,0.005804,-19,41,2453401.50966,-4.865294,-4.865578,-0.019,-9999999,0.052335,-0.110095,0.856393,0.529127,0.981532,0.53,349.9816,-34.186953,28.855988,2005-01-31T00:17:10.642,-9999999,G2,072.C-0488(E),Mayor,-9999999,HARPS_ech_obs_all,HARPS_ech_obs_thosimult,STAR_WAVE_F9,1.50178346457529E-05,1.24521862136588E-06,0,0,0
HIP112414,341.53511,-48.97905,2453511.9190601,0.940715,0.887185,-18854.151425,1.014403,-0.021766,0.455796,-18855.7138,0.34698,0.023045,0.455898,-2.058258,3.765028,-4.775958,0.942672,0.405962,0.000346,0.385625,0.000533,0.522817,0.000679,0,7.190912,43.924811,0.006699,-19,206.4,2453511.91905,23.185914,23.185972,0.045,-9999999,0.064789,-1.995168,0.761148,-1.627164,0.953214,0.5,323.8001,-2.054662,3.765728,2005-05-21T09:59:43.570,-9999999,G2,072.C-0488(E),Mayor,-9999999,HARPS_ech_obs_all,HARPS_ech_obs_thosimult,STAR_WAVE_F9,7.00267946283822E-06,5.08685683174836E-07,0,0,0
HIP112414,341.53511,-48.97905,2453511.9231589,-0.15623,0.883627,-18854.725339,1.013035,-1.119868,0.448828,-18856.295274,0.342953,-1.048716,0.449062,-5.240982,4.023176,-4.876828,1.15552,0.406475,0.000343,0.384226,0.000526,0.523887,0.000673,0,7.192249,43.932399,0.006032,-19,208.8,2453511.92315,23.179272,23.179332,0.335,-9999999,0.06479,-1.996326,0.761151,-1.634725,0.953217,0.5,323.8004,-5.240294,4.020231,2005-05-21T10:05:37.676,-9999999,G2,072.C-0488(E),Mayor,-9999999,HARPS_ech_obs_all,HARPS_ech_obs_thosimult,STAR_WAVE_F9,7.45109868281446E-06,3.23589740298698E-07,0,0,0
HIP112414,341.53511,-48.97905,2453511.9272193,1.701282,0.897077,-18853.651569,1.020625,0.736498,0.474755,-18855.228994,0.364759,0.820783,0.475043,2.883931,4.434161,-0.400981,1.137367,0.406541,0.000364,0.384957,0.000558,0.523392,0.000713,0,7.194481,43.902436,0.00736,-19,196.7,2453511.92721,23.17263,23.172685,0.009,-9999999,0.06479,-1.997472,0.761153,-1.642215,0.953219,0.49,323.8004,2.878538,4.437708,2005-05-21T10:11:31.711,-9999999,G2,072.C-0488(E),Mayor,-9999999,HARPS_ech_obs_all,HARPS_ech_obs_thosimult,STAR_WAVE_F9,7.40127248836974E-06,4.53240113813954E-07,0,0,0
HIP112414,341.53511,-48.97905,2453512.8815004,2.120649,0.749462,-18852.215066,0.822565,1.707922,0.486312,-18853.665816,0.413628,1.805839,0.486714,-4.204467,4.186491,-23.038289,1.269945,0.404068,0.000408,0.38303,0.000628,0.521204,0.000803,0,7.195367,44.055295,0.007495,-19,175,2453512.88149,23.176234,23.176302,0.821,-9999999,0.064898,-1.445415,0.570258,-1.515648,0.711003,0.51,292.9819,-4.20782,4.197512,2005-05-22T09:05:44.500,-9999999,G2,072.C-0488(E),Mayor,-9999999,HARPS_ech_obs_all,HARPS_ech_obs_thosimult,STAR_WAVE_F9,6.61410345068025E-06,5.44893178389674E-07,0,0,0
HIP112414,341.53511,-48.97905,2453512.8851868,-2.435894,0.746613,-18857.822096,0.820134,-2.849662,0.481906,-18859.279646,0.408766,-2.777294,0.4824,-3.386359,4.698851,-25.249747,1.594878,0.404338,0.000402,0.383602,0.00062,0.522037,0.000793,0,7.195144,44.068279,0.005879,-19,177.3,2453512.88518,23.170885,23.170959,0.879,-9999999,0.064898,-1.446455,0.57026,-1.522448,0.711006,0.49,292.9753,-3.391046,4.691428,2005-05-22T09:11:08.843,-9999999,G2,072.C-0488(E),Mayor,-9999999,HARPS_ech_obs_all,HARPS_ech_obs_thosimult,STAR_WAVE_F9,6.18611078868164E-06,4.76768423919298E-07,0,0,0
HIP112414,341.53511,-48.97905,2453512.8889695,0.723672,0.764612,-18854.285292,0.833999,0.308836,0.509344,-18855.749819,0.435915,0.402147,0.509765,-5.217121,3.925286,-23.405005,1.190636,0.404377,0.00043,0.383511,0.000662,0.52059,0.000845,0,7.196204,44.051337,0.005398,-19,166.2,2453512.88897,23.165314,23.165382,1.117,-9999999,0.064899,-1.447523,0.570263,-1.529426,0.711009,0.5,292.9811,-5.218782,3.932121,2005-05-22T09:16:32.706,-9999999,G2,072.C-0488(E),Mayor,-9999999,HARPS_ech_obs_all,HARPS_ech_obs_thosimult,STAR_WAVE_F9,7.4389054198024E-06,3.80242133203504E-07,0,0,0
HIP112414,341.53511,-48.97905,2453543.8512226,0.887719,0.840314,-18851.794487,0.979014,1.708285,0.528591,-18853.041173,0.411404,1.71654,0.528808,17.557726,4.698942,-9.39536,1.168847,0.406689,0.00043,0.393559,0.000653,0.512711,0.000836,0,7.184044,43.942789,0.006149,-19,168.9,2453543.85122,18.112871,18.113076,0.131,-9999999,0.068392,-0.212122,0.653237,-1.315078,0.888378,0.49,419.9999,17.536642,4.708454,2005-06-22T08:18:04.596,-9999999,G2,072.C-0488(E),Mayor,-9999999,HARPS_ech_obs_all,HARPS_ech_obs_thosimult,STAR_WAVE_F9,6.34380325060902E-06,4.21538551206558E-07,0,0,0
HIP112414,341.53511,-48.97905,2453543.8564943,-3.110114,0.86281,-18857.321016,0.991363,-2.291036,0.563665,-18858.577427,0.439977,-2.297205,0.563805,11.483379,5.016233,-9.748967,1.289328,0.406556,0.000457,0.393352,0.000695,0.514384,0.000892,0,7.185247,43.954806,0.004109,-19,158.5,2453543.85648,18.103029,18.103248,0.166,-9999999,0.068392,-0.21361,0.65324,-1.324803,0.888381,0.5,419.999,11.459952,5.008138,2005-06-22T08:25:35.841,-9999999,G2,072.C-0488(E),Mayor,-9999999,HARPS_ech_obs_all,HARPS_ech_obs_thosimult,STAR_WAVE_F9,6.86705999670926E-06,4.87753653242471E-07,0,0,0
HIP112414,341.53511,-48.97905,2453547.8914911,-10.209205,0.942014,-18864.758764,1.025712,-9.153553,0.392403,-18864.667079,0.297789,-9.110274,0.392546,3.72694,4.122125,0.334206,0.978722,0.40666,0.000298,0.384326,0.000456,0.522385,0.000583,0,7.195943,43.903328,0.005629,-19,240.9,2453547.89149,16.993709,16.993892,-1.536,-9999999,0.068847,0.022964,0.856394,0.022838,0.981533,0.5,430.0026,3.736961,4.068395,2005-06-26T09:15:34.179,-9999999,G2,072.C-0488(E),Mayor,-9999999,HARPS_ech_obs_all,HARPS_ech_obs_thosimult,STAR_WAVE_F9,7.35205609613182E-06,3.37345738682364E-07,0,0,0
HIP112414,341.53511,-48.97905,2453547.8967244,-6.645478,0.956864,-18861.08283,1.034879,-5.591303,0.426818,-18861.000798,0.327969,-5.538104,0.426849,0.171428,4.007046,-0.051142,1.044207,0.406728,0.00033,0.384289,0.000503,0.52184,0.000643,0,7.195153,43.914256,0.005768,-19,218.2,2453547.89672,16.983535,16.983725,-1.367,-9999999,0.068848,0.021487,0.856397,0.013184,0.981535,0.48,430.002,0.176222,3.975802,2005-06-26T09:23:14.914,-9999999,G2,072.C-0488(E),Mayor,-9999999,HARPS_ech_obs_all,HARPS_ech_obs_thosimult,STAR_WAVE_F9,8.54108490012088E-06,3.35646935728356E-07,0,0,0
HIP112414,341.53511,-48.97905,2453550.8679503,-7.352444,0.920781,-18862.186386,1.012921,-6.290146,0.338298,-18862.05094,0.250252,-6.243195,0.338505,2.682127,3.290409,-0.874587,0.950614,0.407305,0.000249,0.385783,0.000383,0.524387,0.00049,0,7.194777,43.910075,0.005212,-19,288.3,2453550.86795,16.206432,16.206632,0.718,-9999999,0.069183,0.02961,0.856383,0.066263,0.981521,0.48,900.0003,2.70391,3.260442,2005-06-29T08:37:49.020,-9999999,G2,072.C-0488(E),Mayor,-9999999,HARPS_ech_obs_all,HARPS_ech_obs_thosimult,STAR_WAVE_F9,7.07914811367093E-06,3.10933416293769E-07,0,0,0
HIP112414,341.53511,-48.97905,2453694.5738351,-2.646532,0.892207,-18856.052785,0.941387,-0.983337,0.457583,-18856.135803,0.351754,-0.939406,0.457838,13.326035,4.148776,-14.04255,1.075953,0.404029,0.00034,0.387076,0.000523,0.515444,0.000683,0,7.189303,43.953032,0.00755,-19,208.7,2453694.57383,-23.883061,-23.883084,0.287,-9999999,0.085394,0.630507,0.765931,-0.168412,0.8732,0.5,270.0001,13.308303,4.147028,2005-11-20T01:44:44.498,-9999999,G2,072.C-0488(E),Mayor,-9999999,HARPS_ech_obs_all,HARPS_ech_obs_thosimult,STAR_WAVE_F9,7.46005360142084E-06,3.29581351625542E-07,0,0,0
HIP112414,341.53511,-48.97905,2453694.5773215,-0.559073,0.887294,-18853.150499,0.938261,1.103138,0.447931,-18853.239948,0.343302,1.106819,0.448152,10.259254,3.633738,-12.961417,1.050771,0.404268,0.000332,0.386886,0.00051,0.513953,0.000665,0,7.187296,43.95104,0.008819,-19,214,2453694.57731,-23.887763,-23.887785,0.266,-9999999,0.085394,0.629523,0.76593,-0.174843,0.873199,0.5,269.9999,10.244353,3.641564,2005-11-20T01:49:45.749,-9999999,G2,072.C-0488(E),Mayor,-9999999,HARPS_ech_obs_all,HARPS_ech_obs_thosimult,STAR_WAVE_F9,7.22386694870939E-06,3.76719589169604E-07,0,0,0
HIP112414,341.53511,-48.97905,2453694.5808334,-6.018509,0.880345,-18858.811604,0.935024,-4.35729,0.434004,-18858.907531,0.334358,-4.38008,0.434351,5.496539,4.052181,-12.539884,0.995356,0.40464,0.000325,0.38624,0.000498,0.514732,0.00065,0,7.189052,43.943411,0.007911,-19,219.2,2453694.58083,-23.892424,-23.892457,0.274,-9999999,0.085395,0.628532,0.765929,-0.181322,0.873198,0.51,270.0002,5.491346,4.034231,2005-11-20T01:54:46.500,-9999999,G2,072.C-0488(E),Mayor,-9999999,HARPS_ech_obs_all,HARPS_ech_obs_thosimult,STAR_WAVE_F9,6.45106388951411E-06,3.38664517681699E-07,0,0,0
HIP112414,341.53511,-48.97905,2453700.5726726,2.8998,0.992677,-18851.681232,1.079273,3.930011,0.580775,-18851.282176,0.448865,3.873855,0.58104,8.529613,5.183872,-15.813742,1.330108,0.401652,0.000447,0.374463,0.000679,0.528503,0.000893,0,7.187914,43.963484,0.006697,-19,161,2453700.57266,-23.523881,-23.523924,-0.054,-9999999,0.086071,-0.002476,0.805052,0.312985,0.981504,0.48,180.0005,8.529783,5.195937,2005-11-26T01:44:33.406,-9999999,G2,072.C-0488(E),Mayor,-9999999,HARPS_ech_obs_all,HARPS_ech_obs_thosimult,STAR_WAVE_F9,7.67176131118438E-06,4.03640937820288E-07,0,0,0
HIP112414,341.53511,-48.97905,2453700.5751788,-3.314925,1.001268,-18857.858494,1.084114,-2.285421,0.59534,-18857.464061,0.460386,-2.333716,0.595618,13.376621,5.471851,-15.533904,1.204688,0.402082,0.000457,0.374983,0.000695,0.528264,0.000913,0,7.188826,43.967522,0.008705,-19,157.4,2453700.57517,-23.526909,-23.526964,-0.005,-9999999,0.086071,-0.003184,0.805051,0.308362,0.981503,0.5,180.0013,13.384056,5.464225,2005-11-26T01:48:06.358,-9999999,G2,072.C-0488(E),Mayor,-9999999,HARPS_ech_obs_all,HARPS_ech_obs_thosimult,STAR_WAVE_F9,8.95126008672315E-06,5.2729057087995E-07,0,0,0
HIP112414,341.53511,-48.97905,2453700.5776485,-3.613453,0.981093,-18858.035726,1.073114,-2.584646,0.560748,-18857.645849,0.43385,-2.55231,0.561114,12.145004,5.031346,-19.116526,1.230375,0.401509,0.000426,0.376071,0.000651,0.528088,0.000854,0,7.187242,43.986472,0.004557,-19,168.1,2453700.57764,-23.52985,-23.529891,-0.188,-9999999,0.086071,-0.003881,0.80505,0.303806,0.981503,0.51,179.9996,12.148553,5.021731,2005-11-26T01:51:37.960,-9999999,G2,072.C-0488(E),Mayor,-9999999,HARPS_ech_obs_all,HARPS_ech_obs_thosimult,STAR_WAVE_F9,6.00351530837962E-06,4.29286307247059E-07,0,0,0
HIP112414,341.53511,-48.97905,2453700.5801325,1.036913,0.977541,-18853.18116,1.071163,2.065018,0.55451,-18852.795865,0.429005,2.0781,0.554894,3.970371,5.618905,-16.531511,1.426004,0.401716,0.00042,0.375529,0.000642,0.528548,0.000844,0,7.187178,43.976358,0.00254,-19,170.6,2453700.58013,-23.532766,-23.532818,-0.085,-9999999,0.086071,-0.004582,0.805049,0.299224,0.981502,0.51,179.9987,3.973843,5.62498,2005-11-26T01:55:12.592,-9999999,G2,072.C-0488(E),Mayor,-9999999,HARPS_ech_obs_all,HARPS_ech_obs_thosimult,STAR_WAVE_F9,7.2375297125468E-06,4.62693148402692E-07,0,0,0
HIP112414,341.53511,-48.97905,2453866.9114304,-1.271824,0.922529,-18856.539107,1.013323,-0.431386,0.342975,-18856.930205,0.251786,-0.354099,0.343421,1.044025,3.549516,-8.435082,0.856322,0.406852,0.000254,0.384069,0.000385,0.511804,0.000493,0,7.189853,43.943117,0.005725,-19,284.8,2453866.91155,23.498584,23.498439,-0.046,-9999999,0.104834,-0.19225,0.856404,-0.495932,0.981544,0.47,420.0015,1.053607,3.548157,2006-05-11T09:49:18.548,-9999999,G2,072.C-0488(E),Mayor,-9999999,HARPS_ech_obs_all,HARPS_ech_obs_thosimult,STAR_WAVE_F9,7.12390635449872E-06,3.26348172017549E-07,0,0,0
HIP112414,341.53511,-48.97905,2453866.9166925,-0.943625,0.9219,-18855.627533,1.012882,-0.104673,0.341272,-18856.028337,0.249991,-0.039976,0.341654,5.214813,3.393106,-8.671207,0.805874,0.406656,0.000252,0.383964,0.000382,0.512038,0.00049,0,7.188349,43.944439,0.004895,-19,286.9,2453866.9168,23.491312,23.49116,0.085,-9999999,0.104835,-0.193736,0.856407,-0.505639,0.981547,0.47,420.0015,5.217521,3.393899,2006-05-11T09:56:53.163,-9999999,G2,072.C-0488(E),Mayor,-9999999,HARPS_ech_obs_all,HARPS_ech_obs_thosimult,STAR_WAVE_F9,7.4644459195047E-06,2.5678575746992E-07,0,0,0
HIP112414,341.53511,-48.97905,2453944.7969899,-4.766996,0.951795,-18859.03507,1.014838,-3.118461,0.415407,-18857.898096,0.320383,-3.076997,0.415595,13.918029,3.77176,-0.345973,0.879991,0.405777,0.000324,0.381978,0.000488,0.512162,0.000629,0,7.196504,43.903514,0.004875,-19,224.3,2453944.7971,6.551968,6.552017,0,-9999999,0.11362,0.615847,0.856359,1.023354,0.962938,0.49,414.5002,13.918308,3.758742,2006-07-28T06:57:51.976,-9999999,G2,077.C-0364(E),Mayor,-9999999,HARPS_ech_obs_all,HARPS_ech_obs_thosimult,STAR_WAVE_F9,6.40827038822941E-06,3.85747723213715E-07,0,0,0
HIP112414,341.53511,-48.97905,2453950.8508025,-4.980464,0.980351,-18858.682391,1.044471,-3.139067,0.477187,-18858.198275,0.3715,-3.123405,0.477158,6.502607,4.246605,-3.542958,1.179341,0.404342,0.000384,0.380614,0.000572,0.51312,0.000739,0,7.195447,43.918019,0.005942,-19,191.8,2453950.85092,4.114892,4.11496,-0.034,-9999999,0.114303,0.80871,0.856376,0.369813,0.97617,0.48,297.7007,6.496328,4.231979,2006-08-03T08:16:12.190,-9999999,G2,072.C-0488(E),Mayor,-9999999,HARPS_ech_obs_all,HARPS_ech_obs_thosimult,STAR_WAVE_F9,7.42493066761625E-06,3.55593588191625E-07,0,0,0
HIP112414,341.53511,-48.97905,2453974.6958912,-2.96984,0.934711,-18856.817541,0.909809,-1.564134,0.559864,-18856.464958,0.436736,-1.567549,0.560181,-1.325002,5.432942,-4.911122,1.237223,0.405397,0.000439,0.378829,0.000665,0.512575,0.000862,0,7.194378,43.919749,0.005442,-19,164.7,2453974.696,-5.116363,-5.116295,0,-9999999,0.116993,0.373018,0.74849,0.23559,0.798132,0.47,230.2986,-1.315389,5.428515,2006-08-27T04:33:45.609,-9999999,G2,072.C-0488(E),Mayor,-9999999,HARPS_ech_obs_all,HARPS_ech_obs_thosimult,STAR_WAVE_F9,6.64174091145846E-06,4.84827607057281E-07,0,0,0
HIP112414,341.53511,-48.97905,2453974.6989817,-4.688412,0.943064,-18858.440654,0.914104,-3.283579,0.5737,-18858.093772,0.445613,-3.21861,0.573995,-2.112365,5.254862,-3.454569,1.242429,0.406075,0.000446,0.379986,0.000678,0.513667,0.000878,0,7.195536,43.913863,0.005803,-19,161.7,2453974.69909,-5.122719,-5.122656,0,-9999999,0.116993,0.372146,0.74849,0.229889,0.798132,0.47,230.2998,-2.103312,5.243406,2006-08-27T04:38:12.632,-9999999,G2,072.C-0488(E),Mayor,-9999999,HARPS_ech_obs_all,HARPS_ech_obs_thosimult,STAR_WAVE_F9,7.82744527559219E-06,4.13566666183495E-07,0,0,0
HIP112414,341.53511,-48.97905,2453974.7020188,-6.129529,0.952208,-18860.210437,0.920578,-4.725553,0.58861,-18859.869157,0.458747,-4.710006,0.588807,1.098752,5.152373,-0.338388,1.404645,0.407297,0.000458,0.379983,0.000696,0.513791,0.000902,0,7.198556,43.8912,0.006021,-19,157.7,2453974.70213,-5.128977,-5.128935,0,-9999999,0.116994,0.371288,0.74849,0.224286,0.798132,0.46,230.3009,1.094743,5.13563,2006-08-27T04:42:37.346,-9999999,G2,072.C-0488(E),Mayor,-9999999,HARPS_ech_obs_all,HARPS_ech_obs_thosimult,STAR_WAVE_F9,6.88895823315206E-06,5.11824615284118E-07,0,0,0
HIP112414,341.53511,-48.97905,2454047.5582505,0.972448,0.93232,-18853.227175,1.020791,2.362872,0.368573,-18852.450313,0.280451,2.348408,0.36871,6.923669,3.65207,-5.760397,0.746576,0.403226,0.000278,0.387315,0.000421,0.511506,0.000548,0,7.194735,43.919384,0.005516,-19,259.3,2454047.55836,-23.789462,-23.789599,0.564,-9999999,0.125212,0.357737,0.856373,0.65165,0.98151,0.46,599.9999,6.919598,3.666634,2006-11-08T01:18:33.642,-9999999,G2,072.C-0488(E),Mayor,-9999999,HARPS_ech_obs_all,HARPS_ech_obs_thosimult,STAR_WAVE_F9,6.88168573345076E-06,3.19114324641693E-07,0,0,0
HIP112414,341.53511,-48.97905,2454293.8104717,-0.484125,0.810052,-18854.292278,0.823169,0.770635,0.28267,-18854.552637,0.206585,0.797679,0.283065,1.14761,3.555252,-2.209141,0.676491,0.405759,0.000205,0.390129,0.000308,0.521976,0.000397,0,7.19812,43.920207,0.00398,-19,355.1,2454293.81059,12.412122,12.412147,0,-9999999,0.152991,0.222072,0.759133,-0.41335,0.796825,0.53,899.9989,1.151311,3.560661,2007-07-12T07:13:28.372,-9999999,G2,072.C-0488(E),Mayor,-9999999,HARPS_ech_obs_all,HARPS_ech_obs_thosimult,STAR_WAVE_F9,6.74921387961147E-06,2.99626316087768E-07,0,0,0
HIP112414,341.53511,-48.97905,2454296.8314748,-2.103351,0.89147,-18854.570819,0.76378,-1.1173,0.247692,-18856.203091,0.165607,-1.093657,0.248076,10.442876,3.866525,-4.628355,0.758496,0.401146,0.000164,0.379522,0.000246,0.511447,0.000318,128,7.191628,43.951485,0.004895,-19,443.7,2454296.83159,11.338238,11.338277,0,-9999999,0.153331,-0.046637,0.856369,-1.785603,0.74561,0.51,899.9995,10.461132,3.860792,2007-07-15T07:43:50.727,-9999999,G2,072.C-0488(E),Mayor,-9999999,HARPS_ech_obs_all,HARPS_ech_obs_thosimult,STAR_WAVE_F9,6.53850840072522E-06,2.13210640924888E-07,0,0,0
HIP112414,341.53511,-48.97905,2454297.9218266,2.31395,0.759619,-18852.467742,0.851045,2.675488,0.306623,-18852.794422,0.228938,2.665432,0.307026,-6.851262,3.53853,-5.209188,0.823682,0.405818,0.000221,0.386822,0.000334,0.523013,0.000433,0,7.196534,43.926332,0.004271,-19,326.1,2454297.92193,10.811434,10.811519,0,-9999999,0.153454,-0.671149,0.694984,-0.480134,0.819674,0.47,899.9985,-6.856497,3.554058,2007-07-16T09:54:29.621,-9999999,G2,072.C-0488(E),Mayor,-9999999,HARPS_ech_obs_all,HARPS_ech_obs_thosimult,STAR_WAVE_F9,6.95091247170631E-06,2.96094655883948E-07,0,0,0
HIP112414,341.53511,-48.97905,2454388.6331293,-2.908881,0.991988,-18856.601666,0.735175,0.383019,0.543627,-18854.550459,0.42416,0.365506,0.543692,0.303013,5.867978,1.030312,1.205637,0.403817,0.000419,0.378965,0.000634,0.511904,0.000824,0,7.202144,43.886369,0.007034,-19,172.8,2454388.63324,-20.702251,-20.702311,0.246,-9999999,0.163687,2.259212,0.829765,1.88752,0.600475,0.47,399.9973,0.304921,5.869785,2007-10-15T03:05:15.310,-9999999,G2,072.C-0488(E),Mayor,-9999999,HARPS_ech_obs_all,HARPS_ech_obs_thosimult,STAR_WAVE_F9,6.09152213326589E-06,4.16544494253315E-07,0,0,0
HIP112414,341.53511,-48.97905,2454388.6382582,1.047237,0.975092,-18852.871779,0.720572,4.337689,0.512148,-18850.830032,0.398316,4.327574,0.512298,-1.839477,4.790328,2.032695,1.528539,0.403802,0.000393,0.378452,0.000595,0.511319,0.000773,0,7.201563,43.884751,0.004267,-19,184.1,2454388.63838,-20.711467,-20.711538,0.182,-9999999,0.163688,2.257764,0.829764,1.878059,0.600474,0.5,399.9973,-1.840896,4.805083,2007-10-15T03:12:26.476,-9999999,G2,072.C-0488(E),Mayor,-9999999,HARPS_ech_obs_all,HARPS_ech_obs_thosimult,STAR_WAVE_F9,6.45265796892433E-06,4.37318921940463E-07,0,0,0
HIP112414,341.53511,-48.97905,2454393.62929,-1.647657,0.955375,-18854.107668,1.014499,-0.060516,0.423556,-18854.961975,0.333734,-0.06598,0.423936,-6.250793,4.236326,-12.429834,0.988555,0.405311,0.000348,0.377416,0.000515,0.521801,0.00067,0,7.188702,43.941467,0.004223,-19,213,2454393.62939,-21.669324,-21.669378,0.081,-9999999,0.164251,0.554453,0.856353,-1.018558,0.958034,0.46,399.9975,-6.230472,4.23769,2007-10-20T03:00:17.994,-9999999,G2,072.C-0488(E),Mayor,-9999999,HARPS_ech_obs_all,HARPS_ech_obs_thosimult,STAR_WAVE_F9,7.45204750416169E-06,3.26651501010347E-07,0,0,0
HIP112414,341.53511,-48.97905,2454393.6342408,1.796428,0.97611,-18850.396517,1.028307,3.382171,0.468457,-18851.259957,0.373615,3.387091,0.468853,-4.044739,3.881933,-11.053054,0.992008,0.401898,0.000392,0.377906,0.000579,0.522687,0.000754,0,7.191,43.937723,0.003964,-19,189.5,2454393.63435,-21.677873,-21.677927,0.264,-9999999,0.164251,0.553055,0.856352,-1.027691,0.958033,0.45,399.9976,-4.021928,3.897915,2007-10-20T03:07:29.770,-9999999,G2,072.C-0488(E),Mayor,-9999999,HARPS_ech_obs_all,HARPS_ech_obs_thosimult,STAR_WAVE_F9,6.70830759104685E-06,3.85473489384957E-07,0,0,0
HIP112414,341.53511,-48.97905,2454673.8383275,4.58595,1.027111,-18849.050434,1.074399,6.012077,0.567085,-18848.570015,0.437006,6.065897,0.567325,-0.067459,5.798524,5.930865,1.195457,0.40613,0.000441,0.379638,0.000653,0.522841,0.000843,0,7.203051,43.880734,0.004032,-19,167.9,2454673.83844,7.060225,7.060293,-0.151,-9999999,0.19586,0.39344,0.856371,0.284559,0.981508,0.48,900,-0.065209,5.815383,2008-07-26T07:53:39.279,-9999999,G2,072.C-0488(E),Mayor,-9999999,HARPS_ech_obs_all,HARPS_ech_obs_thosimult,STAR_WAVE_F9,7.88704481939532E-06,5.28269596484634E-07,0,0,0
HIP112414,341.53511,-48.97905,2454681.8444381,3.552253,0.94265,-18850.882538,1.022713,4.764939,0.393971,-18850.474858,0.287364,4.786473,0.394471,-5.392297,4.193365,-5.124756,0.840757,0.406612,0.000293,0.378557,0.000432,0.524377,0.00056,0,7.194854,43.929249,0.005588,-19,253.3,2454681.84456,3.94796,3.948025,0.516,-9999999,0.196763,0.179999,0.856374,0.210917,0.981511,0.5,900,-5.397395,4.217737,2008-08-03T08:01:56.326,-9999999,G2,072.C-0488(E),Mayor,-9999999,HARPS_ech_obs_all,HARPS_ech_obs_thosimult,STAR_WAVE_F9,6.98057339217794E-06,2.92840448786634E-07,0,0,0
HIP112414,341.53511,-48.97905,2454733.6858184,-0.279177,1.007197,-18854.549561,1.067986,1.50595,0.530204,-18853.813504,0.421056,1.477304,0.530714,-12.653055,5.545303,-8.621987,1.367091,0.40488,0.000416,0.374898,0.00062,0.522165,0.00081,0,7.193483,43.935847,0.005709,-19,175.8,2454733.68593,-15.387181,-15.38713,0.006,-9999999,0.202611,0.752439,0.856347,0.533446,0.981482,0.46,200,-12.645222,5.551125,2008-09-24T04:20:58.710,-9999999,G2,072.C-0488(E),Mayor,-9999999,HARPS_ech_obs_all,HARPS_ech_obs_thosimult,STAR_WAVE_F9,6.76101837122626E-06,4.40325116779876E-07,0,0,0
HIP112414,341.53511,-48.97905,2454733.6885001,-0.134762,1.005017,-18854.084989,1.067286,1.649608,0.52605,-18853.353879,0.419277,1.623666,0.526449,-0.116741,5.505351,-7.505796,1.265913,0.404251,0.000422,0.375078,0.000626,0.521023,0.000815,0,7.193208,43.928703,0.00462,-19,174.4,2454733.68861,-15.392332,-15.392274,0.209,-9999999,0.202611,0.751682,0.856347,0.528499,0.981482,0.46,200,-0.11153,5.512407,2008-09-24T04:24:50.423,-9999999,G2,072.C-0488(E),Mayor,-9999999,HARPS_ech_obs_all,HARPS_ech_obs_thosimult,STAR_WAVE_F9,6.3910884202964E-06,4.85966580906797E-07,0,0,0
HIP112414,341.53511,-48.97905,2454733.6911594,-3.759235,1.011203,-18857.036672,1.070994,-1.975616,0.537774,-18856.310468,0.428627,-1.959782,0.538232,1.088787,5.228469,-7.836979,1.359157,0.405335,0.000435,0.375573,0.000643,0.52049,0.000836,0,7.196318,43.925759,0.004751,-19,169.9,2454733.69126,-15.397416,-15.397347,0.209,-9999999,0.202611,0.750931,0.856347,0.523593,0.981482,0.45,200,1.0958,5.2223,2008-09-24T04:28:42.197,-9999999,G2,072.C-0488(E),Mayor,-9999999,HARPS_ech_obs_all,HARPS_ech_obs_thosimult,STAR_WAVE_F9,7.50081894225787E-06,4.58953694061709E-07,0,0,0
HIP112414,341.53511,-48.97905,2454733.6938417,-2.992284,0.999959,-18857.23979,1.064186,-1.209422,0.516321,-18856.518533,0.411321,-1.234262,0.516766,2.090011,5.673831,-7.128536,1.18315,0.405118,0.000418,0.376024,0.000617,0.521381,0.000804,0,7.195148,43.923693,0.004157,-19,177.1,2454733.69395,-15.40252,-15.402462,0.343,-9999999,0.202612,0.750174,0.856347,0.518645,0.981482,0.45,200,2.087636,5.671098,2008-09-24T04:32:33.961,-9999999,G2,072.C-0488(E),Mayor,-9999999,HARPS_ech_obs_all,HARPS_ech_obs_thosimult,STAR_WAVE_F9,5.53558406045274E-06,3.93840204114402E-07,0,0,0
HIP112414,341.53511,-48.97905,2454736.6349012,0.172098,0.842031,-18853.778613,0.87807,1.660296,0.644809,-18853.390145,0.512153,1.630392,0.645273,4.47658,4.632578,-4.943358,1.715597,0.404478,0.000515,0.376167,0.000771,0.523799,0.001005,0,7.198237,43.911753,0.006821,-19,142.2,2454736.63501,-16.221569,-16.221528,0.302,-9999999,0.202943,0.45551,0.541514,0.185525,0.713237,0.45,300,4.47942,4.640179,2008-09-27T03:07:09.869,-9999999,G2,072.C-0488(E),Mayor,-9999999,HARPS_ech_obs_all,HARPS_ech_obs_thosimult,STAR_WAVE_F9,5.25095151471625E-06,5.6188808420126E-07,0,0,0
HIP112414,341.53511,-48.97905,2454736.6387384,2.029817,0.802656,-18851.699523,0.854594,3.516932,0.59247,-18851.318133,0.470772,3.537298,0.592909,-0.171957,5.619543,-5.038315,1.253089,0.403471,0.000473,0.374218,0.000705,0.523278,0.000922,0,7.200388,43.906797,0.002587,-19,154.9,2454736.63885,-16.22917,-16.22914,0.515,-9999999,0.202944,0.454427,0.541513,0.178446,0.713236,0.45,300,-0.175321,5.633264,2008-09-27T03:12:41.419,-9999999,G2,072.C-0488(E),Mayor,-9999999,HARPS_ech_obs_all,HARPS_ech_obs_thosimult,STAR_WAVE_F9,5.77996142050905E-06,5.59139160300422E-07,0,0,0
HIP112414,341.53511,-48.97905,2454736.6426492,1.314771,0.827883,-18852.864492,0.869772,2.800782,0.626222,-18852.490316,0.497794,2.828084,0.62648,-0.01138,5.595074,-4.920482,1.693111,0.403536,0.0005,0.376367,0.000748,0.523998,0.000977,0,7.198145,43.920053,0.004069,-19,146.3,2454736.64276,-16.236908,-16.236882,0.424,-9999999,0.202944,0.453323,0.541512,0.171232,0.713235,0.47,300,-0.017882,5.606177,2008-09-27T03:18:13.329,-9999999,G2,072.C-0488(E),Mayor,-9999999,HARPS_ech_obs_all,HARPS_ech_obs_thosimult,STAR_WAVE_F9,6.95370885361223E-06,5.63909200450136E-07,0,0,0
HIP112414,341.53511,-48.97905,2454746.6305414,1.269951,0.928019,-18852.113468,1.002931,2.873784,0.357601,-18851.848839,0.278317,2.87693,0.357907,2.409234,3.366804,-4.593182,0.81618,0.399662,0.000277,0.382337,0.000411,0.515312,0.000541,0,7.196455,43.912795,0.006401,-19,264.6,2454746.63066,-19.001554,-19.001566,0.243,-9999999,0.204071,0.571145,0.856353,0.060558,0.963541,0.48,430,2.397715,3.386771,2008-10-07T03:00:32.573,-9999999,G2,072.C-0488(E),Mayor,-9999999,HARPS_ech_obs_all,HARPS_ech_obs_thosimult,STAR_WAVE_F9,6.35962091310625E-06,3.56232416008247E-07,0,0,0
HIP112414,341.53511,-48.97905,2454746.6361242,1.644129,0.929062,-18852.004812,1.003516,3.246386,0.360301,-18851.750482,0.280422,3.244972,0.360743,3.621927,3.89393,-6.625716,0.845393,0.400432,0.000278,0.383095,0.000413,0.513978,0.000542,0,7.196551,43.920895,0.004674,-19,263.9,2454746.63624,-19.012154,-19.01215,0.315,-9999999,0.204071,0.569569,0.856352,0.050259,0.96354,0.47,430,3.615991,3.913068,2008-10-07T03:08:39.253,-9999999,G2,072.C-0488(E),Mayor,-9999999,HARPS_ech_obs_all,HARPS_ech_obs_thosimult,STAR_WAVE_F9,6.72202394712979E-06,3.34245375336909E-07,0,0,0
HIP112414,341.53511,-48.97905,2454753.6606223,-0.075961,0.590178,-18854.067574,0.512183,0.818791,0.355491,-18854.042023,0.277909,0.793464,0.355827,-2.36818,4.209495,-1.232324,0.801281,0.404165,0.000274,0.37673,0.00041,0.512621,0.000536,0,7.201482,43.904518,0.0054,-19,265.9,2454753.66074,-20.674412,-20.674441,0.378,-9999999,0.204864,-0.137936,0.471102,-0.179313,0.43023,0.49,900,-2.373918,4.216008,2008-10-14T03:40:37.031,-9999999,G2,072.C-0488(E),Mayor,-9999999,HARPS_ech_obs_all,HARPS_ech_obs_thosimult,STAR_WAVE_F9,6.76493860455863E-06,3.52332189321868E-07,0,0,0
HIP112414,341.53511,-48.97905,2454766.6147382,3.364664,0.797997,-18851.279142,0.690847,6.168632,0.577383,-18849.029229,0.462314,6.173343,0.577782,1.218411,4.977127,-3.550215,1.511052,0.404328,0.000482,0.386327,0.000711,0.513428,0.000928,0,7.200418,43.903222,0.004862,-19,154.4,2454766.61484,-22.852463,-22.852543,0.791,-9999999,0.206325,1.77128,0.550844,2.043588,0.513356,0.45,300,1.229596,5.000721,2008-10-27T02:40:59.790,-9999999,G2,072.C-0488(E),Mayor,-9999999,HARPS_ech_obs_all,HARPS_ech_obs_thosimult,STAR_WAVE_F9,7.81464210003898E-06,4.0621427352466E-07,0,0,0
HIP112414,341.53511,-48.97905,2454766.6186868,-0.002028,0.76205,-18854.275427,0.664166,2.800825,0.526586,-18852.032797,0.421406,2.791419,0.526915,-1.452681,4.230821,-3.315108,1.25669,0.404322,0.000426,0.385504,0.000634,0.513268,0.000829,0,7.201473,43.892651,0.005435,-19,172.7,2454766.6188,-22.858984,-22.859078,0.668,-9999999,0.206326,1.770165,0.550842,2.036304,0.513355,0.48,300,-1.443813,4.24557,2008-10-27T02:46:31.971,-9999999,G2,072.C-0488(E),Mayor,-9999999,HARPS_ech_obs_all,HARPS_ech_obs_thosimult,STAR_WAVE_F9,7.59517501168299E-06,4.35688286020022E-07,0,0,0
HIP112414,341.53511,-48.97905,2454766.6224208,2.277378,0.763284,-18851.692027,0.664875,5.079177,0.528372,-18849.456285,0.422525,5.021667,0.528805,1.613347,5.459053,-2.313609,1.307722,0.404978,0.00043,0.385534,0.000638,0.51332,0.000834,0,7.202699,43.895996,0.006652,-19,171.7,2454766.62253,-22.865085,-22.865167,0,-9999999,0.206326,1.769111,0.550841,2.029416,0.513353,0.45,300,1.616513,5.474145,2008-10-27T02:52:03.611,-9999999,G2,072.C-0488(E),Mayor,-9999999,HARPS_ech_obs_all,HARPS_ech_obs_thosimult,STAR_WAVE_F9,5.20256857249005E-06,5.38453441224835E-07,0,0,0
HIP112414,341.53511,-48.97905,2454767.5792672,1.944115,0.960252,-18853.079098,0.922605,3.875087,0.434421,-18851.045898,0.346092,3.88249,0.434781,4.446225,3.699212,-5.006447,1.044947,0.40358,0.000354,0.386864,0.000524,0.511571,0.000683,0,7.199204,43.905724,0.003714,-19,209.1,2454767.57938,-22.919626,-22.919726,0.771,-9999999,0.206434,0.898285,0.856366,1.826766,0.855231,0.46,300,4.447959,3.724178,2008-10-28T01:49:58.435,-9999999,G2,072.C-0488(E),Mayor,-9999999,HARPS_ech_obs_all,HARPS_ech_obs_thosimult,STAR_WAVE_F9,7.93878793062772E-06,3.78173510865646E-07,0,0,0
HIP112414,341.53511,-48.97905,2454767.5831114,-0.934967,0.965409,-18856.091813,0.926261,0.99492,0.445707,-18854.065704,0.355727,0.998518,0.446103,6.350842,4.060565,-6.537214,1.00073,0.404369,0.000365,0.387555,0.000539,0.512235,0.000702,0,7.196773,43.911837,0.003131,-19,203.5,2454767.58324,-22.926382,-22.92652,0.623,-9999999,0.206434,0.897199,0.856364,1.819675,0.855229,0.46,300,6.351388,4.06912,2008-10-28T01:55:30.595,-9999999,G2,072.C-0488(E),Mayor,-9999999,HARPS_ech_obs_all,HARPS_ech_obs_thosimult,STAR_WAVE_F9,6.74447216876729E-06,3.41940347211433E-07,0,0,0
HIP112414,341.53511,-48.97905,2454767.5869539,-1.271873,0.960357,-18856.276105,0.922439,0.656929,0.434659,-18854.257083,0.345657,0.641926,0.435016,14.796244,4.49779,-7.50554,0.970662,0.403316,0.000357,0.385127,0.000524,0.510986,0.000685,0,7.195365,43.916229,0.004756,-19,208.4,2454767.58706,-22.933098,-22.933196,0.442,-9999999,0.206435,0.896115,0.856363,1.812587,0.855228,0.46,300,14.795663,4.503152,2008-10-28T02:01:02.615,-9999999,G2,072.C-0488(E),Mayor,-9999999,HARPS_ech_obs_all,HARPS_ech_obs_thosimult,STAR_WAVE_F9,6.91974482017056E-06,3.43791743635465E-07,0,0,0
HIP112414,341.53511,-48.97905,2454777.5450685,2.76884,0.874707,-18851.81128,1.033275,5.354855,0.497375,-18849.454325,0.390332,5.338774,0.497653,-2.996966,4.636452,-1.87639,0.968714,0.404808,0.000389,0.388761,0.000582,0.509701,0.000755,0,7.199885,43.902645,0.006138,-19,188.3,2454777.54519,-23.743218,-23.74339,0,-9999999,0.207558,1.553327,0.719535,2.149397,0.956712,0.48,450,-2.999641,4.656475,2008-11-07T01:00:32.703,-9999999,G2,072.C-0488(E),Mayor,-9999999,HARPS_ech_obs_all,HARPS_ech_obs_thosimult,STAR_WAVE_F9,5.70847523467017E-06,4.08382530081754E-07,0,0,0
HIP112414,341.53511,-48.97905,2454777.5504859,4.189453,0.878083,-18849.983963,1.035437,6.773938,0.503291,-18847.637001,0.396026,6.761399,0.503468,-0.64944,4.27823,-2.981622,1.162937,0.404443,0.000394,0.388505,0.000592,0.509375,0.000767,0,7.200491,43.895555,0.00641,-19,185.5,2454777.55059,-23.75241,-23.752553,-0.12,-9999999,0.207559,1.551798,0.719533,2.139403,0.95671,0.45,450,-0.648564,4.30582,2008-11-07T01:08:34.301,-9999999,G2,072.C-0488(E),Mayor,-9999999,HARPS_ech_obs_all,HARPS_ech_obs_thosimult,STAR_WAVE_F9,6.9690192825134E-06,4.64238027576883E-07,0,0,0
HIP112414,341.53511,-48.97905,2454780.5625705,1.882765,0.950096,-18851.871437,1.031724,3.491914,0.411475,-18851.006806,0.317956,3.498819,0.411797,0.6161,3.698073,-6.479913,0.939415,0.403739,0.000317,0.378235,0.000473,0.51032,0.000615,0,7.195768,43.924187,0.004396,-19,231.6,2454780.56267,-23.895907,-23.896046,0.493,-9999999,0.207899,0.576461,0.856371,0.656732,0.981508,0.44,420,0.611332,3.717761,2008-11-10T01:26:36.740,-9999999,G2,072.C-0488(E),Mayor,-9999999,HARPS_ech_obs_all,HARPS_ech_obs_thosimult,STAR_WAVE_F9,6.43678706857501E-06,3.70625425419297E-07,0,0,0
HIP112414,341.53511,-48.97905,2454780.567955,4.218207,0.963573,-18849.641046,1.039775,5.825836,0.441707,-18848.786348,0.343188,5.803903,0.442063,5.285982,4.031577,-5.042559,0.992097,0.404394,0.000341,0.378122,0.000509,0.521115,0.000662,0,7.198145,43.906546,0.005801,-19,214.8,2454780.56806,-23.904523,-23.904688,0.224,-9999999,0.207899,0.574941,0.856369,0.646799,0.981506,0.47,420,5.282131,4.058113,2008-11-10T01:34:09.397,-9999999,G2,072.C-0488(E),Mayor,-9999999,HARPS_ech_obs_all,HARPS_ech_obs_thosimult,STAR_WAVE_F9,7.36124516563944E-06,3.71806129218257E-07,0,0,0
HIP112414,341.53511,-48.97905,2454801.5108777,5.941424,0.922968,-18847.537381,1.015409,6.583964,0.344181,-18847.716522,0.260098,6.60235,0.344722,0.358709,3.985042,-7.766612,0.751957,0.405937,0.000274,0.387027,0.000399,0.513056,0.000521,0,7.197038,43.929695,0.00563,-19,275.1,2454801.51099,-22.903802,-22.904054,0.19,-9999999,0.210262,-0.390148,0.856393,-0.389403,0.981531,0.48,450,0.36666,4.018828,2008-12-01T00:14:01.604,-9999999,G2,072.C-0488(E),Mayor,-9999999,HARPS_ech_obs_all,HARPS_ech_obs_thosimult,STAR_WAVE_F9,7.44497377920986E-06,2.73615385358378E-07,0,0,0
HIP112414,341.53511,-48.97905,2454801.5165078,4.841107,0.918646,-18848.551356,1.012841,5.482057,0.332426,-18848.740883,0.249896,5.439158,0.332958,3.714976,3.709613,-8.513436,0.743615,0.405944,0.000265,0.386272,0.000385,0.511647,0.000502,0,7.197282,43.928049,0.0063,-19,285,2454801.51662,-22.911791,-22.912061,0.273,-9999999,0.210262,-0.391737,0.85639,-0.399789,0.981528,0.49,450,3.721177,3.740152,2008-12-01T00:22:03.583,-9999999,G2,072.C-0488(E),Mayor,-9999999,HARPS_ech_obs_all,HARPS_ech_obs_thosimult,STAR_WAVE_F9,6.78178173691561E-06,2.8334357523854E-07,0,0,0
HIP112414,341.53511,-48.97905,2454803.5117358,7.764846,0.969671,-18846.5435,1.044034,8.387385,0.454813,-18846.738802,0.355814,8.381673,0.455106,-1.306403,5.067142,-2.332918,1.070446,0.405621,0.000357,0.379184,0.000531,0.52148,0.000689,0,7.197988,43.903136,0.005324,-19,206.7,2454803.51185,-22.647142,-22.647424,0.205,-9999999,0.210487,-0.410148,0.856392,-0.405789,0.981531,0.48,450,-1.284614,5.095392,2008-12-03T00:15:28.823,-9999999,G2,072.C-0488(E),Mayor,-9999999,HARPS_ech_obs_all,HARPS_ech_obs_thosimult,STAR_WAVE_F9,6.93900278676235E-06,3.83506021417887E-07,0,0,0
HIP112414,341.53511,-48.97905,2454803.5173671,6.232088,0.962694,-18848.438822,1.03989,6.853038,0.439746,-18848.644511,0.343472,6.829427,0.440038,0.69924,3.903739,-4.472442,0.870031,0.406178,0.000342,0.378749,0.000509,0.522891,0.000662,0,7.197714,43.905541,0.007098,-19,215.5,2454803.51748,-22.654891,-22.655155,0.239,-9999999,0.210488,-0.411738,0.85639,-0.416177,0.981528,0.49,450,0.708964,3.932812,2008-12-03T00:23:30.903,-9999999,G2,072.C-0488(E),Mayor,-9999999,HARPS_ech_obs_all,HARPS_ech_obs_thosimult,STAR_WAVE_F9,7.49657253234594E-06,3.77490843069857E-07,0,0,0
HIP112414,341.53511,-48.97905,2455025.7340827,6.844363,0.826502,-18847.398311,0.836655,8.739649,0.434256,-18846.771089,0.345055,8.820117,0.434272,-7.222857,4.243516,10.430656,0.897771,0.402297,0.000343,0.380248,0.000511,0.51178,0.00066,0,7.206914,43.855571,0.004818,-19,214.4,2455025.73408,12.053507,12.05376,-0.294,-9999999,0.235555,0.862599,0.703226,0.391667,0.762187,0.53,799.9987,-7.21254,4.273496,2009-07-13T05:24:17.622,-9999999,G2,183.C-0972(A),Udry,-9999999,HARPS_ech_obs_all,HARPS_ech_obs_thosimult,STAR_WAVE_F9,7.28010794207091E-06,3.70282025912976E-07,0,0,0
HIP112414,341.53511,-48.97905,2455036.798183,3.116435,0.746183,-18851.172704,0.840847,4.067977,0.280032,-18850.648318,0.210972,4.081501,0.28043,-4.249559,2.853292,-0.447211,0.709069,0.404302,0.000211,0.380096,0.000313,0.51117,0.000404,0,7.199835,43.905676,0.004845,-19,349.6,2455036.79818,7.983032,7.983315,0.396,-9999999,0.236803,-0.081146,0.691644,0.287583,0.81395,0.51,900.0006,-4.2473,2.88691,2009-07-24T06:55:29.129,-9999999,G2,183.C-0972(A),Udry,-9999999,HARPS_ech_obs_all,HARPS_ech_obs_thosimult,STAR_WAVE_F9,7.34552353410225E-06,2.31934949248888E-07,0,0,0
HIP112414,341.53511,-48.97905,2455037.9103773,2.089867,0.896638,-18852.110124,1.001712,2.46354,0.26558,-18852.479916,0.200001,2.478883,0.266083,2.205824,3.121763,-0.81097,0.749679,0.405379,0.000198,0.379817,0.000292,0.510548,0.000378,0,7.201884,43.901348,0.003902,-19,373.7,2455037.91037,7.3872,7.387478,0.497,-9999999,0.236929,-0.659015,0.856404,-0.606721,0.981543,0.49,900,2.210287,3.13914,2009-07-25T09:37:18.235,-9999999,G2,183.C-0972(A),Udry,-9999999,HARPS_ech_obs_all,HARPS_ech_obs_thosimult,STAR_WAVE_F9,6.83560334960955E-06,2.50197468591732E-07,0,0,0
HIP112414,341.53511,-48.97905,2455038.8341344,3.138922,0.904929,-18851.394349,1.0075,3.643797,0.29245,-18851.490142,0.22738,3.666467,0.292929,-2.633597,3.19187,2.47361,0.784909,0.405887,0.000233,0.379964,0.000342,0.521726,0.000441,0,7.202824,43.891159,0.006189,-19,320.6,2455038.83412,7.153464,7.153748,0.295,-9999999,0.237033,-0.527813,0.85637,-0.332826,0.981507,0.49,900.0007,-2.627974,3.214518,2009-07-26T07:47:28.886,-9999999,G2,183.C-0972(A),Udry,-9999999,HARPS_ech_obs_all,HARPS_ech_obs_thosimult,STAR_WAVE_F9,7.18152244126348E-06,2.53070209944268E-07,0,0,0
HIP112414,341.53511,-48.97905,2455039.805475,6.871485,0.764232,-18847.475877,1.012018,7.213619,0.318133,-18847.482059,0.246667,7.225645,0.318699,2.087829,3.807013,-8.613633,0.595644,0.401577,0.000243,0.389054,0.000363,0.52138,0.000469,0,7.192675,43.928734,0.005062,-19,301.4,2455039.80547,6.831506,6.831783,0.364,-9999999,0.237142,-0.690554,0.694868,-0.243324,0.981497,0.55,899.9999,2.103127,3.841321,2009-07-27T07:05:16.747,-9999999,G2,183.C-0972(A),Udry,-9999999,HARPS_ech_obs_all,HARPS_ech_obs_thosimult,STAR_WAVE_F9,6.65616395259162E-06,2.47834631120728E-07,0,0,0
HIP112414,341.53511,-48.97905,2455045.8118308,4.616708,0.906565,-18849.554178,1.008951,5.165592,0.297493,-18849.530869,0.233757,5.18085,0.297956,-1.315344,3.715083,-3.288187,0.748087,0.406036,0.000239,0.388372,0.00035,0.523672,0.000454,0,7.200315,43.915349,0.005652,-19,312.6,2455045.81183,4.504791,4.505063,0.578,-9999999,0.23782,-0.483803,0.856363,-0.214511,0.981499,0.49,899.9993,-1.321207,3.745646,2009-08-02T07:15:10.024,-9999999,G2,183.C-0972(A),Udry,-9999999,HARPS_ech_obs_all,HARPS_ech_obs_thosimult,STAR_WAVE_F9,7.21803737234574E-06,2.50679137817669E-07,0,0,0
HIP112414,341.53511,-48.97905,2455047.832279,7.308866,0.71098,-18847.066016,0.741878,8.513588,0.366393,-18846.550384,0.292033,8.557526,0.366648,-0.707737,3.662795,0.895941,0.768441,0.405689,0.000297,0.387275,0.000436,0.52243,0.000564,0,7.201852,43.892375,0.004917,-19,251,2455047.83228,3.682773,3.683075,0.043,-9999999,0.238048,0.172034,0.609302,0.277584,0.681982,0.52,899.9999,-0.714624,3.704768,2009-08-04T07:44:07.327,-9999999,G2,183.C-0972(A),Udry,-9999999,HARPS_ech_obs_all,HARPS_ech_obs_thosimult,STAR_WAVE_F9,6.94366761033223E-06,3.57453781087074E-07,0,0,0
HIP112414,341.53511,-48.97905,2455064.7368257,2.257071,0.908358,-18851.244204,0.957178,3.223995,0.302954,-18851.29968,0.238862,3.236496,0.303306,6.975258,3.635024,0.799059,0.752002,0.401043,0.000244,0.388348,0.000359,0.512022,0.000466,0,7.203759,43.89472,0.00521,-19,305,2455064.73681,-2.899345,-2.899027,0,-9999999,0.239955,-0.065763,0.856349,-0.295431,0.926895,0.57,899.9986,6.98754,3.65396,2009-08-21T05:25:52.965,-9999999,G2,183.C-0972(A),Udry,-9999999,HARPS_ech_obs_all,HARPS_ech_obs_thosimult,STAR_WAVE_F9,6.53986388677008E-06,2.38234059537161E-07,0,0,0
HIP112414,341.53511,-48.97905,2455066.7748393,2.909328,0.872711,-18852.270172,1.02055,3.330782,0.351499,-18851.720763,0.279644,3.330782,0.351736,-1.260504,3.274906,1.754095,0.838506,0.405318,0.000283,0.37868,0.000418,0.523856,0.000542,0,7.20399,43.885897,0.005971,-19,262.4,2455066.77484,-3.777706,-3.777414,0.268,-9999999,0.240185,-0.611234,0.798795,0.309224,0.98149,0.5,899.999,-1.267002,3.298749,2009-08-23T06:21:42.273,-9999999,G2,183.C-0972(A),Udry,-9999999,HARPS_ech_obs_all,HARPS_ech_obs_thosimult,STAR_WAVE_F9,7.38468286533488E-06,3.12274005785309E-07,0,0,0
HIP112414,341.53511,-48.97905,2455068.7351851,4.759471,0.833272,-18849.848758,0.963972,5.060867,0.337617,-18850.109093,0.267524,5.090305,0.337908,-4.146087,3.286785,1.871696,0.823315,0.405989,0.000264,0.387896,0.000393,0.523335,0.00051,0,7.201974,43.885177,0.005793,-19,278.4,2455068.73518,-4.491845,-4.491553,0,-9999999,0.240406,-0.731292,0.761811,-0.500741,0.926106,0.45,900.0012,-4.151929,3.318117,2009-08-25T05:25:23.461,-9999999,G2,183.C-0972(A),Udry,-9999999,HARPS_ech_obs_all,HARPS_ech_obs_thosimult,STAR_WAVE_F9,6.86614884526029E-06,2.99408671781061E-07,0,0,0
HIP112414,341.53511,-48.97905,2455072.7384454,3.8735,0.856348,-18850.206245,0.768655,5.280424,0.585428,-18850.145793,0.467641,5.325713,0.585836,-3.588232,4.996868,-5.52838,1.361815,0.406383,0.000482,0.387512,0.000708,0.521436,0.000917,0,7.194614,43.921397,0.002311,-19,155.1,2455072.73844,-6.070387,-6.070101,0.166,-9999999,0.240857,0.374236,0.624984,-0.180405,0.610035,0.49,279.9995,-3.578031,5.015961,2009-08-29T05:34:39.008,-9999999,G2,183.C-0972(A),Udry,-9999999,HARPS_ech_obs_all,HARPS_ech_obs_thosimult,STAR_WAVE_F9,6.63705749351435E-06,5.41419747308775E-07,0,0,0
HIP112414,341.53511,-48.97905,2455072.742152,-1.456779,0.857197,-18855.098782,0.769996,-0.050902,0.58667,-18855.045167,0.469841,-0.11959,0.587116,-0.401142,5.382132,-6.629838,1.370201,0.405124,0.000489,0.38729,0.000717,0.523699,0.000931,0,7.195832,43.924088,0.005922,-19,153.1,2455072.74215,-6.077951,-6.077662,0.586,-9999999,0.240858,0.37319,0.624985,-0.187243,0.610035,0.52,279.9995,-0.379742,5.384043,2009-08-29T05:39:50.866,-9999999,G2,183.C-0972(A),Udry,-9999999,HARPS_ech_obs_all,HARPS_ech_obs_thosimult,STAR_WAVE_F9,6.12703233713743E-06,5.15800474005427E-07,0,0,0
HIP112414,341.53511,-48.97905,2455072.7457285,1.645657,0.867342,-18851.331122,0.777162,3.050525,0.601395,-18851.284105,0.481494,3.044361,0.601879,5.256051,4.908288,-5.40219,1.433082,0.40509,0.000497,0.38767,0.000731,0.522847,0.000948,0,7.193365,43.915052,0.003117,-19,150.4,2455072.74572,-6.085224,-6.084937,0.282,-9999999,0.240858,0.37218,0.624985,-0.193841,0.610036,0.51,279.9998,5.268534,4.918909,2009-08-29T05:45:02.682,-9999999,G2,183.C-0972(A),Udry,-9999999,HARPS_ech_obs_all,HARPS_ech_obs_thosimult,STAR_WAVE_F9,6.80857461499923E-06,5.14553301231152E-07,0,0,0
HIP112414,341.53511,-48.97905,2455073.728476,2.508669,1.004458,-18851.467496,1.068395,4.024612,0.52498,-18850.846788,0.422089,3.966631,0.525401,-3.993702,4.270313,-4.304081,1.207158,0.404351,0.000439,0.378272,0.000642,0.521349,0.000833,0,7.19697,43.918154,0.003277,-19,170.8,2455073.72847,-6.438605,-6.438307,0.189,-9999999,0.240969,0.483256,0.856348,0.379739,0.981483,0.5,300.0002,-3.987654,4.289277,2009-08-30T05:20:06.629,-9999999,G2,183.C-0972(A),Udry,-9999999,HARPS_ech_obs_all,HARPS_ech_obs_thosimult,STAR_WAVE_F9,7.37954715669044E-06,4.81466078173346E-07,0,0,0
HIP112414,341.53511,-48.97905,2455073.7322779,1.992132,0.999395,-18851.945364,1.064753,3.507002,0.515227,-18851.331669,0.412783,3.530101,0.51559,8.261318,4.873832,-2.576115,1.124739,0.404555,0.000427,0.377331,0.000625,0.524343,0.000815,0,7.198604,43.907,0.005015,-19,175.3,2455073.73228,-6.4464,-6.446117,-0.04,-9999999,0.240969,0.482182,0.856348,0.372726,0.981483,0.49,299.9991,8.270827,4.886871,2009-08-30T05:25:38.118,-9999999,G2,183.C-0972(A),Udry,-9999999,HARPS_ech_obs_all,HARPS_ech_obs_thosimult,STAR_WAVE_F9,6.238619324801E-06,4.95154983112463E-07,0,0,0
HIP112414,341.53511,-48.97905,2455073.7361539,3.27739,1.002877,-18850.917697,1.066867,4.791166,0.521947,-18850.311151,0.418204,4.78741,0.52229,0.381473,4.315171,-2.757696,1.262599,0.403699,0.000431,0.378868,0.000634,0.523362,0.000824,0,7.198061,43.896484,0.004097,-19,173.2,2455073.73615,-6.454326,-6.454047,0.098,-9999999,0.24097,0.481088,0.856348,0.365576,0.981484,0.5,300.0008,0.394955,4.336504,2009-08-30T05:31:10.015,-9999999,G2,183.C-0972(A),Udry,-9999999,HARPS_ech_obs_all,HARPS_ech_obs_thosimult,STAR_WAVE_F9,7.71679667202869E-06,3.70873867814235E-07,0,0,0
HIP112414,341.53511,-48.97905,2455078.695889,4.845403,1.30463,-18849.071942,1.236787,6.608783,0.984241,-18848.204869,0.752553,6.597115,0.984446,0.11404,6.558617,0.441039,2.830608,0.400088,0.000793,0.37882,0.001178,0.513087,0.00153,0,7.205621,43.869533,-0.000086,-19,94.1,2455078.69588,-8.28692,-8.286639,0.208,-9999999,0.241529,0.730692,0.856347,0.625544,0.981482,0.46,279.9993,0.117612,6.574021,2009-09-04T04:33:42.839,-9999999,G2,183.C-0972(A),Udry,-9999999,HARPS_ech_obs_all,HARPS_ech_obs_thosimult,STAR_WAVE_F9,5.66002876048715E-06,8.43731794973276E-07,0,0,0
HIP112414,341.53511,-48.97905,2455078.6994286,-0.460439,1.273718,-18853.951621,1.22031,1.301941,0.942882,-18853.091077,0.725156,1.315271,0.943484,-3.65806,7.57839,-0.902627,2.422411,0.400378,0.000763,0.37607,0.001127,0.512395,0.001467,0,7.204284,43.886199,0.005158,-19,97.9,2455078.69942,-8.294194,-8.293901,-0.227,-9999999,0.24153,0.729693,0.856347,0.619014,0.981482,0.44,280.0009,-3.63692,7.580158,2009-09-04T04:38:54.266,-9999999,G2,183.C-0972(A),Udry,-9999999,HARPS_ech_obs_all,HARPS_ech_obs_thosimult,STAR_WAVE_F9,4.38076656031102E-06,8.03589152652736E-07,0,0,0
HIP112414,341.53511,-48.97905,2455078.7031061,4.245556,2.035984,-18847.828513,1.764932,6.006898,1.847133,-18846.974753,1.46686,5.913766,1.847737,-8.950351,15.83064,14.094461,5.801984,0.402624,0.00146,0.388098,0.002157,0.513717,0.002797,0,7.21037,43.711332,0.002946,-19,52.9,2455078.7031,-8.301749,-8.301464,-0.128,-9999999,0.24153,0.728654,0.856347,0.61223,0.981482,0.46,279.9989,-8.947226,15.833527,2009-09-04T04:44:06.413,-9999999,G2,183.C-0972(A),Udry,-9999999,HARPS_ech_obs_all,HARPS_ech_obs_thosimult,STAR_WAVE_F9,6.59682507665281E-06,1.33796011790336E-06,0,0,0
HIP112414,341.53511,-48.97905,2455095.7052003,0.082064,0.843305,-18854.193107,0.89906,1.851554,0.549336,-18852.740641,0.437188,1.867952,0.549664,-0.716177,4.670499,-1.866044,1.418244,0.403716,0.000434,0.373991,0.000644,0.511363,0.000842,0,7.19956,43.89344,0.006948,-19,169.6,2455095.70519,-14.38463,-14.384382,-0.054,-9999999,0.243448,0.736802,0.639838,1.209018,0.785605,0.49,230.2992,-0.70783,4.67726,2009-09-21T04:48:18.957,-9999999,G2,183.C-0972(A),Udry,-9999999,HARPS_ech_obs_all,HARPS_ech_obs_thosimult,STAR_WAVE_F9,7.31190636229416E-06,4.28725100950671E-07,0,0,0
HIP112414,341.53511,-48.97905,2455099.6879306,-0.868861,0.737959,-18854.794721,0.849696,-1.35907,0.289038,-18855.80935,0.221683,-1.39196,0.289696,-1.716829,3.013958,-9.027167,0.740315,0.404256,0.000233,0.382948,0.000337,0.522206,0.000441,0,7.19637,43.93568,0.005155,-19,323.5,2455099.68792,-15.632292,-15.632042,1.094,-9999999,0.243897,-1.522896,0.678999,-1.258526,0.820268,0.48,899.9994,-1.710885,3.013982,2009-09-25T04:18:24.837,-9999999,G2,183.C-0972(A),Udry,-9999999,HARPS_ech_obs_all,HARPS_ech_obs_thosimult,STAR_WAVE_F9,7.27346434747592E-06,2.52273853920271E-07,0,0,0
HIP112414,341.53511,-48.97905,2455102.6051978,-0.648172,0.908777,-18854.811026,1.018314,0.501019,0.344038,-18854.619365,0.271353,0.499057,0.344227,4.64705,3.294053,5.579725,0.856352,0.400261,0.000268,0.386586,0.0004,0.520264,0.000519,0,7.203919,43.869428,0.002617,-19,273.2,2455102.6052,-16.38323,-16.38302,0.797,-9999999,0.244226,0.116503,0.841138,-0.052565,0.981494,0.5,900.0001,4.656612,3.302458,2009-09-28T02:19:12.161,-9999999,G2,183.C-0972(A),Udry,-9999999,HARPS_ech_obs_all,HARPS_ech_obs_thosimult,STAR_WAVE_F9,7.00166150771854E-06,2.76412466317791E-07,0,0,0
HIP112414,341.53511,-48.97905,2455103.66727,-2.868709,0.814707,-18856.579314,0.735826,-2.819084,0.435685,-18857.664839,0.349238,-2.863545,0.435815,-8.840664,3.476056,5.624772,0.880824,0.40377,0.000345,0.378442,0.000515,0.511547,0.00067,0,7.205307,43.862621,0.003429,-19,212.5,2455103.66727,-16.799802,-16.799586,1.11,-9999999,0.244346,-0.983063,0.688423,-1.329871,0.647667,0.54,899.9991,-8.827104,3.469009,2009-09-29T03:48:04.275,-9999999,G2,183.C-0972(A),Udry,-9999999,HARPS_ech_obs_all,HARPS_ech_obs_thosimult,STAR_WAVE_F9,6.11603540798583E-06,4.08333981542763E-07,0,0,0
HIP112414,341.53511,-48.97905,2455111.709101,-3.693454,0.791884,-18858.915568,1.013251,-3.788674,0.321572,-18858.841345,0.251735,-3.806359,0.321816,-4.697526,3.538865,1.722271,0.887688,0.404953,0.000254,0.372989,0.000372,0.515101,0.00049,0,7.203457,43.87973,0.002793,-19,293,2455111.70909,-19.05639,-19.056191,0.454,-9999999,0.245253,-1.127907,0.723651,-0.17103,0.981482,0.48,900.0002,-4.702132,3.521883,2009-10-07T04:49:53.824,-9999999,G2,183.C-0972(A),Udry,-9999999,HARPS_ech_obs_all,HARPS_ech_obs_thosimult,STAR_WAVE_F9,7.02923559713459E-06,2.40983748824437E-07,0,0,0
HIP112414,341.53511,-48.97905,2455115.6891917,-1.561552,1.026996,-18856.044478,1.080677,-0.858388,0.566914,-18855.307605,0.452279,-0.879791,0.567143,6.326523,4.98816,0.260949,1.252576,0.405561,0.000452,0.37885,0.000677,0.514419,0.000883,0,7.201376,43.899537,0.004115,-19,162.5,2455115.68918,-19.997748,-19.997561,0.657,-9999999,0.245702,-0.329524,0.856347,0.491171,0.981482,0.51,900.0003,6.326763,4.987939,2009-10-11T04:21:08.887,-9999999,G2,183.C-0972(A),Udry,-9999999,HARPS_ech_obs_all,HARPS_ech_obs_thosimult,STAR_WAVE_F9,5.84654701502338E-06,6.01291408531417E-07,0,0,0
HIP112414,341.53511,-48.97905,2455121.665272,-0.071496,0.95911,-18856.532759,0.964422,0.618055,0.512994,-18854.849832,0.412001,0.631457,0.513249,9.334887,4.805196,0.27926,1.402168,0.403825,0.000411,0.386232,0.000611,0.52454,0.000798,0,7.203895,43.889121,0.004485,-19,179.4,2455121.66527,-21.253708,-21.253566,-0.117,-9999999,0.246377,-0.343137,0.810388,1.43655,0.871989,0.5,454.5001,9.338051,4.807398,2009-10-17T03:51:09.281,-9999999,G2,183.C-0972(A),Udry,-9999999,HARPS_ech_obs_all,HARPS_ech_obs_thosimult,STAR_WAVE_F9,7.02431886334435E-06,4.30784685393985E-07,0,0,0
HIP112414,341.53511,-48.97905,2455121.6710373,2.291146,0.941481,-18853.320716,0.952462,2.979069,0.479227,-18851.648424,0.383171,2.954643,0.479471,0.387686,4.598017,-0.721328,1.313556,0.403741,0.000381,0.385434,0.000566,0.523658,0.00074,0,7.202919,43.890693,0.003298,-19,193.4,2455121.67103,-21.262939,-21.262788,-0.083,-9999999,0.246377,-0.344764,0.810388,1.425915,0.871988,0.52,454.499,0.394416,4.608647,2009-10-17T03:59:18.348,-9999999,G2,183.C-0972(A),Udry,-9999999,HARPS_ech_obs_all,HARPS_ech_obs_thosimult,STAR_WAVE_F9,5.968160337395E-06,4.21637599182517E-07,0,0,0
HIP112414,341.53511,-48.97905,2455133.6026937,1.153144,0.941641,-18853.63451,1.029185,1.819337,0.391583,-18853.022711,0.30966,1.784212,0.391884,0.549558,3.104898,-1.839809,1.15154,0.404358,0.00031,0.385365,0.000458,0.51389,0.000599,0,7.203534,43.890313,0.004479,-19,239,2455133.60268,-23.032251,-23.032153,0.366,-9999999,0.247723,-0.366495,0.856359,0.364076,0.981495,0.51,899.9991,0.551483,3.118055,2009-10-29T02:18:26.814,-9999999,G2,183.C-0972(A),Udry,-9999999,HARPS_ech_obs_all,HARPS_ech_obs_thosimult,STAR_WAVE_F9,6.5543360035314E-06,3.18214500949235E-07,0,0,0
HIP112414,341.53511,-48.97905,2455138.6217028,0.314391,0.766873,-18854.285096,0.918751,0.65674,0.406571,-18854.291207,0.319262,0.639213,0.406805,0.03664,4.062891,-4.235077,1.069566,0.405424,0.000316,0.382268,0.000468,0.527383,0.000617,0,7.198148,43.89711,0.005572,-19,234,2455138.62169,-23.560498,-23.560424,0,-9999999,0.248289,-0.690338,0.650226,-0.2544,0.861496,0.5,425.0009,0.03788,4.066882,2009-11-03T02:50:29.236,-9999999,G2,183.C-0972(A),Udry,-9999999,HARPS_ech_obs_all,HARPS_ech_obs_thosimult,STAR_WAVE_F9,6.90678122480303E-06,3.23327951121033E-07,0,0,0
HIP112414,341.53511,-48.97905,2455138.6269917,1.880568,0.774096,-18852.584755,0.92277,2.221424,0.420039,-18852.600622,0.330654,2.182014,0.420297,-2.350364,4.231434,-0.712167,1.093872,0.405862,0.000327,0.383403,0.000485,0.528403,0.00064,0,7.203276,43.877645,0.005044,-19,226.1,2455138.62698,-23.568241,-23.568164,0.122,-9999999,0.24829,-0.691831,0.650224,-0.264157,0.861495,0.5,425,-2.352189,4.242087,2009-11-03T02:58:06.241,-9999999,G2,183.C-0972(A),Udry,-9999999,HARPS_ech_obs_all,HARPS_ech_obs_thosimult,STAR_WAVE_F9,6.93310024524716E-06,4.21107267819304E-07,0,0,0
HIP112414,341.53511,-48.97905,2455141.5763491,-0.964221,0.608016,-18854.707907,0.646601,-0.013973,0.385955,-18854.775285,0.305594,-0.070859,0.386185,-2.595647,4.191604,-4.324789,0.910671,0.405466,0.0003,0.385298,0.000446,0.513263,0.000584,0,7.200022,43.901349,0.005504,-19,245.5,2455141.57635,-23.710333,-23.710275,-0.293,-9999999,0.248623,-0.082439,0.469811,-0.316001,0.56983,0.51,449.9995,-2.592778,4.19104,2009-11-06T01:45:13.707,-9999999,G2,183.C-0972(A),Udry,-9999999,HARPS_ech_obs_all,HARPS_ech_obs_thosimult,STAR_WAVE_F9,6.58561805277828E-06,3.35523232466406E-07,0,0,0
HIP112414,341.53511,-48.97905,2455141.5817245,0.019553,0.619943,-18853.640925,0.654191,0.968284,0.404487,-18853.718219,0.321347,0.961205,0.404841,8.714108,4.387544,-3.039372,1.022685,0.404511,0.000318,0.386428,0.000473,0.513978,0.000619,0,7.200855,43.890389,0.004908,-19,232,2455141.58172,-23.71908,-23.719008,-0.575,-9999999,0.248623,-0.083957,0.469808,-0.325917,0.569826,0.47,449.9995,8.713923,4.390056,2009-11-06T01:53:16.183,-9999999,G2,183.C-0972(A),Udry,-9999999,HARPS_ech_obs_all,HARPS_ech_obs_thosimult,STAR_WAVE_F9,7.04831063159105E-06,3.30622125219617E-07,0,0,0
HIP112414,341.53511,-48.97905,2455151.5427313,1.319285,0.648655,-18853.152374,0.726918,2.27004,0.43551,-18852.415464,0.347596,2.222644,0.435591,1.358623,3.795204,-1.917518,1.020232,0.404973,0.000348,0.377856,0.000515,0.523116,0.000671,0,7.200483,43.897342,0.004682,-19,213,2455151.54272,-23.940875,-23.94087,0.622,-9999999,0.249747,-0.081933,0.480712,0.487163,0.638425,0.51,450.0005,1.351236,3.809507,2009-11-16T00:57:57.490,-9999999,G2,183.C-0972(A),Udry,-9999999,HARPS_ech_obs_all,HARPS_ech_obs_thosimult,STAR_WAVE_F9,7.29380914839528E-06,3.51979775662705E-07,0,0,0
HIP112414,341.53511,-48.97905,2455151.5482066,2.715657,0.653831,-18852.073375,0.729791,3.664866,0.443187,-18851.346565,0.353572,3.630866,0.443354,-2.126143,3.263257,-4.999305,1.053915,0.405267,0.000355,0.377651,0.000525,0.5233,0.000684,0,7.197624,43.911729,0.00182,-19,208.9,2455151.54821,-23.949492,-23.949498,0.684,-9999999,0.249747,-0.083478,0.480708,0.477063,0.638421,0.49,449.9993,-2.13223,3.288466,2009-11-16T01:05:59.597,-9999999,G2,183.C-0972(A),Udry,-9999999,HARPS_ech_obs_all,HARPS_ech_obs_thosimult,STAR_WAVE_F9,7.04725086710915E-06,4.05323662316831E-07,0,0,0
HIP112414,341.53511,-48.97905,2455156.5629426,1.986164,1.031222,-18852.920345,1.084073,3.023825,0.574498,-18851.823417,0.460279,3.041544,0.574924,0.74422,4.730009,-2.177871,1.405117,0.405515,0.000469,0.383654,0.000692,0.51634,0.00091,0,7.203931,43.896125,0.004869,-19,158.9,2455156.56293,-23.826514,-23.826545,0.085,-9999999,0.250313,0.004973,0.856371,0.846615,0.981508,0.49,299.9992,0.734478,4.741894,2009-11-21T01:29:00.675,-9999999,G2,183.C-0972(A),Udry,-9999999,HARPS_ech_obs_all,HARPS_ech_obs_thosimult,STAR_WAVE_F9,7.07771185875817E-06,4.32660782690401E-07,0,0,0
HIP112414,341.53511,-48.97905,2455156.566861,2.471541,1.069737,-18852.723905,1.105932,3.508095,0.641068,-18851.634204,0.509638,3.502441,0.641487,1.57418,4.91132,-7.056452,1.547052,0.405402,0.000524,0.383316,0.000771,0.515635,0.001015,0,7.197592,43.92689,0.00467,-19,142.5,2455156.56686,-23.831937,-23.83196,0.37,-9999999,0.250314,0.003867,0.85637,0.839387,0.981506,0.51,299.999,1.564823,4.925332,2009-11-21T01:34:33.253,-9999999,G2,183.C-0972(A),Udry,-9999999,HARPS_ech_obs_all,HARPS_ech_obs_thosimult,STAR_WAVE_F9,7.30910496417783E-06,5.0871912339303E-07,0,0,0
HIP112414,341.53511,-48.97905,2455156.5706322,2.961333,1.078009,-18852.338912,1.111354,3.996823,0.65478,-18851.256168,0.521303,3.981823,0.655119,0.723357,5.107754,-6.981892,1.707803,0.4047,0.000534,0.38475,0.00079,0.516533,0.001038,0,7.200905,43.919146,0.004226,-19,139.6,2455156.57063,-23.837074,-23.837101,-0.135,-9999999,0.250314,0.002802,0.856368,0.83243,0.981505,0.49,299.9992,0.716441,5.120144,2009-11-21T01:40:05.111,-9999999,G2,183.C-0972(A),Udry,-9999999,HARPS_ech_obs_all,HARPS_ech_obs_thosimult,STAR_WAVE_F9,5.59470154253038E-06,6.69920304013213E-07,0,0,0
HIP112414,341.53511,-48.97905,2455159.5789835,5.248234,0.864465,-18848.620737,1.018225,6.722417,0.348982,-18847.872761,0.27099,6.711488,0.349534,5.082887,4.127267,-8.266113,0.807103,0.404872,0.00028,0.383841,0.000408,0.515142,0.000536,0,7.197059,43.914034,0.006553,-19,268.9,2455159.57898,-23.668528,-23.668574,0,-9999999,0.250653,0.441495,0.790893,0.497323,0.981502,0.5,449.9999,5.081082,4.155834,2009-11-24T01:51:09.122,-9999999,G2,183.C-0972(A),Udry,-9999999,HARPS_ech_obs_all,HARPS_ech_obs_thosimult,STAR_WAVE_F9,8.03467619815529E-06,3.13578055929446E-07,0,0,0
HIP112414,341.53511,-48.97905,2455159.5844594,3.134559,0.868322,-18850.62246,1.020382,4.607196,0.358432,-18849.884585,0.278993,4.577606,0.35884,5.709045,3.653286,-8.520071,0.712966,0.404694,0.000288,0.383481,0.000419,0.515299,0.000551,0,7.198689,43.917754,0.00499,-19,261.7,2455159.58446,-23.675126,-23.675166,0.234,-9999999,0.250654,0.439949,0.790891,0.487221,0.9815,0.48,449.9991,5.715098,3.678345,2009-11-24T01:59:11.279,-9999999,G2,183.C-0972(A),Udry,-9999999,HARPS_ech_obs_all,HARPS_ech_obs_thosimult,STAR_WAVE_F9,7.1924206961349E-06,3.25005115085738E-07,0,0,0
HIP112414,341.53511,-48.97905,2455373.8612748,2.588784,1.057983,-18851.486077,1.112338,4.116768,0.788039,-18851.881572,0.621495,4.152306,0.788475,-2.978156,6.877065,1.510559,1.536296,0.407207,0.000632,0.3855,0.000938,0.522704,0.0012,0,7.198479,43.901179,0.003801,-19,118.6,2455373.86126,17.13065,17.130857,0.024,-9999999,0.274825,0.495296,0.70592,-0.67032,0.922518,0.5,279.9996,-2.986971,6.886671,2010-06-26T08:33:22.880,-9999999,G2,183.C-0972(A),Udry,-9999999,HARPS_ech_obs_all,HARPS_ech_obs_thosimult,STAR_WAVE_F9,5.89371498102328E-06,7.64089648037557E-07,0,0,0
HIP112414,341.53511,-48.97905,2455373.8648913,1.105487,1.065296,-18852.403639,1.115307,2.63245,0.797829,-18852.805804,0.62679,2.646684,0.798033,6.498946,6.027478,2.884313,1.839802,0.407527,0.000639,0.383806,0.000946,0.523914,0.001215,0,7.202479,43.888431,0.003096,-19,117.3,2455373.86489,17.123675,17.123867,0.032,-9999999,0.274826,0.494275,0.705922,-0.676991,0.92252,0.5,280.0011,6.494228,6.03534,2010-06-26T08:38:35.327,-9999999,G2,183.C-0972(A),Udry,-9999999,HARPS_ech_obs_all,HARPS_ech_obs_thosimult,STAR_WAVE_F9,1.02424444847032E-05,5.97464153398343E-07,0,0,0
HIP112414,341.53511,-48.97905,2455373.8684681,0.498717,1.026919,-18853.72782,1.094639,2.02467,0.745812,-18854.136583,0.589227,2.121096,0.745972,0.614764,6.177164,2.708272,1.427174,0.407286,0.000598,0.384869,0.000886,0.519675,0.001131,0,7.199996,43.897778,0.007367,-19,125.5,2455373.86846,17.116757,17.116966,0.125,-9999999,0.274826,0.493266,0.705923,-0.683589,0.922522,0.49,280.0017,0.613072,6.18333,2010-06-26T08:43:47.145,-9999999,G2,183.C-0972(A),Udry,-9999999,HARPS_ech_obs_all,HARPS_ech_obs_thosimult,STAR_WAVE_F9,6.83403018968987E-06,6.17371631237851E-07,0,0,0
HIP112414,341.53511,-48.97905,2455375.8270991,3.698849,1.027192,-18851.424672,1.155466,4.210159,0.762886,-18851.907066,0.609715,4.215277,0.763202,6.692121,6.639248,3.268061,1.817309,0.402927,0.000635,0.383166,0.000927,0.511086,0.001189,0,7.207219,43.89708,0.00495,-19,119.6,2455375.82709,16.647075,16.647278,-0.116,-9999999,0.275047,-0.521377,0.687844,-0.757441,0.981504,0.52,280.0003,6.690206,6.649626,2010-06-28T07:43:54.966,-9999999,G2,183.C-0972(A),Udry,-9999999,HARPS_ech_obs_all,HARPS_ech_obs_thosimult,STAR_WAVE_F9,7.10636170145372E-06,6.81314511197453E-07,0,0,0
HIP112414,341.53511,-48.97905,2455375.8306804,1.775831,1.053566,-18853.277856,1.170347,2.28613,0.798041,-18853.766855,0.637463,2.305502,0.798349,-6.948678,7.060278,6.016646,1.853388,0.403681,0.000722,0.381774,0.001022,0.51213,0.001315,0,7.210562,43.893354,0.005193,-19,108.7,2455375.83067,16.640395,16.640603,0.092,-9999999,0.275048,-0.522388,0.687845,-0.764047,0.981505,0.51,279.9991,-6.958021,7.065973,2010-06-28T07:49:07.173,-9999999,G2,183.C-0972(A),Udry,-9999999,HARPS_ech_obs_all,HARPS_ech_obs_thosimult,STAR_WAVE_F9,3.60845418275066E-06,7.97070699005755E-07,0,0,0
HIP112414,341.53511,-48.97905,2455375.8343564,2.44877,1.003923,-18852.872341,1.141699,2.958031,0.731251,-18853.368121,0.583199,2.928408,0.731558,-0.128524,6.884016,4.220238,1.755254,0.402549,0.000568,0.383215,0.000848,0.511044,0.001088,0,7.204793,43.898026,0.005825,-19,130.2,2455375.83435,16.633493,16.633709,0.023,-9999999,0.275048,-0.523426,0.687847,-0.770828,0.981507,0.53,279.9994,-0.12814,6.890063,2010-06-28T07:54:19.170,-9999999,G2,183.C-0972(A),Udry,-9999999,HARPS_ech_obs_all,HARPS_ech_obs_thosimult,STAR_WAVE_F9,8.13217741378161E-06,6.40858861625492E-07,0,0,0
HIP112414,341.53511,-48.97905,2455376.8316143,-0.073027,0.691174,-18855.207228,0.921682,1.211428,0.428118,-18854.157839,0.344542,1.230954,0.42842,9.476283,4.01187,1.636354,0.956951,0.406884,0.000327,0.382905,0.000487,0.52188,0.000626,0,7.202656,43.901291,0.002288,-19,225.9,2455376.8316,16.357805,16.358029,0.449,-9999999,0.275161,0.251767,0.54262,0.774228,0.854862,0.49,460.5083,9.481119,4.020415,2010-06-29T07:49:00.282,-9999999,G2,183.C-0972(A),Udry,-9999999,HARPS_ech_obs_all,HARPS_ech_obs_thosimult,STAR_WAVE_F9,5.93536577621942E-06,4.15903724071618E-07,0,0,0
HIP112414,341.53511,-48.97905,2455376.8375317,0.5687,0.72451,-18854.616753,0.93845,1.851484,0.480078,-18853.578279,0.387163,1.857663,0.480365,0.867435,4.654968,4.68292,1.048318,0.407373,0.00037,0.382923,0.000551,0.521622,0.000708,0,7.20426,43.889951,0.003842,-19,199.7,2455376.83753,16.346584,16.34678,0.597,-9999999,0.275161,0.250097,0.542623,0.763313,0.854864,0.53,460.4999,0.886523,4.66381,2010-06-29T07:57:13.099,-9999999,G2,183.C-0972(A),Udry,-9999999,HARPS_ech_obs_all,HARPS_ech_obs_thosimult,STAR_WAVE_F9,6.63453488235075E-06,5.03124390327204E-07,0,0,0
HIP112414,341.53511,-48.97905,2455397.8864224,5.304069,0.678131,-18848.337582,0.736283,6.614657,0.520722,-18848.186349,0.417916,6.62514,0.520907,1.876942,4.810838,9.161953,1.321383,0.401926,0.000417,0.380532,0.000611,0.521585,0.000788,0,7.20758,43.855103,0.005515,-19,179.4,2455397.88642,9.371368,9.371638,-0.191,-9999999,0.277536,0.277901,0.434408,-0.126303,0.606184,0.51,900.0003,1.855824,4.833531,2010-07-20T09:02:43.335,-9999999,G2,183.C-0972(A),Udry,-9999999,HARPS_ech_obs_all,HARPS_ech_obs_thosimult,STAR_WAVE_F9,7.99989379149285E-06,4.34398725743766E-07,0,0,0
HIP112414,341.53511,-48.97905,2455403.7919346,4.47806,0.978117,-18849.774378,1.051618,5.638631,0.472614,-18849.77651,0.377585,5.665037,0.472721,-2.84146,4.818801,2.598472,1.180617,0.405242,0.000376,0.380333,0.000553,0.512478,0.000716,0,7.200684,43.8942,0.006052,-19,198.2,2455403.79193,7.345941,7.346218,0.491,-9999999,0.278202,0.127883,0.856358,-0.280334,0.981493,0.49,900.0005,-2.840165,4.839471,2010-07-26T06:46:43.277,-9999999,G2,183.C-0972(A),Udry,-9999999,HARPS_ech_obs_all,HARPS_ech_obs_thosimult,STAR_WAVE_F9,8.85708626089745E-06,4.16330479344743E-07,0,0,0
HIP112414,341.53511,-48.97905,2455411.7323725,4.274316,0.76999,-18850.474644,0.697209,5.016834,0.350247,-18849.92924,0.272719,5.018045,0.350514,-5.029878,3.671181,8.256825,0.847427,0.406285,0.000266,0.388792,0.00039,0.511973,0.000505,0,7.206198,43.863341,0.004172,-19,280.5,2455411.73236,4.397631,4.397939,0.453,-9999999,0.279097,-0.29017,0.68572,0.266307,0.641658,0.49,900.0006,-5.031912,3.699761,2010-08-03T05:20:43.780,-9999999,G2,183.C-0972(A),Udry,-9999999,HARPS_ech_obs_all,HARPS_ech_obs_thosimult,STAR_WAVE_F9,6.54340705417949E-06,3.07377884310534E-07,0,0,0
HIP112414,341.53511,-48.97905,2455423.7418064,1.075673,1.014735,-18853.785388,1.026649,2.972335,0.544383,-18851.832993,0.435762,2.929124,0.544685,2.193131,4.041376,5.347256,1.415383,0.40222,0.000426,0.389344,0.00063,0.51128,0.000814,0,7.203347,43.862265,0.004135,-19,174.4,2455423.74181,-0.407069,-0.406782,-0.06,-9999999,0.280452,0.863974,0.856349,1.671943,0.92958,0.51,450.0004,2.216409,4.051306,2010-08-15T05:37:43.603,-9999999,G2,183.C-0972(A),Udry,-9999999,HARPS_ech_obs_all,HARPS_ech_obs_thosimult,STAR_WAVE_F9,6.94042515317342E-06,4.59235794225465E-07,0,0,0
HIP112414,341.53511,-48.97905,2455423.7474828,1.156175,1.021488,-18853.471964,1.031104,3.051234,0.556868,-18851.530039,0.446156,3.072368,0.557123,2.113378,5.063977,5.818614,1.233989,0.401953,0.000436,0.388742,0.000645,0.508836,0.000832,0,7.206306,43.868811,0.004987,-19,170.2,2455423.74748,-0.418857,-0.418553,-0.192,-9999999,0.280453,0.862372,0.85635,1.661472,0.929581,0.53,450.0006,2.122294,5.073203,2010-08-15T05:45:45.049,-9999999,G2,183.C-0972(A),Udry,-9999999,HARPS_ech_obs_all,HARPS_ech_obs_thosimult,STAR_WAVE_F9,6.95517112817353E-06,5.078660493686E-07,0,0,0
HIP112414,341.53511,-48.97905,2455424.6668551,1.385753,1.030225,-18854.195017,0.993544,4.440894,0.719158,-18851.17946,0.568049,4.400086,0.719413,3.211487,6.555392,3.38086,1.742671,0.405912,0.000569,0.380873,0.000843,0.519357,0.001084,0,7.204506,43.885968,0.00061,-19,130.7,2455424.66685,-0.658259,-0.657962,-0.16,-9999999,0.280557,2.022453,0.737682,2.735,0.815138,0.49,450.0003,3.22909,6.563973,2010-08-16T03:49:56.972,-9999999,G2,183.C-0972(A),Udry,-9999999,HARPS_ech_obs_all,HARPS_ech_obs_thosimult,STAR_WAVE_F9,6.99558517728885E-06,6.47969320982865E-07,0,0,0
HIP112414,341.53511,-48.97905,2455424.6722713,4.106171,1.118442,-18850.98352,1.045749,7.159783,0.840677,-18847.977955,0.65509,7.135201,0.840876,0.527691,7.034322,2.424611,2.254268,0.405551,0.000665,0.380803,0.000985,0.5232,0.001273,0,7.204354,43.89546,0.00049,-19,112,2455424.67227,-0.668401,-0.6681,-0.342,-9999999,0.280557,2.020924,0.737682,2.725008,0.815137,0.46,450.0005,0.543972,7.047027,2010-08-16T03:57:58.439,-9999999,G2,183.C-0972(A),Udry,-9999999,HARPS_ech_obs_all,HARPS_ech_obs_thosimult,STAR_WAVE_F9,8.49330621683848E-06,6.59327894122233E-07,0,0,0
HIP112414,341.53511,-48.97905,2455450.7593011,4.924082,0.838443,-18849.032578,1.013961,4.578417,0.383008,-18850.331278,0.307274,4.514654,0.383235,-5.892443,3.99101,8.284919,1.112958,0.404749,0.000295,0.385965,0.000436,0.521546,0.000566,0,7.208412,43.8549,0.006248,-19,250.5,2455450.75929,-10.927311,-10.927014,0,-9999999,0.2835,-1.378353,0.745849,-1.5822,0.966282,0.52,900.0006,-5.890308,4.010378,2010-09-11T05:59:40.907,-9999999,G2,183.C-0972(A),Udry,-9999999,HARPS_ech_obs_all,HARPS_ech_obs_thosimult,STAR_WAVE_F9,6.11246424027513E-06,4.33540829115702E-07,0,0,0
HIP112414,341.53511,-48.97905,2455453.616883,1.355346,1.00429,-18852.987826,1.014579,2.094984,0.524646,-18853.067464,0.418291,2.083807,0.525118,13.717759,5.509964,1.143243,1.248352,0.405702,0.000402,0.380535,0.000589,0.525196,0.000776,0,7.201012,43.887764,0.005428,-19,184.5,2455453.61688,-11.722052,-11.721766,0,-9999999,0.283822,-0.29305,0.856356,-0.36346,0.924339,0.5,200.0008,13.731291,5.515867,2010-09-14T02:40:53.295,-9999999,G2,183.C-0972(A),Udry,-9999999,HARPS_ech_obs_all,HARPS_ech_obs_thosimult,STAR_WAVE_F9,5.67578582709721E-06,5.45700910332748E-07,0,0,0
HIP112414,341.53511,-48.97905,2455453.6195671,2.344995,0.998857,-18851.695744,1.011224,3.083875,0.514171,-18851.780332,0.410088,3.089114,0.514469,2.405828,3.945158,4.850296,1.385623,0.405264,0.000391,0.381515,0.000575,0.523905,0.000755,0,7.203508,43.869752,0.007757,-19,189.3,2455453.61956,-11.727275,-11.726997,0,-9999999,0.283823,-0.293808,0.856355,-0.368411,0.924339,0.5,200.0006,2.419224,3.959205,2010-09-14T02:44:45.207,-9999999,G2,183.C-0972(A),Udry,-9999999,HARPS_ech_obs_all,HARPS_ech_obs_thosimult,STAR_WAVE_F9,6.01710220373729E-06,4.98101207251183E-07,0,0,0
HIP112414,341.53511,-48.97905,2455453.6222878,-2.186849,1.001392,-18855.976789,1.013065,-1.448737,0.519079,-18856.066396,0.414608,-1.448739,0.519398,2.906518,5.532657,4.609513,1.118034,0.405016,0.000392,0.381619,0.000578,0.5241,0.000758,0,7.205599,43.864913,0.004191,-19,188.4,2455453.62228,-11.732592,-11.732301,0,-9999999,0.283823,-0.294576,0.856355,-0.37343,0.924338,0.51,200.0008,2.910658,5.529007,2010-09-14T02:48:38.290,-9999999,G2,183.C-0972(A),Udry,-9999999,HARPS_ech_obs_all,HARPS_ech_obs_thosimult,STAR_WAVE_F9,6.60457770847605E-06,4.98578893462712E-07,0,0,0
HIP112414,341.53511,-48.97905,2455453.6249198,-0.831762,0.995598,-18855.329951,1.009087,-0.094393,0.507812,-18855.424414,0.404792,-0.117737,0.508197,2.352581,4.457658,-2.151732,1.265258,0.405459,0.000385,0.380645,0.000565,0.524274,0.000743,0,7.201182,43.893557,0.00417,-19,192.2,2455453.62491,-11.737758,-11.737465,0,-9999999,0.283823,-0.295319,0.856354,-0.378286,0.924337,0.49,200.0007,2.361142,4.458017,2010-09-14T02:52:29.703,-9999999,G2,183.C-0972(A),Udry,-9999999,HARPS_ech_obs_all,HARPS_ech_obs_thosimult,STAR_WAVE_F9,5.52169900047465E-06,5.33050457624232E-07,0,0,0
HIP112414,341.53511,-48.97905,2455453.6276039,3.339376,1.006313,-18850.544516,1.015293,4.075987,0.528512,-18850.64393,0.420025,4.062626,0.528942,3.360179,4.777641,1.161525,1.410477,0.405627,0.0004,0.380968,0.000588,0.523986,0.000772,0,7.199906,43.879296,0.005059,-19,185,2455453.6276,-11.743047,-11.742763,0,-9999999,0.283823,-0.296077,0.856354,-0.383237,0.924337,0.49,200.0007,3.382473,4.791405,2010-09-14T02:56:21.615,-9999999,G2,183.C-0972(A),Udry,-9999999,HARPS_ech_obs_all,HARPS_ech_obs_thosimult,STAR_WAVE_F9,6.99407991369448E-06,5.23243374070251E-07,0,0,0
HIP112414,341.53511,-48.97905,2455456.6406152,0.622325,0.875265,-18854.508213,1.040207,-0.160661,0.431562,-18854.596683,0.34455,-0.180826,0.431845,2.774221,3.785552,1.121218,1.004081,0.400368,0.000333,0.376402,0.00049,0.512017,0.000639,0,7.201941,43.89197,0.00696,-19,222.9,2455456.64061,-12.81405,-12.813758,0.287,-9999999,0.284163,-1.815673,0.761474,-0.372633,0.981487,0.52,400.0008,2.79268,3.787057,2010-09-17T03:13:26.499,-9999999,G2,183.C-0972(A),Udry,-9999999,HARPS_ech_obs_all,HARPS_ech_obs_thosimult,STAR_WAVE_F9,6.62881996395464E-06,4.02592050078636E-07,0,0,0
HIP112414,341.53511,-48.97905,2455456.6454728,2.057252,0.874259,-18852.806869,1.040014,1.272895,0.429521,-18852.904299,0.343969,1.3245,0.42987,5.922507,3.759337,3.182097,0.89699,0.400442,0.00033,0.376799,0.000486,0.510677,0.000633,0,7.204888,43.884034,0.004531,-19,224.6,2455456.64547,-12.823812,-12.823544,0.183,-9999999,0.284164,-1.817045,0.761473,-0.381594,0.981486,0.49,400.0006,5.939331,3.767288,2010-09-17T03:20:38.213,-9999999,G2,183.C-0972(A),Udry,-9999999,HARPS_ech_obs_all,HARPS_ech_obs_thosimult,STAR_WAVE_F9,7.26817113633418E-06,3.83398312619729E-07,0,0,0
HIP112414,341.53511,-48.97905,2455461.653316,-3.441734,0.830097,-18855.851032,1.003656,-1.25385,0.27348,-18855.815735,0.209794,-1.24379,0.273911,-1.094902,2.751081,-0.418715,0.713396,0.40503,0.0002,0.372751,0.000293,0.510824,0.000383,0,7.204727,43.894235,0.003127,-19,371.3,2455461.65331,-14.507879,-14.507603,0.022,-9999999,0.284729,1.155197,0.783754,-0.249432,0.981485,0.49,900.0005,-1.082239,2.745047,2010-09-22T03:28:10.616,-9999999,G2,183.C-0972(A),Udry,-9999999,HARPS_ech_obs_all,HARPS_ech_obs_thosimult,STAR_WAVE_F9,6.50665513613777E-06,2.3179081754975E-07,0,0,0
HIP112414,341.53511,-48.97905,2455463.6423725,-5.256076,0.887474,-18858.640727,0.866502,-4.808731,0.367586,-18859.237638,0.292041,-4.814322,0.368056,8.116917,3.584602,0.441285,0.966573,0.405048,0.000283,0.376293,0.000414,0.512092,0.00054,0,7.202026,43.889277,0.004272,-19,263.8,2455463.64237,-15.126983,-15.126723,0.567,-9999999,0.284953,-0.585342,0.807769,-0.881864,0.815805,0.5,400.0006,8.114058,3.562578,2010-09-24T03:16:34.592,-9999999,G2,183.C-0972(A),Udry,-9999999,HARPS_ech_obs_all,HARPS_ech_obs_thosimult,STAR_WAVE_F9,7.70451211788363E-06,3.74765831027135E-07,0,0,0
HIP112414,341.53511,-48.97905,2455463.6473286,-2.426634,0.888358,-18855.884717,0.867366,-1.980688,0.369717,-18856.49077,0.294596,-2.003587,0.370094,2.450809,3.720383,0.080269,1.014593,0.40503,0.000288,0.375419,0.000419,0.51201,0.000548,0,7.202694,43.891806,0.003568,-19,260.3,2455463.64732,-15.136862,-15.136594,0.734,-9999999,0.284954,-0.586741,0.807768,-0.891007,0.815804,0.49,400.0005,2.455548,3.71516,2010-09-24T03:23:46.816,-9999999,G2,183.C-0972(A),Udry,-9999999,HARPS_ech_obs_all,HARPS_ech_obs_thosimult,STAR_WAVE_F9,6.73514146923423E-06,3.19374794809547E-07,0,0,0
HIP112414,341.53511,-48.97905,2455484.6354205,-1.432556,0.786643,-18855.644771,0.748524,-0.534096,0.296518,-18855.391671,0.229198,-0.560245,0.296747,-2.038266,3.019629,-1.129941,0.848085,0.404388,0.000222,0.376544,0.000325,0.513511,0.000426,0,7.202431,43.890613,0.005229,-19,336.5,2455484.63542,-20.736204,-20.736048,0.08,-9999999,0.287321,-0.134227,0.728618,-0.034221,0.71257,0.51,900.0006,-2.033074,3.01873,2010-10-15T03:04:04.319,-9999999,G2,183.C-0972(A),Udry,-9999999,HARPS_ech_obs_all,HARPS_ech_obs_thosimult,STAR_WAVE_F9,6.66862111095508E-06,2.66505269367676E-07,0,0,0
HIP112414,341.53511,-48.97905,2455488.6134017,-6.31496,0.896227,-18860.860182,1.001601,-5.513793,0.26434,-18860.415047,0.199696,-5.53158,0.264761,-0.592209,2.910924,-6.40983,0.659128,0.404219,0.000189,0.377312,0.000278,0.511567,0.000362,0,7.200008,43.919658,0.004136,-19,394.3,2455488.6134,-21.481079,-21.480956,0.328,-9999999,0.28777,-0.23152,0.856356,0.157365,0.981492,0.5,900.0008,-0.579053,2.880296,2010-10-19T02:32:55.015,-9999999,G2,183.C-0972(A),Udry,-9999999,HARPS_ech_obs_all,HARPS_ech_obs_thosimult,STAR_WAVE_F9,7.37371724919964E-06,3.06023289707819E-07,0,0,0
HIP112414,341.53511,-48.97905,2455494.6217846,-4.351537,0.823971,-18859.071085,0.817368,-4.030134,0.302,-18858.786327,0.236625,-4.057484,0.302449,-4.903694,2.634122,-4.399494,0.784315,0.40387,0.000238,0.377122,0.000344,0.522826,0.000449,0,7.20216,43.914888,0.00431,-19,318.3,2455494.62178,-22.489121,-22.48905,0.241,-9999999,0.288448,-0.711284,0.766632,-0.00369,0.782368,0.51,900.0011,-4.890224,2.611933,2010-10-25T02:45:28.246,-9999999,G2,183.C-0972(A),Udry,-9999999,HARPS_ech_obs_all,HARPS_ech_obs_thosimult,STAR_WAVE_F9,6.32861923979273E-06,2.72332299051206E-07,0,0,0
HIP112414,341.53511,-48.97905,2455498.6223555,-3.746029,0.799582,-18858.340531,0.894761,-2.575102,0.38525,-18856.912071,0.304891,-2.570454,0.385476,0.696318,3.725557,2.713181,1.002664,0.404094,0.00029,0.385038,0.000431,0.513937,0.000565,0,7.207024,43.864732,0.005306,-19,253.7,2455498.62235,-23.028051,-23.027981,0.421,-9999999,0.288899,0.138239,0.700652,1.139561,0.841213,0.49,900.0007,0.696551,3.71619,2010-10-29T02:47:01.688,-9999999,G2,183.C-0972(A),Udry,-9999999,HARPS_ech_obs_all,HARPS_ech_obs_thosimult,STAR_WAVE_F9,6.7476239228349E-06,3.60652300476767E-07,0,0,0
HIP112414,341.53511,-48.97905,2455518.5504709,-8.29691,0.814498,-18862.890102,0.913365,-4.610209,0.321643,-18858.847269,0.251373,-4.633293,0.321852,5.388391,2.944726,1.165094,0.906737,0.404044,0.000248,0.376931,0.000362,0.523802,0.000474,0,7.206529,43.885322,0.004236,-19,302.4,2455518.55047,-23.903392,-23.903432,0,-9999999,0.291147,2.654013,0.7483,3.751686,0.878093,0.49,900.0006,5.392164,2.915466,2010-11-18T01:05:46.386,-9999999,G2,183.C-0972(A),Udry,-9999999,HARPS_ech_obs_all,HARPS_ech_obs_thosimult,STAR_WAVE_F9,7.3425334084437E-06,2.5580400725179E-07,0,0,0
HIP112414,341.53511,-48.97905,2455770.8851513,-1.419649,0.555735,-18855.691101,1.027792,-0.967772,0.387123,-18855.778545,0.304887,-0.938769,0.387567,-11.009816,4.664153,4.496132,0.892129,0.406333,0.000296,0.379581,0.000428,0.512552,0.000555,0,7.204874,43.872841,0.003783,-19,256.1,2455770.88514,6.511034,6.511172,0.364,-9999999,0.319612,-0.580811,0.39872,-0.407056,0.981529,0.48,450.0001,-10.995211,4.66366,2011-07-28T09:04:37.817,-9999999,G2,183.C-0972(A),Udry,-9999999,HARPS_ech_obs_all,HARPS_ech_obs_thosimult,STAR_WAVE_F9,5.79015432270293E-06,3.70900509266842E-07,0,0,0
HIP112414,341.53511,-48.97905,2455770.8908821,-3.920617,0.584638,-18857.985524,1.038612,-3.470358,0.427573,-18858.08354,0.339572,-3.44589,0.427902,-1.245817,4.675207,4.414335,1.207067,0.406272,0.000334,0.379404,0.000482,0.512692,0.000625,0,7.20405,43.877525,0.004564,-19,227.6,2455770.89087,6.500634,6.500781,0.395,-9999999,0.319612,-0.582429,0.398726,-0.417628,0.981532,0.51,450.0002,-1.234751,4.665616,2011-07-28T09:12:39.447,-9999999,G2,183.C-0972(A),Udry,-9999999,HARPS_ech_obs_all,HARPS_ech_obs_thosimult,STAR_WAVE_F9,8.07100708479053E-06,3.74223072406105E-07,0,0,0
HIP112414,341.53511,-48.97905,2455776.7844896,3.117239,0.964829,-18852.636178,1.048907,2.550401,0.465248,-18852.472314,0.369974,2.579524,0.465516,-3.807205,4.721962,11.49789,1.156918,0.406024,0.000362,0.388326,0.000529,0.510605,0.000683,0,7.209066,43.853806,0.004748,-19,207.2,2455776.78449,4.380251,4.380395,-0.038,-9999999,0.320277,-1.599525,0.845246,-0.156413,0.981492,0.5,450.0003,-3.811414,4.732772,2011-08-03T06:39:22.268,-9999999,G2,183.C-0972(A),Udry,-9999999,HARPS_ech_obs_all,HARPS_ech_obs_thosimult,STAR_WAVE_F9,6.12489221315582E-06,4.44268841957477E-07,0,0,0
HIP112414,341.53511,-48.97905,2455776.7900165,1.758475,0.957405,-18854.140878,1.044543,1.190077,0.449646,-18853.987209,0.35741,1.227255,0.449875,-5.116267,4.423437,7.929814,1.277702,0.405393,0.000348,0.390246,0.00051,0.509921,0.000657,0,7.206717,43.868903,0.005204,-19,215.2,2455776.79001,4.368809,4.368971,-0.111,-9999999,0.320278,-1.601086,0.845247,-0.166609,0.981493,0.49,450.0004,-5.11952,4.429258,2011-08-03T06:47:24.284,-9999999,G2,183.C-0972(A),Udry,-9999999,HARPS_ech_obs_all,HARPS_ech_obs_thosimult,STAR_WAVE_F9,7.58092343403375E-06,4.28617859350443E-07,0,0,0
HIP112414,341.53511,-48.97905,2455803.6748739,2.857003,1.029837,-18851.627212,1.083363,3.636482,0.572042,-18851.668481,0.458657,3.628885,0.572272,-8.160895,5.562097,10.410802,1.199373,0.405882,0.000442,0.386983,0.000654,0.520671,0.000848,0,7.211595,43.85015,0.003088,-19,167.3,2455803.67487,-6.118638,-6.118488,0.388,-9999999,0.32331,-0.253208,0.856348,-0.364579,0.981483,0.56,899.9999,-8.145648,5.573651,2011-08-30T03:56:59.418,-9999999,G2,183.C-0972(A),Udry,-9999999,HARPS_ech_obs_all,HARPS_ech_obs_thosimult,STAR_WAVE_F9,6.52771745980316E-06,5.56288792403586E-07,0,0,0
HIP112414,341.53511,-48.97905,2455814.7522575,-0.228938,0.939012,-18855.144363,1.078158,0.560076,0.551317,-18855.111467,0.446219,0.557506,0.551475,2.901522,6.046958,9.375362,1.262088,0.406403,0.000444,0.369169,0.00064,0.515856,0.000846,0,7.210796,43.849284,0.004979,-19,170.2,2455814.75225,-10.443147,-10.44302,0.065,-9999999,0.32456,-0.243674,0.760128,-0.291664,0.981486,0.52,460.4996,2.904357,6.049168,2011-09-10T05:53:16.335,-9999999,G2,183.C-0972(A),Udry,-9999999,HARPS_ech_obs_all,HARPS_ech_obs_thosimult,STAR_WAVE_F9,7.82911110028663E-06,4.67631313247444E-07,0,0,0
HIP112414,341.53511,-48.97905,2455814.7576395,4.179945,0.981385,-18849.42598,1.101825,4.967439,0.620743,-18849.403012,0.500703,5.002873,0.620872,-3.148744,6.208745,8.492104,1.656738,0.406866,0.000502,0.36767,0.000723,0.516509,0.000958,0,7.210531,43.852471,0.006919,-19,150.4,2455814.75763,-10.453167,-10.453035,0.129,-9999999,0.324561,-0.245193,0.760128,-0.301593,0.981486,0.46,460.4994,-3.155345,6.222596,2011-09-10T06:01:28.981,-9999999,G2,183.C-0972(A),Udry,-9999999,HARPS_ech_obs_all,HARPS_ech_obs_thosimult,STAR_WAVE_F9,6.62962570825491E-06,5.57624570133873E-07,0,0,0
HIP112414,341.53511,-48.97905,2455815.7418197,0.558076,0.76914,-18853.422564,0.844405,1.259705,0.47624,-18853.3371,0.384836,1.231388,0.476416,4.768981,3.769025,5.692739,1.257108,0.405603,0.000369,0.380721,0.000536,0.524099,0.000703,0,7.210421,43.861693,0.006559,-19,203.3,2455815.74181,-10.786464,-10.786334,0.45,-9999999,0.324672,-0.331059,0.603963,-0.239208,0.751612,0.51,439.9996,4.775646,3.77821,2011-09-11T05:38:32.559,-9999999,G2,183.C-0972(A),Udry,-9999999,HARPS_ech_obs_all,HARPS_ech_obs_thosimult,STAR_WAVE_F9,7.20376740098108E-06,4.70726120236188E-07,0,0,0
HIP112414,341.53511,-48.97905,2455815.7471339,0.731635,0.780274,-18853.346281,0.851195,1.431764,0.494019,-18853.270621,0.399512,1.418765,0.494174,4.408806,4.065802,5.157736,1.448542,0.405294,0.000384,0.379343,0.000556,0.524203,0.000731,0,7.206336,43.871002,0.006532,-19,195.7,2455815.74713,-10.79653,-10.796413,0.346,-9999999,0.324672,-0.332559,0.603964,-0.249012,0.751613,0.48,440.0001,4.41998,4.074037,2011-09-11T05:46:24.926,-9999999,G2,183.C-0972(A),Udry,-9999999,HARPS_ech_obs_all,HARPS_ech_obs_thosimult,STAR_WAVE_F9,5.52037193770113E-06,4.59875728757462E-07,0,0,0
HIP112414,341.53511,-48.97905,2455842.7033297,-3.177176,0.554378,-18856.969683,0.754398,-1.59191,0.360165,-18856.062995,0.286955,-1.559317,0.360327,5.553017,4.554301,7.090317,1.046265,0.404114,0.00027,0.377725,0.000398,0.51151,0.000519,0,7.208884,43.858742,0.004316,-19,274.8,2455842.70332,-19.16969,-19.169592,-0.091,-9999999,0.327713,0.552578,0.421445,0.578975,0.697691,0.5,900.0054,5.553519,4.548802,2011-10-08T04:41:18.785,-9999999,G2,183.C-0972(A),Udry,-9999999,HARPS_ech_obs_all,HARPS_ech_obs_thosimult,STAR_WAVE_F9,6.88459801355407E-06,2.61494746417241E-07,0,0,0
HIP112414,341.53511,-48.97905,2455845.7034856,-4.860038,0.731307,-18858.614002,0.936957,-3.742985,0.362824,-18858.222234,0.28969,-3.742805,0.363024,-5.49906,3.987881,6.36204,0.952521,0.400085,0.000287,0.377291,0.000413,0.512379,0.00054,0,7.208038,43.860734,0.005795,-19,265.3,2455845.70349,-19.891577,-19.891505,0.051,-9999999,0.328052,0.084365,0.634956,0.063716,0.891049,0.43,900.0053,-5.500995,3.972633,2011-10-11T04:42:52.003,-9999999,G2,183.C-0972(A),Udry,-9999999,HARPS_ech_obs_all,HARPS_ech_obs_thosimult,STAR_WAVE_F9,5.94807902600565E-06,3.22103663994589E-07,0,0,0
HIP112414,341.53511,-48.97905,2455895.5724926,-8.555905,0.888775,-18861.381409,1.004971,-6.381515,0.279943,-18860.691126,0.215909,-6.407291,0.280238,-2.043206,2.887665,-0.267112,0.829873,0.403262,0.000219,0.377146,0.00031,0.523407,0.000405,0,7.206106,43.893803,0.004141,-19,354.1,2455895.57248,-23.169807,-23.169842,0.333,-9999999,0.333677,1.141702,0.843536,0.356606,0.981504,0.5,900.0053,-2.030188,2.84469,2011-11-30T01:38:38.903,-9999999,G2,183.C-0972(A),Udry,-9999999,HARPS_ech_obs_all,HARPS_ech_obs_thosimult,STAR_WAVE_F9,6.56559514826211E-06,3.16226775004752E-07,0,0,0
HIP112414,341.53511,-48.97905,2456052.8803906,-4.747509,0.822842,-18858.923768,0.85893,-3.366874,0.521666,-18858.909848,0.41054,-3.332413,0.521812,-8.324796,5.243653,11.185056,1.477082,0.406777,0.000398,0.389161,0.000592,0.522972,0.000753,0,7.209739,43.86272,0.002394,-19,188.7,2456052.88039,23.418714,23.41869,-0.167,-9999999,0.351422,0.347948,0.636344,-0.337502,0.754465,0.47,449.9941,-8.320474,5.23491,2012-05-05T09:05:00.781,-9999999,G2,183.C-0972(A),Udry,-9999999,HARPS_ech_obs_all,HARPS_ech_obs_thosimult,STAR_WAVE_F9,4.94765508376483E-06,5.16949743291155E-07,0,0,0
HIP112414,341.53511,-48.97905,2456052.8861258,-3.118615,0.823844,-18857.56328,0.859919,-1.739599,0.523241,-18857.559939,0.412599,-1.712294,0.523425,-3.077787,5.260503,14.609982,1.47562,0.406494,0.000396,0.388665,0.000591,0.524787,0.000754,0,7.210205,43.849859,0.004108,-19,188.7,2456052.88612,23.412858,23.412831,-0.323,-9999999,0.351423,0.346328,0.636348,-0.348082,0.754469,0.5,449.9939,-3.070757,5.255761,2012-05-05T09:13:02.767,-9999999,G2,183.C-0972(A),Udry,-9999999,HARPS_ech_obs_all,HARPS_ech_obs_thosimult,STAR_WAVE_F9,7.03616956152145E-06,5.08775450011894E-07,0,0,0
HIP112414,341.53511,-48.97905,2456053.8713383,-2.813138,0.785536,-18856.2057,0.763551,-1.555249,0.510793,-18856.417057,0.403328,-1.496872,0.511005,-11.640761,5.635173,7.30383,1.301013,0.406356,0.000408,0.387506,0.000596,0.523463,0.000762,0,7.208236,43.878513,0.004324,-19,186.8,2456053.87133,23.467299,23.467274,0.161,-9999999,0.351534,0.225201,0.596789,-0.562891,0.648333,0.5,449.9939,-11.632629,5.632361,2012-05-06T08:51:38.527,-9999999,G2,183.C-0972(A),Udry,-9999999,HARPS_ech_obs_all,HARPS_ech_obs_thosimult,STAR_WAVE_F9,6.28762140609182E-06,4.10698577855359E-07,0,0,0
HIP112414,341.53511,-48.97905,2456053.8769099,-4.690798,0.783825,-18858.335198,0.762888,-3.434482,0.508154,-18858.556833,0.402065,-3.370188,0.508289,-17.08858,5.573437,5.395187,0.942167,0.406485,0.000404,0.387146,0.000592,0.523499,0.000757,0,7.207881,43.883514,0.002618,-19,187.8,2456053.8769,23.461877,23.461859,-0.027,-9999999,0.351534,0.223628,0.596793,-0.573169,0.648337,0.5,449.9997,-17.086621,5.564676,2012-05-06T08:59:39.874,-9999999,G2,183.C-0972(A),Udry,-9999999,HARPS_ech_obs_all,HARPS_ech_obs_thosimult,STAR_WAVE_F9,5.44464128894461E-06,4.1414385834471E-07,0,0,0
HIP112414,341.53511,-48.97905,2456054.9132998,-5.876134,0.943963,-18860.298635,1.02862,-4.513271,0.397033,-18859.992247,0.307619,-4.47436,0.397183,-3.884336,3.97064,8.877675,1.255808,0.406851,0.000288,0.38357,0.000427,0.522821,0.000548,0,7.208186,43.863438,0.004458,-19,257.8,2456054.9133,23.453091,23.453063,0.5,-9999999,0.351651,0.330175,0.856405,-0.045263,0.981545,0.49,899.9939,-3.875189,3.955425,2012-05-07T09:48:21.016,-9999999,G2,183.C-0972(A),Udry,-9999999,HARPS_ech_obs_all,HARPS_ech_obs_thosimult,STAR_WAVE_F9,7.17231900757558E-06,4.27040361314521E-07,0,0,0
HIP112414,341.53511,-48.97905,2456079.9073519,-6.344184,0.555721,-18860.541807,0.580514,-5.183822,0.270782,-18860.72134,0.197755,-5.159807,0.27116,-0.4887,3.702211,4.21361,0.738755,0.402569,0.000193,0.395734,0.000282,0.512395,0.000361,0,7.207672,43.886534,0.003646,-19,394.6,2456079.90735,22.103773,22.103822,0.259,-9999999,0.354471,0.127675,0.485287,-0.534004,0.545792,0.5,900.0058,-0.486693,3.67765,2012-06-01T09:36:52.371,-9999999,G2,183.C-0972(A),Udry,-9999999,HARPS_ech_obs_all,HARPS_ech_obs_thosimult,STAR_WAVE_F9,6.70125014632859E-06,2.55953776598405E-07,0,0,0
HIP112414,341.53511,-48.97905,2456083.8894451,-7.718431,0.651962,-18861.855366,0.647592,-7.093799,0.413304,-18862.270606,0.324957,-7.025155,0.413498,2.945924,4.349272,10.368397,1.201808,0.405235,0.00031,0.383656,0.000458,0.511611,0.000587,0,7.207568,43.86601,0.003619,-19,240.3,2456083.88944,21.546008,21.546074,-0.233,-9999999,0.35492,-0.408056,0.504217,-0.77016,0.560159,0.49,900.0003,2.944209,4.316673,2012-06-05T09:10:49.259,-9999999,G2,183.C-0972(A),Udry,-9999999,HARPS_ech_obs_all,HARPS_ech_obs_thosimult,STAR_WAVE_F9,7.6173892620139E-06,4.03639019786761E-07,0,0,0
HIP112414,341.53511,-48.97905,2456087.9017365,-5.635172,0.791735,-18859.698853,0.838814,-4.482223,0.450619,-18859.542753,0.358703,-4.452686,0.450829,10.700242,4.08476,9.316088,1.289752,0.406953,0.000353,0.384895,0.000514,0.52294,0.000658,0,7.205468,43.864544,0.002681,-19,215.4,2456087.90173,20.845306,20.845389,0.282,-9999999,0.355373,0.120261,0.650989,-0.199273,0.758248,0.6,899.9944,10.69753,4.065572,2012-06-09T09:26:27.804,-9999999,G2,183.C-0972(A),Udry,-9999999,HARPS_ech_obs_all,HARPS_ech_obs_thosimult,STAR_WAVE_F9,7.96134404905767E-06,3.77188488780097E-07,0,0,0
HIP112414,341.53511,-48.97905,2456096.9045305,-6.4408,0.933436,-18860.933336,1.023582,-5.543096,0.371322,-18861.447416,0.290343,-5.450877,0.371574,-6.135117,3.565368,12.505506,1.149705,0.406115,0.00028,0.391545,0.000409,0.511828,0.000527,0,7.211506,43.853734,0.004792,-19,268.6,2456096.90452,18.966969,18.967052,-0.031,-9999999,0.356388,-0.134983,0.856401,-0.870468,0.98154,0.52,900.0001,-6.144052,3.534276,2012-06-18T09:30:49.517,-9999999,G2,183.C-0972(A),Udry,-9999999,HARPS_ech_obs_all,HARPS_ech_obs_thosimult,STAR_WAVE_F9,6.16461694611026E-06,3.57557747528208E-07,0,0,0
HIP112414,341.53511,-48.97905,2456116.8445618,-6.567228,0.787762,-18860.942255,1.03038,-6.039803,0.395636,-18861.369635,0.313561,-5.993921,0.39596,9.452764,4.178816,4.17183,1.05534,0.405611,0.000308,0.382308,0.000449,0.512298,0.000579,0,7.204812,43.881402,0.004943,-19,245,2456116.84456,13.442798,13.442916,-0.303,-9999999,0.358638,-0.505263,0.681205,-0.786018,0.981511,0.52,900.0007,9.460225,4.150303,2012-07-08T08:02:54.325,-9999999,G2,183.C-0972(A),Udry,-9999999,HARPS_ech_obs_all,HARPS_ech_obs_thosimult,STAR_WAVE_F9,6.54356681519344E-06,3.34405454546958E-07,0,0,0
HIP112414,341.53511,-48.97905,2456120.8137879,-5.7508,0.951673,-18859.203813,1.035582,-4.645164,0.415118,-18859.573977,0.330284,-4.637228,0.415156,-5.051165,4.519933,16.393713,1.178023,0.402139,0.000316,0.381087,0.000465,0.510981,0.000599,0,7.21471,43.820189,0.005151,-19,236.1,2456120.81378,12.180153,12.180297,0.241,-9999999,0.359085,0.072948,0.856363,-0.729249,0.9815,0.49,900,-5.033636,4.504055,2012-07-12T07:18:47.843,-9999999,G2,183.C-0972(A),Udry,-9999999,HARPS_ech_obs_all,HARPS_ech_obs_thosimult,STAR_WAVE_F9,5.06849921232792E-06,3.92730760713186E-07,0,0,0
HIP112414,341.53511,-48.97905,2456150.8183032,-1.893648,0.914765,-18857.343553,1.050188,-1.763155,0.463208,-18857.233986,0.373564,-1.733714,0.4634,-3.888788,4.744996,8.515099,1.090297,0.406268,0.000368,0.380661,0.000536,0.523066,0.000693,0,7.209052,43.866241,0.004066,-19,205.3,2456150.8183,0.864407,0.864574,-0.459,-9999999,0.36247,-0.902194,0.788817,-0.252903,0.981501,0.49,900.0002,-3.873508,4.738319,2012-08-11T07:24:20.126,-9999999,G2,183.C-0972(A),Udry,-9999999,HARPS_ech_obs_all,HARPS_ech_obs_thosimult,STAR_WAVE_F9,5.18214761783633E-06,4.27984547547191E-07,0,0,0
HIP112414,341.53511,-48.97905,2456171.7362537,-4.267627,0.724781,-18858.703211,0.716097,-1.043961,0.323529,-18855.450676,0.256873,-1.034526,0.323882,-2.805778,4.326632,0.353613,0.874413,0.405669,0.000256,0.375776,0.000367,0.512568,0.000479,0,7.203394,43.902948,0.004135,-19,298.5,2456171.73625,-7.299228,-7.299094,-0.249,-9999999,0.36483,2.190978,0.648565,2.887705,0.668439,0.5,900.0005,-2.786311,4.322592,2012-09-01T05:26:21.195,-9999999,G2,183.C-0972(A),Udry,-9999999,HARPS_ech_obs_all,HARPS_ech_obs_thosimult,STAR_WAVE_F9,5.17122341456948E-06,2.95684613899875E-07,0,0,0
HIP112414,341.53511,-48.97905,2456181.6821483,1.957095,0.775697,-18851.856817,0.962379,3.116115,0.357576,-18851.887501,0.284347,3.109902,0.357955,-4.682857,4.925103,0.470843,1.134756,0.400983,0.000282,0.386046,0.000407,0.520988,0.000529,0,7.20263,43.897793,0.005518,-19,268.7,2456181.68214,-10.934703,-10.934566,-0.429,-9999999,0.365952,0.126332,0.688365,-0.396636,0.919413,0.52,900.0005,-4.67055,4.935805,2012-09-11T04:08:34.574,-9999999,G2,183.C-0972(A),Udry,-9999999,HARPS_ech_obs_all,HARPS_ech_obs_thosimult,STAR_WAVE_F9,6.88192223084026E-06,3.27562937055675E-07,0,0,0
HIP112414,341.53511,-48.97905,2456217.6421295,-1.126041,0.829803,-18853.620013,0.918671,0.173714,0.355712,-18853.731573,0.283739,0.143304,0.355903,-12.619142,4.972073,0.132229,1.017809,0.403721,0.000284,0.385976,0.000407,0.51309,0.000532,0,7.204742,43.896852,0.007375,-19,269.3,2456217.64213,-21.254536,-21.254489,0.097,-9999999,0.370008,0.267067,0.749694,-0.481568,0.873756,0.53,900.0001,-12.616614,4.974194,2012-10-17T03:13:39.330,-9999999,G2,072.C-0488(E),Mayor,-9999999,HARPS_ech_obs_all,HARPS_ech_obs_thosimult,STAR_WAVE_F9,5.78576028562779E-06,2.80328953573161E-07,0,0,0
HIP112414,341.53511,-48.97905,2456223.5328954,0.161314,0.870475,-18854.312434,0.878181,0.291132,0.400808,-18854.362918,0.318374,0.2947,0.400945,-19.433382,6.416106,11.479426,1.26431,0.402841,0.0003,0.386503,0.000444,0.510793,0.000578,0,7.210798,43.833023,0.006292,-19,246.5,2456223.53289,-22.108145,-22.108083,-0.454,-9999999,0.370672,-0.90287,0.77271,-0.421156,0.818437,0.49,900.0002,-19.425286,6.416679,2012-10-23T00:37:34.299,-9999999,G2,072.C-0488(E),Mayor,-9999999,HARPS_ech_obs_all,HARPS_ech_obs_thosimult,STAR_WAVE_F9,6.41818309078716E-06,3.42194450492771E-07,0,0,0
HIP112414,341.53511,-48.97905,2456249.5261323,-3.638489,0.9043,-18857.654055,0.807038,-3.295077,0.290452,-18857.275272,0.224812,-3.307498,0.290755,-11.734892,5.35779,0.491965,0.973663,0.403671,0.000216,0.37741,0.000313,0.513103,0.00041,0,7.206853,43.884569,0.003761,-19,349.7,2456249.52613,-23.864688,-23.864725,0.258,-9999999,0.373605,-0.689276,0.856386,0.005178,0.775094,0.52,900.0082,-11.737791,5.346785,2012-11-18T00:30:18.040,-9999999,G2,183.C-0972(A),Udry,-9999999,HARPS_ech_obs_all,HARPS_ech_obs_thosimult,STAR_WAVE_F9,5.04508402736893E-06,2.85135843159202E-07,0,0,0
HIP112414,341.53511,-48.97905,2456252.5224524,-5.815196,0.904387,-18860.826913,0.94754,-5.268725,0.290717,-18859.516023,0.224241,-5.314017,0.291098,-5.093435,5.412541,0.504923,0.868545,0.404846,0.000218,0.385518,0.000314,0.513229,0.000411,0,7.207259,43.882773,0.004677,-19,349.2,2456252.52245,-23.743005,-23.743021,0.799,-9999999,0.373943,-0.486217,0.856387,0.936947,0.920624,0.51,900.008,-5.088062,5.397759,2012-11-21T00:25:29.595,-9999999,G2,183.C-0972(A),Udry,-9999999,HARPS_ech_obs_all,HARPS_ech_obs_thosimult,STAR_WAVE_F9,6.90042092705045E-06,2.81904479682774E-07,0,0,0
HIP112414,341.53511,-48.97905,2456269.5864864,-3.11511,0.927716,-18857.578907,1.020967,-1.417236,0.35679,-18856.42715,0.281128,-1.419394,0.357117,-14.600454,5.464056,5.284104,1.20434,0.403735,0.000271,0.384126,0.000391,0.523438,0.000513,0,7.208017,43.866167,0.005101,-19,279.4,2456269.58648,-21.964444,-21.964514,0.299,-9999999,0.375868,0.665186,0.856363,0.775889,0.9815,0.5,900.0007,-14.595831,5.461356,2012-12-08T01:59:43.618,-9999999,G2,183.C-0972(A),Udry,-9999999,HARPS_ech_obs_all,HARPS_ech_obs_thosimult,STAR_WAVE_F9,6.31507516809834E-06,3.36447494763045E-07,0,0,0
HIP112414,341.53511,-48.97905,2456469.8451868,-4.770289,0.570411,-18858.565727,0.748272,-4.116536,0.320287,-18859.308794,0.245766,-4.078061,0.320458,-2.491248,4.161264,13.045387,1.27228,0.406086,0.00023,0.3829,0.000338,0.521302,0.000434,0,7.21332,43.855749,0.003584,-19,325.6,2456469.84518,17.108208,17.108286,0.658,-9999999,0.398458,-0.378934,0.472001,-1.141525,0.706761,0.52,900.0012,-2.491013,4.145344,2013-06-26T08:04:41.523,-9999999,G2,091.C-0936(A),Udry,-9999999,HARPS_ech_obs_all,HARPS_ech_obs_wavesimult,STAR_WAVE_F9,7.43588693485476E-06,3.20201230688425E-07,0,0,0
HIP112414,341.53511,-48.97905,2456477.8678125,1.61285,0.924889,-18852.271505,0.813075,3.144795,0.730989,-18851.999939,0.583875,3.124661,0.731161,-8.445132,7.314265,14.103103,2.453108,0.40147,0.000563,0.383787,0.000827,0.523421,0.001063,0,7.21236,43.8578,0.004907,-19,133.9,2456477.86781,14.749151,14.749262,0.451,-9999999,0.399363,0.499257,0.566635,-0.127797,0.565845,0.52,180.0004,-8.437887,7.321018,2013-07-04T08:42:53.969,-9999999,G2,091.C-0936(A),Udry,-9999999,HARPS_ech_obs_all,HARPS_ech_obs_wavesimult,STAR_WAVE_F9,-9999999,-9999999,-9999999,-9999999,-9999999
HIP112414,341.53511,-48.97905,2456477.8701776,1.362494,0.91966,-18852.780218,0.810186,2.893771,0.72436,-18852.513015,0.579844,2.92672,0.724428,-9.225778,7.671577,11.652117,2.376109,0.401818,0.00056,0.38252,0.00082,0.52274,0.001055,0,7.215106,43.869862,0.004887,-19,134.8,2456477.87017,14.744455,14.744565,0.503,-9999999,0.399363,0.498589,0.566636,-0.13216,0.565847,0.48,180.0012,-9.208977,7.678444,2013-07-04T08:46:25.502,-9999999,G2,091.C-0936(A),Udry,-9999999,HARPS_ech_obs_all,HARPS_ech_obs_wavesimult,STAR_WAVE_F9,7.43664956628949E-06,7.47497940217592E-07,0,0,0
HIP112414,341.53511,-48.97905,2456477.8726455,-3.650116,0.898746,-18857.112214,0.795896,-2.119536,0.697614,-18856.849564,0.559701,-2.058226,0.69788,-10.035493,6.973833,11.871534,2.12195,0.401556,0.000539,0.385446,0.000791,0.522849,0.001013,0,7.209892,43.875158,0.003698,-19,140.2,2456477.87264,14.739557,14.73966,0,-9999999,0.399363,0.497893,0.566638,-0.136713,0.565849,0.49,180.001,-10.036624,6.969418,2013-07-04T08:49:56.925,-9999999,G2,091.C-0936(A),Udry,-9999999,HARPS_ech_obs_all,HARPS_ech_obs_wavesimult,STAR_WAVE_F9,6.96750856800679E-06,7.01430517389623E-07,0,0,0
HIP112414,341.53511,-48.97905,2456477.8751415,-3.741716,0.886167,-18858.039744,0.786981,-2.21184,0.681331,-18857.781698,0.546948,-2.227126,0.681534,-2.196386,6.192327,9.811589,2.278512,0.400851,0.000529,0.384678,0.000775,0.521189,0.000992,0,7.210383,43.872233,0.004618,-19,143.1,2456477.87513,14.734607,14.734717,0.135,-9999999,0.399363,0.497188,0.56664,-0.141317,0.565851,0.51,179.9998,-2.186085,6.187863,2013-07-04T08:53:28.967,-9999999,G2,091.C-0936(A),Udry,-9999999,HARPS_ech_obs_all,HARPS_ech_obs_wavesimult,STAR_WAVE_F9,6.23053245342429E-06,5.67494109267871E-07,0,0,0
HIP112414,341.53511,-48.97905,2456477.8775977,0.518239,0.901795,-18853.846723,0.798223,2.047421,0.701535,-18853.593207,0.563001,2.086442,0.701652,-5.157989,7.375002,11.598346,2.491709,0.400926,0.000543,0.382811,0.000795,0.523009,0.001022,0,7.212124,43.869057,0.003798,-19,139,2456477.87759,14.72974,14.729847,0,-9999999,0.399364,0.496495,0.566641,-0.145848,0.565853,0.51,180.0011,-5.148311,7.379872,2013-07-04T08:57:01.170,-9999999,G2,091.C-0936(A),Udry,-9999999,HARPS_ech_obs_all,HARPS_ech_obs_wavesimult,STAR_WAVE_F9,5.46911956496783E-06,8.11076778617222E-07,0,0,0
HIP112414,341.53511,-48.97905,2456501.90361,-5.575346,0.900595,-18859.507647,0.859363,-1.579951,0.361605,-18856.759338,0.283286,-1.570667,0.361839,-6.698199,5.035755,9.719183,1.506345,0.406631,0.000264,0.376161,0.000385,0.523914,0.000501,0,7.211508,43.867686,0.004052,-19,284.2,2456501.90361,6.294294,6.294395,0.81,-9999999,0.402074,2.962708,0.824811,2.346235,0.811329,0.53,900.0011,-6.695211,5.034426,2013-07-28T09:26:49.048,-9999999,G2,091.C-0936(A),Udry,-9999999,HARPS_ech_obs_all,HARPS_ech_obs_wavesimult,STAR_WAVE_F9,6.63982438874209E-06,3.88978267961445E-07,0,0,0
HIP112414,341.53511,-48.97905,2456511.8573819,-2.427679,0.759092,-18856.048323,0.68874,-0.209183,0.368447,-18855.279887,0.290096,-0.176619,0.368618,-2.437406,4.075958,8.818568,1.450344,0.402373,0.000268,0.37976,0.000396,0.525333,0.000514,0,7.209473,43.878831,0.004962,-19,276.8,2456511.85737,2.473512,2.473646,0.226,-9999999,0.403197,1.185809,0.663677,0.365239,0.624665,0.48,900.0014,-2.426742,4.078165,2013-08-07T08:20:46.888,-9999999,G2,091.C-0936(A),Udry,-9999999,HARPS_ech_obs_all,HARPS_ech_obs_wavesimult,STAR_WAVE_F9,5.69603057089177E-06,3.13839342581587E-07,0,0,0
HIP112414,341.53511,-48.97905,2456576.6313597,9.899125,1.104566,-18844.176236,1.129812,11.91227,0.697657,-18843.135815,0.559604,11.897169,0.697969,-2.12615,5.665313,5.372379,2.454714,0.400311,0.000538,0.378005,0.000785,0.512055,0.001022,0,7.207278,43.890599,0.003301,-19,140.4,2456576.63136,-19.896637,-19.89657,-0.054,-9999999,0.410504,0.980458,0.856353,0.629917,0.981488,0.5,150.0012,-2.150364,5.698534,2013-10-11T03:04:13.046,-9999999,G2,192.C-0852(A),Udry,-9999999,HARPS_ech_obs_all,HARPS_ech_obs_wavesimult,STAR_WAVE_F9,-9999999,-9999999,-9999999,-9999999,-9999999
HIP112414,341.53511,-48.97905,2456591.4986905,4.651642,1.014751,-18850.102189,1.064417,7.212415,0.805753,-18847.731342,0.636678,7.214237,0.805979,-6.236957,7.79119,11.814805,2.322985,0.404864,0.000625,0.381173,0.000927,0.52172,0.0012,0,7.218128,43.852247,0.005472,-19,119.6,2456591.49868,-22.451299,-22.451244,0,-9999999,0.412181,1.528086,0.616832,1.958666,0.853009,0.49,450.0011,-6.225282,7.804453,2013-10-25T23:52:16.177,-9999999,G2,192.C-0852(A),Udry,-9999999,HARPS_ech_obs_all,HARPS_ech_obs_wavesimult,STAR_WAVE_F9,6.21941993200212E-06,7.25699556833257E-07,0,0,0
HIP112414,341.53511,-48.97905,2456591.5045203,1.274911,0.911584,-18852.465951,1.007765,3.834038,0.6712,-18850.105858,0.536631,3.808592,0.671366,-6.646091,6.275889,11.934881,2.006058,0.403285,0.000518,0.378746,0.000768,0.524598,0.001,0,7.216286,43.852154,0.005516,-19,143.7,2456591.50452,-22.46143,-22.461373,0.733,-9999999,0.412181,1.52644,0.616828,1.947912,0.853005,0.54,450.0006,-6.634607,6.286518,2013-10-26T00:00:17.415,-9999999,G2,192.C-0852(A),Udry,-9999999,HARPS_ech_obs_all,HARPS_ech_obs_wavesimult,STAR_WAVE_F9,-9999999,-9999999,-9999999,-9999999,-9999999
HIP112414,341.53511,-48.97905,2456600.5026566,2.668557,0.766532,-18851.029217,0.843377,4.047597,0.304756,-18850.891837,0.235293,4.026677,0.304968,-3.553105,3.665629,9.352822,1.28454,0.400111,0.000219,0.378283,0.000321,0.522317,0.000418,0,7.214122,43.855842,0.003674,-19,341.6,2456600.50265,-23.453795,-23.453785,0.346,-9999999,0.413196,0.346353,0.703346,-0.275816,0.80989,0.49,900.001,-3.551863,3.687288,2013-11-03T23:55:18.199,-9999999,G2,192.C-0852(A),Udry,-9999999,HARPS_ech_obs_all,HARPS_ech_obs_wavesimult,STAR_WAVE_F9,5.92146019159623E-06,3.05233273530962E-07,0,0,0
HIP112414,341.53511,-48.97905,2456617.5795683,-0.373247,0.747026,-18854.218754,0.824344,0.310447,0.306103,-18854.331805,0.237543,0.300134,0.306277,-7.032046,3.865936,8.537675,1.162545,0.404095,0.000226,0.374083,0.000327,0.515479,0.000431,0,7.214316,43.865123,0.003641,-19,334.7,2456617.57956,-23.835374,-23.835401,0.73,-9999999,0.415123,-0.348994,0.681432,-0.528174,0.789378,0.51,900.0011,-7.032644,3.872225,2013-11-21T01:47:42.309,-9999999,G2,192.C-0852(A),Udry,-9999999,HARPS_ech_obs_all,HARPS_ech_obs_wavesimult,STAR_WAVE_F9,5.57566576506253E-06,3.86482325079224E-07,0,0,0
HIP112414,341.53511,-48.97905,2456618.5289323,0.495731,0.968521,-18853.40887,1.063156,2.110787,0.515934,-18852.479502,0.417144,2.07819,0.516092,-7.038807,6.364274,5.668662,1.942001,0.404587,0.000399,0.386982,0.000581,0.513082,0.000759,0,7.211369,43.878764,-0.00028,-19,189.3,2456618.52892,-23.714703,-23.714712,0.51,-9999999,0.41523,0.582368,0.819661,0.514138,0.977901,0.49,326.1509,-7.036852,6.371812,2013-11-22T00:39:53.016,-9999999,G2,192.C-0852(A),Udry,-9999999,HARPS_ech_obs_all,HARPS_ech_obs_wavesimult,STAR_WAVE_F9,5.53148877877737E-06,6.26193433164143E-07,0,0,0
HIP112414,341.53511,-48.97905,2456618.5331236,-2.232428,0.966405,-18856.408247,1.061595,-0.618556,0.511954,-18855.486611,0.413156,-0.65489,0.512211,-6.010605,5.164162,5.990644,1.547072,0.40389,0.000395,0.385638,0.000574,0.513569,0.000751,0,7.211821,43.875694,0.005709,-19,191.4,2456618.53311,-23.721091,-23.721098,0.05,-9999999,0.41523,0.581185,0.81966,0.506406,0.977899,0.5,326.1506,-6.008678,5.163276,2013-11-22T00:45:51.910,-9999999,G2,192.C-0852(A),Udry,-9999999,HARPS_ech_obs_all,HARPS_ech_obs_wavesimult,STAR_WAVE_F9,7.62032028341615E-06,4.80544852804985E-07,0,0,0
HIP112414,341.53511,-48.97905,2456810.9428421,1.694236,0.852885,-18853.095379,0.760804,3.308171,0.460792,-18851.973893,0.367532,3.335756,0.460894,-0.346224,3.892346,17.531454,1.608865,0.402311,0.000353,0.385274,0.000516,0.513304,0.000662,0,7.215434,43.848853,0.004712,-19,214.2,2456810.94284,21.98007,21.980121,0.249,-9999999,0.436935,0.581248,0.717693,0.684551,0.66614,0.5,600.0009,-0.343656,3.907775,2014-06-02T10:30:24.056,-9999999,G2,192.C-0852(A),Udry,-9999999,HARPS_ech_obs_all,HARPS_ech_obs_wavesimult,STAR_WAVE_F9,7.49191839500096E-06,4.35710591788266E-07,0,0,0
HIP112414,341.53511,-48.97905,2456829.9041007,-0.549921,0.761895,-18855.17572,0.771838,1.410834,0.370008,-18854.14701,0.288613,1.474672,0.37015,-0.717846,3.421977,12.47282,1.212964,0.4026,0.000276,0.384909,0.000404,0.511436,0.000517,0,7.213073,43.862029,0.001824,-19,273.7,2456829.90409,18.364195,18.364269,0.471,-9999999,0.439074,0.928067,0.666017,0.589636,0.715847,0.48,900.0007,-0.737611,3.435472,2014-06-21T09:30:33.707,-9999999,G2,192.C-0852(A),Udry,-9999999,HARPS_ech_obs_all,HARPS_ech_obs_wavesimult,STAR_WAVE_F9,7.25269980622717E-06,3.27963409019838E-07,0,0,0
HIP112414,341.53511,-48.97905,2456863.8803342,-2.168645,0.769342,-18855.999076,0.989432,-0.413864,0.380365,-18855.195106,0.300256,-0.351037,0.380658,-10.538793,3.368836,14.52898,1.518759,0.4057,0.000282,0.379392,0.000411,0.512332,0.000533,0,7.211432,43.849731,0.003483,-19,266.3,2456863.88033,7.561258,7.561406,0.68,-9999999,0.442907,0.722093,0.668737,0.361063,0.942773,0.5,900.0014,-10.54571,3.372296,2014-07-25T08:53:51.218,-9999999,G2,192.C-0852(A),Udry,-9999999,HARPS_ech_obs_all,HARPS_ech_obs_wavesimult,STAR_WAVE_F9,5.716130151246E-06,3.99777683934892E-07,0,0,0
HIP112414,341.53511,-48.97905,2456873.8416576,0.171178,0.83309,-18853.468934,0.678424,1.825631,0.655498,-18852.80755,0.523379,1.842268,0.655703,-16.376325,6.382011,12.760222,2.151039,0.404694,0.000505,0.380934,0.000744,0.522109,0.000959,0,7.21903,43.860561,0.003163,-19,148.1,2456873.84165,3.773239,3.773393,0.66,-9999999,0.44403,0.621765,0.514161,0.217354,0.431664,0.63,900.0009,-16.381411,6.389695,2014-08-04T07:55:55.943,-9999999,G2,192.C-0852(A),Udry,-9999999,HARPS_ech_obs_all,HARPS_ech_obs_wavesimult,STAR_WAVE_F9,4.18216930722949E-06,6.06488012074131E-07,0,0,0
HIP112414,341.53511,-48.97905,2456895.7624463,2.535198,0.744696,-18851.728091,0.711733,4.076249,0.486471,-18851.253341,0.391851,4.069821,0.486644,-9.957221,4.675077,11.196005,1.491661,0.401869,0.000372,0.379733,0.000543,0.522003,0.000703,0,7.212801,43.859185,0.002078,-19,202.3,2456895.76244,-4.821904,-4.821775,0.404,-9999999,0.446503,0.508363,0.563842,0.028247,0.594152,0.51,450.0016,-9.965219,4.694277,2014-08-26T06:07:32.299,-9999999,G2,192.C-0852(A),Udry,-9999999,HARPS_ech_obs_all,HARPS_ech_obs_wavesimult,STAR_WAVE_F9,6.57331599633884E-06,4.06093478101029E-07,0,0,0
HIP112414,341.53511,-48.97905,2456895.7680471,3.092633,0.770211,-18850.210181,0.726379,4.632103,0.524695,-18849.745761,0.417861,4.650617,0.524785,-5.999609,4.633864,10.368415,1.706528,0.402178,0.000366,0.380181,0.00055,0.522404,0.000712,0,7.210679,43.863646,0.00394,-19,199.2,2456895.76804,-4.833169,-4.833054,0.476,-9999999,0.446504,0.506782,0.563844,0.017916,0.594153,0.51,450.0015,-5.990149,4.653779,2014-08-26T06:15:36.220,-9999999,G2,192.C-0852(A),Udry,-9999999,HARPS_ech_obs_all,HARPS_ech_obs_wavesimult,STAR_WAVE_F9,8.10851055871114E-06,5.24055132779555E-07,0,0,0
HIP112414,341.53511,-48.97905,2456932.6822927,1.658821,0.783971,-18851.546897,0.661212,3.79009,0.343116,-18850.931728,0.272753,3.774739,0.343401,-8.530002,3.267563,8.108735,1.306494,0.404032,0.000268,0.375428,0.000384,0.512154,0.000502,0,7.212562,43.872624,0.00446,-19,284.7,2456932.68228,-17.612663,-17.612583,0.04,-9999999,0.450668,1.098581,0.704898,0.164501,0.602335,0.53,900.0009,-8.526387,3.290652,2014-10-02T04:10:01.687,-9999999,G2,192.C-0852(A),Udry,-9999999,HARPS_ech_obs_all,HARPS_ech_obs_wavesimult,STAR_WAVE_F9,6.77079444030064E-06,3.28551411741491E-07,0,0,0
HIP112414,341.53511,-48.97905,2457183.9547361,0.983572,1.158474,-18832.255671,0.775302,0.500025,0.520171,-18833.307041,0.435313,20.090183,0.541046,3.243158,10.614387,49.844589,4.332543,0.404232,0.000478,0.387051,0.000655,0.518915,0.000829,0,7.229488,43.687043,0.017386,-19,168.3,2457183.95473,20.699225,20.699307,0,-9999999,0.479013,1.517367,1.035126,-1.530383,0.641557,0.56,899.9984,3.224332,10.650799,2015-06-10T10:43:19.908,-9999999,G2,192.C-0852(A),Udry,-9999999,HARPS_ech_obs_all,HARPS_ech_obs_wavesimult,STAR_WAVE_F9,7.14273159867556E-06,5.01268390022227E-07,0,0,0
HIP112414,341.53511,-48.97905,2457257.7255772,-3.191071,0.80948,-18840.022453,0.750414,-5.41544,0.30666,-18837.694678,0.268033,14.600027,0.345457,-4.138352,8.808871,37.103757,3.98356,0.403981,0.00027,0.380221,0.000377,0.522942,0.000487,0,7.230037,43.720027,0.016512,-19,288.3,2457257.72557,-3.465571,-3.465422,0,-9999999,0.487334,-0.223455,0.749144,1.840441,0.700913,0.51,899.9983,-4.137545,8.845015,2015-08-23T05:10:33.511,-9999999,G2,192.C-0852(A),Udry,-9999999,HARPS_ech_obs_all,HARPS_ech_obs_wavesimult,STAR_WAVE_F9,7.35531620796559E-06,2.87381993815429E-07,0,0,0
HIP112414,341.53511,-48.97905,2457307.6063962,2.1984,0.544212,-18832.624184,0.583922,1.897514,0.26069,-18830.241494,0.234908,21.741232,0.3047,-7.641623,11.334474,35.836847,4.027584,0.405262,0.000235,0.384956,0.000328,0.510668,0.000426,0,7.232782,43.715161,0.015647,-19,330.2,2457307.60639,-19.971336,-19.971288,-0.144,-9999999,0.492961,1.700027,0.47771,1.889729,0.534587,0.49,899.9983,-7.677386,11.376159,2015-10-12T02:22:12.640,-9999999,G2,192.C-0852(A),Udry,-9999999,HARPS_ech_obs_all,HARPS_ech_obs_thosimult,STAR_WAVE_F9,6.36038472112692E-06,3.14335653666824E-07,0,0,0
HIP112414,341.53511,-48.97905,2457319.6512543,4.53779,0.556122,-18830.091898,0.572749,2.557839,0.294943,-18829.322926,0.263186,22.934767,0.336787,-0.318386,11.344872,34.745404,4.023421,0.405552,0.000258,0.385725,0.000363,0.509395,0.000471,0,7.231869,43.728643,0.015963,-19,298.5,2457319.65124,-22.358829,-22.358776,0,-9999999,0.49432,0.020962,0.471466,0.274652,0.508699,0.51,899.9983,-0.32176,11.380717,2015-10-24T03:27:43.831,-9999999,G2,192.C-0852(A),Udry,-9999999,HARPS_ech_obs_all,HARPS_ech_obs_wavesimult,STAR_WAVE_F9,6.68636334914748E-06,3.11390938932676E-07,0,0,0
HIP112414,341.53511,-48.97905,2457324.6094659,2.324049,0.713208,-18832.647044,0.907868,0.784527,0.265817,-18831.242846,0.240937,20.634524,0.312441,-4.014655,9.59079,36.597997,4.075582,0.405474,0.000238,0.388822,0.000335,0.518983,0.000432,0,7.2329,43.71459,0.016622,-19,324.7,2457324.60946,-22.977556,-22.977524,0,-9999999,0.494879,0.461391,0.661821,0.909319,0.875314,0.5,899.9983,-3.988014,9.633963,2015-10-29T02:28:14.550,-9999999,G2,192.C-0852(A),Udry,-9999999,HARPS_ech_obs_all,HARPS_ech_obs_wavesimult,STAR_WAVE_F9,6.03733620816767E-06,3.09604354928135E-07,0,0,0
HIP112414,341.53511,-48.97905,2457354.5797184,1.636411,0.959149,-18833.45706,0.935198,0.017826,0.29886,-18831.47186,0.267365,20.192985,0.3399,1.840368,9.060833,35.730882,3.912248,0.405319,0.000264,0.37861,0.000373,0.518388,0.000481,0,7.234201,43.718902,0.016102,-19,291.3,2457354.57972,-23.386077,-23.386123,0,-9999999,0.49826,0.382329,0.9114,1.48694,0.896165,0.5,899.9983,1.862887,9.102333,2015-11-28T01:48:48.101,-9999999,G2,192.C-0852(A),Udry,-9999999,HARPS_ech_obs_all,HARPS_ech_obs_wavesimult,STAR_WAVE_F9,6.62760736059992E-06,3.46732103284146E-07,0,0,0
HIP112414,341.53511,-48.97905,2457680.7066502,-5.208869,1.071298,-18840.638446,1.090012,-6.857269,0.533861,-18839.221052,0.455518,13.734821,0.558779,0.564379,11.031401,33.479402,4.03443,0.404964,0.000446,0.379753,0.000644,0.507504,0.00083,0,7.225045,43.746514,0.016887,-19,169,2457680.70665,-21.720407,-21.720352,0.586,-9999999,0.535049,0.352514,0.928801,0.882345,0.990267,0.49,899.9983,0.566706,11.054915,2016-10-19T04:47:22.172,-9999999,G2,198.C-0836(A),Diaz,-9999999,HARPS_ech_obs_all,HARPS_ech_obs_wavesimult,STAR_WAVE_F9,5.85840055474811E-06,5.97287755221039E-07,0,0,0
HIP112414,341.53511,-48.97905,2457694.5709818,-1.116616,0.5301,-18836.074761,0.452249,-5.114342,0.217341,-18836.952338,0.20167,14.976525,0.267991,-1.869054,6.979985,32.27959,3.94615,0.405594,0.0002,0.377664,0.00028,0.519592,0.000362,0,7.23128,43.734152,0.016022,-19,387.7,2457694.57098,-23.438442,-23.438425,-0.063,-9999999,0.536613,-1.996813,0.483496,-1.41419,0.404794,0.47,899.9983,-1.898145,7.035396,2016-11-02T01:33:48.547,-9999999,G2,198.C-0836(A),Diaz,-9999999,HARPS_ech_obs_all,HARPS_ech_obs_wavesimult,STAR_WAVE_F9,5.73257933697824E-06,2.37289498755796E-07,0,0,0
HIP112414,341.53511,-48.97905,2457879.9080624,-2.005819,0.5917,-18837.779707,0.678932,-6.505081,0.414217,-18840.248828,0.35289,13.237299,0.439431,4.964453,11.005496,37.216538,4.268058,0.404235,0.000355,0.384992,0.000493,0.510355,0.000629,0,7.22751,43.736334,0.013092,-19,221.8,2457879.90805,23.403349,23.403371,0.664,-9999999,0.55752,-2.498348,0.422532,-3.026641,0.580014,0.5,899.9983,4.939562,11.025462,2017-05-06T09:40:47.962,-9999999,G2,198.C-0836(A),Diaz,-9999999,HARPS_ech_obs_all,HARPS_ech_obs_wavesimult,STAR_WAVE_F9,6.7929720384777E-06,4.17280648005721E-07,0,0,0
HIP112414,341.53511,-48.97905,2457883.8600178,-5.186569,0.717863,-18841.134594,0.689248,-5.411418,0.596899,-18839.410921,0.497604,14.625466,0.617005,31.695843,16.443676,38.508673,4.399152,0.407034,0.000501,0.398375,0.00071,0.511288,0.0009,0,7.230407,43.738819,0.013641,-19,156.1,2457883.86001,23.551033,23.55105,0.479,-9999999,0.557965,1.776065,0.398797,1.165708,0.476921,0.5,899.9983,31.708509,16.45184,2017-05-10T08:31:10.389,-9999999,G2,198.C-0836(A),Diaz,-9999999,HARPS_ech_obs_all,HARPS_ech_obs_wavesimult,STAR_WAVE_F9,6.58599211949055E-06,6.81572884374973E-07,0,0,0
