target,ra,dec,BJD,RV_mlc_nzp,e_RV_mlc_nzp,RV_drs_nzp,e_RV_drs_nzp,RV_mlc,e_RV_mlc,RV_drs,e_RV_drs,RV_mlc_j,e_RV_mlc_j,CRX,e_CRX,dLW,e_dLW,Halpha,e_Halpha,NaD1,e_NaD1,NaD2,e_NaD2,f_RV,FWHM_DRS,CONTRAST_DRS,BIS,RVGUESS,SNR_DRS,BJD_DRS,BERV,BERV_DRS,DRIFT,e_DRIFT,SA,NZP_mlc,dNZP_mlc,NZP_drs,dNZP_drs,TMMEAN,EXPTIME,MLCRX,E_MLCRX,TIMEID,DRIFT_LAMP,MASK,PROGID,PROGPI,AIRMASS,OBHAB,THAR_FP,DPR_TYPE,RHKp,dRHKp,sourceflag,vsinflag,metflag
GJ150.0,55.81192,-9.76028,2452940.7542221,-0.803442,0.784671,-6162.684355,0.79951,-10.940239,0.331203,-6163.384071,0.289293,-10.70455,0.333687,-3.177735,4.747733,-27.868559,1.099181,0.48023,0.000387,0.217034,0.000431,0.307496,0.000562,0,6.448191,47.871724,0.018844,-6.343,194.4,2452940.75419,7.093868,7.094146,0.111,-9999999,0,-0.173366,0.711346,-0.699716,0.745336,0.59,23.7957,-3.178548,4.694449,2003-10-28T05:58:53.863,-9999999,K5,072.C-0488(E),M. Mayor,-9999999,HARPS_ech_obs_all,HARPS_ech_obs_thosimult,STAR_WAVE_K0IV,6.82932163618184E-06,4.12690363931523E-07,0,0,0
GJ150.0,55.81192,-9.76028,2452946.7892662,2.780258,0.901894,-6159.595865,1.011848,-6.862173,0.285816,-6159.371165,0.239903,-6.776916,0.289556,-18.101173,4.123983,-38.153451,1.234955,0.472022,0.000323,0.215188,0.000365,0.298775,0.000478,0,6.451185,47.991637,0.016684,-6.343,228.4,2452946.78923,4.285839,4.286165,-0.122,-9999999,0.001942,0.321,0.855408,0.222758,0.982996,0.55,40.6954,-18.071454,4.093258,2003-11-03T06:49:03.324,-9999999,K5,072.C-0488(E),M. Mayor,-9999999,HARPS_ech_obs_all,HARPS_ech_obs_thosimult,STAR_WAVE_K0IV,6.70473776140429E-06,3.22320681865289E-07,0,0,0
GJ150.0,55.81192,-9.76028,2452947.695342,2.380305,0.743553,-6159.13692,0.766575,-6.586259,0.281318,-6158.524274,0.232426,-6.475835,0.284674,-23.315784,6.382549,-36.429786,1.20544,0.477308,0.000321,0.219856,0.000358,0.306342,0.000471,0,6.452015,47.974736,0.018106,-6.343,232.5,2452947.69531,4.105952,4.10627,0.229,-9999999,0.002234,0.996867,0.688282,0.610412,0.730489,0.55,49.6957,-23.30973,6.362619,2003-11-04T04:33:42.218,-9999999,K5,072.C-0488(E),M. Mayor,-9999999,HARPS_ech_obs_all,HARPS_ech_obs_thosimult,STAR_WAVE_K0IV,6.97221566765988E-06,3.71364793549831E-07,0,0,0
GJ150.0,55.81192,-9.76028,2452949.7933728,0.148291,0.887425,-6173.615995,1.00009,-9.478751,0.236216,-6173.430232,0.18411,-9.255986,0.240135,-22.232063,5.632678,-38.709669,1.473809,0.477996,0.000242,0.215324,0.00027,0.299454,0.000355,0,7.009104,60.485617,-0.024512,-6.1,307.1,2452949.79335,2.904782,2.905174,0.535,-9999999,0.002909,0.33639,0.855409,0.182854,0.982998,0.54,44.9958,-22.25447,5.590836,2003-11-06T06:54:52.983,-9999999,G2,072.C-0513(B),UNKNOWN,-9999999,HARPS_ech_obs_all,HARPS_ech_obs_thosimult,STAR_WAVE_G2V,7.42787225185199E-06,3.57135066284232E-07,0,0,0
GJ150.0,55.81192,-9.76028,2452949.7942847,0.295667,0.885496,-6173.248623,0.998749,-9.331656,0.228863,-6173.064557,0.176677,-9.217378,0.233347,-24.315898,5.903538,-39.249359,1.614309,0.477907,0.000241,0.214963,0.000265,0.299884,0.000348,0,7.010941,60.497057,-0.024383,-6.1,313.8,2452949.79425,2.902245,2.902667,0.502,-9999999,0.00291,0.336109,0.855409,0.181156,0.982998,0.56,44.9962,-24.336999,5.866716,2003-11-06T06:56:10.874,-9999999,G2,072.C-0513(B),UNKNOWN,-9999999,HARPS_ech_obs_all,HARPS_ech_obs_thosimult,STAR_WAVE_G2V,6.88386716716765E-06,3.36738569322433E-07,0,0,0
GJ150.0,55.81192,-9.76028,2452949.7951908,1.033322,0.884234,-6173.018678,0.997886,-8.59428,0.223929,-6172.836299,0.171728,-8.483102,0.228795,-22.724926,5.422162,-39.975743,1.753328,0.478412,0.000237,0.215392,0.000259,0.300367,0.00034,0,7.011475,60.509165,-0.024685,-6.1,321.5,2452949.79515,2.899729,2.900166,0.484,-9999999,0.00291,0.33583,0.855409,0.179469,0.982998,0.56,44.9959,-22.723341,5.388581,2003-11-06T06:57:29.155,-9999999,G2,072.C-0513(B),UNKNOWN,-9999999,HARPS_ech_obs_all,HARPS_ech_obs_thosimult,STAR_WAVE_G2V,7.5568950226456E-06,3.56289390280511E-07,0,0,0
GJ150.0,55.81192,-9.76028,2452996.6338792,-0.229706,0.885363,-6162.804562,0.996982,-10.303872,0.228369,-6162.53739,0.166433,-10.192608,0.233203,-9.846403,4.821624,-41.534631,1.646769,0.476827,0.000224,0.216949,0.000251,0.30626,0.000329,0,6.449939,47.976087,0.01881,-6.343,333.1,2452996.63388,-17.199671,-17.199349,0.308,-9999999,0.017985,-0.110735,0.855403,0.249187,0.982992,0.52,59.9958,-9.83436,4.779695,2003-12-23T03:06:45.816,-9999999,K5,072.C-0488(E),Mayor,-9999999,HARPS_ech_obs_all,HARPS_ech_obs_thosimult,STAR_WAVE_K0,7.61986408643645E-06,3.7044659903109E-07,0,0,0
GJ150.0,55.81192,-9.76028,2453039.6012773,-1.702967,0.88829,-6176.614842,1.000919,-10.426364,0.239442,-6174.954156,0.188551,-10.442516,0.243494,-8.934989,4.107171,-40.461014,1.479396,0.475391,0.000247,0.214817,0.000281,0.304162,0.000369,0,7.006716,60.468545,-0.023694,-6.1,297.7,2453039.60127,-26.575406,-26.575382,0.41,-9999999,0.031814,1.240034,0.85541,1.628872,0.982999,0.49,89.9954,-8.973338,4.051586,2004-02-04T02:24:18.705,-9999999,G2,072.C-0513(D),UNKNOWN,-9999999,HARPS_ech_obs_all,HARPS_ech_obs_thosimult,STAR_WAVE_G2V,7.51301655666458E-06,4.75998308262443E-07,0,0,0
GJ150.0,55.81192,-9.76028,2453039.6027196,-2.788912,0.885491,-6177.837698,0.998728,-11.512753,0.22884,-6176.179697,0.176555,-11.461988,0.233187,-13.922557,4.144154,-41.825582,1.583632,0.475689,0.000238,0.214182,0.000267,0.304215,0.000351,0,7.010121,60.480568,-0.023894,-6.1,313.5,2453039.60271,-26.578116,-26.578092,0.419,-9999999,0.031814,1.23959,0.85541,1.626187,0.982999,0.51,89.9958,-13.950291,4.081769,2004-02-04T02:26:21.526,-9999999,G2,072.C-0513(D),UNKNOWN,-9999999,HARPS_ech_obs_all,HARPS_ech_obs_thosimult,STAR_WAVE_G2V,7.44347641413191E-06,3.46934744816434E-07,0,0,0
GJ150.0,55.81192,-9.76028,2453039.6041455,-2.830659,0.885015,-6177.723077,0.998154,-11.554939,0.226992,-6176.06773,0.173282,-11.477108,0.231422,-13.045604,4.323163,-42.090691,1.626362,0.475441,0.000231,0.213904,0.00026,0.303852,0.000342,0,7.009857,60.48344,-0.023768,-6.1,321.3,2453039.60414,-26.580772,-26.580737,0.317,-9999999,0.031815,1.239151,0.85541,1.623532,0.982998,0.52,89.9955,-13.077079,4.25918,2004-02-04T02:28:23.837,-9999999,G2,072.C-0513(D),UNKNOWN,-9999999,HARPS_ech_obs_all,HARPS_ech_obs_thosimult,STAR_WAVE_G2V,7.58230823235944E-06,3.43822718480421E-07,0,0,0
GJ150.0,55.81192,-9.76028,2453064.5260041,0.342993,0.934873,-6164.296939,1.006105,-7.504719,0.377114,-6161.405611,0.346524,-7.46054,0.379348,-10.490961,4.430599,-31.07161,1.145504,0.477884,0.000584,0.215801,0.000605,0.301022,0.000788,0,6.44881,47.902541,0.016454,-6.343,141.1,2453064.526,-25.326879,-25.326508,0.302,-9999999,0.039836,2.11572,0.855437,2.851492,0.944547,0.63,99.996,-10.516792,4.386945,2004-02-29T00:38:43.722,-9999999,K5,072.C-0488(E),Mayor,-9999999,HARPS_ech_obs_all,HARPS_ech_obs_thosimult,STAR_WAVE_K0,7.77584784904054E-06,4.60020291759435E-07,0,0,0
GJ150.0,55.81192,-9.76028,2453065.5102103,-5.920309,3.837519,-6174.408687,4.68067,-13.866739,3.740958,-6171.596943,4.576277,-13.874597,3.746914,0.225423,39.292559,-100.226529,10.125843,0.468434,0.004285,0.204322,0.005788,0.293025,0.007484,0,6.472444,48.636737,-0.002496,-6.343,19.6,2453065.51021,-25.15039,-25.150034,0.161,-9999999,0.040152,2.017001,0.855444,2.771592,0.983035,0.57,119.9959,0.200372,39.287241,2004-03-01T00:16:00.828,-9999999,K5,072.C-0488(E),Mayor,-9999999,HARPS_ech_obs_all,HARPS_ech_obs_thosimult,STAR_WAVE_K0,7.15133559603827E-06,2.66631491586168E-06,0,0,0
GJ150.0,55.81192,-9.76028,2453066.5159662,3.495083,0.743278,-6159.344801,1.026718,-5.056022,0.330535,-6156.520778,0.296307,-5.080034,0.333001,-15.904189,4.680822,-30.258822,1.176725,0.47653,0.000409,0.214391,0.000454,0.303451,0.000595,0,6.451036,47.882861,0.018844,-6.343,185.3,2453066.51596,-25.005743,-25.005381,0.277,-9999999,0.040476,1.412326,0.66574,2.783547,0.983032,0.47,165.9949,-15.923813,4.655835,2004-03-02T00:24:15.716,-9999999,K5,072.C-0488(E),Mayor,-9999999,HARPS_ech_obs_all,HARPS_ech_obs_thosimult,STAR_WAVE_K0,7.11410081441391E-06,4.29695998973037E-07,0,0,0
GJ150.0,55.81192,-9.76028,2453261.8483649,0.843699,0.914427,-9999999,-9999999,-10.713066,0.323146,-9999999,-9999999,-10.5505,0.326188,-3.985051,4.645964,-24.920036,1.366602,0.478643,0.000251,0.217938,0.000302,0.299112,0.000392,0,-9999999,-9999999,-9999999,0,273.6,2453261.84835,22.385127,22.385054,-9999999,-9999999,0.103344,-1.593334,0.855426,-1.601391,0.983016,0.47,59.9773,-4.030007,4.572964,2004-09-13T08:17:29.780,-9999999,nan,073.C-0784(B),UNKNOWN,-9999999,HARPS_ech_obs_all,HARPS_ech_obs_thosimult,STAR_WAVE_K0+IV,5.0734299051278E-06,7.78987222893838E-07,0,0,0
GJ150.0,55.81192,-9.76028,2453261.8494178,3.650609,0.898332,-9999999,-9999999,-7.906481,0.274311,-9999999,-9999999,-7.668554,0.277535,-21.624034,4.005317,-27.790087,1.541512,0.478747,0.000234,0.218323,0.000268,0.299128,0.000348,0,-9999999,-9999999,-9999999,0,309.7,2453261.84941,22.382271,22.382205,-9999999,-9999999,0.103344,-1.593658,0.855426,-1.603352,0.983016,0.48,59.977,-21.657691,3.944331,2004-09-13T08:19:00.147,-9999999,nan,073.C-0784(B),UNKNOWN,-9999999,HARPS_ech_obs_all,HARPS_ech_obs_thosimult,STAR_WAVE_K0+IV,6.83308172686719E-06,5.50121928994381E-07,0,0,0
GJ150.0,55.81192,-9.76028,2453261.85048,3.601817,0.90274,-9999999,-9999999,-7.9556,0.288418,-9999999,-9999999,-7.859246,0.291453,-15.36539,4.530803,-25.345788,1.380918,0.478469,0.000231,0.218139,0.000271,0.299448,0.000352,0,-9999999,-9999999,-9999999,0,305.3,2453261.85047,22.379388,22.379321,-9999999,-9999999,0.103344,-1.593985,0.855427,-1.60533,0.983017,0.5,59.9778,-15.399983,4.472558,2004-09-13T08:20:30.713,-9999999,nan,073.C-0784(B),UNKNOWN,-9999999,HARPS_ech_obs_all,HARPS_ech_obs_thosimult,STAR_WAVE_K0+IV,7.03910098809025E-06,5.62326626859487E-07,0,0,0
GJ150.0,55.81192,-9.76028,2453306.7578683,0.440059,0.874519,-6162.492436,0.991217,-10.741236,0.181855,-6162.837684,0.127439,-10.1221,0.189099,6.648447,3.587911,-34.896245,1.294736,0.479427,0.000184,0.217097,0.000202,0.300837,0.000265,128,6.446996,47.945281,0.01685,-6.2,413.6,2453306.75786,6.752288,6.752481,0,-9999999,0.117798,-1.217864,0.855402,-0.463046,0.98299,0.51,45.0017,6.645693,3.503896,2004-10-28T06:03:57.363,-9999999,K5,074.C-0012(A),UNKNOWN,-9999999,HARPS_ech_obs_all,HARPS_ech_obs_thosimult,STAR_WAVE_K0+IV,7.2044445394518E-06,3.85819995206489E-07,0,0,0
GJ150.0,55.81192,-9.76028,2453306.7587434,1.796595,0.874269,-6161.245709,0.991195,-9.38497,0.180647,-6161.592587,0.127269,-8.756558,0.187349,1.917838,3.829753,-31.094956,1.299872,0.47968,0.000181,0.217151,0.000199,0.300491,0.000262,128,6.450004,47.922637,0.01767,-6.2,418,2453306.75873,6.7497,6.749919,0,-9999999,0.117798,-1.218134,0.855402,-0.464676,0.98299,0.5,45.0018,1.901227,3.758559,2004-10-28T06:05:13.420,-9999999,K5,074.C-0012(A),UNKNOWN,-9999999,HARPS_ech_obs_all,HARPS_ech_obs_thosimult,STAR_WAVE_K0+IV,7.50548768966526E-06,3.73427348588478E-07,0,0,0
GJ150.0,55.81192,-9.76028,2453306.7596159,1.242215,0.874237,-6161.640815,0.991028,-9.939619,0.180493,-6161.989317,0.12596,-9.397789,0.187417,-0.193493,3.795546,-30.89007,1.357001,0.47923,0.000178,0.21727,0.000197,0.299669,0.000258,128,6.450194,47.921994,0.018206,-6.2,423.5,2453306.75961,6.74712,6.747324,0,-9999999,0.117798,-1.218402,0.855402,-0.4663,0.98299,0.49,45.0021,-0.199427,3.718466,2004-10-28T06:06:29.258,-9999999,K5,074.C-0012(A),UNKNOWN,-9999999,HARPS_ech_obs_all,HARPS_ech_obs_thosimult,STAR_WAVE_K0+IV,6.98751974012488E-06,3.72667433170423E-07,0,0,0
GJ150.0,55.81192,-9.76028,2453309.7995707,-0.723895,0.715754,-6164.591488,0.633557,-13.476464,0.234546,-6166.124169,0.195602,-13.239247,0.239436,7.566378,3.624803,-30.331491,1.361479,0.478804,0.000272,0.217107,0.000298,0.300055,0.00039,0,6.458021,47.89775,0.016804,-6.2,280.3,2453309.79957,5.292163,5.292372,0.145,-9999999,0.118777,-2.789138,0.676233,-1.651458,0.602606,0.49,30.0016,7.571129,3.544688,2004-10-31T07:04:03.366,-9999999,K5,074.C-0012(A),UNKNOWN,-9999999,HARPS_ech_obs_all,HARPS_ech_obs_thosimult,STAR_WAVE_K0+IV,6.64812994998081E-06,3.05914429820701E-07,0,0,0
GJ150.0,55.81192,-9.76028,2453309.8002655,1.47306,0.716771,-6162.351698,0.634595,-11.279723,0.237633,-6163.885673,0.198938,-10.999507,0.24247,5.74605,3.254408,-28.34595,1.432076,0.478352,0.000278,0.21657,0.000304,0.300417,0.000398,0,6.457994,47.897361,0.017041,-6.2,274.8,2453309.80026,5.290204,5.290391,0.248,-9999999,0.118777,-2.789352,0.676233,-1.652752,0.602606,0.47,30.0015,5.737329,3.180927,2004-10-31T07:05:03.992,-9999999,K5,074.C-0012(A),UNKNOWN,-9999999,HARPS_ech_obs_all,HARPS_ech_obs_thosimult,STAR_WAVE_K0+IV,7.22938663046867E-06,3.54168872455753E-07,0,0,0
GJ150.0,55.81192,-9.76028,2453309.800982,2.029452,0.720671,-6161.896463,0.63931,-10.723552,0.249147,-6163.431772,0.213502,-10.505508,0.25334,-0.821595,3.349556,-27.451749,1.255606,0.478254,0.000296,0.217288,0.000325,0.300299,0.000425,0,6.456852,47.877085,0.016748,-6.2,257.6,2453309.80097,5.288186,5.288406,0.211,-9999999,0.118777,-2.789572,0.676234,-1.654086,0.602606,0.51,30.0013,-0.80238,3.282918,2004-10-31T07:06:04.698,-9999999,K5,074.C-0012(A),UNKNOWN,-9999999,HARPS_ech_obs_all,HARPS_ech_obs_thosimult,STAR_WAVE_K0+IV,7.79382477858799E-06,3.70559537271308E-07,0,0,0
GJ150.0,55.81192,-9.76028,2453430.5785647,-4.467925,0.880419,-6167.004644,0.99526,-15.139843,0.208326,-6166.673404,0.155696,-15.075015,0.211871,5.091145,3.334664,-20.774586,1.04712,0.477409,0.000205,0.213764,0.000235,0.303041,0.000309,0,6.447739,47.827687,0.017925,-6.2,353.1,2453430.57856,-25.29788,-25.29772,0.102,-9999999,0.157649,-0.708487,0.855417,0.173591,0.983006,0.65,90.0021,5.069851,3.221182,2005-03-01T01:54:34.116,-9999999,K5,074.C-0012(B),UNKNOWN,-9999999,HARPS_ech_obs_all,HARPS_ech_obs_thosimult,STAR_WAVE_K0+IV,7.13828947055631E-06,3.69242847279722E-07,0,0,0
GJ150.0,55.81192,-9.76028,2453430.5797969,-4.098034,0.873663,-6166.411198,0.990778,-14.770332,0.177622,-6166.082252,0.123857,-14.601791,0.18212,6.368818,3.225323,-22.747871,0.951659,0.477656,0.000164,0.213973,0.000187,0.302102,0.000245,128,6.446622,47.84414,0.017683,-6.2,443.8,2453430.5798,-25.299178,-25.29902,0.138,-9999999,0.157649,-0.708867,0.855416,0.171297,0.983005,0.49,90.0009,6.342982,3.104229,2005-03-01T01:56:34.988,-9999999,K5,074.C-0012(B),UNKNOWN,-9999999,HARPS_ech_obs_all,HARPS_ech_obs_thosimult,STAR_WAVE_K0+IV,7.06942121190608E-06,3.05983116076884E-07,0,0,0
GJ150.0,55.81192,-9.76028,2453430.5812077,1.396311,0.877091,-6161.26413,0.993417,-9.276421,0.193783,-6160.93781,0.143453,-9.208428,0.197575,-0.39469,3.178854,-20.751933,0.951552,0.477922,0.000193,0.213464,0.000219,0.302655,0.000287,0,6.448081,47.830781,0.016909,-6.2,379.9,2453430.5812,-25.300637,-25.300478,0.344,-9999999,0.15765,-0.709301,0.855416,0.16867,0.983005,0.51,90.0017,-0.436999,3.111054,2005-03-01T01:58:35.090,-9999999,K5,074.C-0012(B),UNKNOWN,-9999999,HARPS_ech_obs_all,HARPS_ech_obs_thosimult,STAR_WAVE_K0+IV,7.44931814985309E-06,3.31080795760206E-07,0,0,0
GJ150.0,55.81192,-9.76028,2453666.8624202,-3.107782,0.875518,-6165.920207,0.993147,-13.202306,0.186462,-6165.493282,0.141451,-12.932276,0.190861,3.120407,3.442873,-19.108824,0.985963,0.475315,0.000206,0.217513,0.000225,0.307033,0.000294,0,6.446048,47.834822,0.018373,-6.2,371.6,2453666.86241,8.768512,8.768601,0.709,-9999999,0.233697,-0.131093,0.855432,0.193228,0.983022,0.51,60.0016,3.100931,3.340901,2005-10-23T08:34:33.878,-9999999,K5,60.A-9036(A),UNKNOWN,-9999999,HARPS_ech_obs_all,HARPS_ech_obs_thosimult,STAR_WAVE_K0+IV,7.54446021009211E-06,3.65735736833716E-07,0,0,0
GJ150.0,55.81192,-9.76028,2453666.8634795,-1.369492,0.87402,-6163.910695,0.992144,-11.464342,0.179297,-6163.485743,0.134224,-11.15047,0.184013,1.901886,3.399424,-18.697914,0.902995,0.475081,0.000199,0.217231,0.000216,0.30786,0.000283,0,6.445747,47.832838,0.018697,-6.2,387.3,2453666.86347,8.765855,8.765964,0.109,-9999999,0.233697,-0.131419,0.855432,0.191255,0.983022,0.52,60.0008,1.896657,3.30804,2005-10-23T08:36:04.797,-9999999,K5,60.A-9036(A),UNKNOWN,-9999999,HARPS_ech_obs_all,HARPS_ech_obs_thosimult,STAR_WAVE_K0+IV,7.47874171803313E-06,3.73689841024023E-07,0,0,0
GJ150.0,55.81192,-9.76028,2453666.8645319,-1.078225,0.874715,-6163.718913,0.992684,-11.173399,0.182653,-6163.29592,0.138161,-10.891431,0.187347,1.929398,3.502191,-19.583967,0.881164,0.474777,0.000205,0.217387,0.000222,0.30804,0.000291,0,6.445067,47.834487,0.017415,-6.2,376.2,2453666.86452,8.763224,8.763337,0.079,-9999999,0.233697,-0.131743,0.855433,0.189296,0.983023,0.52,60.0004,1.925275,3.413303,2005-10-23T08:37:35.726,-9999999,K5,60.A-9036(A),UNKNOWN,-9999999,HARPS_ech_obs_all,HARPS_ech_obs_thosimult,STAR_WAVE_K0+IV,7.07837595102816E-06,3.71652704725565E-07,0,0,0
GJ150.0,55.81192,-9.76028,2453690.8003723,-3.330863,0.69428,-6165.869349,1.003975,-13.941798,0.254838,-6165.857804,0.204151,-13.879169,0.257583,-1.722865,3.264327,-19.14018,1.143081,0.47421,0.000284,0.213963,0.000314,0.307459,0.000414,0,6.446911,47.831059,0.016972,-6.2,264.4,2453690.80037,-1.975153,-1.974908,-0.096,-9999999,0.241401,-0.647504,0.64582,-0.229856,0.982999,0.5,30.0016,-1.73642,3.158159,2005-11-16T07:05:03.095,-9999999,K5,076.C-0878(A),UNKNOWN,-9999999,HARPS_ech_obs_all,HARPS_ech_obs_thosimult,STAR_WAVE_K0+IV,7.57795293731634E-06,4.65893818919951E-07,0,0,0
GJ150.0,55.81192,-9.76028,2453690.8010581,-3.466958,0.693442,-6166.281097,1.004033,-14.078105,0.252544,-6166.270829,0.204435,-13.926729,0.255613,0.471916,3.343604,-18.285032,1.149376,0.474424,0.000291,0.214484,0.000318,0.307033,0.00042,0,6.447913,47.822093,0.017086,-6.2,261.1,2453690.80105,-1.976879,-1.976622,-0.243,-9999999,0.241401,-0.647715,0.64582,-0.231133,0.983,0.46,30.0012,0.464736,3.235578,2005-11-16T07:06:03.552,-9999999,K5,076.C-0878(A),UNKNOWN,-9999999,HARPS_ech_obs_all,HARPS_ech_obs_thosimult,STAR_WAVE_K0+IV,7.49217938014376E-06,3.46294027873767E-07,0,0,0
GJ150.0,55.81192,-9.76028,2453690.8017937,-3.358324,0.698485,-6166.439629,1.006338,-13.969697,0.266078,-6166.430731,0.215471,-13.808207,0.268616,-0.719465,3.33756,-17.640152,1.025798,0.473995,0.000303,0.213796,0.000334,0.307719,0.000441,0,6.448569,47.820436,0.015705,-6.2,248.8,2453690.80178,-1.978724,-1.978471,-0.12,-9999999,0.241401,-0.647942,0.64582,-0.232503,0.983,0.48,30.0001,-0.744784,3.235081,2005-11-16T07:07:06.508,-9999999,K5,076.C-0878(A),UNKNOWN,-9999999,HARPS_ech_obs_all,HARPS_ech_obs_thosimult,STAR_WAVE_K0+IV,6.43568233409375E-06,3.67832488137536E-07,0,0,0
GJ150.0,55.81192,-9.76028,2453732.6904042,2.291546,0.544926,-6160.128982,0.696999,-6.409157,0.181388,-6158.119179,0.14027,-6.199291,0.185696,1.652051,3.259832,-20.480726,1.026825,0.477638,0.000199,0.219987,0.000219,0.304445,0.000288,0,6.447766,47.832188,0.017284,-6.2,380.9,2453732.69039,-19.25589,-19.255519,0.706,-9999999,0.254883,1.262728,0.513851,1.75492,0.682739,0.47,45.0017,1.630764,3.213037,2005-12-28T04:28:46.652,-9999999,K5,60.A-9036(A),UNKNOWN,-9999999,HARPS_ech_obs_all,HARPS_ech_obs_thosimult,STAR_WAVE_K0+IV,7.17477898550507E-06,3.99352691339808E-07,0,0,0
GJ150.0,55.81192,-9.76028,2453732.6913088,2.462155,0.545751,-6159.871401,0.697516,-6.238827,0.183851,-6157.863282,0.142814,-6.106273,0.188109,1.817945,3.702113,-20.148918,1.014185,0.477629,0.000202,0.215113,0.000223,0.304244,0.000293,0,6.447846,47.826432,0.017602,-6.2,374.6,2453732.6913,-19.257995,-19.257615,0.234,-9999999,0.254884,1.262449,0.513851,1.753235,0.682739,0.51,45.0007,1.795443,3.659831,2005-12-28T04:30:03.020,-9999999,K5,60.A-9036(A),UNKNOWN,-9999999,HARPS_ech_obs_all,HARPS_ech_obs_thosimult,STAR_WAVE_K0+IV,7.15464937333825E-06,3.9585750871731E-07,0,0,0
GJ150.0,55.81192,-9.76028,2453732.6921701,2.651716,0.544755,-6159.579166,0.696684,-6.049531,0.180873,-6157.57265,0.138693,-5.913119,0.185231,1.444833,3.288091,-19.975658,0.96237,0.477637,0.000198,0.2154,0.000217,0.30385,0.000285,0,6.448732,47.832202,0.017501,-6.2,384.6,2453732.69217,-19.259992,-19.259623,0.072,-9999999,0.254884,1.262184,0.513851,1.751632,0.682739,0.48,45.0008,1.419039,3.242634,2005-12-28T04:31:18.787,-9999999,K5,60.A-9036(A),UNKNOWN,-9999999,HARPS_ech_obs_all,HARPS_ech_obs_thosimult,STAR_WAVE_K0+IV,7.940952268762E-06,3.45767435029307E-07,0,0,0
GJ150.0,55.81192,-9.76028,2453811.4881317,2.480088,0.753945,-6159.313041,0.841397,-6.52617,0.220766,-6158.171283,0.171724,-6.408026,0.224701,3.052475,3.800076,-21.541227,1.181485,0.477794,0.000255,0.214335,0.000276,0.2972,0.000363,0,6.447388,47.821673,0.016237,-6.3,303.1,2453811.48813,-21.945988,-21.946163,0.774,-9999999,0.280244,0.957173,0.720899,0.861514,0.823687,0.5,45.0001,3.05834,3.765243,2006-03-16T23:46:41.842,-9999999,K5,072.C-0488(E),Mayor,-9999999,HARPS_ech_obs_all,HARPS_ech_obs_thosimult,STAR_WAVE_K0,7.34088989247273E-06,4.00521445071712E-07,0,0,0
GJ150.0,55.81192,-9.76028,2453811.4890409,0.841617,0.754726,-6161.623831,0.841523,-8.164921,0.223421,-6160.483766,0.172342,-8.092701,0.227367,4.690838,3.670682,-22.525775,1.203423,0.478067,0.000237,0.214704,0.000265,0.296423,0.000348,0,6.44629,47.825522,0.015867,-6.3,315.2,2453811.48912,-21.947381,-21.947703,0.996,-9999999,0.280244,0.956893,0.720899,0.859821,0.823687,0.33,44.9985,4.695623,3.627812,2006-03-16T23:48:08.061,-9999999,K5,072.C-0488(E),Mayor,-9999999,HARPS_ech_obs_all,HARPS_ech_obs_thosimult,STAR_WAVE_K0,7.41194855055015E-06,3.17127630849158E-07,0,0,0
GJ150.0,55.81192,-9.76028,2453811.4899907,0.334808,0.76112,-6161.788386,0.845789,-8.672023,0.244152,-6160.650088,0.192095,-8.632508,0.247646,5.288244,3.616852,-21.706281,1.290627,0.478849,0.000262,0.215441,0.000294,0.296648,0.000386,0,6.445936,47.822974,0.016935,-6.3,283.8,2453811.49006,-21.948826,-21.949124,0.809,-9999999,0.280245,0.9566,0.720898,0.858053,0.823686,0.31,45.0003,5.279367,3.570329,2006-03-16T23:49:31.029,-9999999,K5,072.C-0488(E),Mayor,-9999999,HARPS_ech_obs_all,HARPS_ech_obs_thosimult,STAR_WAVE_K0,7.8849831032213E-06,3.74184456443934E-07,0,0,0
GJ150.0,55.81192,-9.76028,2453811.49093,0.601991,0.76153,-6161.88955,0.845927,-8.405129,0.245427,-6160.753001,0.192706,-8.396634,0.248665,2.881122,3.910386,-20.62835,1.224558,0.47901,0.000258,0.214931,0.000292,0.295805,0.000382,0,6.447302,47.81487,0.016441,-6.3,286,2453811.49101,-21.950244,-21.950552,0.768,-9999999,0.280245,0.956311,0.720897,0.856304,0.823685,0.33,45,2.884419,3.867732,2006-03-16T23:50:51.287,-9999999,K5,072.C-0488(E),Mayor,-9999999,HARPS_ech_obs_all,HARPS_ech_obs_thosimult,STAR_WAVE_K0,7.54744867740587E-06,3.9694836539954E-07,0,0,0
GJ150.0,55.81192,-9.76028,2453811.4918614,-0.004995,0.757779,-6162.166517,0.84375,-9.012402,0.233531,-6161.031702,0.182916,-8.915151,0.237076,4.922076,2.971487,-21.36439,1.201011,0.478135,0.000253,0.215218,0.000283,0.296409,0.000371,0,6.447984,47.818505,0.017326,-6.3,295.9,2453811.49194,-21.951641,-21.951935,0.394,-9999999,0.280245,0.956024,0.720897,0.85457,0.823685,0.32,45.0004,4.920652,2.904693,2006-03-16T23:52:12.215,-9999999,K5,072.C-0488(E),Mayor,-9999999,HARPS_ech_obs_all,HARPS_ech_obs_thosimult,STAR_WAVE_K0,7.54522332708951E-06,4.29999292473369E-07,0,0,0
GJ150.0,55.81192,-9.76028,2453811.4927943,-1.247302,0.756559,-6163.390017,0.842853,-10.254996,0.229545,-6162.256938,0.178734,-10.152157,0.233234,6.135855,3.387779,-21.491495,1.280923,0.478747,0.000246,0.215231,0.000275,0.296449,0.000361,0,6.447281,47.822404,0.017307,-6.3,303.7,2453811.49287,-21.953031,-21.953346,0.44,-9999999,0.280246,0.955737,0.720896,0.852833,0.823684,0.33,45.0008,6.137634,3.319564,2006-03-16T23:53:32.373,-9999999,K5,072.C-0488(E),Mayor,-9999999,HARPS_ech_obs_all,HARPS_ech_obs_thosimult,STAR_WAVE_K0,7.50782835780073E-06,4.0277489171798E-07,0,0,0
GJ150.0,55.81192,-9.76028,2453811.493699,-2.916512,0.749251,-6165.148187,0.838416,-11.924485,0.204174,-6164.016793,0.156482,-11.820741,0.208024,5.68759,3.293169,-20.30388,1.093039,0.478604,0.000215,0.215117,0.00024,0.296504,0.000315,0,6.448555,47.816367,0.01757,-6.3,348,2453811.49378,-21.954368,-21.954676,0.69,-9999999,0.280246,0.955458,0.720896,0.851148,0.823683,0.31,45.0007,5.68433,3.213363,2006-03-16T23:54:51.441,-9999999,K5,072.C-0488(E),Mayor,-9999999,HARPS_ech_obs_all,HARPS_ech_obs_thosimult,STAR_WAVE_K0,7.34497718305205E-06,4.23940950688707E-07,0,0,0
GJ150.0,55.81192,-9.76028,2453811.4946762,-3.093155,0.75143,-6164.933273,0.839692,-12.101429,0.212033,-6163.803698,0.163183,-12.025949,0.215581,5.647824,3.527391,-19.445625,1.099732,0.478543,0.000226,0.214722,0.000251,0.2953,0.000329,0,6.450186,47.809782,0.01757,-6.3,332.7,2453811.49475,-21.955803,-21.956097,0.562,-9999999,0.280246,0.955157,0.720895,0.849329,0.823683,0.31,45.0015,5.634574,3.450966,2006-03-16T23:56:15.878,-9999999,K5,072.C-0488(E),Mayor,-9999999,HARPS_ech_obs_all,HARPS_ech_obs_thosimult,STAR_WAVE_K0,7.95013732813095E-06,3.79624994097829E-07,0,0,0
GJ150.0,55.81192,-9.76028,2453811.4956483,-2.777095,0.751883,-6164.771983,0.839949,-11.785668,0.213635,-6163.644217,0.164505,-11.706528,0.217215,4.838926,3.456134,-19.184987,1.181181,0.478861,0.000225,0.214736,0.000252,0.295525,0.00033,0,6.449863,47.807616,0.018397,-6.3,331.5,2453811.49572,-21.957219,-21.957508,0.325,-9999999,0.280247,0.954858,0.720894,0.847519,0.823682,0.33,45.0024,4.834067,3.37632,2006-03-16T23:57:38.977,-9999999,K5,072.C-0488(E),Mayor,-9999999,HARPS_ech_obs_all,HARPS_ech_obs_thosimult,STAR_WAVE_K0,7.98985086682917E-06,3.84142279849005E-07,0,0,0
GJ150.0,55.81192,-9.76028,2453811.4965754,-2.779368,0.753334,-6164.979351,0.840881,-11.788227,0.218688,-6163.853312,0.169204,-11.733218,0.222119,8.007886,3.380926,-19.546699,1.176205,0.478766,0.000231,0.215082,0.000258,0.295901,0.000339,0,6.450013,47.805046,0.017815,-6.3,323.2,2453811.49666,-21.958559,-21.958858,0.43,-9999999,0.280247,0.954572,0.720894,0.845792,0.823681,0.33,44.9993,8.013304,3.303821,2006-03-16T23:58:59.085,-9999999,K5,072.C-0488(E),Mayor,-9999999,HARPS_ech_obs_all,HARPS_ech_obs_thosimult,STAR_WAVE_K0,7.55976542605337E-06,3.51323798407672E-07,0,0,0
GJ150.0,55.81192,-9.76028,2453811.4975088,-2.576653,0.753237,-6164.650127,0.840857,-11.585799,0.218355,-6163.525826,0.169087,-11.451586,0.221868,3.542907,3.261752,-20.279468,1.232131,0.47864,0.000232,0.215546,0.00026,0.296266,0.00034,0,6.448456,47.809083,0.018903,-6.3,322.2,2453811.49758,-21.959898,-21.9602,0.473,-9999999,0.280247,0.954285,0.720893,0.844054,0.823681,0.32,45.0008,3.547741,3.181674,2006-03-17T00:00:20.183,-9999999,K5,072.C-0488(E),Mayor,-9999999,HARPS_ech_obs_all,HARPS_ech_obs_thosimult,STAR_WAVE_K0,7.77518799908223E-06,3.40505042093923E-07,0,0,0
GJ150.0,55.81192,-9.76028,2453811.498431,-1.844917,0.752233,-6163.926906,0.840119,-10.854347,0.214867,-6162.804322,0.165379,-10.78957,0.218465,3.404253,3.740504,-20.347575,1.157283,0.478748,0.000229,0.215258,0.000255,0.296259,0.000334,0,6.447653,47.815961,0.019159,-6.3,328.2,2453811.49851,-21.96121,-21.961513,0.627,-9999999,0.280247,0.954001,0.720893,0.842337,0.82368,0.33,45.0012,3.409683,3.677659,2006-03-17T00:01:39.420,-9999999,K5,072.C-0488(E),Mayor,-9999999,HARPS_ech_obs_all,HARPS_ech_obs_thosimult,STAR_WAVE_K0,7.76528482388467E-06,3.68747366656271E-07,0,0,0
GJ150.0,55.81192,-9.76028,2453813.4889334,3.220486,0.920875,-6159.461779,1.004818,-7.034396,0.340893,-6159.379834,0.272825,-7.012943,0.343021,4.070335,3.979392,-18.58871,1.517794,0.477807,0.000349,0.21915,0.000404,0.30208,0.000529,0,6.445766,47.798819,0.018272,-6.3,206.6,2453813.48892,-21.423938,-21.424119,0.043,-9999999,0.280888,-0.291451,0.855455,-0.198943,0.967071,0.5,59.9989,4.050906,3.941498,2006-03-18T23:47:55.953,-9999999,K5,072.C-0488(E),Mayor,-9999999,HARPS_ech_obs_all,HARPS_ech_obs_thosimult,STAR_WAVE_K0,8.16515043165584E-06,4.54433035487833E-07,0,0,0
GJ150.0,55.81192,-9.76028,2453813.4899975,2.281024,0.8844,-6160.343478,0.982011,-7.974186,0.224413,-6160.263514,0.170648,-7.883314,0.227961,6.755998,3.887592,-21.371607,1.25701,0.477574,0.000225,0.218409,0.000256,0.301079,0.000336,0,6.446735,47.824191,0.016594,-6.3,325.2,2453813.4901,-21.425476,-21.425819,0.36,-9999999,0.280888,-0.291778,0.855454,-0.200924,0.96707,0.44,60.0003,6.728314,3.843041,2006-03-18T23:49:31.503,-9999999,K5,072.C-0488(E),Mayor,-9999999,HARPS_ech_obs_all,HARPS_ech_obs_thosimult,STAR_WAVE_K0,7.62760433819963E-06,3.99650605047273E-07,0,0,0
GJ150.0,55.81192,-9.76028,2453813.4910822,0.999361,0.877525,-6161.294919,0.97776,-9.256183,0.195574,-6161.216974,0.144193,-9.173304,0.199972,5.550677,3.528206,-22.406286,0.982169,0.477176,0.000198,0.218681,0.000221,0.301738,0.00029,0,6.447212,47.833263,0.017275,-6.3,377.1,2453813.49117,-21.42703,-21.427339,0.417,-9999999,0.280889,-0.292112,0.855454,-0.202944,0.967069,0.38,60.0001,5.548438,3.469912,2006-03-18T23:51:08.822,-9999999,K5,072.C-0488(E),Mayor,-9999999,HARPS_ech_obs_all,HARPS_ech_obs_thosimult,STAR_WAVE_K0,7.23182141406323E-06,3.23877213793184E-07,0,0,0
GJ150.0,55.81192,-9.76028,2453813.492133,-0.65973,0.877161,-6162.992019,0.977459,-10.915597,0.193938,-6162.91603,0.142142,-10.766784,0.198396,6.310241,3.173127,-22.508197,1.021214,0.477367,0.000196,0.218798,0.000218,0.301299,0.000286,0,6.447379,47.832537,0.01698,-6.3,381.7,2453813.49221,-21.428523,-21.428832,0.378,-9999999,0.280889,-0.292436,0.855453,-0.2049,0.967069,0.34,60.0014,6.298181,3.094122,2006-03-18T23:52:42.022,-9999999,K5,072.C-0488(E),Mayor,-9999999,HARPS_ech_obs_all,HARPS_ech_obs_thosimult,STAR_WAVE_K0,7.57273420024152E-06,3.6322403559896E-07,0,0,0
GJ150.0,55.81192,-9.76028,2453813.4932541,-2.470993,0.877135,-6164.569645,0.977624,-12.727206,0.19382,-6164.495743,0.143276,-12.570744,0.19824,4.195089,3.660001,-22.452978,1.1165,0.477554,0.000197,0.218631,0.00022,0.301303,0.000288,0,6.446906,47.829611,0.018111,-6.3,379.2,2453813.49334,-21.430101,-21.430422,0.402,-9999999,0.28089,-0.292781,0.855453,-0.206988,0.967068,0.36,60.0004,4.18396,3.576346,2006-03-18T23:54:17.692,-9999999,K5,072.C-0488(E),Mayor,-9999999,HARPS_ech_obs_all,HARPS_ech_obs_thosimult,STAR_WAVE_K0,7.42500607835488E-06,2.9293539117184E-07,0,0,0
GJ150.0,55.81192,-9.76028,2453813.4943567,-4.442701,0.875919,-6166.70315,0.976493,-14.699253,0.188245,-6166.631301,0.135346,-14.557513,0.192546,5.111466,3.353346,-22.175145,1.178082,0.477414,0.000183,0.219249,0.000206,0.301493,0.00027,128,6.44657,47.835077,0.01732,-6.3,405.3,2453813.49444,-21.431639,-21.431949,0.74,-9999999,0.28089,-0.293121,0.855452,-0.209041,0.967067,0.36,59.9987,5.097007,3.250718,2006-03-18T23:55:52.961,-9999999,K5,072.C-0488(E),Mayor,-9999999,HARPS_ech_obs_all,HARPS_ech_obs_thosimult,STAR_WAVE_K0,7.33205870756689E-06,3.92527461013441E-07,0,0,0
GJ150.0,55.81192,-9.76028,2453813.4954474,-5.793883,0.872654,-6167.904559,0.974514,-16.050771,0.172418,-6167.834741,0.120246,-15.804261,0.177337,9.410412,3.73414,-22.607571,0.97004,0.477133,0.000167,0.219004,0.000185,0.301286,0.000243,128,6.447949,47.845001,0.018443,-6.3,450.6,2453813.49553,-21.433145,-21.433446,0.365,-9999999,0.28089,-0.293457,0.855451,-0.211072,0.967067,0.36,60.0023,9.370016,3.615263,2006-03-18T23:57:27.201,-9999999,K5,072.C-0488(E),Mayor,-9999999,HARPS_ech_obs_all,HARPS_ech_obs_thosimult,STAR_WAVE_K0,7.30055765031167E-06,3.94172404117814E-07,0,0,0
GJ150.0,55.81192,-9.76028,2453813.4965343,-5.60784,0.872584,-6167.913182,0.974597,-15.865063,0.172068,-6167.845386,0.120922,-15.675642,0.176775,4.107069,3.633689,-21.847815,0.955108,0.476769,0.000169,0.218755,0.000187,0.300802,0.000245,128,6.448726,47.833012,0.018451,-6.3,446.7,2453813.49662,-21.434632,-21.434947,0.367,-9999999,0.280891,-0.293792,0.855451,-0.213095,0.967066,0.35,60.0015,4.10114,3.522495,2006-03-18T23:59:01.721,-9999999,K5,072.C-0488(E),Mayor,-9999999,HARPS_ech_obs_all,HARPS_ech_obs_thosimult,STAR_WAVE_K0,7.29463210591933E-06,3.72733541427527E-07,0,0,0
GJ150.0,55.81192,-9.76028,2453813.4976274,-4.33348,0.873309,-6166.67757,0.975047,-14.59104,0.17571,-6166.61181,0.1245,-14.387901,0.180406,7.89699,3.726565,-21.994918,1.093777,0.476675,0.000174,0.218568,0.000192,0.300482,0.000252,128,6.448449,47.837078,0.018725,-6.3,433.9,2453813.49771,-21.436113,-21.436415,0.271,-9999999,0.280891,-0.294128,0.85545,-0.215131,0.967066,0.35,60.0016,7.861404,3.620578,2006-03-19T00:00:36.170,-9999999,K5,072.C-0488(E),Mayor,-9999999,HARPS_ech_obs_all,HARPS_ech_obs_thosimult,STAR_WAVE_K0,7.03304185469101E-06,3.26612269974761E-07,0,0,0
GJ150.0,55.81192,-9.76028,2453813.4987519,-3.151382,0.8753,-6165.506143,0.976379,-13.409288,0.185353,-6165.442477,0.13454,-13.227637,0.189603,4.530494,3.684925,-21.364424,1.098077,0.476821,0.000185,0.21841,0.000206,0.301349,0.00027,128,6.447981,47.831646,0.018383,-6.3,404.7,2453813.49884,-21.437622,-21.43793,0.273,-9999999,0.280891,-0.294475,0.85545,-0.217225,0.967065,0.36,59.9987,4.520192,3.593122,2006-03-19T00:02:12.729,-9999999,K5,072.C-0488(E),Mayor,-9999999,HARPS_ech_obs_all,HARPS_ech_obs_thosimult,STAR_WAVE_K0,7.51523276521244E-06,3.7153992990038E-07,0,0,0
GJ150.0,55.81192,-9.76028,2453817.4839788,-1.154602,0.874654,-6163.336658,0.814046,-11.285978,0.182241,-6163.349865,0.13076,-11.179752,0.186142,3.437785,3.291156,-20.298949,1.016124,0.477421,0.000177,0.215055,0.000199,0.302427,0.00026,128,6.448958,47.831234,0.017244,-6.3,420,2453817.48406,-20.297366,-20.297696,0.469,-9999999,0.282174,-0.167944,0.855458,-0.295381,0.803475,0.35,60.0018,3.413138,3.20804,2006-03-22T23:41:20.560,-9999999,K5,072.C-0488(E),Mayor,-9999999,HARPS_ech_obs_all,HARPS_ech_obs_thosimult,STAR_WAVE_K0,7.08261247100687E-06,3.91258168176632E-07,0,0,0
GJ150.0,55.81192,-9.76028,2453817.4850837,-2.58267,0.872808,-6164.636153,0.812963,-12.714386,0.173169,-6164.651417,0.123844,-12.542801,0.1779,8.236574,3.39527,-21.883927,0.963879,0.477579,0.000173,0.214706,0.000191,0.302023,0.00025,128,6.447048,47.841978,0.017572,-6.3,437.7,2453817.48516,-20.298854,-20.299171,0.637,-9999999,0.282174,-0.168285,0.855457,-0.297438,0.803475,0.36,59.999,8.208117,3.305629,2006-03-22T23:42:55.430,-9999999,K5,072.C-0488(E),Mayor,-9999999,HARPS_ech_obs_all,HARPS_ech_obs_thosimult,STAR_WAVE_K0,7.55949813839836E-06,3.92747784538948E-07,0,0,0
GJ150.0,55.81192,-9.76028,2453817.4861718,-3.367083,0.874607,-6165.567886,0.814032,-13.499134,0.18202,-6165.585175,0.130685,-13.382113,0.186153,5.029153,3.378529,-20.409351,0.923514,0.476797,0.000174,0.214606,0.000197,0.302845,0.000258,128,6.448651,47.832583,0.017245,-6.3,424,2453817.48625,-20.300306,-20.300617,0.253,-9999999,0.282175,-0.16862,0.855456,-0.299464,0.803474,0.36,60.0003,4.978222,3.273531,2006-03-22T23:44:29.450,-9999999,K5,072.C-0488(E),Mayor,-9999999,HARPS_ech_obs_all,HARPS_ech_obs_thosimult,STAR_WAVE_K0,7.2591085944752E-06,3.51244873147362E-07,0,0,0
GJ150.0,55.81192,-9.76028,2453817.4872667,-3.534786,0.87343,-6165.700464,0.813471,-13.667174,0.176284,-6165.719792,0.127144,-13.503419,0.180459,5.839306,3.494617,-20.767286,0.959443,0.477139,0.000177,0.214889,0.000196,0.302967,0.000257,128,6.448761,47.835517,0.017096,-6.3,425.5,2453817.48735,-20.301752,-20.302081,0.403,-9999999,0.282175,-0.168957,0.855456,-0.301503,0.803473,0.37,60.0003,5.805231,3.394071,2006-03-22T23:46:03.459,-9999999,K5,072.C-0488(E),Mayor,-9999999,HARPS_ech_obs_all,HARPS_ech_obs_thosimult,STAR_WAVE_K0,7.60389333325677E-06,2.56336739707537E-07,0,0,0
GJ150.0,55.81192,-9.76028,2453817.4883567,-4.097371,0.873472,-6165.979535,0.813464,-14.230095,0.176491,-6166.000893,0.127104,-14.014691,0.180895,4.973876,3.35933,-21.207387,1.007634,0.478108,0.000178,0.214824,0.000197,0.302311,0.000258,128,6.448626,47.8364,0.017553,-6.3,424.6,2453817.48844,-20.303177,-20.303498,0.444,-9999999,0.282175,-0.169293,0.855455,-0.303533,0.803472,0.36,60.0014,4.944156,3.250166,2006-03-22T23:47:38.239,-9999999,K5,072.C-0488(E),Mayor,-9999999,HARPS_ech_obs_all,HARPS_ech_obs_thosimult,STAR_WAVE_K0,7.28169895595108E-06,3.35248681190098E-07,0,0,0
GJ150.0,55.81192,-9.76028,2453817.489464,-3.901891,0.872852,-6165.818811,0.812989,-14.034956,0.1734,-6165.842229,0.124034,-13.852785,0.177951,8.228889,3.545546,-21.53021,0.951682,0.477435,0.000174,0.214751,0.000192,0.302708,0.000252,128,6.447979,47.839955,0.018008,-6.3,434.8,2453817.48955,-20.304609,-20.304929,0.547,-9999999,0.282176,-0.169634,0.855455,-0.305594,0.803471,0.37,59.9998,8.190196,3.447473,2006-03-22T23:49:13.318,-9999999,K5,072.C-0488(E),Mayor,-9999999,HARPS_ech_obs_all,HARPS_ech_obs_thosimult,STAR_WAVE_K0,7.70411376291947E-06,3.55053503143494E-07,0,0,0
GJ150.0,55.81192,-9.76028,2453817.490542,-2.81356,0.873517,-6164.964463,0.813511,-12.946957,0.176722,-6164.989889,0.12742,-12.845417,0.181266,4.252615,3.380483,-21.140607,0.917455,0.476572,0.000178,0.214765,0.000197,0.303126,0.000258,128,6.448978,47.834637,0.016686,-6.3,424.4,2453817.49063,-20.305989,-20.306301,0.626,-9999999,0.282176,-0.169966,0.855454,-0.307602,0.803471,0.35,60.0004,4.23034,3.290413,2006-03-22T23:50:47.658,-9999999,K5,072.C-0488(E),Mayor,-9999999,HARPS_ech_obs_all,HARPS_ech_obs_thosimult,STAR_WAVE_K0,7.24785059313909E-06,3.86450738308365E-07,0,0,0
GJ150.0,55.81192,-9.76028,2453817.4916419,-2.712234,0.873296,-6164.690329,0.813373,-12.84597,0.17563,-6164.717803,0.12654,-12.685274,0.180103,5.04961,3.246512,-21.588454,0.965627,0.476988,0.000178,0.214484,0.000196,0.302033,0.000257,128,6.448552,47.837432,0.017545,-6.3,425.9,2453817.49173,-20.307383,-20.307706,0.604,-9999999,0.282176,-0.170305,0.855453,-0.30965,0.80347,0.36,60.0025,5.024825,3.146732,2006-03-22T23:52:22.096,-9999999,K5,072.C-0488(E),Mayor,-9999999,HARPS_ech_obs_all,HARPS_ech_obs_thosimult,STAR_WAVE_K0,7.61217555306781E-06,4.06757498684367E-07,0,0,0
GJ150.0,55.81192,-9.76028,2453817.4927357,-1.516175,0.87315,-6163.729411,0.813201,-11.650248,0.174902,-6163.75892,0.125431,-11.533154,0.179364,5.134159,3.56191,-21.178186,0.963493,0.477623,0.000175,0.214523,0.000194,0.303055,0.000254,128,6.447896,47.836395,0.017694,-6.3,430.8,2453817.49281,-20.308753,-20.309063,0.855,-9999999,0.282177,-0.170641,0.855453,-0.311686,0.803469,0.36,60,5.078943,3.486599,2006-03-22T23:53:56.606,-9999999,K5,072.C-0488(E),Mayor,-9999999,HARPS_ech_obs_all,HARPS_ech_obs_thosimult,STAR_WAVE_K0,7.78745224245986E-06,3.24094903625514E-07,0,0,0
GJ150.0,55.81192,-9.76028,2453817.4938194,-1.098293,0.87358,-6162.973013,0.813622,-11.2327,0.177038,-6163.00454,0.12814,-11.110822,0.181315,6.993413,3.600766,-20.744693,0.931047,0.477564,0.000179,0.215239,0.000198,0.30269,0.00026,128,6.44745,47.834605,0.017923,-6.3,421.7,2453817.4939,-20.310096,-20.310406,0.705,-9999999,0.282177,-0.170975,0.855452,-0.313704,0.803468,0.36,59.9993,6.942312,3.530718,2006-03-22T23:55:30.245,-9999999,K5,072.C-0488(E),Mayor,-9999999,HARPS_ech_obs_all,HARPS_ech_obs_thosimult,STAR_WAVE_K0,7.5366904218516E-06,3.50602976433598E-07,0,0,0
GJ150.0,55.81192,-9.76028,2453933.9061085,-2.521018,0.562451,-6165.407409,0.574094,-12.134464,0.276271,-6165.592717,0.22239,-11.898979,0.278819,0.696431,4.499924,-13.053658,1.263124,0.482254,0.000318,0.217417,0.00035,0.308771,0.000458,0,6.450704,47.791393,0.018533,-6.2,239.5,2453933.90617,23.371143,23.37062,0,-9999999,0.319644,0.349985,0.489924,-0.504952,0.52927,0.29,29.9989,0.665143,4.428038,2006-07-17T09:47:53.896,-9999999,K5,077.C-0530(A),UNKNOWN,-9999999,HARPS_ech_obs_all,HARPS_ech_obs_thosimult,STAR_WAVE_K0+IV,7.39824172918502E-06,3.98735447109528E-07,0,0,0
GJ150.0,55.81192,-9.76028,2453933.9068394,-3.688831,0.559332,-6166.372563,0.57168,-13.302502,0.269863,-6166.559231,0.216078,-13.007,0.272819,-2.866733,4.158912,-14.44758,1.314198,0.482819,0.00031,0.217254,0.00034,0.308385,0.000445,0,6.44948,47.798162,0.017836,-6.2,246.1,2453933.9069,23.369969,23.369451,0,-9999999,0.319644,0.34976,0.489924,-0.506312,0.529271,0.29,29.9999,-2.899914,4.067271,2006-07-17T09:48:57.039,-9999999,K5,077.C-0530(A),UNKNOWN,-9999999,HARPS_ech_obs_all,HARPS_ech_obs_thosimult,STAR_WAVE_K0+IV,7.80005655774797E-06,4.20319328379387E-07,0,0,0
GJ150.0,55.81192,-9.76028,2453933.9075671,-3.956928,0.563681,-6166.456563,0.574967,-13.570823,0.278764,-6166.644585,0.224628,-13.347815,0.281553,0.055616,4.32465,-15.536523,1.337467,0.483386,0.000322,0.216909,0.000353,0.308642,0.000462,0,6.448772,47.808899,0.017952,-6.2,236.9,2453933.90763,23.368793,23.368276,0,-9999999,0.319645,0.349536,0.489925,-0.507667,0.529272,0.27,29.9999,0.026027,4.243234,2006-07-17T09:50:00.513,-9999999,K5,077.C-0530(A),UNKNOWN,-9999999,HARPS_ech_obs_all,HARPS_ech_obs_thosimult,STAR_WAVE_K0+IV,8.06381773587015E-06,3.83907902680584E-07,0,0,0
GJ150.0,55.81192,-9.76028,2453933.9083668,-3.793955,0.560064,-6166.446264,0.572045,-13.408097,0.271374,-6166.635775,0.217038,-13.170738,0.274424,-2.575185,4.396977,-15.988269,1.291776,0.482067,0.00031,0.217107,0.000342,0.308518,0.000447,0,6.447319,47.814628,0.017089,-6.2,245.3,2453933.90843,23.367494,23.366982,0,-9999999,0.319645,0.34929,0.489926,-0.509156,0.529273,0.28,30.0007,-2.602372,4.313709,2006-07-17T09:51:09.296,-9999999,K5,077.C-0530(A),UNKNOWN,-9999999,HARPS_ech_obs_all,HARPS_ech_obs_thosimult,STAR_WAVE_K0+IV,7.86974601443146E-06,4.0992741409441E-07,0,0,0
GJ150.0,55.81192,-9.76028,2453933.9091119,-3.392623,0.567385,-6165.687949,0.577451,-13.006994,0.286177,-6165.878848,0.23091,-12.756233,0.288879,1.513541,4.224081,-14.566869,1.359011,0.482978,0.00033,0.217477,0.000364,0.308208,0.000475,0,6.449026,47.800135,0.016164,-6.2,230.7,2453933.90917,23.366278,23.365755,0,-9999999,0.319645,0.34906,0.489927,-0.510544,0.529274,0.26,30.0015,1.482267,4.139679,2006-07-17T09:52:14.270,-9999999,K5,077.C-0530(A),UNKNOWN,-9999999,HARPS_ech_obs_all,HARPS_ech_obs_thosimult,STAR_WAVE_K0+IV,7.63779901084788E-06,3.3631094041949E-07,0,0,0
GJ150.0,55.81192,-9.76028,2453933.9098943,-1.823661,0.565392,-6164.543014,0.57581,-11.438273,0.282205,-6164.73537,0.226772,-11.180924,0.284766,0.256265,4.367207,-14.512721,1.327674,0.482234,0.000325,0.216455,0.000357,0.30865,0.000467,0,6.449886,47.808544,0.017877,-6.2,234.5,2453933.90996,23.364994,23.364467,0,-9999999,0.319645,0.348819,0.489927,-0.512001,0.529274,0.26,30.0021,0.208787,4.298289,2006-07-17T09:53:21.863,-9999999,K5,077.C-0530(A),UNKNOWN,-9999999,HARPS_ech_obs_all,HARPS_ech_obs_thosimult,STAR_WAVE_K0+IV,7.1444556481734E-06,3.84363400910675E-07,0,0,0
GJ150.0,55.81192,-9.76028,2453964.8618511,0.254605,0.88787,-6160.356517,1.000915,-8.849631,0.237804,-6162.054896,0.188413,-8.541031,0.240579,0.630686,3.674114,-10.952153,1.157547,0.479985,0.000272,0.223666,0.000297,0.30613,0.000387,0,6.451877,47.779479,0.017975,-6.2,281,2453964.86191,25.955817,25.95535,0,-9999999,0.329607,0.859196,0.855431,-2.027986,0.983022,0.27,29.9999,0.632418,3.614926,2006-08-17T08:40:27.760,-9999999,K5,077.C-0530(A),UNKNOWN,-9999999,HARPS_ech_obs_all,HARPS_ech_obs_thosimult,STAR_WAVE_K0+IV,7.38263470551085E-06,3.52344757853709E-07,0,0,0
GJ150.0,55.81192,-9.76028,2453964.8625894,-1.212819,0.888696,-6162.07009,1.001478,-10.317282,0.240867,-6163.769843,0.191379,-10.0564,0.243756,4.729312,3.983491,-10.731955,1.13624,0.479699,0.000277,0.223625,0.000303,0.306474,0.000394,0,6.453088,47.776345,0.016874,-6.2,276.2,2453964.86265,25.954199,25.95373,0,-9999999,0.329607,0.858968,0.855432,-2.02936,0.983022,0.26,30.0019,4.735591,3.921325,2006-08-17T08:41:31.843,-9999999,K5,077.C-0530(A),UNKNOWN,-9999999,HARPS_ech_obs_all,HARPS_ech_obs_thosimult,STAR_WAVE_K0+IV,7.53876153496049E-06,3.36401850745781E-07,0,0,0
GJ150.0,55.81192,-9.76028,2453964.8633505,-2.628819,0.889351,-6163.163022,1.001768,-11.733517,0.243273,-6164.864191,0.192888,-11.415661,0.245953,9.928722,3.917252,-11.591444,1.15605,0.479739,0.000278,0.223959,0.000305,0.3061,0.000396,0,6.451944,47.784602,0.018041,-6.2,274.5,2453964.86342,25.952527,25.952056,0,-9999999,0.329608,0.858734,0.855432,-2.030777,0.983022,0.28,29.9999,9.928529,3.843424,2006-08-17T08:42:36.996,-9999999,K5,077.C-0530(A),UNKNOWN,-9999999,HARPS_ech_obs_all,HARPS_ech_obs_thosimult,STAR_WAVE_K0+IV,7.76074065545771E-06,4.69017988706796E-07,0,0,0
GJ150.0,55.81192,-9.76028,2453964.8640941,-3.493739,0.88972,-6164.344101,1.002276,-12.598666,0.244618,-6166.046655,0.195507,-12.324982,0.247224,4.76258,3.697814,-9.922649,1.270472,0.479572,0.000284,0.224622,0.00031,0.306534,0.000403,0,6.452135,47.776894,0.017608,-6.2,270.1,2453964.86416,25.950888,25.950403,0,-9999999,0.329608,0.858505,0.855432,-2.032162,0.983023,0.27,30.0031,4.761603,3.609324,2006-08-17T08:43:41.540,-9999999,K5,077.C-0530(A),UNKNOWN,-9999999,HARPS_ech_obs_all,HARPS_ech_obs_thosimult,STAR_WAVE_K0+IV,7.94693051538027E-06,4.18615110304807E-07,0,0,0
GJ150.0,55.81192,-9.76028,2453964.8648277,-4.116604,0.8886,-6164.295182,1.001293,-13.221756,0.24051,-6165.999102,0.190406,-12.891033,0.24316,7.699342,3.46769,-9.507159,1.237107,0.480077,0.000276,0.224065,0.000301,0.306615,0.000392,0,6.453746,47.776518,0.017836,-6.2,277.7,2453964.8649,25.949268,25.94877,0,-9999999,0.329608,0.858279,0.855433,-2.033528,0.983023,0.28,30.0008,7.702946,3.36987,2006-08-17T08:44:44.613,-9999999,K5,077.C-0530(A),UNKNOWN,-9999999,HARPS_ech_obs_all,HARPS_ech_obs_thosimult,STAR_WAVE_K0+IV,8.44066886166983E-06,3.23485200552568E-07,0,0,0
GJ150.0,55.81192,-9.76028,2453964.8655645,-3.533323,0.890434,-6164.16199,1.002335,-12.638702,0.2472,-6165.867282,0.195806,-12.373154,0.249593,3.628641,3.56687,-7.862508,1.257165,0.480502,0.000282,0.223928,0.000309,0.30678,0.000402,0,6.455108,47.760772,0.018317,-6.2,271,2453964.86563,25.947636,25.947159,-1.324,-9999999,0.329608,0.858052,0.855433,-2.0349,0.983023,0.29,30.0015,3.631616,3.472003,2006-08-17T08:45:47.966,-9999999,K5,077.C-0530(A),UNKNOWN,-9999999,HARPS_ech_obs_all,HARPS_ech_obs_thosimult,STAR_WAVE_K0+IV,8.13882043875492E-06,3.92574964648288E-07,0,0,0
GJ150.0,55.81192,-9.76028,2453971.8328603,-0.986843,0.891655,-6180.228202,1.002688,-11.035988,0.251605,-6180.258652,0.197673,-10.789266,0.25479,0.905071,3.942587,-14.151345,1.242404,0.476896,0.000289,0.219959,0.000318,0.30086,0.000413,0,7.029671,59.701762,-0.026994,-6.1,265.7,2453971.83295,25.626087,25.625946,0,-9999999,0.331851,-0.085714,0.85542,-0.362301,0.98301,0.36,40.0023,0.917022,3.879495,2006-08-24T07:57:45.212,-9999999,G2,077.D-0498(A),UNKNOWN,-9999999,HARPS_ech_obs_all,HARPS_ech_obs_thosimult,STAR_WAVE_NONE,8.1430182588974E-06,3.60398977022042E-07,0,0,0
GJ150.0,55.81192,-9.76028,2453971.8336956,-1.696535,0.890113,-6180.877547,1.001762,-11.745937,0.246084,-6180.909552,0.192921,-11.534357,0.249326,-0.508241,3.972024,-13.233331,1.290103,0.477449,0.000283,0.21966,0.00031,0.300813,0.000403,0,7.030175,59.694363,-0.028005,-6.1,272.2,2453971.83377,25.624286,25.624178,0,-9999999,0.331851,-0.085971,0.855421,-0.363856,0.98301,0.3,40,-0.505345,3.906335,2006-08-24T07:58:59.776,-9999999,G2,077.D-0498(A),UNKNOWN,-9999999,HARPS_ech_obs_all,HARPS_ech_obs_thosimult,STAR_WAVE_NONE,8.27902296503561E-06,3.99569228238339E-07,0,0,0
GJ150.0,55.81192,-9.76028,2453971.8346634,-1.097632,0.92331,-6179.977531,1.023078,-11.147332,0.3475,-6180.011338,0.283513,-10.940505,0.349597,3.084897,4.828394,-11.453648,1.427014,0.478507,0.000418,0.220053,0.000459,0.300265,0.000595,0,7.029576,59.696202,-0.025494,-6.1,185,2453971.83477,25.622191,25.622004,0,-9999999,0.331851,-0.086269,0.855421,-0.365658,0.983011,0.45,40.0023,3.103717,4.777672,2006-08-24T08:00:17.390,-9999999,G2,077.D-0498(A),UNKNOWN,-9999999,HARPS_ech_obs_all,HARPS_ech_obs_thosimult,STAR_WAVE_NONE,7.20011215855848E-06,3.64432817866717E-07,0,0,0
GJ150.0,55.81192,-9.76028,2453971.8354918,1.689116,1.456571,-6180.485749,1.444965,-8.360839,1.17892,-6180.521098,1.059063,-8.103899,1.180725,12.709874,11.212797,-10.429554,3.615782,0.477511,0.001407,0.221583,0.001621,0.302479,0.002083,0,7.036151,59.67527,-0.026351,-6.1,56.5,2453971.83557,25.620392,25.620249,0,-9999999,0.331852,-0.086524,0.855421,-0.367201,0.983011,0.37,40.0016,12.701414,11.199327,2006-08-24T08:01:32.154,-9999999,G2,077.D-0498(A),UNKNOWN,-9999999,HARPS_ech_obs_all,HARPS_ech_obs_thosimult,STAR_WAVE_NONE,8.73208397949164E-06,8.80335756866718E-07,0,0,0
GJ150.0,55.81192,-9.76028,2453971.8363583,-1.285096,0.931612,-6180.634325,1.028268,-11.335318,0.368991,-6180.671287,0.301702,-11.075753,0.37124,-1.554951,4.589914,-12.38723,1.532421,0.477514,0.000443,0.219183,0.000487,0.301422,0.000634,0,7.029816,59.688873,-0.028136,-6.1,174,2453971.83644,25.618503,25.618361,0,-9999999,0.331852,-0.086791,0.855422,-0.368814,0.983011,0.36,39.9986,-1.541834,4.533487,2006-08-24T08:02:47.418,-9999999,G2,077.D-0498(A),UNKNOWN,-9999999,HARPS_ech_obs_all,HARPS_ech_obs_thosimult,STAR_WAVE_NONE,7.6523897061918E-06,4.19541612458079E-07,0,0,0
GJ150.0,55.81192,-9.76028,2453971.8371005,-1.237135,1.3813,-6180.485657,1.363349,-11.287586,1.084547,-6180.524001,0.944674,-10.973744,1.086529,12.877641,9.79476,-10.451014,3.164551,0.476566,0.001281,0.221815,0.001479,0.298156,0.001891,0,7.029939,59.634975,-0.026602,-6.1,61.2,2453971.83711,25.61688,25.616897,0,-9999999,0.331852,-0.08702,0.855422,-0.370196,0.983011,0.08,40.0014,12.877618,9.773993,2006-08-24T08:04:02.741,-9999999,G2,077.D-0498(A),UNKNOWN,-9999999,HARPS_ech_obs_all,HARPS_ech_obs_thosimult,STAR_WAVE_NONE,6.08377069321233E-06,8.0691667438264E-07,0,0,0
GJ150.0,55.81192,-9.76028,2453971.8415878,3.009277,0.901499,-6175.981453,1.008855,-7.042556,0.284518,-6176.02815,0.226879,-6.752458,0.287014,-6.016134,4.12822,-11.278822,1.461045,0.476975,0.000333,0.219974,0.000366,0.301504,0.000475,0,7.029809,59.693009,-0.027978,-6.1,231.4,2453971.84165,25.606968,25.606873,0,-9999999,0.331854,-0.088402,0.855424,-0.378551,0.983013,0.29,80.0012,-6.005168,4.09085,2006-08-24T08:10:10.410,-9999999,G2,077.D-0498(A),UNKNOWN,-9999999,HARPS_ech_obs_all,HARPS_ech_obs_thosimult,STAR_WAVE_NONE,6.30885842459976E-06,3.89390557302564E-07,0,0,0
GJ150.0,55.81192,-9.76028,2453971.8429957,3.514516,0.903722,-6175.892391,1.010603,-6.537751,0.291484,-6175.94171,0.234527,-6.273993,0.294225,-3.127083,3.901092,-11.150712,1.405515,0.477227,0.000342,0.220103,0.000377,0.301333,0.000489,0,7.030545,59.659932,-0.028866,-6.1,224.7,2453971.84306,25.603823,25.603726,0,-9999999,0.331854,-0.088835,0.855424,-0.381173,0.983014,0.31,80.0014,-3.108459,3.867178,2006-08-24T08:12:10.436,-9999999,G2,077.D-0498(A),UNKNOWN,-9999999,HARPS_ech_obs_all,HARPS_ech_obs_thosimult,STAR_WAVE_NONE,7.58058036446479E-06,4.0273021755517E-07,0,0,0
GJ150.0,55.81192,-9.76028,2453971.8445167,3.549393,0.92902,-6175.652504,1.026417,-6.503342,0.362391,-6175.704654,0.295321,-6.221398,0.3645,0.597292,5.044045,-10.368722,1.398871,0.476298,0.000426,0.219571,0.000473,0.301727,0.000615,0,7.032256,59.618127,-0.028469,-6.1,179.2,2453971.84462,25.600407,25.6002,0,-9999999,0.331855,-0.089304,0.855425,-0.384005,0.983014,0.48,80.0003,0.602961,5.017613,2006-08-24T08:14:08.241,-9999999,G2,077.D-0498(A),UNKNOWN,-9999999,HARPS_ech_obs_all,HARPS_ech_obs_thosimult,STAR_WAVE_NONE,6.53657465913611E-06,4.14269447609943E-07,0,0,0
GJ150.0,55.81192,-9.76028,2453971.8458916,3.611768,0.922897,-6175.401435,1.022462,-6.441391,0.346392,-6175.456145,0.281264,-6.177576,0.348581,-0.021808,4.37878,-10.064783,1.537396,0.476942,0.00041,0.220818,0.000454,0.300363,0.000587,0,7.029901,59.664931,-0.02588,-6.1,187.3,2453971.846,25.597303,25.597097,0,-9999999,0.331855,-0.089727,0.855425,-0.386565,0.983015,0.47,80.0012,-0.012272,4.34707,2006-08-24T08:16:07.827,-9999999,G2,077.D-0498(A),UNKNOWN,-9999999,HARPS_ech_obs_all,HARPS_ech_obs_thosimult,STAR_WAVE_NONE,7.18858218248277E-06,4.11015700877945E-07,0,0,0
GJ150.0,55.81192,-9.76028,2453971.8470608,2.280686,0.894701,-6176.871518,1.004754,-7.772833,0.262178,-6176.928405,0.207873,-7.509685,0.264953,-1.399345,3.938632,-11.363995,1.470787,0.477344,0.000303,0.219513,0.000333,0.300862,0.000433,0,7.029965,59.675347,-0.02788,-6.1,253.2,2453971.84711,25.594652,25.594583,0,-9999999,0.331855,-0.090087,0.855426,-0.388742,0.983015,0.23,79.9988,-1.395645,3.895067,2006-08-24T08:18:08.034,-9999999,G2,077.D-0498(A),UNKNOWN,-9999999,HARPS_ech_obs_all,HARPS_ech_obs_thosimult,STAR_WAVE_NONE,7.70158730266031E-06,4.10124820538007E-07,0,0,0
GJ150.0,55.81192,-9.76028,2453971.8485252,4.814098,1.779879,-6175.733352,1.831815,-5.239872,1.560838,-6175.792964,1.545712,-5.050471,1.563402,-14.868316,15.42839,-5.08053,4.749191,0.47593,0.001782,0.219612,0.002115,0.304747,0.002731,0,7.036704,59.524233,-0.03516,-6.1,44.7,2453971.84862,25.591316,25.591138,0,-9999999,0.331856,-0.090538,0.855426,-0.391468,0.983016,0.39,79.9998,-14.866306,15.422256,2006-08-24T08:20:01.749,-9999999,G2,077.D-0498(A),UNKNOWN,-9999999,HARPS_ech_obs_all,HARPS_ech_obs_thosimult,STAR_WAVE_NONE,9.72914225506589E-06,9.4726319735033E-07,0,0,0
GJ150.0,55.81192,-9.76028,2453971.849589,3.452141,2.576448,-6176.326254,2.874399,-6.602156,2.430294,-6176.387847,2.701083,-6.4144,2.433643,17.324881,22.453468,17.394967,7.515752,0.479461,0.002756,0.229695,0.003466,0.304799,0.004365,0,7.04454,59.279226,-0.032968,-6.1,30.3,2453971.8496,25.588883,25.588893,0,-9999999,0.331856,-0.090866,0.855426,-0.393449,0.983016,0.07,80.0029,17.328023,22.448,2006-08-24T08:21:59.256,-9999999,G2,077.D-0498(A),UNKNOWN,-9999999,HARPS_ech_obs_all,HARPS_ech_obs_thosimult,STAR_WAVE_NONE,1.57462428202882E-05,9.47576075726973E-07,0,0,0
GJ150.0,55.81192,-9.76028,2453971.8511619,3.308084,1.156633,-6176.726396,1.168718,-6.746698,0.778489,-6176.790917,0.632122,-6.554029,0.780021,9.651108,8.029192,-9.81211,2.306759,0.475573,0.000931,0.218994,0.001046,0.299129,0.001351,0,7.029591,59.682424,-0.03002,-6.1,83.4,2453971.85123,25.585269,25.585152,0,-9999999,0.331857,-0.091351,0.855427,-0.396378,0.983017,0.3,79.9995,9.659187,8.013447,2006-08-24T08:23:56.741,-9999999,G2,077.D-0498(A),UNKNOWN,-9999999,HARPS_ech_obs_all,HARPS_ech_obs_thosimult,STAR_WAVE_NONE,6.8158307892175E-06,6.92211522066487E-07,0,0,0
GJ150.0,55.81192,-9.76028,2453971.8526922,-0.816727,0.962164,-6178.998383,1.048426,-10.87198,0.440458,-6179.065753,0.364519,-10.690574,0.442373,3.773372,5.560514,-11.159046,1.405633,0.475531,0.000553,0.221193,0.000604,0.302504,0.000783,0,7.029069,59.82687,-0.027847,-6.1,141.9,2453971.85281,25.581735,25.581499,0,-9999999,0.331857,-0.091822,0.855428,-0.399227,0.983018,0.48,79.9984,3.784869,5.516825,2006-08-24T08:25:54.547,-9999999,G2,077.D-0498(A),UNKNOWN,-9999999,HARPS_ech_obs_all,HARPS_ech_obs_thosimult,STAR_WAVE_NONE,7.56299500830388E-06,4.61740031417745E-07,0,0,0
GJ150.0,55.81192,-9.76028,2453971.8540707,-5.08235,1.403694,-6184.552558,1.396779,-15.138028,1.112924,-6184.622494,0.992304,-14.908598,1.114683,5.580562,10.07502,-11.07449,3.318287,0.477416,0.001405,0.218961,0.001568,0.305037,0.002036,0,7.026034,59.864507,-0.027441,-6.1,58,2453971.85419,25.578537,25.578311,0,-9999999,0.331858,-0.092246,0.855428,-0.401794,0.983018,0.49,80.0032,5.570806,10.046533,2006-08-24T08:27:52.833,-9999999,G2,077.D-0498(A),UNKNOWN,-9999999,HARPS_ech_obs_all,HARPS_ech_obs_thosimult,STAR_WAVE_NONE,7.03482260643397E-07,1.14065585928757E-06,0,0,0
GJ150.0,55.81192,-9.76028,2453987.7303644,1.587951,0.907212,-6161.799275,1.011951,-8.796739,0.302201,-6162.123859,0.240378,-8.566158,0.304316,-6.242111,4.309955,-11.224024,1.267063,0.48367,0.000334,0.22154,0.000374,0.310398,0.000492,0,6.451947,47.767822,0.019479,-6.2,224.3,2453987.73042,23.579755,23.579428,1.484,-9999999,0.336967,-0.421258,0.855399,-0.661551,0.982987,0.27,30.001,-6.27555,4.2667,2006-09-09T05:28:23.771,-9999999,K5,077.C-0530(A),UNKNOWN,-9999999,HARPS_ech_obs_all,HARPS_ech_obs_thosimult,STAR_WAVE_K0+IV,8.64239344406779E-06,3.95972153415166E-07,0,0,0
GJ150.0,55.81192,-9.76028,2453987.7311224,-0.357173,0.901771,-6163.598341,1.00901,-10.742096,0.285454,-6163.924336,0.22768,-10.49114,0.287924,1.936567,4.354712,-11.101987,1.310311,0.484084,0.000318,0.220304,0.000354,0.310255,0.000467,0,6.452098,47.765301,0.01705,-6.2,236.3,2453987.73118,23.57855,23.578233,0,-9999999,0.336968,-0.421492,0.855399,-0.662963,0.982987,0.26,30.0001,1.904119,4.289107,2006-09-09T05:29:29.555,-9999999,K5,077.C-0530(A),UNKNOWN,-9999999,HARPS_ech_obs_all,HARPS_ech_obs_thosimult,STAR_WAVE_K0+IV,8.13165603458162E-06,4.4755088650995E-07,0,0,0
GJ150.0,55.81192,-9.76028,2453987.7318673,-0.945211,0.89807,-6163.561461,1.007259,-11.330364,0.273537,-6163.888843,0.219789,-11.074655,0.276195,-1.783558,4.239913,-11.781445,1.333506,0.482917,0.000315,0.220369,0.000345,0.309772,0.000455,0,6.450421,47.769737,0.019581,-6.2,242.7,2453987.73193,23.577357,23.577015,0.88,-9999999,0.336968,-0.421721,0.855399,-0.66435,0.982987,0.27,30.0025,-1.816198,4.173666,2006-09-09T05:30:33.608,-9999999,K5,077.C-0530(A),UNKNOWN,-9999999,HARPS_ech_obs_all,HARPS_ech_obs_thosimult,STAR_WAVE_K0+IV,6.4960434530743E-06,4.43027195802921E-07,0,0,0
GJ150.0,55.81192,-9.76028,2453987.7326,-1.830538,0.89743,-6164.641333,1.006401,-12.215916,0.271429,-6164.970079,0.215821,-11.994487,0.274316,-0.511822,4.664843,-13.295562,1.27108,0.483464,0.000307,0.220791,0.000338,0.309794,0.000445,0,6.449488,47.787833,0.017202,-6.2,247.8,2453987.73266,23.576178,23.575843,0.837,-9999999,0.336968,-0.421947,0.855399,-0.665714,0.982987,0.26,29.9996,-0.545021,4.598504,2006-09-09T05:31:37.212,-9999999,K5,077.C-0530(A),UNKNOWN,-9999999,HARPS_ech_obs_all,HARPS_ech_obs_thosimult,STAR_WAVE_K0+IV,7.94155383011729E-06,3.69633728365722E-07,0,0,0
GJ150.0,55.81192,-9.76028,2453987.7333577,-2.332958,0.900959,-6165.287984,1.008627,-12.71857,0.282878,-6165.618141,0.225977,-12.487009,0.285563,3.105993,4.383414,-12.982483,1.355971,0.48363,0.00032,0.220893,0.000354,0.310367,0.000466,0,6.449903,47.786287,0.017076,-6.2,237.1,2453987.73342,23.57495,23.574608,0.941,-9999999,0.336968,-0.42218,0.855399,-0.667125,0.982987,0.29,29.9998,3.075654,4.309792,2006-09-09T05:32:41.775,-9999999,K5,077.C-0530(A),UNKNOWN,-9999999,HARPS_ech_obs_all,HARPS_ech_obs_thosimult,STAR_WAVE_K0+IV,7.88939149080094E-06,3.32131891246641E-07,0,0,0
GJ150.0,55.81192,-9.76028,2453987.7341117,-1.727469,0.893582,-6164.639355,1.004076,-12.113313,0.258419,-6164.970915,0.204709,-11.924636,0.261356,-1.731003,4.143655,-14.245961,1.218697,0.483229,0.000291,0.220098,0.00032,0.30955,0.000422,0,6.449227,47.789415,0.017564,-6.2,261.2,2453987.73417,23.573721,23.573384,0.917,-9999999,0.336969,-0.422413,0.855399,-0.668529,0.982987,0.29,30.0014,-1.772586,4.071645,2006-09-09T05:33:46.908,-9999999,K5,077.C-0530(A),UNKNOWN,-9999999,HARPS_ech_obs_all,HARPS_ech_obs_thosimult,STAR_WAVE_K0+IV,7.46623995718805E-06,3.8563559893082E-07,0,0,0
GJ150.0,55.81192,-9.76028,2454050.7387268,0.081656,0.56346,-6162.792561,0.574461,-8.631988,0.190606,-6160.971971,0.142744,-8.407615,0.195089,0.247561,3.561699,-22.323006,0.97992,0.478612,0.000214,0.210521,0.000227,0.30107,0.000303,0,6.446205,47.841107,0.017044,-6.3,364,2454050.73883,0.645287,0.645271,1.073,-9999999,0.357247,1.249787,0.530242,1.463343,0.556444,0.43,120.0007,0.218524,3.51361,2006-11-11T05:35:39.200,-9999999,K5,072.C-0488(E),Mayor,-9999999,HARPS_ech_obs_all,HARPS_ech_obs_thosimult,STAR_WAVE_K0,7.20436385368469E-06,3.41701325689759E-07,0,0,0
GJ150.0,55.81192,-9.76028,2454050.7405275,-1.048986,0.55943,-6163.448245,0.571267,-9.763185,0.178339,-6161.631008,0.129288,-9.51622,0.183207,2.048727,3.176103,-23.601158,0.974735,0.479297,0.000192,0.210875,0.000205,0.300916,0.000273,128,6.44579,47.852223,0.017212,-6.3,403.6,2454050.74063,0.639965,0.639982,0.88,-9999999,0.357247,1.249232,0.530242,1.45999,0.556444,0.43,120.0003,2.040359,3.108456,2006-11-11T05:38:14.779,-9999999,K5,072.C-0488(E),Mayor,-9999999,HARPS_ech_obs_all,HARPS_ech_obs_thosimult,STAR_WAVE_K0,7.44944115101315E-06,3.52029434136087E-07,0,0,0
GJ150.0,55.81192,-9.76028,2454050.7422929,-1.873516,0.559789,-6164.425996,0.571474,-10.588259,0.179462,-6162.612045,0.1302,-10.313865,0.184237,-0.687282,3.529445,-23.185857,0.996075,0.479323,0.000193,0.210409,0.000206,0.300684,0.000275,128,6.446444,47.846155,0.018059,-6.3,401.1,2454050.74239,0.634755,0.634803,0.988,-9999999,0.357248,1.248689,0.530243,1.456703,0.556445,0.41,120.0005,-0.691367,3.463958,2006-11-11T05:40:49.707,-9999999,K5,072.C-0488(E),Mayor,-9999999,HARPS_ech_obs_all,HARPS_ech_obs_thosimult,STAR_WAVE_K0,7.61358707531628E-06,2.99992832711396E-07,0,0,0
GJ150.0,55.81192,-9.76028,2454056.6269465,-1.329593,0.906915,-6164.023521,1.015139,-10.992191,0.301292,-6163.154755,0.253442,-10.91839,0.303543,-5.397585,4.071029,-15.948084,1.390499,0.479011,0.000363,0.216248,0.000398,0.300167,0.000523,0,6.449192,47.806625,0.016048,-6.2,210.3,2454056.62701,-1.827079,-1.827006,0.689,-9999999,0.359142,0.300833,0.855405,0.509624,0.982993,0.28,30.0017,-5.421362,4.01074,2006-11-17T02:55:25.687,-9999999,K5,078.C-0833(A),UNKNOWN,-9999999,HARPS_ech_obs_all,HARPS_ech_obs_thosimult,STAR_WAVE_K0+IV,7.82919762718507E-06,4.27291529574872E-07,0,0,0
GJ150.0,55.81192,-9.76028,2454056.6277023,-2.020202,0.896809,-6164.654761,1.008222,-11.683033,0.269349,-6163.787403,0.224137,-11.532708,0.272166,-3.06639,3.621722,-17.203837,1.30272,0.478497,0.000321,0.216432,0.000352,0.299741,0.000462,0,6.448871,47.812137,0.017235,-6.2,237.4,2454056.62777,-1.829132,-1.829072,0.61,-9999999,0.359142,0.3006,0.855404,0.508216,0.982993,0.29,29.9988,-3.08992,3.547339,2006-11-17T02:56:30.690,-9999999,K5,078.C-0833(A),UNKNOWN,-9999999,HARPS_ech_obs_all,HARPS_ech_obs_thosimult,STAR_WAVE_K0+IV,7.43386714062686E-06,4.55384922306411E-07,0,0,0
GJ150.0,55.81192,-9.76028,2454056.6284652,-1.39518,0.917237,-6164.289255,1.022082,-11.058246,0.331069,-6163.423317,0.27996,-10.964308,0.333498,-1.638071,4.656939,-18.074841,1.531388,0.478223,0.000399,0.216661,0.00044,0.300062,0.000577,0,6.449331,47.820263,0.017387,-6.2,190.8,2454056.62853,-1.831209,-1.831147,0.259,-9999999,0.359142,0.300365,0.855404,0.506796,0.982993,0.27,29.9998,-1.661095,4.602139,2006-11-17T02:57:37.204,-9999999,K5,078.C-0833(A),UNKNOWN,-9999999,HARPS_ech_obs_all,HARPS_ech_obs_thosimult,STAR_WAVE_K0+IV,7.16670332828981E-06,3.7907001089262E-07,0,0,0
GJ150.0,55.81192,-9.76028,2454056.6292313,-1.687515,0.903447,-6164.165283,1.012812,-11.350817,0.29069,-6163.300772,0.243956,-11.283832,0.293178,1.40348,4.327395,-16.317969,1.471543,0.478367,0.000348,0.216802,0.000383,0.299481,0.000502,0,6.450344,47.798022,0.015968,-6.2,218.7,2454056.62929,-1.833299,-1.833226,0.438,-9999999,0.359142,0.300129,0.855404,0.505369,0.982992,0.26,30.0014,1.380744,4.271149,2006-11-17T02:58:43.698,-9999999,K5,078.C-0833(A),UNKNOWN,-9999999,HARPS_ech_obs_all,HARPS_ech_obs_thosimult,STAR_WAVE_K0+IV,8.73858971124711E-06,3.92174003863139E-07,0,0,0
GJ150.0,55.81192,-9.76028,2454056.6299907,-1.347431,0.907747,-6164.13253,1.015729,-11.010967,0.303789,-6163.269432,0.255797,-10.968581,0.306183,1.132384,3.887163,-15.735453,1.444024,0.478555,0.000367,0.217489,0.000404,0.299937,0.000529,0,6.450699,47.807925,0.01769,-6.2,208,2454056.63005,-1.835374,-1.835278,0.338,-9999999,0.359143,0.299895,0.855404,0.503955,0.982992,0.27,29.9998,1.10973,3.824748,2006-11-17T02:59:49.011,-9999999,K5,078.C-0833(A),UNKNOWN,-9999999,HARPS_ech_obs_all,HARPS_ech_obs_thosimult,STAR_WAVE_K0+IV,8.10928473910569E-06,3.71869632304144E-07,0,0,0
GJ150.0,55.81192,-9.76028,2454056.6307595,-1.725358,0.909569,-6164.199678,1.016934,-11.389131,0.309191,-6163.338011,0.260542,-11.355449,0.311595,-1.134078,4.364108,-16.703636,1.297934,0.478082,0.000373,0.217621,0.000411,0.299728,0.000537,0,6.450056,47.810891,0.016469,-6.2,204.6,2454056.63082,-1.837479,-1.837397,0.301,-9999999,0.359143,0.299658,0.855404,0.502524,0.982992,0.28,29.9994,-1.147906,4.307776,2006-11-17T03:00:55.134,-9999999,K5,078.C-0833(A),UNKNOWN,-9999999,HARPS_ech_obs_all,HARPS_ech_obs_thosimult,STAR_WAVE_K0+IV,6.53580707336383E-06,3.84075321007343E-07,0,0,0
GJ150.0,55.81192,-9.76028,2454078.6612204,0.166121,0.879203,-6161.913738,0.995599,-9.47302,0.203196,-6161.177087,0.157967,-9.344462,0.207267,2.163778,3.546824,-20.006286,1.113002,0.477638,0.000243,0.221688,0.000259,0.299612,0.000341,0,6.447395,47.818812,0.01829,-6.3,323.3,2454078.66131,-11.829884,-11.829849,0.513,-9999999,0.366233,0.32429,0.8554,0.370418,0.982988,0.36,59.9994,2.125944,3.48469,2006-12-09T03:45:18.081,-9999999,K5,072.C-0488(E),Mayor,-9999999,HARPS_ech_obs_all,HARPS_ech_obs_thosimult,STAR_WAVE_K0,7.11492420630901E-06,2.85297659885105E-07,0,0,0
GJ150.0,55.81192,-9.76028,2454078.662285,0.998576,0.877677,-6161.207724,0.99464,-8.640893,0.19649,-6160.473055,0.151803,-8.495203,0.200888,4.705699,3.679655,-21.345041,1.165863,0.477821,0.00023,0.221974,0.000247,0.300646,0.000325,0,6.446941,47.828019,0.017239,-6.3,339.2,2454078.66237,-11.832988,-11.832947,0.53,-9999999,0.366234,0.323963,0.8554,0.368435,0.982987,0.36,60.0007,4.682117,3.626518,2006-12-09T03:46:50.065,-9999999,K5,072.C-0488(E),Mayor,-9999999,HARPS_ech_obs_all,HARPS_ech_obs_thosimult,STAR_WAVE_K0,8.00144808477523E-06,3.43397566730274E-07,0,0,0
GJ150.0,55.81192,-9.76028,2454078.663346,1.18562,0.876307,-6160.886929,0.993669,-8.454176,0.19028,-6160.154235,0.145308,-8.23538,0.1949,0.419003,3.460155,-22.190158,1.106786,0.477826,0.000221,0.221383,0.000236,0.29997,0.000312,0,6.445792,47.831898,0.017154,-6.3,353.8,2454078.66343,-11.836079,-11.836042,0.656,-9999999,0.366234,0.323636,0.855399,0.36646,0.982987,0.36,59.9989,0.380545,3.39778,2006-12-09T03:48:21.741,-9999999,K5,072.C-0488(E),Mayor,-9999999,HARPS_ech_obs_all,HARPS_ech_obs_thosimult,STAR_WAVE_K0,7.66096478716656E-06,3.18549957858614E-07,0,0,0
GJ150.0,55.81192,-9.76028,2454078.6644,1.652607,0.876316,-6159.956851,0.993564,-7.987513,0.190319,-6159.22612,0.14459,-7.761854,0.194996,5.087795,3.562146,-21.839242,1.121973,0.478165,0.000223,0.221967,0.000237,0.30009,0.000313,0,6.445907,47.832651,0.017556,-6.3,352.5,2454078.66449,-11.839148,-11.839129,0.636,-9999999,0.366234,0.323311,0.855399,0.364497,0.982987,0.36,60,5.061249,3.507132,2006-12-09T03:49:52.805,-9999999,K5,072.C-0488(E),Mayor,-9999999,HARPS_ech_obs_all,HARPS_ech_obs_thosimult,STAR_WAVE_K0,7.38024625876752E-06,3.54738568727436E-07,0,0,0
GJ150.0,55.81192,-9.76028,2454078.6654528,1.309817,0.876493,-6160.701979,0.99369,-8.330627,0.191135,-6159.973207,0.145453,-8.147285,0.195477,5.42429,3.508262,-20.737602,1.067279,0.477398,0.000219,0.221509,0.000235,0.300281,0.00031,0,6.446627,47.826691,0.016389,-6.3,355.8,2454078.66554,-11.84221,-11.842185,0.962,-9999999,0.366235,0.322987,0.855399,0.362537,0.982987,0.36,60.0008,5.386123,3.457907,2006-12-09T03:51:23.771,-9999999,K5,072.C-0488(E),Mayor,-9999999,HARPS_ech_obs_all,HARPS_ech_obs_thosimult,STAR_WAVE_K0,7.5325154113365E-06,3.62027786500351E-07,0,0,0
GJ150.0,55.81192,-9.76028,2454078.6665128,0.938037,0.875876,-6160.830495,0.993384,-8.702734,0.188286,-6160.103697,0.143346,-8.46387,0.193005,4.407396,3.523548,-21.920493,1.082099,0.477769,0.000218,0.221897,0.000233,0.300186,0.000308,0,6.44601,47.833263,0.018262,-6.3,358.3,2454078.66659,-11.84529,-11.845238,0.581,-9999999,0.366235,0.32266,0.855399,0.360563,0.982987,0.37,60.0002,4.359485,3.466053,2006-12-09T03:52:54.755,-9999999,K5,072.C-0488(E),Mayor,-9999999,HARPS_ech_obs_all,HARPS_ech_obs_thosimult,STAR_WAVE_K0,7.61759520921914E-06,4.48329580651405E-07,0,0,0
GJ150.0,55.81192,-9.76028,2454078.6675601,0.958761,0.876366,-6161.061322,0.993845,-8.682333,0.190549,-6160.336474,0.146507,-8.511544,0.195142,3.10481,3.717138,-21.025926,1.093514,0.477494,0.000224,0.221717,0.000239,0.300973,0.000316,0,6.446826,47.826345,0.017706,-6.3,349.5,2454078.66765,-11.848331,-11.848289,0.469,-9999999,0.366235,0.322338,0.855399,0.358613,0.982987,0.36,60.0011,3.079043,3.665069,2006-12-09T03:54:25.850,-9999999,K5,072.C-0488(E),Mayor,-9999999,HARPS_ech_obs_all,HARPS_ech_obs_thosimult,STAR_WAVE_K0,7.52518057356911E-06,2.81782980064932E-07,0,0,0
GJ150.0,55.81192,-9.76028,2454078.6686254,0.153631,0.879853,-6161.987332,0.996034,-9.487791,0.205994,-6161.264466,0.160687,-9.416591,0.209772,4.527607,3.40079,-18.157994,1.124932,0.477862,0.000239,0.221864,0.000258,0.300596,0.00034,0,6.449798,47.810048,0.018194,-6.3,324.2,2454078.66871,-11.851421,-11.851398,0.544,-9999999,0.366236,0.32201,0.855399,0.35663,0.982987,0.36,59.9994,4.483268,3.336443,2006-12-09T03:55:57.895,-9999999,K5,072.C-0488(E),Mayor,-9999999,HARPS_ech_obs_all,HARPS_ech_obs_thosimult,STAR_WAVE_K0,7.68238398180985E-06,2.52348677703828E-07,0,0,0
GJ150.0,55.81192,-9.76028,2454078.6696891,0.242364,0.87903,-6161.662887,0.995584,-9.399385,0.202451,-6160.942002,0.157875,-9.253437,0.206272,4.810273,3.190026,-18.853472,1.208635,0.477906,0.000239,0.22172,0.000256,0.300519,0.000338,0,6.448652,47.811544,0.018226,-6.3,326.3,2454078.66978,-11.854503,-11.854476,0.443,-9999999,0.366236,0.321682,0.855399,0.354649,0.982987,0.36,59.9998,4.793897,3.124046,2006-12-09T03:57:29.800,-9999999,K5,072.C-0488(E),Mayor,-9999999,HARPS_ech_obs_all,HARPS_ech_obs_thosimult,STAR_WAVE_K0,7.34631964918571E-06,3.30549712056463E-07,0,0,0
GJ150.0,55.81192,-9.76028,2454078.6707501,-0.793124,0.876269,-6162.553951,0.99374,-10.4352,0.190104,-6161.835041,0.145797,-10.230097,0.194382,7.518151,3.535314,-19.15848,1.211051,0.477134,0.000219,0.222272,0.000235,0.30026,0.00031,0,6.448304,47.81765,0.017408,-6.3,355.4,2454078.67084,-11.857573,-11.85755,0.36,-9999999,0.366236,0.321355,0.855399,0.352674,0.982987,0.37,60.0019,7.492129,3.458868,2006-12-09T03:59:00.875,-9999999,K5,072.C-0488(E),Mayor,-9999999,HARPS_ech_obs_all,HARPS_ech_obs_thosimult,STAR_WAVE_K0,7.30279936677293E-06,4.70871615605895E-07,0,0,0
GJ150.0,55.81192,-9.76028,2454099.6630484,-1.76282,0.89019,-6164.452521,1.002189,-10.912696,0.246436,-6162.622704,0.195242,-10.829582,0.249314,5.689114,4.413093,-13.600089,1.395915,0.478853,0.000277,0.219409,0.000303,0.29651,0.000398,0,6.453493,47.762438,0.017194,-6.2,276.8,2454099.66311,-19.763038,-19.76277,0.219,-9999999,0.372993,0.813556,0.8554,1.456824,0.982987,0.28,29.9989,5.65891,4.3513,2006-12-30T03:49:45.199,-9999999,K5,078.C-0833(A),UNKNOWN,-9999999,HARPS_ech_obs_all,HARPS_ech_obs_thosimult,STAR_WAVE_K0+IV,7.97887443143341E-06,3.51446707435982E-07,0,0,0
GJ150.0,55.81192,-9.76028,2454099.6637656,-3.001429,0.885503,-6165.270609,0.999016,-12.151525,0.228925,-6163.442127,0.178239,-12.043627,0.232156,9.276725,4.550546,-16.242181,1.302011,0.478705,0.000255,0.21898,0.000278,0.296415,0.000366,0,6.451242,47.781443,0.018831,-6.2,301.2,2454099.66384,-19.764838,-19.764595,0.174,-9999999,0.372993,0.813335,0.855399,1.455489,0.982987,0.3,30.0008,9.243423,4.481534,2006-12-30T03:50:46.563,-9999999,K5,078.C-0833(A),UNKNOWN,-9999999,HARPS_ech_obs_all,HARPS_ech_obs_thosimult,STAR_WAVE_K0+IV,7.55023876000594E-06,3.83610755042723E-07,0,0,0
GJ150.0,55.81192,-9.76028,2454099.6644798,-1.951212,0.884987,-6164.060196,0.99875,-11.101528,0.226921,-6162.233044,0.176743,-11.042366,0.230206,5.15306,4.18804,-15.98611,1.240468,0.478266,0.000254,0.219318,0.000277,0.296716,0.000364,0,6.450399,47.781387,0.017364,-6.2,303.2,2454099.66455,-19.766626,-19.766384,0.19,-9999999,0.372993,0.813115,0.855399,1.454159,0.982987,0.29,29.9994,5.119023,4.125143,2006-12-30T03:51:48.576,-9999999,K5,078.C-0833(A),UNKNOWN,-9999999,HARPS_ech_obs_all,HARPS_ech_obs_thosimult,STAR_WAVE_K0+IV,8.07700719498509E-06,3.57075044562405E-07,0,0,0
GJ150.0,55.81192,-9.76028,2454099.6651907,-1.640476,0.890802,-6164.054367,1.002441,-10.791011,0.248637,-6162.228539,0.196531,-10.676999,0.251627,3.517881,4.273065,-15.865832,1.338438,0.478295,0.000279,0.21914,0.000306,0.296435,0.000403,0,6.451186,47.784185,0.017641,-6.2,273.9,2454099.66525,-19.768402,-19.768143,0.253,-9999999,0.372993,0.812896,0.855399,1.452835,0.982987,0.27,29.9989,3.483393,4.209178,2006-12-30T03:52:50.599,-9999999,K5,078.C-0833(A),UNKNOWN,-9999999,HARPS_ech_obs_all,HARPS_ech_obs_thosimult,STAR_WAVE_K0+IV,7.56289175665864E-06,3.86960996608885E-07,0,0,0
GJ150.0,55.81192,-9.76028,2454099.6659111,-2.552183,0.891325,-6164.946403,1.002644,-11.70294,0.250503,-6163.121915,0.197564,-11.619423,0.253308,8.230793,4.188979,-15.504409,1.381196,0.478929,0.000275,0.219527,0.000304,0.296121,0.000398,0,6.451765,47.781304,0.017843,-6.2,276.3,2454099.66597,-19.770198,-19.769927,0.147,-9999999,0.372994,0.812674,0.855399,1.451494,0.982987,0.28,29.9994,8.192901,4.117444,2006-12-30T03:53:52.553,-9999999,K5,078.C-0833(A),UNKNOWN,-9999999,HARPS_ech_obs_all,HARPS_ech_obs_thosimult,STAR_WAVE_K0+IV,8.10984395010017E-06,4.12967891028334E-07,0,0,0
GJ150.0,55.81192,-9.76028,2454099.6666206,-1.285564,0.887014,-6163.774032,1.000151,-10.43654,0.234705,-6161.950865,0.184495,-10.402533,0.237936,6.052652,3.866987,-17.778236,1.238961,0.479005,0.00027,0.219934,0.000292,0.296269,0.000384,0,6.450529,47.795687,0.018631,-6.2,287.7,2454099.66669,-19.771963,-19.771707,-0.232,-9999999,0.372994,0.812455,0.855399,1.450173,0.982987,0.29,29.999,6.03209,3.7951,2006-12-30T03:54:53.556,-9999999,K5,078.C-0833(A),UNKNOWN,-9999999,HARPS_ech_obs_all,HARPS_ech_obs_thosimult,STAR_WAVE_K0+IV,8.3897145569424E-06,3.75910952182839E-07,0,0,0
GJ150.0,55.81192,-9.76028,2454114.5785333,-2.172266,0.880296,-6163.110677,0.995765,-11.598172,0.207807,-6162.734881,0.158896,-11.539936,0.211837,4.901388,3.791159,-19.654119,1.332264,0.47614,0.000235,0.213789,0.000254,0.295567,0.000333,0,6.450728,47.810402,0.017799,-6.3,330.3,2454114.57862,-23.634448,-23.634522,-0.205,-9999999,0.377793,0.537525,0.855417,-0.001997,0.983006,0.38,60.0012,4.904829,3.716721,2007-01-14T01:49:21.848,-9999999,K5,072.C-0488(E),Mayor,-9999999,HARPS_ech_obs_all,HARPS_ech_obs_thosimult,STAR_WAVE_K0,7.1979439326888E-06,2.87678788934343E-07,0,0,0
GJ150.0,55.81192,-9.76028,2454114.5798457,-3.427147,0.882024,-6164.503611,0.99704,-12.853458,0.215012,-6164.130258,0.1667,-12.894706,0.218514,0.738394,3.970012,-17.542165,1.260262,0.476228,0.000246,0.213561,0.000265,0.294922,0.000348,0,6.45262,47.792486,0.017609,-6.3,315.6,2454114.57993,-23.637942,-23.637995,0.041,-9999999,0.377794,0.537121,0.855416,-0.004441,0.983005,0.35,59.9999,0.742805,3.899643,2007-01-14T01:51:17.053,-9999999,K5,072.C-0488(E),Mayor,-9999999,HARPS_ech_obs_all,HARPS_ech_obs_thosimult,STAR_WAVE_K0,7.80743714168472E-06,3.19012380799762E-07,0,0,0
GJ150.0,55.81192,-9.76028,2454114.5812745,-4.59415,0.894366,-6165.597284,1.005185,-14.020901,0.261063,-6165.226591,0.209995,-13.963246,0.264145,4.973477,3.830722,-18.643882,1.394121,0.476121,0.000311,0.2145,0.000337,0.294637,0.000441,0,6.450625,47.802963,0.017313,-6.3,249.6,2454114.58134,-23.641738,-23.641764,-0.091,-9999999,0.377794,0.536681,0.855416,-0.007101,0.983005,0.3,30.0025,4.962963,3.740683,2007-01-14T01:53:32.511,-9999999,K5,072.C-0488(E),Mayor,-9999999,HARPS_ech_obs_all,HARPS_ech_obs_thosimult,STAR_WAVE_K0,7.80352604055523E-06,4.23231981986999E-07,0,0,0
GJ150.0,55.81192,-9.76028,2454114.5822538,-5.564565,0.897982,-6166.328179,1.0076,-14.991617,0.273197,-6165.95931,0.22127,-15.013758,0.276014,6.057015,4.282423,-18.736257,1.401705,0.476115,0.000328,0.21421,0.000354,0.295234,0.000465,0,6.450366,47.810194,0.016912,-6.3,237.2,2454114.58232,-23.644335,-23.644366,-0.147,-9999999,0.377794,0.536379,0.855416,-0.008925,0.983005,0.31,29.9996,6.060451,4.203192,2007-01-14T01:54:56.826,-9999999,K5,072.C-0488(E),Mayor,-9999999,HARPS_ech_obs_all,HARPS_ech_obs_thosimult,STAR_WAVE_K0,7.67190053822375E-06,4.07727918402172E-07,0,0,0
GJ150.0,55.81192,-9.76028,2454114.5831711,-4.415221,0.889975,-6165.577009,1.002392,-13.842556,0.245602,-6165.209847,0.196193,-13.791582,0.248735,4.350337,4.008031,-17.496121,1.289178,0.475431,0.000293,0.213787,0.000316,0.295727,0.000415,0,6.451204,47.797953,0.017096,-6.3,265.9,2454114.58324,-23.646764,-23.646781,0.047,-9999999,0.377795,0.536097,0.855415,-0.010633,0.983004,0.28,30.0008,4.356546,3.92364,2007-01-14T01:56:16.990,-9999999,K5,072.C-0488(E),Mayor,-9999999,HARPS_ech_obs_all,HARPS_ech_obs_thosimult,STAR_WAVE_K0,7.5742059335347E-06,3.13930260539844E-07,0,0,0
GJ150.0,55.81192,-9.76028,2454114.5840187,-3.803392,0.892664,-6164.738621,1.003984,-13.230988,0.255176,-6164.373037,0.204175,-13.117653,0.258324,2.728188,4.339163,-18.780865,1.385757,0.475747,0.000303,0.214373,0.000328,0.301861,0.00043,0,6.450138,47.808858,0.018338,-6.3,256.5,2454114.58408,-23.649005,-23.649009,-0.015,-9999999,0.377795,0.535835,0.855415,-0.012211,0.983004,0.26,30.0008,2.725476,4.264133,2007-01-14T01:57:30.824,-9999999,K5,072.C-0488(E),Mayor,-9999999,HARPS_ech_obs_all,HARPS_ech_obs_thosimult,STAR_WAVE_K0,7.35143499522634E-06,3.1600283759823E-07,0,0,0
GJ150.0,55.81192,-9.76028,2454122.5894233,3.169521,0.928911,-6158.880827,0.906811,-6.54679,0.362137,-6157.307355,0.297444,-6.503515,0.363751,-11.802645,4.732462,-14.409948,1.632594,0.477893,0.000425,0.214427,0.000465,0.303352,0.00061,0,6.453949,47.774386,0.016453,-6.3,181.1,2454122.5895,-25.198006,-25.198094,0.67,-9999999,0.380372,0.24712,0.855413,1.1931,0.856641,0.3,30.0013,-11.82103,4.703468,2007-01-22T02:06:12.710,-9999999,K5,072.C-0488(E),Mayor,-9999999,HARPS_ech_obs_all,HARPS_ech_obs_thosimult,STAR_WAVE_K0,6.82428398981324E-06,4.40218945644098E-07,0,0,0
GJ150.0,55.81192,-9.76028,2454122.5901396,3.056548,0.9024,-6159.550452,0.887709,-6.659984,0.287392,-6157.978314,0.232797,-6.61662,0.289215,-10.460269,4.509761,-14.402738,1.405095,0.47778,0.000334,0.214241,0.000364,0.303618,0.000478,0,6.453894,47.777177,0.017789,-6.3,230.7,2454122.59021,-25.199738,-25.199824,0.484,-9999999,0.380372,0.246899,0.855413,1.191766,0.85664,0.31,29.9992,-10.491139,4.476803,2007-01-22T02:07:14.303,-9999999,K5,072.C-0488(E),Mayor,-9999999,HARPS_ech_obs_all,HARPS_ech_obs_thosimult,STAR_WAVE_K0,8.14502050071112E-06,3.86733179553004E-07,0,0,0
GJ150.0,55.81192,-9.76028,2454122.590842,-0.931675,0.893607,-6163.29672,0.88124,-10.648423,0.258462,-6161.72589,0.206763,-10.624964,0.26069,-7.127532,4.532109,-16.902591,1.349102,0.477654,0.000287,0.214424,0.000317,0.302434,0.000416,0,6.450224,47.792327,0.017576,-6.3,264,2454122.59091,-25.201432,-25.201495,0.353,-9999999,0.380372,0.246683,0.855413,1.190458,0.85664,0.3,30.0022,-7.144023,4.478864,2007-01-22T02:08:15.296,-9999999,K5,072.C-0488(E),Mayor,-9999999,HARPS_ech_obs_all,HARPS_ech_obs_thosimult,STAR_WAVE_K0,7.48602112087914E-06,4.71790384956302E-07,0,0,0
GJ150.0,55.81192,-9.76028,2454122.5915446,-3.777954,0.885618,-6166.238611,0.875552,-13.494919,0.229321,-6164.669089,0.180993,-13.426393,0.232269,0.648313,4.23221,-17.693227,1.251351,0.477284,0.000257,0.214386,0.000281,0.303057,0.000369,0,6.450288,47.80011,0.017765,-6.3,297.8,2454122.59161,-25.203123,-25.203215,0.33,-9999999,0.380372,0.246467,0.855413,1.18915,0.85664,0.29,30.0006,0.630098,4.150796,2007-01-22T02:09:16.300,-9999999,K5,072.C-0488(E),Mayor,-9999999,HARPS_ech_obs_all,HARPS_ech_obs_thosimult,STAR_WAVE_K0,7.96681228799827E-06,3.96674186038058E-07,0,0,0
GJ150.0,55.81192,-9.76028,2454125.5596684,-2.674528,0.88099,-6164.23839,0.997261,-12.670414,0.210699,-6163.623478,0.167973,-12.692203,0.214067,-3.075913,3.631543,-18.199771,1.28739,0.475157,0.000241,0.218117,0.000262,0.302704,0.000346,0,6.450412,47.80403,0.018051,-6.2,318.3,2454125.55973,-25.564178,-25.563942,0.21,-9999999,0.381328,-0.032454,0.855423,0.233584,0.983013,0.29,29.999,-3.083467,3.540335,2007-01-25T01:23:43.787,-9999999,K5,078.C-0833(A),UNKNOWN,-9999999,HARPS_ech_obs_all,HARPS_ech_obs_thosimult,STAR_WAVE_K0+IV,7.43716433399518E-06,2.48321229882173E-07,0,0,0
GJ150.0,55.81192,-9.76028,2454125.5603767,-2.61768,0.88388,-6164.203784,0.999037,-12.613784,0.222475,-6163.590191,0.178217,-12.630402,0.225462,-3.865561,4.344628,-17.400382,1.263995,0.475318,0.000247,0.218326,0.000272,0.303757,0.000359,0,6.449311,47.801225,0.018599,-6.2,306.8,2454125.56044,-25.565963,-25.565717,0.27,-9999999,0.381328,-0.032672,0.855423,0.232265,0.983012,0.28,30.0012,-3.882446,4.270703,2007-01-25T01:24:45.290,-9999999,K5,078.C-0833(A),UNKNOWN,-9999999,HARPS_ech_obs_all,HARPS_ech_obs_thosimult,STAR_WAVE_K0+IV,7.77399666482007E-06,3.776078960485E-07,0,0,0
GJ150.0,55.81192,-9.76028,2454125.5610829,-3.481567,0.882232,-6165.064523,0.998233,-13.477888,0.215838,-6164.452245,0.173657,-13.417342,0.219234,0.041629,3.835408,-18.793344,1.247998,0.475966,0.000248,0.218623,0.000271,0.302462,0.000356,0,6.449147,47.80827,0.017902,-6.2,308.9,2454125.56114,-25.567741,-25.567489,0.286,-9999999,0.381328,-0.03289,0.855423,0.23095,0.983012,0.28,30.0004,0.015878,3.740064,2007-01-25T01:25:46.313,-9999999,K5,078.C-0833(A),UNKNOWN,-9999999,HARPS_ech_obs_all,HARPS_ech_obs_thosimult,STAR_WAVE_K0+IV,7.59986250960614E-06,4.22606539801824E-07,0,0,0
GJ150.0,55.81192,-9.76028,2454125.5617935,-3.427996,0.88371,-6165.094945,0.999142,-13.424536,0.221803,-6164.48399,0.17881,-13.406991,0.2249,0.44716,4.128116,-17.785686,1.214688,0.47556,0.000252,0.218463,0.000276,0.303369,0.000364,0,6.449279,47.795547,0.01615,-6.2,302.7,2454125.56186,-25.569527,-25.569288,0.769,-9999999,0.381328,-0.033109,0.855422,0.229627,0.983012,0.29,30.0023,0.448072,4.045873,2007-01-25T01:26:47.417,-9999999,K5,078.C-0833(A),UNKNOWN,-9999999,HARPS_ech_obs_all,HARPS_ech_obs_thosimult,STAR_WAVE_K0+IV,7.11851105904737E-06,2.88746060558668E-07,0,0,0
GJ150.0,55.81192,-9.76028,2454125.5624984,-2.731678,0.885699,-6164.153808,1.000259,-12.728435,0.2296,-6163.544165,0.184951,-12.748721,0.232543,-3.94956,4.128701,-17.724484,1.275405,0.475093,0.000258,0.218487,0.000284,0.303074,0.000374,0,6.449601,47.797803,0.018071,-6.2,294.1,2454125.56257,-25.571297,-25.571055,0.245,-9999999,0.381328,-0.033326,0.855422,0.228315,0.983012,0.29,30.0012,-3.976806,4.04617,2007-01-25T01:27:48.320,-9999999,K5,078.C-0833(A),UNKNOWN,-9999999,HARPS_ech_obs_all,HARPS_ech_obs_thosimult,STAR_WAVE_K0+IV,7.88116526371763E-06,3.71945133234525E-07,0,0,0
GJ150.0,55.81192,-9.76028,2454125.5632007,-2.65127,0.882486,-6164.160655,0.998371,-12.648244,0.216875,-6163.552319,0.174452,-12.615968,0.22004,-0.295688,3.881312,-17.999171,1.176209,0.475508,0.00025,0.218466,0.000272,0.302972,0.000359,0,6.450224,47.799667,0.017459,-6.2,307,2454125.56326,-25.573057,-25.572818,-0.044,-9999999,0.381329,-0.033542,0.855422,0.227007,0.983011,0.28,30.0016,-0.307858,3.797671,2007-01-25T01:28:49.303,-9999999,K5,078.C-0833(A),UNKNOWN,-9999999,HARPS_ech_obs_all,HARPS_ech_obs_thosimult,STAR_WAVE_K0+IV,7.75385122355401E-06,3.44230390445266E-07,0,0,0
GJ150.0,55.81192,-9.76028,2454133.6150939,-3.157059,0.890674,-6164.47181,1.002418,-13.641724,0.248151,-6164.297129,0.196374,-13.626268,0.251181,6.734515,3.791849,-16.104196,1.409073,0.476258,0.000271,0.214598,0.000301,0.304582,0.000396,0,6.452112,47.778678,0.017963,-6.2,278.7,2454133.61516,-26.500991,-26.500727,0.163,-9999999,0.38392,-0.521233,0.855407,-0.209239,0.982995,0.28,30.0008,6.705517,3.700819,2007-02-02T02:44:32.905,-9999999,K5,078.C-0833(A),UNKNOWN,-9999999,HARPS_ech_obs_all,HARPS_ech_obs_thosimult,STAR_WAVE_K0+IV,7.27599054973219E-06,4.06965080553027E-07,0,0,0
GJ150.0,55.81192,-9.76028,2454133.6158046,-1.614121,0.890027,-6163.081715,1.001943,-12.099005,0.245818,-6162.908357,0.193933,-12.091539,0.248456,4.990834,4.165134,-14.930533,1.236146,0.475891,0.000266,0.21494,0.000296,0.304044,0.000389,0,6.453547,47.775474,0.017935,-6.2,282.9,2454133.61587,-26.50227,-26.502013,0.131,-9999999,0.38392,-0.521452,0.855407,-0.210562,0.982995,0.29,29.9971,4.956816,4.091916,2007-02-02T02:45:34.018,-9999999,K5,078.C-0833(A),UNKNOWN,-9999999,HARPS_ech_obs_all,HARPS_ech_obs_thosimult,STAR_WAVE_K0+IV,7.4653678551654E-06,3.71575190073139E-07,0,0,0
GJ150.0,55.81192,-9.76028,2454133.616507,-0.181751,0.892065,-6162.036642,1.003218,-10.666851,0.253099,-6161.864591,0.200419,-10.675477,0.255696,3.891266,3.792437,-14.867869,1.313225,0.475223,0.000272,0.214699,0.000305,0.30441,0.000401,0,6.452547,47.776351,0.017387,-6.2,275,2454133.61657,-26.503527,-26.503273,0.262,-9999999,0.383921,-0.521669,0.855407,-0.21187,0.982995,0.28,29.9975,3.849312,3.723278,2007-02-02T02:46:35.011,-9999999,K5,078.C-0833(A),UNKNOWN,-9999999,HARPS_ech_obs_all,HARPS_ech_obs_thosimult,STAR_WAVE_K0+IV,7.19010105650288E-06,3.71693807088462E-07,0,0,0
GJ150.0,55.81192,-9.76028,2454133.617211,-0.789938,0.890457,-6162.304289,1.001887,-11.275255,0.247374,-6162.133549,0.193644,-11.264863,0.250426,5.914322,3.741524,-16.345943,1.25609,0.475871,0.000262,0.213647,0.000293,0.30336,0.000385,0,6.451138,47.781376,0.017355,-6.2,285.5,2454133.61728,-26.504782,-26.504527,0.305,-9999999,0.383921,-0.521885,0.855407,-0.213181,0.982995,0.27,30.0001,5.888979,3.672165,2007-02-02T02:47:36.144,-9999999,K5,078.C-0833(A),UNKNOWN,-9999999,HARPS_ech_obs_all,HARPS_ech_obs_thosimult,STAR_WAVE_K0+IV,7.73823717031155E-06,4.5817001161302E-07,0,0,0
GJ150.0,55.81192,-9.76028,2454133.6179198,-0.096601,0.890822,-6161.763782,1.002145,-10.582136,0.248684,-6161.594361,0.194976,-10.562896,0.251542,2.129577,4.119821,-16.940079,1.328337,0.475551,0.000263,0.214341,0.000295,0.304178,0.000388,0,6.451891,47.788451,0.016676,-6.2,283.8,2454133.61798,-26.506039,-26.505776,0.013,-9999999,0.383921,-0.522104,0.855406,-0.2145,0.982995,0.28,29.9983,2.089291,4.054102,2007-02-02T02:48:37.087,-9999999,K5,078.C-0833(A),UNKNOWN,-9999999,HARPS_ech_obs_all,HARPS_ech_obs_thosimult,STAR_WAVE_K0+IV,7.09286457010612E-06,3.56665677051842E-07,0,0,0
GJ150.0,55.81192,-9.76028,2454133.6186255,1.464764,0.891837,-6160.235043,1.002924,-9.020988,0.252297,-6160.066936,0.198941,-9.021778,0.255068,2.774606,3.596333,-16.266438,1.409525,0.475623,0.000269,0.214674,0.000302,0.303914,0.000396,0,6.4519,47.785143,0.016021,-6.2,277.5,2454133.61869,-26.507285,-26.507018,0.193,-9999999,0.383921,-0.522321,0.855406,-0.215814,0.982995,0.28,30.0004,2.745252,3.535718,2007-02-02T02:49:38.061,-9999999,K5,078.C-0833(A),UNKNOWN,-9999999,HARPS_ech_obs_all,HARPS_ech_obs_thosimult,STAR_WAVE_K0+IV,7.66425786605435E-06,4.29494385450324E-07,0,0,0
GJ150.0,55.81192,-9.76028,2454140.5210921,2.47143,0.872688,-6159.367014,0.991157,-7.98217,0.172654,-6159.080291,0.126667,-7.919865,0.176981,-0.559897,3.476314,-21.446671,1.106878,0.475213,0.000178,0.214538,0.000196,0.297092,0.000258,128,6.449591,47.82992,0.017771,-6.3,427.3,2454140.52117,-26.608761,-26.608952,0.402,-9999999,0.386143,-0.490169,0.855439,-0.09942,0.98303,0.36,59.9981,-0.595015,3.423876,2007-02-09T00:29:50.447,-9999999,K5,072.C-0488(E),Mayor,-9999999,HARPS_ech_obs_all,HARPS_ech_obs_thosimult,STAR_WAVE_K0,7.37549341026119E-06,2.81546423822178E-07,0,0,0
GJ150.0,55.81192,-9.76028,2454140.5221558,3.636307,0.872627,-6158.388902,0.990985,-6.817621,0.172345,-6158.10416,0.125318,-6.750586,0.176686,-3.322984,3.734454,-21.606734,1.107791,0.475207,0.000176,0.214938,0.000194,0.296623,0.000255,128,6.449618,47.833333,0.017532,-6.3,432.5,2454140.52224,-26.611297,-26.611483,0.217,-9999999,0.386143,-0.490497,0.855438,-0.101401,0.983029,0.37,59.9974,-3.349055,3.692577,2007-02-09T00:31:21.763,-9999999,K5,072.C-0488(E),Mayor,-9999999,HARPS_ech_obs_all,HARPS_ech_obs_thosimult,STAR_WAVE_K0,7.49350736788619E-06,2.96535411911481E-07,0,0,0
GJ150.0,55.81192,-9.76028,2454140.5232092,4.345233,0.871854,-6157.756064,0.990522,-6.10902,0.16839,-6157.473282,0.121605,-6.013608,0.173101,-2.369341,3.622869,-21.879235,1.090864,0.474764,0.000174,0.215032,0.00019,0.296929,0.00025,128,6.449497,47.830794,0.01729,-6.3,440.6,2454140.52329,-26.613802,-26.614007,0.231,-9999999,0.386144,-0.490821,0.855438,-0.103362,0.983029,0.37,59.9967,-2.399087,3.581409,2007-02-09T00:32:52.788,-9999999,K5,072.C-0488(E),Mayor,-9999999,HARPS_ech_obs_all,HARPS_ech_obs_thosimult,STAR_WAVE_K0,7.60239935862916E-06,3.8752648045233E-07,0,0,0
GJ150.0,55.81192,-9.76028,2454140.5242691,4.67944,0.873162,-6157.436076,0.99135,-5.775139,0.17504,-6157.155268,0.128179,-5.757482,0.1792,-4.53183,3.618265,-19.394896,1.085664,0.475282,0.00018,0.214573,0.000198,0.297158,0.00026,128,6.451447,47.815708,0.017552,-6.3,423.2,2454140.52436,-26.616316,-26.616526,0.284,-9999999,0.386144,-0.491148,0.855437,-0.105336,0.983028,0.38,59.9982,-4.548339,3.582346,2007-02-09T00:34:23.762,-9999999,K5,072.C-0488(E),Mayor,-9999999,HARPS_ech_obs_all,HARPS_ech_obs_thosimult,STAR_WAVE_K0,7.45070304524042E-06,3.20446849348403E-07,0,0,0
GJ150.0,55.81192,-9.76028,2454140.5253085,4.279993,0.872827,-6157.991383,0.99126,-6.174906,0.173361,-6157.71251,0.127486,-6.095046,0.177693,-5.059549,3.68333,-20.084865,1.16223,0.475081,0.000179,0.214437,0.000197,0.296566,0.000259,128,6.451249,47.818882,0.016347,-6.3,424.7,2454140.5254,-26.618776,-26.618984,0.289,-9999999,0.386144,-0.491468,0.855437,-0.107271,0.983028,0.36,59.9985,-5.091138,3.641602,2007-02-09T00:35:54.777,-9999999,K5,072.C-0488(E),Mayor,-9999999,HARPS_ech_obs_all,HARPS_ech_obs_thosimult,STAR_WAVE_K0,7.56881469283316E-06,3.66947644068736E-07,0,0,0
GJ150.0,55.81192,-9.76028,2454140.5263619,4.055803,0.872114,-6158.063949,0.990748,-6.399421,0.169737,-6157.787036,0.123451,-6.366931,0.174035,-4.281758,3.807895,-20.240237,1.111667,0.474833,0.000174,0.214227,0.000191,0.296676,0.000252,128,6.451376,47.818661,0.017164,-6.3,437,2454140.52645,-26.621262,-26.621462,0.359,-9999999,0.386145,-0.491792,0.855436,-0.109232,0.983027,0.36,59.9979,-4.2942,3.770994,2007-02-09T00:37:25.802,-9999999,K5,072.C-0488(E),Mayor,-9999999,HARPS_ech_obs_all,HARPS_ech_obs_thosimult,STAR_WAVE_K0,7.68413627258188E-06,3.34508225083977E-07,0,0,0
GJ150.0,55.81192,-9.76028,2454140.5274218,2.327411,0.873342,-6159.726419,0.99159,-8.128139,0.17594,-6159.45148,0.130036,-8.09232,0.179852,-1.720539,3.82513,-18.557084,1.1278,0.474561,0.000182,0.214613,0.000201,0.296515,0.000264,128,6.452914,47.810737,0.017882,-6.3,416.6,2454140.5275,-26.623758,-26.623961,0.44,-9999999,0.386145,-0.492119,0.855436,-0.111206,0.983027,0.37,59.9976,-1.736147,3.776451,2007-02-09T00:38:56.787,-9999999,K5,072.C-0488(E),Mayor,-9999999,HARPS_ech_obs_all,HARPS_ech_obs_thosimult,STAR_WAVE_K0,8.00402781065624E-06,4.31637940134919E-07,0,0,0
GJ150.0,55.81192,-9.76028,2454140.5284679,1.29506,0.872678,-6160.839758,0.991081,-9.160812,0.172618,-6160.566767,0.1261,-9.115187,0.176662,-1.585361,3.582742,-18.746987,1.093963,0.474839,0.000177,0.214916,0.000195,0.296758,0.000257,128,6.452399,47.813116,0.017195,-6.3,429,2454140.52856,-26.626214,-26.626427,0.277,-9999999,0.386145,-0.492441,0.855436,-0.113154,0.983026,0.36,59.9975,-1.633667,3.515484,2007-02-09T00:40:27.773,-9999999,K5,072.C-0488(E),Mayor,-9999999,HARPS_ech_obs_all,HARPS_ech_obs_thosimult,STAR_WAVE_K0,7.61912984701236E-06,3.70919043262471E-07,0,0,0
GJ150.0,55.81192,-9.76028,2454339.8122326,3.65866,0.94102,-6159.934802,1.035929,-6.207215,0.392156,-6159.205605,0.326886,-5.952468,0.393989,-11.231482,4.57232,-2.779618,1.636548,0.480341,0.000466,0.219606,0.000512,0.300799,0.000665,0,6.458575,47.72242,0.017752,-6.2,165.2,2454339.81229,25.390506,25.390053,-0.072,-9999999,0.450284,0.097557,0.855414,0.278913,0.983003,0.26,29.9996,-11.232227,4.545552,2007-08-27T07:27:49.906,-9999999,K5,079.C-0681(A),UNKNOWN,-9999999,HARPS_ech_obs_all,HARPS_ech_obs_thosimult,STAR_WAVE_K0+IV,8.83598087474835E-06,4.29398444824327E-07,0,0,0
GJ150.0,55.81192,-9.76028,2454339.8129497,3.287078,0.966545,-6160.800724,1.053141,-6.579017,0.449974,-6160.072861,0.377903,-6.331957,0.45167,-9.162025,5.963214,-2.086007,1.734255,0.480139,0.000534,0.219808,0.000592,0.301009,0.000769,0,6.460062,47.71096,0.018231,-6.2,143.3,2454339.81301,25.389038,25.388565,-0.031,-9999999,0.450285,0.097336,0.855414,0.277578,0.983003,0.29,29.9967,-9.16594,5.940528,2007-08-27T07:28:50.959,-9999999,K5,079.C-0681(A),UNKNOWN,-9999999,HARPS_ech_obs_all,HARPS_ech_obs_thosimult,STAR_WAVE_K0+IV,7.78996764565178E-06,5.0400226968668E-07,0,0,0
GJ150.0,55.81192,-9.76028,2454339.8136736,2.486936,0.943117,-6161.492168,1.037872,-7.379382,0.397161,-6160.765653,0.332992,-7.108705,0.399162,-8.995933,4.401274,-2.778548,1.618271,0.480753,0.000476,0.220005,0.000523,0.299672,0.000677,0,6.460824,47.714333,0.017131,-6.2,161.9,2454339.81375,25.38755,25.387046,0.235,-9999999,0.450285,0.097113,0.855414,0.27623,0.983003,0.32,30.0002,-8.991663,4.368931,2007-08-27T07:29:52.593,-9999999,K5,079.C-0681(A),UNKNOWN,-9999999,HARPS_ech_obs_all,HARPS_ech_obs_thosimult,STAR_WAVE_K0+IV,7.81029102168566E-06,3.94852628696023E-07,0,0,0
GJ150.0,55.81192,-9.76028,2454339.8143697,1.120236,0.908188,-6162.344522,1.013776,-8.746297,0.305076,-6161.619303,0.247882,-8.479758,0.307235,-7.208931,3.940367,-3.858103,1.541804,0.480039,0.000349,0.219786,0.000385,0.30097,0.0005,0,6.45827,47.72412,0.017122,-6.2,218.8,2454339.81444,25.386115,25.385642,0.463,-9999999,0.450285,0.096899,0.855415,0.274934,0.983004,0.27,30.0001,-7.201967,3.895724,2007-08-27T07:30:54.237,-9999999,K5,079.C-0681(A),UNKNOWN,-9999999,HARPS_ech_obs_all,HARPS_ech_obs_thosimult,STAR_WAVE_K0+IV,6.78250423470873E-06,3.82239453937844E-07,0,0,0
GJ150.0,55.81192,-9.76028,2454339.8150791,2.978449,0.916465,-6160.78034,1.019595,-6.888302,0.328897,-6160.056442,0.270697,-6.6722,0.330837,-3.707096,3.853282,-2.353144,1.484692,0.4798,0.000383,0.219682,0.000422,0.299706,0.000547,0,6.460198,47.715132,0.01765,-6.2,199.8,2454339.81514,25.384648,25.384184,-0.173,-9999999,0.450285,0.09668,0.855415,0.273613,0.983004,0.27,29.9967,-3.707155,3.816282,2007-08-27T07:31:55.520,-9999999,K5,079.C-0681(A),UNKNOWN,-9999999,HARPS_ech_obs_all,HARPS_ech_obs_thosimult,STAR_WAVE_K0+IV,7.53341347860427E-06,4.47488151605918E-07,0,0,0
GJ150.0,55.81192,-9.76028,2454339.8157998,1.509956,0.911014,-6161.839272,1.015613,-8.357017,0.313387,-6161.116716,0.255291,-8.124366,0.315547,-11.487831,3.681506,-3.596558,1.613479,0.481168,0.00036,0.21955,0.000397,0.301009,0.000516,0,6.459912,47.72365,0.018667,-6.2,212,2454339.81587,25.383152,25.382674,0.082,-9999999,0.450285,0.096458,0.855415,0.272271,0.983004,0.31,29.9966,-11.478377,3.634948,2007-08-27T07:32:56.584,-9999999,K5,079.C-0681(A),UNKNOWN,-9999999,HARPS_ech_obs_all,HARPS_ech_obs_thosimult,STAR_WAVE_K0+IV,7.60679165054686E-06,3.98297286842118E-07,0,0,0
GJ150.0,55.81192,-9.76028,2454341.8964575,-1.15227,0.869271,-6163.905253,0.990159,-11.091537,0.154407,-6163.520065,0.118535,-10.737297,0.158606,-5.710171,4.170612,-9.615431,1.028001,0.480105,0.000173,0.218466,0.000186,0.306164,0.000243,128,6.456196,47.772479,0.017715,-6.3,448.5,2454341.89654,24.969579,24.969431,0.288,-9999999,0.450955,0.024165,0.855447,-0.065767,0.983039,0.38,59.9969,-5.695536,4.093877,2007-08-29T09:28:36.903,-9999999,K5,072.C-0488(E),Mayor,-9999999,HARPS_ech_obs_all,HARPS_ech_obs_thosimult,STAR_WAVE_K0,7.36217950266813E-06,3.56265143297167E-07,0,0,0
GJ150.0,55.81192,-9.76028,2454341.8974991,-1.100636,0.869694,-6163.845267,0.990478,-11.040223,0.15677,-6163.462018,0.121159,-10.688729,0.160492,-6.114529,4.080577,-8.228951,1.067219,0.475421,0.000176,0.218294,0.00019,0.306423,0.000247,128,6.456975,47.762024,0.018235,-6.3,439.9,2454341.89758,24.966856,24.966685,0.456,-9999999,0.450955,0.023844,0.855448,-0.067706,0.983039,0.36,59.9984,-6.105883,4.005462,2007-08-29T09:30:08.088,-9999999,K5,072.C-0488(E),Mayor,-9999999,HARPS_ech_obs_all,HARPS_ech_obs_thosimult,STAR_WAVE_K0,7.53426653597451E-06,3.36620523964548E-07,0,0,0
GJ150.0,55.81192,-9.76028,2454341.8985477,-0.968369,0.869354,-6163.756342,0.990218,-10.908279,0.154869,-6163.375045,0.119014,-10.582534,0.158996,-6.958859,4.111728,-8.832547,1.152459,0.475124,0.000174,0.218532,0.000187,0.306637,0.000244,128,6.45675,47.767141,0.017658,-6.3,446.6,2454341.89863,24.964113,24.963966,0.333,-9999999,0.450956,0.023521,0.855448,-0.069659,0.98304,0.35,59.9975,-6.950687,4.037585,2007-08-29T09:31:39.285,-9999999,K5,072.C-0488(E),Mayor,-9999999,HARPS_ech_obs_all,HARPS_ech_obs_thosimult,STAR_WAVE_K0,7.3314733663268E-06,2.89617238035467E-07,0,0,0
GJ150.0,55.81192,-9.76028,2454342.8218402,6.881006,0.880533,-6156.308678,0.995456,-3.035278,0.208808,-6155.784257,0.156947,-2.709749,0.212221,-5.494459,3.727116,-7.821486,1.23797,0.479343,0.00023,0.219064,0.000248,0.306097,0.000322,0,6.457509,47.749141,0.016647,-6.3,338.2,2454342.82192,25.033254,25.03315,0.101,-9999999,0.451253,0.047147,0.855417,0.073168,0.983006,0.33,44.996,-5.493828,3.712145,2007-08-30T07:41:11.284,-9999999,K5,072.C-0488(E),Mayor,-9999999,HARPS_ech_obs_all,HARPS_ech_obs_thosimult,STAR_WAVE_K0,7.49221695171372E-06,3.86472947885128E-07,0,0,0
GJ150.0,55.81192,-9.76028,2454342.8227322,6.178833,0.877869,-6157.083275,0.993583,-3.737726,0.19727,-6156.560515,0.14459,-3.374065,0.20124,-7.910376,3.584894,-9.297068,1.131621,0.479344,0.000214,0.219188,0.00023,0.306205,0.000299,0,6.455392,47.759521,0.016663,-6.3,364.8,2454342.82281,25.031263,25.031165,0.344,-9999999,0.451253,0.046873,0.855417,0.071507,0.983006,0.34,44.997,-7.9054,3.565736,2007-08-30T07:42:27.898,-9999999,K5,072.C-0488(E),Mayor,-9999999,HARPS_ech_obs_all,HARPS_ech_obs_thosimult,STAR_WAVE_K0,7.46334689861476E-06,4.38199289241813E-07,0,0,0
GJ150.0,55.81192,-9.76028,2454342.823623,4.718297,0.879554,-6158.497166,0.9946,-5.198536,0.204639,-6157.976063,0.151415,-4.873517,0.208335,-5.087593,3.676197,-10.152426,1.256315,0.479217,0.000222,0.219041,0.000239,0.306408,0.000311,0,6.455542,47.765404,0.016737,-6.3,350,2454342.8237,25.029267,25.029149,0.211,-9999999,0.451254,0.046598,0.855417,0.069849,0.983007,0.35,44.9976,-5.090626,3.646193,2007-08-30T07:43:44.403,-9999999,K5,072.C-0488(E),Mayor,-9999999,HARPS_ech_obs_all,HARPS_ech_obs_thosimult,STAR_WAVE_K0,7.38739138399091E-06,3.19948670834007E-07,0,0,0
GJ150.0,55.81192,-9.76028,2454342.8244887,2.178042,0.882338,-6161.198795,0.996573,-7.739058,0.21629,-6160.679304,0.163874,-7.429827,0.219928,-5.543484,3.930299,-10.309618,1.147181,0.479274,0.000248,0.219166,0.000264,0.306607,0.000343,0,6.456006,47.764376,0.016776,-6.3,318.4,2454342.82456,25.027321,25.027228,0.311,-9999999,0.451254,0.046332,0.855418,0.068237,0.983007,0.32,44.998,-5.544598,3.884593,2007-08-30T07:45:00.547,-9999999,K5,072.C-0488(E),Mayor,-9999999,HARPS_ech_obs_all,HARPS_ech_obs_thosimult,STAR_WAVE_K0,7.9449146270302E-06,3.14228687076083E-07,0,0,0
GJ150.0,55.81192,-9.76028,2454342.8253742,2.684518,0.884901,-6160.900018,0.998314,-7.232855,0.226515,-6160.382176,0.174146,-6.932367,0.22982,-10.111328,3.646899,-11.085538,1.249913,0.479126,0.000269,0.218604,0.000283,0.306209,0.000368,0,6.454298,47.772175,0.016877,-6.3,296.8,2454342.82545,25.025324,25.025222,0.318,-9999999,0.451254,0.046059,0.855418,0.066588,0.983007,0.33,44.9964,-10.107001,3.602036,2007-08-30T07:46:16.603,-9999999,K5,072.C-0488(E),Mayor,-9999999,HARPS_ech_obs_all,HARPS_ech_obs_thosimult,STAR_WAVE_K0,7.65105350858081E-06,4.03072436572466E-07,0,0,0
GJ150.0,55.81192,-9.76028,2454342.8262504,3.731497,0.877392,-6159.377382,0.993263,-6.186145,0.195132,-6158.861172,0.142367,-5.798729,0.199284,-4.780954,3.866414,-10.624603,1.203184,0.479062,0.000207,0.219057,0.000224,0.306221,0.000292,0,6.454476,47.770612,0.016611,-6.3,373.3,2454342.82633,25.023342,25.023236,0.532,-9999999,0.451254,0.045789,0.855418,0.064956,0.983007,0.32,45.0006,-4.782082,3.831964,2007-08-30T07:47:32.747,-9999999,K5,072.C-0488(E),Mayor,-9999999,HARPS_ech_obs_all,HARPS_ech_obs_thosimult,STAR_WAVE_K0,7.60051528378971E-06,4.1176770102916E-07,0,0,0
GJ150.0,55.81192,-9.76028,2454342.8271459,3.51241,0.878064,-6159.864816,0.993642,-6.405508,0.198131,-6159.350272,0.144982,-6.112564,0.202157,-2.900093,3.893779,-11.076069,1.146975,0.47938,0.00021,0.219044,0.000228,0.306338,0.000296,0,6.45461,47.774362,0.01653,-6.3,367.5,2454342.82722,25.021309,25.021193,0.418,-9999999,0.451255,0.045513,0.855419,0.063289,0.983008,0.34,44.9971,-2.902838,3.859219,2007-08-30T07:48:49.212,-9999999,K5,072.C-0488(E),Mayor,-9999999,HARPS_ech_obs_all,HARPS_ech_obs_thosimult,STAR_WAVE_K0,7.48287699901822E-06,3.51480959580776E-07,0,0,0
GJ150.0,55.81192,-9.76028,2454342.8280293,3.333953,0.878331,-6159.746358,0.993778,-6.584237,0.199309,-6159.233459,0.14591,-6.262281,0.203159,-3.487322,3.863507,-9.82394,1.180673,0.478841,0.00021,0.218597,0.000229,0.306226,0.000298,0,6.455583,47.767231,0.017176,-6.3,365.5,2454342.82811,25.019298,25.019168,0.176,-9999999,0.451255,0.045241,0.855419,0.061644,0.983008,0.34,44.9986,-3.480555,3.823988,2007-08-30T07:50:05.526,-9999999,K5,072.C-0488(E),Mayor,-9999999,HARPS_ech_obs_all,HARPS_ech_obs_thosimult,STAR_WAVE_K0,7.50015889846685E-06,3.80195573581684E-07,0,0,0
GJ150.0,55.81192,-9.76028,2454342.8289119,3.237229,0.878926,-6159.899718,0.994214,-6.681233,0.201915,-6159.388462,0.148847,-6.428904,0.205682,-1.286694,3.707821,-9.919564,1.215198,0.479331,0.000214,0.219156,0.000233,0.306088,0.000303,0,6.45639,47.762575,0.016842,-6.3,358.8,2454342.82899,25.017282,25.017163,0.308,-9999999,0.451255,0.044969,0.855419,0.060001,0.983008,0.34,44.998,-1.287398,3.670346,2007-08-30T07:51:21.780,-9999999,K5,072.C-0488(E),Mayor,-9999999,HARPS_ech_obs_all,HARPS_ech_obs_thosimult,STAR_WAVE_K0,7.46547185490993E-06,3.5709206059444E-07,0,0,0
GJ150.0,55.81192,-9.76028,2454342.8297901,4.016348,0.878891,-6159.018946,0.994295,-5.902385,0.201762,-6158.509324,0.149386,-5.532422,0.20565,-4.417851,3.434431,-9.185369,1.179342,0.479318,0.000216,0.219266,0.000235,0.306277,0.000306,0,6.456663,47.760045,0.016908,-6.3,356.4,2454342.82987,25.015269,25.015152,0.101,-9999999,0.451256,0.044699,0.855419,0.058366,0.983009,0.34,45.0007,-4.416048,3.394819,2007-08-30T07:52:37.646,-9999999,K5,072.C-0488(E),Mayor,-9999999,HARPS_ech_obs_all,HARPS_ech_obs_thosimult,STAR_WAVE_K0,7.29481912371456E-06,3.36459532387552E-07,0,0,0
GJ150.0,55.81192,-9.76028,2454344.8636069,3.918721,0.875896,-6159.033154,0.992432,-6.010427,0.188226,-6158.585844,0.136335,-5.707007,0.19196,2.715272,3.78671,-9.963095,1.134571,0.480622,0.0002,0.218593,0.000215,0.298819,0.00028,0,6.454934,47.763743,0.017368,-6.3,388.9,2454344.86368,24.673041,24.672915,0.312,-9999999,0.45191,0.034283,0.855432,-0.0046,0.983022,0.33,44.9973,2.708615,3.75192,2007-09-01T08:41:05.400,-9999999,K5,072.C-0488(E),Mayor,-9999999,HARPS_ech_obs_all,HARPS_ech_obs_thosimult,STAR_WAVE_K0,7.5048179202466E-06,2.96861022803434E-07,0,0,0
GJ150.0,55.81192,-9.76028,2454344.8644967,3.455105,0.876124,-6159.364296,0.992461,-6.474317,0.189282,-6158.918643,0.136544,-6.203522,0.193006,-0.709039,3.533056,-9.84157,1.159683,0.479881,0.000199,0.219164,0.000215,0.29988,0.00028,0,6.455153,47.76929,0.016658,-6.3,389.4,2454344.86458,24.670767,24.670643,0.551,-9999999,0.45191,0.034009,0.855433,-0.006257,0.983023,0.34,45.0014,-0.725981,3.495755,2007-09-01T08:42:21.825,-9999999,K5,072.C-0488(E),Mayor,-9999999,HARPS_ech_obs_all,HARPS_ech_obs_thosimult,STAR_WAVE_K0,7.19551908948425E-06,2.78294544421051E-07,0,0,0
GJ150.0,55.81192,-9.76028,2454344.8653757,3.054144,0.8768,-6160.074384,0.993068,-6.875549,0.192388,-6159.630367,0.140891,-6.621541,0.19601,0.399109,3.890112,-8.524346,1.203792,0.480474,0.000205,0.219686,0.000222,0.299434,0.000288,0,6.45661,47.752741,0.017041,-6.3,378.4,2454344.86546,24.668518,24.668369,0.072,-9999999,0.451911,0.033738,0.855433,-0.007894,0.983023,0.33,44.9957,0.400706,3.849509,2007-09-01T08:43:38.210,-9999999,K5,072.C-0488(E),Mayor,-9999999,HARPS_ech_obs_all,HARPS_ech_obs_thosimult,STAR_WAVE_K0,7.8141119285352E-06,2.98915557524691E-07,0,0,0
GJ150.0,55.81192,-9.76028,2454344.866257,2.793252,0.875793,-6160.344052,0.992407,-7.136713,0.187744,-6159.901675,0.136145,-6.76285,0.191597,-1.356242,3.618492,-10.341611,1.124543,0.480109,0.000199,0.219246,0.000215,0.298931,0.000279,0,6.454992,47.767355,0.016684,-6.3,390.2,2454344.86634,24.666259,24.66612,0.118,-9999999,0.451911,0.033467,0.855433,-0.009534,0.983024,0.33,44.9972,-1.359269,3.572514,2007-09-01T08:44:54.354,-9999999,K5,072.C-0488(E),Mayor,-9999999,HARPS_ech_obs_all,HARPS_ech_obs_thosimult,STAR_WAVE_K0,7.34047634126839E-06,3.65821502216513E-07,0,0,0
GJ150.0,55.81192,-9.76028,2454344.867145,2.329443,0.875233,-6160.791492,0.991955,-7.600795,0.185113,-6160.350769,0.13281,-7.253867,0.189357,-0.595374,3.429626,-11.624924,1.121663,0.480481,0.000195,0.219258,0.00021,0.299099,0.000273,0,6.454131,47.779371,0.017447,-6.3,398.5,2454344.86723,24.663979,24.663838,0.002,-9999999,0.451911,0.033193,0.855434,-0.011188,0.983024,0.33,44.9969,-0.607498,3.374806,2007-09-01T08:46:11.069,-9999999,K5,072.C-0488(E),Mayor,-9999999,HARPS_ech_obs_all,HARPS_ech_obs_thosimult,STAR_WAVE_K0,7.81425567023108E-06,3.4757070022837E-07,0,0,0
GJ150.0,55.81192,-9.76028,2454344.8680316,1.729001,0.875151,-6161.24066,0.991833,-8.20151,0.184722,-6160.801587,0.131892,-7.873551,0.189007,-0.605715,3.723621,-12.376317,1.096464,0.480182,0.000193,0.219355,0.000209,0.299744,0.000272,128,6.454093,47.78006,0.0173,-6.3,401.6,2454344.86811,24.661701,24.661582,0.178,-9999999,0.451912,0.03292,0.855434,-0.012839,0.983024,0.33,44.9972,-0.615263,3.67056,2007-09-01T08:47:27.663,-9999999,K5,072.C-0488(E),Mayor,-9999999,HARPS_ech_obs_all,HARPS_ech_obs_thosimult,STAR_WAVE_K0,7.57182517192234E-06,3.47158396922368E-07,0,0,0
GJ150.0,55.81192,-9.76028,2454344.8689108,2.301536,0.874942,-6160.835917,0.991834,-7.629246,0.183727,-6160.398481,0.131898,-7.244276,0.187963,-0.541267,3.667417,-11.951762,1.155196,0.480114,0.000194,0.219531,0.000209,0.299712,0.000272,128,6.45499,47.777794,0.017041,-6.3,401.3,2454344.86899,24.659438,24.659324,0.209,-9999999,0.451912,0.032649,0.855434,-0.014476,0.983025,0.33,44.9966,-0.554935,3.614671,2007-09-01T08:48:43.618,-9999999,K5,072.C-0488(E),Mayor,-9999999,HARPS_ech_obs_all,HARPS_ech_obs_thosimult,STAR_WAVE_K0,7.67407659312829E-06,3.85598560091252E-07,0,0,0
GJ150.0,55.81192,-9.76028,2454344.8698077,3.071298,0.876314,-6160.185605,0.992734,-6.85976,0.190151,-6159.749839,0.138501,-6.557199,0.194121,-4.366322,3.779436,-11.39853,1.154293,0.480216,0.000202,0.219532,0.000219,0.29858,0.000284,0,6.45495,47.776604,0.018102,-6.3,383.4,2454344.86989,24.657126,24.656974,0.158,-9999999,0.451912,0.032373,0.855435,-0.016146,0.983025,0.35,44.9977,-4.36596,3.738448,2007-09-01T08:50:00.203,-9999999,K5,072.C-0488(E),Mayor,-9999999,HARPS_ech_obs_all,HARPS_ech_obs_thosimult,STAR_WAVE_K0,7.73003393190583E-06,3.91847660174042E-07,0,0,0
GJ150.0,55.81192,-9.76028,2454344.87068,2.391507,0.875484,-6160.570416,0.992071,-7.53982,0.186289,-6160.136274,0.133664,-7.243043,0.190473,-2.688687,3.545495,-12.131449,1.130871,0.480071,0.000196,0.219164,0.000211,0.299293,0.000275,0,6.454383,47.779566,0.017197,-6.3,396.6,2454344.87076,24.654875,24.654739,0.273,-9999999,0.451912,0.032104,0.855435,-0.01777,0.983026,0.33,44.997,-2.705925,3.498094,2007-09-01T08:51:16.468,-9999999,K5,072.C-0488(E),Mayor,-9999999,HARPS_ech_obs_all,HARPS_ech_obs_thosimult,STAR_WAVE_K0,7.47150305826301E-06,4.01612940247447E-07,0,0,0
GJ150.0,55.81192,-9.76028,2454344.8715686,2.862295,0.875174,-6160.215459,0.991935,-7.069306,0.184824,-6159.78297,0.132645,-6.719542,0.189541,-0.660707,3.772007,-13.753415,1.150673,0.48011,0.000195,0.219627,0.000211,0.299676,0.000274,0,6.453787,47.788295,0.017121,-6.3,398.7,2454344.87165,24.652579,24.652442,0.431,-9999999,0.451913,0.031831,0.855436,-0.019424,0.983026,0.34,44.9975,-0.674105,3.728213,2007-09-01T08:52:32.782,-9999999,K5,072.C-0488(E),Mayor,-9999999,HARPS_ech_obs_all,HARPS_ech_obs_thosimult,STAR_WAVE_K0,7.57202772360347E-06,3.34636084796225E-07,0,0,0
GJ150.0,55.81192,-9.76028,2454344.8724419,3.110092,0.875774,-6159.803931,0.992379,-6.821778,0.18764,-6159.373069,0.135925,-6.487889,0.191692,-1.7949,3.649822,-11.815932,1.198456,0.480105,0.000199,0.219529,0.000215,0.298753,0.000279,0,6.454382,47.775223,0.017938,-6.3,390.4,2454344.87252,24.650319,24.650201,0.039,-9999999,0.451913,0.031562,0.855436,-0.021051,0.983027,0.33,44.9968,-1.813637,3.603853,2007-09-01T08:53:48.687,-9999999,K5,072.C-0488(E),Mayor,-9999999,HARPS_ech_obs_all,HARPS_ech_obs_thosimult,STAR_WAVE_K0,7.16231995906351E-06,3.24405170227826E-07,0,0,0
GJ150.0,55.81192,-9.76028,2454344.8733222,3.291166,0.874912,-6159.836305,0.991619,-6.640975,0.183577,-6159.407082,0.130251,-6.267587,0.187876,-1.042149,3.060201,-13.234104,1.12859,0.479819,0.000191,0.219379,0.000207,0.298823,0.000268,128,6.452637,47.786479,0.018156,-6.3,406,2454344.8734,24.648039,24.6479,0.145,-9999999,0.451913,0.031291,0.855436,-0.02269,0.983027,0.33,44.9972,-1.038124,3.0083,2007-09-01T08:55:04.732,-9999999,K5,072.C-0488(E),Mayor,-9999999,HARPS_ech_obs_all,HARPS_ech_obs_thosimult,STAR_WAVE_K0,7.47099002093706E-06,2.71152825575685E-07,0,0,0
GJ150.0,55.81192,-9.76028,2454350.8768194,2.195815,0.894189,-6160.569348,0.646165,-7.848672,0.260385,-6160.952429,0.207882,-7.494722,0.263506,-2.46012,3.685337,-13.576259,1.290806,0.480212,0.00031,0.219179,0.000333,0.306892,0.000432,0,6.45097,47.787672,0.017851,-6.2,252.8,2454350.87689,23.683758,23.683259,0.333,-9999999,0.453845,-0.081055,0.855438,-0.836926,0.611812,0.28,29.9995,-2.495229,3.632611,2007-09-07T08:59:31.604,-9999999,K5,079.C-0681(A),UNKNOWN,-9999999,HARPS_ech_obs_all,HARPS_ech_obs_thosimult,STAR_WAVE_K0+IV,8.05778905203857E-06,4.2308203373131E-07,0,0,0
GJ150.0,55.81192,-9.76028,2454350.8775301,1.691667,0.89126,-6160.710421,0.642688,-8.353039,0.250139,-6161.094824,0.196808,-8.075062,0.253347,-2.195764,3.55298,-12.496293,1.247344,0.478988,0.000287,0.219544,0.000311,0.306856,0.000404,0,6.452312,47.779639,0.019467,-6.2,270.2,2454350.87759,23.681849,23.681367,0.535,-9999999,0.453846,-0.081274,0.855438,-0.838249,0.611812,0.29,29.9999,-2.227446,3.49793,2007-09-07T09:00:32.708,-9999999,K5,079.C-0681(A),UNKNOWN,-9999999,HARPS_ech_obs_all,HARPS_ech_obs_thosimult,STAR_WAVE_K0+IV,7.81410369656848E-06,4.08138501826473E-07,0,0,0
GJ150.0,55.81192,-9.76028,2454350.8782329,1.890142,0.889836,-6160.180869,0.641631,-8.15478,0.245018,-6160.566581,0.193327,-7.917654,0.248454,-3.215947,3.732376,-12.910614,1.379771,0.479367,0.000286,0.218933,0.000308,0.30662,0.0004,0,6.452742,47.779378,0.017962,-6.2,272.7,2454350.8783,23.679961,23.679475,0.555,-9999999,0.453846,-0.081491,0.855439,-0.839558,0.611813,0.28,29.9996,-3.23504,3.68369,2007-09-07T09:01:33.722,-9999999,K5,079.C-0681(A),UNKNOWN,-9999999,HARPS_ech_obs_all,HARPS_ech_obs_thosimult,STAR_WAVE_K0+IV,7.70149366951816E-06,4.02000381209604E-07,0,0,0
GJ150.0,55.81192,-9.76028,2454350.8789471,2.405543,0.890539,-6160.074584,0.642252,-7.639599,0.247557,-6160.461625,0.195376,-7.343797,0.250643,-2.999964,3.296785,-11.733017,1.335367,0.47999,0.000289,0.219546,0.000311,0.306768,0.000404,0,6.452627,47.771912,0.017962,-6.2,270.6,2454350.87902,23.678042,23.677551,0.424,-9999999,0.453846,-0.081711,0.855439,-0.840887,0.611814,0.3,30.0006,-3.033669,3.2415,2007-09-07T09:02:34.824,-9999999,K5,079.C-0681(A),UNKNOWN,-9999999,HARPS_ech_obs_all,HARPS_ech_obs_thosimult,STAR_WAVE_K0+IV,7.77904457905761E-06,3.36410129339203E-07,0,0,0
GJ150.0,55.81192,-9.76028,2454350.8796448,2.625488,0.893794,-6160.036323,0.6458,-7.419869,0.25902,-6160.424664,0.206738,-7.170754,0.261891,-5.767198,3.478779,-10.583278,1.345103,0.480272,0.000304,0.218769,0.000328,0.306062,0.000426,0,6.453561,47.768775,0.017478,-6.2,256.3,2454350.87971,23.676166,23.675689,0.181,-9999999,0.453846,-0.081926,0.855439,-0.842187,0.611814,0.28,30.001,-5.790356,3.42515,2007-09-07T09:03:35.698,-9999999,K5,079.C-0681(A),UNKNOWN,-9999999,HARPS_ech_obs_all,HARPS_ech_obs_thosimult,STAR_WAVE_K0+IV,7.18463916826315E-06,3.64509842349622E-07,0,0,0
GJ150.0,55.81192,-9.76028,2454350.8803544,3.374762,0.892209,-6159.179064,0.644199,-6.670814,0.253495,-6159.568725,0.201682,-6.435389,0.256569,-2.254405,3.376854,-10.925354,1.327353,0.47983,0.000299,0.21912,0.000321,0.306978,0.000418,0,6.453883,47.767812,0.017002,-6.2,261.3,2454350.88042,23.674258,23.673795,0.361,-9999999,0.453847,-0.082144,0.85544,-0.843508,0.611815,0.29,30.0024,-2.294259,3.32937,2007-09-07T09:04:36.702,-9999999,K5,079.C-0681(A),UNKNOWN,-9999999,HARPS_ech_obs_all,HARPS_ech_obs_thosimult,STAR_WAVE_K0+IV,7.73545226475201E-06,3.73897312579312E-07,0,0,0
GJ150.0,55.81192,-9.76028,2454446.6804493,3.143687,0.783201,-6159.233599,0.840596,-6.751907,0.174818,-6158.405001,0.123615,-6.604144,0.179472,-7.139791,3.258435,-19.204566,1.071277,0.478239,0.00018,0.216955,0.000194,0.306007,0.000255,128,6.45182,47.809505,0.01758,-6.3,430.7,2454446.68055,-13.057568,-13.057567,1.683,-9999999,0.48468,0.067837,0.763441,0.343918,0.831457,0.43,100,-7.169069,3.222526,2007-12-12T04:12:48.201,-9999999,K5,072.C-0488(E),Mayor,-9999999,HARPS_ech_obs_all,HARPS_ech_obs_thosimult,STAR_WAVE_K0,7.43263708715486E-06,3.72925622249226E-07,0,0,0
GJ150.0,55.81192,-9.76028,2454446.6819491,2.933735,0.78141,-6159.272015,0.839413,-6.962321,0.166614,-6158.44621,0.115301,-6.820303,0.171652,-5.943787,3.353287,-19.364118,1.089323,0.478095,0.00017,0.21686,0.000182,0.306345,0.000239,128,6.451324,47.811519,0.017426,-6.3,459.3,2454446.68204,-13.061788,-13.061757,1.224,-9999999,0.48468,0.067375,0.763441,0.341125,0.831457,0.41,100,-5.96526,3.312654,2007-12-12T04:14:59.788,-9999999,K5,072.C-0488(E),Mayor,-9999999,HARPS_ech_obs_all,HARPS_ech_obs_thosimult,STAR_WAVE_K0,7.53839600859792E-06,3.82881036796344E-07,0,0,0
GJ150.0,55.81192,-9.76028,2454446.6834599,2.810086,0.781047,-6159.568479,0.839157,-7.086436,0.164903,-6158.745486,0.113422,-6.876588,0.169459,-9.030351,3.122049,-17.702635,1.064276,0.478076,0.000164,0.217144,0.000177,0.306237,0.000233,128,6.452903,47.804318,0.017142,-6.3,471,2454446.68355,-13.066028,-13.065996,1.777,-9999999,0.484681,0.06691,0.763441,0.338312,0.831457,0.4,100,-9.078246,3.081314,2007-12-12T04:17:11.325,-9999999,K5,072.C-0488(E),Mayor,-9999999,HARPS_ech_obs_all,HARPS_ech_obs_thosimult,STAR_WAVE_K0,7.28375611715359E-06,4.2345083874592E-07,0,0,0
GJ150.0,55.81192,-9.76028,2454446.6849953,3.885298,0.78226,-6158.667882,0.839852,-6.011696,0.170554,-6157.847748,0.118456,-5.877148,0.174765,-9.953652,3.379191,-17.369262,1.117066,0.478194,0.00017,0.216861,0.000184,0.305865,0.000242,128,6.453035,47.797809,0.016589,-6.3,453.2,2454446.68509,-13.070325,-13.070294,1.919,-9999999,0.484681,0.066437,0.763441,0.335453,0.831457,0.41,100,-10.000605,3.350373,2007-12-12T04:19:22.992,-9999999,K5,072.C-0488(E),Mayor,-9999999,HARPS_ech_obs_all,HARPS_ech_obs_thosimult,STAR_WAVE_K0,7.54586723877506E-06,3.2452471279779E-07,0,0,0
GJ150.0,55.81192,-9.76028,2454446.6865288,5.210179,0.783547,-6157.140722,0.84078,-4.687288,0.176363,-6156.323442,0.124864,-4.548585,0.180482,-10.213195,3.047426,-17.453216,1.050118,0.478791,0.00018,0.216729,0.000194,0.305818,0.000256,128,6.451831,47.804512,0.017284,-6.3,428.9,2454446.68663,-13.074605,-13.074579,1.485,-9999999,0.484682,0.065965,0.763441,0.332598,0.831457,0.42,100,-10.239061,3.024613,2007-12-12T04:21:34.489,-9999999,K5,072.C-0488(E),Mayor,-9999999,HARPS_ech_obs_all,HARPS_ech_obs_thosimult,STAR_WAVE_K0,7.63166006272444E-06,3.08652348942711E-07,0,0,0
GJ150.0,55.81192,-9.76028,2454446.6880304,6.404454,0.782434,-6155.999149,0.839991,-3.493475,0.171352,-6155.184665,0.119438,-3.344664,0.175411,-11.839383,3.080986,-16.436986,1.10513,0.478403,0.000171,0.216801,0.000185,0.306388,0.000243,128,6.453642,47.795127,0.016465,-6.3,450.7,2454446.68812,-13.078784,-13.078751,1.454,-9999999,0.484682,0.065502,0.763441,0.329802,0.831457,0.4,100,-11.875043,3.067888,2007-12-12T04:23:46.236,-9999999,K5,072.C-0488(E),Mayor,-9999999,HARPS_ech_obs_all,HARPS_ech_obs_thosimult,STAR_WAVE_K0,7.54347569667284E-06,2.87149196604162E-07,0,0,0
GJ150.0,55.81192,-9.76028,2454446.6895531,6.604446,0.781271,-6155.800796,0.839321,-3.293952,0.165961,-6154.989146,0.11463,-3.118792,0.170593,-10.402428,3.471526,-17.600096,1.098077,0.478506,0.000167,0.216801,0.000179,0.306178,0.000236,128,6.453109,47.8013,0.015888,-6.3,465.7,2454446.68965,-13.083008,-13.082979,1.512,-9999999,0.484683,0.065033,0.763441,0.326967,0.831457,0.4,100,-10.430688,3.462135,2007-12-12T04:25:57.804,-9999999,K5,072.C-0488(E),Mayor,-9999999,HARPS_ech_obs_all,HARPS_ech_obs_thosimult,STAR_WAVE_K0,7.07319026859667E-06,3.41563978456434E-07,0,0,0
GJ150.0,55.81192,-9.76028,2454446.6910873,6.126174,0.780806,-6156.418029,0.838918,-3.772697,0.163758,-6155.609236,0.111638,-3.667142,0.168333,-9.488057,3.099225,-16.52463,1.090161,0.478586,0.000162,0.216903,0.000175,0.30666,0.00023,128,6.454047,47.795983,0.016505,-6.3,478.1,2454446.69119,-13.087252,-13.087226,1.746,-9999999,0.484683,0.06456,0.763441,0.32411,0.831456,0.41,100,-9.532499,3.0865,2007-12-12T04:28:09.360,-9999999,K5,072.C-0488(E),Mayor,-9999999,HARPS_ech_obs_all,HARPS_ech_obs_thosimult,STAR_WAVE_K0,7.42165217981966E-06,3.47850171130859E-07,0,0,0
GJ150.0,55.81192,-9.76028,2454449.7073162,2.810206,0.57702,-6158.952686,0.661669,-6.083133,0.175481,-6157.659971,0.124466,-5.936269,0.179793,-3.802603,3.403207,-14.967893,1.122777,0.471842,0.000176,0.222316,0.000193,0.306518,0.000253,128,6.454637,47.780669,0.017875,-6.3,433.7,2454449.70741,-14.352449,-14.352397,0.526,-9999999,0.485654,1.070092,0.54969,0.807061,0.649857,0.39,100,-3.845106,3.366574,2007-12-15T04:51:45.321,-9999999,K5,072.C-0488(E),Mayor,-9999999,HARPS_ech_obs_all,HARPS_ech_obs_thosimult,STAR_WAVE_K0,7.558559634039E-06,3.35010812246041E-07,0,0,0
GJ150.0,55.81192,-9.76028,2454449.7088608,1.067519,0.576835,-6160.558434,0.6615,-7.826296,0.17487,-6159.268595,0.123561,-7.64225,0.178873,-4.882095,3.668436,-14.135334,1.127399,0.47171,0.000175,0.221788,0.000191,0.306344,0.000251,128,6.454974,47.780412,0.018231,-6.3,437.9,2454449.70896,-14.356425,-14.356379,0.791,-9999999,0.485654,1.069616,0.54969,0.804185,0.649857,0.41,100,-4.914832,3.620947,2007-12-15T04:53:56.778,-9999999,K5,072.C-0488(E),Mayor,-9999999,HARPS_ech_obs_all,HARPS_ech_obs_thosimult,STAR_WAVE_K0,7.53494637556981E-06,3.43328816362536E-07,0,0,0
GJ150.0,55.81192,-9.76028,2454449.710346,-0.366354,0.579967,-6162.082065,0.663818,-9.260627,0.184939,-6160.79499,0.135424,-9.149622,0.18896,-5.977773,3.162017,-14.814366,1.216081,0.472117,0.000193,0.221741,0.00021,0.306472,0.000276,0,6.454358,47.781489,0.017842,-6.3,398,2454449.71044,-14.36023,-14.360189,0.285,-9999999,0.485655,1.069159,0.54969,0.80142,0.649858,0.38,100,-6.001681,3.091305,2007-12-15T04:56:08.105,-9999999,K5,072.C-0488(E),Mayor,-9999999,HARPS_ech_obs_all,HARPS_ech_obs_thosimult,STAR_WAVE_K0,7.47263979465288E-06,3.39579946475646E-07,0,0,0
GJ150.0,55.81192,-9.76028,2454449.711894,-0.748193,0.579451,-6162.291962,0.663051,-9.642942,0.183317,-6161.00777,0.131613,-9.48624,0.18738,-3.559458,3.437016,-15.734959,1.179704,0.477368,0.000185,0.222245,0.000203,0.306412,0.000266,128,6.4532,47.792201,0.017587,-6.3,412.3,2454449.71199,-14.364176,-14.364132,0.3,-9999999,0.485655,1.068682,0.54969,0.798537,0.649858,0.4,100,-3.575012,3.368212,2007-12-15T04:58:19.862,-9999999,K5,072.C-0488(E),Mayor,-9999999,HARPS_ech_obs_all,HARPS_ech_obs_thosimult,STAR_WAVE_K0,7.5491913483332E-06,2.93039382196569E-07,0,0,0
GJ150.0,55.81192,-9.76028,2454449.7134131,-0.636064,0.57987,-6162.131469,0.663447,-9.531281,0.184635,-6160.850104,0.133592,-9.374342,0.189062,-4.232422,3.662398,-17.771514,1.222895,0.477162,0.000189,0.221975,0.000206,0.306385,0.000272,128,6.451772,47.802872,0.017875,-6.3,404.7,2454449.7135,-14.368029,-14.367968,0.272,-9999999,0.485656,1.068214,0.54969,0.795709,0.649858,0.4,100,-4.268664,3.59833,2007-12-15T05:00:31.119,-9999999,K5,072.C-0488(E),Mayor,-9999999,HARPS_ech_obs_all,HARPS_ech_obs_thosimult,STAR_WAVE_K0,8.10810703607821E-06,3.4563291022914E-07,0,0,0
GJ150.0,55.81192,-9.76028,2454449.7149261,0.69744,0.581368,-6160.905648,0.664436,-8.198243,0.189286,-6159.6271,0.138421,-8.03235,0.193906,-5.48188,3.709585,-19.778448,1.218839,0.477402,0.000196,0.222,0.000214,0.306772,0.000281,0,6.449599,47.806522,0.01752,-6.3,390.9,2454449.71502,-14.371848,-14.371809,0.4,-9999999,0.485656,1.067748,0.54969,0.792892,0.649858,0.39,100,-5.503067,3.656004,2007-12-15T05:02:42.846,-9999999,K5,072.C-0488(E),Mayor,-9999999,HARPS_ech_obs_all,HARPS_ech_obs_thosimult,STAR_WAVE_K0,7.68735141559552E-06,3.57828334998592E-07,0,0,0
GJ150.0,55.81192,-9.76028,2454449.7164834,2.378627,0.579148,-6159.50954,0.663046,-6.517536,0.182356,-6158.233891,0.131586,-6.353932,0.186933,-4.691819,3.490008,-19.622682,1.182109,0.477322,0.000188,0.221931,0.000205,0.306271,0.000269,128,6.451156,47.808759,0.016395,-6.3,408.2,2454449.71658,-14.375758,-14.375721,0.237,-9999999,0.485657,1.067268,0.54969,0.789992,0.649858,0.42,100,-4.722397,3.446001,2007-12-15T05:04:54.403,-9999999,K5,072.C-0488(E),Mayor,-9999999,HARPS_ech_obs_all,HARPS_ech_obs_thosimult,STAR_WAVE_K0,7.84844431331859E-06,3.08774848040092E-07,0,0,0
GJ150.0,55.81192,-9.76028,2454449.7179738,3.710459,0.579953,-6158.112919,0.66362,-5.186163,0.184896,-6156.840045,0.134446,-5.045642,0.189621,-6.368899,3.639344,-19.12813,1.252515,0.477567,0.000192,0.221535,0.000209,0.305858,0.000275,0,6.450161,47.80594,0.016927,-6.3,399.9,2454449.71806,-14.37948,-14.379411,-0.031,-9999999,0.485657,1.066809,0.54969,0.787217,0.649858,0.39,100,-6.384201,3.607529,2007-12-15T05:07:06.181,-9999999,K5,072.C-0488(E),Mayor,-9999999,HARPS_ech_obs_all,HARPS_ech_obs_thosimult,STAR_WAVE_K0,7.42774599584365E-06,2.78602006465548E-07,0,0,0
GJ150.0,55.81192,-9.76028,2454451.6645392,0.079795,0.641971,-6161.642205,0.720155,-8.977611,0.191117,-6160.063715,0.141903,-8.879872,0.194793,0.692959,3.585318,-16.32144,1.232447,0.477261,0.000199,0.221108,0.000218,0.299594,0.000287,0,6.454003,47.789925,0.017709,-6.3,383.2,2454451.66464,-15.028033,-15.028036,0.871,-9999999,0.486284,0.906026,0.612863,1.092206,0.706035,0.42,85,0.689576,3.535893,2007-12-17T03:50:20.882,-9999999,K5,072.C-0488(E),Mayor,-9999999,HARPS_ech_obs_all,HARPS_ech_obs_thosimult,STAR_WAVE_K0,7.6888344422476E-06,2.89028274235206E-07,0,0,0
GJ150.0,55.81192,-9.76028,2454451.6658784,-1.781424,0.647441,-6163.462958,0.723671,-10.839242,0.208757,-6161.886962,0.158789,-10.832504,0.212144,0.530806,3.539465,-16.561391,1.316923,0.47738,0.000223,0.220531,0.000243,0.299242,0.000321,0,6.453268,47.788541,0.018583,-6.3,342.3,2454451.66598,-15.031783,-15.031785,0.941,-9999999,0.486284,0.905613,0.612863,1.089712,0.706035,0.41,85,0.522292,3.478574,2007-12-17T03:52:17.448,-9999999,K5,072.C-0488(E),Mayor,-9999999,HARPS_ech_obs_all,HARPS_ech_obs_thosimult,STAR_WAVE_K0,7.4635407243445E-06,3.82785128654405E-07,0,0,0
GJ150.0,55.81192,-9.76028,2454451.6672096,-2.578189,0.641414,-6164.275845,0.719714,-11.636417,0.189239,-6162.702327,0.139652,-11.571696,0.193185,-1.092871,3.976072,-17.534266,1.223915,0.476823,0.000199,0.220834,0.000216,0.299085,0.000284,0,6.454083,47.799267,0.018213,-6.3,386.6,2454451.6673,-15.035502,-15.03549,0.67,-9999999,0.486285,0.905203,0.612862,1.087233,0.706035,0.39,85,-1.085524,3.914092,2007-12-17T03:54:14.164,-9999999,K5,072.C-0488(E),Mayor,-9999999,HARPS_ech_obs_all,HARPS_ech_obs_thosimult,STAR_WAVE_K0,7.3783824966351E-06,3.95133159487387E-07,0,0,0
GJ150.0,55.81192,-9.76028,2454451.6685678,-1.802218,0.640144,-6163.54148,0.718708,-10.860865,0.184891,-6161.970491,0.134374,-10.733999,0.18899,-0.263838,3.762922,-18.165489,1.200298,0.476963,0.000189,0.22077,0.000206,0.299348,0.000272,128,6.453303,47.806771,0.018491,-6.3,404.6,2454451.66866,-15.039288,-15.039287,0.786,-9999999,0.486285,0.904785,0.612862,1.084704,0.706035,0.4,85,-0.282206,3.700537,2007-12-17T03:56:10.671,-9999999,K5,072.C-0488(E),Mayor,-9999999,HARPS_ech_obs_all,HARPS_ech_obs_thosimult,STAR_WAVE_K0,7.44711976822696E-06,4.15512147368717E-07,0,0,0
GJ150.0,55.81192,-9.76028,2454451.6699062,0.038039,0.641715,-6161.509486,0.719895,-9.02102,0.190258,-6159.940988,0.140581,-8.947843,0.19421,-0.522241,4.112488,-18.450204,1.2709,0.477114,0.000197,0.221033,0.000215,0.29967,0.000284,0,6.453244,47.804052,0.019537,-6.3,387.4,2454451.67,-15.04301,-15.042979,0.749,-9999999,0.486286,0.904373,0.612862,1.082212,0.706035,0.39,85,-0.5124,4.067353,2007-12-17T03:58:07.167,-9999999,K5,072.C-0488(E),Mayor,-9999999,HARPS_ech_obs_all,HARPS_ech_obs_thosimult,STAR_WAVE_K0,7.2154186459935E-06,2.67633494566032E-07,0,0,0
GJ150.0,55.81192,-9.76028,2454451.6712843,2.35635,0.64016,-6159.451514,0.718682,-6.703133,0.184945,-6157.885582,0.134234,-6.599287,0.188819,-2.503735,3.570047,-17.338062,1.213474,0.477322,0.00019,0.221059,0.000206,0.299932,0.000272,128,6.453893,47.799722,0.018609,-6.3,403.8,2454451.67138,-15.046833,-15.04685,0.717,-9999999,0.486286,0.903948,0.612862,1.079646,0.706035,0.42,85,-2.508415,3.533994,2007-12-17T04:00:03.694,-9999999,K5,072.C-0488(E),Mayor,-9999999,HARPS_ech_obs_all,HARPS_ech_obs_thosimult,STAR_WAVE_K0,7.8729167021826E-06,3.40024142348236E-07,0,0,0
GJ150.0,55.81192,-9.76028,2454451.6726322,5.576988,0.642476,-6156.254702,0.720273,-3.48291,0.19281,-6154.691279,0.142508,-3.465992,0.196353,-3.410493,3.798871,-15.773839,1.265826,0.477039,0.000198,0.220927,0.000217,0.299322,0.000286,0,6.455132,47.787841,0.017545,-6.3,384.2,2454451.67273,-15.050563,-15.050555,1.004,-9999999,0.486286,0.903533,0.612862,1.077137,0.706034,0.42,85,-3.422505,3.787487,2007-12-17T04:02:00.150,-9999999,K5,072.C-0488(E),Mayor,-9999999,HARPS_ech_obs_all,HARPS_ech_obs_thosimult,STAR_WAVE_K0,7.65298860233104E-06,3.36144780889536E-07,0,0,0
GJ150.0,55.81192,-9.76028,2454451.6739613,6.985049,0.640386,-6154.734615,0.718806,-2.075259,0.185727,-6153.173666,0.134901,-1.972929,0.189351,-1.79378,3.597217,-15.232359,1.274306,0.476668,0.000188,0.221198,0.000206,0.299657,0.000272,128,6.456143,47.781858,0.016714,-6.3,404.6,2454451.67406,-15.054231,-15.054219,1.022,-9999999,0.486287,0.903124,0.612862,1.074662,0.706034,0.4,85,-1.778951,3.594781,2007-12-17T04:03:56.697,-9999999,K5,072.C-0488(E),Mayor,-9999999,HARPS_ech_obs_all,HARPS_ech_obs_thosimult,STAR_WAVE_K0,7.3549250065675E-06,3.32378027324717E-07,0,0,0
GJ150.0,55.81192,-9.76028,2454452.6505682,3.92961,0.701659,-6158.305391,0.766353,-4.952994,0.202474,-6156.57325,0.152567,-4.927854,0.20574,-7.723404,3.109777,-14.05021,1.270106,0.477518,0.000215,0.216896,0.000235,0.30634,0.000309,0,6.455764,47.772697,0.017027,-6.3,356.2,2454452.65066,-15.377156,-15.377153,1.038,-9999999,0.486601,1.080827,0.671811,1.24554,0.751012,0.39,85,-7.724264,3.088079,2007-12-18T03:30:20.632,-9999999,K5,072.C-0488(E),Mayor,-9999999,HARPS_ech_obs_all,HARPS_ech_obs_thosimult,STAR_WAVE_K0,8.33468642168539E-06,3.9873004800591E-07,0,0,0
GJ150.0,55.81192,-9.76028,2454452.6519168,2.350329,0.698575,-6159.562749,0.764365,-6.532691,0.191512,-6157.833118,0.142251,-6.466253,0.195249,-3.681162,3.12875,-14.855431,1.255241,0.476887,0.000201,0.216602,0.000219,0.306429,0.000289,0,6.453963,47.779076,0.017951,-6.3,381.4,2454452.65201,-15.380987,-15.380986,1.155,-9999999,0.486602,1.080412,0.671811,1.243029,0.751012,0.4,85,-3.66907,3.098003,2007-12-18T03:32:16.309,-9999999,K5,072.C-0488(E),Mayor,-9999999,HARPS_ech_obs_all,HARPS_ech_obs_thosimult,STAR_WAVE_K0,7.68600388385551E-06,3.70393247393358E-07,0,0,0
GJ150.0,55.81192,-9.76028,2454452.6532537,1.882998,0.702178,-6160.399777,0.766723,-7.000434,0.204266,-6158.672635,0.15442,-7.000571,0.207454,-6.244733,3.374763,-13.958848,1.275852,0.476682,0.000216,0.216396,0.000237,0.306036,0.000312,0,6.454968,47.771577,0.017933,-6.3,352.8,2454452.65335,-15.384778,-15.384783,1.059,-9999999,0.486602,1.08,0.67181,1.24054,0.751012,0.39,85,-6.23329,3.339736,2007-12-18T03:34:12.675,-9999999,K5,072.C-0488(E),Mayor,-9999999,HARPS_ech_obs_all,HARPS_ech_obs_thosimult,STAR_WAVE_K0,7.64947604640087E-06,3.28903944590398E-07,0,0,0
GJ150.0,55.81192,-9.76028,2454452.6546148,1.569875,0.704022,-6160.751614,0.768048,-7.313976,0.21052,-6159.027007,0.160871,-7.25679,0.213599,-7.429837,2.974835,-14.801632,1.244163,0.477013,0.000226,0.216453,0.000247,0.30613,0.000325,0,6.454154,47.778725,0.01836,-6.3,338.3,2454452.65471,-15.38863,-15.388639,1.047,-9999999,0.486602,1.079581,0.67181,1.238005,0.751012,0.4,85,-7.442253,2.931873,2007-12-18T03:36:09.431,-9999999,K5,072.C-0488(E),Mayor,-9999999,HARPS_ech_obs_all,HARPS_ech_obs_thosimult,STAR_WAVE_K0,7.26600791254994E-06,3.84594754896922E-07,0,0,0
GJ150.0,55.81192,-9.76028,2454452.6559634,1.443146,0.702711,-6160.850493,0.767018,-7.44112,0.206093,-6159.128396,0.155881,-7.378951,0.209394,-7.260112,3.57454,-15.492526,1.275598,0.476605,0.00022,0.216066,0.000241,0.307189,0.000317,0,6.454465,47.782454,0.017358,-6.3,347.8,2454452.65606,-15.39244,-15.392423,0.91,-9999999,0.486603,1.079165,0.67181,1.235494,0.751011,0.4,85,-7.2692,3.534476,2007-12-18T03:38:05.947,-9999999,K5,072.C-0488(E),Mayor,-9999999,HARPS_ech_obs_all,HARPS_ech_obs_thosimult,STAR_WAVE_K0,7.31735715960466E-06,4.26121574084212E-07,0,0,0
GJ150.0,55.81192,-9.76028,2454452.6572804,1.579275,0.704953,-6160.547908,0.768604,-7.305397,0.213612,-6158.828263,0.163505,-7.297922,0.216825,-5.820968,3.542288,-15.092255,1.320451,0.476241,0.00023,0.216618,0.000252,0.306929,0.000332,0,6.453662,47.782422,0.016761,-6.3,332.1,2454452.65736,-15.396154,-15.39613,0.883,-9999999,0.486603,1.07876,0.67181,1.233042,0.751011,0.37,85,-5.818605,3.505472,2007-12-18T03:40:02.293,-9999999,K5,072.C-0488(E),Mayor,-9999999,HARPS_ech_obs_all,HARPS_ech_obs_thosimult,STAR_WAVE_K0,7.66413730715025E-06,3.18943618860893E-07,0,0,0
GJ150.0,55.81192,-9.76028,2454452.6586472,0.630945,0.703211,-6161.535597,0.767331,-8.254148,0.207792,-6159.818496,0.157413,-8.238172,0.211056,-1.995255,3.220739,-15.234317,1.258473,0.476318,0.00022,0.216838,0.000242,0.307061,0.000318,0,6.454043,47.776528,0.017137,-6.3,346.4,2454452.65874,-15.400001,-15.399996,1.221,-9999999,0.486604,1.078339,0.67181,1.230497,0.751011,0.39,85,-1.998799,3.174376,2007-12-18T03:41:58.690,-9999999,K5,072.C-0488(E),Mayor,-9999999,HARPS_ech_obs_all,HARPS_ech_obs_thosimult,STAR_WAVE_K0,6.91886269746681E-06,3.47134788735268E-07,0,0,0
GJ150.0,55.81192,-9.76028,2454452.6599966,0.740696,0.70332,-6161.252024,0.767424,-8.144812,0.208162,-6159.537435,0.15787,-8.179876,0.211424,-3.50032,3.383172,-15.525066,1.333744,0.476712,0.000221,0.216533,0.000243,0.306888,0.000319,0,6.453687,47.779469,0.018761,-6.3,345.3,2454452.66008,-15.403792,-15.403758,0.859,-9999999,0.486604,1.077923,0.671809,1.227985,0.751011,0.39,85,-3.496008,3.33958,2007-12-18T03:43:55.286,-9999999,K5,072.C-0488(E),Mayor,-9999999,HARPS_ech_obs_all,HARPS_ech_obs_thosimult,STAR_WAVE_K0,7.80413307525119E-06,4.05360753538962E-07,0,0,0
GJ150.0,55.81192,-9.76028,2454453.6763369,1.536302,0.518801,-6160.559733,0.629807,-7.499052,0.17428,-6159.058758,0.120896,-7.343317,0.179182,-0.257854,3.714233,-19.436346,1.107062,0.47813,0.000181,0.219892,0.000192,0.300292,0.000255,128,6.451503,47.805269,0.017908,-6.3,436.3,2454453.67643,-15.832056,-15.832052,0.6,-9999999,0.486931,0.928077,0.488652,1.014044,0.618095,0.4,85,-0.264534,3.673825,2007-12-19T04:07:30.775,-9999999,K5,072.C-0488(E),Mayor,-9999999,HARPS_ech_obs_all,HARPS_ech_obs_thosimult,STAR_WAVE_K0,7.40038984181085E-06,3.45502817359878E-07,0,0,0
GJ150.0,55.81192,-9.76028,2454453.6776668,2.828367,0.524035,-6159.125089,0.633387,-6.207397,0.189294,-6157.626589,0.138337,-6.099324,0.193564,-1.224857,3.488429,-17.26054,1.266377,0.478094,0.00021,0.219642,0.000223,0.300314,0.000295,0,6.453781,47.787012,0.017814,-6.3,376.7,2454453.67775,-15.835641,-15.8356,0.227,-9999999,0.486932,0.927668,0.488652,1.011568,0.618095,0.38,85,-1.222507,3.450874,2007-12-19T04:09:27.381,-9999999,K5,072.C-0488(E),Mayor,-9999999,HARPS_ech_obs_all,HARPS_ech_obs_thosimult,STAR_WAVE_K0,7.32956606175763E-06,3.39409364663847E-07,0,0,0
GJ150.0,55.81192,-9.76028,2454453.6790053,2.646713,0.522158,-6159.556491,0.632456,-6.389463,0.184034,-6158.060483,0.134013,-6.245998,0.188258,-2.782958,3.488612,-16.129475,1.275127,0.478388,0.000208,0.220102,0.000218,0.300412,0.000289,0,6.454041,47.78207,0.016546,-6.3,384.7,2454453.67909,-15.839239,-15.839199,0.423,-9999999,0.486932,0.927256,0.488652,1.009076,0.618095,0.38,85,-2.778806,3.451407,2007-12-19T04:11:23.038,-9999999,K5,072.C-0488(E),Mayor,-9999999,HARPS_ech_obs_all,HARPS_ech_obs_thosimult,STAR_WAVE_K0,7.43654169486566E-06,3.49382541648525E-07,0,0,0
GJ150.0,55.81192,-9.76028,2454453.6803749,3.47517,0.521533,-6158.543051,0.631771,-5.561428,0.182254,-6157.049592,0.130743,-5.393406,0.186504,-4.182007,3.456452,-16.83921,1.206471,0.478598,0.000201,0.220218,0.000212,0.299829,0.00028,0,6.453058,47.786196,0.016931,-6.3,396.5,2454453.68047,-15.842908,-15.842906,0.267,-9999999,0.486933,0.926834,0.488651,1.006526,0.618095,0.4,85,-4.181613,3.425478,2007-12-19T04:13:19.675,-9999999,K5,072.C-0488(E),Mayor,-9999999,HARPS_ech_obs_all,HARPS_ech_obs_thosimult,STAR_WAVE_K0,7.53400945910127E-06,3.60725209361485E-07,0,0,0
GJ150.0,55.81192,-9.76028,2454453.6817341,3.255265,0.519171,-6158.758741,0.629947,-5.781751,0.175381,-6157.267813,0.121622,-5.656939,0.180037,-2.410513,3.541559,-17.37832,1.092625,0.478077,0.000178,0.219628,0.000191,0.300662,0.000253,128,6.453481,47.79168,0.017489,-6.3,438.9,2454453.68183,-15.846537,-15.846512,0.055,-9999999,0.486933,0.926415,0.488651,1.003995,0.618095,0.41,85,-2.413864,3.509262,2007-12-19T04:15:16.271,-9999999,K5,072.C-0488(E),Mayor,-9999999,HARPS_ech_obs_all,HARPS_ech_obs_thosimult,STAR_WAVE_K0,7.63012579182999E-06,3.82278401239224E-07,0,0,0
GJ150.0,55.81192,-9.76028,2454453.6830692,3.623809,0.519552,-6158.127927,0.630235,-5.413619,0.176506,-6156.639485,0.123105,-5.249198,0.180933,-2.237747,3.595655,-17.162518,1.163456,0.477858,0.000182,0.219783,0.000194,0.300587,0.000258,128,6.452766,47.792414,0.0184,-6.3,431.4,2454453.68317,-15.85009,-15.850076,0.053,-9999999,0.486933,0.926004,0.488651,1.001509,0.618094,0.4,85,-2.211695,3.562692,2007-12-19T04:17:12.477,-9999999,K5,072.C-0488(E),Mayor,-9999999,HARPS_ech_obs_all,HARPS_ech_obs_thosimult,STAR_WAVE_K0,7.47878114634456E-06,3.8077120926529E-07,0,0,0
GJ150.0,55.81192,-9.76028,2454453.6844048,3.713921,0.518673,-6158.06644,0.629692,-5.323918,0.173903,-6156.580484,0.120295,-5.210899,0.178487,-1.230934,3.625541,-17.552103,1.179283,0.478216,0.000177,0.219866,0.000189,0.301315,0.000251,128,6.452355,47.794919,0.017153,-6.3,442.6,2454453.6845,-15.853633,-15.853623,0.188,-9999999,0.486934,0.925592,0.488651,0.999022,0.618094,0.39,85,-1.234994,3.597444,2007-12-19T04:19:08.733,-9999999,K5,072.C-0488(E),Mayor,-9999999,HARPS_ech_obs_all,HARPS_ech_obs_thosimult,STAR_WAVE_K0,7.49891599934319E-06,2.7968558743464E-07,0,0,0
GJ150.0,55.81192,-9.76028,2454453.6857612,4.114999,0.519461,-6157.866358,0.630015,-4.923258,0.176239,-6156.382927,0.121976,-4.811014,0.180963,-2.08829,3.641486,-17.542815,1.203359,0.478099,0.000179,0.220106,0.000192,0.301164,0.000255,128,6.452418,47.795399,0.017496,-6.3,436.9,2454453.68585,-15.857217,-15.857192,0.104,-9999999,0.486934,0.925175,0.488651,0.996497,0.618094,0.4,85,-2.092978,3.614645,2007-12-19T04:21:05.079,-9999999,K5,072.C-0488(E),Mayor,-9999999,HARPS_ech_obs_all,HARPS_ech_obs_thosimult,STAR_WAVE_K0,7.54617123418596E-06,2.85058248033883E-07,0,0,0
GJ150.0,55.81192,-9.76028,2454454.6904981,7.286994,0.550871,-6155.143568,0.623273,-2.52927,0.166904,-6154.238157,0.114607,-2.375574,0.171708,-10.539142,3.331643,-16.363041,1.125195,0.477997,0.000168,0.21587,0.00018,0.306189,0.000237,128,6.454847,47.789523,0.016714,-6.3,466,2454454.69059,-16.247161,-16.247144,0.161,-9999999,0.487258,0.147168,0.524978,0.418153,0.612646,0.39,85,-10.530139,3.320185,2007-12-20T04:27:59.791,-9999999,K5,072.C-0488(E),Mayor,-9999999,HARPS_ech_obs_all,HARPS_ech_obs_thosimult,STAR_WAVE_K0,7.39319357147043E-06,3.21053217970865E-07,0,0,0
GJ150.0,55.81192,-9.76028,2454454.6918592,6.786041,0.550582,-6155.679919,0.623003,-3.030642,0.16595,-6154.777042,0.11313,-2.844904,0.170924,-9.377142,3.367483,-17.177943,1.115493,0.478081,0.000166,0.215589,0.000178,0.30616,0.000234,128,6.453225,47.796852,0.015928,-6.3,471.6,2454454.69196,-16.250662,-16.250647,0.514,-9999999,0.487258,0.146749,0.524978,0.415619,0.612646,0.4,85,-9.343734,3.356477,2007-12-20T04:29:56.547,-9999999,K5,072.C-0488(E),Mayor,-9999999,HARPS_ech_obs_all,HARPS_ech_obs_thosimult,STAR_WAVE_K0,7.24745084717439E-06,2.31945695483782E-07,0,0,0
GJ150.0,55.81192,-9.76028,2454454.6931986,5.912771,0.550326,-6156.546797,0.62302,-3.904324,0.165097,-6155.646413,0.113223,-3.811474,0.16997,-7.681503,3.441838,-17.807825,1.097902,0.478428,0.000166,0.215628,0.000177,0.306268,0.000234,128,6.453128,47.796895,0.016284,-6.3,472,2454454.69329,-16.254094,-16.254048,0.433,-9999999,0.487259,0.146336,0.524978,0.413125,0.612645,0.4,85,-7.66709,3.424024,2007-12-20T04:31:52.273,-9999999,K5,072.C-0488(E),Mayor,-9999999,HARPS_ech_obs_all,HARPS_ech_obs_thosimult,STAR_WAVE_K0,7.44813046577379E-06,3.22688919386305E-07,0,0,0
GJ150.0,55.81192,-9.76028,2454454.6945358,4.038889,0.549368,-6158.309307,0.622225,-5.778618,0.161877,-6157.411413,0.108761,-5.581121,0.167125,-7.656529,3.138125,-18.374925,1.12387,0.478314,0.000159,0.21576,0.00017,0.306049,0.000225,128,6.452137,47.802999,0.016296,-6.3,491.2,2454454.69463,-16.257506,-16.25749,0.499,-9999999,0.487259,0.145924,0.524978,0.410635,0.612645,0.39,85,-7.652593,3.100891,2007-12-20T04:33:48.670,-9999999,K5,072.C-0488(E),Mayor,-9999999,HARPS_ech_obs_all,HARPS_ech_obs_thosimult,STAR_WAVE_K0,7.57696172139629E-06,3.07691306874833E-07,0,0,0
GJ150.0,55.81192,-9.76028,2454454.6958943,1.841427,0.549141,-6160.350139,0.622147,-7.976499,0.161103,-6159.454775,0.108317,-7.808229,0.166354,-8.406957,3.182968,-17.992633,1.029036,0.47826,0.000158,0.215774,0.00017,0.30603,0.000224,128,6.452938,47.799624,0.017454,-6.3,493.5,2454454.69598,-16.260957,-16.260921,0.738,-9999999,0.487259,0.145506,0.524978,0.408105,0.612645,0.4,85,-8.410195,3.131962,2007-12-20T04:35:45.196,-9999999,K5,072.C-0488(E),Mayor,-9999999,HARPS_ech_obs_all,HARPS_ech_obs_thosimult,STAR_WAVE_K0,7.54683080776603E-06,2.75599089128003E-07,0,0,0
GJ150.0,55.81192,-9.76028,2454454.697243,-0.042786,0.549609,-6162.133273,0.622355,-9.861127,0.162692,-6161.240419,0.109503,-9.691141,0.167606,-6.321055,3.342645,-17.684905,1.07476,0.477817,0.00016,0.21573,0.000171,0.305829,0.000226,128,6.452521,47.797046,0.018025,-6.3,488.9,2454454.69734,-16.264368,-16.264337,0.317,-9999999,0.48726,0.14509,0.524978,0.405594,0.612645,0.4,85,-6.321127,3.276018,2007-12-20T04:37:41.732,-9999999,K5,072.C-0488(E),Mayor,-9999999,HARPS_ech_obs_all,HARPS_ech_obs_thosimult,STAR_WAVE_K0,7.50104250021435E-06,3.64093125603709E-07,0,0,0
GJ150.0,55.81192,-9.76028,2454454.6985997,-0.40339,0.549053,-6162.274082,0.622199,-10.222149,0.160804,-6161.383754,0.108616,-10.095877,0.16584,-7.296663,3.348683,-17.326548,1.044925,0.477976,0.000158,0.215631,0.00017,0.305829,0.000224,128,6.453564,47.796802,0.018682,-6.3,492.8,2454454.69869,-16.267785,-16.267763,-0.046,-9999999,0.48726,0.144672,0.524978,0.403068,0.612645,0.41,85,-7.291383,3.276983,2007-12-20T04:39:38.108,-9999999,K5,072.C-0488(E),Mayor,-9999999,HARPS_ech_obs_all,HARPS_ech_obs_thosimult,STAR_WAVE_K0,7.04964215248462E-06,3.07838465565596E-07,0,0,0
GJ150.0,55.81192,-9.76028,2454454.6999408,-0.19264,0.54897,-6162.262143,0.622089,-10.011812,0.160519,-6161.374311,0.107985,-9.897665,0.16579,-7.525303,3.199715,-17.655661,1.084656,0.477527,0.000158,0.215803,0.000169,0.305735,0.000223,128,6.454228,47.796322,0.01868,-6.3,495.1,2454454.70004,-16.271147,-16.27112,0.292,-9999999,0.487261,0.144259,0.524978,0.400571,0.612645,0.39,85,-7.525886,3.126256,2007-12-20T04:41:35.685,-9999999,K5,072.C-0488(E),Mayor,-9999999,HARPS_ech_obs_all,HARPS_ech_obs_thosimult,STAR_WAVE_K0,7.49991893233799E-06,3.6107886136002E-07,0,0,0
GJ150.0,55.81192,-9.76028,2454521.5652227,-2.227479,0.584752,-6163.853426,0.760679,-10.566218,0.17984,-6161.701652,0.12682,-10.510967,0.183997,-1.478805,3.470109,-16.082843,1.30508,0.479404,0.000171,0.213364,0.000189,0.296119,0.000249,128,6.456541,47.782347,0.017402,-6.3,441.1,2454521.56532,-25.922507,-25.922742,0.268,-9999999,0.508781,1.624693,0.556411,1.642993,0.750033,0.42,100,-1.495495,3.396201,2008-02-25T01:35:02.637,-9999999,K5,072.C-0488(E),Mayor,-9999999,HARPS_ech_obs_all,HARPS_ech_obs_thosimult,STAR_WAVE_K0,7.409683381353E-06,3.15944423220854E-07,0,0,0
GJ150.0,55.81192,-9.76028,2454521.5667043,-1.510708,0.586389,-6163.436015,0.761515,-9.849903,0.185093,-6161.286999,0.131746,-9.829409,0.18912,-2.357895,3.692023,-15.516196,1.262742,0.479603,0.000179,0.213014,0.000197,0.296108,0.00026,128,6.456523,47.784598,0.016738,-6.3,422.7,2454521.5668,-25.924643,-25.92487,0.587,-9999999,0.508782,1.624236,0.55641,1.640234,0.750033,0.39,100,-2.371874,3.632522,2008-02-25T01:37:13.654,-9999999,K5,072.C-0488(E),Mayor,-9999999,HARPS_ech_obs_all,HARPS_ech_obs_thosimult,STAR_WAVE_K0,7.64197318658747E-06,3.48640190222687E-07,0,0,0
GJ150.0,55.81192,-9.76028,2454521.5682606,-0.337164,0.591211,-6161.643808,0.764496,-8.676838,0.199848,-6159.49769,0.148007,-8.699745,0.203584,-0.873206,3.759482,-15.641707,1.320172,0.479797,0.0002,0.213176,0.000221,0.296083,0.000291,0,6.45526,47.783066,0.01768,-6.3,376.9,2454521.56836,-25.926858,-25.927085,0.052,-9999999,0.508782,1.623757,0.556409,1.637336,0.750032,0.42,100,-0.888899,3.706168,2008-02-25T01:39:25.130,-9999999,K5,072.C-0488(E),Mayor,-9999999,HARPS_ech_obs_all,HARPS_ech_obs_thosimult,STAR_WAVE_K0,7.70993752423518E-06,3.89447548051957E-07,0,0,0
GJ150.0,55.81192,-9.76028,2454521.5697755,0.786405,0.593166,-6160.829612,0.765545,-7.553736,0.205561,-6158.686313,0.153339,-7.505035,0.209424,-3.647907,3.543297,-15.940321,1.367745,0.47987,0.000209,0.213163,0.00023,0.296515,0.000304,0,6.454105,47.781716,0.017055,-6.3,361.9,2454521.56987,-25.928985,-25.929206,0.075,-9999999,0.508783,1.62329,0.556408,1.634516,0.750031,0.41,100,-3.663724,3.497028,2008-02-25T01:41:37.028,-9999999,K5,072.C-0488(E),Mayor,-9999999,HARPS_ech_obs_all,HARPS_ech_obs_thosimult,STAR_WAVE_K0,7.58028357763053E-06,3.56165405716045E-07,0,0,0
GJ150.0,55.81192,-9.76028,2454521.5712988,1.055207,0.597378,-6160.573109,0.768046,-7.285403,0.217418,-6158.432647,0.165376,-7.311854,0.220877,-1.262001,3.919733,-15.590658,1.451321,0.479933,0.000225,0.213089,0.000248,0.296358,0.000328,0,6.454905,47.776952,0.017462,-6.3,335.7,2454521.5714,-25.931093,-25.931312,-0.012,-9999999,0.508783,1.622821,0.556408,1.631679,0.75003,0.41,100,-1.271591,3.878278,2008-02-25T01:43:48.655,-9999999,K5,072.C-0488(E),Mayor,-9999999,HARPS_ech_obs_all,HARPS_ech_obs_thosimult,STAR_WAVE_K0,7.1267069597118E-06,3.95172156088479E-07,0,0,0
GJ150.0,55.81192,-9.76028,2454521.5728544,0.253472,0.588329,-6161.368243,0.763029,-8.087617,0.191161,-6159.230676,0.140245,-8.126934,0.194893,0.863921,3.679484,-15.130126,1.347759,0.474856,0.000191,0.21325,0.00021,0.296415,0.000277,0,6.455458,47.77532,0.016906,-6.3,396.4,2454521.57296,-25.933216,-25.933436,0.001,-9999999,0.508784,1.622342,0.556407,1.628783,0.75003,0.43,100,0.838527,3.632612,2008-02-25T01:46:01.072,-9999999,K5,072.C-0488(E),Mayor,-9999999,HARPS_ech_obs_all,HARPS_ech_obs_thosimult,STAR_WAVE_K0,7.32818744000289E-06,3.5545625751135E-07,0,0,0
GJ150.0,55.81192,-9.76028,2454522.5063336,-0.604924,0.645889,-6163.172858,0.718011,-10.078529,0.173945,-6161.737753,0.122126,-10.039049,0.178513,-4.02746,3.464793,-15.89274,1.29689,0.47641,0.000169,0.214853,0.000185,0.304238,0.000244,128,6.4559,47.785672,0.015639,-6.3,451.7,2454522.50643,-25.704847,-25.705131,0.741,-9999999,0.509084,0.489827,0.622025,0.926021,0.707548,0.4,100,-4.051674,3.39497,2008-02-26T00:10:23.547,-9999999,K5,072.C-0488(E),Mayor,-9999999,HARPS_ech_obs_all,HARPS_ech_obs_thosimult,STAR_WAVE_K0,7.69880969770013E-06,3.4915951452417E-07,0,0,0
GJ150.0,55.81192,-9.76028,2454522.5078699,-0.328318,0.646695,-6162.787708,0.718513,-9.802396,0.17692,-6161.355462,0.125052,-9.739474,0.181303,-6.923462,3.806297,-16.525962,1.26258,0.476327,0.000172,0.214797,0.000189,0.304233,0.000248,128,6.45405,47.791308,0.016228,-6.3,443,2454522.50797,-25.707958,-25.708263,0.784,-9999999,0.509085,0.489354,0.622024,0.923161,0.707547,0.41,100,-6.940795,3.745779,2008-02-26T00:12:35.294,-9999999,K5,072.C-0488(E),Mayor,-9999999,HARPS_ech_obs_all,HARPS_ech_obs_thosimult,STAR_WAVE_K0,6.94734619399105E-06,4.32474042889504E-07,0,0,0
GJ150.0,55.81192,-9.76028,2454522.5093949,0.042961,0.645439,-6162.457461,0.717809,-9.431587,0.172274,-6161.028055,0.120947,-9.336721,0.176755,-4.331671,3.456407,-15.237922,1.244801,0.476242,0.000167,0.214646,0.000183,0.297226,0.000241,128,6.456519,47.779875,0.016156,-6.3,456.6,2454522.50949,-25.711027,-25.711304,0.471,-9999999,0.509085,0.488884,0.622023,0.920321,0.707546,0.4,100,-4.356092,3.392036,2008-02-26T00:14:48.071,-9999999,K5,072.C-0488(E),Mayor,-9999999,HARPS_ech_obs_all,HARPS_ech_obs_thosimult,STAR_WAVE_K0,7.8191986266936E-06,2.45888284392333E-07,0,0,0
GJ150.0,55.81192,-9.76028,2454522.5109459,-0.084332,0.646142,-6162.218838,0.718235,-9.559357,0.174893,-6160.792318,0.123457,-9.540725,0.179142,-5.736346,3.401428,-15.706089,1.2754,0.476173,0.000169,0.214836,0.000186,0.296821,0.000245,128,6.454724,47.78415,0.016025,-6.3,449.2,2454522.51105,-25.714128,-25.714417,0.375,-9999999,0.509086,0.488406,0.622022,0.917434,0.707545,0.42,100,-5.760413,3.338051,2008-02-26T00:17:00.088,-9999999,K5,072.C-0488(E),Mayor,-9999999,HARPS_ech_obs_all,HARPS_ech_obs_thosimult,STAR_WAVE_K0,7.63106243224405E-06,3.42078261155708E-07,0,0,0
GJ150.0,55.81192,-9.76028,2454522.512434,1.033532,0.647902,-6161.462946,0.719343,-8.441952,0.181292,-6160.039197,0.129754,-8.484378,0.185409,-6.210491,3.710681,-16.105964,1.329855,0.476238,0.000177,0.214818,0.000195,0.296717,0.000257,128,6.454731,47.784813,0.014877,-6.3,427.6,2454522.51253,-25.717083,-25.717373,0.267,-9999999,0.509086,0.487948,0.622021,0.914663,0.707544,0.39,100,-6.232953,3.659608,2008-02-26T00:19:11.665,-9999999,K5,072.C-0488(E),Mayor,-9999999,HARPS_ech_obs_all,HARPS_ech_obs_thosimult,STAR_WAVE_K0,7.47178324164741E-06,3.06610065766918E-07,0,0,0
GJ150.0,55.81192,-9.76028,2454522.5139782,0.662698,0.648172,-6161.879828,0.719614,-8.813261,0.182257,-6160.458954,0.131255,-8.754223,0.186352,-6.515961,3.448282,-15.597533,1.306193,0.476158,0.00018,0.214242,0.000197,0.296628,0.00026,128,6.454883,47.786921,0.015986,-6.3,422.5,2454522.51407,-25.72013,-25.7204,0.339,-9999999,0.509087,0.487472,0.62202,0.911787,0.707543,0.4,100,-6.532153,3.388942,2008-02-26T00:21:24.102,-9999999,K5,072.C-0488(E),Mayor,-9999999,HARPS_ech_obs_all,HARPS_ech_obs_thosimult,STAR_WAVE_K0,7.61189145017889E-06,3.85860300875092E-07,0,0,0
GJ150.0,55.81192,-9.76028,2454528.540381,4.684205,0.87644,-6157.050022,0.992801,-5.156544,0.190749,-6156.397082,0.139011,-5.147147,0.19507,-5.783922,3.446788,-15.836617,1.207064,0.474483,0.000197,0.21031,0.000212,0.300864,0.000281,0,6.458652,47.774039,0.016664,-6.3,392.3,2454528.54046,-24.92219,-24.922445,0.186,-9999999,0.511026,0.122682,0.85543,0.141914,0.983021,0.37,60,-5.798277,3.413688,2008-03-03T01:00:26.663,-9999999,K5,072.C-0488(E),Mayor,-9999999,HARPS_ech_obs_all,HARPS_ech_obs_thosimult,STAR_WAVE_K0,7.69791511920133E-06,3.60015471246836E-07,0,0,0
GJ150.0,55.81192,-9.76028,2454528.5414538,4.428251,0.880612,-6157.311358,0.995084,-5.412829,0.209088,-6156.660415,0.154478,-5.376501,0.213044,-2.195998,3.704727,-15.678849,1.339272,0.474584,0.000205,0.209987,0.000227,0.300804,0.0003,0,6.457323,47.771531,0.017191,-6.3,365.7,2454528.54154,-24.923751,-24.924004,-0.044,-9999999,0.511027,0.122352,0.85543,0.139916,0.98302,0.38,60,-2.206155,3.670256,2008-03-03T01:01:58.758,-9999999,K5,072.C-0488(E),Mayor,-9999999,HARPS_ech_obs_all,HARPS_ech_obs_thosimult,STAR_WAVE_K0,7.85488246524762E-06,3.58074094783295E-07,0,0,0
GJ150.0,55.81192,-9.76028,2454528.5425118,5.94995,0.878195,-6155.448029,0.993813,-3.891455,0.198662,-6154.799056,0.146067,-3.894317,0.202601,-0.649438,3.636131,-15.689041,1.316734,0.474751,0.000201,0.210195,0.000219,0.300927,0.00029,0,6.457354,47.772146,0.017029,-6.3,379,2454528.54259,-24.925276,-24.925517,-0.183,-9999999,0.511027,0.122026,0.85543,0.137946,0.98302,0.37,60,-0.670114,3.611738,2008-03-03T01:03:30.783,-9999999,K5,072.C-0488(E),Mayor,-9999999,HARPS_ech_obs_all,HARPS_ech_obs_thosimult,STAR_WAVE_K0,7.33528845365971E-06,2.68042711124205E-07,0,0,0
GJ150.0,55.81192,-9.76028,2454528.5435786,5.534056,0.87769,-6155.969599,0.993468,-4.307678,0.19642,-6155.322612,0.143708,-4.350905,0.200432,-4.166316,3.618717,-15.786803,1.2789,0.474498,0.000198,0.210502,0.000216,0.293525,0.000286,0,6.457689,47.769923,0.01806,-6.3,384.9,2454528.54367,-24.9268,-24.927068,-0.08,-9999999,0.511027,0.121697,0.855429,0.13596,0.983019,0.38,60,-4.183033,3.591978,2008-03-03T01:05:02.357,-9999999,K5,072.C-0488(E),Mayor,-9999999,HARPS_ech_obs_all,HARPS_ech_obs_thosimult,STAR_WAVE_K0,7.16220898774516E-06,3.17353685827195E-07,0,0,0
GJ150.0,55.81192,-9.76028,2454528.5446361,2.858567,0.876479,-6158.662112,0.992437,-6.983493,0.190936,-6158.017093,0.136404,-6.932716,0.195289,-0.291863,3.582643,-16.73164,1.268746,0.474661,0.000185,0.210078,0.000203,0.300643,0.000268,128,6.455417,47.780601,0.016548,-6.3,409.4,2454528.54472,-24.928298,-24.928553,0.335,-9999999,0.511028,0.121372,0.855429,0.133991,0.983019,0.36,60,-0.312877,3.539174,2008-03-03T01:06:34.932,-9999999,K5,072.C-0488(E),Mayor,-9999999,HARPS_ech_obs_all,HARPS_ech_obs_thosimult,STAR_WAVE_K0,7.40495251625522E-06,3.2009630477279E-07,0,0,0
GJ150.0,55.81192,-9.76028,2454528.5457127,0.770054,0.876743,-6160.552896,0.992598,-9.072337,0.192147,-6159.909882,0.137572,-9.021439,0.196331,-3.487789,3.755965,-16.526801,1.293436,0.475065,0.000187,0.210154,0.000205,0.301189,0.000271,128,6.456157,47.780366,0.01786,-6.3,404.9,2454528.5458,-24.929808,-24.930057,0.41,-9999999,0.511028,0.12104,0.855428,0.131986,0.983018,0.38,60,-3.511773,3.699289,2008-03-03T01:08:06.757,-9999999,K5,072.C-0488(E),Mayor,-9999999,HARPS_ech_obs_all,HARPS_ech_obs_thosimult,STAR_WAVE_K0,7.60321480012764E-06,3.27665523900729E-07,0,0,0
GJ150.0,55.81192,-9.76028,2454528.546741,-1.383839,0.880342,-6162.805243,0.994719,-11.226547,0.207956,-6162.164143,0.152122,-11.211005,0.211626,-0.302679,3.720317,-15.857739,1.312767,0.474947,0.000199,0.210549,0.000223,0.300209,0.000294,0,6.456655,47.774336,0.018118,-6.3,373.1,2454528.54682,-24.931236,-24.931466,0.206,-9999999,0.511028,0.120723,0.855428,0.130072,0.983018,0.33,60,-0.326559,3.649194,2008-03-03T01:09:38.612,-9999999,K5,072.C-0488(E),Mayor,-9999999,HARPS_ech_obs_all,HARPS_ech_obs_thosimult,STAR_WAVE_K0,7.50138303299088E-06,3.24982150280404E-07,0,0,0
GJ150.0,55.81192,-9.76028,2454528.5478419,-3.559104,0.878017,-6165.066489,0.993649,-13.402151,0.197883,-6164.427438,0.144968,-13.320278,0.201973,-2.519371,3.902622,-16.449838,1.256259,0.475257,0.000198,0.210358,0.000217,0.300331,0.000286,0,6.456238,47.780001,0.017981,-6.3,383.5,2454528.54793,-24.932751,-24.933007,0.906,-9999999,0.511029,0.120384,0.855427,0.128022,0.983017,0.38,60,-2.526733,3.823286,2008-03-03T01:11:10.736,-9999999,K5,072.C-0488(E),Mayor,-9999999,HARPS_ech_obs_all,HARPS_ech_obs_thosimult,STAR_WAVE_K0,7.34927441546031E-06,3.54364842632402E-07,0,0,0
GJ150.0,55.81192,-9.76028,2454528.5488677,-5.480882,0.882666,-6166.814726,0.996646,-15.324245,0.217588,-6166.177585,0.164257,-15.282198,0.221343,0.838937,3.671798,-16.185621,1.460901,0.474846,0.000221,0.209991,0.000244,0.300379,0.000322,0,6.456929,47.779056,0.019081,-6.3,340.5,2454528.54895,-24.934149,-24.934389,0.211,-9999999,0.511029,0.120068,0.855427,0.126112,0.983017,0.33,60,0.832413,3.564323,2008-03-03T01:12:42.371,-9999999,K5,072.C-0488(E),Mayor,-9999999,HARPS_ech_obs_all,HARPS_ech_obs_thosimult,STAR_WAVE_K0,7.64978186993492E-06,3.92157656618248E-07,0,0,0
GJ150.0,55.81192,-9.76028,2454528.5499602,-6.206589,0.881193,-6167.577877,0.995683,-16.050289,0.211534,-6166.94277,0.158316,-16.035113,0.215307,0.419398,3.514157,-16.515971,1.359592,0.474875,0.000215,0.210422,0.000236,0.300117,0.000311,0,6.45601,47.782406,0.018966,-6.3,352.5,2454528.55005,-24.935623,-24.935867,0.29,-9999999,0.511029,0.119732,0.855427,0.124078,0.983017,0.37,60,0.402467,3.400114,2008-03-03T01:14:14.376,-9999999,K5,072.C-0488(E),Mayor,-9999999,HARPS_ech_obs_all,HARPS_ech_obs_thosimult,STAR_WAVE_K0,7.27558448818569E-06,3.1904442348222E-07,0,0,0
GJ150.0,55.81192,-9.76028,2454529.5251392,0.050002,0.888807,-6161.363531,1.001422,-9.786053,0.241257,-6160.681895,0.191058,-9.747695,0.244802,-0.351319,3.636778,-17.902073,1.467726,0.475192,0.00028,0.215592,0.000297,0.302172,0.000393,0,6.454342,47.789254,0.017442,-6.3,281.1,2454529.5252,-24.73087,-24.731105,1.325,-9999999,0.511343,0.127377,0.855437,0.170293,0.983028,0.28,30,-0.357486,3.579047,2008-03-04T00:38:50.537,-9999999,K5,072.C-0488(E),Mayor,-9999999,HARPS_ech_obs_all,HARPS_ech_obs_thosimult,STAR_WAVE_K0,7.07255079501941E-06,3.39590876262837E-07,0,0,0
GJ150.0,55.81192,-9.76028,2454529.5258648,0.725492,0.891756,-6160.429872,1.003557,-9.110786,0.251907,-6159.749587,0.201951,-9.159324,0.255488,1.361814,3.30689,-17.394946,1.475,0.475697,0.000309,0.216019,0.000322,0.301549,0.000425,0,6.454471,47.783585,0.017746,-6.3,260.4,2454529.52593,-24.732027,-24.732264,1.022,-9999999,0.511343,0.127153,0.855437,0.168942,0.983027,0.29,30,1.338421,3.252614,2008-03-04T00:39:52.931,-9999999,K5,072.C-0488(E),Mayor,-9999999,HARPS_ech_obs_all,HARPS_ech_obs_thosimult,STAR_WAVE_K0,7.95909663927201E-06,3.88001174971311E-07,0,0,0
GJ150.0,55.81192,-9.76028,2454529.5265739,2.216334,0.902324,-6159.29087,1.011352,-7.620162,0.287083,-6158.611904,0.237676,-7.534431,0.290027,-3.069036,3.790244,-15.56886,1.619009,0.476069,0.000404,0.215606,0.000403,0.301297,0.000533,0,6.455927,47.772495,0.016511,-6.3,209.2,2454529.52663,-24.733153,-24.733381,0.749,-9999999,0.511344,0.126935,0.855436,0.167622,0.983027,0.27,30,-3.089367,3.747703,2008-03-04T00:40:54.805,-9999999,K5,072.C-0488(E),Mayor,-9999999,HARPS_ech_obs_all,HARPS_ech_obs_thosimult,STAR_WAVE_K0,7.91288450822386E-06,3.67387519207075E-07,0,0,0
GJ150.0,55.81192,-9.76028,2454529.5272961,2.936004,0.889316,-6158.303256,1.001663,-6.900715,0.24313,-6157.625635,0.19232,-6.834236,0.24672,2.37914,3.526306,-17.521514,1.624956,0.475323,0.000276,0.216148,0.000296,0.30125,0.000391,0,6.454348,47.787344,0.017232,-6.3,282.2,2454529.52736,-24.734293,-24.734528,0,-9999999,0.511344,0.126712,0.855436,0.166277,0.983027,0.28,30,2.384337,3.482103,2008-03-04T00:41:56.907,-9999999,K5,072.C-0488(E),Mayor,-9999999,HARPS_ech_obs_all,HARPS_ech_obs_thosimult,STAR_WAVE_K0,7.80718298002775E-06,3.5218910671928E-07,0,0,0
GJ150.0,55.81192,-9.76028,2454529.5280074,1.429954,0.891821,-6160.291146,1.002656,-8.406984,0.252138,-6159.614849,0.19743,-8.478986,0.255782,3.655117,3.828587,-18.243999,1.526865,0.47531,0.000265,0.215757,0.000292,0.301238,0.000385,0,6.453607,47.790747,0.016546,-6.3,285.5,2454529.52807,-24.735411,-24.735633,1.193,-9999999,0.511344,0.126493,0.855436,0.164953,0.983026,0.28,30,3.639889,3.787469,2008-03-04T00:42:58.370,-9999999,K5,072.C-0488(E),Mayor,-9999999,HARPS_ech_obs_all,HARPS_ech_obs_thosimult,STAR_WAVE_K0,7.12289237350458E-06,3.6326153701691E-07,0,0,0
GJ150.0,55.81192,-9.76028,2454529.5287298,3.744647,0.888885,-6157.883246,1.001031,-6.092514,0.241552,-6157.208294,0.189006,-6.061526,0.245352,-1.715302,4.162091,-17.761628,1.513766,0.475379,0.000266,0.215238,0.000287,0.300916,0.000379,0,6.455229,47.786754,0.017347,-6.3,290.6,2454529.5288,-24.736539,-24.736788,0,-9999999,0.511344,0.126271,0.855435,0.163608,0.983026,0.28,30,-1.725364,4.131205,2008-03-04T00:44:00.784,-9999999,K5,072.C-0488(E),Mayor,-9999999,HARPS_ech_obs_all,HARPS_ech_obs_thosimult,STAR_WAVE_K0,7.34158746148049E-06,3.72022831399772E-07,0,0,0
GJ150.0,55.81192,-9.76028,2454529.5294504,3.086165,0.892664,-6158.61795,1.003376,-6.751217,0.255106,-6157.944339,0.201058,-6.740841,0.258485,-1.646194,3.707215,-17.074059,1.623762,0.475212,0.000269,0.215897,0.000297,0.300875,0.000392,0,6.455127,47.784513,0.017122,-6.3,280.3,2454529.52951,-24.737659,-24.7379,0,-9999999,0.511345,0.126049,0.855435,0.162266,0.983026,0.29,30,-1.664748,3.666719,2008-03-04T00:45:02.748,-9999999,K5,072.C-0488(E),Mayor,-9999999,HARPS_ech_obs_all,HARPS_ech_obs_thosimult,STAR_WAVE_K0,7.40263813088379E-06,3.53652460327647E-07,0,0,0
GJ150.0,55.81192,-9.76028,2454529.5301526,2.517252,0.896944,-6159.417131,1.006406,-7.320347,0.269704,-6158.744827,0.215673,-7.394925,0.273061,-2.31634,3.884054,-16.81601,1.555754,0.475294,0.000294,0.215321,0.000322,0.301474,0.000426,0,6.455001,47.776987,0.015801,-6.3,258.9,2454529.53021,-24.738745,-24.738969,1.033,-9999999,0.511345,0.125833,0.855435,0.160959,0.983025,0.25,30,-2.323997,3.847933,2008-03-04T00:46:04.631,-9999999,K5,072.C-0488(E),Mayor,-9999999,HARPS_ech_obs_all,HARPS_ech_obs_thosimult,STAR_WAVE_K0,6.31416698042522E-06,4.155689784149E-07,0,0,0
GJ150.0,55.81192,-9.76028,2454529.5308741,3.067453,0.896845,-6158.551819,1.00616,-6.770368,0.269375,-6157.880859,0.214523,-6.809768,0.272607,0.097029,4.092422,-15.972624,1.570306,0.475089,0.000287,0.216081,0.000318,0.301288,0.000419,0,6.455101,47.779845,0.01508,-6.3,262.6,2454529.53094,-24.739855,-24.740087,0,-9999999,0.511345,0.12561,0.855434,0.159615,0.983025,0.27,30,0.098812,4.054285,2008-03-04T00:47:06.374,-9999999,K5,072.C-0488(E),Mayor,-9999999,HARPS_ech_obs_all,HARPS_ech_obs_thosimult,STAR_WAVE_K0,6.74356497912109E-06,4.53116816953456E-07,0,0,0
GJ150.0,55.81192,-9.76028,2454529.5316109,2.281408,0.893595,-6159.601457,1.004244,-7.55664,0.258348,-6158.931869,0.205351,-7.51363,0.261614,5.329902,3.573506,-16.095985,1.61989,0.475153,0.000281,0.216147,0.000308,0.301537,0.000407,0,6.454119,47.773723,0.017381,-6.3,271.2,2454529.53168,-24.740981,-24.741215,0,-9999999,0.511345,0.125383,0.855434,0.158243,0.983025,0.31,30,5.314852,3.521261,2008-03-04T00:48:08.838,-9999999,K5,072.C-0488(E),Mayor,-9999999,HARPS_ech_obs_all,HARPS_ech_obs_thosimult,STAR_WAVE_K0,7.6815574523939E-06,3.84842085026095E-07,0,0,0
GJ150.0,55.81192,-9.76028,2454706.9055628,0.620514,0.818091,-6161.899705,0.985048,-8.623444,0.26165,-6161.274671,0.211412,-8.444713,0.263995,-3.520262,3.690187,-4.274111,1.570019,0.479715,0.000307,0.21914,0.000331,0.306411,0.000429,0,6.459394,47.722925,0.016173,-6.3,253.7,2454706.90567,24.992159,24.991982,0.089,-9999999,0.568433,0.719473,0.775121,0.056601,0.962094,0.46,200,-3.517077,3.630196,2008-08-28T09:40:36.841,-9999999,K5,072.C-0488(E),Mayor,-9999999,HARPS_ech_obs_all,HARPS_ech_obs_thosimult,STAR_WAVE_K0,7.85002146263109E-06,3.02363237542634E-07,0,0,0
GJ150.0,55.81192,-9.76028,2454706.9082751,-1.575889,0.81205,-6163.852782,0.981305,-10.820683,0.242096,-6163.232797,0.193216,-10.582465,0.244069,-5.690886,3.87369,-2.130506,1.480934,0.480215,0.000285,0.219156,0.000305,0.305912,0.000396,0,6.462805,47.713965,0.015434,-6.3,275.1,2454706.90839,24.985035,24.984826,0.498,-9999999,0.568434,0.718637,0.775122,0.051551,0.962095,0.47,200,-5.692223,3.801992,2008-08-28T09:44:29.164,-9999999,K5,072.C-0488(E),Mayor,-9999999,HARPS_ech_obs_all,HARPS_ech_obs_thosimult,STAR_WAVE_K0,7.14742205485331E-06,3.36762423158504E-07,0,0,0
GJ150.0,55.81192,-9.76028,2454706.9108899,-2.751763,0.801382,-6165.341074,0.974575,-11.997362,0.203462,-6164.725958,0.155452,-11.803563,0.205962,-6.259979,3.660066,-2.656665,1.388232,0.48008,0.000228,0.218919,0.000244,0.30623,0.000317,0,6.463853,47.720421,0.017278,-6.3,343.3,2454706.91099,24.978161,24.977967,0.653,-9999999,0.568434,0.717832,0.775124,0.046682,0.962097,0.44,200,-6.268938,3.57708,2008-08-28T09:48:21.057,-9999999,K5,072.C-0488(E),Mayor,-9999999,HARPS_ech_obs_all,HARPS_ech_obs_thosimult,STAR_WAVE_K0,7.67679732586897E-06,3.00617723400803E-07,0,0,0
GJ150.0,55.81192,-9.76028,2454706.9135704,-2.537483,0.81001,-6164.949501,0.980081,-11.783908,0.235153,-6164.339375,0.186884,-11.511339,0.237297,-3.405298,3.847568,-2.943715,1.455602,0.475824,0.000279,0.219029,0.000297,0.306359,0.000386,0,6.462798,47.718551,0.016307,-6.3,282.6,2454706.91368,24.971109,24.970921,0.608,-9999999,0.568435,0.717006,0.775125,0.041691,0.962099,0.44,200,-3.407919,3.76805,2008-08-28T09:52:12.640,-9999999,K5,072.C-0488(E),Mayor,-9999999,HARPS_ech_obs_all,HARPS_ech_obs_thosimult,STAR_WAVE_K0,7.34568075500911E-06,3.30518736626364E-07,0,0,0
GJ150.0,55.81192,-9.76028,2454708.8999246,0.227374,0.686011,-6162.253877,0.751922,-10.557156,0.19245,-6162.851715,0.145313,-10.311419,0.196484,-5.296557,3.175638,-12.758156,1.234538,0.474607,0.000213,0.218463,0.000228,0.29906,0.000297,0,6.453185,47.787148,0.01759,-6.3,367.1,2454708.90002,24.759289,24.759134,0.91,-9999999,0.569075,-0.821098,0.658464,-1.166913,0.737747,0.41,100,-5.310968,3.09001,2008-08-30T09:33:06.415,-9999999,K5,072.C-0488(E),Mayor,-9999999,HARPS_ech_obs_all,HARPS_ech_obs_thosimult,STAR_WAVE_K0,7.39991570189154E-06,3.67581619916699E-07,0,0,0
GJ150.0,55.81192,-9.76028,2454708.9014376,-0.153054,0.687479,-6162.638146,0.753083,-10.93805,0.197614,-6163.238801,0.151199,-10.691597,0.20125,-5.885833,3.523297,-11.192773,1.299376,0.474188,0.00022,0.218833,0.000236,0.298897,0.000307,0,6.455011,47.774432,0.017326,-6.3,354.6,2454708.90153,24.755293,24.75517,0,-9999999,0.569075,-0.821564,0.658465,-1.16973,0.737748,0.41,100,-5.890093,3.43428,2008-08-30T09:35:17.133,-9999999,K5,072.C-0488(E),Mayor,-9999999,HARPS_ech_obs_all,HARPS_ech_obs_thosimult,STAR_WAVE_K0,7.3837262336259E-06,3.55666050755475E-07,0,0,0
GJ150.0,55.81192,-9.76028,2454708.9029934,-1.719,0.686692,-6164.262414,0.7525,-12.504475,0.194855,-6164.865965,0.148266,-12.29143,0.198494,-8.619929,3.347101,-11.372665,1.295844,0.474698,0.000215,0.218443,0.000231,0.298953,0.000301,0,6.455429,47.77866,0.018309,-6.3,362,2454708.90309,24.751181,24.751021,0.852,-9999999,0.569076,-0.822044,0.658466,-1.172627,0.737749,0.43,100,-8.629411,3.246981,2008-08-30T09:37:29.540,-9999999,K5,072.C-0488(E),Mayor,-9999999,HARPS_ech_obs_all,HARPS_ech_obs_thosimult,STAR_WAVE_K0,7.25283369219348E-06,3.55412319447402E-07,0,0,0
GJ150.0,55.81192,-9.76028,2454708.9044816,-1.107891,0.683703,-6163.614287,0.750486,-11.893824,0.184041,-6164.220609,0.137672,-11.615029,0.188333,-3.529766,3.597002,-13.805601,1.226605,0.474736,0.000202,0.218847,0.000216,0.299306,0.000282,0,6.453648,47.792109,0.017538,-6.3,386.9,2454708.90457,24.747246,24.747114,0,-9999999,0.569076,-0.822502,0.658467,-1.175398,0.73775,0.4,100,-3.539993,3.498025,2008-08-30T09:39:41.107,-9999999,K5,072.C-0488(E),Mayor,-9999999,HARPS_ech_obs_all,HARPS_ech_obs_thosimult,STAR_WAVE_K0,7.34737332660694E-06,3.67763220350632E-07,0,0,0
GJ150.0,55.81192,-9.76028,2454708.9060372,0.021209,0.684496,-6162.679118,0.750961,-10.765203,0.186963,-6163.288335,0.140234,-10.516477,0.19106,-5.734543,3.712842,-12.351903,1.255396,0.474641,0.000204,0.218341,0.000219,0.299044,0.000285,0,6.455339,47.7801,0.017436,-6.3,382.1,2454708.90614,24.743131,24.74299,0,-9999999,0.569077,-0.822981,0.658468,-1.178294,0.737752,0.42,100,-5.731562,3.634346,2008-08-30T09:41:53.505,-9999999,K5,072.C-0488(E),Mayor,-9999999,HARPS_ech_obs_all,HARPS_ech_obs_thosimult,STAR_WAVE_K0,7.7342470044923E-06,3.69863392438498E-07,0,0,0
GJ150.0,55.81192,-9.76028,2454708.9075489,0.945282,0.684531,-6161.580436,0.750953,-9.841596,0.187088,-6162.192468,0.140182,-9.580202,0.191083,-2.448802,3.27167,-11.223852,1.235607,0.474596,0.000205,0.21906,0.00022,0.299141,0.000286,0,6.455739,47.775635,0.017434,-6.3,380.7,2454708.90764,24.73913,24.73899,0,-9999999,0.569077,-0.823447,0.658469,-1.181109,0.737753,0.41,100,-2.462768,3.188436,2008-08-30T09:44:05.102,-9999999,K5,072.C-0488(E),Mayor,-9999999,HARPS_ech_obs_all,HARPS_ech_obs_thosimult,STAR_WAVE_K0,7.55849362539335E-06,4.01202276991381E-07,0,0,0
GJ150.0,55.81192,-9.76028,2454708.9090889,1.023097,0.683013,-6161.558266,0.749983,-9.764255,0.181452,-6162.173164,0.134885,-9.482109,0.185522,-5.716006,3.692514,-11.429612,1.217828,0.475105,0.000199,0.218733,0.000212,0.299109,0.000276,0,6.455696,47.773865,0.017083,-6.3,394.4,2454708.90919,24.735054,24.734895,0,-9999999,0.569078,-0.823921,0.65847,-1.183976,0.737754,0.43,100,-5.723003,3.620438,2008-08-30T09:46:16.150,-9999999,K5,072.C-0488(E),Mayor,-9999999,HARPS_ech_obs_all,HARPS_ech_obs_thosimult,STAR_WAVE_K0,7.53020480720296E-06,3.29917777153285E-07,0,0,0
GJ150.0,55.81192,-9.76028,2454710.8961264,0.848202,0.792933,-6162.276587,0.920102,-9.130142,0.155872,-6161.604148,0.109178,-8.816037,0.160834,-7.48712,3.076712,-12.009348,1.162048,0.481002,0.000162,0.219277,0.000172,0.306591,0.000224,128,6.455722,47.778974,0.017456,-6.3,487.3,2454710.89622,24.49065,24.49052,0.893,-9999999,0.569717,-0.014913,0.777462,0.102722,0.913601,0.4,90,-7.509962,2.991786,2008-09-01T09:27:29.100,-9999999,K5,072.C-0488(E),Mayor,-9999999,HARPS_ech_obs_all,HARPS_ech_obs_thosimult,STAR_WAVE_K0,7.41197417671111E-06,2.96785986219342E-07,0,0,0
GJ150.0,55.81192,-9.76028,2454710.8975074,0.371931,0.794641,-6162.775351,0.921062,-9.606839,0.164338,-6162.105483,0.116991,-9.225078,0.168709,-5.33286,3.084866,-11.815325,1.163425,0.480616,0.000171,0.219357,0.000183,0.306217,0.000238,128,6.455882,47.780849,0.017447,-6.3,457.6,2454710.8976,24.486979,24.486868,0.727,-9999999,0.569717,-0.015338,0.777463,0.100151,0.913602,0.37,90,-5.347077,2.99142,2008-09-01T09:29:31.108,-9999999,K5,072.C-0488(E),Mayor,-9999999,HARPS_ech_obs_all,HARPS_ech_obs_thosimult,STAR_WAVE_K0,7.23307848213082E-06,3.38417187875148E-07,0,0,0
GJ150.0,55.81192,-9.76028,2454710.8989869,-0.823298,0.795223,-6163.798311,0.921468,-10.802523,0.167123,-6163.131197,0.120133,-10.523706,0.171678,-4.823367,2.960557,-13.414331,1.221294,0.480477,0.000176,0.219393,0.000188,0.306449,0.000244,128,6.453767,47.788399,0.017588,-6.3,446.1,2454710.89909,24.483044,24.482878,0.146,-9999999,0.569718,-0.015794,0.777463,0.097396,0.913603,0.43,90,-4.850227,2.843036,2008-09-01T09:31:33.525,-9999999,K5,072.C-0488(E),Mayor,-9999999,HARPS_ech_obs_all,HARPS_ech_obs_thosimult,STAR_WAVE_K0,7.57635402933156E-06,3.23612584882055E-07,0,0,0
GJ150.0,55.81192,-9.76028,2454710.9003478,-2.160179,0.794218,-6165.222677,0.920829,-12.139824,0.16227,-6164.558097,0.115129,-11.80636,0.167193,-7.464123,3.181596,-13.552072,1.133822,0.480845,0.000169,0.219353,0.00018,0.306507,0.000235,128,6.454031,47.791016,0.017794,-6.3,465.2,2454710.90043,24.479424,24.479315,0.603,-9999999,0.569718,-0.016213,0.777464,0.094862,0.913604,0.38,90,-7.47952,3.059036,2008-09-01T09:33:35.601,-9999999,K5,072.C-0488(E),Mayor,-9999999,HARPS_ech_obs_all,HARPS_ech_obs_thosimult,STAR_WAVE_K0,7.84765443532878E-06,3.77123074516722E-07,0,0,0
GJ150.0,55.81192,-9.76028,2454710.90178,-4.235594,0.792744,-6167.368797,0.9199,-14.21568,0.154892,-6166.706883,0.107432,-13.908035,0.160144,-7.884114,3.106233,-14.35497,1.104914,0.480776,0.000158,0.219035,0.000169,0.30675,0.00022,128,6.454026,47.796217,0.017859,-6.3,497,2454710.90188,24.475612,24.475474,1.089,-9999999,0.569719,-0.016654,0.777465,0.092195,0.913605,0.4,90,-7.898753,2.961507,2008-09-01T09:35:37.528,-9999999,K5,072.C-0488(E),Mayor,-9999999,HARPS_ech_obs_all,HARPS_ech_obs_thosimult,STAR_WAVE_K0,7.68206986089139E-06,3.9585230980618E-07,0,0,0
GJ150.0,55.81192,-9.76028,2454730.8479948,-6.41719,0.581636,-6168.094011,0.754513,-15.677419,0.16813,-6167.968324,0.125119,-15.362398,0.17204,-7.878621,3.621057,-10.264981,1.191619,0.47241,0.000183,0.223086,0.000196,0.30607,0.000256,128,6.454888,47.771226,0.017047,-6.3,425.9,2454730.84808,20.333491,20.333435,0.977,-9999999,0.576139,0.703203,0.556806,-0.450452,0.744066,0.39,100,-7.870561,3.508786,2008-09-21T08:15:57.554,-9999999,K5,072.C-0488(E),Mayor,-9999999,HARPS_ech_obs_all,HARPS_ech_obs_thosimult,STAR_WAVE_K0,7.19165928197707E-06,3.96366194502524E-07,0,0,0
GJ150.0,55.81192,-9.76028,2454730.8495411,-6.518521,0.581754,-6168.171764,0.75458,-15.779226,0.168534,-6168.048957,0.125517,-15.535455,0.172784,-6.35493,3.251472,-11.582508,1.248375,0.472681,0.000185,0.222386,0.000197,0.30556,0.000257,128,6.454653,47.778846,0.016905,-6.3,423.5,2454730.84963,20.329174,20.329114,0.805,-9999999,0.576139,0.702727,0.556807,-0.453332,0.744067,0.41,100,-6.359084,3.12328,2008-09-21T08:18:09.142,-9999999,K5,072.C-0488(E),Mayor,-9999999,HARPS_ech_obs_all,HARPS_ech_obs_thosimult,STAR_WAVE_K0,7.43658951252688E-06,3.4730276173126E-07,0,0,0
GJ150.0,55.81192,-9.76028,2454730.8510648,-5.492684,0.580644,-6167.054932,0.753864,-14.753858,0.164659,-6166.934961,0.121132,-14.444544,0.168599,-8.801019,3.428735,-10.77079,1.192763,0.472763,0.000177,0.222544,0.000189,0.30609,0.000247,128,6.455612,47.774798,0.017012,-6.3,440.7,2454730.85116,20.324919,20.324858,1.101,-9999999,0.57614,0.702257,0.556808,-0.456169,0.744068,0.41,100,-8.800371,3.315494,2008-09-21T08:20:20.779,-9999999,K5,072.C-0488(E),Mayor,-9999999,HARPS_ech_obs_all,HARPS_ech_obs_thosimult,STAR_WAVE_K0,7.38288694890855E-06,2.5480201792225E-07,0,0,0
GJ150.0,55.81192,-9.76028,2454730.8525874,-4.619849,0.58121,-6166.258034,0.754178,-13.881492,0.16664,-6166.140898,0.123067,-13.661975,0.170685,-7.270828,3.914965,-11.294874,1.149603,0.472556,0.000179,0.222567,0.000192,0.305127,0.00025,128,6.455048,47.777452,0.016622,-6.3,434.4,2454730.85269,20.320666,20.320572,0.938,-9999999,0.57614,0.701788,0.556809,-0.459004,0.744069,0.41,100,-7.280292,3.827387,2008-09-21T08:22:32.327,-9999999,K5,072.C-0488(E),Mayor,-9999999,HARPS_ech_obs_all,HARPS_ech_obs_thosimult,STAR_WAVE_K0,7.75112068395766E-06,3.69060931949999E-07,0,0,0
GJ150.0,55.81192,-9.76028,2454730.8540962,-2.506181,0.582192,-6164.211446,0.75484,-11.768289,0.170033,-6164.097119,0.127056,-11.496545,0.174085,-8.002288,3.556916,-11.626283,1.178887,0.472815,0.000186,0.222356,0.000199,0.306266,0.00026,128,6.454122,47.776159,0.01608,-6.3,418.9,2454730.85419,20.316452,20.316379,0.626,-9999999,0.57614,0.701324,0.55681,-0.461813,0.74407,0.4,100,-8.007078,3.46826,2008-09-21T08:24:43.675,-9999999,K5,072.C-0488(E),Mayor,-9999999,HARPS_ech_obs_all,HARPS_ech_obs_thosimult,STAR_WAVE_K0,7.51319984851232E-06,2.86100814629129E-07,0,0,0
GJ150.0,55.81192,-9.76028,2454730.8556317,0.36686,0.580971,-6161.635318,0.753975,-8.895721,0.165801,-6161.523849,0.121806,-8.613173,0.16987,-13.552983,3.611847,-10.711705,1.203226,0.473355,0.000179,0.222759,0.000191,0.306255,0.00025,128,6.455397,47.770628,0.016536,-6.3,437.1,2454730.85573,20.312163,20.31209,0.673,-9999999,0.576141,0.700851,0.55681,-0.464672,0.744071,0.41,100,-13.564208,3.552258,2008-09-21T08:26:55.333,-9999999,K5,072.C-0488(E),Mayor,-9999999,HARPS_ech_obs_all,HARPS_ech_obs_thosimult,STAR_WAVE_K0,7.46190582211348E-06,3.48070777640189E-07,0,0,0
GJ150.0,55.81192,-9.76028,2454730.8571429,1.079363,0.578764,-6160.811138,0.752755,-8.183683,0.157889,-6160.702483,0.114008,-7.913394,0.162334,-8.41056,3.330717,-11.568191,1.150593,0.473711,0.000167,0.22286,0.000178,0.30573,0.000233,128,6.455442,47.776794,0.016012,-6.3,468.4,2454730.85724,20.307943,20.307869,0.708,-9999999,0.576141,0.700385,0.556811,-0.467486,0.744072,0.4,100,-8.419905,3.270029,2008-09-21T08:29:06.891,-9999999,K5,072.C-0488(E),Mayor,-9999999,HARPS_ech_obs_all,HARPS_ech_obs_thosimult,STAR_WAVE_K0,7.18736243318879E-06,3.25698792151089E-07,0,0,0
GJ150.0,55.81192,-9.76028,2454730.858676,1.364256,0.579149,-6160.521941,0.753085,-7.899262,0.15929,-6160.41614,0.116158,-7.596007,0.163731,-11.951581,3.397463,-11.561119,1.162088,0.473886,0.00017,0.222262,0.000181,0.305803,0.000237,128,6.454764,47.779189,0.016627,-6.3,460.2,2454730.85878,20.303662,20.303581,0.77,-9999999,0.576142,0.699913,0.556812,-0.470341,0.744072,0.41,100,-11.975364,3.339554,2008-09-21T08:31:18.349,-9999999,K5,072.C-0488(E),Mayor,-9999999,HARPS_ech_obs_all,HARPS_ech_obs_thosimult,STAR_WAVE_K0,7.44365402584008E-06,3.01250064408386E-07,0,0,0
GJ150.0,55.81192,-9.76028,2454731.8355416,0.73124,0.766149,-6161.575078,0.731237,-8.690421,0.153322,-6160.949489,0.109575,-8.332932,0.158728,-5.745425,3.415814,-14.912458,1.166821,0.479407,0.000167,0.217791,0.000176,0.297927,0.000229,128,6.452998,47.801092,0.016455,-6.3,476.3,2454731.83564,20.087674,20.087617,0.63,-9999999,0.576456,0.541771,0.75065,0.049133,0.72298,0.41,100,-5.752809,3.352435,2008-09-22T07:57:53.854,-9999999,K5,072.C-0488(E),Mayor,-9999999,HARPS_ech_obs_all,HARPS_ech_obs_thosimult,STAR_WAVE_K0,7.46080908971445E-06,3.71597157865662E-07,0,0,0
GJ150.0,55.81192,-9.76028,2454731.8370404,3.345927,0.76663,-6158.846494,0.731599,-6.076195,0.155707,-6158.223694,0.111964,-5.742893,0.160749,-7.48137,3.091268,-15.035604,1.142414,0.479323,0.00017,0.217624,0.000179,0.298399,0.000234,128,6.453078,47.798189,0.016521,-6.3,465.9,2454731.83713,20.083494,20.083462,0.805,-9999999,0.576457,0.541309,0.750651,0.046343,0.722981,0.39,100,-7.491934,3.046305,2008-09-22T08:00:05.342,-9999999,K5,072.C-0488(E),Mayor,-9999999,HARPS_ech_obs_all,HARPS_ech_obs_thosimult,STAR_WAVE_K0,7.64695770708568E-06,3.46902212278605E-07,0,0,0
GJ150.0,55.81192,-9.76028,2454731.8385861,4.804954,0.767532,-6157.573191,0.732199,-4.617644,0.160087,-6156.953269,0.115814,-4.256967,0.165149,-6.723517,3.114953,-15.967568,1.208057,0.479005,0.000179,0.217578,0.000187,0.298589,0.000244,128,6.451833,47.804079,0.016591,-6.3,446.5,2454731.83868,20.079179,20.079114,0.881,-9999999,0.576457,0.540833,0.750652,0.043465,0.722982,0.41,100,-6.731823,3.088068,2008-09-22T08:02:16.880,-9999999,K5,072.C-0488(E),Mayor,-9999999,HARPS_ech_obs_all,HARPS_ech_obs_thosimult,STAR_WAVE_K0,7.53410679200845E-06,3.75655770179817E-07,0,0,0
GJ150.0,55.81192,-9.76028,2454731.8401068,4.212083,0.768065,-6158.06202,0.732422,-5.210984,0.162617,-6157.444929,0.117211,-4.840225,0.167943,-4.249839,3.534467,-15.863701,1.189327,0.479334,0.000183,0.218011,0.000191,0.298363,0.000249,128,6.452162,47.80103,0.016073,-6.3,438.9,2454731.84021,20.074932,20.074857,0.54,-9999999,0.576458,0.540365,0.750652,0.040633,0.722983,0.41,100,-4.260691,3.501481,2008-09-22T08:04:28.258,-9999999,K5,072.C-0488(E),Mayor,-9999999,HARPS_ech_obs_all,HARPS_ech_obs_thosimult,STAR_WAVE_K0,7.75568719684881E-06,3.22952643851655E-07,0,0,0
GJ150.0,55.81192,-9.76028,2454731.8416204,2.13794,0.769256,-6159.786292,0.733436,-7.285593,0.168152,-6159.172019,0.123386,-6.98116,0.172806,-6.415749,3.114426,-13.904066,1.197064,0.479255,0.000191,0.217751,0.0002,0.298218,0.00026,128,6.452148,47.787705,0.017483,-6.3,418.9,2454731.84171,20.070701,20.070632,0.582,-9999999,0.576458,0.539898,0.750653,0.037815,0.722983,0.4,100,-6.414859,3.05976,2008-09-22T08:06:40.026,-9999999,K5,072.C-0488(E),Mayor,-9999999,HARPS_ech_obs_all,HARPS_ech_obs_thosimult,STAR_WAVE_K0,7.84441241939158E-06,3.38832724577252E-07,0,0,0
GJ150.0,55.81192,-9.76028,2454731.8431434,-0.804234,0.769498,-6162.948958,0.733402,-10.228236,0.169253,-6162.33752,0.123174,-9.869893,0.173718,-4.275759,3.474923,-12.266951,1.171303,0.479132,0.000189,0.217975,0.000198,0.29846,0.000258,128,6.453412,47.777365,0.017509,-6.3,422.3,2454731.84324,20.066443,20.06637,0.464,-9999999,0.576459,0.539429,0.750654,0.034979,0.722984,0.4,100,-4.277426,3.395465,2008-09-22T08:08:51.603,-9999999,K5,072.C-0488(E),Mayor,-9999999,HARPS_ech_obs_all,HARPS_ech_obs_thosimult,STAR_WAVE_K0,7.60424498262785E-06,3.24541487235999E-07,0,0,0
GJ150.0,55.81192,-9.76028,2454731.8446803,-5.624367,0.773671,-6167.6273,0.737122,-15.048842,0.187312,-6167.018724,0.14367,-14.76426,0.191382,-2.861531,3.454404,-10.469853,1.188733,0.478724,0.000218,0.217932,0.00023,0.298421,0.000299,0,6.455597,47.764168,0.017406,-6.3,364.5,2454731.84478,20.062144,20.062074,0.447,-9999999,0.576459,0.538956,0.750654,0.032117,0.722985,0.41,100,-2.863608,3.333664,2008-09-22T08:11:03.381,-9999999,K5,072.C-0488(E),Mayor,-9999999,HARPS_ech_obs_all,HARPS_ech_obs_thosimult,STAR_WAVE_K0,7.26074704854322E-06,4.29153763732476E-07,0,0,0
GJ150.0,55.81192,-9.76028,2454732.780779,-1.928533,0.884057,-6164.242043,0.999315,-11.302904,0.223241,-6163.267631,0.179865,-11.072246,0.227299,-6.983571,3.589772,-17.089821,1.346251,0.479758,0.000273,0.217157,0.000288,0.299796,0.000377,0,6.448477,47.806792,0.017736,-6.3,290.8,2454732.78087,19.949308,19.949271,0.241,-9999999,0.576761,0.58906,0.855406,0.397651,0.982994,0.42,100,-6.996897,3.515602,2008-09-23T06:38:55.939,-9999999,K5,072.C-0488(E),Mayor,-9999999,HARPS_ech_obs_all,HARPS_ech_obs_thosimult,STAR_WAVE_K0,7.82597452844719E-06,3.96311765652911E-07,0,0,0
GJ150.0,55.81192,-9.76028,2454732.7823072,-0.391705,0.882386,-6162.961884,0.998093,-9.766547,0.21653,-6161.990317,0.172948,-9.476015,0.220641,-8.148179,3.498137,-16.283001,1.3096,0.479559,0.00026,0.217263,0.000276,0.299873,0.000361,0,6.449454,47.802216,0.016859,-6.3,303.7,2454732.7824,19.945353,19.945326,0.234,-9999999,0.576761,0.58859,0.855406,0.394806,0.982995,0.42,100,-8.164181,3.428207,2008-09-23T06:41:07.967,-9999999,K5,072.C-0488(E),Mayor,-9999999,HARPS_ech_obs_all,HARPS_ech_obs_thosimult,STAR_WAVE_K0,7.52088648975934E-06,3.38281981928473E-07,0,0,0
GJ150.0,55.81192,-9.76028,2454732.7837752,1.157503,0.8929,-6161.255564,1.005085,-8.217791,0.256028,-6160.286729,0.209563,-7.942859,0.259644,-6.673767,4.138277,-15.693025,1.480598,0.479896,0.000315,0.216514,0.000333,0.300202,0.000437,0,6.45116,47.789883,0.017941,-6.3,251.2,2454732.78386,19.94154,19.941546,0.209,-9999999,0.576762,0.588138,0.855407,0.392073,0.982995,0.38,100,-6.6859,4.094351,2008-09-23T06:43:18.795,-9999999,K5,072.C-0488(E),Mayor,-9999999,HARPS_ech_obs_all,HARPS_ech_obs_thosimult,STAR_WAVE_K0,7.80347067376068E-06,4.30785373650702E-07,0,0,0
GJ150.0,55.81192,-9.76028,2454732.7853248,3.465615,0.87517,-6159.139444,0.993195,-5.910156,0.184936,-6158.173495,0.141972,-5.570328,0.189653,-6.529787,3.873838,-15.852943,1.233175,0.479555,0.000214,0.217157,0.000227,0.298704,0.000296,0,6.451114,47.801777,0.016681,-6.3,369.1,2454732.78542,19.9375,19.937454,0.568,-9999999,0.576762,0.58766,0.855407,0.389187,0.982996,0.4,100,-6.549488,3.837997,2008-09-23T06:45:30.673,-9999999,K5,072.C-0488(E),Mayor,-9999999,HARPS_ech_obs_all,HARPS_ech_obs_thosimult,STAR_WAVE_K0,7.73943598711159E-06,3.32823638504143E-07,0,0,0
GJ150.0,55.81192,-9.76028,2454732.786848,3.431089,0.885194,-6158.905627,0.999971,-5.945151,0.2277,-6157.942513,0.183468,-5.650717,0.231797,-3.285617,3.616287,-15.892151,1.322453,0.479926,0.000278,0.217684,0.000294,0.299184,0.000384,0,6.448854,47.798875,0.017296,-6.3,285.4,2454732.78694,19.933515,19.933496,0.49,-9999999,0.576763,0.587191,0.855407,0.386351,0.982996,0.4,100,-3.295587,3.582078,2008-09-23T06:47:42.261,-9999999,K5,072.C-0488(E),Mayor,-9999999,HARPS_ech_obs_all,HARPS_ech_obs_thosimult,STAR_WAVE_K0,7.6374800838127E-06,2.67382377769539E-07,0,0,0
GJ150.0,55.81192,-9.76028,2454732.7883285,4.854917,0.887174,-6158.018822,1.001199,-4.521779,0.235276,-6157.058464,0.190049,-4.207533,0.238864,-8.354407,3.511381,-14.406209,1.303147,0.480403,0.000289,0.216733,0.000305,0.30028,0.000399,0,6.45091,47.788395,0.016217,-6.3,275,2454732.78841,19.929628,19.929645,0.568,-9999999,0.576763,0.586735,0.855408,0.383595,0.982996,0.36,100,-8.357449,3.489976,2008-09-23T06:49:54.170,-9999999,K5,072.C-0488(E),Mayor,-9999999,HARPS_ech_obs_all,HARPS_ech_obs_thosimult,STAR_WAVE_K0,7.86179356556286E-06,4.7121422394599E-07,0,0,0
GJ150.0,55.81192,-9.76028,2454732.789984,3.565141,0.887087,-6158.914141,1.001086,-5.812065,0.234947,-6157.956865,0.189451,-5.588684,0.23878,-3.563084,3.496197,-14.33715,1.368381,0.480395,0.000288,0.217751,0.000305,0.29925,0.000398,0,6.450061,47.785433,0.017606,-6.3,275.6,2454732.7901,19.925267,19.925175,0.794,-9999999,0.576764,0.586225,0.855408,0.380512,0.982997,0.47,100,-3.576927,3.465983,2008-09-23T06:52:06.197,-9999999,K5,072.C-0488(E),Mayor,-9999999,HARPS_ech_obs_all,HARPS_ech_obs_thosimult,STAR_WAVE_K0,7.61817777635979E-06,4.09002727288511E-07,0,0,0
GJ150.0,55.81192,-9.76028,2454734.8332056,1.354477,0.741135,-6160.430018,0.75177,-8.302646,0.219118,-6160.430412,0.175562,-8.052598,0.223187,-0.145871,3.733401,-17.736615,1.40456,0.479433,0.000263,0.217875,0.00028,0.298812,0.000365,0,6.448667,47.807269,0.016293,-6.3,299.5,2454734.8333,19.213495,19.213471,0.586,-9999999,0.577421,0.306308,0.708004,-0.577815,0.730983,0.37,60,-0.158899,3.683438,2008-09-25T07:54:33.869,-9999999,K5,072.C-0488(E),Mayor,-9999999,HARPS_ech_obs_all,HARPS_ech_obs_thosimult,STAR_WAVE_K0,7.59423391400888E-06,3.91390721728693E-07,0,0,0
GJ150.0,55.81192,-9.76028,2454734.8342293,-0.852182,0.755091,-6162.482719,0.760984,-10.509621,0.262475,-6162.485019,0.211568,-10.301376,0.265178,-3.335526,3.842764,-10.686823,1.463817,0.47961,0.00031,0.217801,0.000332,0.300105,0.000433,0,6.454723,47.764239,0.016328,-6.3,252.3,2454734.8343,19.210613,19.210643,1.019,-9999999,0.577421,0.305993,0.708004,-0.579721,0.730983,0.31,60,-3.335107,3.784945,2008-09-25T07:56:05.914,-9999999,K5,072.C-0488(E),Mayor,-9999999,HARPS_ech_obs_all,HARPS_ech_obs_thosimult,STAR_WAVE_K0,7.86397267209595E-06,3.80747892609735E-07,0,0,0
GJ150.0,55.81192,-9.76028,2454734.8352221,-0.899961,1.538574,-6164.995363,1.523366,-10.557705,1.365994,-6164.999511,1.336528,-10.272038,1.368618,-18.836753,9.732717,-6.105047,3.943569,0.477724,0.001693,0.218448,0.001913,0.301928,0.002474,0,6.460817,47.618937,0.011337,-6.3,48.5,2454734.83526,19.207818,19.207915,0.922,-9999999,0.577422,0.305687,0.708004,-0.58157,0.730984,0.2,60,-18.879595,9.71418,2008-09-25T07:57:38.280,-9999999,K5,072.C-0488(E),Mayor,-9999999,HARPS_ech_obs_all,HARPS_ech_obs_thosimult,STAR_WAVE_K0,9.50366676632214E-06,9.08842723651707E-07,0,0,0
GJ150.0,55.81192,-9.76028,2454734.8363823,-4.760755,4.538337,-6161.893452,4.821393,-14.418857,4.482771,-6161.89976,4.765658,-14.269614,4.488442,13.963752,41.607937,43.842132,12.262142,0.477977,0.005256,0.207255,0.00691,0.302069,0.008731,0,6.461951,46.921624,0.009093,-6.3,17.4,2454734.83646,19.20455,19.204565,0,-9999999,0.577422,0.30533,0.708005,-0.58373,0.730984,0.34,60,13.99632,41.617646,2008-09-25T07:59:10.116,-9999999,K5,072.C-0488(E),Mayor,-9999999,HARPS_ech_obs_all,HARPS_ech_obs_thosimult,STAR_WAVE_K0,-9999999,-9999999,-9999999,-9999999,-9999999
GJ150.0,55.81192,-9.76028,2454734.8379681,0.624018,0.739562,-6160.9936,0.750912,-9.034572,0.213728,-6161.00286,0.171842,-8.818541,0.21798,-5.158601,3.766468,-16.883682,1.364272,0.479289,0.000258,0.217313,0.000274,0.299948,0.000358,0,6.448665,47.800376,0.017252,-6.3,305.7,2454734.83805,19.200082,19.200075,0.687,-9999999,0.577423,0.304841,0.708006,-0.586683,0.730985,0.36,60,-5.174419,3.712204,2008-09-25T08:01:25.924,-9999999,K5,072.C-0488(E),Mayor,-9999999,HARPS_ech_obs_all,HARPS_ech_obs_thosimult,STAR_WAVE_K0,7.71077821965286E-06,3.55452264096341E-07,0,0,0
GJ150.0,55.81192,-9.76028,2454734.839032,0.380534,0.738416,-6161.196654,0.750001,-9.278384,0.209729,-6161.207895,0.167813,-9.06981,0.214019,0.897449,3.799485,-16.635281,1.363756,0.479089,0.000253,0.217811,0.000268,0.299611,0.00035,0,6.449801,47.800126,0.018243,-6.3,312.7,2454734.83912,19.197083,19.197052,0.557,-9999999,0.577423,0.304513,0.708006,-0.588664,0.730986,0.36,60,0.88046,3.744155,2008-09-25T08:02:57.839,-9999999,K5,072.C-0488(E),Mayor,-9999999,HARPS_ech_obs_all,HARPS_ech_obs_thosimult,STAR_WAVE_K0,7.51142266509315E-06,3.0859763573111E-07,0,0,0
GJ150.0,55.81192,-9.76028,2454734.8400707,2.253223,0.752188,-6159.559772,0.760207,-7.406015,0.253995,-6159.572947,0.208744,-7.270029,0.257186,-4.290203,3.519942,-14.264035,1.459308,0.479247,0.000327,0.217569,0.000342,0.299279,0.000446,0,6.449798,47.780713,0.017143,-6.3,245.2,2454734.84015,19.194155,19.194155,0,-9999999,0.577423,0.304193,0.708007,-0.590598,0.730986,0.32,60,-4.286248,3.475052,2008-09-25T08:04:29.975,-9999999,K5,072.C-0488(E),Mayor,-9999999,HARPS_ech_obs_all,HARPS_ech_obs_thosimult,STAR_WAVE_K0,7.07262506999695E-06,3.3059345629328E-07,0,0,0
GJ150.0,55.81192,-9.76028,2454734.8411686,3.044012,0.757056,-6159.242386,0.763356,-6.615564,0.268066,-6159.257604,0.219935,-6.410868,0.271216,-8.004729,3.773309,-12.988744,1.606581,0.478927,0.000355,0.218788,0.000369,0.299254,0.000479,0,6.451583,47.772993,0.017513,-6.3,228.8,2454734.84125,19.19106,19.191063,0.778,-9999999,0.577424,0.303855,0.708007,-0.592642,0.730987,0.37,60,-8.010849,3.737981,2008-09-25T08:06:01.831,-9999999,K5,072.C-0488(E),Mayor,-9999999,HARPS_ech_obs_all,HARPS_ech_obs_thosimult,STAR_WAVE_K0,7.18367406327022E-06,3.31671351126364E-07,0,0,0
GJ150.0,55.81192,-9.76028,2454734.8422314,-1.756028,0.741053,-6163.282349,0.751477,-11.415931,0.218827,-6163.299546,0.174286,-11.199029,0.222372,1.322535,3.404926,-13.768675,1.343278,0.479021,0.000258,0.218499,0.000276,0.299619,0.00036,0,6.451244,47.782084,0.018024,-6.3,304.1,2454734.84231,19.188064,19.188068,0.97,-9999999,0.577424,0.303528,0.708007,-0.594621,0.730987,0.37,60,1.316708,3.325267,2008-09-25T08:07:33.646,-9999999,K5,072.C-0488(E),Mayor,-9999999,HARPS_ech_obs_all,HARPS_ech_obs_thosimult,STAR_WAVE_K0,7.40806452596926E-06,3.29261882807239E-07,0,0,0
GJ150.0,55.81192,-9.76028,2454734.8432879,-0.362759,0.745259,-6162.208826,0.754337,-10.022988,0.23267,-6162.22799,0.186229,-9.720175,0.236011,-6.786956,3.208601,-10.796911,1.398841,0.479453,0.000272,0.217995,0.000292,0.298845,0.00038,0,6.454426,47.763439,0.017408,-6.3,286.8,2454734.84338,19.185086,19.185044,0.752,-9999999,0.577424,0.303203,0.708008,-0.596588,0.730988,0.37,60,-6.794638,3.138761,2008-09-25T08:09:04.922,-9999999,K5,072.C-0488(E),Mayor,-9999999,HARPS_ech_obs_all,HARPS_ech_obs_thosimult,STAR_WAVE_K0,7.57851516959459E-06,2.47125672356535E-07,0,0,0
GJ150.0,55.81192,-9.76028,2454734.8443448,-0.613714,0.747272,-6162.479276,0.755888,-10.274268,0.23904,-6162.500407,0.192414,-10.059192,0.241957,-4.110002,3.456268,-7.765145,1.547546,0.479621,0.000282,0.218321,0.000302,0.299603,0.000394,0,6.456802,47.74249,0.017007,-6.3,277.6,2454734.84443,19.182106,19.182082,0.925,-9999999,0.577425,0.302877,0.708008,-0.598556,0.730988,0.37,60,-4.117882,3.389754,2008-09-25T08:10:36.238,-9999999,K5,072.C-0488(E),Mayor,-9999999,HARPS_ech_obs_all,HARPS_ech_obs_thosimult,STAR_WAVE_K0,7.8309027622279E-06,2.97731901649839E-07,0,0,0
GJ150.0,55.81192,-9.76028,2454734.8453922,-0.197735,0.757032,-6162.291524,0.762753,-9.858612,0.267995,-6162.314605,0.217825,-9.680253,0.270353,-6.268596,3.968924,-5.347454,1.535046,0.480452,0.000317,0.218643,0.000341,0.300109,0.000445,0,6.458654,47.727268,0.017523,-6.3,246.1,2454734.84547,19.179154,19.179153,0,-9999999,0.577425,0.302554,0.708009,-0.600506,0.730989,0.35,60,-6.28014,3.914924,2008-09-25T08:12:07.923,-9999999,K5,072.C-0488(E),Mayor,-9999999,HARPS_ech_obs_all,HARPS_ech_obs_thosimult,STAR_WAVE_K0,7.83592079425341E-06,4.20908402849811E-07,0,0,0
GJ150.0,55.81192,-9.76028,2454734.8464639,-0.84995,0.766257,-6162.921926,0.769432,-10.511157,0.293039,-6162.947003,0.240168,-10.357522,0.295223,-7.24488,4.096534,-3.873426,1.679699,0.481187,0.00035,0.218567,0.000376,0.299316,0.000489,0,6.459297,47.722465,0.015415,-6.3,223.5,2454734.84655,19.176133,19.176126,0.624,-9999999,0.577425,0.302224,0.708009,-0.602502,0.730989,0.37,60,-7.257076,4.038343,2008-09-25T08:13:39.308,-9999999,K5,072.C-0488(E),Mayor,-9999999,HARPS_ech_obs_all,HARPS_ech_obs_thosimult,STAR_WAVE_K0,7.17352104720042E-06,3.63705202320767E-07,0,0,0
GJ150.0,55.81192,-9.76028,2454734.8475331,0.355722,0.762942,-6161.705623,0.767091,-9.305814,0.284257,-6161.73269,0.232556,-9.135287,0.286755,-5.919237,3.704486,-6.191312,1.65818,0.479529,0.000338,0.218754,0.000364,0.299744,0.000474,0,6.458863,47.731295,0.015717,-6.3,230.7,2454734.84763,19.17312,19.17307,0.396,-9999999,0.577426,0.301895,0.70801,-0.604493,0.73099,0.38,60,-5.931438,3.650968,2008-09-25T08:15:11.084,-9999999,K5,072.C-0488(E),Mayor,-9999999,HARPS_ech_obs_all,HARPS_ech_obs_thosimult,STAR_WAVE_K0,-9999999,-9999999,-9999999,-9999999,-9999999
GJ150.0,55.81192,-9.76028,2454737.8438222,1.977829,0.579358,-6160.573218,0.581934,-7.001845,0.194329,-6158.906647,0.154016,-6.742601,0.198091,-7.368243,3.451197,-9.917244,1.333672,0.478477,0.000228,0.217631,0.000243,0.305566,0.000317,0,6.456088,47.767582,0.017056,-6.3,344.5,2454737.84382,18.244596,18.244851,0,-9999999,0.57839,0.983757,0.545795,1.088181,0.561183,0.5,100,-7.383543,3.397628,2008-09-28T08:09:07.086,-9999999,K5,072.C-0488(E),Mayor,-9999999,HARPS_ech_obs_all,HARPS_ech_obs_thosimult,STAR_WAVE_K0,7.54493399662311E-06,3.39367901990783E-07,0,0,0
GJ150.0,55.81192,-9.76028,2454737.8453376,3.044812,0.571232,-6159.584376,0.575631,-5.935329,0.168563,-6157.920626,0.128154,-5.663805,0.172592,-8.35847,3.128035,-9.42368,1.208708,0.478019,0.000189,0.217075,0.000202,0.305268,0.000263,128,6.457631,47.767032,0.017156,-6.3,414.4,2454737.84534,18.240303,18.240537,0,-9999999,0.578391,0.98329,0.545796,1.085359,0.561184,0.5,100,-8.370072,3.080206,2008-09-28T08:11:18.014,-9999999,K5,072.C-0488(E),Mayor,-9999999,HARPS_ech_obs_all,HARPS_ech_obs_thosimult,STAR_WAVE_K0,7.45691345866693E-06,3.35425199171271E-07,0,0,0
GJ150.0,55.81192,-9.76028,2454737.8468599,3.316452,0.568689,-6159.253567,0.57375,-5.664158,0.159729,-6157.592651,0.119418,-5.327064,0.164069,-8.32943,3.072394,-10.103947,1.177979,0.478421,0.000177,0.217778,0.000189,0.305487,0.000246,128,6.458431,47.768518,0.017044,-6.3,443.3,2454737.84685,18.235992,18.236254,0,-9999999,0.578391,0.982821,0.545797,1.082525,0.561185,0.5,100,-8.353348,3.021854,2008-09-28T08:13:29.532,-9999999,K5,072.C-0488(E),Mayor,-9999999,HARPS_ech_obs_all,HARPS_ech_obs_thosimult,STAR_WAVE_K0,7.2903172000113E-06,3.2490514687563E-07,0,0,0
GJ150.0,55.81192,-9.76028,2454737.8483895,3.811105,0.572914,-6158.654906,0.577233,-5.169976,0.174171,-6156.996837,0.135158,-4.944812,0.178215,-9.907599,3.034171,-9.62956,1.277143,0.478257,0.000198,0.218409,0.000213,0.306184,0.000277,0,6.456556,47.765804,0.016134,-6.3,394.2,2454737.84838,18.231664,18.231941,0,-9999999,0.578392,0.98235,0.545797,1.079677,0.561186,0.5,100,-9.926562,2.988546,2008-09-28T08:15:41.680,-9999999,K5,072.C-0488(E),Mayor,-9999999,HARPS_ech_obs_all,HARPS_ech_obs_thosimult,STAR_WAVE_K0,7.98082796715604E-06,3.05604546754919E-07,0,0,0
GJ150.0,55.81192,-9.76028,2454737.8499139,2.397323,0.572097,-6160.227899,0.576404,-6.584228,0.171462,-6158.572669,0.13157,-6.298046,0.175301,-7.966025,3.0554,-9.059285,1.278075,0.478058,0.000194,0.217545,0.000207,0.305558,0.00027,128,6.457575,47.765257,0.016232,-6.3,403.5,2454737.84991,18.227354,18.227602,0,-9999999,0.578392,0.981881,0.545798,1.076838,0.561187,0.5,100,-7.976641,2.998837,2008-09-28T08:17:53.378,-9999999,K5,072.C-0488(E),Mayor,-9999999,HARPS_ech_obs_all,HARPS_ech_obs_thosimult,STAR_WAVE_K0,7.6670539524767E-06,3.71532099061895E-07,0,0,0
GJ150.0,55.81192,-9.76028,2454737.8514358,1.006824,0.584106,-6161.282058,0.585736,-7.975195,0.208046,-6159.629661,0.167792,-7.687045,0.211325,-8.163569,3.162409,-7.785431,1.343372,0.478742,0.000248,0.217779,0.000264,0.30541,0.000344,0,6.456726,47.752141,0.016641,-6.3,316.6,2454737.85143,18.223054,18.223328,0,-9999999,0.578393,0.981412,0.545799,1.074004,0.561189,0.5,100,-8.171488,3.096934,2008-09-28T08:20:04.866,-9999999,K5,072.C-0488(E),Mayor,-9999999,HARPS_ech_obs_all,HARPS_ech_obs_thosimult,STAR_WAVE_K0,7.67790314012246E-06,3.18356425660617E-07,0,0,0
GJ150.0,55.81192,-9.76028,2454737.8529592,-0.246235,0.586657,-6162.862988,0.587546,-9.228724,0.215102,-6161.213427,0.174002,-8.990187,0.21829,-7.19638,3.412003,-7.074076,1.435026,0.478364,0.000255,0.217992,0.000273,0.305505,0.000356,0,6.457263,47.743657,0.016088,-6.3,306.7,2454737.85295,18.218754,18.219026,0,-9999999,0.578393,0.980943,0.5458,1.071168,0.56119,0.5,100,-7.209496,3.346325,2008-09-28T08:22:16.474,-9999999,K5,072.C-0488(E),Mayor,-9999999,HARPS_ech_obs_all,HARPS_ech_obs_thosimult,STAR_WAVE_K0,7.0703670413782E-06,3.09561432393167E-07,0,0,0
GJ150.0,55.81192,-9.76028,2454737.8544824,-2.432076,0.587857,-6164.756254,0.58842,-11.415034,0.21835,-6163.109528,0.176925,-11.194034,0.2216,-6.319004,3.729942,-7.268483,1.427512,0.478249,0.000261,0.217944,0.000279,0.304811,0.000363,0,6.457,47.745643,0.016482,-6.3,300.2,2454737.85448,18.214458,18.214699,0,-9999999,0.578394,0.980474,0.545801,1.068332,0.561191,0.5,100,-6.32026,3.651527,2008-09-28T08:24:28.072,-9999999,K5,072.C-0488(E),Mayor,-9999999,HARPS_ech_obs_all,HARPS_ech_obs_thosimult,STAR_WAVE_K0,7.96365127402467E-06,3.62237709755981E-07,0,0,0
GJ150.0,55.81192,-9.76028,2454742.8278404,-5.138128,0.810692,-6167.917387,0.810753,-11.455279,0.1786,-6163.139495,0.137418,-11.17043,0.18341,-0.611518,3.672914,-13.512721,1.23874,0.478725,0.000205,0.218342,0.000218,0.305743,0.000284,0,6.454405,47.786536,0.018411,-6.3,384,2454742.82794,16.606477,16.606444,0.448,-9999999,0.579994,3.64628,0.790774,4.197898,0.799023,0.44,290,-0.62065,3.584979,2008-10-03T07:44:23.588,-9999999,K5,072.C-0488(E),Mayor,-9999999,HARPS_ech_obs_all,HARPS_ech_obs_thosimult,STAR_WAVE_K0,7.74121848710641E-06,3.59344705271265E-07,0,0,0
GJ150.0,55.81192,-9.76028,2454742.8316289,-2.720918,0.819868,-6165.476859,0.817619,-9.039236,0.216467,-6160.70602,0.17338,-8.783817,0.220659,-1.443763,3.897553,-15.053954,1.377652,0.479657,0.000263,0.218485,0.000278,0.305593,0.000362,0,6.452066,47.792581,0.018655,-6.3,301.8,2454742.83174,16.595633,16.595574,0.408,-9999999,0.579995,3.645113,0.790775,4.190844,0.799024,0.46,290,-1.455821,3.837123,2008-10-03T07:49:45.097,-9999999,K5,072.C-0488(E),Mayor,-9999999,HARPS_ech_obs_all,HARPS_ech_obs_thosimult,STAR_WAVE_K0,7.34955452322753E-06,3.67120144236928E-07,0,0,0
GJ150.0,55.81192,-9.76028,2454742.8351484,1.241952,0.813793,-6161.881492,0.812927,-5.07745,0.192176,-6157.117204,0.149691,-4.792295,0.197163,-1.447345,4.052141,-13.744489,1.278858,0.479302,0.000227,0.219062,0.000241,0.306005,0.000313,0,6.453951,47.7856,0.017122,-6.3,349.3,2454742.83525,16.585571,16.585543,0.692,-9999999,0.579997,3.644029,0.790777,4.184291,0.799026,0.4,290,-1.46711,4.026604,2008-10-03T07:55:06.566,-9999999,K5,072.C-0488(E),Mayor,-9999999,HARPS_ech_obs_all,HARPS_ech_obs_thosimult,STAR_WAVE_K0,7.52121033447757E-06,3.52677961966201E-07,0,0,0
GJ150.0,55.81192,-9.76028,2454744.8135379,-0.435398,0.879148,-6162.737843,0.996024,-9.763758,0.2029,-6161.659842,0.160528,-9.535409,0.207334,-3.868543,3.811837,-13.393566,1.263214,0.473811,0.000234,0.217526,0.000251,0.307303,0.000328,0,6.451332,47.784662,0.01725,-6.3,334,2454744.81362,15.936855,15.93688,0.135,-9999999,0.580633,0.635072,0.855414,0.497368,0.983003,0.32,40,-3.880244,3.744611,2008-10-05T07:25:33.337,-9999999,K5,072.C-0488(E),Mayor,-9999999,HARPS_ech_obs_all,HARPS_ech_obs_thosimult,STAR_WAVE_K0,7.75651855924725E-06,3.18439021791959E-07,0,0,0
GJ150.0,55.81192,-9.76028,2454744.8143717,-0.188839,0.876946,-6162.380101,0.994617,-9.517456,0.193132,-6161.303651,0.151546,-9.279108,0.197584,-2.622409,3.882671,-13.320422,1.291105,0.473464,0.000222,0.218135,0.000238,0.306893,0.000311,0,6.453003,47.778675,0.017741,-6.3,352.3,2454744.81445,15.934458,15.934489,0.447,-9999999,0.580634,0.634815,0.855415,0.495816,0.983004,0.32,40,-2.638958,3.815591,2008-10-05T07:26:45.371,-9999999,K5,072.C-0488(E),Mayor,-9999999,HARPS_ech_obs_all,HARPS_ech_obs_thosimult,STAR_WAVE_K0,7.61034396430556E-06,2.86482682662945E-07,0,0,0
GJ150.0,55.81192,-9.76028,2454744.8151876,0.388543,0.878152,-6162.004702,0.995428,-8.940325,0.198535,-6160.929771,0.156784,-8.681862,0.202813,-0.378263,3.312495,-12.533356,1.313288,0.473679,0.00023,0.217589,0.000247,0.307097,0.000323,0,6.452741,47.773855,0.017193,-6.3,339.7,2454744.81526,15.932111,15.932164,0.476,-9999999,0.580634,0.634563,0.855415,0.494297,0.983004,0.32,40,-0.393844,3.245516,2008-10-05T07:27:55.865,-9999999,K5,072.C-0488(E),Mayor,-9999999,HARPS_ech_obs_all,HARPS_ech_obs_thosimult,STAR_WAVE_K0,7.31693164085339E-06,3.22999865339214E-07,0,0,0
GJ150.0,55.81192,-9.76028,2454744.8160025,-0.08101,0.877751,-6162.282975,0.995187,-9.410129,0.196753,-6161.209562,0.155243,-9.17017,0.201441,-5.397442,3.530673,-13.590281,1.391241,0.473437,0.000229,0.218034,0.000245,0.306941,0.00032,0,6.452815,47.780236,0.017189,-6.3,342,2454744.81607,15.929767,15.929811,0.704,-9999999,0.580634,0.634312,0.855415,0.492779,0.983004,0.32,40,-5.405219,3.46439,2008-10-05T07:29:06.270,-9999999,K5,072.C-0488(E),Mayor,-9999999,HARPS_ech_obs_all,HARPS_ech_obs_thosimult,STAR_WAVE_K0,7.53168651677429E-06,2.87298316332539E-07,0,0,0
GJ150.0,55.81192,-9.76028,2454744.8168365,0.466016,0.876808,-6161.876029,0.994547,-8.86336,0.192502,-6160.804169,0.151084,-8.622346,0.197436,-6.245028,3.487984,-15.053571,1.304043,0.474256,0.000222,0.217291,0.000237,0.307446,0.000311,0,6.452085,47.793745,0.017517,-6.3,352.5,2454744.81692,15.927369,15.927386,0.726,-9999999,0.580634,0.634056,0.855415,0.491226,0.983004,0.33,40,-6.243975,3.42421,2008-10-05T07:30:17.924,-9999999,K5,072.C-0488(E),Mayor,-9999999,HARPS_ech_obs_all,HARPS_ech_obs_thosimult,STAR_WAVE_K0,7.88326593117163E-06,4.22024852753381E-07,0,0,0
GJ150.0,55.81192,-9.76028,2454744.8176637,-0.721439,0.877882,-6162.927019,0.995188,-10.05107,0.197333,-6161.856698,0.155246,-9.799595,0.201715,-5.338509,3.218866,-13.019088,1.308547,0.47364,0.000232,0.217796,0.000247,0.306932,0.000323,0,6.452182,47.780524,0.016491,-6.3,339.3,2454744.81774,15.92499,15.925028,0.861,-9999999,0.580635,0.633801,0.855416,0.489686,0.983005,0.32,40,-5.353156,3.142153,2008-10-05T07:31:29.788,-9999999,K5,072.C-0488(E),Mayor,-9999999,HARPS_ech_obs_all,HARPS_ech_obs_thosimult,STAR_WAVE_K0,7.89289017351788E-06,2.88144205879782E-07,0,0,0
GJ150.0,55.81192,-9.76028,2454744.8184968,-1.299508,0.878738,-6163.37823,0.995858,-10.629395,0.201106,-6162.30946,0.15948,-10.369205,0.205606,-1.38974,3.545828,-13.731755,1.291961,0.473658,0.000235,0.218081,0.000252,0.307272,0.000329,0,6.45217,47.782266,0.017802,-6.3,333.1,2454744.81857,15.922594,15.922638,0.163,-9999999,0.580635,0.633544,0.855416,0.488135,0.983005,0.33,40,-1.402817,3.461575,2008-10-05T07:32:41.362,-9999999,K5,072.C-0488(E),Mayor,-9999999,HARPS_ech_obs_all,HARPS_ech_obs_thosimult,STAR_WAVE_K0,7.20111882713324E-06,3.17211252252184E-07,0,0,0
GJ150.0,55.81192,-9.76028,2454744.8193221,-2.779953,0.876566,-6164.877483,0.994378,-12.110094,0.191395,-6163.81025,0.14996,-11.868982,0.195872,-4.022838,3.484459,-13.188697,1.287996,0.473327,0.000219,0.217707,0.000235,0.30668,0.000307,0,6.453525,47.779781,0.017025,-6.3,356.1,2454744.81939,15.920221,15.92028,0.593,-9999999,0.580635,0.63329,0.855416,0.486598,0.983005,0.32,40,-4.034524,3.39568,2008-10-05T07:33:53.067,-9999999,K5,072.C-0488(E),Mayor,-9999999,HARPS_ech_obs_all,HARPS_ech_obs_thosimult,STAR_WAVE_K0,6.99578928183199E-06,3.75250312273812E-07,0,0,0
GJ150.0,55.81192,-9.76028,2454744.8201528,-3.300579,0.875936,-6165.470864,0.993881,-12.630976,0.188485,-6164.405177,0.146626,-12.32448,0.193192,-4.372806,3.399567,-13.483573,1.296962,0.473553,0.000217,0.217308,0.000232,0.306916,0.000303,0,6.453111,47.781939,0.01685,-6.3,361.2,2454744.82023,15.917833,15.91786,0.495,-9999999,0.580635,0.633034,0.855416,0.485052,0.983005,0.32,40,-4.384267,3.29632,2008-10-05T07:35:04.830,-9999999,K5,072.C-0488(E),Mayor,-9999999,HARPS_ech_obs_all,HARPS_ech_obs_thosimult,STAR_WAVE_K0,8.04039620398143E-06,3.38390209160418E-07,0,0,0
GJ150.0,55.81192,-9.76028,2454744.8209855,-4.187889,0.875895,-6166.408702,0.994025,-13.518543,0.188296,-6165.344565,0.147599,-13.231081,0.19287,-2.647888,3.971195,-12.25478,1.30397,0.474086,0.000219,0.218146,0.000234,0.307214,0.000306,0,6.454157,47.774345,0.017118,-6.3,358.7,2454744.82106,15.915438,15.91547,0.387,-9999999,0.580636,0.632778,0.855417,0.483501,0.983006,0.32,40,-2.652616,3.869539,2008-10-05T07:36:16.775,-9999999,K5,072.C-0488(E),Mayor,-9999999,HARPS_ech_obs_all,HARPS_ech_obs_thosimult,STAR_WAVE_K0,7.38538784615757E-06,3.66654911759948E-07,0,0,0
GJ150.0,55.81192,-9.76028,2454744.8218177,-4.358825,0.879237,-6166.467502,0.996266,-13.689735,0.203271,-6165.404914,0.162003,-13.490435,0.207186,-4.39856,3.122265,-9.984584,1.293445,0.473724,0.000239,0.217747,0.000255,0.307173,0.000334,0,6.455275,47.759442,0.017063,-6.3,328.4,2454744.82189,15.913046,15.91308,0.47,-9999999,0.580636,0.632521,0.855417,0.481952,0.983006,0.33,40,-4.409546,3.003437,2008-10-05T07:37:28.269,-9999999,K5,072.C-0488(E),Mayor,-9999999,HARPS_ech_obs_all,HARPS_ech_obs_thosimult,STAR_WAVE_K0,7.07700882732907E-06,4.01911250658311E-07,0,0,0
GJ150.0,55.81192,-9.76028,2454744.8226385,-4.530732,0.875872,-6166.738556,0.993912,-13.861895,0.188186,-6165.677497,0.146833,-13.581987,0.192706,-1.816904,3.301798,-11.364036,1.317966,0.473824,0.000216,0.217848,0.000231,0.306995,0.000303,0,6.456043,47.764572,0.017735,-6.3,362,2454744.82271,15.910687,15.910724,0.42,-9999999,0.580636,0.632269,0.855417,0.480423,0.983006,0.32,40,-1.824692,3.175435,2008-10-05T07:38:39.584,-9999999,K5,072.C-0488(E),Mayor,-9999999,HARPS_ech_obs_all,HARPS_ech_obs_thosimult,STAR_WAVE_K0,7.36971576209882E-06,2.91028674200872E-07,0,0,0
GJ150.0,55.81192,-9.76028,2454744.8234639,-4.689189,0.879497,-6166.872649,0.996411,-14.020606,0.204393,-6165.813126,0.16289,-13.781721,0.208287,-6.402159,3.306001,-9.908472,1.318581,0.473299,0.000237,0.217603,0.000255,0.306685,0.000333,0,6.456378,47.756855,0.018006,-6.3,328.7,2454744.82354,15.908315,15.908368,0.471,-9999999,0.580637,0.632014,0.855417,0.478886,0.983007,0.32,40,-6.409957,3.189176,2008-10-05T07:39:50.898,-9999999,K5,072.C-0488(E),Mayor,-9999999,HARPS_ech_obs_all,HARPS_ech_obs_thosimult,STAR_WAVE_K0,7.69510031578504E-06,3.45377077891738E-07,0,0,0
GJ150.0,55.81192,-9.76028,2454746.78187,-3.421548,0.874756,-6165.515659,0.963882,-12.869028,0.182972,-6164.745559,0.142163,-12.654375,0.187081,-1.256608,3.017001,-11.571878,1.329555,0.478009,0.000208,0.218195,0.000224,0.299568,0.000292,0,6.455119,47.77112,0.017265,-6.3,375,2454746.78195,15.297954,15.297982,0.603,-9999999,0.581267,0.515951,0.855406,0.188833,0.953341,0.35,60,-1.271524,2.905092,2008-10-07T06:39:40.190,-9999999,K5,072.C-0488(E),Mayor,-9999999,HARPS_ech_obs_all,HARPS_ech_obs_thosimult,STAR_WAVE_K0,7.23886855445551E-06,2.89725933049992E-07,0,0,0
GJ150.0,55.81192,-9.76028,2454746.7832269,-4.415815,0.872092,-6166.319394,0.962048,-13.863713,0.169778,-6165.551821,0.129138,-13.69436,0.174374,-1.60701,3.247272,-13.54763,1.241636,0.477656,0.000189,0.218125,0.000203,0.299495,0.000265,128,6.453553,47.786916,0.017527,-6.3,413.4,2454746.78331,15.294092,15.294104,0.771,-9999999,0.581267,0.515533,0.855407,0.186306,0.953341,0.36,60,-1.607213,3.133388,2008-10-07T06:41:36.827,-9999999,K5,072.C-0488(E),Mayor,-9999999,HARPS_ech_obs_all,HARPS_ech_obs_thosimult,STAR_WAVE_K0,7.76133630078178E-06,3.65529269685464E-07,0,0,0
GJ150.0,55.81192,-9.76028,2454746.7845641,-4.223189,0.873576,-6166.203886,0.963001,-13.671499,0.177239,-6165.438802,0.136054,-13.504579,0.182168,-2.447776,3.106751,-14.322365,1.30172,0.47716,0.000198,0.217776,0.000213,0.298916,0.000277,0,6.45239,47.792202,0.017738,-6.3,393.8,2454746.78465,15.290282,15.29032,0.74,-9999999,0.581268,0.515121,0.855407,0.183816,0.953341,0.35,60,-2.451887,2.985213,2008-10-07T06:43:32.954,-9999999,K5,072.C-0488(E),Mayor,-9999999,HARPS_ech_obs_all,HARPS_ech_obs_thosimult,STAR_WAVE_K0,7.18271670215523E-06,3.39610607890311E-07,0,0,0
GJ150.0,55.81192,-9.76028,2454746.7859105,-2.383683,0.872793,-6164.532042,0.962503,-11.832408,0.173338,-6163.769465,0.132484,-11.593744,0.177964,-4.244396,3.282096,-14.817049,1.230903,0.477716,0.000193,0.217957,0.000207,0.299428,0.000271,128,6.450904,47.797939,0.017269,-6.3,403.9,2454746.78599,15.28644,15.286498,0.693,-9999999,0.581268,0.514707,0.855407,0.181309,0.953342,0.35,60,-4.247265,3.183899,2008-10-07T06:45:29.271,-9999999,K5,072.C-0488(E),Mayor,-9999999,HARPS_ech_obs_all,HARPS_ech_obs_thosimult,STAR_WAVE_K0,7.41544030409561E-06,4.33089870610906E-07,0,0,0
GJ150.0,55.81192,-9.76028,2454746.7872777,0.153816,0.873995,-6161.879275,0.963333,-9.29533,0.179292,-6161.119242,0.138382,-9.053877,0.18378,-4.917957,3.331567,-13.334561,1.280867,0.477855,0.000203,0.217867,0.000218,0.29928,0.000284,0,6.453438,47.788056,0.017265,-6.3,385.1,2454746.78737,15.282535,15.282544,0.476,-9999999,0.581269,0.514286,0.855408,0.178764,0.953342,0.38,60,-4.931026,3.261483,2008-10-07T06:47:25.598,-9999999,K5,072.C-0488(E),Mayor,-9999999,HARPS_ech_obs_all,HARPS_ech_obs_thosimult,STAR_WAVE_K0,7.19815725006947E-06,2.76664672114002E-07,0,0,0
GJ150.0,55.81192,-9.76028,2454746.7886105,0.143673,0.87495,-6162.087812,0.964109,-9.305883,0.18389,-6161.330261,0.143683,-9.148247,0.188253,-3.726279,3.448352,-13.068752,1.284936,0.478169,0.000209,0.217665,0.000225,0.299078,0.000293,0,6.453518,47.783908,0.016826,-6.3,372.7,2454746.7887,15.278724,15.278746,0.711,-9999999,0.581269,0.513875,0.855408,0.176282,0.953342,0.36,60,-3.730598,3.383453,2008-10-07T06:49:21.945,-9999999,K5,072.C-0488(E),Mayor,-9999999,HARPS_ech_obs_all,HARPS_ech_obs_thosimult,STAR_WAVE_K0,7.67171310715608E-06,3.70464269403608E-07,0,0,0
GJ150.0,55.81192,-9.76028,2454746.7899561,-0.462319,0.871805,-6162.337315,0.96182,-9.91229,0.168286,-6161.582269,0.127416,-9.619592,0.173142,-4.548489,3.013409,-13.882087,1.233435,0.477507,0.000186,0.217484,0.000199,0.299661,0.00026,128,6.453375,47.786483,0.017591,-6.3,419.9,2454746.79004,15.274872,15.274911,0.579,-9999999,0.581269,0.513461,0.855408,0.173777,0.953343,0.37,60,-4.565076,2.925511,2008-10-07T06:51:17.592,-9999999,K5,072.C-0488(E),Mayor,-9999999,HARPS_ech_obs_all,HARPS_ech_obs_thosimult,STAR_WAVE_K0,7.56419374394241E-06,3.41228059131742E-07,0,0,0
GJ150.0,55.81192,-9.76028,2454746.7912879,-0.361078,0.872589,-6162.271887,0.962363,-9.811459,0.172302,-6161.51932,0.131452,-9.596528,0.176547,-6.005611,3.203155,-11.608891,1.200247,0.47796,0.000192,0.217856,0.000206,0.299572,0.000269,128,6.454741,47.770622,0.01791,-6.3,406.9,2454746.79137,15.271056,15.271077,0.856,-9999999,0.58127,0.51305,0.855408,0.171297,0.953343,0.35,60,-6.00202,3.130884,2008-10-07T06:53:13.859,-9999999,K5,072.C-0488(E),Mayor,-9999999,HARPS_ech_obs_all,HARPS_ech_obs_thosimult,STAR_WAVE_K0,7.33743884824214E-06,2.96883103237135E-07,0,0,0
GJ150.0,55.81192,-9.76028,2454746.7926458,-1.746809,0.874837,-6163.806925,0.963908,-11.197608,0.183345,-6163.056886,0.142322,-10.985749,0.187331,-7.172558,2.919518,-10.323452,1.313051,0.47749,0.000206,0.217832,0.000221,0.299196,0.000289,0,6.455759,47.766149,0.017718,-6.3,378,2454746.79274,15.267162,15.26717,0.547,-9999999,0.58127,0.512632,0.855409,0.168769,0.953343,0.38,60,-7.181747,2.820946,2008-10-07T06:55:09.377,-9999999,K5,072.C-0488(E),Mayor,-9999999,HARPS_ech_obs_all,HARPS_ech_obs_thosimult,STAR_WAVE_K0,7.44751857987208E-06,3.91179425991115E-07,0,0,0
GJ150.0,55.81192,-9.76028,2454746.7939807,-1.939919,0.872338,-6163.96916,0.962092,-11.391129,0.171023,-6163.221606,0.129444,-11.10726,0.175265,-7.214911,3.060797,-10.885947,1.256772,0.477176,0.000187,0.217346,0.000201,0.299115,0.000262,128,6.454343,47.770025,0.01705,-6.3,415.7,2454746.79407,15.26333,15.263358,0.517,-9999999,0.581271,0.512221,0.855409,0.166283,0.953344,0.36,60,-7.218503,2.95407,2008-10-07T06:57:05.903,-9999999,K5,072.C-0488(E),Mayor,-9999999,HARPS_ech_obs_all,HARPS_ech_obs_thosimult,STAR_WAVE_K0,7.66789869562252E-06,3.40918625579113E-07,0,0,0
GJ150.0,55.81192,-9.76028,2454746.795313,-3.030615,0.873071,-6165.058773,0.962674,-12.482236,0.174724,-6164.3137,0.133705,-12.229933,0.178794,-5.883277,3.141012,-10.59283,1.23494,0.477922,0.000195,0.217944,0.000209,0.299265,0.000273,0,6.45514,47.765565,0.01797,-6.3,399.7,2454746.79539,15.259503,15.259547,0.416,-9999999,0.581271,0.511811,0.855409,0.163802,0.953344,0.34,60,-5.890471,3.030868,2008-10-07T06:59:02.211,-9999999,K5,072.C-0488(E),Mayor,-9999999,HARPS_ech_obs_all,HARPS_ech_obs_thosimult,STAR_WAVE_K0,7.5618207974724E-06,3.44337413256439E-07,0,0,0
GJ150.0,55.81192,-9.76028,2454746.7966663,-3.364022,0.872066,-6165.381067,0.962089,-12.816059,0.169629,-6164.638512,0.12942,-12.576897,0.173889,-6.967814,3.407233,-11.749821,1.256318,0.477816,0.000188,0.217691,0.000202,0.299321,0.000264,128,6.454351,47.775232,0.018478,-6.3,413.9,2454746.79675,15.255613,15.25563,0.694,-9999999,0.581272,0.511394,0.85541,0.161283,0.953344,0.36,60,-6.965489,3.304698,2008-10-07T07:00:57.927,-9999999,K5,072.C-0488(E),Mayor,-9999999,HARPS_ech_obs_all,HARPS_ech_obs_thosimult,STAR_WAVE_K0,7.45132939220354E-06,3.7572745837644E-07,0,0,0
GJ150.0,55.81192,-9.76028,2454748.8129247,0.473543,0.871841,-6161.567695,0.990905,-9.187244,0.168446,-6161.173203,0.12489,-8.85161,0.172999,-1.917644,3.339108,-12.053968,1.175213,0.477993,0.000191,0.217448,0.000201,0.299156,0.000263,128,6.456038,47.779862,0.017662,-6.3,416.4,2454748.813,14.460914,14.460985,0.714,-9999999,0.581921,0.302644,0.855414,-0.187429,0.983003,0.34,50,-1.938091,3.264174,2008-10-09T07:24:18.621,-9999999,K5,072.C-0488(E),Mayor,-9999999,HARPS_ech_obs_all,HARPS_ech_obs_thosimult,STAR_WAVE_K0,7.802939413702E-06,3.50195346657029E-07,0,0,0
GJ150.0,55.81192,-9.76028,2454748.8140713,-0.554358,0.870966,-6162.696444,0.990418,-10.215498,0.163851,-6162.304087,0.120961,-9.904151,0.169251,-1.054506,3.361673,-15.261672,1.201342,0.478386,0.000184,0.217477,0.000194,0.299517,0.000254,128,6.453726,47.803286,0.017119,-6.3,431.3,2454748.81414,14.4576,14.457681,0.697,-9999999,0.581921,0.302291,0.855414,-0.189564,0.983003,0.33,50,-1.054099,3.281723,2008-10-09T07:25:58.186,-9999999,K5,072.C-0488(E),Mayor,-9999999,HARPS_ech_obs_all,HARPS_ech_obs_thosimult,STAR_WAVE_K0,7.52165561640009E-06,2.89883188460456E-07,0,0,0
GJ150.0,55.81192,-9.76028,2454748.8152403,-0.617546,0.871544,-6162.552282,0.99096,-10.279047,0.166898,-6162.162102,0.125317,-9.916398,0.171997,1.886257,3.254509,-14.028286,1.237483,0.478703,0.000188,0.217755,0.0002,0.300053,0.000261,128,6.453767,47.793116,0.017025,-6.3,419.4,2454748.81532,14.454222,14.454249,0.644,-9999999,0.581921,0.301931,0.855415,-0.191741,0.983004,0.37,50,1.871656,3.163303,2008-10-09T07:27:37.183,-9999999,K5,072.C-0488(E),Mayor,-9999999,HARPS_ech_obs_all,HARPS_ech_obs_thosimult,STAR_WAVE_K0,7.86906761335069E-06,4.23029139943503E-07,0,0,0
GJ150.0,55.81192,-9.76028,2454748.8163631,-1.488597,0.871204,-6163.388887,0.990745,-11.150443,0.16511,-6163.000797,0.123606,-10.76405,0.170402,-1.545004,3.275472,-14.975737,1.219394,0.478248,0.000184,0.217675,0.000196,0.299873,0.000256,128,6.453544,47.797227,0.017031,-6.3,427.4,2454748.81645,14.450979,14.451014,0.588,-9999999,0.581922,0.301585,0.855415,-0.193832,0.983004,0.35,50,-1.559094,3.171538,2008-10-09T07:29:15.188,-9999999,K5,072.C-0488(E),Mayor,-9999999,HARPS_ech_obs_all,HARPS_ech_obs_thosimult,STAR_WAVE_K0,7.50134051102418E-06,3.31060305110901E-07,0,0,0
GJ150.0,55.81192,-9.76028,2454748.8175146,-2.81386,0.871162,-6164.381897,0.99057,-12.476061,0.164884,-6163.995951,0.122195,-12.105708,0.170348,-4.212222,3.553833,-15.923757,1.14376,0.478123,0.00018,0.217822,0.000193,0.299691,0.000252,128,6.452365,47.808789,0.017628,-6.3,434.9,2454748.81759,14.447654,14.447713,0.594,-9999999,0.581922,0.30123,0.855415,-0.195976,0.983005,0.36,50,-4.217278,3.444294,2008-10-09T07:30:54.175,-9999999,K5,072.C-0488(E),Mayor,-9999999,HARPS_ech_obs_all,HARPS_ech_obs_thosimult,STAR_WAVE_K0,7.86488093041566E-06,3.73285922461961E-07,0,0,0
GJ150.0,55.81192,-9.76028,2454748.8186547,-2.850638,0.871243,-6164.777581,0.990712,-12.51319,0.165314,-6164.393757,0.123333,-12.193632,0.170766,-3.540065,3.458894,-16.28049,1.134648,0.4785,0.000185,0.217327,0.000196,0.299929,0.000257,128,6.452661,47.807722,0.01781,-6.3,427.2,2454748.81874,14.444364,14.444415,0.639,-9999999,0.581922,0.300879,0.855416,-0.198098,0.983005,0.35,50,-3.544414,3.352689,2008-10-09T07:32:33.171,-9999999,K5,072.C-0488(E),Mayor,-9999999,HARPS_ech_obs_all,HARPS_ech_obs_thosimult,STAR_WAVE_K0,7.92667945661484E-06,2.57337303983211E-07,0,0,0
GJ150.0,55.81192,-9.76028,2454748.819801,-4.003786,0.870768,-6165.850644,0.990267,-13.666691,0.162787,-6165.468954,0.119703,-13.262605,0.168446,-0.468112,3.492527,-15.881611,1.211827,0.478798,0.000179,0.217715,0.00019,0.299779,0.000249,128,6.453654,47.804036,0.017338,-6.3,440.8,2454748.81989,14.441058,14.441089,0.848,-9999999,0.581923,0.300526,0.855416,-0.200233,0.983005,0.35,50,-0.483019,3.372701,2008-10-09T07:34:12.207,-9999999,K5,072.C-0488(E),Mayor,-9999999,HARPS_ech_obs_all,HARPS_ech_obs_thosimult,STAR_WAVE_K0,7.628589504243E-06,3.61505583461004E-07,0,0,0
GJ150.0,55.81192,-9.76028,2454748.8209407,-4.359407,0.870208,-6166.081196,0.989883,-14.022663,0.159762,-6165.701628,0.116484,-13.666203,0.165946,0.456883,3.439738,-18.104619,1.137208,0.478789,0.000176,0.217559,0.000186,0.300028,0.000243,128,6.452151,47.816314,0.018259,-6.3,450.4,2454748.82102,14.437773,14.437827,0.674,-9999999,0.581923,0.300175,0.855417,-0.202355,0.983006,0.34,50,0.44544,3.312273,2008-10-09T07:35:51.173,-9999999,K5,072.C-0488(E),Mayor,-9999999,HARPS_ech_obs_all,HARPS_ech_obs_thosimult,STAR_WAVE_K0,7.55940809435811E-06,2.96222429501792E-07,0,0,0
GJ150.0,55.81192,-9.76028,2454748.8220752,-4.138973,0.871078,-6165.877199,0.990455,-13.802579,0.164435,-6165.499743,0.121248,-13.478215,0.170054,0.524429,3.411813,-16.299563,1.18382,0.478376,0.000182,0.218024,0.000193,0.299889,0.000253,128,6.453462,47.804999,0.017675,-6.3,433.4,2454748.82215,14.434505,14.434567,0.488,-9999999,0.581923,0.299826,0.855417,-0.204467,0.983006,0.32,50,0.504208,3.288495,2008-10-09T07:37:30.189,-9999999,K5,072.C-0488(E),Mayor,-9999999,HARPS_ech_obs_all,HARPS_ech_obs_thosimult,STAR_WAVE_K0,7.70584243615422E-06,3.0569145417385E-07,0,0,0
GJ150.0,55.81192,-9.76028,2454748.8232383,-4.302692,0.87028,-6166.07113,0.989678,-13.966656,0.16015,-6165.695839,0.114717,-13.525414,0.166268,0.864688,3.605719,-18.769902,1.128602,0.478816,0.000172,0.217809,0.000182,0.299952,0.000239,128,6.451036,47.820126,0.017733,-6.3,459.5,2454748.82332,14.431157,14.43121,0.645,-9999999,0.581924,0.299467,0.855417,-0.206633,0.983006,0.35,50,0.847791,3.479235,2008-10-09T07:39:09.175,-9999999,K5,072.C-0488(E),Mayor,-9999999,HARPS_ech_obs_all,HARPS_ech_obs_thosimult,STAR_WAVE_K0,7.28056333614345E-06,3.13671571891968E-07,0,0,0
GJ150.0,55.81192,-9.76028,2454748.8243841,-3.320663,0.870048,-6164.893251,0.989462,-12.98498,0.158882,-6164.520093,0.112838,-12.642449,0.165115,0.28929,3.452173,-18.000683,1.166629,0.478389,0.00017,0.217502,0.00018,0.300823,0.000236,128,6.451619,47.816854,0.017602,-6.3,465.1,2454748.82447,14.427861,14.427893,0.36,-9999999,0.581924,0.299114,0.855418,-0.208766,0.983007,0.35,50,0.268726,3.327439,2008-10-09T07:40:48.171,-9999999,K5,072.C-0488(E),Mayor,-9999999,HARPS_ech_obs_all,HARPS_ech_obs_thosimult,STAR_WAVE_K0,7.56412815523914E-06,4.1362336448659E-07,0,0,0
GJ150.0,55.81192,-9.76028,2454748.8255303,-2.177202,0.869985,-6163.768971,0.989581,-11.841872,0.158538,-6163.397947,0.113876,-11.434302,0.164666,1.828112,3.246493,-16.95589,1.22612,0.47838,0.000173,0.217742,0.000183,0.300354,0.000239,128,6.452379,47.811144,0.01746,-6.3,459,2454748.82561,14.424566,14.424607,0.7,-9999999,0.581925,0.298761,0.855418,-0.210901,0.983007,0.35,50,1.812278,3.135257,2008-10-09T07:42:27.197,-9999999,K5,072.C-0488(E),Mayor,-9999999,HARPS_ech_obs_all,HARPS_ech_obs_thosimult,STAR_WAVE_K0,7.2481729452241E-06,4.02149619795661E-07,0,0,0
GJ150.0,55.81192,-9.76028,2454758.7434902,-3.965994,0.734522,-6166.187592,0.900688,-13.953112,0.166914,-6165.629846,0.122264,-13.67059,0.170853,-0.112173,3.278637,-12.50938,1.234293,0.478645,0.000183,0.22326,0.000195,0.300686,0.000255,128,6.455746,47.779421,0.017363,-6.3,430.7,2454758.74355,10.689515,10.689639,0.746,-9999999,0.585117,-0.023687,0.715306,-0.027371,0.892351,0.26,150,-0.115326,3.164042,2008-10-19T05:43:21.505,-9999999,K5,072.C-0488(E),Mayor,-9999999,HARPS_ech_obs_all,HARPS_ech_obs_thosimult,STAR_WAVE_K0,7.34559613408411E-06,3.033139027153E-07,0,0,0
GJ150.0,55.81192,-9.76028,2454759.7383053,-4.732714,0.859009,-6165.937769,0.92198,-13.832676,0.179811,-6165.348008,0.138407,-13.634439,0.18474,0.45028,3.567392,-16.365836,1.336314,0.478837,0.000208,0.218127,0.000221,0.305599,0.000288,0,6.451083,47.801074,0.017589,-6.3,379.9,2454759.73839,10.286458,10.286532,0.665,-9999999,0.585437,0.863469,0.839979,0.004324,0.911532,0.35,60,0.447051,3.470728,2008-10-20T05:36:08.547,-9999999,K5,072.C-0488(E),Mayor,-9999999,HARPS_ech_obs_all,HARPS_ech_obs_thosimult,STAR_WAVE_K0,7.79929302647473E-06,2.96600048760247E-07,0,0,0
GJ150.0,55.81192,-9.76028,2454759.7393784,-4.172511,0.858848,-6165.925597,0.921708,-13.272804,0.179039,-6165.337834,0.136579,-13.047702,0.18411,-0.902527,3.000959,-17.333774,1.35206,0.478817,0.000206,0.218331,0.000219,0.306129,0.000285,0,6.451989,47.807417,0.016938,-6.3,383.8,2454759.73947,10.28338,10.283423,0.593,-9999999,0.585437,0.863139,0.839979,0.002326,0.911533,0.37,60,-0.901304,2.884594,2008-10-20T05:37:40.063,-9999999,K5,072.C-0488(E),Mayor,-9999999,HARPS_ech_obs_all,HARPS_ech_obs_thosimult,STAR_WAVE_K0,7.33642307174857E-06,3.61825430833791E-07,0,0,0
GJ150.0,55.81192,-9.76028,2454759.7404343,-2.912838,0.859146,-6164.555454,0.922099,-12.013456,0.180465,-6163.969656,0.139196,-11.778412,0.185201,-0.046735,3.31804,-16.45532,1.251611,0.478539,0.000209,0.218439,0.000222,0.306057,0.00029,0,6.451202,47.802203,0.017291,-6.3,377.7,2454759.74052,10.280347,10.280405,0.632,-9999999,0.585438,0.862814,0.839979,0.00036,0.911533,0.35,60,-0.043528,3.218391,2008-10-20T05:39:12.489,-9999999,K5,072.C-0488(E),Mayor,-9999999,HARPS_ech_obs_all,HARPS_ech_obs_thosimult,STAR_WAVE_K0,7.40228093162615E-06,3.17215462903603E-07,0,0,0
GJ150.0,55.81192,-9.76028,2454759.7415112,-1.711553,0.859655,-6163.328536,0.922554,-10.812503,0.182871,-6162.744743,0.142173,-10.578272,0.187578,-0.672872,3.138158,-15.972053,1.339966,0.478511,0.000213,0.218128,0.000227,0.306354,0.000296,0,6.451892,47.79626,0.017388,-6.3,369.9,2454759.7416,10.27725,10.277316,0.753,-9999999,0.585438,0.862482,0.839979,-0.001645,0.911533,0.36,60,-0.667911,3.047528,2008-10-20T05:40:44.924,-9999999,K5,072.C-0488(E),Mayor,-9999999,HARPS_ech_obs_all,HARPS_ech_obs_thosimult,STAR_WAVE_K0,9.22674094098508E-06,3.97423407417096E-07,0,0,0
GJ150.0,55.81192,-9.76028,2454759.742583,-0.96444,0.858676,-6162.771701,0.921653,-10.06572,0.178211,-6162.189904,0.136203,-9.860799,0.183186,-1.514485,3.425339,-16.643704,1.276616,0.478161,0.000205,0.218214,0.000218,0.306302,0.000284,0,6.451186,47.80046,0.016748,-6.3,385.2,2454759.74266,10.274164,10.274256,0.776,-9999999,0.585438,0.862152,0.839979,-0.003641,0.911533,0.36,60,-1.508661,3.350505,2008-10-20T05:42:17.530,-9999999,K5,072.C-0488(E),Mayor,-9999999,HARPS_ech_obs_all,HARPS_ech_obs_thosimult,STAR_WAVE_K0,7.36483143928681E-06,3.63668429475513E-07,0,0,0
GJ150.0,55.81192,-9.76028,2454759.7436551,-0.025868,0.858701,-6161.724046,0.921703,-9.127478,0.17833,-6161.144244,0.136543,-8.870364,0.182832,0.871192,2.997038,-14.912484,1.271067,0.477792,0.000205,0.218342,0.000218,0.305752,0.000284,0,6.451926,47.791176,0.016496,-6.3,385,2454759.74374,10.271073,10.271131,0.536,-9999999,0.585439,0.861821,0.83998,-0.005637,0.911533,0.37,60,0.874227,2.917254,2008-10-20T05:43:49.555,-9999999,K5,072.C-0488(E),Mayor,-9999999,HARPS_ech_obs_all,HARPS_ech_obs_thosimult,STAR_WAVE_K0,7.11925467822658E-06,3.49414078149794E-07,0,0,0
GJ150.0,55.81192,-9.76028,2454759.7447141,0.729303,0.859243,-6161.139106,0.922178,-8.372633,0.180922,-6160.561276,0.139709,-8.149194,0.185697,-2.452404,3.307496,-14.694084,1.305231,0.477709,0.000209,0.218019,0.000222,0.306069,0.00029,0,6.451711,47.785772,0.015759,-6.3,376.9,2454759.7448,10.268016,10.268064,0.639,-9999999,0.585439,0.861495,0.83998,-0.007609,0.911533,0.37,60,-2.444041,3.24748,2008-10-20T05:45:21.051,-9999999,K5,072.C-0488(E),Mayor,-9999999,HARPS_ech_obs_all,HARPS_ech_obs_thosimult,STAR_WAVE_K0,7.4423284056156E-06,2.94571456151862E-07,0,0,0
GJ150.0,55.81192,-9.76028,2454759.7457801,-0.345776,0.858635,-6162.068973,0.921778,-9.44804,0.178011,-6161.493128,0.137049,-9.173171,0.182782,-4.702398,3.120678,-15.328464,1.278392,0.477803,0.000205,0.218511,0.000219,0.305814,0.000285,0,6.452071,47.789992,0.016001,-6.3,383.9,2454759.74587,10.264936,10.264994,0.831,-9999999,0.585439,0.861167,0.83998,-0.009594,0.911533,0.36,60,-4.710081,3.043503,2008-10-20T05:46:53.747,-9999999,K5,072.C-0488(E),Mayor,-9999999,HARPS_ech_obs_all,HARPS_ech_obs_thosimult,STAR_WAVE_K0,6.91900629919484E-06,3.03091879650479E-07,0,0,0
GJ150.0,55.81192,-9.76028,2454759.7468322,-1.224997,0.858491,-6162.661095,0.921616,-10.327585,0.177315,-6162.087208,0.135949,-10.041693,0.182359,-1.194505,3.312298,-16.357982,1.203393,0.478116,0.000204,0.217734,0.000217,0.305856,0.000283,0,6.451354,47.79665,0.017031,-6.3,386.7,2454759.74691,10.261892,10.261987,0.835,-9999999,0.58544,0.860843,0.83998,-0.011553,0.911534,0.35,60,-1.199504,3.226992,2008-10-20T05:48:25.242,-9999999,K5,072.C-0488(E),Mayor,-9999999,HARPS_ech_obs_all,HARPS_ech_obs_thosimult,STAR_WAVE_K0,7.69532055370318E-06,3.76937747503905E-07,0,0,0
GJ150.0,55.81192,-9.76028,2454759.747907,-1.403021,0.858688,-6162.930189,0.921674,-10.50594,0.178265,-6162.358303,0.136342,-10.222605,0.183463,-3.855204,3.146157,-17.261686,1.283423,0.478231,0.000204,0.218059,0.000217,0.305351,0.000283,0,6.450136,47.804554,0.016684,-6.3,386.1,2454759.74799,10.258779,10.258848,0.851,-9999999,0.58544,0.860512,0.83998,-0.013554,0.911534,0.36,60,-3.851133,3.054901,2008-10-20T05:49:57.508,-9999999,K5,072.C-0488(E),Mayor,-9999999,HARPS_ech_obs_all,HARPS_ech_obs_thosimult,STAR_WAVE_K0,7.37065457378663E-06,3.49310974435737E-07,0,0,0
GJ150.0,55.81192,-9.76028,2454759.7489666,-1.828994,0.858427,-6163.523612,0.921487,-10.93224,0.177002,-6162.953699,0.135073,-10.721464,0.182318,-3.746235,3.105537,-17.974528,1.276073,0.477877,0.000202,0.217903,0.000215,0.305739,0.000281,0,6.450475,47.807448,0.015853,-6.3,389.2,2454759.74905,10.255708,10.255768,0.793,-9999999,0.58544,0.860186,0.83998,-0.015527,0.911534,0.36,60,-3.735326,3.017884,2008-10-20T05:51:29.054,-9999999,K5,072.C-0488(E),Mayor,-9999999,HARPS_ech_obs_all,HARPS_ech_obs_thosimult,STAR_WAVE_K0,7.43077017127801E-06,2.56701415989087E-07,0,0,0
GJ150.0,55.81192,-9.76028,2454759.7500244,-2.945435,0.858776,-6164.90528,0.921726,-12.049007,0.178686,-6164.337335,0.136689,-11.858109,0.183654,-0.49428,3.541016,-16.726315,1.293629,0.477853,0.000206,0.218014,0.000218,0.306087,0.000285,0,6.451428,47.80254,0.01625,-6.3,384.1,2454759.7501,10.252638,10.252719,0.903,-9999999,0.585441,0.85986,0.83998,-0.017496,0.911534,0.36,60,-0.505599,3.456824,2008-10-20T05:53:00.439,-9999999,K5,072.C-0488(E),Mayor,-9999999,HARPS_ech_obs_all,HARPS_ech_obs_thosimult,STAR_WAVE_K0,7.38682724283632E-06,3.57476712246447E-07,0,0,0
GJ150.0,55.81192,-9.76028,2454759.7510893,-3.984985,0.857847,-6165.606997,0.921058,-13.088885,0.174169,-6165.041035,0.13211,-12.826214,0.179571,-0.823123,3.253304,-18.250261,1.26581,0.47841,0.000199,0.21808,0.000211,0.305387,0.000276,0,6.450251,47.812608,0.016404,-6.3,396.8,2454759.75117,10.249545,10.249633,0.845,-9999999,0.585441,0.859532,0.83998,-0.019479,0.911534,0.36,60,-0.833497,3.139426,2008-10-20T05:54:32.445,-9999999,K5,072.C-0488(E),Mayor,-9999999,HARPS_ech_obs_all,HARPS_ech_obs_thosimult,STAR_WAVE_K0,7.37284946595016E-06,3.58941885378552E-07,0,0,0
GJ150.0,55.81192,-9.76028,2454759.7521401,-4.346958,0.857777,-6165.84668,0.920945,-13.451181,0.173823,-6165.282675,0.131321,-13.194429,0.17933,-2.472696,3.509135,-19.383562,1.257117,0.47848,0.000199,0.218293,0.000211,0.305627,0.000275,0,6.449686,47.824095,0.016831,-6.3,398.3,2454759.75222,10.246491,10.246549,0.938,-9999999,0.585441,0.859208,0.839981,-0.021436,0.911534,0.36,60,-2.468282,3.397827,2008-10-20T05:56:03.230,-9999999,K5,072.C-0488(E),Mayor,-9999999,HARPS_ech_obs_all,HARPS_ech_obs_thosimult,STAR_WAVE_K0,7.39254546623946E-06,3.50629192312873E-07,0,0,0
GJ150.0,55.81192,-9.76028,2454759.7532075,-4.815473,0.857405,-6166.184574,0.920664,-13.920025,0.171974,-6165.622555,0.129331,-13.646244,0.177428,-0.174169,3.311016,-18.396898,1.285148,0.478028,0.000195,0.218257,0.000207,0.305313,0.00027,128,6.45056,47.815542,0.016975,-6.3,404.9,2454759.75329,10.243385,10.243458,0.691,-9999999,0.585442,0.858879,0.839981,-0.023423,0.911534,0.36,60,-0.178676,3.188311,2008-10-20T05:57:35.455,-9999999,K5,072.C-0488(E),Mayor,-9999999,HARPS_ech_obs_all,HARPS_ech_obs_thosimult,STAR_WAVE_K0,7.43785360843145E-06,3.21923463295303E-07,0,0,0
GJ150.0,55.81192,-9.76028,2454760.7398941,-1.791598,0.787125,-6163.980077,0.759325,-11.282191,0.162206,-6162.959312,0.120289,-10.955754,0.167534,-2.809705,3.86426,-16.737827,1.219065,0.479585,0.000181,0.222698,0.000191,0.299852,0.000251,128,6.451867,47.805552,0.016479,-6.3,437.2,2454760.73998,9.86004,9.860129,-0.116,-9999999,0.585759,0.472838,0.77023,0.435006,0.749737,0.36,60,-2.810849,3.772273,2008-10-21T05:38:22.339,-9999999,K5,072.C-0488(E),Mayor,-9999999,HARPS_ech_obs_all,HARPS_ech_obs_thosimult,STAR_WAVE_K0,7.37872439546666E-06,3.79589046333056E-07,0,0,0
GJ150.0,55.81192,-9.76028,2454760.7409675,-1.498418,0.788703,-6163.548595,0.760437,-10.989342,0.169699,-6162.529828,0.127117,-10.758757,0.174641,-1.904829,3.412243,-15.458851,1.21794,0.47841,0.000189,0.222789,0.000201,0.299356,0.000264,128,6.453825,47.797603,0.017,-6.3,415.4,2454760.74105,9.856941,9.857028,0.055,-9999999,0.58576,0.472507,0.770231,0.433007,0.749737,0.37,60,-1.911727,3.312894,2008-10-21T05:39:54.475,-9999999,K5,072.C-0488(E),Mayor,-9999999,HARPS_ech_obs_all,HARPS_ech_obs_thosimult,STAR_WAVE_K0,7.35568715923424E-06,3.57393917335543E-07,0,0,0
GJ150.0,55.81192,-9.76028,2454760.742019,-1.164174,0.78879,-6163.391733,0.760432,-10.655422,0.170101,-6162.374924,0.127089,-10.413686,0.175197,1.561759,3.185896,-16.633884,1.232172,0.478611,0.00019,0.222633,0.000202,0.300137,0.000265,128,6.4522,47.806479,0.016516,-6.3,414.8,2454760.74211,9.853902,9.853962,0,-9999999,0.58576,0.472183,0.770231,0.431049,0.749737,0.35,60,1.548734,3.087862,2008-10-21T05:41:26.520,-9999999,K5,072.C-0488(E),Mayor,-9999999,HARPS_ech_obs_all,HARPS_ech_obs_thosimult,STAR_WAVE_K0,7.53804642173669E-06,3.4203315007946E-07,0,0,0
GJ150.0,55.81192,-9.76028,2454760.743067,-1.14425,0.788242,-6163.318658,0.760113,-10.635821,0.167543,-6162.3038,0.125162,-10.375149,0.172819,-0.598096,3.596617,-17.249573,1.269592,0.478151,0.000189,0.222387,0.0002,0.299419,0.000262,128,6.452299,47.808356,0.016804,-6.3,418.6,2454760.74315,9.85087,9.850954,0.225,-9999999,0.58576,0.471861,0.770231,0.429098,0.749737,0.35,60,-0.613653,3.51086,2008-10-21T05:42:57.065,-9999999,K5,072.C-0488(E),Mayor,-9999999,HARPS_ech_obs_all,HARPS_ech_obs_thosimult,STAR_WAVE_K0,7.38977641304365E-06,3.65530714462064E-07,0,0,0
GJ150.0,55.81192,-9.76028,2454760.7441367,-0.309656,0.788661,-6162.51092,0.760418,-9.801556,0.169499,-6161.498053,0.127001,-9.513871,0.17469,-5.553707,3.508945,-16.232241,1.302996,0.478793,0.000191,0.222668,0.000202,0.299344,0.000265,128,6.452143,47.802085,0.017248,-6.3,413.8,2454760.74422,9.847771,9.847843,0,-9999999,0.585761,0.471531,0.770231,0.427106,0.749737,0.35,60,-5.565393,3.430522,2008-10-21T05:44:29.481,-9999999,K5,072.C-0488(E),Mayor,-9999999,HARPS_ech_obs_all,HARPS_ech_obs_thosimult,STAR_WAVE_K0,7.73138943193657E-06,3.14531542366075E-07,0,0,0
GJ150.0,55.81192,-9.76028,2454760.7452164,-0.90247,0.787115,-6163.047099,0.759252,-10.394703,0.162153,-6162.036242,0.119819,-10.094335,0.16713,-3.432266,3.578282,-14.623182,1.242434,0.478571,0.000177,0.223102,0.000189,0.300077,0.000248,128,6.453836,47.793586,0.016296,-6.3,442.8,2454760.7453,9.84464,9.8447,-0.056,-9999999,0.585761,0.471199,0.770231,0.425096,0.749738,0.36,60,-3.451931,3.487265,2008-10-21T05:46:02.167,-9999999,K5,072.C-0488(E),Mayor,-9999999,HARPS_ech_obs_all,HARPS_ech_obs_thosimult,STAR_WAVE_K0,7.38983470643501E-06,3.07515286920717E-07,0,0,0
GJ150.0,55.81192,-9.76028,2454760.7463167,-1.67241,0.788043,-6163.651483,0.7601,-11.164982,0.166598,-6162.642675,0.125082,-10.84872,0.171248,-2.477153,3.578922,-13.562513,1.225375,0.478458,0.000188,0.223294,0.0002,0.299075,0.000261,128,6.454523,47.785027,0.017143,-6.3,419.6,2454760.74641,9.841446,9.841482,0,-9999999,0.585761,0.47086,0.770231,0.423047,0.749738,0.39,60,-2.493724,3.48029,2008-10-21T05:47:35.432,-9999999,K5,072.C-0488(E),Mayor,-9999999,HARPS_ech_obs_all,HARPS_ech_obs_thosimult,STAR_WAVE_K0,7.71824767606469E-06,3.44867840773501E-07,0,0,0
GJ150.0,55.81192,-9.76028,2454760.7474519,-3.840536,0.787168,-6165.864139,0.759224,-13.333457,0.162408,-6164.857444,0.11964,-13.009102,0.168096,1.011653,3.810408,-17.026749,1.223625,0.478401,0.000179,0.222626,0.00019,0.299618,0.000249,128,6.451961,47.810969,0.016966,-6.3,440.4,2454760.74757,9.838147,9.838126,0,-9999999,0.585762,0.47051,0.770231,0.420933,0.749738,0.49,60,1.000827,3.701447,2008-10-21T05:49:07.508,-9999999,K5,072.C-0488(E),Mayor,-9999999,HARPS_ech_obs_all,HARPS_ech_obs_thosimult,STAR_WAVE_K0,7.74229278969689E-06,4.08274876739717E-07,0,0,0
GJ150.0,55.81192,-9.76028,2454760.748431,-3.205736,0.78843,-6165.415491,0.760311,-12.698959,0.16842,-6164.410619,0.126357,-12.410316,0.172987,-2.60148,3.38333,-13.376642,1.262375,0.478845,0.000189,0.222877,0.000201,0.299681,0.000263,128,6.455148,47.784165,0.017646,-6.3,416.9,2454760.74852,9.835299,9.835371,-0.036,-9999999,0.585762,0.470208,0.770231,0.41911,0.749738,0.36,60,-2.610174,3.268106,2008-10-21T05:50:39.903,-9999999,K5,072.C-0488(E),Mayor,-9999999,HARPS_ech_obs_all,HARPS_ech_obs_thosimult,STAR_WAVE_K0,7.41317242443265E-06,3.06760362425604E-07,0,0,0
GJ150.0,55.81192,-9.76028,2454760.7495065,-4.566442,0.787816,-6166.547613,0.759776,-14.059996,0.165522,-6165.544743,0.123091,-13.766476,0.170765,0.165871,3.901378,-16.642485,1.248369,0.478328,0.000184,0.222583,0.000195,0.299617,0.000256,128,6.452362,47.804597,0.017599,-6.3,428.5,2454760.74959,9.832169,9.832216,0.103,-9999999,0.585762,0.469877,0.770232,0.417108,0.749738,0.37,60,0.15253,3.790749,2008-10-21T05:52:12.219,-9999999,K5,072.C-0488(E),Mayor,-9999999,HARPS_ech_obs_all,HARPS_ech_obs_thosimult,STAR_WAVE_K0,7.4584775726354E-06,3.29022962474393E-07,0,0,0
GJ150.0,55.81192,-9.76028,2454760.7505813,-4.003248,0.788377,-6166.208884,0.760234,-13.497133,0.168169,-6165.208015,0.12589,-13.207588,0.173341,-2.865408,3.747736,-16.940731,1.230692,0.477882,0.00019,0.222378,0.000201,0.298552,0.000263,128,6.452454,47.804695,0.01715,-6.3,416.1,2454760.75067,9.829037,9.829087,-0.02,-9999999,0.585763,0.469546,0.770232,0.415106,0.749738,0.38,60,-2.878945,3.630851,2008-10-21T05:53:44.485,-9999999,K5,072.C-0488(E),Mayor,-9999999,HARPS_ech_obs_all,HARPS_ech_obs_thosimult,STAR_WAVE_K0,7.35187607182991E-06,3.46369392001953E-07,0,0,0
GJ150.0,55.81192,-9.76028,2454760.7516542,-2.976238,0.787974,-6165.130957,0.759662,-12.470454,0.166271,-6164.132085,0.122385,-12.173102,0.171729,-3.516396,3.553924,-17.435629,1.23899,0.477584,0.000185,0.222494,0.000195,0.299289,0.000256,128,6.452542,47.813232,0.017316,-6.3,428,2454760.75174,9.825909,9.825989,0,-9999999,0.585763,0.469216,0.770232,0.413109,0.749739,0.37,60,-3.533225,3.440393,2008-10-21T05:55:17.780,-9999999,K5,072.C-0488(E),Mayor,-9999999,HARPS_ech_obs_all,HARPS_ech_obs_thosimult,STAR_WAVE_K0,7.35777166794546E-06,3.53326592273099E-07,0,0,0
GJ150.0,55.81192,-9.76028,2454760.7527014,-2.986426,0.787644,-6164.965692,0.759375,-12.480964,0.164698,-6163.96877,0.120593,-12.132532,0.170476,-3.710386,3.708386,-19.537378,1.214882,0.478192,0.000182,0.222511,0.000193,0.299192,0.000253,128,6.450653,47.824662,0.017029,-6.3,433.7,2454760.75278,9.822853,9.822956,0.386,-9999999,0.585763,0.468893,0.770232,0.411159,0.749739,0.35,60,-3.710889,3.604519,2008-10-21T05:56:49.456,-9999999,K5,072.C-0488(E),Mayor,-9999999,HARPS_ech_obs_all,HARPS_ech_obs_thosimult,STAR_WAVE_K0,7.63250814277797E-06,3.19697925424326E-07,0,0,0
GJ150.0,55.81192,-9.76028,2454760.7537755,-1.281679,0.78672,-6163.321408,0.758688,-10.776548,0.160222,-6162.326485,0.116182,-10.434137,0.166458,-0.477178,4.08027,-20.088865,1.160553,0.478475,0.000175,0.222123,0.000185,0.299773,0.000243,128,6.450265,47.829372,0.016656,-6.3,450.9,2454760.75387,9.819716,9.819757,0,-9999999,0.585764,0.468562,0.770232,0.409159,0.749739,0.37,60,-0.471047,3.999626,2008-10-21T05:58:21.051,-9999999,K5,072.C-0488(E),Mayor,-9999999,HARPS_ech_obs_all,HARPS_ech_obs_thosimult,STAR_WAVE_K0,7.40173168537635E-06,3.68258408993083E-07,0,0,0
GJ150.0,55.81192,-9.76028,2454760.7548376,-0.879716,0.787601,-6162.860198,0.759235,-10.374912,0.164493,-6161.867253,0.119704,-9.991298,0.170627,0.932098,3.688251,-19.639551,1.218261,0.478525,0.000181,0.221777,0.000191,0.299404,0.000251,128,6.4504,47.82522,0.01639,-6.3,437.2,2454760.75492,9.816612,9.816686,0.143,-9999999,0.585764,0.468235,0.770232,0.407181,0.749739,0.36,60,0.925097,3.598405,2008-10-21T05:59:53.417,-9999999,K5,072.C-0488(E),Mayor,-9999999,HARPS_ech_obs_all,HARPS_ech_obs_thosimult,STAR_WAVE_K0,7.53847386514632E-06,3.67569867423824E-07,0,0,0
GJ150.0,55.81192,-9.76028,2454761.7132049,-1.879134,0.881215,-6163.887751,0.997231,-11.448715,0.211742,-6163.190627,0.167955,-11.301013,0.215707,-0.755327,3.633797,-13.577144,1.389684,0.477031,0.000247,0.217672,0.000265,0.307139,0.000347,0,6.453927,47.777999,0.018504,-6.3,315.9,2454761.71327,9.51025,9.510404,0.914,-9999999,0.586072,0.39385,0.855398,0.111052,0.982986,0.28,30,-0.758347,3.553695,2008-10-22T05:00:06.909,-9999999,K5,072.C-0488(E),Mayor,-9999999,HARPS_ech_obs_all,HARPS_ech_obs_thosimult,STAR_WAVE_K0,7.66300384417448E-06,2.99938372729939E-07,0,0,0
GJ150.0,55.81192,-9.76028,2454761.713929,-1.239272,0.879662,-6163.243919,0.99623,-10.809076,0.20518,-6162.548142,0.161906,-10.637615,0.209221,1.397562,3.649072,-14.216959,1.361382,0.477265,0.000237,0.217527,0.000255,0.307113,0.000334,0,6.453399,47.782919,0.017804,-6.3,328.7,2454761.71399,9.508235,9.508383,0.587,-9999999,0.586073,0.393627,0.855398,0.109704,0.982986,0.28,30,1.39019,3.573728,2008-10-22T05:01:09.463,-9999999,K5,072.C-0488(E),Mayor,-9999999,HARPS_ech_obs_all,HARPS_ech_obs_thosimult,STAR_WAVE_K0,7.3139112392073E-06,3.34587317367157E-07,0,0,0
GJ150.0,55.81192,-9.76028,2454761.7146385,-0.486733,0.880855,-6162.968328,0.997079,-10.056755,0.210239,-6162.273872,0.167051,-9.853465,0.214403,0.373391,4.311102,-12.7878,1.425462,0.477758,0.000244,0.217606,0.000262,0.306757,0.000343,0,6.455321,47.769962,0.018326,-6.3,319.5,2454761.71469,9.506256,9.506418,0,-9999999,0.586073,0.393409,0.855398,0.108383,0.982986,0.27,30,0.372631,4.250057,2008-10-22T05:02:11.067,-9999999,K5,072.C-0488(E),Mayor,-9999999,HARPS_ech_obs_all,HARPS_ech_obs_thosimult,STAR_WAVE_K0,7.12838631921687E-06,3.13444358259799E-07,0,0,0
GJ150.0,55.81192,-9.76028,2454761.7153665,-1.274011,0.88206,-6163.250003,0.997526,-10.844258,0.21523,-6162.556902,0.169697,-10.674604,0.21926,1.735874,3.914872,-14.305801,1.443946,0.477923,0.000248,0.217794,0.000267,0.306586,0.000349,0,6.453698,47.778675,0.017797,-6.3,314.1,2454761.71544,9.504223,9.504354,1.315,-9999999,0.586073,0.393185,0.855398,0.107028,0.982986,0.3,30,1.73442,3.846866,2008-10-22T05:03:13.061,-9999999,K5,072.C-0488(E),Mayor,-9999999,HARPS_ech_obs_all,HARPS_ech_obs_thosimult,STAR_WAVE_K0,7.31170320971646E-06,3.90863340811386E-07,0,0,0
GJ150.0,55.81192,-9.76028,2454761.7160622,-0.130365,0.878749,-6162.287848,0.995659,-9.700826,0.201232,-6161.596043,0.15835,-9.541116,0.205501,-0.775313,4.048055,-13.877328,1.325484,0.478207,0.000232,0.217533,0.000249,0.306429,0.000326,0,6.454805,47.777019,0.016786,-6.3,335.9,2454761.71612,9.502278,9.502449,0.847,-9999999,0.586073,0.39297,0.855398,0.105732,0.982986,0.27,30,-0.794384,3.987185,2008-10-22T05:04:14.064,-9999999,K5,072.C-0488(E),Mayor,-9999999,HARPS_ech_obs_all,HARPS_ech_obs_thosimult,STAR_WAVE_K0,7.41419953377618E-06,2.92440954159643E-07,0,0,0
GJ150.0,55.81192,-9.76028,2454761.7167878,0.227516,0.881505,-6161.761738,0.997499,-9.343168,0.212942,-6161.071283,0.169539,-9.146782,0.216872,-1.982732,4.044041,-12.306197,1.39764,0.477909,0.000247,0.217284,0.000266,0.305255,0.000347,0,6.456336,47.768147,0.017576,-6.3,314.8,2454761.71685,9.500247,9.500412,0.567,-9999999,0.586074,0.392747,0.855398,0.104381,0.982986,0.28,30,-1.978623,3.984736,2008-10-22T05:05:16.458,-9999999,K5,072.C-0488(E),Mayor,-9999999,HARPS_ech_obs_all,HARPS_ech_obs_thosimult,STAR_WAVE_K0,7.1369084927905E-06,3.2381918492627E-07,0,0,0
GJ150.0,55.81192,-9.76028,2454761.7175093,-0.100161,0.879859,-6162.183176,0.996378,-9.671068,0.206022,-6161.494064,0.162815,-9.507417,0.210099,-0.099327,3.895974,-12.735437,1.442392,0.47767,0.000238,0.217339,0.000255,0.30582,0.000333,0,6.455547,47.770056,0.017072,-6.3,327.9,2454761.71758,9.498224,9.498372,1.011,-9999999,0.586074,0.392525,0.855398,0.103038,0.982986,0.29,30,-0.087656,3.833711,2008-10-22T05:06:18.491,-9999999,K5,072.C-0488(E),Mayor,-9999999,HARPS_ech_obs_all,HARPS_ech_obs_thosimult,STAR_WAVE_K0,7.6405253358697E-06,3.23693020822708E-07,0,0,0
GJ150.0,55.81192,-9.76028,2454761.7182228,0.75689,0.881827,-6161.708994,0.997975,-8.814236,0.214272,-6161.021211,0.172315,-8.612217,0.217873,-3.916973,3.634014,-11.512392,1.419563,0.477783,0.000252,0.217831,0.000271,0.305998,0.000353,0,6.456806,47.763387,0.016708,-6.3,309.3,2454761.71828,9.496221,9.496367,0.562,-9999999,0.586074,0.392305,0.855398,0.101709,0.982986,0.28,30,-3.922872,3.572905,2008-10-22T05:07:20.435,-9999999,K5,072.C-0488(E),Mayor,-9999999,HARPS_ech_obs_all,HARPS_ech_obs_thosimult,STAR_WAVE_K0,7.36314309706032E-06,3.69909887662388E-07,0,0,0
GJ150.0,55.81192,-9.76028,2454761.718949,-1.379696,0.881161,-6163.48848,0.997188,-10.951046,0.211515,-6162.802049,0.167697,-10.746189,0.215131,-0.220006,4.2688,-12.964023,1.425189,0.477585,0.000245,0.217415,0.000263,0.306693,0.000345,0,6.454841,47.770163,0.0171,-6.3,317.7,2454761.71901,9.494179,9.494321,0.882,-9999999,0.586074,0.392081,0.855398,0.100357,0.982986,0.28,30,-0.215697,4.198749,2008-10-22T05:08:23.180,-9999999,K5,072.C-0488(E),Mayor,-9999999,HARPS_ech_obs_all,HARPS_ech_obs_thosimult,STAR_WAVE_K0,7.91686406418196E-06,2.99128521171131E-07,0,0,0
GJ150.0,55.81192,-9.76028,2454761.7196734,-1.503417,0.881422,-6163.715239,0.997441,-11.07499,0.212598,-6163.030156,0.169198,-10.908171,0.216412,-1.599311,3.552699,-12.89485,1.32006,0.477833,0.000247,0.217327,0.000265,0.306961,0.000348,0,6.454267,47.770761,0.017808,-6.3,315.3,2454761.71974,9.49214,9.492273,0.832,-9999999,0.586075,0.391858,0.855398,0.099008,0.982986,0.29,30,-1.594343,3.477777,2008-10-22T05:09:25.463,-9999999,K5,072.C-0488(E),Mayor,-9999999,HARPS_ech_obs_all,HARPS_ech_obs_thosimult,STAR_WAVE_K0,7.58447150305394E-06,3.37027757989632E-07,0,0,0
GJ150.0,55.81192,-9.76028,2454761.7203871,-1.53108,0.87987,-6163.66988,0.996407,-11.102873,0.206072,-6162.986126,0.16299,-10.933032,0.210341,1.242871,3.492224,-14.589563,1.406097,0.47753,0.000238,0.217557,0.000256,0.306206,0.000334,0,6.45372,47.778046,0.018062,-6.3,327.2,2454761.72045,9.490129,9.490288,0,-9999999,0.586075,0.391638,0.855398,0.097679,0.982986,0.28,30,1.238322,3.39953,2008-10-22T05:10:27.427,-9999999,K5,072.C-0488(E),Mayor,-9999999,HARPS_ech_obs_all,HARPS_ech_obs_thosimult,STAR_WAVE_K0,7.43134219674988E-06,2.9059096195107E-07,0,0,0
GJ150.0,55.81192,-9.76028,2454761.7211005,-3.468309,0.880621,-6165.498726,0.996865,-13.040322,0.209252,-6164.8163,0.165765,-12.882625,0.213636,0.875455,4.300497,-15.916252,1.303801,0.476975,0.000245,0.21733,0.000262,0.306435,0.000343,0,6.451702,47.79092,0.018402,-6.3,319.5,2454761.72116,9.488116,9.488267,0.988,-9999999,0.586075,0.391419,0.855398,0.096351,0.982986,0.28,30,0.860507,4.22489,2008-10-22T05:11:29.060,-9999999,K5,072.C-0488(E),Mayor,-9999999,HARPS_ech_obs_all,HARPS_ech_obs_thosimult,STAR_WAVE_K0,7.1071520865093E-06,3.36091455646929E-07,0,0,0
GJ150.0,55.81192,-9.76028,2454761.7218394,-4.627925,0.881674,-6166.81797,0.99749,-14.200165,0.213643,-6166.13692,0.169481,-13.992223,0.217527,1.575974,3.584801,-14.433652,1.441456,0.477275,0.000245,0.21773,0.000264,0.305883,0.000345,0,6.452921,47.78139,0.017572,-6.3,316.5,2454761.72191,9.486028,9.486151,0.971,-9999999,0.586075,0.391191,0.855398,0.094975,0.982986,0.28,30,1.578254,3.479435,2008-10-22T05:12:32.904,-9999999,K5,072.C-0488(E),Mayor,-9999999,HARPS_ech_obs_all,HARPS_ech_obs_thosimult,STAR_WAVE_K0,6.96817822601981E-06,3.52291911040565E-07,0,0,0
GJ150.0,55.81192,-9.76028,2454761.7225631,-4.337585,0.881249,-6166.471313,0.99747,-13.910048,0.211881,-6165.79161,0.169365,-13.723388,0.216161,-2.23407,3.950742,-15.89937,1.342397,0.477601,0.000249,0.217771,0.000267,0.305776,0.000348,0,6.451811,47.793422,0.017914,-6.3,314.2,2454761.72262,9.483981,9.484126,0.633,-9999999,0.586075,0.390968,0.855398,0.093628,0.982986,0.28,30,-2.235882,3.857709,2008-10-22T05:13:35.428,-9999999,K5,072.C-0488(E),Mayor,-9999999,HARPS_ech_obs_all,HARPS_ech_obs_thosimult,STAR_WAVE_K0,7.63899224727584E-06,3.0354436945743E-07,0,0,0
GJ150.0,55.81192,-9.76028,2454761.7232647,-4.825422,0.879976,-6166.683385,0.996502,-14.398101,0.206523,-6166.004988,0.163566,-14.162778,0.21089,-0.614351,3.792823,-16.415341,1.382656,0.476907,0.000239,0.217766,0.000257,0.305976,0.000336,0,6.452041,47.793329,0.019081,-6.3,325.8,2454761.72333,9.481994,9.48213,0.8,-9999999,0.586076,0.390752,0.855398,0.092321,0.982986,0.28,30,-0.616055,3.685686,2008-10-22T05:14:36.042,-9999999,K5,072.C-0488(E),Mayor,-9999999,HARPS_ech_obs_all,HARPS_ech_obs_thosimult,STAR_WAVE_K0,7.31932123697881E-06,3.47266979594359E-07,0,0,0
GJ150.0,55.81192,-9.76028,2454762.699567,-2.839638,0.59961,-6165.796326,0.680296,-11.705173,0.160973,-6163.739935,0.119184,-11.41977,0.165513,-3.050907,3.930474,-13.260843,1.268146,0.477285,0.000173,0.222389,0.000186,0.2989,0.000243,128,6.455045,47.781189,0.017264,-6.3,449.2,2454762.69964,9.1188,9.118915,-0.151,-9999999,0.58639,1.097896,0.577598,1.470001,0.669774,0.35,60,-3.065893,3.834266,2008-10-23T04:40:13.390,-9999999,K5,072.C-0488(E),Mayor,-9999999,HARPS_ech_obs_all,HARPS_ech_obs_thosimult,STAR_WAVE_K0,7.67193729367757E-06,3.57991163039891E-07,0,0,0
GJ150.0,55.81192,-9.76028,2454762.7006468,-3.766628,0.599505,-6166.53443,0.680035,-12.632495,0.160582,-6164.480049,0.117685,-12.422534,0.165278,-1.784312,3.832894,-14.217267,1.249753,0.47735,0.00017,0.222441,0.000183,0.298494,0.00024,128,6.454599,47.782437,0.017856,-6.3,455.4,2454762.70073,9.11586,9.115958,0.2,-9999999,0.58639,1.097564,0.577598,1.467991,0.669774,0.37,60,-1.788877,3.730223,2008-10-23T04:41:45.475,-9999999,K5,072.C-0488(E),Mayor,-9999999,HARPS_ech_obs_all,HARPS_ech_obs_thosimult,STAR_WAVE_K0,7.35395596627379E-06,3.14185271891781E-07,0,0,0
GJ150.0,55.81192,-9.76028,2454762.7017052,-3.828427,0.599106,-6166.319614,0.679786,-12.69462,0.159088,-6164.267203,0.116239,-12.434431,0.163627,-1.645031,3.878904,-13.732592,1.285024,0.477453,0.000168,0.222399,0.000181,0.298673,0.000237,128,6.454521,47.786073,0.017222,-6.3,461.3,2454762.70178,9.112971,9.113089,0.373,-9999999,0.586391,1.097238,0.577598,1.46602,0.669774,0.35,60,-1.675112,3.773941,2008-10-23T04:43:18.121,-9999999,K5,072.C-0488(E),Mayor,-9999999,HARPS_ech_obs_all,HARPS_ech_obs_thosimult,STAR_WAVE_K0,7.65035032666209E-06,3.51394448334642E-07,0,0,0
GJ150.0,55.81192,-9.76028,2454762.7027759,-4.513298,0.600098,-6167.291691,0.680342,-13.379821,0.162784,-6165.241274,0.119446,-13.166317,0.167229,-1.831104,3.508136,-13.664741,1.266186,0.477703,0.000172,0.222411,0.000186,0.298969,0.000243,128,6.454394,47.784581,0.017702,-6.3,449.7,2454762.70286,9.11004,9.110123,0.621,-9999999,0.586391,1.096908,0.577598,1.464026,0.669774,0.36,60,-1.855476,3.394091,2008-10-23T04:44:50.026,-9999999,K5,072.C-0488(E),Mayor,-9999999,HARPS_ech_obs_all,HARPS_ech_obs_thosimult,STAR_WAVE_K0,7.53665685393469E-06,2.80273787026514E-07,0,0,0
GJ150.0,55.81192,-9.76028,2454762.7038713,-3.627623,0.60003,-6166.191306,0.680577,-12.494484,0.162533,-6164.142928,0.120777,-12.304342,0.167143,-4.512257,4.0463,-13.541457,1.257089,0.477434,0.000175,0.222037,0.000188,0.29899,0.000247,128,6.454527,47.781343,0.01683,-6.3,442.8,2454762.70396,9.107035,9.107113,0.412,-9999999,0.586391,1.096571,0.577598,1.461987,0.669774,0.38,60,-4.524037,3.955975,2008-10-23T04:46:23.462,-9999999,K5,072.C-0488(E),Mayor,-9999999,HARPS_ech_obs_all,HARPS_ech_obs_thosimult,STAR_WAVE_K0,7.70941072712412E-06,3.64651112973355E-07,0,0,0
GJ150.0,55.81192,-9.76028,2454762.7049151,-3.969377,0.599997,-6166.456991,0.680381,-12.836559,0.162409,-6164.410556,0.11967,-12.665771,0.16665,-0.902097,3.955308,-11.896813,1.211346,0.477516,0.000173,0.222333,0.000186,0.298966,0.000244,128,6.456327,47.774276,0.017311,-6.3,447.9,2454762.70499,9.104165,9.104286,0.505,-9999999,0.586392,1.096249,0.577598,1.460043,0.669774,0.35,60,-0.923021,3.859525,2008-10-23T04:47:55.448,-9999999,K5,072.C-0488(E),Mayor,-9999999,HARPS_ech_obs_all,HARPS_ech_obs_thosimult,STAR_WAVE_K0,7.71513962310174E-06,3.17513311333898E-07,0,0,0
GJ150.0,55.81192,-9.76028,2454762.7059944,-3.973493,0.599245,-6166.639054,0.680023,-12.841008,0.15961,-6164.594628,0.117617,-12.553196,0.164205,-1.724899,3.886154,-12.833817,1.255839,0.477605,0.000171,0.222538,0.000184,0.298588,0.00024,128,6.455091,47.777652,0.017424,-6.3,455,2454762.70608,9.10119,9.101293,0.39,-9999999,0.586392,1.095917,0.577598,1.458034,0.669774,0.37,60,-1.74822,3.783021,2008-10-23T04:49:27.494,-9999999,K5,072.C-0488(E),Mayor,-9999999,HARPS_ech_obs_all,HARPS_ech_obs_thosimult,STAR_WAVE_K0,7.52473219038736E-06,3.85536069176016E-07,0,0,0
GJ150.0,55.81192,-9.76028,2454762.7070525,-3.735844,0.599047,-6166.269035,0.679623,-12.603684,0.158863,-6164.22658,0.11528,-12.366271,0.163633,-0.266196,3.768947,-13.74974,1.223554,0.477451,0.000168,0.222504,0.00018,0.2988,0.000236,128,6.454836,47.78442,0.016993,-6.3,463.5,2454762.70713,9.098266,9.098362,0.428,-9999999,0.586392,1.095591,0.577598,1.456063,0.669774,0.36,60,-0.287932,3.66853,2008-10-23T04:50:59.509,-9999999,K5,072.C-0488(E),Mayor,-9999999,HARPS_ech_obs_all,HARPS_ech_obs_thosimult,STAR_WAVE_K0,7.77178967197007E-06,4.14466135668482E-07,0,0,0
GJ150.0,55.81192,-9.76028,2454762.708119,-2.117209,0.599682,-6164.678432,0.680235,-10.985378,0.161243,-6162.637961,0.118834,-10.750001,0.165662,-1.71944,3.678292,-12.755127,1.212041,0.477409,0.000173,0.222524,0.000186,0.298883,0.000243,128,6.455599,47.776781,0.017293,-6.3,450.1,2454762.70821,9.095313,9.095387,0.174,-9999999,0.586393,1.095262,0.577598,1.454078,0.669774,0.37,60,-1.737011,3.583134,2008-10-23T04:52:31.055,-9999999,K5,072.C-0488(E),Mayor,-9999999,HARPS_ech_obs_all,HARPS_ech_obs_thosimult,STAR_WAVE_K0,7.73809334723199E-06,2.86325478192354E-07,0,0,0
GJ150.0,55.81192,-9.76028,2454762.7091769,-1.183077,0.59881,-6163.748655,0.679826,-10.051572,0.157968,-6161.710154,0.116473,-9.791556,0.162677,-4.945615,4.120359,-12.742399,1.246581,0.47749,0.00017,0.222237,0.000182,0.299455,0.000239,128,6.455604,47.777895,0.017683,-6.3,457.5,2454762.70926,9.092376,9.09247,0.283,-9999999,0.586393,1.094937,0.577598,1.452108,0.669775,0.37,60,-4.957474,4.04845,2008-10-23T04:54:02.460,-9999999,K5,072.C-0488(E),Mayor,-9999999,HARPS_ech_obs_all,HARPS_ech_obs_thosimult,STAR_WAVE_K0,7.4495274133596E-06,3.57301944724443E-07,0,0,0
GJ150.0,55.81192,-9.76028,2454762.7102344,-0.413373,0.601317,-6162.88271,0.681402,-9.282193,0.167218,-6160.846178,0.125343,-9.11586,0.17116,-3.470019,3.937372,-10.991438,1.34469,0.477943,0.000182,0.222372,0.000195,0.298844,0.000256,128,6.457211,47.763371,0.017032,-6.3,427.5,2454762.71032,9.089435,9.089547,0.174,-9999999,0.586393,1.094611,0.577598,1.450139,0.669775,0.36,60,-3.487478,3.871082,2008-10-23T04:55:34.426,-9999999,K5,072.C-0488(E),Mayor,-9999999,HARPS_ech_obs_all,HARPS_ech_obs_thosimult,STAR_WAVE_K0,7.82943050141858E-06,3.73601319587448E-07,0,0,0
GJ150.0,55.81192,-9.76028,2454762.7112999,0.983716,0.600924,-6161.802328,0.681151,-7.885433,0.1658,-6159.767779,0.123972,-7.680523,0.169891,-5.948463,4.037292,-10.882172,1.299327,0.477469,0.00018,0.222892,0.000193,0.299287,0.000253,128,6.457259,47.765263,0.017457,-6.3,432.2,2454762.71138,9.086465,9.086557,0.362,-9999999,0.586394,1.094283,0.577598,1.448155,0.669775,0.36,60,-5.961391,3.984411,2008-10-23T04:57:06.482,-9999999,K5,072.C-0488(E),Mayor,-9999999,HARPS_ech_obs_all,HARPS_ech_obs_thosimult,STAR_WAVE_K0,7.33050492714356E-06,3.33285848318795E-07,0,0,0
GJ150.0,55.81192,-9.76028,2454762.7123641,3.127302,0.601885,-6159.450786,0.682,-5.742174,0.169252,-6157.418219,0.128554,-5.532478,0.173115,-6.846449,3.934577,-9.452268,1.326223,0.477607,0.000186,0.222814,0.0002,0.298971,0.000262,128,6.457014,47.757035,0.017077,-6.3,417.5,2454762.71244,9.083492,9.083589,0.458,-9999999,0.586394,1.093955,0.577598,1.446173,0.669775,0.36,60,-6.86603,3.898738,2008-10-23T04:58:38.427,-9999999,K5,072.C-0488(E),Mayor,-9999999,HARPS_ech_obs_all,HARPS_ech_obs_thosimult,STAR_WAVE_K0,7.80561026179682E-06,3.26821496811179E-07,0,0,0
GJ150.0,55.81192,-9.76028,2454762.7134383,1.087315,0.599493,-6161.548008,0.68034,-7.782492,0.160536,-6159.517441,0.119431,-7.586713,0.164977,1.040364,4.063385,-12.112739,1.239876,0.477796,0.000175,0.222574,0.000187,0.299475,0.000245,128,6.45562,47.771467,0.016765,-6.3,446.2,2454762.71353,9.080485,9.08055,0.259,-9999999,0.586394,1.093624,0.577598,1.444173,0.669775,0.38,60,1.014259,4.012219,2008-10-23T05:00:10.032,-9999999,K5,072.C-0488(E),Mayor,-9999999,HARPS_ech_obs_all,HARPS_ech_obs_thosimult,STAR_WAVE_K0,7.60758514855711E-06,3.66895959613754E-07,0,0,0
GJ150.0,55.81192,-9.76028,2454762.7144905,1.706526,0.598391,-6160.922307,0.67939,-7.163605,0.156372,-6158.893698,0.113897,-6.929047,0.160916,-4.475381,4.379896,-11.427962,1.266962,0.478064,0.000167,0.222808,0.000179,0.299275,0.000234,128,6.457636,47.765878,0.016358,-6.3,467.5,2454762.71457,9.077534,9.077635,0.453,-9999999,0.586395,1.0933,0.577598,1.442214,0.669775,0.37,60,-4.499162,4.334905,2008-10-23T05:01:41.538,-9999999,K5,072.C-0488(E),Mayor,-9999999,HARPS_ech_obs_all,HARPS_ech_obs_thosimult,STAR_WAVE_K0,7.28208770787978E-06,3.53637713486698E-07,0,0,0
GJ150.0,55.81192,-9.76028,2454763.7148852,-2.857989,0.877242,-6164.920045,0.994928,-12.281977,0.194547,-6164.093415,0.153692,-12.063136,0.198617,-5.228412,3.248911,-11.919603,1.353469,0.48015,0.000222,0.217843,0.000239,0.307159,0.000314,0,6.456476,47.767986,0.017247,-6.3,350.2,2454763.71497,8.643633,8.643712,0.06,-9999999,0.586717,0.539443,0.855398,0.239913,0.982986,0.36,60,-5.237446,3.141249,2008-10-24T05:02:13.718,-9999999,K5,072.C-0488(E),Mayor,-9999999,HARPS_ech_obs_all,HARPS_ech_obs_thosimult,STAR_WAVE_K0,7.67008035494453E-06,4.02587689076118E-07,0,0,0
GJ150.0,55.81192,-9.76028,2454763.7159531,-2.552463,0.877926,-6164.499462,0.995457,-11.97678,0.197608,-6163.674821,0.157081,-11.8278,0.201545,-4.09425,3.466159,-11.353209,1.414779,0.480098,0.000226,0.217437,0.000244,0.306907,0.00032,0,6.457331,47.768166,0.017474,-6.3,343.2,2454763.71604,8.640612,8.640706,0.253,-9999999,0.586717,0.539114,0.855398,0.237924,0.982986,0.37,60,-4.11108,3.367166,2008-10-24T05:03:45.384,-9999999,K5,072.C-0488(E),Mayor,-9999999,HARPS_ech_obs_all,HARPS_ech_obs_thosimult,STAR_WAVE_K0,7.2775525418063E-06,4.19960190735413E-07,0,0,0
GJ150.0,55.81192,-9.76028,2454763.7170307,-2.238281,0.877522,-6164.011214,0.99527,-11.66293,0.195801,-6163.188579,0.155891,-11.461707,0.199708,-7.722728,3.302213,-10.869067,1.332132,0.479599,0.000225,0.217593,0.000243,0.307296,0.000318,0,6.457657,47.762788,0.016977,-6.3,345.5,2454763.71712,8.637557,8.637661,0.302,-9999999,0.586717,0.538783,0.855398,0.235918,0.982986,0.38,60,-7.739642,3.197884,2008-10-24T05:05:17.889,-9999999,K5,072.C-0488(E),Mayor,-9999999,HARPS_ech_obs_all,HARPS_ech_obs_thosimult,STAR_WAVE_K0,7.24592219337197E-06,3.95733998605793E-07,0,0,0
GJ150.0,55.81192,-9.76028,2454763.7180863,-1.582908,0.877695,-6163.217774,0.995224,-11.007882,0.196578,-6162.397104,0.155592,-10.885239,0.200394,-5.989986,3.082012,-10.581773,1.330119,0.479621,0.000224,0.217703,0.000242,0.306777,0.000316,0,6.456864,47.761033,0.016542,-6.3,346.7,2454763.71817,8.63456,8.634649,0.507,-9999999,0.586718,0.538457,0.855398,0.233952,0.982986,0.37,60,-6.007546,2.983614,2008-10-24T05:06:49.685,-9999999,K5,072.C-0488(E),Mayor,-9999999,HARPS_ech_obs_all,HARPS_ech_obs_thosimult,STAR_WAVE_K0,7.51760929953956E-06,3.65103608139254E-07,0,0,0
GJ150.0,55.81192,-9.76028,2454763.71916,-0.884946,0.879036,-6162.835147,0.996173,-10.310251,0.20248,-6162.016476,0.161554,-10.137391,0.206257,-6.497484,3.39086,-10.40385,1.379133,0.479232,0.000232,0.217206,0.000251,0.307551,0.000329,0,6.457479,47.761883,0.016514,-6.3,333.9,2454763.71924,8.631506,8.631594,0.677,-9999999,0.586718,0.538127,0.855398,0.231953,0.982986,0.38,60,-6.50787,3.30859,2008-10-24T05:08:21.851,-9999999,K5,072.C-0488(E),Mayor,-9999999,HARPS_ech_obs_all,HARPS_ech_obs_thosimult,STAR_WAVE_K0,7.35922120178917E-06,3.83765327682249E-07,0,0,0
GJ150.0,55.81192,-9.76028,2454763.7202172,-0.539344,0.874813,-6162.181666,0.993367,-9.964974,0.183278,-6161.364963,0.143238,-9.795083,0.187441,-5.193,3.087026,-11.456536,1.296989,0.479959,0.000207,0.217581,0.000223,0.307365,0.000292,0,6.45625,47.76968,0.017443,-6.3,375.8,2454763.7203,8.628493,8.628599,0.827,-9999999,0.586718,0.537801,0.855398,0.229985,0.982986,0.36,60,-5.203929,2.999455,2008-10-24T05:09:54.396,-9999999,K5,072.C-0488(E),Mayor,-9999999,HARPS_ech_obs_all,HARPS_ech_obs_thosimult,STAR_WAVE_K0,7.2850752724462E-06,3.41069992146987E-07,0,0,0
GJ150.0,55.81192,-9.76028,2454763.721289,-0.60594,0.874763,-6162.470509,0.99338,-10.0319,0.183039,-6161.655801,0.143322,-9.85921,0.18759,-3.947525,3.447515,-12.489732,1.272158,0.480245,0.000208,0.217927,0.000224,0.307171,0.000293,0,6.455692,47.775373,0.016368,-6.3,374.7,2454763.72137,8.625435,8.625534,0.387,-9999999,0.586719,0.537471,0.855398,0.227989,0.982986,0.37,60,-3.952773,3.366205,2008-10-24T05:11:26.392,-9999999,K5,072.C-0488(E),Mayor,-9999999,HARPS_ech_obs_all,HARPS_ech_obs_thosimult,STAR_WAVE_K0,7.33485757428037E-06,3.33143166457672E-07,0,0,0
GJ150.0,55.81192,-9.76028,2454763.7223561,-0.289997,0.876175,-6162.317381,0.994241,-9.716286,0.189674,-6161.50466,0.149175,-9.523137,0.194001,-3.555298,3.224723,-13.191554,1.299612,0.480699,0.000215,0.217147,0.000232,0.307325,0.000304,0,6.454475,47.778745,0.016183,-6.3,361.1,2454763.72244,8.622384,8.622468,0.465,-9999999,0.586719,0.537142,0.855398,0.226002,0.982986,0.36,60,-3.566547,3.143911,2008-10-24T05:12:59.188,-9999999,K5,072.C-0488(E),Mayor,-9999999,HARPS_ech_obs_all,HARPS_ech_obs_thosimult,STAR_WAVE_K0,7.38895027803944E-06,3.61757467634177E-07,0,0,0
GJ150.0,55.81192,-9.76028,2454763.7234353,0.05922,0.874797,-6162.145701,0.993436,-9.367401,0.183202,-6161.334989,0.143709,-9.165673,0.187672,-5.969303,3.429566,-13.09435,1.33532,0.48047,0.000208,0.217338,0.000223,0.307435,0.000293,0,6.455448,47.782065,0.0167,-6.3,374.7,2454763.72352,8.619294,8.619393,0.52,-9999999,0.586719,0.53681,0.855398,0.223993,0.982986,0.37,60,-5.981194,3.35379,2008-10-24T05:14:31.834,-9999999,K5,072.C-0488(E),Mayor,-9999999,HARPS_ech_obs_all,HARPS_ech_obs_thosimult,STAR_WAVE_K0,7.54170916539199E-06,3.28848879556294E-07,0,0,0
GJ150.0,55.81192,-9.76028,2454763.7244881,0.069979,0.875368,-6161.880239,0.993731,-9.356967,0.18591,-6161.071487,0.145735,-9.144879,0.190375,-5.779604,2.934973,-13.668454,1.315221,0.480253,0.000211,0.217425,0.000227,0.307518,0.000298,0,6.454809,47.779873,0.016166,-6.3,368.9,2454763.72457,8.616275,8.61638,0.397,-9999999,0.58672,0.536486,0.855399,0.222032,0.982986,0.36,60,-5.794613,2.843768,2008-10-24T05:16:03.389,-9999999,K5,072.C-0488(E),Mayor,-9999999,HARPS_ech_obs_all,HARPS_ech_obs_thosimult,STAR_WAVE_K0,7.69622960483579E-06,3.59877661739011E-07,0,0,0
GJ150.0,55.81192,-9.76028,2454763.7255442,-0.009368,0.876895,-6162.023707,0.994731,-9.436639,0.192973,-6161.216921,0.152409,-9.19357,0.197303,-6.994072,3.259276,-13.476774,1.341906,0.480411,0.000221,0.21725,0.000238,0.307829,0.000312,0,6.454919,47.779095,0.017788,-6.3,352.4,2454763.72562,8.613242,8.613362,0.385,-9999999,0.58672,0.53616,0.855399,0.220066,0.982986,0.34,60,-6.99937,3.180715,2008-10-24T05:17:35.834,-9999999,K5,072.C-0488(E),Mayor,-9999999,HARPS_ech_obs_all,HARPS_ech_obs_thosimult,STAR_WAVE_K0,7.53001957986035E-06,3.98118571533342E-07,0,0,0
GJ150.0,55.81192,-9.76028,2454763.7266267,-0.705851,0.87456,-6162.796719,0.993292,-10.133455,0.182068,-6161.991949,0.142711,-9.894404,0.186792,-4.560664,3.074874,-14.794966,1.317964,0.480334,0.000206,0.217643,0.000222,0.307859,0.000291,0,6.453716,47.78641,0.017242,-6.3,377.3,2454763.72671,8.610129,8.610211,0.334,-9999999,0.58672,0.535827,0.855399,0.21805,0.982986,0.37,60,-4.565292,2.98322,2008-10-24T05:19:07.560,-9999999,K5,072.C-0488(E),Mayor,-9999999,HARPS_ech_obs_all,HARPS_ech_obs_thosimult,STAR_WAVE_K0,7.45097257522938E-06,3.63769493395091E-07,0,0,0
GJ150.0,55.81192,-9.76028,2454763.7276873,-1.343124,0.874915,-6163.325703,0.993522,-10.771055,0.183762,-6162.522907,0.144303,-10.656451,0.188461,-2.921721,3.273539,-13.868102,1.267451,0.480426,0.000209,0.21733,0.000225,0.307789,0.000295,0,6.454483,47.780311,0.016291,-6.3,372.4,2454763.72778,8.607075,8.607151,0.175,-9999999,0.586721,0.5355,0.855399,0.216075,0.982987,0.36,60,-2.92544,3.184508,2008-10-24T05:20:39.796,-9999999,K5,072.C-0488(E),Mayor,-9999999,HARPS_ech_obs_all,HARPS_ech_obs_thosimult,STAR_WAVE_K0,7.26342725681932E-06,3.93218861182002E-07,0,0,0
GJ150.0,55.81192,-9.76028,2454763.7287671,-1.752652,0.873538,-6163.562029,0.992597,-11.180916,0.177093,-6162.761243,0.13779,-10.980377,0.181458,-5.878402,3.458288,-12.99559,1.276777,0.480215,0.0002,0.217555,0.000215,0.307592,0.000282,0,6.455643,47.773504,0.01741,-6.3,389.8,2454763.72885,8.603961,8.604054,0.236,-9999999,0.586721,0.535168,0.855399,0.214065,0.982987,0.37,60,-5.882883,3.368089,2008-10-24T05:22:12.481,-9999999,K5,072.C-0488(E),Mayor,-9999999,HARPS_ech_obs_all,HARPS_ech_obs_thosimult,STAR_WAVE_K0,7.71117769922657E-06,3.32747153003776E-07,0,0,0
GJ150.0,55.81192,-9.76028,2454763.7298504,-2.096337,0.873213,-6164.111745,0.992383,-11.524934,0.175479,-6163.312976,0.136239,-11.341492,0.180106,-3.853579,3.143421,-12.605396,1.33093,0.48048,0.000198,0.217773,0.000213,0.307134,0.000279,0,6.454913,47.774545,0.016689,-6.3,394,2454763.72994,8.600833,8.60089,0.341,-9999999,0.586721,0.534834,0.855399,0.212048,0.982987,0.37,60,-3.85744,3.041715,2008-10-24T05:23:46.077,-9999999,K5,072.C-0488(E),Mayor,-9999999,HARPS_ech_obs_all,HARPS_ech_obs_thosimult,STAR_WAVE_K0,7.45280289187741E-06,3.80817196410959E-07,0,0,0
GJ150.0,55.81192,-9.76028,2454765.6922423,0.936038,0.655971,-6160.995998,0.787075,-8.505779,0.31226,-6160.214682,0.263498,-8.426296,0.315053,-2.516116,3.794994,-10.919202,1.732365,0.474749,0.000378,0.217432,0.00041,0.306499,0.000537,0,6.456714,47.757066,0.01751,-6.3,204.5,2454765.69232,7.831225,7.831345,0.518,-9999999,0.587353,0.521615,0.576881,0.193963,0.741657,0.35,60,-2.521183,3.747233,2008-10-26T04:29:33.360,-9999999,K5,072.C-0488(E),Mayor,-9999999,HARPS_ech_obs_all,HARPS_ech_obs_thosimult,STAR_WAVE_K0,7.17709606601194E-06,3.93413654386425E-07,0,0,0
GJ150.0,55.81192,-9.76028,2454765.6933098,0.710578,0.649009,-6161.344558,0.782974,-8.731567,0.297357,-6160.565229,0.250984,-8.633379,0.300274,-8.43383,3.555751,-11.22271,1.748851,0.47545,0.000363,0.217222,0.000392,0.307098,0.000514,0,6.456304,47.752298,0.016179,-6.3,213.9,2454765.6934,7.828302,7.828404,0.144,-9999999,0.587353,0.521286,0.576881,0.191976,0.741657,0.36,60,-8.439956,3.499454,2008-10-26T04:31:04.996,-9999999,K5,072.C-0488(E),Mayor,-9999999,HARPS_ech_obs_all,HARPS_ech_obs_thosimult,STAR_WAVE_K0,8.09746777018116E-06,4.60463411251841E-07,0,0,0
GJ150.0,55.81192,-9.76028,2454765.6943782,0.787264,0.660836,-6161.090617,0.790086,-8.655211,0.322356,-6160.313277,0.27236,-8.553127,0.325058,-5.980486,4.229956,-10.447642,1.784462,0.476026,0.000394,0.217083,0.000425,0.306004,0.000556,0,6.456454,47.754393,0.014483,-6.3,197.4,2454765.69446,7.82537,7.825487,0.345,-9999999,0.587354,0.520957,0.576881,0.189986,0.741657,0.37,60,-5.984279,4.185342,2008-10-26T04:32:36.701,-9999999,K5,072.C-0488(E),Mayor,-9999999,HARPS_ech_obs_all,HARPS_ech_obs_thosimult,STAR_WAVE_K0,7.89289946489392E-06,3.54287965374935E-07,0,0,0
GJ150.0,55.81192,-9.76028,2454765.6954552,-0.140209,0.648047,-6162.248903,0.78209,-9.583015,0.295251,-6161.473568,0.248213,-9.448003,0.298579,-6.434824,3.813351,-13.080117,1.853426,0.475095,0.00036,0.218491,0.00039,0.306689,0.000508,0,6.455202,47.768509,0.017279,-6.3,216.1,2454765.69555,7.822407,7.8225,0.151,-9999999,0.587354,0.520625,0.576881,0.187981,0.741657,0.38,60,-6.446132,3.753903,2008-10-26T04:34:09.147,-9999999,K5,072.C-0488(E),Mayor,-9999999,HARPS_ech_obs_all,HARPS_ech_obs_thosimult,STAR_WAVE_K0,7.50118221223413E-06,4.14534558993441E-07,0,0,0
GJ150.0,55.81192,-9.76028,2454765.696507,-0.045083,0.646604,-6161.956671,0.781243,-9.488213,0.292072,-6161.183295,0.245529,-9.360446,0.295087,-1.452457,3.903615,-12.775942,1.572053,0.475374,0.000357,0.217856,0.000385,0.306424,0.000503,0,6.453808,47.773775,0.016837,-6.3,218.1,2454765.69659,7.819506,7.819606,0,-9999999,0.587354,0.520301,0.576881,0.186022,0.741657,0.37,60,-1.460451,3.844799,2008-10-26T04:35:40.622,-9999999,K5,072.C-0488(E),Mayor,-9999999,HARPS_ech_obs_all,HARPS_ech_obs_thosimult,STAR_WAVE_K0,7.14216428691376E-06,4.16114240571282E-07,0,0,0
GJ150.0,55.81192,-9.76028,2454765.6975516,-1.676216,0.639669,-6163.174665,0.776823,-11.119668,0.276379,-6162.403233,0.231081,-11.017956,0.279409,-2.133179,4.048404,-12.907862,1.602566,0.475372,0.000336,0.216984,0.000362,0.306454,0.000474,0,6.455376,47.772096,0.016889,-6.3,231.7,2454765.69763,7.816617,7.816732,0.662,-9999999,0.587355,0.519979,0.576881,0.184077,0.741657,0.35,60,-2.149416,3.982903,2008-10-26T04:37:12.079,-9999999,K5,072.C-0488(E),Mayor,-9999999,HARPS_ech_obs_all,HARPS_ech_obs_thosimult,STAR_WAVE_K0,7.58297939513316E-06,3.43957030921641E-07,0,0,0
GJ150.0,55.81192,-9.76028,2454765.6986711,0.290277,0.649219,-6161.609013,0.782923,-9.15352,0.297816,-6160.839665,0.250825,-9.07888,0.300742,-4.159824,3.586142,-12.930156,1.72981,0.476015,0.00037,0.217692,0.000397,0.306846,0.000519,0,6.455219,47.772581,0.016941,-6.3,211.9,2454765.69878,7.813515,7.813563,0,-9999999,0.587355,0.519635,0.576881,0.181993,0.741657,0.43,60,-4.175543,3.525567,2008-10-26T04:38:43.994,-9999999,K5,072.C-0488(E),Mayor,-9999999,HARPS_ech_obs_all,HARPS_ech_obs_thosimult,STAR_WAVE_K0,7.18403137917563E-06,3.53577807875814E-07,0,0,0
GJ150.0,55.81192,-9.76028,2454765.699683,-1.511504,0.635966,-6163.62352,0.774638,-10.955612,0.267697,-6162.856056,0.223625,-10.797511,0.271173,-5.29366,3.734725,-14.527793,1.561435,0.476059,0.000328,0.217622,0.000352,0.305429,0.000459,0,6.453068,47.787967,0.016417,-6.3,238.5,2454765.69976,7.810705,7.810836,0.655,-9999999,0.587355,0.519323,0.576881,0.180109,0.741657,0.36,60,-5.30447,3.662534,2008-10-26T04:40:15.619,-9999999,K5,072.C-0488(E),Mayor,-9999999,HARPS_ech_obs_all,HARPS_ech_obs_thosimult,STAR_WAVE_K0,7.69539198850003E-06,4.6034958229452E-07,0,0,0
GJ150.0,55.81192,-9.76028,2454765.7007508,-0.863387,0.640763,-6163.039132,0.777543,-10.307824,0.278901,-6162.273655,0.233491,-10.138624,0.282143,-5.792781,3.875569,-15.210939,1.647603,0.48082,0.000341,0.217606,0.000367,0.305594,0.000479,0,6.452636,47.787271,0.016831,-6.3,228.9,2454765.70084,7.807732,7.807819,0.79,-9999999,0.587356,0.518994,0.576881,0.178121,0.741657,0.38,60,-5.803383,3.813202,2008-10-26T04:41:46.675,-9999999,K5,072.C-0488(E),Mayor,-9999999,HARPS_ech_obs_all,HARPS_ech_obs_thosimult,STAR_WAVE_K0,7.4415970048187E-06,3.74086504917318E-07,0,0,0
GJ150.0,55.81192,-9.76028,2454765.7018022,0.243945,0.642258,-6161.760199,0.778636,-9.200816,0.28232,-6160.99668,0.237103,-9.082512,0.285729,-2.548828,3.723959,-15.661703,1.679803,0.48061,0.000346,0.216828,0.000372,0.306063,0.000487,0,6.452819,47.787173,0.016753,-6.3,225.4,2454765.70189,7.804799,7.804887,0,-9999999,0.587356,0.51867,0.576881,0.176163,0.741657,0.37,60,-2.559756,3.661815,2008-10-26T04:43:18.121,-9999999,K5,072.C-0488(E),Mayor,-9999999,HARPS_ech_obs_all,HARPS_ech_obs_thosimult,STAR_WAVE_K0,8.28805900666264E-06,4.58810654305308E-07,0,0,0
GJ150.0,55.81192,-9.76028,2454765.7028688,1.190633,0.65248,-6160.079552,0.785047,-8.254457,0.304859,-6159.318019,0.257377,-8.080157,0.308173,-2.403678,3.881383,-14.856739,1.76734,0.48112,0.000375,0.217711,0.000404,0.306696,0.000529,0,6.451094,47.786326,0.017427,-6.3,207.9,2454765.70296,7.801818,7.801916,0.354,-9999999,0.587356,0.518342,0.576881,0.174177,0.741657,0.38,60,-2.411663,3.834301,2008-10-26T04:44:49.666,-9999999,K5,072.C-0488(E),Mayor,-9999999,HARPS_ech_obs_all,HARPS_ech_obs_thosimult,STAR_WAVE_K0,7.41783840116996E-06,4.00831868170755E-07,0,0,0
GJ150.0,55.81192,-9.76028,2454765.7039295,3.207401,0.64274,-6158.718051,0.778978,-6.238015,0.283414,-6157.958492,0.238226,-6.048245,0.286766,-6.726783,3.799667,-16.365413,1.559545,0.48004,0.000349,0.21759,0.000375,0.306294,0.00049,0,6.45254,47.793408,0.017094,-6.3,223.9,2454765.70401,7.798846,7.798972,0.539,-9999999,0.587357,0.518015,0.576881,0.172202,0.741657,0.36,60,-6.733556,3.764916,2008-10-26T04:46:22.511,-9999999,K5,072.C-0488(E),Mayor,-9999999,HARPS_ech_obs_all,HARPS_ech_obs_thosimult,STAR_WAVE_K0,7.32187472544096E-06,2.98672320348986E-07,0,0,0
GJ150.0,55.81192,-9.76028,2454765.7049899,3.351514,0.646342,-6158.892851,0.781272,-6.094229,0.29149,-6158.135266,0.245623,-6.002247,0.294619,-4.139774,3.679093,-14.798813,1.668895,0.480145,0.000358,0.217765,0.000386,0.305355,0.000503,0,6.454017,47.784268,0.016494,-6.3,217.8,2454765.70507,7.795869,7.795961,0.355,-9999999,0.587357,0.517688,0.576881,0.170228,0.741657,0.35,60,-4.152607,3.644518,2008-10-26T04:47:54.727,-9999999,K5,072.C-0488(E),Mayor,-9999999,HARPS_ech_obs_all,HARPS_ech_obs_thosimult,STAR_WAVE_K0,7.9366656867205E-06,3.36670412967136E-07,0,0,0
GJ150.0,55.81192,-9.76028,2454765.7060679,4.874837,0.651765,-6157.269102,0.784699,-4.571238,0.303325,-6156.513524,0.256315,-4.479342,0.306593,-4.906251,4.061221,-13.966665,1.805566,0.479558,0.000372,0.216896,0.000401,0.305604,0.000525,0,6.454337,47.779084,0.016403,-6.3,209,2454765.70615,7.792837,7.79294,0.191,-9999999,0.587358,0.517356,0.576881,0.16822,0.741657,0.35,60,-4.914968,4.037537,2008-10-26T04:49:27.863,-9999999,K5,072.C-0488(E),Mayor,-9999999,HARPS_ech_obs_all,HARPS_ech_obs_thosimult,STAR_WAVE_K0,7.15116930391618E-06,4.13799380723485E-07,0,0,0
GJ150.0,55.81192,-9.76028,2454765.7071411,5.380494,0.642635,-6156.336848,0.779107,-4.065912,0.283176,-6155.583268,0.238645,-3.939415,0.286282,-6.139897,3.702893,-14.862169,1.574225,0.47975,0.000347,0.21755,0.000374,0.305075,0.000488,0,6.45222,47.788528,0.017682,-6.3,224.2,2454765.70723,7.789811,7.789912,0.548,-9999999,0.587358,0.517026,0.576881,0.166222,0.741657,0.36,60,-6.160382,3.682866,2008-10-26T04:50:59.988,-9999999,K5,072.C-0488(E),Mayor,-9999999,HARPS_ech_obs_all,HARPS_ech_obs_thosimult,STAR_WAVE_K0,7.0034678480132E-06,3.64172974918874E-07,0,0,0
GJ150.0,55.81192,-9.76028,2454766.7250222,3.424175,0.572185,-6159.161895,0.52919,-4.698083,0.163774,-6156.61328,0.125239,-4.50666,0.168792,-7.374868,3.197097,-14.072515,1.157978,0.477848,0.000182,0.21683,0.000195,0.305716,0.000256,128,6.455639,47.790623,0.015429,-6.3,427.9,2454766.7251,7.295883,7.295994,0.529,-9999999,0.587685,1.841173,0.548246,1.96093,0.514156,0.35,60,-7.396594,3.165332,2008-10-27T05:16:43.328,-9999999,K5,072.C-0488(E),Mayor,-9999999,HARPS_ech_obs_all,HARPS_ech_obs_thosimult,STAR_WAVE_K0,7.50449627208327E-06,3.54726167779152E-07,0,0,0
GJ150.0,55.81192,-9.76028,2454766.7260829,4.185457,0.57453,-6158.502321,0.530986,-3.937128,0.171786,-6155.95568,0.132626,-3.715866,0.17633,-9.156635,3.296509,-12.312183,1.262999,0.478069,0.000193,0.216996,0.000207,0.305252,0.000271,128,6.457025,47.77944,0.015993,-6.3,403.9,2454766.72616,7.292794,7.292901,0,-9999999,0.587686,1.840846,0.548246,1.958955,0.514156,0.35,60,-9.174266,3.267964,2008-10-27T05:18:14.973,-9999999,K5,072.C-0488(E),Mayor,-9999999,HARPS_ech_obs_all,HARPS_ech_obs_thosimult,STAR_WAVE_K0,7.42362501264574E-06,3.69337276990484E-07,0,0,0
GJ150.0,55.81192,-9.76028,2454766.7271549,3.009459,0.573385,-6159.834323,0.530151,-5.113456,0.167917,-6157.289678,0.129241,-4.938595,0.172403,-8.885951,3.38663,-12.009471,1.238211,0.477886,0.000187,0.217155,0.000201,0.306402,0.000263,128,6.457169,47.773181,0.015057,-6.3,415.9,2454766.72724,7.28967,7.289741,0.829,-9999999,0.587686,1.840516,0.548246,1.956959,0.514157,0.36,60,-8.889791,3.355665,2008-10-27T05:19:46.989,-9999999,K5,072.C-0488(E),Mayor,-9999999,HARPS_ech_obs_all,HARPS_ech_obs_thosimult,STAR_WAVE_K0,7.63931849753954E-06,2.29647501919219E-07,0,0,0
GJ150.0,55.81192,-9.76028,2454766.7282288,2.426675,0.576995,-6160.274481,0.53325,-5.696571,0.179858,-6157.731835,0.141417,-5.503618,0.183874,-8.432034,2.941618,-8.917324,1.333918,0.478101,0.000206,0.216788,0.000221,0.305418,0.000289,0,6.458427,47.753039,0.015029,-6.3,378.7,2454766.72832,7.286536,7.286607,0.764,-9999999,0.587687,1.840185,0.548247,1.954959,0.514157,0.37,60,-8.445675,2.897421,2008-10-27T05:21:19.174,-9999999,K5,072.C-0488(E),Mayor,-9999999,HARPS_ech_obs_all,HARPS_ech_obs_thosimult,STAR_WAVE_K0,7.49827899694108E-06,4.12854636591135E-07,0,0,0
GJ150.0,55.81192,-9.76028,2454766.7292854,0.552673,0.57734,-6161.922176,0.533588,-7.570898,0.180961,-6159.381497,0.142683,-7.346372,0.184788,-9.881908,3.413353,-8.908062,1.307211,0.477867,0.000206,0.216897,0.000222,0.305912,0.00029,0,6.459102,47.753358,0.015614,-6.3,377.1,2454766.72937,7.28345,7.283537,0.846,-9999999,0.587687,1.83986,0.548247,1.952992,0.514157,0.36,60,-9.896662,3.359593,2008-10-27T05:22:51.060,-9999999,K5,072.C-0488(E),Mayor,-9999999,HARPS_ech_obs_all,HARPS_ech_obs_thosimult,STAR_WAVE_K0,7.32882428622306E-06,3.7123213947545E-07,0,0,0
GJ150.0,55.81192,-9.76028,2454766.730352,-2.36974,0.575773,-6165.108356,0.532465,-10.49364,0.175897,-6162.569663,0.138424,-10.273622,0.180096,-7.452335,3.287162,-9.625172,1.268038,0.477809,0.0002,0.21658,0.000215,0.305766,0.000282,0,6.458017,47.758144,0.015768,-6.3,388.5,2454766.73044,7.280331,7.280431,1.003,-9999999,0.587687,1.839532,0.548247,1.951006,0.514157,0.37,60,-7.460607,3.206155,2008-10-27T05:24:22.615,-9999999,K5,072.C-0488(E),Mayor,-9999999,HARPS_ech_obs_all,HARPS_ech_obs_thosimult,STAR_WAVE_K0,7.41156859754191E-06,3.15179394603632E-07,0,0,0
GJ150.0,55.81192,-9.76028,2454766.7314182,-4.44834,0.576105,-6167.365593,0.5326,-12.572568,0.176982,-6164.828885,0.138941,-12.336001,0.181125,-8.065363,3.299118,-9.626172,1.262316,0.477851,0.000203,0.216754,0.000217,0.30622,0.000285,0,6.458695,47.757239,0.016557,-6.3,384.6,2454766.73151,7.27721,7.277259,1.314,-9999999,0.587688,1.839203,0.548247,1.94902,0.514157,0.38,60,-8.070426,3.200606,2008-10-27T05:25:54.132,-9999999,K5,072.C-0488(E),Mayor,-9999999,HARPS_ech_obs_all,HARPS_ech_obs_thosimult,STAR_WAVE_K0,7.48560764158044E-06,3.50720225238488E-07,0,0,0
GJ150.0,55.81192,-9.76028,2454766.7324638,-6.648951,0.575206,-6169.263149,0.531664,-14.773501,0.174033,-6166.728387,0.13531,-14.582139,0.178367,-5.677668,3.449821,-10.86985,1.247534,0.477767,0.000196,0.216815,0.000211,0.305569,0.000276,0,6.457455,47.765499,0.016691,-6.3,396.4,2454766.73255,7.274148,7.274214,0.773,-9999999,0.587688,1.838881,0.548247,1.947074,0.514157,0.37,60,-5.673696,3.33553,2008-10-27T05:27:25.067,-9999999,K5,072.C-0488(E),Mayor,-9999999,HARPS_ech_obs_all,HARPS_ech_obs_thosimult,STAR_WAVE_K0,7.38620877727132E-06,3.55583830918404E-07,0,0,0
GJ150.0,55.81192,-9.76028,2454766.7335163,-7.111951,0.573966,-6169.627035,0.530529,-15.236825,0.169887,-6167.094233,0.130778,-15.006368,0.174329,-4.299687,3.367465,-12.174903,1.236085,0.478272,0.000189,0.216336,0.000203,0.306153,0.000267,128,6.457855,47.779068,0.016062,-6.3,410.6,2454766.73359,7.271062,7.271167,0.926,-9999999,0.587688,1.838557,0.548247,1.945114,0.514158,0.36,60,-4.310525,3.235707,2008-10-27T05:28:56.603,-9999999,K5,072.C-0488(E),Mayor,-9999999,HARPS_ech_obs_all,HARPS_ech_obs_thosimult,STAR_WAVE_K0,7.67964228935362E-06,2.6059651153039E-07,0,0,0
GJ150.0,55.81192,-9.76028,2454766.7345855,-7.029318,0.576076,-6169.388028,0.532681,-15.154522,0.176886,-6166.857216,0.13925,-14.949421,0.181112,-5.651583,3.460263,-11.785282,1.264596,0.477681,0.000201,0.217145,0.000217,0.305632,0.000283,0,6.456859,47.773216,0.017118,-6.3,386.1,2454766.73467,7.267924,7.268015,0.754,-9999999,0.587689,1.838228,0.548247,1.943123,0.514158,0.36,60,-5.655637,3.339599,2008-10-27T05:30:28.978,-9999999,K5,072.C-0488(E),Mayor,-9999999,HARPS_ech_obs_all,HARPS_ech_obs_thosimult,STAR_WAVE_K0,7.25994810000386E-06,2.17446567886281E-07,0,0,0
GJ150.0,55.81192,-9.76028,2454766.7356532,-6.461608,0.572344,-6168.910824,0.529343,-14.587141,0.164322,-6166.382,0.125879,-14.43334,0.169112,-2.958517,3.215025,-11.577839,1.266002,0.478364,0.000184,0.216507,0.000197,0.306106,0.000259,128,6.458381,47.775765,0.017426,-6.3,423.7,2454766.73574,7.264789,7.264866,0.81,-9999999,0.587689,1.837899,0.548248,1.941135,0.514158,0.37,60,-2.974664,3.080884,2008-10-27T05:32:00.623,-9999999,K5,072.C-0488(E),Mayor,-9999999,HARPS_ech_obs_all,HARPS_ech_obs_thosimult,STAR_WAVE_K0,7.59887581223532E-06,3.12870515010193E-07,0,0,0
GJ150.0,55.81192,-9.76028,2454766.7367292,-4.513016,0.57329,-6167.038807,0.529806,-12.63888,0.167589,-6164.511987,0.12781,-12.388134,0.171998,-1.504963,3.437692,-11.172196,1.218031,0.478444,0.000186,0.217073,0.0002,0.305456,0.000261,128,6.458036,47.771182,0.017875,-6.3,418.4,2454766.73681,7.261626,7.261709,0.553,-9999999,0.587689,1.837567,0.548248,1.939131,0.514158,0.38,60,-1.521444,3.333501,2008-10-27T05:33:32.989,-9999999,K5,072.C-0488(E),Mayor,-9999999,HARPS_ech_obs_all,HARPS_ech_obs_thosimult,STAR_WAVE_K0,7.27939237857223E-06,3.49649295538894E-07,0,0,0
GJ150.0,55.81192,-9.76028,2454766.7377765,-1.52498,0.57142,-6163.924462,0.528596,-9.651167,0.161076,-6161.399591,0.122699,-9.366535,0.166198,-8.200882,3.557317,-14.021874,1.19972,0.47821,0.000178,0.216808,0.000191,0.305944,0.00025,128,6.456083,47.790151,0.017296,-6.3,437.5,2454766.73787,7.258546,7.258619,0,-9999999,0.58769,1.837245,0.548248,1.937181,0.514158,0.36,60,-8.206102,3.475838,2008-10-27T05:35:04.674,-9999999,K5,072.C-0488(E),Mayor,-9999999,HARPS_ech_obs_all,HARPS_ech_obs_thosimult,STAR_WAVE_K0,7.73256848209571E-06,2.90790829721224E-07,0,0,0
GJ150.0,55.81192,-9.76028,2454766.7388412,-1.145859,0.570587,-6163.381073,0.527801,-9.272374,0.158095,-6160.858184,0.119225,-9.005747,0.163262,-5.127547,3.268851,-13.855152,1.194458,0.478118,0.000174,0.216572,0.000186,0.30578,0.000244,128,6.456945,47.788044,0.01704,-6.3,448.5,2454766.73893,7.255412,7.255492,0.936,-9999999,0.58769,1.836917,0.548248,1.935199,0.514159,0.37,60,-5.13186,3.192372,2008-10-27T05:36:36.060,-9999999,K5,072.C-0488(E),Mayor,-9999999,HARPS_ech_obs_all,HARPS_ech_obs_thosimult,STAR_WAVE_K0,7.35023137142169E-06,2.9658056981824E-07,0,0,0
GJ150.0,55.81192,-9.76028,2454766.7398919,0.877221,0.572324,-6161.650943,0.52943,-7.249617,0.164251,-6159.13001,0.126243,-7.033946,0.169052,-6.45861,3.019732,-13.044576,1.21674,0.478056,0.000183,0.216965,0.000197,0.305855,0.000258,128,6.456871,47.779962,0.016048,-6.3,425,2454766.73997,7.252318,7.252402,1.066,-9999999,0.58769,1.836593,0.548248,1.933243,0.514159,0.35,60,-6.468086,2.964368,2008-10-27T05:38:08.046,-9999999,K5,072.C-0488(E),Mayor,-9999999,HARPS_ech_obs_all,HARPS_ech_obs_thosimult,STAR_WAVE_K0,7.381921906344E-06,3.98429470691495E-07,0,0,0
GJ150.0,55.81192,-9.76028,2454767.6931508,2.40784,0.880357,-6159.839694,0.864225,-5.559291,0.218165,-6157.655161,0.172865,-5.391194,0.22152,-6.758519,3.43677,-12.532608,1.463657,0.472912,0.000258,0.217694,0.000275,0.299511,0.000361,0,6.455273,47.771176,0.01612,-6.3,304.1,2454767.69324,6.941405,6.941509,0.867,-9999999,0.587997,1.9963,0.852896,1.596536,0.846761,0.38,60,-6.774304,3.403881,2008-10-28T04:30:45.890,-9999999,K5,072.C-0488(E),Mayor,-9999999,HARPS_ech_obs_all,HARPS_ech_obs_thosimult,STAR_WAVE_K0,7.28697456349001E-06,3.60339509574072E-07,0,0,0
GJ150.0,55.81192,-9.76028,2454767.6942057,-0.044381,0.878232,-6162.416435,0.862391,-8.011837,0.209426,-6160.233866,0.163447,-7.810411,0.213246,-2.373232,3.227896,-13.705166,1.317237,0.471985,0.000242,0.217831,0.000259,0.299257,0.000339,0,6.453435,47.776174,0.016487,-6.3,322.9,2454767.69429,6.93847,6.938584,1.035,-9999999,0.587997,1.995976,0.852896,1.594572,0.84676,0.37,60,-2.382996,3.173328,2008-10-28T04:32:17.626,-9999999,K5,072.C-0488(E),Mayor,-9999999,HARPS_ech_obs_all,HARPS_ech_obs_thosimult,STAR_WAVE_K0,6.79515321565063E-06,3.22145214338502E-07,0,0,0
GJ150.0,55.81192,-9.76028,2454767.6952581,4.640929,0.883582,-6157.624543,0.866232,-3.326851,0.230834,-6155.443932,0.182634,-3.176472,0.233613,-8.766356,3.010758,-9.067603,1.468305,0.473157,0.000271,0.217705,0.00029,0.299532,0.00038,0,6.457527,47.750095,0.01659,-6.3,288.8,2454767.69534,6.935535,6.935626,0.925,-9999999,0.587998,1.995651,0.852896,1.592613,0.84676,0.36,60,-8.781222,2.994773,2008-10-28T04:33:49.151,-9999999,K5,072.C-0488(E),Mayor,-9999999,HARPS_ech_obs_all,HARPS_ech_obs_thosimult,STAR_WAVE_K0,7.68330929274473E-06,3.11749329386491E-07,0,0,0
GJ150.0,55.81192,-9.76028,2454767.6963188,1.909259,0.876053,-6160.311397,0.861067,-6.058848,0.200091,-6158.132761,0.156311,-5.877735,0.204398,-5.286121,3.428629,-14.400069,1.381404,0.472433,0.000232,0.217785,0.000248,0.299597,0.000325,0,6.454794,47.777136,0.016446,-6.3,337,2454767.69641,6.93257,6.932656,1.165,-9999999,0.587998,1.995325,0.852896,1.590638,0.84676,0.36,60,-5.29872,3.392765,2008-10-28T04:35:20.796,-9999999,K5,072.C-0488(E),Mayor,-9999999,HARPS_ech_obs_all,HARPS_ech_obs_thosimult,STAR_WAVE_K0,7.53448289063914E-06,3.74876145351396E-07,0,0,0
GJ150.0,55.81192,-9.76028,2454767.6973928,1.926462,0.87862,-6160.209018,0.862855,-6.041975,0.211049,-6158.032382,0.16588,-5.816034,0.214748,-2.945241,3.707461,-12.206144,1.362709,0.472554,0.000245,0.217581,0.000263,0.300142,0.000344,0,6.457336,47.764933,0.016426,-6.3,318.8,2454767.69748,6.929562,6.929647,0.988,-9999999,0.587998,1.994994,0.852896,1.588638,0.84676,0.37,60,-2.956958,3.674068,2008-10-28T04:36:52.992,-9999999,K5,072.C-0488(E),Mayor,-9999999,HARPS_ech_obs_all,HARPS_ech_obs_thosimult,STAR_WAVE_K0,7.73953592737715E-06,3.44976678425367E-07,0,0,0
GJ150.0,55.81192,-9.76028,2454767.6984505,3.468356,0.877743,-6158.460027,0.862373,-4.500407,0.207367,-6156.285359,0.163353,-4.309599,0.211285,-3.952593,3.618962,-14.080444,1.388899,0.477562,0.000244,0.217568,0.00026,0.299071,0.00034,0,6.454761,47.778695,0.016738,-6.3,322,2454767.69854,6.926594,6.926697,0.988,-9999999,0.587999,1.994668,0.852896,1.586669,0.84676,0.36,60,-3.971226,3.598249,2008-10-28T04:38:24.967,-9999999,K5,072.C-0488(E),Mayor,-9999999,HARPS_ech_obs_all,HARPS_ech_obs_thosimult,STAR_WAVE_K0,7.19030896967074E-06,3.32986058220828E-07,0,0,0
GJ150.0,55.81192,-9.76028,2454767.69949,4.392312,0.880223,-6157.676323,0.864522,-3.576771,0.217626,-6155.503591,0.174341,-3.372945,0.221309,-6.599802,3.148253,-13.252074,1.381101,0.477641,0.000261,0.217314,0.000278,0.298468,0.000363,0,6.45539,47.771568,0.017153,-6.3,301.2,2454767.69957,6.92367,6.923779,0.984,-9999999,0.587999,1.994348,0.852896,1.584733,0.84676,0.34,60,-6.62143,3.131669,2008-10-28T04:39:55.983,-9999999,K5,072.C-0488(E),Mayor,-9999999,HARPS_ech_obs_all,HARPS_ech_obs_thosimult,STAR_WAVE_K0,7.45402077274858E-06,3.12778830349866E-07,0,0,0
GJ150.0,55.81192,-9.76028,2454767.7005783,2.358512,0.881239,-6159.768799,0.864882,-5.610907,0.221697,-6157.598093,0.176116,-5.400348,0.225342,-3.321228,3.582124,-14.070032,1.498423,0.47739,0.000263,0.217489,0.000281,0.299475,0.000368,0,6.454991,47.775611,0.016024,-6.3,298.6,2454767.70067,6.920603,6.920687,0.758,-9999999,0.587999,1.994013,0.852896,1.582707,0.84676,0.38,60,-3.332819,3.550754,2008-10-28T04:41:27.608,-9999999,K5,072.C-0488(E),Mayor,-9999999,HARPS_ech_obs_all,HARPS_ech_obs_thosimult,STAR_WAVE_K0,7.07287632562182E-06,4.12709220333073E-07,0,0,0
GJ150.0,55.81192,-9.76028,2454767.7016357,0.980433,0.880239,-6160.960289,0.864049,-6.989311,0.21769,-6158.791551,0.171982,-6.760166,0.221722,-0.022229,3.276675,-16.924543,1.318197,0.477052,0.000257,0.217607,0.000274,0.2987,0.000358,0,6.451638,47.794602,0.015828,-6.3,305.7,2454767.70172,6.917617,6.917719,0.551,-9999999,0.588,1.993687,0.852896,1.580738,0.84676,0.36,60,-0.031015,3.224655,2008-10-28T04:43:00.164,-9999999,K5,072.C-0488(E),Mayor,-9999999,HARPS_ech_obs_all,HARPS_ech_obs_thosimult,STAR_WAVE_K0,7.49369112481898E-06,3.47014720241377E-07,0,0,0
GJ150.0,55.81192,-9.76028,2454767.7026984,0.806908,0.881011,-6161.143346,0.86488,-7.163164,0.220791,-6158.976587,0.176106,-6.941103,0.224696,-0.433402,3.347723,-15.676453,1.433592,0.478047,0.000264,0.216436,0.000281,0.299338,0.000369,0,6.452812,47.790524,0.015285,-6.3,297.8,2454767.70278,6.91461,6.914712,0.867,-9999999,0.588,1.99336,0.852896,1.578759,0.84676,0.36,60,-0.449489,3.29885,2008-10-28T04:44:31.980,-9999999,K5,072.C-0488(E),Mayor,-9999999,HARPS_ech_obs_all,HARPS_ech_obs_thosimult,STAR_WAVE_K0,7.08177635060491E-06,3.12521413070751E-07,0,0,0
GJ150.0,55.81192,-9.76028,2454767.7037702,-1.005631,0.881596,-6163.258596,0.865073,-8.976033,0.223113,-6161.093833,0.177055,-8.78223,0.226976,-2.122664,3.050664,-15.546165,1.492765,0.477929,0.000264,0.218037,0.000282,0.299076,0.000369,0,6.453025,47.784295,0.015778,-6.3,297.1,2454767.70386,6.911572,6.91164,0.868,-9999999,0.588,1.99303,0.852896,1.576763,0.84676,0.37,60,-2.140278,2.979632,2008-10-28T04:46:03.986,-9999999,K5,072.C-0488(E),Mayor,-9999999,HARPS_ech_obs_all,HARPS_ech_obs_thosimult,STAR_WAVE_K0,7.61131256317956E-06,3.36958682242307E-07,0,0,0
GJ150.0,55.81192,-9.76028,2454767.7048351,-1.0507,0.879093,-6163.049947,0.863323,-9.02143,0.213009,-6160.887165,0.168297,-8.838977,0.217314,-2.395581,3.422276,-17.603602,1.460179,0.47813,0.000254,0.217186,0.000269,0.299399,0.000353,0,6.451249,47.799689,0.016126,-6.3,310.8,2454767.70493,6.908548,6.908622,0.799,-9999999,0.588001,1.992702,0.852896,1.574781,0.84676,0.37,60,-2.414394,3.360717,2008-10-28T04:47:35.992,-9999999,K5,072.C-0488(E),Mayor,-9999999,HARPS_ech_obs_all,HARPS_ech_obs_thosimult,STAR_WAVE_K0,7.92535899525001E-06,3.98961128845721E-07,0,0,0
GJ150.0,55.81192,-9.76028,2454767.7058937,-1.624132,0.883907,-6163.735604,0.866555,-9.595188,0.232077,-6161.574793,0.184158,-9.375927,0.235628,-3.147708,3.51284,-14.917434,1.364084,0.478409,0.000277,0.216944,0.000294,0.299358,0.000386,0,6.452622,47.779896,0.017867,-6.3,284.7,2454767.70598,6.905536,6.905632,0.918,-9999999,0.588001,1.992376,0.852896,1.57281,0.84676,0.36,60,-3.151367,3.446929,2008-10-28T04:49:08.047,-9999999,K5,072.C-0488(E),Mayor,-9999999,HARPS_ech_obs_all,HARPS_ech_obs_thosimult,STAR_WAVE_K0,7.22395116280092E-06,3.54531462932215E-07,0,0,0
GJ150.0,55.81192,-9.76028,2454767.7069536,-3.640976,0.879486,-6165.662842,0.863789,-11.612358,0.214625,-6163.504004,0.170667,-11.467954,0.218984,-1.379933,3.348647,-18.919545,1.420134,0.478086,0.000256,0.217273,0.000273,0.298669,0.000357,0,6.449604,47.808242,0.017421,-6.3,307.3,2454767.70703,6.902515,6.902636,0.987,-9999999,0.588002,1.992049,0.852896,1.570836,0.846761,0.36,60,-1.39415,3.265238,2008-10-28T04:50:39.622,-9999999,K5,072.C-0488(E),Mayor,-9999999,HARPS_ech_obs_all,HARPS_ech_obs_thosimult,STAR_WAVE_K0,7.30518744975847E-06,3.69746083531171E-07,0,0,0
GJ150.0,55.81192,-9.76028,2454767.7080304,-4.228001,0.880751,-6165.913809,0.864657,-12.199715,0.219748,-6163.756976,0.175011,-12.03989,0.223765,1.610987,3.817163,-18.309377,1.440392,0.478013,0.000262,0.217417,0.000279,0.299327,0.000366,0,6.450056,47.803386,0.017588,-6.3,300.2,2454767.70811,6.89944,6.899542,0.748,-9999999,0.588002,1.991717,0.852896,1.568831,0.846761,0.36,60,1.603947,3.734571,2008-10-28T04:52:12.659,-9999999,K5,072.C-0488(E),Mayor,-9999999,HARPS_ech_obs_all,HARPS_ech_obs_thosimult,STAR_WAVE_K0,7.31288964872604E-06,3.02188162214505E-07,0,0,0
GJ150.0,55.81192,-9.76028,2454774.7210771,-4.813774,0.869383,-6167.43889,0.98892,-13.47519,0.155306,-6165.294323,0.108173,-13.285181,0.159326,-5.037847,3.39033,-11.559253,1.305924,0.480577,0.000157,0.21414,0.000167,0.30074,0.000221,128,6.45786,47.77387,0.018157,-6.3,496.9,2454774.72118,3.682933,3.682979,0.966,-9999999,0.590259,1.302015,0.855398,1.554308,0.982986,0.45,150,-5.058575,3.277185,2008-11-04T05:10:03.432,-9999999,K5,072.C-0488(E),Mayor,-9999999,HARPS_ech_obs_all,HARPS_ech_obs_thosimult,STAR_WAVE_K0,7.63443285842071E-06,2.97918993183925E-07,0,0,0
GJ150.0,55.81192,-9.76028,2454774.7465187,1.021774,0.872387,-6161.379641,0.990872,-7.647478,0.171315,-6159.282438,0.12474,-7.450039,0.174913,-4.784303,3.26186,-10.886864,1.393829,0.481341,0.000181,0.214996,0.000193,0.300822,0.000255,128,6.457132,47.76655,0.017509,-6.3,431.7,2454774.74661,3.607304,3.607359,0,-9999999,0.590267,1.294179,0.855401,1.506936,0.982988,0.39,90,-4.803464,3.195522,2008-11-04T05:47:13.958,-9999999,K5,072.C-0488(E),Mayor,-9999999,HARPS_ech_obs_all,HARPS_ech_obs_thosimult,STAR_WAVE_K0,7.66488784013271E-06,3.13379378616223E-07,0,0,0
GJ150.0,55.81192,-9.76028,2454774.7479735,-0.219747,0.870309,-6162.703563,0.989385,-8.889447,0.160396,-6160.609068,0.112318,-8.732348,0.164513,-5.744604,3.211581,-12.070476,1.315611,0.481471,0.000163,0.214618,0.000174,0.300575,0.00023,128,6.457511,47.776827,0.016879,-6.3,479.2,2454774.74807,3.602986,3.603041,0.694,-9999999,0.590268,1.293731,0.855401,1.504227,0.982989,0.43,90,-5.755565,3.141104,2008-11-04T05:49:16.056,-9999999,K5,072.C-0488(E),Mayor,-9999999,HARPS_ech_obs_all,HARPS_ech_obs_thosimult,STAR_WAVE_K0,7.14235016562504E-06,4.41608731616112E-07,0,0,0
GJ150.0,55.81192,-9.76028,2454774.7493648,-2.357773,0.869919,-6164.772738,0.989154,-11.027902,0.158267,-6162.680833,0.110266,-10.831271,0.162425,-4.350023,3.177297,-11.262532,1.293369,0.481325,0.00016,0.214868,0.00017,0.300293,0.000225,128,6.458025,47.771724,0.016974,-6.3,488.2,2454774.74946,3.598859,3.598931,0.752,-9999999,0.590268,1.293303,0.855401,1.501637,0.982989,0.41,90,-4.359905,3.076132,2008-11-04T05:51:18.062,-9999999,K5,072.C-0488(E),Mayor,-9999999,HARPS_ech_obs_all,HARPS_ech_obs_thosimult,STAR_WAVE_K0,7.06616623257363E-06,3.78074007835038E-07,0,0,0
GJ150.0,55.81192,-9.76028,2454774.7535737,-5.661785,0.869883,-6168.056413,0.989052,-14.33321,0.158067,-6165.972344,0.109338,-14.132499,0.162481,-5.206624,3.340207,-12.514499,1.30506,0.480697,0.000157,0.214713,0.000168,0.300966,0.000222,128,6.457319,47.777392,0.017843,-6.3,495.3,2454774.75367,3.586393,3.586453,0.813,-9999999,0.590269,1.292006,0.855401,1.4938,0.982989,0.4,90,-5.229766,3.209718,2008-11-04T05:57:22.604,-9999999,K5,072.C-0488(E),Mayor,-9999999,HARPS_ech_obs_all,HARPS_ech_obs_thosimult,STAR_WAVE_K0,7.5012983120581E-06,3.57073308731834E-07,0,0,0
GJ150.0,55.81192,-9.76028,2454775.7389963,-1.832829,0.877325,-6164.32182,0.994426,-10.291628,0.194911,-6161.926417,0.150393,-10.163539,0.198526,-4.31575,2.857994,-12.773217,1.423765,0.480042,0.000219,0.214393,0.000233,0.307407,0.000308,0,6.45668,47.776468,0.017163,-6.3,356.8,2454775.73909,3.169472,3.169558,0.371,-9999999,0.590587,1.504632,0.8554,1.804816,0.982988,0.37,60,-4.33343,2.762302,2008-11-05T05:36:35.953,-9999999,K5,072.C-0488(E),Mayor,-9999999,HARPS_ech_obs_all,HARPS_ech_obs_thosimult,STAR_WAVE_K0,7.46374275334186E-06,3.1242486814851E-07,0,0,0
GJ150.0,55.81192,-9.76028,2454775.740046,-1.416608,0.879073,-6164.052892,0.995665,-9.87573,0.202635,-6161.659444,0.158378,-9.766889,0.206249,-4.703866,3.344751,-12.835701,1.409064,0.480151,0.000231,0.214439,0.000246,0.307333,0.000325,0,6.457761,47.771633,0.017796,-6.3,338.4,2454775.74013,3.16635,3.166439,0.417,-9999999,0.590587,1.504309,0.8554,1.802861,0.982988,0.36,60,-4.72055,3.265846,2008-11-05T05:38:07.239,-9999999,K5,072.C-0488(E),Mayor,-9999999,HARPS_ech_obs_all,HARPS_ech_obs_thosimult,STAR_WAVE_K0,7.15707247788291E-06,3.3510091100879E-07,0,0,0
GJ150.0,55.81192,-9.76028,2454775.7411198,-1.524953,0.87698,-6164.171905,0.994336,-9.984406,0.19335,-6161.780456,0.149799,-9.789697,0.197065,-4.572704,3.135841,-13.20306,1.435023,0.48083,0.00022,0.214872,0.000233,0.306463,0.000308,0,6.455898,47.776587,0.01756,-6.3,356.4,2454775.74121,3.163158,3.163246,0.154,-9999999,0.590587,1.503978,0.8554,1.800862,0.982988,0.38,60,-4.60206,3.045243,2008-11-05T05:39:38.815,-9999999,K5,072.C-0488(E),Mayor,-9999999,HARPS_ech_obs_all,HARPS_ech_obs_thosimult,STAR_WAVE_K0,7.39591063986949E-06,3.6757997069602E-07,0,0,0
GJ150.0,55.81192,-9.76028,2454775.7421597,-0.520496,0.878665,-6163.00359,0.995371,-8.980269,0.200857,-6160.614076,0.156516,-8.878144,0.204375,-6.810847,2.776442,-13.422222,1.406755,0.480721,0.000229,0.214928,0.000244,0.307624,0.000322,0,6.455395,47.777858,0.017486,-6.3,341.4,2454775.74224,3.160067,3.160192,0.539,-9999999,0.590588,1.503658,0.8554,1.798926,0.982988,0.35,60,-6.831543,2.691209,2008-11-05T05:41:10.460,-9999999,K5,072.C-0488(E),Mayor,-9999999,HARPS_ech_obs_all,HARPS_ech_obs_thosimult,STAR_WAVE_K0,7.46053798229216E-06,3.0130980557565E-07,0,0,0
GJ150.0,55.81192,-9.76028,2454775.7432182,-0.361337,0.879992,-6162.691914,0.996222,-8.821436,0.206584,-6160.304371,0.161841,-8.678165,0.210137,-6.250242,2.970111,-13.357508,1.443548,0.481057,0.000236,0.214929,0.000251,0.307036,0.000332,0,6.455099,47.773951,0.017672,-6.3,331,2454775.7433,3.156923,3.157035,0.344,-9999999,0.590588,1.503332,0.8554,1.796955,0.982988,0.35,60,-6.266593,2.892596,2008-11-05T05:42:41.916,-9999999,K5,072.C-0488(E),Mayor,-9999999,HARPS_ech_obs_all,HARPS_ech_obs_thosimult,STAR_WAVE_K0,7.78096673791625E-06,3.08179961096721E-07,0,0,0
GJ150.0,55.81192,-9.76028,2454775.7442821,-0.460824,0.878531,-6162.909687,0.995345,-8.921251,0.200268,-6160.524125,0.156349,-8.805418,0.204035,-5.622178,3.307318,-14.63947,1.451432,0.480507,0.000229,0.215423,0.000244,0.306907,0.000321,0,6.454409,47.784486,0.018384,-6.3,342,2454775.74436,3.153763,3.153851,0.001,-9999999,0.590588,1.503004,0.8554,1.794974,0.982988,0.36,60,-5.639511,3.233627,2008-11-05T05:44:13.242,-9999999,K5,072.C-0488(E),Mayor,-9999999,HARPS_ech_obs_all,HARPS_ech_obs_thosimult,STAR_WAVE_K0,7.55666571055573E-06,3.46167350412705E-07,0,0,0
GJ150.0,55.81192,-9.76028,2454775.745354,-0.146947,0.879798,-6162.791287,0.99612,-8.607704,0.205753,-6160.40772,0.161212,-8.509378,0.209405,-6.94714,3.396855,-14.491222,1.459772,0.480606,0.000234,0.214774,0.00025,0.307203,0.00033,0,6.455079,47.781186,0.018121,-6.3,333.2,2454775.74544,3.150581,3.150663,0.007,-9999999,0.590589,1.502674,0.8554,1.792978,0.982988,0.37,60,-6.965704,3.330384,2008-11-05T05:45:45.247,-9999999,K5,072.C-0488(E),Mayor,-9999999,HARPS_ech_obs_all,HARPS_ech_obs_thosimult,STAR_WAVE_K0,7.30344689381479E-06,3.14051484871516E-07,0,0,0
GJ150.0,55.81192,-9.76028,2454775.7464271,-0.711018,0.875586,-6163.259398,0.993263,-9.172106,0.186925,-6160.877829,0.142494,-9.010207,0.191034,-4.296348,3.204424,-16.014859,1.372956,0.481068,0.000209,0.214934,0.000222,0.307938,0.000294,0,6.453827,47.79445,0.017714,-6.3,375,2454775.74652,3.147397,3.147477,0.01,-9999999,0.590589,1.502344,0.855401,1.79098,0.982988,0.38,60,-4.317315,3.12254,2008-11-05T05:47:17.363,-9999999,K5,072.C-0488(E),Mayor,-9999999,HARPS_ech_obs_all,HARPS_ech_obs_thosimult,STAR_WAVE_K0,7.24302738518392E-06,3.32293566999734E-07,0,0,0
GJ150.0,55.81192,-9.76028,2454775.7474717,-1.29695,0.87558,-6163.58636,0.993296,-9.758359,0.186896,-6161.206736,0.142722,-9.602722,0.191049,-4.901859,3.218357,-15.743829,1.398866,0.48129,0.000212,0.214573,0.000223,0.306983,0.000295,0,6.453747,47.792534,0.018312,-6.3,372.2,2454775.74756,3.144299,3.144395,0.258,-9999999,0.590589,1.502022,0.855401,1.789035,0.982989,0.36,60,-4.922567,3.131956,2008-11-05T05:48:48.818,-9999999,K5,072.C-0488(E),Mayor,-9999999,HARPS_ech_obs_all,HARPS_ech_obs_thosimult,STAR_WAVE_K0,7.29411418534752E-06,3.23217328807367E-07,0,0,0
GJ150.0,55.81192,-9.76028,2454775.7485411,-0.982209,0.876432,-6163.152057,0.993859,-9.443948,0.190849,-6160.774423,0.146592,-9.297086,0.194772,-4.731823,2.955784,-14.90576,1.398863,0.481038,0.000215,0.21476,0.000228,0.307384,0.000302,0,6.455033,47.786664,0.018023,-6.3,364.6,2454775.74862,3.141129,3.141217,0.32,-9999999,0.59059,1.501693,0.855401,1.787044,0.982989,0.36,60,-4.745721,2.868813,2008-11-05T05:50:21.214,-9999999,K5,072.C-0488(E),Mayor,-9999999,HARPS_ech_obs_all,HARPS_ech_obs_thosimult,STAR_WAVE_K0,7.03618174424901E-06,3.63821825467845E-07,0,0,0
GJ150.0,55.81192,-9.76028,2454775.7496014,-0.622882,0.876335,-6163.134252,0.993766,-9.084947,0.190402,-6160.758593,0.145956,-8.909331,0.194397,-8.572678,3.007466,-14.798828,1.414888,0.480844,0.000214,0.215152,0.000228,0.307258,0.0003,0,6.45477,47.787098,0.017956,-6.3,366,2454775.74969,3.137988,3.13807,0.337,-9999999,0.59059,1.501366,0.855401,1.785069,0.982989,0.36,60,-8.581005,2.923845,2008-11-05T05:51:52.820,-9999999,K5,072.C-0488(E),Mayor,-9999999,HARPS_ech_obs_all,HARPS_ech_obs_thosimult,STAR_WAVE_K0,7.75230109530927E-06,3.63162074285204E-07,0,0,0
GJ150.0,55.81192,-9.76028,2454775.7506599,-0.530576,0.875828,-6162.798939,0.993477,-8.992967,0.188051,-6160.425251,0.143975,-8.839245,0.192127,-3.569617,2.761847,-14.548204,1.409311,0.480971,0.000211,0.214964,0.000224,0.307022,0.000296,0,6.45499,47.78518,0.018387,-6.3,371.1,2454775.75074,3.134854,3.134959,0.42,-9999999,0.59059,1.50104,0.855401,1.783098,0.982989,0.36,60,-3.57813,2.677204,2008-11-05T05:53:24.275,-9999999,K5,072.C-0488(E),Mayor,-9999999,HARPS_ech_obs_all,HARPS_ech_obs_thosimult,STAR_WAVE_K0,-9999999,-9999999,-9999999,-9999999,-9999999
GJ150.0,55.81192,-9.76028,2454775.751724,0.275614,0.876355,-6162.181657,0.99368,-8.187105,0.190493,-6159.809949,0.14537,-8.01962,0.194319,-4.824953,3.128223,-14.495459,1.411141,0.480808,0.000214,0.215328,0.000227,0.307222,0.000299,0,6.454195,47.782522,0.017027,-6.3,367.3,2454775.75181,3.131706,3.131816,-0.072,-9999999,0.590591,1.500712,0.855401,1.781117,0.982989,0.36,60,-4.846753,3.05126,2008-11-05T05:54:56.211,-9999999,K5,072.C-0488(E),Mayor,-9999999,HARPS_ech_obs_all,HARPS_ech_obs_thosimult,STAR_WAVE_K0,7.31550738781983E-06,3.25013299368428E-07,0,0,0
GJ150.0,55.81192,-9.76028,2454775.7527748,-1.188249,0.873801,-6163.620384,0.992041,-9.651292,0.178373,-6161.250632,0.133709,-9.453997,0.182796,-6.4363,3.019863,-15.017635,1.40345,0.480716,0.000197,0.214809,0.000209,0.307534,0.000276,0,6.454555,47.788391,0.017472,-6.3,398.6,2454775.75285,3.128599,3.128715,0.542,-9999999,0.590591,1.500389,0.855401,1.779161,0.982989,0.34,60,-6.452684,2.930728,2008-11-05T05:56:28.196,-9999999,K5,072.C-0488(E),Mayor,-9999999,HARPS_ech_obs_all,HARPS_ech_obs_thosimult,STAR_WAVE_K0,7.13373646998834E-06,3.28269190082978E-07,0,0,0
GJ150.0,55.81192,-9.76028,2454775.7538569,-2.281924,0.874733,-6164.696298,0.99268,-10.7453,0.182884,-6162.328561,0.138366,-10.592234,0.186923,-6.668533,3.145,-14.172122,1.396714,0.480902,0.000203,0.214789,0.000216,0.307554,0.000285,0,6.455144,47.777434,0.017654,-6.3,386.2,2454775.75395,3.125402,3.125474,0.624,-9999999,0.590591,1.500055,0.855401,1.777146,0.982989,0.38,60,-6.680709,3.054467,2008-11-05T05:57:59.292,-9999999,K5,072.C-0488(E),Mayor,-9999999,HARPS_ech_obs_all,HARPS_ech_obs_thosimult,STAR_WAVE_K0,7.5836958039031E-06,3.34118246550704E-07,0,0,0
GJ150.0,55.81192,-9.76028,2454776.660856,-0.318296,0.884914,-6162.930729,0.999269,-8.890034,0.226638,-6160.482877,0.179648,-8.76623,0.229747,-1.831838,2.977954,-11.724133,1.529439,0.479977,0.000257,0.21501,0.000276,0.300332,0.000365,0,6.455819,47.763108,0.017812,-6.3,301.3,2454776.66094,2.935646,2.935792,0.684,-9999999,0.590883,1.391694,0.8554,1.856969,0.982988,0.34,60,-1.867479,2.899467,2008-11-06T03:44:05.635,-9999999,K5,072.C-0488(E),Mayor,-9999999,HARPS_ech_obs_all,HARPS_ech_obs_thosimult,STAR_WAVE_K0,6.89673738319425E-06,3.58281347339827E-07,0,0,0
GJ150.0,55.81192,-9.76028,2454776.6619374,1.667627,0.882837,-6161.162576,0.997845,-6.904444,0.218388,-6158.716737,0.171552,-6.829867,0.221456,-5.88003,3.307008,-11.984172,1.499299,0.480021,0.000246,0.215027,0.000264,0.299757,0.000348,0,6.456194,47.767591,0.018319,-6.3,315,2454776.66202,2.932674,2.932782,0.526,-9999999,0.590884,1.39136,0.8554,1.854955,0.982987,0.37,60,-5.901134,3.255133,2008-11-06T03:45:37.270,-9999999,K5,072.C-0488(E),Mayor,-9999999,HARPS_ech_obs_all,HARPS_ech_obs_thosimult,STAR_WAVE_K0,7.22884985086968E-06,3.47250912406529E-07,0,0,0
GJ150.0,55.81192,-9.76028,2454776.6630018,3.519121,0.88031,-6159.179297,0.996356,-5.053278,0.207935,-6156.73544,0.162666,-4.952805,0.211278,0.41964,3.071967,-11.971217,1.481368,0.479595,0.000234,0.215009,0.000251,0.299469,0.00033,0,6.455982,47.76902,0.018029,-6.3,331.9,2454776.66309,2.929742,2.929854,0.419,-9999999,0.590884,1.391033,0.8554,1.852973,0.982987,0.37,60,0.407181,3.035358,2008-11-06T03:47:09.235,-9999999,K5,072.C-0488(E),Mayor,-9999999,HARPS_ech_obs_all,HARPS_ech_obs_thosimult,STAR_WAVE_K0,7.57847079668081E-06,2.80220382589808E-07,0,0,0
GJ150.0,55.81192,-9.76028,2454776.6640659,5.373044,0.881781,-6157.294295,0.997217,-3.199682,0.214077,-6154.852419,0.167865,-3.066736,0.217234,-2.733618,2.909904,-11.309061,1.489875,0.479701,0.000243,0.215465,0.00026,0.2995,0.000343,0,6.456201,47.763604,0.016863,-6.3,320.3,2454776.66415,2.926803,2.926919,0.638,-9999999,0.590884,1.390705,0.855399,1.850992,0.982987,0.37,60,-2.757117,2.891089,2008-11-06T03:48:41.171,-9999999,K5,072.C-0488(E),Mayor,-9999999,HARPS_ech_obs_all,HARPS_ech_obs_thosimult,STAR_WAVE_K0,7.44703194748122E-06,3.69184145582779E-07,0,0,0
GJ150.0,55.81192,-9.76028,2454776.6651129,5.537567,0.879715,-6157.384218,0.995701,-3.035482,0.205403,-6154.94429,0.158606,-2.901241,0.208844,-4.686109,2.852959,-11.265998,1.440778,0.479352,0.000228,0.215659,0.000245,0.299869,0.000323,0,6.456751,47.764861,0.016214,-6.3,339.9,2454776.6652,2.923904,2.924041,0.535,-9999999,0.590885,1.390382,0.855399,1.849043,0.982987,0.35,60,-4.714248,2.833455,2008-11-06T03:50:12.827,-9999999,K5,072.C-0488(E),Mayor,-9999999,HARPS_ech_obs_all,HARPS_ech_obs_thosimult,STAR_WAVE_K0,7.09658017259236E-06,3.54977864676473E-07,0,0,0
GJ150.0,55.81192,-9.76028,2454776.6661846,4.386981,0.878372,-6158.506277,0.994959,-4.186398,0.199575,-6156.068345,0.153884,-4.063917,0.203223,-4.210313,3.259349,-12.488123,1.469343,0.479093,0.000222,0.215491,0.000238,0.300195,0.000314,0,6.456371,47.767683,0.015901,-6.3,350.1,2454776.66627,2.92093,2.921033,0.72,-9999999,0.590885,1.390052,0.855399,1.847047,0.982987,0.37,60,-4.218617,3.234135,2008-11-06T03:51:44.222,-9999999,K5,072.C-0488(E),Mayor,-9999999,HARPS_ech_obs_all,HARPS_ech_obs_thosimult,STAR_WAVE_K0,7.09972854122496E-06,3.57651456256104E-07,0,0,0
GJ150.0,55.81192,-9.76028,2454776.6672499,2.562106,0.878668,-6159.967935,0.995111,-6.011601,0.200874,-6157.531986,0.154861,-5.856655,0.204442,-0.468816,2.945504,-12.018707,1.426374,0.479118,0.000223,0.215118,0.000239,0.299984,0.000316,0,6.456044,47.763962,0.016223,-6.3,347.8,2454776.66734,2.917966,2.918077,0.913,-9999999,0.590885,1.389724,0.855399,1.845064,0.982987,0.37,60,-0.489573,2.900898,2008-11-06T03:53:16.268,-9999999,K5,072.C-0488(E),Mayor,-9999999,HARPS_ech_obs_all,HARPS_ech_obs_thosimult,STAR_WAVE_K0,7.55696034787351E-06,4.58543733759909E-07,0,0,0
GJ150.0,55.81192,-9.76028,2454776.6682938,0.718221,0.879799,-6161.825979,0.995839,-7.855808,0.205762,-6159.391973,0.159473,-7.751378,0.2093,-5.223327,3.356431,-12.181665,1.513551,0.478542,0.00023,0.214971,0.000246,0.29984,0.000325,0,6.456493,47.767742,0.017302,-6.3,337.8,2454776.66837,2.915056,2.915211,0.282,-9999999,0.590886,1.389403,0.855399,1.84312,0.982987,0.34,60,-5.23686,3.293498,2008-11-06T03:54:48.254,-9999999,K5,072.C-0488(E),Mayor,-9999999,HARPS_ech_obs_all,HARPS_ech_obs_thosimult,STAR_WAVE_K0,6.87772539019679E-06,3.32858736509082E-07,0,0,0
GJ150.0,55.81192,-9.76028,2454776.6693863,-1.711655,0.886118,-6164.206533,1.000176,-10.28602,0.231296,-6161.774561,0.18463,-10.189669,0.234265,-0.96241,3.376064,-11.446575,1.572466,0.479665,0.000265,0.21504,0.000285,0.300151,0.000376,0,6.455058,47.761726,0.017716,-6.3,292.6,2454776.66948,2.912002,2.912112,0.365,-9999999,0.590886,1.389066,0.855399,1.841086,0.982987,0.38,60,-0.979176,3.293517,2008-11-06T03:56:20.249,-9999999,K5,072.C-0488(E),Mayor,-9999999,HARPS_ech_obs_all,HARPS_ech_obs_thosimult,STAR_WAVE_K0,7.36437426760516E-06,3.96419683968748E-07,0,0,0
GJ150.0,55.81192,-9.76028,2454776.670423,-3.747698,0.884904,-6166.398515,0.999238,-12.322382,0.226601,-6163.968474,0.179482,-12.281766,0.229709,0.695698,3.636685,-11.558202,1.519711,0.479118,0.000259,0.215093,0.000278,0.299629,0.000366,0,6.456567,47.762563,0.018787,-6.3,299.8,2454776.6705,2.909099,2.909238,0.474,-9999999,0.590886,1.388747,0.855399,1.839155,0.982987,0.34,60,0.679132,3.549192,2008-11-06T03:57:52.215,-9999999,K5,072.C-0488(E),Mayor,-9999999,HARPS_ech_obs_all,HARPS_ech_obs_thosimult,STAR_WAVE_K0,6.95835438302736E-06,3.69272024938303E-07,0,0,0
GJ150.0,55.81192,-9.76028,2454776.6714857,-4.848888,0.880337,-6167.258672,0.996239,-13.4239,0.208054,-6164.830608,0.161958,-13.319538,0.211406,-2.406272,3.279111,-12.123698,1.417718,0.479017,0.000234,0.21473,0.00025,0.299691,0.000331,0,6.456707,47.767543,0.01892,-6.3,332,2454776.67157,2.906116,2.906223,0.537,-9999999,0.590887,1.38842,0.855399,1.837177,0.982987,0.36,60,-2.421082,3.165299,2008-11-06T03:59:22.830,-9999999,K5,072.C-0488(E),Mayor,-9999999,HARPS_ech_obs_all,HARPS_ech_obs_thosimult,STAR_WAVE_K0,7.21643580514514E-06,3.72108463424708E-07,0,0,0
GJ150.0,55.81192,-9.76028,2454776.6725554,-5.257067,0.880656,-6167.425722,0.996504,-13.832408,0.209398,-6164.99965,0.163575,-13.682073,0.212475,-2.408319,3.19605,-10.689462,1.477095,0.47883,0.000237,0.214887,0.000254,0.299755,0.000335,0,6.458713,47.757513,0.018949,-6.3,328.2,2454776.67264,2.903107,2.903234,0,-9999999,0.590887,1.38809,0.855399,1.835185,0.982987,0.36,60,-2.421468,3.070052,2008-11-06T04:00:55.256,-9999999,K5,072.C-0488(E),Mayor,-9999999,HARPS_ech_obs_all,HARPS_ech_obs_thosimult,STAR_WAVE_K0,7.36699254459767E-06,3.15968684073181E-07,0,0,0
GJ150.0,55.81192,-9.76028,2454776.6736269,-5.073984,0.878885,-6167.238967,0.995357,-13.649655,0.20182,-6164.81489,0.156437,-13.534226,0.205047,-1.502291,3.192996,-10.538016,1.459199,0.478338,0.000226,0.214649,0.000242,0.299552,0.000319,0,6.458828,47.757319,0.019281,-6.3,343.8,2454776.67371,2.900086,2.900206,0.655,-9999999,0.590887,1.38776,0.855399,1.83319,0.982986,0.37,60,-1.517051,3.075162,2008-11-06T04:02:27.231,-9999999,K5,072.C-0488(E),Mayor,-9999999,HARPS_ech_obs_all,HARPS_ech_obs_thosimult,STAR_WAVE_K0,7.44726670475649E-06,3.30213599535566E-07,0,0,0
GJ150.0,55.81192,-9.76028,2454776.674688,-4.534437,0.879548,-6167.063465,0.995794,-13.110435,0.20469,-6164.641363,0.159198,-13.014729,0.207957,-0.824097,3.051367,-11.217178,1.414575,0.478416,0.00023,0.215489,0.000246,0.299774,0.000325,0,6.456377,47.763615,0.018359,-6.3,338,2454776.67478,2.897089,2.897177,0.687,-9999999,0.590888,1.387433,0.855399,1.831214,0.982986,0.37,60,-0.847902,2.929452,2008-11-06T04:03:58.907,-9999999,K5,072.C-0488(E),Mayor,-9999999,HARPS_ech_obs_all,HARPS_ech_obs_thosimult,STAR_WAVE_K0,7.33233859487697E-06,3.5494248165541E-07,0,0,0
GJ150.0,55.81192,-9.76028,2454776.675754,-2.789175,0.880441,-6164.84297,0.996382,-11.365501,0.208496,-6162.422853,0.162837,-11.197959,0.211724,-2.723529,3.228051,-11.718136,1.518216,0.478682,0.000236,0.215163,0.000252,0.300043,0.000333,0,6.456346,47.764454,0.018651,-6.3,329.9,2454776.67584,2.894071,2.894169,0.386,-9999999,0.590888,1.387105,0.855399,1.829229,0.982986,0.37,60,-2.742738,3.128518,2008-11-06T04:05:31.013,-9999999,K5,072.C-0488(E),Mayor,-9999999,HARPS_ech_obs_all,HARPS_ech_obs_thosimult,STAR_WAVE_K0,6.96063102537646E-06,3.5371205517657E-07,0,0,0
GJ150.0,55.81192,-9.76028,2454777.6799385,-1.349006,0.768507,-6163.98059,0.983379,-9.558903,0.193464,-6161.259759,0.149193,-9.45688,0.19753,-0.450487,3.379618,-16.017566,1.314563,0.479132,0.000218,0.215794,0.000233,0.305249,0.000305,0,6.454686,47.791578,0.017031,-6.3,358.1,2454777.68002,2.420715,2.420853,0.386,-9999999,0.591211,1.753534,0.743758,2.12962,0.971995,0.37,60,-0.474403,3.304681,2008-11-07T04:11:31.819,-9999999,K5,072.C-0488(E),Mayor,-9999999,HARPS_ech_obs_all,HARPS_ech_obs_thosimult,STAR_WAVE_K0,7.30866805360551E-06,3.9549865032816E-07,0,0,0
GJ150.0,55.81192,-9.76028,2454777.6810035,-1.177626,0.772242,-6163.854215,0.985562,-9.387851,0.207803,-6161.135366,0.162967,-9.254573,0.211419,-4.592361,3.206036,-14.562222,1.413122,0.479424,0.000237,0.216014,0.000254,0.305457,0.000333,0,6.455707,47.780649,0.017265,-6.3,328.4,2454777.6811,2.417658,2.417742,0.803,-9999999,0.591212,1.753206,0.743757,2.127637,0.971995,0.38,60,-4.59572,3.137208,2008-11-07T04:13:03.234,-9999999,K5,072.C-0488(E),Mayor,-9999999,HARPS_ech_obs_all,HARPS_ech_obs_thosimult,STAR_WAVE_K0,7.35328404659253E-06,2.92565193282844E-07,0,0,0
GJ150.0,55.81192,-9.76028,2454777.6820473,-1.809746,0.770841,-6164.21392,0.984576,-10.020292,0.202537,-6161.497015,0.156893,-9.864865,0.206162,-3.797553,3.673434,-14.458783,1.46923,0.479851,0.000228,0.215719,0.000244,0.304754,0.00032,0,6.456086,47.783747,0.017056,-6.3,341.6,2454777.68213,2.414656,2.414786,0.313,-9999999,0.591212,1.752885,0.743757,2.125693,0.971995,0.35,60,-3.827707,3.596483,2008-11-07T04:14:35.220,-9999999,K5,072.C-0488(E),Mayor,-9999999,HARPS_ech_obs_all,HARPS_ech_obs_thosimult,STAR_WAVE_K0,7.82705374252236E-06,3.93307321354784E-07,0,0,0
GJ150.0,55.81192,-9.76028,2454777.6831071,-0.566914,0.7712,-6163.002931,0.984936,-8.777787,0.203898,-6160.287999,0.159135,-8.625666,0.207466,-4.770461,3.726841,-13.38781,1.433279,0.479837,0.000231,0.215875,0.000247,0.304947,0.000324,0,6.456956,47.774876,0.016917,-6.3,337.6,2454777.68319,2.411603,2.411726,0.335,-9999999,0.591212,1.752558,0.743757,2.12372,0.971995,0.36,60,-4.792894,3.664977,2008-11-07T04:16:06.186,-9999999,K5,072.C-0488(E),Mayor,-9999999,HARPS_ech_obs_all,HARPS_ech_obs_thosimult,STAR_WAVE_K0,7.47731858651008E-06,3.84649983351858E-07,0,0,0
GJ150.0,55.81192,-9.76028,2454777.6841788,0.163827,0.77212,-6162.716174,0.985474,-8.047376,0.207352,-6160.003237,0.162432,-7.87584,0.210893,-4.826813,3.760622,-13.396566,1.48872,0.47935,0.000236,0.216267,0.000252,0.304267,0.00033,0,6.457127,47.770254,0.016958,-6.3,330.4,2454777.68427,2.408512,2.408627,0.221,-9999999,0.591213,1.752228,0.743757,2.121724,0.971995,0.37,60,-4.845502,3.703333,2008-11-07T04:17:38.181,-9999999,K5,072.C-0488(E),Mayor,-9999999,HARPS_ech_obs_all,HARPS_ech_obs_thosimult,STAR_WAVE_K0,7.39930729944546E-06,2.83979982802983E-07,0,0,0
GJ150.0,55.81192,-9.76028,2454777.68523,0.467338,0.770217,-6162.278493,0.984275,-7.744189,0.200149,-6159.567513,0.154992,-7.605701,0.203701,-4.148098,3.479295,-12.846189,1.311304,0.479408,0.000226,0.216057,0.000242,0.305039,0.000317,0,6.457435,47.771967,0.016318,-6.3,345.2,2454777.68531,2.405474,2.405596,0.463,-9999999,0.591213,1.751905,0.743757,2.119767,0.971995,0.35,60,-4.176832,3.422952,2008-11-07T04:19:10.206,-9999999,K5,072.C-0488(E),Mayor,-9999999,HARPS_ech_obs_all,HARPS_ech_obs_thosimult,STAR_WAVE_K0,7.07765646361062E-06,2.80778425437336E-07,0,0,0
GJ150.0,55.81192,-9.76028,2454777.6863113,2.506641,0.77014,-6160.144786,0.984309,-5.705219,0.199851,-6157.435819,0.155211,-5.621354,0.20351,-4.842975,3.450796,-12.893301,1.39462,0.480046,0.000227,0.216159,0.000242,0.305485,0.000318,0,6.45672,47.772886,0.01644,-6.3,344.5,2454777.6864,2.402346,2.402454,0.344,-9999999,0.591213,1.751572,0.743757,2.117754,0.971995,0.38,60,-4.871131,3.409812,2008-11-07T04:20:41.822,-9999999,K5,072.C-0488(E),Mayor,-9999999,HARPS_ech_obs_all,HARPS_ech_obs_thosimult,STAR_WAVE_K0,7.69298273939073E-06,3.45920903823517E-07,0,0,0
GJ150.0,55.81192,-9.76028,2454777.6873626,2.862515,0.769086,-6159.879294,0.983685,-5.349669,0.19575,-6157.172284,0.151203,-5.238009,0.199402,-4.139703,3.417512,-12.201229,1.428811,0.480193,0.000221,0.216216,0.000236,0.305138,0.000309,0,6.457316,47.768113,0.017195,-6.3,353.4,2454777.68745,2.399299,2.399409,-0.026,-9999999,0.591214,1.751248,0.743757,2.115796,0.971995,0.37,60,-4.159653,3.378782,2008-11-07T04:22:13.258,-9999999,K5,072.C-0488(E),Mayor,-9999999,HARPS_ech_obs_all,HARPS_ech_obs_thosimult,STAR_WAVE_K0,7.48066791676185E-06,3.27736887781381E-07,0,0,0
GJ150.0,55.81192,-9.76028,2454777.6884136,3.512182,0.768014,-6158.945868,0.982916,-4.700325,0.191498,-6156.240815,0.146117,-4.518798,0.195255,-5.924782,3.504701,-11.748034,1.427853,0.479756,0.000214,0.215571,0.000228,0.304729,0.000299,0,6.458219,47.764971,0.016393,-6.3,365,2454777.68849,2.396249,2.396392,0.403,-9999999,0.591214,1.750924,0.743757,2.113839,0.971995,0.35,60,-5.948838,3.474242,2008-11-07T04:23:45.263,-9999999,K5,072.C-0488(E),Mayor,-9999999,HARPS_ech_obs_all,HARPS_ech_obs_thosimult,STAR_WAVE_K0,7.60833925687197E-06,3.6156328907933E-07,0,0,0
GJ150.0,55.81192,-9.76028,2454777.689473,4.144573,0.768934,-6158.553772,0.983562,-4.068261,0.195154,-6155.850691,0.150401,-3.912731,0.198814,-6.393499,3.74741,-11.548428,1.43962,0.479811,0.000219,0.215125,0.000234,0.305523,0.000307,0,6.457407,47.76383,0.016482,-6.3,355.9,2454777.68956,2.39317,2.393276,0.6,-9999999,0.591214,1.750598,0.743757,2.111867,0.971995,0.36,60,-6.414534,3.72571,2008-11-07T04:25:16.199,-9999999,K5,072.C-0488(E),Mayor,-9999999,HARPS_ech_obs_all,HARPS_ech_obs_thosimult,STAR_WAVE_K0,7.83646269952942E-06,3.0790017363384E-07,0,0,0
GJ150.0,55.81192,-9.76028,2454777.690522,3.856503,0.770801,-6158.944284,0.984711,-4.356654,0.202384,-6156.243155,0.157737,-4.255616,0.205922,-4.304741,3.353307,-10.964896,1.445958,0.480057,0.000231,0.215292,0.000246,0.304848,0.000323,0,6.457857,47.759762,0.015853,-6.3,338.7,2454777.69061,2.390117,2.390217,0.676,-9999999,0.591215,1.750275,0.743757,2.109914,0.971995,0.36,60,-4.330339,3.325722,2008-11-07T04:26:46.824,-9999999,K5,072.C-0488(E),Mayor,-9999999,HARPS_ech_obs_all,HARPS_ech_obs_thosimult,STAR_WAVE_K0,7.25797008893532E-06,3.60761849546543E-07,0,0,0
GJ150.0,55.81192,-9.76028,2454777.6915798,4.077512,0.768515,-6158.326198,0.983315,-4.13597,0.193496,-6155.627039,0.148778,-3.997011,0.197157,-4.443524,3.683878,-11.405046,1.436127,0.479254,0.000218,0.215077,0.000232,0.305678,0.000305,0,6.457268,47.763284,0.016688,-6.3,358.4,2454777.69166,2.387035,2.387155,0.322,-9999999,0.591215,1.749949,0.743757,2.107944,0.971995,0.36,60,-4.465822,3.659101,2008-11-07T04:28:18.220,-9999999,K5,072.C-0488(E),Mayor,-9999999,HARPS_ech_obs_all,HARPS_ech_obs_thosimult,STAR_WAVE_K0,7.4988900176442E-06,3.9498532853171E-07,0,0,0
GJ150.0,55.81192,-9.76028,2454777.6926453,1.166496,0.767279,-6161.19852,0.982577,-7.047315,0.188528,-6158.501345,0.14382,-6.923573,0.192537,-2.861186,3.164589,-12.537734,1.383977,0.479475,0.000211,0.215395,0.000224,0.305036,0.000295,0,6.456513,47.769144,0.016204,-6.3,371.2,2454777.69273,2.383926,2.384055,0.627,-9999999,0.591215,1.749621,0.743757,2.10596,0.971995,0.36,60,-2.890776,3.108652,2008-11-07T04:29:50.276,-9999999,K5,072.C-0488(E),Mayor,-9999999,HARPS_ech_obs_all,HARPS_ech_obs_thosimult,STAR_WAVE_K0,7.70842548385212E-06,3.28266324796705E-07,0,0,0
GJ150.0,55.81192,-9.76028,2454777.69371,-0.575056,0.76818,-6163.351167,0.982993,-8.789195,0.192162,-6160.655973,0.146631,-8.678994,0.195957,0.2534,3.535325,-12.808359,1.377841,0.479034,0.000215,0.215885,0.000229,0.30574,0.000301,0,6.455745,47.773413,0.016992,-6.3,364,2454777.69379,2.380816,2.380923,0.397,-9999999,0.591216,1.749293,0.743757,2.103978,0.971995,0.36,60,0.233447,3.470038,2008-11-07T04:31:22.271,-9999999,K5,072.C-0488(E),Mayor,-9999999,HARPS_ech_obs_all,HARPS_ech_obs_thosimult,STAR_WAVE_K0,7.25743600433407E-06,3.89137563277971E-07,0,0,0
GJ150.0,55.81192,-9.76028,2454777.6947765,-2.711414,0.767123,-6165.315106,0.982309,-10.925881,0.187891,-6162.621898,0.141975,-10.759832,0.192003,-0.636679,2.975135,-14.611177,1.396682,0.479316,0.000209,0.215495,0.000222,0.3057,0.000292,0,6.4546,47.786373,0.017572,-6.3,374.9,2454777.69486,2.377697,2.377815,0.526,-9999999,0.591216,1.748964,0.743757,2.101992,0.971995,0.37,60,-0.669748,2.874182,2008-11-07T04:32:53.817,-9999999,K5,072.C-0488(E),Mayor,-9999999,HARPS_ech_obs_all,HARPS_ech_obs_thosimult,STAR_WAVE_K0,7.80125362244779E-06,3.84187082293204E-07,0,0,0
GJ150.0,55.81192,-9.76028,2454778.648906,-4.427917,0.873201,-6166.665704,0.991081,-12.901583,0.175411,-6164.03376,0.126388,-12.735243,0.180006,6.319892,3.552247,-15.441652,1.271841,0.478103,0.000184,0.216448,0.000198,0.299797,0.00026,128,6.45428,47.798676,0.017957,-6.3,422,2454778.64898,2.045513,2.045651,1.363,-9999999,0.591523,1.489766,0.855401,2.040421,0.982989,0.36,60,6.297023,3.461553,2008-11-08T03:26:50.626,-9999999,K5,072.C-0488(E),Mayor,-9999999,HARPS_ech_obs_all,HARPS_ech_obs_thosimult,STAR_WAVE_K0,7.45034261458783E-06,2.97596210769431E-07,0,0,0
GJ150.0,55.81192,-9.76028,2454778.649971,-3.638041,0.872247,-6166.07934,0.990409,-12.112035,0.170598,-6163.449378,0.121005,-11.909683,0.175294,-0.441864,3.588223,-15.705982,1.272185,0.478564,0.000177,0.21607,0.00019,0.299162,0.000249,128,6.454065,47.799246,0.017082,-6.3,439.8,2454778.65005,2.042633,2.042777,1.608,-9999999,0.591524,1.489438,0.855401,2.038438,0.982989,0.36,60,-0.470873,3.502194,2008-11-08T03:28:22.642,-9999999,K5,072.C-0488(E),Mayor,-9999999,HARPS_ech_obs_all,HARPS_ech_obs_thosimult,STAR_WAVE_K0,7.86473850533188E-06,2.57241895101733E-07,0,0,0
GJ150.0,55.81192,-9.76028,2454778.6510383,-3.604968,0.872728,-6165.881739,0.990635,-12.07929,0.173044,-6163.253765,0.122847,-11.895929,0.177916,2.042041,3.607612,-16.081018,1.292889,0.478081,0.00018,0.215694,0.000192,0.29942,0.000253,128,6.454913,47.804249,0.01806,-6.3,433.4,2454778.65113,2.039739,2.039865,1.569,-9999999,0.591524,1.489109,0.855401,2.03645,0.982989,0.36,60,2.020204,3.524347,2008-11-08T03:29:54.858,-9999999,K5,072.C-0488(E),Mayor,-9999999,HARPS_ech_obs_all,HARPS_ech_obs_thosimult,STAR_WAVE_K0,7.47199491038453E-06,3.49697510797287E-07,0,0,0
GJ150.0,55.81192,-9.76028,2454778.6520863,-3.418164,0.872635,-6165.528143,0.990595,-11.892809,0.172575,-6162.90212,0.12252,-11.702573,0.177524,2.010932,3.353989,-16.737746,1.279765,0.478227,0.00018,0.216073,0.000192,0.299349,0.000253,128,6.454397,47.806947,0.017824,-6.3,434.1,2454778.65217,2.036889,2.037038,1.344,-9999999,0.591524,1.488786,0.855401,2.034499,0.982989,0.36,60,1.989649,3.265605,2008-11-08T03:31:25.404,-9999999,K5,072.C-0488(E),Mayor,-9999999,HARPS_ech_obs_all,HARPS_ech_obs_thosimult,STAR_WAVE_K0,7.69665546238767E-06,4.07268808206928E-07,0,0,0
GJ150.0,55.81192,-9.76028,2454778.6531444,-1.690678,0.872677,-6163.985921,0.990788,-10.165649,0.172788,-6161.361867,0.124077,-10.006769,0.17738,-2.102119,3.341047,-14.990065,1.334428,0.478724,0.000181,0.216019,0.000194,0.299147,0.000255,128,6.455898,47.796967,0.017475,-6.3,430.4,2454778.65323,2.034004,2.034114,1.15,-9999999,0.591525,1.48846,0.855401,2.032529,0.982989,0.36,60,-2.118577,3.263012,2008-11-08T03:32:56.829,-9999999,K5,072.C-0488(E),Mayor,-9999999,HARPS_ech_obs_all,HARPS_ech_obs_thosimult,STAR_WAVE_K0,7.01910849493677E-06,3.18451149188712E-07,0,0,0
GJ150.0,55.81192,-9.76028,2454778.6542084,-0.354304,0.872613,-6162.70936,0.990741,-8.829603,0.172463,-6160.087287,0.123699,-8.658681,0.177129,-1.967423,3.707393,-15.649849,1.297452,0.478249,0.000181,0.216291,0.000194,0.299539,0.000255,128,6.455379,47.802018,0.017677,-6.3,430.7,2454778.6543,2.031096,2.031209,1.156,-9999999,0.591525,1.488133,0.8554,2.030548,0.982988,0.36,60,-1.989135,3.649068,2008-11-08T03:34:28.755,-9999999,K5,072.C-0488(E),Mayor,-9999999,HARPS_ech_obs_all,HARPS_ech_obs_thosimult,STAR_WAVE_K0,7.29807345797951E-06,3.12873025484635E-07,0,0,0
GJ150.0,55.81192,-9.76028,2454778.6552746,1.067626,0.872881,-6161.421634,0.990863,-7.408001,0.173817,-6158.801547,0.124674,-7.190266,0.178567,-3.730742,3.451338,-16.512109,1.335579,0.47865,0.000182,0.215972,0.000195,0.298513,0.000256,128,6.453594,47.808851,0.018334,-6.3,428,2454778.65536,2.028173,2.028297,1.247,-9999999,0.591525,1.487804,0.8554,2.028562,0.982988,0.36,60,-3.743415,3.401501,2008-11-08T03:36:00.870,-9999999,K5,072.C-0488(E),Mayor,-9999999,HARPS_ech_obs_all,HARPS_ech_obs_thosimult,STAR_WAVE_K0,7.33735893991661E-06,2.88535694973262E-07,0,0,0
GJ150.0,55.81192,-9.76028,2454778.6563392,1.863592,0.872081,-6160.441037,0.990369,-6.612363,0.16975,-6157.822931,0.120684,-6.389886,0.174902,-2.892788,3.896887,-17.232883,1.268516,0.478511,0.000177,0.216209,0.000189,0.298768,0.000249,128,6.453646,47.812437,0.017266,-6.3,440.4,2454778.65643,2.025248,2.025376,0.991,-9999999,0.591526,1.487476,0.8554,2.02658,0.982988,0.36,60,-2.91821,3.858606,2008-11-08T03:37:32.856,-9999999,K5,072.C-0488(E),Mayor,-9999999,HARPS_ech_obs_all,HARPS_ech_obs_thosimult,STAR_WAVE_K0,7.4061272794891E-06,3.43120715746444E-07,0,0,0
GJ150.0,55.81192,-9.76028,2454778.6573987,1.65699,0.873377,-6160.57225,0.991213,-6.819291,0.176288,-6157.956117,0.127431,-6.624155,0.180887,-0.620771,3.683429,-16.103944,1.240688,0.478528,0.000186,0.215653,0.000199,0.298545,0.000261,128,6.454027,47.802956,0.017211,-6.3,418.7,2454778.65748,2.022329,2.022454,1.125,-9999999,0.591526,1.48715,0.8554,2.024607,0.982988,0.36,60,-0.641007,3.643847,2008-11-08T03:39:04.391,-9999999,K5,072.C-0488(E),Mayor,-9999999,HARPS_ech_obs_all,HARPS_ech_obs_thosimult,STAR_WAVE_K0,7.33334500398223E-06,3.35457566627752E-07,0,0,0
GJ150.0,55.81192,-9.76028,2454778.6584748,2.125701,0.872809,-6160.054381,0.990823,-6.350912,0.173452,-6157.440251,0.124357,-6.168847,0.178319,-2.614438,3.502434,-15.087415,1.325584,0.478764,0.000181,0.216093,0.000194,0.298756,0.000255,128,6.454926,47.797723,0.018024,-6.3,429.2,2454778.65856,2.019357,2.019487,1.349,-9999999,0.591526,1.486819,0.8554,2.022604,0.982988,0.37,60,-2.630339,3.466109,2008-11-08T03:40:36.767,-9999999,K5,072.C-0488(E),Mayor,-9999999,HARPS_ech_obs_all,HARPS_ech_obs_thosimult,STAR_WAVE_K0,7.5444703922381E-06,4.30212418829228E-07,0,0,0
GJ150.0,55.81192,-9.76028,2454778.6595298,2.290639,0.87218,-6159.910116,0.990511,-6.186299,0.170262,-6157.29795,0.121845,-6.02738,0.174954,-3.686922,3.974319,-15.159388,1.296481,0.479267,0.000179,0.216059,0.000191,0.299012,0.000251,128,6.455162,47.796025,0.01745,-6.3,437.4,2454778.65961,2.016435,2.016577,1.55,-9999999,0.591527,1.486494,0.8554,2.020639,0.982988,0.36,60,-3.712955,3.943863,2008-11-08T03:42:08.522,-9999999,K5,072.C-0488(E),Mayor,-9999999,HARPS_ech_obs_all,HARPS_ech_obs_thosimult,STAR_WAVE_K0,7.42179081720029E-06,2.3607705291651E-07,0,0,0
GJ150.0,55.81192,-9.76028,2454778.6605983,0.876824,0.871832,-6161.57905,0.99012,-7.600443,0.168468,-6158.968873,0.118629,-7.418361,0.173475,-1.746189,3.952234,-15.986296,1.240858,0.479056,0.000174,0.216049,0.000186,0.299156,0.000245,128,6.453822,47.800249,0.017124,-6.3,448.2,2454778.66069,2.01347,2.013596,1.693,-9999999,0.591527,1.486164,0.8554,2.01865,0.982988,0.36,60,-1.775444,3.910769,2008-11-08T03:43:40.838,-9999999,K5,072.C-0488(E),Mayor,-9999999,HARPS_ech_obs_all,HARPS_ech_obs_thosimult,STAR_WAVE_K0,7.36745415535823E-06,3.72376350450318E-07,0,0,0
GJ150.0,55.81192,-9.76028,2454778.6616627,-0.261521,0.87234,-6162.763999,0.990445,-8.739116,0.171081,-6160.155804,0.121315,-8.524604,0.175982,-1.111207,3.81066,-16.038693,1.324053,0.479173,0.000178,0.215795,0.00019,0.298773,0.00025,128,6.453445,47.799023,0.018295,-6.3,438.8,2454778.66175,2.010509,2.010612,1.585,-9999999,0.591527,1.485837,0.8554,2.016668,0.982988,0.36,60,-1.129554,3.756721,2008-11-08T03:45:12.804,-9999999,K5,072.C-0488(E),Mayor,-9999999,HARPS_ech_obs_all,HARPS_ech_obs_thosimult,STAR_WAVE_K0,7.72823590645222E-06,2.94429944389725E-07,0,0,0
GJ150.0,55.81192,-9.76028,2454778.6627298,-1.884283,0.872251,-6164.268522,0.990432,-10.362206,0.170627,-6161.662313,0.12121,-10.160935,0.175347,0.086188,3.906922,-15.036612,1.289072,0.479627,0.000177,0.216021,0.000189,0.299315,0.000249,128,6.454608,47.795452,0.017804,-6.3,440.2,2454778.66282,2.007533,2.007649,1.381,-9999999,0.591528,1.485508,0.8554,2.014681,0.982987,0.37,60,0.068821,3.840911,2008-11-08T03:46:44.399,-9999999,K5,072.C-0488(E),Mayor,-9999999,HARPS_ech_obs_all,HARPS_ech_obs_thosimult,STAR_WAVE_K0,7.52826835360695E-06,2.65422495662268E-07,0,0,0
GJ150.0,55.81192,-9.76028,2454778.6637806,-2.133355,0.872333,-6164.442404,0.990476,-10.611602,0.171048,-6161.838151,0.121571,-10.448933,0.175641,0.090579,4.037463,-15.129465,1.272462,0.478958,0.000177,0.216181,0.00019,0.298644,0.000249,128,6.455114,47.797623,0.01793,-6.3,439.2,2454778.66387,2.004596,2.004712,1.306,-9999999,0.591528,1.485184,0.855399,2.012725,0.982987,0.36,60,0.058073,3.97144,2008-11-08T03:48:15.784,-9999999,K5,072.C-0488(E),Mayor,-9999999,HARPS_ech_obs_all,HARPS_ech_obs_thosimult,STAR_WAVE_K0,7.39806752022464E-06,3.26712873096833E-07,0,0,0
GJ150.0,55.81192,-9.76028,2454780.6498163,-0.362068,0.881779,-6162.518796,0.997286,-9.751644,0.214065,-6161.420544,0.168263,-9.718827,0.217438,-1.177697,3.494068,-11.613088,1.546255,0.479222,0.000242,0.220233,0.000259,0.306225,0.000342,0,6.456177,47.770725,0.018302,-6.3,320.6,2454780.6499,1.118812,1.11894,0.717,-9999999,0.592167,0.573856,0.855401,0.506085,0.982989,0.36,60,-1.198786,3.431898,2008-11-10T03:28:08.472,-9999999,K5,072.C-0488(E),Mayor,-9999999,HARPS_ech_obs_all,HARPS_ech_obs_thosimult,STAR_WAVE_K0,7.16758746127637E-06,3.12058921234227E-07,0,0,0
GJ150.0,55.81192,-9.76028,2454780.6508802,-0.740121,0.880118,-6162.900649,0.996079,-10.130024,0.207116,-6161.804378,0.160955,-10.050513,0.210755,-0.767245,3.569287,-12.3697,1.529058,0.479575,0.000231,0.22049,0.000249,0.306298,0.000327,0,6.455946,47.770103,0.017783,-6.3,334.8,2454780.65096,1.115888,1.11602,0.901,-9999999,0.592167,0.573528,0.855401,0.504104,0.982989,0.36,60,-0.775261,3.504987,2008-11-10T03:29:40.388,-9999999,K5,072.C-0488(E),Mayor,-9999999,HARPS_ech_obs_all,HARPS_ech_obs_thosimult,STAR_WAVE_K0,7.42456239579632E-06,3.17489379212117E-07,0,0,0
GJ150.0,55.81192,-9.76028,2454780.6519379,0.133003,0.880217,-6162.047371,0.996251,-9.257226,0.207537,-6160.953068,0.162018,-9.17699,0.211083,-2.228639,3.976591,-12.51852,1.490782,0.479985,0.000234,0.22008,0.00025,0.30651,0.00033,0,6.455092,47.773408,0.017968,-6.3,332.1,2454780.65203,1.112974,1.113092,0.666,-9999999,0.592168,0.573202,0.855401,0.502135,0.982989,0.36,60,-2.243628,3.923981,2008-11-10T03:31:11.773,-9999999,K5,072.C-0488(E),Mayor,-9999999,HARPS_ech_obs_all,HARPS_ech_obs_thosimult,STAR_WAVE_K0,7.50343085994453E-06,3.28583223829996E-07,0,0,0
GJ150.0,55.81192,-9.76028,2454780.6530031,0.271646,0.878089,-6161.718233,0.994789,-9.118911,0.198318,-6160.625913,0.152767,-8.989917,0.202193,-0.841004,3.720898,-13.349497,1.465052,0.479044,0.000221,0.220237,0.000237,0.306269,0.000312,0,6.455267,47.782121,0.018164,-6.3,351.4,2454780.65309,1.110031,1.11013,0.572,-9999999,0.592168,0.572874,0.855401,0.500152,0.982989,0.36,60,-0.849678,3.661146,2008-11-10T03:32:43.809,-9999999,K5,072.C-0488(E),Mayor,-9999999,HARPS_ech_obs_all,HARPS_ech_obs_thosimult,STAR_WAVE_K0,7.25350284278543E-06,3.28164719622028E-07,0,0,0
GJ150.0,55.81192,-9.76028,2454780.6540629,1.351536,0.877618,-6160.478564,0.994542,-8.039347,0.196221,-6159.388217,0.151153,-7.858412,0.199915,0.457346,3.281255,-12.934704,1.47781,0.479146,0.00022,0.220701,0.000235,0.306559,0.000309,0,6.45579,47.778213,0.018487,-6.3,354.4,2454780.65414,1.107096,1.107219,0.426,-9999999,0.592169,0.572548,0.8554,0.498178,0.982988,0.35,60,0.445318,3.223072,2008-11-10T03:34:15.974,-9999999,K5,072.C-0488(E),Mayor,-9999999,HARPS_ech_obs_all,HARPS_ech_obs_thosimult,STAR_WAVE_K0,7.174904934651E-06,3.89259016405311E-07,0,0,0
GJ150.0,55.81192,-9.76028,2454780.6551321,0.991284,0.878614,-6161.264181,0.995154,-8.399929,0.20063,-6160.175824,0.155128,-8.311655,0.204445,3.963507,3.176984,-13.088621,1.457153,0.478796,0.000225,0.220504,0.000241,0.306901,0.000318,0,6.455346,47.77922,0.01779,-6.3,345.4,2454780.65522,1.104128,1.104237,0.363,-9999999,0.592169,0.572219,0.8554,0.496188,0.982988,0.36,60,3.951753,3.113255,2008-11-10T03:35:47.751,-9999999,K5,072.C-0488(E),Mayor,-9999999,HARPS_ech_obs_all,HARPS_ech_obs_thosimult,STAR_WAVE_K0,7.29679354825249E-06,3.55543099609483E-07,0,0,0
GJ150.0,55.81192,-9.76028,2454780.6561734,2.296994,0.88195,-6159.953079,0.997323,-7.09454,0.214771,-6158.866661,0.168486,-6.967999,0.218152,0.196419,3.41441,-11.886552,1.439406,0.478675,0.000243,0.220394,0.000261,0.306857,0.000344,0,6.45649,47.766742,0.017582,-6.3,319.3,2454780.65625,1.101231,1.101377,0.595,-9999999,0.592169,0.571898,0.8554,0.494249,0.982988,0.33,60,0.177513,3.36645,2008-11-10T03:37:19.517,-9999999,K5,072.C-0488(E),Mayor,-9999999,HARPS_ech_obs_all,HARPS_ech_obs_thosimult,STAR_WAVE_K0,7.41323404038437E-06,3.68045051696662E-07,0,0,0
GJ150.0,55.81192,-9.76028,2454780.6572629,2.16113,0.88472,-6160.047527,0.999125,-7.230739,0.225878,-6158.963137,0.178847,-7.092822,0.228947,-3.10154,3.370291,-10.687112,1.560627,0.478987,0.000257,0.220455,0.000276,0.306041,0.000363,0,6.455524,47.75869,0.016712,-6.3,301.6,2454780.65735,1.098193,1.09829,0.47,-9999999,0.59217,0.571562,0.8554,0.49222,0.982988,0.36,60,-3.107907,3.322768,2008-11-10T03:38:51.852,-9999999,K5,072.C-0488(E),Mayor,-9999999,HARPS_ech_obs_all,HARPS_ech_obs_thosimult,STAR_WAVE_K0,7.84753025232739E-06,4.0599317932755E-07,0,0,0
GJ150.0,55.81192,-9.76028,2454780.6583198,2.17829,0.882243,-6160.02584,0.997603,-7.213905,0.215972,-6158.943418,0.170139,-7.127637,0.21916,0.511386,3.344029,-10.230878,1.477496,0.478739,0.000245,0.220592,0.000263,0.306146,0.000346,0,6.456434,47.755674,0.01772,-6.3,316.6,2454780.6584,1.095238,1.095352,0.213,-9999999,0.59217,0.571237,0.8554,0.490252,0.982988,0.35,60,0.496758,3.29248,2008-11-10T03:40:23.768,-9999999,K5,072.C-0488(E),Mayor,-9999999,HARPS_ech_obs_all,HARPS_ech_obs_thosimult,STAR_WAVE_K0,7.67589664444058E-06,3.92612288507123E-07,0,0,0
GJ150.0,55.81192,-9.76028,2454780.6593802,1.657844,0.881399,-6160.723206,0.996977,-7.734677,0.212498,-6159.642758,0.166426,-7.674558,0.215871,-4.049959,3.108268,-10.304148,1.520379,0.47911,0.00024,0.220919,0.000258,0.306198,0.000339,0,6.456982,47.755441,0.016744,-6.3,323,2454780.65946,1.092267,1.092407,0.529,-9999999,0.59217,0.57091,0.8554,0.488278,0.982988,0.35,60,-4.059314,3.050331,2008-11-10T03:41:55.383,-9999999,K5,072.C-0488(E),Mayor,-9999999,HARPS_ech_obs_all,HARPS_ech_obs_thosimult,STAR_WAVE_K0,7.26966065618863E-06,2.5093621436741E-07,0,0,0
GJ150.0,55.81192,-9.76028,2454780.6604455,1.886346,0.880558,-6160.226327,0.996517,-7.506503,0.208982,-6159.147862,0.163652,-7.386697,0.212551,-1.24868,3.534354,-10.517806,1.42192,0.478299,0.000237,0.220284,0.000254,0.306391,0.000334,0,6.457434,47.762793,0.017374,-6.3,328,2454780.66053,1.089276,1.089391,0.321,-9999999,0.592171,0.570582,0.8554,0.486294,0.982988,0.36,60,-1.271165,3.484464,2008-11-10T03:43:26.829,-9999999,K5,072.C-0488(E),Mayor,-9999999,HARPS_ech_obs_all,HARPS_ech_obs_thosimult,STAR_WAVE_K0,7.64369842471767E-06,3.4318671947585E-07,0,0,0
GJ150.0,55.81192,-9.76028,2454780.6614997,0.764944,0.882715,-6161.307294,0.997801,-8.62823,0.217894,-6160.230792,0.171294,-8.452551,0.221206,-1.073687,3.422638,-11.549681,1.519565,0.478699,0.000248,0.220213,0.000266,0.306934,0.00035,0,6.456228,47.768556,0.018473,-6.3,313.3,2454780.66159,1.08631,1.086407,0.877,-9999999,0.592171,0.570257,0.8554,0.484331,0.982988,0.35,60,-1.099307,3.367179,2008-11-10T03:44:58.514,-9999999,K5,072.C-0488(E),Mayor,-9999999,HARPS_ech_obs_all,HARPS_ech_obs_thosimult,STAR_WAVE_K0,7.89171395136559E-06,3.13633966073379E-07,0,0,0
GJ150.0,55.81192,-9.76028,2454780.6625709,0.445386,0.88652,-6161.59185,1.000555,-8.948118,0.232827,-6160.517342,0.186673,-8.78499,0.235852,-2.537519,3.245622,-12.00461,1.481419,0.479126,0.000269,0.220897,0.000289,0.306227,0.00038,0,6.454355,47.771324,0.017882,-6.3,288.6,2454780.66266,1.083289,1.083378,0.474,-9999999,0.592171,0.569927,0.8554,0.482337,0.982987,0.37,60,-2.555653,3.180421,2008-11-10T03:46:29.859,-9999999,K5,072.C-0488(E),Mayor,-9999999,HARPS_ech_obs_all,HARPS_ech_obs_thosimult,STAR_WAVE_K0,7.86171560271606E-06,3.68335655147285E-07,0,0,0
GJ150.0,55.81192,-9.76028,2456630.684637,-6.085607,0.576497,-6167.755267,0.523825,-14.395808,0.263233,-6165.338138,0.219746,-14.431979,0.264361,-12.25173,4.30981,2.192136,2.550393,0.478645,0.00032,0.216059,0.000333,0.309632,0.000442,0,6.472142,47.653136,0.017549,-6.3,253,2456630.68463,-9.837164,-9.837024,0.217,-9999999,1.187598,1.65323,0.512891,1.229531,0.475504,0.46,300.0006,-12.260382,4.235485,2013-12-04T04:16:52.633,-9999999,K5,192.C-0852(A),Udry,-9999999,HARPS_ech_obs_all,HARPS_ech_obs_wavesimult,STAR_WAVE_K0,7.79978007359372E-06,3.82815376951E-07,0,0,0
GJ150.0,55.81192,-9.76028,2456699.518855,-4.404462,0.56107,-6166.039554,0.52824,-13.508084,0.176094,-6163.829768,0.135619,-13.654265,0.177055,-7.582145,3.486407,3.490579,2.198651,0.476201,0.000187,0.21488,0.000196,0.29706,0.000259,128,6.473211,47.645328,0.01802,-6.3,426.5,2456699.51885,-26.603168,-26.603174,0.37,-9999999,1.209752,0.859809,0.53272,1.000034,0.510534,0.51,89.9944,-7.607281,3.386584,2014-02-11T00:26:32.103,-9999999,K5,192.C-0852(A),Udry,-9999999,HARPS_ech_obs_all,HARPS_ech_obs_thosimult,STAR_WAVE_K0,7.484131253474E-06,4.1814837730315E-07,0,0,0
GJ150.0,55.81192,-9.76028,2456699.5202656,-4.328503,0.558057,-6165.989561,0.525313,-13.43256,0.166249,-6163.782401,0.123733,-13.490937,0.167491,-8.034979,3.457257,3.482973,2.180107,0.475794,0.000171,0.215091,0.000179,0.297488,0.000236,128,6.474038,47.646117,0.017909,-6.3,468.5,2456699.52026,-26.606467,-26.60644,-0.115,-9999999,1.209752,0.859375,0.532719,0.997408,0.510533,0.51,90.0014,-8.074428,3.346223,2014-02-11T00:28:33.991,-9999999,K5,192.C-0852(A),Udry,-9999999,HARPS_ech_obs_all,HARPS_ech_obs_thosimult,STAR_WAVE_K0,7.13857372861127E-06,4.15231159090578E-07,0,0,0
GJ150.0,55.81192,-9.76028,2456699.5216662,-4.238743,0.559565,-6165.955172,0.526731,-13.343231,0.171247,-6163.750619,0.129626,-13.450686,0.172769,-6.80372,3.40813,2.153574,2.193417,0.476069,0.000179,0.214962,0.000188,0.297136,0.000247,128,6.472718,47.656229,0.017265,-6.3,446.6,2456699.52166,-26.609731,-26.609722,-0.376,-9999999,1.209753,0.858943,0.532718,0.9948,0.510532,0.5,90.0002,-6.849462,3.292308,2014-02-11T00:30:35.909,-9999999,K5,192.C-0852(A),Udry,-9999999,HARPS_ech_obs_all,HARPS_ech_obs_thosimult,STAR_WAVE_K0,7.06590647281769E-06,3.79414678528323E-07,0,0,0
GJ150.0,55.81192,-9.76028,2456699.5230638,-2.852487,0.557526,-6164.55488,0.524785,-11.957406,0.164464,-6162.352929,0.121485,-12.008034,0.166306,-7.833924,3.169105,0.645738,2.135169,0.476278,0.000169,0.214554,0.000176,0.29698,0.000233,128,6.472498,47.669226,0.016597,-6.3,475.1,2456699.52306,-26.612977,-26.612965,-0.413,-9999999,1.209753,0.858513,0.532716,0.992198,0.51053,0.49,90.001,-7.871803,3.06417,2014-02-11T00:32:37.576,-9999999,K5,192.C-0852(A),Udry,-9999999,HARPS_ech_obs_all,HARPS_ech_obs_thosimult,STAR_WAVE_K0,6.70189760731715E-06,3.86439640636291E-07,0,0,0
GJ150.0,55.81192,-9.76028,2456699.5244733,0.137128,0.557141,-6161.642719,0.524549,-8.968225,0.163158,-6159.443392,0.120465,-9.107073,0.164824,-8.9476,3.329595,1.296181,2.099448,0.475388,0.00017,0.214429,0.000176,0.296872,0.000233,128,6.472581,47.666414,0.015732,-6.3,474.4,2456699.52447,-26.616238,-26.616223,-0.303,-9999999,1.209754,0.858079,0.532715,0.989573,0.510529,0.49,90.002,-8.9781,3.259376,2014-02-11T00:34:39.364,-9999999,K5,192.C-0852(A),Udry,-9999999,HARPS_ech_obs_all,HARPS_ech_obs_thosimult,STAR_WAVE_K0,7.22068567463762E-06,4.18035845280697E-07,0,0,0
GJ150.0,55.81192,-9.76028,2456699.5259115,2.183831,0.55773,-6159.837183,0.525058,-6.921965,0.165161,-6157.640534,0.122669,-7.02399,0.166936,-8.094138,3.419338,0.734561,2.151438,0.475869,0.000171,0.214914,0.000179,0.296282,0.000235,128,6.472303,47.667982,0.015528,-6.3,469,2456699.5259,-26.619553,-26.619548,-0.401,-9999999,1.209754,0.857636,0.532714,0.986895,0.510528,0.5,90.0008,-8.124429,3.366679,2014-02-11T00:36:42.742,-9999999,K5,192.C-0852(A),Udry,-9999999,HARPS_ech_obs_all,HARPS_ech_obs_thosimult,STAR_WAVE_K0,7.71077876176432E-06,2.93886297144997E-07,0,0,0
GJ150.0,55.81192,-9.76028,2456699.5273314,4.313407,0.557745,-6157.76361,0.524912,-4.792826,0.165216,-6155.569605,0.122047,-4.939791,0.166892,-10.676434,3.397279,1.126737,2.087223,0.475832,0.000167,0.214699,0.000175,0.296575,0.000231,128,6.472701,47.666969,0.015264,-6.3,477.5,2456699.52733,-26.622812,-26.622807,-0.208,-9999999,1.209754,0.857198,0.532713,0.984251,0.510526,0.51,90.0011,-10.706794,3.365854,2014-02-11T00:38:44.529,-9999999,K5,192.C-0852(A),Udry,-9999999,HARPS_ech_obs_all,HARPS_ech_obs_thosimult,STAR_WAVE_K0,7.18208163905809E-06,3.26958018131387E-07,0,0,0
GJ150.0,55.81192,-9.76028,2456699.5287265,4.84027,0.558133,-6157.397948,0.525257,-4.266393,0.166524,-6155.206539,0.123526,-4.329412,0.168272,-10.244017,3.489464,1.272289,2.144281,0.475528,0.000171,0.214598,0.000179,0.296548,0.000236,128,6.472617,47.662282,0.015229,-6.3,467.1,2456699.52872,-26.626002,-26.625974,0.048,-9999999,1.209755,0.856769,0.532712,0.981654,0.510525,0.5,90.0006,-10.2779,3.464031,2014-02-11T00:40:45.977,-9999999,K5,192.C-0852(A),Udry,-9999999,HARPS_ech_obs_all,HARPS_ech_obs_thosimult,STAR_WAVE_K0,6.97201997818728E-06,3.33413258856367E-07,0,0,0
GJ150.0,55.81192,-9.76028,2456699.5301481,2.952202,0.557879,-6158.678746,0.525341,-6.154899,0.165674,-6156.489984,0.123889,-6.299342,0.167111,-9.770029,3.485862,2.241043,2.137779,0.475679,0.00017,0.215195,0.000179,0.296713,0.000235,128,6.473917,47.655973,0.016382,-6.3,469.3,2456699.53014,-26.629239,-26.629233,0.178,-9999999,1.209755,0.856331,0.532711,0.979007,0.510524,0.51,89.9944,-9.799471,3.44451,2014-02-11T00:42:47.914,-9999999,K5,192.C-0852(A),Udry,-9999999,HARPS_ech_obs_all,HARPS_ech_obs_thosimult,STAR_WAVE_K0,7.08557017548065E-06,3.49238208729122E-07,0,0,0
GJ150.0,55.81192,-9.76028,2456699.531559,0.321173,0.558484,-6161.713737,0.525675,-8.786362,0.167703,-6159.527601,0.125305,-8.93257,0.169055,-8.10601,3.450865,3.179674,2.205334,0.475309,0.000174,0.214645,0.000182,0.296202,0.00024,128,6.474099,47.650358,0.015898,-6.3,460.6,2456699.53155,-26.632438,-26.632426,-0.317,-9999999,1.209756,0.855896,0.53271,0.97638,0.510523,0.51,89.9937,-8.135723,3.38283,2014-02-11T00:44:49.832,-9999999,K5,192.C-0852(A),Udry,-9999999,HARPS_ech_obs_all,HARPS_ech_obs_thosimult,STAR_WAVE_K0,7.14326031805058E-06,2.74728890022815E-07,0,0,0
GJ150.0,55.81192,-9.76028,2456700.5528986,1.157606,0.39808,-6160.32342,0.338255,-8.293842,0.267391,-6158.613421,0.198177,-8.409013,0.269281,-7.125801,4.02927,1.088665,2.421189,0.477502,0.000294,0.216818,0.000303,0.297136,0.000397,0,6.471352,47.648358,0.018043,-6.3,279.4,2456700.5529,-26.669995,-26.670007,0.444,-9999999,1.210085,0.511984,0.294906,0.499914,0.274121,0.49,60.0012,-7.139843,3.984817,2014-02-12T01:15:57.855,-9999999,K5,192.C-0852(A),Udry,-9999999,HARPS_ech_obs_all,HARPS_ech_obs_thosimult,STAR_WAVE_K0,7.68725640274274E-06,3.89778741759993E-07,0,0,0
GJ150.0,55.81192,-9.76028,2456700.553954,1.113805,0.39544,-6160.004233,0.335527,-8.337968,0.263446,-6158.296199,0.193486,-8.477124,0.26538,-9.79061,3.694026,1.406334,2.490364,0.476157,0.000285,0.215908,0.000293,0.305381,0.000386,0,6.473503,47.642731,0.016795,-6.3,287.7,2456700.55395,-26.672167,-26.672168,0.663,-9999999,1.210085,0.511659,0.294905,0.497949,0.27412,0.49,60,-9.80818,3.64983,2014-02-12T01:17:29.050,-9999999,K5,192.C-0852(A),Udry,-9999999,HARPS_ech_obs_all,HARPS_ech_obs_thosimult,STAR_WAVE_K0,7.83720556168976E-06,4.09141442561065E-07,0,0,0
GJ150.0,55.81192,-9.76028,2456700.5550282,2.111102,0.391912,-6159.105087,0.332889,-7.341002,0.258122,-6157.399054,0.188877,-7.462592,0.259728,-8.313253,3.673885,2.847002,2.502466,0.476352,0.00028,0.215847,0.000287,0.304633,0.000378,0,6.474462,47.629069,0.017954,-6.3,293.8,2456700.55502,-26.674367,-26.674366,0.414,-9999999,1.210085,0.511328,0.294904,0.495948,0.274118,0.51,60.0013,-8.340391,3.632712,2014-02-12T01:19:00.666,-9999999,K5,192.C-0852(A),Udry,-9999999,HARPS_ech_obs_all,HARPS_ech_obs_thosimult,STAR_WAVE_K0,7.64792538927243E-06,2.72778049925569E-07,0,0,0
GJ150.0,55.81192,-9.76028,2456700.5560645,0.110246,0.401608,-6161.104381,0.341761,-9.342177,0.27262,-6159.400276,0.20411,-9.416282,0.274275,-8.265369,4.097302,2.366212,2.414672,0.476709,0.000305,0.216604,0.000313,0.304179,0.000411,0,6.474695,47.633529,0.018118,-6.3,269.7,2456700.55605,-26.676479,-26.67646,0.617,-9999999,1.210086,0.511008,0.294903,0.494019,0.274117,0.48,60.0007,-8.296241,4.047705,2014-02-12T01:20:32.012,-9999999,K5,192.C-0852(A),Udry,-9999999,HARPS_ech_obs_all,HARPS_ech_obs_thosimult,STAR_WAVE_K0,6.55503467244403E-06,3.69928649235941E-07,0,0,0
GJ150.0,55.81192,-9.76028,2456700.5571421,0.863649,0.40062,-6160.07616,0.340959,-8.589106,0.271163,-6158.374062,0.202766,-8.697045,0.272709,-5.958448,3.754885,3.351905,2.437064,0.477384,0.000298,0.2158,0.000306,0.304731,0.000404,0,6.474031,47.627359,0.01824,-6.3,275,2456700.55713,-26.678666,-26.678661,0.367,-9999999,1.210086,0.510677,0.294902,0.492012,0.274115,0.5,60.001,-5.976741,3.708102,2014-02-12T01:22:03.928,-9999999,K5,192.C-0852(A),Udry,-9999999,HARPS_ech_obs_all,HARPS_ech_obs_thosimult,STAR_WAVE_K0,6.82899971293847E-06,3.21403910397414E-07,0,0,0
GJ150.0,55.81192,-9.76028,2456700.5582071,-0.355098,0.403417,-6161.467194,0.34274,-9.808181,0.27528,-6159.767079,0.205749,-9.958429,0.277088,-5.326081,3.807257,2.036858,2.502664,0.477256,0.000299,0.215592,0.000309,0.304675,0.000408,0,6.471684,47.637063,0.017604,-6.3,272,2456700.5582,-26.680816,-26.680805,0.461,-9999999,1.210086,0.510349,0.294901,0.490029,0.274114,0.5,59.9944,-5.347508,3.750453,2014-02-12T01:23:35.953,-9999999,K5,192.C-0852(A),Udry,-9999999,HARPS_ech_obs_all,HARPS_ech_obs_thosimult,STAR_WAVE_K0,6.77386386818579E-06,4.20559539993703E-07,0,0,0
GJ150.0,55.81192,-9.76028,2456700.5592853,-1.200315,0.388125,-6162.623885,0.328009,-10.65373,0.25234,-6160.925776,0.180146,-10.757955,0.254448,-8.914782,3.837542,1.058501,2.460106,0.477165,0.000247,0.215617,0.00026,0.303848,0.000343,0,6.471645,47.643089,0.017832,-6.3,322.1,2456700.55928,-26.682981,-26.682984,0.65,-9999999,1.210087,0.510016,0.294899,0.488022,0.274112,0.53,60.001,-8.946436,3.77523,2014-02-12T01:25:07.309,-9999999,K5,192.C-0852(A),Udry,-9999999,HARPS_ech_obs_all,HARPS_ech_obs_thosimult,STAR_WAVE_K0,6.77278486272589E-06,3.83753161796512E-07,0,0,0
GJ150.0,55.81192,-9.76028,2456700.5603428,-1.040082,0.396193,-6161.807034,0.334796,-10.493823,0.264583,-6160.110894,0.192228,-10.590672,0.266381,-10.421848,4.014105,2.356842,2.466331,0.477224,0.00026,0.216116,0.000277,0.304313,0.000364,0,6.472493,47.638456,0.018793,-6.3,303.5,2456700.56034,-26.685094,-26.685083,0.631,-9999999,1.210087,0.509691,0.294898,0.486053,0.274111,0.52,60.0013,-10.45022,3.95684,2014-02-12T01:26:39.285,-9999999,K5,192.C-0852(A),Udry,-9999999,HARPS_ech_obs_all,HARPS_ech_obs_thosimult,STAR_WAVE_K0,6.25933154869536E-06,4.14383625154078E-07,0,0,0
GJ150.0,55.81192,-9.76028,2456700.5613859,-0.909047,0.385466,-6162.054721,0.325302,-10.363109,0.248233,-6160.360523,0.175173,-10.497381,0.250122,-9.29269,3.78714,1.743705,2.514388,0.477465,0.000236,0.215323,0.00025,0.303995,0.00033,0,6.471829,47.641656,0.017445,-6.3,334.5,2456700.56138,-26.687169,-26.687171,0.458,-9999999,1.210087,0.509369,0.294897,0.484111,0.274109,0.49,60.0014,-9.321868,3.723715,2014-02-12T01:28:11.221,-9999999,K5,192.C-0852(A),Udry,-9999999,HARPS_ech_obs_all,HARPS_ech_obs_thosimult,STAR_WAVE_K0,7.36250036578125E-06,2.79264034593428E-07,0,0,0
GJ150.0,55.81192,-9.76028,2456700.5624446,-1.059952,0.381704,-6162.227159,0.321951,-10.51434,0.242352,-6160.534932,0.16887,-10.607112,0.244629,-10.472356,4.067202,0.955537,2.452711,0.476743,0.00023,0.215333,0.000243,0.304054,0.00032,0,6.472684,47.644657,0.017922,-6.3,345.2,2456700.56244,-26.689263,-26.689272,0.459,-9999999,1.210088,0.509043,0.294896,0.482139,0.274108,0.49,60.0006,-10.506882,4.006913,2014-02-12T01:29:42.696,-9999999,K5,192.C-0852(A),Udry,-9999999,HARPS_ech_obs_all,HARPS_ech_obs_thosimult,STAR_WAVE_K0,7.04904723962619E-06,3.61268653819014E-07,0,0,0
GJ150.0,55.81192,-9.76028,2456700.5635119,-0.195995,0.38895,-6161.242259,0.328443,-9.650712,0.253612,-6159.552019,0.180944,-9.783536,0.255183,-12.538548,3.686397,2.136293,2.404345,0.476665,0.000247,0.216371,0.000262,0.304834,0.000345,0,6.472837,47.638058,0.018064,-6.3,320.7,2456700.56351,-26.691363,-26.691361,0.349,-9999999,1.210088,0.508715,0.294895,0.480152,0.274106,0.49,60.001,-12.569057,3.624456,2014-02-12T01:31:14.923,-9999999,K5,192.C-0852(A),Udry,-9999999,HARPS_ech_obs_all,HARPS_ech_obs_thosimult,STAR_WAVE_K0,7.31757337331514E-06,4.11828635606259E-07,0,0,0
GJ150.0,55.81192,-9.76028,2456700.5646013,-1.037385,0.386712,-6162.122855,0.326693,-10.492437,0.250168,-6160.434643,0.17775,-10.643681,0.252034,-13.277893,3.597866,2.103008,2.408739,0.476023,0.000241,0.215734,0.000256,0.304013,0.000336,0,6.472238,47.638321,0.017379,-6.3,328.3,2456700.5646,-26.693495,-26.693484,0.462,-9999999,1.210088,0.508379,0.294894,0.478124,0.274105,0.53,60.0015,-13.298239,3.533191,2014-02-12T01:32:46.658,-9999999,K5,192.C-0852(A),Udry,-9999999,HARPS_ech_obs_all,HARPS_ech_obs_thosimult,STAR_WAVE_K0,6.71607786979169E-06,3.15705383558477E-07,0,0,0
GJ150.0,55.81192,-9.76028,2456700.5656513,-0.472695,0.391755,-6161.867213,0.33172,-9.928071,0.257895,-6160.180955,0.186829,-10.015775,0.259877,-16.121252,4.236504,2.190444,2.581238,0.475847,0.000258,0.216285,0.000273,0.304328,0.000359,0,6.472129,47.637433,0.017632,-6.3,308.3,2456700.56565,-26.695539,-26.695551,0.684,-9999999,1.210089,0.508056,0.294893,0.476169,0.274104,0.51,60.0015,-16.146453,4.183937,2014-02-12T01:34:18.584,-9999999,K5,192.C-0852(A),Udry,-9999999,HARPS_ech_obs_all,HARPS_ech_obs_thosimult,STAR_WAVE_K0,7.30274059121121E-06,4.23638456132936E-07,0,0,0
GJ150.0,55.81192,-9.76028,2456700.5667223,-0.594672,0.397044,-6162.233838,0.33596,-10.050378,0.265863,-6160.549575,0.194261,-10.134338,0.267581,-7.344252,3.787415,2.487662,2.460535,0.476295,0.000269,0.216186,0.000284,0.304057,0.000374,0,6.473179,47.629988,0.018581,-6.3,296,2456700.56671,-26.697613,-26.697607,0.511,-9999999,1.210089,0.507726,0.294892,0.474174,0.274102,0.52,60.0013,-7.370677,3.728527,2014-02-12T01:35:50.530,-9999999,K5,192.C-0852(A),Udry,-9999999,HARPS_ech_obs_all,HARPS_ech_obs_thosimult,STAR_WAVE_K0,7.61661406106411E-06,3.69479479948799E-07,0,0,0
GJ150.0,55.81192,-9.76028,2456700.5677676,-2.00788,0.3874,-6163.225662,0.327256,-11.463907,0.251233,-6161.543345,0.178788,-11.559396,0.253253,-12.014353,3.870435,1.539337,2.526013,0.476235,0.000243,0.215806,0.000258,0.303959,0.000339,0,6.471597,47.635754,0.017689,-6.3,325.8,2456700.56777,-26.699625,-26.699629,0.517,-9999999,1.210089,0.507404,0.294891,0.472228,0.274101,0.5,60.002,-12.031291,3.804595,2014-02-12T01:37:22.046,-9999999,K5,192.C-0852(A),Udry,-9999999,HARPS_ech_obs_all,HARPS_ech_obs_thosimult,STAR_WAVE_K0,7.65878319840824E-06,4.50112756881622E-07,0,0,0
GJ150.0,55.81192,-9.76028,2456714.5291519,-2.796132,0.469947,-6163.357048,0.527686,-11.423491,0.253631,-6161.674854,0.20945,-11.561593,0.254866,-8.87132,4.003273,2.839713,2.647001,0.476598,0.000282,0.214757,0.000302,0.298127,0.000399,0,6.471054,47.638463,0.018088,-6.3,277.6,2456714.52915,-25.691855,-25.69189,0.106,-9999999,1.214583,1.336072,0.395628,0.467611,0.484338,0.49,99.994,-8.893247,3.936751,2014-02-26T00:43:11.539,-9999999,K5,192.C-0852(A),Udry,-9999999,HARPS_ech_obs_all,HARPS_ech_obs_thosimult,STAR_WAVE_K0,7.42635294826641E-06,3.05981166939133E-07,0,0,0
GJ150.0,55.81192,-9.76028,2456714.5306998,-1.622057,0.474032,-6162.784631,0.53075,-10.249893,0.261124,-6161.105319,0.217056,-10.373313,0.262304,-13.142958,4.110051,2.283973,2.612175,0.476818,0.000293,0.214712,0.000314,0.297481,0.000414,0,6.471351,47.648528,0.016574,-6.3,267.2,2456714.5307,-25.694634,-25.694666,0.272,-9999999,1.214583,1.335596,0.395626,0.464729,0.484337,0.51,100.002,-13.174487,4.052581,2014-02-26T00:45:23.277,-9999999,K5,192.C-0852(A),Udry,-9999999,HARPS_ech_obs_all,HARPS_ech_obs_thosimult,STAR_WAVE_K0,7.01542491060691E-06,3.84914072946809E-07,0,0,0
GJ150.0,55.81192,-9.76028,2456714.5322128,-0.063587,0.471434,-6160.976464,0.528798,-8.691889,0.25638,-6159.299968,0.212241,-8.911434,0.257638,-6.57438,3.914364,2.357617,2.629034,0.475447,0.000283,0.215452,0.000305,0.297564,0.000402,0,6.471906,47.64458,0.015593,-6.3,274.9,2456714.53221,-25.697326,-25.697378,0.367,-9999999,1.214584,1.33513,0.395625,0.461912,0.484335,0.5,100.0012,-6.584782,3.867666,2014-02-26T00:47:35.016,-9999999,K5,192.C-0852(A),Udry,-9999999,HARPS_ech_obs_all,HARPS_ech_obs_thosimult,STAR_WAVE_K0,7.89790376787921E-06,3.94418453680898E-07,0,0,0
GJ150.0,55.81192,-9.76028,2456714.5337337,1.95984,0.456889,-6158.429515,0.518661,-6.66893,0.228538,-6156.755851,0.185553,-6.804919,0.230154,-6.856063,3.758872,1.337934,2.5358,0.475467,0.000246,0.214282,0.000265,0.297428,0.00035,0,6.470703,47.662196,0.015527,-6.3,315.9,2456714.53373,-25.700009,-25.700044,0.239,-9999999,1.214584,1.334661,0.395624,0.45908,0.484334,0.5,100.0014,-6.868029,3.724424,2014-02-26T00:49:46.434,-9999999,K5,192.C-0852(A),Udry,-9999999,HARPS_ech_obs_all,HARPS_ech_obs_thosimult,STAR_WAVE_K0,7.96305579903237E-06,4.30941382969962E-07,0,0,0
GJ150.0,55.81192,-9.76028,2456714.5352308,3.473752,0.455259,-6157.217237,0.518085,-5.155479,0.225263,-6155.546359,0.18394,-5.223695,0.226892,-9.827737,3.335473,1.234253,2.563725,0.476365,0.000247,0.215183,0.000264,0.297647,0.000348,0,6.469914,47.651819,0.015337,-6.3,317.3,2456714.53522,-25.702625,-25.702646,-0.01,-9999999,1.214585,1.3342,0.395622,0.456293,0.484332,0.48,100.0002,-9.846342,3.30471,2014-02-26T00:51:57.792,-9999999,K5,192.C-0852(A),Udry,-9999999,HARPS_ech_obs_all,HARPS_ech_obs_thosimult,STAR_WAVE_K0,7.28406672502825E-06,3.59925460478591E-07,0,0,0
GJ150.0,55.81192,-9.76028,2456714.5367525,3.099461,0.464148,-6157.45455,0.523608,-5.530239,0.24273,-6155.786506,0.19897,-5.584519,0.243998,-4.774598,3.869808,2.839028,2.553908,0.476069,0.000265,0.214831,0.000285,0.296825,0.000376,0,6.470482,47.645656,0.015655,-6.3,293.9,2456714.53675,-25.70526,-25.705305,0.177,-9999999,1.214585,1.333731,0.395621,0.453459,0.484331,0.48,100.0017,-4.819911,3.840274,2014-02-26T00:54:09.280,-9999999,K5,192.C-0852(A),Udry,-9999999,HARPS_ech_obs_all,HARPS_ech_obs_thosimult,STAR_WAVE_K0,7.37453554524396E-06,4.14414040877869E-07,0,0,0
GJ150.0,55.81192,-9.76028,2456714.5383016,2.363878,0.455677,-6158.314868,0.517964,-6.266299,0.226113,-6156.649707,0.183608,-6.411224,0.227531,-7.080275,3.592656,4.461314,2.5945,0.476237,0.000245,0.214702,0.000263,0.297254,0.000347,0,6.471981,47.633629,0.016113,-6.3,318.5,2456714.5383,-25.707917,-25.707957,0.007,-9999999,1.214586,1.333254,0.395619,0.450575,0.48433,0.5,99.9944,-7.101297,3.555751,2014-02-26T00:56:21.139,-9999999,K5,192.C-0852(A),Udry,-9999999,HARPS_ech_obs_all,HARPS_ech_obs_thosimult,STAR_WAVE_K0,7.59908158787595E-06,3.24424422062838E-07,0,0,0
GJ150.0,55.81192,-9.76028,2456714.5398253,-0.333317,0.458175,-6160.895179,0.519501,-8.963963,0.231107,-6159.232855,0.187902,-9.168237,0.23224,-9.804787,3.589459,3.760257,2.476084,0.475966,0.000248,0.21483,0.000267,0.297293,0.000353,0,6.47137,47.638417,0.018033,-6.3,313,2456714.53982,-25.710505,-25.710545,0.024,-9999999,1.214586,1.332785,0.395618,0.447738,0.484328,0.5,100.0013,-9.818216,3.532573,2014-02-26T00:58:32.787,-9999999,K5,192.C-0852(A),Udry,-9999999,HARPS_ech_obs_all,HARPS_ech_obs_thosimult,STAR_WAVE_K0,7.2667202559632E-06,3.59906911061304E-07,0,0,0
GJ150.0,55.81192,-9.76028,2456714.5413151,-1.974432,0.464318,-6162.856138,0.523764,-10.605537,0.243061,-6161.196587,0.199389,-10.678325,0.244224,-11.729831,3.955478,3.558371,2.573504,0.476515,0.000266,0.21457,0.000286,0.29764,0.000377,0,6.471475,47.643916,0.016862,-6.3,293.2,2456714.54131,-25.71301,-25.713048,0.204,-9999999,1.214587,1.332326,0.395617,0.444964,0.484327,0.47,99.9943,-11.755453,3.893997,2014-02-26T01:00:44.525,-9999999,K5,192.C-0852(A),Udry,-9999999,HARPS_ech_obs_all,HARPS_ech_obs_thosimult,STAR_WAVE_K0,7.36846323109362E-06,3.7032740040291E-07,0,0,0
GJ150.0,55.81192,-9.76028,2456715.5343993,0.490817,0.442328,-6160.643883,0.54049,-8.816376,0.167614,-6159.095186,0.124252,-8.863419,0.16928,-7.790912,3.387098,2.770649,2.126206,0.475744,0.00017,0.219036,0.000178,0.303087,0.000235,128,6.473409,47.652174,0.016507,-6.3,469,2456715.5344,-25.575222,-25.575267,0.521,-9999999,1.214906,0.656238,0.40934,0.333791,0.526014,0.52,100.0025,-7.801864,3.323541,2014-02-27T00:50:49.253,-9999999,K5,192.C-0852(A),Udry,-9999999,HARPS_ech_obs_all,HARPS_ech_obs_thosimult,STAR_WAVE_K0,7.18663821330874E-06,4.13221866279797E-07,0,0,0
GJ150.0,55.81192,-9.76028,2456715.5359129,1.417503,0.443382,-6159.822701,0.541346,-7.890157,0.17038,-6158.276821,0.127931,-8.017799,0.172186,-11.546324,3.234296,2.535558,2.155575,0.475294,0.000176,0.218803,0.000185,0.302843,0.000244,128,6.47262,47.659036,0.016967,-6.3,453.3,2456715.53591,-25.577798,-25.577839,0.467,-9999999,1.214907,0.655772,0.409339,0.330973,0.526013,0.51,100.0015,-11.562653,3.177719,2014-02-27T00:53:01.041,-9999999,K5,192.C-0852(A),Udry,-9999999,HARPS_ech_obs_all,HARPS_ech_obs_thosimult,STAR_WAVE_K0,6.96076153621112E-06,2.73827231346107E-07,0,0,0
GJ150.0,55.81192,-9.76028,2456715.5374243,1.556208,0.442617,-6159.600934,0.540637,-7.751917,0.168382,-6158.057868,0.124903,-7.845581,0.170044,-7.74319,3.267943,3.003389,2.112053,0.475539,0.000174,0.218757,0.000181,0.302697,0.000239,128,6.473679,47.65279,0.016667,-6.3,462.1,2456715.53742,-25.580346,-25.580388,0.617,-9999999,1.214907,0.655306,0.409338,0.328159,0.526011,0.5,99.9997,-7.745309,3.218189,2014-02-27T00:55:12.639,-9999999,K5,192.C-0852(A),Udry,-9999999,HARPS_ech_obs_all,HARPS_ech_obs_thosimult,STAR_WAVE_K0,7.16150287055097E-06,3.21952943738828E-07,0,0,0
GJ150.0,55.81192,-9.76028,2456715.5389569,1.475467,0.44404,-6159.769372,0.541637,-7.83313,0.17209,-6158.229159,0.129168,-7.922576,0.173794,-9.409983,3.628005,3.831162,2.206335,0.475208,0.000178,0.218985,0.000186,0.302614,0.000246,128,6.474458,47.644961,0.016212,-6.3,449.4,2456715.53896,-25.582903,-25.582949,0.569,-9999999,1.214908,0.654834,0.409336,0.325305,0.52601,0.51,100.0008,-9.419846,3.580021,2014-02-27T00:57:24.068,-9999999,K5,192.C-0852(A),Udry,-9999999,HARPS_ech_obs_all,HARPS_ech_obs_thosimult,STAR_WAVE_K0,6.99412090630521E-06,3.65776939871693E-07,0,0,0
GJ150.0,55.81192,-9.76028,2456715.5404598,1.97303,0.445211,-6159.092468,0.542305,-7.33603,0.175094,-6157.555053,0.131945,-7.427792,0.176352,-12.227299,3.208663,4.365413,2.171528,0.475198,0.000182,0.218974,0.00019,0.302938,0.000251,128,6.473189,47.644592,0.016997,-6.3,439.7,2456715.54045,-25.585385,-25.585407,0.652,-9999999,1.214908,0.654371,0.409335,0.322507,0.526009,0.49,100.0021,-12.246315,3.160359,2014-02-27T00:59:35.926,-9999999,K5,192.C-0852(A),Udry,-9999999,HARPS_ech_obs_all,HARPS_ech_obs_thosimult,STAR_WAVE_K0,6.76273933580453E-06,3.17973165384456E-07,0,0,0
GJ150.0,55.81192,-9.76028,2456715.5419899,1.404962,0.446319,-6159.881873,0.542958,-7.904569,0.177895,-6158.347306,0.13461,-7.999631,0.179221,-7.802376,3.537937,3.814407,2.103702,0.474673,0.000183,0.218527,0.000192,0.302738,0.000254,128,6.472759,47.653004,0.016438,-6.3,434.2,2456715.54199,-25.587886,-25.587936,0.388,-9999999,1.214909,0.6539,0.409334,0.319658,0.526007,0.49,100.0009,-7.83004,3.485192,2014-02-27T01:01:48.145,-9999999,K5,192.C-0852(A),Udry,-9999999,HARPS_ech_obs_all,HARPS_ech_obs_thosimult,STAR_WAVE_K0,-9999999,-9999999,-9999999,-9999999,-9999999
GJ150.0,55.81192,-9.76028,2456715.54353,2.171483,0.446489,-6159.074591,0.54315,-7.138523,0.178324,-6157.542892,0.135386,-7.237889,0.179557,-9.326784,3.26361,4.529644,2.18042,0.47474,0.000188,0.218782,0.000196,0.30274,0.000259,128,6.474295,47.642185,0.01673,-6.3,426.1,2456715.54353,-25.590376,-25.590417,0.388,-9999999,1.214909,0.653426,0.409332,0.31679,0.526006,0.5,100.0019,-9.336764,3.217399,2014-02-27T01:04:00.213,-9999999,K5,192.C-0852(A),Udry,-9999999,HARPS_ech_obs_all,HARPS_ech_obs_thosimult,STAR_WAVE_K0,7.06299088835049E-06,3.41791390636788E-07,0,0,0
GJ150.0,55.81192,-9.76028,2456715.5450512,2.402176,0.450787,-6158.586341,0.546145,-6.908298,0.188831,-6157.057473,0.146945,-6.983424,0.190192,-5.769801,3.179158,5.299076,2.301297,0.475311,0.000204,0.219309,0.000213,0.303083,0.000281,0,6.475282,47.634578,0.017076,-6.3,392.7,2456715.54504,-25.592808,-25.592835,0.711,-9999999,1.21491,0.652957,0.409331,0.313958,0.526005,0.5,100.0007,-5.790553,3.136034,2014-02-27T01:06:11.661,-9999999,K5,192.C-0852(A),Udry,-9999999,HARPS_ech_obs_all,HARPS_ech_obs_thosimult,STAR_WAVE_K0,7.95451176380713E-06,2.72581719566704E-07,0,0,0
GJ150.0,55.81192,-9.76028,2456715.5466078,2.578448,0.453714,-6158.742254,0.548238,-6.732506,0.195718,-6157.216285,0.154546,-6.863886,0.197096,-5.25639,3.321996,4.7442,2.37356,0.47559,0.000213,0.218913,0.000224,0.303295,0.000296,0,6.473949,47.632429,0.016276,-6.3,373.7,2456715.54661,-25.59527,-25.595318,0.544,-9999999,1.21491,0.652478,0.40933,0.311059,0.526004,0.53,100.0013,-5.278765,3.279405,2014-02-27T01:08:23.159,-9999999,K5,192.C-0852(A),Udry,-9999999,HARPS_ech_obs_all,HARPS_ech_obs_thosimult,STAR_WAVE_K0,6.86266590131357E-06,3.83174942574612E-07,0,0,0
GJ150.0,55.81192,-9.76028,2456716.5400055,-3.787257,0.578421,-6164.95382,0.426293,-13.558136,0.172907,-6163.563348,0.127777,-13.67926,0.17485,-4.308288,3.877388,0.758328,2.170848,0.475661,0.000173,0.219024,0.000182,0.303212,0.00024,128,6.471215,47.665556,0.017769,-6.3,459.7,2456716.53999,-25.45005,-25.450082,0.355,-9999999,1.21523,0.192552,0.551973,0.175242,0.406692,0.49,100.0012,-4.341405,3.78205,2014-02-28T00:59:03.949,-9999999,K5,192.C-0852(A),Udry,-9999999,HARPS_ech_obs_all,HARPS_ech_obs_thosimult,STAR_WAVE_K0,7.26742088293247E-06,3.28118231595132E-07,0,0,0
GJ150.0,55.81192,-9.76028,2456716.5415218,-2.985336,0.579169,-6164.451887,0.426889,-12.756682,0.175395,-6163.064238,0.129757,-12.78839,0.177227,-8.077757,3.667737,1.410649,2.246014,0.476028,0.000173,0.218643,0.000183,0.303774,0.000242,128,6.471077,47.663178,0.016342,-6.3,456.3,2456716.54151,-25.452475,-25.452499,0.305,-9999999,1.21523,0.192085,0.551972,0.172419,0.40669,0.48,100.0013,-8.0933,3.571584,2014-02-28T01:01:15.967,-9999999,K5,192.C-0852(A),Udry,-9999999,HARPS_ech_obs_all,HARPS_ech_obs_thosimult,STAR_WAVE_K0,7.22913828387567E-06,3.37577576471744E-07,0,0,0
GJ150.0,55.81192,-9.76028,2456716.5430696,-1.770121,0.582284,-6162.87742,0.430563,-11.541944,0.185425,-6161.492652,0.141381,-11.659427,0.187036,-7.890659,3.944497,1.029846,2.275388,0.476076,0.000188,0.219157,0.0002,0.303721,0.000264,128,6.469966,47.663472,0.016263,-6.3,418,2456716.54306,-25.454923,-25.454945,0.023,-9999999,1.215231,0.191608,0.551971,0.169537,0.406689,0.5,99.9948,-7.904457,3.867481,2014-02-28T01:03:27.706,-9999999,K5,192.C-0852(A),Udry,-9999999,HARPS_ech_obs_all,HARPS_ech_obs_thosimult,STAR_WAVE_K0,7.63267800584408E-06,4.73259865351486E-07,0,0,0
GJ150.0,55.81192,-9.76028,2456716.5446072,0.781447,0.5821,-6160.426285,0.430545,-8.99085,0.18485,-6159.04438,0.141331,-9.121682,0.186518,-9.293845,3.549292,1.312702,2.197135,0.476116,0.00019,0.218922,0.000201,0.30369,0.000265,128,6.471475,47.662573,0.016619,-6.3,415.7,2456716.5446,-25.457327,-25.457364,0.278,-9999999,1.215231,0.191135,0.55197,0.166674,0.406687,0.52,100.0017,-9.300971,3.491244,2014-02-28T01:05:38.564,-9999999,K5,192.C-0852(A),Udry,-9999999,HARPS_ech_obs_all,HARPS_ech_obs_thosimult,STAR_WAVE_K0,7.72324646097433E-06,2.96888134538893E-07,0,0,0
GJ150.0,55.81192,-9.76028,2456716.5461345,3.173908,0.583868,-6157.911632,0.432553,-6.598859,0.190347,-6156.53257,0.147338,-6.634204,0.192115,-2.180318,3.872152,0.36802,2.202491,0.475979,0.000198,0.218983,0.00021,0.304341,0.000277,0,6.469627,47.665691,0.01806,-6.3,398.8,2456716.54613,-25.459687,-25.459718,-0.079,-9999999,1.215232,0.190664,0.551969,0.16383,0.406686,0.52,100.0014,-2.203039,3.830577,2014-02-28T01:07:50.532,-9999999,K5,192.C-0852(A),Udry,-9999999,HARPS_ech_obs_all,HARPS_ech_obs_thosimult,STAR_WAVE_K0,7.37455380609175E-06,3.16630458103812E-07,0,0,0
GJ150.0,55.81192,-9.76028,2456716.5476345,6.346851,0.584256,-6154.818595,0.432222,-3.426378,0.191537,-6153.442326,0.14637,-3.565293,0.1932,-7.272672,3.693736,1.802733,2.235946,0.476215,0.000192,0.219076,0.000206,0.303652,0.000272,128,6.470757,47.660692,0.016789,-6.3,406.2,2456716.54763,-25.461978,-25.462028,0.041,-9999999,1.215232,0.190202,0.551968,0.161037,0.406684,0.5,100.001,-7.289375,3.676768,2014-02-28T01:10:02.151,-9999999,K5,192.C-0852(A),Udry,-9999999,HARPS_ech_obs_all,HARPS_ech_obs_thosimult,STAR_WAVE_K0,6.97712562167345E-06,2.62734544960151E-07,0,0,0
GJ150.0,55.81192,-9.76028,2456716.5491697,7.764671,0.579508,-6153.50471,0.427415,-2.009031,0.176527,-6152.131299,0.131503,-2.096788,0.178327,-10.443262,3.344542,1.411784,2.105697,0.476023,0.000177,0.218749,0.000186,0.303829,0.000246,128,6.470889,47.662339,0.015874,-6.3,448.3,2456716.54916,-25.464296,-25.464327,0.139,-9999999,1.215233,0.189729,0.551967,0.158178,0.406683,0.51,100.0013,-10.470767,3.336844,2014-02-28T01:12:13.799,-9999999,K5,192.C-0852(A),Udry,-9999999,HARPS_ech_obs_all,HARPS_ech_obs_thosimult,STAR_WAVE_K0,7.07071521201329E-06,3.43866630143681E-07,0,0,0
GJ150.0,55.81192,-9.76028,2456716.5506934,7.288749,0.579059,-6153.910802,0.426659,-2.485422,0.17505,-6152.540228,0.129029,-2.590619,0.176739,-12.414684,3.70551,2.021236,2.186359,0.475507,0.000172,0.21908,0.000182,0.303944,0.00024,128,6.470873,47.658034,0.015997,-6.3,459.6,2456716.55069,-25.466567,-25.466598,0.067,-9999999,1.215233,0.18926,0.551966,0.155341,0.406681,0.51,100.0009,-12.42956,3.694268,2014-02-28T01:14:25.457,-9999999,K5,192.C-0852(A),Udry,-9999999,HARPS_ech_obs_all,HARPS_ech_obs_thosimult,STAR_WAVE_K0,6.94239970850835E-06,3.73645035251123E-07,0,0,0
GJ150.0,55.81192,-9.76028,2456716.5522093,4.899206,0.578754,-6156.29948,0.426401,-4.875432,0.174042,-6154.931727,0.128178,-4.97211,0.175623,-11.710826,3.637162,3.589319,2.149672,0.475279,0.000171,0.219178,0.000181,0.303623,0.000239,128,6.47191,47.647829,0.015674,-6.3,461.6,2456716.5522,-25.468799,-25.468842,0.086,-9999999,1.215234,0.188793,0.551965,0.152519,0.40668,0.5,100.0015,-11.738421,3.60755,2014-02-28T01:16:37.445,-9999999,K5,192.C-0852(A),Udry,-9999999,HARPS_ech_obs_all,HARPS_ech_obs_thosimult,STAR_WAVE_K0,6.6944270884757E-06,3.35662613736097E-07,0,0,0
GJ150.0,55.81192,-9.76028,2456717.5335938,4.523346,0.481795,-6157.270234,0.653124,-5.41962,0.198949,-6155.874415,0.158226,-5.47915,0.200554,-8.820122,3.789521,2.287817,2.268964,0.476987,0.000223,0.218822,0.000233,0.30288,0.000307,0,6.473044,47.653358,0.015857,-6.3,360.1,2456717.53359,-25.296772,-25.296819,-0.144,-9999999,1.21555,0.020465,0.438801,0.180269,0.633669,0.49,99.9933,-8.853568,3.755711,2014-03-01T00:49:57.166,-9999999,K5,192.C-0852(A),Udry,-9999999,HARPS_ech_obs_all,HARPS_ech_obs_thosimult,STAR_WAVE_K0,7.36939628355266E-06,3.96381518192796E-07,0,0,0
GJ150.0,55.81192,-9.76028,2456717.535129,1.983031,0.479252,-6159.335268,0.651693,-7.960408,0.192712,-6157.942308,0.152216,-8.090146,0.194749,-5.328591,4.075343,1.218015,2.266815,0.476902,0.000215,0.218745,0.000224,0.30303,0.000296,0,6.471951,47.65528,0.016447,-6.3,373.6,2456717.53512,-25.299277,-25.299304,0.121,-9999999,1.21555,0.019992,0.438799,0.17741,0.633667,0.5,100.0026,-5.355441,4.031317,2014-03-01T00:52:08.814,-9999999,K5,192.C-0852(A),Udry,-9999999,HARPS_ech_obs_all,HARPS_ech_obs_thosimult,STAR_WAVE_K0,7.51509342470538E-06,3.3447447181713E-07,0,0,0
GJ150.0,55.81192,-9.76028,2456717.5366676,-0.616969,0.479251,-6162.164871,0.651757,-10.560882,0.192712,-6160.774775,0.152492,-10.66134,0.194398,-6.942365,4.063277,2.300607,2.274098,0.477244,0.000216,0.218401,0.000224,0.302839,0.000296,0,6.472565,47.653474,0.017975,-6.3,373.2,2456717.53666,-25.301761,-25.301782,0,-9999999,1.215551,0.019518,0.438798,0.174545,0.633666,0.51,100.0015,-6.959033,3.999642,2014-03-01T00:54:20.762,-9999999,K5,192.C-0852(A),Udry,-9999999,HARPS_ech_obs_all,HARPS_ech_obs_thosimult,STAR_WAVE_K0,7.19268999537371E-06,3.48331295615422E-07,0,0,0
GJ150.0,55.81192,-9.76028,2456717.5381921,-2.291286,0.479623,-6163.646018,0.652002,-12.235668,0.193638,-6162.25876,0.153542,-12.362363,0.1954,-5.953876,4.292327,1.725341,2.315216,0.476646,0.000217,0.218564,0.000226,0.302674,0.000298,0,6.473187,47.656035,0.019162,-6.3,370.4,2456717.53819,-25.304196,-25.304234,-0.132,-9999999,1.215551,0.019049,0.438797,0.171707,0.633665,0.51,100.0011,-5.962721,4.228868,2014-03-01T00:56:32.491,-9999999,K5,192.C-0852(A),Udry,-9999999,HARPS_ech_obs_all,HARPS_ech_obs_thosimult,STAR_WAVE_K0,7.55783371840699E-06,4.24493093575811E-07,0,0,0
GJ150.0,55.81192,-9.76028,2456717.5397081,-2.923279,0.482227,-6164.410598,0.653535,-12.868128,0.200004,-6163.026162,0.159932,-12.981148,0.201752,-3.242962,3.960684,2.131904,2.33536,0.476947,0.000226,0.218288,0.000235,0.303366,0.000311,0,6.474259,47.653672,0.017876,-6.3,355.6,2456717.5397,-25.30659,-25.306622,-0.339,-9999999,1.215552,0.018582,0.438796,0.168884,0.633664,0.5,100.0012,-3.269312,3.882563,2014-03-01T00:58:44.479,-9999999,K5,192.C-0852(A),Udry,-9999999,HARPS_ech_obs_all,HARPS_ech_obs_thosimult,STAR_WAVE_K0,7.33632921959123E-06,3.61381603899617E-07,0,0,0
GJ150.0,55.81192,-9.76028,2456717.5412114,-1.16107,0.486697,-6162.598753,0.65593,-11.106382,0.210554,-6161.217116,0.169455,-11.160072,0.212074,-4.669913,3.808515,2.533106,2.356453,0.476649,0.000238,0.218533,0.000249,0.302806,0.000328,0,6.472921,47.651717,0.018562,-6.3,336.6,2456717.54121,-25.308938,-25.308984,0.01,-9999999,1.215552,0.018119,0.438794,0.166085,0.633663,0.48,100.0012,-4.693774,3.737486,2014-03-01T01:00:56.377,-9999999,K5,192.C-0852(A),Udry,-9999999,HARPS_ech_obs_all,HARPS_ech_obs_thosimult,STAR_WAVE_K0,7.10347743382056E-06,3.19397677168813E-07,0,0,0
GJ150.0,55.81192,-9.76028,2456717.5427558,1.028717,0.482003,-6160.381869,0.6533,-8.917071,0.199468,-6159.003107,0.158974,-8.998688,0.201069,-5.916157,3.711808,2.556286,2.30758,0.477191,0.000222,0.217986,0.000231,0.302689,0.000306,0,6.473599,47.651467,0.017352,-6.3,360.8,2456717.54275,-25.311322,-25.311354,-0.034,-9999999,1.215553,0.017643,0.438793,0.163209,0.633662,0.5,100.0005,-5.958695,3.654818,2014-03-01T01:03:07.825,-9999999,K5,192.C-0852(A),Udry,-9999999,HARPS_ech_obs_all,HARPS_ech_obs_thosimult,STAR_WAVE_K0,6.89536704581746E-06,4.12412549927294E-07,0,0,0
GJ150.0,55.81192,-9.76028,2456717.5442795,3.190179,0.479298,-6158.339201,0.651737,-6.756078,0.192843,-6156.963276,0.152429,-6.827559,0.194348,-7.320472,4.01091,3.38208,2.254597,0.477063,0.000213,0.218355,0.000222,0.302787,0.000294,0,6.474,47.643914,0.016681,-6.3,375.9,2456717.54427,-25.313647,-25.313678,0.035,-9999999,1.215553,0.017174,0.438792,0.160372,0.633661,0.5,100.0012,-7.349771,3.972767,2014-03-01T01:05:19.484,-9999999,K5,192.C-0852(A),Udry,-9999999,HARPS_ech_obs_all,HARPS_ech_obs_thosimult,STAR_WAVE_K0,7.0703728479735E-06,3.14836471879947E-07,0,0,0
GJ150.0,55.81192,-9.76028,2456717.5458731,5.016412,0.489633,-6156.726333,0.657767,-4.930336,0.217263,-6155.353374,0.176443,-4.986522,0.218524,-6.639295,3.879749,4.810993,2.43484,0.477311,0.00025,0.218888,0.00026,0.302763,0.000343,0,6.474173,47.630956,0.015981,-6.3,322,2456717.54587,-25.316049,-25.316097,-0.187,-9999999,1.215554,0.016683,0.438791,0.157405,0.63366,0.56,100.0003,-6.659678,3.854223,2014-03-01T01:07:31.182,-9999999,K5,192.C-0852(A),Udry,-9999999,HARPS_ech_obs_all,HARPS_ech_obs_thosimult,STAR_WAVE_K0,7.42038229250435E-06,4.14473679380846E-07,0,0,0
GJ150.0,55.81192,-9.76028,2456718.5372445,1.363865,0.500292,-6160.350722,0.611497,-7.468463,0.254535,-6157.643144,0.210973,-7.618112,0.25583,-5.479728,4.347757,1.831309,2.473209,0.475891,0.000282,0.215105,0.000304,0.302975,0.000399,0,6.471381,47.647075,0.017718,-6.3,276.5,2456718.53724,-25.151487,-25.151518,0.202,-9999999,1.215873,1.131103,0.430702,1.491705,0.57395,0.51,100.0023,-5.510857,4.311948,2014-03-02T00:55:17.797,-9999999,K5,192.C-0852(A),Udry,-9999999,HARPS_ech_obs_all,HARPS_ech_obs_thosimult,STAR_WAVE_K0,7.3427188757244E-06,3.47937341234834E-07,0,0,0
GJ150.0,55.81192,-9.76028,2456718.5387917,3.27745,0.498888,-6158.657213,0.610435,-5.555355,0.251767,-6155.952516,0.207879,-5.702097,0.253146,-8.07254,3.764066,2.304774,2.528029,0.476684,0.00028,0.214195,0.000299,0.303561,0.000395,0,6.470347,47.650696,0.016782,-6.3,279.8,2456718.53879,-25.153885,-25.153933,0.354,-9999999,1.215873,1.130626,0.4307,1.488824,0.573949,0.53,100.0023,-8.084255,3.736133,2014-03-02T00:57:29.485,-9999999,K5,192.C-0852(A),Udry,-9999999,HARPS_ech_obs_all,HARPS_ech_obs_thosimult,STAR_WAVE_K0,7.65125062883013E-06,3.80996474256068E-07,0,0,0
GJ150.0,55.81192,-9.76028,2456718.540281,4.299785,0.499661,-6157.363908,0.61092,-4.533479,0.253297,-6154.661983,0.209302,-4.70121,0.254441,-11.465833,3.7009,3.9179,2.584784,0.476097,0.000277,0.2141,0.000298,0.30313,0.000393,0,6.472459,47.636165,0.016864,-6.3,280.6,2456718.54028,-25.156165,-25.156212,0.442,-9999999,1.215874,1.130168,0.430699,1.486051,0.573948,0.5,100.0013,-11.481309,3.679718,2014-03-02T00:59:41.173,-9999999,K5,192.C-0852(A),Udry,-9999999,HARPS_ech_obs_all,HARPS_ech_obs_thosimult,STAR_WAVE_K0,6.54198424893383E-06,4.29976695507071E-07,0,0,0
GJ150.0,55.81192,-9.76028,2456718.5418074,4.856744,0.496406,-6156.909698,0.608612,-3.97699,0.246817,-6154.210615,0.202468,-4.137868,0.248125,-11.770561,3.458098,3.287127,2.512316,0.476653,0.000268,0.214132,0.000289,0.303474,0.000381,0,6.473215,47.646286,0.017108,-6.3,289.9,2456718.54181,-25.158476,-25.158518,0.365,-9999999,1.215874,1.129698,0.430698,1.483209,0.573947,0.5,100.001,-11.783746,3.440238,2014-03-02T01:01:53.062,-9999999,K5,192.C-0852(A),Udry,-9999999,HARPS_ech_obs_all,HARPS_ech_obs_thosimult,STAR_WAVE_K0,6.72238227654506E-06,3.7613535765676E-07,0,0,0
GJ150.0,55.81192,-9.76028,2456718.5433165,4.385693,0.490525,-6157.668575,0.605002,-4.448506,0.234767,-6154.972301,0.191349,-4.603124,0.236186,-8.441559,3.957004,4.047178,2.603723,0.47595,0.000252,0.214025,0.000272,0.304562,0.000359,0,6.47112,47.643916,0.016573,-6.3,307.8,2456718.54331,-25.160733,-25.16078,0.402,-9999999,1.215875,1.129233,0.430697,1.480399,0.573945,0.49,100.0014,-8.453351,3.938388,2014-03-02T01:04:04.460,-9999999,K5,192.C-0852(A),Udry,-9999999,HARPS_ech_obs_all,HARPS_ech_obs_thosimult,STAR_WAVE_K0,7.11706113958749E-06,3.67705702109515E-07,0,0,0
GJ150.0,55.81192,-9.76028,2456718.5448444,3.5195,0.49283,-6158.153444,0.605969,-5.315169,0.239548,-6155.460015,0.194387,-5.436547,0.24086,-9.975386,3.757547,4.689267,2.550751,0.476361,0.000255,0.214427,0.000276,0.303685,0.000363,0,6.474018,47.632875,0.016752,-6.3,303.8,2456718.54484,-25.16299,-25.16303,0.493,-9999999,1.215875,1.128762,0.430696,1.477554,0.573944,0.49,100.0007,-9.984061,3.732475,2014-03-02T01:06:16.478,-9999999,K5,192.C-0852(A),Udry,-9999999,HARPS_ech_obs_all,HARPS_ech_obs_thosimult,STAR_WAVE_K0,7.08354509650111E-06,3.02320498697092E-07,0,0,0
GJ150.0,55.81192,-9.76028,2456718.5463836,2.488298,0.497166,-6159.317432,0.609281,-6.346845,0.248347,-6156.626868,0.204482,-6.427499,0.249394,-7.042849,3.508127,5.357323,2.582159,0.476228,0.00027,0.214322,0.000291,0.303408,0.000383,0,6.473302,47.624616,0.017202,-6.3,287.9,2456718.54638,-25.165235,-25.165268,0.231,-9999999,1.215876,1.128288,0.430694,1.474688,0.573943,0.5,100.0015,-7.055956,3.471939,2014-03-02T01:08:28.477,-9999999,K5,192.C-0852(A),Udry,-9999999,HARPS_ech_obs_all,HARPS_ech_obs_thosimult,STAR_WAVE_K0,6.94170799538016E-06,4.97400075766595E-07,0,0,0
GJ150.0,55.81192,-9.76028,2456718.5479095,0.35037,0.494423,-6161.397122,0.607535,-8.485243,0.242812,-6158.709399,0.199222,-8.538007,0.24394,-7.613671,3.654736,4.048694,2.571403,0.476365,0.000263,0.214616,0.000284,0.303434,0.000374,0,6.471803,47.639918,0.018543,-6.3,295.1,2456718.54791,-25.167432,-25.16748,0.056,-9999999,1.215876,1.127818,0.430693,1.471847,0.573942,0.5,100.0018,-7.632231,3.600098,2014-03-02T01:10:40.325,-9999999,K5,192.C-0852(A),Udry,-9999999,HARPS_ech_obs_all,HARPS_ech_obs_thosimult,STAR_WAVE_K0,7.16945363045628E-06,4.19261490920498E-07,0,0,0
GJ150.0,55.81192,-9.76028,2456718.5494311,-0.256145,0.501612,-6162.163165,0.611877,-9.092227,0.257137,-6159.478274,0.212097,-9.22823,0.258452,-6.481493,3.747739,3.073704,2.524076,0.476289,0.000279,0.214655,0.000302,0.303468,0.000398,0,6.472294,47.639759,0.016832,-6.3,277.3,2456718.54942,-25.169594,-25.169627,0.361,-9999999,1.215877,1.127349,0.430692,1.469014,0.573941,0.5,100.0008,-6.51046,3.695117,2014-03-02T01:12:51.803,-9999999,K5,192.C-0852(A),Udry,-9999999,HARPS_ech_obs_all,HARPS_ech_obs_thosimult,STAR_WAVE_K0,6.79072181557411E-06,4.03620952531983E-07,0,0,0
GJ150.0,55.81192,-9.76028,2456719.5340379,2.313946,0.514175,-6159.437614,0.578901,-7.931855,0.221699,-6158.10764,0.179799,-7.998962,0.222915,-9.272324,3.416805,2.509437,2.364758,0.480656,0.000253,0.210438,0.000264,0.294041,0.000349,0,6.472552,47.646342,0.017229,-6.3,316.5,2456719.53403,-24.987208,-24.987246,0.293,-9999999,1.216194,-0.28237,0.463924,0.11378,0.550272,0.5,100.0001,-9.292552,3.368182,2014-03-03T00:50:48.863,-9999999,K5,192.C-0852(A),Udry,-9999999,HARPS_ech_obs_all,HARPS_ech_obs_thosimult,STAR_WAVE_K0,7.46437411565607E-06,3.63481661969482E-07,0,0,0
GJ150.0,55.81192,-9.76028,2456719.5355665,1.922067,0.516597,-6159.607322,0.580173,-8.324205,0.227263,-6158.280194,0.183857,-8.419924,0.228515,-9.09369,3.354277,2.831418,2.51534,0.480872,0.000254,0.210855,0.000268,0.29414,0.000354,0,6.473368,47.639031,0.016341,-6.3,312.4,2456719.53556,-24.989572,-24.989601,0.36,-9999999,1.216194,-0.282841,0.463923,0.110934,0.55027,0.5,100.0018,-9.117533,3.302896,2014-03-03T00:53:00.941,-9999999,K5,192.C-0852(A),Udry,-9999999,HARPS_ech_obs_all,HARPS_ech_obs_thosimult,STAR_WAVE_K0,7.40928054706652E-06,3.32336736434337E-07,0,0,0
GJ150.0,55.81192,-9.76028,2456719.5370873,0.720451,0.513252,-6160.698138,0.577929,-9.52629,0.219555,-6159.373841,0.176652,-9.703219,0.220985,-10.518978,3.534116,1.730122,2.433264,0.480852,0.000243,0.210725,0.000256,0.293542,0.000338,0,6.471938,47.649482,0.015854,-6.3,326.3,2456719.53708,-24.991896,-24.991948,0.269,-9999999,1.216195,-0.283309,0.463921,0.108102,0.550269,0.5,100.0023,-10.536687,3.474248,2014-03-03T00:55:12.349,-9999999,K5,192.C-0852(A),Udry,-9999999,HARPS_ech_obs_all,HARPS_ech_obs_thosimult,STAR_WAVE_K0,7.14956954648985E-06,3.31626086702462E-07,0,0,0
GJ150.0,55.81192,-9.76028,2456719.538601,-0.083644,0.509768,-6161.462317,0.575403,-10.330851,0.211286,-6160.140838,0.168206,-10.449256,0.212547,-10.741158,3.555676,2.051332,2.288929,0.480666,0.000231,0.210786,0.000243,0.294099,0.000322,0,6.472166,47.647302,0.016859,-6.3,343.6,2456719.5386,-24.994182,-24.994231,0.247,-9999999,1.216195,-0.283776,0.46392,0.105284,0.550268,0.49,99.9944,-10.755694,3.491508,2014-03-03T00:57:24.148,-9999999,K5,192.C-0852(A),Udry,-9999999,HARPS_ech_obs_all,HARPS_ech_obs_thosimult,STAR_WAVE_K0,7.22373513185934E-06,3.16052604155667E-07,0,0,0
GJ150.0,55.81192,-9.76028,2456719.5401217,-1.181683,0.510624,-6162.479014,0.576261,-11.429358,0.213345,-6161.160366,0.171123,-11.5572,0.214748,-11.428465,3.845917,2.366555,2.351652,0.480989,0.000236,0.210191,0.000248,0.293128,0.000328,0,6.472944,47.647379,0.017259,-6.3,336.4,2456719.54012,-24.996452,-24.996487,0.154,-9999999,1.216196,-0.284244,0.463919,0.102452,0.550267,0.49,100.0008,-11.419521,3.777202,2014-03-03T00:59:35.546,-9999999,K5,192.C-0852(A),Udry,-9999999,HARPS_ech_obs_all,HARPS_ech_obs_thosimult,STAR_WAVE_K0,7.59433793893945E-06,3.84459376786561E-07,0,0,0
GJ150.0,55.81192,-9.76028,2456719.5416766,-0.314691,0.509432,-6162.161717,0.574994,-10.562845,0.210478,-6160.845964,0.166812,-10.640494,0.211817,-10.663758,3.620075,2.314273,2.420207,0.480185,0.000227,0.210152,0.000239,0.293159,0.000316,0,6.472795,47.647226,0.017021,-6.3,348.5,2456719.54167,-24.998743,-24.998784,0.14,-9999999,1.216196,-0.284723,0.463918,0.099557,0.550266,0.5,100.002,-10.670902,3.552235,2014-03-03T01:01:48.904,-9999999,K5,192.C-0852(A),Udry,-9999999,HARPS_ech_obs_all,HARPS_ech_obs_thosimult,STAR_WAVE_K0,7.10472275923053E-06,4.36029880116639E-07,0,0,0
GJ150.0,55.81192,-9.76028,2456719.5431988,0.726028,0.505359,-6160.869081,0.572113,-9.522595,0.200422,-6159.556161,0.156597,-9.644241,0.2017,-11.134773,3.573295,3.625087,2.323323,0.480077,0.000213,0.210089,0.000224,0.293312,0.000297,0,6.475416,47.640489,0.016461,-6.3,371.9,2456719.54319,-25.000958,-25.001,-0.023,-9999999,1.216197,-0.285192,0.463917,0.096723,0.550264,0.5,100.0015,-11.154039,3.510762,2014-03-03T01:04:00.432,-9999999,K5,192.C-0852(A),Udry,-9999999,HARPS_ech_obs_all,HARPS_ech_obs_thosimult,STAR_WAVE_K0,6.81538749153601E-06,2.87084344539582E-07,0,0,0
GJ150.0,55.81192,-9.76028,2456719.5447274,2.370794,0.5069,-6159.336117,0.573182,-7.8783,0.20428,-6158.026043,0.160462,-8.018158,0.205686,-11.275661,3.743258,2.791892,2.368455,0.475332,0.000217,0.209766,0.000229,0.293261,0.000304,0,6.473242,47.646969,0.016738,-6.3,363,2456719.54472,-25.003154,-25.003207,0.328,-9999999,1.216197,-0.285663,0.463916,0.093877,0.550263,0.5,100.0028,-11.296057,3.698271,2014-03-03T01:06:12.511,-9999999,K5,192.C-0852(A),Udry,-9999999,HARPS_ech_obs_all,HARPS_ech_obs_thosimult,STAR_WAVE_K0,7.05665996858969E-06,3.44267001869898E-07,0,0,0
GJ150.0,55.81192,-9.76028,2456719.5462466,3.760218,0.507334,-6157.878228,0.57372,-6.489344,0.205355,-6156.570982,0.162377,-6.614525,0.206557,-14.030113,3.767921,3.132081,2.354784,0.474687,0.000224,0.210304,0.000235,0.293212,0.000311,0,6.473893,47.643979,0.01719,-6.3,355.4,2456719.54624,-25.005307,-25.005349,0.059,-9999999,1.216198,-0.286131,0.463914,0.091048,0.550262,0.5,100.0014,-14.019235,3.733547,2014-03-03T01:08:23.779,-9999999,K5,192.C-0852(A),Udry,-9999999,HARPS_ech_obs_all,HARPS_ech_obs_thosimult,STAR_WAVE_K0,7.14248225340252E-06,3.77120996575463E-07,0,0,0
GJ150.0,55.81192,-9.76028,2456724.5005001,3.153723,0.516133,-6158.869898,0.583092,-6.912476,0.18232,-6157.328899,0.139841,-6.987263,0.183797,-0.991651,3.684485,3.440298,2.285886,0.475885,0.000195,0.214333,0.000204,0.3029,0.000268,128,6.474151,47.646292,0.015782,-6.3,412,2456724.50049,-24.024557,-24.024612,0.521,-9999999,1.217792,-0.102768,0.482859,0.323207,0.566075,0.51,100.001,-1.004057,3.644105,2014-03-08T00:03:04.904,-9999999,K5,192.C-0852(A),Udry,-9999999,HARPS_ech_obs_all,HARPS_ech_obs_thosimult,STAR_WAVE_K0,7.56818365651856E-06,3.12038802145693E-07,0,0,0
GJ150.0,55.81192,-9.76028,2456724.5020144,2.70201,0.517,-6159.568676,0.583514,-7.364655,0.184765,-6158.030496,0.141596,-7.425979,0.186219,-1.92222,3.396124,3.414744,2.323992,0.476291,0.000193,0.214308,0.000204,0.302354,0.000268,128,6.473275,47.644999,0.016203,-6.3,410.8,2456724.50201,-24.027167,-24.027217,0.748,-9999999,1.217793,-0.103234,0.482858,0.320387,0.566073,0.5,100.002,-1.923969,3.353855,2014-03-08T00:05:16.753,-9999999,K5,192.C-0852(A),Udry,-9999999,HARPS_ech_obs_all,HARPS_ech_obs_thosimult,STAR_WAVE_K0,6.93104181140407E-06,2.98910418017505E-07,0,0,0
GJ150.0,55.81192,-9.76028,2456724.5035435,2.092984,0.517928,-6159.940639,0.584283,-7.974152,0.187349,-6158.405306,0.14474,-8.065751,0.188657,-4.836377,3.445927,3.217894,2.275367,0.476345,0.000194,0.214341,0.000206,0.302378,0.000271,128,6.472065,47.650521,0.015852,-6.3,406.4,2456724.50353,-24.029779,-24.029841,0.785,-9999999,1.217793,-0.103705,0.482856,0.31754,0.566072,0.5,100.0014,-4.845376,3.399039,2014-03-08T00:07:28.871,-9999999,K5,192.C-0852(A),Udry,-9999999,HARPS_ech_obs_all,HARPS_ech_obs_thosimult,STAR_WAVE_K0,7.49059433619349E-06,3.73032297570901E-07,0,0,0
GJ150.0,55.81192,-9.76028,2456724.5050801,1.451555,0.518117,-6160.828718,0.584149,-8.616055,0.187874,-6159.296245,0.144203,-8.751708,0.189715,-3.273686,3.477434,1.612445,2.332799,0.475675,0.000191,0.214374,0.000204,0.302604,0.000269,128,6.471171,47.657778,0.016936,-6.3,409.9,2456724.50507,-24.032379,-24.032437,0.837,-9999999,1.217794,-0.104178,0.482855,0.314679,0.56607,0.51,100.0017,-3.27784,3.429111,2014-03-08T00:09:40.649,-9999999,K5,192.C-0852(A),Udry,-9999999,HARPS_ech_obs_all,HARPS_ech_obs_thosimult,STAR_WAVE_K0,7.9292385135027E-06,2.61061893368509E-07,0,0,0
GJ150.0,55.81192,-9.76028,2456724.5065918,0.815508,0.518085,-6161.360014,0.58398,-9.252567,0.18779,-6159.830356,0.143523,-9.330978,0.189407,-0.944535,3.646132,1.025841,2.334004,0.475833,0.000188,0.214028,0.000202,0.303445,0.000266,128,6.469731,47.665635,0.01708,-6.3,414.8,2456724.50659,-24.034912,-24.03497,0.545,-9999999,1.217794,-0.104644,0.482853,0.311864,0.566069,0.5,100.0012,-0.9628,3.594478,2014-03-08T00:11:52.268,-9999999,K5,192.C-0852(A),Udry,-9999999,HARPS_ech_obs_all,HARPS_ech_obs_thosimult,STAR_WAVE_K0,-9999999,-9999999,-9999999,-9999999,-9999999
GJ150.0,55.81192,-9.76028,2456724.5081117,0.76938,0.518915,-6161.28261,0.584921,-9.299163,0.19007,-6159.755781,0.147312,-9.384795,0.191749,-2.268833,3.303304,0.694234,2.318994,0.476477,0.000196,0.214617,0.000209,0.303352,0.000275,128,6.470468,47.664099,0.017354,-6.3,400.7,2456724.5081,-24.037435,-24.037501,0.596,-9999999,1.217795,-0.105112,0.482852,0.309034,0.566067,0.5,100.0015,-2.273515,3.24089,2014-03-08T00:14:03.596,-9999999,K5,192.C-0852(A),Udry,-9999999,HARPS_ech_obs_all,HARPS_ech_obs_thosimult,STAR_WAVE_K0,7.40583122186438E-06,3.46853431656042E-07,0,0,0
GJ150.0,55.81192,-9.76028,2456724.5096226,1.163797,0.522295,-6161.039429,0.586999,-8.905212,0.199115,-6159.515413,0.155362,-9.025801,0.200826,-3.184248,3.485425,0.693862,2.451873,0.476062,0.000204,0.213961,0.000219,0.303003,0.000288,0,6.469274,47.661506,0.017476,-6.3,381.8,2456724.50962,-24.039918,-24.039985,0.487,-9999999,1.217795,-0.105577,0.482851,0.306221,0.566066,0.49,100.0008,-3.183188,3.436014,2014-03-08T00:16:15.154,-9999999,K5,192.C-0852(A),Udry,-9999999,HARPS_ech_obs_all,HARPS_ech_obs_thosimult,STAR_WAVE_K0,7.10584499081285E-06,3.25607145854365E-07,0,0,0
GJ150.0,55.81192,-9.76028,2456724.5111553,1.621334,0.519781,-6160.26549,0.58476,-8.448147,0.192427,-6158.744328,0.146679,-8.553303,0.193963,-2.737343,3.718009,2.832336,2.359599,0.476261,0.000191,0.214702,0.000206,0.303397,0.000271,128,6.472027,47.648713,0.016875,-6.3,406.8,2456724.51115,-24.042412,-24.042462,0.523,-9999999,1.217795,-0.106049,0.482849,0.303367,0.566065,0.5,100.0004,-2.756267,3.671828,2014-03-08T00:18:26.582,-9999999,K5,192.C-0852(A),Udry,-9999999,HARPS_ech_obs_all,HARPS_ech_obs_thosimult,STAR_WAVE_K0,7.76251521395112E-06,3.32411673035224E-07,0,0,0
GJ150.0,55.81192,-9.76028,2456724.5126952,2.058798,0.521475,-6160.11217,0.586563,-8.011157,0.196962,-6158.593874,0.153714,-8.119572,0.198518,-2.063182,4.007368,2.341148,2.306828,0.476013,0.000203,0.214332,0.000218,0.303581,0.000287,0,6.471352,47.652103,0.015363,-6.3,384.7,2456724.51269,-24.044891,-24.044954,0.455,-9999999,1.217796,-0.106524,0.482848,0.3005,0.566063,0.51,100.0006,-2.065563,3.96696,2014-03-08T00:20:38.641,-9999999,K5,192.C-0852(A),Udry,-9999999,HARPS_ech_obs_all,HARPS_ech_obs_thosimult,STAR_WAVE_K0,7.23930374946547E-06,3.9797164617186E-07,0,0,0
GJ150.0,55.81192,-9.76028,2456894.8771558,-0.34384,0.578735,-6162.115282,0.998736,-10.116691,0.220825,-6161.078703,0.176429,-9.846322,0.22215,-5.990131,3.560646,8.361399,2.557844,0.479181,0.000246,0.219467,0.00026,0.299305,0.000338,0,6.474248,47.633158,0.017276,-6.3,322.6,2456894.87715,25.451205,25.451222,0.318,-9999999,1.272627,0.19058,0.534949,-0.236048,0.983029,0.49,150.0002,-5.981966,3.50244,2014-08-25T09:00:27.890,-9999999,K5,192.C-0852(A),Udry,-9999999,HARPS_ech_obs_all,HARPS_ech_obs_wavesimult,STAR_WAVE_K0,7.37375228188033E-06,3.31093664281927E-07,0,0,0
GJ150.0,55.81192,-9.76028,2456894.8792391,1.359522,0.581101,-6160.759029,0.999753,-8.413971,0.22695,-6159.726328,0.182097,-8.197767,0.228267,-7.166974,3.628328,9.43699,2.551168,0.47888,0.000255,0.218783,0.000269,0.299301,0.00035,0,6.474387,47.625069,0.017198,-6.3,311.8,2456894.87923,25.446013,25.446044,0.533,-9999999,1.272628,0.189938,0.534951,-0.239927,0.98303,0.46,150.0016,-7.154172,3.584663,2014-08-25T09:03:32.372,-9999999,K5,192.C-0852(A),Udry,-9999999,HARPS_ech_obs_all,HARPS_ech_obs_wavesimult,STAR_WAVE_K0,7.23707579094625E-06,3.6719129502949E-07,0,0,0
GJ150.0,55.81192,-9.76028,2456894.8814274,1.296064,0.591233,-6160.723463,1.004481,-8.478103,0.251759,-6159.694835,0.206478,-8.3796,0.253239,-8.947366,3.523722,8.629742,2.681421,0.478739,0.000289,0.21945,0.000306,0.299524,0.000397,0,6.472654,47.625801,0.019068,-6.3,275,2456894.88142,25.440538,25.440557,0.485,-9999999,1.272629,0.189264,0.534952,-0.244001,0.983031,0.5,150.0011,-8.937179,3.480386,2014-08-25T09:06:35.424,-9999999,K5,192.C-0852(A),Udry,-9999999,HARPS_ech_obs_all,HARPS_ech_obs_wavesimult,STAR_WAVE_K0,7.73503682810111E-06,3.98991099951434E-07,0,0,0
GJ150.0,55.81192,-9.76028,2456894.8834675,0.903907,0.60291,-6161.120578,1.009871,-8.870888,0.278073,-6160.095748,0.231272,-8.685591,0.279384,-10.858774,3.351707,8.116783,2.653999,0.478377,0.000324,0.219384,0.000343,0.299977,0.000446,0,6.475524,47.631104,0.018158,-6.3,245.3,2456894.88346,25.435415,25.435454,0.394,-9999999,1.27263,0.188636,0.534954,-0.2478,0.983032,0.46,150.0009,-10.852654,3.300428,2014-08-25T09:09:37.675,-9999999,K5,192.C-0852(A),Udry,-9999999,HARPS_ech_obs_all,HARPS_ech_obs_wavesimult,STAR_WAVE_K0,7.85576784500823E-06,3.50781986630005E-07,0,0,0
GJ150.0,55.81192,-9.76028,2456894.8856585,2.096587,0.661356,-6160.145434,1.037063,-7.678883,0.388863,-6159.124684,0.330372,-7.480626,0.389911,-9.020163,4.392725,6.669607,2.902074,0.479858,0.000469,0.219668,0.000497,0.300701,0.000646,0,6.473576,47.637283,0.017357,-6.3,170.5,2456894.88565,25.429893,25.429927,0,-9999999,1.27263,0.187961,0.534956,-0.25188,0.983033,0.49,150.0014,-9.015583,4.36092,2014-08-25T09:12:42.457,-9999999,K5,192.C-0852(A),Udry,-9999999,HARPS_ech_obs_all,HARPS_ech_obs_wavesimult,STAR_WAVE_K0,5.34991858743841E-06,4.64227315652219E-07,0,0,0
GJ150.0,55.81192,-9.76028,2456894.8876809,1.360726,0.669748,-6160.235347,1.041106,-8.415367,0.402968,-6159.218361,0.34285,-8.2209,0.404239,-5.70223,4.41345,6.714618,3.059128,0.478687,0.000491,0.219562,0.000519,0.299557,0.000673,0,6.472783,47.647094,0.019544,-6.3,163.5,2456894.88767,25.424779,25.424818,-0.046,-9999999,1.272631,0.187338,0.534957,-0.255645,0.983034,0.44,150.0018,-5.70232,4.376686,2014-08-25T09:15:44.679,-9999999,K5,192.C-0852(A),Udry,-9999999,HARPS_ech_obs_all,HARPS_ech_obs_wavesimult,STAR_WAVE_K0,6.46945760730663E-06,4.21574907356623E-07,0,0,0
GJ150.0,55.81192,-9.76028,2456903.8902865,-0.528407,0.633016,-6163.229295,0.902479,-8.818154,0.166962,-6160.279022,0.122973,-8.647804,0.16827,-7.703401,3.458525,6.560262,2.190256,0.481618,0.000171,0.2218,0.000179,0.308266,0.000236,128,6.472801,47.649096,0.016817,-6.3,467.9,2456903.89028,24.289749,24.28978,2.173,-9999999,1.275528,1.673684,0.6106,1.674745,0.894061,0.5,150.0014,-7.708129,3.414002,2014-09-03T09:18:16.349,-9999999,K5,192.C-0852(A),Udry,-9999999,HARPS_ech_obs_all,HARPS_ech_obs_wavesimult,STAR_WAVE_K0,6.8368647207748E-06,3.16057222986564E-07,0,0,0
GJ150.0,55.81192,-9.76028,2456903.892501,0.981524,0.635392,-6161.721116,0.903566,-7.308905,0.175751,-6158.774965,0.130701,-7.145379,0.176696,-9.106876,3.454758,8.296447,2.149396,0.480638,0.000181,0.2161,0.00019,0.308306,0.000251,128,6.474258,47.637876,0.017125,-6.3,440.3,2456903.89249,24.28384,24.283896,0,-9999999,1.275529,1.673002,0.610602,1.670622,0.894063,0.55,150.0012,-9.1292,3.403693,2014-09-03T09:21:20.170,-9999999,K5,192.C-0852(A),Udry,-9999999,HARPS_ech_obs_all,HARPS_ech_obs_wavesimult,STAR_WAVE_K0,7.01593345225957E-06,3.42947317965453E-07,0,0,0
GJ150.0,55.81192,-9.76028,2456903.8965951,-3.463861,0.636196,-6165.960542,0.904069,-11.755551,0.178627,-6163.022013,0.134117,-11.648418,0.17975,-7.710394,3.179339,7.533337,2.264956,0.480634,0.000186,0.216464,0.000196,0.308527,0.000258,128,6.474746,47.643555,0.01782,-6.3,428,2456903.89659,24.272905,24.272951,1.918,-9999999,1.27553,1.671741,0.610605,1.662999,0.894065,0.46,150.0026,-7.720383,3.098355,2014-09-03T09:27:27.374,-9999999,K5,192.C-0852(A),Udry,-9999999,HARPS_ech_obs_all,HARPS_ech_obs_wavesimult,STAR_WAVE_K0,7.41769069867749E-06,3.93129594652116E-07,0,0,0
GJ150.0,55.81192,-9.76028,2456903.8987479,-2.370466,0.638265,-6164.979922,0.905396,-10.662819,0.185856,-6162.0454,0.14278,-10.492505,0.186899,-6.695827,3.415772,6.279525,2.282696,0.480928,0.0002,0.216528,0.00021,0.308899,0.000276,0,6.47266,47.653115,0.017718,-6.3,399.8,2456903.89874,24.26715,24.267181,0,-9999999,1.275531,1.671078,0.610606,1.658991,0.894066,0.48,150.0007,-6.712384,3.334289,2014-09-03T09:30:30.355,-9999999,K5,192.C-0852(A),Udry,-9999999,HARPS_ech_obs_all,HARPS_ech_obs_wavesimult,STAR_WAVE_K0,6.89054494344011E-06,3.30167857613001E-07,0,0,0
GJ150.0,55.81192,-9.76028,2456903.9008759,-0.663361,0.650859,-6163.622185,0.912147,-8.95637,0.225333,-6160.691625,0.180707,-8.850262,0.226611,-7.860696,3.337658,6.628072,2.454673,0.481163,0.000251,0.217202,0.000265,0.308863,0.000348,0,6.47189,47.646336,0.016936,-6.3,317.1,2456903.90087,24.26146,24.261501,0,-9999999,1.275532,1.670423,0.610608,1.655028,0.894068,0.48,149.9999,-7.877053,3.273424,2014-09-03T09:33:34.207,-9999999,K5,192.C-0852(A),Udry,-9999999,HARPS_ech_obs_all,HARPS_ech_obs_wavesimult,STAR_WAVE_K0,7.57859013691049E-06,3.5211871072582E-07,0,0,0
GJ150.0,55.81192,-9.76028,2456927.8163455,-7.775391,0.70617,-6170.512754,0.86255,-15.80281,0.186195,-6166.990895,0.14478,-15.667338,0.188004,-3.952593,3.57223,4.327005,2.178868,0.481174,0.000204,0.222317,0.000213,0.305961,0.000279,0,6.472938,47.661397,0.016513,-6.3,393.2,2456927.81634,18.820693,18.820781,0,-9999999,1.283229,1.936012,0.681181,2.23863,0.850313,0.49,75.0018,-3.959063,3.467902,2014-09-27T07:29:55.606,-9999999,K5,192.C-0852(A),Udry,-9999999,HARPS_ech_obs_all,HARPS_ech_obs_wavesimult,STAR_WAVE_K0,7.14598961973381E-06,3.21511420227837E-07,0,0,0
GJ150.0,55.81192,-9.76028,2456927.8175941,-5.620355,0.707141,-6168.222492,0.863056,-13.648159,0.189841,-6164.702958,0.14776,-13.523802,0.19163,-4.544582,3.742054,5.187317,2.214822,0.48051,0.000208,0.222326,0.000217,0.306113,0.000284,0,6.473266,47.651989,0.016978,-6.3,385.7,2456927.81759,18.817188,18.817281,0,-9999999,1.283229,1.935627,0.681182,2.236305,0.850313,0.49,75.0009,-4.555108,3.656712,2014-09-27T07:31:43.483,-9999999,K5,192.C-0852(A),Udry,-9999999,HARPS_ech_obs_all,HARPS_ech_obs_wavesimult,STAR_WAVE_K0,6.68984816213626E-06,3.81033647702627E-07,0,0,0
GJ150.0,55.81192,-9.76028,2456927.8188394,-4.154783,0.709014,-6166.635802,0.864361,-12.18297,0.1967,-6163.118586,0.155198,-12.007887,0.198376,-6.930106,3.603991,4.94849,2.298029,0.481067,0.000219,0.2222,0.000228,0.306864,0.000299,0,6.47348,47.650791,0.017074,-6.3,366.5,2456927.81883,18.81369,18.813781,0,-9999999,1.28323,1.935244,0.681182,2.233986,0.850314,0.5,75.001,-6.935402,3.52934,2014-09-27T07:33:30.320,-9999999,K5,192.C-0852(A),Udry,-9999999,HARPS_ech_obs_all,HARPS_ech_obs_wavesimult,STAR_WAVE_K0,7.23639846194739E-06,3.18454309595152E-07,0,0,0
GJ150.0,55.81192,-9.76028,2456927.8200735,-2.950735,0.710145,-6165.23098,0.865178,-10.979303,0.20074,-6161.716062,0.159684,-10.855877,0.20246,-6.996246,3.508659,4.724748,2.311609,0.480985,0.000225,0.222114,0.000235,0.306707,0.000308,0,6.472536,47.649712,0.015912,-6.3,356.1,2456927.82007,18.81022,18.810307,0,-9999999,1.28323,1.934864,0.681183,2.231688,0.850314,0.5,75.0007,-7.007862,3.439203,2014-09-27T07:35:16.936,-9999999,K5,192.C-0852(A),Udry,-9999999,HARPS_ech_obs_all,HARPS_ech_obs_wavesimult,STAR_WAVE_K0,7.39416768454028E-06,3.33273892807947E-07,0,0,0
GJ150.0,55.81192,-9.76028,2456927.8213261,-2.475596,0.708316,-6165.209081,0.863879,-10.504549,0.194168,-6161.696494,0.152483,-10.355487,0.19588,-2.917063,3.360925,5.558164,2.292933,0.480926,0.000214,0.222319,0.000224,0.30687,0.000293,0,6.47329,47.650376,0.016487,-6.3,374,2456927.82132,18.806694,18.806797,0,-9999999,1.283231,1.934478,0.681183,2.229356,0.850315,0.51,75.0022,-2.93809,3.291994,2014-09-27T07:37:04.403,-9999999,K5,192.C-0852(A),Udry,-9999999,HARPS_ech_obs_all,HARPS_ech_obs_wavesimult,STAR_WAVE_K0,7.12416696282021E-06,3.56404158667006E-07,0,0,0
GJ150.0,55.81192,-9.76028,2456927.8225606,-2.031628,0.708015,-6164.819806,0.863811,-10.060962,0.193065,-6161.309518,0.152098,-9.971583,0.194664,-5.378854,3.306814,5.22749,2.298475,0.481057,0.000216,0.222181,0.000224,0.306301,0.000294,0,6.473296,47.649342,0.015472,-6.3,373.1,2456927.82256,18.803217,18.803288,0,-9999999,1.283231,1.934098,0.681184,2.227057,0.850315,0.51,75.0011,-5.383203,3.240387,2014-09-27T07:38:51.060,-9999999,K5,192.C-0852(A),Udry,-9999999,HARPS_ech_obs_all,HARPS_ech_obs_wavesimult,STAR_WAVE_K0,7.08767775684746E-06,3.26284367684662E-07,0,0,0
GJ150.0,55.81192,-9.76028,2456927.8238034,-1.924208,0.707519,-6164.530965,0.863322,-9.953924,0.191235,-6161.022991,0.149293,-9.785198,0.192908,-3.846884,3.747551,5.419263,2.287422,0.480948,0.000211,0.22228,0.00022,0.306756,0.000288,0,6.473356,47.648778,0.015012,-6.3,380.7,2456927.8238,18.799715,18.799806,0,-9999999,1.283231,1.933715,0.681184,2.224743,0.850316,0.51,75.001,-3.847212,3.693677,2014-09-27T07:40:38.426,-9999999,K5,192.C-0852(A),Udry,-9999999,HARPS_ech_obs_all,HARPS_ech_obs_wavesimult,STAR_WAVE_K0,7.46830722734367E-06,3.72927278251897E-07,0,0,0
GJ150.0,55.81192,-9.76028,2456927.8250564,-3.089795,0.705021,-6165.788019,0.861712,-11.119897,0.181776,-6162.282377,0.139675,-10.934563,0.183506,-5.978124,3.198162,5.456217,2.227861,0.481047,0.000198,0.222026,0.000206,0.307107,0.00027,128,6.472987,47.650598,0.014758,-6.3,405.9,2456927.82505,18.796181,18.796289,0,-9999999,1.283232,1.933329,0.681185,2.22241,0.850316,0.52,75.0006,-5.985638,3.125551,2014-09-27T07:42:25.933,-9999999,K5,192.C-0852(A),Udry,-9999999,HARPS_ech_obs_all,HARPS_ech_obs_wavesimult,STAR_WAVE_K0,7.15953558820897E-06,2.95839253101765E-07,0,0,0
GJ150.0,55.81192,-9.76028,2456927.8262777,-3.473943,0.704783,-6166.145332,0.861592,-11.504421,0.180848,-6162.641964,0.138931,-11.33629,0.182483,-5.988897,3.590194,5.754549,2.14757,0.481125,0.000197,0.221899,0.000205,0.307004,0.000268,128,6.474856,47.645125,0.015835,-6.3,408.9,2456927.82627,18.792734,18.792835,0,-9999999,1.283232,1.932953,0.681185,2.220136,0.850317,0.5,75.0008,-5.999021,3.519339,2014-09-27T07:44:12.950,-9999999,K5,192.C-0852(A),Udry,-9999999,HARPS_ech_obs_all,HARPS_ech_obs_wavesimult,STAR_WAVE_K0,7.19946293678862E-06,2.97624426338947E-07,0,0,0
GJ150.0,55.81192,-9.76028,2456927.8275165,-4.848834,0.707361,-6167.51135,0.863314,-12.879694,0.190646,-6164.010287,0.149238,-12.713537,0.192114,-6.79172,3.545543,6.573704,2.265742,0.480523,0.00021,0.222191,0.000219,0.30612,0.000287,0,6.473944,47.638601,0.015976,-6.3,382.2,2456927.82751,18.789237,18.789317,0,-9999999,1.283233,1.932571,0.681186,2.21783,0.850317,0.5,75.002,-6.818331,3.466109,2014-09-27T07:45:59.967,-9999999,K5,192.C-0852(A),Udry,-9999999,HARPS_ech_obs_all,HARPS_ech_obs_wavesimult,STAR_WAVE_K0,7.35927861608916E-06,3.67976415662571E-07,0,0,0
GJ150.0,55.81192,-9.76028,2456927.8287761,-6.556504,0.70803,-6168.940419,0.863698,-14.587752,0.193112,-6165.441702,0.151438,-14.356962,0.194732,-2.998924,3.525758,5.617653,2.238115,0.481119,0.000214,0.222514,0.000223,0.305704,0.000292,0,6.472974,47.646108,0.016973,-6.3,375.2,2456927.82877,18.785678,18.785762,0,-9999999,1.283233,1.932183,0.681186,2.215484,0.850318,0.52,75.001,-3.015189,3.426985,2014-09-27T07:47:47.294,-9999999,K5,192.C-0852(A),Udry,-9999999,HARPS_ech_obs_all,HARPS_ech_obs_wavesimult,STAR_WAVE_K0,7.08972381540364E-06,3.40262944887429E-07,0,0,0
GJ150.0,55.81192,-9.76028,2456927.8299933,-6.670428,0.706219,-6169.480144,0.862489,-14.702051,0.18636,-6165.983693,0.14438,-14.525897,0.187812,-7.380167,3.380497,5.759558,2.228828,0.480997,0.000202,0.22223,0.000211,0.306212,0.000277,0,6.473809,47.644676,0.016981,-6.3,395.7,2456927.82999,18.782238,18.782335,0,-9999999,1.283233,1.931808,0.681187,2.213218,0.850318,0.5,75.0018,-7.39918,3.277358,2014-09-27T07:49:33.951,-9999999,K5,192.C-0852(A),Udry,-9999999,HARPS_ech_obs_all,HARPS_ech_obs_wavesimult,STAR_WAVE_K0,7.08909356309006E-06,3.94116659972641E-07,0,0,0
GJ150.0,55.81192,-9.76028,2456929.8104217,-4.585491,0.749115,-6166.642082,0.99254,-13.573491,0.179141,-6164.931134,0.137267,-13.451751,0.180808,-4.063499,3.084893,3.360143,2.157951,0.481383,0.000192,0.216886,0.000201,0.30637,0.000263,128,6.472124,47.669215,0.01671,-6.3,417,2456929.81041,18.196702,18.196805,0.789,-9999999,1.283871,0.975431,0.72738,0.427077,0.983002,0.51,90.0019,-4.082868,2.982945,2014-09-29T07:21:04.035,-9999999,K5,192.C-0852(A),Udry,-9999999,HARPS_ech_obs_all,HARPS_ech_obs_wavesimult,STAR_WAVE_K0,7.02975908010281E-06,2.85798445321282E-07,0,0,0
GJ150.0,55.81192,-9.76028,2456929.8118015,-1.723891,0.750272,-6163.713804,0.993186,-10.712316,0.183914,-6162.005425,0.14186,-10.515744,0.185508,-5.034844,3.148157,3.346995,2.21415,0.481379,0.000199,0.216865,0.000208,0.306266,0.000272,128,6.471322,47.669145,0.016483,-6.3,402.3,2456929.8118,18.192815,18.192902,0.565,-9999999,1.283871,0.975006,0.727381,0.424508,0.983003,0.48,90.0007,-5.045288,3.079196,2014-09-29T07:23:05.942,-9999999,K5,192.C-0852(A),Udry,-9999999,HARPS_ech_obs_all,HARPS_ech_obs_wavesimult,STAR_WAVE_K0,7.08827860045892E-06,3.63814518512518E-07,0,0,0
GJ150.0,55.81192,-9.76028,2456929.8132453,0.178386,0.747493,-6161.736913,0.991522,-8.810484,0.172225,-6160.031221,0.129691,-8.658515,0.174187,-4.47347,3.079273,2.159096,2.127411,0.481355,0.000181,0.216563,0.000189,0.306248,0.000248,128,6.470633,47.679626,0.016169,-6.3,441.3,2456929.81324,18.188743,18.188864,0,-9999999,1.283872,0.974562,0.727381,0.42182,0.983003,0.51,90.0012,-4.477094,3.015148,2014-09-29T07:25:07.980,-9999999,K5,192.C-0852(A),Udry,-9999999,HARPS_ech_obs_all,HARPS_ech_obs_wavesimult,STAR_WAVE_K0,7.3364060687195E-06,3.29327977299462E-07,0,0,0
GJ150.0,55.81192,-9.76028,2456929.8146352,0.226792,0.749327,-6161.880335,0.992576,-8.762506,0.180018,-6160.177231,0.137516,-8.576778,0.181714,-6.37363,3.142052,3.386989,2.120029,0.481391,0.000191,0.216942,0.000201,0.306485,0.000263,128,6.470361,47.668549,0.015982,-6.3,417,2456929.81462,18.184819,18.184923,1.086,-9999999,1.283872,0.974134,0.727382,0.419232,0.983004,0.49,90.001,-6.384123,3.094214,2014-09-29T07:27:09.858,-9999999,K5,192.C-0852(A),Udry,-9999999,HARPS_ech_obs_all,HARPS_ech_obs_wavesimult,STAR_WAVE_K0,6.95673866611166E-06,3.48008875867885E-07,0,0,0
GJ150.0,55.81192,-9.76028,2456929.8160429,0.28866,0.748311,-6161.809996,0.992011,-8.701071,0.175741,-6160.109512,0.133377,-8.455,0.177413,-2.903417,2.936077,4.08936,2.143936,0.480873,0.000185,0.216816,0.000194,0.306422,0.000254,128,6.471537,47.66531,0.01718,-6.3,431,2456929.81604,18.180841,18.180942,0,-9999999,1.283873,0.9737,0.727382,0.416611,0.983004,0.49,90.0016,-2.926289,2.86791,2014-09-29T07:29:11.475,-9999999,K5,192.C-0852(A),Udry,-9999999,HARPS_ech_obs_all,HARPS_ech_obs_wavesimult,STAR_WAVE_K0,7.5804018282992E-06,3.25685708900694E-07,0,0,0
GJ150.0,55.81192,-9.76028,2456929.8174496,-1.408259,0.74799,-6163.901325,0.991783,-10.398424,0.174364,-6162.203461,0.131668,-10.272711,0.175994,-6.533472,3.000158,4.667279,2.132465,0.480757,0.000185,0.216711,0.000193,0.305817,0.000252,128,6.472074,47.656292,0.015613,-6.3,434.1,2456929.81745,18.176863,18.176958,0.714,-9999999,1.283873,0.973267,0.727383,0.413991,0.983005,0.48,90.0016,-6.548936,2.923493,2014-09-29T07:31:13.913,-9999999,K5,192.C-0852(A),Udry,-9999999,HARPS_ech_obs_all,HARPS_ech_obs_wavesimult,STAR_WAVE_K0,6.76494752333958E-06,3.72875803437675E-07,0,0,0
GJ150.0,55.81192,-9.76028,2456929.8188618,-3.251216,0.747188,-6165.189157,0.991339,-12.241816,0.170889,-6163.493922,0.128274,-12.101712,0.172499,-0.952273,3.236468,4.498711,2.130229,0.480718,0.000179,0.21701,0.000187,0.305934,0.000245,128,6.472433,47.661284,0.01709,-6.3,447.4,2456929.81886,18.172866,18.172942,0.775,-9999999,1.283873,0.972832,0.727383,0.411362,0.983005,0.48,90.0004,-0.964855,3.154689,2014-09-29T07:33:15.921,-9999999,K5,192.C-0852(A),Udry,-9999999,HARPS_ech_obs_all,HARPS_ech_obs_wavesimult,STAR_WAVE_K0,6.81829565795633E-06,3.33954566220475E-07,0,0,0
GJ150.0,55.81192,-9.76028,2456929.8202701,-4.640911,0.748028,-6166.80644,0.99185,-13.631944,0.174523,-6165.113826,0.132164,-13.502971,0.17611,-4.675229,2.790211,5.365027,2.06967,0.480461,0.000186,0.217094,0.000194,0.305961,0.000254,128,6.473752,47.65705,0.016575,-6.3,431.2,2456929.82026,18.168877,18.168985,0.86,-9999999,1.283874,0.972398,0.727384,0.40874,0.983005,0.47,90.0015,-4.683626,2.677023,2014-09-29T07:35:18.489,-9999999,K5,192.C-0852(A),Udry,-9999999,HARPS_ech_obs_all,HARPS_ech_obs_wavesimult,STAR_WAVE_K0,7.30418331077632E-06,3.4505235904969E-07,0,0,0
GJ150.0,55.81192,-9.76028,2456929.8217312,-4.929035,0.748429,-6166.918646,0.992071,-13.920518,0.176231,-6165.228753,0.133804,-13.771252,0.177746,-2.567819,3.155003,5.110369,2.102687,0.480718,0.000188,0.217205,0.000196,0.306363,0.000257,128,6.472728,47.657218,0.017508,-6.3,427.1,2456929.82173,18.164736,18.164828,0,-9999999,1.283874,0.971948,0.727384,0.406019,0.983006,0.51,90.0011,-2.571989,3.046373,2014-09-29T07:37:21.116,-9999999,K5,192.C-0852(A),Udry,-9999999,HARPS_ech_obs_all,HARPS_ech_obs_wavesimult,STAR_WAVE_K0,7.39879463593616E-06,3.36633656884809E-07,0,0,0
GJ150.0,55.81192,-9.76028,2456929.8231199,-6.252054,0.746445,-6168.534753,0.990931,-15.243965,0.167604,-6166.847445,0.125073,-15.106897,0.169518,-3.589035,3.047603,3.603513,2.081424,0.480592,0.000176,0.216562,0.000183,0.306003,0.00024,128,6.472719,47.669239,0.016511,-6.3,456.9,2456929.82311,18.160797,18.160902,0.835,-9999999,1.283875,0.97152,0.727385,0.403433,0.983006,0.49,90.0017,-3.601748,2.927842,2014-09-29T07:39:22.894,-9999999,K5,192.C-0852(A),Udry,-9999999,HARPS_ech_obs_all,HARPS_ech_obs_wavesimult,STAR_WAVE_K0,6.96025924521096E-06,3.53705317226476E-07,0,0,0
GJ150.0,55.81192,-9.76028,2456935.8353671,-0.56449,0.911061,-6161.968305,1.017772,-9.626261,0.313508,-6160.400701,0.263721,-9.521579,0.314389,-11.551341,4.614433,6.075474,2.724086,0.47477,0.000367,0.218513,0.00039,0.300414,0.000509,0,6.471032,47.646212,0.017626,-6.3,215.9,2456935.83536,16.077273,16.077382,0.518,-9999999,1.28581,0.90166,0.855421,0.281794,0.983011,0.49,100.0008,-11.556802,4.575163,2014-10-05T07:56:26.449,-9999999,K5,192.C-0852(A),Udry,-9999999,HARPS_ech_obs_all,HARPS_ech_obs_wavesimult,STAR_WAVE_K0,6.52194422103351E-06,3.55913238209374E-07,0,0,0
GJ150.0,55.81192,-9.76028,2456935.8368838,-1.75508,0.906909,-6163.389301,1.015378,-10.817319,0.301226,-6161.824521,0.254324,-10.71182,0.302605,-11.106829,3.638275,5.489511,2.78693,0.47512,0.000355,0.218485,0.000376,0.300294,0.000491,0,6.470298,47.652796,0.015841,-6.3,223.8,2456935.83688,16.072944,16.073065,0.453,-9999999,1.28581,0.901193,0.855422,0.27897,0.983011,0.48,100.0012,-11.106281,3.58186,2014-10-05T07:58:38.487,-9999999,K5,192.C-0852(A),Udry,-9999999,HARPS_ech_obs_all,HARPS_ech_obs_wavesimult,STAR_WAVE_K0,7.83267907490879E-06,4.75944461622925E-07,0,0,0
GJ150.0,55.81192,-9.76028,2456935.838423,-2.418904,0.906736,-6164.297077,1.01512,-11.481617,0.300704,-6162.735162,0.253291,-11.378378,0.301912,-12.874604,3.413254,6.681611,2.911964,0.474885,0.000353,0.218609,0.000375,0.299868,0.000489,0,6.472069,47.637239,0.016341,-6.3,224.7,2456935.83842,16.068556,16.068658,0.499,-9999999,1.285811,0.900719,0.855422,0.276104,0.983012,0.49,100.0015,-12.880868,3.347967,2014-10-05T08:00:50.466,-9999999,K5,192.C-0852(A),Udry,-9999999,HARPS_ech_obs_all,HARPS_ech_obs_wavesimult,STAR_WAVE_K0,6.1802354360383E-06,4.36823715350486E-07,0,0,0
GJ150.0,55.81192,-9.76028,2456935.8399444,-3.42214,0.913311,-6165.044108,1.019624,-12.485321,0.319983,-6163.485025,0.270777,-12.445936,0.321152,-7.405129,4.519879,6.657146,2.666416,0.474216,0.000376,0.218362,0.0004,0.299488,0.000521,0,6.470932,47.649821,0.017215,-6.3,210.6,2456935.83993,16.064224,16.064351,0.522,-9999999,1.285811,0.90025,0.855423,0.273272,0.983013,0.48,100.0002,-7.413864,4.462704,2014-10-05T08:03:02.904,-9999999,K5,192.C-0852(A),Udry,-9999999,HARPS_ech_obs_all,HARPS_ech_obs_wavesimult,STAR_WAVE_K0,7.29147022952815E-06,4.3338716997348E-07,0,0,0
GJ150.0,55.81192,-9.76028,2456935.8414788,-2.088061,0.91544,-6163.901945,1.020955,-11.151715,0.326007,-6162.345718,0.275742,-10.994617,0.327078,-11.70593,4.116552,6.966424,2.738467,0.474273,0.000384,0.218674,0.000408,0.299564,0.000531,0,6.472453,47.649522,0.016992,-6.3,206.6,2456935.84147,16.05986,16.059983,0,-9999999,1.285812,0.899777,0.855423,0.270415,0.983013,0.49,100.0008,-11.711244,4.063399,2014-10-05T08:05:14.472,-9999999,K5,192.C-0852(A),Udry,-9999999,HARPS_ech_obs_all,HARPS_ech_obs_wavesimult,STAR_WAVE_K0,7.32906573686405E-06,3.77139649657019E-07,0,0,0
GJ150.0,55.81192,-9.76028,2456935.843024,-2.085481,0.926007,-6163.822337,1.028095,-11.149611,0.354596,-6162.268988,0.301104,-11.083393,0.355647,-11.15115,4.506868,6.451852,2.850219,0.475383,0.000419,0.219085,0.000447,0.299636,0.000581,0,6.472988,47.646267,0.017468,-6.3,189.1,2456935.84301,16.055471,16.055592,0.262,-9999999,1.285812,0.899302,0.855424,0.267537,0.983014,0.5,99.9998,-11.157941,4.461728,2014-10-05T08:07:26.970,-9999999,K5,192.C-0852(A),Udry,-9999999,HARPS_ech_obs_all,HARPS_ech_obs_wavesimult,STAR_WAVE_K0,6.36061048237347E-06,3.56741463034837E-07,0,0,0
GJ150.0,55.81192,-9.76028,2456935.844529,-0.157906,0.932371,-6162.572378,1.032011,-9.222499,0.370897,-6161.02183,0.314214,-9.104815,0.372203,-11.065048,3.57239,6.13224,2.950852,0.475984,0.000438,0.218996,0.000466,0.301217,0.000609,0,6.472508,47.650497,0.015964,-6.3,181.2,2456935.84452,16.051202,16.051334,0.669,-9999999,1.285813,0.898838,0.855425,0.264735,0.983014,0.48,100.0012,-11.064952,3.527815,2014-10-05T08:09:38.998,-9999999,K5,192.C-0852(A),Udry,-9999999,HARPS_ech_obs_all,HARPS_ech_obs_wavesimult,STAR_WAVE_K0,7.4147121287326E-06,3.76723296804007E-07,0,0,0
GJ150.0,55.81192,-9.76028,2456935.8461086,1.052256,0.961018,-6161.713189,1.051424,-8.012824,0.437953,-6160.165582,0.373059,-7.891402,0.439004,-11.396685,5.461526,5.440233,2.968218,0.475095,0.00052,0.218291,0.000556,0.300226,0.000725,0,6.472787,47.654821,0.016804,-6.3,152.3,2456935.8461,16.046729,16.046853,0.463,-9999999,1.285813,0.898351,0.855425,0.261794,0.983015,0.53,100.0012,-11.413756,5.436128,2014-10-05T08:11:50.467,-9999999,K5,192.C-0852(A),Udry,-9999999,HARPS_ech_obs_all,HARPS_ech_obs_wavesimult,STAR_WAVE_K0,7.81412584995392E-06,4.9354660912533E-07,0,0,0
GJ150.0,55.81192,-9.76028,2456935.8476061,2.827069,0.944965,-6159.369304,1.040788,-6.238472,0.401505,-6157.824484,0.341935,-6.135911,0.402635,-11.011599,4.289288,5.887883,2.698546,0.474395,0.000476,0.219764,0.00051,0.299984,0.000663,0,6.471653,47.64594,0.017066,-6.3,166.3,2456935.8476,16.042494,16.042612,0.152,-9999999,1.285814,0.89789,0.855426,0.259006,0.983016,0.5,100.0009,-11.004847,4.266361,2014-10-05T08:14:02.845,-9999999,K5,192.C-0852(A),Udry,-9999999,HARPS_ech_obs_all,HARPS_ech_obs_wavesimult,STAR_WAVE_K0,8.20582050776816E-06,5.04275912782341E-07,0,0,0
GJ150.0,55.81192,-9.76028,2456936.8217896,-2.182929,0.871281,-6163.669192,0.994458,-10.995275,0.19237,-6162.019286,0.150483,-10.819304,0.193391,-14.101912,3.25311,6.110713,2.312916,0.478873,0.000209,0.219045,0.000221,0.30585,0.000288,0,6.473256,47.640771,0.015933,-6.3,380.1,2456936.82178,15.758589,15.758721,1.313,-9999999,1.286127,1.151086,0.849779,0.363779,0.983006,0.52,150.0016,-14.110702,3.185637,2014-10-06T07:36:19.820,-9999999,K5,192.C-0852(A),Udry,-9999999,HARPS_ech_obs_all,HARPS_ech_obs_wavesimult,STAR_WAVE_K0,7.93754587235708E-06,4.18098650283513E-07,0,0,0
GJ150.0,55.81192,-9.76028,2456936.8238813,-2.520187,0.869547,-6164.18082,0.993378,-11.333177,0.18435,-6162.534807,0.143169,-11.226622,0.185458,-14.773881,3.477627,6.500564,2.278471,0.478876,0.000201,0.217989,0.000211,0.306612,0.000275,0,6.473268,47.64497,0.016916,-6.3,397.6,2456936.82388,15.752582,15.752688,1.003,-9999999,1.286128,1.150442,0.84978,0.359885,0.983007,0.51,150.0024,-14.798677,3.404931,2014-10-06T07:39:22.031,-9999999,K5,192.C-0852(A),Udry,-9999999,HARPS_ech_obs_all,HARPS_ech_obs_wavesimult,STAR_WAVE_K0,7.1862686865787E-06,2.88781103219465E-07,0,0,0
GJ150.0,55.81192,-9.76028,2456936.8259819,-4.256972,0.869237,-6166.081371,0.993161,-13.070609,0.182883,-6164.439269,0.141654,-12.878105,0.184129,-11.601702,3.631195,7.559839,2.319377,0.478907,0.0002,0.218081,0.000209,0.305498,0.000273,0,6.475747,47.63556,0.017645,-6.3,400,2456936.82598,15.746552,15.746656,1.263,-9999999,1.286129,1.149795,0.849781,0.355973,0.983007,0.51,150.0022,-11.610277,3.555177,2014-10-06T07:42:23.513,-9999999,K5,192.C-0852(A),Udry,-9999999,HARPS_ech_obs_all,HARPS_ech_obs_wavesimult,STAR_WAVE_K0,7.32668853778572E-06,4.16509334213307E-07,0,0,0
GJ150.0,55.81192,-9.76028,2456936.8280756,-5.657299,0.868763,-6167.160241,0.992809,-14.471581,0.18061,-6165.522037,0.139159,-14.322168,0.181414,-11.236048,3.456547,8.307428,2.251933,0.478751,0.000196,0.218842,0.000206,0.306278,0.000269,128,6.475222,47.630409,0.017314,-6.3,407.3,2456936.82807,15.740547,15.740666,1.388,-9999999,1.286129,1.14915,0.849781,0.352075,0.983008,0.5,150.0016,-11.239662,3.363465,2014-10-06T07:45:25.904,-9999999,K5,192.C-0852(A),Udry,-9999999,HARPS_ech_obs_all,HARPS_ech_obs_wavesimult,STAR_WAVE_K0,6.99167358139337E-06,3.82833220185486E-07,0,0,0
GJ150.0,55.81192,-9.76028,2456936.8301599,-5.255537,0.870175,-6166.364709,0.993823,-14.070461,0.187282,-6164.730385,0.146213,-13.950432,0.18824,-12.330157,3.437513,7.344264,2.253748,0.479073,0.000208,0.218595,0.000218,0.306595,0.000284,0,6.473814,47.639566,0.017451,-6.3,385.7,2456936.83015,15.734576,15.734711,1.11,-9999999,1.28613,1.148508,0.849782,0.348194,0.983009,0.49,150.0013,-12.335214,3.350154,2014-10-06T07:48:27.475,-9999999,K5,192.C-0852(A),Udry,-9999999,HARPS_ech_obs_all,HARPS_ech_obs_wavesimult,STAR_WAVE_K0,7.16767786292425E-06,3.12020284707274E-07,0,0,0
GJ150.0,55.81192,-9.76028,2456936.8322913,-4.655019,0.868929,-6166.12468,0.992933,-13.470599,0.181403,-6164.494324,0.140031,-13.369593,0.182445,-11.443024,3.36999,6.100911,2.29467,0.47904,0.000201,0.218301,0.000209,0.305923,0.000273,128,6.473925,47.647177,0.017537,-6.3,401,2456936.83229,15.728476,15.728568,1.119,-9999999,1.286131,1.147851,0.849783,0.344225,0.98301,0.5,150.0018,-11.472716,3.282867,2014-10-06T07:51:30.117,-9999999,K5,192.C-0852(A),Udry,-9999999,HARPS_ech_obs_all,HARPS_ech_obs_wavesimult,STAR_WAVE_K0,7.03773561971276E-06,3.26498747702565E-07,0,0,0
GJ150.0,55.81192,-9.76028,2456994.7416035,-0.590756,0.732137,-6162.54415,0.704446,-11.25667,0.222942,-6161.80321,0.184046,-11.265943,0.22419,-6.376284,3.821606,3.557682,2.539833,0.478294,0.000272,0.221705,0.00028,0.300778,0.00037,0,6.472964,47.641167,0.017041,-6.3,299.9,2456994.7416,-9.439187,-9.439052,1.004,-9999999,1.304769,-0.702483,0.697368,-0.563829,0.679979,0.51,75.0013,-6.371812,3.765093,2014-12-03T05:40:30.025,-9999999,K5,192.C-0852(A),Udry,-9999999,HARPS_ech_obs_all,HARPS_ech_obs_wavesimult,STAR_WAVE_K0,7.35232149018896E-06,4.00001573995682E-07,0,0,0
GJ150.0,55.81192,-9.76028,2456994.7428126,0.193204,0.736152,-6161.621166,0.70756,-10.473083,0.235792,-6160.882478,0.195629,-10.490908,0.23692,-8.04827,3.912854,3.202802,2.481924,0.477349,0.000289,0.222097,0.000299,0.300285,0.000394,0,6.472355,47.647292,0.017977,-6.3,281.3,2456994.7428,-9.442331,-9.4422,0,-9999999,1.304769,-0.702855,0.697368,-0.566081,0.679979,0.48,75.0015,-8.047097,3.857737,2014-12-03T05:42:16.742,-9999999,K5,192.C-0852(A),Udry,-9999999,HARPS_ech_obs_all,HARPS_ech_obs_wavesimult,STAR_WAVE_K0,7.33116352277216E-06,3.62102349587898E-07,0,0,0
GJ150.0,55.81192,-9.76028,2456994.744086,0.066159,0.73498,-6161.765648,0.706655,-10.60052,0.232108,-6161.029331,0.192327,-10.581243,0.233588,-6.482241,3.807335,2.70179,2.633912,0.478157,0.000281,0.221736,0.00029,0.300503,0.000384,0,6.472125,47.649613,0.016931,-6.3,288.8,2456994.74408,-9.44563,-9.445491,0,-9999999,1.304769,-0.703248,0.697368,-0.568452,0.679979,0.52,75.0017,-6.479796,3.74915,2014-12-03T05:44:03.768,-9999999,K5,192.C-0852(A),Udry,-9999999,HARPS_ech_obs_all,HARPS_ech_obs_wavesimult,STAR_WAVE_K0,6.98208175388691E-06,3.828545632088E-07,0,0,0
GJ150.0,55.81192,-9.76028,2456994.7453064,-1.226147,0.736299,-6163.035249,0.70765,-11.893202,0.23625,-6162.301203,0.195951,-11.853557,0.237459,-7.597747,3.415559,4.136529,2.558037,0.478746,0.000286,0.2221,0.000296,0.30049,0.000391,0,6.472273,47.639127,0.016612,-6.3,283.4,2456994.7453,-9.448778,-9.448649,1.118,-9999999,1.30477,-0.703623,0.697368,-0.570724,0.679979,0.5,75.002,-7.608929,3.344245,2014-12-03T05:45:50.715,-9999999,K5,192.C-0852(A),Udry,-9999999,HARPS_ech_obs_all,HARPS_ech_obs_wavesimult,STAR_WAVE_K0,7.98129378288065E-06,4.63587628837178E-07,0,0,0
GJ150.0,55.81192,-9.76028,2456994.7465241,-1.691684,0.736081,-6163.34647,0.70736,-12.359114,0.235568,-6162.614691,0.1949,-12.360226,0.236892,-4.534857,3.66289,3.120033,2.556901,0.478571,0.000285,0.222028,0.000295,0.300496,0.00039,0,6.472803,47.647712,0.017814,-6.3,284.5,2456994.74652,-9.451908,-9.451765,0,-9999999,1.30477,-0.703998,0.697368,-0.572991,0.679979,0.48,75.002,-4.537854,3.587162,2014-12-03T05:47:37.432,-9999999,K5,192.C-0852(A),Udry,-9999999,HARPS_ech_obs_all,HARPS_ech_obs_wavesimult,STAR_WAVE_K0,7.2634856376556E-06,3.91288174357815E-07,0,0,0
GJ150.0,55.81192,-9.76028,2456994.7477849,-2.217176,0.731859,-6163.993372,0.704092,-12.884994,0.222026,-6163.26394,0.182682,-12.852707,0.223222,-3.881483,3.819698,3.272063,2.455053,0.478223,0.000267,0.22211,0.000276,0.300704,0.000365,0,6.472767,47.645396,0.017522,-6.3,304.4,2456994.74778,-9.455134,-9.45501,0,-9999999,1.304771,-0.704387,0.697368,-0.575339,0.67998,0.5,75.0004,-3.877855,3.747449,2014-12-03T05:49:24.869,-9999999,K5,192.C-0852(A),Udry,-9999999,HARPS_ech_obs_all,HARPS_ech_obs_wavesimult,STAR_WAVE_K0,7.05081169221298E-06,4.13649749464885E-07,0,0,0
GJ150.0,55.81192,-9.76028,2456994.7490393,-3.784352,0.737317,-6165.758267,0.708178,-14.452556,0.239403,-6165.031171,0.197847,-14.481863,0.240577,-6.449049,4.438544,4.466671,2.614995,0.478183,0.00029,0.221671,0.0003,0.300375,0.000396,0,6.47362,47.641798,0.015702,-6.3,280.3,2456994.74903,-9.458331,-9.458189,1.35,-9999999,1.304771,-0.704773,0.697369,-0.577675,0.67998,0.52,75.0006,-6.432828,4.376816,2014-12-03T05:51:11.746,-9999999,K5,192.C-0852(A),Udry,-9999999,HARPS_ech_obs_all,HARPS_ech_obs_wavesimult,STAR_WAVE_K0,7.0738188665935E-06,3.6120287930507E-07,0,0,0
GJ150.0,55.81192,-9.76028,2456994.7502557,-3.442573,0.737104,-6165.322622,0.708037,-14.111152,0.238744,-6164.59779,0.197341,-14.160325,0.239919,-9.99741,4.17526,3.250084,2.50823,0.478182,0.000288,0.221929,0.000298,0.300688,0.000394,0,6.472571,47.646781,0.01718,-6.3,281.6,2456994.75025,-9.461418,-9.461266,0.927,-9999999,1.304771,-0.705148,0.697369,-0.579939,0.67998,0.5,75.0018,-9.98889,4.109717,2014-12-03T05:52:58.353,-9999999,K5,192.C-0852(A),Udry,-9999999,HARPS_ech_obs_all,HARPS_ech_obs_wavesimult,STAR_WAVE_K0,7.5988994704088E-06,4.12789319377751E-07,0,0,0
GJ150.0,55.81192,-9.76028,2457038.6128792,0.618471,0.491891,-6160.658747,0.622164,-10.24262,0.177113,-6160.419824,0.135015,-10.301405,0.178836,-13.000167,3.545329,2.462953,2.318988,0.476261,0.000195,0.213495,0.0002,0.296505,0.000265,128,6.473436,47.654122,0.016943,-6.3,418.5,2457038.61288,-24.128101,-24.128041,0.838,-9999999,1.318889,-0.89766,0.458898,-1.079966,0.607338,0.52,60.001,-12.980516,3.490342,2015-01-16T02:38:55.959,-9999999,K5,192.C-0852(A),Udry,-9999999,HARPS_ech_obs_all,HARPS_ech_obs_wavesimult,STAR_WAVE_K0,7.63443055921217E-06,3.20043340635783E-07,0,0,0
GJ150.0,55.81192,-9.76028,2457038.6139191,-0.676704,0.494122,-6161.945734,0.623868,-11.538116,0.183221,-6161.708747,0.142661,-11.622062,0.185014,-9.459186,4.163967,2.68777,2.309143,0.476037,0.000207,0.213999,0.000212,0.296458,0.00028,0,6.474282,47.649423,0.015676,-6.3,395.5,2457038.61392,-24.130616,-24.130554,0.771,-9999999,1.318889,-0.89798,0.458898,-1.081902,0.607338,0.48,60.0014,-9.466522,4.103054,2015-01-16T02:40:28.215,-9999999,K5,192.C-0852(A),Udry,-9999999,HARPS_ech_obs_all,HARPS_ech_obs_wavesimult,STAR_WAVE_K0,7.64441761668226E-06,3.78853649746671E-07,0,0,0
GJ150.0,55.81192,-9.76028,2457038.6150246,-1.439155,0.491322,-6162.537895,0.622019,-12.300907,0.175531,-6162.302966,0.134346,-12.334911,0.177042,-10.134309,3.986315,2.890302,2.271807,0.476348,0.000195,0.213805,0.0002,0.295677,0.000264,128,6.475075,47.649694,0.017232,-6.3,420,2457038.61502,-24.133281,-24.133197,0.861,-9999999,1.318889,-0.898321,0.458897,-1.08396,0.607337,0.54,60.0008,-10.155061,3.914985,2015-01-16T02:42:00.141,-9999999,K5,192.C-0852(A),Udry,-9999999,HARPS_ech_obs_all,HARPS_ech_obs_wavesimult,STAR_WAVE_K0,7.17177297582784E-06,2.9020332789507E-07,0,0,0
GJ150.0,55.81192,-9.76028,2457038.6160582,-1.899362,0.491742,-6162.997043,0.622128,-12.761432,0.176704,-6162.764038,0.134853,-12.844981,0.178285,-15.384624,3.91986,2.970798,2.234016,0.476366,0.00019,0.213531,0.000196,0.295744,0.000259,128,6.474538,47.650415,0.017604,-6.3,427,2457038.61605,-24.135764,-24.135691,0.509,-9999999,1.31889,-0.898639,0.458897,-1.085885,0.607337,0.5,60.0018,-15.372896,3.849796,2015-01-16T02:43:31.847,-9999999,K5,192.C-0852(A),Udry,-9999999,HARPS_ech_obs_all,HARPS_ech_obs_wavesimult,STAR_WAVE_K0,7.23780866505081E-06,3.30804707488026E-07,0,0,0
GJ150.0,55.81192,-9.76028,2457038.6171154,-2.769402,0.493303,-6163.772666,0.623262,-13.631798,0.181003,-6163.541629,0.139995,-13.7375,0.182577,-10.883161,3.828739,2.435381,2.366272,0.476233,0.0002,0.213659,0.000206,0.295537,0.000272,128,6.473139,47.654402,0.017529,-6.3,406.1,2457038.61711,-24.138294,-24.138233,0.592,-9999999,1.31889,-0.898965,0.458896,-1.087853,0.607336,0.49,60.0019,-10.877666,3.746776,2015-01-16T02:45:03.803,-9999999,K5,192.C-0852(A),Udry,-9999999,HARPS_ech_obs_all,HARPS_ech_obs_wavesimult,STAR_WAVE_K0,7.4088446216226E-06,3.12531275103164E-07,0,0,0
GJ150.0,55.81192,-9.76028,2457038.6181983,-2.06707,0.497221,-6163.253966,0.625644,-12.9298,0.191424,-6163.024946,0.150245,-12.963526,0.192899,-14.241735,4.093268,3.256574,2.383533,0.476074,0.00021,0.213377,0.000218,0.295878,0.000288,0,6.475441,47.647411,0.016646,-6.3,383.2,2457038.61819,-24.140877,-24.140794,0.578,-9999999,1.31889,-0.899298,0.458896,-1.08987,0.607336,0.51,60.0018,-14.233249,4.02268,2015-01-16T02:46:36.169,-9999999,K5,192.C-0852(A),Udry,-9999999,HARPS_ech_obs_all,HARPS_ech_obs_wavesimult,STAR_WAVE_K0,7.46433957659835E-06,3.89611522026941E-07,0,0,0
GJ150.0,55.81192,-9.76028,2457038.6192355,-2.055983,0.494469,-6163.102882,0.62412,-12.919032,0.184158,-6162.875792,0.143768,-12.994708,0.18582,-10.644284,3.710577,1.744021,2.279087,0.476891,0.000206,0.213392,0.000212,0.295492,0.00028,0,6.474074,47.654069,0.016981,-6.3,394.5,2457038.61923,-24.143343,-24.143263,0.505,-9999999,1.318891,-0.899618,0.458895,-1.091801,0.607336,0.47,60.0023,-10.642567,3.634685,2015-01-16T02:48:08.194,-9999999,K5,192.C-0852(A),Udry,-9999999,HARPS_ech_obs_all,HARPS_ech_obs_wavesimult,STAR_WAVE_K0,7.26733563563024E-06,3.77706222012705E-07,0,0,0
GJ150.0,55.81192,-9.76028,2457038.6203231,-0.592368,0.496635,-6161.686486,0.625406,-11.455752,0.1899,-6161.461421,0.149253,-11.556282,0.191127,-11.444678,3.719328,2.936272,2.389247,0.47647,0.000212,0.213499,0.000219,0.296632,0.00029,0,6.475148,47.647638,0.016691,-6.3,382.1,2457038.62032,-24.145918,-24.145858,0.626,-9999999,1.318891,-0.899953,0.458895,-1.093826,0.607335,0.51,60.0014,-11.462269,3.645743,2015-01-16T02:49:39.770,-9999999,K5,192.C-0852(A),Udry,-9999999,HARPS_ech_obs_all,HARPS_ech_obs_wavesimult,STAR_WAVE_K0,7.38826505311787E-06,3.06482383350254E-07,0,0,0
GJ150.0,55.81192,-9.76028,2457038.6213583,0.906621,0.494003,-6160.134285,0.62351,-9.957082,0.182906,-6159.911147,0.1411,-9.994316,0.18431,-14.18705,4.135683,2.302819,2.344922,0.476501,0.000202,0.213259,0.000208,0.295564,0.000275,128,6.474213,47.652062,0.016686,-6.3,402.6,2457038.62135,-24.148361,-24.148282,0.843,-9999999,1.318891,-0.900272,0.458895,-1.095753,0.607335,0.46,60.0008,-14.192371,4.082093,2015-01-16T02:51:12.216,-9999999,K5,192.C-0852(A),Udry,-9999999,HARPS_ech_obs_all,HARPS_ech_obs_wavesimult,STAR_WAVE_K0,6.94585050379515E-06,4.31670014682737E-07,0,0,0
GJ150.0,55.81192,-9.76028,2457038.6224643,1.912073,0.491815,-6159.335946,0.621986,-8.951971,0.176913,-6159.114867,0.134206,-9.057243,0.178342,-16.564026,3.827159,3.106429,2.248535,0.476725,0.000189,0.213786,0.000195,0.295685,0.000258,128,6.475496,47.649652,0.016212,-6.3,429,2457038.62246,-24.15096,-24.150887,0.917,-9999999,1.318892,-0.900612,0.458894,-1.097813,0.607334,0.52,60.0012,-16.565499,3.781166,2015-01-16T02:52:44.182,-9999999,K5,192.C-0852(A),Udry,-9999999,HARPS_ech_obs_all,HARPS_ech_obs_wavesimult,STAR_WAVE_K0,7.59877119075464E-06,3.32679638564418E-07,0,0,0
GJ150.0,55.81192,-9.76028,2457050.5841307,0.012269,0.861006,-6160.830889,0.937875,-10.899445,0.157917,-6160.792436,0.113829,-10.970854,0.159361,-11.133376,3.890504,4.463266,2.304864,0.47507,0.000163,0.211532,0.000167,0.301829,0.000222,128,6.476705,47.639072,0.017039,-6.3,499.7,2457050.58413,-25.976738,-25.976713,1.535,-9999999,1.322741,-0.948283,0.8464,-1.284288,0.930941,0.5,112.0022,-11.15093,3.830167,2015-01-28T01:58:33.405,-9999999,K5,192.C-0852(A),Udry,-9999999,HARPS_ech_obs_all,HARPS_ech_obs_wavesimult,STAR_WAVE_K0,7.18752178879472E-06,3.95436163426319E-07,0,0,0
GJ150.0,55.81192,-9.76028,2457050.5857899,-0.480788,0.870262,-6161.278759,0.944441,-11.393013,0.202395,-6161.243394,0.159115,-11.525374,0.203498,-6.59378,4.253727,4.682483,2.476633,0.474052,0.000223,0.211863,0.000233,0.301898,0.000308,0,6.474758,47.638595,0.017307,-6.3,359.6,2457050.58578,-25.980518,-25.980474,1.118,-9999999,1.322742,-0.948794,0.8464,-1.287377,0.930941,0.5,60.0007,-6.606013,4.196877,2015-01-28T02:01:22.766,-9999999,K5,192.C-0852(A),Udry,-9999999,HARPS_ech_obs_all,HARPS_ech_obs_wavesimult,STAR_WAVE_K0,7.06171322285498E-06,3.65320440629148E-07,0,0,0
GJ150.0,55.81192,-9.76028,2457050.5868294,-1.794562,0.870705,-6162.493425,0.944778,-12.707107,0.204293,-6162.459996,0.161108,-12.821075,0.205542,-5.785641,4.16872,3.561253,2.550876,0.473959,0.000224,0.211641,0.000234,0.301409,0.000309,0,6.473881,47.643195,0.017152,-6.3,357.6,2457050.58682,-25.982875,-25.982854,0.716,-9999999,1.322742,-0.949114,0.846399,-1.289313,0.93094,0.47,60.0003,-5.791031,4.102929,2015-01-28T02:02:54.392,-9999999,K5,192.C-0852(A),Udry,-9999999,HARPS_ech_obs_all,HARPS_ech_obs_wavesimult,STAR_WAVE_K0,6.25227543517579E-06,3.57265123746235E-07,0,0,0
GJ150.0,55.81192,-9.76028,2457050.5879149,-0.744298,0.873759,-6161.772238,0.947116,-11.657178,0.216942,-6161.740829,0.174298,-11.774447,0.218046,-6.961318,4.287028,3.432775,2.466658,0.474457,0.000248,0.21183,0.000257,0.301711,0.00034,0,6.474256,47.640786,0.018559,-6.3,326.1,2457050.58791,-25.985327,-25.985305,0,-9999999,1.322743,-0.949448,0.846399,-1.291334,0.93094,0.5,60.0021,-6.983372,4.219425,2015-01-28T02:04:26.388,-9999999,K5,192.C-0852(A),Udry,-9999999,HARPS_ech_obs_all,HARPS_ech_obs_wavesimult,STAR_WAVE_K0,7.55446875567465E-06,3.40242449796679E-07,0,0,0
GJ150.0,55.81192,-9.76028,2457050.5889886,-1.973188,0.873726,-6163.033026,0.947176,-12.886399,0.216811,-6163.003616,0.174625,-13.026786,0.21798,-4.458749,4.07799,2.887092,2.530964,0.474306,0.000242,0.211647,0.000254,0.302422,0.000336,0,6.474144,47.649967,0.017714,-6.3,330,2457050.58899,-25.987742,-25.98772,0.728,-9999999,1.322743,-0.949779,0.846399,-1.293333,0.93094,0.51,60.001,-4.487836,4.0068,2015-01-28T02:05:58.564,-9999999,K5,192.C-0852(A),Udry,-9999999,HARPS_ech_obs_all,HARPS_ech_obs_wavesimult,STAR_WAVE_K0,6.717521349734E-06,3.38345679633321E-07,0,0,0
GJ150.0,55.81192,-9.76028,2457050.5900564,-0.63793,0.869704,-6161.468086,0.944175,-11.551469,0.199988,-6161.440664,0.15754,-11.682533,0.201232,-5.938979,4.193405,2.030869,2.467884,0.47419,0.000221,0.211307,0.00023,0.302098,0.000304,0,6.473687,47.652209,0.018221,-6.3,364.3,2457050.59005,-25.990134,-25.990099,0.864,-9999999,1.322743,-0.950108,0.846398,-1.295321,0.930939,0.51,60.0017,-5.95201,4.135263,2015-01-28T02:07:30.829,-9999999,K5,192.C-0852(A),Udry,-9999999,HARPS_ech_obs_all,HARPS_ech_obs_wavesimult,STAR_WAVE_K0,7.38785689133674E-06,4.09138065887499E-07,0,0,0
GJ150.0,55.81192,-9.76028,2457050.591072,1.019383,0.87758,-6159.821822,0.949844,-9.894469,0.231857,-6159.79629,0.188564,-9.947395,0.232891,-6.376095,4.081953,3.318887,2.610677,0.474491,0.000261,0.211524,0.000274,0.302764,0.000362,0,6.474318,47.646555,0.017528,-6.3,305.9,2457050.59107,-25.992401,-25.992391,0.751,-9999999,1.322744,-0.950421,0.846398,-1.297212,0.930939,0.44,60.0018,-6.394404,4.033587,2015-01-28T02:09:02.785,-9999999,K5,192.C-0852(A),Udry,-9999999,HARPS_ech_obs_all,HARPS_ech_obs_wavesimult,STAR_WAVE_K0,7.47039703759181E-06,3.20291973072103E-07,0,0,0
GJ150.0,55.81192,-9.76028,2457050.592167,2.989963,0.886622,-6157.803903,0.956,-7.924226,0.264027,-6157.78041,0.217459,-8.059762,0.265013,-5.667572,4.433937,3.715881,2.787055,0.474779,0.000293,0.211611,0.000311,0.301357,0.000411,0,6.472954,47.646742,0.018269,-6.3,268.9,2457050.59216,-25.994835,-25.994802,0,-9999999,1.322744,-0.950758,0.846398,-1.299251,0.930939,0.49,60.0003,-5.695672,4.395958,2015-01-28T02:10:34.401,-9999999,K5,192.C-0852(A),Udry,-9999999,HARPS_ech_obs_all,HARPS_ech_obs_wavesimult,STAR_WAVE_K0,7.16615023831357E-06,4.12916818076824E-07,0,0,0
GJ150.0,55.81192,-9.76028,2457050.5932443,4.004887,0.876497,-6156.80693,0.94905,-6.909634,0.227725,-6156.785443,0.184528,-7.045838,0.228836,-4.151082,4.37789,3.748904,2.565295,0.474548,0.000257,0.211513,0.000269,0.302422,0.000356,0,6.474186,47.642037,0.016474,-6.3,311.4,2457050.59323,-25.997219,-25.997178,0,-9999999,1.322744,-0.95109,0.846397,-1.301257,0.930938,0.5,60.0011,-4.163426,4.343026,2015-01-28T02:12:06.887,-9999999,K5,192.C-0852(A),Udry,-9999999,HARPS_ech_obs_all,HARPS_ech_obs_wavesimult,STAR_WAVE_K0,7.04129274540409E-06,2.83544534337015E-07,0,0,0
GJ150.0,55.81192,-9.76028,2457050.5942942,5.386004,0.874936,-6155.494367,0.947874,-5.528841,0.221642,-6155.474834,0.178382,-5.692726,0.22278,-7.210275,3.809194,4.163155,2.575901,0.474473,0.000245,0.211152,0.000257,0.301775,0.000341,0,6.47411,47.637212,0.017899,-6.3,324.8,2457050.59429,-25.999533,-25.999493,0,-9999999,1.322745,-0.951413,0.846397,-1.303212,0.930938,0.48,60.0013,-7.226597,3.780401,2015-01-28T02:13:38.803,-9999999,K5,192.C-0852(A),Udry,-9999999,HARPS_ech_obs_all,HARPS_ech_obs_wavesimult,STAR_WAVE_K0,6.99169229721533E-06,4.06171957808264E-07,0,0,0
GJ150.0,55.81192,-9.76028,2457050.5953669,5.584059,0.873528,-6155.65278,0.946751,-5.331116,0.216019,-6155.635244,0.172316,-5.482629,0.216974,-6.873958,3.951978,4.873181,2.517807,0.474902,0.000235,0.210956,0.000247,0.301903,0.000327,0,6.474093,47.634483,0.016987,-6.3,338.4,2457050.59536,-26.001887,-26.001873,0,-9999999,1.322745,-0.951744,0.846397,-1.305209,0.930938,0.49,60.0021,-6.895163,3.924648,2015-01-28T02:15:10.889,-9999999,K5,192.C-0852(A),Udry,-9999999,HARPS_ech_obs_all,HARPS_ech_obs_wavesimult,STAR_WAVE_K0,6.87468717645991E-06,3.26605990893876E-07,0,0,0
GJ150.0,55.81192,-9.76028,2457300.8533731,-0.371658,0.746528,-6148.706847,0.731525,1.780368,0.293612,-6143.953923,0.255982,4.679277,0.304683,11.61808,12.149541,28.907724,3.232499,0.482355,0.000373,0.224069,0.000378,0.297728,0.000489,0,6.490314,47.493243,0.030513,-6.3,220.9,2457300.85337,16.137682,16.137779,0,-9999999,1.40329,3.440672,0.686364,3.349634,0.685275,0.39,74.9983,11.594958,12.16479,2015-10-05T08:22:42.010,-9999999,K5,192.C-0852(A),Udry,-9999999,HARPS_ech_obs_all,HARPS_ech_obs_wavesimult,STAR_WAVE_K0,7.34549122990796E-06,3.44024620161376E-07,0,0,0
GJ150.0,55.81192,-9.76028,2457300.8546578,1.557316,0.804301,-6146.694292,0.778274,3.711677,0.419287,-6141.941292,0.368923,6.78225,0.427286,9.42541,11.705566,25.692799,3.610035,0.4824,0.000534,0.2245,0.000545,0.298928,0.000706,0,6.486987,47.521649,0.03001,-6.3,154.2,2457300.85465,16.134079,16.134185,0,-9999999,1.403291,3.443007,0.686366,3.349709,0.685278,0.46,74.9983,9.417093,11.724326,2015-10-05T08:24:27.756,-9999999,K5,192.C-0852(A),Udry,-9999999,HARPS_ech_obs_all,HARPS_ech_obs_wavesimult,STAR_WAVE_K0,6.82654765279481E-06,5.26449379217407E-07,0,0,0
GJ150.0,55.81192,-9.76028,2457300.8559095,1.986063,0.847806,-6147.453791,0.812739,4.142699,0.497668,-6142.700718,0.436961,7.045055,0.504817,6.247007,12.098118,25.201965,3.766573,0.482939,0.000629,0.224565,0.000646,0.298714,0.000836,0,6.48886,47.519524,0.030391,-6.3,130.6,2457300.85591,16.130575,16.130693,0,-9999999,1.403291,3.445282,0.686369,3.349782,0.685281,0.49,74.9983,6.229966,12.115719,2015-10-05T08:26:13.642,-9999999,K5,192.C-0852(A),Udry,-9999999,HARPS_ech_obs_all,HARPS_ech_obs_wavesimult,STAR_WAVE_K0,4.45759361236597E-06,6.10696906863001E-07,0,0,0
GJ150.0,55.81192,-9.76028,2457300.8572379,3.176333,0.912484,-6146.751436,0.862038,5.335383,0.601267,-6141.998285,0.522966,8.78636,0.607299,16.465157,11.432153,25.710859,3.879119,0.482698,0.000761,0.224829,0.000784,0.299151,0.001013,0,6.488482,47.522981,0.028438,-6.3,108.6,2457300.85724,16.126862,16.126953,0,-9999999,1.403291,3.447696,0.686371,3.34986,0.685285,0.61,74.9983,16.461419,11.451435,2015-10-05T08:27:59.408,-9999999,K5,192.C-0852(A),Udry,-9999999,HARPS_ech_obs_all,HARPS_ech_obs_wavesimult,STAR_WAVE_K0,2.9687996426602E-06,7.43866000175993E-07,0,0,0
GJ150.0,55.81192,-9.76028,2457300.8585144,3.348464,0.943314,-6145.689308,0.883493,5.509834,0.647096,-6140.936082,0.55762,8.526815,0.652101,21.694817,12.555103,25.664874,4.048823,0.483552,0.00082,0.224583,0.000846,0.299388,0.001094,0,6.484918,47.526133,0.027941,-6.3,100.9,2457300.85851,16.123301,16.12341,0,-9999999,1.403292,3.450016,0.686374,3.349934,0.685288,0.67,74.9983,21.675474,12.573509,2015-10-05T08:29:45.194,-9999999,K5,192.C-0852(A),Udry,-9999999,HARPS_ech_obs_all,HARPS_ech_obs_wavesimult,STAR_WAVE_K0,4.30861854834511E-06,8.06633492003915E-07,0,0,0
GJ150.0,55.81192,-9.76028,2457300.85958,4.57483,0.792878,-6144.039644,0.768216,6.738137,0.396917,-6139.286356,0.347177,9.754103,0.404925,14.497052,11.195109,25.523911,3.576182,0.483803,0.000504,0.22363,0.000513,0.29886,0.000665,0,6.488365,47.517596,0.030501,-6.3,163.4,2457300.85957,16.120333,16.120451,0,-9999999,1.403292,3.451953,0.686376,3.349996,0.685291,0.49,74.9983,14.508599,11.219152,2015-10-05T08:31:30.760,-9999999,K5,192.C-0852(A),Udry,-9999999,HARPS_ech_obs_all,HARPS_ech_obs_wavesimult,STAR_WAVE_K0,6.34223752599897E-06,5.02298158997581E-07,0,0,0
GJ150.0,55.81192,-9.76028,2457300.8608215,4.877295,0.784343,-6143.288335,0.762491,7.042858,0.379577,-6138.534973,0.334312,10.02944,0.388558,11.501359,11.460045,26.919268,3.406127,0.482202,0.000489,0.223352,0.000497,0.299118,0.000645,0,6.488574,47.510556,0.029389,-6.3,168.6,2457300.86081,16.116881,16.116987,0,-9999999,1.403293,3.454209,0.686378,3.350069,0.685294,0.51,74.9983,11.512244,11.481217,2015-10-05T08:33:16.516,-9999999,K5,192.C-0852(A),Udry,-9999999,HARPS_ech_obs_all,HARPS_ech_obs_wavesimult,STAR_WAVE_K0,6.1217312813204E-06,4.82905872634186E-07,0,0,0
GJ150.0,55.81192,-9.76028,2457300.8620895,5.565452,0.744807,-6143.09526,0.730144,7.73332,0.289168,-6138.341824,0.251948,10.526629,0.300182,11.725606,12.056525,26.867867,3.283717,0.48248,0.000367,0.223008,0.000372,0.298419,0.000483,0,6.488409,47.49795,0.029068,-6.3,224.1,2457300.86209,16.113362,16.113462,0,-9999999,1.403293,3.456514,0.686381,3.350143,0.685298,0.56,74.9983,11.739433,12.077604,2015-10-05T08:35:02.322,-9999999,K5,192.C-0852(A),Udry,-9999999,HARPS_ech_obs_all,HARPS_ech_obs_wavesimult,STAR_WAVE_K0,6.04916749441121E-06,3.93211560258427E-07,0,0,0
GJ150.0,55.81192,-9.76028,2457300.8632425,4.711305,0.726031,-6143.339767,0.714871,6.881268,0.236642,-6138.586264,0.203478,9.612904,0.250107,11.316307,10.94637,26.255557,3.228417,0.482063,0.000295,0.223756,0.0003,0.298278,0.000388,0,6.489864,47.499182,0.028721,-6.3,277.8,2457300.86323,16.110168,16.110296,0,-9999999,1.403293,3.458609,0.686383,3.35021,0.685301,0.48,74.9983,11.327818,10.981571,2015-10-05T08:36:47.928,-9999999,K5,192.C-0852(A),Udry,-9999999,HARPS_ech_obs_all,HARPS_ech_obs_wavesimult,STAR_WAVE_K0,7.00630473107555E-06,3.48216254731467E-07,0,0,0
GJ150.0,55.81192,-9.76028,2457305.840854,5.776023,0.821988,-6142.518608,0.468641,7.694623,0.229957,-6138.280192,0.198731,10.387133,0.242961,-9.013331,8.168796,28.204628,3.192711,0.482471,0.000283,0.218677,0.000292,0.298627,0.000379,0,6.489899,47.485804,0.029589,-6.3,285.1,2457305.84085,14.340695,14.3408,0,-9999999,1.404895,3.207246,0.789166,2.833521,0.424417,0.49,99.9983,-9.030434,8.216267,2015-10-10T08:03:58.561,-9999999,K5,192.C-0852(A),Udry,-9999999,HARPS_ech_obs_all,HARPS_ech_obs_wavesimult,STAR_WAVE_K0,6.90216485118276E-06,3.16491761197506E-07,0,0,0
GJ150.0,55.81192,-9.76028,2457305.842438,3.471694,0.816279,-6144.439687,0.460417,5.393173,0.208626,-6140.201178,0.178463,8.336536,0.222348,-6.381276,7.80467,27.078438,3.211413,0.482732,0.000253,0.219376,0.000261,0.298808,0.000338,0,6.489317,47.49175,0.02925,-6.3,319.1,2457305.84243,14.336216,14.336327,0,-9999999,1.404896,3.210125,0.789169,2.833613,0.424423,0.55,99.9983,-6.372956,7.841578,2015-10-10T08:06:09.418,-9999999,K5,192.C-0852(A),Udry,-9999999,HARPS_ech_obs_all,HARPS_ech_obs_wavesimult,STAR_WAVE_K0,7.31082090640072E-06,3.07504866417499E-07,0,0,0
GJ150.0,55.81192,-9.76028,2457305.8438714,1.75984,0.818568,-6146.568793,0.464066,3.683924,0.217402,-6142.3302,0.187663,6.224998,0.23078,-5.854556,7.952399,26.465916,3.288484,0.482101,0.000267,0.218419,0.000275,0.299113,0.000358,0,6.488788,47.49348,0.02981,-6.3,302,2457305.84387,14.332171,14.332286,0,-9999999,1.404896,3.21273,0.789171,2.833697,0.424429,0.48,99.9983,-5.826525,7.9852,2015-10-10T08:08:20.255,-9999999,K5,192.C-0852(A),Udry,-9999999,HARPS_ech_obs_all,HARPS_ech_obs_wavesimult,STAR_WAVE_K0,7.31881284463899E-06,3.83336394840869E-07,0,0,0
GJ150.0,55.81192,-9.76028,2457305.845433,-0.29109,0.821653,-6148.722214,0.468016,1.635832,0.228735,-6144.483529,0.197215,4.426877,0.24138,-4.270683,7.959238,26.530629,3.153022,0.482689,0.000281,0.218354,0.000289,0.29885,0.000375,0,6.487855,47.500207,0.030213,-6.3,287.5,2457305.84543,14.327774,14.327869,0,-9999999,1.404897,3.215568,0.789173,2.833788,0.424435,0.52,99.9983,-4.251294,7.982402,2015-10-10T08:10:31.172,-9999999,K5,192.C-0852(A),Udry,-9999999,HARPS_ech_obs_all,HARPS_ech_obs_wavesimult,STAR_WAVE_K0,6.97735935655727E-06,3.91077384088856E-07,0,0,0
GJ150.0,55.81192,-9.76028,2457305.8469008,-0.803589,0.84593,-6148.685385,0.501465,1.126001,0.304631,-6144.446614,0.267052,4.115245,0.314801,0.358697,8.416778,26.575161,3.360596,0.483405,0.000385,0.218716,0.000397,0.299069,0.000515,0,6.488025,47.508061,0.032334,-6.3,210.4,2457305.84689,14.32365,14.32378,0,-9999999,1.404897,3.218236,0.789176,2.833874,0.424441,0.48,99.9983,0.384713,8.43324,2015-10-10T08:12:41.979,-9999999,K5,192.C-0852(A),Udry,-9999999,HARPS_ech_obs_all,HARPS_ech_obs_wavesimult,STAR_WAVE_K0,6.43555341646239E-06,3.60898800818396E-07,0,0,0
GJ150.0,55.81192,-9.76028,2457305.8484285,0.031301,0.83365,-6148.467394,0.485085,1.963668,0.268646,-6144.228533,0.234845,4.918431,0.279957,-4.682523,8.055899,26.250182,3.327182,0.48303,0.000338,0.218487,0.000348,0.2982,0.000451,0,6.489359,47.505269,0.030525,-6.3,239.6,2457305.84842,14.319367,14.319507,0,-9999999,1.404898,3.221013,0.789178,2.833963,0.424447,0.49,99.9983,-4.693499,8.079236,2015-10-10T08:14:52.966,-9999999,K5,192.C-0852(A),Udry,-9999999,HARPS_ech_obs_all,HARPS_ech_obs_wavesimult,STAR_WAVE_K0,7.28716101775517E-06,3.59062892086835E-07,0,0,0
GJ150.0,55.81192,-9.76028,2457305.8499188,1.804725,0.840883,-6146.446432,0.494926,3.7398,0.290309,-6142.207484,0.254542,6.802286,0.300603,-3.547029,7.981004,26.311438,3.441099,0.483559,0.000366,0.21931,0.000378,0.298664,0.000489,0,6.489033,47.508009,0.029061,-6.3,221,2457305.84991,14.315199,14.315313,0,-9999999,1.404898,3.223721,0.78918,2.83405,0.424453,0.47,99.9983,-3.574722,8.00836,2015-10-10T08:17:03.722,-9999999,K5,192.C-0852(A),Udry,-9999999,HARPS_ech_obs_all,HARPS_ech_obs_wavesimult,STAR_WAVE_K0,7.06032697602546E-06,3.34686126620208E-07,0,0,0
GJ150.0,55.81192,-9.76028,2457305.851615,4.207022,0.818829,-6143.558872,0.464569,6.14518,0.218337,-6139.319823,0.188833,8.969807,0.231507,-5.346223,8.023902,25.670027,3.181805,0.482423,0.000268,0.218496,0.000276,0.299292,0.000358,0,6.488553,47.502157,0.029428,-6.3,301.3,2457305.85161,14.310466,14.310577,0,-9999999,1.404899,3.226804,0.789183,2.83415,0.42446,0.63,99.9983,-5.326826,8.062815,2015-10-10T08:19:14.269,-9999999,K5,192.C-0852(A),Udry,-9999999,HARPS_ech_obs_all,HARPS_ech_obs_wavesimult,STAR_WAVE_K0,7.06876394864851E-06,3.02988522151097E-07,0,0,0
GJ150.0,55.81192,-9.76028,2457305.8528395,6.046269,0.826449,-6142.317922,0.475135,7.986652,0.245366,-6138.078802,0.213502,10.841958,0.257804,-5.338857,8.119463,27.248359,3.284064,0.481976,0.000305,0.218996,0.000315,0.299297,0.000408,0,6.488802,47.499801,0.030183,-6.3,264.9,2457305.85284,14.307059,14.30717,0,-9999999,1.404899,3.229029,0.789185,2.834221,0.424465,0.38,99.9983,-5.35399,8.163628,2015-10-10T08:21:25.056,-9999999,K5,192.C-0852(A),Udry,-9999999,HARPS_ech_obs_all,HARPS_ech_obs_wavesimult,STAR_WAVE_K0,7.05906486439042E-06,4.05879192816021E-07,0,0,0
GJ150.0,55.81192,-9.76028,2457308.7564669,4.497294,0.645105,-6144.11958,0.599656,4.851786,0.180849,-6141.10598,0.152819,7.373348,0.197169,-2.689616,7.712589,27.464691,3.155276,0.480791,0.000223,0.218811,0.000227,0.304581,0.000294,0,6.492507,47.486154,0.029814,-6.3,365.7,2457308.75646,13.423243,13.423383,0.534,-9999999,1.405834,1.643138,0.619237,1.607766,0.579856,0.49,89.9983,-2.665397,7.760549,2015-10-13T06:02:20.756,-9999999,K5,192.C-0852(A),Udry,-9999999,HARPS_ech_obs_all,HARPS_ech_obs_thosimult,STAR_WAVE_K0,7.69446204353924E-06,3.6575000374036E-07,0,0,0
GJ150.0,55.81192,-9.76028,2457308.7578932,4.319784,0.642674,-6144.695059,0.597664,4.676868,0.171971,-6141.681376,0.144799,6.940619,0.188858,-7.060439,7.100785,26.721578,3.131298,0.481109,0.000212,0.218476,0.000215,0.304482,0.000279,0,6.492798,47.479115,0.029526,-6.3,386.1,2457308.75789,13.419203,13.419299,0.417,-9999999,1.405834,1.64573,0.619238,1.607849,0.579858,0.52,89.9983,-7.045534,7.153472,2015-10-13T06:04:21.282,-9999999,K5,192.C-0852(A),Udry,-9999999,HARPS_ech_obs_all,HARPS_ech_obs_thosimult,STAR_WAVE_K0,7.40664205512003E-06,3.63308811281888E-07,0,0,0
GJ150.0,55.81192,-9.76028,2457308.7592681,3.23298,0.641637,-6145.626587,0.596532,3.592563,0.16805,-6142.612823,0.140046,6.000105,0.185134,-4.31129,7.446042,26.35565,3.203814,0.480947,0.000204,0.218692,0.000208,0.304613,0.000269,0,6.49237,47.485734,0.0288,-6.3,400,2457308.75926,13.415301,13.415432,0.172,-9999999,1.405835,1.648229,0.619239,1.607929,0.579859,0.5,89.9983,-4.3117,7.494218,2015-10-13T06:06:21.869,-9999999,K5,192.C-0852(A),Udry,-9999999,HARPS_ech_obs_all,HARPS_ech_obs_thosimult,STAR_WAVE_K0,7.84493682957181E-06,2.69912813965702E-07,0,0,0
GJ150.0,55.81192,-9.76028,2457308.7606728,2.438646,0.640981,-6146.564986,0.595805,2.800782,0.165523,-6143.55114,0.136912,5.1734,0.182308,-1.890418,7.327156,26.302589,3.207891,0.481116,0.000198,0.21869,0.000202,0.304808,0.000262,128,6.491816,47.489198,0.02927,-6.3,411.3,2457308.76067,13.411308,13.411427,0.082,-9999999,1.405835,1.650782,0.61924,1.608011,0.579861,0.51,89.9983,-1.86698,7.367549,2015-10-13T06:08:22.325,-9999999,K5,192.C-0852(A),Udry,-9999999,HARPS_ech_obs_all,HARPS_ech_obs_thosimult,STAR_WAVE_K0,7.48371074375233E-06,3.76612531135891E-07,0,0,0
GJ150.0,55.81192,-9.76028,2457308.7620605,1.43496,0.642006,-6147.519042,0.596998,1.799618,0.169444,-6144.505114,0.142006,4.152026,0.186687,-6.613424,7.706766,26.259543,3.19655,0.480986,0.000206,0.218195,0.00021,0.304397,0.000272,0,6.491899,47.49055,0.029826,-6.3,395.1,2457308.76206,13.407356,13.407452,-0.001,-9999999,1.405836,1.653304,0.619242,1.608092,0.579863,0.5,89.9983,-6.597146,7.739404,2015-10-13T06:10:23.122,-9999999,K5,192.C-0852(A),Udry,-9999999,HARPS_ech_obs_all,HARPS_ech_obs_thosimult,STAR_WAVE_K0,7.49829673203744E-06,3.84631523092217E-07,0,0,0
GJ150.0,55.81192,-9.76028,2457308.7634676,1.016312,0.641705,-6147.771503,0.59651,1.383527,0.168298,-6144.757492,0.139935,3.753845,0.184695,-5.47564,7.582809,26.28095,3.262718,0.480894,0.000203,0.218609,0.000207,0.304133,0.000268,128,6.493067,47.488338,0.030344,-6.3,401.1,2457308.76346,13.403342,13.403466,0.288,-9999999,1.405836,1.655861,0.619243,1.608175,0.579865,0.51,89.9983,-5.470349,7.614595,2015-10-13T06:12:23.788,-9999999,K5,192.C-0852(A),Udry,-9999999,HARPS_ech_obs_all,HARPS_ech_obs_thosimult,STAR_WAVE_K0,7.18102138993041E-06,3.68698370427222E-07,0,0,0
GJ150.0,55.81192,-9.76028,2457308.7648665,0.887347,0.642171,-6147.879851,0.597172,1.257105,0.170062,-6144.865758,0.14272,3.786329,0.187448,-5.108181,7.681039,26.265837,3.143686,0.481224,0.000208,0.218533,0.000212,0.304709,0.000274,0,6.492583,47.489843,0.029991,-6.3,392.3,2457308.76486,13.399345,13.399474,0.669,-9999999,1.405837,1.658404,0.619244,1.608256,0.579866,0.51,89.9983,-5.059753,7.710859,2015-10-13T06:14:24.644,-9999999,K5,192.C-0852(A),Udry,-9999999,HARPS_ech_obs_all,HARPS_ech_obs_thosimult,STAR_WAVE_K0,7.05677513281108E-06,3.83423481134368E-07,0,0,0
GJ150.0,55.81192,-9.76028,2457308.7662423,0.362098,0.642408,-6148.348994,0.597446,0.734356,0.170949,-6145.33482,0.143855,3.122368,0.187862,-2.53575,7.273814,25.077512,3.157317,0.480855,0.000211,0.218578,0.000214,0.304771,0.000277,0,6.490526,47.496317,0.030366,-6.3,388,2457308.76624,13.395408,13.395513,0.38,-9999999,1.405837,1.660904,0.619245,1.608337,0.579868,0.49,89.9983,-2.502766,7.303688,2015-10-13T06:16:25.311,-9999999,K5,192.C-0852(A),Udry,-9999999,HARPS_ech_obs_all,HARPS_ech_obs_thosimult,STAR_WAVE_K0,7.44864822660832E-06,3.25679519865338E-07,0,0,0
GJ150.0,55.81192,-9.76028,2457308.7676507,0.743969,0.642509,-6148.016713,0.597331,1.118787,0.171322,-6145.002457,0.14337,3.642738,0.188369,-5.239274,7.578552,25.582751,3.257993,0.481132,0.00021,0.218565,0.000213,0.304228,0.000276,0,6.491221,47.492136,0.030959,-6.3,389.4,2457308.76765,13.391372,13.391476,0.2,-9999999,1.405837,1.663464,0.619246,1.608419,0.57987,0.5,89.9983,-5.240519,7.606082,2015-10-13T06:18:26.087,-9999999,K5,192.C-0852(A),Udry,-9999999,HARPS_ech_obs_all,HARPS_ech_obs_thosimult,STAR_WAVE_K0,7.80124427243637E-06,3.68074517932736E-07,0,0,0
GJ150.0,55.81192,-9.76028,2457308.7690482,0.85803,0.642115,-6148.060134,0.596893,1.235388,0.169833,-6145.045795,0.141525,3.604026,0.186645,-2.913884,7.460197,25.400782,3.238935,0.480973,0.000205,0.218678,0.000209,0.304281,0.000271,0,6.491335,47.495417,0.030174,-6.3,396.8,2457308.76904,13.387361,13.387499,0.62,-9999999,1.405838,1.666004,0.619248,1.608501,0.579872,0.5,89.9983,-2.888464,7.490845,2015-10-13T06:20:26.834,-9999999,K5,192.C-0852(A),Udry,-9999999,HARPS_ech_obs_all,HARPS_ech_obs_thosimult,STAR_WAVE_K0,6.81032135730744E-06,3.47233020510276E-07,0,0,0
GJ150.0,55.81192,-9.76028,2457327.7015433,3.715649,0.741789,-6144.419821,0.897699,2.951488,0.236035,-6142.141783,0.206413,5.795139,0.248762,3.397498,7.204694,24.750691,3.106416,0.482919,0.000327,0.222043,0.000324,0.306059,0.000424,0,6.486123,47.523851,0.02906,-6.3,256.8,2457327.70153,5.501848,5.50202,0,-9999999,1.411931,0.524485,0.703235,0.866107,0.873646,0.52,129.9983,3.36715,7.234139,2015-11-01T04:42:00.305,-9999999,K5,192.C-0852(A),Udry,-9999999,HARPS_ech_obs_all,HARPS_ech_obs_wavesimult,STAR_WAVE_K0,7.13275789601261E-06,4.46368800701264E-07,0,0,0
GJ150.0,55.81192,-9.76028,2457327.7033956,2.330056,0.743608,-6145.830628,0.899164,1.569261,0.241689,-6143.55248,0.212694,4.379953,0.254205,2.087258,7.298173,25.166516,3.189671,0.482577,0.000338,0.223004,0.000336,0.305882,0.000438,0,6.486096,47.515509,0.029832,-6.3,248.8,2457327.70338,5.496523,5.496708,0,-9999999,1.411932,0.527851,0.703235,0.866216,0.873646,0.51,129.9983,2.083836,7.321486,2015-11-01T04:44:41.634,-9999999,K5,192.C-0852(A),Udry,-9999999,HARPS_ech_obs_all,HARPS_ech_obs_wavesimult,STAR_WAVE_K0,7.11582192925148E-06,3.30775779551306E-07,0,0,0
GJ150.0,55.81192,-9.76028,2457327.705227,1.854612,0.742804,-6146.313679,0.898342,1.097146,0.239205,-6144.035424,0.209188,3.941579,0.252255,2.465,7.150071,26.758635,3.150407,0.483029,0.000334,0.221971,0.00033,0.306681,0.000432,0,6.489542,47.508049,0.030432,-6.3,252.5,2457327.70523,5.491244,5.491387,0,-9999999,1.411932,0.53118,0.703235,0.866323,0.873646,0.49,129.9983,2.470505,7.172368,2015-11-01T04:47:22.462,-9999999,K5,192.C-0852(A),Udry,-9999999,HARPS_ech_obs_all,HARPS_ech_obs_wavesimult,STAR_WAVE_K0,7.16083361641476E-06,3.04698135865635E-07,0,0,0
GJ150.0,55.81192,-9.76028,2457327.707102,2.474782,0.742368,-6145.780388,0.898068,1.720723,0.237846,-6143.502023,0.20801,4.789506,0.250983,1.956135,7.064639,27.585711,3.123104,0.482543,0.000331,0.222362,0.000328,0.305587,0.000428,0,6.491459,47.492703,0.031021,-6.3,254.1,2457327.7071,5.485825,5.485981,0,-9999999,1.411933,0.534587,0.703235,0.866432,0.873647,0.49,129.9983,1.965271,7.087248,2015-11-01T04:50:04.461,-9999999,K5,192.C-0852(A),Udry,-9999999,HARPS_ech_obs_all,HARPS_ech_obs_wavesimult,STAR_WAVE_K0,7.12491117212974E-06,3.73849710537534E-07,0,0,0
GJ150.0,55.81192,-9.76028,2457327.708967,2.959163,0.742856,-6145.161441,0.898348,2.208494,0.239365,-6142.882966,0.209212,5.146096,0.252412,5.09665,6.777721,28.407516,3.293843,0.483071,0.000329,0.217437,0.000327,0.304785,0.000426,0,6.49041,47.497497,0.029399,-6.3,255,2457327.70896,5.480422,5.480595,0,-9999999,1.411934,0.537977,0.703235,0.866541,0.873647,0.49,129.9983,5.094235,6.806386,2015-11-01T04:52:45.599,-9999999,K5,192.C-0852(A),Udry,-9999999,HARPS_ech_obs_all,HARPS_ech_obs_wavesimult,STAR_WAVE_K0,7.30362938965327E-06,4.18884550691719E-07,0,0,0
GJ150.0,55.81192,-9.76028,2457327.7108592,3.860789,0.741239,-6144.227239,0.897329,3.113559,0.234297,-6141.948653,0.204794,5.960896,0.247429,3.470464,7.144238,27.565916,3.141048,0.481686,0.000322,0.216544,0.00032,0.305263,0.000418,0,6.490292,47.502011,0.030332,-6.3,259.8,2457327.71085,5.474928,5.475101,0,-9999999,1.411934,0.541416,0.703235,0.866652,0.873647,0.51,129.9983,3.453878,7.174958,2015-11-01T04:55:26.478,-9999999,K5,192.C-0852(A),Udry,-9999999,HARPS_ech_obs_all,HARPS_ech_obs_wavesimult,STAR_WAVE_K0,7.82323010307295E-06,3.71298702922648E-07,0,0,0
GJ150.0,55.81192,-9.76028,2457327.7127076,4.8598,0.742516,-6143.231946,0.898316,4.115929,0.238307,-6140.953251,0.209073,7.004251,0.251263,2.830484,7.094695,26.871237,3.258859,0.482083,0.000329,0.216435,0.000327,0.305349,0.000427,0,6.489336,47.510243,0.030175,-6.3,254.6,2457327.7127,5.469548,5.469724,0,-9999999,1.411935,0.544775,0.703236,0.86676,0.873647,0.5,129.9983,2.830811,7.129016,2015-11-01T04:58:07.477,-9999999,K5,192.C-0852(A),Udry,-9999999,HARPS_ech_obs_all,HARPS_ech_obs_wavesimult,STAR_WAVE_K0,7.77389509216274E-06,2.65969005959676E-07,0,0,0
GJ150.0,55.81192,-9.76028,2457340.8284839,3.031637,0.589837,-6156.808705,0.671312,2.874599,0.153884,-6154.319739,0.127689,5.161777,0.170728,5.524254,5.928585,21.624329,3.1219,0.480079,0.000187,0.2205,0.000188,0.303994,0.000246,128,7.044754,59.974766,-0.015053,-99999,438.7,2457340.82848,-0.854812,-0.854669,1.067,-9999999,1.416156,1.131608,0.56941,1.07281,0.659057,0.5,99.9983,5.483365,5.990816,2015-11-14T07:44:56.395,-9999999,G2,096.C-0499(A),UNKNOWN,-9999999,HARPS_ech_obs_all,HARPS_ech_obs_thosimult,STAR_WAVE_G2,6.98846611692479E-06,3.64203650233228E-07,0,0,0
GJ150.0,55.81192,-9.76028,2457340.8299787,5.643238,0.591265,-6153.947821,0.672434,5.488917,0.159259,-6151.458767,0.133444,8.106608,0.176101,9.481401,6.107607,21.329657,3.158662,0.480563,0.000202,0.220706,0.0002,0.304514,0.000262,128,7.043618,59.984247,-0.014598,-99999,412.4,2457340.82997,-0.858256,-0.858102,0.86,-9999999,1.416157,1.134325,0.569413,1.072897,0.65906,0.48,99.9983,9.488559,6.175115,2015-11-14T07:47:07.542,-9999999,G2,096.C-0499(A),UNKNOWN,-9999999,HARPS_ech_obs_all,HARPS_ech_obs_thosimult,STAR_WAVE_G2,6.83958141586409E-06,4.13663258144442E-07,0,0,0
GJ150.0,55.81192,-9.76028,2457341.8153413,1.521306,0.608026,-6157.177977,1.353568,3.002821,0.145718,-6154.066958,0.117947,5.375518,0.164705,17.749102,10.618294,22.878975,3.090221,0.479754,0.000163,0.213926,0.000167,0.304435,0.00022,128,7.048442,59.95265,-0.01498,-99999,490.4,2457341.81534,-1.290161,-1.290016,0.468,-9999999,1.416474,2.770161,0.590307,1.694545,1.348419,0.52,99.9983,17.71118,10.65262,2015-11-15T07:25:59.101,-9999999,G2,096.C-0499(A),UNKNOWN,-9999999,HARPS_ech_obs_all,HARPS_ech_obs_thosimult,STAR_WAVE_G2,7.43331696617981E-06,3.53754982915151E-07,0,0,0
GJ150.0,55.81192,-9.76028,2457359.8195441,5.047694,0.712785,-6155.148065,1.365084,3.488443,0.242802,-6153.433988,0.212626,6.683522,0.256418,9.141493,5.564913,23.450871,3.365385,0.475515,0.000304,0.216243,0.000313,0.307845,0.000413,0,7.043428,59.967975,-0.016011,-99999,264.8,2457359.81953,-9.485943,-9.485796,-1.832,-9999999,1.422268,-0.270605,0.670156,0.291809,1.348423,0.55,99.9983,9.162053,5.600846,2015-12-03T07:32:25.844,-9999999,G2,096.C-0499(A),UNKNOWN,-9999999,HARPS_ech_obs_all,HARPS_ech_obs_thosimult,STAR_WAVE_G2,7.53377276679392E-06,4.08174441435382E-07,0,0,0
GJ150.0,55.81192,-9.76028,2457359.8210032,5.943709,0.712942,-6154.923486,1.365212,4.38711,0.243256,-6153.209323,0.213434,7.477937,0.256849,6.86658,6.519029,24.026021,3.333809,0.480306,0.000307,0.216214,0.000316,0.307085,0.000415,0,7.042944,59.961315,-0.016836,-99999,262.8,2457359.82099,-9.488493,-9.488354,-2.064,-9999999,1.422269,-0.267953,0.670158,0.291894,1.348425,0.5,99.9983,6.873532,6.55225,2015-12-03T07:34:36.911,-9999999,G2,096.C-0499(A),UNKNOWN,-9999999,HARPS_ech_obs_all,HARPS_ech_obs_thosimult,STAR_WAVE_G2,7.08570777609216E-06,4.04659728317406E-07,0,0,0
GJ150.0,55.81192,-9.76028,2457360.6478299,6.82891,0.420383,-6153.168572,0.440451,6.038708,0.163142,-6151.175227,0.13716,8.678427,0.180621,5.757801,9.55632,22.845158,3.191977,0.479792,0.000202,0.220948,0.000205,0.306103,0.00027,128,7.045378,59.954499,-0.015866,-99999,403.1,2457360.64782,-9.487383,-9.487217,-0.014,-9999999,1.422535,0.498444,0.387435,0.57081,0.418551,0.51,99.9983,5.727017,9.597804,2015-12-04T03:25:15.961,-9999999,G2,096.C-0499(A),UNKNOWN,-9999999,HARPS_ech_obs_all,HARPS_ech_obs_thosimult,STAR_WAVE_G2,7.73359538603286E-06,3.58253983516388E-07,0,0,0
GJ150.0,55.81192,-9.76028,2457360.6493224,5.683183,0.426602,-6154.237427,0.44565,4.895694,0.178561,-6152.243995,0.153041,7.599656,0.195347,2.209611,9.432137,22.999769,3.260937,0.480027,0.000227,0.220983,0.00023,0.306845,0.000303,0,7.045021,59.957178,-0.015362,-99999,359.5,2457360.64931,-9.491794,-9.491648,0.297,-9999999,1.422535,0.501157,0.387434,0.570897,0.418548,0.49,99.9983,2.176302,9.468986,2015-12-04T03:27:26.918,-9999999,G2,096.C-0499(A),UNKNOWN,-9999999,HARPS_ech_obs_all,HARPS_ech_obs_thosimult,STAR_WAVE_G2,7.38400610079152E-06,2.84646861003588E-07,0,0,0
GJ150.0,55.81192,-9.76028,2457360.7231888,2.114228,0.444478,-6157.636303,0.459875,1.460989,0.217884,-6155.638531,0.190593,4.573382,0.233044,7.244004,9.856236,25.216668,3.277339,0.479623,0.000279,0.221576,0.000284,0.299667,0.000374,0,7.044068,59.955022,-0.015413,-99999,291.8,2457360.72319,-9.704973,-9.704841,0.077,-9999999,1.422559,0.635407,0.387412,0.575213,0.418521,0.48,99.9983,7.191954,9.877803,2015-12-04T05:13:50.180,-9999999,G2,096.C-0499(A),UNKNOWN,-9999999,HARPS_ech_obs_all,HARPS_ech_obs_thosimult,STAR_WAVE_G2,7.16026925551483E-06,3.22681871790216E-07,0,0,0
GJ150.0,55.81192,-9.76028,2457360.7247265,5.403914,0.446293,-6154.348626,0.46145,4.75347,0.221561,-6152.350763,0.194361,7.649039,0.236212,9.630455,9.626275,23.88774,3.389975,0.480432,0.000286,0.221289,0.000291,0.299716,0.000383,0,7.042364,59.965398,-0.016365,-99999,285.1,2457360.72473,-9.709159,-9.709049,-0.112,-9999999,1.42256,0.638202,0.387412,0.575303,0.418522,0.49,99.9983,9.606405,9.657606,2015-12-04T05:16:02.038,-9999999,G2,096.C-0499(A),UNKNOWN,-9999999,HARPS_ech_obs_all,HARPS_ech_obs_thosimult,STAR_WAVE_G2,7.44087405197792E-06,3.56776935566143E-07,0,0,0
GJ150.0,55.81192,-9.76028,2457361.6885714,4.469563,0.57367,-6155.521708,0.614329,1.769221,0.206583,-6155.380789,0.178759,4.759768,0.220557,2.557516,7.978991,22.818383,3.162222,0.480199,0.000275,0.216052,0.000278,0.307021,0.000366,0,7.04262,59.973726,-0.015985,-99999,299.1,2457361.68856,-10.047076,-10.046936,0.601,-9999999,1.42287,-1.411696,0.535183,-1.281951,0.587746,0.49,99.9983,2.557601,8.002978,2015-12-05T04:24:00.949,-9999999,G2,096.C-0499(A),UNKNOWN,-9999999,HARPS_ech_obs_all,HARPS_ech_obs_thosimult,STAR_WAVE_G2,7.04235899712097E-06,3.72195260503704E-07,0,0,0
GJ150.0,55.81192,-9.76028,2457361.6901006,4.938418,0.572605,-6155.30843,0.613418,2.240855,0.203608,-6155.167422,0.175603,5.087716,0.21759,4.001786,8.10554,22.068221,3.257119,0.480567,0.000266,0.2167,0.000271,0.306017,0.000355,0,7.04196,59.97158,-0.016178,-99999,307.4,2457361.6901,-10.051489,-10.051368,0.39,-9999999,1.42287,-1.408917,0.535182,-1.281862,0.587746,0.5,99.9983,4.009356,8.131693,2015-12-05T04:26:12.076,-9999999,G2,096.C-0499(A),UNKNOWN,-9999999,HARPS_ech_obs_all,HARPS_ech_obs_thosimult,STAR_WAVE_G2,7.11341371696277E-06,3.89889203309078E-07,0,0,0
GJ150.0,55.81192,-9.76028,2457362.6844239,7.289063,0.545407,-6151.677837,0.654496,6.388612,0.166232,-6150.522024,0.139976,8.949078,0.183393,9.193509,10.696836,23.649414,3.14574,0.480583,0.000206,0.221159,0.000209,0.298312,0.000275,0,7.047118,59.953688,-0.01579,-99999,394.9,2457362.68442,-10.472412,-10.47227,0.331,-9999999,1.42319,0.388195,0.519457,-0.267377,0.639353,0.5,99.9983,9.253359,10.728793,2015-12-06T04:18:04.519,-9999999,G2,096.C-0499(A),UNKNOWN,-9999999,HARPS_ech_obs_all,HARPS_ech_obs_thosimult,STAR_WAVE_G2,6.99306602973327E-06,2.91240881474481E-07,0,0,0
GJ150.0,55.81192,-9.76028,2457362.685953,6.556979,0.544992,-6152.384011,0.653756,5.659307,0.164866,-6151.228108,0.136476,8.255276,0.181202,6.953396,10.006351,24.00798,3.227316,0.480443,0.000199,0.220723,0.000203,0.297805,0.000267,128,7.047941,59.953373,-0.015778,-99999,406,2457362.68595,-10.476828,-10.476701,0.485,-9999999,1.423191,0.390974,0.519457,-0.267288,0.639353,0.51,99.9983,7.011693,10.035612,2015-12-06T04:20:15.637,-9999999,G2,096.C-0499(A),UNKNOWN,-9999999,HARPS_ech_obs_all,HARPS_ech_obs_thosimult,STAR_WAVE_G2,7.35891604563783E-06,2.54033043314159E-07,0,0,0
GJ150.0,55.81192,-9.76028,2457373.7171304,-2.383234,0.844583,-6149.899937,1.090222,-1.922105,0.154721,-6146.582382,0.129843,0.676452,0.171637,10.015651,6.560629,20.603468,3.128201,0.479191,0.000178,0.221441,0.000185,0.29703,0.000242,128,6.490125,47.51836,0.030045,-6.3,448,2457373.71712,-15.134181,-15.134034,0.621,-9999999,1.426741,1.749775,0.830291,1.890814,1.082462,0.49,99.9983,9.927762,6.583484,2015-12-17T05:05:51.696,-9999999,K5,192.C-0852(A),Udry,-9999999,HARPS_ech_obs_all,HARPS_ech_obs_wavesimult,STAR_WAVE_K0,7.2968097797129E-06,2.88924025193913E-07,0,0,0
GJ150.0,55.81192,-9.76028,2457373.7186698,-1.258834,0.844454,-6148.858694,1.090058,-0.794907,0.154014,-6145.541049,0.128452,2.105712,0.171012,10.861196,6.575717,20.621683,3.137213,0.479193,0.000175,0.221086,0.000182,0.296775,0.000238,128,6.489543,47.51889,0.030412,-6.3,455.1,2457373.71866,-15.137926,-15.137771,1.07,-9999999,1.426742,1.752573,0.830291,1.890903,1.082463,0.51,99.9983,10.781391,6.610362,2015-12-17T05:08:02.703,-9999999,K5,192.C-0852(A),Udry,-9999999,HARPS_ech_obs_all,HARPS_ech_obs_wavesimult,STAR_WAVE_K0,7.39407485649306E-06,3.9063425936135E-07,0,0,0
GJ150.0,55.81192,-9.76028,2457373.7201743,0.698739,0.844642,-6146.871029,1.09018,1.165401,0.155036,-6143.553296,0.129485,3.88061,0.171886,10.30032,6.616741,20.915211,3.173453,0.479374,0.000177,0.221666,0.000184,0.297006,0.000241,128,6.489609,47.519232,0.029499,-6.3,450.1,2457373.72017,-15.141565,-15.141425,0.336,-9999999,1.426742,1.755308,0.830291,1.890991,1.082463,0.5,99.9983,10.22031,6.66054,2015-12-17T05:10:13.700,-9999999,K5,192.C-0852(A),Udry,-9999999,HARPS_ech_obs_all,HARPS_ech_obs_wavesimult,STAR_WAVE_K0,7.28091746303885E-06,3.37569291452992E-07,0,0,0
GJ150.0,55.81192,-9.76028,2457373.7216911,1.691988,0.843669,-6145.784812,1.089515,2.161406,0.149647,-6142.466989,0.123761,4.954965,0.167146,10.884761,6.520066,20.937252,3.050211,0.479389,0.000167,0.221288,0.000174,0.297002,0.000228,128,6.491081,47.510853,0.030492,-6.3,475.5,2457373.72168,-15.145212,-15.145063,0.732,-9999999,1.426743,1.758064,0.830291,1.89108,1.082463,0.5,99.9983,10.821705,6.577491,2015-12-17T05:12:24.757,-9999999,K5,192.C-0852(A),Udry,-9999999,HARPS_ech_obs_all,HARPS_ech_obs_wavesimult,STAR_WAVE_K0,7.33408897043349E-06,3.3525314692072E-07,0,0,0
GJ150.0,55.81192,-9.76028,2457391.6474997,-4.155012,0.5493,-6151.817285,0.527222,-5.513541,0.156742,-6149.670094,0.130517,-2.646909,0.173885,6.872559,5.394171,20.199787,3.17935,0.47918,0.000182,0.214673,0.000185,0.300059,0.000241,128,6.490701,47.524552,0.031009,-6.3,448.3,2457391.64749,-21.149198,-21.149066,-0.3,-9999999,1.432512,-0.069883,0.526462,0.714679,0.510811,0.51,49.9982,6.841555,5.382618,2016-01-04T03:27:32.501,-9999999,K5,192.C-0852(A),Udry,-9999999,HARPS_ech_obs_all,HARPS_ech_obs_wavesimult,STAR_WAVE_K0,6.98101502451673E-06,2.87371031967445E-07,0,0,0
GJ150.0,55.81192,-9.76028,2457391.648434,-2.608869,0.551174,-6149.982268,0.528669,-3.9657,0.163191,-6147.835022,0.136252,-1.073856,0.17948,3.893068,5.377024,19.589822,3.08141,0.478927,0.000185,0.214242,0.00019,0.29999,0.000248,128,6.489331,47.522977,0.031257,-6.3,434.5,2457391.64843,-21.151537,-21.151407,-0.419,-9999999,1.432512,-0.068185,0.526462,0.714734,0.51081,0.51,49.9983,3.870347,5.376439,2016-01-04T03:28:53.225,-9999999,K5,192.C-0852(A),Udry,-9999999,HARPS_ech_obs_all,HARPS_ech_obs_wavesimult,STAR_WAVE_K0,6.91760290202434E-06,3.99103395991379E-07,0,0,0
GJ150.0,55.81192,-9.76028,2457391.6493715,-1.082957,0.550235,-6148.72707,0.527769,-2.438084,0.159991,-6146.579768,0.132718,0.256507,0.176738,2.887792,5.461837,19.119095,3.104063,0.479922,0.000178,0.214874,0.000184,0.300367,0.00024,128,6.489583,47.530013,0.031126,-6.3,450.4,2457391.64936,-21.153876,-21.153741,-0.404,-9999999,1.432513,-0.066481,0.526461,0.714789,0.510809,0.51,49.9983,2.877977,5.472508,2016-01-04T03:30:14.229,-9999999,K5,192.C-0852(A),Udry,-9999999,HARPS_ech_obs_all,HARPS_ech_obs_wavesimult,STAR_WAVE_K0,6.93254294759614E-06,3.13205833431916E-07,0,0,0
GJ150.0,55.81192,-9.76028,2457391.6502981,0.627428,0.550046,-6146.92052,0.527571,-0.726015,0.159342,-6144.773164,0.131935,2.036187,0.176247,2.26064,5.579855,18.679789,3.162133,0.479276,0.000178,0.214859,0.000184,0.299773,0.000239,128,6.4892,47.532796,0.030905,-6.3,450.7,2457391.65029,-21.156182,-21.156064,-0.023,-9999999,1.432513,-0.064797,0.52646,0.714843,0.510808,0.49,49.9983,2.236496,5.605799,2016-01-04T03:31:35.294,-9999999,K5,192.C-0852(A),Udry,-9999999,HARPS_ech_obs_all,HARPS_ech_obs_wavesimult,STAR_WAVE_K0,6.96303017467823E-06,3.06358167448592E-07,0,0,0
GJ150.0,55.81192,-9.76028,2457391.6512349,2.040156,0.550779,-6145.426702,0.528307,0.688415,0.161857,-6143.279291,0.134852,3.59724,0.178018,2.422758,5.416094,17.904187,3.198599,0.479241,0.000178,0.214642,0.000185,0.300307,0.000241,128,6.488768,47.532909,0.029674,-6.3,447.3,2457391.65123,-21.158506,-21.158385,0.272,-9999999,1.432513,-0.063095,0.526459,0.714898,0.510807,0.49,49.9983,2.384085,5.454221,2016-01-04T03:32:56.238,-9999999,K5,192.C-0852(A),Udry,-9999999,HARPS_ech_obs_all,HARPS_ech_obs_wavesimult,STAR_WAVE_K0,6.77426788631213E-06,3.11627024732133E-07,0,0,0
GJ150.0,55.81192,-9.76028,2457391.6521841,4.222782,0.550397,-6143.398103,0.527706,2.872767,0.160555,-6141.250636,0.13248,5.659479,0.177299,1.894282,5.433947,18.260104,3.184791,0.478968,0.000177,0.214608,0.000183,0.299895,0.000239,128,6.488746,47.531143,0.029708,-6.3,451.6,2457391.65218,-21.160854,-21.160726,-0.184,-9999999,1.432514,-0.061369,0.526459,0.714953,0.510806,0.51,49.9983,1.869944,5.486465,2016-01-04T03:34:17.263,-9999999,K5,192.C-0852(A),Udry,-9999999,HARPS_ech_obs_all,HARPS_ech_obs_wavesimult,STAR_WAVE_K0,6.71720122756412E-06,4.18821322218876E-07,0,0,0
GJ150.0,55.81192,-9.76028,2457391.6531154,5.264826,0.549399,-6142.32249,0.52696,3.916503,0.157101,-6140.174968,0.129482,6.611009,0.174162,2.931523,5.341343,19.030659,3.147884,0.478911,0.000174,0.21462,0.000179,0.300049,0.000234,128,6.489797,47.52611,0.030126,-6.3,461.2,2457391.65311,-21.163151,-21.163033,-0.252,-9999999,1.432514,-0.059677,0.526458,0.715008,0.510805,0.5,49.9983,2.874435,5.407748,2016-01-04T03:35:38.227,-9999999,K5,192.C-0852(A),Udry,-9999999,HARPS_ech_obs_all,HARPS_ech_obs_wavesimult,STAR_WAVE_K0,7.47050036780407E-06,3.40403861908956E-07,0,0,0
GJ150.0,55.81192,-9.76028,2457391.6540588,6.075334,0.55219,-6141.668771,0.529635,4.728726,0.166604,-6139.521194,0.139974,7.427351,0.182803,2.334983,5.360094,19.496502,3.147884,0.478715,0.000189,0.214757,0.000195,0.300148,0.000254,128,6.488924,47.519035,0.029946,-6.3,425.1,2457391.65405,-21.16547,-21.165332,-0.163,-9999999,1.432514,-0.057962,0.526457,0.715063,0.510804,0.51,49.9983,2.32339,5.428467,2016-01-04T03:36:59.241,-9999999,K5,192.C-0852(A),Udry,-9999999,HARPS_ech_obs_all,HARPS_ech_obs_wavesimult,STAR_WAVE_K0,7.15066582679721E-06,3.18551969612141E-07,0,0,0
GJ150.0,55.81192,-9.76028,2457391.6549903,5.752788,0.551366,-6141.79685,0.528737,4.407873,0.163854,-6139.649218,0.136542,7.161952,0.180446,1.454362,5.532176,20.350634,3.159279,0.478912,0.000183,0.214695,0.000189,0.300166,0.000247,128,6.490464,47.51473,0.030621,-6.3,437.2,2457391.65499,-21.167753,-21.167649,-0.132,-9999999,1.432515,-0.056269,0.526457,0.715117,0.510803,0.5,49.9983,1.443984,5.594455,2016-01-04T03:38:20.236,-9999999,K5,192.C-0852(A),Udry,-9999999,HARPS_ech_obs_all,HARPS_ech_obs_wavesimult,STAR_WAVE_K0,7.09522402937947E-06,3.49233588679593E-07,0,0,0
GJ150.0,55.81192,-9.76028,2457391.6559222,5.336596,0.551766,-6142.238158,0.528832,3.993374,0.165196,-6140.090471,0.136913,6.594023,0.182006,2.548575,5.548678,20.49725,3.258234,0.479232,0.00018,0.214472,0.000187,0.300451,0.000244,128,6.490204,47.508569,0.030112,-6.3,441.7,2457391.65591,-21.17003,-21.169906,-0.153,-9999999,1.432515,-0.054575,0.526456,0.715172,0.510802,0.49,49.9983,2.515321,5.609443,2016-01-04T03:39:41.250,-9999999,K5,192.C-0852(A),Udry,-9999999,HARPS_ech_obs_all,HARPS_ech_obs_wavesimult,STAR_WAVE_K0,7.25580695026413E-06,3.91306555197139E-07,0,0,0
GJ150.0,55.81192,-9.76028,2457391.6568672,4.094082,0.552753,-6143.4853,0.529734,2.752578,0.168467,-6141.337558,0.140358,5.470688,0.185192,1.322107,5.441357,21.601615,3.095461,0.479236,0.000188,0.214863,0.000195,0.300137,0.000254,128,6.490697,47.509078,0.030049,-6.3,424.3,2457391.65686,-21.172331,-21.172211,-0.366,-9999999,1.432515,-0.052858,0.526455,0.715227,0.510801,0.5,49.9983,1.25655,5.498491,2016-01-04T03:41:02.404,-9999999,K5,192.C-0852(A),Udry,-9999999,HARPS_ech_obs_all,HARPS_ech_obs_wavesimult,STAR_WAVE_K0,7.03959641578763E-06,2.75189223630756E-07,0,0,0
GJ150.0,55.81192,-9.76028,2457418.6014096,-1.950797,0.690326,-6148.16317,0.836982,-2.148377,0.150305,-6146.13125,0.119198,0.786966,0.168845,7.497029,8.524503,21.492407,3.101226,0.480751,0.000161,0.211496,0.000167,0.299183,0.000219,128,6.490631,47.509304,0.030561,-6.3,493.6,2457418.6014,-26.287621,-26.287579,0.041,-9999999,1.441187,1.091066,0.673764,0.590733,0.828451,0.52,99.9982,7.446079,8.538031,2016-01-31T02:23:49.910,-9999999,K5,192.C-0852(A),Udry,-9999999,HARPS_ech_obs_all,HARPS_ech_obs_wavesimult,STAR_WAVE_K0,7.13231875393606E-06,3.06217959084982E-07,0,0,0
GJ150.0,55.81192,-9.76028,2457421.5894354,4.341037,0.474608,-6142.990979,0.658056,4.021477,0.158261,-6140.101417,0.127485,6.939946,0.173893,9.69686,8.125778,18.722866,3.112329,0.475974,0.000175,0.21684,0.000181,0.300241,0.000238,128,6.488754,47.533242,0.029565,-6.3,454.8,2457421.58943,-26.502665,-26.502606,0.775,-9999999,1.442149,0.969086,0.447444,1.447413,0.645589,0.51,99.9983,9.672167,8.172588,2016-02-03T02:06:58.865,-9999999,K5,192.C-0852(A),Udry,-9999999,HARPS_ech_obs_all,HARPS_ech_obs_wavesimult,STAR_WAVE_K0,7.62333780959176E-06,2.7686393756067E-07,0,0,0
GJ150.0,55.81192,-9.76028,2457421.5909373,5.071869,0.47322,-6142.354819,0.657237,4.755039,0.154058,-6139.465169,0.123203,7.485175,0.170437,8.935527,8.055403,19.505528,3.14941,0.475699,0.000169,0.216901,0.000174,0.299819,0.000229,128,6.489826,47.527963,0.029824,-6.3,473.1,2457421.59093,-26.505737,-26.505697,0.974,-9999999,1.442149,0.971816,0.447441,1.447501,0.645586,0.5,99.9983,8.929749,8.11264,2016-02-03T02:09:09.642,-9999999,K5,192.C-0852(A),Udry,-9999999,HARPS_ech_obs_all,HARPS_ech_obs_wavesimult,STAR_WAVE_K0,-9999999,-9999999,-9999999,-9999999,-9999999
GJ150.0,55.81192,-9.76028,2457421.5924527,4.469985,0.47365,-6142.859932,0.65767,4.155909,0.155385,-6139.970193,0.125506,6.861129,0.172097,7.521993,7.80333,20.864704,3.160673,0.476135,0.000174,0.217285,0.00018,0.30064,0.000236,128,6.491062,47.518059,0.028646,-6.3,459.8,2457421.59245,-26.508813,-26.508767,0.985,-9999999,1.44215,0.97457,0.447437,1.447589,0.645583,0.5,99.9983,7.478203,7.85806,2016-02-03T02:11:20.579,-9999999,K5,192.C-0852(A),Udry,-9999999,HARPS_ech_obs_all,HARPS_ech_obs_wavesimult,STAR_WAVE_K0,7.12804105132731E-06,3.17260940112458E-07,0,0,0
GJ150.0,55.81192,-9.76028,2457421.5939919,1.755905,0.473839,-6145.433737,0.657757,1.444627,0.155968,-6142.543908,0.125977,4.158502,0.172709,9.822336,7.762208,21.684731,3.207139,0.476195,0.000175,0.217065,0.00018,0.300313,0.000237,128,6.490874,47.508076,0.029697,-6.3,457.7,2457421.59399,-26.511914,-26.51186,0.684,-9999999,1.44215,0.977368,0.447434,1.447679,0.64558,0.52,99.9982,9.81351,7.793904,2016-02-03T02:13:31.576,-9999999,K5,192.C-0852(A),Udry,-9999999,HARPS_ech_obs_all,HARPS_ech_obs_wavesimult,STAR_WAVE_K0,7.13717749496004E-06,4.02158912994177E-07,0,0,0
GJ150.0,55.81192,-9.76028,2457421.5955085,-1.404121,0.472274,-6148.548656,0.656599,-1.712643,0.151156,-6145.658737,0.119802,1.174765,0.168344,11.183284,8.15168,21.650428,3.116642,0.47595,0.000165,0.217168,0.00017,0.300148,0.000223,128,6.491989,47.509016,0.029561,-6.3,485.4,2457421.5955,-26.514947,-26.514906,0.958,-9999999,1.442151,0.980124,0.447431,1.447768,0.645577,0.52,99.9983,11.20613,8.170598,2016-02-03T02:15:42.624,-9999999,K5,192.C-0852(A),Udry,-9999999,HARPS_ech_obs_all,HARPS_ech_obs_wavesimult,STAR_WAVE_K0,7.04181861992413E-06,3.93039527804389E-07,0,0,0
GJ150.0,55.81192,-9.76028,2457421.5969776,-3.808979,0.472233,-6150.84441,0.656674,-4.114831,0.151035,-6147.954405,0.120225,-1.127341,0.168051,12.839124,8.180541,20.397201,3.149191,0.475936,0.000165,0.217345,0.00017,0.299926,0.000223,128,6.491009,47.520144,0.030447,-6.3,484.6,2457421.59697,-26.517861,-26.517815,0.755,-9999999,1.442151,0.982794,0.447428,1.447854,0.645575,0.48,99.9982,12.798504,8.1862,2016-02-03T02:17:53.571,-9999999,K5,192.C-0852(A),Udry,-9999999,HARPS_ech_obs_all,HARPS_ech_obs_wavesimult,STAR_WAVE_K0,6.74371177451773E-06,3.47534774522026E-07,0,0,0
GJ150.0,55.81192,-9.76028,2457674.8151643,5.229748,0.556426,-6142.728232,0.551934,2.567178,0.203957,-6142.983072,0.175664,5.372157,0.218575,-1.041803,6.346377,24.958794,3.139871,0.47785,0.000267,0.223529,0.000268,0.297967,0.000348,0,6.488014,47.513312,0.029039,-6.3,310.2,2457674.81516,12.942872,12.943042,0.672,-9999999,1.523649,-1.373924,0.517698,-1.778489,0.523233,0.49,109.9982,-1.057082,6.382781,2016-10-13T07:26:38.559,-9999999,K5,198.C-0836(A),Diaz,-9999999,HARPS_ech_obs_all,HARPS_ech_obs_wavesimult,STAR_WAVE_K0,7.68027247011454E-06,3.66083952235346E-07,0,0,0
GJ150.0,55.81192,-9.76028,2457674.816798,5.164971,0.553045,-6142.724734,0.549633,2.50537,0.194536,-6142.979478,0.168282,5.072763,0.210086,-2.110429,6.565099,25.051753,3.197523,0.477902,0.000255,0.223111,0.000256,0.299349,0.000333,0,6.489721,47.503563,0.027932,-6.3,324.8,2457674.81679,12.938155,12.938312,0.758,-9999999,1.52365,-1.370955,0.517701,-1.778394,0.523237,0.49,109.9983,-2.115542,6.603986,2016-10-13T07:28:59.708,-9999999,K5,198.C-0836(A),Diaz,-9999999,HARPS_ech_obs_all,HARPS_ech_obs_wavesimult,STAR_WAVE_K0,7.54323927460727E-06,3.31155734223608E-07,0,0,0
GJ150.0,55.81192,-9.76028,2457674.8184291,3.898241,0.548526,-6144.055506,0.545761,1.241605,0.18128,-6144.310154,0.155155,3.769079,0.197197,0.29586,6.196168,23.658314,3.121463,0.477522,0.00023,0.223035,0.000232,0.29804,0.000302,0,6.488279,47.513136,0.02918,-6.3,357.2,2457674.81842,12.933452,12.933617,0.361,-9999999,1.52365,-1.36799,0.517705,-1.778298,0.523241,0.49,109.9983,0.283279,6.228047,2016-10-13T07:31:20.626,-9999999,K5,198.C-0836(A),Diaz,-9999999,HARPS_ech_obs_all,HARPS_ech_obs_wavesimult,STAR_WAVE_K0,6.80416471613126E-06,3.00484955404608E-07,0,0,0
GJ150.0,55.81192,-9.76028,2457674.8200745,1.540547,0.549939,-6146.490615,0.546994,-1.113099,0.185502,-6146.745166,0.159424,1.607993,0.200921,2.036561,6.34853,23.47466,3.133525,0.478224,0.000242,0.222975,0.000242,0.298026,0.000315,0,6.486436,47.517439,0.029321,-6.3,342.9,2457674.82007,12.928713,12.928866,0.512,-9999999,1.523651,-1.365,0.517708,-1.778202,0.523246,0.5,109.9983,2.016025,6.368282,2016-10-13T07:33:41.684,-9999999,K5,198.C-0836(A),Diaz,-9999999,HARPS_ech_obs_all,HARPS_ech_obs_wavesimult,STAR_WAVE_K0,7.3068818725233E-06,3.08864128180423E-07,0,0,0
GJ150.0,55.81192,-9.76028,2457674.8217188,-0.489053,0.551558,-6148.233232,0.548144,-3.139711,0.19024,-6148.487687,0.163314,-0.594675,0.205491,2.34019,6.421617,24.328745,3.106329,0.478115,0.000251,0.223286,0.000251,0.298862,0.000326,0,6.488215,47.512366,0.029203,-6.3,331.8,2457674.82171,12.923985,12.924151,0.582,-9999999,1.523651,-1.362012,0.517711,-1.778106,0.52325,0.51,109.9983,2.32558,6.43065,2016-10-13T07:36:02.642,-9999999,K5,198.C-0836(A),Diaz,-9999999,HARPS_ech_obs_all,HARPS_ech_obs_wavesimult,STAR_WAVE_K0,7.39135347262235E-06,3.91461138827093E-07,0,0,0
GJ150.0,55.81192,-9.76028,2457675.6771192,-4.897098,1.162873,-6152.453324,1.105499,-3.54978,0.145025,-6149.249365,0.11703,-1.228487,0.162441,8.156656,10.325677,22.537195,3.036228,0.48322,0.00017,0.222947,0.000173,0.299306,0.000226,128,6.490561,47.508594,0.030181,-6.3,478.8,2457675.67712,12.924324,12.92449,0.695,-9999999,1.523927,2.635964,1.153795,1.680032,1.099287,0.51,119.9983,8.144043,10.329652,2016-10-14T04:07:40.973,-9999999,K5,198.C-0836(A),Diaz,-9999999,HARPS_ech_obs_all,HARPS_ech_obs_wavesimult,STAR_WAVE_K0,7.50057155160545E-06,3.29787106319088E-07,0,0,0
GJ150.0,55.81192,-9.76028,2457675.678822,-5.121839,1.164126,-6152.74651,1.106592,-3.771426,0.154749,-6149.542452,0.126952,-1.314951,0.171579,9.695055,10.413648,22.38082,3.063744,0.483157,0.000184,0.223201,0.000188,0.299595,0.000245,128,6.490324,47.510008,0.02985,-6.3,441.8,2457675.67882,12.920423,12.920579,0.652,-9999999,1.523927,2.639059,1.153795,1.680131,1.099286,0.48,119.9983,9.673802,10.417051,2016-10-14T04:10:11.693,-9999999,K5,198.C-0836(A),Diaz,-9999999,HARPS_ech_obs_all,HARPS_ech_obs_wavesimult,STAR_WAVE_K0,7.29071487230627E-06,3.23558322025284E-07,0,0,0
GJ150.0,55.81192,-9.76028,2457675.6805832,-4.392576,1.166295,-6151.997904,1.108587,-3.038962,0.1703,-6148.793742,0.143307,-0.604545,0.186385,9.792779,9.990727,23.131915,3.185603,0.48321,0.000208,0.223019,0.000213,0.2989,0.000277,0,6.489352,47.511098,0.029487,-6.3,390.6,2457675.68058,12.916357,12.916526,0.249,-9999999,1.523928,2.64226,1.153794,1.680234,1.099286,0.49,119.9983,9.738851,9.996172,2016-10-14T04:12:42.652,-9999999,K5,198.C-0836(A),Diaz,-9999999,HARPS_ech_obs_all,HARPS_ech_obs_wavesimult,STAR_WAVE_K0,6.85581221328183E-06,3.86934943237615E-07,0,0,0
GJ150.0,55.81192,-9.76028,2457675.6823586,-3.43282,1.163455,-6151.014625,1.106001,-2.07598,0.149619,-6147.810359,0.121691,0.27868,0.167,10.330024,9.759088,22.962028,3.118472,0.483476,0.000177,0.223128,0.00018,0.299076,0.000235,128,6.490467,47.508929,0.030156,-6.3,460.6,2457675.68235,12.912225,12.912392,0.458,-9999999,1.523928,2.645486,1.153794,1.680338,1.099285,0.51,119.9982,10.310848,9.769527,2016-10-14T04:15:13.640,-9999999,K5,198.C-0836(A),Diaz,-9999999,HARPS_ech_obs_all,HARPS_ech_obs_wavesimult,STAR_WAVE_K0,7.26056929175328E-06,3.46212963518969E-07,0,0,0
GJ150.0,55.81192,-9.76028,2457675.6840645,-2.946645,1.163462,-6150.465564,1.106018,-1.586704,0.149682,-6147.261197,0.121854,0.663362,0.166771,7.540879,9.976708,23.102791,3.100573,0.483258,0.000176,0.223086,0.00018,0.299366,0.000235,128,6.490877,47.508296,0.029665,-6.3,460.2,2457675.68406,12.908226,12.908385,0.534,-9999999,1.523929,2.648587,1.153794,1.680438,1.099285,0.48,119.9983,7.506138,9.989786,2016-10-14T04:17:44.629,-9999999,K5,198.C-0836(A),Diaz,-9999999,HARPS_ech_obs_all,HARPS_ech_obs_wavesimult,STAR_WAVE_K0,-9999999,-9999999,-9999999,-9999999,-9999999
GJ150.0,55.81192,-9.76028,2457676.8137764,-0.494603,1.089563,-6148.459033,1.103863,-0.289339,0.151441,-6146.074062,0.124414,1.87817,0.16833,7.66574,7.914185,22.023041,3.107346,0.483464,0.000182,0.22309,0.000184,0.299533,0.00024,128,6.488742,47.518262,0.028077,-6.3,450.9,2457676.81377,12.151559,12.151719,0.279,-9999999,1.524292,1.49391,1.078987,0.860679,1.09683,0.49,119.9983,7.661625,7.931284,2016-10-15T07:24:26.484,-9999999,K5,198.C-0836(A),Diaz,-9999999,HARPS_ech_obs_all,HARPS_ech_obs_wavesimult,STAR_WAVE_K0,7.21942801929588E-06,3.5323077774549E-07,0,0,0
GJ150.0,55.81192,-9.76028,2457676.8155397,-1.88063,1.09128,-6149.762092,1.105259,-1.672161,0.163328,-6147.377017,0.136224,0.769338,0.179616,11.13982,8.773014,23.075108,3.177926,0.483308,0.000201,0.223342,0.000204,0.299338,0.000265,128,6.488457,47.514023,0.029173,-6.3,408.5,2457676.81553,12.146472,12.146627,0.314,-9999999,1.524293,1.497115,1.078988,0.860782,1.096832,0.5,119.9983,11.119211,8.783742,2016-10-15T07:26:57.632,-9999999,K5,198.C-0836(A),Diaz,-9999999,HARPS_ech_obs_all,HARPS_ech_obs_wavesimult,STAR_WAVE_K0,7.10013598097763E-06,3.40463334247979E-07,0,0,0
GJ150.0,55.81192,-9.76028,2457676.8173016,-2.929239,1.091913,-6151.070186,1.105914,-2.717568,0.167495,-6148.685007,0.141423,-0.214177,0.184325,12.850688,9.011799,22.983855,3.150739,0.483,0.000211,0.223302,0.000213,0.299425,0.000278,0,6.48905,47.516251,0.029827,-6.3,389.9,2457676.81729,12.141398,12.141572,0.281,-9999999,1.524294,1.500317,1.07899,0.860885,1.096834,0.51,119.9983,12.869082,9.015528,2016-10-15T07:29:28.647,-9999999,K5,198.C-0836(A),Diaz,-9999999,HARPS_ech_obs_all,HARPS_ech_obs_wavesimult,STAR_WAVE_K0,7.09769911974982E-06,2.99705006137923E-07,0,0,0
GJ150.0,55.81192,-9.76028,2457676.8190075,-3.213935,1.092679,-6151.300299,1.106555,-2.999163,0.172408,-6148.915021,0.146342,-0.59335,0.188526,12.70819,8.934693,22.042961,3.13466,0.483151,0.000217,0.223066,0.000219,0.298956,0.000285,0,6.487387,47.515562,0.029612,-6.3,379.7,2457676.819,12.136493,12.136658,0.171,-9999999,1.524294,1.503418,1.078992,0.860984,1.096836,0.48,119.9983,12.678921,8.938733,2016-10-15T07:31:59.636,-9999999,K5,198.C-0836(A),Diaz,-9999999,HARPS_ech_obs_all,HARPS_ech_obs_wavesimult,STAR_WAVE_K0,7.73498540172742E-06,3.99253700228288E-07,0,0,0
GJ150.0,55.81192,-9.76028,2457676.8207971,-2.933102,1.093374,-6151.159932,1.107171,-2.715078,0.176747,-6148.774548,0.15091,-0.179888,0.192548,13.045118,8.95216,21.866066,3.247667,0.483124,0.000221,0.222688,0.000225,0.299464,0.000293,0,6.48629,47.524046,0.029731,-6.3,370.1,2457676.82079,12.131356,12.131525,0.372,-9999999,1.524295,1.50667,1.078993,0.861089,1.096838,0.51,119.9983,13.077588,8.955913,2016-10-15T07:34:30.645,-9999999,K5,198.C-0836(A),Diaz,-9999999,HARPS_ech_obs_all,HARPS_ech_obs_wavesimult,STAR_WAVE_K0,6.87888957488702E-06,3.35143133422369E-07,0,0,0
GJ150.0,55.81192,-9.76028,2457676.8225448,-2.578075,1.093407,-6150.431885,1.107173,-2.356874,0.176946,-6148.046399,0.150909,0.077118,0.19313,11.382001,8.106435,21.338761,3.225444,0.483236,0.000218,0.223219,0.000223,0.299352,0.00029,0,6.487116,47.521028,0.030116,-6.3,373.1,2457676.82254,12.12635,12.12653,0.376,-9999999,1.524295,1.509847,1.078995,0.861191,1.09684,0.51,119.9983,11.409343,8.113697,2016-10-15T07:37:01.644,-9999999,K5,198.C-0836(A),Diaz,-9999999,HARPS_ech_obs_all,HARPS_ech_obs_wavesimult,STAR_WAVE_K0,6.74307805676318E-06,3.84638191586302E-07,0,0,0
GJ150.0,55.81192,-9.76028,2457681.7720631,-0.072108,0.736002,-6148.384226,0.656032,-2.590195,0.146451,-6147.945869,0.119631,-0.191527,0.162413,1.300839,5.962744,21.262665,3.146875,0.481055,0.000169,0.21811,0.000174,0.304109,0.000226,128,6.49032,47.525189,0.029405,-6.3,476.9,2457681.77206,10.223235,10.223384,0.554,-9999999,1.525888,-1.229441,0.721285,-1.087531,0.645032,0.48,119.9983,1.266422,5.976922,2016-10-20T06:24:07.624,-9999999,K5,198.C-0836(A),Diaz,-9999999,HARPS_ech_obs_all,HARPS_ech_obs_wavesimult,STAR_WAVE_K0,-9999999,-9999999,-9999999,-9999999,-9999999
GJ150.0,55.81192,-9.76028,2457681.7738662,-0.279158,0.73524,-6148.677156,0.655372,-2.793968,0.142561,-6148.238693,0.115945,-0.383591,0.15878,-1.708531,5.717738,19.340206,3.151348,0.481094,0.000164,0.217642,0.000168,0.304154,0.000218,128,6.490364,47.534219,0.029202,-6.3,493.2,2457681.77387,10.217944,10.218097,0.273,-9999999,1.525889,-1.226164,0.721286,-1.087426,0.645035,0.52,119.9983,-1.75219,5.728134,2016-10-20T06:26:38.602,-9999999,K5,198.C-0836(A),Diaz,-9999999,HARPS_ech_obs_all,HARPS_ech_obs_wavesimult,STAR_WAVE_K0,7.01657045319883E-06,4.28226345813096E-07,0,0,0
GJ150.0,55.81192,-9.76028,2457681.7755865,-0.112454,0.735315,-6148.721185,0.655412,-2.624138,0.142942,-6148.282621,0.116158,-0.13495,0.158823,-0.886879,5.62771,18.905591,3.110559,0.481323,0.000164,0.21778,0.000169,0.304365,0.000219,128,6.488788,47.541152,0.02908,-6.3,491.5,2457681.77558,10.212894,10.213051,0.089,-9999999,1.525889,-1.223038,0.721288,-1.087325,0.645037,0.5,119.9982,-0.956094,5.638729,2016-10-20T06:29:09.631,-9999999,K5,198.C-0836(A),Diaz,-9999999,HARPS_ech_obs_all,HARPS_ech_obs_wavesimult,STAR_WAVE_K0,7.25130473694429E-06,3.83979416910126E-07,0,0,0
GJ150.0,55.81192,-9.76028,2457691.7437392,3.16659,0.733106,-6144.873748,0.646731,2.459827,0.184726,-6142.621906,0.159215,5.240478,0.200168,10.022003,7.357968,23.146261,3.094844,0.48178,0.000235,0.2177,0.000238,0.298244,0.00031,0,6.488099,47.512367,0.030046,-6.3,348.8,2457691.74373,5.938078,5.938247,0.936,-9999999,1.529098,0.581883,0.709451,0.722744,0.626827,0.48,81.9983,9.995123,7.395039,2016-10-30T05:43:15.406,-9999999,K5,198.C-0836(A),Diaz,-9999999,HARPS_ech_obs_all,HARPS_ech_obs_wavesimult,STAR_WAVE_K0,6.81325428659113E-06,3.69744709720081E-07,0,0,0
GJ150.0,55.81192,-9.76028,2457691.7450645,3.286094,0.732988,-6144.796565,0.646904,2.581739,0.184254,-6142.544646,0.159913,5.408432,0.19959,13.35444,7.757444,23.902786,3.174516,0.481812,0.000238,0.217056,0.00024,0.298467,0.000313,0,6.488896,47.509935,0.029261,-6.3,345.6,2457691.74506,5.934146,5.934307,0.437,-9999999,1.529098,0.584292,0.709452,0.722821,0.626828,0.5,81.9983,13.331162,7.789343,2016-10-30T05:45:08.272,-9999999,K5,198.C-0836(A),Diaz,-9999999,HARPS_ech_obs_all,HARPS_ech_obs_wavesimult,STAR_WAVE_K0,7.0544513726662E-06,3.40122835870828E-07,0,0,0
GJ150.0,55.81192,-9.76028,2457691.7463706,1.68284,0.732647,-6146.296015,0.646423,0.980859,0.182891,-6144.04402,0.157952,3.688763,0.19875,14.732058,7.747625,23.251698,3.130699,0.481318,0.000235,0.217624,0.000237,0.298392,0.000309,0,6.489034,47.512259,0.029239,-6.3,350,2457691.74637,5.93027,5.930435,0.549,-9999999,1.529098,0.586665,0.709452,0.722897,0.626829,0.5,81.9983,14.722846,7.777317,2016-10-30T05:47:01.119,-9999999,K5,198.C-0836(A),Diaz,-9999999,HARPS_ech_obs_all,HARPS_ech_obs_wavesimult,STAR_WAVE_K0,7.10115572905914E-06,3.13324132528616E-07,0,0,0
GJ150.0,55.81192,-9.76028,2457691.7476782,-0.445124,0.731844,-6148.606622,0.645693,-1.144728,0.179645,-6146.354549,0.154932,1.496061,0.195366,14.458612,7.483719,23.850736,3.13118,0.481699,0.00023,0.217373,0.000232,0.29797,0.000303,0,6.490612,47.508354,0.0293,-6.3,357.1,2457691.74768,5.92639,5.926534,0.522,-9999999,1.529099,0.589042,0.709453,0.722974,0.62683,0.5,81.9982,14.473943,7.500164,2016-10-30T05:48:54.095,-9999999,K5,198.C-0836(A),Diaz,-9999999,HARPS_ech_obs_all,HARPS_ech_obs_wavesimult,STAR_WAVE_K0,6.84628247586035E-06,2.56218527374533E-07,0,0,0
GJ150.0,55.81192,-9.76028,2457691.7489773,-1.58121,0.733886,-6149.675683,0.647569,-2.278453,0.187788,-6147.423534,0.162568,0.503314,0.202989,14.609471,7.589878,23.662146,3.160132,0.481255,0.000242,0.217521,0.000244,0.298148,0.000319,0,6.489368,47.510172,0.028693,-6.3,339.8,2457691.74897,5.922535,5.922696,0.776,-9999999,1.529099,0.591403,0.709454,0.72305,0.626831,0.49,81.9983,14.600225,7.602121,2016-10-30T05:50:47.151,-9999999,K5,198.C-0836(A),Diaz,-9999999,HARPS_ech_obs_all,HARPS_ech_obs_wavesimult,STAR_WAVE_K0,7.49482341009586E-06,4.27129394896721E-07,0,0,0
GJ150.0,55.81192,-9.76028,2457691.7502966,-2.19561,0.733501,-6150.408318,0.647189,-2.890455,0.186274,-6148.156091,0.161042,-0.149134,0.201681,14.984114,7.740721,24.3104,3.059197,0.482041,0.00024,0.217048,0.000242,0.29868,0.000316,0,6.48978,47.505438,0.029155,-6.3,342.6,2457691.75029,5.91862,5.918789,0.61,-9999999,1.5291,0.593801,0.709455,0.723127,0.626832,0.5,81.9983,15.011316,7.748075,2016-10-30T05:52:40.318,-9999999,K5,198.C-0836(A),Diaz,-9999999,HARPS_ech_obs_all,HARPS_ech_obs_wavesimult,STAR_WAVE_K0,7.4597196376802E-06,3.35140337815536E-07,0,0,0
GJ150.0,55.81192,-9.76028,2457691.7516019,-2.446972,0.73079,-6150.371161,0.644629,-3.139445,0.175292,-6148.118858,0.15042,-0.582185,0.19162,12.741117,7.36184,24.317988,3.099274,0.481113,0.000223,0.217364,0.000225,0.2978,0.000294,0,6.491326,47.504399,0.02966,-6.3,368.4,2457691.7516,5.914746,5.914888,0.49,-9999999,1.5291,0.596173,0.709455,0.723203,0.626833,0.5,81.9983,12.723001,7.368696,2016-10-30T05:54:33.094,-9999999,K5,198.C-0836(A),Diaz,-9999999,HARPS_ech_obs_all,HARPS_ech_obs_wavesimult,STAR_WAVE_K0,7.17009938211083E-06,4.03028323835404E-07,0,0,0
GJ150.0,55.81192,-9.76028,2457691.752901,-1.780219,0.731067,-6149.665034,0.64477,-2.470331,0.176438,-6147.412654,0.151017,0.293585,0.192927,11.057527,6.809532,24.761471,3.185156,0.481071,0.000224,0.217394,0.000227,0.298169,0.000295,0,6.491178,47.507996,0.02971,-6.3,366.3,2457691.7529,5.910892,5.91105,0.507,-9999999,1.529101,0.598534,0.709456,0.723279,0.626835,0.49,81.9983,11.012259,6.82275,2016-10-30T05:56:26.150,-9999999,K5,198.C-0836(A),Diaz,-9999999,HARPS_ech_obs_all,HARPS_ech_obs_wavesimult,STAR_WAVE_K0,7.14671698441343E-06,2.70369039522316E-07,0,0,0
GJ150.0,55.81192,-9.76028,2457692.77374,2.882049,0.595155,-6145.496977,0.667632,0.297204,0.176633,-6144.891571,0.152,3.042268,0.192695,2.666094,6.485119,23.205372,3.162058,0.481645,0.000212,0.216685,0.000218,0.304444,0.000284,0,6.489207,47.504491,0.028079,-6.3,379.3,2457692.77374,5.396523,5.396659,0.41,-9999999,1.529429,-1.296199,0.56834,-0.924023,0.650098,0.51,81.9983,2.645492,6.514089,2016-10-31T06:26:23.330,-9999999,K5,198.C-0836(A),Diaz,-9999999,HARPS_ech_obs_all,HARPS_ech_obs_wavesimult,STAR_WAVE_K0,6.16247406245434E-06,3.20867241057807E-07,0,0,0
GJ150.0,55.81192,-9.76028,2457692.7750367,1.341733,0.591537,-6146.689286,0.664718,-1.240755,0.164024,-6146.083803,0.138635,1.356603,0.17996,0.699697,6.057821,22.943909,3.123942,0.481552,0.000192,0.217026,0.000198,0.304631,0.000258,128,6.489885,47.503809,0.029124,-6.3,418.1,2457692.77503,5.392724,5.39287,0.934,-9999999,1.52943,-1.293842,0.568342,-0.923947,0.6501,0.5,81.9983,0.647788,6.082797,2016-10-31T06:28:16.176,-9999999,K5,198.C-0836(A),Diaz,-9999999,HARPS_ech_obs_all,HARPS_ech_obs_wavesimult,STAR_WAVE_K0,7.4024791794023E-06,4.02771568035791E-07,0,0,0
GJ150.0,55.81192,-9.76028,2457692.7763439,-1.362094,0.587047,-6149.307256,0.661322,-3.942206,0.147005,-6148.701697,0.121302,-1.533512,0.164367,-0.77365,6.258636,22.173385,3.115822,0.48141,0.000167,0.216571,0.000171,0.304713,0.000224,128,6.4905,47.504103,0.030006,-6.3,481.8,2457692.77634,5.3889,5.389053,0.962,-9999999,1.52943,-1.291466,0.568343,-0.923871,0.650102,0.5,81.9983,-0.797432,6.264539,2016-10-31T06:30:09.123,-9999999,K5,198.C-0836(A),Diaz,-9999999,HARPS_ech_obs_all,HARPS_ech_obs_wavesimult,STAR_WAVE_K0,6.9242084432973E-06,3.25585984005652E-07,0,0,0
GJ150.0,55.81192,-9.76028,2457692.7776526,-3.264442,0.587665,-6151.269975,0.661851,-5.842176,0.149448,-6150.664339,0.124147,-3.241414,0.166491,1.625127,6.528037,22.136924,3.118297,0.4811,0.00017,0.21691,0.000176,0.304424,0.000229,128,6.489782,47.50589,0.030912,-6.3,470,2457692.77765,5.385076,5.38524,0.734,-9999999,1.52943,-1.289088,0.568344,-0.923794,0.650104,0.5,81.9982,1.590583,6.521351,2016-10-31T06:32:02.189,-9999999,K5,198.C-0836(A),Diaz,-9999999,HARPS_ech_obs_all,HARPS_ech_obs_wavesimult,STAR_WAVE_K0,6.60850344510978E-06,2.91750108782591E-07,0,0,0
GJ150.0,55.81192,-9.76028,2457692.7789624,-4.817669,0.586829,-6152.777052,0.661196,-7.393022,0.146121,-6152.171339,0.120594,-4.835305,0.163304,-0.821443,6.605552,21.346384,3.113329,0.481202,0.000165,0.21709,0.000171,0.304109,0.000222,128,6.489296,47.509989,0.030335,-6.3,484.2,2457692.77896,5.381254,5.381404,0.842,-9999999,1.529431,-1.286707,0.568346,-0.923718,0.650105,0.5,81.9983,-0.894932,6.588356,2016-10-31T06:33:55.355,-9999999,K5,198.C-0836(A),Diaz,-9999999,HARPS_ech_obs_all,HARPS_ech_obs_wavesimult,STAR_WAVE_K0,6.92845882951727E-06,3.50178837124549E-07,0,0,0
GJ150.0,55.81192,-9.76028,2457692.7802676,-5.260119,0.58676,-6153.36986,0.661191,-7.8331,0.145838,-6152.764071,0.120558,-5.246552,0.16275,1.371231,6.44893,20.414359,3.001296,0.481282,0.000165,0.216472,0.00017,0.305085,0.000222,128,6.488669,47.516462,0.030685,-6.3,485.1,2457692.78027,5.377451,5.377602,0.782,-9999999,1.529431,-1.284335,0.568348,-0.923642,0.650107,0.5,81.9983,1.323173,6.430072,2016-10-31T06:35:48.122,-9999999,K5,198.C-0836(A),Diaz,-9999999,HARPS_ech_obs_all,HARPS_ech_obs_wavesimult,STAR_WAVE_K0,7.23971040149493E-06,3.83488123984508E-07,0,0,0
GJ150.0,55.81192,-9.76028,2457692.7815771,-4.165455,0.586632,-6152.155527,0.661053,-6.736056,0.145314,-6151.54966,0.11979,-4.243426,0.162356,2.440856,6.506108,19.924345,3.071165,0.481152,0.000164,0.21667,0.000169,0.304494,0.000221,128,6.488808,47.520298,0.031148,-6.3,487.6,2457692.78157,5.373642,5.373806,0.633,-9999999,1.529432,-1.281955,0.568349,-0.923565,0.650109,0.5,81.9983,2.422149,6.490702,2016-10-31T06:37:41.258,-9999999,K5,198.C-0836(A),Diaz,-9999999,HARPS_ech_obs_all,HARPS_ech_obs_wavesimult,STAR_WAVE_K0,7.10799946812182E-06,3.89616542533772E-07,0,0,0
GJ150.0,55.81192,-9.76028,2457692.7828646,-1.919771,0.587574,-6149.906676,0.661728,-4.488032,0.149065,-6149.300734,0.123449,-1.742863,0.165637,-0.810838,6.79472,20.75684,3.098879,0.481089,0.00017,0.216719,0.000175,0.304803,0.000228,128,6.487832,47.523514,0.029431,-6.3,472.1,2457692.78286,5.369902,5.370055,0.294,-9999999,1.529432,-1.279615,0.568351,-0.92349,0.650111,0.48,81.9983,-0.856425,6.794412,2016-10-31T06:39:34.135,-9999999,K5,198.C-0836(A),Diaz,-9999999,HARPS_ech_obs_all,HARPS_ech_obs_wavesimult,STAR_WAVE_K0,6.95717680967401E-06,3.34532850929943E-07,0,0,0
GJ150.0,55.81192,-9.76028,2457693.8565911,-1.873874,1.096705,-6150.385715,1.359379,-3.730956,0.198578,-6148.902857,0.171898,-0.778067,0.212562,2.569034,6.301985,21.87881,3.229784,0.477636,0.000237,0.221046,0.000246,0.305977,0.000323,0,6.486859,47.515196,0.030674,-6.3,335.6,2457693.85658,4.718661,4.718822,0.444,-9999999,1.529778,-0.568436,1.078577,-0.04692,1.348467,0.5,81.9983,2.582191,6.306456,2016-11-01T08:25:40.856,-9999999,K5,198.C-0836(A),Diaz,-9999999,HARPS_ech_obs_all,HARPS_ech_obs_wavesimult,STAR_WAVE_K0,6.47352156739156E-06,3.26515547392987E-07,0,0,0
GJ150.0,55.81192,-9.76028,2457693.8579021,-1.800536,1.097185,-6150.641559,1.35975,-3.655235,0.201204,-6149.158624,0.174796,-0.716452,0.215093,1.479535,5.970744,21.825942,3.093678,0.477029,0.000241,0.221225,0.000251,0.305803,0.000329,0,6.486688,47.514416,0.02887,-6.3,329.6,2457693.8579,4.715581,4.71573,0.477,-9999999,1.529778,-0.566053,1.078578,-0.046843,1.348469,0.5,81.9983,1.462746,5.978024,2016-11-01T08:27:34.122,-9999999,K5,198.C-0836(A),Diaz,-9999999,HARPS_ech_obs_all,HARPS_ech_obs_wavesimult,STAR_WAVE_K0,7.50185716942371E-06,3.82229782606298E-07,0,0,0
GJ150.0,55.81192,-9.76028,2457693.8591936,-1.408405,1.097993,-6149.946037,1.360271,-3.260757,0.205557,-6148.463027,0.178785,-0.244048,0.219587,-1.890368,5.721802,23.091362,3.225504,0.477432,0.000246,0.220845,0.000255,0.30592,0.000335,0,6.488109,47.511963,0.029238,-6.3,323.2,2457693.85919,4.712565,4.712736,0.519,-9999999,1.529778,-0.563706,1.07858,-0.046768,1.34847,0.48,81.9983,-1.91229,5.731496,2016-11-01T08:29:27.349,-9999999,K5,198.C-0836(A),Diaz,-9999999,HARPS_ech_obs_all,HARPS_ech_obs_wavesimult,STAR_WAVE_K0,7.76122787519516E-06,4.25624819915688E-07,0,0,0
GJ150.0,55.81192,-9.76028,2457693.8604903,-1.030488,1.09565,-6149.500144,1.358673,-2.880483,0.192641,-6148.017057,0.166175,0.010522,0.206966,0.369255,6.246525,22.570163,3.240678,0.477185,0.000226,0.221341,0.000236,0.306338,0.000309,0,6.4882,47.50733,0.029352,-6.3,350.4,2457693.86048,4.709554,4.709711,0.144,-9999999,1.529779,-0.561349,1.078582,-0.046692,1.348472,0.47,81.9983,0.351416,6.255465,2016-11-01T08:31:20.195,-9999999,K5,198.C-0836(A),Diaz,-9999999,HARPS_ech_obs_all,HARPS_ech_obs_wavesimult,STAR_WAVE_K0,-9999999,-9999999,-9999999,-9999999,-9999999
GJ150.0,55.81192,-9.76028,2457693.861818,-0.279145,1.094225,-6148.945344,1.357715,-2.126727,0.184356,-6147.462179,0.158136,0.801187,0.199032,0.84813,6.309979,20.907991,3.134578,0.477566,0.000216,0.221224,0.000225,0.305495,0.000294,0,6.487464,47.519321,0.028389,-6.3,367.4,2457693.86181,4.70649,4.706646,-0.053,-9999999,1.529779,-0.558936,1.078583,-0.046614,1.348474,0.49,81.9983,0.827166,6.322153,2016-11-01T08:33:13.272,-9999999,K5,198.C-0836(A),Diaz,-9999999,HARPS_ech_obs_all,HARPS_ech_obs_wavesimult,STAR_WAVE_K0,6.71657422995605E-06,3.83586031374166E-07,0,0,0
GJ150.0,55.81192,-9.76028,2457693.8631243,-0.089967,1.093773,-6148.679767,1.357434,-1.935175,0.181642,-6147.196525,0.155694,0.88976,0.197015,-0.222677,5.663978,21.622004,3.072376,0.4777,0.00021,0.221057,0.000219,0.305123,0.000287,0,6.487634,47.518118,0.02969,-6.3,376.2,2457693.86312,4.703494,4.703653,-0.107,-9999999,1.52978,-0.556562,1.078585,-0.046538,1.348476,0.49,81.9983,-0.23044,5.676749,2016-11-01T08:35:06.128,-9999999,K5,198.C-0836(A),Diaz,-9999999,HARPS_ech_obs_all,HARPS_ech_obs_wavesimult,STAR_WAVE_K0,7.58851445989069E-06,3.85079182884077E-07,0,0,0
GJ150.0,55.81192,-9.76028,2457693.8644319,0.537354,1.09572,-6147.929984,1.358672,-1.305478,0.193013,-6146.446666,0.166126,1.710183,0.207084,1.386352,6.313173,21.21528,3.17004,0.477383,0.000227,0.220499,0.000236,0.305992,0.00031,0,6.486546,47.526455,0.029994,-6.3,349,2457693.86443,4.700514,4.700657,0.113,-9999999,1.52978,-0.554186,1.078587,-0.046462,1.348478,0.49,81.9983,1.391448,6.331189,2016-11-01T08:36:59.104,-9999999,K5,198.C-0836(A),Diaz,-9999999,HARPS_ech_obs_all,HARPS_ech_obs_wavesimult,STAR_WAVE_K0,7.40811715895259E-06,2.93085964966662E-07,0,0,0
GJ150.0,55.81192,-9.76028,2457693.8657306,2.28776,1.09379,-6146.27514,1.35735,0.447289,0.181723,-6144.791745,0.154924,3.437887,0.1968,-2.022548,5.944559,20.07989,3.213542,0.478019,0.00021,0.221187,0.000219,0.305536,0.000286,0,6.487792,47.523148,0.029147,-6.3,377.3,2457693.86572,4.697572,4.697728,-0.174,-9999999,1.529781,-0.551825,1.078588,-0.046386,1.348479,0.48,81.9983,-2.030864,5.971132,2016-11-01T08:38:52.131,-9999999,K5,198.C-0836(A),Diaz,-9999999,HARPS_ech_obs_all,HARPS_ech_obs_wavesimult,STAR_WAVE_K0,7.39068173300343E-06,2.82812029882697E-07,0,0,0
GJ150.0,55.81192,-9.76028,2457694.7657157,-3.255591,0.502175,-6151.403892,0.425013,-6.19005,0.166481,-6151.284163,0.142587,-3.345209,0.183671,0.934889,4.623347,23.633211,3.214321,0.481205,0.000202,0.216853,0.000207,0.305065,0.00027,0,6.489363,47.503783,0.029591,-6.3,399.6,2457694.7657,4.508556,4.508728,0.058,-9999999,1.53007,-1.645813,0.473776,-1.410341,0.400381,0.48,81.9983,0.950437,4.607595,2016-11-02T06:14:49.605,-9999999,K5,198.C-0836(A),Diaz,-9999999,HARPS_ech_obs_all,HARPS_ech_obs_wavesimult,STAR_WAVE_K0,7.38948421600328E-06,3.47426551177206E-07,0,0,0
GJ150.0,55.81192,-9.76028,2457694.7670749,-3.989803,0.503117,-6152.140645,0.426161,-6.921792,0.169297,-6152.020835,0.145967,-4.231268,0.185748,-1.649262,4.651021,23.538038,3.15698,0.481408,0.000208,0.216398,0.000212,0.304488,0.000277,0,6.489589,47.508794,0.028909,-6.3,389.3,2457694.76707,4.50456,4.504722,-0.049,-9999999,1.530071,-1.643343,0.473777,-1.410261,0.400383,0.54,81.9983,-1.648431,4.626211,2016-11-02T06:16:42.122,-9999999,K5,198.C-0836(A),Diaz,-9999999,HARPS_ech_obs_all,HARPS_ech_obs_wavesimult,STAR_WAVE_K0,7.62620612608429E-06,3.37662305345434E-07,0,0,0
GJ150.0,55.81192,-9.76028,2457694.7683375,-4.871774,0.497955,-6153.118287,0.420594,-7.801468,0.153274,-6152.998403,0.128805,-5.169567,0.170391,3.892643,4.612166,23.271375,3.097429,0.481545,0.000181,0.216358,0.000186,0.304692,0.000242,128,6.491567,47.508815,0.029924,-6.3,445.5,2457694.76833,4.500852,4.501025,0.45,-9999999,1.530071,-1.641048,0.473779,-1.410187,0.400386,0.49,81.9983,3.909441,4.579735,2016-11-02T06:18:35.308,-9999999,K5,198.C-0836(A),Diaz,-9999999,HARPS_ech_obs_all,HARPS_ech_obs_wavesimult,STAR_WAVE_K0,7.41789326197615E-06,3.5124182526932E-07,0,0,0
GJ150.0,55.81192,-9.76028,2457694.769644,-4.58697,0.50019,-6152.806354,0.422777,-7.51429,0.160382,-6152.686394,0.135755,-4.722707,0.176801,2.008298,4.490743,23.419567,3.153901,0.481058,0.000192,0.216408,0.000197,0.304192,0.000256,128,6.489849,47.508671,0.029596,-6.3,420.7,2457694.76964,4.49702,4.497169,0.355,-9999999,1.530071,-1.638674,0.473781,-1.410111,0.400388,0.49,81.9983,1.987253,4.462233,2016-11-02T06:20:28.184,-9999999,K5,198.C-0836(A),Diaz,-9999999,HARPS_ech_obs_all,HARPS_ech_obs_wavesimult,STAR_WAVE_K0,7.2975305802778E-06,3.60393749689018E-07,0,0,0
GJ150.0,55.81192,-9.76028,2457694.7709796,-3.618111,0.500838,-6151.661288,0.42332,-6.543003,0.162385,-6151.541249,0.137429,-3.746575,0.178848,0.691845,4.920129,23.992004,3.163704,0.481304,0.000194,0.216694,0.000199,0.304705,0.00026,128,6.491523,47.503434,0.029626,-6.3,415.7,2457694.77097,4.493107,4.493279,0.507,-9999999,1.530072,-1.636246,0.473782,-1.410033,0.400391,0.52,81.9983,0.684819,4.905916,2016-11-02T06:22:21.121,-9999999,K5,198.C-0836(A),Diaz,-9999999,HARPS_ech_obs_all,HARPS_ech_obs_wavesimult,STAR_WAVE_K0,6.75102230677267E-06,3.50508000809167E-07,0,0,0
GJ150.0,55.81192,-9.76028,2457694.7722494,-2.435709,0.499474,-6150.412474,0.421966,-5.358294,0.158125,-6150.292361,0.133193,-2.692808,0.174644,0.041112,4.535177,24.090125,3.105762,0.481538,0.000188,0.216449,0.000192,0.304907,0.000251,128,6.491316,47.501629,0.030108,-6.3,429.8,2457694.77224,4.489393,4.489563,0.715,-9999999,1.530072,-1.633939,0.473784,-1.409959,0.400394,0.48,81.9983,0.033624,4.53044,2016-11-02T06:24:14.107,-9999999,K5,198.C-0836(A),Diaz,-9999999,HARPS_ech_obs_all,HARPS_ech_obs_wavesimult,STAR_WAVE_K0,7.5039586946066E-06,3.02930686168303E-07,0,0,0
GJ150.0,55.81192,-9.76028,2457694.7735668,-0.43084,0.501476,-6148.644215,0.423961,-3.35103,0.164334,-6148.524024,0.139377,-0.675867,0.180638,-0.314722,4.509277,24.832011,3.060329,0.481687,0.000197,0.216793,0.000202,0.305356,0.000263,128,6.491729,47.49734,0.028954,-6.3,410.3,2457694.77356,4.485544,4.485689,0.489,-9999999,1.530073,-1.631544,0.473786,-1.409882,0.400396,0.49,81.9983,-0.31156,4.521246,2016-11-02T06:26:07.114,-9999999,K5,198.C-0836(A),Diaz,-9999999,HARPS_ech_obs_all,HARPS_ech_obs_wavesimult,STAR_WAVE_K0,7.47354045885486E-06,3.33962227645619E-07,0,0,0
GJ150.0,55.81192,-9.76028,2457694.7748378,0.8103,0.504379,-6147.385876,0.427215,-2.10758,0.172984,-6147.265611,0.148973,0.722242,0.189381,2.520326,4.625297,24.942839,3.215027,0.480922,0.000211,0.216712,0.000216,0.304955,0.000282,0,6.490743,47.495069,0.028764,-6.3,382.9,2457694.77484,4.481836,4.481983,0.383,-9999999,1.530073,-1.629234,0.473787,-1.409808,0.400399,0.45,81.9983,2.519665,4.645614,2016-11-02T06:28:00.200,-9999999,K5,198.C-0836(A),Diaz,-9999999,HARPS_ech_obs_all,HARPS_ech_obs_wavesimult,STAR_WAVE_K0,6.92018503872022E-06,4.78719049693229E-07,0,0,0
GJ150.0,55.81192,-9.76028,2457695.7673862,0.209836,0.500895,-6147.733662,0.562255,-1.162066,0.193002,-6145.90913,0.1669,1.801014,0.208111,2.766309,5.672973,22.980677,3.169046,0.48168,0.000241,0.220936,0.000246,0.30515,0.000322,0,6.488901,47.512735,0.029915,-6.3,336.3,2457695.76739,4.045357,4.045498,0.298,-9999999,1.530393,-0.083256,0.462219,0.294139,0.536912,0.48,81.9983,2.731243,5.694961,2016-11-03T06:17:12.679,-9999999,K5,198.C-0836(A),Diaz,-9999999,HARPS_ech_obs_all,HARPS_ech_obs_wavesimult,STAR_WAVE_K0,6.29685101085207E-06,3.26951056211529E-07,0,0,0
GJ150.0,55.81192,-9.76028,2457695.7687097,3.510867,0.507031,-6144.554271,0.566662,2.14137,0.208404,-6142.729661,0.181188,5.160707,0.222613,2.507443,6.194036,24.08455,3.151481,0.481753,0.000265,0.220463,0.00027,0.305846,0.000355,0,6.486826,47.509906,0.029061,-6.3,306.1,2457695.76871,4.041479,4.041642,0.5,-9999999,1.530393,-0.080851,0.462221,0.294217,0.536914,0.49,81.9983,2.480236,6.231745,2016-11-03T06:19:06.215,-9999999,K5,198.C-0836(A),Diaz,-9999999,HARPS_ech_obs_all,HARPS_ech_obs_wavesimult,STAR_WAVE_K0,7.37497409193678E-06,3.87307022538456E-07,0,0,0
GJ150.0,55.81192,-9.76028,2457695.770037,5.680576,0.502511,-6142.475023,0.563276,4.313491,0.19715,-6140.650336,0.170296,7.113905,0.21197,-2.838472,5.539407,23.697405,3.085196,0.481437,0.000245,0.220999,0.000251,0.305923,0.000329,0,6.488153,47.503449,0.029084,-6.3,329.7,2457695.77004,4.037596,4.037757,-0.079,-9999999,1.530393,-0.078439,0.462222,0.294294,0.536916,0.51,81.9983,-2.852368,5.591789,2016-11-03T06:20:59.251,-9999999,K5,198.C-0836(A),Diaz,-9999999,HARPS_ech_obs_all,HARPS_ech_obs_wavesimult,STAR_WAVE_K0,7.49227089861358E-06,3.54332484732527E-07,0,0,0
GJ150.0,55.81192,-9.76028,2457695.7713157,6.055164,0.505486,-6142.170056,0.565457,4.690403,0.204609,-6140.345293,0.177372,7.733177,0.219146,3.371831,5.992239,24.337096,3.157812,0.481719,0.00026,0.220708,0.000264,0.305679,0.000347,0,6.487836,47.508387,0.028872,-6.3,312.8,2457695.77131,4.033861,4.034017,0.37,-9999999,1.530394,-0.076115,0.462224,0.294369,0.536918,0.48,81.9983,3.372857,6.043487,2016-11-03T06:22:52.188,-9999999,K5,198.C-0836(A),Diaz,-9999999,HARPS_ech_obs_all,HARPS_ech_obs_wavesimult,STAR_WAVE_K0,6.80541029099863E-06,3.4838893128698E-07,0,0,0
GJ150.0,55.81192,-9.76028,2457695.7726424,5.324939,0.502634,-6142.688625,0.563539,3.96259,0.197454,-6140.863785,0.171153,6.829213,0.211976,-1.536027,5.814337,23.989645,3.104773,0.482062,0.000249,0.220706,0.000254,0.306302,0.000334,0,6.486945,47.5066,0.02763,-6.3,325.2,2457695.77264,4.029991,4.030144,-0.09,-9999999,1.530394,-0.073703,0.462226,0.294446,0.53692,0.5,81.9983,-1.58604,5.864654,2016-11-03T06:24:45.174,-9999999,K5,198.C-0836(A),Diaz,-9999999,HARPS_ech_obs_all,HARPS_ech_obs_wavesimult,STAR_WAVE_K0,7.14992262516107E-06,4.20245633717583E-07,0,0,0
GJ150.0,55.81192,-9.76028,2457695.773952,3.684371,0.503928,-6144.341553,0.564372,2.324402,0.200721,-6142.516635,0.17387,5.323491,0.215166,3.653128,6.005352,24.603203,3.07793,0.481452,0.000254,0.220877,0.000259,0.30575,0.00034,0,6.488224,47.499355,0.029239,-6.3,319.1,2457695.77395,4.026177,4.026343,-0.453,-9999999,1.530395,-0.071323,0.462228,0.294523,0.536922,0.51,81.9983,3.654739,6.038472,2016-11-03T06:26:37.501,-9999999,K5,198.C-0836(A),Diaz,-9999999,HARPS_ech_obs_all,HARPS_ech_obs_wavesimult,STAR_WAVE_K0,6.99550876542118E-06,3.702565146022E-07,0,0,0
GJ150.0,55.81192,-9.76028,2457695.7752374,0.606092,0.500797,-6147.20342,0.56221,-0.751541,0.192723,-6145.378427,0.166711,2.116193,0.208024,1.295283,6.043259,23.990083,3.237663,0.481932,0.000245,0.2209,0.000249,0.305799,0.000327,0,6.48792,47.511192,0.029095,-6.3,332.2,2457695.77523,4.022439,4.022588,-0.151,-9999999,1.530395,-0.068987,0.462229,0.294598,0.536924,0.49,81.9983,1.265035,6.063587,2016-11-03T06:28:30.197,-9999999,K5,198.C-0836(A),Diaz,-9999999,HARPS_ech_obs_all,HARPS_ech_obs_wavesimult,STAR_WAVE_K0,6.94490674071305E-06,3.19687658905768E-07,0,0,0
GJ150.0,55.81192,-9.76028,2457695.7765443,-1.444787,0.499416,-6149.127668,0.561013,-2.800045,0.189101,-6147.302598,0.162621,0.29582,0.204079,3.554446,5.605686,23.333707,3.144399,0.481458,0.000236,0.220539,0.000241,0.305834,0.000316,0,6.48767,47.512752,0.031009,-6.3,343.3,2457695.77654,4.018645,4.0188,0.106,-9999999,1.530396,-0.066612,0.462231,0.294674,0.536926,0.49,81.9983,3.530704,5.618021,2016-11-03T06:30:23.114,-9999999,K5,198.C-0836(A),Diaz,-9999999,HARPS_ech_obs_all,HARPS_ech_obs_wavesimult,STAR_WAVE_K0,7.02408375044644E-06,3.86801687816704E-07,0,0,0
GJ150.0,55.81192,-9.76028,2457696.7274893,3.620394,0.444478,-6145.066686,0.351899,2.357359,0.169942,-6142.894652,0.145015,4.917632,0.187036,8.986629,6.856926,23.847884,3.107944,0.481909,0.000203,0.216199,0.000209,0.304503,0.000273,0,6.489251,47.500681,0.02912,-6.3,395.5,2457696.72748,3.703877,3.704055,0.05,-9999999,1.530702,0.025611,0.410707,0.641332,0.32063,0.49,81.9983,8.904495,6.903144,2016-11-04T05:19:43.691,-9999999,K5,198.C-0836(A),Diaz,-9999999,HARPS_ech_obs_all,HARPS_ech_obs_wavesimult,STAR_WAVE_K0,7.45742569859061E-06,3.07919448588467E-07,0,0,0
GJ150.0,55.81192,-9.76028,2457696.7288209,1.259442,0.44055,-6147.163701,0.347294,-0.001173,0.159384,-6144.991589,0.13345,2.668266,0.176351,9.937644,6.746946,23.324688,3.054673,0.481725,0.000185,0.216102,0.00019,0.304906,0.000249,128,6.490127,47.499688,0.029512,-6.3,434,2457696.72881,3.699917,3.700105,-0.412,-9999999,1.530702,0.028031,0.410708,0.64141,0.320631,0.51,81.9983,9.919684,6.771292,2016-11-04T05:21:37.098,-9999999,K5,198.C-0836(A),Diaz,-9999999,HARPS_ech_obs_all,HARPS_ech_obs_wavesimult,STAR_WAVE_K0,6.79274062977025E-06,3.24844414048617E-07,0,0,0
GJ150.0,55.81192,-9.76028,2457696.7301206,-1.095357,0.441288,-6149.495075,0.348174,-2.35361,0.16141,-6147.322887,0.135719,0.374018,0.178277,8.527702,6.607979,22.621615,3.064352,0.481587,0.000189,0.216203,0.000194,0.303995,0.000253,128,6.489657,47.505647,0.030028,-6.3,425.3,2457696.73012,3.69605,3.696224,-0.645,-9999999,1.530702,0.030393,0.410709,0.641486,0.320633,0.5,81.9983,8.485895,6.616494,2016-11-04T05:23:30.214,-9999999,K5,198.C-0836(A),Diaz,-9999999,HARPS_ech_obs_all,HARPS_ech_obs_wavesimult,STAR_WAVE_K0,7.22170547475776E-06,3.847482282454E-07,0,0,0
GJ150.0,55.81192,-9.76028,2457696.7314462,-4.544908,0.445136,-6153.025809,0.352836,-5.800751,0.17165,-6150.853543,0.147264,-3.164724,0.188589,12.008241,6.863888,22.485678,3.130159,0.481684,0.000205,0.216421,0.000212,0.304529,0.000276,0,6.488595,47.511498,0.030126,-6.3,390.8,2457696.73144,3.692106,3.692278,-0.36,-9999999,1.530703,0.032803,0.41071,0.641563,0.320634,0.52,81.9983,11.994917,6.85031,2016-11-04T05:25:23.101,-9999999,K5,198.C-0836(A),Diaz,-9999999,HARPS_ech_obs_all,HARPS_ech_obs_wavesimult,STAR_WAVE_K0,7.60832838703218E-06,3.57287205998491E-07,0,0,0
GJ150.0,55.81192,-9.76028,2457696.7327067,-5.648527,0.444608,-6153.918766,0.352142,-6.90208,0.170275,-6151.746426,0.145591,-4.321734,0.187111,13.671101,6.598517,21.462933,3.184316,0.481922,0.000203,0.216,0.000209,0.304664,0.000273,0,6.487782,47.513296,0.030885,-6.3,395.7,2457696.7327,3.688355,3.688532,-0.888,-9999999,1.530703,0.035094,0.41071,0.641637,0.320636,0.47,81.9983,13.609041,6.57379,2016-11-04T05:27:16.107,-9999999,K5,198.C-0836(A),Diaz,-9999999,HARPS_ech_obs_all,HARPS_ech_obs_wavesimult,STAR_WAVE_K0,7.22376498613548E-06,3.23422371186533E-07,0,0,0
GJ150.0,55.81192,-9.76028,2457696.7340334,-6.227427,0.448886,-6154.533733,0.356919,-7.478568,0.181149,-6152.361314,0.15679,-4.667135,0.197172,10.696121,6.975984,21.789828,3.17939,0.481957,0.000222,0.216573,0.000228,0.297982,0.000297,0,6.487343,47.519668,0.030932,-6.3,363.3,2457696.73403,3.684407,3.68458,-0.55,-9999999,1.530704,0.037505,0.410711,0.641715,0.320637,0.49,81.9983,10.669007,6.953169,2016-11-04T05:29:09.094,-9999999,K5,198.C-0836(A),Diaz,-9999999,HARPS_ech_obs_all,HARPS_ech_obs_wavesimult,STAR_WAVE_K0,6.90107324909528E-06,2.97084574164505E-07,0,0,0
GJ150.0,55.81192,-9.76028,2457696.7353417,-5.758649,0.443102,-6153.959719,0.350137,-7.007412,0.166297,-6151.787224,0.140664,-4.423305,0.18267,10.263839,6.584009,21.225705,3.125267,0.481648,0.000196,0.216138,0.000202,0.298021,0.000264,128,6.488106,47.519344,0.029864,-6.3,409.8,2457696.73534,3.680513,3.680667,-0.358,-9999999,1.530704,0.039883,0.410712,0.641791,0.320639,0.49,81.9983,10.222158,6.562475,2016-11-04T05:31:02.130,-9999999,K5,198.C-0836(A),Diaz,-9999999,HARPS_ech_obs_all,HARPS_ech_obs_wavesimult,STAR_WAVE_K0,7.34840447154209E-06,3.91332292258183E-07,0,0,0
GJ150.0,55.81192,-9.76028,2457696.7366806,-3.152886,0.441709,-6151.290358,0.348522,-4.399216,0.162547,-6149.117784,0.136591,-1.789336,0.179274,10.286203,6.676108,21.710288,3.147989,0.481808,0.00019,0.216016,0.000195,0.29825,0.000256,128,6.488746,47.521614,0.030816,-6.3,422.7,2457696.73667,3.676528,3.676715,-0.451,-9999999,1.530705,0.042316,0.410713,0.641869,0.320641,0.52,81.9983,10.255469,6.670968,2016-11-04T05:32:55.346,-9999999,K5,198.C-0836(A),Diaz,-9999999,HARPS_ech_obs_all,HARPS_ech_obs_wavesimult,STAR_WAVE_K0,7.15413129200447E-06,3.53830381055667E-07,0,0,0
GJ150.0,55.81192,-9.76028,2457697.7555561,-1.468814,0.579128,-6149.24653,0.634823,-2.222294,0.148459,-6146.7665,0.122402,0.379141,0.165853,10.064951,7.53352,21.392718,3.05914,0.48016,0.000173,0.22163,0.000176,0.304041,0.00023,128,6.488797,47.512917,0.030759,-6.3,468.3,2457697.75555,3.159607,3.15979,-0.161,-9999999,1.531032,0.535166,0.559776,0.948998,0.62291,0.52,81.9983,9.973974,7.549454,2016-11-05T06:00:05.181,-9999999,K5,198.C-0836(A),Diaz,-9999999,HARPS_ech_obs_all,HARPS_ech_obs_wavesimult,STAR_WAVE_K0,7.23461818948231E-06,3.28712502878518E-07,0,0,0
GJ150.0,55.81192,-9.76028,2457698.769163,-0.660555,1.243916,-6148.655327,1.354483,-2.276384,0.154563,-6147.299124,0.128406,0.227855,0.171549,14.879755,7.16307,21.469513,3.098018,0.481088,0.000177,0.214395,0.000182,0.298834,0.000239,128,6.488268,47.512856,0.029609,-6.3,453.4,2457698.76916,2.657999,2.658168,0.725,-9999999,1.531359,-0.327183,1.234276,-0.175156,1.348383,0.53,81.9982,14.858448,7.179434,2016-11-06T06:19:39.123,-9999999,K5,198.C-0836(A),Diaz,-9999999,HARPS_ech_obs_all,HARPS_ech_obs_wavesimult,STAR_WAVE_K0,7.49997628924157E-06,3.77880428712605E-07,0,0,0
GJ150.0,55.81192,-9.76028,2457699.7686138,-1.541707,0.492565,-6149.307667,0.623562,-2.093054,0.150258,-6147.120333,0.124588,0.455305,0.167401,9.841794,9.046921,18.484175,3.182019,0.475919,0.00017,0.214805,0.000175,0.304059,0.00023,128,6.487548,47.529915,0.029355,-6.3,469,2457699.76861,2.197175,2.197348,0.881,-9999999,1.53168,0.737299,0.469087,0.655654,0.610989,0.51,81.9983,9.800023,9.063836,2016-11-07T06:18:52.587,-9999999,K5,198.C-0836(A),Diaz,-9999999,HARPS_ech_obs_all,HARPS_ech_obs_wavesimult,STAR_WAVE_K0,7.3595675835508E-06,3.2709260138288E-07,0,0,0
GJ150.0,55.81192,-9.76028,2457699.7699182,0.409874,0.491382,-6147.308903,0.622856,-0.139102,0.146329,-6145.121492,0.120996,2.33763,0.164023,9.033405,8.869909,18.822215,3.143032,0.47596,0.000164,0.214998,0.000169,0.304201,0.000221,128,6.487455,47.527164,0.029533,-6.3,487,2457699.76992,2.193406,2.193577,1.089,-9999999,1.531681,0.73967,0.469089,0.65573,0.610991,0.5,81.9983,8.992103,8.895745,2016-11-07T06:20:46.104,-9999999,K5,198.C-0836(A),Diaz,-9999999,HARPS_ech_obs_all,HARPS_ech_obs_wavesimult,STAR_WAVE_K0,7.33470641191959E-06,2.77191390413404E-07,0,0,0
GJ150.0,55.81192,-9.76028,2457699.7725456,3.68221,0.490973,-6144.12427,0.622675,3.138009,0.144936,-6141.936704,0.120046,5.385674,0.162785,6.189787,8.821749,20.903502,3.117172,0.476281,0.000164,0.214742,0.000169,0.304422,0.000221,128,6.489199,47.513772,0.030307,-6.3,486.5,2457699.77254,2.185835,2.185996,0.579,-9999999,1.531682,0.744445,0.469092,0.655884,0.610994,0.5,81.9982,6.149529,8.864229,2016-11-07T06:24:33.107,-9999999,K5,198.C-0836(A),Diaz,-9999999,HARPS_ech_obs_all,HARPS_ech_obs_wavesimult,STAR_WAVE_K0,7.0421758163161E-06,3.27845503031312E-07,0,0,0
GJ150.0,55.81192,-9.76028,2457699.773844,2.570379,0.492587,-6144.981845,0.623634,2.028538,0.15031,-6142.794203,0.124913,4.562277,0.167985,7.527145,8.880268,21.539456,3.104642,0.475899,0.000171,0.214832,0.000176,0.304247,0.00023,128,6.488809,47.509667,0.030299,-6.3,467.5,2457699.77384,2.182105,2.182281,0.43,-9999999,1.531682,0.746805,0.469094,0.65596,0.610996,0.49,81.9983,7.472273,8.914085,2016-11-07T06:26:26.113,-9999999,K5,198.C-0836(A),Diaz,-9999999,HARPS_ech_obs_all,HARPS_ech_obs_wavesimult,STAR_WAVE_K0,6.81059295554743E-06,3.97861328189283E-07,0,0,0
GJ150.0,55.81192,-9.76028,2457699.7751444,0.840101,0.494465,-6146.840182,0.624858,0.300623,0.156348,-6144.652464,0.130881,2.694685,0.17372,6.819743,8.871458,21.585969,3.149564,0.476379,0.000179,0.215257,0.000184,0.304275,0.000241,128,6.488946,47.507449,0.02956,-6.3,446.3,2457699.77514,2.178377,2.178545,0.375,-9999999,1.531682,0.749168,0.469096,0.656036,0.610998,0.48,81.9982,6.762458,8.898364,2016-11-07T06:28:19.279,-9999999,K5,198.C-0836(A),Diaz,-9999999,HARPS_ech_obs_all,HARPS_ech_obs_wavesimult,STAR_WAVE_K0,6.90679758399857E-06,3.76471793850262E-07,0,0,0
GJ150.0,55.81192,-9.76028,2457699.7764789,-1.806802,0.493067,-6149.4264,0.623919,-2.343854,0.151862,-6147.238603,0.126309,0.179172,0.169605,6.100849,9.017046,20.979078,3.221557,0.476238,0.000172,0.214831,0.000177,0.304095,0.000232,128,6.488328,47.513406,0.029653,-6.3,463.7,2457699.77647,2.17456,2.174747,1.216,-9999999,1.531683,0.751594,0.469098,0.656114,0.611,0.51,81.9982,6.020689,9.032913,2016-11-07T06:30:12.126,-9999999,K5,198.C-0836(A),Diaz,-9999999,HARPS_ech_obs_all,HARPS_ech_obs_wavesimult,STAR_WAVE_K0,7.3098408274231E-06,4.35362528480306E-07,0,0,0
GJ150.0,55.81192,-9.76028,2457699.7777889,-3.59892,0.493235,-6151.185257,0.624062,-4.133592,0.152402,-6148.997384,0.127006,-1.686293,0.169963,9.011487,8.836551,20.926681,3.15765,0.476186,0.000173,0.214867,0.000178,0.303957,0.000233,128,6.489124,47.514399,0.031194,-6.3,461.9,2457699.77779,2.170822,2.17099,0.853,-9999999,1.531683,0.753975,0.469099,0.65619,0.611001,0.51,81.9983,8.947059,8.840611,2016-11-07T06:32:05.302,-9999999,K5,198.C-0836(A),Diaz,-9999999,HARPS_ech_obs_all,HARPS_ech_obs_wavesimult,STAR_WAVE_K0,7.10105249735389E-06,3.1846238497024E-07,0,0,0
GJ150.0,55.81192,-9.76028,2457701.6320091,-0.301563,0.7388,-6148.618511,0.654403,-2.487253,0.157404,-6147.698056,0.132178,0.146813,0.173719,0.473303,5.654092,22.102433,3.148115,0.480206,0.000189,0.219192,0.000193,0.304748,0.000253,128,6.48989,47.51996,0.030087,-6.3,426.9,2457701.632,1.664597,1.664776,-0.366,-9999999,1.53228,-0.897044,0.721837,-0.611825,0.640915,0.5,81.9982,0.41641,5.664161,2016-11-09T03:02:09.752,-9999999,K5,198.C-0836(A),Diaz,-9999999,HARPS_ech_obs_all,HARPS_ech_obs_wavesimult,STAR_WAVE_K0,7.52731839190221E-06,2.994539341979E-07,0,0,0
GJ150.0,55.81192,-9.76028,2457701.6333214,0.739337,0.739194,-6147.297651,0.654721,-1.443968,0.159247,-6146.377118,0.133752,1.187899,0.175191,2.95934,5.570665,21.815393,3.165553,0.480232,0.000192,0.219158,0.000195,0.304986,0.000257,128,6.489749,47.520262,0.02965,-6.3,421.1,2457701.63332,1.661192,1.66136,0.001,-9999999,1.532281,-0.894658,0.721836,-0.611748,0.640913,0.5,81.9982,2.932927,5.58977,2016-11-09T03:04:03.128,-9999999,K5,198.C-0836(A),Diaz,-9999999,HARPS_ech_obs_all,HARPS_ech_obs_wavesimult,STAR_WAVE_K0,7.55779531448593E-06,3.00490395502995E-07,0,0,0
GJ150.0,55.81192,-9.76028,2457701.6346288,1.91976,0.738967,-6146.112581,0.654498,-0.261168,0.158198,-6145.191972,0.132665,2.438389,0.174529,2.533579,5.627672,22.332648,3.150918,0.480539,0.00019,0.219188,0.000193,0.304811,0.000254,128,6.490121,47.513063,0.030197,-6.3,425.7,2457701.63463,1.657786,1.657935,0.033,-9999999,1.532281,-0.892282,0.721835,-0.611672,0.640912,0.5,81.9983,2.496912,5.656874,2016-11-09T03:05:56.095,-9999999,K5,198.C-0836(A),Diaz,-9999999,HARPS_ech_obs_all,HARPS_ech_obs_wavesimult,STAR_WAVE_K0,7.1468626964696E-06,3.03970999534366E-07,0,0,0
GJ150.0,55.81192,-9.76028,2457701.6359369,2.632419,0.738108,-6145.587869,0.653747,0.453868,0.154141,-6144.667183,0.128915,2.91811,0.17072,1.473857,5.992833,22.408588,3.033108,0.480233,0.000185,0.218901,0.000188,0.304688,0.000247,128,6.489899,47.513692,0.030059,-6.3,437.7,2457701.63594,1.654364,1.654521,0.147,-9999999,1.532281,-0.889905,0.721834,-0.611595,0.64091,0.5,81.9982,1.459324,6.028523,2016-11-09T03:07:49.111,-9999999,K5,198.C-0836(A),Diaz,-9999999,HARPS_ech_obs_all,HARPS_ech_obs_wavesimult,STAR_WAVE_K0,7.35093515011879E-06,3.22120149234839E-07,0,0,0
GJ150.0,55.81192,-9.76028,2457701.6372449,2.723888,0.738682,-6145.396281,0.654137,0.547714,0.156868,-6144.475518,0.130884,3.097546,0.173214,0.826469,5.459665,23.034498,3.128863,0.480443,0.000186,0.219263,0.00019,0.304403,0.000249,128,6.490292,47.50719,0.029131,-6.3,433.1,2457701.63724,1.650928,1.651093,0.118,-9999999,1.532282,-0.887528,0.721833,-0.611519,0.640909,0.5,81.9983,0.812475,5.495998,2016-11-09T03:09:42.118,-9999999,K5,198.C-0836(A),Diaz,-9999999,HARPS_ech_obs_all,HARPS_ech_obs_wavesimult,STAR_WAVE_K0,7.03266211840734E-06,3.14711214479877E-07,0,0,0
GJ150.0,55.81192,-9.76028,2457701.6385646,0.963715,0.738648,-6147.065807,0.654223,-1.21006,0.156714,-6146.144967,0.131322,1.322009,0.173131,2.372418,5.950668,23.216957,3.084935,0.480249,0.00019,0.219426,0.000193,0.304785,0.000254,128,6.490126,47.509424,0.029601,-6.3,426.3,2457701.63856,1.647447,1.647596,0.445,-9999999,1.532282,-0.885129,0.721832,-0.611442,0.640907,0.51,81.9983,2.360933,5.973894,2016-11-09T03:11:35.324,-9999999,K5,198.C-0836(A),Diaz,-9999999,HARPS_ech_obs_all,HARPS_ech_obs_wavesimult,STAR_WAVE_K0,7.09380040416557E-06,3.55901231784854E-07,0,0,0
GJ150.0,55.81192,-9.76028,2457701.6398604,-0.048486,0.738907,-6148.341762,0.654432,-2.219906,0.157935,-6147.420845,0.132365,0.423629,0.174084,0.201163,5.565234,22.621278,3.098101,0.480055,0.000191,0.218867,0.000194,0.304698,0.000255,128,6.489404,47.514566,0.029429,-6.3,424.4,2457701.63986,1.644017,1.644171,-0.09,-9999999,1.532283,-0.882774,0.721831,-0.611366,0.640906,0.5,81.9983,0.149514,5.578086,2016-11-09T03:13:28.101,-9999999,K5,198.C-0836(A),Diaz,-9999999,HARPS_ech_obs_all,HARPS_ech_obs_wavesimult,STAR_WAVE_K0,7.33555727336728E-06,3.37144465855216E-07,0,0,0
GJ150.0,55.81192,-9.76028,2457701.6411589,-1.72039,0.73916,-6149.727593,0.654668,-3.88945,0.159116,-6148.8066,0.133536,-1.219762,0.174896,0.827753,5.602865,22.104688,3.041794,0.480459,0.000191,0.219671,0.000195,0.304812,0.000256,128,6.488547,47.516958,0.029241,-6.3,422,2457701.64116,1.640565,1.640734,0.166,-9999999,1.532283,-0.880414,0.72183,-0.61129,0.640905,0.49,81.9983,0.798618,5.606365,2016-11-09T03:15:21.107,-9999999,K5,198.C-0836(A),Diaz,-9999999,HARPS_ech_obs_all,HARPS_ech_obs_wavesimult,STAR_WAVE_K0,7.06338858811488E-06,3.07579171281886E-07,0,0,0
GJ150.0,55.81192,-9.76028,2457714.7085341,1.495931,1.125969,-6146.978194,1.14993,0.326924,0.394028,-6145.26329,0.35242,3.503497,0.403095,13.617215,8.101649,24.646715,3.431969,0.480663,0.000516,0.214156,0.000527,0.307072,0.000695,0,6.486239,47.525952,0.028879,-6.3,158.3,2457714.70853,-4.574996,-4.574833,0,-9999999,1.536489,0.119639,1.054774,0.178415,1.094595,0.54,19.9982,13.585012,8.119333,2016-11-22T04:52:57.491,-9999999,K5,198.C-0836(A),Diaz,-9999999,HARPS_ech_obs_all,HARPS_ech_obs_wavesimult,STAR_WAVE_K0,7.68218339444856E-06,4.890094521405E-07,0,0,0
GJ150.0,55.81192,-9.76028,2457714.7091144,0.660534,1.145104,-6147.634304,1.164591,-0.507418,0.445774,-6145.919366,0.397659,2.899527,0.45412,22.070614,8.160301,22.412775,3.392403,0.4803,0.000588,0.214022,0.000601,0.304925,0.000789,0,6.48431,47.53593,0.0284,-6.3,139.2,2457714.70911,-4.576709,-4.576538,0,-9999999,1.536489,0.120694,1.054774,0.178449,1.094595,0.5,19.9983,22.03903,8.176403,2016-11-22T04:53:48.434,-9999999,K5,198.C-0836(A),Diaz,-9999999,HARPS_ech_obs_all,HARPS_ech_obs_wavesimult,STAR_WAVE_K0,6.88775337770268E-06,4.58454708499309E-07,0,0,0
GJ150.0,55.81192,-9.76028,2457714.7097084,0.301413,1.121624,-6147.596468,1.146921,-0.86546,0.381432,-6145.881495,0.342474,2.362938,0.391017,15.983547,8.843267,24.121533,3.447526,0.48068,0.0005,0.214816,0.000511,0.306834,0.000672,0,6.487739,47.519364,0.028738,-6.3,163.4,2457714.7097,-4.578462,-4.578304,0,-9999999,1.536489,0.121773,1.054774,0.178484,1.094595,0.52,19.9983,15.948724,8.8556,2016-11-22T04:54:39.357,-9999999,K5,198.C-0836(A),Diaz,-9999999,HARPS_ech_obs_all,HARPS_ech_obs_wavesimult,STAR_WAVE_K0,7.93055082690494E-06,4.3251801384261E-07,0,0,0
GJ150.0,55.81192,-9.76028,2457714.7102858,-0.515046,1.164705,-6149.254379,1.179692,-1.680869,0.493952,-6147.539373,0.439925,1.649741,0.501198,21.498932,9.016913,21.169502,3.72276,0.480926,0.000652,0.213357,0.000667,0.307813,0.000881,0,6.486503,47.534753,0.027936,-6.3,125.7,2457714.71028,-4.580165,-4.580007,0,-9999999,1.536489,0.122823,1.054774,0.178517,1.094595,0.48,19.9982,21.489606,9.024583,2016-11-22T04:55:30.040,-9999999,K5,198.C-0836(A),Diaz,-9999999,HARPS_ech_obs_all,HARPS_ech_obs_wavesimult,STAR_WAVE_K0,6.88433171951577E-06,6.02385110438401E-07,0,0,0
GJ150.0,55.81192,-9.76028,2457715.6360328,-2.538049,1.015305,-6150.770445,1.000248,-3.746603,0.381154,-6148.981,0.34075,-0.47686,0.39065,20.183318,8.683534,23.638102,3.651176,0.480713,0.000494,0.218709,0.000506,0.30487,0.000665,0,6.484562,47.530709,0.028808,-6.3,164.1,2457715.63603,-4.823335,-4.823183,0,-9999999,1.536787,0.080092,0.941045,0.252658,0.940417,0.51,19.9982,20.148879,8.687483,2016-11-23T03:08:35.248,-9999999,K5,198.C-0836(A),Diaz,-9999999,HARPS_ech_obs_all,HARPS_ech_obs_wavesimult,STAR_WAVE_K0,8.13920833717624E-06,3.6631620860621E-07,0,0,0
GJ150.0,55.81192,-9.76028,2457715.6366168,-2.236938,1.002457,-6150.776649,0.990265,-3.444431,0.345478,-6148.98717,0.310226,-0.321882,0.355165,18.714183,8.870657,23.162457,3.477635,0.481036,0.000448,0.218031,0.000458,0.305289,0.000604,0,6.486022,47.529209,0.030036,-6.3,180.7,2457715.63661,-4.82501,-4.82484,0,-9999999,1.536787,0.081153,0.941044,0.252692,0.940417,0.5,19.9983,18.669199,8.87533,2016-11-23T03:09:25.901,-9999999,K5,198.C-0836(A),Diaz,-9999999,HARPS_ech_obs_all,HARPS_ech_obs_wavesimult,STAR_WAVE_K0,7.52488745178189E-06,4.51277398139934E-07,0,0,0
GJ150.0,55.81192,-9.76028,2457715.6371981,-1.303323,1.019605,-6150.031011,1.003906,-2.509759,0.392467,-6148.241497,0.351345,0.686706,0.401679,19.654959,9.213815,23.356275,3.455536,0.480663,0.000511,0.218351,0.000523,0.30669,0.000691,0,6.483536,47.521694,0.02979,-6.3,158.9,2457715.6372,-4.826679,-4.826531,0,-9999999,1.536788,0.08221,0.941044,0.252726,0.940416,0.48,19.9982,19.640495,9.219825,2016-11-23T03:10:16.524,-9999999,K5,198.C-0836(A),Diaz,-9999999,HARPS_ech_obs_all,HARPS_ech_obs_wavesimult,STAR_WAVE_K0,7.41182664410016E-06,4.33640646442993E-07,0,0,0
GJ150.0,55.81192,-9.76028,2457715.6377899,-1.347988,0.992716,-6149.499358,0.982293,-2.553348,0.316103,-6147.70981,0.283756,0.666589,0.327113,15.872187,8.554644,24.073004,3.487427,0.480985,0.00041,0.21867,0.000418,0.305079,0.000551,0,6.485673,47.519849,0.029426,-6.3,197.8,2457715.63779,-4.82838,-4.828223,0,-9999999,1.536788,0.083286,0.941044,0.25276,0.940416,0.5,19.9983,15.867006,8.561395,2016-11-23T03:11:07.256,-9999999,K5,198.C-0836(A),Diaz,-9999999,HARPS_ech_obs_all,HARPS_ech_obs_wavesimult,STAR_WAVE_K0,7.55027780105435E-06,4.19480312350311E-07,0,0,0
GJ150.0,55.81192,-9.76028,2457716.6607682,-1.914413,0.698374,-6149.633584,0.629973,-2.387516,0.167621,-6147.037758,0.146128,0.47327,0.185498,6.349378,7.6369,20.745336,3.095184,0.4799,0.000207,0.215076,0.000213,0.304799,0.000279,0,6.488417,47.523093,0.02876,-6.3,388,2457716.66077,-5.35688,-5.356731,1.859,-9999999,1.537117,0.815543,0.677959,1.058709,0.612791,0.52,81.9983,6.343093,7.65523,2016-11-24T03:43:41.466,-9999999,K5,198.C-0836(A),Diaz,-9999999,HARPS_ech_obs_all,HARPS_ech_obs_wavesimult,STAR_WAVE_K0,7.32519075191889E-06,3.3894676373417E-07,0,0,0
GJ150.0,55.81192,-9.76028,2457716.6620461,-0.986928,0.700876,-6148.827743,0.632322,-1.457708,0.177763,-6146.231841,0.155947,1.397102,0.195003,4.360894,7.461581,20.329465,3.159508,0.480162,0.000222,0.214895,0.000228,0.305122,0.000299,0,6.487416,47.531239,0.029746,-6.3,363,2457716.66204,-5.360661,-5.360489,1.506,-9999999,1.537118,0.817866,0.677959,1.058784,0.61279,0.49,81.9983,4.332038,7.483037,2016-11-24T03:45:34.342,-9999999,K5,198.C-0836(A),Diaz,-9999999,HARPS_ech_obs_all,HARPS_ech_obs_wavesimult,STAR_WAVE_K0,6.75235796574347E-06,3.2669163611793E-07,0,0,0
GJ150.0,55.81192,-9.76028,2457716.6633704,0.354933,0.699784,-6147.440975,0.631218,-0.113441,0.17341,-6144.844996,0.151412,2.676276,0.191117,3.411214,7.758418,20.463697,3.154787,0.47981,0.000214,0.215063,0.00022,0.305132,0.000289,0,6.487567,47.528872,0.029575,-6.3,374.6,2457716.66336,-5.364582,-5.364416,1.494,-9999999,1.537118,0.820272,0.677958,1.058861,0.612789,0.51,81.9983,3.3543,7.787721,2016-11-24T03:47:27.128,-9999999,K5,198.C-0836(A),Diaz,-9999999,HARPS_ech_obs_all,HARPS_ech_obs_wavesimult,STAR_WAVE_K0,7.27521374200845E-06,3.92865110039216E-07,0,0,0
GJ150.0,55.81192,-9.76028,2457716.6646751,1.266104,0.698739,-6146.507011,0.630383,0.800102,0.169144,-6143.910955,0.147896,3.630411,0.186943,2.196812,7.899199,20.343841,3.147481,0.479976,0.000209,0.215472,0.000215,0.304705,0.000282,0,6.48776,47.526139,0.030062,-6.3,384.1,2457716.66467,-5.368449,-5.368283,1.706,-9999999,1.537118,0.822644,0.677957,1.058938,0.612788,0.51,81.9983,2.127172,7.933609,2016-11-24T03:49:19.854,-9999999,K5,198.C-0836(A),Diaz,-9999999,HARPS_ech_obs_all,HARPS_ech_obs_wavesimult,STAR_WAVE_K0,7.02723427877266E-06,3.29147738686534E-07,0,0,0
GJ150.0,55.81192,-9.76028,2457716.6659885,1.128036,0.696791,-6146.739028,0.628354,0.664421,0.160912,-6144.142895,0.139,3.378736,0.178892,5.381171,7.962181,20.739861,3.10982,0.479861,0.000195,0.215014,0.000201,0.305297,0.000264,128,6.488055,47.524197,0.029604,-6.3,411.3,2457716.66599,-5.372343,-5.372187,1.971,-9999999,1.537119,0.825031,0.677957,1.059014,0.612787,0.52,81.9983,5.36552,7.996083,2016-11-24T03:51:12.511,-9999999,K5,198.C-0836(A),Diaz,-9999999,HARPS_ech_obs_all,HARPS_ech_obs_wavesimult,STAR_WAVE_K0,6.76879755560251E-06,3.73576202338764E-07,0,0,0
GJ150.0,55.81192,-9.76028,2457716.6672682,1.692033,0.700498,-6146.271441,0.631976,1.230744,0.176273,-6143.675233,0.154552,4.080992,0.193674,3.19998,7.381141,22.237387,3.099845,0.480019,0.000219,0.215079,0.000225,0.304958,0.000295,0,6.48778,47.517927,0.028678,-6.3,367.4,2457716.66726,-5.376141,-5.375985,2.108,-9999999,1.537119,0.827357,0.677956,1.059089,0.612787,0.49,81.9983,3.124607,7.423996,2016-11-24T03:53:05.537,-9999999,K5,198.C-0836(A),Diaz,-9999999,HARPS_ech_obs_all,HARPS_ech_obs_wavesimult,STAR_WAVE_K0,7.11883120059593E-06,3.43376783165136E-07,0,0,0
GJ150.0,55.81192,-9.76028,2457716.6685941,0.844839,0.699299,-6146.955398,0.630745,0.385959,0.171449,-6144.359111,0.149441,3.226824,0.189157,2.859829,7.442177,22.098394,3.134113,0.480183,0.000211,0.215419,0.000217,0.305808,0.000285,0,6.489179,47.512831,0.029761,-6.3,380.5,2457716.66859,-5.380078,-5.379928,1.718,-9999999,1.53712,0.829766,0.677956,1.059167,0.612786,0.51,81.9983,2.801321,7.478011,2016-11-24T03:54:58.463,-9999999,K5,198.C-0836(A),Diaz,-9999999,HARPS_ech_obs_all,HARPS_ech_obs_wavesimult,STAR_WAVE_K0,7.02364536526191E-06,2.33679200690363E-07,0,0,0
GJ150.0,55.81192,-9.76028,2457716.6699011,-0.063888,0.699508,-6147.76589,0.631022,-0.520392,0.1723,-6145.169527,0.150608,2.262999,0.190026,4.076037,7.596377,21.50408,3.069448,0.479805,0.000213,0.215382,0.000219,0.304975,0.000287,0,6.488596,47.514026,0.028945,-6.3,377.5,2457716.6699,-5.38396,-5.383804,1.474,-9999999,1.53712,0.832142,0.677955,1.059243,0.612785,0.51,81.9983,4.037547,7.624125,2016-11-24T03:56:51.389,-9999999,K5,198.C-0836(A),Diaz,-9999999,HARPS_ech_obs_all,HARPS_ech_obs_wavesimult,STAR_WAVE_K0,7.12451282217937E-06,3.07395535182361E-07,0,0,0
GJ150.0,55.81192,-9.76028,2457717.7653076,-1.015319,0.763205,-6148.517085,0.719217,-1.999391,0.203151,-6146.777425,0.17763,1.096894,0.218394,14.667565,7.142616,20.445592,3.22047,0.479986,0.000237,0.216052,0.000249,0.304645,0.000326,0,6.485761,47.527363,0.029128,-6.3,331.3,2457717.76531,-6.11723,-6.117077,0.663,-9999999,1.537473,0.304574,0.735671,0.202187,0.696937,0.5,81.9983,14.63006,7.159562,2016-11-25T06:14:17.113,-9999999,K5,198.C-0836(A),Diaz,-9999999,HARPS_ech_obs_all,HARPS_ech_obs_wavesimult,STAR_WAVE_K0,7.41274851707472E-06,3.3629819844224E-07,0,0,0
GJ150.0,55.81192,-9.76028,2457717.7666139,-0.339782,0.766228,-6148.065072,0.722096,-1.32148,0.214225,-6146.325336,0.188944,1.586257,0.22888,12.27216,6.852133,21.853498,3.246577,0.479467,0.000254,0.216062,0.000267,0.30549,0.00035,0,6.485123,47.52194,0.028336,-6.3,309.5,2457717.7666,-6.12062,-6.120459,0.298,-9999999,1.537473,0.306949,0.735672,0.202263,0.696938,0.5,81.9983,12.211712,6.872714,2016-11-25T06:16:09.979,-9999999,K5,198.C-0836(A),Diaz,-9999999,HARPS_ech_obs_all,HARPS_ech_obs_wavesimult,STAR_WAVE_K0,7.77577217802721E-06,4.62488209271915E-07,0,0,0
GJ150.0,55.81192,-9.76028,2457717.7679109,-0.551503,0.767064,-6148.783678,0.722685,-1.530843,0.21719,-6147.043866,0.191179,1.406342,0.231832,10.193831,7.320772,22.189978,3.25444,0.479607,0.000256,0.215919,0.000269,0.305236,0.000353,0,6.485498,47.512647,0.028384,-6.3,306.7,2457717.76791,-6.123973,-6.123832,0.299,-9999999,1.537473,0.309306,0.735673,0.202339,0.69694,0.49,81.9983,10.144492,7.337484,2016-11-25T06:18:02.865,-9999999,K5,198.C-0836(A),Diaz,-9999999,HARPS_ech_obs_all,HARPS_ech_obs_wavesimult,STAR_WAVE_K0,7.2130470928094E-06,4.13926466017376E-07,0,0,0
GJ150.0,55.81192,-9.76028,2457717.7692144,-1.620815,0.767352,-6149.028349,0.723086,-2.597786,0.218204,-6147.28846,0.192682,0.543926,0.23306,10.936364,7.275725,21.369235,3.186057,0.480088,0.000259,0.216084,0.000272,0.305252,0.000356,0,6.48648,47.518525,0.028913,-6.3,304.2,2457717.76921,-6.127327,-6.127161,0.17,-9999999,1.537474,0.311675,0.735674,0.202415,0.696941,0.49,81.9983,10.878919,7.286869,2016-11-25T06:19:55.491,-9999999,K5,198.C-0836(A),Diaz,-9999999,HARPS_ech_obs_all,HARPS_ech_obs_wavesimult,STAR_WAVE_K0,6.9753072397834E-06,3.77187342557995E-07,0,0,0
GJ150.0,55.81192,-9.76028,2457717.7705297,-2.135941,0.765663,-6149.88496,0.721434,-3.110522,0.212184,-6148.144994,0.186382,-0.026574,0.227085,10.814647,7.255467,21.063341,3.252763,0.479884,0.000251,0.216,0.000263,0.305475,0.000345,0,6.486659,47.518252,0.029371,-6.3,313.8,2457717.77053,-6.130698,-6.130558,0.202,-9999999,1.537474,0.314065,0.735675,0.202492,0.696943,0.5,81.9983,10.74481,7.265082,2016-11-25T06:21:48.317,-9999999,K5,198.C-0836(A),Diaz,-9999999,HARPS_ech_obs_all,HARPS_ech_obs_wavesimult,STAR_WAVE_K0,7.13192319163521E-06,4.32917113270862E-07,0,0,0
GJ150.0,55.81192,-9.76028,2457717.7718201,-3.064037,0.767362,-6150.654073,0.723054,-4.036272,0.21823,-6148.914031,0.192553,-0.901673,0.232652,14.533472,7.328364,20.803367,3.238761,0.480229,0.00026,0.216606,0.000273,0.305425,0.000357,0,6.484917,47.522828,0.02881,-6.3,303.4,2457717.77181,-6.133989,-6.133828,0.418,-9999999,1.537475,0.316411,0.735676,0.202567,0.696944,0.48,81.9983,14.467594,7.334915,2016-11-25T06:23:41.443,-9999999,K5,198.C-0836(A),Diaz,-9999999,HARPS_ech_obs_all,HARPS_ech_obs_wavesimult,STAR_WAVE_K0,7.60294785788456E-06,3.79490744960968E-07,0,0,0
GJ150.0,55.81192,-9.76028,2457717.7731268,-3.69854,0.770109,-6151.273701,0.725536,-4.668401,0.227698,-6149.533583,0.201667,-1.437134,0.242277,13.788646,7.302599,21.532396,3.329917,0.479732,0.000274,0.216775,0.000288,0.30558,0.000376,0,6.48535,47.518377,0.03032,-6.3,288.1,2457717.77312,-6.137307,-6.137141,0.03,-9999999,1.537475,0.318786,0.735677,0.202643,0.696946,0.48,81.9983,13.739076,7.304017,2016-11-25T06:25:34.349,-9999999,K5,198.C-0836(A),Diaz,-9999999,HARPS_ech_obs_all,HARPS_ech_obs_wavesimult,STAR_WAVE_K0,6.90675014349248E-06,4.29686400911579E-07,0,0,0
GJ150.0,55.81192,-9.76028,2457717.7744514,-4.058679,0.768158,-6152.187547,0.723779,-5.026132,0.221007,-6150.44735,0.195245,-1.84331,0.235309,13.860434,7.218916,20.477044,3.232328,0.48025,0.000263,0.216439,0.000277,0.305246,0.000362,0,6.486215,47.5323,0.029685,-6.3,299.1,2457717.77445,-6.140655,-6.140522,0.158,-9999999,1.537476,0.321193,0.735678,0.202721,0.696947,0.5,81.9983,13.833129,7.218229,2016-11-25T06:27:27.155,-9999999,K5,198.C-0836(A),Diaz,-9999999,HARPS_ech_obs_all,HARPS_ech_obs_wavesimult,STAR_WAVE_K0,7.04467043147418E-06,3.4157838506218E-07,0,0,0
GJ150.0,55.81192,-9.76028,2457719.6737427,-6.015417,0.652903,-6153.823642,0.563986,-8.285559,0.190951,-6153.028473,0.16837,-5.326977,0.206845,9.744114,7.001038,22.589712,3.185184,0.474874,0.000247,0.215815,0.000251,0.30539,0.00033,0,6.487043,47.519852,0.029627,-6.3,330.1,2457719.67374,-6.772559,-6.77241,0.185,-9999999,1.538087,-0.981496,0.624356,-0.742918,0.538267,0.5,81.9982,9.723594,6.981071,2016-11-27T04:02:29.391,-9999999,K5,198.C-0836(A),Diaz,-9999999,HARPS_ech_obs_all,HARPS_ech_obs_wavesimult,STAR_WAVE_K0,-9999999,-9999999,-9999999,-9999999,-9999999
GJ150.0,55.81192,-9.76028,2457719.6750502,-6.344736,0.653538,-6154.335772,0.564537,-8.612502,0.193113,-6153.540526,0.170208,-5.653672,0.208519,8.807084,6.557293,21.930608,3.151358,0.480208,0.00025,0.215711,0.000254,0.305765,0.000334,0,6.487084,47.522844,0.029735,-6.3,326.2,2457719.67505,-6.776446,-6.776288,0.289,-9999999,1.538087,-0.97912,0.624356,-0.742841,0.538266,0.5,81.9983,8.747401,6.536832,2016-11-27T04:04:22.367,-9999999,K5,198.C-0836(A),Diaz,-9999999,HARPS_ech_obs_all,HARPS_ech_obs_wavesimult,STAR_WAVE_K0,6.98412972223811E-06,3.19420336227472E-07,0,0,0
GJ150.0,55.81192,-9.76028,2457719.6763671,-6.626501,0.653603,-6154.649381,0.564571,-8.891873,0.193332,-6153.854057,0.170324,-5.851321,0.209047,10.260933,6.496695,22.021532,3.118154,0.479758,0.00025,0.216034,0.000255,0.305424,0.000334,0,6.486844,47.52284,0.029564,-6.3,326,2457719.67637,-6.78036,-6.780201,0.143,-9999999,1.538088,-0.976726,0.624355,-0.742764,0.538266,0.51,81.9983,10.229978,6.473136,2016-11-27T04:06:15.323,-9999999,K5,198.C-0836(A),Diaz,-9999999,HARPS_ech_obs_all,HARPS_ech_obs_wavesimult,STAR_WAVE_K0,7.21263197615743E-06,3.91728143965428E-07,0,0,0
GJ150.0,55.81192,-9.76028,2457719.6776642,-5.492156,0.652875,-6153.034123,0.563783,-7.755171,0.190858,-6152.238724,0.167695,-4.591379,0.206453,8.122866,6.58044,22.197369,3.172966,0.479586,0.000246,0.216168,0.000251,0.305826,0.000329,0,6.486751,47.523379,0.029854,-6.3,331.1,2457719.67766,-6.784214,-6.784073,0.477,-9999999,1.538088,-0.974369,0.624355,-0.742689,0.538265,0.5,81.9983,8.096655,6.566999,2016-11-27T04:08:08.220,-9999999,K5,198.C-0836(A),Diaz,-9999999,HARPS_ech_obs_all,HARPS_ech_obs_wavesimult,STAR_WAVE_K0,6.82609273846043E-06,2.80846100456354E-07,0,0,0
GJ150.0,55.81192,-9.76028,2457719.6789692,-3.657789,0.653876,-6151.496189,0.564858,-5.918432,0.194257,-6150.700713,0.171276,-2.75794,0.210551,7.393628,6.48958,22.988348,3.211166,0.480107,0.000252,0.215473,0.000256,0.306034,0.000336,0,6.487665,47.520986,0.02896,-6.3,323.9,2457719.67896,-6.788091,-6.787915,0.524,-9999999,1.538088,-0.971997,0.624354,-0.742612,0.538264,0.5,81.9983,7.382432,6.485598,2016-11-27T04:10:00.976,-9999999,K5,198.C-0836(A),Diaz,-9999999,HARPS_ech_obs_all,HARPS_ech_obs_wavesimult,STAR_WAVE_K0,7.41497742997357E-06,3.54609630639335E-07,0,0,0
GJ150.0,55.81192,-9.76028,2457719.6802717,-2.347531,0.652945,-6150.086817,0.563866,-4.605807,0.1911,-6149.291264,0.167978,-1.40657,0.206801,7.052089,7.003708,21.953123,3.147811,0.480023,0.000247,0.21609,0.000251,0.305766,0.000329,0,6.487048,47.522658,0.028898,-6.3,330.6,2457719.68027,-6.79196,-6.79179,0.83,-9999999,1.538089,-0.96963,0.624354,-0.742536,0.538264,0.5,81.9982,7.018959,7.008352,2016-11-27T04:11:53.512,-9999999,K5,198.C-0836(A),Diaz,-9999999,HARPS_ech_obs_all,HARPS_ech_obs_wavesimult,STAR_WAVE_K0,7.33712328084092E-06,3.42164601539006E-07,0,0,0
GJ150.0,55.81192,-9.76028,2457719.6815696,-1.092969,0.654014,-6148.888942,0.564955,-3.348886,0.194724,-6148.093313,0.171602,-0.304921,0.210628,11.582485,6.506319,22.976254,3.168849,0.480294,0.000252,0.215467,0.000256,0.306376,0.000337,0,6.486374,47.517509,0.028128,-6.3,323.9,2457719.68156,-6.795813,-6.795659,0.388,-9999999,1.538089,-0.967271,0.624354,-0.74246,0.538263,0.49,81.9983,11.564942,6.515823,2016-11-27T04:13:46.478,-9999999,K5,198.C-0836(A),Diaz,-9999999,HARPS_ech_obs_all,HARPS_ech_obs_wavesimult,STAR_WAVE_K0,7.23193989514484E-06,3.29575286415844E-07,0,0,0
GJ150.0,55.81192,-9.76028,2457719.6828741,0.064052,0.652429,-6147.691345,0.563428,-2.189494,0.189331,-6146.895639,0.166505,0.891642,0.205312,8.590345,6.682571,23.148923,3.129324,0.480116,0.000243,0.216099,0.000248,0.304593,0.000324,0,6.487271,47.514003,0.028314,-6.3,334.9,2457719.68287,-6.799684,-6.799531,0.182,-9999999,1.53809,-0.9649,0.624353,-0.742384,0.538263,0.49,81.9983,8.579976,6.696221,2016-11-27T04:15:39.184,-9999999,K5,198.C-0836(A),Diaz,-9999999,HARPS_ech_obs_all,HARPS_ech_obs_wavesimult,STAR_WAVE_K0,6.98385261727348E-06,4.20498046200473E-07,0,0,0
GJ150.0,55.81192,-9.76028,2457720.6559352,-2.051033,0.634333,-6149.708514,0.408995,-3.341068,0.142294,-6148.244603,0.119026,-0.708218,0.16082,13.537012,7.38643,19.376957,3.012354,0.479159,0.000164,0.220325,0.000168,0.305082,0.000221,128,6.488195,47.525805,0.030022,-6.3,488.9,2457720.65593,-7.175561,-7.175387,0.745,-9999999,1.538403,-0.001389,0.618167,-0.074492,0.391293,0.49,81.9983,13.467748,7.399702,2016-11-28T03:36:53.623,-9999999,K5,198.C-0836(A),Diaz,-9999999,HARPS_ech_obs_all,HARPS_ech_obs_wavesimult,STAR_WAVE_K0,6.7632087407543E-06,3.19009418840352E-07,0,0,0
GJ150.0,55.81192,-9.76028,2457720.6572511,-1.062868,0.636338,-6148.744764,0.411385,-2.350511,0.150986,-6147.280776,0.127,0.304627,0.16889,10.138795,7.074201,19.459059,3.087685,0.479046,0.000174,0.22092,0.00018,0.304761,0.000236,128,6.487184,47.526248,0.029891,-6.3,459.1,2457720.65725,-7.179459,-7.179316,0.518,-9999999,1.538403,0.001003,0.618166,-0.074415,0.391291,0.5,81.9983,10.079106,7.092351,2016-11-28T03:38:46.499,-9999999,K5,198.C-0836(A),Diaz,-9999999,HARPS_ech_obs_all,HARPS_ech_obs_wavesimult,STAR_WAVE_K0,6.75222867406688E-06,3.58589403581405E-07,0,0,0
GJ150.0,55.81192,-9.76028,2457720.6585687,0.000217,0.635721,-6147.588043,0.410713,-1.285031,0.148364,-6146.123977,0.124811,1.461625,0.165885,10.808892,7.201393,19.529152,3.038792,0.479349,0.000172,0.220929,0.000178,0.305131,0.000233,128,6.48719,47.525655,0.029021,-6.3,464.3,2457720.65856,-7.183365,-7.183218,0.372,-9999999,1.538404,0.003398,0.618166,-0.074338,0.391289,0.51,81.9982,10.770404,7.223948,2016-11-28T03:40:39.525,-9999999,K5,198.C-0836(A),Diaz,-9999999,HARPS_ech_obs_all,HARPS_ech_obs_wavesimult,STAR_WAVE_K0,7.21882118152251E-06,3.2718095302504E-07,0,0,0
GJ150.0,55.81192,-9.76028,2457720.6598641,-0.465438,0.635481,-6148.092591,0.410117,-1.748332,0.147338,-6146.628449,0.122842,0.963481,0.165319,9.843625,7.03917,19.975965,3.106634,0.479181,0.000169,0.2207,0.000174,0.305143,0.000229,128,6.489191,47.520723,0.029393,-6.3,473.6,2457720.65986,-7.187207,-7.187053,0.327,-9999999,1.538404,0.005752,0.618165,-0.074262,0.391288,0.5,81.9983,9.780044,7.060971,2016-11-28T03:42:32.271,-9999999,K5,198.C-0836(A),Diaz,-9999999,HARPS_ech_obs_all,HARPS_ech_obs_wavesimult,STAR_WAVE_K0,6.7665857881625E-06,2.26656949384894E-07,0,0,0
GJ150.0,55.81192,-9.76028,2457720.6611799,-0.707435,0.634875,-6148.521059,0.409231,-1.987938,0.144705,-6147.05684,0.119853,0.572696,0.162771,8.039984,7.212198,19.450153,3.048819,0.479119,0.000164,0.220736,0.000169,0.30473,0.000222,128,6.48828,47.522227,0.029366,-6.3,487.4,2457720.66117,-7.191111,-7.190925,0.26,-9999999,1.538405,0.008143,0.618164,-0.074186,0.391286,0.51,81.9983,7.957252,7.231543,2016-11-28T03:44:25.137,-9999999,K5,198.C-0836(A),Diaz,-9999999,HARPS_ech_obs_all,HARPS_ech_obs_wavesimult,STAR_WAVE_K0,7.02209231780357E-06,2.8327553825744E-07,0,0,0
GJ150.0,55.81192,-9.76028,2457720.6624847,-1.452155,0.635474,-6149.162008,0.410243,-2.730286,0.147312,-6147.697712,0.123271,0.053769,0.16523,10.814164,7.347714,20.453836,3.145953,0.47925,0.000169,0.221009,0.000175,0.305502,0.00023,128,6.488993,47.521644,0.030146,-6.3,471.5,2457720.66248,-7.194983,-7.194826,0.16,-9999999,1.538405,0.010515,0.618164,-0.074109,0.391285,0.51,81.9983,10.768735,7.359607,2016-11-28T03:46:17.873,-9999999,K5,198.C-0836(A),Diaz,-9999999,HARPS_ech_obs_all,HARPS_ech_obs_wavesimult,STAR_WAVE_K0,6.715312910217E-06,3.6433154958557E-07,0,0,0
GJ150.0,55.81192,-9.76028,2457720.6637788,-2.841689,0.63558,-6150.299056,0.410378,-4.117468,0.147773,-6148.834685,0.123723,-1.322827,0.165805,10.167823,7.410134,19.956339,3.055037,0.479056,0.000171,0.2206,0.000176,0.304938,0.000231,128,6.487633,47.522685,0.029916,-6.3,468.7,2457720.66377,-7.198825,-7.198666,0.007,-9999999,1.538405,0.012867,0.618163,-0.074034,0.391283,0.5,81.9983,10.126404,7.411772,2016-11-28T03:48:10.509,-9999999,K5,198.C-0836(A),Diaz,-9999999,HARPS_ech_obs_all,HARPS_ech_obs_wavesimult,STAR_WAVE_K0,7.16606870115176E-06,4.16427261592308E-07,0,0,0
GJ150.0,55.81192,-9.76028,2457720.6650951,-4.10006,0.634416,-6151.790125,0.40872,-5.373447,0.142685,-6150.325676,0.118111,-2.58359,0.160992,8.586387,7.688318,19.849379,3.0585,0.478974,0.000161,0.220554,0.000166,0.305204,0.000218,128,6.48849,47.522267,0.029767,-6.3,495.4,2457720.66509,-7.202734,-7.202575,0.064,-9999999,1.538406,0.015259,0.618162,-0.073957,0.391282,0.51,81.9983,8.502786,7.682413,2016-11-28T03:50:03.415,-9999999,K5,198.C-0836(A),Diaz,-9999999,HARPS_ech_obs_all,HARPS_ech_obs_wavesimult,STAR_WAVE_K0,7.35955346101488E-06,2.7413794449952E-07,0,0,0
GJ150.0,55.81192,-9.76028,2457721.6625988,-7.276539,0.558586,-6155.115105,0.590572,-8.12657,0.164267,-6153.103256,0.140973,-5.256419,0.181758,9.304749,7.795402,20.467843,3.123831,0.474528,0.000199,0.216285,0.000205,0.305165,0.000268,128,6.487451,47.523019,0.030514,-6.3,404.7,2457721.66259,-7.649217,-7.649044,-0.017,-9999999,1.538727,0.438615,0.533886,0.473122,0.5735,0.5,81.9982,9.269591,7.774536,2016-11-29T03:46:30.701,-9999999,K5,198.C-0836(A),Diaz,-9999999,HARPS_ech_obs_all,HARPS_ech_obs_wavesimult,STAR_WAVE_K0,7.13642522284172E-06,3.01519434517857E-07,0,0,0
GJ150.0,55.81192,-9.76028,2457721.6639042,-8.805607,0.563452,-6156.416355,0.594648,-9.653266,0.180123,-6154.404429,0.157178,-6.690081,0.197212,10.709451,7.669006,21.077902,3.21213,0.474329,0.000225,0.215824,0.000231,0.30487,0.000302,0,6.486988,47.528618,0.030662,-6.3,358.9,2457721.6639,-7.653092,-7.652946,-0.205,-9999999,1.538727,0.440987,0.533885,0.473199,0.573499,0.5,81.9983,10.649606,7.642694,2016-11-29T03:48:23.487,-9999999,K5,198.C-0836(A),Diaz,-9999999,HARPS_ech_obs_all,HARPS_ech_obs_wavesimult,STAR_WAVE_K0,6.86943799561131E-06,3.4798946323055E-07,0,0,0
GJ150.0,55.81192,-9.76028,2457721.6652186,-8.026561,0.561139,-6155.747674,0.592626,-8.871831,0.172755,-6153.735671,0.14935,-5.843069,0.189781,13.710441,8.208039,20.343991,3.17037,0.475005,0.000211,0.215981,0.000217,0.305365,0.000285,0,6.487891,47.531961,0.031035,-6.3,381.2,2457721.66522,-7.656994,-7.656853,-0.444,-9999999,1.538728,0.443376,0.533884,0.473275,0.573498,0.51,81.9982,13.685518,8.184769,2016-11-29T03:50:16.233,-9999999,K5,198.C-0836(A),Diaz,-9999999,HARPS_ech_obs_all,HARPS_ech_obs_wavesimult,STAR_WAVE_K0,6.8464892538605E-06,2.91404065842195E-07,0,0,0
GJ150.0,55.81192,-9.76028,2457721.6665177,-5.781096,0.561443,-6153.3647,0.592913,-6.624005,0.173741,-6151.352621,0.150487,-3.542379,0.191153,10.022357,7.81415,20.870136,3.166748,0.479946,0.000211,0.216223,0.000218,0.305429,0.000285,0,6.487614,47.522639,0.031032,-6.3,380.2,2457721.66651,-7.660851,-7.660693,-0.578,-9999999,1.538728,0.445737,0.533884,0.473351,0.573497,0.5,81.9983,9.981558,7.802378,2016-11-29T03:52:09.299,-9999999,K5,198.C-0836(A),Diaz,-9999999,HARPS_ech_obs_all,HARPS_ech_obs_wavesimult,STAR_WAVE_K0,6.6373852311737E-06,2.78793385593318E-07,0,0,0
GJ150.0,55.81192,-9.76028,2457721.667833,-2.678465,0.561023,-6150.569692,0.592666,-3.518983,0.172381,-6148.557535,0.149517,-0.545195,0.189638,9.408329,7.770541,19.912153,3.18436,0.480238,0.000212,0.216185,0.000218,0.30566,0.000285,0,6.488517,47.522907,0.030128,-6.3,380.6,2457721.66782,-7.664755,-7.664596,-0.292,-9999999,1.538729,0.448128,0.533883,0.473428,0.573496,0.51,81.9983,9.356196,7.774172,2016-11-29T03:54:02.125,-9999999,K5,198.C-0836(A),Diaz,-9999999,HARPS_ech_obs_all,HARPS_ech_obs_wavesimult,STAR_WAVE_K0,7.46162229622059E-06,4.17143385232271E-07,0,0,0
GJ150.0,55.81192,-9.76028,2457721.669138,-0.306837,0.560599,-6148.235747,0.592248,-1.144984,0.170998,-6146.223514,0.147851,1.709874,0.188863,7.28509,7.723706,22.229275,3.22595,0.479973,0.000206,0.216386,0.000213,0.305188,0.000279,0,6.489096,47.515422,0.028927,-6.3,388.9,2457721.66913,-7.668629,-7.668469,0.064,-9999999,1.538729,0.450499,0.533882,0.473504,0.573496,0.51,81.9983,7.22444,7.742698,2016-11-29T03:55:54.881,-9999999,K5,198.C-0836(A),Diaz,-9999999,HARPS_ech_obs_all,HARPS_ech_obs_wavesimult,STAR_WAVE_K0,6.97069922848772E-06,3.56007516854558E-07,0,0,0
GJ150.0,55.81192,-9.76028,2457721.6704513,1.778567,0.561039,-6146.121264,0.592442,0.942807,0.172439,-6144.108954,0.148631,3.812025,0.18978,6.426283,7.982291,23.159815,3.153597,0.480005,0.000208,0.216376,0.000214,0.305002,0.000281,0,6.490671,47.501883,0.030063,-6.3,386.2,2457721.67045,-7.672527,-7.672376,0.384,-9999999,1.538729,0.452886,0.533882,0.473581,0.573495,0.52,81.9983,6.363456,8.010149,2016-11-29T03:57:47.527,-9999999,K5,198.C-0836(A),Diaz,-9999999,HARPS_ech_obs_all,HARPS_ech_obs_wavesimult,STAR_WAVE_K0,7.03150671384518E-06,3.31515171039763E-07,0,0,0
GJ150.0,55.81192,-9.76028,2457721.671762,3.975128,0.560664,-6143.856356,0.592294,3.14175,0.171216,-6141.843968,0.148045,5.991812,0.188671,8.055301,7.651347,23.153816,3.148586,0.479843,0.000209,0.2166,0.000215,0.305638,0.000282,0,6.489846,47.503187,0.027948,-6.3,385.3,2457721.67176,-7.676417,-7.676278,0.21,-9999999,1.53873,0.455268,0.533881,0.473658,0.573494,0.52,81.9983,7.993165,7.691233,2016-11-29T03:59:40.773,-9999999,K5,198.C-0836(A),Diaz,-9999999,HARPS_ech_obs_all,HARPS_ech_obs_wavesimult,STAR_WAVE_K0,7.23400445513838E-06,4.28981354364025E-07,0,0,0
GJ150.0,55.81192,-9.76028,2457728.6631213,-4.917364,1.03178,-6151.622627,0.743227,-5.300902,0.145771,-6149.803569,0.121291,-2.598054,0.163592,5.238574,8.728369,19.467791,3.055158,0.478969,0.000167,0.216841,0.000172,0.303664,0.000224,128,6.488603,47.52338,0.029699,-6.3,480.8,2457728.66312,-10.752916,-10.752754,-0.292,-9999999,1.54098,0.905108,1.021431,0.278078,0.733263,0.51,71.9982,5.177296,8.719462,2016-12-06T03:47:38.678,-9999999,K5,198.C-0836(A),Diaz,-9999999,HARPS_ech_obs_all,HARPS_ech_obs_wavesimult,STAR_WAVE_K0,6.34569971712477E-06,3.48090798290281E-07,0,0,0
GJ150.0,55.81192,-9.76028,2457728.6643113,-4.810856,1.032017,-6151.463998,0.743567,-5.192232,0.147437,-6149.644871,0.123358,-2.472371,0.164945,5.462085,8.28251,19.130993,3.081348,0.479055,0.000168,0.217098,0.000174,0.303466,0.000227,128,6.488619,47.525529,0.030042,-6.3,474.7,2457728.66431,-10.756408,-10.756273,-0.057,-9999999,1.54098,0.907271,1.021431,0.278147,0.733263,0.51,71.9982,5.416727,8.275667,2016-12-06T03:49:21.504,-9999999,K5,198.C-0836(A),Diaz,-9999999,HARPS_ech_obs_all,HARPS_ech_obs_wavesimult,STAR_WAVE_K0,7.22089236895785E-06,2.75964971443146E-07,0,0,0
GJ150.0,55.81192,-9.76028,2457728.6678758,-1.248552,1.031864,-6148.151675,0.743172,-1.623449,0.146372,-6146.332337,0.120967,0.996008,0.164054,2.427607,8.43979,18.191317,3.115531,0.479093,0.000166,0.217129,0.000171,0.303769,0.000224,128,6.487503,47.533318,0.029705,-6.3,482.5,2457728.66787,-10.766852,-10.766722,0.752,-9999999,1.540982,0.913749,1.02143,0.278356,0.733261,0.49,71.9983,2.423847,8.459189,2016-12-06T03:54:30.921,-9999999,K5,198.C-0836(A),Diaz,-9999999,HARPS_ech_obs_all,HARPS_ech_obs_wavesimult,STAR_WAVE_K0,7.04655160510121E-06,2.31867033678967E-07,0,0,0
GJ150.0,55.81192,-9.76028,2457728.6690499,0.493538,1.031372,-6146.448435,0.742814,0.120775,0.142863,-6144.629029,0.118751,2.754162,0.160386,2.251947,8.732851,17.619949,2.992081,0.478828,0.000162,0.217396,0.000168,0.303302,0.000219,128,6.487045,47.533469,0.02902,-6.3,491.9,2457728.66904,-10.770287,-10.770134,-0.156,-9999999,1.540982,0.915883,1.021429,0.278424,0.73326,0.47,71.9983,2.189401,8.756556,2016-12-06T03:56:13.807,-9999999,K5,198.C-0836(A),Diaz,-9999999,HARPS_ech_obs_all,HARPS_ech_obs_wavesimult,STAR_WAVE_K0,6.64788230009933E-06,3.54240751808446E-07,0,0,0
GJ150.0,55.81192,-9.76028,2457728.6702718,1.010651,1.032736,-6145.788222,0.744521,0.640109,0.152404,-6143.968744,0.129002,3.429178,0.169808,2.602302,8.192872,18.227289,3.07663,0.478959,0.000178,0.216943,0.000184,0.303447,0.00024,128,6.486676,47.531974,0.029948,-6.3,449.5,2457728.67027,-10.773858,-10.773711,-0.081,-9999999,1.540982,0.918104,1.021429,0.278496,0.73326,0.51,71.9983,2.601823,8.217623,2016-12-06T03:57:56.502,-9999999,K5,198.C-0836(A),Diaz,-9999999,HARPS_ech_obs_all,HARPS_ech_obs_wavesimult,STAR_WAVE_K0,7.23665935646071E-06,3.73693987984929E-07,0,0,0
GJ150.0,55.81192,-9.76028,2457728.6714373,1.514801,1.032984,-6145.354458,0.744812,1.146377,0.154074,-6143.534911,0.130676,3.964699,0.170882,1.998232,8.734116,18.982512,3.052522,0.479369,0.00018,0.217176,0.000186,0.303976,0.000243,128,6.487204,47.528513,0.029772,-6.3,443.8,2457728.67143,-10.777262,-10.777083,-0.261,-9999999,1.540983,0.920222,1.021429,0.278564,0.733259,0.48,71.9983,1.954033,8.759861,2016-12-06T03:59:39.368,-9999999,K5,198.C-0836(A),Diaz,-9999999,HARPS_ech_obs_all,HARPS_ech_obs_wavesimult,STAR_WAVE_K0,7.36747081846029E-06,3.34978710720584E-07,0,0,0
GJ150.0,55.81192,-9.76028,2457729.5240646,-2.172936,0.867217,-6149.804294,0.661231,-3.421797,0.162595,-6147.868761,0.138207,-0.839382,0.180209,21.41765,9.35413,20.329299,3.145374,0.479559,0.000196,0.216031,0.000202,0.305261,0.000265,128,6.488503,47.526834,0.028928,-6.3,408.9,2457729.52406,-10.801847,-10.801686,0.987,-9999999,1.541257,0.039785,0.851838,0.394276,0.646626,0.51,59.9982,21.408948,9.360156,2016-12-07T00:27:33.009,-9999999,K5,198.C-0836(A),Diaz,-9999999,HARPS_ech_obs_all,HARPS_ech_obs_wavesimult,STAR_WAVE_K0,6.95585723043896E-06,3.91986163375775E-07,0,0,0
GJ150.0,55.81192,-9.76028,2457729.5251132,-1.050745,0.866315,-6148.529189,0.660308,-2.2977,0.15772,-6146.593594,0.133738,0.450993,0.17542,25.219358,9.778136,20.049155,3.166142,0.479807,0.000192,0.216245,0.000197,0.305133,0.000258,128,6.488686,47.5299,0.029117,-6.3,419.9,2457729.52511,-10.804213,-10.804057,0.953,-9999999,1.541257,0.041691,0.851837,0.394338,0.646623,0.5,59.9982,25.232707,9.786533,2016-12-07T00:29:04.204,-9999999,K5,198.C-0836(A),Diaz,-9999999,HARPS_ech_obs_all,HARPS_ech_obs_wavesimult,STAR_WAVE_K0,-9999999,-9999999,-9999999,-9999999,-9999999
GJ150.0,55.81192,-9.76028,2457729.5261448,0.208162,0.869407,-6147.748141,0.663864,-1.036919,0.173912,-6145.812485,0.15033,1.863331,0.191435,20.323338,9.574756,20.445194,3.123746,0.479666,0.000215,0.216564,0.000221,0.304993,0.00029,0,6.487972,47.526525,0.02854,-6.3,374.2,2457729.52614,-10.806553,-10.80641,0.666,-9999999,1.541258,0.043565,0.851835,0.394398,0.64662,0.47,59.9982,20.293802,9.589397,2016-12-07T00:30:35.139,-9999999,K5,198.C-0836(A),Diaz,-9999999,HARPS_ech_obs_all,HARPS_ech_obs_wavesimult,STAR_WAVE_K0,6.93866262140614E-06,3.24168184857427E-07,0,0,0
GJ150.0,55.81192,-9.76028,2457729.5272185,0.875615,0.86556,-6146.943178,0.659403,-0.367514,0.153541,-6145.007459,0.129226,2.320151,0.171413,22.356825,9.586851,19.93355,3.20145,0.479705,0.000185,0.216124,0.00019,0.304986,0.000249,128,6.488483,47.5297,0.028651,-6.3,434.9,2457729.52722,-10.809,-10.808858,0.857,-9999999,1.541258,0.045517,0.851833,0.394461,0.646616,0.5,59.9982,22.346024,9.60481,2016-12-07T00:32:06.114,-9999999,K5,198.C-0836(A),Diaz,-9999999,HARPS_ech_obs_all,HARPS_ech_obs_wavesimult,STAR_WAVE_K0,7.31759416951011E-06,3.4314161600739E-07,0,0,0
GJ150.0,55.81192,-9.76028,2457729.5282788,1.355598,0.86641,-6146.336296,0.660377,0.114396,0.158273,-6144.400515,0.134126,2.636535,0.176088,20.741326,9.701681,20.267243,3.149492,0.479459,0.000194,0.215789,0.000199,0.304712,0.00026,128,6.488802,47.526849,0.02802,-6.3,416.6,2457729.52827,-10.811429,-10.811265,0.503,-9999999,1.541258,0.047444,0.851831,0.394523,0.646613,0.51,59.9982,20.70883,9.720453,2016-12-07T00:33:37.130,-9999999,K5,198.C-0836(A),Diaz,-9999999,HARPS_ech_obs_all,HARPS_ech_obs_wavesimult,STAR_WAVE_K0,7.20374819078949E-06,2.60860297591337E-07,0,0,0
GJ150.0,55.81192,-9.76028,2457729.5293503,0.719758,0.866252,-6146.99444,0.660197,-0.519497,0.157415,-6145.058596,0.13325,2.080264,0.175288,20.463921,9.513757,20.970536,3.180386,0.479699,0.000192,0.215731,0.000196,0.305338,0.000258,128,6.489208,47.521162,0.028466,-6.3,420.8,2457729.52935,-10.813896,-10.813738,1.113,-9999999,1.541259,0.049391,0.851829,0.394585,0.64661,0.52,59.9982,20.463333,9.531746,2016-12-07T00:35:09.105,-9999999,K5,198.C-0836(A),Diaz,-9999999,HARPS_ech_obs_all,HARPS_ech_obs_wavesimult,STAR_WAVE_K0,7.00714064505645E-06,2.96135724146608E-07,0,0,0
GJ150.0,55.81192,-9.76028,2457729.5303903,0.123139,0.865758,-6147.558203,0.659646,-1.114225,0.154685,-6145.622298,0.130511,1.482225,0.173063,21.528398,9.092253,20.980686,3.201458,0.479532,0.000187,0.216131,0.000192,0.305189,0.000252,128,6.490008,47.519154,0.029133,-6.3,430.9,2457729.53039,-10.816302,-10.816164,1.051,-9999999,1.541259,0.051282,0.851828,0.394646,0.646607,0.5,59.9982,21.559675,9.105636,2016-12-07T00:36:40.170,-9999999,K5,198.C-0836(A),Diaz,-9999999,HARPS_ech_obs_all,HARPS_ech_obs_wavesimult,STAR_WAVE_K0,7.21966305350332E-06,3.47307596838962E-07,0,0,0
GJ150.0,55.81192,-9.76028,2457729.53145,-0.295727,0.865294,-6147.731089,0.659121,-1.531165,0.152077,-6145.795122,0.127846,0.983901,0.170675,21.13552,9.314784,21.911741,3.056053,0.479932,0.000185,0.216003,0.000189,0.305085,0.000248,128,6.490592,47.5155,0.028975,-6.3,437.9,2457729.53144,-10.818765,-10.818606,1.413,-9999999,1.541259,0.053208,0.851826,0.394708,0.646603,0.51,59.9982,21.159521,9.326449,2016-12-07T00:38:11.125,-9999999,K5,198.C-0836(A),Diaz,-9999999,HARPS_ech_obs_all,HARPS_ech_obs_wavesimult,STAR_WAVE_K0,7.35914721048109E-06,3.6235054340246E-07,0,0,0
GJ150.0,55.81192,-9.76028,2457729.532491,-0.906876,0.865878,-6148.855922,0.659799,-2.140422,0.155374,-6146.919893,0.13131,0.47066,0.173551,22.171934,9.124554,21.741356,3.104313,0.47991,0.000189,0.215752,0.000194,0.305925,0.000254,128,6.490236,47.515586,0.028425,-6.3,427,2457729.53248,-10.821196,-10.821033,0.999,-9999999,1.54126,0.0551,0.851824,0.394769,0.6466,0.49,59.9983,22.172783,9.134203,2016-12-07T00:39:42.270,-9999999,K5,198.C-0836(A),Diaz,-9999999,HARPS_ech_obs_all,HARPS_ech_obs_wavesimult,STAR_WAVE_K0,7.00565033625669E-06,3.25755204489332E-07,0,0,0
GJ150.0,55.81192,-9.76028,2457730.6555883,-2.969291,0.561746,-6150.337227,0.719698,-4.406787,0.16234,-6148.732312,0.138062,-1.530564,0.179367,17.217259,7.969938,20.069046,3.140247,0.479007,0.000187,0.217114,0.000195,0.304138,0.000254,128,6.489247,47.524683,0.028968,-6.3,425.5,2457730.65558,-11.58664,-11.586484,-0.068,-9999999,1.541621,-0.14885,0.537778,0.063294,0.706331,0.48,59.9982,17.161698,7.970872,2016-12-08T03:37:02.144,-9999999,K5,198.C-0836(A),Diaz,-9999999,HARPS_ech_obs_all,HARPS_ech_obs_wavesimult,STAR_WAVE_K0,6.49655099836908E-06,3.46608538553904E-07,0,0,0
GJ150.0,55.81192,-9.76028,2457730.6566705,-2.649018,0.55987,-6149.837626,0.718426,-4.084548,0.155726,-6148.232647,0.131274,-1.072825,0.173071,13.488058,7.88521,19.39851,3.107136,0.478988,0.000178,0.216949,0.000185,0.304236,0.000241,128,6.488263,47.529077,0.028951,-6.3,447.6,2457730.65667,-11.589811,-11.589664,0.482,-9999999,1.541622,-0.146884,0.537777,0.063357,0.706331,0.52,59.9982,13.42369,7.891708,2016-12-08T03:38:33.249,-9999999,K5,198.C-0836(A),Diaz,-9999999,HARPS_ech_obs_all,HARPS_ech_obs_wavesimult,STAR_WAVE_K0,6.9476813090314E-06,2.88071890325441E-07,0,0,0
GJ150.0,55.81192,-9.76028,2457730.6577018,-1.51762,0.558593,-6148.867625,0.717679,-2.951275,0.151073,-6147.262586,0.127124,-0.035067,0.168539,12.099552,7.402931,19.134313,3.115796,0.478947,0.000172,0.216738,0.000179,0.303937,0.000234,128,6.48835,47.52706,0.028871,-6.3,462.4,2457730.6577,-11.592831,-11.592673,0.392,-9999999,1.541622,-0.145009,0.537776,0.063417,0.70633,0.49,59.9982,12.009558,7.417171,2016-12-08T03:40:04.154,-9999999,K5,198.C-0836(A),Diaz,-9999999,HARPS_ech_obs_all,HARPS_ech_obs_wavesimult,STAR_WAVE_K0,7.13395503427679E-06,2.57304408346738E-07,0,0,0
GJ150.0,55.81192,-9.76028,2457730.658741,-0.109653,0.563457,-6147.316779,0.720917,-1.54142,0.168172,-6145.711679,0.144294,1.497366,0.184868,13.683366,7.356544,19.908686,3.132878,0.479003,0.000198,0.217014,0.000206,0.304437,0.000269,128,6.488481,47.524228,0.029612,-6.3,402.7,2457730.65874,-11.595872,-11.595714,-0.059,-9999999,1.541622,-0.143121,0.537775,0.063478,0.706329,0.47,59.9983,13.652377,7.372585,2016-12-08T03:41:35.149,-9999999,K5,198.C-0836(A),Diaz,-9999999,HARPS_ech_obs_all,HARPS_ech_obs_wavesimult,STAR_WAVE_K0,6.97940167002747E-06,4.52923401909792E-07,0,0,0
GJ150.0,55.81192,-9.76028,2457730.6598362,1.40827,0.563928,-6146.152024,0.7211,-0.021506,0.169744,-6144.546859,0.14521,2.753097,0.185969,12.572561,7.574244,20.482664,3.126408,0.479076,0.000197,0.21678,0.000205,0.304049,0.000268,128,6.488842,47.521236,0.028833,-6.3,403.6,2457730.65982,-11.599075,-11.598918,-0.166,-9999999,1.541623,-0.14113,0.537775,0.063542,0.706329,0.53,59.9983,12.532308,7.597056,2016-12-08T03:43:06.174,-9999999,K5,198.C-0836(A),Diaz,-9999999,HARPS_ech_obs_all,HARPS_ech_obs_wavesimult,STAR_WAVE_K0,7.43865999796241E-06,3.70094083436598E-07,0,0,0
GJ150.0,55.81192,-9.76028,2457730.6608401,1.023168,0.567157,-6146.232664,0.723535,-0.404783,0.180183,-6144.62744,0.156858,2.571019,0.197015,15.831868,8.291156,21.831201,3.228621,0.47964,0.000215,0.217093,0.000224,0.304529,0.000292,0,6.488667,47.516375,0.02857,-6.3,370.2,2457730.66083,-11.60201,-11.601854,-0.016,-9999999,1.541623,-0.139305,0.537774,0.063601,0.706328,0.46,59.9983,15.829801,8.309774,2016-12-08T03:44:37.119,-9999999,K5,198.C-0836(A),Diaz,-9999999,HARPS_ech_obs_all,HARPS_ech_obs_wavesimult,STAR_WAVE_K0,6.94499549515596E-06,2.93569405922628E-07,0,0,0
GJ150.0,55.81192,-9.76028,2457730.6619219,1.498332,0.564065,-6145.935441,0.721449,0.072347,0.170202,-6144.330154,0.146938,3.011528,0.187505,15.607428,7.907733,21.850105,3.172368,0.479375,0.000201,0.217823,0.000209,0.304456,0.000273,0,6.489676,47.514137,0.028784,-6.3,396.4,2457730.66192,-11.605169,-11.605024,0.105,-9999999,1.541623,-0.137339,0.537773,0.063664,0.706327,0.48,59.9983,15.565511,7.931294,2016-12-08T03:46:09.384,-9999999,K5,198.C-0836(A),Diaz,-9999999,HARPS_ech_obs_all,HARPS_ech_obs_wavesimult,STAR_WAVE_K0,7.02190949419855E-06,3.36275618296066E-07,0,0,0
GJ150.0,55.81192,-9.76028,2457730.6629947,1.285111,0.561531,-6145.873475,0.719538,-0.138925,0.161609,-6144.268124,0.137253,2.614504,0.178839,15.584224,7.894706,20.970224,3.165774,0.479487,0.000186,0.217223,0.000194,0.304133,0.000253,128,6.489606,47.517342,0.028239,-6.3,426.9,2457730.66298,-11.608301,-11.608154,-0.051,-9999999,1.541624,-0.13539,0.537773,0.063727,0.706327,0.51,59.9982,15.558405,7.918076,2016-12-08T03:47:40.279,-9999999,K5,198.C-0836(A),Diaz,-9999999,HARPS_ech_obs_all,HARPS_ech_obs_wavesimult,STAR_WAVE_K0,7.61398435545421E-06,2.71902774388546E-07,0,0,0
GJ150.0,55.81192,-9.76028,2457730.6640321,0.070041,0.560457,-6147.229749,0.718815,-1.352109,0.157837,-6145.624338,0.133414,1.507135,0.175217,14.886885,7.021334,20.697326,3.093506,0.478723,0.00018,0.21723,0.000188,0.304535,0.000245,128,6.489712,47.517676,0.028709,-6.3,441,2457730.66403,-11.611326,-11.611184,0.234,-9999999,1.541624,-0.133504,0.537772,0.063787,0.706326,0.49,59.9982,14.825994,7.042671,2016-12-08T03:49:11.114,-9999999,K5,198.C-0836(A),Diaz,-9999999,HARPS_ech_obs_all,HARPS_ech_obs_wavesimult,STAR_WAVE_K0,7.63271336455994E-06,4.33909816926021E-07,0,0,0
GJ150.0,55.81192,-9.76028,2457732.7316336,0.572271,0.964956,-6145.555362,0.902419,-1.263839,0.297494,-6145.787009,0.264774,2.142259,0.308167,12.858988,6.542309,22.506508,3.166596,0.479601,0.000369,0.217487,0.000388,0.304978,0.000506,0,6.484425,47.53529,0.029841,-6.3,215.2,2457732.73163,-12.63543,-12.635284,1.286,-9999999,1.542289,-0.547464,0.917953,-1.773936,0.862702,0.51,59.9983,12.790608,6.567812,2016-12-10T05:26:37.824,-9999999,K5,198.C-0836(A),Diaz,-9999999,HARPS_ech_obs_all,HARPS_ech_obs_wavesimult,STAR_WAVE_K0,7.39882258832842E-06,3.7497746986738E-07,0,0,0
GJ150.0,55.81192,-9.76028,2457732.7326852,-0.957101,0.965261,-6147.087649,0.902484,-2.7913,0.298479,-6147.319234,0.264996,0.575697,0.309315,15.464211,6.668619,22.365595,3.559991,0.479821,0.000372,0.217131,0.000389,0.305479,0.000509,0,6.487655,47.517123,0.029716,-6.3,214.2,2457732.73268,-12.638043,-12.637895,1.486,-9999999,1.54229,-0.545553,0.917953,-1.773875,0.862702,0.5,59.9983,15.418779,6.687061,2016-12-10T05:28:09.290,-9999999,K5,198.C-0836(A),Diaz,-9999999,HARPS_ech_obs_all,HARPS_ech_obs_wavesimult,STAR_WAVE_K0,7.4839545675101E-06,4.0537081799128E-07,0,0,0
GJ150.0,55.81192,-9.76028,2457732.7337296,-1.254315,0.953719,-6147.395088,0.892721,-3.086615,0.25873,-6147.626612,0.229554,0.132764,0.271087,7.52785,6.509864,23.192289,3.341056,0.480406,0.000317,0.217111,0.000332,0.306075,0.000435,0,6.487778,47.509816,0.030908,-6.3,250.1,2457732.73372,-12.640629,-12.640468,1.391,-9999999,1.54229,-0.543654,0.917954,-1.773814,0.862703,0.49,59.9982,7.477224,6.525696,2016-12-10T05:29:40.125,-9999999,K5,198.C-0836(A),Diaz,-9999999,HARPS_ech_obs_all,HARPS_ech_obs_wavesimult,STAR_WAVE_K0,6.65454205210122E-06,4.1613382241176E-07,0,0,0
GJ150.0,55.81192,-9.76028,2457732.7348051,-1.236591,0.962105,-6147.444476,0.900016,-3.066937,0.288108,-6147.675937,0.256461,0.337919,0.299314,16.33203,6.569764,23.133525,3.215517,0.48008,0.000358,0.21704,0.000375,0.305856,0.000491,0,6.486846,47.517322,0.028731,-6.3,221.9,2457732.7348,-12.643282,-12.64314,0.877,-9999999,1.54229,-0.5417,0.917954,-1.773751,0.862703,0.52,59.9982,16.295339,6.583315,2016-12-10T05:31:11.260,-9999999,K5,198.C-0836(A),Diaz,-9999999,HARPS_ech_obs_all,HARPS_ech_obs_wavesimult,STAR_WAVE_K0,7.54248254970692E-06,4.81074212701907E-07,0,0,0
GJ150.0,55.81192,-9.76028,2457732.7358335,-1.133053,0.960396,-6146.846255,0.89842,-2.96153,0.282349,-6147.077655,0.250801,0.355561,0.293637,11.29541,6.569183,23.072518,3.330523,0.479768,0.00035,0.216807,0.000366,0.306281,0.00048,0,6.486306,47.520799,0.029773,-6.3,227.2,2457732.73583,-12.645808,-12.645665,1.617,-9999999,1.542291,-0.539831,0.917954,-1.773691,0.862704,0.47,59.9982,11.248021,6.58495,2016-12-10T05:32:43.115,-9999999,K5,198.C-0836(A),Diaz,-9999999,HARPS_ech_obs_all,HARPS_ech_obs_wavesimult,STAR_WAVE_K0,6.20228701722957E-06,3.8971718215862E-07,0,0,0
GJ150.0,55.81192,-9.76028,2457732.7369216,-0.851526,0.961363,-6147.023941,0.899324,-2.678025,0.28562,-6147.255278,0.254018,0.684307,0.297301,8.703011,6.637698,24.318056,3.299247,0.480121,0.000355,0.217196,0.000371,0.305447,0.000486,0,6.488286,47.511106,0.03094,-6.3,224.2,2457732.73692,-12.64847,-12.64832,2.136,-9999999,1.542291,-0.537853,0.917955,-1.773628,0.862704,0.52,59.9982,8.668693,6.658191,2016-12-10T05:34:14.130,-9999999,K5,198.C-0836(A),Diaz,-9999999,HARPS_ech_obs_all,HARPS_ech_obs_wavesimult,STAR_WAVE_K0,6.07758768946249E-06,3.94335290568014E-07,0,0,0
GJ150.0,55.81192,-9.76028,2457732.7379469,0.019576,0.976551,-6146.312114,0.912406,-1.80506,0.333181,-6146.54339,0.297026,1.705781,0.3433,16.199977,6.3269,22.808377,3.54861,0.479716,0.000418,0.218107,0.000439,0.298876,0.000574,0,6.48684,47.528698,0.030822,-6.3,190.5,2457732.73794,-12.650968,-12.650796,2.281,-9999999,1.542292,-0.53599,0.917955,-1.773568,0.862705,0.48,59.9982,16.146432,6.354687,2016-12-10T05:35:45.115,-9999999,K5,198.C-0836(A),Diaz,-9999999,HARPS_ech_obs_all,HARPS_ech_obs_wavesimult,STAR_WAVE_K0,7.11967566124617E-06,4.21507890376668E-07,0,0,0
GJ150.0,55.81192,-9.76028,2457732.7390207,-0.095619,0.970534,-6146.410564,0.907138,-1.918303,0.315111,-6146.641777,0.280427,1.387972,0.325638,12.553039,5.848017,22.831614,3.562107,0.48052,0.000393,0.217322,0.000412,0.298036,0.000538,0,6.486943,47.526535,0.029621,-6.3,202.6,2457732.73901,-12.653573,-12.653425,2.28,-9999999,1.542292,-0.534038,0.917955,-1.773505,0.862705,0.51,59.9982,12.497438,5.877217,2016-12-10T05:37:16.100,-9999999,K5,198.C-0836(A),Diaz,-9999999,HARPS_ech_obs_all,HARPS_ech_obs_wavesimult,STAR_WAVE_K0,8.03897770557852E-06,3.85113122020769E-07,0,0,0
GJ150.0,55.81192,-9.76028,2457732.7400718,0.984673,0.96421,-6145.298061,0.901824,-0.836101,0.295057,-6145.529212,0.262725,2.514275,0.306335,8.845493,6.546845,22.527416,3.342155,0.479636,0.000367,0.217548,0.000385,0.298749,0.000504,0,6.48415,47.534737,0.028542,-6.3,216.4,2457732.74007,-12.656113,-12.655965,1.78,-9999999,1.542292,-0.532128,0.917956,-1.773443,0.862706,0.49,59.9982,8.788824,6.573367,2016-12-10T05:38:48.115,-9999999,K5,198.C-0836(A),Diaz,-9999999,HARPS_ech_obs_all,HARPS_ech_obs_wavesimult,STAR_WAVE_K0,7.24082894043027E-06,4.35671719868003E-07,0,0,0
GJ150.0,55.81192,-9.76028,2457733.6614809,0.613954,0.860676,-6145.602783,0.64081,-0.258002,0.19149,-6144.989935,0.162828,2.842464,0.207705,8.216924,9.118713,22.304433,3.141107,0.480652,0.000222,0.219883,0.000231,0.301058,0.000306,0,6.488346,47.506954,0.030411,-6.3,358.7,2457733.66147,-12.857479,-12.857324,1.481,-9999999,1.542589,0.41669,0.839104,-0.929741,0.619778,0.53,59.9983,8.152459,9.145517,2016-12-11T03:45:38.813,-9999999,K5,198.C-0836(A),Diaz,-9999999,HARPS_ech_obs_all,HARPS_ech_obs_wavesimult,STAR_WAVE_K0,6.91116763693944E-06,3.211353879589E-07,0,0,0
GJ150.0,55.81192,-9.76028,2457733.6625169,1.149964,0.86498,-6145.404791,0.645606,0.27989,0.209989,-6144.791883,0.180785,3.559084,0.224771,6.762977,9.680462,22.327451,3.157138,0.480501,0.000254,0.219339,0.000262,0.300853,0.000347,0,6.487059,47.513495,0.029228,-6.3,316,2457733.66252,-12.86047,-12.860325,1.414,-9999999,1.542589,0.418573,0.839103,-0.929681,0.619777,0.5,59.9983,6.722793,9.701426,2016-12-11T03:47:10.128,-9999999,K5,198.C-0836(A),Diaz,-9999999,HARPS_ech_obs_all,HARPS_ech_obs_wavesimult,STAR_WAVE_K0,7.98336758067932E-06,3.08827084490592E-07,0,0,0
GJ150.0,55.81192,-9.76028,2457733.6635839,0.87516,0.865303,-6145.300622,0.64616,0.007026,0.211319,-6144.687651,0.182759,3.130913,0.226437,8.676928,9.562769,21.875191,3.166279,0.480513,0.000256,0.219257,0.000264,0.300825,0.00035,0,6.485515,47.518622,0.030557,-6.3,313.4,2457733.66358,-12.863547,-12.863389,1.198,-9999999,1.542589,0.420512,0.839103,-0.929618,0.619776,0.52,59.9982,8.622684,9.585672,2016-12-11T03:48:41.113,-9999999,K5,198.C-0836(A),Diaz,-9999999,HARPS_ech_obs_all,HARPS_ech_obs_wavesimult,STAR_WAVE_K0,6.89077197370966E-06,3.52820285357926E-07,0,0,0
GJ150.0,55.81192,-9.76028,2457733.6646304,-0.294418,0.86042,-6146.522225,0.640796,-1.16065,0.190342,-6145.909192,0.16278,1.988995,0.206009,9.366878,9.18015,21.412591,3.176249,0.480879,0.000226,0.21907,0.000233,0.300736,0.000309,0,6.487797,47.520319,0.029367,-6.3,354.9,2457733.66462,-12.866562,-12.866411,1.427,-9999999,1.54259,0.422414,0.839103,-0.929557,0.619775,0.51,59.9983,9.320469,9.201325,2016-12-11T03:50:12.138,-9999999,K5,198.C-0836(A),Diaz,-9999999,HARPS_ech_obs_all,HARPS_ech_obs_wavesimult,STAR_WAVE_K0,7.04235426837771E-06,3.88001736038539E-07,0,0,0
GJ150.0,55.81192,-9.76028,2457733.6656576,-1.216563,0.861221,-6147.354286,0.641589,-2.080928,0.193929,-6146.741193,0.165879,1.152662,0.209965,9.241823,9.318549,20.89034,3.136596,0.480106,0.000229,0.219358,0.000237,0.300737,0.000313,0,6.487406,47.520299,0.029523,-6.3,349.7,2457733.66565,-12.869519,-12.869369,1.61,-9999999,1.54259,0.424281,0.839102,-0.929497,0.619775,0.47,59.9983,9.179572,9.336152,2016-12-11T03:51:43.293,-9999999,K5,198.C-0836(A),Diaz,-9999999,HARPS_ech_obs_all,HARPS_ech_obs_wavesimult,STAR_WAVE_K0,7.23873919954044E-06,3.36421734097857E-07,0,0,0
GJ150.0,55.81192,-9.76028,2457733.6667448,-2.547168,0.861176,-6148.798321,0.641608,-3.409557,0.193731,-6148.185165,0.165953,-0.429533,0.209452,4.035466,8.967618,21.148536,3.058705,0.480379,0.00023,0.21954,0.000238,0.3007,0.000315,0,6.48748,47.522064,0.029456,-6.3,348.3,2457733.66674,-12.872644,-12.872489,1.532,-9999999,1.54259,0.426257,0.839102,-0.929434,0.619774,0.52,59.9983,3.969702,8.97913,2016-12-11T03:53:14.228,-9999999,K5,198.C-0836(A),Diaz,-9999999,HARPS_ech_obs_all,HARPS_ech_obs_wavesimult,STAR_WAVE_K0,7.08617299893737E-06,3.2768745419367E-07,0,0,0
GJ150.0,55.81192,-9.76028,2457733.6677828,-3.62623,0.860214,-6149.814488,0.640509,-4.486733,0.189411,-6149.20127,0.161656,-1.370875,0.205671,9.271181,9.337751,21.282023,3.10443,0.480196,0.000226,0.219247,0.000233,0.301101,0.000309,0,6.487827,47.516048,0.029049,-6.3,355.5,2457733.66778,-12.875624,-12.875472,1.423,-9999999,1.542591,0.428143,0.839101,-0.929373,0.619773,0.5,59.9982,9.227192,9.344476,2016-12-11T03:54:45.113,-9999999,K5,198.C-0836(A),Diaz,-9999999,HARPS_ech_obs_all,HARPS_ech_obs_wavesimult,STAR_WAVE_K0,6.73149809499471E-06,3.5650063031227E-07,0,0,0
GJ150.0,55.81192,-9.76028,2457733.668836,-4.738351,0.858409,-6151.046596,0.638603,-5.59694,0.181041,-6150.433317,0.153934,-2.416666,0.197883,9.271298,9.202552,20.946947,3.10465,0.480284,0.000213,0.219417,0.00022,0.300719,0.000292,0,6.488112,47.520792,0.029888,-6.3,375.7,2457733.66883,-12.878644,-12.878514,1.618,-9999999,1.542591,0.430057,0.839101,-0.929312,0.619773,0.5,59.9983,9.221581,9.205817,2016-12-11T03:56:16.118,-9999999,K5,198.C-0836(A),Diaz,-9999999,HARPS_ech_obs_all,HARPS_ech_obs_wavesimult,STAR_WAVE_K0,7.19545987211609E-06,3.57771966312014E-07,0,0,0
GJ150.0,55.81192,-9.76028,2457733.6698974,-5.059786,0.861736,-6151.232672,0.642122,-5.916446,0.196212,-6150.619331,0.167936,-2.721841,0.21157,9.096056,9.106397,20.699963,3.10702,0.480092,0.000234,0.219283,0.000242,0.30098,0.000321,0,6.486465,47.522628,0.030302,-6.3,342.3,2457733.66989,-12.881683,-12.881523,1.446,-9999999,1.542591,0.431986,0.839101,-0.92925,0.619772,0.51,59.9982,9.047548,9.107606,2016-12-11T03:57:47.223,-9999999,K5,198.C-0836(A),Diaz,-9999999,HARPS_ech_obs_all,HARPS_ech_obs_wavesimult,STAR_WAVE_K0,7.28513971855914E-06,4.71171748361307E-07,0,0,0
GJ150.0,55.81192,-9.76028,2457734.5216882,-3.38242,0.939915,-6150.10952,0.816116,-4.46343,0.161258,-6148.749359,0.132838,-1.699863,0.178099,8.385116,6.638913,19.59069,3.118524,0.480724,0.000192,0.218572,0.000195,0.301808,0.00026,128,6.487013,47.531676,0.028906,-6.3,423.4,2457734.52168,-12.880085,-12.879912,0.145,-9999999,1.542866,0.207636,0.925979,-0.182705,0.805233,0.49,59.9983,8.319807,6.6397,2016-12-12T00:24:26.331,-9999999,K5,198.C-0836(A),Diaz,-9999999,HARPS_ech_obs_all,HARPS_ech_obs_wavesimult,STAR_WAVE_K0,6.78850445218467E-06,2.84046456523331E-07,0,0,0
GJ150.0,55.81192,-9.76028,2457734.522739,-2.492489,0.940065,-6149.134315,0.816232,-3.571589,0.162138,-6147.774092,0.133561,-0.780042,0.178794,11.19028,6.725791,19.900485,3.073024,0.480928,0.000193,0.218635,0.000197,0.302233,0.000263,128,6.487197,47.530794,0.029939,-6.3,420,2457734.52273,-12.882561,-12.882412,0.578,-9999999,1.542866,0.209546,0.925977,-0.182643,0.80523,0.49,59.9982,11.1502,6.73433,2016-12-12T00:25:57.126,-9999999,K5,198.C-0836(A),Diaz,-9999999,HARPS_ech_obs_all,HARPS_ech_obs_wavesimult,STAR_WAVE_K0,7.57154206104332E-06,3.12588837924013E-07,0,0,0
GJ150.0,55.81192,-9.76028,2457734.5237997,-0.601959,0.93959,-6147.603515,0.815742,-1.679132,0.159369,-6146.24323,0.130554,0.88491,0.176256,7.424698,6.719893,19.519999,3.070188,0.480588,0.000187,0.218218,0.000191,0.301992,0.000255,128,6.486548,47.531769,0.029127,-6.3,432.1,2457734.5238,-12.885072,-12.884927,0.151,-9999999,1.542866,0.211474,0.925975,-0.182581,0.805227,0.5,59.9983,7.364136,6.736787,2016-12-12T00:27:28.171,-9999999,K5,198.C-0836(A),Diaz,-9999999,HARPS_ech_obs_all,HARPS_ech_obs_wavesimult,STAR_WAVE_K0,7.19048106287512E-06,3.02126705411577E-07,0,0,0
GJ150.0,55.81192,-9.76028,2457734.5248451,0.546242,0.940166,-6146.290218,0.816389,-0.529031,0.16274,-6144.929871,0.134553,2.040414,0.17945,6.305971,6.628314,20.265507,3.073575,0.480677,0.000195,0.218868,0.000199,0.301794,0.000264,128,6.486349,47.52969,0.028915,-6.3,416.8,2457734.52484,-12.887559,-12.887398,0.091,-9999999,1.542867,0.213374,0.925974,-0.18252,0.805225,0.49,59.9983,6.253559,6.655294,2016-12-12T00:28:59.106,-9999999,K5,198.C-0836(A),Diaz,-9999999,HARPS_ech_obs_all,HARPS_ech_obs_wavesimult,STAR_WAVE_K0,7.15224213038633E-06,3.41582264214063E-07,0,0,0
GJ150.0,55.81192,-9.76028,2457734.525906,1.017158,0.939414,-6145.736441,0.815646,-0.056186,0.158351,-6144.376032,0.129984,2.538754,0.175698,6.788749,6.65198,19.953421,3.081544,0.480733,0.000187,0.218895,0.000191,0.301368,0.000254,128,6.48663,47.524741,0.029245,-6.3,433.6,2457734.5259,-12.890092,-12.889936,0.461,-9999999,1.542867,0.215302,0.925972,-0.182458,0.805222,0.5,59.9983,6.713612,6.685153,2016-12-12T00:30:30.171,-9999999,K5,198.C-0836(A),Diaz,-9999999,HARPS_ech_obs_all,HARPS_ech_obs_wavesimult,STAR_WAVE_K0,7.3382889801837E-06,3.88220790565138E-07,0,0,0
GJ150.0,55.81192,-9.76028,2457734.5269588,0.671758,0.939685,-6146.136201,0.815942,-0.399673,0.159957,-6144.775731,0.131841,2.322841,0.177091,10.974467,6.595964,20.656594,3.054279,0.480494,0.00019,0.218543,0.000194,0.301734,0.000258,128,6.48657,47.525474,0.028461,-6.3,426.6,2457734.52696,-12.892618,-12.892479,0.835,-9999999,1.542867,0.217215,0.92597,-0.182397,0.80522,0.5,59.9983,10.939628,6.628061,2016-12-12T00:32:01.135,-9999999,K5,198.C-0836(A),Diaz,-9999999,HARPS_ech_obs_all,HARPS_ech_obs_wavesimult,STAR_WAVE_K0,6.83076105415313E-06,3.02843431815897E-07,0,0,0
GJ150.0,55.81192,-9.76028,2457734.5280123,0.026864,0.939514,-6146.74569,0.815785,-1.042652,0.158961,-6145.385157,0.130884,1.561506,0.176142,9.369551,6.656307,20.829861,3.106822,0.480773,0.000189,0.219397,0.000193,0.301463,0.000256,128,6.486567,47.51986,0.028699,-6.3,429.5,2457734.52801,-12.895155,-12.895011,1.149,-9999999,1.542868,0.21913,0.925969,-0.182335,0.805217,0.5,59.9983,9.314595,6.689282,2016-12-12T00:33:32.160,-9999999,K5,198.C-0836(A),Diaz,-9999999,HARPS_ech_obs_all,HARPS_ech_obs_wavesimult,STAR_WAVE_K0,6.82826758149477E-06,3.55302062439503E-07,0,0,0
GJ150.0,55.81192,-9.76028,2457734.5290738,-0.443042,0.93917,-6147.096657,0.815424,-1.510629,0.156925,-6145.736062,0.128631,1.141112,0.174428,9.994246,6.992842,20.488596,3.138859,0.480484,0.000186,0.218956,0.000189,0.301644,0.000252,128,6.486808,47.52348,0.028719,-6.3,437.2,2457734.52906,-12.897723,-12.897552,0.656,-9999999,1.542868,0.221059,0.925967,-0.182273,0.805214,0.51,59.9983,9.953884,7.014929,2016-12-12T00:35:03.275,-9999999,K5,198.C-0836(A),Diaz,-9999999,HARPS_ech_obs_all,HARPS_ech_obs_wavesimult,STAR_WAVE_K0,7.19134091288312E-06,3.0942411340696E-07,0,0,0
GJ150.0,55.81192,-9.76028,2457734.5301113,-1.298593,0.939411,-6147.959437,0.81563,-2.364294,0.15837,-6146.598781,0.129948,0.202322,0.175274,8.252159,6.572689,21.36232,3.073274,0.480715,0.000187,0.218853,0.000191,0.301507,0.000254,128,6.487858,47.515313,0.028556,-6.3,433,2457734.53011,-12.900243,-12.900077,0.736,-9999999,1.542868,0.222945,0.925966,-0.182212,0.805212,0.49,59.9983,8.194929,6.590323,2016-12-12T00:36:34.119,-9999999,K5,198.C-0836(A),Diaz,-9999999,HARPS_ech_obs_all,HARPS_ech_obs_wavesimult,STAR_WAVE_K0,7.13348469137103E-06,2.91094977811668E-07,0,0,0
GJ150.0,55.81192,-9.76028,2457735.6465052,-5.424284,0.785694,-6152.739915,0.70114,-5.611171,0.163038,-6149.87652,0.136093,-2.935353,0.179826,25.751029,8.965627,19.043453,3.149159,0.480241,0.000188,0.220751,0.000193,0.298429,0.000254,128,6.485986,47.529464,0.030367,-6.3,428.7,2457735.6465,-13.629781,-13.629632,0.78,-9999999,1.543228,1.101759,0.768592,1.320167,0.687806,0.49,59.9983,25.676535,8.965242,2016-12-13T03:24:14.849,-9999999,K5,198.C-0836(A),Diaz,-9999999,HARPS_ech_obs_all,HARPS_ech_obs_wavesimult,STAR_WAVE_K0,7.07723458286608E-06,3.84389578841124E-07,0,0,0
GJ150.0,55.81192,-9.76028,2457735.6475754,-6.163835,0.785348,-6153.500856,0.70098,-6.348777,0.161369,-6150.637399,0.135267,-3.415571,0.17784,25.925935,9.458339,19.208341,3.155821,0.480226,0.000187,0.220565,0.000193,0.298734,0.000253,128,6.486503,47.528723,0.030505,-6.3,430,2457735.64757,-13.632887,-13.632744,1.003,-9999999,1.543228,1.103704,0.768591,1.320229,0.687805,0.51,59.9982,25.841857,9.457024,2016-12-13T03:25:46.124,-9999999,K5,198.C-0836(A),Diaz,-9999999,HARPS_ech_obs_all,HARPS_ech_obs_wavesimult,STAR_WAVE_K0,7.11207695818156E-06,3.0592528342272E-07,0,0,0
GJ150.0,55.81192,-9.76028,2457735.648622,-5.696641,0.785339,-6153.05702,0.700819,-5.879681,0.161328,-6150.193502,0.134434,-3.171269,0.178121,25.163082,8.997288,19.439353,3.091305,0.480163,0.000186,0.220447,0.000191,0.298468,0.000251,128,6.486441,47.529004,0.030628,-6.3,433.7,2457735.64862,-13.635922,-13.63579,0.945,-9999999,1.543228,1.105606,0.76859,1.32029,0.687804,0.5,59.9982,25.072551,8.996989,2016-12-13T03:27:17.149,-9999999,K5,198.C-0836(A),Diaz,-9999999,HARPS_ech_obs_all,HARPS_ech_obs_wavesimult,STAR_WAVE_K0,7.25133197507874E-06,2.56942737397576E-07,0,0,0
GJ150.0,55.81192,-9.76028,2457735.6496753,-4.090045,0.785269,-6151.663781,0.700991,-4.271171,0.16099,-6148.8002,0.135335,-1.454255,0.178031,24.225616,9.196906,19.615363,3.086663,0.479849,0.000186,0.220516,0.000192,0.298188,0.000252,128,6.487628,47.523664,0.030828,-6.3,430.9,2457735.64967,-13.638974,-13.638835,0.77,-9999999,1.543229,1.10752,0.76859,1.320352,0.687803,0.5,59.9982,24.159181,9.203603,2016-12-13T03:28:48.164,-9999999,K5,198.C-0836(A),Diaz,-9999999,HARPS_ech_obs_all,HARPS_ech_obs_wavesimult,STAR_WAVE_K0,7.19208640156678E-06,4.34522628420178E-07,0,0,0
GJ150.0,55.81192,-9.76028,2457735.6507285,-2.480728,0.787554,-6149.820431,0.703294,-2.65994,0.171789,-6146.956788,0.146802,0.085894,0.188088,26.168461,9.19092,19.478583,3.118657,0.480319,0.000204,0.220218,0.00021,0.29862,0.000276,0,6.486641,47.528879,0.03039,-6.3,394.2,2457735.65073,-13.642023,-13.641877,1.138,-9999999,1.543229,1.109434,0.768589,1.320414,0.687802,0.5,59.9983,26.093556,9.208001,2016-12-13T03:30:19.160,-9999999,K5,198.C-0836(A),Diaz,-9999999,HARPS_ech_obs_all,HARPS_ech_obs_wavesimult,STAR_WAVE_K0,-9999999,-9999999,-9999999,-9999999,-9999999
GJ150.0,55.81192,-9.76028,2457735.6517815,0.669927,0.78755,-6146.620052,0.702913,0.492629,0.171774,-6143.756348,0.14497,3.314396,0.187971,21.312548,8.83371,20.303872,3.117617,0.480317,0.000201,0.220627,0.000207,0.298141,0.000272,128,6.486811,47.526104,0.02981,-6.3,400.3,2457735.65178,-13.645069,-13.644946,0.261,-9999999,1.543229,1.111348,0.768589,1.320475,0.687801,0.5,59.9982,21.227425,8.861845,2016-12-13T03:31:50.145,-9999999,K5,198.C-0836(A),Diaz,-9999999,HARPS_ech_obs_all,HARPS_ech_obs_wavesimult,STAR_WAVE_K0,7.33178308311561E-06,3.53890384807376E-07,0,0,0
GJ150.0,55.81192,-9.76028,2457735.6528349,3.538678,0.786226,-6144.107344,0.701617,3.363295,0.165603,-6141.243577,0.138556,6.289791,0.182179,21.002722,9.016237,20.244603,3.147193,0.480709,0.000191,0.220307,0.000196,0.298608,0.000258,128,6.486907,47.526445,0.029047,-6.3,421.3,2457735.65283,-13.648114,-13.647983,0.102,-9999999,1.54323,1.113263,0.768588,1.320537,0.6878,0.5,59.9983,20.963125,9.050211,2016-12-13T03:33:21.160,-9999999,K5,198.C-0836(A),Diaz,-9999999,HARPS_ech_obs_all,HARPS_ech_obs_wavesimult,STAR_WAVE_K0,6.93917469541727E-06,3.65586851502985E-07,0,0,0
GJ150.0,55.81192,-9.76028,2457735.6538956,5.665362,0.78617,-6142.046241,0.701704,5.491907,0.165335,-6139.182412,0.139,8.243132,0.181557,24.390578,9.152398,20.485833,3.088897,0.480161,0.000192,0.220468,0.000197,0.29873,0.00026,128,6.48709,47.522473,0.028706,-6.3,419.6,2457735.65389,-13.651177,-13.651017,0.226,-9999999,1.54323,1.115191,0.768588,1.320599,0.6878,0.51,59.9983,24.386198,9.196399,2016-12-13T03:34:52.215,-9999999,K5,198.C-0836(A),Diaz,-9999999,HARPS_ech_obs_all,HARPS_ech_obs_wavesimult,STAR_WAVE_K0,7.34933822251575E-06,4.6310264848044E-07,0,0,0
GJ150.0,55.81192,-9.76028,2457735.6549415,6.353044,0.786221,-6141.243654,0.701671,6.181489,0.165582,-6138.379764,0.138835,8.952384,0.181904,21.226725,9.34805,20.303101,3.144626,0.480539,0.000191,0.220227,0.000196,0.298662,0.000258,128,6.486917,47.519894,0.029025,-6.3,421.3,2457735.65494,-13.654195,-13.654048,0.183,-9999999,1.54323,1.117091,0.768587,1.32066,0.687799,0.5,59.9982,21.194695,9.400334,2016-12-13T03:36:23.180,-9999999,K5,198.C-0836(A),Diaz,-9999999,HARPS_ech_obs_all,HARPS_ech_obs_wavesimult,STAR_WAVE_K0,6.29679524991764E-06,2.70810648044521E-07,0,0,0
GJ150.0,55.81192,-9.76028,2457752.6032606,3.223971,0.496419,-6144.365334,0.478611,2.228412,0.187705,-6141.815536,0.16369,5.468126,0.203592,5.232189,7.408034,20.835018,3.254161,0.479337,0.000231,0.216319,0.000238,0.295411,0.000311,0,6.4867,47.517162,0.027321,-6.3,349.1,2457752.60325,-19.743823,-19.743691,-0.285,-9999999,1.548685,0.293087,0.459564,1.001113,0.449749,0.51,58.4982,5.206786,7.441431,2016-12-30T02:23:19.954,-9999999,K5,198.C-0836(A),Diaz,-9999999,HARPS_ech_obs_all,HARPS_ech_obs_wavesimult,STAR_WAVE_K0,6.84329106946744E-06,3.28289060953468E-07,0,0,0
GJ150.0,55.81192,-9.76028,2457752.6042702,2.87401,0.496188,-6144.91211,0.478515,1.880286,0.187097,-6142.362253,0.163416,5.01926,0.202798,0.466769,7.354453,21.043968,3.113028,0.479331,0.000231,0.2158,0.000238,0.295722,0.000311,0,6.486775,47.518802,0.028578,-6.3,348.8,2457752.60427,-19.74666,-19.746546,-0.238,-9999999,1.548685,0.294922,0.459562,1.001172,0.449746,0.48,58.4983,0.436832,7.382732,2016-12-30T02:24:48.939,-9999999,K5,198.C-0836(A),Diaz,-9999999,HARPS_ech_obs_all,HARPS_ech_obs_wavesimult,STAR_WAVE_K0,7.33637158481973E-06,3.44358016644257E-07,0,0,0
GJ150.0,55.81192,-9.76028,2457752.6053143,1.956575,0.497293,-6146.038792,0.479598,0.964749,0.190012,-6143.488873,0.166568,4.080105,0.205571,5.67333,7.807833,21.611531,3.201356,0.479106,0.000234,0.216232,0.000242,0.295589,0.000316,0,6.486905,47.515246,0.028356,-6.3,343.6,2457752.60531,-19.749592,-19.749464,-0.131,-9999999,1.548686,0.29682,0.45956,1.001233,0.449744,0.49,58.4983,5.661141,7.833426,2016-12-30T02:26:18.574,-9999999,K5,198.C-0836(A),Diaz,-9999999,HARPS_ech_obs_all,HARPS_ech_obs_wavesimult,STAR_WAVE_K0,7.16909383684989E-06,3.41564693396535E-07,0,0,0
GJ150.0,55.81192,-9.76028,2457752.6063623,0.666103,0.492873,-6147.15996,0.475717,-0.323818,0.178128,-6144.60998,0.155048,2.512044,0.194837,5.504173,7.821845,21.006444,3.187605,0.479565,0.000216,0.216424,0.000223,0.29519,0.000291,0,6.488566,47.511672,0.029259,-6.3,372.8,2457752.60635,-19.752532,-19.752407,-0.147,-9999999,1.548686,0.298725,0.459559,1.001294,0.449741,0.5,58.4983,5.47583,7.843052,2016-12-30T02:27:48.539,-9999999,K5,198.C-0836(A),Diaz,-9999999,HARPS_ech_obs_all,HARPS_ech_obs_wavesimult,STAR_WAVE_K0,7.45612104144251E-06,3.85350119619089E-07,0,0,0
GJ150.0,55.81192,-9.76028,2457752.6074041,0.001306,0.495,-6147.745198,0.47748,-0.986722,0.183936,-6145.195157,0.160381,2.15608,0.200009,4.452642,7.723779,21.424378,3.161182,0.480026,0.000226,0.216078,0.000233,0.29525,0.000304,0,6.487281,47.516143,0.029418,-6.3,357,2457752.60739,-19.755451,-19.75532,-0.151,-9999999,1.548686,0.300618,0.459557,1.001355,0.449739,0.5,58.4983,4.409753,7.741167,2016-12-30T02:29:18.555,-9999999,K5,198.C-0836(A),Diaz,-9999999,HARPS_ech_obs_all,HARPS_ech_obs_wavesimult,STAR_WAVE_K0,7.01455346268712E-06,3.52290286577511E-07,0,0,0
GJ150.0,55.81192,-9.76028,2457752.608438,-1.064584,0.493617,-6149.075397,0.476116,-2.050733,0.180187,-6146.525295,0.156282,0.892521,0.196759,5.707062,7.423366,21.828458,3.065874,0.479171,0.000218,0.216011,0.000225,0.294843,0.000294,0,6.487911,47.512461,0.029797,-6.3,368.7,2457752.60844,-19.758346,-19.758229,0.053,-9999999,1.548687,0.302497,0.459555,1.001415,0.449736,0.49,58.4983,5.682281,7.437045,2016-12-30T02:30:48.480,-9999999,K5,198.C-0836(A),Diaz,-9999999,HARPS_ech_obs_all,HARPS_ech_obs_wavesimult,STAR_WAVE_K0,7.14843493118503E-06,3.37274935565841E-07,0,0,0
GJ150.0,55.81192,-9.76028,2457752.609493,-1.340005,0.491689,-6148.933416,0.474413,-2.324236,0.17484,-6146.383252,0.15102,0.671468,0.192267,7.925316,7.890051,21.99062,3.190524,0.47898,0.000211,0.21583,0.000217,0.295236,0.000283,0,6.48864,47.50697,0.02913,-6.3,382.6,2457752.60949,-19.761297,-19.761168,-0.126,-9999999,1.548687,0.304415,0.459553,1.001477,0.449734,0.51,58.4983,7.901158,7.901043,2016-12-30T02:32:18.465,-9999999,K5,198.C-0836(A),Diaz,-9999999,HARPS_ech_obs_all,HARPS_ech_obs_wavesimult,STAR_WAVE_K0,7.26549700331377E-06,3.57176485903422E-07,0,0,0
GJ150.0,55.81192,-9.76028,2457752.6105169,-1.591273,0.491158,-6149.42094,0.473877,-2.573644,0.173345,-6146.870716,0.149334,0.574906,0.190936,7.033453,7.692984,22.455541,3.194234,0.479351,0.000206,0.216269,0.000213,0.294817,0.000278,0,6.489521,47.504397,0.030207,-6.3,389.6,2457752.61051,-19.764158,-19.764035,-0.042,-9999999,1.548687,0.306275,0.459552,1.001537,0.449731,0.5,58.4983,7.016857,7.703079,2016-12-30T02:33:47.520,-9999999,K5,198.C-0836(A),Diaz,-9999999,HARPS_ech_obs_all,HARPS_ech_obs_wavesimult,STAR_WAVE_K0,7.38850379764718E-06,4.52408102813073E-07,0,0,0
GJ150.0,55.81192,-9.76028,2457752.6115653,-1.437837,0.490897,-6149.530849,0.473655,-2.418302,0.172609,-6146.980563,0.148636,0.499458,0.190078,6.742723,7.31356,22.108408,3.168764,0.479396,0.000206,0.216205,0.000213,0.295431,0.000278,0,6.490043,47.503502,0.029523,-6.3,390.3,2457752.61156,-19.767084,-19.766967,-0.449,-9999999,1.548688,0.308181,0.45955,1.001598,0.449729,0.51,58.4983,6.714606,7.322135,2016-12-30T02:35:17.525,-9999999,K5,198.C-0836(A),Diaz,-9999999,HARPS_ech_obs_all,HARPS_ech_obs_wavesimult,STAR_WAVE_K0,6.97018170058286E-06,3.28742497732839E-07,0,0,0
GJ150.0,55.81192,-9.76028,2457752.6125861,-1.539397,0.488883,-6149.107267,0.471557,-2.518007,0.166798,-6146.556921,0.141817,0.433448,0.183872,4.103378,7.880177,22.4121,3.102663,0.479729,0.000197,0.216224,0.000203,0.295102,0.000265,128,6.489932,47.505673,0.029453,-6.3,408.5,2457752.61258,-19.769929,-19.769799,0.12,-9999999,1.548688,0.310036,0.459548,1.001658,0.449727,0.48,58.4983,4.057783,7.892264,2016-12-30T02:36:47.480,-9999999,K5,198.C-0836(A),Diaz,-9999999,HARPS_ech_obs_all,HARPS_ech_obs_wavesimult,STAR_WAVE_K0,6.83487409938021E-06,3.60885476449919E-07,0,0,0
GJ150.0,55.81192,-9.76028,2457753.6182413,1.605105,0.541556,-6145.722235,0.739996,2.621642,0.1887,-6142.26493,0.162737,5.692971,0.203973,10.991795,11.336288,21.841677,3.175516,0.478992,0.000224,0.22089,0.000233,0.301841,0.000304,0,6.488571,47.508876,0.029405,-6.3,356,2457753.61823,-20.103196,-20.103061,-0.319,-9999999,1.549012,2.305183,0.507618,1.908293,0.72188,0.51,68.9982,10.998963,11.352579,2016-12-31T02:44:54.734,-9999999,K5,198.C-0836(A),Diaz,-9999999,HARPS_ech_obs_all,HARPS_ech_obs_wavesimult,STAR_WAVE_K0,6.88152471173746E-06,3.66485441823511E-07,0,0,0
GJ150.0,55.81192,-9.76028,2457753.6193811,1.736368,0.543158,-6145.833462,0.740915,2.754976,0.193252,-6142.37609,0.166876,5.747194,0.208168,11.162335,11.015462,21.684094,3.253333,0.479246,0.00023,0.220963,0.000239,0.301514,0.000312,0,6.488894,47.507699,0.028995,-6.3,346.6,2457753.61938,-20.106327,-20.1062,0.056,-9999999,1.549012,2.307254,0.507616,1.90836,0.721878,0.49,68.9983,11.141495,11.033534,2016-12-31T02:46:34.600,-9999999,K5,198.C-0836(A),Diaz,-9999999,HARPS_ech_obs_all,HARPS_ech_obs_wavesimult,STAR_WAVE_K0,7.18132931384531E-06,2.66625741139582E-07,0,0,0
GJ150.0,55.81192,-9.76028,2457753.6205465,1.777539,0.543602,-6145.492488,0.741195,2.798265,0.194501,-6142.035047,0.168118,6.029614,0.209353,16.270789,11.733171,22.126242,3.13074,0.479354,0.000233,0.220928,0.000242,0.301064,0.000316,0,6.48926,47.510928,0.029254,-6.3,342.7,2457753.62055,-20.109523,-20.109426,-0.165,-9999999,1.549013,2.309372,0.507615,1.908428,0.721877,0.5,68.9983,16.257659,11.748994,2016-12-31T02:48:14.606,-9999999,K5,198.C-0836(A),Diaz,-9999999,HARPS_ech_obs_all,HARPS_ech_obs_wavesimult,STAR_WAVE_K0,7.36323379075376E-06,3.73880603171197E-07,0,0,0
GJ150.0,55.81192,-9.76028,2457753.6216959,0.723749,0.543366,-6146.613726,0.741154,1.746564,0.193844,-6143.156218,0.167944,4.841034,0.208773,13.53082,11.598257,22.034187,3.047877,0.479596,0.000232,0.221169,0.000241,0.301739,0.000314,0,6.489801,47.509106,0.028525,-6.3,344.3,2457753.62169,-20.112669,-20.112554,-0.301,-9999999,1.549013,2.311461,0.507613,1.908495,0.721875,0.49,68.9982,13.508566,11.615019,2016-12-31T02:49:54.611,-9999999,K5,198.C-0836(A),Diaz,-9999999,HARPS_ech_obs_all,HARPS_ech_obs_wavesimult,STAR_WAVE_K0,6.93959472958132E-06,3.92000432480959E-07,0,0,0
GJ150.0,55.81192,-9.76028,2457753.6228519,-0.701346,0.543706,-6147.986167,0.741407,0.32357,0.194799,-6144.528591,0.169066,3.466984,0.209383,14.911838,11.357206,22.403379,3.182509,0.479663,0.000236,0.221166,0.000245,0.301831,0.000319,0,6.48881,47.510605,0.028516,-6.3,339.7,2457753.62285,-20.115827,-20.115708,-0.24,-9999999,1.549013,2.313562,0.507612,1.908563,0.721874,0.49,68.9983,14.897518,11.369063,2016-12-31T02:51:34.497,-9999999,K5,198.C-0836(A),Diaz,-9999999,HARPS_ech_obs_all,HARPS_ech_obs_wavesimult,STAR_WAVE_K0,7.26408769750563E-06,2.62528696808876E-07,0,0,0
GJ150.0,55.81192,-9.76028,2457753.6240168,-2.274385,0.542468,-6149.606589,0.740735,-1.247352,0.19132,-6146.148944,0.1661,1.902556,0.206517,14.144955,11.538258,23.133684,3.117663,0.479255,0.000231,0.220455,0.00024,0.301994,0.000313,0,6.490312,47.505657,0.029413,-6.3,345.8,2457753.62401,-20.119004,-20.118857,-0.391,-9999999,1.549014,2.315679,0.50761,1.908631,0.721872,0.5,68.9983,14.122846,11.545211,2016-12-31T02:53:14.463,-9999999,K5,198.C-0836(A),Diaz,-9999999,HARPS_ech_obs_all,HARPS_ech_obs_wavesimult,STAR_WAVE_K0,7.27022317510769E-06,3.04421456254686E-07,0,0,0
GJ150.0,55.81192,-9.76028,2457753.6251756,-3.685159,0.542038,-6150.861438,0.740439,-2.656019,0.190102,-6147.403726,0.164778,0.482058,0.205316,12.940168,11.514651,22.579999,3.090426,0.478948,0.000227,0.220518,0.000236,0.301225,0.000308,0,6.489872,47.504908,0.030604,-6.3,351.4,2457753.62517,-20.122157,-20.122058,-0.332,-9999999,1.549014,2.317786,0.507609,1.908698,0.721871,0.5,68.9983,12.936573,11.517687,2016-12-31T02:54:54.589,-9999999,K5,198.C-0836(A),Diaz,-9999999,HARPS_ech_obs_all,HARPS_ech_obs_wavesimult,STAR_WAVE_K0,6.79465752531743E-06,3.73322868231128E-07,0,0,0
GJ150.0,55.81192,-9.76028,2457753.6263411,-4.631318,0.541915,-6151.777922,0.740294,-3.60006,0.189756,-6148.320142,0.164135,-0.495198,0.205131,14.518787,11.027458,22.582904,3.085453,0.479216,0.000227,0.220748,0.000236,0.301783,0.000308,0,6.488949,47.508524,0.0303,-6.3,352.1,2457753.62633,-20.125323,-20.125194,-0.693,-9999999,1.549014,2.319904,0.507607,1.908766,0.721869,0.51,68.9983,14.485832,11.028136,2016-12-31T02:56:34.604,-9999999,K5,198.C-0836(A),Diaz,-9999999,HARPS_ech_obs_all,HARPS_ech_obs_wavesimult,STAR_WAVE_K0,7.27226323018819E-06,3.59452314905245E-07,0,0,0
GJ150.0,55.81192,-9.76028,2457753.6274892,-4.909474,0.540415,-6152.189487,0.739323,-3.87613,0.185431,-6148.731638,0.159704,-0.659329,0.200736,12.759929,11.715635,21.862222,3.099238,0.479373,0.000221,0.220711,0.00023,0.301398,0.0003,0,6.489608,47.512842,0.030394,-6.3,361.2,2457753.62748,-20.128435,-20.128293,-0.871,-9999999,1.549015,2.32199,0.507606,1.908834,0.721868,0.5,68.9983,12.72097,11.71506,2016-12-31T02:58:14.500,-9999999,K5,198.C-0836(A),Diaz,-9999999,HARPS_ech_obs_all,HARPS_ech_obs_wavesimult,STAR_WAVE_K0,7.00283933975588E-06,3.60933807561267E-07,0,0,0
GJ150.0,55.81192,-9.76028,2457755.6278643,-5.613649,0.838872,-6152.006247,0.829784,-6.620801,0.170993,-6150.577907,0.145279,-3.404455,0.186486,-5.433261,5.343713,18.880566,3.176996,0.47814,0.000196,0.221047,0.000204,0.30121,0.000266,128,6.48668,47.528073,0.031033,-6.3,405.8,2457755.62786,-20.743838,-20.743731,1.586,-9999999,1.549659,0.281494,0.82126,-0.121319,0.816968,0.49,58.9982,-5.459509,5.340626,2017-01-02T02:59:04.206,-9999999,K5,198.C-0836(A),Diaz,-9999999,HARPS_ech_obs_all,HARPS_ech_obs_wavesimult,STAR_WAVE_K0,7.26251237268472E-06,2.82136991788597E-07,0,0,0
GJ150.0,55.81192,-9.76028,2457755.6289087,-5.196686,0.839638,-6151.490722,0.830636,-6.20194,0.174712,-6150.062321,0.150072,-2.993618,0.190703,-6.655769,5.196875,19.029205,3.160467,0.478725,0.000207,0.220932,0.000214,0.30083,0.000278,0,6.48705,47.530139,0.03133,-6.3,388,2457755.6289,-20.746616,-20.746522,1.761,-9999999,1.549659,0.283392,0.821259,-0.121258,0.816966,0.49,58.9982,-6.652684,5.198872,2017-01-02T03:00:34.441,-9999999,K5,198.C-0836(A),Diaz,-9999999,HARPS_ech_obs_all,HARPS_ech_obs_wavesimult,STAR_WAVE_K0,7.49783261441043E-06,3.55925226037931E-07,0,0,0
GJ150.0,55.81192,-9.76028,2457755.6299785,-4.113132,0.837761,-6150.71442,0.828956,-5.116442,0.165462,-6149.285957,0.140481,-2.059072,0.181344,-8.342346,5.133821,18.39895,3.193819,0.478555,0.000193,0.22066,0.000199,0.301128,0.00026,128,6.486592,47.5352,0.030479,-6.3,415.3,2457755.62997,-20.749456,-20.749342,1.773,-9999999,1.549659,0.285336,0.821259,-0.121196,0.816965,0.53,58.9982,-8.37376,5.14292,2017-01-02T03:02:04.526,-9999999,K5,198.C-0836(A),Diaz,-9999999,HARPS_ech_obs_all,HARPS_ech_obs_wavesimult,STAR_WAVE_K0,7.23352008113151E-06,2.71811723088751E-07,0,0,0
GJ150.0,55.81192,-9.76028,2457755.6309921,-3.639151,0.837845,-6150.408476,0.829017,-4.640618,0.16589,-6148.979953,0.140847,-1.55131,0.1819,-9.081669,5.389282,19.130118,3.172858,0.47846,0.000194,0.221201,0.000201,0.301485,0.000262,128,6.487418,47.528429,0.028959,-6.3,412.9,2457755.63099,-20.752141,-20.752033,2.094,-9999999,1.54966,0.287179,0.821258,-0.121137,0.816964,0.49,58.9983,-9.120928,5.402834,2017-01-02T03:03:34.461,-9999999,K5,198.C-0836(A),Diaz,-9999999,HARPS_ech_obs_all,HARPS_ech_obs_wavesimult,STAR_WAVE_K0,7.17299070741987E-06,3.18240134749807E-07,0,0,0
GJ150.0,55.81192,-9.76028,2457755.6320337,-3.5069,0.837847,-6150.019004,0.828976,-4.506474,0.165904,-6148.59042,0.140611,-1.441428,0.181888,-7.596626,5.050279,19.735008,3.033352,0.478512,0.000194,0.220505,0.0002,0.301755,0.000261,128,6.486763,47.527714,0.030251,-6.3,414.4,2457755.63203,-20.754893,-20.754779,2.56,-9999999,1.54966,0.289072,0.821257,-0.121076,0.816963,0.49,58.9982,-7.650384,5.072546,2017-01-02T03:05:04.466,-9999999,K5,198.C-0836(A),Diaz,-9999999,HARPS_ech_obs_all,HARPS_ech_obs_wavesimult,STAR_WAVE_K0,7.32335397834031E-06,2.84425580787772E-07,0,0,0
GJ150.0,55.81192,-9.76028,2457755.6330682,-3.098611,0.84055,-6149.593898,0.831566,-4.096305,0.179059,-6148.165253,0.155157,-0.95865,0.194469,-6.471957,4.912893,19.313176,3.192606,0.478661,0.000214,0.221023,0.000222,0.301371,0.000289,0,6.487007,47.526357,0.029782,-6.3,374.2,2457755.63306,-20.757621,-20.757515,2.102,-9999999,1.54966,0.290952,0.821256,-0.121015,0.816962,0.48,58.9983,-6.491752,4.932829,2017-01-02T03:06:34.441,-9999999,K5,198.C-0836(A),Diaz,-9999999,HARPS_ech_obs_all,HARPS_ech_obs_wavesimult,STAR_WAVE_K0,7.57885513029172E-06,3.60973212932084E-07,0,0,0
GJ150.0,55.81192,-9.76028,2457755.6341167,-4.049787,0.837469,-6150.550816,0.828731,-5.045576,0.163992,-6149.122109,0.139173,-1.759278,0.17995,-6.655015,5.155229,19.166699,3.153177,0.478516,0.000191,0.22101,0.000198,0.301073,0.000257,128,6.48712,47.530789,0.029104,-6.3,419.5,2457755.63411,-20.760379,-20.760278,2.04,-9999999,1.549661,0.292857,0.821256,-0.120954,0.816961,0.49,58.9983,-6.695465,5.168011,2017-01-02T03:08:04.446,-9999999,K5,198.C-0836(A),Diaz,-9999999,HARPS_ech_obs_all,HARPS_ech_obs_wavesimult,STAR_WAVE_K0,7.22541751742752E-06,3.39093686370659E-07,0,0,0
GJ150.0,55.81192,-9.76028,2457755.6351582,-3.707582,0.838577,-6150.458186,0.829684,-4.701478,0.169565,-6149.029418,0.144744,-1.524995,0.185344,-5.955309,4.88943,19.708919,3.119111,0.478638,0.000199,0.220953,0.000206,0.301267,0.000268,128,6.487564,47.523561,0.029642,-6.3,402.5,2457755.63515,-20.763112,-20.763005,1.597,-9999999,1.549661,0.29475,0.821255,-0.120893,0.81696,0.49,58.9982,-5.960035,4.901686,2017-01-02T03:09:34.442,-9999999,K5,198.C-0836(A),Diaz,-9999999,HARPS_ech_obs_all,HARPS_ech_obs_wavesimult,STAR_WAVE_K0,7.37266102142476E-06,3.07437617728101E-07,0,0,0
GJ150.0,55.81192,-9.76028,2457755.6362073,-3.198023,0.838974,-6149.729505,0.830166,-4.190012,0.17152,-6148.300676,0.147486,-1.062522,0.188052,-6.477762,4.9876,19.689601,3.221616,0.479139,0.000203,0.22108,0.00021,0.301361,0.000274,0,6.488201,47.5241,0.029792,-6.3,395.1,2457755.6362,-20.765858,-20.765725,1.345,-9999999,1.549661,0.296657,0.821254,-0.120832,0.81696,0.5,58.9982,-6.506385,5.001066,2017-01-02T03:11:04.497,-9999999,K5,198.C-0836(A),Diaz,-9999999,HARPS_ech_obs_all,HARPS_ech_obs_wavesimult,STAR_WAVE_K0,7.0035202188502E-06,3.7301056697218E-07,0,0,0
GJ150.0,55.81192,-9.76028,2457755.6372558,-3.201972,0.838778,-6150.018234,0.830036,-4.192055,0.170559,-6148.589343,0.146759,-0.953098,0.186735,-6.060433,5.217402,18.909947,3.131479,0.47852,0.000202,0.220614,0.000209,0.301523,0.000272,0,6.488309,47.52542,0.029265,-6.3,397,2457755.63725,-20.768595,-20.768495,1.647,-9999999,1.549662,0.298563,0.821254,-0.120771,0.816959,0.51,58.9982,-6.086319,5.232846,2017-01-02T03:12:34.502,-9999999,K5,198.C-0836(A),Diaz,-9999999,HARPS_ech_obs_all,HARPS_ech_obs_wavesimult,STAR_WAVE_K0,7.14017566203072E-06,4.26621959484348E-07,0,0,0
GJ150.0,55.81192,-9.76028,2457756.5814051,-1.07722,1.039127,-6149.493417,0.968805,-2.325386,0.160609,-6146.666562,0.135546,0.623285,0.176677,2.061614,5.765281,18.726734,3.161563,0.478966,0.000187,0.221368,0.000193,0.301987,0.000252,128,6.487711,47.530256,0.029692,-6.3,428.9,2457756.5814,-20.913292,-20.913176,-0.199,-9999999,1.549965,0.04048,1.02664,1.27689,0.959276,0.51,58.9982,2.0466,5.77978,2017-01-03T01:52:14.653,-9999999,K5,198.C-0836(A),Diaz,-9999999,HARPS_ech_obs_all,HARPS_ech_obs_wavesimult,STAR_WAVE_K0,7.26046049386748E-06,4.00048225234888E-07,0,0,0
GJ150.0,55.81192,-9.76028,2457756.5824416,-1.510355,1.040138,-6149.462617,0.969706,-2.756637,0.167032,-6146.6357,0.141854,0.389365,0.182373,1.921556,5.846239,18.326732,3.057301,0.47938,0.000196,0.22151,0.000203,0.302082,0.000264,128,6.487696,47.534482,0.030816,-6.3,409.2,2457756.58244,-20.916197,-20.916088,-0.496,-9999999,1.549966,0.042364,1.026639,1.276951,0.959274,0.5,58.9982,1.903532,5.855691,2017-01-03T01:53:44.798,-9999999,K5,198.C-0836(A),Diaz,-9999999,HARPS_ech_obs_all,HARPS_ech_obs_wavesimult,STAR_WAVE_K0,6.84366646673783E-06,3.29996957155631E-07,0,0,0
GJ150.0,55.81192,-9.76028,2457756.5834692,-1.377715,1.039364,-6149.532193,0.969018,-2.622129,0.162151,-6146.705216,0.137081,0.300971,0.177493,0.993975,5.914343,18.037503,3.118207,0.479644,0.000188,0.220945,0.000194,0.301775,0.000253,128,6.486908,47.53469,0.030442,-6.3,426.7,2457756.58347,-20.919075,-20.918966,-0.576,-9999999,1.549966,0.044232,1.026638,1.277011,0.959273,0.48,58.9983,0.958312,5.923202,2017-01-03T01:55:14.773,-9999999,K5,198.C-0836(A),Diaz,-9999999,HARPS_ech_obs_all,HARPS_ech_obs_wavesimult,STAR_WAVE_K0,6.84318803292378E-06,3.63685564053599E-07,0,0,0
GJ150.0,55.81192,-9.76028,2457756.5845318,-0.961762,1.039665,-6149.253476,0.969189,-2.204245,0.164074,-6146.426437,0.138298,0.794599,0.179705,-0.25171,5.861998,17.806642,3.130478,0.479208,0.000189,0.221617,0.000196,0.301813,0.000255,128,6.486348,47.536044,0.031254,-6.3,423.2,2457756.58452,-20.922049,-20.921936,-0.742,-9999999,1.549966,0.046163,1.026637,1.277073,0.959271,0.51,58.9983,-0.281099,5.873138,2017-01-03T01:56:44.818,-9999999,K5,198.C-0836(A),Diaz,-9999999,HARPS_ech_obs_all,HARPS_ech_obs_wavesimult,STAR_WAVE_K0,7.00109191589009E-06,3.07631645244192E-07,0,0,0
GJ150.0,55.81192,-9.76028,2457756.58556,-1.318703,1.039328,-6149.409305,0.968886,-2.559317,0.161928,-6146.582205,0.136164,0.223748,0.177627,2.259686,5.73784,18.515735,3.140778,0.478983,0.000187,0.221287,0.000193,0.302246,0.000252,128,6.487035,47.525895,0.030067,-6.3,429.8,2457756.58555,-20.924926,-20.92481,-0.393,-9999999,1.549967,0.048032,1.026636,1.277133,0.95927,0.49,58.9982,2.227952,5.748534,2017-01-03T01:58:14.833,-9999999,K5,198.C-0836(A),Diaz,-9999999,HARPS_ech_obs_all,HARPS_ech_obs_wavesimult,STAR_WAVE_K0,6.86463848562489E-06,3.48630308704467E-07,0,0,0
GJ150.0,55.81192,-9.76028,2457756.5866129,-1.173244,1.039289,-6149.479777,0.968902,-2.411945,0.161686,-6146.652616,0.136292,0.580291,0.17753,0.641173,5.819441,18.856217,3.185222,0.479372,0.000187,0.221417,0.000193,0.302258,0.000252,128,6.487883,47.526313,0.030509,-6.3,428.7,2457756.5866,-20.92787,-20.927748,-0.001,-9999999,1.549967,0.049945,1.026635,1.277194,0.959268,0.49,58.9982,0.618316,5.834074,2017-01-03T01:59:45.818,-9999999,K5,198.C-0836(A),Diaz,-9999999,HARPS_ech_obs_all,HARPS_ech_obs_wavesimult,STAR_WAVE_K0,7.00493742165542E-06,2.62265727794909E-07,0,0,0
GJ150.0,55.81192,-9.76028,2457756.587668,-0.473545,1.039265,-6148.680769,0.968829,-1.710328,0.16154,-6145.853546,0.135784,1.158227,0.17724,-0.501942,5.747432,19.108095,3.089402,0.479094,0.000185,0.221487,0.000192,0.302273,0.000251,128,6.487398,47.526292,0.029044,-6.3,431.4,2457756.58766,-20.930818,-20.930683,-0.191,-9999999,1.549967,0.051863,1.026634,1.277256,0.959267,0.51,58.9982,-0.48563,5.766188,2017-01-03T02:01:15.804,-9999999,K5,198.C-0836(A),Diaz,-9999999,HARPS_ech_obs_all,HARPS_ech_obs_wavesimult,STAR_WAVE_K0,7.32973557509755E-06,3.65609032942158E-07,0,0,0
GJ150.0,55.81192,-9.76028,2457756.5886893,0.11081,1.040676,-6148.050274,0.97034,-1.124117,0.170385,-6145.22299,0.146183,1.966908,0.186326,0.024283,5.908325,19.798927,3.104722,0.47941,0.0002,0.221582,0.000208,0.301765,0.000271,0,6.487279,47.525232,0.029338,-6.3,399.5,2457756.58869,-20.93367,-20.933581,-0.561,-9999999,1.549968,0.053719,1.026633,1.277316,0.959266,0.48,58.9982,0.035544,5.926142,2017-01-03T02:02:45.819,-9999999,K5,198.C-0836(A),Diaz,-9999999,HARPS_ech_obs_all,HARPS_ech_obs_wavesimult,STAR_WAVE_K0,7.25365269927224E-06,4.03574763071118E-07,0,0,0
GJ150.0,55.81192,-9.76028,2457756.5897651,0.261839,1.039801,-6148.055351,0.969339,-0.971133,0.16496,-6145.228004,0.139393,2.178399,0.180326,1.374835,5.61218,19.314217,3.07073,0.479105,0.00019,0.221141,0.000197,0.302431,0.000257,128,6.487683,47.524626,0.028663,-6.3,421.3,2457756.58976,-20.936671,-20.936577,-0.462,-9999999,1.549968,0.055674,1.026632,1.277379,0.959264,0.53,58.9982,1.364709,5.634006,2017-01-03T02:04:15.824,-9999999,K5,198.C-0836(A),Diaz,-9999999,HARPS_ech_obs_all,HARPS_ech_obs_wavesimult,STAR_WAVE_K0,7.02045499115549E-06,3.59139867594798E-07,0,0,0
GJ150.0,55.81192,-9.76028,2457756.5907792,0.294849,1.039292,-6147.855201,0.968866,-0.93628,0.161727,-6145.027795,0.136077,2.058556,0.177564,-0.80099,5.383204,19.244097,3.140535,0.479559,0.000185,0.221309,0.000192,0.302076,0.00025,128,6.487208,47.529521,0.029508,-6.3,432.6,2457756.59077,-20.939499,-20.939378,-0.412,-9999999,1.549968,0.057517,1.026631,1.277438,0.959263,0.49,58.9983,-0.841072,5.408314,2017-01-03T02:05:45.809,-9999999,K5,198.C-0836(A),Diaz,-9999999,HARPS_ech_obs_all,HARPS_ech_obs_wavesimult,STAR_WAVE_K0,-9999999,-9999999,-9999999,-9999999,-9999999
GJ150.0,55.81192,-9.76028,2457780.6331936,-3.74365,0.48702,-6150.400791,0.53557,-3.697057,0.249361,-6147.345851,0.209632,-0.318378,0.259798,23.584663,10.258019,17.823922,3.309099,0.475329,0.00027,0.207133,0.000287,0.289015,0.000378,0,6.484546,47.534482,0.030455,-6.3,286.1,2457780.63319,-26.033819,-26.033784,0.279,-9999999,1.557707,1.335239,0.418339,1.497233,0.492838,0.51,49.9981,23.54217,10.263974,2017-01-27T03:09:37.758,-9999999,K5,198.C-0836(A),Diaz,-9999999,HARPS_ech_obs_all,HARPS_ech_obs_wavesimult,STAR_WAVE_K0,7.28508299411575E-06,4.25028690847103E-07,0,0,0
GJ150.0,55.81192,-9.76028,2457780.6341095,-3.318532,0.491692,-6150.426885,0.538664,-3.270275,0.25837,-6147.371891,0.217419,0.173064,0.268381,23.047234,9.990574,18.201993,3.276257,0.475579,0.000283,0.207311,0.0003,0.289943,0.000395,0,6.484673,47.533103,0.030884,-6.3,274.3,2457780.6341,-26.035481,-26.035439,0.205,-9999999,1.557707,1.336903,0.418337,1.497287,0.492837,0.48,49.9982,23.011177,9.997566,2017-01-27T03:10:58.403,-9999999,K5,198.C-0836(A),Diaz,-9999999,HARPS_ech_obs_all,HARPS_ech_obs_wavesimult,STAR_WAVE_K0,7.27802739449139E-06,3.5464135333093E-07,0,0,0
GJ150.0,55.81192,-9.76028,2457780.635058,-2.341342,0.489461,-6149.560437,0.537155,-2.291361,0.2541,-6146.505388,0.213656,1.222606,0.264693,25.422734,9.656373,17.145545,3.428275,0.475763,0.000279,0.207089,0.000295,0.289919,0.000388,0,6.484388,47.543571,0.028431,-6.3,279,2457780.63505,-26.037192,-26.037147,-0.447,-9999999,1.557707,1.338627,0.418336,1.497342,0.492835,0.5,49.9982,25.405074,9.663372,2017-01-27T03:12:19.357,-9999999,K5,198.C-0836(A),Diaz,-9999999,HARPS_ech_obs_all,HARPS_ech_obs_wavesimult,STAR_WAVE_K0,7.57274260648232E-06,4.36643440173241E-07,0,0,0
GJ150.0,55.81192,-9.76028,2457780.6359925,-2.292212,0.484187,-6149.096081,0.533263,-2.240532,0.243789,-6146.040977,0.203676,1.288226,0.25505,27.768566,10.347616,18.012084,3.265896,0.475274,0.000263,0.207043,0.000279,0.289538,0.000367,0,6.484754,47.53231,0.029164,-6.3,294.8,2457780.63599,-26.038868,-26.038843,-0.048,-9999999,1.557707,1.340326,0.418335,1.497397,0.492834,0.5,49.9982,27.736075,10.356817,2017-01-27T03:13:40.102,-9999999,K5,198.C-0836(A),Diaz,-9999999,HARPS_ech_obs_all,HARPS_ech_obs_wavesimult,STAR_WAVE_K0,7.3121821533208E-06,3.53987620833837E-07,0,0,0
GJ150.0,55.81192,-9.76028,2457780.6369166,-2.02629,0.49592,-6149.064811,0.541715,-1.972931,0.266333,-6146.009652,0.224881,1.558962,0.275996,26.703096,9.839966,18.385139,3.266373,0.47534,0.000296,0.206911,0.000313,0.289893,0.000412,0,6.484744,47.533254,0.030146,-6.3,263.5,2457780.63691,-26.040514,-26.040467,0.242,-9999999,1.557708,1.342005,0.418334,1.497451,0.492832,0.48,49.9982,26.68654,9.849646,2017-01-27T03:15:00.956,-9999999,K5,198.C-0836(A),Diaz,-9999999,HARPS_ech_obs_all,HARPS_ech_obs_wavesimult,STAR_WAVE_K0,7.11216391157447E-06,4.66156511340535E-07,0,0,0
GJ150.0,55.81192,-9.76028,2457780.6378702,-0.891177,0.484919,-6147.766443,0.534035,-0.836085,0.245243,-6144.711228,0.205696,2.708747,0.255658,26.606271,10.411724,17.944811,3.25984,0.474864,0.000265,0.207387,0.000282,0.289415,0.000371,0,6.485516,47.531026,0.029951,-6.3,291.6,2457780.63787,-26.042203,-26.042164,0.054,-9999999,1.557708,1.343738,0.418333,1.497507,0.492831,0.51,49.9982,26.604317,10.422867,2017-01-27T03:16:21.851,-9999999,K5,198.C-0836(A),Diaz,-9999999,HARPS_ech_obs_all,HARPS_ech_obs_wavesimult,STAR_WAVE_K0,7.13290542600734E-06,3.53446534248061E-07,0,0,0
GJ150.0,55.81192,-9.76028,2457780.6387968,0.158547,0.480095,-6146.77091,0.530572,0.215323,0.235563,-6143.715641,0.196534,3.637258,0.247111,25.676331,9.491696,18.256562,3.335729,0.474975,0.000253,0.207229,0.000269,0.289485,0.000353,0,6.485025,47.531739,0.029833,-6.3,306.1,2457780.63879,-26.043833,-26.043789,0.17,-9999999,1.557708,1.345422,0.418331,1.497561,0.49283,0.5,49.9982,25.63827,9.509503,2017-01-27T03:17:42.415,-9999999,K5,198.C-0836(A),Diaz,-9999999,HARPS_ech_obs_all,HARPS_ech_obs_wavesimult,STAR_WAVE_K0,6.88312523688555E-06,3.8342196920035E-07,0,0,0
GJ150.0,55.81192,-9.76028,2457780.6397199,0.335821,0.487882,-6146.295683,0.536027,0.394275,0.251056,-6143.240359,0.21082,3.89295,0.261177,23.5273,9.854538,16.953651,3.230013,0.475524,0.000276,0.206546,0.000291,0.289697,0.000384,0,6.484028,47.545545,0.030197,-6.3,282.4,2457780.63972,-26.045446,-26.045422,0.107,-9999999,1.557709,1.3471,0.41833,1.497615,0.492828,0.48,49.9982,23.500174,9.873366,2017-01-27T03:19:03.180,-9999999,K5,198.C-0836(A),Diaz,-9999999,HARPS_ech_obs_all,HARPS_ech_obs_wavesimult,STAR_WAVE_K0,7.25667367110594E-06,4.15635675613244E-07,0,0,0
GJ150.0,55.81192,-9.76028,2457780.6406664,1.551409,0.483814,-6145.398655,0.532703,1.611583,0.243057,-6142.343276,0.202222,4.959545,0.253845,21.839158,9.590133,17.512031,3.30683,0.475214,0.00026,0.206733,0.000277,0.289402,0.000364,0,6.483857,47.537655,0.029807,-6.3,296.9,2457780.64066,-26.04709,-26.047046,-0.182,-9999999,1.557709,1.34882,0.418329,1.49767,0.492827,0.5,49.9981,21.800331,9.611369,2017-01-27T03:20:23.965,-9999999,K5,198.C-0836(A),Diaz,-9999999,HARPS_ech_obs_all,HARPS_ech_obs_wavesimult,STAR_WAVE_K0,7.62318583660438E-06,4.37439898749731E-07,0,0,0
GJ150.0,55.81192,-9.76028,2457780.6415971,1.745093,0.481388,-6145.50674,0.531165,1.806959,0.238193,-6142.451307,0.19814,5.288683,0.249498,26.788446,9.840889,17.270523,3.303075,0.475329,0.000255,0.206698,0.000271,0.288921,0.000356,0,6.484384,47.539213,0.030456,-6.3,303.4,2457780.64159,-26.048696,-26.048659,-0.398,-9999999,1.557709,1.350512,0.418328,1.497724,0.492826,0.5,49.9981,26.754546,9.86243,2017-01-27T03:21:44.379,-9999999,K5,198.C-0836(A),Diaz,-9999999,HARPS_ech_obs_all,HARPS_ech_obs_wavesimult,STAR_WAVE_K0,6.74485194363957E-06,4.40504544562268E-07,0,0,0
GJ150.0,55.81192,-9.76028,2457781.5899009,2.739351,0.686464,-6144.313588,0.766192,2.740465,0.186744,-6141.411891,0.15675,5.973601,0.20102,27.234462,12.334841,18.175618,3.185155,0.476646,0.000211,0.210593,0.000218,0.29189,0.000286,0,6.486114,47.518972,0.030444,-6.3,378.1,2457781.58989,-26.058227,-26.058174,0.307,-9999999,1.558014,1.28976,0.660575,1.343683,0.749986,0.5,49.9982,27.20303,12.356836,2017-01-28T02:07:24.882,-9999999,K5,198.C-0836(A),Diaz,-9999999,HARPS_ech_obs_all,HARPS_ech_obs_wavesimult,STAR_WAVE_K0,7.19894541995445E-06,3.88914629205234E-07,0,0,0
GJ150.0,55.81192,-9.76028,2457781.5908382,1.403669,0.686592,-6146.036331,0.766369,1.406487,0.18722,-6143.134578,0.157625,4.607525,0.201247,23.478965,12.248612,17.163369,3.207569,0.476185,0.000207,0.21057,0.000216,0.292361,0.000284,0,6.484789,47.52983,0.029582,-6.3,381.1,2457781.59083,-26.060308,-26.060275,0.2,-9999999,1.558015,1.291464,0.660573,1.343738,0.749984,0.51,49.9982,23.453624,12.265624,2017-01-28T02:08:45.366,-9999999,K5,198.C-0836(A),Diaz,-9999999,HARPS_ech_obs_all,HARPS_ech_obs_wavesimult,STAR_WAVE_K0,7.42369114140316E-06,3.74814795565998E-07,0,0,0
GJ150.0,55.81192,-9.76028,2457781.5917684,0.181523,0.687893,-6147.085413,0.767351,0.186031,0.191942,-6144.183606,0.162335,3.449518,0.205496,27.340619,12.456507,17.111498,3.164747,0.476427,0.000218,0.21083,0.000227,0.292458,0.000298,0,6.484572,47.535341,0.029153,-6.3,364.2,2457781.59177,-26.062367,-26.062344,-0.006,-9999999,1.558015,1.293155,0.660572,1.343792,0.749983,0.5,49.9982,27.341359,12.466359,2017-01-28T02:10:06.251,-9999999,K5,198.C-0836(A),Diaz,-9999999,HARPS_ech_obs_all,HARPS_ech_obs_wavesimult,STAR_WAVE_K0,7.24668346857242E-06,3.71574216637642E-07,0,0,0
GJ150.0,55.81192,-9.76028,2457781.5927089,-1.470647,0.687554,-6148.639208,0.766858,-1.464429,0.190727,-6145.737346,0.159997,1.632177,0.204388,25.693899,12.866628,16.818236,3.177652,0.477166,0.000211,0.210848,0.00022,0.29885,0.000289,0,6.48436,47.535331,0.029906,-6.3,374.5,2457781.5927,-26.06444,-26.064406,0.112,-9999999,1.558015,1.294864,0.660571,1.343847,0.749981,0.51,49.9982,25.676459,12.873863,2017-01-28T02:11:27.015,-9999999,K5,198.C-0836(A),Diaz,-9999999,HARPS_ech_obs_all,HARPS_ech_obs_wavesimult,STAR_WAVE_K0,7.24782940095872E-06,4.19426953043898E-07,0,0,0
GJ150.0,55.81192,-9.76028,2457781.5936383,-2.856196,0.686364,-6150.058774,0.766008,-2.848289,0.186397,-6147.156857,0.15588,0.247599,0.20081,26.741096,12.776835,16.463873,3.169509,0.476604,0.000205,0.210918,0.000214,0.298709,0.00028,0,6.485006,47.539854,0.030884,-6.3,385.8,2457781.59363,-26.066481,-26.066434,0.118,-9999999,1.558016,1.296553,0.660569,1.343901,0.74998,0.5,49.9982,26.737324,12.778141,2017-01-28T02:12:47.820,-9999999,K5,198.C-0836(A),Diaz,-9999999,HARPS_ech_obs_all,HARPS_ech_obs_wavesimult,STAR_WAVE_K0,7.58561663350702E-06,3.10918866547584E-07,0,0,0
GJ150.0,55.81192,-9.76028,2457781.5945701,-4.201374,0.68696,-6151.590831,0.766405,-4.191774,0.188585,-6148.688859,0.157828,-1.248116,0.202784,25.436113,12.213584,16.915718,3.176864,0.4765,0.000208,0.21039,0.000217,0.298496,0.000285,0,6.48539,47.536674,0.030962,-6.3,379.8,2457781.59457,-26.06852,-26.06848,-0.188,-9999999,1.558016,1.298247,0.660568,1.343956,0.749978,0.5,49.9982,25.43797,12.210423,2017-01-28T02:14:08.334,-9999999,K5,198.C-0836(A),Diaz,-9999999,HARPS_ech_obs_all,HARPS_ech_obs_wavesimult,STAR_WAVE_K0,7.23644573957037E-06,3.75145473427155E-07,0,0,0
GJ150.0,55.81192,-9.76028,2457781.5955109,-4.586951,0.687245,-6151.595144,0.766841,-4.575641,0.189624,-6148.693117,0.15994,-1.381719,0.203274,26.996239,12.269217,17.015623,3.151537,0.476827,0.000214,0.209922,0.000222,0.298269,0.000291,0,6.486303,47.538715,0.030409,-6.3,371.3,2457781.5955,-26.070571,-26.070542,-0.402,-9999999,1.558016,1.299956,0.660567,1.344011,0.749977,0.51,49.9982,27.002611,12.265017,2017-01-28T02:15:29.129,-9999999,K5,198.C-0836(A),Diaz,-9999999,HARPS_ech_obs_all,HARPS_ech_obs_wavesimult,STAR_WAVE_K0,7.40944370402773E-06,3.69014811885209E-07,0,0,0
GJ150.0,55.81192,-9.76028,2457781.5964653,-5.162186,0.693543,-6152.715419,0.771324,-5.149141,0.211316,-6149.813335,0.180215,-1.626919,0.224068,30.960952,12.600176,17.765876,3.290485,0.476657,0.000242,0.2107,0.000252,0.298455,0.00033,0,6.485871,47.533429,0.029918,-6.3,327.8,2457781.59646,-26.072643,-26.072622,0.234,-9999999,1.558017,1.301691,0.660566,1.344067,0.749975,0.52,49.9982,30.955957,12.598163,2017-01-28T02:16:51.094,-9999999,K5,198.C-0836(A),Diaz,-9999999,HARPS_ech_obs_all,HARPS_ech_obs_wavesimult,STAR_WAVE_K0,7.08095062265387E-06,2.92874183666691E-07,0,0,0
GJ150.0,55.81192,-9.76028,2457781.5973785,-5.221182,0.691672,-6152.38331,0.769942,-5.206477,0.205098,-6149.481173,0.174211,-1.968981,0.217704,29.866834,12.205817,17.733304,3.240553,0.476556,0.000234,0.210384,0.000243,0.298426,0.000319,0,6.48588,47.535337,0.030978,-6.3,339.4,2457781.59737,-26.074618,-26.074569,0.662,-9999999,1.558017,1.303351,0.660564,1.34412,0.749974,0.48,49.9982,29.865872,12.203367,2017-01-28T02:18:11.999,-9999999,K5,198.C-0836(A),Diaz,-9999999,HARPS_ech_obs_all,HARPS_ech_obs_wavesimult,STAR_WAVE_K0,6.69944077953068E-06,3.76679141826751E-07,0,0,0
GJ150.0,55.81192,-9.76028,2457781.5983305,-3.684782,0.699729,-6150.441201,0.775759,-3.668347,0.230818,-6147.539008,0.198353,-0.432033,0.242246,24.26565,12.058749,18.132898,3.217207,0.476154,0.000269,0.210559,0.000281,0.298979,0.000368,0,6.485608,47.534764,0.031894,-6.3,294.4,2457781.59833,-26.076669,-26.076633,0.32,-9999999,1.558017,1.305081,0.660563,1.344176,0.749972,0.51,49.9982,24.255919,12.059898,2017-01-28T02:19:32.763,-9999999,K5,198.C-0836(A),Diaz,-9999999,HARPS_ech_obs_all,HARPS_ech_obs_wavesimult,STAR_WAVE_K0,7.05540764017251E-06,3.76828757058242E-07,0,0,0
GJ150.0,55.81192,-9.76028,2457782.5410111,4.438755,0.668475,-6142.783497,0.685225,-0.628564,0.330968,-6144.446432,0.291822,3.216503,0.336727,0.67607,6.057108,20.134668,3.489713,0.477194,0.000393,0.214255,0.000416,0.294264,0.000543,0,6.484515,47.534041,0.028142,-6.3,200.2,2457782.541,-26.046729,-26.046678,-0.295,-9999999,1.558321,-3.778673,0.580792,-3.221256,0.619979,0.5,49.9982,0.663712,6.074774,2017-01-29T00:57:07.903,-9999999,K5,198.C-0836(A),Diaz,-9999999,HARPS_ech_obs_all,HARPS_ech_obs_wavesimult,STAR_WAVE_K0,7.36065259817202E-06,3.86423915645999E-07,0,0,0
GJ150.0,55.81192,-9.76028,2457782.5419368,4.959943,0.636339,-6142.678831,0.661093,-0.105694,0.260019,-6144.341712,0.229508,3.500844,0.268184,-3.821851,5.72021,20.476569,3.221625,0.477851,0.000323,0.21459,0.000335,0.294338,0.000438,0,6.485251,47.532769,0.03075,-6.3,248.1,2457782.54193,-26.049059,-26.049029,0.207,-9999999,1.558321,-3.776991,0.58079,-3.221202,0.619976,0.49,49.9982,-3.854259,5.746935,2017-01-29T00:58:28.387,-9999999,K5,198.C-0836(A),Diaz,-9999999,HARPS_ech_obs_all,HARPS_ech_obs_wavesimult,STAR_WAVE_K0,7.64949965149756E-06,3.49080161683344E-07,0,0,0
GJ150.0,55.81192,-9.76028,2457782.5428909,5.156491,0.638008,-6141.902231,0.66203,0.092588,0.264084,-6143.565056,0.232199,3.703522,0.272321,-4.374603,5.448919,21.356994,3.382804,0.477872,0.000322,0.214782,0.000336,0.294233,0.000439,0,6.486347,47.5216,0.029412,-6.3,247.4,2457782.54289,-26.051456,-26.051436,0.12,-9999999,1.558321,-3.775257,0.580788,-3.221146,0.619973,0.52,49.9982,-4.400392,5.476065,2017-01-29T00:59:49.332,-9999999,K5,198.C-0836(A),Diaz,-9999999,HARPS_ech_obs_all,HARPS_ech_obs_wavesimult,STAR_WAVE_K0,6.97519654645722E-06,3.97076162309624E-07,0,0,0
GJ150.0,55.81192,-9.76028,2457782.543802,4.620713,0.647123,-6142.597582,0.668881,-0.441534,0.285406,-6144.260354,0.251075,3.112989,0.292454,-0.79005,5.310456,20.10163,3.411738,0.477638,0.000348,0.21502,0.000365,0.294583,0.000476,0,6.485536,47.530788,0.02968,-6.3,228.3,2457782.5438,-26.053741,-26.053723,-0.077,-9999999,1.558321,-3.773601,0.580786,-3.221093,0.619971,0.48,49.9982,-0.810296,5.334335,2017-01-29T01:01:10.057,-9999999,K5,198.C-0836(A),Diaz,-9999999,HARPS_ech_obs_all,HARPS_ech_obs_wavesimult,STAR_WAVE_K0,6.76877853211709E-06,3.62971693913448E-07,0,0,0
GJ150.0,55.81192,-9.76028,2457782.5447468,5.032418,0.637736,-6142.15576,0.661818,-0.028112,0.263435,-6143.818476,0.231609,3.546683,0.271586,-2.636536,5.910782,19.727,3.164115,0.477698,0.000326,0.214792,0.000339,0.293844,0.000443,0,6.484464,47.534323,0.030367,-6.3,245.6,2457782.54474,-26.056107,-26.056064,0.051,-9999999,1.558322,-3.771884,0.580784,-3.221038,0.619968,0.5,49.9982,-2.671658,5.936405,2017-01-29T01:02:30.691,-9999999,K5,198.C-0836(A),Diaz,-9999999,HARPS_ech_obs_all,HARPS_ech_obs_wavesimult,STAR_WAVE_K0,7.36468359065315E-06,4.01344592195017E-07,0,0,0
GJ150.0,55.81192,-9.76028,2457782.545692,4.471927,0.63607,-6142.594719,0.660729,-0.586885,0.25938,-6144.25738,0.228485,3.071506,0.26773,3.656824,6.06735,19.287763,3.281516,0.478123,0.000321,0.214188,0.000333,0.293812,0.000435,0,6.483469,47.535126,0.029843,-6.3,249.6,2457782.54569,-26.058469,-26.05843,-0.188,-9999999,1.558322,-3.770166,0.580781,-3.220983,0.619965,0.52,49.9982,3.627933,6.087311,2017-01-29T01:03:51.366,-9999999,K5,198.C-0836(A),Diaz,-9999999,HARPS_ech_obs_all,HARPS_ech_obs_wavesimult,STAR_WAVE_K0,7.34018295291553E-06,4.354892210364E-07,0,0,0
GJ150.0,55.81192,-9.76028,2457782.5466126,4.994294,0.636159,-6142.004761,0.66062,-0.062845,0.259603,-6143.667368,0.228179,3.586237,0.267738,1.243615,5.552508,18.582403,3.140636,0.477019,0.00032,0.214273,0.000333,0.293768,0.000435,0,6.483738,47.536774,0.029731,-6.3,249.8,2457782.5466,-26.060765,-26.060732,-0.61,-9999999,1.558322,-3.768493,0.580779,-3.220929,0.619963,0.5,49.9982,1.241291,5.575755,2017-01-29T01:05:11.910,-9999999,K5,198.C-0836(A),Diaz,-9999999,HARPS_ech_obs_all,HARPS_ech_obs_wavesimult,STAR_WAVE_K0,7.47505842322316E-06,4.00698178530636E-07,0,0,0
GJ150.0,55.81192,-9.76028,2457782.5475543,4.061647,0.633303,-6142.947177,0.658513,-0.99378,0.252527,-6144.609728,0.222011,2.585621,0.260969,3.198681,5.405577,19.228888,3.228385,0.477824,0.000316,0.214203,0.000326,0.294692,0.000427,0,6.48312,47.534126,0.03009,-6.3,255.1,2457782.54755,-26.06311,-26.063089,-0.362,-9999999,1.558323,-3.766781,0.580777,-3.220874,0.61996,0.51,49.9982,3.166866,5.425433,2017-01-29T01:06:32.785,-9999999,K5,198.C-0836(A),Diaz,-9999999,HARPS_ech_obs_all,HARPS_ech_obs_wavesimult,STAR_WAVE_K0,7.49067233557766E-06,3.60049034591411E-07,0,0,0
GJ150.0,55.81192,-9.76028,2457782.5484815,2.948362,0.629991,-6144.119779,0.655738,-2.10538,0.244108,-6145.782276,0.213647,1.453084,0.253205,3.510577,5.800168,19.194127,3.215097,0.477651,0.000299,0.214213,0.000311,0.294072,0.000406,0,6.482355,47.543898,0.029182,-6.3,267.6,2457782.54848,-26.065415,-26.065384,-0.006,-9999999,1.558323,-3.765096,0.580775,-3.22082,0.619957,0.5,49.9982,3.502379,5.815394,2017-01-29T01:07:53.399,-9999999,K5,198.C-0836(A),Diaz,-9999999,HARPS_ech_obs_all,HARPS_ech_obs_wavesimult,STAR_WAVE_K0,7.70038227582783E-06,3.06766942784537E-07,0,0,0
GJ150.0,55.81192,-9.76028,2457782.5494352,2.443409,0.629303,-6144.568001,0.655142,-2.6086,0.242333,-6146.230442,0.21182,0.946978,0.251338,0.265522,5.490626,19.12756,3.255854,0.478058,0.000297,0.214257,0.000308,0.294171,0.000403,0,6.485266,47.540262,0.029884,-6.3,269.8,2457782.54943,-26.06778,-26.067732,-0.164,-9999999,1.558323,-3.763363,0.580773,-3.220764,0.619955,0.51,49.9982,0.203418,5.503209,2017-01-29T01:09:15.304,-9999999,K5,198.C-0836(A),Diaz,-9999999,HARPS_ech_obs_all,HARPS_ech_obs_wavesimult,STAR_WAVE_K0,7.53689079935137E-06,3.64785834429081E-07,0,0,0
GJ150.0,55.81192,-9.76028,2457783.5365905,0.414368,1.246523,-6146.027715,1.356607,-0.733571,0.173773,-6144.772825,0.148309,2.503784,0.188934,-1.680194,5.12909,19.489323,3.133763,0.477042,0.000209,0.212836,0.000214,0.29975,0.00028,0,6.486753,47.525172,0.029867,-6.3,387.8,2457783.53659,-26.132804,-26.132782,0.259,-9999999,1.558641,0.140707,1.234351,-0.303751,1.348476,0.51,49.9981,-1.731467,5.157051,2017-01-30T00:50:52.912,-9999999,K5,198.C-0836(A),Diaz,-9999999,HARPS_ech_obs_all,HARPS_ech_obs_wavesimult,STAR_WAVE_K0,7.15870357374006E-06,4.77856391875219E-07,0,0,0
GJ150.0,55.81192,-9.76028,2457783.5375036,-0.387485,1.252965,-6146.69409,1.361198,-1.533764,0.215178,-6145.439147,0.185679,2.019936,0.227599,2.587314,5.525275,18.795262,3.162161,0.477258,0.000246,0.21255,0.000257,0.300214,0.000337,0,6.48408,47.526559,0.029893,-6.3,321.4,2457783.5375,-26.135101,-26.135076,0.22,-9999999,1.558641,0.142367,1.23435,-0.303698,1.348475,0.47,49.9981,2.582095,5.544725,2017-01-30T00:52:13.817,-9999999,K5,198.C-0836(A),Diaz,-9999999,HARPS_ech_obs_all,HARPS_ech_obs_wavesimult,STAR_WAVE_K0,7.41803990953609E-06,3.85395878890754E-07,0,0,0
GJ150.0,55.81192,-9.76028,2457783.5384465,0.245909,1.251448,-6146.027719,1.360126,-0.898657,0.206171,-6144.772719,0.177653,2.588881,0.219047,-0.130333,5.159584,19.080432,3.152284,0.477112,0.000232,0.211981,0.000244,0.300055,0.00032,0,6.485042,47.525386,0.030197,-6.3,338,2457783.53844,-26.137468,-26.137423,0.167,-9999999,1.558642,0.144081,1.234349,-0.303642,1.348474,0.48,49.9982,-0.127567,5.186176,2017-01-30T00:53:34.791,-9999999,K5,198.C-0836(A),Diaz,-9999999,HARPS_ech_obs_all,HARPS_ech_obs_wavesimult,STAR_WAVE_K0,6.83367590652939E-06,3.27824716150501E-07,0,0,0
GJ150.0,55.81192,-9.76028,2457783.5393907,-0.473513,1.248422,-6146.788658,1.357944,-1.616362,0.186934,-6145.533603,0.16011,1.646596,0.20085,-3.08062,5.597088,19.512194,3.184457,0.476856,0.000219,0.212004,0.000226,0.30038,0.000297,0,6.485161,47.526866,0.030337,-6.3,365.3,2457783.53939,-26.139835,-26.139824,0.541,-9999999,1.558642,0.145797,1.234348,-0.303587,1.348472,0.5,49.9982,-3.123482,5.618658,2017-01-30T00:54:55.376,-9999999,K5,198.C-0836(A),Diaz,-9999999,HARPS_ech_obs_all,HARPS_ech_obs_wavesimult,STAR_WAVE_K0,6.96167035189132E-06,3.40497917581657E-07,0,0,0
GJ150.0,55.81192,-9.76028,2457783.5403383,0.267514,1.249962,-6145.882205,1.359086,-0.873613,0.196959,-6144.627095,0.169531,2.431904,0.21034,2.034029,4.903572,19.627451,3.178017,0.476759,0.00023,0.212128,0.000239,0.300278,0.000313,0,6.485916,47.525179,0.03049,-6.3,346.3,2457783.54034,-26.142206,-26.142192,0.13,-9999999,1.558642,0.147519,1.234347,-0.303532,1.348471,0.52,49.9982,2.034958,4.932786,2017-01-30T00:56:16.250,-9999999,K5,198.C-0836(A),Diaz,-9999999,HARPS_ech_obs_all,HARPS_ech_obs_wavesimult,STAR_WAVE_K0,7.03741238098645E-06,3.47200970105482E-07,0,0,0
GJ150.0,55.81192,-9.76028,2457783.541269,0.988526,1.247673,-6145.288023,1.35727,-0.15091,0.181874,-6144.032858,0.154309,2.986923,0.196333,-0.852806,5.341711,18.080435,3.194958,0.47679,0.000204,0.211846,0.000213,0.299652,0.000279,0,6.486205,47.524682,0.030469,-6.3,387.5,2457783.54126,-26.144532,-26.144499,-0.233,-9999999,1.558642,0.14921,1.234346,-0.303477,1.34847,0.51,49.9982,-0.887527,5.372951,2017-01-30T00:57:37.175,-9999999,K5,198.C-0836(A),Diaz,-9999999,HARPS_ech_obs_all,HARPS_ech_obs_wavesimult,STAR_WAVE_K0,6.87568224025642E-06,3.75606152481429E-07,0,0,0
GJ150.0,55.81192,-9.76028,2457783.5422026,0.410574,1.248371,-6145.974935,1.357884,-0.727165,0.186612,-6144.719715,0.159632,2.658614,0.200809,-1.510568,5.511404,18.068123,3.112576,0.476617,0.000213,0.21181,0.000222,0.299954,0.000291,0,6.484615,47.534147,0.02869,-6.3,372,2457783.5422,-26.14686,-26.146831,0.35,-9999999,1.558643,0.150907,1.234345,-0.303423,1.348468,0.51,49.9982,-1.545174,5.539154,2017-01-30T00:58:57.839,-9999999,K5,198.C-0836(A),Diaz,-9999999,HARPS_ech_obs_all,HARPS_ech_obs_wavesimult,STAR_WAVE_K0,6.81210762556631E-06,3.31393236693924E-07,0,0,0
GJ150.0,55.81192,-9.76028,2457783.5431348,0.292255,1.247912,-6146.158058,1.357442,-0.84379,0.183521,-6144.902783,0.155839,2.470119,0.197718,0.957158,4.964956,17.987728,3.20618,0.4768,0.000206,0.211887,0.000215,0.299602,0.000281,0,6.485772,47.53154,0.029302,-6.3,384.3,2457783.54312,-26.14918,-26.149129,0.071,-9999999,1.558643,0.152601,1.234344,-0.303368,1.348467,0.51,49.9982,0.905479,4.99643,2017-01-30T01:00:18.394,-9999999,K5,198.C-0836(A),Diaz,-9999999,HARPS_ech_obs_all,HARPS_ech_obs_wavesimult,STAR_WAVE_K0,7.67437405830172E-06,4.33956452671984E-07,0,0,0
GJ150.0,55.81192,-9.76028,2457783.5440636,-0.571317,1.246613,-6146.899924,1.356374,-1.705674,0.174476,-6145.644595,0.146255,1.551525,0.188632,-1.920796,5.256326,17.300669,3.206121,0.476917,0.000192,0.211882,0.0002,0.299289,0.000263,128,6.48649,47.529403,0.028639,-6.3,411.8,2457783.54406,-26.151488,-26.15148,0.076,-9999999,1.558643,0.154289,1.234343,-0.303314,1.348466,0.5,49.9982,-1.920474,5.276921,2017-01-30T01:01:39.149,-9999999,K5,198.C-0836(A),Diaz,-9999999,HARPS_ech_obs_all,HARPS_ech_obs_wavesimult,STAR_WAVE_K0,6.67376092756219E-06,3.89342504914825E-07,0,0,0
GJ150.0,55.81192,-9.76028,2457783.544992,-1.254392,1.247273,-6147.792584,1.356973,-2.387061,0.179138,-6146.5372,0.151718,1.021225,0.193675,0.102661,5.463874,17.448296,3.208478,0.476726,0.000203,0.211961,0.000211,0.299141,0.000277,0,6.485908,47.534827,0.030867,-6.3,390.9,2457783.54499,-26.15379,-26.15377,0.451,-9999999,1.558644,0.155977,1.234342,-0.30326,1.348465,0.49,49.9982,0.09411,5.481564,2017-01-30T01:02:59.863,-9999999,K5,198.C-0836(A),Diaz,-9999999,HARPS_ech_obs_all,HARPS_ech_obs_wavesimult,STAR_WAVE_K0,6.99351512516469E-06,3.28207287316696E-07,0,0,0
GJ150.0,55.81192,-9.76028,2457784.539526,0.759237,0.604701,-6146.433152,0.682653,-1.121583,0.206441,-6145.110417,0.179334,2.342557,0.218137,14.797128,6.964466,20.254549,3.151683,0.477338,0.000247,0.215224,0.000257,0.301251,0.000336,0,6.487067,47.526578,0.030862,-6.3,322.8,2457784.53952,-26.228628,-26.228593,1.073,-9999999,1.558964,-0.592174,0.568371,-0.236229,0.658676,0.52,49.9981,14.755158,6.988263,2017-01-31T00:55:13.581,-9999999,K5,198.C-0836(A),Diaz,-9999999,HARPS_ech_obs_all,HARPS_ech_obs_wavesimult,STAR_WAVE_K0,7.03935450331385E-06,3.57052760394534E-07,0,0,0
GJ150.0,55.81192,-9.76028,2457784.5404503,0.08807,0.604312,-6146.816083,0.682469,-1.79107,0.205305,-6145.493294,0.178642,1.773797,0.217494,14.190882,6.718154,19.930277,3.229944,0.477326,0.000246,0.214728,0.000256,0.302146,0.000335,0,6.486657,47.523894,0.029627,-6.3,324,2457784.54045,-26.23092,-26.230883,0.736,-9999999,1.558964,-0.590494,0.568368,-0.236175,0.658674,0.5,49.9982,14.169343,6.738462,2017-01-31T00:56:34.446,-9999999,K5,198.C-0836(A),Diaz,-9999999,HARPS_ech_obs_all,HARPS_ech_obs_wavesimult,STAR_WAVE_K0,7.64697431224255E-06,3.65174033464411E-07,0,0,0
GJ150.0,55.81192,-9.76028,2457784.5413923,-0.342999,0.604611,-6147.746853,0.682646,-2.220427,0.206191,-6146.424009,0.179328,1.155787,0.218421,12.815157,7.045445,19.014204,3.111007,0.477392,0.000248,0.215056,0.000258,0.301943,0.000337,0,6.486741,47.534652,0.029513,-6.3,322.3,2457784.54138,-26.233252,-26.233225,0.612,-9999999,1.558964,-0.588782,0.568366,-0.23612,0.658671,0.51,49.9982,12.780786,7.061679,2017-01-31T00:57:55.340,-9999999,K5,198.C-0836(A),Diaz,-9999999,HARPS_ech_obs_all,HARPS_ech_obs_wavesimult,STAR_WAVE_K0,7.38371385446427E-06,3.72043275494665E-07,0,0,0
GJ150.0,55.81192,-9.76028,2457784.5423203,-1.905486,0.606207,-6149.514042,0.683742,-3.781227,0.210829,-6148.191143,0.183463,-0.272552,0.222424,17.226476,6.407759,18.603144,3.232982,0.47687,0.000254,0.214952,0.000264,0.302132,0.000345,0,6.484859,47.538905,0.030229,-6.3,314.5,2457784.54232,-26.235544,-26.235535,0.818,-9999999,1.558965,-0.587095,0.568364,-0.236066,0.658669,0.5,49.9982,17.210634,6.419419,2017-01-31T00:59:16.025,-9999999,K5,198.C-0836(A),Diaz,-9999999,HARPS_ech_obs_all,HARPS_ech_obs_wavesimult,STAR_WAVE_K0,7.57617191751157E-06,4.41444853999132E-07,0,0,0
GJ150.0,55.81192,-9.76028,2457784.5432554,-2.182562,0.60692,-6149.314629,0.684321,-4.056604,0.212878,-6147.991675,0.185618,-0.412644,0.224876,13.275671,6.707253,19.249123,3.232277,0.477331,0.000257,0.214846,0.000267,0.301428,0.000349,0,6.486137,47.532032,0.030318,-6.3,311.1,2457784.54325,-26.23785,-26.237812,0.705,-9999999,1.558965,-0.585396,0.568362,-0.236011,0.658666,0.5,49.9982,13.242606,6.716034,2017-01-31T01:00:36.829,-9999999,K5,198.C-0836(A),Diaz,-9999999,HARPS_ech_obs_all,HARPS_ech_obs_wavesimult,STAR_WAVE_K0,6.58048301184379E-06,3.93335133815945E-07,0,0,0
GJ150.0,55.81192,-9.76028,2457784.5441862,-2.572795,0.606131,-6149.828973,0.683658,-4.445145,0.210623,-6148.505965,0.183167,-0.987587,0.222139,18.067802,6.833917,18.047603,3.184406,0.477583,0.000253,0.215566,0.000264,0.301149,0.000344,0,6.485329,47.536701,0.031161,-6.3,315.2,2457784.54418,-26.240141,-26.240113,0.623,-9999999,1.558965,-0.583704,0.56836,-0.235957,0.658663,0.49,49.9982,18.070428,6.838457,2017-01-31T01:01:57.754,-9999999,K5,198.C-0836(A),Diaz,-9999999,HARPS_ech_obs_all,HARPS_ech_obs_wavesimult,STAR_WAVE_K0,7.05980808503621E-06,3.62027679259101E-07,0,0,0
GJ150.0,55.81192,-9.76028,2457784.5451366,-2.560478,0.607453,-6149.824655,0.68453,-4.431101,0.214403,-6148.50159,0.186406,-0.796526,0.225892,17.419282,6.678645,18.795092,3.227764,0.477351,0.000258,0.215462,0.000269,0.301424,0.000351,0,6.485881,47.535527,0.030349,-6.3,309.4,2457784.54513,-26.242475,-26.242437,0.659,-9999999,1.558966,-0.581977,0.568358,-0.235901,0.658661,0.52,49.9982,17.41968,6.684049,2017-01-31T01:03:18.379,-9999999,K5,198.C-0836(A),Diaz,-9999999,HARPS_ech_obs_all,HARPS_ech_obs_wavesimult,STAR_WAVE_K0,7.2666321630749E-06,3.51776310203078E-07,0,0,0
GJ150.0,55.81192,-9.76028,2457784.5460603,-2.434658,0.607234,-6149.542324,0.684773,-4.303602,0.213787,-6148.219205,0.187305,-0.724689,0.225139,15.101385,6.464704,19.527384,3.130813,0.477162,0.000259,0.215369,0.00027,0.30151,0.000352,0,6.486497,47.530197,0.031194,-6.3,307.9,2457784.54606,-26.24474,-26.244728,0.629,-9999999,1.558966,-0.580298,0.568355,-0.235847,0.658658,0.5,49.9982,15.074347,6.472542,2017-01-31T01:04:39.193,-9999999,K5,198.C-0836(A),Diaz,-9999999,HARPS_ech_obs_all,HARPS_ech_obs_wavesimult,STAR_WAVE_K0,6.71420159221199E-06,3.918338783724E-07,0,0,0
GJ150.0,55.81192,-9.76028,2457784.5469944,-2.134012,0.609793,-6149.239675,0.686545,-4.001258,0.220957,-6147.916502,0.193691,-0.576165,0.231964,17.524277,6.922474,19.412938,3.152299,0.477671,0.000268,0.215269,0.000279,0.300991,0.000364,0,6.485942,47.534468,0.031191,-6.3,297.5,2457784.54698,-26.247024,-26.246987,0.736,-9999999,1.558966,-0.5786,0.568353,-0.235793,0.658656,0.5,49.9982,17.525551,6.9298,2017-01-31T01:05:59.908,-9999999,K5,198.C-0836(A),Diaz,-9999999,HARPS_ech_obs_all,HARPS_ech_obs_wavesimult,STAR_WAVE_K0,6.98408443755694E-06,3.59828123919656E-07,0,0,0
GJ150.0,55.81192,-9.76028,2457784.5479421,-0.666565,0.608224,-6147.776938,0.684972,-2.532089,0.216594,-6146.453709,0.188048,1.13937,0.227937,20.429074,6.817142,19.551374,3.095061,0.477612,0.00026,0.214574,0.00027,0.301193,0.000353,0,6.485591,47.529482,0.030331,-6.3,307.2,2457784.54793,-26.249338,-26.249297,0.673,-9999999,1.558966,-0.576878,0.568351,-0.235737,0.658653,0.52,49.9982,20.452567,6.8288,2017-01-31T01:07:20.793,-9999999,K5,198.C-0836(A),Diaz,-9999999,HARPS_ech_obs_all,HARPS_ech_obs_wavesimult,STAR_WAVE_K0,7.1779186786992E-06,3.01340267210904E-07,0,0,0
GJ150.0,55.81192,-9.76028,2457785.5522458,-0.870623,0.706398,-6148.41107,0.728185,-2.979222,0.185248,-6146.838199,0.152168,0.248231,0.197724,12.57871,8.530347,17.929062,3.227977,0.477929,0.000194,0.219355,0.000205,0.301657,0.000269,128,6.486514,47.534026,0.030031,-6.3,402,2457785.55224,-26.339188,-26.339173,1.489,-9999999,1.55929,-0.819953,0.681675,0.013581,0.712108,0.5,49.9982,12.565236,8.54331,2017-02-01T01:13:41.195,-9999999,K5,198.C-0836(A),Diaz,-9999999,HARPS_ech_obs_all,HARPS_ech_obs_wavesimult,STAR_WAVE_K0,7.0753063252962E-06,3.48799675117061E-07,0,0,0
GJ150.0,55.81192,-9.76028,2457785.5531883,-0.352038,0.705661,-6147.679785,0.727623,-2.458924,0.182424,-6146.106859,0.149469,0.778448,0.195376,8.013245,8.30981,17.493444,3.258699,0.477831,0.00019,0.219425,0.000201,0.300891,0.000263,128,6.486442,47.53139,0.029879,-6.3,411.3,2457785.55318,-26.341436,-26.341402,1.371,-9999999,1.55929,-0.81824,0.681673,0.013636,0.712106,0.51,49.9982,7.965779,8.32641,2017-02-01T01:15:02.140,-9999999,K5,198.C-0836(A),Diaz,-9999999,HARPS_ech_obs_all,HARPS_ech_obs_wavesimult,STAR_WAVE_K0,7.02176093048237E-06,4.04058601247378E-07,0,0,0
GJ150.0,55.81192,-9.76028,2457785.5541124,0.53861,0.706322,-6146.608423,0.727978,-1.566596,0.184973,-6145.035443,0.151196,1.781885,0.197776,8.807691,8.684674,18.608221,3.259816,0.477838,0.000192,0.219434,0.000204,0.301523,0.000267,128,6.486603,47.524256,0.030517,-6.3,404.9,2457785.55411,-26.343633,-26.343598,0.856,-9999999,1.55929,-0.81656,0.681671,0.01369,0.712104,0.49,49.9982,8.742626,8.701522,2017-02-01T01:16:22.984,-9999999,K5,198.C-0836(A),Diaz,-9999999,HARPS_ech_obs_all,HARPS_ech_obs_wavesimult,STAR_WAVE_K0,6.3030168734065E-06,3.06563787512714E-07,0,0,0
GJ150.0,55.81192,-9.76028,2457785.5550637,1.35894,0.705347,-6146.305051,0.72724,-0.744537,0.181219,-6144.732015,0.147615,2.300427,0.193953,11.110263,8.48814,18.535691,3.182296,0.477143,0.000187,0.219506,0.000198,0.301471,0.000259,128,6.487372,47.525569,0.029707,-6.3,417.1,2457785.55506,-26.34589,-26.345844,1.024,-9999999,1.559291,-0.814831,0.68167,0.013745,0.712101,0.52,49.9982,11.049859,8.512931,2017-02-01T01:17:43.689,-9999999,K5,198.C-0836(A),Diaz,-9999999,HARPS_ech_obs_all,HARPS_ech_obs_wavesimult,STAR_WAVE_K0,6.81642838192813E-06,3.59319423050347E-07,0,0,0
GJ150.0,55.81192,-9.76028,2457785.5559861,1.289747,0.70653,-6146.386114,0.728265,-0.812054,0.185778,-6144.813024,0.152595,2.570444,0.198107,14.109122,8.58593,18.568627,3.141078,0.477242,0.000192,0.219735,0.000205,0.301587,0.000268,128,6.486668,47.521151,0.030518,-6.3,403.4,2457785.55598,-26.348073,-26.348055,1.192,-9999999,1.559291,-0.813155,0.681668,0.013799,0.712099,0.5,49.9982,14.085099,8.607099,2017-02-01T01:19:04.393,-9999999,K5,198.C-0836(A),Diaz,-9999999,HARPS_ech_obs_all,HARPS_ech_obs_wavesimult,STAR_WAVE_K0,6.3601177170785E-06,2.88337790600573E-07,0,0,0
GJ150.0,55.81192,-9.76028,2457785.556926,2.066036,0.706668,-6145.610117,0.728966,-0.034057,0.186308,-6144.036972,0.155915,3.220297,0.200012,12.187779,8.779499,18.926893,3.235841,0.477897,0.000197,0.219487,0.00021,0.301199,0.000274,0,6.486875,47.517671,0.02958,-6.3,393.8,2457785.55692,-26.350291,-26.350262,1.026,-9999999,1.559291,-0.811447,0.681666,0.013854,0.712097,0.51,49.9982,12.147621,8.802342,2017-02-01T01:20:25.108,-9999999,K5,198.C-0836(A),Diaz,-9999999,HARPS_ech_obs_all,HARPS_ech_obs_wavesimult,STAR_WAVE_K0,6.91705289862277E-06,3.87272805330441E-07,0,0,0
GJ150.0,55.81192,-9.76028,2457785.5578532,1.757118,0.705377,-6145.431269,0.727775,-0.34129,0.181354,-6143.85807,0.150257,2.888885,0.194462,8.25371,8.798277,19.42405,3.219198,0.477865,0.000192,0.219386,0.000203,0.301315,0.000266,128,6.487753,47.518248,0.028832,-6.3,407,2457785.55784,-26.352473,-26.352435,1.138,-9999999,1.559291,-0.809762,0.681665,0.013908,0.712095,0.5,49.9982,8.21522,8.822118,2017-02-01T01:21:45.723,-9999999,K5,198.C-0836(A),Diaz,-9999999,HARPS_ech_obs_all,HARPS_ech_obs_wavesimult,STAR_WAVE_K0,6.87820984272847E-06,3.48638741417058E-07,0,0,0
GJ150.0,55.81192,-9.76028,2457785.5587924,1.446876,0.705812,-6145.826736,0.728176,-0.649825,0.183047,-6144.253481,0.152198,2.580492,0.19593,9.994451,8.197542,18.835526,3.163063,0.477513,0.000195,0.219757,0.000206,0.301184,0.000269,128,6.486716,47.518843,0.029781,-6.3,401.3,2457785.55878,-26.354678,-26.35463,1.31,-9999999,1.559292,-0.808055,0.681663,0.013963,0.712093,0.51,49.9982,9.952016,8.222833,2017-02-01T01:23:06.377,-9999999,K5,198.C-0836(A),Diaz,-9999999,HARPS_ech_obs_all,HARPS_ech_obs_wavesimult,STAR_WAVE_K0,7.77175348641711E-06,3.79973450294925E-07,0,0,0
GJ150.0,55.81192,-9.76028,2457785.5597331,0.768019,0.706582,-6146.797219,0.728775,-1.326972,0.185998,-6145.223909,0.155049,1.955997,0.199399,8.449654,9.223152,19.280105,3.209842,0.477586,0.000197,0.219992,0.000209,0.301185,0.000273,0,6.488013,47.515663,0.029731,-6.3,395.3,2457785.55973,-26.35688,-26.356872,1.341,-9999999,1.559292,-0.806345,0.681661,0.014018,0.712091,0.52,49.9982,8.393148,9.243479,2017-02-01T01:24:27.162,-9999999,K5,198.C-0836(A),Diaz,-9999999,HARPS_ech_obs_all,HARPS_ech_obs_wavesimult,STAR_WAVE_K0,6.47184793464829E-06,3.19242062649425E-07,0,0,0
GJ150.0,55.81192,-9.76028,2457785.5606638,0.930075,0.708358,-6146.610227,0.730377,-1.163224,0.192642,-6145.036863,0.162423,2.17986,0.205705,8.207521,8.304478,18.981638,3.180911,0.477695,0.000207,0.219486,0.00022,0.301555,0.000288,0,6.486289,47.518895,0.031202,-6.3,375.6,2457785.56066,-26.359053,-26.359027,0.938,-9999999,1.559292,-0.804653,0.68166,0.014072,0.712088,0.51,49.9981,8.159921,8.324456,2017-02-01T01:25:48.076,-9999999,K5,198.C-0836(A),Diaz,-9999999,HARPS_ech_obs_all,HARPS_ech_obs_wavesimult,STAR_WAVE_K0,6.09570842980328E-06,3.93731970326477E-07,0,0,0
GJ150.0,55.81192,-9.76028,2457810.5097118,0.791913,0.572531,-6146.127994,0.498466,-1.203688,0.156538,-6144.836316,0.125855,1.940033,0.171793,7.683895,6.768683,19.089235,3.146467,0.476186,0.000174,0.213455,0.000178,0.298194,0.000235,128,6.487702,47.52683,0.02989,-6.3,461.1,2457810.5097,-25.632059,-25.632107,0.326,-9999999,1.567322,-0.706955,0.550715,-0.275644,0.482316,0.5,119.9981,7.637901,6.79219,2017-02-26T00:14:59.763,-9999999,K5,198.C-0836(A),Diaz,-9999999,HARPS_ech_obs_all,HARPS_ech_obs_wavesimult,STAR_WAVE_K0,7.24479198551136E-06,3.98507257500658E-07,0,0,0
GJ150.0,55.81192,-9.76028,2457810.5114795,0.267178,0.574091,-6146.806356,0.499851,-1.72521,0.162169,-6145.514574,0.131262,1.583311,0.176687,10.073484,6.67437,19.309288,3.094353,0.476348,0.000183,0.213197,0.000187,0.298092,0.000247,128,6.487935,47.52745,0.029941,-6.3,439.2,2457810.51147,-25.635543,-25.635586,0.376,-9999999,1.567323,-0.703742,0.55071,-0.275541,0.482308,0.5,119.9982,10.044803,6.695545,2017-02-26T00:17:32.501,-9999999,K5,198.C-0836(A),Diaz,-9999999,HARPS_ech_obs_all,HARPS_ech_obs_wavesimult,STAR_WAVE_K0,6.89847386482598E-06,4.03101903672086E-07,0,0,0
GJ150.0,55.81192,-9.76028,2457810.5132486,-0.523507,0.571176,-6147.457142,0.497221,-2.51268,0.151545,-6146.165256,0.120891,0.763045,0.166829,8.046116,6.851669,18.495779,3.015438,0.476191,0.000174,0.213086,0.000176,0.297803,0.000232,128,6.487174,47.535745,0.030316,-6.3,468.3,2457810.51324,-25.639001,-25.639062,0.279,-9999999,1.567323,-0.700527,0.550705,-0.275437,0.482301,0.51,119.9982,7.974684,6.86803,2017-02-26T00:20:04.160,-9999999,K5,198.C-0836(A),Diaz,-9999999,HARPS_ech_obs_all,HARPS_ech_obs_wavesimult,STAR_WAVE_K0,7.35004798839532E-06,2.9124933099223E-07,0,0,0
GJ150.0,55.81192,-9.76028,2457810.5150076,-1.451789,0.571466,-6148.689049,0.497459,-3.437765,0.152651,-6147.397059,0.121897,-0.055904,0.167997,5.853922,6.928161,19.365713,3.135781,0.475934,0.000177,0.213117,0.000178,0.297159,0.000235,128,6.488849,47.531558,0.029678,-6.3,462.4,2457810.515,-25.642412,-25.642463,0.717,-9999999,1.567324,-0.69733,0.5507,-0.275334,0.482293,0.51,119.9982,5.800549,6.940005,2017-02-26T00:22:36.158,-9999999,K5,198.C-0836(A),Diaz,-9999999,HARPS_ech_obs_all,HARPS_ech_obs_wavesimult,STAR_WAVE_K0,7.03783583213553E-06,3.57386585611927E-07,0,0,0
GJ150.0,55.81192,-9.76028,2457810.5167657,-2.338343,0.572691,-6149.468786,0.498294,-4.321123,0.157193,-6148.176694,0.125292,-1.080025,0.172675,8.493488,6.879247,19.268997,3.170134,0.476283,0.000174,0.212974,0.000178,0.298049,0.000235,128,6.489042,47.527002,0.029885,-6.3,462.2,2457810.51676,-25.645793,-25.64586,0.703,-9999999,1.567324,-0.694134,0.550695,-0.275232,0.482285,0.51,119.9982,8.439111,6.887092,2017-02-26T00:25:08.067,-9999999,K5,198.C-0836(A),Diaz,-9999999,HARPS_ech_obs_all,HARPS_ech_obs_wavesimult,STAR_WAVE_K0,6.99483071322929E-06,3.30507261938689E-07,0,0,0
GJ150.0,55.81192,-9.76028,2457811.5321768,0.087626,0.671656,-6147.779219,0.988457,-1.624842,0.167161,-6145.602557,0.137572,1.516681,0.181205,4.67898,10.435306,16.963645,3.178036,0.476137,0.000197,0.214239,0.0002,0.297839,0.000263,128,6.486178,47.549295,0.029275,-6.3,411.9,2457811.53217,-25.544569,-25.544633,-0.025,-9999999,1.567651,-0.423822,0.650522,0.609011,0.978836,0.51,119.9982,4.638064,10.445646,2017-02-27T00:47:27.005,-9999999,K5,198.C-0836(A),Diaz,-9999999,HARPS_ech_obs_all,HARPS_ech_obs_wavesimult,STAR_WAVE_K0,7.1337749784322E-06,3.12934049765268E-07,0,0,0
GJ150.0,55.81192,-9.76028,2457811.5339355,-0.143005,0.672025,-6147.849198,0.988609,-1.852276,0.168652,-6145.672432,0.138687,1.309993,0.182911,5.080452,10.307991,16.865366,3.232364,0.476068,0.000196,0.214103,0.0002,0.297784,0.000264,128,6.486089,47.549363,0.03101,-6.3,411.4,2457811.53393,-25.547583,-25.54764,-0.179,-9999999,1.567652,-0.420625,0.650518,0.609114,0.978833,0.51,119.9982,5.023106,10.317507,2017-02-27T00:49:58.963,-9999999,K5,198.C-0836(A),Diaz,-9999999,HARPS_ech_obs_all,HARPS_ech_obs_wavesimult,STAR_WAVE_K0,7.19939209965099E-06,3.88297986664653E-07,0,0,0
GJ150.0,55.81192,-9.76028,2457811.5357231,-0.114611,0.673127,-6147.887221,0.989171,-1.820633,0.173007,-6145.710351,0.142663,1.312137,0.186994,2.755391,10.582914,17.790772,3.245377,0.476498,0.000197,0.214239,0.000203,0.297203,0.000267,128,6.486027,47.543196,0.031026,-6.3,404.9,2457811.53572,-25.550613,-25.550673,0.13,-9999999,1.567652,-0.417376,0.650514,0.609218,0.97883,0.53,119.9982,2.716774,10.593695,2017-02-27T00:52:31.032,-9999999,K5,198.C-0836(A),Diaz,-9999999,HARPS_ech_obs_all,HARPS_ech_obs_wavesimult,STAR_WAVE_K0,6.85033098115957E-06,3.06593999593813E-07,0,0,0
GJ150.0,55.81192,-9.76028,2457811.5374377,0.583016,0.672325,-6147.078814,0.988781,-1.11989,0.169871,-6144.901843,0.139957,1.985918,0.184541,5.623443,10.758472,17.848502,3.221429,0.476175,0.000192,0.214382,0.000199,0.297385,0.000261,128,6.487381,47.540329,0.030213,-6.3,414.6,2457811.53743,-25.553486,-25.553535,0.317,-9999999,1.567653,-0.41426,0.650511,0.609318,0.978826,0.5,119.9982,5.593695,10.771099,2017-02-27T00:55:02.780,-9999999,K5,198.C-0836(A),Diaz,-9999999,HARPS_ech_obs_all,HARPS_ech_obs_wavesimult,STAR_WAVE_K0,7.09219105320346E-06,3.29893482616297E-07,0,0,0
GJ150.0,55.81192,-9.76028,2457811.5391826,1.516577,0.675645,-6146.227225,0.990762,-0.183158,0.182584,-6144.050151,0.153344,3.045595,0.196656,5.993931,10.627985,18.786541,3.274137,0.476131,0.000213,0.214092,0.00022,0.298049,0.000289,0,6.486734,47.538754,0.030429,-6.3,375.1,2457811.53918,-25.556377,-25.556442,0.207,-9999999,1.567654,-0.411089,0.650507,0.60942,0.978823,0.49,119.9982,5.990559,10.643016,2017-02-27T00:57:34.759,-9999999,K5,198.C-0836(A),Diaz,-9999999,HARPS_ech_obs_all,HARPS_ech_obs_wavesimult,STAR_WAVE_K0,7.06134492732372E-06,3.66708267023921E-07,0,0,0
GJ150.0,55.81192,-9.76028,2457812.5175878,0.592764,1.24384,-6147.052634,1.354111,-1.883002,0.153169,-6146.077953,0.123092,1.353991,0.168132,6.335084,7.382172,17.568067,3.162223,0.4771,0.000166,0.209681,0.000172,0.297105,0.000226,128,6.488359,47.541769,0.030211,-6.3,478.1,2457812.51758,-25.380969,-25.381013,0.615,-9999999,1.567968,-1.18712,1.234373,-0.593287,1.348504,0.49,119.9982,6.285073,7.399227,2017-02-28T00:26:36.076,-9999999,K5,198.C-0836(A),Diaz,-9999999,HARPS_ech_obs_all,HARPS_ech_obs_wavesimult,STAR_WAVE_K0,6.82574482401687E-06,3.80248097259651E-07,0,0,0
GJ150.0,55.81192,-9.76028,2457812.5193174,0.808707,1.244176,-6146.682418,1.35435,-1.663916,0.155887,-6145.707635,0.125729,1.614989,0.170356,6.197196,7.037022,18.391884,3.177887,0.47731,0.000175,0.209453,0.00018,0.297212,0.000236,128,6.488273,47.540187,0.029215,-6.3,458.9,2457812.51931,-25.384131,-25.384178,0.297,-9999999,1.567969,-1.183977,1.234371,-0.593186,1.348502,0.47,119.9982,6.180399,7.054856,2017-02-28T00:29:07.925,-9999999,K5,198.C-0836(A),Diaz,-9999999,HARPS_ech_obs_all,HARPS_ech_obs_wavesimult,STAR_WAVE_K0,7.21487848601351E-06,3.7445219094041E-07,0,0,0
GJ150.0,55.81192,-9.76028,2457812.5211273,-0.05624,1.245537,-6147.627471,1.355372,-2.525573,0.166418,-6146.652581,0.136323,0.714546,0.180157,7.870844,6.963531,18.842787,3.137316,0.477108,0.000187,0.2098,0.000193,0.296701,0.000253,128,6.488321,47.529917,0.028759,-6.3,426.6,2457812.52112,-25.387408,-25.387459,-0.053,-9999999,1.56797,-1.180687,1.234369,-0.59308,1.348499,0.5,119.9982,7.845651,6.977064,2017-02-28T00:31:40.713,-9999999,K5,198.C-0836(A),Diaz,-9999999,HARPS_ech_obs_all,HARPS_ech_obs_wavesimult,STAR_WAVE_K0,7.44515657680806E-06,2.97860464761819E-07,0,0,0
GJ150.0,55.81192,-9.76028,2457812.5229134,-1.749379,1.245616,-6149.131027,1.355411,-4.215466,0.167024,-6148.156033,0.136742,-1.095987,0.180434,5.500246,6.923741,18.667629,3.159278,0.477157,0.000186,0.209715,0.000193,0.296943,0.000253,128,6.488452,47.532742,0.02996,-6.3,427.4,2457812.52291,-25.390609,-25.390665,0.227,-9999999,1.56797,-1.177441,1.234367,-0.592976,1.348496,0.52,119.9982,5.472797,6.927595,2017-02-28T00:34:12.642,-9999999,K5,198.C-0836(A),Diaz,-9999999,HARPS_ech_obs_all,HARPS_ech_obs_wavesimult,STAR_WAVE_K0,7.24545412356598E-06,2.98965294781178E-07,0,0,0
GJ150.0,55.81192,-9.76028,2457812.5246566,-2.310557,1.244582,-6149.954573,1.354627,-4.773476,0.159148,-6148.979476,0.128758,-1.498229,0.17342,5.825269,7.333868,18.655213,3.235436,0.477119,0.000174,0.210011,0.000181,0.297417,0.000237,128,6.488384,47.535474,0.029938,-6.3,455.8,2457812.52465,-25.393702,-25.393758,0.315,-9999999,1.567971,-1.174273,1.234365,-0.592874,1.348493,0.5,119.9982,5.759117,7.336029,2017-02-28T00:36:45.670,-9999999,K5,198.C-0836(A),Diaz,-9999999,HARPS_ech_obs_all,HARPS_ech_obs_wavesimult,STAR_WAVE_K0,6.90691287267298E-06,3.03356515197512E-07,0,0,0
GJ150.0,55.81192,-9.76028,2457817.5171276,-0.486658,0.586683,-6148.081475,0.820368,-4.134593,0.150963,-6148.089843,0.122625,-0.948282,0.166171,7.039837,7.739701,18.229138,3.087949,0.477372,0.000169,0.211915,0.000172,0.298684,0.000225,128,6.488451,47.528764,0.030057,-6.3,480.2,2457817.51712,-24.57426,-24.574314,0.328,-9999999,1.569578,-2.359289,0.566927,-1.577946,0.811151,0.51,99.9982,7.001445,7.745004,2017-03-05T00:26:39.749,-9999999,K5,198.C-0836(A),Diaz,-9999999,HARPS_ech_obs_all,HARPS_ech_obs_wavesimult,STAR_WAVE_K0,6.65870655239935E-06,3.38539072495349E-07,0,0,0
GJ150.0,55.81192,-9.76028,2457817.5202752,1.515792,0.588442,-6146.0506,0.821291,-2.126422,0.157693,-6146.058783,0.12871,0.919904,0.172385,8.71849,7.991715,17.938908,3.114323,0.477484,0.000171,0.212148,0.000177,0.298561,0.000231,128,6.48806,47.524902,0.030661,-6.3,467.3,2457817.52027,-24.579424,-24.579484,-0.306,-9999999,1.569579,-2.353568,0.566919,-1.577762,0.811143,0.59,99.9982,8.674755,8.003217,2017-03-05T00:31:03.723,-9999999,K5,198.C-0836(A),Diaz,-9999999,HARPS_ech_obs_all,HARPS_ech_obs_wavesimult,STAR_WAVE_K0,6.92318736516466E-06,2.61368432989728E-07,0,0,0
GJ150.0,55.81192,-9.76028,2457818.5140027,-3.537239,0.568589,-6151.282621,1.001962,-6.410627,0.189222,-6150.315513,0.164278,-3.159021,0.204163,12.562963,8.53255,21.324109,3.074097,0.478099,0.000268,0.213471,0.000255,0.292947,0.000334,0,6.488056,47.526816,0.030758,-6.3,327,2457818.51399,-24.385684,-24.38575,-0.382,-9999999,1.569898,-1.584742,0.536179,-0.60279,0.988403,0.41,99.9982,12.550061,8.522472,2017-03-06T00:22:26.718,-9999999,K5,198.C-0836(A),Diaz,-9999999,HARPS_ech_obs_all,HARPS_ech_obs_wavesimult,STAR_WAVE_K0,7.10095019545724E-06,3.7617124481118E-07,0,0,0
GJ150.0,55.81192,-9.76028,2457818.5156925,-2.086621,0.560722,-6149.766886,0.997781,-4.956938,0.164091,-6148.799678,0.136502,-1.997992,0.179401,13.118291,8.980788,18.643728,3.16542,0.477666,0.00019,0.213216,0.000192,0.292668,0.000251,128,6.488011,47.531009,0.029923,-6.3,431,2457818.51568,-24.388464,-24.388521,-0.463,-9999999,1.569899,-1.581671,0.536174,-0.602691,0.9884,0.56,99.9982,13.103352,8.975276,2017-03-06T00:24:37.726,-9999999,K5,198.C-0836(A),Diaz,-9999999,HARPS_ech_obs_all,HARPS_ech_obs_wavesimult,STAR_WAVE_K0,7.03871775148872E-06,4.03853342328181E-07,0,0,0
