target,ra,dec,BJD,RV_mlc_nzp,e_RV_mlc_nzp,RV_drs_nzp,e_RV_drs_nzp,RV_mlc,e_RV_mlc,RV_drs,e_RV_drs,RV_mlc_j,e_RV_mlc_j,CRX,e_CRX,dLW,e_dLW,Halpha,e_Halpha,NaD1,e_NaD1,NaD2,e_NaD2,f_RV,FWHM_DRS,CONTRAST_DRS,BIS,RVGUESS,SNR_DRS,BJD_DRS,BERV,BERV_DRS,DRIFT,e_DRIFT,SA,NZP_mlc,dNZP_mlc,NZP_drs,dNZP_drs,TMMEAN,EXPTIME,MLCRX,E_MLCRX,TIMEID,DRIFT_LAMP,MASK,PROGID,PROGPI,AIRMASS,OBHAB,THAR_FP,DPR_TYPE,RHKp,dRHKp,sourceflag,vsinflag,metflag
GJ204,82.1065,-3.50213,2452986.7364124,-5.967147,0.948994,-55417.581055,0.927216,-15.197666,0.405273,-55418.626654,0.367191,-27.828263,0.407425,-4.662862,5.834497,-49.240758,1.76034,0.608423,0.000637,0.163369,0.000602,0.208891,0.000738,0,6.060085,48.206652,0.016863,-55.6,134.6,2452986.73641,-0.023246,-0.023077,0.031,-9999999,0,-0.307836,0.858104,-1.045599,0.851411,0.5,419.3963,-4.649711,5.812706,2003-12-13T05:29:38.521,-9999999,K5,072.C-0488(E),Mayor,-9999999,HARPS_ech_obs_all,HARPS_ech_obs_thosimult,STAR_WAVE_K5,2.11547128995194E-05,7.09896978407264E-07,0,0,0
GJ204,82.1065,-3.50213,2453054.5535718,-2.801016,0.914273,-55416.583457,0.961056,-8.809454,0.433827,-55412.722911,0.392677,-21.52625,0.43358,-14.44382,4.21063,-42.110619,1.263611,0.608878,0.00064,0.163455,0.00061,0.212546,0.000756,0,6.069658,48.068123,0.020358,-55.6,133.2,2453054.55356,-25.022566,-25.022835,0.264,-9999999,0.040308,2.914244,0.804791,3.820238,0.877173,0.5,421.5968,-14.418142,4.193301,2004-02-19T01:10:57.139,-9999999,K5,072.C-0488(E),Mayor,-9999999,HARPS_ech_obs_all,HARPS_ech_obs_thosimult,STAR_WAVE_K5,2.159907454855E-05,6.46652873817708E-07,0,0,0
GJ204,82.1065,-3.50213,2453339.7874675,-2.790794,0.896639,-55415.605755,1.012002,-12.610524,0.260011,-55415.679988,0.224806,-25.357384,0.262454,-0.105951,2.495725,-29.700283,1.187823,0.608535,0.000355,0.166816,0.000335,0.206712,0.00041,0,6.087842,47.957628,0.018357,-55.6,238.6,2453339.78746,5.634211,5.634542,0.289,-9999999,0.20984,-0.897048,0.858112,-0.284073,0.986717,0.49,899.9827,-0.084956,2.46104,2004-11-30T06:39:27.477,-9999999,K5,072.C-0488(E),Mayor,-9999999,HARPS_ech_obs_all,HARPS_ech_obs_thosimult,STAR_WAVE_K5,2.59677017991652E-05,7.12565571102055E-07,0,0,0
GJ204,82.1065,-3.50213,2453400.671866,-3.657568,0.757233,-55415.614267,1.054583,-11.882306,0.408057,-55414.674261,0.372228,-24.626531,0.405588,-0.969544,3.372178,-23.987965,0.914148,0.610418,0.000565,0.163338,0.000557,0.210652,0.00068,0,6.091669,47.900625,0.020357,-55.6,146.5,2453400.67186,-20.51167,-20.511473,-0.111,-9999999,0.246027,0.697944,0.63788,0.693979,0.986707,0.48,899.9765,-0.952938,3.342688,2005-01-30T03:55:29.551,-9999999,K5,072.C-0488(E),Mayor,-9999999,HARPS_ech_obs_all,HARPS_ech_obs_thosimult,STAR_WAVE_K5,2.71716119673262E-05,8.14298420816057E-07,0,0,0
GJ204,82.1065,-3.50213,2453401.6462397,-2.517921,1.204878,-55414.812134,1.243652,-11.175026,0.845805,-55413.887681,0.757016,-23.944722,0.838488,0.949909,7.865931,-17.068232,1.477229,0.60575,0.001136,0.161419,0.001175,0.207963,0.001445,0,6.103218,47.846263,0.021704,-55.6,73.3,2453401.64624,-20.761392,-20.761217,-0.181,-9999999,0.246606,0.265577,0.858106,0.677847,0.98671,0.51,899.9967,0.963452,7.84755,2005-01-31T03:18:14.163,-9999999,K5,072.C-0488(E),Mayor,-9999999,HARPS_ech_obs_all,HARPS_ech_obs_thosimult,STAR_WAVE_K5,2.82072086214778E-05,1.06080814861259E-06,0,0,0
GJ204,82.1065,-3.50213,2453402.6322105,-4.726813,0.738808,-55417.319462,0.858027,-12.032619,0.487702,-55415.256624,0.426342,-24.650373,0.484342,16.328794,4.744357,-22.439765,0.963677,0.605826,0.000689,0.165319,0.000667,0.211342,0.000821,0,6.088758,47.894877,0.021492,-55.6,122.3,2453402.6322,-21.032104,-21.031899,0.053,-9999999,0.247192,1.616876,0.554963,1.815646,0.744609,0.51,750.0019,16.324235,4.703366,2005-02-01T02:59:24.422,-9999999,K5,072.C-0488(E),Mayor,-9999999,HARPS_ech_obs_all,HARPS_ech_obs_thosimult,STAR_WAVE_K5,2.80168141967218E-05,9.79776225274361E-07,0,0,0
GJ204,82.1065,-3.50213,2453404.6225453,-2.549687,0.894278,-55415.255177,1.008658,-11.230843,0.251756,-55414.442589,0.20925,-23.936956,0.251272,-4.443314,2.853843,-21.466445,0.865035,0.612429,0.000336,0.163007,0.000319,0.208555,0.000394,0,6.090176,47.892645,0.020692,-55.6,251,2453404.62253,-21.602455,-21.602256,0.555,-9999999,0.248375,0.241526,0.85811,0.564213,0.986714,0.5,800.002,-4.442382,2.801654,2005-02-03T02:45:23.987,-9999999,K5,072.C-0488(E),Mayor,-9999999,HARPS_ech_obs_all,HARPS_ech_obs_thosimult,STAR_WAVE_K5,2.84956525221122E-05,7.54280983927708E-07,0,0,0
GJ204,82.1065,-3.50213,2453406.6140408,-0.994079,0.890837,-55413.975609,0.873487,-10.650276,0.303758,-55412.944709,0.259898,-23.425304,0.302467,-2.693711,2.753404,-20.324959,0.697472,0.61557,0.000413,0.162724,0.000397,0.209324,0.00049,0,6.08992,47.878625,0.019812,-55.6,203.9,2453406.61403,-22.150229,-22.150055,0.074,-9999999,0.249559,-0.733515,0.83745,0.781341,0.833926,0.49,799.9956,-2.677414,2.714291,2005-02-05T02:33:29.668,-9999999,K5,072.C-0488(E),Mayor,-9999999,HARPS_ech_obs_all,HARPS_ech_obs_thosimult,STAR_WAVE_K5,2.81441781711651E-05,8.83249455634098E-07,0,0,0
GJ204,82.1065,-3.50213,2453408.5912761,-3.586572,0.903423,-55416.102743,0.946921,-12.257694,0.282503,-55415.36028,0.249577,-24.975388,0.282162,0.776192,2.858418,-28.585451,0.993782,0.608884,0.000396,0.166246,0.00038,0.212318,0.000469,0,6.0906,47.95758,0.019242,-55.6,212.6,2453408.59127,-22.632403,-22.632256,0.207,-9999999,0.250734,0.25156,0.858117,0.491729,0.913439,0.48,765.9005,0.786037,2.842069,2005-02-07T02:01:19.848,-9999999,K5,072.C-0488(E),Mayor,-9999999,HARPS_ech_obs_all,HARPS_ech_obs_thosimult,STAR_WAVE_K5,2.73001106911079E-05,8.72432919701833E-07,0,0,0
GJ204,82.1065,-3.50213,2453409.6902484,-3.760047,0.822418,-55416.200482,0.824367,-11.19475,0.402243,-55414.441871,0.352271,-24.088146,0.400903,2.136993,3.026654,-21.951075,0.821724,0.613542,0.000544,0.162926,0.000535,0.209275,0.00066,0,6.089217,47.886115,0.01957,-55.6,152.2,2453409.69024,-23.121225,-23.121074,-0.275,-9999999,0.251387,1.487979,0.717337,1.507224,0.745309,0.48,750.0007,2.167345,2.991035,2005-02-08T04:24:05.865,-9999999,K5,072.C-0488(E),Mayor,-9999999,HARPS_ech_obs_all,HARPS_ech_obs_thosimult,STAR_WAVE_K5,2.74157962743186E-05,9.44674435477376E-07,0,0,0
GJ204,82.1065,-3.50213,2453410.6182595,-1.738031,0.917556,-55414.034187,1.025713,-10.356542,0.324891,-55413.091685,0.280144,-23.163756,0.324034,-5.726755,2.671358,-21.757313,0.964633,0.615405,0.000443,0.163196,0.000428,0.208587,0.000528,0,6.086345,47.902974,0.020665,-55.6,189.2,2453410.61826,-23.215837,-23.215694,0.284,-9999999,0.251939,0.304171,0.858111,0.690563,0.986715,0.51,750.0006,-5.683545,2.661876,2005-02-09T02:40:09.649,-9999999,K5,072.C-0488(E),Mayor,-9999999,HARPS_ech_obs_all,HARPS_ech_obs_thosimult,STAR_WAVE_K5,2.74906726593111E-05,1.02428736559549E-06,0,0,0
GJ204,82.1065,-3.50213,2453411.6167343,-1.030906,0.917918,-55414.263248,1.025721,-9.7396,0.325912,-55413.36647,0.280171,-22.527784,0.325394,-6.709819,3.007021,-21.750814,0.784162,0.609537,0.000446,0.161601,0.000427,0.212949,0.000527,0,6.087738,47.898131,0.018848,-55.6,188.7,2453411.61673,-23.456361,-23.456221,1.716,-9999999,0.252532,0.213988,0.858111,0.644246,0.986716,0.48,879.0004,-6.678785,3.001452,2005-02-10T02:37:25.111,-9999999,K5,072.C-0488(E),Mayor,-9999999,HARPS_ech_obs_all,HARPS_ech_obs_thosimult,STAR_WAVE_K5,2.6444274133496E-05,8.11697038291455E-07,0,0,0
GJ204,82.1065,-3.50213,2453412.5785919,-1.892288,0.782716,-55413.725002,0.828042,-11.074892,0.353814,-55413.906718,0.305509,-23.794505,0.353286,0.094154,3.245605,-22.723343,0.882067,0.608163,0.000491,0.161792,0.00047,0.21325,0.00058,0,6.086885,47.913823,0.019365,-55.6,171.8,2453412.57859,-23.594282,-23.59416,0.378,-9999999,0.253104,-0.259922,0.698184,-0.43482,0.769622,0.45,800.0008,0.120617,3.215045,2005-02-11T01:43:38.013,-9999999,K5,072.C-0488(E),Mayor,-9999999,HARPS_ech_obs_all,HARPS_ech_obs_thosimult,STAR_WAVE_K5,2.76846241497957E-05,8.53757459836398E-07,0,0,0
GJ204,82.1065,-3.50213,2453692.6657946,0.262961,0.977226,-55413.287117,0.867361,-9.484144,0.636685,-55412.29167,0.539473,-22.192787,0.644548,2.777127,5.766133,-15.343628,1.215439,0.609711,0.000888,0.168404,0.000885,0.212234,0.001073,0,6.101427,47.860539,0.020548,-55.6,95.9,2453692.66579,11.484918,11.485195,-0.501,-9999999,0.419577,-0.824423,0.741352,0.57587,0.679179,0.49,180.0002,2.816185,5.763258,2005-11-18T03:50:37.071,-9999999,K5,072.C-0488(E),Mayor,-9999999,HARPS_ech_obs_all,HARPS_ech_obs_thosimult,STAR_WAVE_K5,3.10181666440422E-05,1.11316287702352E-06,0,0,0
GJ204,82.1065,-3.50213,2453692.6682442,-0.185733,0.959181,-55415.476365,0.852264,-9.933624,0.608626,-55414.48555,0.51485,-22.689517,0.615308,6.574232,5.4791,-16.409726,1.130841,0.607822,0.000851,0.165648,0.000839,0.209087,0.001019,0,6.094062,47.889345,0.020036,-55.6,100,2453692.66823,11.478899,11.479208,-0.483,-9999999,0.419579,-0.825209,0.741352,0.571236,0.679179,0.49,180.0023,6.612668,5.466193,2005-11-18T03:54:08.712,-9999999,K5,072.C-0488(E),Mayor,-9999999,HARPS_ech_obs_all,HARPS_ech_obs_thosimult,STAR_WAVE_K5,3.15121116490601E-05,1.28372317775461E-06,0,0,0
GJ204,82.1065,-3.50213,2453692.6706907,-1.151262,0.957317,-55415.837369,0.8514,-10.899938,0.605684,-55414.851182,0.513418,-23.754444,0.612375,10.164643,5.718793,-17.732285,1.080949,0.607789,0.000847,0.16757,0.000839,0.205994,0.001006,0,6.096059,47.873613,0.022081,-55.6,100.5,2453692.67069,11.47283,11.473111,-0.298,-9999999,0.41958,-0.825994,0.741352,0.566607,0.679178,0.49,180,10.214838,5.710939,2005-11-18T03:57:40.082,-9999999,K5,072.C-0488(E),Mayor,-9999999,HARPS_ech_obs_all,HARPS_ech_obs_thosimult,STAR_WAVE_K5,3.16445939506057E-05,1.16143477758633E-06,0,0,0
GJ204,82.1065,-3.50213,2453692.6731597,-0.7482,0.969387,-55414.100578,0.861067,-10.497669,0.624587,-55413.119061,0.529296,-23.156114,0.63165,11.077672,5.664243,-17.129518,1.336779,0.609625,0.000878,0.168653,0.000873,0.20997,0.001053,0,6.094181,47.876831,0.021827,-55.6,97.3,2453692.67315,11.466648,11.466952,-0.421,-9999999,0.419581,-0.826787,0.741352,0.561936,0.679178,0.5,180.0002,11.116706,5.653084,2005-11-18T04:01:11.594,-9999999,K5,072.C-0488(E),Mayor,-9999999,HARPS_ech_obs_all,HARPS_ech_obs_thosimult,STAR_WAVE_K5,3.08401919641769E-05,1.00588705156715E-06,0,0,0
GJ204,82.1065,-3.50213,2453692.6756074,-0.629835,0.993956,-55414.794287,0.881524,-10.380089,0.662077,-55413.817399,0.561962,-23.230355,0.669905,-6.474681,5.806828,-16.072591,1.420848,0.608701,0.000929,0.167499,0.000925,0.210997,0.001121,0,6.095594,47.887663,0.020249,-55.6,91.9,2453692.67561,11.460464,11.460743,-0.427,-9999999,0.419583,-0.827572,0.741351,0.557305,0.679178,0.5,180.0008,-6.433832,5.798103,2005-11-18T04:04:43.066,-9999999,K5,072.C-0488(E),Mayor,-9999999,HARPS_ech_obs_all,HARPS_ech_obs_thosimult,STAR_WAVE_K5,3.45549016241418E-05,1.26024339090938E-06,0,0,0
GJ204,82.1065,-3.50213,2453692.6781098,-0.327933,0.962535,-55413.261431,0.855656,-10.07899,0.613899,-55412.289276,0.520447,-22.760889,0.620649,1.761588,5.044017,-13.76721,1.04193,0.608862,0.00086,0.166576,0.000848,0.209067,0.001027,0,6.098109,47.858493,0.025495,-55.6,99.2,2453692.67811,11.454086,11.454385,-0.087,-9999999,0.419584,-0.828375,0.741351,0.552571,0.679178,0.53,180.0006,1.804654,5.038977,2005-11-18T04:08:13.867,-9999999,K5,072.C-0488(E),Mayor,-9999999,HARPS_ech_obs_all,HARPS_ech_obs_thosimult,STAR_WAVE_K5,3.24248227727731E-05,1.00642146480937E-06,0,0,0
GJ204,82.1065,-3.50213,2453692.680472,-1.750845,0.940847,-55415.671155,0.838675,-11.50266,0.579303,-55414.703467,0.492031,-24.327597,0.586108,0.933071,4.865804,-14.808256,1.268524,0.60893,0.000804,0.168126,0.000798,0.208203,0.000961,0,6.096129,47.868672,0.023522,-55.6,105.4,2453692.68047,11.448015,11.448305,-0.393,-9999999,0.419586,-0.829133,0.741351,0.548102,0.679177,0.49,180.0017,0.967782,4.865221,2005-11-18T04:11:45.149,-9999999,K5,072.C-0488(E),Mayor,-9999999,HARPS_ech_obs_all,HARPS_ech_obs_thosimult,STAR_WAVE_K5,3.20398054253017E-05,1.23153936497054E-06,0,0,0
GJ204,82.1065,-3.50213,2453692.6829533,-1.150131,0.919471,-55414.596434,0.821264,-10.902742,0.543898,-55413.63344,0.461728,-23.66092,0.550468,5.525691,4.808476,-15.723571,1.116188,0.608336,0.00076,0.168443,0.00075,0.208304,0.000902,0,6.094901,47.876512,0.016147,-55.6,111.7,2453692.68294,11.441585,11.441877,-0.581,-9999999,0.419587,-0.829929,0.741351,0.543407,0.679177,0.51,180.0018,5.574004,4.805715,2005-11-18T04:15:15.932,-9999999,K5,072.C-0488(E),Mayor,-9999999,HARPS_ech_obs_all,HARPS_ech_obs_thosimult,STAR_WAVE_K5,3.14384418479603E-05,1.44726667804256E-06,0,0,0
GJ204,82.1065,-3.50213,2453692.6853661,-1.435766,0.924998,-55415.873338,0.82668,-11.189151,0.553191,-55414.914907,0.471294,-23.977237,0.559503,4.318691,5.543657,-16.234803,1.028989,0.608309,0.000775,0.166781,0.000762,0.208333,0.000921,0,6.095677,47.866974,0.01883,-55.6,109.6,2453692.68536,11.435284,11.435573,-0.421,-9999999,0.419589,-0.830703,0.741351,0.538842,0.679177,0.49,180.0013,4.35269,5.53481,2005-11-18T04:18:47.983,-9999999,K5,072.C-0488(E),Mayor,-9999999,HARPS_ech_obs_all,HARPS_ech_obs_thosimult,STAR_WAVE_K5,3.28851968560079E-05,1.18827521214522E-06,0,0,0
GJ204,82.1065,-3.50213,2453692.6878338,-1.223268,0.918597,-55415.002085,0.821492,-10.977445,0.54242,-55414.048321,0.462133,-23.775932,0.548466,3.632997,5.500885,-15.105385,0.993525,0.60934,0.000762,0.164749,0.000743,0.208663,0.000903,0,6.094352,47.867992,0.023588,-55.6,111.6,2453692.68783,11.42879,11.429075,-0.275,-9999999,0.41959,-0.831495,0.741351,0.534174,0.679177,0.5,179.9991,3.671081,5.486231,2005-11-18T04:22:19.384,-9999999,K5,072.C-0488(E),Mayor,-9999999,HARPS_ech_obs_all,HARPS_ech_obs_thosimult,STAR_WAVE_K5,3.27234767627491E-05,9.33780816977998E-07,0,0,0
GJ204,82.1065,-3.50213,2453692.6902542,-1.950185,0.932703,-55415.890683,0.832634,-11.705139,0.565981,-55414.941497,0.481662,-24.50446,0.572453,2.262261,4.862167,-15.567573,0.971433,0.609023,0.000794,0.167233,0.000782,0.209498,0.000945,0,6.09505,47.861742,0.02033,-55.6,107.3,2453692.69025,11.422374,11.422677,-0.183,-9999999,0.419592,-0.832272,0.741351,0.529594,0.679177,0.49,179.9992,2.29304,4.858247,2005-11-18T04:25:50.306,-9999999,K5,072.C-0488(E),Mayor,-9999999,HARPS_ech_obs_all,HARPS_ech_obs_thosimult,STAR_WAVE_K5,3.11231521417956E-05,1.11032260282325E-06,0,0,0
GJ204,82.1065,-3.50213,2453692.6927151,0.06672,0.935534,-55413.559441,0.834174,-9.689024,0.570634,-55412.614909,0.48432,-22.467494,0.577457,-4.078599,4.638963,-16.327859,1.363388,0.609572,0.000799,0.166753,0.000786,0.206853,0.000945,0,6.090619,47.892934,0.0227,-55.6,106.6,2453692.69271,11.415803,11.416083,-0.329,-9999999,0.419593,-0.833062,0.741351,0.524939,0.679177,0.5,179.9988,-4.04745,4.633373,2005-11-18T04:29:21.117,-9999999,K5,072.C-0488(E),Mayor,-9999999,HARPS_ech_obs_all,HARPS_ech_obs_thosimult,STAR_WAVE_K5,3.29652122008294E-05,1.2058395492462E-06,0,0,0
GJ204,82.1065,-3.50213,2453692.6951419,-1.064567,0.946498,-55416.083108,0.843541,-10.821089,0.588436,-55415.143166,0.50028,-23.792145,0.594719,-0.918414,5.408543,-14.575022,1.266644,0.609326,0.000828,0.167779,0.000817,0.209754,0.000987,0,6.097947,47.862519,0.021506,-55.6,103.1,2453692.69513,11.409279,11.409569,-0.301,-9999999,0.419595,-0.83384,0.741351,0.520347,0.679177,0.49,180.0003,-0.892094,5.394271,2005-11-18T04:32:52.589,-9999999,K5,072.C-0488(E),Mayor,-9999999,HARPS_ech_obs_all,HARPS_ech_obs_thosimult,STAR_WAVE_K5,2.90090821107712E-05,9.48329275493272E-07,0,0,0
GJ204,82.1065,-3.50213,2453692.6975809,1.344918,1.017634,-55412.654115,0.90272,-8.412387,0.697121,-55411.718786,0.594662,-21.1484,0.705054,6.567565,6.584538,-15.579401,1.437074,0.607836,0.000974,0.167138,0.000974,0.209865,0.001178,0,6.100059,47.889696,0.021344,-55.6,87.7,2453692.69758,11.402679,11.402975,-0.47,-9999999,0.419596,-0.834623,0.741351,0.515733,0.679177,0.49,179.9995,6.613995,6.58053,2005-11-18T04:36:23.311,-9999999,K5,072.C-0488(E),Mayor,-9999999,HARPS_ech_obs_all,HARPS_ech_obs_thosimult,STAR_WAVE_K5,3.19069801959901E-05,1.30085933370567E-06,0,0,0
GJ204,82.1065,-3.50213,2453692.7000878,-0.980722,1.054713,-55414.411565,0.936261,-10.738832,0.750213,-55413.480978,0.64444,-23.234571,0.758684,-7.688722,7.547032,-16.74695,1.555215,0.607801,0.001046,0.167288,0.001053,0.20971,0.001273,0,6.097834,47.917869,0.017619,-55.6,81.9,2453692.70009,11.395852,11.396123,-0.285,-9999999,0.419597,-0.835427,0.741351,0.51099,0.679177,0.52,180.0008,-7.654576,7.542524,2005-11-18T04:39:54.492,-9999999,K5,072.C-0488(E),Mayor,-9999999,HARPS_ech_obs_all,HARPS_ech_obs_thosimult,STAR_WAVE_K5,3.47117933582663E-05,1.23219637766086E-06,0,0,0
GJ204,82.1065,-3.50213,2453692.7025539,-0.669096,1.000856,-55415.219817,0.887675,-10.427997,0.672393,-55414.293894,0.571564,-23.212962,0.680076,-2.353234,5.855195,-15.441028,1.365523,0.609223,0.000938,0.167677,0.000937,0.207789,0.001125,0,6.095117,47.893387,0.0222,-55.6,91,2453692.70255,11.389093,11.389382,-0.165,-9999999,0.419599,-0.836219,0.741351,0.506324,0.679177,0.53,180.0008,-2.324073,5.84347,2005-11-18T04:43:25.753,-9999999,K5,072.C-0488(E),Mayor,-9999999,HARPS_ech_obs_all,HARPS_ech_obs_thosimult,STAR_WAVE_K5,3.2602749047522E-05,1.292588253444E-06,0,0,0
GJ204,82.1065,-3.50213,2453692.7049593,-0.210283,1.001841,-55414.945592,0.889625,-9.969956,0.673858,-55414.024218,0.574588,-22.738257,0.681387,-8.751215,4.63725,-15.396205,1.340694,0.608528,0.000942,0.17258,0.000941,0.209139,0.001135,0,6.100552,47.874131,0.020571,-55.6,90.5,2453692.70495,11.382461,11.382765,-0.308,-9999999,0.4196,-0.836991,0.741351,0.501774,0.679177,0.51,179.9996,-8.709397,4.631097,2005-11-18T04:46:57.175,-9999999,K5,072.C-0488(E),Mayor,-9999999,HARPS_ech_obs_all,HARPS_ech_obs_thosimult,STAR_WAVE_K5,3.18328185383538E-05,1.4355485142933E-06,0,0,0
GJ204,82.1065,-3.50213,2453692.7073773,0.760156,0.977244,-55411.939974,0.8693,-9.000293,0.636715,-55411.023173,0.542587,-21.754202,0.643791,7.261973,5.412353,-14.785442,1.394601,0.608703,0.000901,0.169444,0.000884,0.209658,0.001077,0,6.097917,47.859995,0.021884,-55.6,95,2453692.70737,11.375758,11.376074,-0.493,-9999999,0.419602,-0.837767,0.741351,0.497199,0.679177,0.5,179.9992,7.302346,5.409665,2005-11-18T04:50:27.886,-9999999,K5,072.C-0488(E),Mayor,-9999999,HARPS_ech_obs_all,HARPS_ech_obs_thosimult,STAR_WAVE_K5,3.47373955642527E-05,1.51988486169852E-06,0,0,0
GJ204,82.1065,-3.50213,2453692.7097809,-1.052026,0.973122,-55414.450043,0.863975,-10.813246,0.63037,-55413.537788,0.534015,-23.751698,0.637417,1.590921,5.319486,-13.8122,1.293601,0.606754,0.00088,0.168981,0.000867,0.210659,0.00106,0,6.100612,47.867627,0.022502,-55.6,96.7,2453692.70977,11.369059,11.369352,-0.25,-9999999,0.419603,-0.838538,0.741351,0.492652,0.679177,0.48,180.0022,1.624656,5.306365,2005-11-18T04:53:59.148,-9999999,K5,072.C-0488(E),Mayor,-9999999,HARPS_ech_obs_all,HARPS_ech_obs_thosimult,STAR_WAVE_K5,3.48065210306403E-05,1.63036049202991E-06,0,0,0
GJ204,82.1065,-3.50213,2453692.7122439,-0.414498,0.932333,-55414.28722,0.832879,-10.176508,0.56537,-55413.379623,0.482085,-22.838506,0.571938,0.344637,5.396359,-15.650267,1.02032,0.608144,0.000801,0.169919,0.000782,0.208951,0.00095,0,6.097327,47.870413,0.018139,-55.6,106.6,2453692.71224,11.362158,11.362433,-0.41,-9999999,0.419605,-0.839328,0.741351,0.487992,0.679177,0.49,180.0018,0.385664,5.392587,2005-11-18T04:57:30.139,-9999999,K5,072.C-0488(E),Mayor,-9999999,HARPS_ech_obs_all,HARPS_ech_obs_thosimult,STAR_WAVE_K5,3.20203681069303E-05,1.19296636119084E-06,0,0,0
GJ204,82.1065,-3.50213,2453693.6712621,-3.007508,1.135389,-55416.002408,1.008891,-11.833073,0.743483,-55416.253218,0.632194,-24.782661,0.751472,4.022187,6.00105,-18.688283,1.538573,0.605381,0.001017,0.167264,0.00103,0.213308,0.001239,0,6.096157,47.911069,0.015673,-55.6,83.5,2453693.67126,11.042842,11.043146,-0.148,-9999999,0.420175,0.097117,0.858103,-0.670985,0.786252,0.51,120.0024,4.066956,5.996054,2005-11-19T03:58:53.266,-9999999,K5,072.C-0488(E),Mayor,-9999999,HARPS_ech_obs_all,HARPS_ech_obs_thosimult,STAR_WAVE_K5,3.17794687738805E-05,1.21457831385855E-06,0,0,0
GJ204,82.1065,-3.50213,2453693.6729849,-2.396902,1.110137,-55413.068828,0.98737,-11.223019,0.704318,-55413.322896,0.59725,-23.968509,0.712078,-3.724429,6.702991,-18.727759,1.532496,0.606953,0.000964,0.16879,0.000976,0.211868,0.001165,0,6.09818,47.904368,0.024635,-55.6,88,2453693.67298,11.038476,11.038761,-0.132,-9999999,0.420176,0.096565,0.858103,-0.674244,0.786252,0.49,120.0003,-3.687464,6.697838,2005-11-19T04:01:24.512,-9999999,K5,072.C-0488(E),Mayor,-9999999,HARPS_ech_obs_all,HARPS_ech_obs_thosimult,STAR_WAVE_K5,3.99755232313688E-05,2.26631162060631E-06,0,0,0
GJ204,82.1065,-3.50213,2453693.6747499,-3.277322,1.110721,-55414.578804,0.988381,-12.104006,0.705238,-55414.836211,0.59892,-24.860854,0.712829,7.764399,6.143447,-15.777166,1.505495,0.60624,0.000965,0.167895,0.000974,0.214098,0.001173,0,6.102346,47.882557,0.021075,-55.6,87.8,2453693.67474,11.033975,11.034285,-0.11,-9999999,0.420177,0.095998,0.858103,-0.677584,0.786252,0.5,120.0019,7.796746,6.14428,2005-11-19T04:03:55.807,-9999999,K5,072.C-0488(E),Mayor,-9999999,HARPS_ech_obs_all,HARPS_ech_obs_thosimult,STAR_WAVE_K5,3.34370325064181E-05,1.33008199029658E-06,0,0,0
GJ204,82.1065,-3.50213,2453693.6765079,-4.201176,1.173933,-55416.596569,1.044084,-13.028424,0.801111,-55416.857301,0.686965,-25.97286,0.810309,11.375527,7.337322,-18.69322,1.733035,0.608087,0.001081,0.169548,0.001112,0.216572,0.001341,0,6.101396,47.916538,0.019061,-55.6,78.4,2453693.6765,11.029465,11.029757,-0.046,-9999999,0.420178,0.095434,0.858103,-0.68091,0.786251,0.51,120.0017,11.418339,7.336087,2005-11-19T04:06:26.493,-9999999,K5,072.C-0488(E),Mayor,-9999999,HARPS_ech_obs_all,HARPS_ech_obs_thosimult,STAR_WAVE_K5,3.704731976985E-05,1.57813825005114E-06,0,0,0
GJ204,82.1065,-3.50213,2453693.67824,-3.098729,1.156663,-55416.162754,1.027696,-11.926533,0.775583,-55416.426762,0.661792,-24.780142,0.784022,-4.104106,7.267719,-17.601263,1.785217,0.608423,0.001051,0.167803,0.001069,0.213132,0.001283,0,6.096122,47.925624,0.018633,-55.6,80.7,2453693.67824,11.024995,11.025286,-0.281,-9999999,0.420179,0.094878,0.858103,-0.684187,0.786251,0.5,120.0018,-4.04527,7.273255,2005-11-19T04:08:57.337,-9999999,K5,072.C-0488(E),Mayor,-9999999,HARPS_ech_obs_all,HARPS_ech_obs_thosimult,STAR_WAVE_K5,3.40972423959809E-05,1.30431928678015E-06,0,0,0
GJ204,82.1065,-3.50213,2453693.6799298,-2.405173,1.17838,-55414.053261,1.050171,-11.233519,0.807613,-55414.320464,0.696181,-23.881343,0.816497,1.705687,7.465918,-16.261911,1.927203,0.608147,0.001086,0.169078,0.001119,0.215472,0.001344,0,6.100029,47.905461,0.021483,-55.6,77.8,2453693.67993,11.020609,11.02091,0.015,-9999999,0.42018,0.094336,0.858103,-0.687383,0.786251,0.46,120.0019,1.754441,7.467247,2005-11-19T04:11:28.133,-9999999,K5,072.C-0488(E),Mayor,-9999999,HARPS_ech_obs_all,HARPS_ech_obs_thosimult,STAR_WAVE_K5,3.38634750054925E-05,1.1586523013274E-06,0,0,0
GJ204,82.1065,-3.50213,2453693.681722,-1.712052,1.1596,-55413.255471,1.033171,-10.540973,0.779957,-55413.526064,0.670262,-23.399078,0.788532,-2.955985,6.513681,-17.063821,1.715627,0.606832,0.001058,0.16938,0.001085,0.212044,0.001293,0,6.101958,47.912223,0.018338,-55.6,80,2453693.68172,11.015932,11.016213,-0.056,-9999999,0.420181,0.093761,0.858103,-0.690774,0.786251,0.49,120.0009,-2.915142,6.511283,2005-11-19T04:13:59.369,-9999999,K5,072.C-0488(E),Mayor,-9999999,HARPS_ech_obs_all,HARPS_ech_obs_thosimult,STAR_WAVE_K5,3.44706187836299E-05,1.36400905354693E-06,0,0,0
GJ204,82.1065,-3.50213,2453693.6834945,-2.436307,1.152449,-55415.196201,1.024602,-11.265797,0.769285,-55415.470147,0.656977,-24.091474,0.777779,4.13674,6.413494,-17.986353,1.828581,0.609334,0.001055,0.169081,0.001072,0.214156,0.001285,0,6.098878,47.901366,0.019534,-55.6,80.9,2453693.68349,11.011279,11.011576,0.358,-9999999,0.420182,0.093192,0.858103,-0.694128,0.786251,0.51,120.0003,4.188662,6.416128,2005-11-19T04:16:30.114,-9999999,K5,072.C-0488(E),Mayor,-9999999,HARPS_ech_obs_all,HARPS_ech_obs_thosimult,STAR_WAVE_K5,3.11955789494176E-05,1.12381678047076E-06,0,0,0
GJ204,82.1065,-3.50213,2453693.6852386,-2.0161,1.130441,-55413.866155,1.006367,-10.846149,0.735905,-55414.143399,0.628159,-23.505847,0.743937,4.754355,6.968233,-20.249434,1.561012,0.607608,0.00102,0.166995,0.001026,0.211751,0.001231,0,6.092916,47.919302,0.01725,-55.6,83.7,2453693.68523,11.006677,11.006979,-0.151,-9999999,0.420183,0.092633,0.858103,-0.697427,0.786251,0.51,120.0007,4.790583,6.967297,2005-11-19T04:19:00.799,-9999999,K5,072.C-0488(E),Mayor,-9999999,HARPS_ech_obs_all,HARPS_ech_obs_thosimult,STAR_WAVE_K5,3.59113075608437E-05,1.18501376567811E-06,0,0,0
GJ204,82.1065,-3.50213,2453693.6869603,-2.366762,1.111717,-55414.507622,0.989344,-11.197364,0.706806,-55414.788123,0.600509,-23.826186,0.714549,17.379551,6.090407,-18.218056,1.450767,0.60769,0.000981,0.167273,0.000983,0.212933,0.001183,0,6.096733,47.90935,0.019267,-55.6,87.1,2453693.68695,11.00211,11.002414,-0.255,-9999999,0.420184,0.09208,0.858103,-0.700685,0.786251,0.49,120.0024,17.421547,6.083174,2005-11-19T04:21:31.945,-9999999,K5,072.C-0488(E),Mayor,-9999999,HARPS_ech_obs_all,HARPS_ech_obs_thosimult,STAR_WAVE_K5,3.20615176799425E-05,1.29996796295631E-06,0,0,0
GJ204,82.1065,-3.50213,2453693.6887039,-2.267769,1.128424,-55415.450405,1.003168,-11.09893,0.732804,-55415.734203,0.623021,-23.794085,0.740758,2.369222,6.328113,-20.622956,1.584918,0.608074,0.001009,0.168543,0.001021,0.211265,0.001218,0,6.094531,47.923584,0.016505,-55.6,84.4,2453693.6887,10.997461,10.997739,-0.368,-9999999,0.420185,0.091521,0.858102,-0.703983,0.786251,0.49,120,2.41098,6.337049,2005-11-19T04:24:02.591,-9999999,K5,072.C-0488(E),Mayor,-9999999,HARPS_ech_obs_all,HARPS_ech_obs_thosimult,STAR_WAVE_K5,3.54249380997105E-05,1.32824070038821E-06,0,0,0
GJ204,82.1065,-3.50213,2453693.6904614,-2.122231,1.133857,-55413.045624,1.006503,-10.953956,0.741143,-55413.332746,0.628377,-23.777107,0.74943,2.402475,6.967408,-15.623044,1.616461,0.606716,0.001015,0.168721,0.001028,0.212217,0.001228,0,6.098909,47.900383,0.016465,-55.6,84,2453693.69046,10.992751,10.993035,-0.322,-9999999,0.420186,0.090957,0.858102,-0.707308,0.786251,0.5,120.0017,2.426767,6.961042,2005-11-19T04:26:33.226,-9999999,K5,072.C-0488(E),Mayor,-9999999,HARPS_ech_obs_all,HARPS_ech_obs_thosimult,STAR_WAVE_K5,3.15773004508532E-05,1.22403891810757E-06,0,0,0
GJ204,82.1065,-3.50213,2453693.6922217,-2.400903,1.143806,-55412.561617,1.015989,-11.233193,0.756275,-55412.852069,0.643462,-24.112708,0.764367,-2.517216,6.957928,-17.907058,1.592582,0.607217,0.001034,0.168942,0.001051,0.212533,0.001257,0,6.102069,47.908838,0.021125,-55.6,82.3,2453693.69222,10.988011,10.988309,-0.116,-9999999,0.420187,0.090392,0.858102,-0.710639,0.786251,0.51,120.0009,-2.47744,6.951207,2005-11-19T04:29:04.111,-9999999,K5,072.C-0488(E),Mayor,-9999999,HARPS_ech_obs_all,HARPS_ech_obs_thosimult,STAR_WAVE_K5,3.03772146007182E-05,1.12983412487394E-06,0,0,0
GJ204,82.1065,-3.50213,2453693.6939486,-2.6004,1.147878,-55414.307429,1.02127,-11.433244,0.76242,-55414.601147,0.651768,-24.367,0.770704,19.033622,5.176542,-21.143412,1.646534,0.607903,0.001051,0.168377,0.001065,0.213431,0.001277,0,6.099078,47.918076,0.018606,-55.6,81.2,2453693.69394,10.983338,10.983627,0.074,-9999999,0.420188,0.089838,0.858102,-0.713906,0.786251,0.5,120.0008,19.068139,5.162741,2005-11-19T04:31:34.517,-9999999,K5,072.C-0488(E),Mayor,-9999999,HARPS_ech_obs_all,HARPS_ech_obs_thosimult,STAR_WAVE_K5,3.13590718129071E-05,1.15142592652409E-06,0,0,0
GJ204,82.1065,-3.50213,2453693.6956901,-0.329114,1.1395,-55412.020713,1.013846,-9.162517,0.749747,-55412.317725,0.640074,-21.96745,0.758001,3.758834,7.131844,-19.775724,1.995806,0.611712,0.001028,0.168385,0.001045,0.215142,0.001256,0,6.096555,47.909202,0.017118,-55.6,82.7,2453693.69568,10.978605,10.978918,-0.258,-9999999,0.420189,0.089279,0.858102,-0.717201,0.78625,0.5,120.001,3.804947,7.133489,2005-11-19T04:34:04.973,-9999999,K5,072.C-0488(E),Mayor,-9999999,HARPS_ech_obs_all,HARPS_ech_obs_thosimult,STAR_WAVE_K5,3.17830140021532E-05,1.29374185227714E-06,0,0,0
GJ204,82.1065,-3.50213,2453693.6974497,-0.733031,1.142438,-55413.159487,1.015124,-9.566999,0.754205,-55413.459827,0.642095,-22.380029,0.762081,-7.189489,6.555251,-18.473707,1.534889,0.612475,0.001033,0.169123,0.00105,0.211359,0.001251,0,6.103386,47.891728,0.01782,-55.6,82.5,2453693.69744,10.9738,10.974099,-0.296,-9999999,0.42019,0.088714,0.858102,-0.72053,0.78625,0.51,120.0021,-7.156719,6.551024,2005-11-19T04:36:35.798,-9999999,K5,072.C-0488(E),Mayor,-9999999,HARPS_ech_obs_all,HARPS_ech_obs_thosimult,STAR_WAVE_K5,3.47590561390852E-05,1.19464189011545E-06,0,0,0
GJ204,82.1065,-3.50213,2453693.6991875,-0.916446,1.150781,-55412.759683,1.023182,-9.750971,0.766784,-55413.063309,0.654761,-22.369463,0.7747,-0.490372,7.078956,-16.82243,1.710233,0.611292,0.001055,0.167043,0.001068,0.213791,0.001285,0,6.098657,47.888014,0.017644,-55.6,80.9,2453693.69919,10.969035,10.969317,-0.419,-9999999,0.420191,0.088157,0.858102,-0.723817,0.78625,0.5,120.0013,-0.456389,7.078274,2005-11-19T04:39:07.133,-9999999,K5,072.C-0488(E),Mayor,-9999999,HARPS_ech_obs_all,HARPS_ech_obs_thosimult,STAR_WAVE_K5,3.32505374768123E-05,1.34465879425943E-06,0,0,0
GJ204,82.1065,-3.50213,2453693.7009162,-3.198437,1.135327,-55416.289132,1.009191,-12.033517,0.743389,-55416.596028,0.632675,-24.718906,0.751458,-2.785939,5.765176,-19.21685,1.901293,0.61142,0.001028,0.168752,0.001041,0.216331,0.001256,0,6.097136,47.92657,0.020909,-55.6,83.1,2453693.70091,10.964274,10.964579,-0.278,-9999999,0.420192,0.087602,0.858102,-0.727088,0.78625,0.49,120.0021,-2.752733,5.756188,2005-11-19T04:41:37.689,-9999999,K5,072.C-0488(E),Mayor,-9999999,HARPS_ech_obs_all,HARPS_ech_obs_thosimult,STAR_WAVE_K5,3.13505419742007E-05,1.16017335112062E-06,0,0,0
GJ204,82.1065,-3.50213,2453693.7027271,-2.439041,1.128372,-55414.568345,1.003171,-11.274702,0.732724,-55414.878666,0.623027,-24.006676,0.739976,4.883058,7.242407,-17.897931,1.499084,0.612282,0.001015,0.16684,0.00102,0.212961,0.001227,0,6.097145,47.889447,0.018464,-55.6,84.2,2453693.70272,10.959266,10.95957,-0.246,-9999999,0.420193,0.087021,0.858102,-0.730514,0.78625,0.52,120.0021,4.915492,7.238455,2005-11-19T04:44:10.544,-9999999,K5,072.C-0488(E),Mayor,-9999999,HARPS_ech_obs_all,HARPS_ech_obs_thosimult,STAR_WAVE_K5,3.32412112729205E-05,1.25269630265623E-06,0,0,0
GJ204,82.1065,-3.50213,2453693.704462,-2.530527,1.101018,-55414.621263,0.978079,-11.366745,0.689856,-55414.934865,0.581764,-24.186593,0.697422,-11.661433,5.447279,-19.013357,1.476113,0.61325,0.000952,0.16856,0.000956,0.214071,0.00115,0,6.093639,47.906539,0.015778,-55.6,89.5,2453693.70445,10.954448,10.95476,-0.181,-9999999,0.420194,0.086464,0.858102,-0.733796,0.78625,0.51,120.0008,-11.632495,5.452685,2005-11-19T04:46:41.640,-9999999,K5,072.C-0488(E),Mayor,-9999999,HARPS_ech_obs_all,HARPS_ech_obs_thosimult,STAR_WAVE_K5,3.37698079300824E-05,1.21404737265555E-06,0,0,0
GJ204,82.1065,-3.50213,2453693.7061855,-1.405394,1.0939,-55413.162097,0.973755,-10.242165,0.678438,-55413.478959,0.574464,-23.024269,0.686195,-2.632564,6.183154,-19.212924,1.692524,0.612712,0.000945,0.168197,0.000944,0.213237,0.001134,0,6.097687,47.894014,0.020466,-55.6,90.5,2453693.70618,10.949644,10.949936,-0.35,-9999999,0.420195,0.085911,0.858102,-0.737057,0.786251,0.49,120.0006,-2.592181,6.170087,2005-11-19T04:49:12.945,-9999999,K5,072.C-0488(E),Mayor,-9999999,HARPS_ech_obs_all,HARPS_ech_obs_thosimult,STAR_WAVE_K5,3.09933548455375E-05,1.10353128281853E-06,0,0,0
GJ204,82.1065,-3.50213,2453693.7079427,-2.254849,1.102271,-55414.965393,0.98083,-11.092184,0.691853,-55415.285579,0.586377,-23.744539,0.699289,6.148606,5.793104,-19.280482,1.320762,0.611336,0.00096,0.166545,0.000958,0.215339,0.001162,0,6.097007,47.906637,0.020505,-55.6,88.8,2453693.70794,10.944727,10.945025,-0.132,-9999999,0.420196,0.085347,0.858102,-0.740382,0.786251,0.5,120.0021,6.196153,5.787363,2005-11-19T04:51:43.561,-9999999,K5,072.C-0488(E),Mayor,-9999999,HARPS_ech_obs_all,HARPS_ech_obs_thosimult,STAR_WAVE_K5,3.07811899225554E-05,9.6722619122671E-07,0,0,0
GJ204,82.1065,-3.50213,2453693.7096943,-0.973769,1.106082,-55413.199916,0.984448,-9.811666,0.697909,-55413.523413,0.592408,-22.544462,0.705138,-0.219554,6.702007,-18.447048,1.581083,0.610416,0.000974,0.166995,0.000973,0.214205,0.001174,0,6.093943,47.902755,0.018206,-55.6,87.7,2453693.70968,10.939808,10.9401,-0.225,-9999999,0.420198,0.084785,0.858102,-0.743695,0.786251,0.5,120.0004,-0.184216,6.699769,2005-11-19T04:54:14.896,-9999999,K5,072.C-0488(E),Mayor,-9999999,HARPS_ech_obs_all,HARPS_ech_obs_thosimult,STAR_WAVE_K5,3.18519308236026E-05,1.06842672422892E-06,0,0,0
GJ204,82.1065,-3.50213,2453693.7114246,-2.717823,1.104343,-55415.770986,0.98163,-11.556275,0.69515,-55416.097756,0.587713,-24.263095,0.702988,7.106544,5.49195,-21.158777,1.395312,0.611716,0.000972,0.168131,0.000972,0.212826,0.001166,0,6.094265,47.921349,0.023141,-55.6,88.1,2453693.71142,10.934932,10.935218,-0.482,-9999999,0.420199,0.08423,0.858102,-0.746969,0.786251,0.49,120.0015,7.145877,5.489652,2005-11-19T04:56:45.582,-9999999,K5,072.C-0488(E),Mayor,-9999999,HARPS_ech_obs_all,HARPS_ech_obs_thosimult,STAR_WAVE_K5,3.53574709521963E-05,1.51164718447326E-06,0,0,0
GJ204,82.1065,-3.50213,2453693.7131769,-3.573338,1.112689,-55415.265323,0.991138,-12.412353,0.708334,-55415.595407,0.60346,-25.200147,0.716136,1.039192,6.834747,-19.921562,1.494739,0.611642,0.000999,0.168157,0.000999,0.21082,0.001193,0,6.092291,47.921697,0.022589,-55.6,86,2453693.71317,10.929976,10.930287,-0.322,-9999999,0.4202,0.083668,0.858103,-0.750284,0.786251,0.49,119.9989,1.062116,6.832043,2005-11-19T04:59:16.977,-9999999,K5,072.C-0488(E),Mayor,-9999999,HARPS_ech_obs_all,HARPS_ech_obs_thosimult,STAR_WAVE_K5,3.25187540885219E-05,1.35293316140149E-06,0,0,0
GJ204,82.1065,-3.50213,2453694.6726452,-3.40079,0.894251,-55414.473707,0.990883,-11.628186,0.423224,-55414.310189,0.36046,-24.390111,0.427811,0.905855,3.391757,-13.337399,0.802921,0.610286,0.000588,0.166741,0.000569,0.208942,0.00069,0,6.098166,47.839165,0.017884,-55.6,144.3,2453694.67263,10.606925,10.607239,0.316,-9999999,0.42077,0.695286,0.787761,-0.257252,0.922994,0.51,299.9997,0.929318,3.362225,2005-11-20T03:59:17.915,-9999999,K5,072.C-0488(E),Mayor,-9999999,HARPS_ech_obs_all,HARPS_ech_obs_thosimult,STAR_WAVE_K5,3.13306624945853E-05,1.27538471257307E-06,0,0,0
GJ204,82.1065,-3.50213,2453694.6764758,-1.75659,0.89102,-55413.070418,0.988442,-9.985215,0.416354,-55412.914145,0.353696,-22.758109,0.420874,4.73109,3.384315,-13.419301,0.784349,0.610311,0.000577,0.164866,0.000555,0.210226,0.000679,0,6.095932,47.834267,0.017275,-55.6,146.9,2453694.67647,10.597029,10.597339,0.111,-9999999,0.420772,0.694057,0.787761,-0.264499,0.922993,0.51,300.0004,4.760664,3.364449,2005-11-20T04:04:48.867,-9999999,K5,072.C-0488(E),Mayor,-9999999,HARPS_ech_obs_all,HARPS_ech_obs_thosimult,STAR_WAVE_K5,3.16899232089914E-05,1.04765537308321E-06,0,0,0
GJ204,82.1065,-3.50213,2453694.6802839,-2.569097,0.886408,-55413.96592,0.985596,-10.798944,0.406389,-55413.81685,0.345664,-23.455344,0.410633,1.008745,3.870754,-13.012085,0.763197,0.607894,0.000565,0.167128,0.000546,0.209132,0.000662,0,6.0933,47.851942,0.018562,-55.6,150.2,2453694.68027,10.587068,10.587376,0.119,-9999999,0.420774,0.692835,0.78776,-0.271704,0.922993,0.5,300.0012,1.043854,3.843313,2005-11-20T04:10:20.872,-9999999,K5,072.C-0488(E),Mayor,-9999999,HARPS_ech_obs_all,HARPS_ech_obs_thosimult,STAR_WAVE_K5,3.20971721100784E-05,1.26489435514439E-06,0,0,0
GJ204,82.1065,-3.50213,2453694.6841548,-1.708554,0.888926,-55413.410671,0.987257,-9.939643,0.411854,-55413.268921,0.350373,-22.638713,0.415871,5.310105,3.460772,-13.670825,0.829096,0.609958,0.000575,0.169242,0.000551,0.208741,0.000672,0,6.095426,47.856745,0.019471,-55.6,147.9,2453694.68415,10.576822,10.57711,0.319,-9999999,0.420777,0.691593,0.78776,-0.279027,0.922993,0.51,300.0008,5.348437,3.449008,2005-11-20T04:15:52.305,-9999999,K5,072.C-0488(E),Mayor,-9999999,HARPS_ech_obs_all,HARPS_ech_obs_thosimult,STAR_WAVE_K5,3.1635839554269E-05,1.0212966179883E-06,0,0,0
GJ204,82.1065,-3.50213,2453694.6879204,-2.795685,0.887859,-55414.58503,0.98661,-11.027983,0.409546,-55414.450403,0.348546,-23.789571,0.41377,4.888729,3.283149,-13.143294,0.63298,0.60957,0.000571,0.169066,0.000547,0.207978,0.000666,0,6.095862,47.825339,0.017534,-55.6,148.8,2453694.68791,10.566741,10.567037,0.219,-9999999,0.420779,0.690384,0.78776,-0.286152,0.922993,0.49,300.0025,4.915918,3.253613,2005-11-20T04:21:23.640,-9999999,K5,072.C-0488(E),Mayor,-9999999,HARPS_ech_obs_all,HARPS_ech_obs_thosimult,STAR_WAVE_K5,3.14523636102482E-05,1.12452509106629E-06,0,0,0
GJ204,82.1065,-3.50213,2453694.6917833,-1.859879,0.886741,-55414.035453,0.985858,-10.093416,0.407116,-55413.908132,0.34641,-22.821126,0.411173,3.347901,3.602447,-12.910047,0.728085,0.60946,0.000569,0.167934,0.000543,0.208591,0.000664,0,6.10037,47.834479,0.020845,-55.6,149.6,2453694.69178,10.556291,10.556576,0.168,-9999999,0.420781,0.689145,0.78776,-0.29346,0.922993,0.5,299.9995,3.385213,3.587479,2005-11-20T04:26:54.383,-9999999,K5,072.C-0488(E),Mayor,-9999999,HARPS_ech_obs_all,HARPS_ech_obs_thosimult,STAR_WAVE_K5,3.18531646314802E-05,1.03489664820568E-06,0,0,0
GJ204,82.1065,-3.50213,2453694.6955912,-2.246006,0.899742,-55414.560588,0.994361,-10.480765,0.434708,-55414.440469,0.369916,-23.241535,0.438854,-4.728611,3.514987,-14.373192,0.84936,0.610132,0.000607,0.16847,0.000581,0.208875,0.00071,0,6.097245,47.853392,0.019378,-55.6,140.3,2453694.69559,10.545885,10.546167,0.23,-9999999,0.420783,0.687923,0.78776,-0.300664,0.922993,0.49,300.0013,-4.702956,3.496679,2005-11-20T04:32:26.378,-9999999,K5,072.C-0488(E),Mayor,-9999999,HARPS_ech_obs_all,HARPS_ech_obs_thosimult,STAR_WAVE_K5,3.14677481862017E-05,1.07374076817376E-06,0,0,0
GJ204,82.1065,-3.50213,2453694.6994604,-2.501872,0.897746,-55413.796611,0.992692,-10.737873,0.430561,-55413.683809,0.365407,-23.434832,0.434654,2.372755,4.062274,-12.473051,0.765128,0.610666,0.000601,0.169164,0.000576,0.208692,0.000701,0,6.098962,47.837364,0.017163,-55.6,141.9,2453694.69945,10.535211,10.535499,0.135,-9999999,0.420786,0.686681,0.78776,-0.307984,0.922992,0.5,299.9985,2.396776,4.050804,2005-11-20T04:37:57.661,-9999999,K5,072.C-0488(E),Mayor,-9999999,HARPS_ech_obs_all,HARPS_ech_obs_thosimult,STAR_WAVE_K5,-9999999,-9999999,-9999999,-9999999,-9999999
GJ204,82.1065,-3.50213,2453694.7033318,-2.085866,0.892919,-55413.441976,0.990285,-10.323109,0.420403,-55413.336497,0.358816,-23.0786,0.424592,4.985493,4.066846,-13.148546,0.873806,0.609487,0.00059,0.169432,0.000566,0.208567,0.000689,0,6.098569,47.843984,0.019258,-55.6,144.4,2453694.70333,10.524434,10.524704,0.01,-9999999,0.420788,0.685439,0.78776,-0.315309,0.922992,0.51,300.0018,5.016924,4.043719,2005-11-20T04:43:29.145,-9999999,K5,072.C-0488(E),Mayor,-9999999,HARPS_ech_obs_all,HARPS_ech_obs_thosimult,STAR_WAVE_K5,3.16036510446743E-05,1.27231873578079E-06,0,0,0
GJ204,82.1065,-3.50213,2453694.7070979,-2.585485,0.887582,-55414.197251,0.986216,-10.823936,0.408946,-55414.098895,0.34743,-23.736117,0.413093,2.15295,3.778935,-12.104429,0.607856,0.609469,0.000573,0.168679,0.000546,0.208972,0.000667,0,6.096831,47.826834,0.020072,-55.6,148.9,2453694.70709,10.513864,10.51417,0.24,-9999999,0.42079,0.684231,0.78776,-0.322434,0.922993,0.49,300.0011,2.183689,3.761545,2005-11-20T04:49:00.519,-9999999,K5,072.C-0488(E),Mayor,-9999999,HARPS_ech_obs_all,HARPS_ech_obs_thosimult,STAR_WAVE_K5,3.19359870084601E-05,1.16154801614094E-06,0,0,0
GJ204,82.1065,-3.50213,2453695.6327705,-2.373101,0.930719,-55413.600321,1.045028,-10.167427,0.442219,-55412.940775,0.375654,-22.933908,0.446438,1.456497,4.728184,-14.135226,0.918079,0.608159,0.000603,0.166384,0.000589,0.212868,0.000713,0,6.09894,47.851129,0.019348,-55.6,139.1,2453695.63276,10.266487,10.266804,0.262,-9999999,0.421341,1.128356,0.818951,0.238205,0.975176,0.51,299.9985,1.482393,4.715997,2005-11-21T03:01:49.920,-9999999,K5,072.C-0488(E),Mayor,-9999999,HARPS_ech_obs_all,HARPS_ech_obs_thosimult,STAR_WAVE_K5,3.1035706757902E-05,1.0536172279837E-06,0,0,0
GJ204,82.1065,-3.50213,2453695.6366074,-1.997336,0.929453,-55412.981109,1.044088,-9.792893,0.43955,-55412.32882,0.373034,-22.418173,0.444133,7.476151,3.962044,-13.023956,0.766696,0.608101,0.000602,0.1649,0.000584,0.213043,0.00071,0,6.098437,47.835669,0.020527,-55.6,139.9,2453695.6366,10.258009,10.258311,-0.025,-9999999,0.421343,1.127125,0.81895,0.230946,0.975175,0.51,300.0013,7.497401,3.939753,2005-11-21T03:07:21.414,-9999999,K5,072.C-0488(E),Mayor,-9999999,HARPS_ech_obs_all,HARPS_ech_obs_thosimult,STAR_WAVE_K5,3.23374631289794E-05,1.26340352039029E-06,0,0,0
GJ204,82.1065,-3.50213,2453695.6399959,1.451701,0.96912,-55409.388265,1.069495,-6.344944,0.518184,-55408.742385,0.439153,-19.043953,0.523316,-2.435163,5.310849,-11.876622,1.137663,0.607414,0.000704,0.164823,0.00069,0.213037,0.000837,0,6.102483,47.819801,0.021888,-55.6,119.4,2453695.63999,10.250381,10.250673,0.056,-9999999,0.421345,1.126037,0.81895,0.224535,0.975174,0.38,299.9989,-2.432724,5.296105,2005-11-21T03:12:53.178,-9999999,K5,072.C-0488(E),Mayor,-9999999,HARPS_ech_obs_all,HARPS_ech_obs_thosimult,STAR_WAVE_K5,3.07852833107071E-05,8.91455504269739E-07,0,0,0
GJ204,82.1065,-3.50213,2453695.6452003,-0.822382,1.066706,-55412.66283,1.133617,-8.620697,0.683509,-55412.026793,0.578035,-21.207595,0.690042,6.613835,6.223476,-15.278729,1.858043,0.608466,0.00094,0.166725,0.000939,0.212122,0.001129,0,6.100375,47.889308,0.020449,-55.6,90.5,2453695.64519,10.238418,10.238732,-0.094,-9999999,0.421348,1.124367,0.818949,0.214689,0.975173,0.77,299.9983,6.641392,6.213867,2005-11-21T03:18:25.822,-9999999,K5,072.C-0488(E),Mayor,-9999999,HARPS_ech_obs_all,HARPS_ech_obs_thosimult,STAR_WAVE_K5,3.65861539642341E-05,1.47695486524181E-06,0,0,0
GJ204,82.1065,-3.50213,2453695.6481388,-1.444811,0.910979,-55413.10463,1.032226,-9.244069,0.399007,-55412.47415,0.33842,-21.957438,0.402956,4.421138,3.410548,-13.43476,0.59254,0.609046,0.000552,0.165083,0.000531,0.212942,0.000645,0,6.094741,47.841679,0.019359,-55.6,153.2,2453695.64813,10.231533,10.231837,0.009,-9999999,0.42135,1.123424,0.818948,0.20913,0.975173,0.51,300.0004,4.448192,3.393586,2005-11-21T03:23:57.696,-9999999,K5,072.C-0488(E),Mayor,-9999999,HARPS_ech_obs_all,HARPS_ech_obs_thosimult,STAR_WAVE_K5,3.18448692580872E-05,1.01579221248084E-06,0,0,0
GJ204,82.1065,-3.50213,2453695.651974,-2.370975,0.905367,-55413.531356,1.02864,-10.171463,0.386024,-55412.90813,0.32732,-22.89287,0.389895,10.455767,3.810489,-13.158516,0.83807,0.608159,0.000534,0.164728,0.000513,0.212585,0.000623,0,6.094095,47.83399,0.018583,-55.6,158.2,2453695.65197,10.22241,10.222694,-0.071,-9999999,0.421352,1.122194,0.818948,0.201874,0.975172,0.51,300.0024,10.494428,3.800135,2005-11-21T03:29:29.050,-9999999,K5,072.C-0488(E),Mayor,-9999999,HARPS_ech_obs_all,HARPS_ech_obs_thosimult,STAR_WAVE_K5,3.18482543789897E-05,9.63866117737018E-07,0,0,0
GJ204,82.1065,-3.50213,2453695.6557852,-2.393899,0.902952,-55414.071576,1.026986,-10.19561,0.380325,-55413.455559,0.322088,-22.941721,0.38413,5.700641,3.716465,-12.479256,0.661942,0.608428,0.000526,0.166024,0.000506,0.213856,0.000614,0,6.095385,47.824668,0.018089,-55.6,161,2453695.65578,10.213195,10.213484,0.154,-9999999,0.421354,1.120971,0.818947,0.194663,0.975172,0.5,300.0015,5.724996,3.70241,2005-11-21T03:35:01.324,-9999999,K5,072.C-0488(E),Mayor,-9999999,HARPS_ech_obs_all,HARPS_ech_obs_thosimult,STAR_WAVE_K5,3.1014859532754E-05,9.19509119418674E-07,0,0,0
GJ204,82.1065,-3.50213,2453695.6596149,-3.130806,0.900571,-55414.63843,1.025704,-10.933746,0.374639,-55414.029656,0.317976,-23.671109,0.378189,12.21419,3.749331,-12.583313,0.707594,0.607586,0.000521,0.165838,0.000501,0.212503,0.000606,0,6.095931,47.843916,0.0205,-55.6,162.6,2453695.65961,10.203789,10.204072,-0.028,-9999999,0.421356,1.119742,0.818947,0.187418,0.975171,0.5,300.0025,12.237235,3.729642,2005-11-21T03:40:32.197,-9999999,K5,072.C-0488(E),Mayor,-9999999,HARPS_ech_obs_all,HARPS_ech_obs_thosimult,STAR_WAVE_K5,3.15974440364771E-05,1.14625288689169E-06,0,0,0
GJ204,82.1065,-3.50213,2453695.6634453,-2.608278,0.89703,-55414.011082,1.023372,-10.412447,0.366046,-55413.409552,0.310372,-23.152465,0.369464,9.954504,3.049761,-11.486914,0.613865,0.608303,0.00051,0.165983,0.000489,0.212054,0.000591,0,6.100847,47.813438,0.019791,-55.6,166.3,2453695.66344,10.194239,10.194517,0.089,-9999999,0.421359,1.118513,0.818947,0.180171,0.975171,0.5,300.0008,9.984969,3.035686,2005-11-21T03:46:03.131,-9999999,K5,072.C-0488(E),Mayor,-9999999,HARPS_ech_obs_all,HARPS_ech_obs_thosimult,STAR_WAVE_K5,3.21013147028586E-05,1.04423033259231E-06,0,0,0
GJ204,82.1065,-3.50213,2453695.6673663,-1.997078,0.904954,-55414.014777,1.028086,-9.802506,0.385058,-55413.420663,0.32558,-22.504982,0.388998,4.783783,4.218732,-13.664664,0.772048,0.608589,0.000533,0.165758,0.000512,0.21131,0.000618,0,6.095617,47.845553,0.020446,-55.6,159,2453695.66736,10.184321,10.18462,0.033,-9999999,0.421361,1.117254,0.818946,0.172753,0.975171,0.48,300.0021,4.811568,4.218735,2005-11-21T03:51:47.897,-9999999,K5,072.C-0488(E),Mayor,-9999999,HARPS_ech_obs_all,HARPS_ech_obs_thosimult,STAR_WAVE_K5,3.2005818275034E-05,1.1480115743099E-06,0,0,0
GJ204,82.1065,-3.50213,2453696.6442924,-1.606894,0.956787,-55413.151098,1.050319,-9.684806,0.424648,-55412.467712,0.359963,-22.418482,0.428502,9.939525,3.537757,-11.94686,0.722678,0.61243,0.000584,0.166191,0.000568,0.208306,0.000688,0,6.098786,47.82161,0.021295,-55.6,144.5,2453696.64429,9.801502,9.801798,0.03,-9999999,0.421942,0.84477,0.857388,0.261444,0.98671,0.49,300.0016,9.941413,3.513045,2005-11-22T03:18:28.572,-9999999,K5,072.C-0488(E),Mayor,-9999999,HARPS_ech_obs_all,HARPS_ech_obs_thosimult,STAR_WAVE_K5,3.14010920893767E-05,1.11516503724743E-06,0,0,0
GJ204,82.1065,-3.50213,2453696.6481904,-2.09812,0.961584,-55414.836057,1.053225,-10.177283,0.435351,-55414.160044,0.368356,-22.910676,0.439044,3.935874,3.912906,-12.32758,0.868454,0.612402,0.000594,0.166202,0.000581,0.208685,0.000705,0,6.099392,47.82223,0.018385,-55.6,141.5,2453696.64819,9.792261,9.792549,0.015,-9999999,0.421944,0.843519,0.857388,0.254069,0.98671,0.51,300.0011,3.95061,3.887902,2005-11-22T03:23:59.346,-9999999,K5,072.C-0488(E),Mayor,-9999999,HARPS_ech_obs_all,HARPS_ech_obs_thosimult,STAR_WAVE_K5,3.38663354150813E-05,1.18491732962321E-06,0,0,0
GJ204,82.1065,-3.50213,2453696.652029,-3.467092,0.952774,-55416.230629,1.047525,-11.547487,0.415531,-55415.561876,0.351729,-24.209176,0.418808,8.791054,3.991233,-10.822807,0.730957,0.613645,0.000574,0.167699,0.000559,0.209972,0.000677,0,6.101069,47.818286,0.019431,-55.6,147.4,2453696.65202,9.783007,9.783311,0.203,-9999999,0.421946,0.842287,0.857387,0.246807,0.986709,0.51,300.0008,8.794929,3.954298,2005-11-22T03:29:30.990,-9999999,K5,072.C-0488(E),Mayor,-9999999,HARPS_ech_obs_all,HARPS_ech_obs_thosimult,STAR_WAVE_K5,3.24204272384286E-05,9.1616158762991E-07,0,0,0
GJ204,82.1065,-3.50213,2453696.6558273,-2.6695,0.947915,-55414.379262,1.044586,-10.751114,0.404266,-55413.717692,0.342878,-23.476704,0.407791,0.814515,3.870536,-12.206092,0.683749,0.613792,0.00056,0.166912,0.000543,0.209321,0.000659,0,6.097844,47.824154,0.018591,-55.6,151.2,2453696.65583,9.773705,9.774006,0.02,-9999999,0.421949,0.841068,0.857387,0.239621,0.986709,0.5,300.0014,0.828618,3.832927,2005-11-22T03:35:02.154,-9999999,K5,072.C-0488(E),Mayor,-9999999,HARPS_ech_obs_all,HARPS_ech_obs_thosimult,STAR_WAVE_K5,3.1449072880931E-05,1.04436652628682E-06,0,0,0
GJ204,82.1065,-3.50213,2453696.6596258,-2.371113,0.945379,-55414.474749,1.042294,-10.453946,0.398284,-55413.820364,0.335833,-23.040236,0.401818,3.621762,3.751709,-12.312988,0.714666,0.613701,0.00055,0.168741,0.000528,0.20928,0.000645,0,6.098115,47.82687,0.016935,-55.6,154.2,2453696.65962,9.764262,9.764565,-0.127,-9999999,0.421951,0.839849,0.857386,0.232434,0.986708,0.49,300.0027,3.622743,3.724928,2005-11-22T03:40:33.328,-9999999,K5,072.C-0488(E),Mayor,-9999999,HARPS_ech_obs_all,HARPS_ech_obs_thosimult,STAR_WAVE_K5,3.15093550108594E-05,9.09361197743274E-07,0,0,0
GJ204,82.1065,-3.50213,2453696.6635473,-2.139729,0.947021,-55414.127777,1.043546,-10.22382,0.402167,-55413.480809,0.339699,-22.886271,0.405294,1.159068,3.578466,-12.708126,0.816677,0.61352,0.000559,0.170151,0.000538,0.209486,0.000655,0,6.096082,47.843613,0.019034,-55.6,152.1,2453696.66355,9.754369,9.754665,0.236,-9999999,0.421953,0.838591,0.857386,0.225015,0.986708,0.51,300.0008,1.158259,3.542673,2005-11-22T03:46:06.142,-9999999,K5,072.C-0488(E),Mayor,-9999999,HARPS_ech_obs_all,HARPS_ech_obs_thosimult,STAR_WAVE_K5,3.05923828228212E-05,1.12414132850046E-06,0,0,0
GJ204,82.1065,-3.50213,2453696.6674211,-2.000207,0.938572,-55413.687628,1.038378,-10.085541,0.381847,-55413.047987,0.323478,-22.901501,0.384843,4.993206,2.850576,-10.542887,0.777045,0.613143,0.000537,0.168903,0.000513,0.208229,0.000624,0,6.099477,47.806817,0.019413,-55.6,158.7,2453696.66741,9.744459,9.744773,-0.05,-9999999,0.421955,0.837348,0.857386,0.217686,0.986707,0.52,300.0015,5.002848,2.813654,2005-11-22T03:51:37.825,-9999999,K5,072.C-0488(E),Mayor,-9999999,HARPS_ech_obs_all,HARPS_ech_obs_thosimult,STAR_WAVE_K5,3.23269793405584E-05,1.02367898805929E-06,0,0,0
GJ204,82.1065,-3.50213,2453696.6711703,-2.151691,0.936783,-55414.091264,1.037162,-10.238228,0.37743,-55413.458713,0.319553,-23.021957,0.380793,6.272411,3.544252,-12.334527,0.722551,0.613481,0.000528,0.169995,0.000506,0.208269,0.000614,0,6.099513,47.82194,0.020637,-55.6,161.2,2453696.67116,9.734742,9.735051,0.005,-9999999,0.421958,0.836145,0.857385,0.210593,0.986707,0.49,300.0018,6.266217,3.494331,2005-11-22T03:57:10.750,-9999999,K5,072.C-0488(E),Mayor,-9999999,HARPS_ech_obs_all,HARPS_ech_obs_thosimult,STAR_WAVE_K5,3.2097671517176E-05,9.14044357816534E-07,0,0,0
GJ204,82.1065,-3.50213,2453696.6750496,-1.209163,0.938378,-55413.256832,1.038372,-9.296945,0.381372,-55412.631618,0.32346,-21.940904,0.384912,1.96883,3.885099,-12.706136,0.67311,0.6087,0.000536,0.170517,0.000514,0.209527,0.000625,0,6.096554,47.820128,0.020889,-55.6,159.1,2453696.67504,9.724563,9.724875,-0.138,-9999999,0.42196,0.8349,0.857385,0.203254,0.986707,0.5,299.9999,1.965919,3.855976,2005-11-22T04:02:42.903,-9999999,K5,072.C-0488(E),Mayor,-9999999,HARPS_ech_obs_all,HARPS_ech_obs_thosimult,STAR_WAVE_K5,3.09754454581682E-05,1.04109998512359E-06,0,0,0
GJ204,82.1065,-3.50213,2453696.6788882,-1.849581,0.937942,-55414.102189,1.037819,-9.938595,0.380297,-55413.484236,0.321679,-22.647239,0.383542,8.857157,3.317033,-12.655715,0.652547,0.609254,0.000535,0.170114,0.000511,0.208589,0.000621,0,6.098125,47.823413,0.018788,-55.6,159.7,2453696.67888,9.71437,9.714668,0.193,-9999999,0.421962,0.833668,0.857385,0.195991,0.986707,0.5,300.0004,8.861351,3.283483,2005-11-22T04:08:14.548,-9999999,K5,072.C-0488(E),Mayor,-9999999,HARPS_ech_obs_all,HARPS_ech_obs_thosimult,STAR_WAVE_K5,3.15503146022488E-05,1.04035809024396E-06,0,0,0
GJ204,82.1065,-3.50213,2453697.68352,2.018089,1.011755,-55410.418919,1.085457,-6.618493,0.536012,-55409.839215,0.452358,-19.295203,0.539893,2.850762,4.793045,-11.38632,1.174889,0.609015,0.000743,0.16595,0.000724,0.211973,0.000874,0,6.105502,47.813138,0.018345,-55.6,114.7,2453697.68352,9.258187,9.258463,-0.091,-9999999,0.422559,0.2861,0.858103,0.157145,0.986706,0.47,299.9984,2.85488,4.780368,2005-11-23T04:15:01.047,-9999999,K5,072.C-0488(E),Mayor,-9999999,HARPS_ech_obs_all,HARPS_ech_obs_thosimult,STAR_WAVE_K5,3.17088108908874E-05,1.09056147670934E-06,0,0,0
GJ204,82.1065,-3.50213,2453697.6873873,1.560868,1.001316,-55411.272269,1.079194,-7.076955,0.516037,-55410.699879,0.437116,-19.929573,0.519928,12.941311,4.497931,-11.267786,1.135466,0.607373,0.000717,0.166031,0.000699,0.214425,0.000848,0,6.101963,47.8225,0.018627,-55.6,118.6,2453697.68739,9.247581,9.247885,0.023,-9999999,0.422562,0.284859,0.858102,0.149828,0.986706,0.48,300.0009,12.938089,4.483814,2005-11-23T04:20:32.171,-9999999,K5,072.C-0488(E),Mayor,-9999999,HARPS_ech_obs_all,HARPS_ech_obs_thosimult,STAR_WAVE_K5,3.26634373049045E-05,1.0140326143957E-06,0,0,0
GJ204,82.1065,-3.50213,2453697.6912248,2.989428,1.015266,-55409.145066,1.088033,-5.649627,0.542609,-55408.579934,0.458504,-18.489397,0.546488,5.077954,4.714587,-11.224075,1.167462,0.60779,0.000752,0.166577,0.000735,0.212793,0.000887,0,6.102317,47.832871,0.021206,-55.6,113.2,2453697.69122,9.236956,9.237276,0.004,-9999999,0.422564,0.283627,0.858102,0.142568,0.986706,0.48,299.9998,5.085525,4.694303,2005-11-23T04:26:03.725,-9999999,K5,072.C-0488(E),Mayor,-9999999,HARPS_ech_obs_all,HARPS_ech_obs_thosimult,STAR_WAVE_K5,3.13672241366924E-05,1.0867439713701E-06,0,0,0
GJ204,82.1065,-3.50213,2453697.695023,3.060397,1.039431,-55410.245665,1.104209,-5.579876,0.586581,-55409.687717,0.49567,-18.190183,0.591002,14.256253,5.30322,-12.987592,1.362466,0.607913,0.000812,0.168448,0.000804,0.211566,0.000961,0,6.102768,47.83121,0.018985,-55.6,104.7,2453697.69501,9.226347,9.226669,-0.212,-9999999,0.422566,0.282409,0.858102,0.135382,0.986706,0.47,299.9983,14.256625,5.292921,2005-11-23T04:31:34.878,-9999999,K5,072.C-0488(E),Mayor,-9999999,HARPS_ech_obs_all,HARPS_ech_obs_thosimult,STAR_WAVE_K5,3.10313381851513E-05,1.08192957884141E-06,0,0,0
GJ204,82.1065,-3.50213,2453697.6989036,3.072618,1.10255,-55409.658017,1.147125,-5.568901,0.692298,-55409.107408,0.58507,-18.334073,0.697172,-5.601238,5.725233,-13.385911,1.545521,0.610582,0.000955,0.167954,0.000955,0.209066,0.00115,0,6.10612,47.839501,0.018579,-55.6,89.5,2453697.6989,9.215417,9.215713,-0.158,-9999999,0.422569,0.281163,0.858102,0.12804,0.986706,0.48,300.0012,-5.602482,5.715034,2005-11-23T04:37:07.153,-9999999,K5,072.C-0488(E),Mayor,-9999999,HARPS_ech_obs_all,HARPS_ech_obs_thosimult,STAR_WAVE_K5,3.06730283909294E-05,1.18261444218693E-06,0,0,0
GJ204,82.1065,-3.50213,2453697.7030344,1.658226,1.261464,-55410.218202,1.285809,-6.984618,0.924636,-55409.675406,0.824449,-19.640008,0.931476,-1.996346,8.032517,-17.878094,2.082787,0.611121,0.001251,0.168194,0.001294,0.212205,0.001567,0,6.101605,47.886885,0.015932,-55.6,68.4,2453697.70303,9.203688,9.20398,0.024,-9999999,0.422571,0.279838,0.858102,0.120225,0.986706,0.56,300.0013,-1.999162,8.022896,2005-11-23T04:42:40.037,-9999999,K5,072.C-0488(E),Mayor,-9999999,HARPS_ech_obs_all,HARPS_ech_obs_thosimult,STAR_WAVE_K5,3.9627394058482E-05,2.40434663058147E-06,0,0,0
GJ204,82.1065,-3.50213,2453697.7065732,3.432582,1.11662,-55409.422639,1.157293,-5.211398,0.714493,-55408.886536,0.604763,-17.846056,0.719718,7.180388,6.272161,-13.723663,1.79971,0.613997,0.00098,0.167893,0.000983,0.209352,0.001187,0,6.103561,47.844907,0.019942,-55.6,87,2453697.70656,9.193568,9.193879,-0.073,-9999999,0.422573,0.278702,0.858102,0.11353,0.986706,0.47,300.0018,7.176926,6.257195,2005-11-23T04:48:12.780,-9999999,K5,072.C-0488(E),Mayor,-9999999,HARPS_ech_obs_all,HARPS_ech_obs_thosimult,STAR_WAVE_K5,-9999999,-9999999,-9999999,-9999999,-9999999
GJ204,82.1065,-3.50213,2453697.710652,3.421042,1.092178,-55409.453583,1.139109,-5.224247,0.675658,-55408.925194,0.569192,-18.195615,0.680403,2.356598,6.258379,-14.24061,1.422252,0.614677,0.000936,0.167205,0.00093,0.210607,0.001127,0,6.105409,47.838614,0.025215,-55.6,91.4,2453697.71065,9.181826,9.182116,0.024,-9999999,0.422576,0.277394,0.858102,0.105813,0.986706,0.54,299.9995,2.3412,6.246713,2005-11-23T04:53:44.185,-9999999,K5,072.C-0488(E),Mayor,-9999999,HARPS_ech_obs_all,HARPS_ech_obs_thosimult,STAR_WAVE_K5,3.21140172906019E-05,1.28323374712471E-06,0,0,0
GJ204,82.1065,-3.50213,2453697.7143124,5.487171,1.153166,-55406.528428,1.185431,-3.159292,0.770358,-55406.006962,0.657007,-15.852264,0.776364,0.941789,7.076887,-14.418457,1.837712,0.612283,0.001056,0.169195,0.001073,0.209163,0.001288,0,6.106555,47.845515,0.021332,-55.6,80.7,2453697.71431,9.171223,9.171518,-0.191,-9999999,0.422578,0.276219,0.858103,0.098888,0.986706,0.49,300.0015,0.940998,7.067139,2005-11-23T04:59:15.429,-9999999,K5,072.C-0488(E),Mayor,-9999999,HARPS_ech_obs_all,HARPS_ech_obs_thosimult,STAR_WAVE_K5,3.23126392494881E-05,1.20340405589628E-06,0,0,0
GJ204,82.1065,-3.50213,2453698.6879362,1.572331,0.949758,-55408.920669,1.013212,-6.425553,0.625023,-55409.001658,0.528397,-18.982912,0.628833,3.455053,5.5904,-11.305921,1.434913,0.610599,0.00087,0.167117,0.000859,0.208608,0.001039,0,6.10569,47.8047,0.021677,-55.6,98.1,2453698.68794,8.798743,8.799037,-0.143,-9999999,0.423156,0.924798,0.715113,-0.504145,0.86452,0.47,300.0023,3.445476,5.566402,2005-11-24T04:21:20.040,-9999999,K5,072.C-0488(E),Mayor,-9999999,HARPS_ech_obs_all,HARPS_ech_obs_thosimult,STAR_WAVE_K5,3.01438127176197E-05,1.1337693475156E-06,0,0,0
GJ204,82.1065,-3.50213,2453698.6919187,2.506597,0.919993,-55409.612859,0.992773,-5.492565,0.578793,-55409.70138,0.488062,-18.220829,0.58315,0.975507,5.315862,-10.84643,1.129769,0.611019,0.000816,0.167834,0.000799,0.209546,0.000965,0,6.103175,47.81665,0.019542,-55.6,105.2,2453698.69192,8.787618,8.787912,-0.07,-9999999,0.423159,0.92352,0.715112,-0.51168,0.86452,0.51,299.9998,0.973506,5.301171,2005-11-24T04:26:52.124,-9999999,K5,072.C-0488(E),Mayor,-9999999,HARPS_ech_obs_all,HARPS_ech_obs_thosimult,STAR_WAVE_K5,3.02990341359142E-05,1.10490614510272E-06,0,0,0
GJ204,82.1065,-3.50213,2453698.6956518,0.919116,0.910219,-55410.060737,0.986461,-7.081244,0.563127,-55410.156319,0.475091,-19.900101,0.566841,5.059016,4.851458,-11.518923,1.022247,0.609849,0.000792,0.166579,0.000772,0.209415,0.000937,0,6.104443,47.803623,0.02346,-55.6,108.2,2453698.69564,8.777102,8.77741,0.125,-9999999,0.423161,0.922322,0.715112,-0.518743,0.86452,0.48,300.0017,5.047255,4.820093,2005-11-24T04:32:23.648,-9999999,K5,072.C-0488(E),Mayor,-9999999,HARPS_ech_obs_all,HARPS_ech_obs_thosimult,STAR_WAVE_K5,-9999999,-9999999,-9999999,-9999999,-9999999
GJ204,82.1065,-3.50213,2453698.6995924,1.714948,0.91129,-55410.876118,0.98757,-6.286677,0.564858,-55410.979153,0.477389,-19.081167,0.568533,7.267493,4.364243,-10.980468,1.146463,0.610761,0.000798,0.165723,0.000776,0.212109,0.000948,0,6.103766,47.815342,0.019543,-55.6,107.6,2453698.69959,8.765913,8.766202,-0.077,-9999999,0.423163,0.921057,0.715112,-0.526198,0.86452,0.51,300.0003,7.255482,4.342497,2005-11-24T04:37:55.112,-9999999,K5,072.C-0488(E),Mayor,-9999999,HARPS_ech_obs_all,HARPS_ech_obs_thosimult,STAR_WAVE_K5,3.3834056347011E-05,1.18937522428361E-06,0,0,0
GJ204,82.1065,-3.50213,2453698.703315,2.179418,0.938014,-55408.862008,1.004393,-5.823401,0.60703,-55408.972083,0.511284,-18.534347,0.61071,1.340486,5.24004,-11.747633,1.403715,0.611234,0.000853,0.166312,0.000834,0.209604,0.001012,0,6.09999,47.828016,0.024255,-55.6,100.6,2453698.70331,8.755267,8.755572,0.191,-9999999,0.423166,0.919863,0.715112,-0.533241,0.86452,0.48,300.0023,1.331848,5.213695,2005-11-24T04:43:25.735,-9999999,K5,072.C-0488(E),Mayor,-9999999,HARPS_ech_obs_all,HARPS_ech_obs_thosimult,STAR_WAVE_K5,3.10840982856491E-05,1.13725732346376E-06,0,0,0
GJ204,82.1065,-3.50213,2453698.7071786,1.022368,0.942399,-55409.602669,1.005977,-6.981691,0.613783,-55409.720051,0.514389,-19.679134,0.617956,3.575251,4.285117,-12.118824,1.599662,0.60857,0.000862,0.168685,0.00085,0.209157,0.001023,0,6.101697,47.836903,0.020077,-55.6,99.7,2453698.70717,8.744144,8.74444,0.033,-9999999,0.423168,0.918623,0.715112,-0.54055,0.86452,0.49,299.9998,3.556169,4.262328,2005-11-24T04:48:56.539,-9999999,K5,072.C-0488(E),Mayor,-9999999,HARPS_ech_obs_all,HARPS_ech_obs_thosimult,STAR_WAVE_K5,3.22615863423549E-05,1.09846761314346E-06,0,0,0
GJ204,82.1065,-3.50213,2453698.7112199,2.06623,0.929578,-55409.50056,0.998727,-5.939126,0.59391,-55409.625586,0.500062,-18.570387,0.597795,8.591744,4.825214,-10.610535,1.288991,0.609363,0.00084,0.167285,0.000821,0.210517,0.000996,0,6.100781,47.825543,0.017584,-55.6,102.3,2453698.71121,8.732435,8.732735,0.095,-9999999,0.42317,0.917326,0.715113,-0.548196,0.86452,0.55,300.0019,8.592479,4.809229,2005-11-24T04:54:27.693,-9999999,K5,072.C-0488(E),Mayor,-9999999,HARPS_ech_obs_all,HARPS_ech_obs_thosimult,STAR_WAVE_K5,3.275408676376E-05,1.1841495152976E-06,0,0,0
GJ204,82.1065,-3.50213,2453698.7148268,1.316985,0.885852,-55409.644636,0.971318,-6.689528,0.522826,-55409.776484,0.442791,-19.532532,0.526358,1.51362,4.525557,-12.016099,1.006611,0.610322,0.000753,0.167289,0.000727,0.211022,0.000883,0,6.101309,47.829391,0.018047,-55.6,114.8,2453698.71482,8.721926,8.722237,0.211,-9999999,0.423172,0.916169,0.715113,-0.55502,0.86452,0.48,299.9996,1.507011,4.496444,2005-11-24T05:00:00.327,-9999999,K5,072.C-0488(E),Mayor,-9999999,HARPS_ech_obs_all,HARPS_ech_obs_thosimult,STAR_WAVE_K5,3.13046599363286E-05,8.70594649873089E-07,0,0,0
GJ204,82.1065,-3.50213,2453698.7188008,1.259206,0.887703,-55410.555768,0.972504,-6.748582,0.525956,-55410.695132,0.445386,-19.521309,0.529614,6.915669,4.671185,-11.066193,0.996298,0.608608,0.000747,0.166601,0.000724,0.208714,0.000877,0,6.101188,47.809351,0.021641,-55.6,115,2453698.71879,8.710288,8.710609,-0.14,-9999999,0.423175,0.914894,0.715113,-0.562539,0.86452,0.52,300.002,6.910934,4.643595,2005-11-24T05:05:31.670,-9999999,K5,072.C-0488(E),Mayor,-9999999,HARPS_ech_obs_all,HARPS_ech_obs_thosimult,STAR_WAVE_K5,3.17040034400444E-05,1.12440348483925E-06,0,0,0
GJ204,82.1065,-3.50213,2453699.6874809,0.887347,0.981372,-55411.935016,1.065985,-7.910047,0.476184,-55411.5186,0.403404,-20.497159,0.479237,0.080165,4.054131,-6.321971,0.804231,0.609062,0.000659,0.166814,0.000643,0.208729,0.000777,0,6.103666,47.776777,0.017799,-55.6,129.1,2453699.68748,8.349308,8.349592,-0.673,-9999999,0.42375,0.125288,0.858102,-0.007334,0.986706,0.49,300.0011,0.074918,4.007793,2005-11-25T04:20:32.279,-9999999,K5,072.C-0488(E),Mayor,-9999999,HARPS_ech_obs_all,HARPS_ech_obs_thosimult,STAR_WAVE_K5,3.21709909872045E-05,9.53215564394701E-07,0,0,0
GJ204,82.1065,-3.50213,2453699.6913898,0.852678,0.969376,-55411.301318,1.058477,-7.94597,0.450943,-55410.892295,0.383125,-20.682237,0.453895,11.532177,3.275266,-6.812981,0.826894,0.609869,0.000627,0.167203,0.000609,0.208486,0.000736,0,6.104005,47.771051,0.020211,-55.6,135.8,2453699.69139,8.338322,8.338622,-0.453,-9999999,0.423753,0.124034,0.858102,-0.01473,0.986706,0.51,299.9997,11.531896,3.230115,2005-11-25T04:26:04.003,-9999999,K5,072.C-0488(E),Mayor,-9999999,HARPS_ech_obs_all,HARPS_ech_obs_thosimult,STAR_WAVE_K5,3.21559934924511E-05,1.13305035562963E-06,0,0,0
GJ204,82.1065,-3.50213,2453699.6951633,0.321951,0.973159,-55411.607455,1.060633,-8.477908,0.459019,-55411.205569,0.389043,-21.202129,0.461891,0.299922,3.380412,-6.675971,0.692823,0.611127,0.000637,0.166821,0.000618,0.208564,0.000748,0,6.105482,47.781141,0.019733,-55.6,134,2453699.69516,8.327631,8.327929,-0.476,-9999999,0.423755,0.122823,0.858102,-0.021869,0.986706,0.49,299.9996,0.294372,3.331514,2005-11-25T04:31:36.027,-9999999,K5,072.C-0488(E),Mayor,-9999999,HARPS_ech_obs_all,HARPS_ech_obs_thosimult,STAR_WAVE_K5,3.22742599414603E-05,9.90261267240013E-07,0,0,0
GJ204,82.1065,-3.50213,2453699.6990057,1.08513,0.965125,-55410.825951,1.055108,-7.715962,0.441731,-55410.431332,0.373716,-20.47181,0.444809,2.153964,3.998917,-7.865506,0.845475,0.609546,0.000612,0.167269,0.000594,0.2095,0.000719,0,6.104619,47.777196,0.019636,-55.6,139.3,2453699.69899,8.316663,8.316991,-0.764,-9999999,0.423757,0.12159,0.858102,-0.029138,0.986706,0.49,299.9998,2.145285,3.964607,2005-11-25T04:37:08.001,-9999999,K5,072.C-0488(E),Mayor,-9999999,HARPS_ech_obs_all,HARPS_ech_obs_thosimult,STAR_WAVE_K5,3.25610622184175E-05,1.09008032530525E-06,0,0,0
GJ204,82.1065,-3.50213,2453699.7029201,1.057531,0.972843,-55411.200375,1.060594,-7.744817,0.45835,-55410.813159,0.388936,-20.342334,0.461618,0.18646,4.432188,-6.524773,0.969836,0.614609,0.000636,0.166406,0.000618,0.207706,0.000747,0,6.10175,47.779322,0.01908,-55.6,133.9,2453699.70292,8.305412,8.30571,-0.723,-9999999,0.42376,0.120334,0.858102,-0.036544,0.986706,0.51,299.9988,0.181445,4.393119,2005-11-25T04:42:40.195,-9999999,K5,072.C-0488(E),Mayor,-9999999,HARPS_ech_obs_all,HARPS_ech_obs_thosimult,STAR_WAVE_K5,3.18898479268537E-05,1.26944149202268E-06,0,0,0
GJ204,82.1065,-3.50213,2453699.706439,2.171378,1.005316,-55411.399856,1.081984,-6.6321,0.523756,-55411.019295,0.44396,-19.243809,0.527067,4.016276,4.282477,-8.603995,1.145585,0.613896,0.000727,0.167233,0.000713,0.207848,0.000859,0,6.103206,47.784446,0.017176,-55.6,117.2,2453699.70644,8.295234,8.295528,-0.801,-9999999,0.423762,0.119204,0.858102,-0.043201,0.986706,0.42,299.9984,4.009177,4.24491,2005-11-25T04:48:11.218,-9999999,K5,072.C-0488(E),Mayor,-9999999,HARPS_ech_obs_all,HARPS_ech_obs_thosimult,STAR_WAVE_K5,3.20702089248272E-05,1.32866293419677E-06,0,0,0
GJ204,82.1065,-3.50213,2453699.7106284,1.705664,0.979613,-55410.502025,1.065016,-7.099158,0.472548,-55410.129388,0.400836,-19.98284,0.475704,-0.255475,4.758597,-6.561757,0.92647,0.614128,0.000658,0.166578,0.000639,0.208838,0.000774,0,6.103754,47.780862,0.02114,-55.6,129.6,2453699.71063,8.283045,8.283337,-0.78,-9999999,0.423764,0.11786,0.858102,-0.051127,0.986706,0.52,300.0003,-0.266347,4.727722,2005-11-25T04:53:43.172,-9999999,K5,072.C-0488(E),Mayor,-9999999,HARPS_ech_obs_all,HARPS_ech_obs_thosimult,STAR_WAVE_K5,2.97704445780033E-05,1.17617253482151E-06,0,0,0
GJ204,82.1065,-3.50213,2453699.7143912,1.981257,0.986475,-55411.04878,1.069571,-6.824772,0.486614,-55410.68326,0.412787,-19.53747,0.490021,-3.261467,4.492713,-8.901406,0.813603,0.614887,0.000673,0.167369,0.000658,0.208271,0.000794,0,6.102058,47.80205,0.022316,-55.6,126.4,2453699.71439,8.272036,8.272328,-0.761,-9999999,0.423766,0.116653,0.858103,-0.058246,0.986706,0.5,299.9989,-3.275734,4.458975,2005-11-25T04:59:14.266,-9999999,K5,072.C-0488(E),Mayor,-9999999,HARPS_ech_obs_all,HARPS_ech_obs_thosimult,STAR_WAVE_K5,3.20212438082619E-05,1.1325408042499E-06,0,0,0
GJ204,82.1065,-3.50213,2453699.7182693,1.269742,0.988197,-55411.162858,1.070869,-7.537532,0.490095,-55410.804672,0.416138,-20.120701,0.493447,9.942032,4.548178,-6.196911,0.900313,0.613281,0.000679,0.16697,0.000663,0.208957,0.000803,0,6.105858,47.771183,0.018507,-55.6,125.3,2453699.71827,8.260635,8.260927,-0.563,-9999999,0.423769,0.115408,0.858103,-0.065583,0.986706,0.51,300.0001,9.931241,4.515002,2005-11-25T05:04:46.329,-9999999,K5,072.C-0488(E),Mayor,-9999999,HARPS_ech_obs_all,HARPS_ech_obs_thosimult,STAR_WAVE_K5,3.08259349210091E-05,1.18627749431285E-06,0,0,0
GJ204,82.1065,-3.50213,2453700.7191628,3.764752,0.893049,-55409.360781,1.050515,-5.498478,0.426115,-55408.907244,0.360545,-18.253834,0.428572,7.105149,3.46478,-6.393364,0.721634,0.612961,0.000609,0.166313,0.000581,0.212717,0.000702,0,6.101988,47.77164,0.017073,-55.6,142.2,2453700.71916,7.80353,7.80381,-0.386,-9999999,0.424364,-0.340548,0.784833,0.029173,0.986707,0.49,300.0021,7.096447,3.426754,2005-11-26T05:06:07.233,-9999999,K5,072.C-0488(E),Mayor,-9999999,HARPS_ech_obs_all,HARPS_ech_obs_thosimult,STAR_WAVE_K5,3.12306434802298E-05,1.03560746889192E-06,0,0,0
GJ204,82.1065,-3.50213,2453700.7230739,4.27513,0.883208,-55408.686451,1.04421,-4.989355,0.405084,-55408.240311,0.341737,-17.794376,0.407215,8.918347,3.535424,-7.064646,0.784571,0.610066,0.000579,0.16748,0.000554,0.212495,0.000666,0,6.10174,47.769588,0.01979,-55.6,149.4,2453700.72307,7.791929,7.792203,-0.256,-9999999,0.424366,-0.341803,0.784833,0.021774,0.986707,0.51,300.0013,8.914085,3.50604,2005-11-26T05:11:39.137,-9999999,K5,072.C-0488(E),Mayor,-9999999,HARPS_ech_obs_all,HARPS_ech_obs_thosimult,STAR_WAVE_K5,3.20344804523174E-05,8.79171024788176E-07,0,0,0
GJ204,82.1065,-3.50213,2453700.7268355,3.414265,0.888115,-55409.944985,1.047525,-5.851427,0.415674,-55409.50596,0.351737,-18.598625,0.418119,5.377911,3.574746,-7.627216,0.765261,0.611227,0.000597,0.166851,0.00057,0.213107,0.000688,0,6.099572,47.775616,0.017422,-55.6,145.2,2453700.72683,7.780734,7.781033,-0.355,-9999999,0.424368,-0.34301,0.784834,0.014657,0.986707,0.49,300.0006,5.36973,3.532572,2005-11-26T05:17:10.131,-9999999,K5,072.C-0488(E),Mayor,-9999999,HARPS_ech_obs_all,HARPS_ech_obs_thosimult,STAR_WAVE_K5,3.12929078210839E-05,1.16857788983617E-06,0,0,0
GJ204,82.1065,-3.50213,2453700.7306762,3.236145,0.893856,-55409.56995,1.050942,-6.03078,0.427801,-55409.138188,0.361785,-18.798122,0.430307,7.79007,3.818194,-9.419482,0.931176,0.610112,0.000616,0.166783,0.000588,0.213229,0.000711,0,6.100035,47.785835,0.018752,-55.6,140.7,2453700.73067,7.769271,7.769597,-0.076,-9999999,0.424371,-0.344243,0.784834,0.007391,0.986707,0.49,299.9993,7.782841,3.777076,2005-11-26T05:22:41.965,-9999999,K5,072.C-0488(E),Mayor,-9999999,HARPS_ech_obs_all,HARPS_ech_obs_thosimult,STAR_WAVE_K5,3.06340564394681E-05,1.10521603421629E-06,0,0,0
GJ204,82.1065,-3.50213,2453700.7344702,4.850648,0.906122,-55407.862186,1.058896,-4.417494,0.45287,-55407.4376,0.384278,-17.026661,0.455346,6.694203,3.943231,-6.789148,0.919479,0.611533,0.000646,0.167459,0.000621,0.213344,0.000749,0,6.1039,47.762633,0.019891,-55.6,133.8,2453700.73446,7.757922,7.758238,-0.403,-9999999,0.424373,-0.34546,0.784834,0.000213,0.986708,0.48,300.0011,6.697607,3.924165,2005-11-26T05:28:12.759,-9999999,K5,072.C-0488(E),Mayor,-9999999,HARPS_ech_obs_all,HARPS_ech_obs_thosimult,STAR_WAVE_K5,3.22162037052768E-05,1.12900684777661E-06,0,0,0
GJ204,82.1065,-3.50213,2453700.7383667,4.03622,0.902727,-55408.819426,1.056913,-5.233173,0.446038,-55408.40221,0.378778,-18.015979,0.448327,-0.107791,4.156122,-7.786841,0.794501,0.610695,0.000642,0.165244,0.000612,0.212955,0.000742,0,6.101385,47.784437,0.021889,-55.6,134.9,2453700.73836,7.746246,7.746546,-0.04,-9999999,0.424375,-0.346711,0.784835,-0.007159,0.986708,0.5,300.0001,-0.115898,4.126274,2005-11-26T05:33:43.402,-9999999,K5,072.C-0488(E),Mayor,-9999999,HARPS_ech_obs_all,HARPS_ech_obs_thosimult,STAR_WAVE_K5,3.01819097463806E-05,9.69912784608519E-07,0,0,0
GJ204,82.1065,-3.50213,2453700.7421708,2.9671,0.902783,-55409.160691,1.055966,-6.303513,0.446151,-55408.75067,0.376127,-18.962346,0.448827,3.617333,3.91111,-8.16327,0.913799,0.611008,0.000639,0.167755,0.000613,0.212781,0.000738,0,6.10253,47.775206,0.019334,-55.6,135.6,2453700.74217,7.734832,7.735117,-0.505,-9999999,0.424377,-0.347931,0.784835,-0.014356,0.986708,0.49,300.0029,3.606898,3.871563,2005-11-26T05:39:15.066,-9999999,K5,072.C-0488(E),Mayor,-9999999,HARPS_ech_obs_all,HARPS_ech_obs_thosimult,STAR_WAVE_K5,3.22389771380541E-05,1.26322503950388E-06,0,0,0
GJ204,82.1065,-3.50213,2453700.7460429,4.207096,0.907755,-55408.313699,1.060138,-5.06476,0.456128,-55407.911001,0.387683,-17.766679,0.458791,4.812965,4.014066,-7.441378,0.795138,0.610585,0.000653,0.167301,0.000628,0.213092,0.000758,0,6.10044,47.777415,0.02087,-55.6,132.3,2453700.74604,7.723203,7.723505,-0.449,-9999999,0.42438,-0.349174,0.784836,-0.021682,0.986709,0.5,299.999,4.804316,3.985181,2005-11-26T05:44:46.609,-9999999,K5,072.C-0488(E),Mayor,-9999999,HARPS_ech_obs_all,HARPS_ech_obs_thosimult,STAR_WAVE_K5,3.04451410230283E-05,1.0144490950412E-06,0,0,0
GJ204,82.1065,-3.50213,2453700.7498649,3.622764,0.905396,-55409.40514,1.05816,-5.650318,0.451414,-55409.00967,0.382239,-18.266743,0.45394,12.557776,3.981052,-9.11681,0.767063,0.610058,0.000647,0.16826,0.000623,0.211666,0.000746,0,6.102054,47.777109,0.019072,-55.6,133.7,2453700.74986,7.711722,7.712028,-0.365,-9999999,0.424382,-0.3504,0.784836,-0.028912,0.986709,0.5,300.0021,12.552865,3.950397,2005-11-26T05:50:16.823,-9999999,K5,072.C-0488(E),Mayor,-9999999,HARPS_ech_obs_all,HARPS_ech_obs_thosimult,STAR_WAVE_K5,3.05702051649181E-05,1.01560894003345E-06,0,0,0
GJ204,82.1065,-3.50213,2453721.6678686,2.961497,0.942122,-55409.766874,1.040255,-6.896517,0.388911,-55409.608986,0.329451,-19.724058,0.389968,2.466428,2.863349,-0.332405,0.720132,0.608483,0.000543,0.16489,0.000521,0.210154,0.000638,0,6.108366,47.708849,0.019177,-55.6,156.7,2453721.66787,-1.973457,-1.973167,-0.493,-9999999,0.436815,-0.935332,0.858104,-0.278927,0.986707,0.5,299.9988,2.491857,2.842571,2005-12-17T03:51:55.031,-9999999,K5,072.C-0488(E),Mayor,-9999999,HARPS_ech_obs_all,HARPS_ech_obs_thosimult,STAR_WAVE_K5,3.49466846607317E-05,1.15852765253905E-06,0,0,0
GJ204,82.1065,-3.50213,2453721.6716574,2.275482,0.95281,-55410.402989,1.047718,-7.583748,0.414133,-55410.252267,0.35231,-20.294199,0.414917,9.17259,3.409491,2.36974,0.75002,0.608228,0.00058,0.166972,0.000561,0.209156,0.000681,0,6.11032,47.696294,0.019302,-55.6,146.7,2453721.67165,-1.984826,-1.984527,-0.433,-9999999,0.436817,-0.936548,0.858103,-0.286095,0.986707,0.49,300.0021,9.206624,3.392607,2005-12-17T03:57:25.384,-9999999,K5,072.C-0488(E),Mayor,-9999999,HARPS_ech_obs_all,HARPS_ech_obs_thosimult,STAR_WAVE_K5,3.47514735142639E-05,1.38407815761797E-06,0,0,0
GJ204,82.1065,-3.50213,2453721.6755614,2.733077,0.96178,-55409.291233,1.053157,-7.127406,0.434373,-55409.147896,0.368171,-19.89615,0.435674,5.749202,3.881004,1.958789,0.957834,0.607128,0.000604,0.165427,0.000583,0.209182,0.000712,0,6.109037,47.69673,0.024248,-55.6,140.6,2453721.67555,-1.996571,-1.996264,-0.227,-9999999,0.436819,-0.937801,0.858103,-0.293482,0.986707,0.51,300.0022,5.77886,3.876541,2005-12-17T04:02:56.699,-9999999,K5,072.C-0488(E),Mayor,-9999999,HARPS_ech_obs_all,HARPS_ech_obs_thosimult,STAR_WAVE_K5,3.44345264058515E-05,1.09143506636333E-06,0,0,0
GJ204,82.1065,-3.50213,2453721.6792893,3.819535,0.970093,-55408.004862,1.059002,-6.042144,0.452483,-55407.868574,0.384572,-18.75162,0.453781,5.046177,4.174046,0.832391,0.886023,0.607481,0.00063,0.165647,0.000611,0.209098,0.000744,0,6.107317,47.713962,0.018592,-55.6,134.7,2453721.67928,-2.007809,-2.007502,-0.562,-9999999,0.436822,-0.938997,0.858103,-0.300534,0.986707,0.48,300.0012,5.080574,4.166743,2005-12-17T04:08:27.792,-9999999,K5,072.C-0488(E),Mayor,-9999999,HARPS_ech_obs_all,HARPS_ech_obs_thosimult,STAR_WAVE_K5,3.43352085758649E-05,1.24005624486919E-06,0,0,0
GJ204,82.1065,-3.50213,2453721.683192,3.161425,0.979736,-55408.627424,1.065739,-6.701506,0.472802,-55408.498518,0.402752,-19.407278,0.474198,8.271702,4.451348,0.085633,1.027408,0.606063,0.000652,0.165746,0.000637,0.210338,0.000778,0,6.109702,47.719876,0.021875,-55.6,129.5,2453721.68318,-2.019591,-2.01928,-0.313,-9999999,0.436824,-0.940249,0.858103,-0.307918,0.986706,0.5,299.9991,8.295305,4.442773,2005-12-17T04:13:58.986,-9999999,K5,072.C-0488(E),Mayor,-9999999,HARPS_ech_obs_all,HARPS_ech_obs_thosimult,STAR_WAVE_K5,3.51374482818595E-05,1.12493864503073E-06,0,0,0
GJ204,82.1065,-3.50213,2453721.6870231,3.297477,0.940675,-55409.814634,1.039675,-6.566684,0.385396,-55409.692974,0.32762,-19.222439,0.386293,1.338088,4.171195,1.752635,0.724431,0.607809,0.00054,0.165265,0.000518,0.210146,0.000634,0,6.112664,47.692587,0.019161,-55.6,157.7,2453721.68701,-2.031169,-2.030861,-0.442,-9999999,0.436826,-0.941479,0.858103,-0.315166,0.986706,0.5,300.0006,1.351456,4.165492,2005-12-17T04:19:29.989,-9999999,K5,072.C-0488(E),Mayor,-9999999,HARPS_ech_obs_all,HARPS_ech_obs_thosimult,STAR_WAVE_K5,3.51281148302926E-05,1.07704156690957E-06,0,0,0
GJ204,82.1065,-3.50213,2453721.6908966,3.558196,0.93785,-55409.173147,1.037659,-6.307208,0.378447,-55409.058813,0.321166,-19.080443,0.3796,2.259638,3.064981,-0.610649,0.701098,0.608775,0.00053,0.165954,0.000508,0.210688,0.000622,0,6.108438,47.712371,0.021747,-55.6,160.8,2453721.69089,-2.042882,-2.042588,-0.407,-9999999,0.436828,-0.942722,0.858102,-0.322494,0.986706,0.51,300.0012,2.291255,3.053109,2005-12-17T04:25:01.663,-9999999,K5,072.C-0488(E),Mayor,-9999999,HARPS_ech_obs_all,HARPS_ech_obs_thosimult,STAR_WAVE_K5,3.52167717638949E-05,1.44079999537304E-06,0,0,0
GJ204,82.1065,-3.50213,2453721.6947358,2.705054,0.929421,-55409.471099,1.031839,-7.161582,0.357048,-55409.364026,0.301834,-19.94515,0.358211,-0.209497,2.945595,-0.088808,0.662623,0.608553,0.000505,0.165682,0.000481,0.208764,0.000587,0,6.104991,47.712572,0.020146,-55.6,169.5,2453721.69473,-2.054492,-2.054181,-0.657,-9999999,0.436831,-0.943954,0.858102,-0.329758,0.986706,0.51,299.9997,-0.185528,2.939493,2005-12-17T04:30:33.377,-9999999,K5,072.C-0488(E),Mayor,-9999999,HARPS_ech_obs_all,HARPS_ech_obs_thosimult,STAR_WAVE_K5,3.48682843698638E-05,1.11780465915886E-06,0,0,0
GJ204,82.1065,-3.50213,2453721.6985508,3.010312,0.929252,-55408.605721,1.032019,-6.857548,0.356609,-55408.505864,0.302446,-19.533506,0.357592,1.397024,3.525419,-1.005607,0.545286,0.609664,0.000501,0.164394,0.000476,0.212039,0.000587,0,6.10615,47.713418,0.02081,-55.6,170.5,2453721.69854,-2.066023,-2.065694,-0.598,-9999999,0.436833,-0.945178,0.858102,-0.336976,0.986706,0.5,300.0011,1.41612,3.516566,2005-12-17T04:36:05.991,-9999999,K5,072.C-0488(E),Mayor,-9999999,HARPS_ech_obs_all,HARPS_ech_obs_thosimult,STAR_WAVE_K5,3.44200363031648E-05,1.05815662173542E-06,0,0,0
GJ204,82.1065,-3.50213,2453721.7023596,3.694953,0.932572,-55408.490485,1.033796,-6.174129,0.365173,-55408.397832,0.308456,-18.885645,0.365938,8.627779,3.895387,-0.178254,0.631921,0.609702,0.000508,0.165854,0.000486,0.212279,0.000597,0,6.106022,47.720256,0.02043,-55.6,167.8,2453721.70236,-2.077525,-2.077231,-0.498,-9999999,0.436835,-0.9464,0.858102,-0.344182,0.986706,0.49,300.0017,8.640588,3.885354,2005-12-17T04:41:38.075,-9999999,K5,072.C-0488(E),Mayor,-9999999,HARPS_ech_obs_all,HARPS_ech_obs_thosimult,STAR_WAVE_K5,3.53733508290179E-05,1.12417980311477E-06,0,0,0
GJ204,82.1065,-3.50213,2453722.6895175,2.080373,0.928934,-55410.484423,1.031596,-7.688635,0.35578,-55410.442439,0.300999,-20.537075,0.356723,-3.910892,3.483509,1.330967,0.69697,0.613193,0.000506,0.166531,0.000482,0.213773,0.000585,0,6.108262,47.692785,0.023662,-55.6,169.5,2453722.68952,-2.514966,-2.514687,0.334,-9999999,0.437422,-0.846326,0.858102,-0.395438,0.986706,0.48,300.0006,-3.883279,3.477044,2005-12-18T04:23:12.164,-9999999,K5,072.C-0488(E),Mayor,-9999999,HARPS_ech_obs_all,HARPS_ech_obs_thosimult,STAR_WAVE_K5,3.44192839008071E-05,1.08011929079034E-06,0,0,0
GJ204,82.1065,-3.50213,2453722.6933536,2.275396,0.946817,-55410.290026,1.043035,-7.494843,0.400153,-55410.255298,0.338131,-20.227877,0.400903,-5.2755,3.545676,1.409429,0.783222,0.612162,0.000559,0.165534,0.000536,0.210462,0.000656,0,6.108699,47.693717,0.020874,-55.6,152.5,2453722.69335,-2.526564,-2.526273,0.063,-9999999,0.437424,-0.847557,0.858102,-0.402696,0.986706,0.48,300.0023,-5.250369,3.535757,2005-12-18T04:28:43.608,-9999999,K5,072.C-0488(E),Mayor,-9999999,HARPS_ech_obs_all,HARPS_ech_obs_thosimult,STAR_WAVE_K5,3.50219676317084E-05,1.12882563406103E-06,0,0,0
GJ204,82.1065,-3.50213,2453722.6972561,2.328223,0.945499,-55410.351618,1.042545,-7.443268,0.397026,-55410.32427,0.336616,-20.154906,0.398055,5.735848,3.277813,0.763693,0.76526,0.612548,0.000558,0.166616,0.000536,0.208489,0.00065,0,6.108276,47.704666,0.021483,-55.6,153,2453722.69725,-2.538355,-2.53806,0.217,-9999999,0.437427,-0.848809,0.858102,-0.410079,0.986706,0.5,300.0007,5.771812,3.262901,2005-12-18T04:34:14.791,-9999999,K5,072.C-0488(E),Mayor,-9999999,HARPS_ech_obs_all,HARPS_ech_obs_thosimult,STAR_WAVE_K5,3.57687554058589E-05,1.10871323429045E-06,0,0,0
GJ204,82.1065,-3.50213,2453722.7010968,2.590993,0.939069,-55409.573613,1.038087,-7.181731,0.381459,-55409.553529,0.322546,-19.951253,0.381835,-2.349298,3.480662,2.352302,0.7724,0.612607,0.000537,0.165466,0.000513,0.209756,0.000626,0,6.110637,47.695421,0.022304,-55.6,159.2,2453722.70109,-2.549946,-2.54963,0.074,-9999999,0.437429,-0.850041,0.858102,-0.417345,0.986706,0.5,299.9999,-2.326481,3.468445,2005-12-18T04:39:46.626,-9999999,K5,072.C-0488(E),Mayor,-9999999,HARPS_ech_obs_all,HARPS_ech_obs_thosimult,STAR_WAVE_K5,3.49211933203385E-05,1.21295001273585E-06,0,0,0
GJ204,82.1065,-3.50213,2453722.7049329,1.713598,0.950847,-55410.838733,1.046372,-8.060356,0.409599,-55410.825905,0.348289,-20.792202,0.410561,0.54959,4.091809,1.763517,0.804726,0.612333,0.000575,0.165179,0.000552,0.21071,0.000676,0,6.109496,47.70568,0.020914,-55.6,148.2,2453722.70493,-2.561505,-2.561211,0.271,-9999999,0.437431,-0.851272,0.858102,-0.424603,0.986706,0.5,300.0008,0.574573,4.085762,2005-12-18T04:45:18.069,-9999999,K5,072.C-0488(E),Mayor,-9999999,HARPS_ech_obs_all,HARPS_ech_obs_thosimult,STAR_WAVE_K5,3.42563853993534E-05,1.22667058873376E-06,0,0,0
GJ204,82.1065,-3.50213,2453722.7087656,2.053745,0.948266,-55410.069752,1.044148,-7.721439,0.40357,-55410.064173,0.341551,-20.454464,0.404398,5.170468,3.371808,2.258223,0.835138,0.613738,0.000565,0.16645,0.000543,0.20971,0.000661,0,6.109472,47.687988,0.021144,-55.6,151.1,2453722.70876,-2.573028,-2.572732,-0.134,-9999999,0.437433,-0.852502,0.858102,-0.431854,0.986706,0.5,300.0013,5.199607,3.350456,2005-12-18T04:50:49.214,-9999999,K5,072.C-0488(E),Mayor,-9999999,HARPS_ech_obs_all,HARPS_ech_obs_thosimult,STAR_WAVE_K5,3.37897005084258E-05,1.07487156113099E-06,0,0,0
GJ204,82.1065,-3.50213,2453722.7125658,1.536657,0.957216,-55411.499213,1.050265,-8.239747,0.424173,-55411.50082,0.359815,-21.030308,0.425261,-0.248921,3.844722,3.132962,0.820304,0.621596,0.000597,0.166964,0.000571,0.212901,0.0007,0,6.105587,47.676973,0.022708,-55.6,143.9,2453722.71256,-2.584425,-2.58412,0.184,-9999999,0.437436,-0.853722,0.858102,-0.439043,0.986706,0.49,300,-0.226238,3.837345,2005-12-18T04:56:20.557,-9999999,K5,072.C-0488(E),Mayor,-9999999,HARPS_ech_obs_all,HARPS_ech_obs_thosimult,STAR_WAVE_K5,3.7652175113708E-05,1.07849229462385E-06,0,0,0
GJ204,82.1065,-3.50213,2453722.7164656,2.210459,0.958551,-55410.813282,1.051162,-7.567196,0.427176,-55410.822266,0.362425,-20.366721,0.428192,4.227257,3.432896,4.14278,0.958958,0.617387,0.000599,0.16765,0.000578,0.212135,0.000705,0,6.110745,47.66965,0.022444,-55.6,142.8,2453722.71646,-2.596083,-2.595783,0.253,-9999999,0.437438,-0.854973,0.858103,-0.446422,0.986706,0.51,300.0015,4.257951,3.424058,2005-12-18T05:01:51.501,-9999999,K5,072.C-0488(E),Mayor,-9999999,HARPS_ech_obs_all,HARPS_ech_obs_thosimult,STAR_WAVE_K5,3.74056255871766E-05,1.247546339271E-06,0,0,0
GJ204,82.1065,-3.50213,2453722.7201992,2.039936,0.953711,-55410.723305,1.048365,-7.738917,0.416201,-55410.73935,0.35423,-20.45507,0.416899,-1.840074,4.277294,2.58742,0.880197,0.616394,0.000584,0.167962,0.000564,0.211528,0.000686,0,6.10732,47.683006,0.022363,-55.6,146.3,2453722.7202,-2.607204,-2.606922,0.171,-9999999,0.43744,-0.856171,0.858103,-0.453485,0.986707,0.48,300.0006,-1.819473,4.265729,2005-12-18T05:07:23.084,-9999999,K5,072.C-0488(E),Mayor,-9999999,HARPS_ech_obs_all,HARPS_ech_obs_thosimult,STAR_WAVE_K5,3.67640461001639E-05,1.27523022480221E-06,0,0,0
GJ204,82.1065,-3.50213,2453722.7241042,2.113854,0.939428,-55410.003486,1.038803,-7.666252,0.382341,-55410.026916,0.324839,-20.374215,0.383083,2.655522,3.490827,2.397179,0.750459,0.615659,0.000542,0.166139,0.000517,0.211425,0.000633,0,6.110124,47.6841,0.021302,-55.6,158.3,2453722.7241,-2.618788,-2.618495,0.304,-9999999,0.437443,-0.857424,0.858103,-0.460873,0.986707,0.5,300.0013,2.696797,3.477538,2005-12-18T05:12:54.478,-9999999,K5,072.C-0488(E),Mayor,-9999999,HARPS_ech_obs_all,HARPS_ech_obs_thosimult,STAR_WAVE_K5,3.77464105865247E-05,1.16189356802335E-06,0,0,0
GJ204,82.1065,-3.50213,2453724.6529975,2.090092,0.917649,-55409.54724,0.859535,-7.118467,0.368473,-55409.382921,0.310825,-19.884454,0.369319,6.012917,3.23128,3.658346,0.73317,0.612086,0.00052,0.165165,0.000497,0.210288,0.000609,0,6.109004,47.682439,0.023753,-55.6,164.4,2453724.65299,-3.356327,-3.356024,0.052,-9999999,0.438589,-0.285877,0.840421,-0.27427,0.801367,0.51,300.0025,6.047988,3.217472,2005-12-20T03:30:29.517,-9999999,K5,072.C-0488(E),Mayor,-9999999,HARPS_ech_obs_all,HARPS_ech_obs_thosimult,STAR_WAVE_K5,3.43983751520963E-05,1.14135961362834E-06,0,0,0
GJ204,82.1065,-3.50213,2453724.6567601,2.041156,0.922713,-55409.457862,0.863329,-7.168611,0.380912,-55409.30066,0.321168,-19.843932,0.381681,3.302715,3.751267,3.395828,0.946453,0.610965,0.000537,0.165319,0.000514,0.209809,0.000629,0,6.1108,47.672623,0.021543,-55.6,159,2453724.65675,-3.36755,-3.367248,0.218,-9999999,0.438591,-0.287085,0.84042,-0.281389,0.801366,0.49,300.0006,3.349568,3.735349,2005-12-20T03:36:00.611,-9999999,K5,072.C-0488(E),Mayor,-9999999,HARPS_ech_obs_all,HARPS_ech_obs_thosimult,STAR_WAVE_K5,3.38112828669011E-05,1.17285261749648E-06,0,0,0
GJ204,82.1065,-3.50213,2453724.6606317,2.431396,0.923731,-55409.713195,0.864315,-6.779613,0.383371,-55409.563315,0.323811,-19.508956,0.3842,1.005008,3.520343,4.795811,0.77519,0.610523,0.000541,0.165697,0.000519,0.210288,0.000634,0,6.112462,47.672822,0.02015,-55.6,157.9,2453724.66063,-3.379138,-3.378855,0.172,-9999999,0.438594,-0.288327,0.84042,-0.288714,0.801366,0.5,300.0007,1.04406,3.500813,2005-12-20T03:41:32.125,-9999999,K5,072.C-0488(E),Mayor,-9999999,HARPS_ech_obs_all,HARPS_ech_obs_thosimult,STAR_WAVE_K5,3.32648340336091E-05,1.09638140856798E-06,0,0,0
GJ204,82.1065,-3.50213,2453724.6644742,1.445527,0.916095,-55410.463068,0.858055,-7.766715,0.364589,-55410.320455,0.306713,-20.378016,0.364985,2.493212,2.809948,2.636309,0.627976,0.612145,0.000515,0.164239,0.000489,0.211369,0.000603,0,6.110356,47.688036,0.020807,-55.6,166.4,2453724.66447,-3.390672,-3.390392,0.416,-9999999,0.438596,-0.28956,0.840419,-0.295983,0.801365,0.5,300.0018,2.535073,2.801228,2005-12-20T03:47:04.119,-9999999,K5,072.C-0488(E),Mayor,-9999999,HARPS_ech_obs_all,HARPS_ech_obs_thosimult,STAR_WAVE_K5,3.53806326296734E-05,1.19218612124145E-06,0,0,0
GJ204,82.1065,-3.50213,2453724.6683049,2.238988,0.911967,-55409.74525,0.854687,-6.974483,0.354091,-55409.609883,0.297161,-19.715021,0.354817,4.603924,2.615447,2.574861,0.768954,0.612275,0.000501,0.165354,0.000477,0.209994,0.000584,0,6.11012,47.676698,0.022825,-55.6,171.1,2453724.6683,-3.402198,-3.401922,0.272,-9999999,0.438598,-0.290789,0.840419,-0.303231,0.801365,0.5,300.0018,4.652546,2.59782,2005-12-20T03:52:35.093,-9999999,K5,072.C-0488(E),Mayor,-9999999,HARPS_ech_obs_all,HARPS_ech_obs_thosimult,STAR_WAVE_K5,3.43099547824716E-05,9.60972659450789E-07,0,0,0
GJ204,82.1065,-3.50213,2453724.6721043,2.017673,0.921057,-55409.536242,0.86281,-7.197017,0.376885,-55409.408061,0.319775,-20.08338,0.377297,-2.710055,3.046316,3.460649,0.762262,0.611556,0.000533,0.165607,0.000511,0.211282,0.000626,0,6.113003,47.685587,0.022506,-55.6,160.4,2453724.6721,-3.413651,-3.413369,-0.208,-9999999,0.4386,-0.292008,0.840419,-0.310419,0.801364,0.49,300.0021,-2.670071,3.031495,2005-12-20T03:58:06.367,-9999999,K5,072.C-0488(E),Mayor,-9999999,HARPS_ech_obs_all,HARPS_ech_obs_thosimult,STAR_WAVE_K5,3.42248525513691E-05,1.19979739244559E-06,0,0,0
GJ204,82.1065,-3.50213,2453724.6760086,2.107448,0.919487,-55409.458167,0.861445,-7.108495,0.373032,-55409.337369,0.316074,-19.820522,0.373774,-5.559466,3.776301,2.905119,0.711507,0.610604,0.000525,0.165885,0.000504,0.210772,0.000617,0,6.111685,47.687065,0.021812,-55.6,162.5,2453724.676,-3.425438,-3.425146,-0.076,-9999999,0.438603,-0.293261,0.840419,-0.317805,0.801364,0.51,300.0015,-5.514342,3.761489,2005-12-20T04:03:37.701,-9999999,K5,072.C-0488(E),Mayor,-9999999,HARPS_ech_obs_all,HARPS_ech_obs_thosimult,STAR_WAVE_K5,3.41886296111343E-05,1.04921999770533E-06,0,0,0
GJ204,82.1065,-3.50213,2453724.6798084,1.953522,0.919993,-55408.86192,0.861748,-7.263641,0.374278,-55408.748309,0.3169,-20.083874,0.374954,-4.355337,3.391612,3.36191,0.736971,0.611572,0.000527,0.165696,0.000505,0.209979,0.000617,0,6.112526,47.682243,0.022574,-55.6,162.1,2453724.67981,-3.436919,-3.436654,-0.01,-9999999,0.438605,-0.294481,0.840418,-0.324994,0.801364,0.5,300.0009,-4.310641,3.379274,2005-12-20T04:09:09.010,-9999999,K5,072.C-0488(E),Mayor,-9999999,HARPS_ech_obs_all,HARPS_ech_obs_thosimult,STAR_WAVE_K5,3.48480736187138E-05,1.02408103118134E-06,0,0,0
GJ204,82.1065,-3.50213,2453724.6836432,2.438977,0.927684,-55409.434411,0.867823,-6.779416,0.392805,-55409.328053,0.333067,-19.568161,0.393445,-2.084911,4.107108,3.533803,0.781103,0.610703,0.000551,0.165648,0.00053,0.210851,0.00065,0,6.111519,47.688689,0.023296,-55.6,154.6,2453724.68364,-3.44851,-3.448208,0.374,-9999999,0.438607,-0.295711,0.840418,-0.332249,0.801363,0.5,300.0003,-2.052848,4.094649,2005-12-20T04:14:40.339,-9999999,K5,072.C-0488(E),Mayor,-9999999,HARPS_ech_obs_all,HARPS_ech_obs_thosimult,STAR_WAVE_K5,3.43535408267864E-05,1.39161899201047E-06,0,0,0
GJ204,82.1065,-3.50213,2453724.6874772,2.784336,0.918996,-55408.452966,0.860812,-6.435287,0.371822,-55408.353859,0.314346,-19.213461,0.372525,-2.799194,3.392912,4.094234,0.741335,0.610825,0.000526,0.165912,0.000503,0.209777,0.000614,0,6.11247,47.677165,0.022085,-55.6,162.7,2453724.68747,-3.460099,-3.45979,0.009,-9999999,0.43861,-0.296941,0.840418,-0.339503,0.801363,0.5,300.001,-2.755144,3.378139,2005-12-20T04:20:11.602,-9999999,K5,072.C-0488(E),Mayor,-9999999,HARPS_ech_obs_all,HARPS_ech_obs_thosimult,STAR_WAVE_K5,3.44628806248429E-05,1.0439152610249E-06,0,0,0
GJ204,82.1065,-3.50213,2453725.6590551,-0.818584,0.939009,-55412.585389,1.037926,-10.062492,0.381306,-55412.128105,0.322019,-22.752158,0.382246,-0.138542,3.267778,1.859168,0.731971,0.608754,0.000535,0.166411,0.000515,0.214513,0.000627,0,6.109335,47.696971,0.023838,-55.6,159.5,2453725.65904,-3.849202,-3.848886,0.369,-9999999,0.439187,-0.321226,0.858104,0.018097,0.986708,0.5,300.0023,-0.118481,3.237106,2005-12-21T03:39:16.958,-9999999,K5,072.C-0488(E),Mayor,-9999999,HARPS_ech_obs_all,HARPS_ech_obs_thosimult,STAR_WAVE_K5,3.51663029135781E-05,1.22039815099294E-06,0,0,0
GJ204,82.1065,-3.50213,2453725.6629191,0.045987,0.935809,-55412.442072,1.035534,-9.199161,0.373357,-55411.992096,0.314227,-21.83697,0.374283,7.25906,3.625662,0.698615,0.733459,0.608114,0.000524,0.165886,0.000502,0.216104,0.000616,0,6.109552,47.68548,0.022735,-55.6,162.8,2453725.66291,-3.860807,-3.860499,0.253,-9999999,0.439189,-0.322466,0.858104,0.010787,0.986708,0.51,300.0006,7.286164,3.604209,2005-12-21T03:44:47.812,-9999999,K5,072.C-0488(E),Mayor,-9999999,HARPS_ech_obs_all,HARPS_ech_obs_thosimult,STAR_WAVE_K5,3.48776963026696E-05,1.14934868165286E-06,0,0,0
GJ204,82.1065,-3.50213,2453725.6667148,-0.887513,0.938809,-55412.325728,1.037633,-10.133879,0.380815,-55411.882931,0.321076,-22.696424,0.381344,2.717584,4.136453,2.543369,0.72753,0.606553,0.000531,0.164886,0.00051,0.215551,0.000626,0,6.110183,47.688557,0.024822,-55.6,160,2453725.66671,-3.872233,-3.87193,0.189,-9999999,0.439192,-0.323684,0.858104,0.003605,0.986708,0.5,300.0005,2.747185,4.1139,2005-12-21T03:50:18.766,-9999999,K5,072.C-0488(E),Mayor,-9999999,HARPS_ech_obs_all,HARPS_ech_obs_thosimult,STAR_WAVE_K5,3.58275021956745E-05,1.37383728535729E-06,0,0,0
GJ204,82.1065,-3.50213,2453725.6705509,0.562173,0.938477,-55411.223535,1.037472,-8.685424,0.379996,-55410.787993,0.320556,-21.403502,0.380931,1.877516,3.372448,0.359696,0.871848,0.608263,0.000535,0.165586,0.000513,0.21315,0.000624,0,6.106736,47.700045,0.022885,-55.6,159.5,2453725.67055,-3.8838,-3.883519,0.21,-9999999,0.439194,-0.324915,0.858103,-0.003652,0.986707,0.5,300.0018,1.90846,3.341824,2005-12-21T03:55:50.209,-9999999,K5,072.C-0488(E),Mayor,-9999999,HARPS_ech_obs_all,HARPS_ech_obs_thosimult,STAR_WAVE_K5,3.46030237681198E-05,1.38340969069541E-06,0,0,0
GJ204,82.1065,-3.50213,2453725.6743802,-0.491118,0.95224,-55412.607165,1.046331,-9.739944,0.412819,-55412.178866,0.348163,-22.455975,0.413681,5.857509,3.43235,1.205984,0.988085,0.605558,0.000576,0.165604,0.000556,0.214084,0.000678,0,6.110452,47.69439,0.024206,-55.6,147.5,2453725.67438,-3.895361,-3.895088,0.124,-9999999,0.439196,-0.326144,0.858103,-0.010897,0.986707,0.5,300.0015,5.887787,3.398129,2005-12-21T04:01:21.064,-9999999,K5,072.C-0488(E),Mayor,-9999999,HARPS_ech_obs_all,HARPS_ech_obs_thosimult,STAR_WAVE_K5,3.38956049730203E-05,1.16018408931334E-06,0,0,0
GJ204,82.1065,-3.50213,2453725.6782792,-1.271957,0.964175,-55413.125116,1.054799,-10.522034,0.43965,-55412.704191,0.372842,-23.236927,0.440786,7.297766,3.602377,2.16181,1.023507,0.605736,0.000615,0.166929,0.000599,0.216148,0.00073,0,6.113274,47.685683,0.021984,-55.6,138.1,2453725.67827,-3.907142,-3.906841,0.288,-9999999,0.439198,-0.327395,0.858103,-0.018273,0.986707,0.52,300.0019,7.326026,3.580772,2005-12-21T04:06:51.948,-9999999,K5,072.C-0488(E),Mayor,-9999999,HARPS_ech_obs_all,HARPS_ech_obs_thosimult,STAR_WAVE_K5,3.28187859756809E-05,1.02183318505239E-06,0,0,0
GJ204,82.1065,-3.50213,2453725.6820068,-0.890109,0.941091,-55413.175623,1.03925,-10.141382,0.386408,-55412.761748,0.326267,-22.912982,0.387259,3.920586,3.962063,2.205815,0.730422,0.607384,0.000541,0.165633,0.00052,0.214746,0.000635,0,6.110271,47.678783,0.023609,-55.6,157.6,2453725.68201,-3.918407,-3.918142,0.361,-9999999,0.439201,-0.328591,0.858103,-0.025326,0.986706,0.49,300.0006,3.942922,3.937628,2005-12-21T04:12:23.012,-9999999,K5,072.C-0488(E),Mayor,-9999999,HARPS_ech_obs_all,HARPS_ech_obs_thosimult,STAR_WAVE_K5,3.48946939303568E-05,1.19545957156566E-06,0,0,0
GJ204,82.1065,-3.50213,2453725.6859492,-1.563518,0.949039,-55413.433942,1.044858,-10.816056,0.405383,-55413.027523,0.343713,-23.699271,0.406262,4.056202,3.36568,3.269344,0.898818,0.606416,0.000566,0.1654,0.000546,0.213874,0.000665,0,6.111549,47.688031,0.022089,-55.6,150.2,2453725.68594,-3.93032,-3.930035,0.338,-9999999,0.439203,-0.329856,0.858103,-0.032784,0.986706,0.52,300.0011,4.079,3.328545,2005-12-21T04:17:54.645,-9999999,K5,072.C-0488(E),Mayor,-9999999,HARPS_ech_obs_all,HARPS_ech_obs_thosimult,STAR_WAVE_K5,3.39359080253871E-05,1.24893694437304E-06,0,0,0
GJ204,82.1065,-3.50213,2453725.6896732,-0.688689,0.93953,-55412.093558,1.038393,-9.942422,0.382593,-55411.694183,0.323529,-22.671677,0.383286,7.998805,3.976382,3.252867,0.934806,0.606895,0.000534,0.169072,0.000511,0.214304,0.000626,0,6.113036,47.686085,0.022086,-55.6,159.5,2453725.68967,-3.941563,-3.941261,0.449,-9999999,0.439205,-0.331051,0.858102,-0.03983,0.986706,0.49,300.0015,8.020491,3.9477,2005-12-21T04:23:25.399,-9999999,K5,072.C-0488(E),Mayor,-9999999,HARPS_ech_obs_all,HARPS_ech_obs_thosimult,STAR_WAVE_K5,3.41190366207819E-05,1.21213391515379E-06,0,0,0
GJ204,82.1065,-3.50213,2453725.6934729,-1.583829,0.942671,-55414.027486,1.040522,-10.838782,0.390243,-55413.635298,0.3303,-23.677078,0.391311,9.135133,3.481492,2.4842,0.848649,0.608058,0.000547,0.16866,0.000523,0.213845,0.000639,0,6.11169,47.681612,0.021864,-55.6,156,2453725.69346,-3.953022,-3.952713,0.157,-9999999,0.439207,-0.332271,0.858102,-0.047019,0.986706,0.48,299.9999,9.165196,3.451115,2005-12-21T04:28:56.702,-9999999,K5,072.C-0488(E),Mayor,-9999999,HARPS_ech_obs_all,HARPS_ech_obs_thosimult,STAR_WAVE_K5,3.48522141623963E-05,1.10001175438267E-06,0,0,0
GJ204,82.1065,-3.50213,2453726.6549264,1.188035,0.94904,-55408.782531,0.641348,-8.033377,0.405379,-55409.684358,0.342502,-20.832961,0.406099,4.610618,3.591192,4.526643,0.701161,0.611751,0.000571,0.166084,0.000549,0.210494,0.00067,0,6.111623,47.651146,0.025574,-55.6,149.6,2453726.65492,-4.310923,-4.310641,0.185,-9999999,0.439779,-0.29873,0.858105,-1.341606,0.542235,0.46,300.0025,4.647922,3.559322,2005-12-22T03:33:33.428,-9999999,K5,072.C-0488(E),Mayor,-9999999,HARPS_ech_obs_all,HARPS_ech_obs_thosimult,STAR_WAVE_K5,3.43968875976666E-05,1.22904675996373E-06,0,0,0
GJ204,82.1065,-3.50213,2453726.6590553,1.801132,0.951819,-55407.859749,0.644756,-7.421605,0.411845,-55408.769386,0.348845,-20.248454,0.412712,-6.564288,3.238636,5.832919,0.880611,0.612514,0.000582,0.165396,0.000558,0.208201,0.000678,0,6.112011,47.652757,0.022215,-55.6,146.9,2453726.65905,-4.32331,-4.323038,0.078,-9999999,0.439781,-0.300055,0.858104,-1.349418,0.542234,0.54,299.9987,-6.536961,3.207892,2005-12-22T03:39:06.173,-9999999,K5,072.C-0488(E),Mayor,-9999999,HARPS_ech_obs_all,HARPS_ech_obs_thosimult,STAR_WAVE_K5,3.40430277560742E-05,1.1267662473359E-06,0,0,0
GJ204,82.1065,-3.50213,2453726.6627479,1.650448,0.937764,-55408.360254,0.628977,-7.573474,0.378232,-55409.276874,0.318739,-20.3577,0.378864,-6.054219,2.996792,5.062307,0.647296,0.611439,0.000535,0.165932,0.000512,0.208723,0.000623,0,6.109965,47.664473,0.023031,-55.6,160,2453726.66275,-4.334415,-4.334145,0.473,-9999999,0.439784,-0.30124,0.858104,-1.356404,0.542234,0.5,300.0003,-6.021897,2.967798,2005-12-22T03:44:37.216,-9999999,K5,072.C-0488(E),Mayor,-9999999,HARPS_ech_obs_all,HARPS_ech_obs_thosimult,STAR_WAVE_K5,3.45381198123068E-05,1.21740104419946E-06,0,0,0
GJ204,82.1065,-3.50213,2453726.6666082,0.794253,0.937099,-55409.122676,0.628144,-8.430908,0.376579,-55410.046597,0.317094,-21.215754,0.377251,-0.771786,2.70766,5.150046,0.596651,0.612439,0.000532,0.166847,0.00051,0.210217,0.000621,0,6.11197,47.657085,0.025134,-55.6,160.9,2453726.6666,-4.346047,-4.345761,0.503,-9999999,0.439786,-0.302479,0.858104,-1.363707,0.542233,0.5,299.9984,-0.739475,2.6728,2005-12-22T03:50:10.751,-9999999,K5,072.C-0488(E),Mayor,-9999999,HARPS_ech_obs_all,HARPS_ech_obs_thosimult,STAR_WAVE_K5,3.62451673159388E-05,1.08569503724361E-06,0,0,0
GJ204,82.1065,-3.50213,2453726.6704621,1.432679,0.935459,-55408.979257,0.626911,-7.793718,0.372482,-55409.910467,0.314646,-20.615906,0.373346,3.167403,3.157545,5.674457,0.681232,0.61152,0.000529,0.165067,0.000504,0.210057,0.000617,0,6.112423,47.642723,0.024955,-55.6,161.9,2453726.67045,-4.357675,-4.357364,0.324,-9999999,0.439788,-0.303715,0.858103,-1.370998,0.542232,0.51,299.9989,3.192848,3.120651,2005-12-22T03:55:40.735,-9999999,K5,072.C-0488(E),Mayor,-9999999,HARPS_ech_obs_all,HARPS_ech_obs_thosimult,STAR_WAVE_K5,3.51649869609463E-05,1.03015530216822E-06,0,0,0
GJ204,82.1065,-3.50213,2453726.674235,2.155954,0.936462,-55408.357754,0.627836,-7.071654,0.374993,-55409.2961,0.316485,-19.803839,0.375788,-2.055815,3.232107,5.319742,0.710401,0.610576,0.000529,0.165941,0.000507,0.210849,0.00062,0,6.113847,47.649235,0.024355,-55.6,161.4,2453726.67423,-4.36907,-4.368762,0.349,-9999999,0.43979,-0.304926,0.858103,-1.378136,0.542232,0.49,300.0009,-2.022299,3.204576,2005-12-22T04:01:12.718,-9999999,K5,072.C-0488(E),Mayor,-9999999,HARPS_ech_obs_all,HARPS_ech_obs_thosimult,STAR_WAVE_K5,3.53969398074269E-05,1.09968067770088E-06,0,0,0
GJ204,82.1065,-3.50213,2453726.6781408,2.434043,0.938242,-55407.621042,0.629561,-6.794818,0.379417,-55408.566775,0.319895,-19.534677,0.380247,-3.408009,3.642527,5.221868,0.819699,0.61004,0.000536,0.165141,0.000512,0.210672,0.000628,0,6.112227,47.655452,0.022725,-55.6,159.5,2453726.67814,-4.380871,-4.380584,0.185,-9999999,0.439793,-0.306179,0.858103,-1.385526,0.542231,0.51,300.0011,-3.377561,3.612491,2005-12-22T04:06:44.182,-9999999,K5,072.C-0488(E),Mayor,-9999999,HARPS_ech_obs_all,HARPS_ech_obs_thosimult,STAR_WAVE_K5,3.44371381887202E-05,9.15229424317896E-07,0,0,0
GJ204,82.1065,-3.50213,2453726.681865,1.480149,0.941173,-55409.156272,0.632751,-7.749907,0.386609,-55410.109049,0.326127,-20.498391,0.387254,0.01035,3.32186,6.773676,0.762441,0.610135,0.000545,0.165425,0.000521,0.210516,0.000638,0,6.115325,47.639587,0.022098,-55.6,157,2453726.68185,-4.392122,-4.391812,0.38,-9999999,0.439795,-0.307374,0.858103,-1.392572,0.542231,0.48,300.0007,0.028791,3.281452,2005-12-22T04:12:14.957,-9999999,K5,072.C-0488(E),Mayor,-9999999,HARPS_ech_obs_all,HARPS_ech_obs_thosimult,STAR_WAVE_K5,3.37153059208318E-05,1.44146729433158E-06,0,0,0
GJ204,82.1065,-3.50213,2453726.6857593,1.293005,0.93383,-55408.379751,0.624382,-7.938301,0.368373,-55409.339893,0.309578,-20.719715,0.369073,-2.686283,2.801939,5.376477,0.781973,0.610086,0.00052,0.16508,0.000495,0.210516,0.000607,0,6.112918,47.636462,0.023796,-55.6,164.7,2453726.68575,-4.403881,-4.403591,0.158,-9999999,0.439797,-0.308624,0.858103,-1.399939,0.542231,0.5,300.0016,-2.665373,2.769568,2005-12-22T04:17:45.431,-9999999,K5,072.C-0488(E),Mayor,-9999999,HARPS_ech_obs_all,HARPS_ech_obs_thosimult,STAR_WAVE_K5,3.43237118418516E-05,8.21030173456257E-07,0,0,0
GJ204,82.1065,-3.50213,2453726.6895907,1.802373,0.930475,-55408.429918,0.620807,-7.430162,0.359784,-55409.397307,0.302303,-20.241985,0.360362,-3.032691,3.424708,4.937513,0.695462,0.610702,0.000507,0.165673,0.000483,0.210126,0.000591,0,6.112338,47.652975,0.022693,-55.6,168.8,2453726.68959,-4.415437,-4.415149,0.275,-9999999,0.439799,-0.309853,0.858102,-1.407188,0.54223,0.5,300.0005,-3.010885,3.397537,2005-12-22T04:23:16.464,-9999999,K5,072.C-0488(E),Mayor,-9999999,HARPS_ech_obs_all,HARPS_ech_obs_thosimult,STAR_WAVE_K5,3.50160602920925E-05,1.12562812035287E-06,0,0,0
GJ204,82.1065,-3.50213,2453727.634388,3.908582,0.661387,-55407.719558,0.933485,-7.552085,0.349745,-55409.199043,0.292291,-20.346566,0.350285,-1.387259,3.249992,4.109706,0.473577,0.607349,0.000493,0.16528,0.000468,0.214865,0.000573,0,6.114863,47.653677,0.026918,-55.6,173.6,2453727.63439,-4.723137,-4.722846,0.427,-9999999,0.440361,-2.537985,0.561348,-1.919846,0.886544,0.5,300.0018,-1.370846,3.217034,2005-12-23T03:03:48.207,-9999999,K5,072.C-0488(E),Mayor,-9999999,HARPS_ech_obs_all,HARPS_ech_obs_thosimult,STAR_WAVE_K5,3.48598519547493E-05,1.26086934465285E-06,0,0,0
GJ204,82.1065,-3.50213,2453727.6382218,2.718733,0.663031,-55408.645868,0.934836,-8.743164,0.352844,-55410.132604,0.29658,-21.50347,0.353434,-3.965001,4.054281,3.968357,0.720258,0.607246,0.0005,0.1693,0.000474,0.214066,0.00058,0,6.112511,47.659399,0.025652,-55.6,171.3,2453727.63822,-4.734431,-4.734134,0.346,-9999999,0.440363,-2.539215,0.561347,-1.927099,0.886543,0.5,299.999,-3.960561,4.018221,2005-12-23T03:09:19.451,-9999999,K5,072.C-0488(E),Mayor,-9999999,HARPS_ech_obs_all,HARPS_ech_obs_thosimult,STAR_WAVE_K5,3.49657482222596E-05,1.2178342605424E-06,0,0,0
GJ204,82.1065,-3.50213,2453727.6419552,2.968845,0.670957,-55408.731521,0.939124,-8.49425,0.367524,-55410.225318,0.309834,-21.109903,0.368226,-0.262827,3.759765,2.358845,0.595412,0.606474,0.000523,0.168554,0.000496,0.214587,0.000608,0,6.109534,47.664675,0.024703,-55.6,163.7,2453727.64195,-4.745481,-4.745203,0.476,-9999999,0.440366,-2.540413,0.561346,-1.934163,0.886542,0.47,299.9997,-0.25304,3.72208,2005-12-23T03:14:51.025,-9999999,K5,072.C-0488(E),Mayor,-9999999,HARPS_ech_obs_all,HARPS_ech_obs_thosimult,STAR_WAVE_K5,3.54086028702562E-05,1.17031198057738E-06,0,0,0
GJ204,82.1065,-3.50213,2453727.6460286,4.014838,0.676306,-55408.294544,0.941768,-7.449564,0.377202,-55409.796045,0.317761,-20.304662,0.377843,4.814985,3.70181,2.953229,0.750045,0.606458,0.000538,0.168403,0.00051,0.213241,0.000624,0,6.113133,47.664707,0.024184,-55.6,159.4,2453727.64602,-4.75759,-4.75728,-0.023,-9999999,0.440368,-2.54172,0.561345,-1.941869,0.886541,0.54,300.0015,4.824235,3.663854,2005-12-23T03:20:21.969,-9999999,K5,072.C-0488(E),Mayor,-9999999,HARPS_ech_obs_all,HARPS_ech_obs_thosimult,STAR_WAVE_K5,3.46113511655372E-05,1.32570578328136E-06,0,0,0
GJ204,82.1065,-3.50213,2453727.6497193,3.270176,0.666616,-55408.575984,0.936566,-8.195411,0.35954,-55410.084466,0.301995,-20.836301,0.359938,2.37164,3.815037,2.981863,0.729108,0.607043,0.000512,0.169269,0.000485,0.214793,0.000594,0,6.109554,47.674665,0.023768,-55.6,167.6,2453727.64971,-4.768603,-4.768301,0.206,-9999999,0.44037,-2.542905,0.561345,-1.948852,0.886541,0.5,300.0009,2.387979,3.785862,2005-12-23T03:25:52.853,-9999999,K5,072.C-0488(E),Mayor,-9999999,HARPS_ech_obs_all,HARPS_ech_obs_thosimult,STAR_WAVE_K5,3.50217782042224E-05,1.08926959926055E-06,0,0,0
GJ204,82.1065,-3.50213,2453727.6534774,3.16763,0.673587,-55408.48527,0.94033,-8.299163,0.372307,-55410.00086,0.313475,-21.132477,0.3727,-2.027455,3.111515,4.475074,0.674202,0.606604,0.000531,0.168592,0.000502,0.212517,0.000613,0,6.112987,47.665094,0.025374,-55.6,161.7,2453727.65347,-4.779853,-4.779564,0.103,-9999999,0.440372,-2.544111,0.561344,-1.955962,0.88654,0.48,299.9997,-2.03003,3.070012,2005-12-23T03:31:23.556,-9999999,K5,072.C-0488(E),Mayor,-9999999,HARPS_ech_obs_all,HARPS_ech_obs_thosimult,STAR_WAVE_K5,3.4911840814281E-05,1.03577371411154E-06,0,0,0
GJ204,82.1065,-3.50213,2453727.6573903,4.096702,0.690683,-55407.692193,0.949924,-7.371346,0.402413,-55409.215183,0.341178,-20.055694,0.403172,-2.679233,3.509748,3.82858,0.830047,0.606733,0.000574,0.168273,0.000545,0.214522,0.000669,0,6.111569,47.668565,0.023732,-55.6,149.2,2453727.65738,-4.791598,-4.791309,0.342,-9999999,0.440375,-2.545366,0.561343,-1.963365,0.88654,0.5,300.0019,-2.669005,3.478285,2005-12-23T03:36:55.641,-9999999,K5,072.C-0488(E),Mayor,-9999999,HARPS_ech_obs_all,HARPS_ech_obs_thosimult,STAR_WAVE_K5,3.49208090283761E-05,1.4247360631141E-06,0,0,0
GJ204,82.1065,-3.50213,2453727.661327,3.676594,0.688138,-55408.406373,0.947914,-7.792718,0.398031,-55409.936809,0.335544,-20.474895,0.398764,0.781661,3.653118,6.172034,0.747602,0.607026,0.000566,0.168772,0.000537,0.214106,0.000657,0,6.11476,47.648944,0.023733,-55.6,151.7,2453727.66132,-4.803441,-4.80315,-0.022,-9999999,0.440377,-2.54663,0.561343,-1.970813,0.886539,0.53,300.0017,0.790319,3.61588,2005-12-23T03:42:26.774,-9999999,K5,072.C-0488(E),Mayor,-9999999,HARPS_ech_obs_all,HARPS_ech_obs_thosimult,STAR_WAVE_K5,3.53912382124782E-05,1.28229928703978E-06,0,0,0
GJ204,82.1065,-3.50213,2453727.6650266,2.900766,0.665354,-55408.770392,0.936224,-8.569733,0.357199,-55410.307825,0.30094,-21.374362,0.35782,2.404716,3.446651,4.021718,0.630184,0.606247,0.00051,0.168547,0.000482,0.213941,0.00059,0,6.112383,47.663303,0.026072,-55.6,168.4,2453727.66502,-4.814591,-4.814316,0.329,-9999999,0.440379,-2.547817,0.561342,-1.977812,0.886539,0.49,300.0018,2.412997,3.404875,2005-12-23T03:47:58.428,-9999999,K5,072.C-0488(E),Mayor,-9999999,HARPS_ech_obs_all,HARPS_ech_obs_thosimult,STAR_WAVE_K5,3.42871227022838E-05,1.03730319068062E-06,0,0,0
GJ204,82.1065,-3.50213,2453727.6689239,3.212927,0.673146,-55407.998362,0.940509,-8.258822,0.371512,-55409.543165,0.314016,-20.940569,0.371988,-0.360036,3.507906,4.583551,0.589495,0.606747,0.000529,0.169535,0.000502,0.213035,0.000612,0,6.110165,47.659421,0.023412,-55.6,162,2453727.66892,-4.826351,-4.826088,0.024,-9999999,0.440382,-2.549067,0.561342,-1.985185,0.886538,0.51,299.9998,-0.342138,3.466525,2005-12-23T03:53:29.162,-9999999,K5,072.C-0488(E),Mayor,-9999999,HARPS_ech_obs_all,HARPS_ech_obs_thosimult,STAR_WAVE_K5,3.49348087294285E-05,1.16163961459483E-06,0,0,0
GJ204,82.1065,-3.50213,2453728.6455991,0.536964,0.944287,-55411.307527,1.040905,-8.681455,0.394122,-55410.998227,0.331491,-21.432526,0.394531,1.037011,3.252889,5.390957,0.697482,0.609948,0.000556,0.164741,0.00053,0.209312,0.000649,0,6.115112,47.647354,0.024749,-55.6,153.7,2453728.6456,-5.228588,-5.22832,0.28,-9999999,0.440962,-0.295737,0.858106,-0.131662,0.98671,0.5,299.9986,1.054332,3.212572,2005-12-24T03:19:58.320,-9999999,K5,072.C-0488(E),Mayor,-9999999,HARPS_ech_obs_all,HARPS_ech_obs_thosimult,STAR_WAVE_K5,3.59556187909811E-05,1.22245592786302E-06,0,0,0
GJ204,82.1065,-3.50213,2453728.6494266,0.07667,0.945967,-55411.622303,1.042106,-9.142977,0.398132,-55411.320242,0.335246,-21.851069,0.398558,-1.453901,3.681504,5.386362,0.655225,0.609106,0.000564,0.165648,0.000539,0.209337,0.000658,0,6.113961,47.658719,0.022817,-55.6,151.7,2453728.64943,-5.240029,-5.239774,0.083,-9999999,0.440964,-0.296965,0.858106,-0.138903,0.98671,0.5,300.0026,-1.450833,3.646552,2005-12-24T03:25:29.026,-9999999,K5,072.C-0488(E),Mayor,-9999999,HARPS_ech_obs_all,HARPS_ech_obs_thosimult,STAR_WAVE_K5,3.54080480017534E-05,1.14400013911602E-06,0,0,0
GJ204,82.1065,-3.50213,2453728.6532609,0.025211,0.950564,-55412.129002,1.045604,-9.195667,0.408935,-55411.834192,0.345966,-22.010635,0.409394,-2.41383,3.586538,5.299035,0.74762,0.61009,0.000577,0.164133,0.000551,0.210196,0.000677,0,6.115086,47.656358,0.025897,-55.6,147.8,2453728.65326,-5.251524,-5.251262,0.501,-9999999,0.440967,-0.298196,0.858105,-0.146157,0.986709,0.5,300.0009,-2.402872,3.549842,2005-12-24T03:31:00.310,-9999999,K5,072.C-0488(E),Mayor,-9999999,HARPS_ech_obs_all,HARPS_ech_obs_thosimult,STAR_WAVE_K5,3.42498381030788E-05,1.25365929511387E-06,0,0,0
GJ204,82.1065,-3.50213,2453728.6570909,-0.207605,0.945806,-55411.762018,1.042326,-9.429712,0.397751,-55411.474453,0.335932,-22.317654,0.398483,4.661078,3.898505,4.016811,0.665432,0.609299,0.000564,0.165333,0.000539,0.210254,0.00066,0,6.113962,47.661617,0.024532,-55.6,151.5,2453728.65709,-5.263034,-5.262748,0.364,-9999999,0.440969,-0.299425,0.858105,-0.153404,0.986709,0.5,299.9984,4.67232,3.85967,2005-12-24T03:36:31.234,-9999999,K5,072.C-0488(E),Mayor,-9999999,HARPS_ech_obs_all,HARPS_ech_obs_thosimult,STAR_WAVE_K5,3.38381149230371E-05,1.31541695111332E-06,0,0,0
GJ204,82.1065,-3.50213,2453728.6609198,-0.489929,0.942606,-55412.255074,1.040179,-9.713264,0.390082,-55411.97475,0.329211,-22.46772,0.390772,4.474011,3.718163,3.965435,0.822105,0.609574,0.000553,0.165665,0.000528,0.210345,0.000646,0,6.116432,47.67069,0.024378,-55.6,154.7,2453728.66092,-5.274562,-5.274286,0.569,-9999999,0.440971,-0.300653,0.858104,-0.160647,0.986708,0.5,300.0007,4.479681,3.672408,2005-12-24T03:42:02.057,-9999999,K5,072.C-0488(E),Mayor,-9999999,HARPS_ech_obs_all,HARPS_ech_obs_thosimult,STAR_WAVE_K5,3.54257184320088E-05,1.35500252142376E-06,0,0,0
GJ204,82.1065,-3.50213,2453728.6647998,-0.031296,0.939092,-55411.693055,1.038102,-9.255876,0.381511,-55411.42007,0.322588,-22.003696,0.382242,3.243859,3.327153,4.566891,0.687456,0.608969,0.000542,0.165903,0.000518,0.209784,0.000632,0,6.113221,47.661055,0.023268,-55.6,157.8,2453728.6648,-5.286261,-5.28598,-0.041,-9999999,0.440973,-0.301898,0.858104,-0.167988,0.986708,0.51,300.0015,3.252861,3.279705,2005-12-24T03:47:34.291,-9999999,K5,072.C-0488(E),Mayor,-9999999,HARPS_ech_obs_all,HARPS_ech_obs_thosimult,STAR_WAVE_K5,3.4833711301637E-05,1.11842072313023E-06,0,0,0
GJ204,82.1065,-3.50213,2453728.6686109,-0.187603,0.938417,-55412.222847,1.037204,-9.413406,0.379849,-55411.957069,0.319689,-22.107374,0.380651,3.338117,3.941216,4.125674,0.777546,0.608665,0.000537,0.164426,0.00051,0.209814,0.000627,0,6.115168,47.662724,0.024744,-55.6,159.3,2453728.6686,-5.297764,-5.297475,0.433,-9999999,0.440976,-0.303121,0.858104,-0.175198,0.986707,0.5,300.0012,3.344175,3.903887,2005-12-24T03:53:06.574,-9999999,K5,072.C-0488(E),Mayor,-9999999,HARPS_ech_obs_all,HARPS_ech_obs_thosimult,STAR_WAVE_K5,3.70348122619942E-05,1.13253267077244E-06,0,0,0
GJ204,82.1065,-3.50213,2453728.6724765,-0.913302,0.93471,-55412.139489,1.035013,-10.140346,0.370595,-55411.881023,0.312507,-22.928387,0.371086,0.10865,3.474553,3.739156,0.647202,0.608752,0.000525,0.164702,0.000499,0.21064,0.000613,0,6.110407,47.675227,0.023972,-55.6,163,2453728.67247,-5.309435,-5.30915,0.323,-9999999,0.440978,-0.304362,0.858103,-0.182512,0.986707,0.51,300.0007,0.117645,3.432554,2005-12-24T03:58:37.569,-9999999,K5,072.C-0488(E),Mayor,-9999999,HARPS_ech_obs_all,HARPS_ech_obs_thosimult,STAR_WAVE_K5,3.41993869527951E-05,1.26548262189467E-06,0,0,0
GJ204,82.1065,-3.50213,2453728.6762902,-1.533852,0.933384,-55413.113798,1.034036,-10.762119,0.36724,-55412.862545,0.309259,-23.421209,0.367896,1.787476,3.283377,4.756072,0.691744,0.610785,0.000519,0.164812,0.000493,0.210592,0.000605,0,6.112651,47.650781,0.024935,-55.6,165.1,2453728.67629,-5.32095,-5.320684,0.388,-9999999,0.44098,-0.305585,0.858103,-0.189727,0.986707,0.5,300,1.801025,3.241913,2005-12-24T04:04:10.083,-9999999,K5,072.C-0488(E),Mayor,-9999999,HARPS_ech_obs_all,HARPS_ech_obs_thosimult,STAR_WAVE_K5,3.45233657386983E-05,1.17021573733545E-06,0,0,0
GJ204,82.1065,-3.50213,2453728.6801569,-0.028,0.934249,-55411.612545,1.034672,-9.257508,0.369432,-55411.368604,0.311379,-21.944448,0.370303,4.513178,3.200412,4.448937,0.706056,0.609591,0.000524,0.164348,0.000497,0.210584,0.000611,0,6.112366,47.663221,0.022203,-55.6,163.5,2453728.68015,-5.332618,-5.332352,0.231,-9999999,0.440983,-0.306826,0.858103,-0.197042,0.986707,0.51,299.9994,4.510457,3.149153,2005-12-24T04:09:41.167,-9999999,K5,072.C-0488(E),Mayor,-9999999,HARPS_ech_obs_all,HARPS_ech_obs_thosimult,STAR_WAVE_K5,3.46907306572825E-05,9.5332187938674E-07,0,0,0
GJ204,82.1065,-3.50213,2453729.6527428,1.923846,0.805974,-55410.944532,1.052354,-8.229021,0.432222,-55410.648148,0.365861,-20.997049,0.4331,1.04124,3.667602,3.090869,0.79376,0.605647,0.000606,0.165121,0.000583,0.209978,0.000714,0,6.111912,47.689665,0.026665,-55.6,140.4,2453729.65274,-5.721192,-5.720926,-0.067,-9999999,0.441561,-1.230185,0.680278,-0.145177,0.986709,0.51,300.0015,1.039094,3.638154,2005-12-25T03:30:14.141,-9999999,K5,072.C-0488(E),Mayor,-9999999,HARPS_ech_obs_all,HARPS_ech_obs_thosimult,STAR_WAVE_K5,3.55329122123894E-05,9.67421816866066E-07,0,0,0
GJ204,82.1065,-3.50213,2453729.6565091,2.523449,0.809433,-55410.138121,1.054286,-7.630626,0.43864,-55409.848861,0.371382,-20.276723,0.439438,2.687435,4.839856,3.144447,0.863819,0.605922,0.000616,0.165023,0.000592,0.209023,0.000724,0,6.113149,47.674976,0.024395,-55.6,138.3,2453729.6565,-5.73252,-5.732242,0.135,-9999999,0.441563,-1.231393,0.680277,-0.152303,0.986709,0.49,300.0025,2.688553,4.815059,2005-12-25T03:35:45.555,-9999999,K5,072.C-0488(E),Mayor,-9999999,HARPS_ech_obs_all,HARPS_ech_obs_thosimult,STAR_WAVE_K5,3.39209342865816E-05,1.00092150646545E-06,0,0,0
GJ204,82.1065,-3.50213,2453729.6603765,3.027307,0.801123,-55409.774013,1.049574,-7.128009,0.423109,-55409.492068,0.357787,-19.931889,0.424162,-1.078378,4.190591,1.299586,0.838137,0.606643,0.000597,0.165533,0.000573,0.210641,0.000702,0,6.114318,47.684591,0.023848,-55.6,142.9,2453729.66037,-5.74417,-5.743889,0.141,-9999999,0.441565,-1.232634,0.680277,-0.15962,0.986708,0.5,299.9998,-1.074725,4.167991,2005-12-25T03:41:16.709,-9999999,K5,072.C-0488(E),Mayor,-9999999,HARPS_ech_obs_all,HARPS_ech_obs_thosimult,STAR_WAVE_K5,3.48671053155609E-05,1.20686445634107E-06,0,0,0
GJ204,82.1065,-3.50213,2453729.6643149,2.715727,0.816337,-55409.345969,1.057633,-7.440853,0.451254,-55409.071472,0.380782,-20.232566,0.451794,-2.707325,4.42255,2.06507,0.770187,0.606403,0.000634,0.165059,0.00061,0.211598,0.00075,0,6.11367,47.663503,0.019492,-55.6,134.4,2453729.6643,-5.756048,-5.755759,-0.087,-9999999,0.441568,-1.233898,0.680276,-0.167071,0.986708,0.53,300.001,-2.699375,4.389583,2005-12-25T03:46:47.993,-9999999,K5,072.C-0488(E),Mayor,-9999999,HARPS_ech_obs_all,HARPS_ech_obs_thosimult,STAR_WAVE_K5,3.38800521689161E-05,1.34624200762405E-06,0,0,0
GJ204,82.1065,-3.50213,2453729.6678984,2.488908,0.820285,-55409.999449,1.060018,-7.668822,0.458358,-55409.731729,0.387358,-20.339109,0.459382,-2.361948,4.419979,1.22277,0.769296,0.606098,0.000641,0.164425,0.000617,0.2108,0.000758,0,6.114666,47.681054,0.024092,-55.6,132.7,2453729.66789,-5.766862,-5.766592,0.37,-9999999,0.44157,-1.235048,0.680276,-0.17385,0.986707,0.46,299.9989,-2.353871,4.385258,2005-12-25T03:52:18.617,-9999999,K5,072.C-0488(E),Mayor,-9999999,HARPS_ech_obs_all,HARPS_ech_obs_thosimult,STAR_WAVE_K5,3.51107580788492E-05,1.24834645229831E-06,0,0,0
GJ204,82.1065,-3.50213,2453729.6720397,1.942267,0.801643,-55411.037261,1.050106,-8.216792,0.424096,-55410.777374,0.359348,-20.829906,0.424615,-4.686346,3.607231,1.541205,0.865543,0.606512,0.000597,0.165362,0.000574,0.211016,0.000704,0,6.107147,47.68577,0.024778,-55.6,142.8,2453729.67203,-5.779362,-5.779099,0.153,-9999999,0.441572,-1.236377,0.680275,-0.181685,0.986707,0.55,299.9998,-4.673979,3.569522,2005-12-25T03:57:49.431,-9999999,K5,072.C-0488(E),Mayor,-9999999,HARPS_ech_obs_all,HARPS_ech_obs_thosimult,STAR_WAVE_K5,3.44640891623136E-05,1.05605123039823E-06,0,0,0
GJ204,82.1065,-3.50213,2453729.675663,1.165217,0.79986,-55411.984973,1.048902,-8.995005,0.420715,-55411.731939,0.355817,-21.818874,0.42162,0.172193,4.07603,3.619596,0.877299,0.60578,0.000586,0.164735,0.000564,0.210144,0.000691,0,6.113073,47.685998,0.022285,-55.6,145,2453729.67566,-5.790294,-5.790004,0.037,-9999999,0.441574,-1.23754,0.680275,-0.18854,0.986707,0.49,300,0.179917,4.033064,2005-12-25T04:03:20.485,-9999999,K5,072.C-0488(E),Mayor,-9999999,HARPS_ech_obs_all,HARPS_ech_obs_thosimult,STAR_WAVE_K5,3.44996703755057E-05,1.20968051742532E-06,0,0,0
GJ204,82.1065,-3.50213,2453729.679529,2.191284,0.790252,-55410.016799,1.043761,-7.970178,0.40215,-55409.771077,0.340362,-20.755199,0.402872,-3.419107,3.7643,2.613984,0.657406,0.60616,0.000564,0.165711,0.000541,0.210738,0.000663,0,6.113092,47.674752,0.023332,-55.6,151.1,2453729.67952,-5.801949,-5.801661,0.211,-9999999,0.441577,-1.23878,0.680275,-0.195855,0.986707,0.5,300,-3.413687,3.71266,2005-12-25T04:08:51.519,-9999999,K5,072.C-0488(E),Mayor,-9999999,HARPS_ech_obs_all,HARPS_ech_obs_thosimult,STAR_WAVE_K5,3.45249871927232E-05,1.14107754110217E-06,0,0,0
GJ204,82.1065,-3.50213,2453729.6833318,2.232224,0.783955,-55410.305348,1.040411,-7.930458,0.38963,-55410.066818,0.329949,-20.667439,0.389978,-1.512436,3.42214,3.282434,0.560072,0.606518,0.000549,0.165512,0.000525,0.210682,0.000643,0,6.113971,47.675082,0.026916,-55.6,155.6,2453729.68333,-5.813399,-5.813129,-0.095,-9999999,0.441579,-1.24,0.680275,-0.203049,0.986706,0.49,300.0022,-1.503037,3.363112,2005-12-25T04:14:23.083,-9999999,K5,072.C-0488(E),Mayor,-9999999,HARPS_ech_obs_all,HARPS_ech_obs_thosimult,STAR_WAVE_K5,3.40725301660247E-05,9.4770990015531E-07,0,0,0
GJ204,82.1065,-3.50213,2453729.6872663,2.37185,0.796268,-55409.91193,1.046688,-7.792095,0.413847,-55409.680842,0.349236,-20.464326,0.414615,4.152828,4.242135,3.492089,0.815672,0.605778,0.00058,0.164272,0.000555,0.211122,0.000683,0,6.113438,47.673885,0.020573,-55.6,147,2453729.68727,-5.825223,-5.824957,0.176,-9999999,0.441581,-1.241263,0.680274,-0.210493,0.986706,0.52,300.0012,4.166877,4.20573,2005-12-25T04:19:54.027,-9999999,K5,072.C-0488(E),Mayor,-9999999,HARPS_ech_obs_all,HARPS_ech_obs_thosimult,STAR_WAVE_K5,3.58682603951508E-05,1.27829956422014E-06,0,0,0
GJ204,82.1065,-3.50213,2453757.6110812,-0.519734,0.903612,-55413.277089,1.014123,-9.507168,0.283121,-55412.794289,0.234171,-22.279252,0.282113,-3.753518,2.033517,-0.747498,0.635299,0.610563,0.000382,0.167234,0.00037,0.209905,0.000451,0,6.101425,47.70773,0.021853,-55.6,221.9,2453757.61119,-17.540198,-17.540312,0.368,-9999999,0.458178,-0.064752,0.858112,0.024622,0.986717,0.48,900.0026,-3.763455,1.947648,2006-01-22T02:27:11.297,-9999999,K5,072.C-0488(E),Mayor,-9999999,HARPS_ech_obs_all,HARPS_ech_obs_thosimult,STAR_WAVE_K5,3.17116459589327E-05,1.07073656513577E-06,0,0,0
GJ204,82.1065,-3.50213,2453759.6173398,-0.55347,0.900187,-55412.706274,1.011893,-9.542912,0.271997,-55412.234123,0.224322,-22.280141,0.271195,-5.331246,2.804364,-5.168885,0.550646,0.606124,0.000374,0.166518,0.000357,0.209793,0.000437,0,6.097551,47.746055,0.023311,-55.6,228.3,2453759.61745,-18.281476,-18.281587,0.389,-9999999,0.45937,-0.06676,0.858111,0.012781,0.986715,0.48,900.0025,-5.341349,2.751871,2006-01-24T02:36:22.362,-9999999,K5,072.C-0488(E),Mayor,-9999999,HARPS_ech_obs_all,HARPS_ech_obs_thosimult,STAR_WAVE_K5,3.09892506890184E-05,9.93118356719965E-07,0,0,0
GJ204,82.1065,-3.50213,2453761.5819466,-2.727517,0.905812,-55414.532535,0.855377,-11.705602,0.290044,-55414.161366,0.239351,-24.533123,0.288898,1.587719,2.781677,-10.795737,0.619984,0.611434,0.000409,0.167396,0.000391,0.212354,0.000474,0,6.095017,47.793751,0.022882,-55.6,210.6,2453761.58206,-18.881278,-18.88139,-0.111,-9999999,0.460538,-0.055403,0.85812,-0.089369,0.821207,0.5,900.0003,1.59015,2.730134,2006-01-26T01:45:16.892,-9999999,K5,072.C-0488(E),Mayor,-9999999,HARPS_ech_obs_all,HARPS_ech_obs_thosimult,STAR_WAVE_K5,2.97191359217168E-05,1.1108383435542E-06,0,0,0
GJ204,82.1065,-3.50213,2453764.5893429,-2.942217,0.887043,-55417.108608,0.916071,-11.922676,0.224673,-55415.40773,0.17707,-24.704135,0.224494,0.29342,2.40065,-19.136874,0.681063,0.608465,0.000306,0.166605,0.000289,0.208829,0.000354,0,6.087851,47.862506,0.020244,-55.6,283.3,2453764.58946,-19.910849,-19.910998,0.138,-9999999,0.462326,-0.057777,0.858118,1.238552,0.898795,0.5,900.0003,0.318555,2.332452,2006-01-29T01:56:12.724,-9999999,K5,072.C-0488(E),Mayor,-9999999,HARPS_ech_obs_all,HARPS_ech_obs_thosimult,STAR_WAVE_K5,2.9727455335693E-05,8.80752142293514E-07,0,0,0
GJ204,82.1065,-3.50213,2453765.5876207,-2.737581,0.862884,-55414.773558,0.885962,-13.39783,0.240222,-55416.614824,0.190292,-26.198624,0.239386,1.552068,2.659136,-17.482564,0.660393,0.612241,0.000316,0.166137,0.000303,0.213322,0.00037,0,6.089056,47.854768,0.019959,-55.6,269.8,2453765.58774,-20.228915,-20.229064,0.632,-9999999,0.462919,-1.737567,0.828771,-2.304185,0.865285,0.5,900.0006,1.579139,2.614314,2006-01-30T01:53:49.694,-9999999,K5,072.C-0488(E),Mayor,-9999999,HARPS_ech_obs_all,HARPS_ech_obs_thosimult,STAR_WAVE_K5,2.92654732134149E-05,7.85725766207004E-07,0,0,0
GJ204,82.1065,-3.50213,2453782.5475823,1.972398,0.562257,-55409.933578,0.501891,-7.772441,0.260132,-55410.603033,0.209124,-20.514661,0.258979,0.028397,2.588756,3.782651,0.526056,0.612681,0.000338,0.162787,0.000322,0.212055,0.000401,0,6.115309,47.642763,0.021513,-55.6,251.5,2453782.54771,-24.516009,-24.516232,0.944,-9999999,0.472999,-0.822157,0.498462,-1.142454,0.456248,0.51,900.0004,0.056376,2.549344,2006-02-16T00:57:51.297,-9999999,K5,072.C-0488(E),Mayor,-9999999,HARPS_ech_obs_all,HARPS_ech_obs_thosimult,STAR_WAVE_K5,3.47806853710544E-05,1.1275657223728E-06,0,0,0
GJ204,82.1065,-3.50213,2453784.5744786,0.330876,0.778307,-55411.929824,0.875143,-10.266285,0.280605,-55413.031391,0.227735,-23.042945,0.279313,3.044352,2.998234,7.801701,0.637779,0.618417,0.000375,0.165345,0.000353,0.215991,0.00044,0,6.119522,47.61521,0.020599,-55.6,228.9,2453784.57459,-24.969224,-24.969413,0.329,-9999999,0.474204,-1.674479,0.725963,-1.575771,0.844992,0.48,900.0014,3.071284,2.971,2006-02-18T01:37:16.526,-9999999,K5,072.C-0488(E),Mayor,-9999999,HARPS_ech_obs_all,HARPS_ech_obs_thosimult,STAR_WAVE_K5,3.53091035791207E-05,1.1585743158794E-06,0,0,0
GJ204,82.1065,-3.50213,2453786.5530843,-0.435075,0.904809,-55412.114915,0.94582,-10.078147,0.286865,-55412.652018,0.235311,-22.928572,0.285793,2.217065,2.969304,7.826153,0.676353,0.608126,0.000401,0.163612,0.000375,0.211385,0.000465,0,6.118618,47.615048,0.0214,-55.6,215.6,2453786.55321,-25.266317,-25.266544,0.431,-9999999,0.47538,-0.72039,0.85813,-1.012483,0.916081,0.5,900.0009,2.235892,2.919905,2006-02-20T01:06:24.314,-9999999,K5,072.C-0488(E),Mayor,-9999999,HARPS_ech_obs_all,HARPS_ech_obs_thosimult,STAR_WAVE_K5,3.56172731134741E-05,1.07760658621243E-06,0,0,0
GJ204,82.1065,-3.50213,2453788.6257114,2.17343,0.882894,-55409.209964,0.993803,-7.798003,0.278561,-55410.423461,0.226837,-20.699453,0.277499,-7.13711,2.829755,12.725044,0.732096,0.611316,0.000364,0.167363,0.000346,0.215476,0.000428,0,6.122599,47.571637,0.01977,-55.6,232.3,2453788.62583,-25.758371,-25.758512,0.314,-9999999,0.476612,-1.048751,0.837798,-1.690109,0.967569,0.5,900.0017,-7.12785,2.796955,2006-02-22T02:51:14.422,-9999999,K5,072.C-0488(E),Mayor,-9999999,HARPS_ech_obs_all,HARPS_ech_obs_thosimult,STAR_WAVE_K5,3.65066156102487E-05,1.0039495523084E-06,0,0,0
GJ204,82.1065,-3.50213,2453790.5654562,2.395176,0.892142,-55407.935437,1.010791,-6.034146,0.271134,-55408.273359,0.219225,-18.832267,0.269844,-1.746605,3.26378,12.66246,0.788914,0.61139,0.00036,0.164531,0.000341,0.215931,0.000421,0,6.12163,47.580505,0.021901,-55.6,237.1,2453790.56558,-25.912136,-25.912355,0.059,-9999999,0.477765,0.49336,0.849944,-0.815687,0.986731,0.48,899.9999,-1.735714,3.251459,2006-02-24T01:25:00.692,-9999999,K5,072.C-0488(E),Mayor,-9999999,HARPS_ech_obs_all,HARPS_ech_obs_thosimult,STAR_WAVE_K5,3.62403040001128E-05,1.20542259376181E-06,0,0,0
GJ204,82.1065,-3.50213,2453810.5561487,-1.536811,0.675301,-55413.720921,0.847313,-11.499026,0.304251,-55414.369576,0.252222,-24.275612,0.304333,-4.871841,3.126777,-15.543266,0.656836,0.609691,0.000414,0.160257,0.00039,0.208948,0.000486,0,6.090733,47.821508,0.022354,-55.6,205.4,2453810.55626,-26.958785,-26.959035,-0.333,-9999999,0.489647,-1.039533,0.602878,-1.138302,0.808903,0.5,899.999,-4.862652,3.078654,2006-03-16T01:13:51.179,-9999999,K5,072.C-0488(E),Mayor,-9999999,HARPS_ech_obs_all,HARPS_ech_obs_thosimult,STAR_WAVE_K5,2.88710642517436E-05,1.00152608031296E-06,0,0,0
GJ204,82.1065,-3.50213,2453811.5482125,-2.560701,0.786245,-55414.678151,0.879824,-10.445238,0.278089,-55413.327209,0.228668,-23.261116,0.278736,1.149881,2.834096,-17.507816,0.694815,0.609983,0.000375,0.161002,0.000352,0.208597,0.000438,0,6.089416,47.834574,0.019665,-55.6,226.8,2453811.54833,-26.913206,-26.913473,0.621,-9999999,0.490236,1.038145,0.735423,0.860706,0.849589,0.5,900.0004,1.149581,2.785541,2006-03-17T01:02:33.118,-9999999,K5,072.C-0488(E),Mayor,-9999999,HARPS_ech_obs_all,HARPS_ech_obs_thosimult,STAR_WAVE_K5,2.90491611146334E-05,9.43432597183881E-07,0,0,0
GJ204,82.1065,-3.50213,2453813.5478222,-2.883311,0.898583,-55415.458614,1.010497,-12.066901,0.266571,-55415.48587,0.217836,-24.851907,0.267227,2.829001,2.505531,-18.416546,0.567546,0.610945,0.000365,0.160009,0.000339,0.208823,0.000423,0,6.087718,47.847793,0.019293,-55.6,235.7,2453813.54794,-26.82919,-26.829459,-0.078,-9999999,0.491425,-0.260908,0.858132,-0.518681,0.986738,0.48,900.0015,2.839208,2.434778,2006-03-19T01:02:32.733,-9999999,K5,072.C-0488(E),Mayor,-9999999,HARPS_ech_obs_all,HARPS_ech_obs_thosimult,STAR_WAVE_K5,2.87106292299388E-05,9.58244651208728E-07,0,0,0
GJ204,82.1065,-3.50213,2453816.5512217,-2.194882,0.854493,-55413.475976,0.644496,-11.761163,0.262016,-55414.390926,0.213211,-24.574754,0.262516,4.959754,2.88927,-17.278526,0.637289,0.609576,0.000329,0.163713,0.000316,0.212676,0.000394,0,6.088541,47.847427,0.019762,-55.6,251.1,2453816.55133,-26.652501,-26.652753,0.241,-9999999,0.49321,-0.643599,0.81333,-1.40816,0.608207,0.49,900.0015,4.969672,2.835709,2006-03-22T01:07:40.364,-9999999,K5,072.C-0488(E),Mayor,-9999999,HARPS_ech_obs_all,HARPS_ech_obs_thosimult,STAR_WAVE_K5,2.79729972102876E-05,1.09833466307635E-06,0,0,0
GJ204,82.1065,-3.50213,2453829.4980916,1.000359,0.654211,-55411.235962,0.807519,-8.620711,0.306144,-55411.012128,0.253416,-21.383808,0.305347,-6.717126,3.0228,-2.650243,0.653169,0.609713,0.000391,0.165263,0.000379,0.21416,0.00047,0,6.100012,47.716093,0.022255,-55.6,211.9,2453829.4982,-24.941789,-24.942132,-0.074,-9999999,0.500905,-0.698388,0.57816,-0.277071,0.766725,0.48,900.0002,-6.684854,2.999082,2006-04-03T23:52:54.594,-9999999,K5,072.C-0488(E),Mayor,-9999999,HARPS_ech_obs_all,HARPS_ech_obs_thosimult,STAR_WAVE_K5,3.37466456059627E-05,1.00089752793762E-06,0,0,0
GJ204,82.1065,-3.50213,2453831.479817,1.398151,0.522139,-55410.676764,0.581072,-8.372452,0.268342,-55410.962588,0.220488,-21.186869,0.267481,-1.085461,2.558623,-2.873521,0.574498,0.604785,0.000342,0.162938,0.00033,0.209901,0.000409,0,6.103483,47.717438,0.021712,-55.6,243.1,2453831.47993,-24.545768,-24.54612,0.567,-9999999,0.502083,-0.847921,0.447908,-0.787907,0.537615,0.48,900.0002,-1.058275,2.520285,2006-04-05T23:26:49.659,-9999999,K5,072.C-0488(E),Mayor,-9999999,HARPS_ech_obs_all,HARPS_ech_obs_thosimult,STAR_WAVE_K5,3.28504639974029E-05,8.3747942048806E-07,0,0,0
GJ204,82.1065,-3.50213,2453835.478568,2.08451,0.609512,-55410.427601,0.566895,-7.052556,0.30647,-55410.056433,0.25513,-19.791841,0.305278,-1.927872,2.665679,-6.598703,0.600036,0.607884,0.000392,0.164029,0.000383,0.208815,0.000472,0,6.099886,47.742593,0.021823,-55.6,210.3,2453835.47868,-23.7396,-23.739969,-0.184,-9999999,0.504459,-0.214383,0.526859,-0.133291,0.50624,0.49,899.9984,-1.887545,2.655559,2006-04-09T23:25:20.302,-9999999,K5,072.C-0488(E),Mayor,-9999999,HARPS_ech_obs_all,HARPS_ech_obs_thosimult,STAR_WAVE_K5,3.24890515508899E-05,1.14524583453137E-06,0,0,0
GJ204,82.1065,-3.50213,2454048.835571,-0.815622,0.769737,-55412.601319,0.763671,-8.671313,0.314649,-55410.948388,0.259712,-21.329937,0.316116,1.394135,3.563257,10.027344,0.783326,0.602471,0.00044,0.167021,0.000411,0.214928,0.0005,0,6.114357,47.622982,0.024313,-55.6,197.6,2454048.83568,14.810361,14.810293,0.125,-9999999,0.631271,1.066991,0.702489,1.02166,0.718153,0.46,589.202,1.400778,3.540168,2006-11-09T07:52:36.443,-9999999,K5,072.C-0488(E),Mayor,-9999999,HARPS_ech_obs_all,HARPS_ech_obs_thosimult,STAR_WAVE_K5,3.61953457174552E-05,1.14347120821668E-06,0,0,0
GJ204,82.1065,-3.50213,2454080.7236627,4.754956,0.791751,-55407.920111,0.87101,-5.235674,0.372637,-55408.2078,0.310789,-18.006616,0.373072,-7.107844,3.494287,17.36805,1.145506,0.612013,0.000517,0.170437,0.00049,0.215352,0.000598,0,6.128696,47.563493,0.023319,-55.6,167,2454080.72377,0.856962,0.856954,0.16,-9999999,0.650224,-1.067948,0.698578,-0.937913,0.813676,0.47,719.9996,-7.079574,3.478977,2006-12-11T05:09:05.456,-9999999,K5,072.C-0488(E),Mayor,-9999999,HARPS_ech_obs_all,HARPS_ech_obs_thosimult,STAR_WAVE_K5,3.71842890154473E-05,1.49826278417518E-06,0,0,0
GJ204,82.1065,-3.50213,2454122.6191459,-1.866112,0.904544,-55416.100444,0.903332,-10.591547,0.286087,-55413.994951,0.237937,-23.383669,0.285895,0.126685,2.98268,-9.281137,0.485716,0.610172,0.000396,0.164598,0.000373,0.207864,0.000457,0,6.101493,47.768486,0.019276,-55.6,216.8,2454122.61927,-17.493147,-17.493287,0.078,-9999999,0.675125,0.197247,0.858111,1.430368,0.871433,0.53,899.9991,0.130334,2.926454,2007-01-22T02:38:01.144,-9999999,K5,072.C-0488(E),Mayor,-9999999,HARPS_ech_obs_all,HARPS_ech_obs_thosimult,STAR_WAVE_K5,3.13483721446664E-05,7.58919716119133E-07,0,0,0
GJ204,82.1065,-3.50213,2454342.8490523,-1.656219,0.915062,-55413.636618,1.020441,-10.503747,0.317727,-55412.764555,0.260098,-23.247812,0.317974,-2.400829,3.535913,13.193643,0.665684,0.603671,0.000416,0.166256,0.000396,0.212983,0.000479,0,6.119686,47.594762,0.022813,-55.6,204.5,2454342.84917,25.873579,25.873296,0.1,-9999999,0.806021,0.075154,0.858131,0.066042,0.986737,0.51,900.0017,-2.368119,3.507045,2007-08-30T08:16:50.963,-9999999,K5,072.C-0488(E),Mayor,-9999999,HARPS_ech_obs_all,HARPS_ech_obs_thosimult,STAR_WAVE_K5,3.34398877141536E-05,1.13317923677413E-06,0,0,0
GJ204,82.1065,-3.50213,2454344.8893824,-0.777006,0.894015,-55413.621477,1.006635,-9.637475,0.250688,-55412.824503,0.199065,-22.359623,0.250805,-9.019716,2.597849,7.284456,0.593144,0.607726,0.000325,0.165932,0.000305,0.209233,0.000371,0,6.112813,47.648098,0.022415,-55.6,263.9,2454344.88949,26.004355,26.004018,0.002,-9999999,0.807233,0.062213,0.858148,-0.010259,0.986755,0.48,899.9973,-8.993585,2.563391,2007-09-01T09:15:07.385,-9999999,K5,072.C-0488(E),Mayor,-9999999,HARPS_ech_obs_all,HARPS_ech_obs_thosimult,STAR_WAVE_K5,3.41004995798845E-05,1.27306054851917E-06,0,0,0
GJ204,82.1065,-3.50213,2454421.7105679,3.140221,0.724996,-55409.767064,0.841048,-6.157291,0.233048,-55408.762632,0.174852,-18.891464,0.234308,-6.933836,3.160622,20.490308,0.921816,0.605777,0.000289,0.166688,0.00027,0.209878,0.000329,0,6.13084,47.504618,0.023644,-55.6,298.8,2454421.71069,11.994448,11.994437,0.627,-9999999,0.852893,-0.37483,0.686519,0.151539,0.822672,0.49,899.9972,-6.875391,3.156853,2007-11-17T04:49:16.497,-9999999,K5,072.C-0488(E),Mayor,-9999999,HARPS_ech_obs_all,HARPS_ech_obs_thosimult,STAR_WAVE_K5,3.83429728776636E-05,1.28542381373019E-06,0,0,0
GJ204,82.1065,-3.50213,2454423.7518211,3.411481,0.714765,-55408.269193,0.687943,-5.333201,0.316492,-55407.651565,0.259576,-18.085992,0.318652,-11.252364,3.400793,17.386179,0.913614,0.608805,0.000431,0.166201,0.000403,0.213437,0.000489,0,6.127458,47.528997,0.023745,-55.6,201.2,2454423.75194,11.016773,11.016748,0.376,-9999999,0.854106,0.178,0.640876,-0.236478,0.637091,0.49,900,-11.217536,3.406013,2007-11-19T05:48:34.054,-9999999,K5,072.C-0488(E),Mayor,-9999999,HARPS_ech_obs_all,HARPS_ech_obs_thosimult,STAR_WAVE_K5,3.82526757072312E-05,1.27896827995418E-06,0,0,0
GJ204,82.1065,-3.50213,2454426.7328626,2.409841,0.520841,-55408.878488,0.49066,-6.535537,0.242712,-55408.163285,0.189654,-19.184297,0.243629,-7.236665,3.046723,14.095275,0.816815,0.604542,0.000315,0.169647,0.000293,0.209687,0.000358,0,6.121671,47.567854,0.025384,-55.6,275,2454426.73298,9.761898,9.761893,0.408,-9999999,0.855878,-0.022696,0.460832,-0.140675,0.452525,0.5,899.9995,-7.226076,3.02289,2007-11-22T05:20:58.163,-9999999,K5,072.C-0488(E),Mayor,-9999999,HARPS_ech_obs_all,HARPS_ech_obs_thosimult,STAR_WAVE_K5,3.65304690990981E-05,1.26722453083635E-06,0,0,0
GJ204,82.1065,-3.50213,2454429.7498627,4.376773,0.803849,-55407.979324,0.961354,-2.792092,0.323094,-55405.199299,0.268334,-15.450218,0.324012,-9.226303,3.245122,14.107193,0.670911,0.608722,0.00047,0.167362,0.000434,0.20936,0.000527,0,6.117261,47.577097,0.025133,-55.6,188.3,2454429.74998,8.376213,8.376185,1.37,-9999999,0.857671,1.753817,0.73606,1.922354,0.923146,0.49,900.0003,-9.242051,3.226343,2007-11-25T05:45:28.124,-9999999,K5,072.C-0488(E),Mayor,-9999999,HARPS_ech_obs_all,HARPS_ech_obs_thosimult,STAR_WAVE_K5,3.45382401978387E-05,1.22155642887328E-06,0,0,0
GJ204,82.1065,-3.50213,2454445.6983365,0.601857,0.805327,-55410.998532,0.868126,-8.654364,0.418854,-55411.031867,0.356993,-21.525503,0.420329,3.629798,3.951326,-4.558073,0.852364,0.605117,0.000594,0.165426,0.000563,0.210181,0.00069,0,6.102076,47.73217,0.020759,-55.6,145.4,2454445.69845,1.038435,1.038451,-0.041,-9999999,0.86715,-0.333539,0.687831,-0.900485,0.791328,0.47,430,3.648673,3.937423,2007-12-11T04:34:53.398,-9999999,K5,072.C-0488(E),Mayor,-9999999,HARPS_ech_obs_all,HARPS_ech_obs_thosimult,STAR_WAVE_K5,3.16443242807551E-05,9.87716723071002E-07,0,0,0
GJ204,82.1065,-3.50213,2454445.703731,0.421222,0.796394,-55410.933838,0.861774,-8.83673,0.401411,-55410.977375,0.341254,-21.544275,0.40302,1.94932,4.114158,-5.59871,0.707508,0.605335,0.000569,0.165711,0.000538,0.20939,0.000657,0,6.100433,47.741232,0.020324,-55.6,152,2454445.70384,1.022116,1.022113,0,-9999999,0.867154,-0.33527,0.687831,-0.910691,0.791328,0.48,430,1.964211,4.095711,2007-12-11T04:42:35.184,-9999999,K5,072.C-0488(E),Mayor,-9999999,HARPS_ech_obs_all,HARPS_ech_obs_thosimult,STAR_WAVE_K5,3.17734851890599E-05,1.08624782441031E-06,0,0,0
GJ204,82.1065,-3.50213,2454449.8096069,5.504836,0.534963,-55406.011515,0.538475,-2.90597,0.365166,-55405.131868,0.30884,-15.7881,0.366163,-1.359876,3.785526,-1.679253,0.838214,0.601958,0.000489,0.16452,0.000469,0.209154,0.000575,0,6.101864,47.69928,0.019773,-55.6,173,2454449.80972,-1.199308,-1.199246,-0.027,-9999999,0.869594,0.511876,0.390946,0.010053,0.441105,0.5,900,-1.343851,3.784871,2007-12-15T07:10:59.213,-9999999,K5,072.C-0488(E),Mayor,-9999999,HARPS_ech_obs_all,HARPS_ech_obs_thosimult,STAR_WAVE_K5,3.36803332136972E-05,1.0217806646959E-06,0,0,0
GJ204,82.1065,-3.50213,2454451.6952716,3.780999,0.667052,-55408.319105,0.719947,-4.637253,0.339722,-55406.859376,0.286436,-17.305137,0.340268,-5.304087,3.834179,3.022584,0.787675,0.607358,0.000462,0.16466,0.000438,0.209084,0.000537,0,6.107121,47.679141,0.021108,-55.6,185,2454451.69539,-1.835289,-1.835327,0.277,-9999999,0.870715,0.50443,0.574062,0.589014,0.660514,0.53,900,-5.279981,3.828392,2007-12-17T04:25:54.398,-9999999,K5,072.C-0488(E),Mayor,-9999999,HARPS_ech_obs_all,HARPS_ech_obs_thosimult,STAR_WAVE_K5,3.34124840911461E-05,1.02323961495503E-06,0,0,0
GJ204,82.1065,-3.50213,2454454.7276584,4.274281,0.513816,-55407.730435,0.552945,-4.929153,0.233899,-55407.01123,0.186913,-17.72155,0.233998,-7.148035,2.72176,3.570211,0.560785,0.606791,0.000307,0.16316,0.000285,0.210786,0.000353,0,6.107441,47.673047,0.021663,-55.6,281.2,2454454.72778,-3.362773,-3.362776,0.331,-9999999,0.872517,-0.280752,0.457491,-0.153312,0.520395,0.48,900,-7.099549,2.713275,2007-12-20T05:13:19.838,-9999999,K5,072.C-0488(E),Mayor,-9999999,HARPS_ech_obs_all,HARPS_ech_obs_thosimult,STAR_WAVE_K5,3.31869059666385E-05,8.82530470469089E-07,0,0,0
GJ204,82.1065,-3.50213,2454479.6081431,1.365289,0.903695,-55410.555762,1.013474,-6.935153,0.283385,-55409.183928,0.231339,-19.780484,0.283488,-5.211835,3.57525,-4.788875,0.629892,0.605557,0.000375,0.165852,0.000356,0.209871,0.000437,0,6.102917,47.729703,0.01978,-55.6,228.1,2454479.60826,-14.260698,-14.26076,0.61,-9999999,0.887305,0.62224,0.858113,0.484529,0.986718,0.5,900,-5.15691,3.581279,2008-01-14T02:21:59.529,-9999999,K5,072.C-0488(E),Mayor,-9999999,HARPS_ech_obs_all,HARPS_ech_obs_thosimult,STAR_WAVE_K5,3.15212347129135E-05,1.01611954103569E-06,0,0,0
GJ204,82.1065,-3.50213,2454481.5896892,2.294662,0.892579,-55410.266141,0.728947,-5.999858,0.245622,-55408.505496,0.197097,-18.778385,0.24575,-9.216424,3.107323,-6.538248,0.590466,0.608697,0.000328,0.167684,0.000311,0.209853,0.000379,0,6.10068,47.744821,0.021986,-55.6,264.3,2454481.58981,-15.012156,-15.012228,0.734,-9999999,0.888483,0.628162,0.858118,0.872162,0.701796,0.49,900,-9.162625,3.108538,2008-01-16T01:55:42.488,-9999999,K5,072.C-0488(E),Mayor,-9999999,HARPS_ech_obs_all,HARPS_ech_obs_thosimult,STAR_WAVE_K5,3.11211542067752E-05,8.80146336744625E-07,0,0,0
GJ204,82.1065,-3.50213,2456619.7542597,-2.88604,0.72335,-55415.633761,0.735125,-12.334168,0.353331,-55414.18396,0.303227,-25.19505,0.356079,-2.856804,4.427866,-12.812566,1.446422,0.611191,0.000508,0.163694,0.000457,0.206494,0.000557,0,6.093213,47.805755,0.01498,-55.6,178.2,2456619.75426,9.069127,9.069259,0.259,-9999999,2.159325,-0.525446,0.631184,-0.709524,0.669673,0.5,900.0007,-2.862509,4.404337,2013-11-23T05:51:46.037,-9999999,K5,192.C-0852(A),Udry,-9999999,HARPS_ech_obs_all,HARPS_ech_obs_wavesimult,STAR_WAVE_K5,2.2743406195851E-05,6.996020494384E-07,0,0,0
GJ204,82.1065,-3.50213,2456620.7669972,-2.066511,1.031793,-55415.395982,1.092143,-10.317518,0.572929,-55413.593108,0.493069,-22.998986,0.576915,3.517618,4.926109,-9.311621,1.492885,0.606181,0.000801,0.163883,0.000741,0.21212,0.000904,0,6.101173,47.750412,0.017386,-55.6,112.2,2456620.76699,8.583919,8.58407,-0.065,-9999999,2.159927,0.671675,0.858108,-0.357053,0.974504,0.49,900.0008,3.519466,4.907126,2013-11-24T06:10:12.977,-9999999,K5,192.C-0852(A),Udry,-9999999,HARPS_ech_obs_all,HARPS_ech_obs_wavesimult,STAR_WAVE_K5,2.25388919781642E-05,7.68213581803134E-07,0,0,0
GJ204,82.1065,-3.50213,2456625.801536,-1.491674,0.610183,-55413.667096,0.63566,-9.905044,0.314198,-55411.377371,0.269511,-22.698668,0.316147,-7.183692,3.655186,-2.806901,1.530191,0.606912,0.000429,0.162988,0.000388,0.210972,0.000475,0,6.104801,47.714574,0.018364,-55.6,207.4,2456625.80153,6.200572,6.200707,0.354,-9999999,2.162919,0.509313,0.523071,0.126806,0.575697,0.5,899.9938,-7.180854,3.626965,2013-11-29T06:59:37.269,-9999999,K5,192.C-0852(A),Udry,-9999999,HARPS_ech_obs_all,HARPS_ech_obs_wavesimult,STAR_WAVE_K5,2.30369628941006E-05,8.0719365959747E-07,0,0,0
GJ204,82.1065,-3.50213,2456628.8117417,-2.900547,0.59483,-55414.113396,0.751599,-10.559712,0.380259,-55410.995238,0.32667,-23.36936,0.382137,-4.370033,3.908842,-4.820492,1.494212,0.608291,0.000532,0.162732,0.000481,0.210045,0.000588,0,6.101814,47.729878,0.020793,-55.6,168.4,2456628.81174,4.769933,4.770063,0.461,-9999999,2.164708,1.263517,0.457413,0.95345,0.676896,0.52,900.0009,-4.3486,3.89674,2013-12-02T07:13:56.124,-9999999,K5,192.C-0852(A),Udry,-9999999,HARPS_ech_obs_all,HARPS_ech_obs_wavesimult,STAR_WAVE_K5,2.41949909303099E-05,5.78368844696517E-07,0,0,0
GJ204,82.1065,-3.50213,2456632.642219,-6.759378,0.577924,-55418.638808,0.661755,-15.012812,0.322213,-55415.831425,0.271044,-27.827449,0.32395,-10.685536,3.300758,-9.481175,1.612856,0.60873,0.00042,0.16696,0.000387,0.205888,0.000473,0,6.099079,47.755535,0.019717,-55.6,209.3,2456632.64221,3.366266,3.366423,0.472,-9999999,2.166985,0.669248,0.479765,0.640398,0.6037,0.49,899.9998,-10.676664,3.265854,2013-12-06T03:10:11.865,-9999999,K5,192.C-0852(A),Udry,-9999999,HARPS_ech_obs_all,HARPS_ech_obs_wavesimult,STAR_WAVE_K5,2.30351133197071E-05,7.19079361128785E-07,0,0,0
GJ204,82.1065,-3.50213,2456673.6981814,-4.006299,0.674163,-55417.349636,0.790185,-11.26097,0.477148,-55413.289843,0.407825,-23.918088,0.476674,-4.602477,4.390943,-5.694659,1.616644,0.607502,0.000651,0.166913,0.000615,0.212341,0.000747,0,6.103346,47.705866,0.016891,-55.6,136.2,2456673.69817,-15.480312,-15.480195,0.405,-9999999,2.191387,1.668011,0.476262,1.868406,0.67681,0.49,900.0007,-4.555808,4.39315,2014-01-16T04:32:01.775,-9999999,K5,192.C-0852(A),Udry,-9999999,HARPS_ech_obs_all,HARPS_ech_obs_wavesimult,STAR_WAVE_K5,2.3249088080784E-05,8.95211213883208E-07,0,0,0
GJ204,82.1065,-3.50213,2456675.641382,-5.651977,0.517301,-55419.037015,0.556439,-13.913359,0.313744,-55415.982356,0.262013,-26.521362,0.313169,-11.855633,3.843219,-6.872528,1.525214,0.61247,0.000415,0.16661,0.000385,0.206989,0.000468,0,6.098939,47.74072,0.015583,-55.6,215,2456675.64138,-16.104664,-16.10458,0.619,-9999999,2.192542,0.6613,0.411297,0.862117,0.490891,0.5,900.0008,-11.837834,3.82197,2014-01-18T03:10:14.058,-9999999,K5,192.C-0852(A),Udry,-9999999,HARPS_ech_obs_all,HARPS_ech_obs_wavesimult,STAR_WAVE_K5,2.24013631825638E-05,7.65606756716689E-07,0,0,0
GJ204,82.1065,-3.50213,2456678.6843442,-4.795421,0.917369,-55417.32898,1.024681,-12.500763,0.324385,-55414.029342,0.276374,-25.22197,0.323847,-2.199932,3.506236,-7.814804,1.62753,0.605644,0.00045,0.162857,0.000405,0.206686,0.000499,0,6.097829,47.747575,0.017339,-55.6,199.9,2456678.68434,-17.354513,-17.354391,0.015,-9999999,2.194351,1.21734,0.858103,1.105287,0.986706,0.49,900.0011,-2.202389,3.45501,2014-01-21T04:12:29.533,-9999999,K5,192.C-0852(A),Udry,-9999999,HARPS_ech_obs_all,HARPS_ech_obs_thosimult,STAR_WAVE_K5,2.30067535892462E-05,7.43021215559919E-07,0,0,0
GJ204,82.1065,-3.50213,2456679.6312256,-2.688387,1.110271,-55413.94357,1.153505,-10.384828,0.704522,-55410.577894,0.597471,-23.261529,0.702888,12.656015,6.259798,-12.719798,1.847344,0.610897,0.000991,0.166269,0.000928,0.206267,0.001145,0,6.09931,47.7695,0.01786,-55.6,91.1,2456679.63122,-17.579343,-17.579203,0.169,-9999999,2.194914,1.226241,0.858108,1.170762,0.986713,0.35,900.0003,12.630158,6.239645,2014-01-22T02:58:10.808,-9999999,K5,192.C-0852(A),Udry,-9999999,HARPS_ech_obs_all,HARPS_ech_obs_thosimult,STAR_WAVE_K5,2.56405401014672E-05,7.63106646776733E-07,0,0,0
GJ204,82.1065,-3.50213,2456685.6556222,-1.853842,0.954558,-55414.508462,1.04996,-9.584473,0.418136,-55411.127013,0.358917,-22.459402,0.415587,-2.856698,3.856946,-5.069496,1.572813,0.611032,0.00056,0.161086,0.000516,0.207169,0.000639,0,6.102378,47.717729,0.015538,-55.6,157.2,2456685.65561,-19.745428,-19.745321,0.229,-9999999,2.198494,1.192051,0.858105,1.182955,0.986709,0.54,900.002,-2.852171,3.838538,2014-01-28T03:30:59.848,-9999999,K5,192.C-0852(A),Udry,-9999999,HARPS_ech_obs_all,HARPS_ech_obs_thosimult,STAR_WAVE_K5,2.42805532833876E-05,5.91253567048194E-07,0,0,0
GJ204,82.1065,-3.50213,2456687.6218617,-1.868411,0.4869,-55415.042016,0.555988,-9.542298,0.331945,-55411.790893,0.283613,-22.48056,0.329563,-2.972717,3.528376,-2.958688,1.606647,0.610781,0.000448,0.163416,0.000411,0.211327,0.000505,0,6.10551,47.691759,0.016185,-55.6,198.1,2456687.62186,-20.308911,-20.308815,-0.027,-9999999,2.199663,1.248795,0.356207,1.05146,0.478211,0.49,900.0015,-2.949403,3.514801,2014-01-30T02:43:19.205,-9999999,K5,192.C-0852(A),Udry,-9999999,HARPS_ech_obs_all,HARPS_ech_obs_thosimult,STAR_WAVE_K5,2.19161810099084E-05,6.98372153909161E-07,0,0,0
GJ204,82.1065,-3.50213,2456689.5807674,-2.185375,0.909551,-55416.900985,1.006613,-9.846468,0.301517,-55411.553571,0.255727,-22.780293,0.299158,-7.093609,3.907162,-2.785384,1.612295,0.60578,0.000406,0.166712,0.000369,0.20835,0.000457,0,6.105468,47.691127,0.01581,-55.6,219.2,2456689.58076,-20.821099,-20.820987,0.424,-9999999,2.200827,1.261589,0.858121,3.146587,0.973588,0.5,900.001,-7.077732,3.892356,2014-02-01T01:44:11.215,-9999999,K5,192.C-0852(A),Udry,-9999999,HARPS_ech_obs_all,HARPS_ech_obs_wavesimult,STAR_WAVE_K5,2.26672923095234E-05,7.35329662528504E-07,0,0,0
GJ204,82.1065,-3.50213,2456690.575326,-1.74096,0.855281,-55414.652871,0.950756,-9.977427,0.304452,-55411.21482,0.258423,-22.849146,0.302111,-4.115559,3.627976,-2.146989,1.637436,0.609016,0.000406,0.163073,0.000371,0.211586,0.000457,0,6.104423,47.696356,0.017538,-55.6,217.5,2456690.57533,-21.108667,-21.108586,-0.011,-9999999,2.201418,0.686215,0.799259,1.236633,0.914961,0.5,900.002,-4.10278,3.619084,2014-02-02T01:36:27.079,-9999999,K5,192.C-0852(A),Udry,-9999999,HARPS_ech_obs_all,HARPS_ech_obs_wavesimult,STAR_WAVE_K5,2.30969275818566E-05,6.93229856914342E-07,0,0,0
GJ204,82.1065,-3.50213,2456691.5656023,-4.314974,0.841326,-55417.496959,0.863055,-11.766702,0.333616,-55413.017335,0.285969,-24.689898,0.330818,-5.745876,3.427038,-0.778667,1.475733,0.608336,0.000446,0.163192,0.000411,0.208023,0.000507,0,6.106063,47.677541,0.018586,-55.6,197.4,2456691.5656,-21.376772,-21.37669,-0.153,-9999999,2.202007,1.470954,0.772353,2.277617,0.814301,0.48,900.0007,-5.728612,3.395991,2014-02-03T01:22:51.007,-9999999,K5,192.C-0852(A),Udry,-9999999,HARPS_ech_obs_all,HARPS_ech_obs_thosimult,STAR_WAVE_K5,2.33612626615399E-05,8.40337573878858E-07,0,0,0
GJ204,82.1065,-3.50213,2456692.5937371,-1.404785,0.73201,-55413.088501,0.881016,-10.156192,0.29876,-55410.846981,0.252463,-22.96588,0.296775,-10.560578,3.589542,-1.502416,1.46991,0.601641,0.000404,0.165528,0.000364,0.210623,0.00045,0,6.101862,47.686801,0.017538,-55.6,220.6,2456692.59373,-21.743841,-21.74375,0.193,-9999999,2.202618,0.171275,0.668268,0.038902,0.844069,0.49,900.0007,-10.556936,3.572558,2014-02-04T02:03:19.224,-9999999,K5,192.C-0852(A),Udry,-9999999,HARPS_ech_obs_all,HARPS_ech_obs_thosimult,STAR_WAVE_K5,2.31016874232229E-05,8.2378087390033E-07,0,0,0
GJ204,82.1065,-3.50213,2456702.5721162,-3.397027,0.655473,-55417.445354,0.69345,-12.172815,0.406321,-55415.505647,0.349131,-25.071915,0.405242,-6.576304,3.994619,-6.926976,1.579701,0.608183,0.000553,0.16373,0.000506,0.212156,0.00063,0,6.103339,47.720742,0.01831,-55.6,159.7,2456702.57212,-24.163549,-24.163503,0.348,-9999999,2.208549,0.146894,0.514343,-0.268842,0.59915,0.5,900.0007,-6.543129,3.988685,2014-02-14T01:33:08.062,-9999999,K5,192.C-0852(A),Udry,-9999999,HARPS_ech_obs_all,HARPS_ech_obs_thosimult,STAR_WAVE_K5,2.35019379758214E-05,6.99018525669833E-07,0,0,0
GJ204,82.1065,-3.50213,2456703.5383131,-4.347911,0.493825,-55417.273924,0.468815,-11.80381,0.328015,-55413.291429,0.278186,-24.604858,0.327268,-4.998711,3.247457,-7.111995,1.471937,0.605692,0.00043,0.160667,0.000393,0.210522,0.000487,0,6.100853,47.728818,0.01764,-55.6,203.9,2456703.53831,-24.280584,-24.28052,0.596,-9999999,2.209123,1.466783,0.369147,1.773372,0.377359,0.5,900.0019,-4.962181,3.247084,2014-02-15T00:44:34.204,-9999999,K5,192.C-0852(A),Udry,-9999999,HARPS_ech_obs_all,HARPS_ech_obs_thosimult,STAR_WAVE_K5,2.34416918384931E-05,7.54953741006645E-07,0,0,0
GJ204,82.1065,-3.50213,2456722.5198838,-4.761138,0.586409,-55417.279346,0.613302,-13.21113,0.336956,-55414.445343,0.283498,-26.157554,0.336878,-6.738174,3.21908,-11.690014,1.677725,0.607609,0.000451,0.159809,0.000408,0.207149,0.000509,0,6.092863,47.787246,0.016619,-55.6,196.4,2456722.51988,-26.755082,-26.755065,-0.107,-9999999,2.220405,0.47269,0.479934,0.613598,0.543845,0.49,900.0004,-6.736454,3.170589,2014-03-06T00:20:31.399,-9999999,K5,192.C-0852(A),Udry,-9999999,HARPS_ech_obs_all,HARPS_ech_obs_thosimult,STAR_WAVE_K5,2.0308940021575E-05,6.60576100670698E-07,0,0,0
GJ204,82.1065,-3.50213,2456746.4931436,-1.835296,0.617012,-55413.233157,0.552039,-9.279882,0.276367,-55409.809154,0.23396,-22.104373,0.275931,-13.322708,3.249905,-1.80939,1.495532,0.608177,0.000363,0.162907,0.000327,0.212803,0.000409,0,6.108157,47.687168,0.018488,-55.6,244.4,2456746.49314,-25.72164,-25.721668,0,-9999999,2.234654,1.478097,0.551656,1.189349,0.500009,0.5,900.0015,-13.306153,3.226816,2014-03-29T23:44:54.716,-9999999,K5,192.C-0852(A),Udry,-9999999,HARPS_ech_obs_all,HARPS_ech_obs_wavesimult,STAR_WAVE_K5,2.53332803322502E-05,7.8808170682677E-07,0,0,0
GJ204,82.1065,-3.50213,2456749.4955865,-1.948152,0.593858,-55414.186894,0.731247,-10.639753,0.338875,-55411.732651,0.291805,-23.469223,0.338142,-7.347264,3.029949,-3.544441,1.465641,0.603557,0.000464,0.161171,0.000421,0.207112,0.000522,0,6.106294,47.705844,0.019521,-55.6,191.9,2456749.49558,-25.285362,-25.285415,0.219,-9999999,2.236438,0.231081,0.487679,0.217805,0.670501,0.53,900,-7.344704,2.973461,2014-04-01T23:48:20.666,-9999999,K5,192.C-0852(A),Udry,-9999999,HARPS_ech_obs_all,HARPS_ech_obs_wavesimult,STAR_WAVE_K5,2.41951119346535E-05,8.59583383691077E-07,0,0,0
GJ204,82.1065,-3.50213,2456751.4898058,-0.742298,0.723297,-55414.253997,0.849715,-8.848878,0.527872,-55410.656054,0.45462,-21.668549,0.526536,-11.113972,5.10506,-5.864622,1.581834,0.608231,0.000731,0.164318,0.000672,0.212031,0.000835,0,6.104471,47.726155,0.015779,-55.6,122.3,2456751.4898,-24.941552,-24.941596,0.307,-9999999,2.237623,0.816102,0.494479,1.36032,0.717869,0.46,900.0041,-11.098242,5.097656,2014-04-03T23:41:18.504,-9999999,K5,192.C-0852(A),Udry,-9999999,HARPS_ech_obs_all,HARPS_ech_obs_wavesimult,STAR_WAVE_K5,2.5008132787422E-05,9.70117176356961E-07,0,0,0
GJ204,82.1065,-3.50213,2456903.920471,2.1081,0.731656,-55410.735364,0.972191,-5.423003,0.406182,-55407.12369,0.348717,-18.134595,0.406748,-8.553414,4.25258,17.122406,1.631625,0.608318,0.000539,0.16713,0.000504,0.210612,0.000613,0,6.121473,47.550278,0.019664,-55.6,163.5,2456903.92047,26.137122,26.137101,0,-9999999,2.328222,1.391579,0.608553,1.283452,0.907497,0.52,900.0012,-8.526343,4.249281,2014-09-03T09:59:03.344,-9999999,K5,192.C-0852(A),Udry,-9999999,HARPS_ech_obs_all,HARPS_ech_obs_wavesimult,STAR_WAVE_K5,2.89493451556405E-05,1.01273215225375E-06,0,0,0
GJ204,82.1065,-3.50213,2456927.8715111,-5.46943,0.697395,-55418.080991,0.830251,-12.089459,0.299394,-55413.104464,0.252696,-24.791533,0.299899,-1.092718,3.406435,11.543772,1.617816,0.605091,0.000389,0.164616,0.000357,0.212543,0.000434,0,6.119024,47.596043,0.018688,-55.6,226.3,2456927.8715,25.896814,25.896846,0,-9999999,2.342458,2.302653,0.62986,2.634069,0.790861,0.5,900.0013,-1.060274,3.389075,2014-09-27T08:45:49.913,-9999999,K5,192.C-0852(A),Udry,-9999999,HARPS_ech_obs_all,HARPS_ech_obs_wavesimult,STAR_WAVE_K5,2.92458426715593E-05,9.53936226412982E-07,0,0,0
GJ204,82.1065,-3.50213,2456929.8812315,-4.875813,0.796956,-55417.73207,0.892658,-12.449163,0.322284,-55414.144912,0.274532,-25.090458,0.32278,-1.358757,3.57237,9.428015,1.527529,0.605779,0.000435,0.167301,0.0004,0.208618,0.000483,0,6.118742,47.600623,0.019412,-55.6,204.8,2456929.88122,25.636325,25.63637,0.422,-9999999,2.343652,1.349332,0.728884,1.243506,0.849394,0.53,900.0011,-1.322203,3.584695,2014-09-29T08:59:07.877,-9999999,K5,192.C-0852(A),Udry,-9999999,HARPS_ech_obs_all,HARPS_ech_obs_wavesimult,STAR_WAVE_K5,2.9636051417912E-05,1.07321652281221E-06,0,0,0
GJ204,82.1065,-3.50213,2456989.8152378,-6.346298,0.67879,-55418.748261,0.801402,-14.697825,0.304505,-55415.959084,0.263179,-27.437055,0.306088,-3.298942,3.332795,4.280684,1.489831,0.609749,0.000419,0.164008,0.000377,0.206985,0.00046,0,6.114755,47.646483,0.017372,-55.6,214.6,2456989.81523,6.724982,6.725134,0.583,-9999999,2.379275,0.571155,0.606657,0.409902,0.756956,0.45,900.0002,-3.2936,3.286933,2014-11-28T07:20:07.740,-9999999,K5,192.C-0852(A),Udry,-9999999,HARPS_ech_obs_all,HARPS_ech_obs_wavesimult,STAR_WAVE_K5,2.77743145543455E-05,8.45322251371606E-07,0,0,0
GJ204,82.1065,-3.50213,2456992.7813189,-4.96529,0.82925,-55416.931469,1.012141,-13.312155,0.269493,-55413.98708,0.228797,-26.084374,0.270581,-6.631269,3.565355,1.721144,1.450233,0.611535,0.000371,0.162735,0.000331,0.210765,0.000405,0,6.111821,47.659257,0.01849,-55.6,242.3,2456992.78131,5.430488,5.430638,0.718,-9999999,2.381038,0.575817,0.784238,0.563351,0.985941,0.49,900.0005,-6.624367,3.545914,2014-12-01T06:30:35.829,-9999999,K5,192.C-0852(A),Udry,-9999999,HARPS_ech_obs_all,HARPS_ech_obs_wavesimult,STAR_WAVE_K5,2.64445428677454E-05,9.62656297158973E-07,0,0,0
GJ204,82.1065,-3.50213,2457033.6172645,1.575047,0.919474,-55410.611462,1.027099,-7.885091,0.330269,-55408.403628,0.285176,-20.674443,0.330008,-11.073973,3.886429,14.100136,1.629626,0.607981,0.000461,0.164521,0.00042,0.211753,0.000514,0,6.124629,47.555764,0.021167,-55.6,193.3,2457033.61725,-13.095824,-13.095701,0.266,-9999999,2.405309,-0.537456,0.858111,-0.197475,0.986715,0.51,900.0006,-11.060232,3.878252,2015-01-11T02:34:49.904,-9999999,K5,192.C-0852(A),Udry,-9999999,HARPS_ech_obs_all,HARPS_ech_obs_wavesimult,STAR_WAVE_K5,3.00722165728476E-05,1.14149265514054E-06,0,0,0
GJ204,82.1065,-3.50213,2457046.6602892,-1.780096,0.702957,-55414.103213,0.869212,-11.167877,0.339917,-55411.800572,0.294474,-23.936886,0.338633,-5.061986,3.865926,2.956997,1.68961,0.608824,0.000457,0.163135,0.00042,0.206391,0.000516,0,6.112131,47.651791,0.017234,-55.6,192.5,2457046.66029,-18.306649,-18.306555,0.482,-9999999,2.413061,-0.465099,0.615309,-0.11042,0.817811,0.46,900.0026,-5.079392,3.82094,2015-01-24T03:38:31.214,-9999999,K5,192.C-0852(A),Udry,-9999999,HARPS_ech_obs_all,HARPS_ech_obs_wavesimult,STAR_WAVE_K5,2.73204046996309E-05,9.27211299239343E-07,0,0,0
GJ204,82.1065,-3.50213,2457050.6184708,-1.323401,0.917807,-55413.201568,1.018531,-10.458867,0.325599,-55412.108178,0.277775,-23.354906,0.323419,-9.258603,3.91223,6.695586,1.619959,0.609832,0.000448,0.165195,0.00041,0.211504,0.000501,0,6.114845,47.614564,0.016603,-55.6,200.2,2457050.61846,-19.562379,-19.56229,0.869,-9999999,2.415414,-0.212784,0.858111,-1.322024,0.979921,0.56,900.0003,-9.260402,3.898783,2015-01-28T02:37:09.554,-9999999,K5,192.C-0852(A),Udry,-9999999,HARPS_ech_obs_all,HARPS_ech_obs_wavesimult,STAR_WAVE_K5,2.68310503982713E-05,9.34419432011537E-07,0,0,0
GJ204,82.1065,-3.50213,2457078.5799721,-0.948833,0.682653,-55412.87957,0.70333,-9.134033,0.369188,-55409.294504,0.31951,-22.007084,0.368103,-6.087118,3.750714,12.516931,1.714484,0.603938,0.000519,0.161999,0.000469,0.208736,0.000582,0,6.127586,47.552393,0.019016,-55.6,172.8,2457078.57997,-26.038893,-26.038859,-0.225,-9999999,2.432033,0.737482,0.574209,1.153033,0.626567,0.5,900.0017,-6.08714,3.715934,2015-02-25T01:45:43.534,-9999999,K5,192.C-0852(A),Udry,-9999999,HARPS_ech_obs_all,HARPS_ech_obs_thosimult,STAR_WAVE_K5,2.93004900286809E-05,9.26848494770369E-07,0,0,0
GJ204,82.1065,-3.50213,2457082.5354875,-3.22741,0.924042,-55415.722657,0.943719,-10.896413,0.375314,-55410.805201,0.32488,-23.757489,0.374315,-11.975197,4.119303,13.894116,1.609931,0.611236,0.000518,0.161181,0.00047,0.212253,0.000584,0,6.125855,47.547175,0.020581,-55.6,172,2457082.53548,-26.375116,-26.375064,-0.374,-9999999,2.434384,1.253679,0.844389,2.483072,0.886035,0.51,900.0022,-11.968445,4.087931,2015-03-01T00:42:00.768,-9999999,K5,192.C-0852(A),Udry,-9999999,HARPS_ech_obs_all,HARPS_ech_obs_thosimult,STAR_WAVE_K5,2.7611304832285E-05,1.00582529124944E-06,0,0,0
GJ204,82.1065,-3.50213,2457100.5009986,2.971,0.628386,-55409.168988,0.587332,-6.774895,0.375989,-55407.347664,0.322832,-19.478574,0.375169,-2.772481,3.670665,6.729404,1.661475,0.613293,0.000513,0.159422,0.000465,0.210062,0.000584,0,6.119291,47.590943,0.018296,-55.6,174.2,2457100.50099,-26.763265,-26.76328,0.305,-9999999,2.445062,-0.823213,0.503489,-0.623738,0.490651,0.51,900.0016,-2.782461,3.650887,2015-03-18T23:54:38.847,-9999999,K5,192.C-0852(A),Udry,-9999999,HARPS_ech_obs_all,HARPS_ech_obs_wavesimult,STAR_WAVE_K5,2.65892055013179E-05,9.00683569902755E-07,0,0,0
GJ204,82.1065,-3.50213,2457102.5384438,3.004539,1.066332,-55410.5192,1.123286,-6.516433,0.632982,-55408.499082,0.536761,-19.350696,0.631454,-6.301791,6.095092,9.349601,2.044208,0.610934,0.000864,0.162545,0.000811,0.209855,0.001007,0,6.12636,47.560347,0.02034,-55.6,103.4,2457102.53844,-26.730649,-26.730667,-0.156,-9999999,2.446273,-0.59829,0.858136,-0.426155,0.986742,0.63,900.001,-6.309217,6.085282,2015-03-21T00:47:01.697,-9999999,K5,192.C-0852(A),Udry,-9999999,HARPS_ech_obs_all,HARPS_ech_obs_wavesimult,STAR_WAVE_K5,2.80267168023752E-05,1.20983407784936E-06,0,0,0
GJ204,82.1065,-3.50213,2457293.8702927,2.051215,0.528445,-55394.806927,0.608442,-5.499704,0.262919,-55389.157294,0.240064,-7.238771,0.294765,1.310654,8.670341,33.618261,3.682618,0.607084,0.000389,0.167232,0.000346,0.212268,0.000415,0,6.152877,47.329028,0.040365,-55.6,233.2,2457293.87029,25.801566,25.801576,0,-9999999,2.559993,2.268094,0.458397,3.08964,0.55908,0.49,899.9983,1.379498,8.661554,2015-09-28T08:44:07.157,-9999999,K5,192.C-0852(A),Udry,-9999999,HARPS_ech_obs_all,HARPS_ech_obs_wavesimult,STAR_WAVE_K5,3.34306194952387E-05,1.08380750761192E-06,0,0,0
GJ204,82.1065,-3.50213,2457294.8267009,0.110404,0.583469,-55396.886435,0.614072,-6.714031,0.261718,-55390.614411,0.237774,-8.506807,0.294542,6.463589,10.238604,34.987869,3.655269,0.608131,0.000391,0.168526,0.000348,0.213443,0.000417,0,6.155162,47.313724,0.039359,-55.6,232.9,2457294.82669,25.794839,25.794869,0,-9999999,2.560562,2.994578,0.521478,3.711462,0.566169,0.48,899.9983,6.458448,10.227624,2015-09-29T07:41:22.752,-9999999,K5,192.C-0852(A),Udry,-9999999,HARPS_ech_obs_all,HARPS_ech_obs_wavesimult,STAR_WAVE_K5,3.36822326072587E-05,1.03101183256542E-06,0,0,0
GJ204,82.1065,-3.50213,2457300.8684811,-0.718656,0.877336,-55396.482688,0.845022,-7.000257,0.525514,-55390.474374,0.467063,-8.325072,0.543663,17.797362,12.252588,43.108697,4.191544,0.614502,0.000784,0.168525,0.000706,0.213826,0.000846,0,6.165014,47.264025,0.042112,-55.6,117.6,2457300.86847,24.843636,24.843695,0,-9999999,2.564153,3.537412,0.702533,3.444161,0.704212,0.48,899.9983,17.870865,12.248887,2015-10-05T08:40:48.651,-9999999,K5,192.C-0852(A),Udry,-9999999,HARPS_ech_obs_all,HARPS_ech_obs_wavesimult,STAR_WAVE_K5,3.6248418375824E-05,1.16802491632007E-06,0,0,0
GJ204,82.1065,-3.50213,2457364.7772423,0.651372,0.709668,-55395.77605,0.648437,-9.936951,0.232858,-55393.428796,0.21834,-11.285923,0.267472,-10.318891,5.829774,34.022814,3.701399,0.6187,0.000338,0.16903,0.000301,0.212125,0.000365,0,6.160662,47.296618,0.039443,-55.6,265.5,2457364.77723,2.281355,2.281528,-0.052,-9999999,2.602138,-0.76931,0.670378,-0.254884,0.610572,0.49,899.9983,-10.421312,5.779418,2015-12-08T06:24:34.792,-9999999,K5,192.C-0852(A),Udry,-9999999,HARPS_ech_obs_all,HARPS_ech_obs_wavesimult,STAR_WAVE_K5,3.479299328839E-05,1.13902970536065E-06,0,0,0
GJ204,82.1065,-3.50213,2457367.7080496,0.718587,0.658893,-55395.16845,0.66135,-9.378533,0.255326,-55392.309155,0.236804,-10.480337,0.287864,1.605609,9.783894,34.067819,3.637043,0.612769,0.000382,0.165257,0.000337,0.208273,0.000411,0,6.15988,47.308561,0.041998,-55.6,237.2,2457367.70805,1.047826,1.047995,-0.154,-9999999,2.60388,-0.278107,0.607411,0.255415,0.617501,0.5,899.9983,1.580618,9.76649,2015-12-11T04:44:46.079,-9999999,K5,192.C-0852(A),Udry,-9999999,HARPS_ech_obs_all,HARPS_ech_obs_wavesimult,STAR_WAVE_K5,3.37130171581131E-05,1.1790834640929E-06,0,0,0
GJ204,82.1065,-3.50213,2457374.7270365,-6.208563,1.254376,-55400.959327,1.363342,-14.850753,0.228758,-55397.571091,0.214081,-15.94168,0.26016,-4.534089,6.989076,25.565017,3.626473,0.606593,0.00035,0.164416,0.000306,0.211641,0.000373,0,6.146732,47.383272,0.043093,-55.6,260,2457374.72703,-2.374321,-2.374147,0.713,-9999999,2.608052,1.176823,1.233341,0.780184,1.346429,0.5,899.9983,-4.534904,6.943964,2015-12-18T05:12:07.795,-9999999,K5,192.C-0852(A),Udry,-9999999,HARPS_ech_obs_all,HARPS_ech_obs_wavesimult,STAR_WAVE_K5,3.15001088825314E-05,1.10673335046968E-06,0,0,0
GJ204,82.1065,-3.50213,2457389.650635,5.319181,0.53867,-55391.230165,0.557989,-5.191191,0.216322,-55389.052575,0.203923,-6.667168,0.254406,-1.616458,7.63678,38.000067,3.477411,0.613369,0.000323,0.16602,0.000288,0.208764,0.000351,0,6.165752,47.24671,0.037635,-55.6,277.8,2457389.65063,-9.145784,-9.145613,0.296,-9999999,2.616922,-0.691359,0.493325,-0.439332,0.519391,0.51,899.9983,-1.675079,7.622404,2016-01-02T03:22:22.395,-9999999,K5,192.C-0852(A),Udry,-9999999,HARPS_ech_obs_all,HARPS_ech_obs_wavesimult,STAR_WAVE_K5,3.62110713667829E-05,1.16258165066695E-06,0,0,0
GJ204,82.1065,-3.50213,2457396.6903781,4.582957,0.831211,-55390.167133,0.851584,-6.611678,0.236929,-55388.274301,0.217085,-7.730358,0.274562,-4.370494,7.517233,45.762155,3.528005,0.60552,0.000333,0.169007,0.000303,0.210426,0.000368,0,6.173427,47.173926,0.044744,-55.6,267.1,2457396.69037,-12.364923,-12.364721,0.171,-9999999,2.621106,-1.375622,0.796728,-0.728274,0.823449,0.49,899.9983,-4.443723,7.502085,2016-01-09T04:20:15.891,-9999999,K5,192.C-0852(A),Udry,-9999999,HARPS_ech_obs_all,HARPS_ech_obs_wavesimult,STAR_WAVE_K5,3.76801053735587E-05,1.24401151720932E-06,0,0,0
GJ204,82.1065,-3.50213,2457400.7150933,-1.649399,0.677095,-55396.543254,0.744389,-10.863495,0.501891,-55393.22177,0.452626,-11.210365,0.518686,0.703749,11.890719,39.389057,4.036824,0.60669,0.000729,0.169481,0.000672,0.211526,0.000806,0,6.156402,47.283351,0.044198,-55.6,123.4,2457400.71509,-14.118861,-14.118723,-0.233,-9999999,2.623498,0.604917,0.454492,0.697986,0.590969,0.66,899.9982,0.745842,11.887384,2016-01-13T04:53:33.432,-9999999,K5,192.C-0852(A),Udry,-9999999,HARPS_ech_obs_all,HARPS_ech_obs_wavesimult,STAR_WAVE_K5,-9999999,-9999999,-9999999,-9999999,-9999999
GJ204,82.1065,-3.50213,2457420.6323759,1.245688,1.188586,-55395.231497,0.83306,-7.69242,0.207566,-55390.507915,0.197684,-9.005704,0.245024,5.917579,7.933064,31.94846,3.408371,0.61261,0.00029,0.170329,0.000264,0.212411,0.000321,0,6.16381,47.280297,0.042824,-55.6,304.4,2457420.63237,-21.090787,-21.090647,0.521,-9999999,2.635336,0.880905,1.170322,2.088246,0.809265,0.5,899.9982,5.789672,7.913774,2016-02-02T02:58:31.575,-9999999,K5,192.C-0852(A),Udry,-9999999,HARPS_ech_obs_all,HARPS_ech_obs_wavesimult,STAR_WAVE_K5,3.61931246696157E-05,1.23682522419766E-06,0,0,0
GJ204,82.1065,-3.50213,2457421.6193361,1.573377,0.587935,-55393.784676,0.760759,-7.305272,0.353586,-55389.828174,0.324734,-7.946702,0.378362,7.008485,9.533703,37.737902,3.823466,0.615281,0.000535,0.167116,0.000484,0.214126,0.000589,0,6.158874,47.28756,0.042615,-55.6,169.1,2457421.61933,-21.356774,-21.356636,0.45,-9999999,2.635923,0.940364,0.469728,1.320579,0.68797,0.5,899.9982,6.950629,9.52537,2016-02-03T02:39:50.921,-9999999,K5,192.C-0852(A),Udry,-9999999,HARPS_ech_obs_all,HARPS_ech_obs_wavesimult,STAR_WAVE_K5,3.72385956304445E-05,1.03819540344066E-06,0,0,0
GJ204,82.1065,-3.50213,2457427.606734,-4.457148,0.714852,-55400.185886,0.636331,-12.8818,0.251741,-55395.702991,0.234035,-13.93677,0.277931,12.949527,10.54104,19.341391,3.787782,0.607883,0.000363,0.164324,0.000326,0.207163,0.000399,0,6.142042,47.427876,0.04215,-55.6,244.9,2457427.60673,-22.983223,-22.983136,0.116,-9999999,2.639481,1.394361,0.669059,1.843414,0.59173,0.51,899.9983,12.890243,10.518575,2016-02-09T02:22:11.137,-9999999,K5,192.C-0852(A),Udry,-9999999,HARPS_ech_obs_all,HARPS_ech_obs_wavesimult,STAR_WAVE_K5,3.17617098259559E-05,1.27106052544812E-06,0,0,0
GJ204,82.1065,-3.50213,2457432.6090947,-5.96775,0.644478,-55402.018638,0.604868,-17.155028,0.231668,-55400.580788,0.212529,-17.995495,0.256901,0.482279,5.986185,12.587758,3.810976,0.608376,0.000319,0.163005,0.000286,0.210808,0.00035,0,6.136197,47.48633,0.036877,-55.6,276.7,2457432.60908,-24.161138,-24.161052,0.335,-9999999,2.642454,-1.368265,0.6014,-1.204604,0.566301,0.51,899.9983,0.470861,5.924123,2016-02-14T02:26:08.855,-9999999,K5,192.C-0852(A),Udry,-9999999,HARPS_ech_obs_all,HARPS_ech_obs_wavesimult,STAR_WAVE_K5,3.06828481645172E-05,1.02696995547526E-06,0,0,0
GJ204,82.1065,-3.50213,2457470.5353726,-2.814426,1.028165,-55397.419541,0.842831,-12.83294,0.324937,-55395.45809,0.300158,-13.534762,0.349861,0.773525,9.471171,32.849162,3.88361,0.610234,0.000473,0.163418,0.000427,0.212436,0.000524,0,6.15447,47.32918,0.041235,-55.6,187.6,2457470.53537,-26.494247,-26.494286,-0.152,-9999999,2.664996,-0.199501,0.975469,-0.703545,0.787572,0.51,899.9983,0.758984,9.448394,2016-03-23T00:44:44.094,-9999999,K5,192.C-0852(A),Udry,-9999999,HARPS_ech_obs_all,HARPS_ech_obs_wavesimult,STAR_WAVE_K5,3.5772486625166E-05,1.13859236229316E-06,0,0,0
GJ204,82.1065,-3.50213,2457475.5194792,-2.896527,0.653291,-55398.608711,0.657852,-13.446196,0.4724,-55396.391149,0.424078,-13.642867,0.48858,19.881269,9.162578,30.99564,4.156571,0.610262,0.000703,0.165822,0.000636,0.212743,0.000785,0,6.150511,47.344028,0.044412,-55.6,128.1,2457475.51948,-25.9467,-25.946736,0.27,-9999999,2.667959,-0.730655,0.451251,-0.450397,0.502918,0.5,899.9982,19.891631,9.149989,2016-03-28T00:22:37.212,-9999999,K5,192.C-0852(A),Udry,-9999999,HARPS_ech_obs_all,HARPS_ech_obs_wavesimult,STAR_WAVE_K5,3.30361136472711E-05,1.33488066062359E-06,0,0,0
