target,ra,dec,BJD,RV_mlc_nzp,e_RV_mlc_nzp,RV_drs_nzp,e_RV_drs_nzp,RV_mlc,e_RV_mlc,RV_drs,e_RV_drs,RV_mlc_j,e_RV_mlc_j,CRX,e_CRX,dLW,e_dLW,Halpha,e_Halpha,NaD1,e_NaD1,NaD2,e_NaD2,f_RV,FWHM_DRS,CONTRAST_DRS,BIS,RVGUESS,SNR_DRS,BJD_DRS,BERV,BERV_DRS,DRIFT,e_DRIFT,SA,NZP_mlc,dNZP_mlc,NZP_drs,dNZP_drs,TMMEAN,EXPTIME,MLCRX,E_MLCRX,TIMEID,DRIFT_LAMP,MASK,PROGID,PROGPI,AIRMASS,OBHAB,THAR_FP,DPR_TYPE,RHKp,dRHKp,sourceflag,vsinflag,metflag
GJ3446,112.676535,-37.33989,2456705.6452062,-8.60988,1.071418,9469.51379,1.115653,-29.163719,0.643703,9470.332794,0.531143,12.954465,0.698192,-3.120154,9.255409,-28.450667,4.504981,0.480544,0.000489,0.336915,0.000604,0.463307,0.000783,0,8.096053,38.406452,0.024617,9.1,172.5,2456705.6452,-6.094527,-6.094429,0.425,-9999999,0,1.250495,0.856494,0.819004,0.981106,0.5,300.0018,-3.112767,9.246668,2014-02-17T03:22:35.765,-9999999,G2,192.C-0224(G),Lagrange,-9999999,HARPS_ech_obs_all,HARPS_ech_obs_thosimult,STAR_WAVE_G3,4.79418603245651E-05,9.48969446911273E-07,0,0,0
GJ3446,112.676535,-37.33989,2456705.6490406,-8.636844,1.076053,9469.061955,1.117647,-29.191888,0.651389,9469.873752,0.535319,13.100546,0.706299,-17.887777,8.565015,-30.422895,4.569437,0.481766,0.000493,0.335409,0.000607,0.464867,0.000791,0,8.097172,38.412399,0.027072,9.1,171.1,2456705.64904,-6.103022,-6.102945,0.341,-9999999,0,1.249291,0.856494,0.811797,0.981105,0.5,300.0003,-17.879787,8.553135,2014-02-17T03:28:07.066,-9999999,G2,192.C-0224(G),Lagrange,-9999999,HARPS_ech_obs_all,HARPS_ech_obs_thosimult,STAR_WAVE_G3,4.74507948648155E-05,8.98214610965815E-07,0,0,0
GJ3446,112.676535,-37.33989,2456706.6491823,-3.887914,1.088053,9473.786703,1.126022,-24.486501,0.671028,9474.566103,0.552592,17.71526,0.727154,-22.122725,9.57594,-19.658992,5.147199,0.482747,0.00051,0.335586,0.000628,0.452579,0.000817,0,8.117011,38.402895,0.012362,9.1,165.6,2456706.64918,-6.362872,-6.362803,1.018,-9999999,0.000014,1.205747,0.856494,0.779386,0.981105,0.5,300.0004,-22.126089,9.556378,2014-02-18T03:28:21.072,-9999999,G2,192.C-0224(G),Lagrange,-9999999,HARPS_ech_obs_all,HARPS_ech_obs_thosimult,STAR_WAVE_G3,4.74049560462565E-05,7.84475548386953E-07,0,0,0
GJ3446,112.676535,-37.33989,2456706.6530593,-4.932574,1.073734,9473.83763,1.117581,-25.532379,0.647552,9474.609743,0.535182,16.805389,0.705893,-9.71011,8.862461,-19.763877,4.605087,0.482632,0.00049,0.336874,0.000606,0.463666,0.000787,0,8.115896,38.392768,0.014788,9.1,172,2456706.65306,-6.371358,-6.371292,0.913,-9999999,0.000014,1.204529,0.856493,0.772099,0.981105,0.51,300.0014,-9.712088,8.840077,2014-02-18T03:33:53.054,-9999999,G2,192.C-0224(G),Lagrange,-9999999,HARPS_ech_obs_all,HARPS_ech_obs_thosimult,STAR_WAVE_G3,4.8160983923442E-05,1.19882771402878E-06,0,0,0
GJ3446,112.676535,-37.33989,2456707.6878516,-9.242187,1.271108,9467.891946,1.223545,-29.855239,0.939223,9468.599324,0.731096,12.3741,0.987352,-5.804926,12.88578,-34.653262,5.123436,0.482457,0.00068,0.343769,0.000851,0.461852,0.001103,0,8.09919,38.446761,0.021515,9.1,123,2456707.68785,-6.701326,-6.701263,-0.286,-9999999,0.000029,1.191282,0.856491,0.707349,0.981102,0.51,220.0009,-5.782929,12.878015,2014-02-19T04:24:41.816,-9999999,G2,192.C-0224(G),Lagrange,-9999999,HARPS_ech_obs_all,HARPS_ech_obs_thosimult,STAR_WAVE_G3,4.73129186413344E-05,7.71236512062387E-07,0,0,0
GJ3446,112.676535,-37.33989,2456707.6906372,-11.806749,1.273168,9465.411618,1.223758,-32.420676,0.942009,9466.11376,0.731452,9.53001,0.992195,1.310916,11.008844,-36.24869,5.683541,0.481539,0.000689,0.343356,0.000859,0.462418,0.001115,0,8.098516,38.465119,0.023307,9.1,121.8,2456707.69063,-6.706798,-6.706706,-0.112,-9999999,0.000029,1.190407,0.856491,0.702113,0.981102,0.46,220.0025,1.328612,11.000793,2014-02-19T04:28:53.502,-9999999,G2,192.C-0224(G),Lagrange,-9999999,HARPS_ech_obs_all,HARPS_ech_obs_thosimult,STAR_WAVE_G3,4.80868471309167E-05,8.87841911211404E-07,0,0,0
GJ3446,112.676535,-37.33989,2456773.4626168,-4.563263,1.25405,9472.227202,1.215828,-26.14481,0.915938,9472.740717,0.718001,15.934816,0.979345,-7.354355,11.869341,1.361105,5.045281,0.494596,0.00066,0.338608,0.000823,0.462495,0.001064,0,8.17293,38.305896,0.027597,9.1,127.8,2456773.46262,-15.774232,-15.774246,0.268,-9999999,0.000964,0.222787,0.856563,0.512551,0.981179,0.5,192.3305,-7.30284,11.857921,2014-04-25T23:04:34.964,-9999999,G2,192.C-0224(B),Lagrange,-9999999,HARPS_ech_obs_all,HARPS_ech_obs_thosimult,STAR_WAVE_G3,5.17137873942322E-05,9.22190006804008E-07,0,0,0
GJ3446,112.676535,-37.33989,2456773.4651385,-4.620044,1.25721,9473.724161,1.217083,-26.202383,0.920261,9474.232936,0.720126,16.191508,0.983415,-18.989719,12.984078,1.556341,5.018225,0.493695,0.000661,0.335467,0.000821,0.464336,0.001069,0,8.175803,38.308059,0.031497,9.1,127.4,2456773.46514,-15.779131,-15.779134,0.251,-9999999,0.000964,0.221995,0.856561,0.507811,0.981178,0.47,192.3311,-18.953579,12.970963,2014-04-25T23:08:18.629,-9999999,G2,192.C-0224(B),Lagrange,-9999999,HARPS_ech_obs_all,HARPS_ech_obs_thosimult,STAR_WAVE_G3,5.14385067241435E-05,1.10800343722064E-06,0,0,0
GJ3446,112.676535,-37.33989,2456774.5119514,-4.70468,1.492312,9473.026408,1.332712,-26.237313,1.222023,9473.560874,0.901923,16.384537,1.284614,8.804323,14.725238,-32.017725,5.786581,0.490351,0.000871,0.337799,0.001094,0.463251,0.001416,0,8.148781,38.476869,0.035691,9.1,96.7,2456774.51195,-15.866968,-15.866979,-0.043,-9999999,0.000979,0.271702,0.856536,0.533487,0.981151,0.5,192.3313,8.853607,14.712451,2014-04-27T00:15:42.224,-9999999,G2,192.C-0224(B),Lagrange,-9999999,HARPS_ech_obs_all,HARPS_ech_obs_thosimult,STAR_WAVE_G3,5.15171343111664E-05,1.14044202633183E-06,0,0,0
GJ3446,112.676535,-37.33989,2456774.5145488,-2.923406,1.378064,9476.221579,1.275947,-24.456854,1.079541,9476.751163,0.815713,17.962219,1.139961,-12.607431,14.229852,-30.750166,5.430806,0.491113,0.000777,0.335405,0.000966,0.461668,0.001254,0,8.157673,38.44709,0.038619,9.1,108.6,2456774.51454,-15.871222,-15.871232,0.163,-9999999,0.000979,0.270886,0.856535,0.528605,0.981149,0.5,192.3317,-12.653277,14.218125,2014-04-27T00:19:26.648,-9999999,G2,192.C-0224(B),Lagrange,-9999999,HARPS_ech_obs_all,HARPS_ech_obs_thosimult,STAR_WAVE_G3,5.05488052969372E-05,9.74382604480754E-07,0,0,0
GJ3446,112.676535,-37.33989,2456982.7718605,11.813934,1.210981,9491.152682,1.190849,-10.461228,0.856089,9489.623917,0.674942,32.403157,0.92531,-8.879548,11.255803,32.203807,5.672387,0.493031,0.00063,0.337594,0.000777,0.456625,0.001008,0,8.208318,38.201991,0.037695,9.1,134,2456982.77186,14.739593,14.739617,0,-9999999,0.003941,-0.470828,0.856497,-1.532706,0.981109,0.5,300.0022,-8.892937,11.225275,2014-11-21T06:27:16.119,-9999999,G2,192.C-0224(C),Lagrange,-9999999,HARPS_ech_obs_all,HARPS_ech_obs_thosimult,STAR_WAVE_G3,5.2710484396565E-05,7.82961605925405E-07,0,0,0
GJ3446,112.676535,-37.33989,2456982.7757346,10.405646,1.219852,9489.56351,1.197027,-11.870733,0.868591,9488.027463,0.685782,30.820343,0.938501,-2.141514,10.481957,30.301555,5.286619,0.493718,0.000644,0.336839,0.000792,0.456132,0.001028,0,8.208739,38.198861,0.039438,9.1,131.4,2456982.77573,14.732037,14.732075,0,-9999999,0.003941,-0.472045,0.856498,-1.539988,0.98111,0.51,300.0014,-2.117661,10.443561,2014-11-21T06:32:47.831,-9999999,G2,192.C-0224(C),Lagrange,-9999999,HARPS_ech_obs_all,HARPS_ech_obs_thosimult,STAR_WAVE_G3,5.26144158163077E-05,1.02448706182507E-06,0,0,0
GJ3446,112.676535,-37.33989,2456987.7930481,21.929597,1.07518,9501.702901,1.118818,-0.191792,0.649936,9501.090042,0.537745,43.392137,0.727523,-28.281927,10.010419,24.423689,4.857598,0.497102,0.000477,0.333552,0.000587,0.456553,0.000768,0,8.186521,38.202874,0.031757,9.1,175.6,2456987.79305,14.05917,14.059205,0.556,-9999999,0.004013,-0.317055,0.856502,-0.616872,0.981114,0.52,240.0024,-28.256208,9.954388,2014-11-26T06:57:51.232,-9999999,G2,192.C-0224(C),Lagrange,-9999999,HARPS_ech_obs_all,HARPS_ech_obs_thosimult,STAR_WAVE_G3,5.28322713188345E-05,7.9651329451007E-07,0,0,0
GJ3446,112.676535,-37.33989,2456987.7961145,21.53164,1.069407,9500.212537,1.115826,-0.590712,0.64034,9499.593915,0.53149,42.792552,0.718159,-25.564368,10.210897,24.864776,4.827596,0.497413,0.000472,0.334126,0.00058,0.456452,0.000758,0,8.18565,38.196798,0.030399,9.1,177.9,2456987.7961,14.052679,14.05273,0.507,-9999999,0.004013,-0.318018,0.856502,-0.622635,0.981114,0.49,240.0002,-25.548235,10.142251,2014-11-26T07:02:23.359,-9999999,G2,192.C-0224(C),Lagrange,-9999999,HARPS_ech_obs_all,HARPS_ech_obs_thosimult,STAR_WAVE_G3,5.33291652460465E-05,1.06750777893609E-06,0,0,0
GJ3446,112.676535,-37.33989,2456988.8170484,-7.261482,1.324238,9471.805991,1.258745,-29.330178,1.00995,9471.411061,0.788569,13.218701,1.06997,8.87545,12.676793,42.415392,5.566888,0.492653,0.000778,0.332471,0.000943,0.456915,0.001234,0,8.197903,38.146419,0.047569,9.1,110.2,2456988.81704,13.865921,13.865952,0.134,-9999999,0.004027,-0.264362,0.856508,-0.398957,0.981121,0.5,180.0017,8.868222,12.663695,2014-11-27T07:32:55.553,-9999999,G2,192.C-0224(C),Lagrange,-9999999,HARPS_ech_obs_all,HARPS_ech_obs_thosimult,STAR_WAVE_G3,5.14219410017517E-05,1.01712606602786E-06,0,0,0
GJ3446,112.676535,-37.33989,2456988.8194618,-6.333117,1.30779,9473.054573,1.249472,-28.402571,0.988285,9472.655107,0.773681,14.568162,1.047522,-13.179768,11.299769,42.163016,5.110282,0.491944,0.000753,0.334992,0.00092,0.456649,0.001199,0,8.197195,38.152257,0.045709,9.1,113.5,2456988.81946,13.860686,13.860718,-0.069,-9999999,0.004027,-0.26512,0.856509,-0.403493,0.981121,0.48,180.0021,-13.149871,11.282592,2014-11-27T07:36:27.667,-9999999,G2,192.C-0224(C),Lagrange,-9999999,HARPS_ech_obs_all,HARPS_ech_obs_thosimult,STAR_WAVE_G3,5.14347256817381E-05,9.76620857510481E-07,0,0,0
GJ3446,112.676535,-37.33989,2457492.5814641,43.402707,1.464291,9517.506687,1.471444,60.609306,0.78917,9516.509586,0.594552,60.708029,0.787454,-13.231801,10.012934,41.673322,2.003453,0.49022,0.000527,0.346058,0.000649,0.450776,0.000835,0,8.204915,38.1636,0.018648,9.1,160.2,2457492.58145,-15.619464,-15.619429,1.912,-9999999,0.011191,-0.360706,1.233434,-1.008292,1.345978,0.48,199.9983,-13.228853,10.03104,2016-04-14T01:54:51.838,-9999999,G2,192.C-0224(C),Lagrange,-9999999,HARPS_ech_obs_all,HARPS_ech_obs_thosimult,STAR_WAVE_G3,5.04048963008183E-05,1.02425179123778E-06,0,0,0
GJ3446,112.676535,-37.33989,2457492.5841775,44.635852,1.445916,9519.86798,1.460767,61.847434,0.754532,9518.870959,0.567618,61.970927,0.752503,-17.670137,9.351303,41.041811,1.919315,0.4906,0.000501,0.345496,0.000616,0.450819,0.000793,0,8.207922,38.157986,0.015504,9.1,168.5,2457492.58417,-15.623241,-15.623219,1.772,-9999999,0.011191,-0.355723,1.233432,-1.008212,1.345975,0.5,199.9983,-17.669514,9.355426,2016-04-14T01:58:42.291,-9999999,G2,192.C-0224(C),Lagrange,-9999999,HARPS_ech_obs_all,HARPS_ech_obs_thosimult,STAR_WAVE_G3,5.13159777637392E-05,9.34291902439682E-07,0,0,0
GJ3446,112.676535,-37.33989,2457493.5745638,42.533097,1.487464,9517.363304,1.486141,59.727022,0.83137,9516.366013,0.630031,59.63845,0.82965,3.011378,11.849576,47.396223,2.207695,0.496846,0.000578,0.346725,0.000705,0.448791,0.000904,0,8.20073,38.135144,0.01575,9.1,147.9,2457493.57456,-15.661148,-15.661129,-0.173,-9999999,0.011206,-0.37338,1.23344,-1.008497,1.345985,0.51,199.9983,3.021664,11.844628,2016-04-15T01:44:54.061,-9999999,G2,192.C-0224(C),Lagrange,-9999999,HARPS_ech_obs_all,HARPS_ech_obs_thosimult,STAR_WAVE_G3,5.35475096470791E-05,9.36615214084881E-07,0,0,0
GJ3446,112.676535,-37.33989,2457493.577263,40.963759,1.480863,9515.548303,1.482085,58.162642,0.819503,9514.551092,0.620409,58.135249,0.81754,-11.116473,9.809096,48.945247,2.120361,0.497004,0.000569,0.345031,0.000691,0.451388,0.00089,0,8.204503,38.135733,0.012104,9.1,150.4,2457493.57726,-15.664999,-15.664982,-0.295,-9999999,0.011206,-0.368422,1.233438,-1.008417,1.345982,0.52,199.9983,-11.121824,9.790801,2016-04-15T01:48:45.284,-9999999,G2,192.C-0224(C),Lagrange,-9999999,HARPS_ech_obs_all,HARPS_ech_obs_thosimult,STAR_WAVE_G3,5.36960045261974E-05,1.05731603257894E-06,0,0,0
GJ3446,112.676535,-37.33989,2457671.8902967,17.187344,1.351017,9490.136771,1.418247,34.747785,0.551089,9489.963215,0.446671,34.694989,0.552652,-11.946686,7.004406,10.98996,1.208292,0.472066,0.00044,0.334333,0.000523,0.460241,0.000683,0,8.068538,38.271148,0.008384,9.1,195.6,2457671.89029,15.228864,15.228817,-0.248,-9999999,0.013741,-0.006864,1.23351,-0.187297,1.346072,0.51,299.9983,-11.92789,6.925065,2016-10-10T09:20:50.315,-9999999,G2,192.C-0224(C),Lagrange,-9999999,HARPS_ech_obs_all,HARPS_ech_obs_thosimult,STAR_WAVE_G3,4.43530083757392E-05,8.92389439096985E-07,0,0,0
GJ3446,112.676535,-37.33989,2457671.8940971,17.380954,1.359798,9490.390491,1.423667,34.948375,0.572268,9490.217048,0.463574,34.840681,0.573795,-0.698228,7.515984,11.367175,1.526943,0.472252,0.000449,0.334314,0.000538,0.46084,0.000703,0,8.065767,38.271518,0.00843,9.1,190.3,2457671.89409,15.222044,15.222001,0.052,-9999999,0.013741,0.000116,1.233515,-0.187184,1.346079,0.5,299.9983,-0.691093,7.447025,2016-10-10T09:26:21.655,-9999999,G2,192.C-0224(C),Lagrange,-9999999,HARPS_ech_obs_all,HARPS_ech_obs_thosimult,STAR_WAVE_G3,4.39195472583995E-05,9.04040167965909E-07,0,0,0
GJ3446,112.676535,-37.33989,2457711.8568646,0.058903,2.508901,9474.653592,2.08812,17.58431,2.184751,9474.370133,1.596392,17.671186,2.18553,18.94102,18.974059,22.467136,5.359897,0.473989,0.001596,0.343595,0.001975,0.471826,0.00256,0,8.081205,38.125795,0.03166,9.1,54.1,2457711.85686,14.730296,14.730331,-0.081,-9999999,0.01431,-0.041898,1.23347,-0.297769,1.346023,0.58,299.9983,18.958578,18.966797,2016-11-19T08:29:21.620,-9999999,G2,192.C-0224(C),Lagrange,-9999999,HARPS_ech_obs_all,HARPS_ech_obs_thosimult,STAR_WAVE_G3,3.6746825292548E-05,9.21750268071047E-07,0,0,0
GJ3446,112.676535,-37.33989,2457711.8605902,4.807328,1.858435,9478.948064,1.687835,22.339577,1.39008,9478.664716,1.01833,22.249981,1.391222,2.048,11.976259,19.325595,2.74966,0.472547,0.001028,0.344459,0.00126,0.46935,0.001637,0,8.083183,38.227791,0.018065,9.1,82.6,2457711.86058,14.722358,14.722411,-0.03,-9999999,0.01431,-0.035056,1.233474,-0.297658,1.346028,0.55,299.9983,2.053521,11.970313,2016-11-19T08:34:52.498,-9999999,G2,192.C-0224(C),Lagrange,-9999999,HARPS_ech_obs_all,HARPS_ech_obs_thosimult,STAR_WAVE_G3,4.20726913741133E-05,9.26922439295349E-07,0,0,0
GJ3446,112.676535,-37.33989,2457770.6356291,-16.607149,1.469999,9458.759223,1.487427,1.010531,0.799762,9459.53843,0.633163,0.945212,0.801218,34.165178,12.040536,10.128864,1.829376,0.469382,0.000625,0.338672,0.000757,0.474598,0.00099,0,8.059167,38.266118,0.035401,9.1,137.5,2457770.63562,2.523961,2.524045,0.401,-9999999,0.015146,0.050375,1.2334,0.764061,1.345936,0.5,99.9981,34.187518,12.038473,2017-01-17T03:10:10.765,-9999999,G2,098.C-0739(A),Lagrange,-9999999,HARPS_ech_obs_all,HARPS_ech_obs_thosimult,STAR_WAVE_G3,4.27335455813781E-05,7.58730115861956E-07,0,0,0
GJ3446,112.676535,-37.33989,2457770.6371414,-15.660028,1.466757,9459.385411,1.484742,1.960429,0.793789,9460.164663,0.626833,2.020859,0.795592,41.574788,11.655058,12.209724,2.047287,0.469022,0.000608,0.338683,0.000741,0.473569,0.000967,0,8.062604,38.247974,0.03269,9.1,140.3,2457770.63714,2.520631,2.520714,0.598,-9999999,0.015146,0.053152,1.2334,0.764106,1.345935,0.5,99.9982,41.5357,11.656375,2017-01-17T03:12:21.423,-9999999,G2,098.C-0739(A),Lagrange,-9999999,HARPS_ech_obs_all,HARPS_ech_obs_thosimult,STAR_WAVE_G3,4.24692487914652E-05,1.0000916921498E-06,0,0,0
GJ3446,112.676535,-37.33989,2458044.8463444,2.463951,1.270372,9477.097607,1.365655,17.729587,0.304013,9474.942749,0.230811,17.658988,0.30266,-4.330298,5.285396,38.493216,1.318615,0.482723,0.000215,0.330753,0.000251,0.468724,0.00033,128,8.187853,38.327321,0.030183,0,404.4,2458044.84634,15.796022,15.796007,0.231,-9999999,0.019045,-2.301669,1.233459,-2.173903,1.346009,0.49,899.9982,-4.347054,5.292364,2017-10-18T08:12:10.003,-9999999,G2,0100.D-0444(A),Lorenzo-Oliveira,-9999999,HARPS_ech_obs_all,HARPS_ech_obs_thosimult,STAR_WAVE_G2,4.63066368215685E-05,1.10756352791861E-06,0,0,0
GJ3446,112.676535,-37.33989,2458044.8576751,1.76593,1.269238,9475.853535,1.366987,17.052377,0.29919,9473.699014,0.238481,16.990368,0.298696,-4.899277,5.04546,22.522115,1.02479,0.483524,0.000222,0.337685,0.000259,0.468477,0.00034,0,8.18993,38.317512,0.029395,0,391.9,2458044.85766,15.776563,15.77656,0.264,-9999999,0.019046,-2.280858,1.233471,-2.173567,1.346024,0.51,899.9983,-4.915792,5.041027,2017-10-18T08:28:10.926,-9999999,G2,0100.D-0444(A),Lorenzo-Oliveira,-9999999,HARPS_ech_obs_all,HARPS_ech_obs_thosimult,STAR_WAVE_G2,4.71509613046839E-05,9.6506902029187E-07,0,0,0
GJ3446,112.676535,-37.33989,2458045.7866662,-25.442518,1.026981,9450.013658,1.380968,-10.106839,0.382446,9447.857044,0.309015,-10.191353,0.383723,13.909412,7.656468,5.945472,1.345164,0.47549,0.000277,0.335895,0.000335,0.456462,0.000435,0,8.090093,38.290921,0.050113,9.1,304.6,2458045.78666,15.926732,15.92672,0.073,-9999999,0.019059,-2.231626,0.953113,-2.175673,1.34595,0.48,899.9982,13.924913,7.65985,2017-10-19T06:46:18.568,-9999999,G2,0100.D-0444(A),Lorenzo-Oliveira,-9999999,HARPS_ech_obs_all,HARPS_ech_obs_thosimult,STAR_WAVE_G2,4.4757390223265E-05,8.74727716121896E-07,0,0,0
GJ3446,112.676535,-37.33989,2458045.8126409,-24.547757,1.02528,9451.21273,1.380622,-9.164371,0.377796,9449.056886,0.307372,-9.186226,0.379084,12.076849,6.108888,4.778354,1.27393,0.473156,0.00028,0.337427,0.000336,0.465178,0.000434,0,8.090382,38.290924,0.047866,9.1,304.5,2458045.81263,15.892302,15.892293,0.153,-9999999,0.019059,-2.18392,0.953136,-2.174903,1.345972,0.51,899.9982,12.074697,6.108091,2017-10-19T07:23:15.662,-9999999,G2,0100.D-0444(A),Lorenzo-Oliveira,-9999999,HARPS_ech_obs_all,HARPS_ech_obs_thosimult,STAR_WAVE_G2,4.51283372629006E-05,8.42225949453537E-07,0,0,0
GJ3446,112.676535,-37.33989,2458045.8501012,-24.886302,1.018915,9450.813747,1.377686,-9.434115,0.36005,9448.659015,0.293707,-9.50946,0.361097,9.378088,6.180334,2.331788,1.373883,0.472771,0.00027,0.338375,0.000324,0.465602,0.000418,0,8.08887,38.297987,0.048539,9.1,316.8,2458045.8501,15.83259,15.832566,-0.085,-9999999,0.01906,-2.115119,0.95318,-2.173792,1.346014,0.51,899.9983,9.361246,6.175068,2017-10-19T08:17:12.063,-9999999,G2,0100.D-0444(A),Lorenzo-Oliveira,-9999999,HARPS_ech_obs_all,HARPS_ech_obs_thosimult,STAR_WAVE_G2,4.46607470845273E-05,5.74515046722162E-07,0,0,0
GJ3446,112.676535,-37.33989,2458046.7921141,-3.502924,0.975938,9471.173294,1.251639,12.342894,0.317524,9469.138618,0.257279,12.318632,0.319585,-0.446572,4.579146,-10.122618,1.120522,0.470471,0.000233,0.335876,0.000281,0.457492,0.000365,0,8.074928,38.345693,0.027083,9.1,363.8,2458046.79211,15.959481,15.959467,0.314,-9999999,0.019073,-1.721487,0.92284,-2.053749,1.224911,0.47,1199.9982,-0.439604,4.554083,2017-10-20T06:51:52.715,-9999999,G2,0100.D-0444(A),Lorenzo-Oliveira,-9999999,HARPS_ech_obs_all,HARPS_ech_obs_thosimult,STAR_WAVE_G2,4.40859666430752E-05,9.67459491286786E-07,0,0,0
GJ3446,112.676535,-37.33989,2458046.8254158,-2.817793,0.992327,9472.314301,1.26063,13.089189,0.364715,9470.280614,0.297821,13.057567,0.366285,-3.900503,4.6875,-6.802229,1.065841,0.473399,0.00028,0.336266,0.000334,0.457562,0.000434,0,8.075923,38.332645,0.028687,9.1,306.3,2458046.82541,15.911628,15.911613,0.421,-9999999,0.019074,-1.660324,0.922873,-2.052761,1.224945,0.52,1199.9983,-3.890128,4.665431,2017-10-20T07:38:49.833,-9999999,G2,0100.D-0444(A),Lorenzo-Oliveira,-9999999,HARPS_ech_obs_all,HARPS_ech_obs_thosimult,STAR_WAVE_G2,4.35881558454559E-05,7.70287939749549E-07,0,0,0
GJ3446,112.676535,-37.33989,2458046.8579962,-3.032196,1.015739,9471.315735,1.273432,12.934624,0.424207,9469.283014,0.347897,12.850322,0.425686,-5.246953,5.117185,-4.870926,1.203232,0.473565,0.000345,0.337304,0.000405,0.467576,0.000526,0,8.075338,38.327633,0.026137,9.1,253.4,2458046.85799,15.856487,15.856481,0.29,-9999999,0.019074,-1.600485,0.922916,-2.051795,1.224989,0.49,899.9982,-5.25206,5.11105,2017-10-20T08:28:47.632,-9999999,G2,0100.D-0444(A),Lorenzo-Oliveira,-9999999,HARPS_ech_obs_all,HARPS_ech_obs_thosimult,STAR_WAVE_G2,4.38921252644822E-05,9.82220585321576E-07,0,0,0
GJ3446,112.676535,-37.33989,2458046.8693029,-2.626634,1.028254,9472.294657,1.280243,13.360952,0.453323,9470.262272,0.371999,13.301637,0.454816,-4.04493,5.768123,-3.394722,1.166478,0.474127,0.000364,0.337955,0.00043,0.468123,0.000557,0,8.078211,38.323883,0.02824,9.1,239.1,2458046.8693,15.835855,15.83584,0.49,-9999999,0.019074,-1.579719,0.922932,-2.051459,1.225006,0.5,899.9983,-4.061488,5.764894,2017-10-20T08:44:55.476,-9999999,G2,0100.D-0444(A),Lorenzo-Oliveira,-9999999,HARPS_ech_obs_all,HARPS_ech_obs_thosimult,STAR_WAVE_G2,4.37406412120479E-05,7.86247675277528E-07,0,0,0
GJ3446,112.676535,-37.33989,2458046.8803336,-2.209947,1.040375,9473.329767,1.286765,13.797899,0.480149,9471.297709,0.393803,13.778512,0.481478,1.596412,5.98348,-5.362392,1.069021,0.472489,0.000383,0.337402,0.000454,0.467034,0.000588,0,8.07608,38.33246,0.02664,9.1,226.3,2458046.88033,15.815149,15.815124,0.277,-9999999,0.019074,-1.559459,0.92295,-2.051132,1.225024,0.49,899.9983,1.580662,5.983458,2017-10-20T09:00:57.480,-9999999,G2,0100.D-0444(A),Lorenzo-Oliveira,-9999999,HARPS_ech_obs_all,HARPS_ech_obs_thosimult,STAR_WAVE_G2,4.36160140589233E-05,7.41512330866789E-07,0,0,0
GJ3446,112.676535,-37.33989,2458047.7781157,-11.490659,1.05089,9462.316461,1.211895,4.402893,0.372799,9461.575987,0.30259,4.313679,0.374348,4.79612,5.102611,9.434994,1.066128,0.470166,0.000273,0.333011,0.000327,0.460016,0.000429,0,8.093127,38.271201,0.032472,9.1,310.5,2458047.77811,16.011311,16.011301,0.546,-9999999,0.019087,-1.673753,0.982543,-0.759561,1.173511,0.51,899.9983,4.81873,5.09357,2017-10-21T06:33:23.788,-9999999,G2,0100.D-0444(A),Lorenzo-Oliveira,-9999999,HARPS_ech_obs_all,HARPS_ech_obs_thosimult,STAR_WAVE_G2,4.36618133968315E-05,6.85275081349306E-07,0,0,0
GJ3446,112.676535,-37.33989,2458047.8088418,-12.07049,1.028617,9462.17077,1.199163,3.879495,0.304326,9461.431209,0.246573,3.819058,0.306201,5.47136,4.552169,8.106791,1.055497,0.471822,0.000224,0.333905,0.000267,0.459441,0.00035,0,8.093474,38.272299,0.031311,9.1,380.9,2458047.80884,15.970534,15.970522,0.209,-9999999,0.019088,-1.61732,0.982567,-0.758649,1.173539,0.5,1199.9982,5.484092,4.547579,2017-10-21T07:15:17.378,-9999999,G2,0100.D-0444(A),Lorenzo-Oliveira,-9999999,HARPS_ech_obs_all,HARPS_ech_obs_thosimult,STAR_WAVE_G2,4.43805013355051E-05,8.29394184442285E-07,0,0,0
GJ3446,112.676535,-37.33989,2458047.8416326,-12.182719,1.028198,9462.266734,1.199208,3.827491,0.302794,9461.528146,0.2466,3.760971,0.304674,-0.844744,5.565816,6.69228,1.208964,0.476887,0.000226,0.334964,0.000269,0.458898,0.000351,0,8.092555,38.27812,0.032191,9.1,379.1,2458047.84163,15.918103,15.918084,0.247,-9999999,0.019088,-1.557095,0.982602,-0.757676,1.173579,0.51,1199.9983,-0.840619,5.562944,2017-10-21T08:02:18.357,-9999999,G2,0100.D-0444(A),Lorenzo-Oliveira,-9999999,HARPS_ech_obs_all,HARPS_ech_obs_thosimult,STAR_WAVE_G2,4.47996319714736E-05,7.23450588056809E-07,0,0,0
GJ3446,112.676535,-37.33989,2458047.8886064,-10.893883,1.025689,9463.561237,1.195713,5.202601,0.293939,9462.824043,0.228613,5.165986,0.294812,-6.158022,4.514402,25.947016,1.409257,0.474528,0.000211,0.338033,0.000251,0.46966,0.000326,128,8.095557,38.277165,0.033133,9.1,408.8,2458047.8886,15.831492,15.831481,0.208,-9999999,0.019089,-1.470821,0.982669,-0.756283,1.173655,0.51,1199.9982,-6.174346,4.520322,2017-10-21T09:09:56.684,-9999999,G2,0100.D-0444(A),Lorenzo-Oliveira,-9999999,HARPS_ech_obs_all,HARPS_ech_obs_thosimult,STAR_WAVE_G2,4.48744731732727E-05,9.64072108618075E-07,0,0,0
GJ3446,112.676535,-37.33989,2458048.7919212,12.40692,0.705185,9486.406998,0.751921,27.184171,0.343306,9483.26112,0.276473,27.120227,0.344196,-15.404693,5.201053,-30.848151,1.20329,0.476901,0.000263,0.332171,0.000307,0.459366,0.000403,0,8.06614,38.439136,0.014838,9.1,330.8,2458048.79191,16.023418,16.023408,0.534,-9999999,0.019102,-2.790054,0.615976,-3.16498,0.699248,0.51,899.9983,-15.381449,5.12231,2017-10-22T06:53:11.970,-9999999,G2,0100.D-0444(A),Lorenzo-Oliveira,-9999999,HARPS_ech_obs_all,HARPS_ech_obs_thosimult,STAR_WAVE_G2,4.55875302737178E-05,8.7120924598587E-07,0,0,0
GJ3446,112.676535,-37.33989,2458048.8226857,13.509327,0.683675,9487.389416,0.734846,28.343081,0.296529,9484.244451,0.225776,28.247078,0.296239,-16.433519,4.936588,-13.075596,1.685044,0.476948,0.000214,0.333814,0.000251,0.457883,0.000328,128,8.068597,38.439359,0.014113,9.1,405.9,2458048.82268,15.977854,15.977848,0.801,-9999999,0.019102,-2.733551,0.616021,-3.164067,0.699303,0.5,1199.9982,-16.405709,4.849579,2017-10-22T07:35:08.891,-9999999,G2,0100.D-0444(A),Lorenzo-Oliveira,-9999999,HARPS_ech_obs_all,HARPS_ech_obs_thosimult,STAR_WAVE_G2,4.58978825657401E-05,8.15923017775876E-07,0,0,0
GJ3446,112.676535,-37.33989,2458048.8551252,14.126229,0.674186,9488.738857,0.729069,29.019563,0.273804,9485.594854,0.205947,28.921668,0.273399,-15.859499,4.657476,-12.723587,1.659876,0.479667,0.000191,0.333488,0.000225,0.467,0.000294,128,8.069937,38.439197,0.013492,9.1,451.6,2458048.85512,15.922082,15.922061,0.62,-9999999,0.019102,-2.673971,0.616083,-3.163105,0.699377,0.5,1199.9982,-15.84727,4.589126,2017-10-22T08:21:51.508,-9999999,G2,0100.D-0444(A),Lorenzo-Oliveira,-9999999,HARPS_ech_obs_all,HARPS_ech_obs_thosimult,STAR_WAVE_G2,-9999999,-9999999,-9999999,-9999999,-9999999
GJ3446,112.676535,-37.33989,2458048.8689732,15.450646,0.728387,9489.441955,0.767954,30.369414,0.388525,9486.298364,0.317134,30.321602,0.389257,-23.419601,5.120672,-28.633076,1.10335,0.479812,0.000342,0.334024,0.000385,0.467645,0.000502,0,8.06813,38.429907,0.013649,9.1,266.2,2458048.86896,15.896419,15.896413,0.701,-9999999,0.019103,-2.648537,0.616114,-3.162694,0.699413,0.44,1199.9983,-23.418917,5.072199,2017-10-22T08:42:59.919,-9999999,G2,0100.D-0444(A),Lorenzo-Oliveira,-9999999,HARPS_ech_obs_all,HARPS_ech_obs_thosimult,STAR_WAVE_G2,4.57463283880434E-05,7.94456828056654E-07,0,0,0
GJ3446,112.676535,-37.33989,2458048.8849525,16.790457,0.69675,9491.323287,0.747512,31.738573,0.325295,9488.18017,0.263687,31.738361,0.326012,-26.15912,5.327454,-25.77895,1.055492,0.480688,0.000247,0.33553,0.000291,0.468655,0.000379,0,8.073285,38.4168,0.016155,9.1,350.9,2458048.88495,15.865794,15.865772,0.471,-9999999,0.019103,-2.619189,0.616152,-3.16222,0.69946,0.53,1199.9983,-26.162337,5.286331,2017-10-22T09:04:12.451,-9999999,G2,0100.D-0444(A),Lorenzo-Oliveira,-9999999,HARPS_ech_obs_all,HARPS_ech_obs_thosimult,STAR_WAVE_G2,4.60027297956309E-05,1.01109256158143E-06,0,0,0
GJ3446,112.676535,-37.33989,2458049.7544221,10.334939,1.295708,9484.716042,1.384108,25.462588,0.396981,9482.637432,0.32284,25.471734,0.397066,-4.236776,6.984393,-3.022554,0.964507,0.48016,0.000323,0.335877,0.000372,0.456786,0.000483,0,8.102208,38.341918,0.029074,9.1,275.7,2458049.75441,16.092258,16.092256,0.784,-9999999,0.019115,-2.439656,1.233396,-2.097725,1.345931,0.43,899.9982,-4.219774,6.928798,2017-10-23T06:00:19.666,-9999999,G2,0100.D-0444(A),Lorenzo-Oliveira,-9999999,HARPS_ech_obs_all,HARPS_ech_obs_thosimult,STAR_WAVE_G2,4.51213496265958E-05,8.32923906420526E-07,0,0,0
GJ3446,112.676535,-37.33989,2458049.7922994,9.261212,1.414362,9483.149317,1.456427,24.458427,0.692176,9481.071831,0.556405,24.455505,0.692345,1.357613,9.897465,-4.524836,1.56533,0.478158,0.000533,0.338281,0.000631,0.458276,0.000817,0,8.101524,38.34502,0.028763,9.1,163.3,2458049.7923,16.047175,16.047164,0.7,-9999999,0.019116,-2.37009,1.233415,-2.096602,1.345954,0.64,1199.9983,1.376493,9.857826,2017-10-23T06:48:31.098,-9999999,G2,0100.D-0444(A),Lorenzo-Oliveira,-9999999,HARPS_ech_obs_all,HARPS_ech_obs_thosimult,STAR_WAVE_G2,4.56786607252119E-05,8.1624353563417E-07,0,0,0
GJ3446,112.676535,-37.33989,2458049.8052023,8.971067,1.313696,9482.951559,1.395268,24.19198,0.452174,9480.874456,0.367627,24.091065,0.45217,-3.696952,7.070454,-1.807598,1.174431,0.478069,0.00034,0.337002,0.000403,0.457545,0.000523,0,8.102821,38.32974,0.029135,9.1,253.9,2458049.80519,16.028638,16.028641,0.799,-9999999,0.019116,-2.346392,1.233424,-2.096219,1.345965,0.5,1199.9983,-3.673411,7.0203,2017-10-23T07:09:53.849,-9999999,G2,0100.D-0444(A),Lorenzo-Oliveira,-9999999,HARPS_ech_obs_all,HARPS_ech_obs_thosimult,STAR_WAVE_G2,4.57697301376549E-05,8.25480492242955E-07,0,0,0
GJ3446,112.676535,-37.33989,2458049.8714979,6.232678,1.339948,9480.807358,1.412981,21.575352,0.523423,9478.732223,0.429748,21.515685,0.52359,3.167241,7.934612,0.340316,1.384154,0.480855,0.000405,0.339835,0.00048,0.466602,0.00062,0,8.102521,38.322045,0.027613,9.1,214.3,2458049.87149,15.914073,15.914063,0.659,-9999999,0.019117,-2.224631,1.233487,-2.094252,1.346043,0.57,1199.9982,3.15951,7.918287,2017-10-23T08:43:57.485,-9999999,G2,0100.D-0444(A),Lorenzo-Oliveira,-9999999,HARPS_ech_obs_all,HARPS_ech_obs_thosimult,STAR_WAVE_G2,4.59161414755366E-05,8.18406773702431E-07,0,0,0
GJ3446,112.676535,-37.33989,2458050.7226686,-27.777046,1.227536,9446.91588,1.432077,-11.769466,0.628858,9446.104059,0.500546,-11.840452,0.629676,16.586323,6.422256,5.844952,1.579754,0.479297,0.000461,0.332852,0.000551,0.459227,0.000721,0,8.095893,38.305421,0.03965,9.1,184.9,2458050.72266,16.139537,16.139536,0.653,-9999999,0.019129,-1.559725,1.054221,-0.83095,1.341752,0.44,1199.9982,16.630772,6.440822,2017-10-24T05:12:10.747,-9999999,G2,0100.D-0444(A),Lorenzo-Oliveira,-9999999,HARPS_ech_obs_all,HARPS_ech_obs_thosimult,STAR_WAVE_G2,4.45911884998897E-05,8.65354495545762E-07,0,0,0
GJ3446,112.676535,-37.33989,2458050.7842276,-30.250715,1.094911,9444.721406,1.360449,-14.130073,0.295624,9443.911413,0.224601,-14.198771,0.295664,12.454078,5.571733,22.272087,1.351592,0.477554,0.000208,0.335255,0.000246,0.457776,0.00032,128,8.094237,38.309256,0.04259,9.1,414.9,2458050.78423,16.077493,16.077481,0.768,-9999999,0.01913,-1.446664,1.054247,-0.829123,1.341781,0.49,1199.9982,12.484107,5.597386,2017-10-24T06:39:49.164,-9999999,G2,0100.D-0444(A),Lorenzo-Oliveira,-9999999,HARPS_ech_obs_all,HARPS_ech_obs_thosimult,STAR_WAVE_G2,4.47972995375582E-05,7.62396150017535E-07,0,0,0
GJ3446,112.676535,-37.33989,2458050.8339376,-30.878674,1.096042,9444.336885,1.363343,-14.666733,0.299633,9443.528367,0.241254,-14.688085,0.300925,16.625014,5.547862,2.425892,1.128774,0.4738,0.000229,0.336091,0.000269,0.457503,0.00035,0,8.090885,38.313922,0.044957,9.1,380.3,2458050.83393,16.000621,16.000615,0.588,-9999999,0.019131,-1.355364,1.054291,-0.827649,1.341827,0.52,1199.9983,16.634009,5.559155,2017-10-24T07:50:47.884,-9999999,G2,0100.D-0444(A),Lorenzo-Oliveira,-9999999,HARPS_ech_obs_all,HARPS_ech_obs_thosimult,STAR_WAVE_G2,4.44854184062815E-05,7.39290064858585E-07,0,0,0
GJ3446,112.676535,-37.33989,2458143.6826483,-15.873466,1.270978,9461.060238,1.366785,-0.218632,0.306826,9458.051163,0.237915,-0.225668,0.306313,6.778764,6.372556,-20.304349,1.0603,0.477337,0.000213,0.339129,0.000258,0.46627,0.000334,0,8.091353,38.434601,0.036677,9.1,399.6,2458143.68264,0.200492,0.200569,0.404,-9999999,0.020451,-1.912472,1.233387,-3.029526,1.345919,0.5,899.9982,6.781049,6.372024,2018-01-25T04:11:09.533,-9999999,G2,0100.D-0444(A),Lorenzo-Oliveira,-9999999,HARPS_ech_obs_all,HARPS_ech_obs_thosimult,STAR_WAVE_G2,4.45699674610014E-05,7.94673425910529E-07,0,0,0
GJ3446,112.676535,-37.33989,2458381.8714168,-7.373598,1.200258,9470.934837,1.408329,12.063391,0.524825,9469.692898,0.414195,11.967283,0.526562,22.682525,7.785235,10.645194,1.426166,0.468324,0.00039,0.332459,0.00049,0.470444,0.000643,0,8.074653,38.272316,0.029348,9.1,207.6,2458381.87141,12.73828,12.738246,0.181,-9999999,0.023838,1.869684,1.079434,-1.265777,1.346043,0.5,899.9982,22.694862,7.771597,2018-09-20T08:50:03.193,-9999999,G2,0101.C-0275(R),Spina,-9999999,HARPS_ech_obs_all,HARPS_ech_obs_thosimult,STAR_WAVE_G2,4.30196872976412E-05,7.99230348434887E-07,0,0,0
GJ3446,112.676535,-37.33989,2458382.8885366,-30.089497,0.992342,9446.56965,1.379434,-12.988653,0.384016,9445.593645,0.301553,-13.074435,0.386304,30.991612,7.959277,8.297708,0.873632,0.468075,0.000298,0.339349,0.000369,0.456512,0.000477,0,8.071267,38.276306,0.043637,9.1,278.1,2458382.88853,12.876766,12.876747,0.46,-9999999,0.023853,-0.466462,0.915027,-0.999858,1.34607,0.47,899.9983,30.992523,7.959134,2018-09-21T09:15:05.654,-9999999,G2,0101.C-0275(R),Spina,-9999999,HARPS_ech_obs_all,HARPS_ech_obs_thosimult,STAR_WAVE_G2,4.23505229407461E-05,7.52116254112388E-07,0,0,0
GJ3446,112.676535,-37.33989,2458410.8514665,10.162007,1.352769,9486.252352,1.417377,28.230198,0.555472,9485.93915,0.444072,28.095676,0.556533,-8.473969,8.310403,13.59057,1.322989,0.469245,0.000427,0.346443,0.000535,0.466212,0.000691,0,8.083406,38.476856,0.019221,9.37,191.9,2458410.85146,15.80873,15.808733,0,-9999999,0.024251,0.500886,1.233465,-0.337453,1.346016,0.49,299.9982,-8.471665,8.29782,2018-10-19T08:24:22.508,-9999999,G2,0102.C-0584(A),demedeiros,-9999999,HARPS_ech_obs_all,HARPS_ech_obs_objA,STAR_DARK_G,4.37539542911682E-05,7.22038460075374E-07,0,0,0
GJ3446,112.676535,-37.33989,2458439.8061629,7.22427,1.364326,9483.779556,1.423331,26.557911,0.583137,9485.45634,0.462868,26.60198,0.584995,-5.825306,9.929741,-9.879904,1.430459,0.463905,0.000452,0.336509,0.000565,0.468199,0.000734,0,8.033779,38.609098,0.019043,9.37,181.4,2458439.80616,15.089949,15.089958,0,-9999999,0.024662,1.766336,1.233425,1.652122,1.345966,0.48,449.9982,-5.816883,9.901831,2018-11-17T07:15:48.605,-9999999,G2,0102.C-0584(A),demedeiros,-9999999,HARPS_ech_obs_all,HARPS_ech_obs_objA,STAR_DARK_G,4.30793417308677E-05,9.54157503791427E-07,0,0,0
GJ3446,112.676535,-37.33989,2458439.8118897,7.178473,1.363026,9484.144304,1.422849,26.522632,0.580079,9485.821258,0.461368,26.445467,0.581929,1.463589,9.993468,-7.519272,1.534443,0.463898,0.000451,0.336483,0.000563,0.46744,0.00073,0,8.036171,38.609718,0.018716,9.37,182,2458439.81189,15.078246,15.078258,0,-9999999,0.024662,1.776854,1.233429,1.652292,1.345971,0.51,449.9983,1.463746,9.973657,2018-11-17T07:23:49.882,-9999999,G2,0102.C-0584(A),demedeiros,-9999999,HARPS_ech_obs_all,HARPS_ech_obs_objA,STAR_DARK_G,4.29436832793219E-05,8.37931865104381E-07,0,0,0
GJ3446,112.676535,-37.33989,2458468.7778733,3.251336,1.281196,9480.30078,0.929228,20.135989,0.346657,9480.250512,0.271059,20.069636,0.348521,0.87118,5.532734,9.0686,0.953743,0.46645,0.000267,0.339416,0.000331,0.45914,0.000429,0,8.054777,38.632292,0.028626,9.37,310.5,2458468.77787,10.525563,10.525598,0.224,-9999999,0.025074,-0.682652,1.233407,-0.075342,0.888815,0.52,899.9982,0.861406,5.501513,2018-12-16T06:29:03.400,-9999999,G2,0102.C-0584(A),demedeiros,-9999999,HARPS_ech_obs_all,HARPS_ech_obs_wavesimult,STAR_WAVE_G,4.20841704198583E-05,9.51649037807633E-07,0,0,0
GJ3446,112.676535,-37.33989,2458471.7846571,-4.844277,1.114055,9472.73791,0.746256,12.634016,0.431232,9470.782845,0.332136,12.600004,0.433636,4.022386,6.258067,-20.150636,1.286745,0.46474,0.000312,0.34006,0.000396,0.459707,0.000513,0,8.0306,38.571144,0.018462,9.37,259.5,2458471.78465,9.848242,9.848292,0.567,-9999999,0.025117,-0.089012,1.027208,-1.980182,0.668269,0.51,899.9982,4.022242,6.23906,2018-12-19T06:38:49.676,-9999999,G2,0102.C-0584(A),demedeiros,-9999999,HARPS_ech_obs_all,HARPS_ech_obs_wavesimult,STAR_WAVE_G,4.18303380312262E-05,7.53488418141072E-07,0,0,0
GJ3446,112.676535,-37.33989,2458501.7531862,-8.145754,1.33576,9469.475708,1.40597,8.217995,0.512825,9467.985007,0.406476,8.118323,0.513731,12.043098,7.365314,-9.261144,1.333581,0.470319,0.000394,0.348258,0.000496,0.45756,0.000642,0,8.062115,38.620589,0.035753,9.37,208,2458501.75318,2.108558,2.108652,1.062,-9999999,0.025543,-1.203556,1.233396,-1.516244,1.34593,0.49,899.9982,12.051732,7.358416,2019-01-18T05:52:54.953,-9999999,G2,0102.C-0584(A),demedeiros,-9999999,HARPS_ech_obs_all,HARPS_ech_obs_wavesimult,STAR_WAVE_G,4.33508272527341E-05,8.48286416207638E-07,0,0,0
GJ3446,112.676535,-37.33989,2458521.792225,1.312433,1.31736,9472.28971,1.387761,18.874351,0.462735,9473.151103,0.338066,18.876752,0.463516,5.90554,8.27521,16.871963,1.310893,0.473209,0.000286,0.343427,0.000373,0.459891,0.000481,0,8.150909,37.777277,0.039011,9.37,275.7,2458521.79222,-3.605823,-3.605756,0.16,-9999999,0.025828,-0.005387,1.233415,0.835565,1.345954,0.58,899.9981,5.874059,8.270047,2019-02-07T06:47:50.085,-9999999,G2,0102.C-0584(A),demedeiros,-9999999,HARPS_ech_obs_all,HARPS_ech_obs_wavesimult,STAR_WAVE_G,4.46777428318389E-05,8.59157844491916E-07,0,0,0
GJ3446,112.676535,-37.33989,2458608.5123722,-32.192054,1.28583,9447.945537,1.394374,-13.038047,0.469284,9446.217829,0.36384,-13.048186,0.47012,11.772727,6.068582,17.816541,1.103238,0.469074,0.000342,0.348473,0.000404,0.455232,0.000523,0,8.091034,38.213205,0.050594,9.1,257,2458608.51236,-15.72079,-15.72081,0.058,-9999999,0.027062,1.586702,1.197134,-1.75477,1.346068,0.51,899.9982,11.770539,6.080811,2019-05-05T00:10:47.964,-9999999,G2,0103.D-0445,Lorenzo-Oliveira,-9999999,HARPS_ech_obs_all,HARPS_ech_obs_thosimult,STAR_WAVE_G2,4.50259635483374E-05,9.71853152464639E-07,0,0,0
GJ3446,112.676535,-37.33989,2458616.4490375,25.541105,1.33995,9493.849961,1.403901,42.336021,0.523156,9492.885244,0.398396,42.364395,0.523795,-10.072568,7.045374,-28.206121,1.226199,0.47708,0.00036,0.339729,0.000424,0.463199,0.000546,0,8.136171,38.053885,0.000022,9.37,244.7,2458616.44903,-15.188133,-15.188152,0.048,-9999999,0.027174,-0.772389,1.233601,-0.991891,1.346187,0.49,299.9982,-10.0667,6.958087,2019-05-12T22:45:22.818,-9999999,G2,0103.C-0206(A),demedeiros,-9999999,HARPS_ech_obs_all,HARPS_ech_obs_wavesimult,STAR_WAVE_G,4.62111862839489E-05,8.91862855723863E-07,0,0,0
GJ3446,112.676535,-37.33989,2458616.4528619,25.007626,1.34162,9493.475603,1.4053,41.809566,0.527436,9492.510999,0.403327,41.82928,0.527768,-9.212597,6.49339,-28.089112,1.244817,0.478692,0.000366,0.340142,0.00043,0.463329,0.000554,0,8.136295,38.05853,0.002213,9.37,241.3,2458616.45286,-15.194614,-15.194646,0.15,-9999999,0.027174,-0.765365,1.233595,-0.991778,1.346178,0.49,299.9982,-9.21988,6.409639,2019-05-12T22:50:53.266,-9999999,G2,0103.C-0206(A),demedeiros,-9999999,HARPS_ech_obs_all,HARPS_ech_obs_wavesimult,STAR_WAVE_G,4.62796777103987E-05,7.80043408071613E-07,0,0,0
GJ3446,112.676535,-37.33989,2458616.4566931,25.138488,1.355012,9493.543644,1.412929,41.947464,0.560639,9492.579155,0.429179,41.93895,0.560918,-12.644788,6.51399,-28.663324,1.320134,0.477568,0.000388,0.340451,0.000458,0.464092,0.000591,0,8.13436,38.053792,0.001063,9.37,226.3,2458616.45669,-15.201012,-15.201046,0.222,-9999999,0.027175,-0.758329,1.233589,-0.991664,1.34617,0.49,299.9982,-12.646898,6.423958,2019-05-12T22:56:24.294,-9999999,G2,0103.C-0206(A),demedeiros,-9999999,HARPS_ech_obs_all,HARPS_ech_obs_wavesimult,STAR_WAVE_G,4.64965275265658E-05,1.07176016170574E-06,0,0,0
GJ3446,112.676535,-37.33989,2458617.4546856,19.621606,1.40797,9491.20825,1.446594,36.431622,0.678698,9490.243715,0.529574,36.365087,0.678217,-11.333248,7.039134,-4.37275,1.64978,0.483319,0.00051,0.340619,0.000594,0.463091,0.000765,0,8.145877,38.231599,0.011254,9.37,175.4,2458617.45468,-15.124612,-15.124648,-0.666,-9999999,0.027189,-0.757289,1.233592,-0.991724,1.346175,0.51,299.9982,-11.337191,6.988658,2019-05-13T22:53:29.156,-9999999,G2,0103.C-0206(A),demedeiros,-9999999,HARPS_ech_obs_all,HARPS_ech_obs_wavesimult,STAR_WAVE_G,4.65915811492629E-05,8.39882825845713E-07,0,0,0
GJ3446,112.676535,-37.33989,2458617.4584608,20.895497,1.410985,9492.77641,1.44828,37.712447,0.684941,9491.811987,0.534183,37.735177,0.684429,-4.140546,7.850659,-8.042957,1.927782,0.48303,0.000516,0.341036,0.000601,0.46302,0.000774,0,8.145353,38.252688,0.013148,9.37,173.4,2458617.45846,-15.130785,-15.13082,-0.668,-9999999,0.027189,-0.750355,1.233586,-0.991612,1.346167,0.49,299.9982,-4.141516,7.787641,2019-05-13T22:59:01.354,-9999999,G2,0103.C-0206(A),demedeiros,-9999999,HARPS_ech_obs_all,HARPS_ech_obs_wavesimult,STAR_WAVE_G,4.62165887972897E-05,1.07854180005169E-06,0,0,0
GJ3446,112.676535,-37.33989,2458617.4623379,18.729244,1.414136,9490.733099,1.4507,35.553315,0.691421,9489.768791,0.540727,35.470661,0.69106,1.588499,8.262432,-6.62655,1.667628,0.482909,0.000525,0.339727,0.000609,0.463158,0.000786,0,8.14185,38.257312,0.011151,9.37,170.8,2458617.46233,-15.137021,-15.137057,-0.838,-9999999,0.027189,-0.743234,1.233579,-0.991497,1.346159,0.5,299.9982,1.593457,8.210573,2019-05-13T23:04:33.352,-9999999,G2,0103.C-0206(A),demedeiros,-9999999,HARPS_ech_obs_all,HARPS_ech_obs_wavesimult,STAR_WAVE_G,4.68606967120801E-05,9.02447785485624E-07,0,0,0
GJ3446,112.676535,-37.33989,2458619.5491942,-9.366989,0.717248,9465.701268,1.009988,7.416908,0.468402,9465.564929,0.351663,7.334664,0.468856,-1.187287,6.822791,27.270218,0.924592,0.472876,0.000293,0.34144,0.000361,0.455846,0.000465,0,8.10807,38.186402,0.042217,9.1,287.2,2458619.54919,-15.077767,-15.077831,-0.234,-9999999,0.027219,-0.783409,0.543179,-0.163558,0.946789,0.51,899.9982,-1.202301,6.81848,2019-05-16T01:04:37.678,-9999999,G2,0100.D-0444(A),Lorenzo-Oliveira,-9999999,HARPS_ech_obs_all,HARPS_ech_obs_thosimult,STAR_WAVE_G2,4.55164988811821E-05,8.7315231730968E-07,0,0,0
GJ3446,112.676535,-37.33989,2458620.5426709,-31.794058,1.083331,9445.398417,1.195553,-14.102568,0.594298,9446.167684,0.456537,-14.088022,0.595552,26.61079,9.35152,21.466695,1.411627,0.469363,0.000414,0.347542,0.000499,0.456212,0.000646,0,8.088682,38.208576,0.060811,9.1,208,2458620.54267,-14.985594,-14.985668,-0.129,-9999999,0.027233,0.124185,0.905768,0.742034,1.104953,0.48,899.9982,26.576484,9.351652,2019-05-17T00:55:45.287,-9999999,G2,0100.D-0444(A),Lorenzo-Oliveira,-9999999,HARPS_ech_obs_all,HARPS_ech_obs_thosimult,STAR_WAVE_G2,4.48860620715168E-05,7.12367928165774E-07,0,0,0
GJ3446,112.676535,-37.33989,2458622.5529116,15.970889,1.146421,9489.163592,1.04357,33.462076,0.53036,9490.391033,0.401209,33.4486,0.530623,2.465468,6.215982,8.009589,1.148914,0.473609,0.000337,0.347989,0.000417,0.464004,0.000537,0,8.098902,38.275588,0.021502,9.1,248,2458622.55291,-14.804916,-14.804959,-0.003,-9999999,0.027261,-0.076118,1.016366,1.20018,0.963364,0.48,899.9982,2.453104,6.150293,2019-05-19T01:10:38.535,-9999999,G2,0103.D-0445(A),Lorenzo-Oliveira,-9999999,HARPS_ech_obs_all,HARPS_ech_obs_thosimult,STAR_WAVE_G2,4.66067946458643E-05,8.55402702427107E-07,0,0,0
GJ3446,112.676535,-37.33989,2458623.5491648,18.854618,1.542902,9490.463903,1.538592,32.273962,1.002511,9489.557274,0.745325,32.282379,1.002983,-0.4731,11.211474,0.090692,2.672077,0.472144,0.000667,0.348027,0.000827,0.46314,0.001064,0,8.080618,38.305526,0.013667,9.1,126,2458623.54915,-14.703503,-14.703548,0.294,-9999999,0.027275,-4.147962,1.172825,-0.933904,1.346015,0.54,899.9982,-0.489176,11.175366,2019-05-20T01:04:24.957,-9999999,G2,0103.D-0445(A),Lorenzo-Oliveira,-9999999,HARPS_ech_obs_all,HARPS_ech_obs_thosimult,STAR_WAVE_G2,4.60794734017401E-05,1.12740822089561E-06,0,0,0
GJ3446,112.676535,-37.33989,2458624.54553,12.439911,1.492252,9487.149547,1.426524,31.807185,0.895904,9488.84844,0.681095,31.771294,0.896341,-6.318349,11.278402,11.541481,2.1643,0.477679,0.000627,0.342267,0.000768,0.46514,0.000988,0,8.091677,38.22841,0.025034,9.1,135.7,2458624.54553,-14.598329,-14.59838,0.544,-9999999,0.02729,1.799969,1.193387,1.671603,1.253427,0.53,899.9981,-6.321378,11.241313,2019-05-21T00:59:24.036,-9999999,G2,0103.D-0445(A),Lorenzo-Oliveira,-9999999,HARPS_ech_obs_all,HARPS_ech_obs_thosimult,STAR_WAVE_G2,4.69220069338413E-05,8.86757811356508E-07,0,0,0
GJ3446,112.676535,-37.33989,2458624.556664,13.953867,1.449592,9488.141978,1.402285,33.341591,0.822904,9489.841201,0.628779,33.400282,0.823336,-9.996543,11.379179,17.435064,2.078015,0.475917,0.000569,0.342105,0.000699,0.464139,0.000899,0,8.092474,38.2318,0.025611,9.1,148.7,2458624.55666,-14.603507,-14.603553,0.283,-9999999,0.02729,1.820418,1.193376,1.671933,1.253412,0.48,899.9981,-10.010242,11.344836,2019-05-21T01:16:11.060,-9999999,G2,0103.D-0445(A),Lorenzo-Oliveira,-9999999,HARPS_ech_obs_all,HARPS_ech_obs_thosimult,STAR_WAVE_G2,4.72061366847697E-05,9.35408088564925E-07,0,0,0
GJ3446,112.676535,-37.33989,2458625.521289,-15.74521,0.955714,9460.867692,1.095159,0.775293,0.562716,9460.314868,0.434581,0.766533,0.563222,7.90842,6.368692,44.521438,1.368014,0.470782,0.000383,0.34198,0.000469,0.464478,0.000603,0,8.121821,38.113918,0.050895,9.1,221.2,2458625.52128,-14.475633,-14.475668,0.324,-9999999,0.027303,-1.046802,0.772489,-0.580127,1.005243,0.51,899.9981,7.92068,6.366414,2019-05-22T00:24:51.617,-9999999,G2,0103.D-0445(A),Lorenzo-Oliveira,-9999999,HARPS_ech_obs_all,HARPS_ech_obs_thosimult,STAR_WAVE_G2,4.54455258462314E-05,7.22597950835701E-07,0,0,0
GJ3446,112.676535,-37.33989,2458780.8383215,-0.936053,1.32842,9474.676733,1.400108,18.116184,0.49325,9474.656864,0.38547,18.047758,0.492688,-3.695651,8.098411,35.446721,1.656516,0.477299,0.0004,0.339021,0.000443,0.457635,0.000575,0,8.110451,38.471461,0.035018,9.37,233.2,2458780.83831,15.980257,15.980256,0.513,-9999999,0.029512,1.484932,1.233452,-0.049381,1.346,0.5,449.9979,-3.68299,8.077687,2019-10-24T08:03:46.862,-9999999,G2,0104.C-0090(A),demedeiros,-9999999,HARPS_ech_obs_all,HARPS_ech_obs_wavesimult,STAR_WAVE_G,4.63935522643274E-05,9.01205539557435E-07,0,0,0
GJ3446,112.676535,-37.33989,2458780.8443666,-3.122163,1.44388,9473.291979,1.471998,15.941177,0.750582,9473.272289,0.595856,15.951854,0.750419,8.286767,9.563898,33.1397,1.925913,0.47765,0.000643,0.339223,0.00071,0.459925,0.000922,0,8.104767,38.539339,0.035953,9.37,146.4,2458780.84437,15.969572,15.969544,0.431,-9999999,0.029512,1.496035,1.233457,-0.049202,1.346007,0.38,449.998,8.313767,9.554223,2019-10-24T08:13:23.133,-9999999,G2,0104.C-0090(A),demedeiros,-9999999,HARPS_ech_obs_all,HARPS_ech_obs_wavesimult,STAR_WAVE_G,4.71439346552147E-05,7.89403375539282E-07,0,0,0
GJ3446,112.676535,-37.33989,2458784.8520136,17.622627,1.527525,9491.155752,1.504817,36.468386,0.901052,9490.742348,0.672839,36.472938,0.900763,-0.385307,10.622988,14.013071,2.943793,0.479539,0.000711,0.334771,0.000804,0.457258,0.001047,0,8.116673,38.361477,0.01551,9.37,128.5,2458784.85201,15.995388,15.995383,0.3,-9999999,0.029569,1.278454,1.233465,-0.442973,1.346017,0.51,299.9979,-0.372523,10.591794,2019-10-28T08:24:23.513,-9999999,G2,0104.C-0090(A),demedeiros,-9999999,HARPS_ech_obs_all,HARPS_ech_obs_wavesimult,STAR_WAVE_G,4.58245613748591E-05,8.99950870750511E-07,0,0,0
GJ3446,112.676535,-37.33989,2458784.8558486,16.206824,1.49816,9489.445493,1.490302,35.059626,0.850316,9489.032203,0.639707,34.940584,0.849993,-4.959982,10.376572,11.015486,2.869589,0.47886,0.00068,0.335121,0.000765,0.45848,0.000998,0,8.107223,38.402165,0.017598,9.37,135,2458784.85584,15.988066,15.988066,0.88,-9999999,0.029569,1.285497,1.233469,-0.442859,1.346022,0.51,299.9979,-4.946329,10.358719,2019-10-28T08:29:54.841,-9999999,G2,0104.C-0090(A),demedeiros,-9999999,HARPS_ech_obs_all,HARPS_ech_obs_wavesimult,STAR_WAVE_G,4.6972183374038E-05,9.49751265352493E-07,0,0,0
GJ3446,112.676535,-37.33989,2458784.8596106,18.060015,1.491325,9491.951687,1.487013,36.919727,0.838209,9491.538508,0.631997,36.865319,0.837821,-11.276547,9.803679,16.435727,2.8411,0.480439,0.000682,0.334813,0.000762,0.457823,0.000994,0,8.107785,38.444502,0.016441,9.37,135.6,2458784.8596,15.980823,15.980843,0.539,-9999999,0.029569,1.292407,1.233473,-0.442748,1.346027,0.49,299.998,-11.263902,9.778153,2019-10-28T08:35:25.860,-9999999,G2,0104.C-0090(A),demedeiros,-9999999,HARPS_ech_obs_all,HARPS_ech_obs_wavesimult,STAR_WAVE_G,4.67090504340856E-05,8.5173100096391E-07,0,0,0
GJ3446,112.676535,-37.33989,2458785.8221666,20.952745,1.366795,9493.038202,1.421697,39.875007,0.588864,9492.900771,0.457773,39.876237,0.588101,-15.986558,6.083552,13.954182,2.168834,0.4779,0.000449,0.329953,0.000506,0.461565,0.000669,0,8.122685,38.338105,0.012698,9.37,201.5,2458785.82216,16.047291,16.047294,0.138,-9999999,0.029583,1.354957,1.233437,-0.167014,1.345982,0.49,899.9979,-15.968029,5.996782,2019-10-29T07:36:32.288,-9999999,G2,0104.C-0090(A),demedeiros,-9999999,HARPS_ech_obs_all,HARPS_ech_obs_wavesimult,STAR_WAVE_G,4.60327309476657E-05,8.26084971130006E-07,0,0,0
GJ3446,112.676535,-37.33989,2458795.8377458,13.363231,2.316032,9485.282302,1.931663,32.394416,1.960256,9485.414315,1.385499,32.3345,1.9604,-5.48584,18.000249,-0.60661,5.11857,0.484958,0.001493,0.345706,0.001714,0.470277,0.002225,0,8.114666,38.393273,0.028085,9.37,62.1,2458795.83774,15.718013,15.71804,-0.133,-9999999,0.029726,1.46388,1.233451,0.102287,1.345999,0.51,179.998,-5.494456,17.990963,2019-11-08T08:04:01.932,-9999999,G2,0104.C-0090(B),UNKNOWN,-9999999,HARPS_ech_obs_all,HARPS_ech_obs_wavesimult,STAR_WAVE_NONE,4.84947809679102E-05,1.16526023566124E-06,0,0,0
GJ3446,112.676535,-37.33989,2458795.8402079,8.331026,2.275133,9479.001246,1.899219,27.366733,1.911759,9479.133332,1.339893,27.393235,1.912306,14.222128,19.566959,3.247031,4.500565,0.487893,0.001433,0.345427,0.001646,0.467392,0.002131,0,8.117672,38.29353,0.028393,9.37,64.4,2458795.8402,15.713046,15.713057,-0.087,-9999999,0.029726,1.468402,1.233453,0.10236,1.346002,0.52,179.998,14.218737,19.572548,2019-11-08T08:07:32.844,-9999999,G2,0104.C-0090(B),UNKNOWN,-9999999,HARPS_ech_obs_all,HARPS_ech_obs_wavesimult,STAR_WAVE_NONE,4.33242474898273E-05,1.07289948386922E-06,0,0,0
GJ3446,112.676535,-37.33989,2458795.8426299,12.164925,2.192048,9486.184963,1.846114,31.20508,1.812088,9486.317121,1.263491,31.294258,1.8121,-10.334922,20.481753,4.410286,4.726231,0.487639,0.001341,0.34625,0.001547,0.471117,0.002008,0,8.134252,38.247872,0.019624,9.37,68.4,2458795.84262,15.708142,15.708172,-0.034,-9999999,0.029726,1.47285,1.233456,0.102432,1.346005,0.51,179.998,-10.367177,20.493254,2019-11-08T08:11:03.896,-9999999,G2,0104.C-0090(B),UNKNOWN,-9999999,HARPS_ech_obs_all,HARPS_ech_obs_wavesimult,STAR_WAVE_NONE,4.72662657559655E-05,1.23400965666663E-06,0,0,0
GJ3446,112.676535,-37.33989,2458795.8450717,13.637409,2.167049,9483.31315,1.833534,32.682049,1.781764,9483.445381,1.245034,32.542866,1.782189,20.24217,17.905084,-3.195141,5.422976,0.486763,0.00132,0.347026,0.001522,0.467901,0.001968,0,8.132165,38.247362,0.014165,9.37,69.5,2458795.84506,15.70318,15.703199,0.05,-9999999,0.029726,1.477335,1.233458,0.102505,1.346008,0.51,179.998,20.202505,17.910048,2019-11-08T08:14:34.857,-9999999,G2,0104.C-0090(B),UNKNOWN,-9999999,HARPS_ech_obs_all,HARPS_ech_obs_wavesimult,STAR_WAVE_NONE,4.74759163221426E-05,1.48079515927854E-06,0,0,0
GJ3446,112.676535,-37.33989,2458795.8475142,12.852314,2.132986,9482.522916,1.812129,31.90144,1.740174,9482.655219,1.213287,31.808092,1.740307,-10.131942,16.271074,-0.71318,5.012128,0.489464,0.00129,0.34667,0.00148,0.468794,0.001916,0,8.138839,38.238526,0.017897,9.37,71.4,2458795.84751,15.698201,15.69821,0.359,-9999999,0.029726,1.481821,1.233461,0.102577,1.346011,0.51,179.998,-10.139961,16.266657,2019-11-08T08:18:05.879,-9999999,G2,0104.C-0090(B),UNKNOWN,-9999999,HARPS_ech_obs_all,HARPS_ech_obs_wavesimult,STAR_WAVE_NONE,4.76630878889364E-05,1.03670118744936E-06,0,0,0
GJ3446,112.676535,-37.33989,2458797.8737385,-25.439948,1.867803,9451.913216,1.543951,-4.757913,1.512657,9454.711216,1.104125,-4.883756,1.512779,7.172915,16.573858,32.880521,4.0274,0.477123,0.001299,0.344916,0.00144,0.471497,0.001876,0,8.082632,38.636783,0.047478,9.37,73.3,2458797.87373,15.526646,15.526656,0.821,-9999999,0.029755,3.11473,1.095699,2.768245,1.079209,0.5,179.998,7.151678,16.574615,2019-11-10T08:55:44.361,-9999999,G2,0104.C-0090(B),UNKNOWN,-9999999,HARPS_ech_obs_all,HARPS_ech_obs_wavesimult,STAR_WAVE_NONE,4.4992332926028E-05,1.00887701533611E-06,0,0,0
GJ3446,112.676535,-37.33989,2458797.8761823,-26.458689,1.89001,9448.070601,1.559327,-5.772166,1.539991,9450.868673,1.125522,-5.865099,1.539817,-2.567839,15.316466,36.831319,4.133397,0.477472,0.001333,0.34492,0.001477,0.474223,0.00193,0,8.080574,38.621618,0.0434,9.37,71.5,2458797.87618,15.521536,15.521562,0.966,-9999999,0.029755,3.119218,1.095702,2.768317,1.079214,0.5,179.998,-2.616607,15.316261,2019-11-10T08:59:15.492,-9999999,G2,0104.C-0090(B),UNKNOWN,-9999999,HARPS_ech_obs_all,HARPS_ech_obs_wavesimult,STAR_WAVE_NONE,4.43489529800995E-05,1.01297165377662E-06,0,0,0
GJ3446,112.676535,-37.33989,2458797.8786454,-20.944422,1.875809,9453.901436,1.545792,-0.253375,1.522527,9456.699581,1.106689,-0.277911,1.522779,6.340117,15.361331,39.306699,3.408015,0.476189,0.001302,0.355389,0.001471,0.475633,0.001895,0,8.083361,38.589169,0.049058,9.37,72.8,2458797.87864,15.516385,15.516397,0.83,-9999999,0.029755,3.123742,1.095706,2.76839,1.079218,0.51,179.998,6.30487,15.360739,2019-11-10T09:02:46.494,-9999999,G2,0104.C-0090(B),UNKNOWN,-9999999,HARPS_ech_obs_all,HARPS_ech_obs_wavesimult,STAR_WAVE_NONE,4.23948952871989E-05,9.36126630563774E-07,0,0,0
GJ3446,112.676535,-37.33989,2458797.8810463,-18.238931,1.869349,9460.080139,1.545305,2.456526,1.514558,9462.878356,1.106005,2.352906,1.514533,-2.478013,16.101105,47.446258,3.712967,0.475914,0.001306,0.364661,0.001493,0.485634,0.00192,0,8.099498,38.578241,0.061249,9.37,72.7,2458797.88104,15.511368,15.511379,0.415,-9999999,0.029755,3.128152,1.095709,2.768462,1.079223,0.49,179.998,-2.477068,16.099687,2019-11-10T09:06:17.516,-9999999,G2,0104.C-0090(B),UNKNOWN,-9999999,HARPS_ech_obs_all,HARPS_ech_obs_wavesimult,STAR_WAVE_NONE,4.43546644978525E-05,8.57451317648342E-07,0,0,0
GJ3446,112.676535,-37.33989,2458797.8834886,-5.24085,1.889875,9471.753494,1.557624,15.459092,1.539819,9474.551783,1.123148,15.476937,1.539862,-28.898571,14.145834,74.952537,3.864323,0.47902,0.00133,0.367413,0.001541,0.496497,0.001973,0,8.110438,38.440631,0.069282,9.37,71.6,2458797.88348,15.506266,15.506292,0.448,-9999999,0.029755,3.132637,1.095713,2.768534,1.079228,0.49,179.998,-28.914054,14.134118,2019-11-10T09:09:48.527,-9999999,G2,0104.C-0090(B),UNKNOWN,-9999999,HARPS_ech_obs_all,HARPS_ech_obs_wavesimult,STAR_WAVE_NONE,4.40737529575839E-05,1.06152657466749E-06,0,0,0
GJ3446,112.676535,-37.33989,2458808.8308286,-9.776265,1.571947,9463.028256,1.541533,8.377962,0.974491,9463.966037,0.751421,8.364662,0.974699,13.681593,8.826908,36.901079,2.928457,0.47629,0.00077,0.326664,0.000864,0.464792,0.00115,0,8.092678,38.325727,0.038949,9.37,118.6,2458808.83083,14.650475,14.650482,0.066,-9999999,0.02991,0.586922,1.233445,0.907871,1.345991,0.54,299.9979,13.691717,8.818995,2019-11-21T07:51:57.202,-9999999,G2,0104.C-0090(A),demedeiros,-9999999,HARPS_ech_obs_all,HARPS_ech_obs_wavesimult,STAR_WAVE_G,4.41561816060908E-05,7.68580717719941E-07,0,0,0
GJ3446,112.676535,-37.33989,2458808.835355,-13.06812,1.54036,9459.498726,1.525264,5.09442,0.922667,9460.436641,0.717444,4.991995,0.922834,6.438474,9.7194,34.111156,2.98192,0.475364,0.000734,0.325753,0.000823,0.463808,0.001096,0,8.091134,38.365403,0.032351,9.37,124.2,2458808.83535,14.640805,14.640815,-0.018,-9999999,0.02991,0.595235,1.233449,0.908005,1.345996,0.49,299.9978,6.421304,9.717245,2019-11-21T07:58:43.264,-9999999,G2,0104.C-0090(A),demedeiros,-9999999,HARPS_ech_obs_all,HARPS_ech_obs_wavesimult,STAR_WAVE_G,-9999999,-9999999,-9999999,-9999999,-9999999
GJ3446,112.676535,-37.33989,2458808.8396278,-11.505248,1.537285,9461.974808,1.523109,6.66514,0.917518,9462.912851,0.71284,6.581669,0.917768,8.998681,8.122848,35.609964,2.495017,0.475714,0.000743,0.327147,0.00083,0.461862,0.001101,0,8.078207,38.449232,0.039797,9.37,123.4,2458808.83962,14.631663,14.631677,0.382,-9999999,0.029911,0.603083,1.233453,0.908132,1.346001,0.51,299.9978,8.985308,8.11543,2019-11-21T08:04:46.414,-9999999,G2,0104.C-0090(A),demedeiros,-9999999,HARPS_ech_obs_all,HARPS_ech_obs_wavesimult,STAR_WAVE_G,4.49124422366005E-05,1.02715632363354E-06,0,0,0
GJ3446,112.676535,-37.33989,2458810.8405328,16.01744,1.464101,9488.248941,1.481213,33.005723,0.788787,9488.189234,0.61828,32.86822,0.788139,-5.36892,9.154167,11.000125,2.339873,0.478331,0.000642,0.335927,0.00072,0.459059,0.00094,0,8.098441,38.556897,0.018811,9.37,143.2,2458810.84053,14.393239,14.393267,-0.087,-9999999,0.029939,-0.579022,1.233454,-0.089646,1.346002,0.5,299.9979,-5.354275,9.09427,2019-11-23T08:05:59.238,-9999999,G2,0104.C-0090(A),demedeiros,-9999999,HARPS_ech_obs_all,HARPS_ech_obs_wavesimult,STAR_WAVE_G,4.56661340079668E-05,1.02417493842433E-06,0,0,0
GJ3446,112.676535,-37.33989,2458810.8446792,15.583769,1.458939,9488.125575,1.479145,32.579668,0.779156,9488.065991,0.613299,32.457461,0.778722,-3.392772,9.535899,15.220472,2.641084,0.477671,0.000634,0.336396,0.000714,0.458268,0.00093,0,8.100472,38.55535,0.020343,9.37,144.8,2458810.84467,14.384321,14.384354,0.166,-9999999,0.029939,-0.571407,1.233458,-0.089523,1.346007,0.49,299.9979,-3.386303,9.481572,2019-11-23T08:12:00.467,-9999999,G2,0104.C-0090(A),demedeiros,-9999999,HARPS_ech_obs_all,HARPS_ech_obs_wavesimult,STAR_WAVE_G,4.57577668959812E-05,6.94126136589763E-07,0,0,0
GJ3446,112.676535,-37.33989,2458810.8488913,14.522564,1.44237,9487.32331,1.46931,31.526199,0.747665,9487.263851,0.589172,31.457645,0.747147,-7.609795,9.297544,11.520101,2.441519,0.478295,0.00061,0.336325,0.000686,0.458618,0.000894,0,8.100118,38.581255,0.015994,9.37,150.6,2458810.84889,14.37527,14.3753,0.447,-9999999,0.029939,-0.56367,1.233462,-0.089398,1.346013,0.51,299.9979,-7.596976,9.24518,2019-11-23T08:17:58.377,-9999999,G2,0104.C-0090(A),demedeiros,-9999999,HARPS_ech_obs_all,HARPS_ech_obs_wavesimult,STAR_WAVE_G,4.5437751953628E-05,9.36280620049168E-07,0,0,0
GJ3446,112.676535,-37.33989,2458813.8408431,-18.459838,1.4238,9453.668122,1.457675,-1.487225,0.711195,9453.529554,0.559547,-1.552912,0.712058,16.585124,9.753509,37.376937,1.893441,0.474471,0.000537,0.346944,0.000619,0.46871,0.000803,0,8.114234,38.153423,0.050071,9.37,166.7,2458813.84083,14.001424,14.001464,0.503,-9999999,0.029982,-0.594692,1.233454,-0.16855,1.346003,0.49,299.9978,16.573463,9.752722,2019-11-26T08:06:16.760,-9999999,G2,0104.C-0090(A),demedeiros,-9999999,HARPS_ech_obs_all,HARPS_ech_obs_wavesimult,STAR_WAVE_G,4.46841662407674E-05,8.04579014438433E-07,0,0,0
GJ3446,112.676535,-37.33989,2458813.8449864,-19.207729,1.411473,9452.434792,1.449833,-2.227506,0.686176,9452.296347,0.538777,-2.202918,0.68688,15.019688,9.181292,35.460267,2.325353,0.473427,0.000513,0.348106,0.000592,0.468358,0.000767,0,8.11665,38.136831,0.047695,9.37,174.6,2458813.84498,13.992474,13.992514,0.364,-9999999,0.029982,-0.587082,1.233458,-0.168427,1.346008,0.49,299.9978,15.006274,9.180065,2019-11-26T08:12:14.719,-9999999,G2,0104.C-0090(A),demedeiros,-9999999,HARPS_ech_obs_all,HARPS_ech_obs_wavesimult,STAR_WAVE_G,4.387717342135E-05,6.90580753689683E-07,0,0,0
GJ3446,112.676535,-37.33989,2458813.8492405,-18.812872,1.443054,9452.472406,1.468367,-1.824836,0.748983,9452.334087,0.586813,-1.736131,0.749694,28.202878,9.914854,34.062463,2.653368,0.474475,0.000564,0.34857,0.000651,0.467508,0.000842,0,8.117133,38.154942,0.04901,9.37,159,2458813.84924,13.983306,13.983334,0.28,-9999999,0.029982,-0.579269,1.233462,-0.168301,1.346013,0.49,299.9978,28.18178,9.914448,2019-11-26T08:18:22.259,-9999999,G2,0104.C-0090(A),demedeiros,-9999999,HARPS_ech_obs_all,HARPS_ech_obs_wavesimult,STAR_WAVE_G,4.32675378400586E-05,8.12166677338585E-07,0,0,0
GJ3446,112.676535,-37.33989,2458841.805618,-6.612639,1.38086,9467.571726,1.229362,11.000531,0.620838,9465.790636,0.484621,10.95841,0.620916,10.128592,7.696385,1.398246,2.3948,0.478282,0.000465,0.336864,0.000529,0.46992,0.00069,0,8.097885,38.302929,0.035149,9.37,194.8,2458841.80561,8.708403,8.708455,-0.037,-9999999,0.030379,0.045864,1.233424,-1.811469,1.129812,0.5,299.9979,10.128815,7.689732,2019-12-24T07:13:56.415,-9999999,G2,0104.C-0090(A),demedeiros,-9999999,HARPS_ech_obs_all,HARPS_ech_obs_wavesimult,STAR_WAVE_G,4.55973766942118E-05,7.99714339335141E-07,0,0,0
GJ3446,112.676535,-37.33989,2458843.7534468,11.387527,1.416486,9484.325344,1.341473,28.582384,0.69654,9483.332974,0.549308,28.590993,0.695812,6.003375,8.099738,-20.493829,2.821873,0.47628,0.000566,0.346245,0.000641,0.45852,0.000835,0,8.066476,38.723597,0.023051,9.37,161.4,2458843.75345,8.338714,8.338768,0.001,-9999999,0.030407,-0.372448,1.233396,-1.022777,1.223851,0.5,299.9979,5.991645,8.065948,2019-12-26T05:58:44.007,-9999999,G2,0104.C-0090(A),demedeiros,-9999999,HARPS_ech_obs_all,HARPS_ech_obs_wavesimult,STAR_WAVE_G,4.47803064682165E-05,7.19573842180447E-07,0,0,0
GJ3446,112.676535,-37.33989,2458843.7572469,11.769977,1.418812,9485.73832,1.342967,28.971813,0.701254,9484.746063,0.55294,29.040822,0.700844,-1.322897,7.402595,-18.645193,2.579713,0.478016,0.000567,0.345349,0.000642,0.458756,0.000836,0,8.068708,38.684758,0.020951,9.37,161.1,2458843.75724,8.330075,8.330136,0.445,-9999999,0.030407,-0.365469,1.233397,-1.022664,1.223853,0.49,299.9979,-1.338903,7.374395,2019-12-26T06:04:15.334,-9999999,G2,0104.C-0090(A),demedeiros,-9999999,HARPS_ech_obs_all,HARPS_ech_obs_wavesimult,STAR_WAVE_G,4.45937408820105E-05,8.88965207947468E-07,0,0,0
GJ3446,112.676535,-37.33989,2458843.7611475,11.341081,1.42273,9485.29089,1.345449,28.550081,0.709145,9484.298749,0.558937,28.497896,0.70854,4.299763,7.431307,-17.155666,2.813354,0.47801,0.000573,0.347227,0.000652,0.45804,0.000846,0,8.067839,38.687551,0.022289,9.37,159.1,2458843.76114,8.321217,8.321276,-0.002,-9999999,0.030407,-0.358305,1.233399,-1.022548,1.223855,0.51,299.9979,4.293268,7.394495,2019-12-26T06:09:46.332,-9999999,G2,0104.C-0090(A),demedeiros,-9999999,HARPS_ech_obs_all,HARPS_ech_obs_wavesimult,STAR_WAVE_G,4.49173880594729E-05,8.03317304383509E-07,0,0,0
GJ3446,112.676535,-37.33989,2458844.8181228,-9.468102,1.358714,9461.774384,1.417119,7.735788,0.569864,9460.7889,0.443363,7.680989,0.569602,27.05894,8.187443,-1.556675,2.440855,0.480827,0.000409,0.340057,0.000469,0.468176,0.000608,0,8.124475,38.13432,0.028309,9.37,220.1,2458844.81812,7.948781,7.948841,0.371,-9999999,0.030422,-0.363415,1.233434,-1.015906,1.345977,0.51,299.9979,27.060254,8.181249,2019-12-27T07:31:46.500,-9999999,G2,0104.C-0090(A),demedeiros,-9999999,HARPS_ech_obs_all,HARPS_ech_obs_wavesimult,STAR_WAVE_G,4.55036130638109E-05,9.51242719674422E-07,0,0,0
GJ3446,112.676535,-37.33989,2458844.8218825,-9.117764,1.366018,9461.452161,1.421423,8.093031,0.58706,9460.466788,0.456922,8.056614,0.586695,18.576723,7.571153,-1.133448,2.172333,0.481082,0.00042,0.339892,0.000483,0.469406,0.000626,0,8.126794,38.106457,0.03082,9.37,214,2458844.82188,7.941004,7.941058,0.503,-9999999,0.030422,-0.35651,1.233437,-1.015795,1.345981,0.49,299.9978,18.568218,7.566895,2019-12-27T07:37:17.328,-9999999,G2,0104.C-0090(A),demedeiros,-9999999,HARPS_ech_obs_all,HARPS_ech_obs_wavesimult,STAR_WAVE_G,4.61991021193846E-05,8.30263888109316E-07,0,0,0
GJ3446,112.676535,-37.33989,2458844.825818,-9.184966,1.371518,9461.944305,1.425035,8.033057,0.599738,9460.959049,0.468025,8.043163,0.599493,10.612935,7.244416,-0.939532,2.393699,0.481388,0.000431,0.339399,0.000496,0.468816,0.000643,0,8.124105,38.12232,0.033731,9.37,208.2,2458844.82581,7.932952,7.933004,0.161,-9999999,0.030422,-0.349282,1.23344,-1.015678,1.345985,0.52,299.9979,10.606129,7.2386,2019-12-27T07:42:48.346,-9999999,G2,0104.C-0090(A),demedeiros,-9999999,HARPS_ech_obs_all,HARPS_ech_obs_wavesimult,STAR_WAVE_G,4.5825365993681E-05,7.58368259371954E-07,0,0,0
GJ3446,112.676535,-37.33989,2458860.7317289,5.116996,1.134173,9473.885528,1.481038,18.321537,0.789498,9473.427855,0.618034,18.153409,0.789257,21.429445,8.883032,8.747228,2.903729,0.47427,0.000621,0.341263,0.000708,0.468155,0.000916,0,8.110451,38.401493,0.01855,9.37,147.2,2458860.73173,3.914123,3.914179,-0.101,-9999999,0.030648,-4.362764,0.814273,-0.488321,1.345922,0.51,179.9977,21.431716,8.873404,2020-01-12T05:27:55.450,-9999999,G2,0104.C-0090(A),demedeiros,-9999999,HARPS_ech_obs_all,HARPS_ech_obs_wavesimult,STAR_WAVE_G,4.4247301806627E-05,8.60637085729635E-07,0,0,0
GJ3446,112.676535,-37.33989,2458860.7341753,5.133905,1.140681,9473.386626,1.484267,18.342939,0.798818,9472.929027,0.625731,18.280275,0.798683,18.00043,8.552668,11.155349,2.66594,0.473944,0.000618,0.340884,0.000709,0.467922,0.000918,0,8.114202,38.339183,0.01791,9.37,146.8,2458860.73417,3.908568,3.908647,-0.306,-9999999,0.030649,-4.358271,0.814274,-0.488248,1.345923,0.51,179.9977,17.993233,8.538854,2020-01-12T05:31:26.822,-9999999,G2,0104.C-0090(A),demedeiros,-9999999,HARPS_ech_obs_all,HARPS_ech_obs_wavesimult,STAR_WAVE_G,4.42066972705373E-05,9.50518658946659E-07,0,0,0
GJ3446,112.676535,-37.33989,2458860.7366175,6.201649,1.128761,9475.235493,1.479582,19.415169,0.781702,9474.777966,0.614533,19.299386,0.781736,6.70805,9.450793,4.27143,2.755436,0.473919,0.000613,0.339762,0.000699,0.468446,0.000907,0,8.112178,38.387913,0.015167,9.37,148.8,2458860.73661,3.903036,3.903106,-0.405,-9999999,0.030649,-4.353785,0.814275,-0.488176,1.345924,0.51,179.9977,6.684633,9.438385,2020-01-12T05:34:57.823,-9999999,G2,0104.C-0090(A),demedeiros,-9999999,HARPS_ech_obs_all,HARPS_ech_obs_wavesimult,STAR_WAVE_G,4.32272203444322E-05,8.18411555748956E-07,0,0,0
GJ3446,112.676535,-37.33989,2458860.7390393,6.072649,1.134611,9474.798617,1.481389,19.290617,0.790125,9474.341162,0.61887,19.261216,0.790101,0.355732,8.651004,6.525789,2.679349,0.472751,0.000615,0.340379,0.000702,0.467356,0.000908,0,8.113105,38.367367,0.016164,9.37,148.3,2458860.73903,3.897566,3.897655,-0.066,-9999999,0.030649,-4.349337,0.814276,-0.488104,1.345924,0.5,179.9977,0.35706,8.632037,2020-01-12T05:38:28.865,-9999999,G2,0104.C-0090(A),demedeiros,-9999999,HARPS_ech_obs_all,HARPS_ech_obs_wavesimult,STAR_WAVE_G,4.38517633644063E-05,7.8984571260096E-07,0,0,0
GJ3446,112.676535,-37.33989,2458860.741481,6.945861,1.132258,9475.481534,1.480161,20.168313,0.786741,9475.024152,0.615924,20.084638,0.786828,12.298231,8.259537,6.744047,3.041791,0.472795,0.000611,0.339978,0.000698,0.46746,0.000904,0,8.114422,38.369629,0.017465,9.37,149,2458860.74147,3.892068,3.892146,0.078,-9999999,0.030649,-4.344853,0.814277,-0.488031,1.345925,0.5,179.9977,12.277781,8.243915,2020-01-12T05:41:59.826,-9999999,G2,0104.C-0090(A),demedeiros,-9999999,HARPS_ech_obs_all,HARPS_ech_obs_wavesimult,STAR_WAVE_G,4.42019795141237E-05,7.81494058574534E-07,0,0,0
GJ3446,112.676535,-37.33989,2458862.8757334,5.636132,1.65312,9472.658009,1.568377,22.604437,1.100593,9472.330639,0.804957,22.617399,1.101015,-14.605764,10.953227,4.033044,3.317504,0.478352,0.000736,0.338758,0.000877,0.46838,0.001139,0,8.159173,37.839342,0.020254,9.37,118.2,2458862.87572,3.097179,3.097253,0,-9999999,0.030679,-0.599,1.233492,-0.358049,1.34605,0.53,299.9976,-14.631451,10.932364,2020-01-14T08:54:07.971,-9999999,G2,0104.C-0090(A),demedeiros,-9999999,HARPS_ech_obs_all,HARPS_ech_obs_wavesimult,STAR_WAVE_G,4.5835129289923E-05,1.02262442180341E-06,0,0,0
GJ3446,112.676535,-37.33989,2458862.8795297,6.170319,1.607526,9471.621985,1.543857,23.145596,1.030838,9471.294728,0.756062,23.090342,1.030746,-0.011827,11.792988,11.194284,3.391476,0.475356,0.000675,0.340307,0.000814,0.47074,0.001057,0,8.166827,37.77205,0.022979,9.37,127.5,2458862.87952,3.092829,3.092902,0,-9999999,0.030679,-0.592028,1.233496,-0.357936,1.346055,0.52,299.9977,-0.00282,11.774916,2020-01-14T08:59:38.969,-9999999,G2,0104.C-0090(A),demedeiros,-9999999,HARPS_ech_obs_all,HARPS_ech_obs_wavesimult,STAR_WAVE_G,4.37027666309993E-05,8.71094227222766E-07,0,0,0
GJ3446,112.676535,-37.33989,2458862.8835328,4.6652,1.602087,9472.804122,1.541425,21.64783,1.022329,9472.476984,0.751072,21.600259,1.022171,10.444787,10.382881,12.781517,2.963673,0.477001,0.000679,0.338724,0.000812,0.467503,0.001054,0,8.158254,37.821993,0.025757,9.37,127.4,2458862.88352,3.088424,3.088495,0,-9999999,0.030679,-0.584676,1.233501,-0.357817,1.346062,0.57,299.9977,10.453928,10.366604,2020-01-14T09:05:09.827,-9999999,G2,0104.C-0090(A),demedeiros,-9999999,HARPS_ech_obs_all,HARPS_ech_obs_wavesimult,STAR_WAVE_G,4.51602618614039E-05,8.04128127346932E-07,0,0,0
GJ3446,112.676535,-37.33989,2458913.6787529,-10.848409,1.862208,9463.139554,1.670214,6.400727,1.395196,9463.012644,0.988997,6.435458,1.395463,11.137666,13.85589,28.458472,3.818869,0.471413,0.000937,0.34068,0.001229,0.46358,0.001599,0,8.101622,38.056458,0.03555,9.37,84.5,2458913.67875,-10.135535,-10.135456,0,-9999999,0.031401,-0.318169,1.233388,-0.158311,1.34592,0.52,129.9978,11.102013,13.855898,2020-03-05T04:12:51.943,-9999999,G2,0104.C-0090(A),demedeiros,-9999999,HARPS_ech_obs_all,HARPS_ech_obs_wavesimult,STAR_WAVE_G,4.51515923345704E-05,1.24158505344212E-06,0,0,0
GJ3446,112.676535,-37.33989,2458913.6805833,-12.496653,1.815295,9462.862732,1.646053,4.755845,1.331935,9462.735877,0.947624,4.6166,1.332193,29.39831,12.994039,30.38332,3.541766,0.469823,0.000892,0.340986,0.00117,0.460671,0.001515,0,8.100449,38.035911,0.036936,9.37,88.6,2458913.68058,-10.138618,-10.138529,0,-9999999,0.031402,-0.314807,1.233388,-0.158257,1.34592,0.5,129.9978,29.367936,12.994078,2020-03-05T04:15:32.692,-9999999,G2,0104.C-0090(A),demedeiros,-9999999,HARPS_ech_obs_all,HARPS_ech_obs_wavesimult,STAR_WAVE_G,4.3688926286718E-05,1.09157914281189E-06,0,0,0
GJ3446,112.676535,-37.33989,2458913.6824469,-14.476661,1.897399,9460.009471,1.6866,2.779259,1.441832,9459.882672,1.016426,2.919379,1.441823,4.378638,13.376113,28.87608,4.063597,0.470888,0.000966,0.339406,0.001267,0.460567,0.001645,0,8.101768,38.056524,0.030973,9.37,81.9,2458913.68244,-10.141726,-10.141646,0,-9999999,0.031402,-0.311385,1.233387,-0.158201,1.345919,0.5,129.9979,4.320715,13.376403,2020-03-05T04:18:13.712,-9999999,G2,0104.C-0090(A),demedeiros,-9999999,HARPS_ech_obs_all,HARPS_ech_obs_wavesimult,STAR_WAVE_G,4.59760107944082E-05,1.07351232509773E-06,0,0,0
GJ3446,112.676535,-37.33989,2458913.6843099,-12.632711,1.866875,9461.912507,1.669837,4.626631,1.40142,9461.785763,0.988361,4.596549,1.401591,10.327116,14.143123,27.311713,3.515074,0.47128,0.000931,0.339135,0.001223,0.46185,0.001589,0,8.102646,38.014866,0.027888,9.37,84.7,2458913.6843,-10.144802,-10.144715,0,-9999999,0.031402,-0.307963,1.233387,-0.158146,1.345919,0.5,129.9979,10.308776,14.141865,2020-03-05T04:20:54.681,-9999999,G2,0104.C-0090(A),demedeiros,-9999999,HARPS_ech_obs_all,HARPS_ech_obs_wavesimult,STAR_WAVE_G,4.63265356890057E-05,1.00974522980902E-06,0,0,0
GJ3446,112.676535,-37.33989,2458913.6861732,-7.565513,1.867113,9466.33387,1.671464,9.697251,1.401737,9466.207181,0.991108,9.756008,1.402095,19.842647,13.934702,19.074805,3.373404,0.472207,0.000936,0.339583,0.001229,0.461574,0.001596,0,8.10001,38.038409,0.035488,9.37,84.4,2458913.68617,-10.147846,-10.147752,0,-9999999,0.031402,-0.304541,1.233387,-0.158091,1.345919,0.5,129.9979,19.803581,13.933529,2020-03-05T04:23:35.680,-9999999,G2,0104.C-0090(A),demedeiros,-9999999,HARPS_ech_obs_all,HARPS_ech_obs_wavesimult,STAR_WAVE_G,4.51362380392685E-05,8.68763847542453E-07,0,0,0
GJ3446,112.676535,-37.33989,2458913.6880368,-12.781626,1.885904,9462.10234,1.677952,4.484561,1.426672,9461.975706,1.002011,4.440418,1.426836,12.843896,13.236137,23.796076,3.60406,0.471492,0.000946,0.338443,0.001243,0.459357,0.001614,0,8.111695,38.002438,0.033674,9.37,83.3,2458913.68803,-10.150859,-10.150774,0,-9999999,0.031402,-0.301118,1.233387,-0.158036,1.345919,0.5,129.9979,12.84207,13.235414,2020-03-05T04:26:16.699,-9999999,G2,0104.C-0090(A),demedeiros,-9999999,HARPS_ech_obs_all,HARPS_ech_obs_wavesimult,STAR_WAVE_G,4.53132895222568E-05,1.04633661488145E-06,0,0,0
GJ3446,112.676535,-37.33989,2458915.6332924,40.693536,1.733643,9511.541108,1.613188,57.925199,1.218294,9511.430126,0.889286,57.983608,1.218696,-11.569506,13.269622,22.207411,3.852045,0.472411,0.000859,0.337047,0.001112,0.463258,0.001436,0,8.126325,38.152385,-0.005581,9.37,94,2458915.63329,-10.477494,-10.477414,0.48,-9999999,0.031429,-0.335642,1.233401,-0.142411,1.345937,0.47,99.9978,-11.559624,13.272406,2020-03-07T03:07:50.451,-9999999,G2,0104.C-0090(A),demedeiros,-9999999,HARPS_ech_obs_all,HARPS_ech_obs_wavesimult,STAR_WAVE_G,4.43750490139554E-05,1.06200650766537E-06,0,0,0
GJ3446,112.676535,-37.33989,2458915.6348577,38.900322,1.831925,9512.108795,1.657848,56.13486,1.3545,9511.99786,0.967945,56.040608,1.354543,-18.179185,14.30253,18.858563,3.950814,0.473717,0.000956,0.336011,0.001237,0.465089,0.001604,0,8.118855,38.191311,-0.004779,9.37,84.7,2458915.63485,-10.480596,-10.480503,0.763,-9999999,0.031429,-0.332767,1.233401,-0.142364,1.345936,0.51,99.9978,-18.177853,14.294154,2020-03-07T03:10:01.699,-9999999,G2,0104.C-0090(A),demedeiros,-9999999,HARPS_ech_obs_all,HARPS_ech_obs_wavesimult,STAR_WAVE_G,4.52124533470177E-05,1.06898601534896E-06,0,0,0
GJ3446,112.676535,-37.33989,2458915.6363388,38.077514,1.985514,9510.777621,1.735903,55.314773,1.555953,9510.66673,1.096275,55.159927,1.555782,-15.054452,15.504859,15.724731,4.714219,0.471849,0.001093,0.335359,0.001425,0.460803,0.001839,0,8.112623,38.235461,0.000911,9.37,74,2458915.63633,-10.483517,-10.483437,0.311,-9999999,0.031429,-0.330046,1.2334,-0.14232,1.345935,0.48,99.9978,-15.059196,15.513322,2020-03-07T03:12:12.676,-9999999,G2,0104.C-0090(A),demedeiros,-9999999,HARPS_ech_obs_all,HARPS_ech_obs_wavesimult,STAR_WAVE_G,4.37157436252369E-05,1.06908061157493E-06,0,0,0
GJ3446,112.676535,-37.33989,2458915.6378666,40.45381,1.888947,9513.09038,1.683147,57.693875,1.43068,9512.979534,1.010666,57.698873,1.431113,-19.48479,14.942338,19.432181,3.679019,0.474376,0.001005,0.338097,0.001307,0.460847,0.001682,0,8.120867,38.192955,0.001463,9.37,80.6,2458915.63786,-10.486515,-10.486428,0.511,-9999999,0.031429,-0.32724,1.233399,-0.142275,1.345934,0.49,99.9978,-19.485308,14.926537,2020-03-07T03:14:23.683,-9999999,G2,0104.C-0090(A),demedeiros,-9999999,HARPS_ech_obs_all,HARPS_ech_obs_wavesimult,STAR_WAVE_G,4.53761655648548E-05,1.02944241187953E-06,0,0,0
GJ3446,112.676535,-37.33989,2458915.6393945,38.873405,1.829541,9509.987365,1.655778,56.116276,1.351276,9509.876564,0.964398,56.068593,1.351638,-9.537095,13.55913,20.277427,4.315681,0.471512,0.000947,0.337268,0.001233,0.462368,0.001589,0,8.117166,38.16994,-0.001281,9.37,85.3,2458915.63939,-10.489498,-10.489423,0.286,-9999999,0.031429,-0.324434,1.233399,-0.14223,1.345934,0.5,99.9978,-9.535421,13.539937,2020-03-07T03:16:34.700,-9999999,G2,0104.C-0090(A),demedeiros,-9999999,HARPS_ech_obs_all,HARPS_ech_obs_wavesimult,STAR_WAVE_G,4.46268822800327E-05,1.02071549888292E-06,0,0,0
GJ3446,112.676535,-37.33989,2458915.6408991,40.366108,1.845252,9511.666223,1.664298,57.611742,1.372474,9511.555467,0.978954,57.461774,1.372564,-21.749515,13.480516,22.8322,4.095127,0.473564,0.000965,0.335629,0.001251,0.458958,0.001611,0,8.122519,38.176679,0.001592,9.37,83.8,2458915.64089,-10.49242,-10.492338,0.421,-9999999,0.031429,-0.321671,1.233398,-0.142185,1.345933,0.49,99.9978,-21.751886,13.457172,2020-03-07T03:18:45.697,-9999999,G2,0104.C-0090(A),demedeiros,-9999999,HARPS_ech_obs_all,HARPS_ech_obs_wavesimult,STAR_WAVE_G,4.3546274609878E-05,1.0300713742316E-06,0,0,0
GJ3446,112.676535,-37.33989,2458915.642392,40.938994,1.992087,9512.042712,1.737586,58.18737,1.564334,9511.932,1.098941,58.143179,1.564171,-42.713768,15.864328,11.621097,3.264877,0.471614,0.001091,0.337544,0.001431,0.461786,0.001844,0,8.111072,38.211457,0.001353,9.37,73.9,2458915.64238,-10.495304,-10.495216,0.386,-9999999,0.031429,-0.318929,1.233398,-0.142141,1.345932,0.47,99.9978,-42.723104,15.87558,2020-03-07T03:20:56.684,-9999999,G2,0104.C-0090(A),demedeiros,-9999999,HARPS_ech_obs_all,HARPS_ech_obs_wavesimult,STAR_WAVE_G,4.37033370527128E-05,9.43869086624613E-07,0,0,0
GJ3446,112.676535,-37.33989,2458917.6578028,-30.97034,1.675401,9442.777105,1.579626,-13.76147,1.133893,9442.454537,0.826863,-13.78879,1.133436,15.750995,13.546315,33.54236,3.025247,0.473721,0.000762,0.339839,0.000985,0.46157,0.001281,0,8.163392,37.899427,0.057182,9.37,105.1,2458917.6578,-10.936873,-10.936811,2.131,-9999999,0.031458,-0.358435,1.233392,-0.354026,1.345926,0.51,99.9978,15.718809,13.543596,2020-03-09T03:43:10.295,-9999999,G2,0104.C-0090(A),demedeiros,-9999999,HARPS_ech_obs_all,HARPS_ech_obs_wavesimult,STAR_WAVE_G,4.67027073713834E-05,1.00151898209915E-06,0,0,0
GJ3446,112.676535,-37.33989,2458917.6592934,-31.606886,1.674701,9442.281197,1.5779,-14.395278,1.132859,9441.958673,0.823561,-14.295008,1.1327,36.965933,13.446459,36.075428,3.025618,0.475264,0.000763,0.339148,0.000985,0.461363,0.00128,0,8.165979,37.941289,0.056316,9.37,105,2458917.65929,-10.939492,-10.939428,1.877,-9999999,0.031458,-0.355697,1.233392,-0.353982,1.345925,0.49,99.9978,36.959252,13.442413,2020-03-09T03:45:21.092,-9999999,G2,0104.C-0090(A),demedeiros,-9999999,HARPS_ech_obs_all,HARPS_ech_obs_wavesimult,STAR_WAVE_G,4.42589888932598E-05,8.99538509340035E-07,0,0,0
GJ3446,112.676535,-37.33989,2458917.6608349,-29.156593,1.691117,9441.93168,1.586696,-11.942154,1.156989,9441.609202,0.840292,-11.917444,1.156812,27.413575,10.678623,36.599045,3.061038,0.473988,0.00078,0.341076,0.001012,0.461564,0.001313,0,8.156335,37.9362,0.053407,9.37,102.6,2458917.66083,-10.942182,-10.942125,1.664,-9999999,0.031458,-0.352866,1.233391,-0.353936,1.345925,0.51,99.9978,27.394909,10.675502,2020-03-09T03:47:32.280,-9999999,G2,0104.C-0090(A),demedeiros,-9999999,HARPS_ech_obs_all,HARPS_ech_obs_wavesimult,STAR_WAVE_G,4.61827014519229E-05,9.59924199299342E-07,0,0,0
GJ3446,112.676535,-37.33989,2458917.6623257,-30.057165,1.690944,9442.185017,1.585639,-12.839988,1.156736,9441.862583,0.838295,-12.824411,1.156488,29.837477,13.232334,38.804784,3.003651,0.476087,0.00078,0.343379,0.001012,0.462219,0.001308,0,8.160297,37.92441,0.048248,9.37,102.9,2458917.66232,-10.944763,-10.944704,1.365,-9999999,0.031458,-0.350128,1.233391,-0.353892,1.345924,0.49,99.9978,29.81176,13.224648,2020-03-09T03:49:43.087,-9999999,G2,0104.C-0090(A),demedeiros,-9999999,HARPS_ech_obs_all,HARPS_ech_obs_wavesimult,STAR_WAVE_G,4.47124925576118E-05,1.08783275093637E-06,0,0,0
GJ3446,112.676535,-37.33989,2458917.6638535,-30.218126,1.598062,9441.777045,1.540766,-12.998143,1.016145,9441.454656,0.749966,-12.959905,1.015832,24.544687,11.817033,33.296399,2.858771,0.474875,0.000683,0.341202,0.000884,0.46105,0.001146,0,8.15943,37.922969,0.055361,9.37,117.1,2458917.66385,-10.94739,-10.947324,1.459,-9999999,0.031458,-0.347322,1.233391,-0.353847,1.345924,0.5,99.9978,24.536275,11.812832,2020-03-09T03:51:54.094,-9999999,G2,0104.C-0090(A),demedeiros,-9999999,HARPS_ech_obs_all,HARPS_ech_obs_wavesimult,STAR_WAVE_G,4.40518422241089E-05,1.00546342719995E-06,0,0,0
GJ3446,112.676535,-37.33989,2458917.6653704,-31.208068,1.592787,9442.031556,1.538466,-13.985299,1.007828,9441.709212,0.74523,-14.034915,1.007766,13.284022,13.254267,36.280902,2.629252,0.473947,0.000676,0.340959,0.000875,0.461244,0.001136,0,8.159266,37.908091,0.050347,9.37,118.1,2458917.66537,-10.949978,-10.949922,1.947,-9999999,0.031458,-0.344536,1.23339,-0.353802,1.345923,0.5,99.9978,13.265353,13.252251,2020-03-09T03:54:05.161,-9999999,G2,0104.C-0090(A),demedeiros,-9999999,HARPS_ech_obs_all,HARPS_ech_obs_wavesimult,STAR_WAVE_G,4.60471759523355E-05,1.02205666292326E-06,0,0,0
GJ3446,112.676535,-37.33989,2458917.6668857,-29.450064,1.616552,9442.873907,1.550041,-12.224512,1.044983,9442.551608,0.768842,-12.193666,1.044832,28.68426,10.671188,35.149591,2.435174,0.474462,0.000702,0.341593,0.000911,0.462541,0.001183,0,8.164217,37.913784,0.049908,9.37,113.8,2458917.66688,-10.952544,-10.952483,2.12,-9999999,0.031458,-0.341753,1.23339,-0.353757,1.345923,0.5,99.9977,28.661552,10.66889,2020-03-09T03:56:16.089,-9999999,G2,0104.C-0090(A),demedeiros,-9999999,HARPS_ech_obs_all,HARPS_ech_obs_wavesimult,STAR_WAVE_G,4.54836697967855E-05,9.79773571956009E-07,0,0,0
GJ3446,112.676535,-37.33989,2459163.8540602,-35.109888,1.390832,9441.942757,1.437898,-18.260536,0.642629,9441.017641,0.505751,-18.263461,0.641693,15.212683,9.886786,30.656154,2.363439,0.477129,0.000506,0.337238,0.00062,0.466042,0.000803,0,8.110546,38.300014,0.054121,9.37,166.3,2459163.85405,15.526066,15.526078,0.19,-9999999,0.034959,-0.717953,1.233467,-0.960075,1.346019,0.5,239.9967,15.197872,9.894505,2020-11-10T08:26:50.767,-9999999,G2,106.215E.001,UNKNOWN,-9999999,HARPS_ech_obs_all,HARPS_ech_obs_wavesimult,STAR_WAVE_G2,4.58652702674154E-05,7.7743264380157E-07,0,0,0
GJ3446,112.676535,-37.33989,2459171.8088659,36.392911,1.324866,9509.382236,1.22616,52.120519,0.875879,9508.007657,0.679122,52.025079,0.875493,-1.511026,10.078088,19.767554,2.529663,0.476978,0.000679,0.341576,0.00085,0.469894,0.001111,0,8.102807,38.326344,0.005251,9.37,121.2,2459171.80886,14.936208,14.936222,0.002,-9999999,0.035072,-1.839697,0.994035,-1.409651,1.020912,0.48,239.9967,-1.513655,10.050673,2020-11-18T07:21:15.936,-9999999,G2,106.215E.002,UNKNOWN,-9999999,HARPS_ech_obs_all,HARPS_ech_obs_wavesimult,STAR_WAVE_G2,4.3808436441847E-05,7.72941070680951E-07,0,0,0
GJ3446,112.676535,-37.33989,2459172.7250589,25.808979,1.530967,9499.864715,1.515922,42.400906,0.906981,9498.697644,0.697508,42.456652,0.906178,-20.219163,12.500401,31.506524,2.709635,0.486684,0.000676,0.343476,0.000849,0.466022,0.001101,0,8.128774,38.301304,0.023564,9.37,121.1,2459172.72506,14.984622,14.984633,-1.315,-9999999,0.035086,-0.975378,1.233388,-1.202157,1.345921,0.5,239.9967,-20.225622,12.483323,2020-11-19T05:20:26.307,-9999999,G2,106.215E.002,UNKNOWN,-9999999,HARPS_ech_obs_all,HARPS_ech_obs_wavesimult,STAR_WAVE_G2,4.69426403303595E-05,8.9589428591599E-07,0,0,0
GJ3446,112.676535,-37.33989,2459172.7770651,25.389128,1.494487,9500.693006,1.496776,42.076571,0.843919,9499.527478,0.65481,42.063129,0.84283,-20.931719,10.335189,37.592698,2.692876,0.486518,0.000654,0.343733,0.000809,0.466628,0.00105,0,8.134231,38.271011,0.023862,9.37,127.2,2459172.77706,14.892843,14.89286,-1.85,-9999999,0.035086,-0.879862,1.233407,-1.200614,1.345943,0.49,239.9967,-20.936124,10.30614,2020-11-19T06:35:21.822,-9999999,G2,106.215E.002,UNKNOWN,-9999999,HARPS_ech_obs_all,HARPS_ech_obs_wavesimult,STAR_WAVE_G2,4.69826914244695E-05,9.99055783768717E-07,0,0,0
GJ3446,112.676535,-37.33989,2459173.7906838,-35.912185,1.453825,9440.523926,1.473253,-19.307831,0.769608,9439.368993,0.599069,-19.214242,0.768639,22.48416,11.917906,46.360663,1.930378,0.482645,0.000591,0.344971,0.000734,0.466318,0.000951,0,8.135079,38.231331,0.062937,9.37,140.3,2459173.79067,14.754164,14.754181,0.509,-9999999,0.035101,-0.962951,1.233414,-1.190034,1.345953,0.51,239.9966,22.442056,11.907912,2020-11-20T06:54:49.381,-9999999,G2,106.215E.002,UNKNOWN,-9999999,HARPS_ech_obs_all,HARPS_ech_obs_wavesimult,STAR_WAVE_G2,4.62117999878388E-05,9.8301313906457E-07,0,0,0
GJ3446,112.676535,-37.33989,2459175.8351837,2.225139,1.390284,9476.465515,1.346687,19.105218,0.641477,9475.470224,0.505752,18.98104,0.642232,8.256021,7.758272,21.240279,2.205534,0.467559,0.000515,0.339665,0.000635,0.469836,0.000824,0,8.067907,38.310158,0.020249,9.37,162.9,2459175.83518,14.422989,14.422984,-0.279,-9999999,0.03513,-0.687226,1.233449,-1.030421,1.248111,0.54,239.9967,8.287991,7.723848,2020-11-22T07:58:38.406,-9999999,G2,106.215E.002,UNKNOWN,-9999999,HARPS_ech_obs_all,HARPS_ech_obs_wavesimult,STAR_WAVE_G2,4.27610045053597E-05,9.03391546391688E-07,0,0,0
GJ3446,112.676535,-37.33989,2459176.7577188,25.78688,1.406659,9499.183019,1.447214,42.544201,0.676329,9498.288118,0.53188,42.470762,0.676465,-2.8105,8.190785,18.069156,2.477222,0.47766,0.00052,0.335856,0.000645,0.467593,0.000839,0,8.076306,38.333116,0.008033,9.37,159.4,2459176.75772,14.457852,14.457869,-0.521,-9999999,0.035143,-0.809984,1.233398,-0.930044,1.345932,0.52,239.9966,-2.79509,8.10552,2020-11-23T06:07:06.423,-9999999,G2,106.215E.002,UNKNOWN,-9999999,HARPS_ech_obs_all,HARPS_ech_obs_wavesimult,STAR_WAVE_G2,4.49575319317595E-05,8.32904494997946E-07,0,0,0
GJ3446,112.676535,-37.33989,2459193.7284337,17.71737,1.436103,9492.962632,1.461855,35.759628,0.735624,9492.403559,0.57054,35.72988,0.734712,13.131204,11.748761,-1.660076,2.694622,0.480866,0.000571,0.341688,0.000695,0.468776,0.000909,0,8.101088,38.451996,0.020383,9.37,147.9,2459193.72843,11.774482,11.774535,0.031,-9999999,0.035384,0.474953,1.233389,-0.594457,1.345921,0.5,239.9966,13.124786,11.708929,2020-12-10T05:23:57.055,-9999999,G2,106.215E.002,UNKNOWN,-9999999,HARPS_ech_obs_all,HARPS_ech_obs_wavesimult,STAR_WAVE_G2,4.62962415352974E-05,1.03838158451044E-06,0,0,0
GJ3446,112.676535,-37.33989,2459195.6530962,-9.73682,1.425617,9465.079951,1.456105,8.303345,0.714929,9464.490181,0.555628,8.305647,0.714867,25.12845,10.065997,45.593027,2.43262,0.472521,0.00054,0.335462,0.000671,0.459344,0.000876,0,8.116547,38.224555,0.040903,9.37,153.2,2459195.65309,11.515762,11.515844,-0.289,-9999999,0.035412,0.47286,1.233394,-0.625182,1.345927,0.48,239.9966,25.143425,10.058821,2020-12-12T03:35:26.341,-9999999,G2,106.215E.002,UNKNOWN,-9999999,HARPS_ech_obs_all,HARPS_ech_obs_wavesimult,STAR_WAVE_G2,4.43724611119564E-05,9.502050623368E-07,0,0,0
GJ3446,112.676535,-37.33989,2459196.6420352,-7.518853,1.395389,9466.297563,1.329096,10.416223,0.652564,9467.810721,0.506999,10.378165,0.652823,7.073638,12.201799,30.511353,2.102751,0.471852,0.000489,0.333621,0.000604,0.470189,0.000791,0,8.080568,38.291115,0.035116,9.37,169.7,2459196.64203,11.329021,11.329107,-0.943,-9999999,0.035426,0.367771,1.233398,1.477732,1.228596,0.49,239.9966,7.068386,12.20227,2020-12-13T03:19:25.082,-9999999,G2,106.215E.002,UNKNOWN,-9999999,HARPS_ech_obs_all,HARPS_ech_obs_wavesimult,STAR_WAVE_G2,4.39158589393118E-05,8.44922856820599E-07,0,0,0
GJ3446,112.676535,-37.33989,2459197.6159309,1.285382,1.326867,9477.128833,1.315839,19.207211,0.647847,9476.239106,0.500467,19.198117,0.647857,10.595923,10.475752,50.39477,1.811885,0.473999,0.000477,0.336111,0.000594,0.469109,0.000775,0,8.114479,38.223307,0.032049,9.37,172.8,2459197.61593,11.15771,11.157781,-0.382,-9999999,0.035439,0.354524,1.157959,-0.925166,1.216949,0.49,239.9966,10.605757,10.463654,2020-12-14T02:41:46.587,-9999999,G2,106.215E.002,UNKNOWN,-9999999,HARPS_ech_obs_all,HARPS_ech_obs_wavesimult,STAR_WAVE_G2,4.41118848945885E-05,8.09262469662355E-07,0,0,0
GJ3446,112.676535,-37.33989,2459198.6988953,3.15874,1.222417,9478.538474,1.228967,21.936107,0.650044,9480.073358,0.508332,21.827021,0.649604,6.919254,8.595685,9.562806,2.116692,0.47808,0.000504,0.345269,0.000617,0.456924,0.000802,0,8.089619,38.383935,0.033488,9.37,167,2459198.69888,10.809042,10.809122,-0.14,-9999999,0.035455,1.210062,1.035251,1.499429,1.11891,0.51,239.9966,6.913407,8.561152,2020-12-15T04:41:06.555,-9999999,G2,106.215E.002,UNKNOWN,-9999999,HARPS_ech_obs_all,HARPS_ech_obs_wavesimult,STAR_WAVE_G2,4.48349746235481E-05,6.81523113316109E-07,0,0,0
GJ3446,112.676535,-37.33989,2459216.8469729,-30.012571,1.281209,9445.92475,0.990115,-12.765179,0.74069,9445.583599,0.573999,-12.785649,0.741405,36.815198,10.270551,29.797565,2.422678,0.473684,0.000515,0.34627,0.000655,0.462451,0.000855,0,8.07536,38.285848,0.042413,9.37,157.9,2459216.84696,6.173813,6.173886,1.012,-9999999,0.035713,-0.319914,1.045406,-0.376864,0.806755,0.5,239.9966,36.833629,10.270826,2021-01-02T08:13:37.916,-9999999,G2,106.215E.002,UNKNOWN,-9999999,HARPS_ech_obs_all,HARPS_ech_obs_wavesimult,STAR_WAVE_G2,4.31789020290734E-05,8.94133657093078E-07,0,0,0
GJ3446,112.676535,-37.33989,2459217.7652142,-8.266399,0.843171,9466.192907,0.83257,8.641319,0.703698,9465.666004,0.553501,8.534165,0.704554,27.726365,9.411718,19.688914,2.044723,0.470659,0.000525,0.34941,0.000659,0.457037,0.000852,0,8.060152,38.3106,0.029982,9.37,157,2459217.76521,6.077955,6.07802,0.337,-9999999,0.035726,-0.659588,0.464486,-0.562629,0.621941,0.5,239.9966,27.729918,9.402522,2021-01-03T06:15:52.301,-9999999,G2,106.215E.002,UNKNOWN,-9999999,HARPS_ech_obs_all,HARPS_ech_obs_wavesimult,STAR_WAVE_G2,4.37778247931061E-05,9.14302756023951E-07,0,0,0
GJ3446,112.676535,-37.33989,2459218.7408505,15.947957,1.247765,9489.847748,1.036687,31.861232,0.666553,9488.104642,0.526508,31.733824,0.667011,1.523832,7.186036,20.885862,1.926177,0.471902,0.000522,0.33999,0.000645,0.468924,0.000836,0,8.075108,38.320402,0.017046,9.37,160.8,2459218.74084,5.868577,5.868645,0.312,-9999999,0.03574,-1.65403,1.054811,-1.778846,0.893034,0.5,239.9966,1.531233,7.140255,2021-01-04T05:40:45.587,-9999999,G2,106.215E.002,UNKNOWN,-9999999,HARPS_ech_obs_all,HARPS_ech_obs_wavesimult,STAR_WAVE_G2,4.39128416862199E-05,9.26631503074999E-07,0,0,0
GJ3446,112.676535,-37.33989,2459219.6871393,8.2046,0.928843,9482.051816,1.1906,26.680078,0.63724,9483.220272,0.501409,26.609077,0.636876,-1.127918,11.323977,28.126412,2.034821,0.47593,0.000486,0.3387,0.000606,0.468001,0.000787,0,8.098993,38.292188,0.02863,9.37,170.3,2459219.68714,5.724724,5.724785,-0.153,-9999999,0.035753,0.908173,0.675777,1.132703,1.07987,0.51,239.9966,-1.13429,11.310396,2021-01-05T04:23:20.958,-9999999,G2,106.215E.002,UNKNOWN,-9999999,HARPS_ech_obs_all,HARPS_ech_obs_wavesimult,STAR_WAVE_G2,4.53205489291751E-05,7.11347782460848E-07,0,0,0
GJ3446,112.676535,-37.33989,2459220.692322,5.531393,1.159276,9480.244289,1.093344,22.640334,0.558036,9479.379898,0.435523,22.629905,0.557022,1.432248,8.40778,30.196997,1.90922,0.480758,0.000432,0.346881,0.000533,0.469631,0.000693,0,8.104386,38.277409,0.028855,9.37,194,2459220.69232,5.444606,5.444692,0.11,-9999999,0.035768,-0.458364,1.016128,-0.900159,1.002856,0.51,239.9966,1.425422,8.395999,2021-01-06T04:30:47.142,-9999999,G2,106.215E.002,UNKNOWN,-9999999,HARPS_ech_obs_all,HARPS_ech_obs_wavesimult,STAR_WAVE_G2,4.6123599914448E-05,7.93007003068091E-07,0,0,0
GJ3446,112.676535,-37.33989,2459221.6575391,-34.198842,1.153423,9442.250343,1.17031,-15.2744,0.660332,9443.517356,0.514672,-15.297711,0.660362,23.444392,10.422095,36.775406,1.820194,0.471404,0.000496,0.347108,0.000625,0.460672,0.000814,0,8.095504,38.254556,0.048633,9.37,165.6,2459221.65753,5.251698,5.251782,0.338,-9999999,0.035781,1.357136,0.945699,1.231232,1.051066,0.49,239.9965,23.459754,10.430327,2021-01-07T03:40:45.238,-9999999,G2,106.215E.002,UNKNOWN,-9999999,HARPS_ech_obs_all,HARPS_ech_obs_wavesimult,STAR_WAVE_G2,4.35645430959425E-05,9.08397752223721E-07,0,0,0
GJ3446,112.676535,-37.33989,2459222.6818913,-19.202572,1.020116,9456.119881,1.177438,1.086054,0.589075,9458.616609,0.46116,1.027042,0.590073,23.483697,8.980807,39.950252,1.905295,0.475822,0.000459,0.340758,0.00057,0.470741,0.00074,0,8.077124,38.222891,0.034879,9.37,182.1,2459222.68189,4.925493,4.925577,-0.421,-9999999,0.035796,2.721321,0.832843,2.460932,1.083371,0.51,239.9966,23.487376,8.979657,2021-01-08T04:15:42.996,-9999999,G2,106.215E.002,UNKNOWN,-9999999,HARPS_ech_obs_all,HARPS_ech_obs_wavesimult,STAR_WAVE_G2,4.46951778622787E-05,7.97791025677656E-07,0,0,0
GJ3446,112.676535,-37.33989,2459223.6298201,6.178311,1.219467,9480.279791,1.326405,24.776265,0.705717,9481.25912,0.551853,24.736612,0.70613,30.403611,10.863951,19.709488,2.382522,0.471047,0.000533,0.341632,0.000676,0.469063,0.000874,0,8.068637,38.308705,0.020056,9.37,153.5,2459223.62982,4.764642,4.764731,0.377,-9999999,0.035809,1.030648,0.994516,0.94352,1.206155,0.5,239.9965,30.404478,10.855078,2021-01-09T03:00:45.151,-9999999,G2,106.215E.002,UNKNOWN,-9999999,HARPS_ech_obs_all,HARPS_ech_obs_wavesimult,STAR_WAVE_G2,4.38169438985569E-05,9.24604644968932E-07,0,0,0
GJ3446,112.676535,-37.33989,2459224.6784361,12.111483,1.40149,9486.840922,1.444656,30.678448,0.665529,9487.902815,0.52491,30.638093,0.66531,8.830493,9.61337,23.287717,2.291937,0.475713,0.000522,0.349049,0.00065,0.467084,0.000839,0,8.091094,38.300996,0.022357,9.37,159.6,2459224.67843,4.383233,4.383324,-0.569,-9999999,0.035824,0.99966,1.233388,1.026069,1.34592,0.5,239.9965,8.834334,9.569576,2021-01-10T04:10:44.224,-9999999,G2,106.215E.002,UNKNOWN,-9999999,HARPS_ech_obs_all,HARPS_ech_obs_wavesimult,STAR_WAVE_G2,4.52430956599175E-05,9.44960393171175E-07,0,0,0
GJ3446,112.676535,-37.33989,2459261.7520349,8.397977,1.701735,9481.781362,1.503917,26.266539,1.172449,9481.880844,0.861121,26.270998,1.172156,7.257933,12.896943,-2.345212,4.182081,0.477055,0.000872,0.335873,0.001056,0.461566,0.001364,0,8.092273,38.464219,0.015444,9.37,99.4,2459261.75203,-6.10489,-6.104813,-0.63,-9999999,0.036352,0.301256,1.233395,0.06313,1.232979,0.51,239.9965,7.283241,12.878759,2021-02-16T05:56:49.325,-9999999,G2,106.215E.004,UNKNOWN,-9999999,HARPS_ech_obs_all,HARPS_ech_obs_wavesimult,STAR_WAVE_G2,4.3714660357549E-05,8.4434018175664E-07,0,0,0
GJ3446,112.676535,-37.33989,2459262.657836,1.153792,1.415762,9474.795497,1.372777,18.746544,0.695073,9476.0551,0.545458,18.666091,0.695093,29.8201,10.114357,23.131879,2.289573,0.478188,0.000524,0.337951,0.000625,0.464404,0.000809,0,8.095263,38.361274,0.037494,9.37,166.6,2459262.65783,-6.189166,-6.189108,0.3,-9999999,0.036364,0.025447,1.233392,1.223239,1.259759,0.5,239.9965,29.821078,10.09966,2021-02-17T03:41:14.500,-9999999,G2,106.215E.004,UNKNOWN,-9999999,HARPS_ech_obs_all,HARPS_ech_obs_wavesimult,STAR_WAVE_G2,4.4619825534862E-05,9.79016655911253E-07,0,0,0
GJ3446,112.676535,-37.33989,2459263.5285475,1.206247,1.42708,9478.44605,1.309673,18.563002,0.717683,9475.752214,0.558314,18.572454,0.717598,-0.25761,9.786426,28.786565,2.14928,0.481033,0.000554,0.339072,0.000666,0.463135,0.000859,0,8.100234,38.33419,0.027104,9.37,156.7,2459263.52854,-6.160769,-6.160687,0.866,-9999999,0.036377,-0.21055,1.233487,-2.730213,1.184707,0.49,239.9965,-0.243061,9.76526,2021-02-18T00:35:07.926,-9999999,G2,106.215E.004,UNKNOWN,-9999999,HARPS_ech_obs_all,HARPS_ech_obs_wavesimult,STAR_WAVE_G2,4.51429070089274E-05,7.78540177569309E-07,0,0,0
GJ3446,112.676535,-37.33989,2459264.6523827,-6.484003,1.387924,9469.294897,1.414563,10.093412,0.733841,9467.67416,0.575156,10.005687,0.733724,18.137775,10.039695,22.378124,2.055938,0.477277,0.000556,0.346546,0.000664,0.46334,0.000859,0,8.094607,38.367044,0.028801,9.37,156.7,2459264.65237,-6.694664,-6.694578,-0.052,-9999999,0.036393,-0.98989,1.178054,-1.65713,1.292356,0.51,239.9965,18.135911,10.031694,2021-02-19T03:33:24.576,-9999999,G2,106.215E.004,UNKNOWN,-9999999,HARPS_ech_obs_all,HARPS_ech_obs_wavesimult,STAR_WAVE_G2,4.53614924227205E-05,7.95700486232834E-07,0,0,0
GJ3446,112.676535,-37.33989,2459265.7167679,-9.276508,1.440648,9465.265863,0.993337,8.545259,0.744462,9464.947499,0.575009,8.524299,0.744299,30.088838,10.871953,25.874279,2.556852,0.482925,0.000523,0.338382,0.000631,0.455562,0.000819,0,8.102152,38.353625,0.035624,9.37,164.2,2459265.71676,-7.075798,-7.07572,-1.048,-9999999,0.036408,0.254462,1.233387,-0.354772,0.80999,0.51,239.9966,30.124825,10.861919,2021-02-20T05:06:09.520,-9999999,G2,106.215E.004,UNKNOWN,-9999999,HARPS_ech_obs_all,HARPS_ech_obs_wavesimult,STAR_WAVE_G2,4.51054111869039E-05,8.18127326082673E-07,0,0,0
GJ3446,112.676535,-37.33989,2459266.6029235,-2.395118,1.265885,9472.672549,1.067126,14.315574,0.67202,9471.119891,0.525293,14.285953,0.671747,6.943411,7.57725,-4.811968,2.604439,0.480033,0.000534,0.339016,0.00063,0.453189,0.000814,0,8.071555,38.473092,0.030592,9.37,165.6,2459266.60292,-7.092389,-7.09232,0.579,-9999999,0.036421,-0.856613,1.072778,-1.589079,0.928884,0.5,239.9965,6.96076,7.554903,2021-02-21T02:22:17.544,-9999999,G2,106.215E.004,UNKNOWN,-9999999,HARPS_ech_obs_all,HARPS_ech_obs_wavesimult,STAR_WAVE_G2,4.60616586527604E-05,9.50227124313081E-07,0,0,0
GJ3446,112.676535,-37.33989,2459267.6276411,-6.440928,1.43166,9470.640647,1.45198,11.162858,0.726886,9467.393618,0.57224,11.125266,0.726579,15.521562,8.768987,23.693299,2.410869,0.477222,0.000573,0.345896,0.000677,0.461775,0.000875,0,8.097535,38.357074,0.032214,9.37,153.7,2459267.62764,-7.398534,-7.398463,0.094,-9999999,0.036435,0.036481,1.233404,-3.283464,1.334461,0.48,239.9965,15.525543,8.76245,2021-02-22T02:58:00.067,-9999999,G2,106.215E.004,UNKNOWN,-9999999,HARPS_ech_obs_all,HARPS_ech_obs_wavesimult,STAR_WAVE_G2,4.550108654177E-05,9.78130487081529E-07,0,0,0
GJ3446,112.676535,-37.33989,2459268.7456,-0.288344,1.60577,9475.316262,1.318844,17.447304,1.028221,9475.17239,0.767462,17.444858,1.02809,1.278448,11.247985,20.900341,3.385487,0.479667,0.000727,0.336651,0.000882,0.452814,0.001142,0,8.100326,38.388302,0.020488,9.37,118.1,2459268.7456,-7.864576,-7.864515,0.014,-9999999,0.036451,0.168343,1.233393,-0.180323,1.072544,0.5,239.9964,1.304821,11.227387,2021-02-23T05:47:49.320,-9999999,G2,106.215E.004,UNKNOWN,-9999999,HARPS_ech_obs_all,HARPS_ech_obs_wavesimult,STAR_WAVE_G2,4.60406299783914E-05,9.64870610839405E-07,0,0,0
GJ3446,112.676535,-37.33989,2459269.6145828,7.812694,1.227425,9482.075034,1.056981,25.570483,0.781799,9481.751297,0.609891,25.449559,0.781343,-3.546894,11.613197,7.859789,2.561711,0.479751,0.000602,0.338512,0.000706,0.453514,0.000914,0,8.093794,38.423523,0.018706,9.37,147.8,2459269.61458,-7.862503,-7.862432,0.183,-9999999,0.036463,0.190484,0.946236,-0.3602,0.863273,0.48,239.9965,-3.56903,11.593134,2021-02-24T02:39:16.163,-9999999,G2,106.215E.004,UNKNOWN,-9999999,HARPS_ech_obs_all,HARPS_ech_obs_wavesimult,STAR_WAVE_G2,4.55091749781512E-05,8.76129634012481E-07,0,0,0
GJ3446,112.676535,-37.33989,2459287.6701442,3.108114,1.532943,9478.807784,1.510565,20.329623,0.91031,9478.209523,0.685784,20.403466,0.910264,6.03633,9.969183,15.483921,2.691924,0.471398,0.000647,0.336232,0.00075,0.461706,0.00097,0,8.087505,38.347892,0.030509,9.37,139,2459287.67013,-11.898618,-11.898553,-0.051,-9999999,0.03672,-0.345796,1.233389,-0.634981,1.345922,0.51,239.9965,6.027363,9.952083,2021-03-14T04:00:00.512,-9999999,G2,106.215E.004,UNKNOWN,-9999999,HARPS_ech_obs_all,HARPS_ech_obs_wavesimult,STAR_WAVE_G2,4.39244281507615E-05,1.00661828953923E-06,0,0,0
GJ3446,112.676535,-37.33989,2459288.6632508,-1.915363,1.545703,9471.900618,1.418893,17.352377,1.046577,9473.993975,0.772485,17.314166,1.046524,-4.066443,11.157694,-8.087223,3.29313,0.475643,0.00073,0.334387,0.00085,0.463251,0.001103,0,8.062917,38.450171,0.021593,9.37,122.5,2459288.66324,-12.073593,-12.073536,-0.184,-9999999,0.036734,1.700435,1.137486,2.056623,1.190179,0.53,239.9965,-4.076009,11.141362,2021-03-15T03:50:03.481,-9999999,G2,106.215E.004,UNKNOWN,-9999999,HARPS_ech_obs_all,HARPS_ech_obs_wavesimult,STAR_WAVE_G2,4.55350000310861E-05,8.46655173936994E-07,0,0,0
GJ3446,112.676535,-37.33989,2459290.6572853,-30.554055,1.492348,9444.763871,1.490433,-13.292806,0.840147,9444.588711,0.640214,-13.393293,0.840442,22.842251,10.281294,5.076216,3.031226,0.476395,0.000588,0.345125,0.000685,0.465075,0.000889,0,8.077295,38.377102,0.044512,9.37,151.7,2459290.65728,-12.423713,-12.423677,-0.876,-9999999,0.036763,-0.306056,1.233392,-0.211923,1.345926,0.48,239.9965,22.849928,10.2778,2021-03-17T03:41:46.969,-9999999,G2,106.215E.004,UNKNOWN,-9999999,HARPS_ech_obs_all,HARPS_ech_obs_wavesimult,STAR_WAVE_G2,4.45027425461515E-05,9.239346309119E-07,0,0,0
GJ3446,112.676535,-37.33989,2459364.4624676,-20.934343,1.328574,9455.182524,0.988133,-3.012985,0.752829,9457.372879,0.568244,-3.00096,0.752715,10.840793,9.794915,34.39259,2.209112,0.470586,0.000489,0.340053,0.000581,0.453909,0.000748,0,8.096668,38.207777,0.050778,9.37,178,2459364.46246,-13.363518,-13.363578,0.21,-9999999,0.037812,0.354053,1.094695,2.152543,0.808397,0.5,239.9965,10.832597,9.794709,2021-05-29T23:06:21.405,-9999999,G2,105.20AK.002,UNKNOWN,-9999999,HARPS_ech_obs_all,HARPS_ech_obs_wavesimult,STAR_WAVE_G2,4.30881307851284E-05,7.55493293861838E-07,0,0,0
GJ3446,112.676535,-37.33989,2459366.4693825,-19.245467,1.508108,9454.928683,1.081448,-1.789916,0.867583,9458.433434,0.649702,-1.742805,0.867679,21.409885,11.712193,5.290269,3.120104,0.475404,0.000582,0.345876,0.000688,0.463949,0.000889,0,8.074303,38.342458,0.037212,9.37,150.4,2459366.46938,-13.084428,-13.084494,-0.519,-9999999,0.037841,-0.111754,1.233568,3.46691,0.864532,0.45,239.9965,21.40907,11.711884,2021-05-31T23:16:38.350,-9999999,G2,105.20AK.002,UNKNOWN,-9999999,HARPS_ech_obs_all,HARPS_ech_obs_wavesimult,STAR_WAVE_G2,4.40963244206627E-05,9.69194282783462E-07,0,0,0
GJ3446,112.676535,-37.33989,2459367.4648437,2.671313,1.470752,9472.889481,1.182322,20.19074,0.800876,9476.220164,0.599276,20.203352,0.800663,11.550112,11.364387,-11.418584,2.979057,0.469916,0.000527,0.33768,0.00063,0.462979,0.000813,0,8.061168,38.392668,0.020501,9.37,164,2459367.46483,-12.930895,-12.930947,0.107,-9999999,0.037855,-0.047878,1.233575,3.292828,1.019193,0.5,239.9965,11.564104,11.345273,2021-06-01T23:09:57.858,-9999999,G2,105.20AK.002,UNKNOWN,-9999999,HARPS_ech_obs_all,HARPS_ech_obs_wavesimult,STAR_WAVE_G2,4.26416539950911E-05,9.08083688017033E-07,0,0,0
GJ3446,112.676535,-37.33989,2459369.4593352,-11.098568,1.192266,9463.207385,0.99655,6.495829,0.766615,9464.786699,0.579213,6.536868,0.765971,16.303413,9.94483,23.566256,2.444318,0.475083,0.000504,0.338407,0.0006,0.453863,0.000775,0,8.089919,38.244601,0.035204,9.37,171.7,2459369.45933,-12.616314,-12.616375,-0.115,-9999999,0.037883,0.027092,0.913127,1.541431,0.810941,0.5,239.9965,16.283946,9.943269,2021-06-03T23:02:09.107,-9999999,G2,105.20AK.002,UNKNOWN,-9999999,HARPS_ech_obs_all,HARPS_ech_obs_wavesimult,STAR_WAVE_G2,4.452151052056E-05,8.49301080258542E-07,0,0,0
GJ3446,112.676535,-37.33989,2459370.4697434,-1.709915,1.366735,9475.694461,1.397731,14.443732,1.130527,9474.427857,0.820077,14.406546,1.130339,-2.881047,10.524259,21.638451,3.171037,0.472634,0.000739,0.345139,0.000886,0.453001,0.001146,0,8.096147,38.263409,0.032567,9.37,116.6,2459370.46973,-12.465754,-12.465809,-0.305,-9999999,0.037898,-1.413658,0.768033,-1.304502,1.131869,0.51,239.9965,-2.899893,10.524519,2021-06-04T23:17:09.556,-9999999,G2,105.20AK.002,UNKNOWN,-9999999,HARPS_ech_obs_all,HARPS_ech_obs_wavesimult,STAR_WAVE_G2,4.31223186520829E-05,9.10276689976216E-07,0,0,0
GJ3446,112.676535,-37.33989,2459371.454857,-26.420323,1.262468,9450.956533,0.86688,-8.010895,0.926354,9451.822476,0.69211,-7.99188,0.926217,9.228021,13.549521,20.153652,2.547485,0.476373,0.000614,0.346189,0.000732,0.461981,0.000944,0,8.097959,38.27602,0.049073,9.37,141,2459371.45485,-12.288139,-12.288205,0.244,-9999999,0.037912,0.842123,0.857725,0.828031,0.521982,0.5,239.9965,9.225392,13.549181,2021-06-05T22:55:49.205,-9999999,G2,105.20AK.002,UNKNOWN,-9999999,HARPS_ech_obs_all,HARPS_ech_obs_wavesimult,STAR_WAVE_G2,4.46882875684932E-05,9.95449446788142E-07,0,0,0
GJ3446,112.676535,-37.33989,2459471.8875425,30.583353,1.017473,9506.184043,0.866733,50.067038,0.635461,9506.25543,0.493688,49.959448,0.635158,6.725188,8.629996,9.700109,1.987179,0.476094,0.000463,0.346208,0.000534,0.46585,0.000691,0,8.0809,38.335548,0.011716,9.37,191.3,2459471.88753,11.717409,11.717358,0.139,-9999999,0.03934,1.916379,0.794633,0.032047,0.712389,0.5,359.9965,6.726132,8.595514,2021-09-14T09:18:05.811,-9999999,G2,105.20AK.002,UNKNOWN,-9999999,HARPS_ech_obs_all,HARPS_ech_obs_wavesimult,STAR_WAVE_G2,4.52657958735114E-05,8.72309131683674E-07,0,0,0
GJ3446,112.676535,-37.33989,2459472.8829792,-0.598345,1.153575,9476.961284,0.787123,17.040405,0.753048,9475.566593,0.581979,16.935037,0.752254,-1.983534,9.774752,40.946233,1.828362,0.479329,0.000555,0.337943,0.000639,0.465295,0.000825,0,8.125525,38.238015,0.03691,9.37,160.5,2459472.88298,11.90198,11.901915,0.153,-9999999,0.039354,0.071445,0.873873,-1.434045,0.529965,0.52,359.9965,-1.979598,9.760731,2021-09-15T09:11:21.024,-9999999,G2,105.20AK.002,UNKNOWN,-9999999,HARPS_ech_obs_all,HARPS_ech_obs_wavesimult,STAR_WAVE_G2,4.49604423708271E-05,8.26095242719044E-07,0,0,0
