target,ra,dec,BJD,RV_mlc_nzp,e_RV_mlc_nzp,RV_drs_nzp,e_RV_drs_nzp,RV_mlc,e_RV_mlc,RV_drs,e_RV_drs,RV_mlc_j,e_RV_mlc_j,CRX,e_CRX,dLW,e_dLW,Halpha,e_Halpha,NaD1,e_NaD1,NaD2,e_NaD2,f_RV,FWHM_DRS,CONTRAST_DRS,BIS,RVGUESS,SNR_DRS,BJD_DRS,BERV,BERV_DRS,DRIFT,e_DRIFT,SA,NZP_mlc,dNZP_mlc,NZP_drs,dNZP_drs,TMMEAN,EXPTIME,MLCRX,E_MLCRX,TIMEID,DRIFT_LAMP,MASK,PROGID,PROGPI,AIRMASS,OBHAB,THAR_FP,DPR_TYPE,RHKp,dRHKp,sourceflag,vsinflag,metflag
GJ367,146.121045,-45.78148,2452985.7799764,-2.202479,1.556307,47920.737057,2.190092,-3.844355,1.299303,47920.479834,1.95791,-3.553913,1.318261,2.257401,11.53396,-4.690851,2.057729,0.84216,0.002247,0.251343,0.004384,0.2723,0.004995,0,3.0497,21.359388,-0.00347,60,34.5,2452985.77997,17.782434,17.782425,0,-9999999,0,-0.354523,0.856681,-0.257223,0.981372,0.5,272.196,2.321864,11.556202,2003-12-12T06:41:10.834,-9999999,M2,072.C-0488(E),M. Mayor,-9999999,HARPS_ech_obs_all,HARPS_ech_obs_objA,STAR_DARK_M4,9.52982507378282E-06,1.35419278791989E-06,1,0,0
GJ367,146.121045,-45.78148,2452996.8002538,-6.020562,1.090676,47915.946931,1.186647,-7.464708,0.675029,47915.900287,0.667105,-7.436456,0.690039,4.286572,6.906713,-5.36203,1.233927,0.83888,0.001195,0.226127,0.001873,0.259124,0.002166,0,3.052985,21.227381,-0.007954,60,66.5,2452996.80024,17.57222,17.572252,0,-9999999,0.003615,-0.156793,0.856686,-0.050259,0.981377,0.49,899.9959,4.304897,6.916595,2003-12-23T07:04:21.986,-9999999,M2,072.C-0488(E),Mayor,-9999999,HARPS_ech_obs_all,HARPS_ech_obs_objA,STAR_DARK_M4,9.58050190008842E-06,1.34024148679808E-06,1,0,0
GJ367,146.121045,-45.78148,2453366.8615433,-3.153507,1.01893,47922.692293,1.054113,-5.477985,0.551609,47917.775322,0.512281,-5.051147,0.568166,12.98428,5.833572,-8.66473,1.585103,0.861054,0.001009,0.249443,0.001557,0.271173,0.001782,0,3.061043,21.373851,-0.007699,60,80.7,2453366.86154,17.161822,17.161861,0,-9999999,0.124997,-1.037125,0.856706,-5.041968,0.921262,0.47,900.001,12.960656,5.872945,2004-12-27T08:32:31.491,-9999999,M2,072.C-0488(E),Mayor,-9999999,HARPS_ech_obs_all,HARPS_ech_obs_objA,STAR_DARK_M4,1.22018935867202E-05,1.8033852954645E-06,1,0,0
GJ367,146.121045,-45.78148,2453369.8219221,0.554521,0.814233,47924.086628,0.802639,-1.353367,0.505732,47923.229937,0.463682,-1.579294,0.523814,13.553067,5.837806,-9.84344,1.513401,0.849086,0.00094,0.245381,0.001443,0.260525,0.001608,0,3.066013,21.553971,-0.009703,60,87.1,2453369.82191,16.992068,16.992129,0,-9999999,0.125968,-0.620535,0.63813,-0.982659,0.655155,0.51,899.9954,13.508526,5.86812,2004-12-30T07:34:37.633,-9999999,M2,072.C-0488(E),Mayor,-9999999,HARPS_ech_obs_all,HARPS_ech_obs_objA,STAR_DARK_M4,1.19525488742242E-05,1.47798743850677E-06,1,0,0
GJ367,146.121045,-45.78148,2453370.8387658,3.87339,1.128117,47924.205099,1.231388,1.246208,0.733974,47923.341369,0.743768,1.798668,0.751957,10.359766,6.640207,-8.792436,1.526403,0.858301,0.001345,0.253875,0.00219,0.266488,0.002438,0,3.070961,21.568973,-0.009543,60,61.2,2453370.83875,16.869383,16.869441,0,-9999999,0.126301,-1.339829,0.856697,-0.990031,0.98139,0.49,899.9954,10.381412,6.665858,2004-12-31T07:59:05.968,-9999999,M2,072.C-0488(E),Mayor,-9999999,HARPS_ech_obs_all,HARPS_ech_obs_objA,STAR_DARK_M4,1.2631729323222E-05,1.54315800452774E-06,1,0,0
GJ367,146.121045,-45.78148,2453371.7989709,2.585824,1.032711,47921.991308,0.97362,-0.064883,0.576699,47921.829043,0.535681,-0.193542,0.593402,7.078767,5.66428,-5.498328,1.351231,0.941762,0.001103,0.298825,0.001787,0.312093,0.001979,0,3.066347,21.392882,-0.007774,60,77.4,2453371.79897,16.847592,16.84763,0,-9999999,0.126616,-1.363353,0.856685,-0.288881,0.813008,0.49,899.9954,7.122306,5.695122,2005-01-01T07:01:43.020,-9999999,M2,072.C-0488(E),Mayor,-9999999,HARPS_ech_obs_all,HARPS_ech_obs_objA,STAR_DARK_M4,1.71515899183528E-05,2.90848662745075E-06,1,0,0
GJ367,146.121045,-45.78148,2453373.8341666,2.147979,1.104017,47922.370369,1.043846,-0.595247,0.696366,47921.747877,0.718507,-0.449441,0.713186,-0.948348,6.432399,-6.752898,1.455783,0.86027,0.001278,0.244975,0.002059,0.259748,0.002365,0,3.06435,21.423136,-0.008504,60,62.9,2453373.83417,16.573662,16.573708,0,-9999999,0.127284,-1.455872,0.856696,-0.749776,0.757207,0.52,899.9771,-0.944592,6.464334,2005-01-03T07:51:47.138,-9999999,M2,072.C-0488(E),Mayor,-9999999,HARPS_ech_obs_all,HARPS_ech_obs_objA,STAR_DARK_M4,9.99926951451484E-06,1.32963169133735E-06,1,0,0
GJ367,146.121045,-45.78148,2453374.821357,0.741411,1.041758,47922.918216,1.136844,-2.045659,0.592739,47922.007137,0.573847,-2.116729,0.609728,12.818906,5.097475,-8.499744,1.327947,0.844392,0.001097,0.239287,0.001705,0.256732,0.001966,0,3.065975,21.461044,-0.007838,60,73.3,2453374.82135,16.486102,16.486156,0,-9999999,0.127608,-1.499717,0.856692,-1.038687,0.981384,0.5,899.9772,12.827847,5.140975,2005-01-04T07:33:33.685,-9999999,M2,072.C-0488(E),Mayor,-9999999,HARPS_ech_obs_all,HARPS_ech_obs_objA,STAR_DARK_M4,1.10440794048541E-05,1.79255418930166E-06,1,0,0
GJ367,146.121045,-45.78148,2453375.7948841,-0.115087,0.93349,47921.116123,1.101358,-3.119978,0.530789,47920.283978,0.499891,-3.027175,0.549441,9.846983,4.209198,-10.461849,1.365606,0.844297,0.000984,0.240505,0.001515,0.259687,0.001726,0,3.061659,21.450177,-0.008536,60,81.8,2453375.79487,16.41939,16.419462,0,-9999999,0.127927,-1.717538,0.767897,-0.960072,0.981376,0.49,899.9773,9.815568,4.264285,2005-01-05T06:55:30.814,-9999999,M2,072.C-0488(E),Mayor,-9999999,HARPS_ech_obs_all,HARPS_ech_obs_objA,STAR_DARK_M4,1.0307806929928E-05,1.4268592945954E-06,1,0,0
GJ367,146.121045,-45.78148,2453376.8030297,1.362052,0.925979,47922.054294,0.924852,-1.754967,0.59693,47920.775045,0.570634,-1.468278,0.614462,7.697979,5.404314,-10.496281,1.582474,0.85075,0.00109,0.236072,0.001707,0.26128,0.001943,0,3.060505,21.430423,-0.005722,60,73.8,2453376.80302,16.281885,16.281978,0,-9999999,0.128257,-1.829665,0.707892,-1.407506,0.727825,0.5,899.9821,7.667943,5.446353,2005-01-06T07:07:00.841,-9999999,M2,072.C-0488(E),Mayor,-9999999,HARPS_ech_obs_all,HARPS_ech_obs_objA,STAR_DARK_M4,1.16095481889609E-05,1.71363979884121E-06,1,0,0
GJ367,146.121045,-45.78148,2453378.7250487,0.100472,1.0183,47920.465434,1.107542,-2.599182,0.550496,47920.101314,0.513394,-2.606682,0.568932,-1.821517,5.240368,-10.964949,1.456903,0.851005,0.001007,0.243217,0.00158,0.262378,0.001774,0,3.0583,21.428253,-0.004833,60,80.1,2453378.72505,16.165229,16.165317,0,-9999999,0.128888,-1.412301,0.856674,-0.493008,0.981364,0.52,899.9812,-1.831082,5.284662,2005-01-08T05:14:16.337,-9999999,M2,072.C-0488(E),Mayor,-9999999,HARPS_ech_obs_all,HARPS_ech_obs_objA,STAR_DARK_M4,1.09857882659393E-05,1.71530780985896E-06,1,0,0
GJ367,146.121045,-45.78148,2453491.5424893,-1.686241,1.442018,47921.01736,1.795078,-3.324918,1.159945,47920.795895,1.503051,-3.181157,1.161583,7.41893,9.224083,-8.830599,2.10226,0.861668,0.001981,0.241539,0.00356,0.271844,0.004137,0,3.086263,21.486054,-0.005601,47.4,40.3,2453491.54248,-12.665815,-12.665662,0,-9999999,0.165893,-0.351324,0.856705,-0.387358,0.981398,0.5,353.0804,7.4492,9.24595,2005-05-01T00:54:58.455,-9999999,M2,072.C-0488(E),Mayor,-9999999,HARPS_ech_obs_all,HARPS_ech_obs_objA,STAR_DARK_M4,1.2793968630907E-05,2.11795470976337E-06,1,0,0
GJ367,146.121045,-45.78148,2454120.7880149,0.788966,0.983054,47923.293114,1.075446,-0.121024,0.482172,47923.290122,0.439874,-0.043109,0.50499,7.905726,4.57667,-6.613276,1.953903,0.85052,0.000899,0.245884,0.001334,0.263445,0.001516,0,3.090021,21.554339,-0.009073,47.4,92.6,2454120.78814,14.17816,14.178038,0,-9999999,0.372288,0.377364,0.856683,-0.37528,0.981374,0.5,900.0004,7.902814,4.613765,2007-01-20T06:44:23.403,-9999999,M2,072.C-0488(E),Mayor,-9999999,HARPS_ech_obs_all,HARPS_ech_obs_objA,STAR_DARK_M4,1.09515122182768E-05,1.52191911014564E-06,1,0,0
GJ367,146.121045,-45.78148,2454134.7495442,1.012436,1.069552,47921.443269,1.150371,-0.847062,0.640349,47921.309573,0.600228,-1.040121,0.657701,-0.464487,5.267809,-1.384151,2.221554,0.851613,0.001138,0.242167,0.001771,0.26561,0.002042,0,3.088201,21.420786,-0.008526,47.4,71.9,2454134.74966,11.194474,11.194404,0,-9999999,0.376868,-0.572145,0.856676,-0.510564,0.981367,0.48,899.9998,-0.443125,5.306662,2007-02-03T05:48:26.150,-9999999,M2,072.C-0488(E),Mayor,-9999999,HARPS_ech_obs_all,HARPS_ech_obs_objA,STAR_DARK_M4,1.12954948726273E-05,3.98812259512171E-06,1,0,0
GJ367,146.121045,-45.78148,2454199.5983336,3.39297,0.884823,47924.138181,1.153805,2.027778,0.660473,47924.410877,0.606765,2.238472,0.670907,-2.437144,6.186455,-9.440648,2.340795,0.859174,0.001179,0.231986,0.001763,0.256047,0.002065,0,3.084113,21.589043,-0.002875,47.4,70.7,2454199.59845,-7.353725,-7.353784,0,-9999999,0.398138,-0.077839,0.588801,-0.125442,0.981378,0.48,900.0028,-2.44515,6.213472,2007-04-09T02:10:01.898,-9999999,M2,072.C-0488(E),Mayor,-9999999,HARPS_ech_obs_all,HARPS_ech_obs_objA,STAR_DARK_M4,9.41758984369846E-06,1.23863450317618E-06,1,0,0
GJ367,146.121045,-45.78148,2454231.5816462,1.896294,1.154886,47921.840386,1.160457,0.793755,0.774495,47923.788039,0.782019,0.623127,0.776223,-4.526936,7.136357,-0.442404,2.399789,0.85283,0.001348,0.243719,0.002169,0.269175,0.002525,0,3.084528,21.397609,-0.005708,47.4,60.2,2454231.58176,-14.473796,-14.473863,0,-9999999,0.408629,0.184814,0.856691,1.539024,0.857383,0.49,900.0007,-4.545661,7.166476,2007-05-11T01:47:33.266,-9999999,M2,072.C-0488(E),Mayor,-9999999,HARPS_ech_obs_all,HARPS_ech_obs_objA,STAR_DARK_M4,1.17836797375695E-05,1.44232662371575E-06,1,0,0
GJ367,146.121045,-45.78148,2454257.5113601,-3.268051,1.005165,47920.097039,1.050718,-3.277812,0.683871,47922.10817,0.64965,-3.431331,0.686205,-0.115321,5.825414,-5.539755,2.114191,0.862438,0.001221,0.230996,0.001853,0.264591,0.002191,0,3.088891,21.510588,-0.008304,47.4,67.7,2454257.51136,-17.109182,-17.109171,0,-9999999,0.417134,1.277592,0.736666,1.593997,0.82581,0.5,1500.0002,-0.162494,5.867014,2007-06-06T00:03:10.142,-9999999,M2,072.C-0488(E),Mayor,-9999999,HARPS_ech_obs_all,HARPS_ech_obs_objA,STAR_DARK_M4,1.08626319818191E-05,1.55428106828403E-06,1,0,0
GJ367,146.121045,-45.78148,2454569.5640954,0.349888,1.045705,47920.795472,0.930248,-0.199935,0.599642,47922.265956,0.541537,-0.065006,0.61112,7.116233,5.952747,-7.964039,2.385521,0.853373,0.001067,0.224167,0.001576,0.252608,0.001819,0,3.082378,21.498603,-0.008869,47.4,77.7,2454569.56421,-8.566886,-8.566945,0,-9999999,0.519489,0.73753,0.856696,0.950995,0.756372,0.51,900,7.139943,5.986237,2008-04-13T01:20:26.798,-9999999,M2,072.C-0488(E),Mayor,-9999999,HARPS_ech_obs_all,HARPS_ech_obs_objA,STAR_DARK_M4,9.99226294997536E-06,1.29784529169149E-06,1,0,0
GJ367,146.121045,-45.78148,2454919.6045833,2.101406,1.036947,47924.985913,1.113552,0.926691,0.584253,47925.834782,0.526212,0.903669,0.59524,6.923582,4.944502,-3.758085,2.401163,0.845387,0.001058,0.230635,0.001531,0.259232,0.001785,0,3.089468,21.493864,-0.007385,47.4,79.9,2454919.6047,-4.392155,-4.392224,0,-9999999,0.634304,0.112638,0.856684,0.214565,0.981376,0.47,900,6.921866,4.979384,2009-03-29T02:18:51.926,-9999999,M2,082.C-0718(B),Bonfils,-9999999,HARPS_ech_obs_all,HARPS_ech_obs_objA,STAR_DARK_M4,1.00777347184609E-05,2.10615340106204E-06,1,0,0
GJ367,146.121045,-45.78148,2454935.5462396,-7.762243,1.249893,47914.911101,1.127384,-9.820481,0.910106,47914.177987,0.982595,-9.933039,0.917574,8.255949,6.602188,-4.863183,2.697165,0.84671,0.001609,0.22459,0.002554,0.254833,0.002969,0,3.087613,21.525229,-0.008895,47.4,52.2,2454935.54624,-8.711056,-8.710873,0,-9999999,0.639533,-0.770884,0.856703,-1.372647,0.552721,0.49,900,8.290121,6.633326,2009-04-14T00:55:03.273,-9999999,M2,183.C-0437(A),Bonfils,-9999999,HARPS_ech_obs_all,HARPS_ech_obs_objA,STAR_DARK_M4,9.82335909607533E-06,1.47337055238373E-06,1,0,0
GJ367,146.121045,-45.78148,2454937.5731498,-5.521563,1.125004,47915.474471,0.994383,-7.548481,0.729184,47916.440421,0.70816,-7.425807,0.738007,0.167834,7.249618,-5.437059,2.553423,0.850536,0.001312,0.222695,0.001961,0.257652,0.002294,0,3.089402,21.510003,-0.005617,47.4,64.3,2454937.57314,-9.278178,-9.278003,0,-9999999,0.640198,-0.739565,0.856693,0.325752,0.698074,0.52,900,0.188752,7.27242,2009-04-16T01:33:26.554,-9999999,M2,183.C-0437(A),Bonfils,-9999999,HARPS_ech_obs_all,HARPS_ech_obs_objA,STAR_DARK_M4,8.24405069451485E-06,9.89599967398225E-07,1,0,0
GJ367,146.121045,-45.78148,2454993.478931,-1.560271,1.159535,47923.251159,0.885858,-2.608527,0.781361,47922.416368,0.74481,-2.61212,0.782339,-3.802104,6.258947,-11.213879,2.536173,0.841291,0.00136,0.222815,0.002057,0.254664,0.002405,0,3.089351,21.615863,-0.008341,47.4,62.1,2454993.47892,-17.236683,-17.236673,0,-9999999,0.658535,0.239098,0.856735,-1.493326,0.479586,0.52,899.9996,-3.818222,6.295316,2009-06-10T23:21:35.803,-9999999,M2,183.C-0437(A),Bonfils,-9999999,HARPS_ech_obs_all,HARPS_ech_obs_objA,STAR_DARK_M4,9.39678348773112E-06,1.20943944653136E-06,1,0,0
GJ367,146.121045,-45.78148,2455233.6978906,3.493946,0.945479,47924.429485,1.190498,0.733991,0.756948,47923.369177,0.763571,0.837109,0.775358,5.701108,6.597682,-1.907836,2.790318,0.866273,0.001363,0.240938,0.002128,0.254711,0.002427,0,3.088678,21.419826,-0.012131,47.92,61.8,2455233.69788,10.500707,10.500897,0,-9999999,0.737328,-1.472601,0.566533,-1.797636,0.913371,0.5,900.0005,5.651033,6.630931,2010-02-06T04:33:33.726,-9999999,M2,183.C-0437(A),Bonfils,-9999999,HARPS_ech_obs_all,HARPS_ech_obs_objA,STAR_DARK_M4,9.5708345990884E-06,1.65470634948253E-06,1,0,0
GJ367,146.121045,-45.78148,2455234.6753601,-0.659741,1.287446,47921.908705,1.639533,-1.118237,1.116778,47923.532549,1.389095,-0.938193,1.134764,-4.806465,10.339615,1.034029,3.045199,0.848018,0.001941,0.237034,0.003285,0.25541,0.003791,0,3.088223,21.377363,-0.00779,47.92,43,2455234.67536,10.290734,10.290896,0,-9999999,0.737649,0.828857,0.640566,0.886195,0.87091,0.52,900.0014,-4.757587,10.373447,2010-02-07T04:00:46.176,-9999999,M2,183.C-0437(A),Bonfils,-9999999,HARPS_ech_obs_all,HARPS_ech_obs_objA,STAR_DARK_M4,8.28765453997833E-06,1.15474140378887E-06,1,0,0
GJ367,146.121045,-45.78148,2458658.4539294,-1.243891,1.49647,47913.001596,1.64064,-2.150247,0.847154,47913.868018,0.937822,-9.356842,0.920915,-24.662065,12.500042,19.346995,4.976195,0.857576,0.001643,0.227443,0.002362,0.258901,0.002762,0,3.116854,21.074233,0.00065,47.92,55.3,2458658.45392,-17.060715,-17.06072,0.512,-9999999,1.860665,1.189899,1.233593,-0.994243,1.346176,0.52,599.9982,-24.733917,12.499572,2019-06-23T22:49:12.770,-9999999,M2,1102.C-0339(A),Bonfils,-9999999,HARPS_ech_obs_all,HARPS_ech_obs_wavesimult,STAR_WAVE_M4,1.04690946188463E-05,1.40598928714455E-06,1,0,0
GJ367,146.121045,-45.78148,2458658.4611538,0.785892,1.488782,47915.832227,1.622957,-0.107195,0.833517,47916.698866,0.906554,-7.6451,0.909374,-12.758606,10.723874,18.527586,5.070854,0.853355,0.001605,0.230266,0.002317,0.254194,0.002673,0,3.115183,21.081279,-0.0011,47.92,56.5,2458658.46114,-17.070306,-17.070297,0.426,-9999999,1.860668,1.203168,1.233581,-0.994029,1.346161,0.51,599.9982,-12.758784,10.726949,2019-06-23T22:59:42.993,-9999999,M2,1102.C-0339(A),Bonfils,-9999999,HARPS_ech_obs_all,HARPS_ech_obs_wavesimult,STAR_WAVE_M4,9.51373996362464E-06,1.50081733648064E-06,1,0,0
GJ367,146.121045,-45.78148,2458658.4686601,-3.294797,1.505588,47913.350609,1.654583,-4.174098,0.863193,47914.217473,0.962047,-11.887417,0.935766,-33.660726,11.210992,20.892219,4.986286,0.852912,0.001657,0.234888,0.002439,0.254706,0.002793,0,3.113389,21.0317,0.00507,47.92,54.6,2458658.46865,-17.079864,-17.079865,0.35,-9999999,1.86067,1.216954,1.233569,-0.993806,1.346146,0.54,599.9982,-33.569725,11.182143,2019-06-23T23:10:13.577,-9999999,M2,1102.C-0339(A),Bonfils,-9999999,HARPS_ech_obs_all,HARPS_ech_obs_wavesimult,STAR_WAVE_M4,0.00014562985330597,0.000661921472079858,1,0,0
GJ367,146.121045,-45.78148,2458658.475616,-1.006283,1.468637,47913.566943,1.597452,-1.872808,0.797013,47914.434015,0.860104,-9.596753,0.875669,-13.886249,11.470551,20.638101,4.737962,0.853204,0.00154,0.230086,0.002213,0.256285,0.002558,0,3.115172,20.984013,-0.001715,47.92,58.6,2458658.47561,-17.088332,-17.088337,0.455,-9999999,1.860672,1.22973,1.233558,-0.9936,1.346133,0.49,599.9982,-13.917864,11.473966,2019-06-23T23:20:44.601,-9999999,M2,1102.C-0339(A),Bonfils,-9999999,HARPS_ech_obs_all,HARPS_ech_obs_wavesimult,STAR_WAVE_M4,1.51275432079017E-05,2.78798654098749E-06,1,0,0
GJ367,146.121045,-45.78148,2458658.483208,0.409567,1.539342,47917.359835,1.707996,-0.443015,0.920835,47918.227135,1.051293,-7.796361,0.996861,-11.666106,12.582944,21.168669,5.000334,0.85582,0.001744,0.228864,0.002569,0.251142,0.002966,0,3.115933,21.013406,-0.000332,47.92,51.6,2458658.4832,-17.097125,-17.097133,0.55,-9999999,1.860675,1.243674,1.233547,-0.993375,1.346118,0.53,599.9982,-11.56763,12.59201,2019-06-23T23:31:16.585,-9999999,M2,1102.C-0339(A),Bonfils,-9999999,HARPS_ech_obs_all,HARPS_ech_obs_wavesimult,STAR_WAVE_M4,1.11288383531537E-05,2.05329626168692E-06,1,0,0
GJ367,146.121045,-45.78148,2458658.4902446,0.342257,1.516908,47915.836174,1.670136,-0.497401,0.882835,47916.703685,0.988613,-8.033223,0.958284,-12.192589,10.36334,21.887724,4.767294,0.862918,0.00168,0.238535,0.002495,0.256769,0.002858,0,3.114257,20.949071,-0.001411,47.92,53.7,2458658.49024,-17.104839,-17.104839,0.46,-9999999,1.860677,1.256597,1.233537,-0.993166,1.346106,0.49,599.9982,-12.205401,10.370045,2019-06-23T23:41:48.578,-9999999,M2,1102.C-0339(A),Bonfils,-9999999,HARPS_ech_obs_all,HARPS_ech_obs_wavesimult,STAR_WAVE_M4,1.14073741816392E-05,1.61334994987999E-06,1,0,0
GJ367,146.121045,-45.78148,2458658.4976168,-0.883028,1.50933,47916.137311,1.65761,-1.709146,0.869765,47917.005043,0.967318,-9.417839,0.945783,-28.591711,10.892683,20.71122,5.117617,0.869309,0.001653,0.239778,0.002455,0.25785,0.002796,0,3.1097,20.961035,0.004355,47.92,54.5,2458658.49761,-17.112454,-17.112458,0.649,-9999999,1.860679,1.270137,1.233526,-0.992947,1.346093,0.5,599.9982,-28.596891,10.894401,2019-06-23T23:52:19.572,-9999999,M2,1102.C-0339(A),Bonfils,-9999999,HARPS_ech_obs_all,HARPS_ech_obs_wavesimult,STAR_WAVE_M4,1.02106262861035E-05,1.62152445773202E-06,1,0,0
GJ367,146.121045,-45.78148,2458658.504851,-1.337432,1.54374,47915.130869,1.713712,-2.150263,0.928208,47915.998818,1.060602,-9.353625,1.006147,-8.420163,12.562136,23.210593,5.246081,0.862974,0.001752,0.235952,0.002627,0.259635,0.003027,0,3.117683,20.956601,0.004181,47.92,51.4,2458658.50484,-17.119446,-17.119452,0.562,-9999999,1.860682,1.283424,1.233516,-0.992733,1.34608,0.49,599.9982,-8.398414,12.564125,2019-06-24T00:02:50.646,-9999999,M2,1102.C-0339(A),Bonfils,-9999999,HARPS_ech_obs_all,HARPS_ech_obs_wavesimult,STAR_WAVE_M4,-9999999,-9999999,-9999999,-9999999,-9999999
GJ367,146.121045,-45.78148,2458658.5121654,0.272063,1.531261,47917.049741,1.690846,-0.527334,0.907315,47917.917909,1.023259,-8.928026,0.98297,-32.092498,11.437043,19.38464,5.101275,0.858613,0.001696,0.233035,0.002543,0.261178,0.002952,0,3.106322,20.916465,-0.001202,47.92,52.6,2458658.51216,-17.126015,-17.126013,0.525,-9999999,1.860684,1.296858,1.233507,-0.992516,1.346068,0.49,599.9982,-32.073904,11.438665,2019-06-24T00:13:22.649,-9999999,M2,1102.C-0339(A),Bonfils,-9999999,HARPS_ech_obs_all,HARPS_ech_obs_wavesimult,STAR_WAVE_M4,1.06065267053616E-05,2.11966638157304E-06,1,0,0
GJ367,146.121045,-45.78148,2458658.5196873,-2.469834,1.49359,47913.963449,1.630482,-3.255416,0.842196,47914.831843,0.920111,-10.306418,0.918487,-9.237435,11.959986,22.277701,5.136572,0.85862,0.00159,0.237264,0.002362,0.260558,0.002709,0,3.112898,20.916071,0.001497,47.92,56.3,2458658.51968,-17.132231,-17.132232,0.527,-9999999,1.860687,1.310673,1.233497,-0.992293,1.346057,0.52,599.9982,-9.215037,11.960866,2019-06-24T00:23:54.573,-9999999,M2,1102.C-0339(A),Bonfils,-9999999,HARPS_ech_obs_all,HARPS_ech_obs_wavesimult,STAR_WAVE_M4,1.2031246977187E-05,3.56390328038297E-06,1,0,0
GJ367,146.121045,-45.78148,2458658.5268514,-1.806904,1.517662,47915.13105,1.663511,-2.579328,0.884197,47915.999659,0.977461,-9.755612,0.958271,-7.492169,12.580838,22.253421,5.219645,0.860435,0.001633,0.233489,0.002456,0.259029,0.002824,0,3.108748,20.828929,0.002241,47.92,54.3,2458658.52684,-17.137629,-17.137633,0.728,-9999999,1.860689,1.323831,1.233489,-0.99208,1.346046,0.5,599.9982,-7.487663,12.586519,2019-06-24T00:34:25.587,-9999999,M2,1102.C-0339(A),Bonfils,-9999999,HARPS_ech_obs_all,HARPS_ech_obs_wavesimult,STAR_WAVE_M4,0.000277316729355126,0.00141318610557939,1,0,0
GJ367,146.121045,-45.78148,2458658.5342237,-0.012732,1.491324,47914.738982,1.624371,-0.771616,0.838196,47915.607811,0.90927,-8.3843,0.915775,-30.222375,11.721996,22.623428,5.087986,0.856034,0.001551,0.234454,0.002322,0.251661,0.002646,0,3.103909,20.839146,0.004631,47.92,56.8,2458658.53422,-17.142639,-17.142646,0.46,-9999999,1.860691,1.337371,1.23348,-0.991862,1.346035,0.51,599.9982,-30.244611,11.724398,2019-06-24T00:44:56.590,-9999999,M2,1102.C-0339(A),Bonfils,-9999999,HARPS_ech_obs_all,HARPS_ech_obs_wavesimult,STAR_WAVE_M4,5.59333104004788E-05,0.000388636878375489,1,0,0
GJ367,146.121045,-45.78148,2458658.5412487,-0.234309,1.511209,47914.477058,1.655292,-0.980291,0.873097,47915.346099,0.963435,-8.333573,0.947924,-17.474001,11.112892,23.31554,5.180103,0.853857,0.001597,0.23557,0.002429,0.252632,0.002765,0,3.102869,20.77251,0.00348,47.92,54.9,2458658.54124,-17.14689,-17.146892,0.399,-9999999,1.860694,1.350273,1.233472,-0.991653,1.346025,0.47,599.9982,-17.438445,11.122214,2019-06-24T00:55:27.584,-9999999,M2,1102.C-0339(A),Bonfils,-9999999,HARPS_ech_obs_all,HARPS_ech_obs_wavesimult,STAR_WAVE_M4,-9999999,-9999999,-9999999,-9999999,-9999999
GJ367,146.121045,-45.78148,2458665.4681575,0.901247,1.678917,47914.735359,1.94707,-0.222494,1.138889,47915.867566,1.406758,-8.185707,1.200358,-35.635111,12.947032,20.79306,5.829338,0.843796,0.002017,0.216084,0.003185,0.254939,0.00376,0,3.112578,20.989077,0.008394,47.92,43.1,2458665.46815,-16.677497,-16.677512,-0.285,-9999999,1.862966,0.972514,1.23357,-0.730759,1.346147,0.5,599.9982,-35.667396,12.95791,2019-06-30T23:10:27.823,-9999999,M2,1102.C-0339(A),Bonfils,-9999999,HARPS_ech_obs_all,HARPS_ech_obs_wavesimult,STAR_WAVE_M4,8.15028978668263E-06,1.49319781350949E-06,1,0,0
GJ367,146.121045,-45.78148,2458665.4755222,2.811931,1.688223,47917.356087,1.961007,1.701716,1.152576,47918.488514,1.425999,-6.785413,1.210389,-15.19773,12.685964,22.094348,5.010276,0.849028,0.002038,0.224083,0.003257,0.259696,0.003835,0,3.111689,20.993046,0.006281,47.92,42.7,2458665.47552,-16.685024,-16.68505,0.108,-9999999,1.862968,0.98604,1.233558,-0.730541,1.346133,0.51,599.9982,-15.230701,12.688743,2019-06-30T23:20:58.167,-9999999,M2,1102.C-0339(A),Bonfils,-9999999,HARPS_ech_obs_all,HARPS_ech_obs_wavesimult,STAR_WAVE_M4,2.06314865182546E-05,0.000302141161483462,1,0,0
GJ367,146.121045,-45.78148,2458665.4829011,-0.091381,1.642055,47915.853801,1.878831,-1.188044,1.083838,47916.98645,1.310714,-9.030569,1.143752,-1.264471,11.21895,23.665896,5.451765,0.849686,0.001939,0.219856,0.003024,0.250226,0.00353,0,3.115403,20.987486,0.003601,47.92,44.9,2458665.48289,-16.692075,-16.692087,-0.542,-9999999,1.862971,0.999593,1.233547,-0.730322,1.346119,0.52,599.9982,-1.290742,11.235945,2019-06-30T23:31:29.741,-9999999,M2,1102.C-0339(A),Bonfils,-9999999,HARPS_ech_obs_all,HARPS_ech_obs_wavesimult,STAR_WAVE_M4,3.56669997520265E-05,0.000270461016890941,1,0,0
GJ367,146.121045,-45.78148,2458665.4892318,3.462451,2.206438,47920.573247,2.96711,2.377416,1.829413,47921.706086,2.644189,-6.970063,1.884452,-14.979467,18.761752,30.036977,5.475108,0.8432,0.003035,0.225696,0.005638,0.249165,0.00656,0,3.120833,20.827252,-0.004148,47.92,28.6,2458665.48922,-16.697723,-16.69774,0.169,-9999999,1.862973,1.01122,1.233538,-0.730134,1.346107,0.38,599.9982,-14.954967,18.748352,2019-06-30T23:42:00.745,-9999999,M2,1102.C-0339(A),Bonfils,-9999999,HARPS_ech_obs_all,HARPS_ech_obs_wavesimult,STAR_WAVE_M4,8.49165981360812E-06,1.34574822638295E-06,1,0,0
GJ367,146.121045,-45.78148,2458665.4987569,3.202329,2.432941,47917.19543,3.367979,2.134788,2.09705,47918.328554,3.087284,-6.907604,2.151931,-32.100351,25.045612,31.098216,5.452588,0.842576,0.003434,0.226409,0.006743,0.23843,0.0079,0,3.119824,20.900397,0.00275,47.92,25.2,2458665.49875,-16.705496,-16.705511,-0.157,-9999999,1.862976,1.028714,1.233525,-0.729852,1.346091,0.7,599.9982,-31.09203,24.78386,2019-06-30T23:52:31.758,-9999999,M2,1102.C-0339(A),Bonfils,-9999999,HARPS_ech_obs_all,HARPS_ech_obs_wavesimult,STAR_WAVE_M4,4.87078647784944E-06,0.000147900944743494,1,0,0
GJ367,146.121045,-45.78148,2458665.5041152,3.436772,2.087757,47915.134824,2.595185,2.379072,1.684388,47916.268109,2.218795,-8.178089,1.662888,9.704068,18.173151,43.25254,4.964561,0.854077,0.002723,0.230221,0.004809,0.245647,0.005624,0,3.115529,20.982885,0.002989,47.92,32.1,2458665.50411,-16.709476,-16.709489,-0.061,-9999999,1.862978,1.038555,1.233517,-0.729693,1.346082,0.42,599.9982,9.408767,18.07213,2019-07-01T00:03:02.742,-9999999,M2,1102.C-0339(A),Bonfils,-9999999,HARPS_ech_obs_all,HARPS_ech_obs_wavesimult,STAR_WAVE_M4,1.55179405703143E-05,5.86872120081395E-06,1,0,0
GJ367,146.121045,-45.78148,2458665.5129458,4.896773,2.562236,47922.154998,3.432775,3.855292,2.245777,47923.288548,3.157855,-5.797208,2.212879,-2.675062,25.31505,44.471573,5.098663,0.85212,0.003494,0.231566,0.006945,0.248783,0.008128,0,3.117064,20.929228,0.002648,47.92,24.8,2458665.51294,-16.715404,-16.715425,0.182,-9999999,1.862981,1.054774,1.233506,-0.729431,1.346067,0.64,599.9982,-4.092396,24.984939,2019-07-01T00:13:33.746,-9999999,M2,1102.C-0339(A),Bonfils,-9999999,HARPS_ech_obs_all,HARPS_ech_obs_wavesimult,STAR_WAVE_M4,6.31350286546989E-06,8.13642844396627E-07,1,0,0
GJ367,146.121045,-45.78148,2458665.5187219,4.606619,2.712798,47913.757761,3.646438,3.575746,2.416144,47914.891484,3.388899,-7.689959,2.378978,-26.678042,28.425172,47.797349,5.163077,0.85329,0.003736,0.237474,0.007533,0.250975,0.008962,0,3.116432,20.893458,0.000727,47.92,23.2,2458665.51871,-16.718847,-16.718865,-0.001,-9999999,1.862982,1.065382,1.233499,-0.729259,1.346058,0.42,599.9982,-24.471519,28.187534,2019-07-01T00:24:04.830,-9999999,M2,1102.C-0339(A),Bonfils,-9999999,HARPS_ech_obs_all,HARPS_ech_obs_wavesimult,STAR_WAVE_M4,4.14273321485299E-06,5.26148161497622E-07,1,0,0
GJ367,146.121045,-45.78148,2458665.5267877,2.201202,3.742416,47908.112476,4.911797,1.185143,3.533296,47909.246441,4.72376,-10.588489,3.500289,-57.09058,39.077077,51.823925,6.558863,0.851881,0.005178,0.232178,0.012076,0.275285,0.014708,0,3.109945,20.753765,0.022631,47.92,16.6,2458665.52678,-16.723069,-16.723089,0.18,-9999999,1.862985,1.080196,1.233489,-0.72902,1.346046,0.53,599.9982,-46.595682,34.2641,2019-07-01T00:34:35.754,-9999999,M2,1102.C-0339(A),Bonfils,-9999999,HARPS_ech_obs_all,HARPS_ech_obs_wavesimult,STAR_WAVE_M4,5.27242635210282E-06,8.96632934601135E-07,1,0,0
GJ367,146.121045,-45.78148,2458665.5335354,0.644296,4.358125,47909.414297,5.442214,-0.35937,4.179926,47910.548464,5.273128,-10.413085,4.12283,-122.615096,52.665153,50.487403,7.575462,0.839054,0.005931,0.27268,0.015113,0.219972,0.017446,0,3.114839,20.857659,-0.001704,47.92,14.4,2458665.53353,-16.726069,-16.726085,0.125,-9999999,1.862987,1.092589,1.233481,-0.72882,1.346036,0.45,599.9982,-123.981343,49.850525,2019-07-01T00:45:06.787,-9999999,M2,1102.C-0339(A),Bonfils,-9999999,HARPS_ech_obs_all,HARPS_ech_obs_wavesimult,STAR_WAVE_M4,1.32956483643893E-05,9.19421959512863E-06,1,0,0
GJ367,146.121045,-45.78148,2458665.5411155,3.694201,11.99085,47879.489154,7.592511,2.704457,11.927239,47880.623549,7.472245,-12.267632,11.594222,4955.908167,1917.798625,94.874981,18.056735,0.836691,0.013956,0.405735,0.046444,0.333884,0.057353,64,3.130793,20.078918,0.024028,47.92,6.2,2458665.54111,-16.728852,-16.72887,-0.184,-9999999,1.86299,1.106511,1.233473,-0.728595,1.346026,0.49,599.9982,72.318805,163.521794,2019-07-01T00:55:37.741,-9999999,M2,1102.C-0339(A),Bonfils,-9999999,HARPS_ech_obs_all,HARPS_ech_obs_wavesimult,STAR_WAVE_M4,4.5786260852576E-05,0.000447751546410228,1,0,0
GJ367,146.121045,-45.78148,2458665.5480712,-26.215634,19.01068,47899.031913,8.241633,-27.192603,18.970622,47900.166516,8.130975,-35.175818,18.94848,11727.847401,2756.707447,124.481197,31.087126,0.850877,0.021313,0.538517,0.080407,0.243457,0.094852,64,3.088557,19.228817,-0.056132,47.92,4.1,2458665.54806,-16.730853,-16.730872,0.323,-9999999,1.862992,1.119286,1.233465,-0.728389,1.346016,0.44,599.9982,39.955382,269.948823,2019-07-01T01:06:08.745,-9999999,M2,1102.C-0339(A),Bonfils,-9999999,HARPS_ech_obs_all,HARPS_ech_obs_wavesimult,STAR_WAVE_M4,-9999999,-9999999,-9999999,-9999999,-9999999
GJ367,146.121045,-45.78148,2458665.5558601,-261.01345,29.888489,47823.175499,8.732455,-261.976113,29.863027,47824.310336,8.628096,-72.251457,40.551164,-19529.140783,2890.102717,254.923353,61.137356,0.778732,0.035307,0.634355,0.130022,0.454333,0.188956,64,3.2148,17.275584,0.06785,47.92,2.6,2458665.55585,-16.732459,-16.732479,-0.016,-9999999,1.862995,1.133592,1.233457,-0.728158,1.346007,0.51,599.9982,-642.444209,689.546748,2019-07-01T01:16:39.749,-9999999,M2,1102.C-0339(A),Bonfils,-9999999,HARPS_ech_obs_all,HARPS_ech_obs_wavesimult,STAR_WAVE_M4,6.46165346224857E-06,1.07011752918866E-06,1,0,0
GJ367,146.121045,-45.78148,2458666.447248,-0.911792,1.538409,47917.496294,1.591396,-1.976917,0.919197,47918.472041,0.848712,-7.541251,0.893851,0.705671,10.495614,44.057314,5.036124,0.850294,0.001499,0.223783,0.002135,0.255222,0.002518,0,3.116554,20.943409,0.004531,47.92,59.1,2458666.44724,-16.576855,-16.576879,-0.178,-9999999,1.863287,1.03113,1.233605,-0.88754,1.34619,0.5,599.9982,0.703697,10.504504,2019-07-01T22:40:25.874,-9999999,M2,1102.C-0339(A),Bonfils,-9999999,HARPS_ech_obs_all,HARPS_ech_obs_wavesimult,STAR_WAVE_M4,1.45103348743079E-05,3.90036905244668E-06,1,0,0
GJ367,146.121045,-45.78148,2458666.4544221,0.647722,1.606518,47917.734671,1.690746,-0.404227,1.02915,47918.710633,1.022954,-5.956101,1.002913,-9.315989,13.178678,40.826829,4.6383,0.849458,0.001699,0.222708,0.002484,0.254118,0.002932,0,3.120091,21.034035,0.001655,47.92,52.3,2458666.45441,-16.585252,-16.585268,-0.015,-9999999,1.863289,1.044306,1.233592,-0.887327,1.346175,0.48,599.9982,-9.354404,13.161738,2019-07-01T22:50:57.757,-9999999,M2,1102.C-0339(A),Bonfils,-9999999,HARPS_ech_obs_all,HARPS_ech_obs_wavesimult,STAR_WAVE_M4,1.05660514175093E-05,1.7879183843681E-06,1,0,0
GJ367,146.121045,-45.78148,2458666.4617251,0.811882,1.608226,47916.651483,1.699335,-0.226654,1.031828,47917.627665,1.037107,-6.783436,1.009007,3.435683,12.244279,39.37227,5.273796,0.84704,0.001708,0.227996,0.002533,0.259601,0.002986,0,3.118355,21.045901,0.001614,47.92,51.8,2458666.46172,-16.593368,-16.593388,-0.339,-9999999,1.863292,1.057719,1.23358,-0.88711,1.34616,0.48,599.9982,3.448455,12.253479,2019-07-01T23:01:28.771,-9999999,M2,1102.C-0339(A),Bonfils,-9999999,HARPS_ech_obs_all,HARPS_ech_obs_wavesimult,STAR_WAVE_M4,-9999999,-9999999,-9999999,-9999999,-9999999
GJ367,146.121045,-45.78148,2458666.4688195,2.455945,1.701405,47917.434937,1.849399,1.430439,1.171788,47918.411331,1.268135,-5.477223,1.145092,-12.571427,15.659024,38.393685,4.854165,0.85041,0.001922,0.224894,0.002935,0.253271,0.003448,0,3.116574,21.023012,-0.002591,47.92,45.8,2458666.46881,-16.600818,-16.600843,-0.124,-9999999,1.863294,1.070749,1.233569,-0.8869,1.346146,0.45,599.9982,-12.830323,15.63269,2019-07-01T23:11:59.755,-9999999,M2,1102.C-0339(A),Bonfils,-9999999,HARPS_ech_obs_all,HARPS_ech_obs_wavesimult,STAR_WAVE_M4,-9999999,-9999999,-9999999,-9999999,-9999999
GJ367,146.121045,-45.78148,2458666.4762612,-0.247138,1.711155,47916.53491,1.863266,-1.258976,1.185912,47917.511528,1.28829,-7.923222,1.159019,-4.219355,11.418612,39.735896,4.390472,0.854094,0.001946,0.222711,0.003001,0.26056,0.003535,0,3.115592,21.050158,0.003251,47.92,45.3,2458666.47625,-16.608155,-16.608171,-0.305,-9999999,1.863297,1.084417,1.233557,-0.886679,1.346131,0.47,599.9982,-4.27042,11.424768,2019-07-01T23:22:30.759,-9999999,M2,1102.C-0339(A),Bonfils,-9999999,HARPS_ech_obs_all,HARPS_ech_obs_wavesimult,STAR_WAVE_M4,1.05219670083094E-05,1.67990488225145E-06,1,0,0
GJ367,146.121045,-45.78148,2458666.4837722,0.062698,1.813661,47916.90405,2.055313,-0.935345,1.32956,47917.880893,1.553152,-8.006782,1.299122,-17.559685,14.634633,38.856442,5.021023,0.861458,0.002195,0.229352,0.003536,0.260249,0.00413,0,3.114044,21.055568,0.007764,47.92,40.5,2458666.48376,-16.615047,-16.615066,-0.262,-9999999,1.863299,1.098212,1.233546,-0.886456,1.346117,0.5,599.9982,-17.606486,14.637618,2019-07-01T23:33:01.742,-9999999,M2,1102.C-0339(A),Bonfils,-9999999,HARPS_ech_obs_all,HARPS_ech_obs_wavesimult,STAR_WAVE_M4,5.84255852535606E-05,0.000177796541785982,1,0,0
GJ367,146.121045,-45.78148,2458666.4911447,1.709679,1.78625,47916.773843,2.010511,0.725176,1.291928,47917.750906,1.493371,-6.950217,1.264557,3.426737,14.23448,39.769972,4.975195,0.864749,0.002145,0.231673,0.003437,0.262776,0.003995,0,3.115903,21.082428,-0.003797,47.92,41.4,2458666.49114,-16.621294,-16.621316,-0.418,-9999999,1.863301,1.111753,1.233535,-0.886238,1.346104,0.51,599.9982,3.409964,14.227728,2019-07-01T23:43:32.756,-9999999,M2,1102.C-0339(A),Bonfils,-9999999,HARPS_ech_obs_all,HARPS_ech_obs_wavesimult,STAR_WAVE_M4,1.71082965287883E-05,1.00923616899815E-05,1,0,0
GJ367,146.121045,-45.78148,2458666.4983093,1.441915,1.776118,47916.764865,1.985296,0.470571,1.277893,47917.742144,1.45926,-7.071367,1.252993,5.584704,12.768104,42.267652,4.821367,0.858973,0.002096,0.228551,0.00334,0.256951,0.003892,0,3.1221,20.983483,-0.001222,47.92,42.1,2458666.4983,-16.626859,-16.626883,-0.069,-9999999,1.863304,1.124911,1.233525,-0.886025,1.346091,0.49,599.9982,5.591933,12.778497,2019-07-01T23:54:03.810,-9999999,M2,1102.C-0339(A),Bonfils,-9999999,HARPS_ech_obs_all,HARPS_ech_obs_wavesimult,STAR_WAVE_M4,1.66085066747457E-05,0.00018812403681303,1,0,0
GJ367,146.121045,-45.78148,2458666.5054726,2.140238,1.910624,47918.156324,2.25199,1.182051,1.459083,47919.133818,1.805417,-6.932657,1.430253,6.91659,14.306841,41.907855,4.978828,0.85452,0.002379,0.23446,0.004012,0.260497,0.004662,0,3.118346,21.01541,0.002998,47.92,36.9,2458666.50546,-16.631912,-16.63193,0.124,-9999999,1.863306,1.138068,1.233516,-0.885812,1.346079,0.47,599.9982,6.912175,14.314033,2019-07-02T00:04:34.754,-9999999,M2,1102.C-0339(A),Bonfils,-9999999,HARPS_ech_obs_all,HARPS_ech_obs_wavesimult,STAR_WAVE_M4,7.81405252091447E-06,1.06083092853519E-06,1,0,0
GJ367,146.121045,-45.78148,2458666.512567,0.305405,1.991964,47915.572017,2.400416,-0.639753,1.564092,47916.549723,1.987485,-9.371159,1.537827,3.302025,14.124264,39.901743,4.712325,0.852023,0.002531,0.222371,0.004334,0.253931,0.005074,0,3.119415,20.987224,0.001667,47.92,34.6,2458666.51256,-16.636401,-16.636423,-0.015,-9999999,1.863308,1.151098,1.233506,-0.885602,1.346068,0.44,599.9982,3.2369,14.106311,2019-07-02T00:15:05.748,-9999999,M2,1102.C-0339(A),Bonfils,-9999999,HARPS_ech_obs_all,HARPS_ech_obs_wavesimult,STAR_WAVE_M4,9.27396540028126E-06,1.43328567538618E-06,1,0,0
GJ367,146.121045,-45.78148,2458666.5206337,2.730459,2.048658,47918.88455,2.496707,1.800117,1.635692,47919.862498,2.102779,-6.373161,1.604448,-12.552874,16.5489,42.679686,4.95822,0.845773,0.0026,0.227836,0.004568,0.25944,0.00533,0,3.115661,20.982095,0.005148,47.92,33.3,2458666.52063,-16.64087,-16.640893,-0.372,-9999999,1.863311,1.165913,1.233496,-0.885363,1.346055,0.55,599.9982,-12.753021,16.57464,2019-07-02T00:25:36.752,-9999999,M2,1102.C-0339(A),Bonfils,-9999999,HARPS_ech_obs_all,HARPS_ech_obs_wavesimult,STAR_WAVE_M4,9.2462515836037E-06,2.04042761424635E-06,1,0,0
GJ367,146.121045,-45.78148,2458666.52752,1.454851,2.021196,47918.064452,2.453079,0.537157,1.601168,47919.042607,2.050795,-7.735945,1.572284,0.243876,18.803493,41.155067,4.862241,0.847118,0.00256,0.243655,0.004547,0.258331,0.005222,0,3.114038,20.96485,-0.008931,47.92,33.9,2458666.52751,-16.64414,-16.644165,0.046,-9999999,1.863313,1.178561,1.233488,-0.885158,1.346045,0.49,599.9982,1.442119,18.780334,2019-07-02T00:36:07.756,-9999999,M2,1102.C-0339(A),Bonfils,-9999999,HARPS_ech_obs_all,HARPS_ech_obs_wavesimult,STAR_WAVE_M4,1.07179813123983E-05,7.46458448253851E-05,1,0,0
GJ367,146.121045,-45.78148,2458893.696521,-2.949935,1.662907,47913.765965,1.879662,-0.600536,1.275748,47919.163914,1.587869,-7.846175,1.258342,-11.579641,13.214236,48.858891,5.193373,0.827581,0.002299,0.222023,0.003674,0.255494,0.004351,0,3.134818,21.12305,0.002111,47.92,39.1,2458893.69651,8.53673,8.536806,0.095,-9999999,1.937826,4.445654,1.066643,3.460123,1.005883,0.5,899.9975,-11.645045,13.219297,2020-02-14T04:31:14.823,-9999999,M2,1102.C-0339(A),Bonfils,-9999999,HARPS_ech_obs_all,HARPS_ech_obs_wavesimult,STAR_WAVE_M4,1.04537744744131E-05,1.84201602549527E-06,1,0,0
GJ367,146.121045,-45.78148,2458893.8673457,-5.484725,1.301079,47909.47785,1.187619,-2.821583,0.744877,47914.880922,0.631124,-11.438147,0.726113,-13.620201,8.998795,46.792196,4.888829,0.833323,0.001133,0.223248,0.001664,0.244892,0.00191,0,3.09369,20.538181,-0.001419,47.92,72.4,2458893.86734,8.232786,8.232859,0,-9999999,1.937882,4.759397,1.066754,3.46519,1.006043,0.49,899.9977,-13.59973,9.003183,2020-02-14T08:37:22.656,-9999999,M2,1102.C-0339(A),Bonfils,-9999999,HARPS_ech_obs_all,HARPS_ech_obs_wavesimult,STAR_WAVE_M4,7.96972373784992E-06,1.14769254294739E-06,1,0,0
GJ367,146.121045,-45.78148,2458894.6130996,2.023567,1.521891,47914.173159,1.428955,-0.629507,0.891542,47918.712403,0.872409,-8.530443,0.870034,-14.96448,9.460483,45.483498,4.714349,0.826223,0.001531,0.224356,0.002244,0.244466,0.002583,0,3.124496,20.968143,-0.001172,47.92,57.3,2458894.61309,8.424321,8.4244,-0.024,-9999999,1.938127,-0.556819,1.233412,2.601117,1.131731,0.49,899.9974,-14.933985,9.460582,2020-02-15T02:31:13.990,-9999999,M2,1102.C-0339(A),Bonfils,-9999999,HARPS_ech_obs_all,HARPS_ech_obs_wavesimult,STAR_WAVE_M4,8.34390267121025E-06,1.08753332403031E-06,1,0,0
GJ367,146.121045,-45.78148,2458894.7765541,-0.528116,1.475836,47911.487269,1.355617,-2.880983,0.810432,47916.031415,0.74626,-10.644241,0.792837,-14.384679,8.9164,45.267631,4.702336,0.828725,0.001375,0.220038,0.001975,0.238867,0.00224,0,3.118487,20.920667,0.006446,47.92,63.6,2458894.77655,8.101827,8.101894,0.261,-9999999,1.93818,-0.256612,1.233406,2.605966,1.131722,0.49,899.9973,-14.447715,8.915621,2020-02-15T06:26:36.075,-9999999,M2,1102.C-0339(A),Bonfils,-9999999,HARPS_ech_obs_all,HARPS_ech_obs_wavesimult,STAR_WAVE_M4,7.54166172443154E-06,1.05602435946273E-06,1,0,0
GJ367,146.121045,-45.78148,2458897.5516987,4.274612,1.424965,47916.611099,1.162685,2.169514,0.713511,47920.548775,0.596417,-5.134409,0.687683,-13.78124,10.370323,47.844453,4.806882,0.821231,0.001157,0.220603,0.001614,0.242977,0.001854,0,3.117245,20.882032,0.001553,47.92,74.7,2458897.5517,7.685412,7.685481,0.029,-9999999,1.93909,-0.008842,1.233461,1.998586,0.99806,0.51,899.9976,-13.727264,10.371846,2020-02-18T01:02:24.291,-9999999,M2,1102.C-0339(A),Bonfils,-9999999,HARPS_ech_obs_all,HARPS_ech_obs_wavesimult,STAR_WAVE_M4,8.60993752879626E-06,1.23652639753603E-06,1,0,0
GJ367,146.121045,-45.78148,2458897.7354691,3.874916,1.466793,47915.010017,1.228925,2.107338,0.79387,47918.953205,0.717197,-6.342653,0.771932,-22.14722,9.55293,45.307622,4.706739,0.831849,0.001351,0.224667,0.001945,0.248702,0.002219,0,3.119677,21.033834,0.003431,47.92,64.9,2458897.73546,7.341283,7.34136,0.154,-9999999,1.939151,0.328677,1.233391,2.004037,0.997941,0.51,899.9977,-22.251555,9.556105,2020-02-18T05:27:01.663,-9999999,M2,1102.C-0339(A),Bonfils,-9999999,HARPS_ech_obs_all,HARPS_ech_obs_wavesimult,STAR_WAVE_M4,8.10684566205999E-06,3.05295018686631E-06,1,0,0
GJ367,146.121045,-45.78148,2458897.8743113,2.22344,1.528515,47913.488517,1.3319,0.710865,0.902697,47917.435869,0.881894,-6.397162,0.886803,-13.030356,13.040725,47.637049,4.999247,0.816482,0.001421,0.222036,0.002246,0.235347,0.002517,0,3.099023,20.578274,0.005076,47.92,57.4,2458897.87431,7.117168,7.117234,0,-9999999,1.939196,0.58368,1.23349,2.008156,0.998109,0.51,899.9977,-13.302273,13.031823,2020-02-18T08:46:57.332,-9999999,M2,1102.C-0339(A),Bonfils,-9999999,HARPS_ech_obs_all,HARPS_ech_obs_wavesimult,STAR_WAVE_M4,8.15122098821439E-06,1.25708747616697E-06,1,0,0
GJ367,146.121045,-45.78148,2458899.6517385,0.3154,1.409685,47913.100048,1.461764,-0.929427,0.682605,47915.840608,0.57029,-7.568198,0.652094,-22.049421,9.837619,46.742031,4.6603,0.825876,0.001142,0.217314,0.001577,0.246023,0.001839,0,3.129031,21.144773,0.001512,47.92,75.2,2458899.65173,6.939816,6.939898,-0.158,-9999999,1.939779,0.851428,1.233394,0.800781,1.345928,0.5,899.9976,-22.033142,9.834504,2020-02-20T03:26:32.395,-9999999,M2,1102.C-0339(A),Bonfils,-9999999,HARPS_ech_obs_all,HARPS_ech_obs_wavesimult,STAR_WAVE_M4,8.48893815068959E-06,1.20130352537311E-06,1,0,0
GJ367,146.121045,-45.78148,2458899.8277039,0.089061,1.433011,47912.424634,1.484984,-0.832581,0.72948,47915.170472,0.627292,-8.776632,0.705958,-20.953521,10.749598,46.485911,4.867269,0.830721,0.001172,0.223304,0.00171,0.249175,0.001979,0,3.111468,20.883971,0.001059,47.92,70.6,2458899.8277,6.606302,6.606373,1.35,-9999999,1.939837,1.174613,1.233442,0.806001,1.345988,0.51,899.9977,-20.921562,10.752385,2020-02-20T07:39:46.451,-9999999,M2,1102.C-0339(A),Bonfils,-9999999,HARPS_ech_obs_all,HARPS_ech_obs_wavesimult,STAR_WAVE_M4,9.57127937644123E-06,1.308045312738E-06,1,0,0
GJ367,146.121045,-45.78148,2458900.6082146,-0.362229,1.225833,47915.152829,0.984937,-3.225138,0.66662,47916.591461,0.543896,-10.226064,0.634623,-3.526853,8.110588,46.589624,4.668221,0.825853,0.001076,0.22552,0.001533,0.245031,0.001756,0,3.123897,21.039115,0.003034,47.92,78.2,2458900.60821,6.734994,6.735059,0.364,-9999999,1.940093,-0.766654,1.028729,-0.501461,0.821145,0.48,899.9975,-3.492866,8.102716,2020-02-21T02:24:08.067,-9999999,M2,1102.C-0339(A),Bonfils,-9999999,HARPS_ech_obs_all,HARPS_ech_obs_wavesimult,STAR_WAVE_M4,8.06011575303762E-06,1.04266105329785E-06,1,0,0
GJ367,146.121045,-45.78148,2458900.7898372,2.135822,1.261321,47916.189856,1.032506,-0.393512,0.729829,47917.633935,0.625935,-8.562984,0.707435,-6.475558,8.016427,46.507672,4.702913,0.833842,0.001155,0.221138,0.001726,0.24634,0.001996,0,3.105981,20.84212,0.001494,47.92,70.7,2458900.78983,6.377545,6.377622,0.272,-9999999,1.940153,-0.433079,1.028728,-0.496074,0.821142,0.48,899.9974,-6.54565,8.026331,2020-02-21T06:45:39.915,-9999999,M2,1102.C-0339(A),Bonfils,-9999999,HARPS_ech_obs_all,HARPS_ech_obs_wavesimult,STAR_WAVE_M4,8.52641807989485E-06,1.12690055589202E-06,1,0,0
GJ367,146.121045,-45.78148,2458901.5641072,-3.432307,1.403263,47908.59448,1.056345,-4.859297,0.669141,47911.615855,0.54803,-12.12105,0.638365,-20.319672,9.335693,44.622114,4.704224,0.827752,0.001087,0.221121,0.001558,0.245176,0.001775,0,3.124576,21.105411,0.004145,47.92,77.6,2458901.5641,6.520294,6.520374,0.506,-9999999,1.940407,0.669265,1.233449,1.080968,0.903066,0.51,899.9976,-20.371975,9.337277,2020-02-22T01:20:08.413,-9999999,M2,1102.C-0339(A),Bonfils,-9999999,HARPS_ech_obs_all,HARPS_ech_obs_wavesimult,STAR_WAVE_M4,7.2635669069259E-06,9.29364074060465E-07,1,0,0
GJ367,146.121045,-45.78148,2458901.7477837,-2.191609,1.393601,47911.593871,1.044063,-3.281252,0.64874,47914.620755,0.524142,-10.172148,0.624352,-19.375714,8.90493,44.589008,4.841003,0.826999,0.001013,0.220865,0.001451,0.246612,0.001678,0,3.109943,20.889114,0.001529,47.92,81.2,2458901.74778,6.163269,6.163359,0.384,-9999999,1.940467,1.006612,1.233394,1.086417,0.902963,0.49,899.9976,-19.396161,8.899165,2020-02-22T05:44:55.730,-9999999,M2,1102.C-0339(A),Bonfils,-9999999,HARPS_ech_obs_all,HARPS_ech_obs_wavesimult,STAR_WAVE_M4,7.93612724592626E-06,1.11037247417519E-06,1,0,0
GJ367,146.121045,-45.78148,2458902.7155131,0.838202,1.383472,47912.075887,1.43404,-0.36629,0.626699,47915.358949,0.494947,-7.430324,0.594026,-14.838292,11.289134,44.591606,4.681284,0.841984,0.000997,0.23162,0.001408,0.251375,0.00161,0,3.118662,21.022068,0.003932,47.92,85.1,2458902.7155,5.933944,5.934039,-0.436,-9999999,1.940784,0.891763,1.233387,1.342278,1.345919,0.52,899.9977,-14.762145,11.288842,2020-02-23T04:57:58.833,-9999999,M2,1102.C-0339(A),Bonfils,-9999999,HARPS_ech_obs_all,HARPS_ech_obs_wavesimult,STAR_WAVE_M4,9.50745983041176E-06,1.27536813873776E-06,1,0,0
GJ367,146.121045,-45.78148,2458902.8923908,-0.144002,1.508056,47911.590836,1.584138,-1.023634,0.867571,47914.879203,0.835208,-9.047415,0.852309,-22.296064,14.300911,47.642763,5.12581,0.828597,0.001324,0.22517,0.002187,0.243466,0.002501,0,3.090854,20.53295,0.005021,47.92,58.5,2458902.89238,5.667093,5.667176,0,-9999999,1.940842,1.216623,1.233513,1.347525,1.346076,0.48,899.9976,-22.308781,14.308466,2020-02-23T09:13:16.766,-9999999,M2,1102.C-0339(A),Bonfils,-9999999,HARPS_ech_obs_all,HARPS_ech_obs_wavesimult,STAR_WAVE_M4,1.16829720086602E-05,2.32320711751592E-06,1,0,0
GJ367,146.121045,-45.78148,2458903.6655812,1.317451,1.357348,47914.803888,1.414032,-0.667163,0.566695,47917.736683,0.433563,-7.685458,0.528198,-32.602217,11.088074,45.25824,4.585506,0.822889,0.000881,0.219319,0.001217,0.247461,0.001394,0,3.123724,21.124043,0.003081,47.92,96,2458903.66558,5.741614,5.741689,-0.07,-9999999,1.941096,0.111641,1.23339,0.991699,1.345923,0.5,899.9977,-32.66037,11.088323,2020-02-24T03:46:21.119,-9999999,M2,1102.C-0339(A),Bonfils,-9999999,HARPS_ech_obs_all,HARPS_ech_obs_wavesimult,STAR_WAVE_M4,9.11356634207776E-06,1.44036557506903E-06,1,0,0
GJ367,146.121045,-45.78148,2458903.8316692,-0.283684,1.533428,47913.560025,1.625971,-1.963255,0.911051,47916.497801,0.912188,-9.612768,0.894177,-33.240546,12.486788,46.103426,4.705668,0.823636,0.001447,0.219106,0.002329,0.244422,0.002669,0,3.10131,20.716438,0.003898,47.92,55.2,2458903.83166,5.436829,5.436918,0,-9999999,1.94115,0.416684,1.233445,0.996626,1.345992,0.5,899.9978,-33.27602,12.483471,2020-02-24T07:45:30.847,-9999999,M2,1102.C-0339(A),Bonfils,-9999999,HARPS_ech_obs_all,HARPS_ech_obs_wavesimult,STAR_WAVE_M4,9.29776135870711E-06,1.40757750756217E-06,1,0,0
GJ367,146.121045,-45.78148,2458910.5707926,0.084241,1.401471,47914.385831,0.990163,-1.745306,0.665386,47917.146357,0.541185,-8.930287,0.63217,-3.808056,7.141029,42.153155,4.893906,0.837113,0.001089,0.219732,0.001501,0.247179,0.001725,0,3.124046,21.09707,0.002878,47.92,79.7,2458910.57079,3.826838,3.826927,0.151,-9999999,1.943361,0.266709,1.233443,0.817165,0.829181,0.48,899.9979,-3.868409,7.139539,2020-03-02T01:30:00.034,-9999999,M2,1102.C-0339(A),Bonfils,-9999999,HARPS_ech_obs_all,HARPS_ech_obs_wavesimult,STAR_WAVE_M4,8.37857954079732E-06,1.23237303019997E-06,1,0,0
GJ367,146.121045,-45.78148,2458910.7567168,1.209587,1.407684,47915.036643,1.00072,-0.278484,0.678459,47917.802746,0.560405,-8.654899,0.654432,-10.158507,7.921239,41.441709,4.981552,0.83318,0.001067,0.220318,0.001505,0.250353,0.001754,0,3.107475,20.796671,-0.000678,47.92,78.3,2458910.75671,3.458618,3.458715,0.07,-9999999,1.943422,0.608184,1.233397,0.822681,0.829088,0.49,899.9978,-10.141633,7.917062,2020-03-02T05:57:34.684,-9999999,M2,1102.C-0339(A),Bonfils,-9999999,HARPS_ech_obs_all,HARPS_ech_obs_wavesimult,STAR_WAVE_M4,8.3963067968701E-06,1.2033595821315E-06,1,0,0
GJ367,146.121045,-45.78148,2458911.555968,1.837168,1.222875,47910.962197,0.98489,-0.695817,0.62816,47913.80123,0.498353,-8.230086,0.59717,-0.569714,17.678386,43.831271,4.737492,0.833201,0.001001,0.22095,0.001373,0.248555,0.001594,0,3.118155,21.020826,-0.001023,47.92,85.5,2458911.55597,3.549861,3.549957,0.024,-9999999,1.943684,-0.43673,1.049208,0.895349,0.849501,0.5,899.9978,-0.58142,17.671322,2020-03-03T01:08:20.182,-9999999,M2,1102.C-0339(A),Bonfils,-9999999,HARPS_ech_obs_all,HARPS_ech_obs_wavesimult,STAR_WAVE_M4,8.25044644149974E-06,2.04551106690968E-06,1,0,0
GJ367,146.121045,-45.78148,2458911.7066928,2.525382,1.226774,47913.748314,0.993439,0.269224,0.635854,47916.591867,0.515273,-6.831941,0.606302,6.53047,17.648311,42.352828,4.633955,0.837076,0.001045,0.220539,0.001433,0.250214,0.001651,0,3.124158,21.087317,0.000515,47.92,83.2,2458911.70669,3.249731,3.249826,-0.302,-9999999,1.943733,-0.159903,1.049125,0.89982,0.849361,0.49,899.9979,6.485352,17.652361,2020-03-03T04:45:31.660,-9999999,M2,1102.C-0339(A),Bonfils,-9999999,HARPS_ech_obs_all,HARPS_ech_obs_wavesimult,STAR_WAVE_M4,9.07207773039787E-06,1.25505528410525E-06,1,0,0
GJ367,146.121045,-45.78148,2458912.6837959,-3.440624,1.436316,47911.19064,1.488528,-5.829358,0.736044,47913.017841,0.63578,-12.238634,0.710765,-12.963652,10.670156,41.783644,5.060327,0.832148,0.001191,0.215674,0.001705,0.246178,0.001997,0,3.111596,20.951431,0.004742,47.92,70,2458912.68379,2.991749,2.991843,0.157,-9999999,1.944054,-0.292479,1.233387,-0.116853,1.345919,0.52,899.9978,-13.0189,10.658813,2020-03-04T04:12:05.472,-9999999,M2,1102.C-0339(A),Bonfils,-9999999,HARPS_ech_obs_all,HARPS_ech_obs_wavesimult,STAR_WAVE_M4,-9999999,-9999999,-9999999,-9999999,-9999999
GJ367,146.121045,-45.78148,2458912.8444324,-3.074772,1.540108,47909.857301,1.635293,-5.168475,0.922233,47911.689321,0.928681,-13.536862,0.903835,-20.689364,11.921459,44.263436,4.865275,0.829395,0.001445,0.221442,0.002339,0.248583,0.002718,0,3.097141,20.653318,-0.000747,47.92,54.6,2458912.84443,2.731421,2.731509,0,-9999999,1.944107,0.002552,1.233458,-0.112087,1.346007,0.51,899.9977,-20.701301,11.901856,2020-03-04T08:03:33.323,-9999999,M2,1102.C-0339(A),Bonfils,-9999999,HARPS_ech_obs_all,HARPS_ech_obs_wavesimult,STAR_WAVE_M4,8.04685193429905E-06,1.18355100437878E-06,1,0,0
GJ367,146.121045,-45.78148,2458913.6407082,-1.416083,1.466949,47910.148581,1.527502,-3.900382,0.794147,47911.933509,0.722306,-12.370361,0.768529,-26.902349,9.843488,41.943725,4.795476,0.831677,0.00133,0.219658,0.00197,0.251948,0.002309,0,3.123331,21.126553,0.003142,47.92,62.8,2458913.6407,2.776255,2.776346,0.289,-9999999,1.944368,-0.388043,1.233398,-0.15944,1.345933,0.52,899.9979,-26.944709,9.827939,2020-03-05T03:10:01.897,-9999999,M2,1102.C-0339(A),Bonfils,-9999999,HARPS_ech_obs_all,HARPS_ech_obs_wavesimult,STAR_WAVE_M4,8.22399424526175E-06,1.59902300094389E-06,1,0,0
GJ367,146.121045,-45.78148,2458913.8092965,-4.052982,1.504033,47906.408431,1.583204,-6.227645,0.860681,47908.198416,0.833608,-14.707356,0.845321,-22.390934,10.980363,45.360592,4.729764,0.83953,0.001391,0.230724,0.002268,0.250141,0.002556,0,3.10518,20.832526,0.005871,47.92,57.6,2458913.80929,2.468519,2.468615,0,-9999999,1.944423,-0.078408,1.233427,-0.154438,1.345969,0.49,899.9978,-22.393106,10.982128,2020-03-05T07:13:14.787,-9999999,M2,1102.C-0339(A),Bonfils,-9999999,HARPS_ech_obs_all,HARPS_ech_obs_wavesimult,STAR_WAVE_M4,8.34517370229907E-06,1.05845457342286E-06,1,0,0
GJ367,146.121045,-45.78148,2458914.613604,1.834496,1.151761,47916.202642,1.066541,0.106476,0.628672,47917.210791,0.506165,-8.145833,0.597328,-19.197336,11.187546,42.831496,4.583994,0.831066,0.001044,0.220043,0.001491,0.245987,0.001728,0,3.130342,21.389112,0.000222,47.92,80.6,2458914.6136,2.526996,2.527078,-0.881,-9999999,1.944687,0.368235,0.965052,-0.936538,0.938779,0.52,899.9979,-19.253191,11.187643,2020-03-06T02:30:59.362,-9999999,M2,1102.C-0339(A),Bonfils,-9999999,HARPS_ech_obs_all,HARPS_ech_obs_wavesimult,STAR_WAVE_M4,1.01791452328423E-05,5.81212436232821E-06,1,0,0
GJ367,146.121045,-45.78148,2458914.7673558,-4.442587,2.168214,47916.743992,3.054583,-5.88822,1.941611,47917.756752,2.906752,-14.157694,1.929962,21.736067,16.623952,51.937656,5.066862,0.832057,0.003233,0.239995,0.007039,0.240621,0.008021,0,3.108059,20.841852,-0.002256,47.92,25.5,2458914.76735,2.226021,2.226107,0.029,-9999999,1.944737,0.650622,0.965039,-0.931977,0.938761,0.31,899.9979,22.083044,16.564533,2020-03-06T06:15:32.400,-9999999,M2,1102.C-0339(A),Bonfils,-9999999,HARPS_ech_obs_all,HARPS_ech_obs_wavesimult,STAR_WAVE_M4,2.51566722653503E-05,8.53353210273848E-05,1,0,0
GJ367,146.121045,-45.78148,2458915.5762517,-2.650969,1.41263,47910.963452,1.467049,-5.187629,0.688587,47912.764352,0.583576,-11.91957,0.661777,-26.241849,7.464057,41.548559,4.738665,0.825021,0.001169,0.220638,0.001731,0.24733,0.001978,0,3.129452,21.376187,0.002233,47.92,71.4,2458915.57625,2.295865,2.295965,-0.324,-9999999,1.945003,-0.440405,1.233439,-0.144103,1.345983,0.52,899.9978,-26.353731,7.463392,2020-03-07T01:37:11.472,-9999999,M2,1102.C-0339(A),Bonfils,-9999999,HARPS_ech_obs_all,HARPS_ech_obs_wavesimult,STAR_WAVE_M4,8.84634906286246E-06,1.19114092447269E-06,1,0,0
GJ367,146.121045,-45.78148,2458915.7585737,-4.553257,1.452504,47911.497277,1.506391,-6.755057,0.767136,47913.303645,0.676521,-14.553685,0.742469,-21.894439,9.167242,42.255238,4.671344,0.836689,0.00126,0.221659,0.001908,0.249777,0.00222,0,3.117429,21.131623,0.000241,47.92,64.9,2458915.75856,1.936262,1.936351,0.013,-9999999,1.945062,-0.105545,1.233398,-0.138694,1.345933,0.49,899.9978,-21.894953,9.121661,2020-03-07T06:00:10.981,-9999999,M2,1102.C-0339(A),Bonfils,-9999999,HARPS_ech_obs_all,HARPS_ech_obs_wavesimult,STAR_WAVE_M4,8.18417682368274E-06,1.23743206621722E-06,1,0,0
GJ367,146.121045,-45.78148,2458916.5460086,0.361153,1.412872,47913.009439,1.463118,-2.241086,0.689032,47914.697758,0.573538,-8.761187,0.656463,-9.677854,11.492346,41.506691,4.794584,0.830138,0.00117,0.214349,0.00167,0.244261,0.001952,0,3.131911,21.452266,0.000261,47.92,72.1,2458916.546,2.046551,2.04665,0.646,-9999999,1.945321,-0.505983,1.233467,-0.257002,1.346019,0.49,899.9978,-9.692162,11.486215,2020-03-08T00:54:04.903,-9999999,M2,1102.C-0339(A),Bonfils,-9999999,HARPS_ech_obs_all,HARPS_ech_obs_wavesimult,STAR_WAVE_M4,7.50600969981914E-06,8.73166518815762E-07,1,0,0
GJ367,146.121045,-45.78148,2458916.7129735,0.417519,1.384574,47912.41558,1.436751,-1.878066,0.629129,47914.108906,0.502749,-9.93839,0.596439,-9.204283,11.638721,40.247602,4.480279,0.834894,0.001028,0.217353,0.00147,0.243572,0.00168,0,3.121168,21.284045,0.000605,47.92,81.6,2458916.71297,1.713585,1.71368,-0.027,-9999999,1.945375,-0.199329,1.233387,-0.252049,1.345919,0.51,899.9978,-9.246591,11.641867,2020-03-08T04:54:12.581,-9999999,M2,1102.C-0339(A),Bonfils,-9999999,HARPS_ech_obs_all,HARPS_ech_obs_wavesimult,STAR_WAVE_M4,8.23302040645993E-06,1.59833179472605E-06,1,0,0
GJ367,146.121045,-45.78148,2458917.5317349,0.514733,1.381248,47910.78284,1.433711,-2.171498,0.621583,47912.370718,0.493668,-11.248673,0.58468,-24.56464,8.757988,42.255596,4.493405,0.831088,0.001028,0.220105,0.001476,0.247356,0.001711,0,3.128383,21.414389,0.001963,47.92,82,2458917.53173,1.766453,1.766539,0.182,-9999999,1.945644,-0.589976,1.233483,-0.357766,1.346039,0.51,899.9978,-24.621298,8.750703,2020-03-09T00:33:13.164,-9999999,M2,1102.C-0339(A),Bonfils,-9999999,HARPS_ech_obs_all,HARPS_ech_obs_wavesimult,STAR_WAVE_M4,8.35912966042115E-06,1.17640174324458E-06,1,0,0
GJ367,146.121045,-45.78148,2458917.6916025,-1.855063,1.400917,47911.614661,1.454369,-4.247675,0.664323,47913.207333,0.551083,-11.477223,0.637908,-29.086177,8.053856,42.644538,4.70361,0.83304,0.001112,0.220175,0.001621,0.244664,0.001851,0,3.126121,21.29253,0.002115,47.92,75.3,2458917.69159,1.450211,1.450298,0.31,-9999999,1.945696,-0.296357,1.233386,-0.353024,1.345918,0.48,899.9978,-29.157711,8.048859,2020-03-09T04:23:52.650,-9999999,M2,1102.C-0339(A),Bonfils,-9999999,HARPS_ech_obs_all,HARPS_ech_obs_wavesimult,STAR_WAVE_M4,8.24120119419069E-06,1.18130467296287E-06,1,0,0
GJ367,146.121045,-45.78148,2458918.642039,-1.741071,1.362044,47913.532174,1.417858,-4.364207,0.577836,47915.058233,0.445856,-10.38878,0.538095,-19.439756,11.420652,40.609709,4.629488,0.841356,0.000938,0.222771,0.001305,0.251383,0.001515,0,3.132534,21.453147,0.001582,47.92,90.3,2458918.64203,1.246284,1.246374,-0.448,-9999999,1.946008,-0.52688,1.233398,-0.419949,1.345932,0.49,899.9978,-19.430901,11.403089,2020-03-10T03:12:20.985,-9999999,M2,1102.C-0339(A),Bonfils,-9999999,HARPS_ech_obs_all,HARPS_ech_obs_wavesimult,STAR_WAVE_M4,8.18198248461141E-06,9.56192328150195E-07,1,0,0
GJ367,146.121045,-45.78148,2458918.7976157,0.427338,1.552756,47914.91469,1.659443,-1.91006,0.943254,47916.445415,0.970642,-9.752119,0.923647,-17.581401,12.315204,47.619003,4.871792,0.824391,0.001567,0.218941,0.002597,0.243372,0.003001,0,3.110037,21.070847,0.006821,47.92,51.4,2458918.79761,0.967083,0.967173,0,-9999999,1.946059,-0.241142,1.233419,-0.415334,1.345959,0.58,899.9979,-17.551206,12.312055,2020-03-10T06:55:01.761,-9999999,M2,1102.C-0339(A),Bonfils,-9999999,HARPS_ech_obs_all,HARPS_ech_obs_wavesimult,STAR_WAVE_M4,1.19837175741841E-05,2.52179575786154E-06,1,0,0
GJ367,146.121045,-45.78148,2458924.6808434,-2.55106,1.396816,47912.088089,1.449291,-5.815055,0.655629,47913.256244,0.537535,-12.539154,0.627354,-13.514685,10.219677,41.527235,4.729349,0.84676,0.001078,0.216385,0.00155,0.249009,0.0018,0,3.119866,21.213946,0.00427,47.92,77.2,2458924.68084,-0.670156,-0.670083,-0.182,-9999999,1.947989,-1.16774,1.233387,-0.779834,1.34592,0.49,899.9981,-13.450437,10.19998,2020-03-16T04:08:13.090,-9999999,M2,1102.C-0339(F),UNKNOWN,-9999999,HARPS_ech_obs_all,HARPS_ech_obs_wavesimult,STAR_WAVE_M4,9.29696643656723E-06,1.03538243950478E-06,1,0,0
GJ367,146.121045,-45.78148,2458925.668854,-0.587174,1.403958,47913.446603,1.455765,-3.991108,0.670707,47914.62254,0.554748,-11.775448,0.639552,-26.096328,8.743645,41.522268,4.734109,0.849377,0.001111,0.219564,0.001605,0.250192,0.00186,0,3.118703,21.219506,0.002415,47.92,75.3,2458925.66885,-0.952665,-0.952591,0.295,-9999999,1.948313,-1.307679,1.23339,-0.772376,1.345922,0.49,899.9981,-26.169939,8.751257,2020-03-17T03:50:57.407,-9999999,M2,1102.C-0339(F),UNKNOWN,-9999999,HARPS_ech_obs_all,HARPS_ech_obs_wavesimult,STAR_WAVE_M4,9.47368919755791E-06,1.50403056048617E-06,1,0,0
GJ367,146.121045,-45.78148,2458926.6865802,1.418638,1.405415,47916.292361,1.138773,-2.062983,0.673757,47917.097374,0.559283,-9.689681,0.647092,4.292708,10.478749,41.937755,4.554331,0.845938,0.001104,0.217174,0.001579,0.246833,0.00187,0,3.117898,21.144172,0.004391,47.92,75.2,2458926.68658,-1.293397,-1.293331,-0.84,-9999999,1.948647,-1.385366,1.233387,-1.143634,0.991971,0.48,899.9981,4.308595,10.464422,2020-03-18T04:16:38.251,-9999999,M2,1102.C-0339(F),UNKNOWN,-9999999,HARPS_ech_obs_all,HARPS_ech_obs_wavesimult,STAR_WAVE_M4,9.84886109809937E-06,1.72594548306341E-06,1,0,0
GJ367,146.121045,-45.78148,2458927.7557521,2.34238,1.459406,47914.639778,1.441818,-1.095619,0.780127,47915.237185,0.703988,-8.715953,0.763951,-22.491254,10.924962,41.837499,4.937126,0.84409,0.00125,0.212247,0.001922,0.244204,0.002229,0,3.101966,20.897158,-0.000629,47.92,63.9,2458927.75575,-1.71532,-1.715239,-0.344,-9999999,1.948997,-1.341744,1.233397,-1.35159,1.258269,0.52,899.9978,-22.567699,10.930887,2020-03-19T05:55:39.119,-9999999,M2,1102.C-0339(F),UNKNOWN,-9999999,HARPS_ech_obs_all,HARPS_ech_obs_wavesimult,STAR_WAVE_M4,8.98093418529197E-06,1.0316853455244E-06,1,0,0
GJ367,146.121045,-45.78148,2458928.651594,1.783775,1.418457,47915.654547,1.47096,-2.013598,0.700542,47916.606174,0.593465,-9.448225,0.670995,-19.107709,11.010027,41.295398,4.742618,0.844486,0.001184,0.219587,0.0017,0.248884,0.001986,0,3.122951,21.33534,0.001579,47.92,71.1,2458928.65159,-1.835199,-1.835109,0.207,-9999999,1.949291,-1.701118,1.233394,-0.997664,1.345928,0.51,899.9981,-19.201167,11.01079,2020-03-20T03:25:49.274,-9999999,M2,1102.C-0339(F),UNKNOWN,-9999999,HARPS_ech_obs_all,HARPS_ech_obs_wavesimult,STAR_WAVE_M4,8.32245224345678E-06,9.94660459560192E-07,1,0,0
GJ367,146.121045,-45.78148,2458929.6929892,4.66995,1.557595,47917.658396,1.684197,0.905787,0.951241,47918.591939,1.012434,-7.459608,0.938056,-23.218087,10.399777,42.600562,4.870368,0.845346,0.001655,0.218852,0.002605,0.253175,0.003087,0,3.114387,21.186798,-0.002379,47.92,50.1,2458929.69298,-2.220084,-2.220002,-0.035,-9999999,1.949633,-1.667908,1.233386,-1.01609,1.345918,0.51,899.9981,-23.23383,10.395497,2020-03-21T04:25:26.400,-9999999,M2,1102.C-0339(F),UNKNOWN,-9999999,HARPS_ech_obs_all,HARPS_ech_obs_wavesimult,STAR_WAVE_M4,-9999999,-9999999,-9999999,-9999999,-9999999
GJ367,146.121045,-45.78148,2458930.7290675,6.740793,1.620885,47921.45036,1.727916,3.054741,1.051674,47921.667637,1.190777,-4.305371,1.043249,-7.531974,10.280117,42.673644,4.701306,0.842114,0.001764,0.219968,0.00297,0.242094,0.003442,0,3.102057,21.001722,0.002367,47.92,45.7,2458930.72906,-2.584896,-2.584814,-0.08,-9999999,1.949973,-1.589797,1.233389,-1.732696,1.252095,0.52,1199.9981,-7.677759,10.293794,2020-03-22T05:14:39.231,-9999999,M2,1102.C-0339(F),UNKNOWN,-9999999,HARPS_ech_obs_all,HARPS_ech_obs_wavesimult,STAR_WAVE_M4,8.75395782958949E-06,1.35815564319762E-06,1,0,0
GJ367,146.121045,-45.78148,2458931.7132505,6.627749,1.309093,47914.58214,1.377777,3.205323,0.961004,47915.883747,1.005393,-5.820781,0.94197,-22.333536,9.253713,42.045215,4.635308,0.852789,0.001637,0.223188,0.002625,0.249842,0.003106,0,3.115018,21.099703,-0.000371,47.92,50.4,2458931.71325,-2.861143,-2.861062,0.372,-9999999,1.950296,-1.326171,0.88893,-0.648689,0.942047,0.51,899.9981,-22.400759,9.253794,2020-03-23T04:54:38.359,-9999999,M2,1102.C-0339(F),UNKNOWN,-9999999,HARPS_ech_obs_all,HARPS_ech_obs_wavesimult,STAR_WAVE_M4,8.49780441947045E-06,1.99158415039416E-06,1,0,0
GJ367,146.121045,-45.78148,2459162.8178531,5.2323,1.446585,47917.431519,1.487541,2.425818,0.75581,47918.593365,0.633344,-5.037214,0.733607,-13.440165,11.960338,46.84593,4.75668,0.838918,0.001244,0.23336,0.001863,0.254766,0.002117,0,3.132574,21.339189,0.005939,47.92,67.9,2459162.81785,14.587034,14.586942,-0.951,-9999999,2.026099,-0.710227,1.233434,-0.864253,1.345977,0.51,899.9966,-13.567166,11.961238,2020-11-09T07:32:50.441,-9999999,M2,106.21TJ.001,UNKNOWN,-9999999,HARPS_ech_obs_all,HARPS_ech_obs_wavesimult,STAR_WAVE_M1,1.15747304738601E-05,1.46350241313054E-06,1,0,0
GJ367,146.121045,-45.78148,2459163.8326749,5.013363,1.437477,47916.64112,1.48058,2.159878,0.738208,47917.706843,0.616782,-5.981213,0.715617,-33.868162,8.829711,48.396627,4.556397,0.836668,0.001212,0.23426,0.001792,0.252746,0.002047,0,3.135231,21.279967,0.003381,47.92,69.3,2459163.83267,14.747341,14.747255,0.479,-9999999,2.026432,-0.75723,1.233446,-0.960709,1.345993,0.5,899.9966,-33.999396,8.828035,2020-11-10T07:54:15.816,-9999999,M2,106.21TJ.001,UNKNOWN,-9999999,HARPS_ech_obs_all,HARPS_ech_obs_wavesimult,STAR_WAVE_M1,9.71737518867206E-06,1.56790021379717E-06,1,0,0
GJ367,146.121045,-45.78148,2459168.7971781,4.420721,1.72205,47916.600681,1.942195,1.42045,1.201722,47917.466538,1.400185,-6.544849,1.19053,-14.542712,15.857408,51.701401,4.544499,0.880545,0.002017,0.26749,0.003512,0.277543,0.004003,0,3.132039,21.158329,-0.003959,47.92,41.5,2459168.79717,15.589567,15.589506,0.387,-9999999,2.02806,-0.904015,1.233419,-1.162203,1.345958,0.51,899.9966,-14.519431,15.863059,2020-11-15T07:02:38.489,-9999999,M2,106.21TJ.001,UNKNOWN,-9999999,HARPS_ech_obs_all,HARPS_ech_obs_wavesimult,STAR_WAVE_M1,1.08895922304348E-05,1.88276610299156E-06,1,0,0
GJ367,146.121045,-45.78148,2459168.8509362,7.041652,1.595799,47920.389055,1.711536,4.140115,1.012492,47921.256524,1.057165,-3.611433,1.000385,5.013798,16.1885,52.859054,4.638375,0.854385,0.001695,0.24261,0.002753,0.266698,0.003191,0,3.132414,21.193279,0.005989,47.92,49.2,2459168.85093,15.530301,15.530243,0.343,-9999999,2.028078,-0.805281,1.233464,-1.160609,1.346015,0.48,899.9966,4.913384,16.197304,2020-11-15T08:20:29.953,-9999999,M2,106.21TJ.001,UNKNOWN,-9999999,HARPS_ech_obs_all,HARPS_ech_obs_wavesimult,STAR_WAVE_M1,1.85392061732431E-05,1.31756679011904E-05,1,0,0
GJ367,146.121045,-45.78148,2459169.8077167,5.423188,1.570043,47920.861982,1.660783,2.504375,0.97144,47921.804639,0.972919,-5.660054,0.955537,-24.666045,11.302994,52.023879,4.624823,0.894215,0.001651,0.265176,0.002674,0.28217,0.003101,0,3.130332,21.17081,0.000496,47.92,51.7,2459169.80771,15.727075,15.727019,0.38,-9999999,2.028392,-0.822557,1.233426,-1.085735,1.345967,0.48,899.9967,-24.680026,11.308845,2020-11-16T07:18:11.531,-9999999,M2,106.21TJ.001,UNKNOWN,-9999999,HARPS_ech_obs_all,HARPS_ech_obs_wavesimult,STAR_WAVE_M1,2.29930014573016E-05,9.29878435372215E-06,1,0,0
GJ367,146.121045,-45.78148,2459169.8601394,4.071897,1.542007,47919.042108,1.617072,1.249366,0.925379,47919.986337,0.896177,-7.580589,0.909224,-17.757549,12.981017,53.246754,4.609614,0.891338,0.001571,0.260159,0.002485,0.279529,0.002852,0,3.131784,21.197469,0.004023,47.92,54.3,2459169.86013,15.664017,15.663952,0.592,-9999999,2.028409,-0.726276,1.233474,-1.08418,1.346027,0.49,899.9967,-17.768969,12.984799,2020-11-16T08:33:31.618,-9999999,M2,106.21TJ.001,UNKNOWN,-9999999,HARPS_ech_obs_all,HARPS_ech_obs_wavesimult,STAR_WAVE_M1,1.41223386590543E-05,1.966764758475E-06,1,0,0
GJ367,146.121045,-45.78148,2459170.8399121,7.895213,1.916333,47922.476241,2.301683,4.793622,1.466604,47922.989146,1.86709,-4.079345,1.449097,-7.091827,17.28942,53.287047,4.7536,0.846117,0.002359,0.246905,0.004313,0.2585,0.005086,0,3.129636,21.117235,0.002254,47.92,34.8,2459170.83991,15.831983,15.831916,0.499,-9999999,2.02873,-1.005336,1.233453,-1.515825,1.346001,0.48,899.9966,-7.046847,17.297948,2020-11-17T08:04:28.580,-9999999,M2,106.21TJ.001,UNKNOWN,-9999999,HARPS_ech_obs_all,HARPS_ech_obs_wavesimult,STAR_WAVE_M1,-9999999,-9999999,-9999999,-9999999,-9999999
GJ367,146.121045,-45.78148,2459172.8121562,2.616592,1.494057,47916.085462,1.545644,-0.295075,0.843125,47916.915266,0.759852,-7.186428,0.819107,-14.670495,12.693805,49.80618,4.882617,0.847571,0.001402,0.239163,0.002175,0.258382,0.002458,0,3.134049,21.303925,0.001525,47.92,59.9,2459172.81215,16.133096,16.133034,-1.436,-9999999,2.029377,-0.815412,1.233429,-1.199573,1.345972,0.51,899.9967,-14.674545,12.693084,2020-11-19T07:23:54.487,-9999999,M2,106.21TJ.001,UNKNOWN,-9999999,HARPS_ech_obs_all,HARPS_ech_obs_wavesimult,STAR_WAVE_M1,8.24239790062973E-06,1.1597423980476E-06,1,0,0
GJ367,146.121045,-45.78148,2459173.8438412,3.145483,1.470664,47918.004849,1.516097,0.183907,0.800897,47918.846108,0.697723,-6.524547,0.7768,-12.551131,9.393003,49.215371,4.597139,0.855937,0.001333,0.240611,0.002035,0.261938,0.00231,0,3.136723,21.345132,0.001839,47.92,63.4,2459173.84384,16.219675,16.219608,0.733,-9999999,2.029716,-0.865321,1.233457,-1.188457,1.346006,0.52,899.9967,-12.561787,9.396154,2020-11-20T08:09:18.318,-9999999,M2,106.21TJ.001,UNKNOWN,-9999999,HARPS_ech_obs_all,HARPS_ech_obs_wavesimult,STAR_WAVE_M1,1.01909200537395E-05,1.49055788512738E-06,1,0,0
GJ367,146.121045,-45.78148,2459174.8216289,6.335931,1.462073,47917.712335,1.50756,3.350279,0.785042,47918.600756,0.679023,-4.669283,0.763272,-20.120279,14.496947,49.166186,4.407414,0.862468,0.001305,0.242623,0.001962,0.260723,0.002241,0,3.130779,21.285711,0.000959,47.92,64.9,2459174.82162,16.369628,16.369571,0.546,-9999999,2.030036,-0.889397,1.233437,-1.141615,1.345981,0.51,899.9966,-20.172373,14.499924,2020-11-21T07:37:23.629,-9999999,M2,106.21TJ.001,UNKNOWN,-9999999,HARPS_ech_obs_all,HARPS_ech_obs_wavesimult,STAR_WAVE_M1,1.06280895419095E-05,1.78317657965722E-06,1,0,0
GJ367,146.121045,-45.78148,2459175.8457166,2.380116,1.45908,47915.65171,1.417114,-0.38402,0.779419,47916.651974,0.671116,-8.384238,0.757051,-18.76297,9.980177,48.891575,4.591462,0.850773,0.001315,0.241659,0.001952,0.260124,0.002235,0,3.135717,21.402676,0.0035,47.92,65.1,2459175.84572,16.453303,16.453226,-0.035,-9999999,2.030372,-0.667881,1.233459,-1.030108,1.248125,0.51,899.9967,-18.787883,9.97885,2020-11-22T08:12:00.012,-9999999,M2,106.21TJ.001,UNKNOWN,-9999999,HARPS_ech_obs_all,HARPS_ech_obs_wavesimult,STAR_WAVE_M1,9.90060544651399E-06,1.28832654506657E-06,1,0,0
GJ367,146.121045,-45.78148,2459176.763404,2.616575,1.486493,47915.235345,1.535678,-0.279223,0.82969,47916.336143,0.739435,-8.484865,0.807873,-22.593581,11.743719,49.132011,4.780429,0.844988,0.00137,0.235475,0.002079,0.25227,0.002405,0,3.131839,21.250447,0.004961,47.92,61.2,2459176.76339,16.658454,16.658398,-0.509,-9999999,2.030673,-0.799543,1.2334,-0.929875,1.345935,0.52,899.9966,-22.545188,11.742714,2020-11-23T06:13:14.874,-9999999,M2,106.21TJ.001,UNKNOWN,-9999999,HARPS_ech_obs_all,HARPS_ech_obs_wavesimult,STAR_WAVE_M1,1.28557479959444E-05,2.09213577428949E-06,1,0,0
GJ367,146.121045,-45.78148,2459177.7731781,1.287837,1.483138,47915.00579,1.526408,-1.590009,0.823658,47916.107209,0.719976,-9.344958,0.800579,-3.677201,15.015277,48.691674,4.670462,0.845965,0.001357,0.230978,0.002045,0.253896,0.002335,0,3.131127,21.311709,0.001568,47.92,62.3,2459177.77317,16.757438,16.757382,0.322,-9999999,2.031004,-0.781591,1.233405,-0.929585,1.345941,0.5,899.9967,-3.598044,15.012232,2020-11-24T06:27:32.569,-9999999,M2,106.21TJ.001,UNKNOWN,-9999999,HARPS_ech_obs_all,HARPS_ech_obs_wavesimult,STAR_WAVE_M1,1.35235717081911E-05,2.10543983228989E-06,1,0,0
GJ367,146.121045,-45.78148,2459177.800179,3.578664,1.470961,47918.519504,1.513626,0.750408,0.801498,47919.621733,0.692425,-7.633035,0.777016,-11.226491,14.325342,48.2379,4.342773,0.852185,0.001336,0.230446,0.001978,0.25607,0.002271,0,3.137174,21.361007,0.001875,47.92,63.9,2459177.80018,16.729283,16.729228,-0.029,-9999999,2.031013,-0.732,1.233421,-0.928784,1.345961,0.49,899.9967,-11.152223,14.323826,2020-11-24T07:06:34.313,-9999999,M2,106.21TJ.001,UNKNOWN,-9999999,HARPS_ech_obs_all,HARPS_ech_obs_wavesimult,STAR_WAVE_M1,8.69702962720442E-06,1.33528431373387E-06,1,0,0
GJ367,146.121045,-45.78148,2459178.7412432,0.424195,1.550781,47912.196357,1.62304,-2.386783,0.940035,47913.399446,0.907053,-10.450676,0.922198,-14.846351,16.370517,47.911715,4.764427,0.847728,0.001551,0.234682,0.002457,0.255109,0.002799,0,3.125927,21.249304,0.006249,47.92,53.7,2459178.74123,16.8853,16.885249,0.205,-9999999,2.031322,-0.714723,1.233392,-0.828233,1.345925,0.49,899.9967,-14.900003,16.366983,2020-11-25T05:41:37.767,-9999999,M2,106.21TJ.001,UNKNOWN,-9999999,HARPS_ech_obs_all,HARPS_ech_obs_wavesimult,STAR_WAVE_M1,1.03578489899427E-05,2.08410625488853E-06,1,0,0
GJ367,146.121045,-45.78148,2459178.7963449,0.352761,1.614728,47913.317001,1.722072,-2.357015,1.042126,47914.521743,1.074211,-9.849868,1.022569,-8.640612,15.219408,47.467598,4.578207,0.846798,0.001743,0.236232,0.002815,0.252505,0.003197,0,3.133051,21.28096,0.000142,47.92,48.4,2459178.79634,16.835236,16.835178,0.292,-9999999,2.03134,-0.613521,1.233418,-0.826598,1.345958,0.53,899.9967,-8.80608,15.208425,2020-11-25T07:00:22.288,-9999999,M2,106.21TJ.001,UNKNOWN,-9999999,HARPS_ech_obs_all,HARPS_ech_obs_wavesimult,STAR_WAVE_M1,9.8275875374943E-06,1.96480352879017E-06,1,0,0
GJ367,146.121045,-45.78148,2459178.82692,0.531193,1.49518,47913.736841,1.543467,-2.122428,0.845095,47914.9425,0.755388,-9.38767,0.820933,-13.27154,14.849482,48.195826,4.552606,0.848782,0.001408,0.238386,0.002152,0.253818,0.002425,0,3.135226,21.306366,0.001091,47.92,60.4,2459178.82691,16.796553,16.796504,0.189,-9999999,2.03135,-0.557366,1.233441,-0.825691,1.345987,0.5,899.9967,-13.219824,14.841818,2020-11-25T07:44:50.832,-9999999,M2,106.21TJ.001,UNKNOWN,-9999999,HARPS_ech_obs_all,HARPS_ech_obs_wavesimult,STAR_WAVE_M1,1.11682095324306E-05,1.70378748220316E-06,1,0,0
GJ367,146.121045,-45.78148,2459179.7593739,-1.001818,1.459968,47911.991246,1.502321,-3.783921,0.781176,47913.164315,0.667407,-10.437944,0.756658,-8.002487,11.895072,48.135227,4.528011,0.854913,0.001296,0.231845,0.001921,0.259805,0.002204,0,3.132056,21.274827,0.004009,47.92,65.7,2459179.75937,16.969548,16.969504,0.449,-9999999,2.031656,-0.685847,1.233398,-0.858587,1.345933,0.5,899.9966,-8.030883,11.885977,2020-11-26T06:07:30.364,-9999999,M2,106.21TJ.001,UNKNOWN,-9999999,HARPS_ech_obs_all,HARPS_ech_obs_wavesimult,STAR_WAVE_M1,1.09473462512138E-05,1.62081167274423E-06,1,0,0
GJ367,146.121045,-45.78148,2459179.8025316,1.058896,1.463115,47914.740103,1.505554,-1.643942,0.787004,47915.914466,0.674594,-8.690994,0.761431,-10.54914,12.826683,47.024153,4.682469,0.854873,0.001327,0.233564,0.001956,0.258963,0.002236,0,3.139353,21.374408,0.003692,47.92,65,2459179.80252,16.924349,16.924301,0.225,-9999999,2.03167,-0.606582,1.233422,-0.857307,1.345963,0.5,899.9967,-10.579304,12.823157,2020-11-26T07:09:38.978,-9999999,M2,106.21TJ.001,UNKNOWN,-9999999,HARPS_ech_obs_all,HARPS_ech_obs_wavesimult,STAR_WAVE_M1,1.1105812452124E-05,1.51594965854381E-06,1,0,0
GJ367,146.121045,-45.78148,2459180.7707997,-3.323993,1.094902,47909.9427,1.506249,-5.999928,0.789931,47911.131866,0.67619,-12.896207,0.767061,-25.791985,13.98159,49.179113,4.672041,0.841026,0.001293,0.22729,0.001929,0.255248,0.002216,0,3.133882,21.254002,0.00286,47.92,65.1,2459180.77079,17.051381,17.051332,0.401,-9999999,2.031988,-0.579679,0.758169,-0.842822,1.345939,0.5,899.9966,-25.840599,13.974637,2020-11-27T06:23:52.663,-9999999,M2,106.21TJ.001,UNKNOWN,-9999999,HARPS_ech_obs_all,HARPS_ech_obs_wavesimult,STAR_WAVE_M1,1.3260328955942E-05,1.97047165982211E-06,1,0,0
GJ367,146.121045,-45.78148,2459180.8046574,-1.466896,1.081387,47910.328948,1.498989,-4.080646,0.771057,47911.51913,0.659809,-10.986719,0.74828,-28.181803,14.330601,47.885852,4.60308,0.848453,0.001293,0.232487,0.001914,0.25656,0.002184,0,3.13253,21.340924,0.004898,47.92,66.1,2459180.80465,17.013035,17.012987,0.387,-9999999,2.031999,-0.517495,0.758202,-0.841817,1.345965,0.48,899.9967,-28.155267,14.322636,2020-11-27T07:12:55.801,-9999999,M2,106.21TJ.001,UNKNOWN,-9999999,HARPS_ech_obs_all,HARPS_ech_obs_wavesimult,STAR_WAVE_M1,1.05680803105955E-05,1.67439713770497E-06,1,0,0
GJ367,146.121045,-45.78148,2459181.773394,0.63399,1.463855,47913.72886,1.507415,-1.953351,0.788406,47914.984235,0.678781,-9.404219,0.765255,-25.244711,12.141449,47.539035,4.415569,0.844282,0.0013,0.230518,0.001926,0.255858,0.002233,0,3.132041,21.310814,0.002797,47.92,64.8,2459181.77338,17.135893,17.135853,0.181,-9999999,2.032317,-0.491086,1.233405,-0.776942,1.345941,0.5,899.9967,-25.331299,12.138863,2020-11-28T06:27:31.936,-9999999,M2,106.21TJ.001,UNKNOWN,-9999999,HARPS_ech_obs_all,HARPS_ech_obs_wavesimult,STAR_WAVE_M1,8.76323591333113E-06,1.46776167670421E-06,1,0,0
GJ367,146.121045,-45.78148,2459182.780894,-1.059732,1.443183,47912.628092,1.483159,-3.556062,0.74932,47913.954559,0.623048,-10.792431,0.726762,-23.120156,10.278047,47.356062,4.716572,0.845531,0.001225,0.232259,0.001798,0.252417,0.00206,0,3.132697,21.293114,0.000329,47.92,69,2459182.78089,17.209719,17.209676,-0.191,-9999999,2.032647,-0.400075,1.233409,-0.70618,1.345946,0.51,899.9967,-23.178352,10.272131,2020-11-29T06:38:06.013,-9999999,M2,106.21TJ.001,UNKNOWN,-9999999,HARPS_ech_obs_all,HARPS_ech_obs_wavesimult,STAR_WAVE_M1,8.81891963698922E-06,1.85351433935965E-06,1,0,0
GJ367,146.121045,-45.78148,2459183.7672518,-2.006703,1.433216,47910.64949,1.47347,-4.46546,0.729951,47911.521389,0.599639,-12.218703,0.705454,-12.256641,11.511077,47.429896,4.538927,0.837976,0.001205,0.223538,0.001713,0.248873,0.002013,0,3.134857,21.357023,0.005627,47.92,70.9,2459183.76725,17.301622,17.301594,0.328,-9999999,2.032971,-0.362501,1.233402,-1.161072,1.345937,0.51,899.9966,-12.304636,11.510844,2020-11-30T06:18:22.484,-9999999,M2,106.21TJ.001,UNKNOWN,-9999999,HARPS_ech_obs_all,HARPS_ech_obs_wavesimult,STAR_WAVE_M1,8.90820785043578E-06,1.60717128568376E-06,1,0,0
GJ367,146.121045,-45.78148,2459183.8425421,-1.196969,1.482096,47910.949962,1.530622,-3.517445,0.821703,47911.824118,0.72875,-11.381769,0.802213,-28.046109,12.175035,46.514969,4.447608,0.844743,0.001388,0.22766,0.002033,0.252893,0.002364,0,3.137466,21.394245,0.004737,47.92,61.6,2459183.84254,17.201839,17.201802,0.106,-9999999,2.032995,-0.22422,1.233456,-1.158839,1.346005,0.5,899.9966,-28.12868,12.17223,2020-11-30T08:06:56.189,-9999999,M2,106.21TJ.001,UNKNOWN,-9999999,HARPS_ech_obs_all,HARPS_ech_obs_wavesimult,STAR_WAVE_M1,1.02932384146999E-05,1.5111585765858E-06,1,0,0
GJ367,146.121045,-45.78148,2459184.7504394,1.150202,1.377656,47913.417909,1.461034,-0.036008,0.864313,47916.552987,0.787141,-8.399757,0.845766,0.573863,12.727986,48.641744,4.75316,0.840791,0.001444,0.230503,0.00217,0.248918,0.002526,0,3.130393,21.322721,0.002641,47.92,58.7,2459184.75044,17.390615,17.390581,0.266,-9999999,2.033293,0.910046,1.0728,1.101785,1.230865,0.49,899.9966,0.628976,12.72511,2020-12-01T05:54:23.040,-9999999,M2,106.21TJ.001,UNKNOWN,-9999999,HARPS_ech_obs_all,HARPS_ech_obs_wavesimult,STAR_WAVE_M1,8.56345481789349E-06,1.23824492334337E-06,1,0,0
GJ367,146.121045,-45.78148,2459184.8244687,-2.297477,1.413108,47912.67411,1.510138,-3.347722,0.91971,47915.811408,0.874836,-11.082087,0.900637,-5.654981,11.691296,47.332968,4.666644,0.835873,0.001556,0.228638,0.00235,0.254685,0.002772,0,3.135776,21.381913,-0.002904,47.92,54.8,2459184.82446,17.299929,17.299913,0.377,-9999999,2.033317,1.046011,1.072851,1.103981,1.230926,0.53,899.9967,-5.72005,11.684169,2020-12-01T07:40:22.807,-9999999,M2,106.21TJ.001,UNKNOWN,-9999999,HARPS_ech_obs_all,HARPS_ech_obs_wavesimult,STAR_WAVE_M1,1.14834195917436E-05,2.06770873017167E-06,1,0,0
GJ367,146.121045,-45.78148,2459185.7467106,-1.412889,1.501889,47911.286577,1.419783,-3.741838,0.856977,47912.628362,0.780162,-11.742651,0.836951,-12.539591,10.936103,47.349835,4.804012,0.836594,0.001413,0.232458,0.002162,0.255019,0.002497,0,3.129998,21.268664,0.002371,47.92,59,2459185.7467,17.461755,17.461729,0.108,-9999999,2.03362,-0.232694,1.233394,-0.691835,1.186226,0.5,899.9967,-12.507257,10.924027,2020-12-02T05:48:46.932,-9999999,M2,106.21TJ.001,UNKNOWN,-9999999,HARPS_ech_obs_all,HARPS_ech_obs_wavesimult,STAR_WAVE_M1,9.41725393992346E-06,1.37733053022977E-06,1,0,0
GJ367,146.121045,-45.78148,2459185.836445,-1.657879,1.474741,47912.353697,1.381384,-3.822018,0.808371,47913.698173,0.707744,-11.258557,0.784468,-17.289584,11.090343,46.930225,4.638835,0.840945,0.001361,0.233031,0.002011,0.25077,0.002335,0,3.136451,21.403211,0.001452,47.92,62.8,2459185.83644,17.347405,17.347374,0.086,-9999999,2.033649,-0.067884,1.23345,-0.689173,1.186305,0.49,899.9967,-17.349898,11.081117,2020-12-02T07:58:08.541,-9999999,M2,106.21TJ.001,UNKNOWN,-9999999,HARPS_ech_obs_all,HARPS_ech_obs_wavesimult,STAR_WAVE_M1,7.81894389868451E-06,1.17984613145739E-06,1,0,0
GJ367,146.121045,-45.78148,2459188.7083307,-6.301881,1.592377,47908.754454,1.689589,-8.490401,1.007186,47909.98828,1.021379,-15.956016,0.988598,-19.349532,16.446511,46.053233,4.470912,0.839371,0.001712,0.226902,0.00269,0.255214,0.003103,0,3.13469,21.4068,-0.001971,47.92,50.2,2459188.70833,17.666172,17.666142,0.094,-9999999,2.034591,-0.092265,1.233386,-0.800765,1.345918,0.5,899.9966,-19.377752,16.417379,2020-12-05T04:53:16.129,-9999999,M2,106.21TJ.001,UNKNOWN,-9999999,HARPS_ech_obs_all,HARPS_ech_obs_wavesimult,STAR_WAVE_M1,1.14790003058544E-05,2.2652114800613E-06,1,0,0
GJ367,146.121045,-45.78148,2459188.7456317,-4.854172,1.497868,47909.45998,1.550596,-6.974183,0.849912,47910.694924,0.769953,-14.841226,0.825744,-10.074508,12.854831,45.998978,4.461195,0.842206,0.001456,0.228486,0.00217,0.258798,0.00251,0,3.13984,21.432132,0.004816,47.92,59.9,2459188.74562,17.635661,17.635635,0.309,-9999999,2.034603,-0.023756,1.233393,-0.799659,1.345927,0.51,899.9967,-10.051768,12.833936,2020-12-05T05:46:49.745,-9999999,M2,106.21TJ.001,UNKNOWN,-9999999,HARPS_ech_obs_all,HARPS_ech_obs_wavesimult,STAR_WAVE_M1,1.05555490454506E-05,1.61212120644965E-06,1,0,0
GJ367,146.121045,-45.78148,2459188.8466875,-3.944866,1.549202,47910.124624,1.625038,-5.879275,0.937339,47911.3626,0.910498,-13.918615,0.914637,-13.829172,13.682864,46.600982,4.637788,0.843813,0.001628,0.231756,0.002494,0.253934,0.002855,0,3.143575,21.491646,0.002314,47.92,53.7,2459188.84668,17.497194,17.49716,0.482,-9999999,2.034637,0.161847,1.23346,-0.796661,1.34601,0.51,899.9967,-13.758828,13.644703,2020-12-05T08:12:20.459,-9999999,M2,106.21TJ.001,UNKNOWN,-9999999,HARPS_ech_obs_all,HARPS_ech_obs_wavesimult,STAR_WAVE_M1,1.21488249351587E-05,2.17538369091809E-06,1,0,0
GJ367,146.121045,-45.78148,2459189.7573658,-6.755579,1.531971,47907.495844,1.597249,-8.631456,0.908662,47909.050834,0.860041,-15.608502,0.885609,-30.045369,14.051866,45.539149,4.531692,0.846274,0.001578,0.239955,0.00242,0.263855,0.00276,0,3.139466,21.518529,0.004442,47.92,55.8,2459189.75736,17.670375,17.670347,-0.21,-9999999,2.034935,0.220378,1.233397,-0.479945,1.345932,0.53,899.9967,-30.057308,14.027765,2020-12-06T06:03:20.488,-9999999,M2,106.21TJ.001,UNKNOWN,-9999999,HARPS_ech_obs_all,HARPS_ech_obs_wavesimult,STAR_WAVE_M1,1.19068275111636E-05,2.16523659943141E-06,1,0,0
GJ367,146.121045,-45.78148,2459189.8344491,-4.772395,1.44342,47910.392043,1.486014,-6.506698,0.749711,47911.949346,0.62971,-13.731017,0.721503,-26.853663,12.90274,45.679518,4.400946,0.836832,0.001287,0.228881,0.001838,0.254854,0.002107,0,3.144772,21.58399,0.001617,47.92,68.8,2459189.83445,17.56238,17.56233,-0.2,-9999999,2.034961,0.361952,1.233448,-0.477658,1.345995,0.5,899.9967,-26.888504,12.87743,2020-12-06T07:54:47.104,-9999999,M2,106.21TJ.001,UNKNOWN,-9999999,HARPS_ech_obs_all,HARPS_ech_obs_wavesimult,STAR_WAVE_M1,1.06077267873497E-05,2.53342948075228E-06,1,0,0
GJ367,146.121045,-45.78148,2459190.7093007,-3.716139,1.513728,47911.078503,1.568604,-5.467312,0.87757,47912.61541,0.80562,-13.067208,0.856141,13.105437,14.618818,45.792022,4.720167,0.831616,0.001487,0.226583,0.002246,0.254539,0.002583,0,3.135851,21.48115,0.003665,47.92,58.1,2459190.70929,17.757265,17.75724,-0.45,-9999999,2.035248,0.345082,1.233387,-0.498341,1.345918,0.5,899.9967,13.093612,14.607286,2020-12-07T04:54:29.874,-9999999,M2,106.21TJ.001,UNKNOWN,-9999999,HARPS_ech_obs_all,HARPS_ech_obs_wavesimult,STAR_WAVE_M1,8.69837647802432E-06,1.26835777115537E-06,1,0,0
GJ367,146.121045,-45.78148,2459190.7470418,-1.629125,1.471434,47912.621943,1.517325,-3.310982,0.802407,47914.159982,0.700538,-10.291981,0.777595,8.196774,14.316698,45.541964,4.5913,0.84516,0.001382,0.2253,0.002,0.254956,0.002307,0,3.141101,21.492543,0.007739,47.92,63.8,2459190.74704,17.723626,17.723599,-0.345,-9999999,2.03526,0.414399,1.233394,-0.497221,1.345927,0.49,899.9966,8.212369,14.30694,2020-12-07T05:48:59.513,-9999999,M2,106.21TJ.001,UNKNOWN,-9999999,HARPS_ech_obs_all,HARPS_ech_obs_wavesimult,STAR_WAVE_M1,9.43329642360966E-06,1.41615240723665E-06,1,0,0
GJ367,146.121045,-45.78148,2459190.8173283,-1.029614,1.502826,47913.100627,1.557967,-2.58238,0.858562,47914.640774,0.784606,-9.947027,0.833703,-8.594406,12.959202,44.630884,4.409792,0.83897,0.001519,0.22736,0.002225,0.258306,0.002571,0,3.144757,21.635864,-0.000288,47.92,58.8,2459190.81732,17.629804,17.629777,0,-9999999,2.035283,0.543489,1.233433,-0.495136,1.345977,0.5,899.9966,-8.558782,12.935827,2020-12-07T07:30:02.914,-9999999,M2,106.21TJ.001,UNKNOWN,-9999999,HARPS_ech_obs_all,HARPS_ech_obs_wavesimult,STAR_WAVE_M1,7.60374663610106E-06,1.00919530018462E-06,1,0,0
GJ367,146.121045,-45.78148,2459191.6915694,-4.793945,1.529176,47912.072874,1.586854,-6.641244,0.903956,47913.479469,0.840601,-14.037227,0.885482,-22.917942,10.635029,47.068487,4.715592,0.827016,0.001469,0.225506,0.002298,0.247957,0.002617,0,3.125984,21.255959,0.000832,47.92,56.3,2459191.69156,17.806662,17.806634,0.292,-9999999,2.03557,0.248956,1.233386,-0.628975,1.345918,0.49,899.9966,-23.022226,10.616989,2020-12-08T04:29:01.928,-9999999,M2,106.21TJ.001,UNKNOWN,-9999999,HARPS_ech_obs_all,HARPS_ech_obs_wavesimult,STAR_WAVE_M1,1.01339984484744E-05,1.4368814747585E-06,1,0,0
GJ367,146.121045,-45.78148,2459191.7271107,-2.639082,1.483034,47911.301011,1.528707,-4.421105,0.823494,47912.708672,0.724874,-11.752563,0.800675,-12.179021,11.19797,44.388035,4.538044,0.833242,0.001357,0.222075,0.002036,0.251121,0.002348,0,3.131199,21.34072,0.006219,47.92,62,2459191.7271,17.780427,17.780399,0.218,-9999999,2.035581,0.314232,1.233389,-0.62792,1.345921,0.52,899.9967,-12.208594,11.185436,2020-12-08T05:19:45.514,-9999999,M2,106.21TJ.001,UNKNOWN,-9999999,HARPS_ech_obs_all,HARPS_ech_obs_wavesimult,STAR_WAVE_M1,8.84977101227584E-06,1.18886884613195E-06,1,0,0
GJ367,146.121045,-45.78148,2459191.8040507,-4.998145,1.421265,47910.075709,1.462588,-6.638857,0.706159,47911.485678,0.572315,-14.198228,0.677659,-21.505759,10.175783,44.734723,4.552531,0.836458,0.001166,0.220066,0.001658,0.253073,0.001925,0,3.135621,21.427361,0.005505,47.92,73.4,2459191.80404,17.68536,17.68534,0.301,-9999999,2.035607,0.455543,1.233423,-0.625638,1.345964,0.49,899.9967,-21.492578,10.148419,2020-12-08T07:10:59.739,-9999999,M2,106.21TJ.001,UNKNOWN,-9999999,HARPS_ech_obs_all,HARPS_ech_obs_wavesimult,STAR_WAVE_M1,1.00661553772887E-05,2.37100339626867E-06,1,0,0
GJ367,146.121045,-45.78148,2459192.6932823,-4.813194,1.448087,47912.608457,1.126744,-6.596996,0.758759,47910.260073,0.639173,-14.451407,0.736347,-16.639692,10.206118,44.951436,4.694403,0.830181,0.001236,0.225522,0.001845,0.245622,0.002089,0,3.129705,21.312496,0.00313,47.92,67.7,2459192.69327,17.838702,17.838678,-0.017,-9999999,2.035898,0.312453,1.233386,-4.384282,0.927906,0.52,899.9966,-16.69761,10.192256,2020-12-09T04:30:57.852,-9999999,M2,106.21TJ.001,UNKNOWN,-9999999,HARPS_ech_obs_all,HARPS_ech_obs_wavesimult,STAR_WAVE_M1,1.11997915796011E-05,1.51499948516294E-06,1,0,0
GJ367,146.121045,-45.78148,2459192.7546347,-3.992995,1.416694,47913.541326,1.082479,-5.664115,0.696961,47911.194782,0.557419,-12.818306,0.664632,-11.795219,9.467063,43.593282,4.700022,0.831412,0.001143,0.222793,0.00163,0.248609,0.001864,0,3.134081,21.466338,0.008475,47.92,75,2459192.75463,17.782926,17.782903,-0.101,-9999999,2.035918,0.425135,1.233396,-4.382462,0.927925,0.51,899.9967,-11.815747,9.452679,2020-12-09T05:59:27.389,-9999999,M2,106.21TJ.001,UNKNOWN,-9999999,HARPS_ech_obs_all,HARPS_ech_obs_wavesimult,STAR_WAVE_M1,1.05622786629794E-05,3.07039097158623E-06,1,0,0
GJ367,146.121045,-45.78148,2459192.8053271,-4.166456,1.382976,47913.500524,1.045834,-5.744472,0.625529,47911.155501,0.482319,-13.071532,0.589408,-14.198374,9.565858,45.003598,4.508165,0.832848,0.001021,0.222427,0.001417,0.249268,0.001621,0,3.142295,21.50315,0.005967,47.92,84.9,2459192.80532,17.713341,17.713326,-0.223,-9999999,2.035935,0.518239,1.233424,-4.380958,0.927975,0.49,899.9966,-14.253746,9.55,2020-12-09T07:12:44.954,-9999999,M2,106.21TJ.001,UNKNOWN,-9999999,HARPS_ech_obs_all,HARPS_ech_obs_wavesimult,STAR_WAVE_M1,8.95408445253561E-06,1.5592516971105E-06,1,0,0
GJ367,146.121045,-45.78148,2459203.730013,-2.184775,1.422991,47910.970647,1.281428,-3.353177,0.709687,47912.530582,0.575002,-10.366451,0.682203,-9.927458,16.640872,44.716105,4.676189,0.842962,0.001165,0.220739,0.001666,0.252803,0.001928,0,3.130873,21.379849,0.005498,47.92,73.1,2459203.73001,17.778777,17.778781,0.156,-9999999,2.039518,0.927853,1.233389,-0.479583,1.145177,0.52,899.9966,-9.980241,16.635943,2020-12-20T05:22:55.294,-9999999,M2,106.21TJ.001,UNKNOWN,-9999999,HARPS_ech_obs_all,HARPS_ech_obs_wavesimult,STAR_WAVE_M1,1.01664390789441E-05,1.58803469833252E-06,1,0,0
GJ367,146.121045,-45.78148,2459203.7746932,-2.728877,1.418531,47910.909809,1.276923,-3.815218,0.700672,47912.471084,0.564842,-11.547907,0.671345,2.798057,16.444094,44.606029,4.62131,0.835814,0.001149,0.222364,0.001649,0.250041,0.001891,0,3.13335,21.412566,0.00147,47.92,74,2459203.77469,17.71404,17.714039,0.113,-9999999,2.039533,1.009914,1.233405,-0.478258,1.145201,0.5,899.9966,2.790619,16.432138,2020-12-20T06:27:33.438,-9999999,M2,106.21TJ.001,UNKNOWN,-9999999,HARPS_ech_obs_all,HARPS_ech_obs_wavesimult,STAR_WAVE_M1,8.044464926995E-06,1.04839788358807E-06,1,0,0
GJ367,146.121045,-45.78148,2459204.6528736,-14035.376871,60.549234,34853.007093,7.894326,-14036.758734,60.536671,34855.596361,7.778744,-14854.607268,115.475176,-3420.77682,13202.624293,1027.908182,46.019747,0.744046,0.027462,0.950801,0.046082,1.084103,0.060912,64,5.234311,0.41157,0.913087,47.92,4.6,2459204.65286,17.816174,17.816181,0.252,-9999999,2.039821,0.714392,1.233394,0.549447,1.345927,0.51,899.9966,7891.684575,7617.272522,2020-12-21T03:31:54.776,-9999999,M2,106.21TJ.001,UNKNOWN,-9999999,HARPS_ech_obs_all,HARPS_ech_obs_wavesimult,STAR_WAVE_M1,6.71248695066535E-06,1.01703163792496E-06,1,0,0
GJ367,146.121045,-45.78148,2459204.737633,-0.615472,1.442993,47913.233573,1.484888,-1.841663,0.748982,47915.825383,0.627202,-9.503972,0.722113,0.730157,11.97529,43.325469,4.661887,0.834612,0.00124,0.220998,0.001801,0.25075,0.002077,0,3.130025,21.397804,0.004672,47.92,68.4,2459204.73763,17.731122,17.731124,-0.008,-9999999,2.039849,0.870065,1.233391,0.551961,1.345924,0.5,899.9966,0.71934,11.96614,2020-12-21T05:34:06.560,-9999999,M2,106.21TJ.001,UNKNOWN,-9999999,HARPS_ech_obs_all,HARPS_ech_obs_wavesimult,STAR_WAVE_M1,8.13408703313106E-06,1.21161250633097E-06,1,0,0
GJ367,146.121045,-45.78148,2459204.8056504,-2.000879,1.487491,47912.521556,1.535508,-3.102146,0.831441,47915.115406,0.739027,-10.865908,0.805394,-6.154303,12.052603,45.082748,4.636535,0.836532,0.001409,0.218137,0.002062,0.250568,0.00239,0,3.136975,21.459388,0.002958,47.92,60.9,2459204.80564,17.623537,17.623545,0.153,-9999999,2.039871,0.994988,1.233424,0.553979,1.345966,0.5,899.9966,-6.208447,12.044147,2020-12-21T07:12:02.919,-9999999,M2,106.21TJ.001,UNKNOWN,-9999999,HARPS_ech_obs_all,HARPS_ech_obs_wavesimult,STAR_WAVE_M1,7.7455649998233E-06,1.21508812537382E-06,1,0,0
GJ367,146.121045,-45.78148,2459205.707227,-4.359537,1.328503,47908.463609,1.336267,-6.317645,0.924518,47911.072194,0.877939,-14.30541,0.905441,-28.890447,10.031386,45.583875,4.593185,0.839274,0.001552,0.217095,0.002354,0.252023,0.002746,0,3.13186,21.352521,0.003227,47.92,54.7,2459205.70722,17.726933,17.726945,-0.253,-9999999,2.040167,0.138147,0.954037,0.568418,1.007389,0.51,899.9966,-28.919336,10.008398,2020-12-22T04:50:05.587,-9999999,M2,106.21TJ.001,UNKNOWN,-9999999,HARPS_ech_obs_all,HARPS_ech_obs_wavesimult,STAR_WAVE_M1,9.61598071894681E-06,1.34401983732579E-06,1,0,0
GJ367,146.121045,-45.78148,2459205.7348171,-4.088864,1.238286,47908.668561,1.216375,-5.996299,0.789403,47911.277973,0.681705,-13.304433,0.76645,-35.720359,8.275804,43.672893,4.522853,0.842992,0.001323,0.220204,0.001927,0.249848,0.002221,0,3.132219,21.353111,0.003254,47.92,64.6,2459205.73481,17.691928,17.691926,-0.088,-9999999,2.040176,0.18882,0.954042,0.569236,1.007395,0.51,899.9966,-35.755651,8.249637,2020-12-22T05:29:49.235,-9999999,M2,106.21TJ.001,UNKNOWN,-9999999,HARPS_ech_obs_all,HARPS_ech_obs_wavesimult,STAR_WAVE_M1,9.6168090299495E-06,1.59294265730285E-06,1,0,0
GJ367,146.121045,-45.78148,2459205.8329743,-3.22258,1.145012,47910.009871,1.1209,-4.949736,0.633022,47912.622227,0.491308,-12.416551,0.600904,-33.636716,7.214072,44.683089,4.525508,0.840022,0.001042,0.220079,0.00143,0.249655,0.001644,0,3.13824,21.487273,0.00085,47.92,83.5,2459205.83297,17.530189,17.530192,0.185,-9999999,2.040208,0.369099,0.954115,0.572148,1.007489,0.51,899.9967,-33.640613,7.185546,2020-12-22T07:51:09.516,-9999999,M2,106.21TJ.001,UNKNOWN,-9999999,HARPS_ech_obs_all,HARPS_ech_obs_wavesimult,STAR_WAVE_M1,8.33464962722024E-06,1.25815535042682E-06,1,0,0
GJ367,146.121045,-45.78148,2459206.6962666,-1.621651,1.293624,47909.722536,1.41202,-2.744583,0.820637,47913.434604,0.723912,-10.43297,0.796994,-7.981577,12.268915,44.543192,4.3337,0.834882,0.001388,0.214637,0.002017,0.247126,0.002339,0,3.134091,21.44087,0.005145,47.92,61.9,2459206.69626,17.691636,17.691649,0.755,-9999999,2.040491,0.973323,1.000009,1.671577,1.212334,0.47,899.9966,-8.008278,12.264345,2020-12-23T04:34:49.623,-9999999,M2,106.21TJ.001,UNKNOWN,-9999999,HARPS_ech_obs_all,HARPS_ech_obs_wavesimult,STAR_WAVE_M1,1.02404297186409E-05,1.98444381776025E-06,1,0,0
GJ367,146.121045,-45.78148,2459206.8431827,-2.22655,1.207809,47910.994579,1.325872,-3.079651,0.677208,47914.711054,0.536608,-10.744022,0.647321,-14.068729,11.175031,43.612038,4.368016,0.839993,0.00113,0.219496,0.001565,0.250497,0.001808,0,3.140353,21.520594,0.001629,47.92,77.2,2459206.84318,17.461405,17.461406,0.516,-9999999,2.04054,1.243154,1.000095,1.675935,1.21243,0.5,899.9966,-14.073496,11.162847,2020-12-23T08:05:55.437,-9999999,M2,106.21TJ.001,UNKNOWN,-9999999,HARPS_ech_obs_all,HARPS_ech_obs_wavesimult,STAR_WAVE_M1,8.92333034650029E-06,2.54471348481172E-06,1,0,0
GJ367,146.121045,-45.78148,2459207.6731405,-0.142687,1.097115,47912.23026,0.851842,-1.231829,0.718131,47915.136619,0.580361,-8.433438,0.692595,-9.414776,9.210247,45.019919,4.637152,0.833615,0.001155,0.219595,0.00168,0.243693,0.00191,0,3.124997,21.262365,0.002695,47.92,72.9,2459207.67313,17.662112,17.662126,-0.419,-9999999,2.040812,1.007113,0.829428,0.865547,0.623551,0.51,899.9966,-9.396185,9.201354,2020-12-24T04:00:50.620,-9999999,M2,106.21TJ.001,UNKNOWN,-9999999,HARPS_ech_obs_all,HARPS_ech_obs_wavesimult,STAR_WAVE_M1,9.35057945548709E-06,1.35905333101339E-06,1,0,0
GJ367,146.121045,-45.78148,2459207.8370995,2.120294,1.093906,47916.021384,0.852628,1.332285,0.713111,47918.932661,0.581336,-6.658445,0.683007,-0.920056,10.406615,44.419654,4.564276,0.840612,0.001207,0.224676,0.001692,0.24609,0.001968,0,3.138393,21.522333,0.001792,47.92,72.2,2459207.83709,17.417034,17.417046,-0.315,-9999999,2.040866,1.308246,0.82952,0.870411,0.623717,0.49,899.9967,-0.904646,10.406079,2020-12-24T07:57:13.854,-9999999,M2,106.21TJ.001,UNKNOWN,-9999999,HARPS_ech_obs_all,HARPS_ech_obs_wavesimult,STAR_WAVE_M1,9.74079599505462E-06,1.28171418755727E-06,1,0,0
GJ367,146.121045,-45.78148,2459210.658707,-0.089717,1.482491,47911.268995,1.498387,-2.243016,0.822511,47913.10466,0.723087,-10.287121,0.801936,-23.245505,11.328794,46.290916,4.426842,0.830194,0.001348,0.221589,0.002024,0.255864,0.00235,0,3.129218,21.293661,0.000616,47.92,62.2,2459210.6587,17.487264,17.487291,0.472,-9999999,2.041791,-0.057044,1.233392,-0.206126,1.312367,0.48,899.9966,-23.191937,11.320824,2020-12-27T03:40:15.656,-9999999,M2,106.21TJ.001,UNKNOWN,-9999999,HARPS_ech_obs_all,HARPS_ech_obs_wavesimult,STAR_WAVE_M1,9.53216450016208E-06,1.17339793341644E-06,1,0,0
GJ367,146.121045,-45.78148,2459210.7408208,1.057009,1.409542,47912.812163,1.420427,-0.945477,0.682314,47914.650291,0.543421,-8.616808,0.655448,-8.822576,9.982623,45.830965,4.474186,0.837118,0.001122,0.225521,0.001579,0.249678,0.001843,0,3.134313,21.415312,0.004191,47.92,76.5,2459210.74081,17.387265,17.387289,0.242,-9999999,2.041818,0.09377,1.233392,-0.20369,1.312367,0.5,899.9966,-8.860529,9.974413,2020-12-27T05:38:11.887,-9999999,M2,106.21TJ.001,UNKNOWN,-9999999,HARPS_ech_obs_all,HARPS_ech_obs_wavesimult,STAR_WAVE_M1,8.16649613055935E-06,9.6038067616813E-07,1,0,0
GJ367,146.121045,-45.78148,2459210.831631,-0.06442,1.446231,47912.920175,1.459253,-1.90012,0.755113,47914.761027,0.637912,-9.704299,0.730413,-10.035149,10.448286,45.785843,4.675204,0.835998,0.001256,0.219482,0.001798,0.247932,0.002099,0,3.135892,21.391563,0.00286,47.92,67.8,2459210.83163,17.229289,17.22931,0.512,-9999999,2.041848,0.260555,1.233445,-0.200996,1.312436,0.5,899.9966,-10.123606,10.447128,2020-12-27T07:48:57.432,-9999999,M2,106.21TJ.001,UNKNOWN,-9999999,HARPS_ech_obs_all,HARPS_ech_obs_wavesimult,STAR_WAVE_M1,8.59799564937927E-06,1.41084463438081E-06,1,0,0
GJ367,146.121045,-45.78148,2459211.6799515,-0.646168,1.45593,47913.540842,1.332321,-2.069287,0.848803,47915.899455,0.758055,-10.12867,0.829676,-23.965662,10.18945,47.262198,4.462766,0.835862,0.001404,0.225663,0.002092,0.24838,0.002445,0,3.131834,21.322167,-0.002944,47.92,60.1,2459211.67995,17.393713,17.393734,-0.098,-9999999,2.042126,0.673137,1.182906,0.316487,1.095642,0.51,899.9966,-23.912788,10.181103,2020-12-28T04:10:19.128,-9999999,M2,106.21TJ.001,UNKNOWN,-9999999,HARPS_ech_obs_all,HARPS_ech_obs_wavesimult,STAR_WAVE_M1,7.9763557591811E-06,1.42326381535161E-06,1,0,0
GJ367,146.121045,-45.78148,2459211.7605555,-2.135766,1.365847,47911.791193,1.224216,-3.410844,0.68282,47914.152223,0.546109,-10.367024,0.655502,-26.973147,8.521211,46.351723,4.620612,0.837207,0.001122,0.224419,0.001577,0.246479,0.001839,0,3.135241,21.400859,0.002614,47.92,76.3,2459211.76055,17.280424,17.280457,0.341,-9999999,2.042152,0.821177,1.182917,0.318878,1.095659,0.51,899.9965,-27.089411,8.516273,2020-12-28T06:06:22.912,-9999999,M2,106.21TJ.001,UNKNOWN,-9999999,HARPS_ech_obs_all,HARPS_ech_obs_wavesimult,STAR_WAVE_M1,9.26768225524794E-06,1.24998124735994E-06,1,0,0
GJ367,146.121045,-45.78148,2459211.8553793,-3.203033,1.347307,47910.806575,1.206207,-4.303954,0.644802,47913.17045,0.504213,-11.008614,0.614167,-36.126932,8.998992,44.91216,4.558055,0.843092,0.001049,0.223159,0.00145,0.247969,0.001676,0,3.135546,21.405782,0.002185,47.92,82,2459211.85538,17.109129,17.109153,0.249,-9999999,2.042184,0.995334,1.18299,0.321691,1.095766,0.5,899.9965,-36.224892,8.99323,2020-12-28T08:23:04.219,-9999999,M2,106.21TJ.001,UNKNOWN,-9999999,HARPS_ech_obs_all,HARPS_ech_obs_wavesimult,STAR_WAVE_M1,8.36790103467491E-06,1.56529120916652E-06,1,0,0
GJ367,146.121045,-45.78148,2459212.7027794,0.082494,1.122574,47913.571148,1.31062,-1.177675,0.697445,47915.527937,0.561359,-8.852369,0.671078,-30.422982,10.83313,45.392531,4.734462,0.84751,0.001139,0.232639,0.001638,0.252098,0.001901,0,3.130678,21.327848,0.001999,47.92,74.7,2459212.70277,17.287534,17.28756,-0.149,-9999999,2.042462,0.836087,0.879626,-0.085673,1.184314,0.51,899.9966,-30.517283,10.827689,2020-12-29T04:43:06.406,-9999999,M2,106.21TJ.001,UNKNOWN,-9999999,HARPS_ech_obs_all,HARPS_ech_obs_wavesimult,STAR_WAVE_M1,8.58685788828928E-06,1.24695823494666E-06,1,0,0
GJ367,146.121045,-45.78148,2459212.8608804,-2.697886,1.136796,47912.399262,1.322415,-3.66768,0.719962,47914.360792,0.588119,-10.128803,0.693416,-24.094304,10.968269,46.018246,4.551218,0.8431,0.001186,0.228803,0.001714,0.257204,0.001971,0,3.132143,21.3654,0.000587,47.92,72.2,2459212.86087,17.017698,17.01773,0.347,-9999999,2.042513,1.126461,0.87975,-0.080983,1.184439,0.5,899.9966,-24.103139,10.966427,2020-12-29T08:30:54.558,-9999999,M2,106.21TJ.001,UNKNOWN,-9999999,HARPS_ech_obs_all,HARPS_ech_obs_wavesimult,STAR_WAVE_M1,1.05745866630816E-05,1.35839140403385E-06,1,0,0
GJ367,146.121045,-45.78148,2459213.6707628,-0.755747,1.425967,47915.119026,1.46779,-2.660478,0.715635,47917.368192,0.585578,-9.453629,0.69129,-14.450419,13.167652,47.356319,4.624948,0.851393,0.001173,0.235512,0.00171,0.253097,0.001948,0,3.128964,21.296576,0.0021,47.92,72.4,2459213.67076,17.241786,17.241814,-0.014,-9999999,2.042779,0.191524,1.233389,0.206387,1.345922,0.51,899.9965,-14.480838,13.164097,2020-12-30T03:56:55.417,-9999999,M2,106.21TJ.001,UNKNOWN,-9999999,HARPS_ech_obs_all,HARPS_ech_obs_wavesimult,STAR_WAVE_M1,1.11381116830687E-05,1.83243808974615E-06,1,0,0
GJ367,146.121045,-45.78148,2459213.8666244,-1.716562,1.480763,47913.881932,1.527671,-3.261567,0.819257,47916.136972,0.722471,-10.434875,0.798302,-11.848241,14.827816,48.054067,4.511717,0.85012,0.001361,0.231188,0.002043,0.26108,0.002355,0,3.1299,21.263715,0.001025,47.92,62.5,2459213.86661,16.920894,16.920931,0.494,-9999999,2.042843,0.551251,1.233481,0.212197,1.346036,0.51,899.9966,-11.754906,14.794195,2020-12-30T08:38:56.901,-9999999,M2,106.21TJ.001,UNKNOWN,-9999999,HARPS_ech_obs_all,HARPS_ech_obs_wavesimult,STAR_WAVE_M1,1.11034350603584E-05,1.58360844305244E-06,1,0,0
GJ367,146.121045,-45.78148,2459214.792189,-0.33494,1.315162,47911.606198,1.309932,-0.791204,0.593529,47916.176825,0.449322,-6.93088,0.556672,-20.925369,14.053362,46.243518,4.387019,0.843461,0.000957,0.227971,0.001322,0.253515,0.001507,0,3.141312,21.463814,0.001687,47.92,90.7,2459214.79219,16.967595,16.967617,-0.191,-9999999,2.043147,1.639991,1.173616,2.52748,1.23046,0.5,899.9965,-20.897097,14.052612,2020-12-31T06:51:50.161,-9999999,M2,60.A-9709(G),UNKNOWN,-9999999,HARPS_ech_obs_all,HARPS_ech_obs_wavesimult,STAR_WAVE_M1,9.21461546384822E-06,1.30095725788586E-06,1,0,0
GJ367,146.121045,-45.78148,2459214.8708729,1.820618,1.358394,47915.060279,1.344764,1.508867,0.683874,47919.633266,0.542329,-5.44934,0.654492,-11.769366,14.205718,48.888625,4.576681,0.841114,0.001101,0.226775,0.001573,0.252503,0.001798,0,3.129759,21.299034,0.001165,47.92,77.5,2459214.87087,16.82192,16.82193,0.226,-9999999,2.043173,1.784505,1.173691,2.529814,1.230556,0.49,899.9966,-11.751681,14.208441,2020-12-31T08:45:17.066,-9999999,M2,60.A-9709(G),UNKNOWN,-9999999,HARPS_ech_obs_all,HARPS_ech_obs_wavesimult,STAR_WAVE_M1,9.38157684842695E-06,1.32452987674939E-06,1,0,0
GJ367,146.121045,-45.78148,2459215.6982298,0.017553,1.108246,47914.657951,0.935973,-3.312889,0.818309,47916.315093,0.712921,-10.713851,0.794813,-8.568359,8.580235,47.676007,4.586378,0.834044,0.001353,0.230365,0.00204,0.251349,0.002314,0,3.131904,21.364556,0.005448,47.92,62.7,2459215.69822,17.026034,17.026069,0.238,-9999999,2.043444,-1.234187,0.747382,-0.386302,0.606456,0.45,899.9966,-8.568101,8.57081,2021-01-01T04:37:12.683,-9999999,M2,60.A-9709(G),UNKNOWN,-9999999,HARPS_ech_obs_all,HARPS_ech_obs_wavesimult,STAR_WAVE_M1,1.09619250405932E-05,1.4883669999316E-06,1,0,0
GJ367,146.121045,-45.78148,2459215.844451,0.917752,0.978398,47915.130266,0.777675,-2.144134,0.631274,47916.791794,0.48657,-9.712301,0.595601,-10.127554,7.613333,46.16374,4.453064,0.832358,0.001023,0.228597,0.001436,0.252545,0.00163,0,3.138934,21.447925,0.00284,47.92,84.8,2459215.84445,16.774063,16.774085,0.19,-9999999,2.043492,-0.965631,0.7475,-0.381964,0.606653,0.52,899.9965,-10.048492,7.597703,2021-01-01T08:06:42.483,-9999999,M2,60.A-9709(G),UNKNOWN,-9999999,HARPS_ech_obs_all,HARPS_ech_obs_wavesimult,STAR_WAVE_M1,9.69737921413129E-06,1.2469087779424E-06,1,0,0
GJ367,146.121045,-45.78148,2459216.6691028,1.73803,1.550169,47916.754345,1.498981,-1.004822,1.144694,47918.415968,1.263459,-8.24757,1.128171,-13.054734,11.896253,50.379534,4.274863,0.836529,0.001908,0.242738,0.003246,0.260021,0.003686,0,3.13198,21.249777,0.002664,47.92,44,2459216.6691,16.963494,16.963521,0.863,-9999999,2.043763,-0.646596,1.045323,-0.38214,0.806608,0.51,899.9966,-13.222917,11.871624,2021-01-02T03:54:17.412,-9999999,M2,106.21TJ.001,UNKNOWN,-9999999,HARPS_ech_obs_all,HARPS_ech_obs_wavesimult,STAR_WAVE_M1,1.02983518573778E-05,1.62121569962902E-06,1,0,0
GJ367,146.121045,-45.78148,2459216.7523632,0.816928,1.25676,47914.679634,0.98266,-1.773005,0.697661,47916.343754,0.561235,-8.897905,0.66446,-6.031518,10.934547,48.043209,4.48861,0.828056,0.001154,0.230017,0.001672,0.252653,0.001897,0,3.142105,21.463534,0.00434,47.92,74.4,2459216.75235,16.842179,16.842203,1.016,-9999999,2.04379,-0.493677,1.04533,-0.37967,0.80662,0.48,899.9966,-5.967851,10.931691,2021-01-02T05:54:37.711,-9999999,M2,106.21TJ.001,UNKNOWN,-9999999,HARPS_ech_obs_all,HARPS_ech_obs_wavesimult,STAR_WAVE_M1,9.31112844209083E-06,1.26447373949763E-06,1,0,0
GJ367,146.121045,-45.78148,2459216.8367692,2.582714,1.272611,47916.592099,1.00229,0.147805,0.725733,47918.25875,0.594782,-7.438463,0.694781,-9.786813,11.689596,48.417516,4.507398,0.834336,0.001199,0.231227,0.00173,0.25818,0.002001,0,3.140383,21.378946,0.001178,47.92,71.5,2459216.83676,16.68715,16.687177,1.205,-9999999,2.043817,-0.338654,1.045395,-0.377166,0.806734,0.5,899.9966,-9.715078,11.689599,2021-01-02T07:55:51.984,-9999999,M2,106.21TJ.001,UNKNOWN,-9999999,HARPS_ech_obs_all,HARPS_ech_obs_wavesimult,STAR_WAVE_M1,9.9869082096235E-06,1.52977224714056E-06,1,0,0
GJ367,146.121045,-45.78148,2459217.6623441,2.192844,0.90327,47914.661633,0.906409,-0.751934,0.774709,47916.140041,0.659394,-8.124927,0.75188,-9.233247,13.3429,47.81796,4.638097,0.838746,0.001275,0.23943,0.001934,0.26407,0.002205,0,3.13471,21.324956,0.000283,47.92,66.2,2459217.66234,16.867686,16.867716,0.056,-9999999,2.044088,-0.848523,0.46446,-0.56568,0.621915,0.5,899.9965,-9.279069,13.325547,2021-01-03T03:44:37.684,-9999999,M2,106.21TJ.001,UNKNOWN,-9999999,HARPS_ech_obs_all,HARPS_ech_obs_wavesimult,STAR_WAVE_M1,9.09249797834328E-06,1.34271921099928E-06,1,0,0
GJ367,146.121045,-45.78148,2459217.8346063,3.657666,0.969232,47913.878284,0.990097,1.029271,0.850615,47915.361859,0.770274,-7.090807,0.829412,-7.07525,13.417714,48.887434,4.59604,0.852635,0.001434,0.244785,0.002184,0.26589,0.002543,0,3.137116,21.319743,0.008098,47.92,59.6,2459217.8346,16.58498,16.584993,0.444,-9999999,2.044145,-0.532139,0.464612,-0.56057,0.622069,0.49,899.9966,-7.102827,13.421698,2021-01-03T07:52:49.318,-9999999,M2,106.21TJ.001,UNKNOWN,-9999999,HARPS_ech_obs_all,HARPS_ech_obs_wavesimult,STAR_WAVE_M1,-9999999,-9999999,-9999999,-9999999,-9999999
GJ367,146.121045,-45.78148,2459218.7693975,4.201086,1.247059,47917.260258,1.03801,0.503231,0.66521,47917.52671,0.529074,-6.791516,0.634332,-22.00004,8.39147,48.611452,4.498699,0.833673,0.0011,0.23281,0.001561,0.255313,0.001815,0,3.143513,21.44967,0.005129,47.92,78.2,2459218.76939,16.595834,16.595863,0.322,-9999999,2.044451,-1.601599,1.054823,-1.777999,0.893054,0.5,899.9966,-21.957964,8.396247,2021-01-04T06:18:41.809,-9999999,M2,106.21TJ.001,UNKNOWN,-9999999,HARPS_ech_obs_all,HARPS_ech_obs_wavesimult,STAR_WAVE_M1,1.0021011504005E-05,1.73005610532355E-06,1,0,0
GJ367,146.121045,-45.78148,2459219.6759989,3.305858,1.117547,47914.470045,1.362136,2.097315,0.890075,47917.647166,0.830235,-5.539277,0.869771,-15.514722,13.70129,48.909399,4.527078,0.837118,0.001485,0.239516,0.002299,0.257081,0.002668,0,3.135186,21.308733,0.002409,47.92,56.7,2459219.67599,16.629244,16.629283,-0.103,-9999999,2.044749,0.887712,0.67578,1.132372,1.079872,0.51,899.9965,-15.485829,13.705344,2021-01-05T04:03:58.870,-9999999,M2,106.21TJ.001,UNKNOWN,-9999999,HARPS_ech_obs_all,HARPS_ech_obs_wavesimult,STAR_WAVE_M1,1.37167638386871E-05,1.89598607124939E-06,1,0,0
GJ367,146.121045,-45.78148,2459219.8592841,1.908124,0.994094,47913.572276,1.235376,1.03621,0.728927,47916.754894,0.599788,-6.349631,0.705646,-26.191618,12.85244,48.901582,4.561591,0.840563,0.001183,0.23932,0.001754,0.261108,0.002012,0,3.132992,21.273282,0.001778,47.92,71.3,2459219.85927,16.31174,16.311764,0.087,-9999999,2.044809,1.224341,0.675935,1.137809,1.080004,0.51,899.9965,-26.212036,12.857305,2021-01-05T08:27:53.850,-9999999,M2,106.21TJ.001,UNKNOWN,-9999999,HARPS_ech_obs_all,HARPS_ech_obs_wavesimult,STAR_WAVE_M1,1.12005285775738E-05,2.43962383352989E-06,1,0,0
GJ367,146.121045,-45.78148,2459220.7989894,-0.255288,1.287345,47914.049172,1.214296,-2.613997,0.790353,47915.197294,0.684605,-9.776784,0.767606,-17.312284,9.823421,48.840057,4.591257,0.84102,0.001307,0.241064,0.001976,0.264317,0.002273,0,3.13823,21.319968,0.001413,47.92,64.5,2459220.79898,16.303528,16.303565,0.107,-9999999,2.045117,-0.262454,1.016169,-0.896995,1.002912,0.52,899.9965,-17.385713,9.818488,2021-01-06T07:00:50.957,-9999999,M2,106.21TJ.001,UNKNOWN,-9999999,HARPS_ech_obs_all,HARPS_ech_obs_wavesimult,STAR_WAVE_M1,1.06788694584396E-05,1.5254470720438E-06,1,0,0
GJ367,146.121045,-45.78148,2459221.6652009,0.30119,1.212266,47913.263368,1.229822,-0.423857,0.758451,47916.540228,0.638538,-7.871307,0.737848,-11.637251,12.962309,51.935878,4.672996,0.833575,0.001226,0.240013,0.001863,0.260417,0.002129,0,3.135921,21.190175,0.000992,47.92,68,2459221.66519,16.399854,16.399889,0.238,-9999999,2.045401,1.371208,0.945696,1.231459,1.051063,0.51,899.9965,-11.696572,12.968948,2021-01-07T03:48:16.584,-9999999,M2,106.21TJ.001,UNKNOWN,-9999999,HARPS_ech_obs_all,HARPS_ech_obs_wavesimult,STAR_WAVE_M1,9.77112057427569E-06,1.56148726541986E-06,1,0,0
GJ367,146.121045,-45.78148,2459221.829191,-2.154391,1.165033,47912.290908,1.180598,-2.578247,0.680316,47915.572687,0.537496,-9.226123,0.648786,-6.697851,10.746068,51.304112,4.537996,0.841711,0.001096,0.245581,0.001632,0.262324,0.001826,0,3.136745,21.285298,0.002727,47.92,77.7,2459221.82918,16.119638,16.119663,0.373,-9999999,2.045455,1.672399,0.945765,1.236324,1.051147,0.5,899.9965,-6.667087,10.74475,2021-01-07T07:44:33.559,-9999999,M2,106.21TJ.001,UNKNOWN,-9999999,HARPS_ech_obs_all,HARPS_ech_obs_wavesimult,STAR_WAVE_M1,1.12428501234217E-05,1.72659348692612E-06,1,0,0
GJ367,146.121045,-45.78148,2459222.8043167,-4.591528,1.082539,47910.165389,1.215399,-3.741611,0.691502,47914.675728,0.550801,-10.487675,0.660544,-15.676169,12.856974,50.31855,4.557923,0.839274,0.001121,0.241487,0.001661,0.260752,0.001868,0,3.137995,21.304639,-0.000422,47.92,76,2459222.80431,16.0352,16.035253,-0.274,-9999999,2.045775,2.946172,0.832896,2.464564,1.083427,0.5,899.9966,-15.640233,12.84527,2021-01-08T07:08:39.900,-9999999,M2,106.21TJ.001,UNKNOWN,-9999999,HARPS_ech_obs_all,HARPS_ech_obs_wavesimult,STAR_WAVE_M1,1.0418551038646E-05,1.7149851555011E-06,1,0,0
GJ367,146.121045,-45.78148,2459224.70751,-4.14955,1.411457,47910.865519,1.451362,-5.192747,0.686271,47913.93885,0.543098,-12.406511,0.653598,-9.172454,12.637402,49.40341,4.512187,0.861223,0.001132,0.248303,0.001658,0.265621,0.001863,0,3.142172,21.367407,0.005142,47.92,76.5,2459224.70751,15.933138,15.933191,-0.621,-9999999,2.046399,1.053058,1.233386,1.026932,1.345918,0.5,899.9965,-9.148035,12.619352,2021-01-10T04:49:07.077,-9999999,M2,106.21TJ.001,UNKNOWN,-9999999,HARPS_ech_obs_all,HARPS_ech_obs_wavesimult,STAR_WAVE_M1,1.222598338865E-05,1.80245620078814E-06,1,0,0
GJ367,146.121045,-45.78148,2459225.6720924,-2.070774,1.461735,47909.145778,1.504494,-2.983759,0.784488,47912.448142,0.672309,-11.382193,0.760736,-16.527351,17.548167,50.566835,4.602163,0.850188,0.001293,0.239942,0.001936,0.260037,0.002249,0,3.136684,21.239471,0.004422,47.92,65.3,2459225.67209,15.841332,15.841384,0.019,-9999999,2.046716,1.18327,1.233389,1.255648,1.345921,0.51,899.9966,-16.44402,17.539576,2021-01-11T03:57:53.627,-9999999,M2,106.21TJ.001,UNKNOWN,-9999999,HARPS_ech_obs_all,HARPS_ech_obs_wavesimult,STAR_WAVE_M1,1.11356946528621E-05,2.50802754538546E-06,1,0,0
GJ367,146.121045,-45.78148,2459225.7721932,-2.758083,1.442882,47908.833786,1.486488,-3.487219,0.748747,47912.139152,0.630946,-12.110158,0.722265,-22.309423,15.918584,48.687688,4.438105,0.841769,0.001257,0.239099,0.001848,0.26066,0.002123,0,3.142288,21.419968,0.002446,47.92,68,2459225.77218,15.67012,15.670187,-0.038,-9999999,2.046748,1.367119,1.233404,1.258618,1.34594,0.51,899.9966,-22.288626,15.896779,2021-01-11T06:22:01.880,-9999999,M2,106.21TJ.001,UNKNOWN,-9999999,HARPS_ech_obs_all,HARPS_ech_obs_wavesimult,STAR_WAVE_M1,1.07044846919696E-05,2.05063511502724E-06,1,0,0
GJ367,146.121045,-45.78148,2459226.6734541,-3.091292,1.458469,47908.725624,1.501407,-3.917882,0.778385,47912.194107,0.665372,-12.30458,0.754594,-15.99767,12.984842,48.243421,4.521251,0.839791,0.001278,0.240082,0.001925,0.263113,0.002217,0,3.132036,21.296377,0.003879,47.92,65.7,2459226.67345,15.688627,15.688695,-0.098,-9999999,2.047044,1.269666,1.233389,1.421439,1.345921,0.51,899.9966,-16.039574,12.984618,2021-01-12T03:59:46.788,-9999999,M2,106.21TJ.001,UNKNOWN,-9999999,HARPS_ech_obs_all,HARPS_ech_obs_wavesimult,STAR_WAVE_M1,1.14579970288276E-05,1.51480449790618E-06,1,0,0
GJ367,146.121045,-45.78148,2459226.8466436,-1.47129,1.443698,47913.645691,1.486901,-1.979793,0.750228,47917.119368,0.631769,-8.76219,0.727332,-25.032916,12.549359,48.570972,4.638132,0.848291,0.001244,0.236166,0.001846,0.260045,0.002103,0,3.136628,21.32098,0.002728,47.92,68.4,2459226.84664,15.375553,15.375614,-0.118,-9999999,2.047101,1.587752,1.23346,1.426576,1.34601,0.5,899.9966,-25.093621,12.538653,2021-01-12T08:09:18.588,-9999999,M2,106.21TJ.001,UNKNOWN,-9999999,HARPS_ech_obs_all,HARPS_ech_obs_wavesimult,STAR_WAVE_M1,1.18599422552574E-05,1.99098317049534E-06,1,0,0
GJ367,146.121045,-45.78148,2459228.6927945,-3.229381,1.517564,47910.484524,1.577816,-3.236877,0.884171,47914.809342,0.823413,-10.546486,0.864887,-37.223823,10.843554,47.343496,4.541622,0.856731,0.001499,0.239327,0.002311,0.259523,0.002624,0,3.13461,21.356708,0.00137,47.92,57.1,2459228.69278,15.34125,15.341309,-0.179,-9999999,2.047706,2.08876,1.233386,2.277112,1.345918,0.51,899.9966,-37.29594,10.831218,2021-01-14T04:27:28.870,-9999999,M2,106.21TJ.001,UNKNOWN,-9999999,HARPS_ech_obs_all,HARPS_ech_obs_wavesimult,STAR_WAVE_M1,9.72958034342438E-06,1.31489360729133E-06,1,0,0
GJ367,146.121045,-45.78148,2459228.8599113,-3.326895,1.4211,47911.372847,1.460345,-3.027457,0.70574,47915.702677,0.566408,-10.818795,0.675495,-31.600785,10.515724,46.677419,4.745207,0.866525,0.001167,0.24084,0.001659,0.263537,0.001932,0,3.132544,21.320899,-0.000096,47.92,74.8,2459228.85991,15.03099,15.031019,-0.051,-9999999,2.047761,2.395693,1.233474,2.282069,1.346027,0.5,899.9966,-31.546505,10.503024,2021-01-14T08:28:16.027,-9999999,M2,106.21TJ.001,UNKNOWN,-9999999,HARPS_ech_obs_all,HARPS_ech_obs_wavesimult,STAR_WAVE_M1,1.13641765274521E-05,2.0064044903298E-06,1,0,0
GJ367,146.121045,-45.78148,2459229.6221544,-0.860204,1.41718,47912.106389,1.456856,-0.870123,0.697931,47916.45361,0.557552,-7.081376,0.669877,-21.416467,11.362631,45.222538,4.75323,0.849182,0.001142,0.232996,0.00165,0.255938,0.001874,0,3.135052,21.333249,0.003493,47.92,75.2,2459229.62215,15.272776,15.272826,-0.656,-9999999,2.048011,2.086336,1.233407,2.29921,1.345944,0.51,899.9966,-21.433837,11.360252,2021-01-15T02:45:41.519,-9999999,M2,106.21TJ.001,UNKNOWN,-9999999,HARPS_ech_obs_all,HARPS_ech_obs_wavesimult,STAR_WAVE_M1,1.06828841178089E-05,1.76465784523182E-06,1,0,0
GJ367,146.121045,-45.78148,2459229.6663008,-1.149156,1.441478,47912.443292,1.482107,-1.077994,0.746062,47916.791837,0.620591,-7.635025,0.718365,-18.212896,11.567132,45.214679,4.592889,0.846861,0.00125,0.228599,0.001807,0.255951,0.002075,0,3.135885,21.387671,0.003487,47.92,69.2,2459229.66629,15.216124,15.216181,-0.557,-9999999,2.048026,2.167417,1.23339,2.300519,1.345923,0.49,899.9966,-18.197631,11.562261,2021-01-15T03:49:33.572,-9999999,M2,106.21TJ.001,UNKNOWN,-9999999,HARPS_ech_obs_all,HARPS_ech_obs_wavesimult,STAR_WAVE_M1,1.04776001058453E-05,3.19541329924825E-06,1,0,0
GJ367,146.121045,-45.78148,2459229.7172043,0.284465,1.436761,47913.082224,1.478351,0.449118,0.736911,47917.432295,0.611575,-6.023289,0.707109,-20.027625,12.90177,46.226701,4.305951,0.849656,0.001268,0.227571,0.00179,0.257929,0.002064,0,3.146015,21.534866,0.003444,47.92,69.7,2459229.7172,15.132688,15.132743,-0.266,-9999999,2.048042,2.260908,1.233387,2.302029,1.345919,0.49,899.9966,-20.044481,12.897654,2021-01-15T05:02:51.418,-9999999,M2,106.21TJ.001,UNKNOWN,-9999999,HARPS_ech_obs_all,HARPS_ech_obs_wavesimult,STAR_WAVE_M1,1.14539590116729E-05,1.68979747816096E-06,1,0,0
GJ367,146.121045,-45.78148,2459229.7609817,-0.051739,1.46487,47911.248312,1.510683,0.193317,0.790298,47915.599697,0.686022,-7.67983,0.760829,-23.03466,11.967253,46.419299,4.596923,0.853624,0.001419,0.232974,0.001992,0.255743,0.002333,0,3.151164,21.691128,0.00616,47.92,63.6,2459229.76097,15.050988,15.051033,-0.384,-9999999,2.048057,2.341312,1.233399,2.303328,1.345934,0.51,899.9966,-23.012115,11.958377,2021-01-15T06:05:35.597,-9999999,M2,106.21TJ.001,UNKNOWN,-9999999,HARPS_ech_obs_all,HARPS_ech_obs_wavesimult,STAR_WAVE_M1,8.81642607169283E-06,1.23644651487757E-06,1,0,0
GJ367,146.121045,-45.78148,2459229.818018,1.015072,1.465588,47912.342871,1.507455,1.364883,0.791574,47916.695966,0.678796,-6.88317,0.762023,-16.263031,11.733858,47.369224,4.486374,0.861625,0.001391,0.236141,0.001967,0.260318,0.002273,0,3.145295,21.558622,0.004481,47.92,64.5,2459229.81801,14.940501,14.940548,-0.2,-9999999,2.048075,2.446067,1.233434,2.30502,1.345977,0.48,899.9966,-16.270227,11.734558,2021-01-15T07:28:10.286,-9999999,M2,106.21TJ.001,UNKNOWN,-9999999,HARPS_ech_obs_all,HARPS_ech_obs_wavesimult,STAR_WAVE_M1,1.24650001205606E-05,6.94285636340979E-06,1,0,0
GJ367,146.121045,-45.78148,2459229.8496149,-0.787001,1.426448,47911.365112,1.468038,-0.379157,0.716467,47915.719155,0.58599,-8.284191,0.687601,-32.191831,11.681077,45.842287,4.564294,0.855956,0.001238,0.235256,0.001717,0.259702,0.001986,0,3.148982,21.514785,0.005215,47.92,72.3,2459229.84961,14.881651,14.881683,-0.14,-9999999,2.048086,2.504099,1.233463,2.305957,1.346013,0.5,899.9965,-32.174497,11.680509,2021-01-15T08:13:22.125,-9999999,M2,106.21TJ.001,UNKNOWN,-9999999,HARPS_ech_obs_all,HARPS_ech_obs_wavesimult,STAR_WAVE_M1,9.65436408649279E-06,1.90616639183819E-06,1,0,0
GJ367,146.121045,-45.78148,2459230.6715741,-1.265071,0.996639,47912.545427,0.985476,0.545089,0.743491,47918.377008,0.618834,-6.684076,0.716112,-28.091397,10.910598,46.319605,4.729053,0.853336,0.001256,0.234121,0.001802,0.257081,0.002102,0,3.137759,21.4183,-0.000641,47.92,69.2,2459230.67156,15.037379,15.03744,-0.286,-9999999,2.048355,3.906415,0.66371,3.783226,0.766947,0.51,899.9966,-28.018538,10.911676,2021-01-16T03:56:46.862,-9999999,M2,106.21TJ.001,UNKNOWN,-9999999,HARPS_ech_obs_all,HARPS_ech_obs_wavesimult,STAR_WAVE_M1,1.05117860767718E-05,1.28353736853325E-06,1,0,0
GJ367,146.121045,-45.78148,2459230.7885383,-0.951372,0.940456,47911.432612,0.932653,1.073609,0.666248,47917.267702,0.530615,-7.365878,0.635511,-26.352492,10.597445,47.112217,4.449508,0.865856,0.001148,0.236399,0.001575,0.256814,0.001804,0,3.146067,21.531968,0.003289,47.92,78.1,2459230.78854,14.824903,14.824937,-0.3,-9999999,2.048394,4.121236,0.663755,3.786696,0.767,0.49,899.9965,-26.448056,10.598664,2021-01-16T06:45:30.063,-9999999,M2,106.21TJ.001,UNKNOWN,-9999999,HARPS_ech_obs_all,HARPS_ech_obs_wavesimult,STAR_WAVE_M1,1.10286063586386E-05,1.35625736084634E-06,1,0,0
GJ367,146.121045,-45.78148,2459231.7831121,4.526726,1.481478,47916.496175,1.529496,5.153785,0.820656,47921.307855,0.726487,-2.640807,0.798232,-11.238434,14.219155,43.637531,4.581977,0.856786,0.001431,0.235401,0.002107,0.262674,0.002417,0,3.140467,21.526943,0.002659,47.92,61.5,2459231.78311,14.658266,14.658309,-0.225,-9999999,2.04872,2.723314,1.23341,2.76296,1.345947,0.53,899.9966,-11.282623,14.22452,2021-01-17T06:37:01.019,-9999999,M2,106.21TJ.001,UNKNOWN,-9999999,HARPS_ech_obs_all,HARPS_ech_obs_wavesimult,STAR_WAVE_M1,-9999999,-9999999,-9999999,-9999999,-9999999
GJ367,146.121045,-45.78148,2459232.6628728,2.114032,1.208551,47914.195138,0.877972,3.385031,0.716897,47919.374237,0.586088,-3.76681,0.689464,-9.139941,10.811007,42.364262,4.369383,0.835992,0.001196,0.230972,0.001721,0.24135,0.001934,0,3.135651,21.412214,0.001238,47.92,72.1,2459232.66287,14.695032,14.695096,0.087,-9999999,2.049009,3.367254,0.972962,3.13009,0.653709,0.5,899.9965,-9.265851,10.817135,2021-01-18T03:44:15.645,-9999999,M2,106.21TJ.001,UNKNOWN,-9999999,HARPS_ech_obs_all,HARPS_ech_obs_wavesimult,STAR_WAVE_M1,9.12834515215514E-06,1.47066377190253E-06,1,0,0
GJ367,146.121045,-45.78148,2459232.719721,1.542975,1.183628,47914.271806,0.846607,2.918384,0.674039,47919.452609,0.537978,-4.567853,0.645124,-1.011245,10.247296,43.856649,4.597153,0.844643,0.001137,0.226265,0.001599,0.245176,0.001801,0,3.140338,21.48628,0.004477,47.92,77.3,2459232.71972,14.598573,14.598614,-0.319,-9999999,2.049027,3.471664,0.972958,3.131776,0.6537,0.49,899.9965,-1.116165,10.250242,2021-01-18T05:06:16.092,-9999999,M2,106.21TJ.001,UNKNOWN,-9999999,HARPS_ech_obs_all,HARPS_ech_obs_wavesimult,STAR_WAVE_M1,8.67520012472347E-06,1.46452144484769E-06,1,0,0
GJ367,146.121045,-45.78148,2459232.7812735,-2.676043,1.176821,47909.75438,0.83525,-1.187585,0.661974,47914.937029,0.519853,-7.748899,0.629418,-15.740289,11.363183,43.53458,4.500476,0.845593,0.001097,0.231849,0.001558,0.245234,0.001735,0,3.136533,21.494352,0.001584,47.92,79.8,2459232.78126,14.480122,14.480191,0.122,-9999999,2.049047,3.584713,0.972985,3.133602,0.653754,0.51,899.9965,-15.776561,11.356956,2021-01-18T06:34:35.971,-9999999,M2,106.21TJ.001,UNKNOWN,-9999999,HARPS_ech_obs_all,HARPS_ech_obs_wavesimult,STAR_WAVE_M1,9.63433530703099E-06,1.50045551362769E-06,1,0,0
GJ367,146.121045,-45.78148,2459232.8604946,-1.083887,1.242419,47910.070294,0.923037,0.550072,0.772493,47915.255319,0.651447,-6.1615,0.748736,-13.296135,11.594851,43.25609,4.661266,0.853117,0.001292,0.235501,0.00191,0.248828,0.00216,0,3.132921,21.326236,0.004024,47.92,67.1,2459232.86049,14.331429,14.331477,0.02,-9999999,2.049073,3.730214,0.973068,3.135952,0.653923,0.51,899.9966,-13.371655,11.605381,2021-01-18T08:28:40.341,-9999999,M2,106.21TJ.001,UNKNOWN,-9999999,HARPS_ech_obs_all,HARPS_ech_obs_wavesimult,STAR_WAVE_M1,1.20191607439414E-05,2.09645354734372E-06,1,0,0
GJ367,146.121045,-45.78148,2459233.7355341,-0.156862,1.41065,47913.259496,1.452099,0.275498,0.684603,47917.937127,0.545052,-6.74226,0.650881,0.069199,12.105805,42.993336,4.607208,0.850429,0.001167,0.232792,0.001638,0.248013,0.001836,0,3.142147,21.588117,0.004175,47.92,76.3,2459233.73553,14.383156,14.383204,0.031,-9999999,2.04936,2.528615,1.233391,2.628271,1.345923,0.5,899.9965,0.071877,12.098338,2021-01-19T05:28:49.121,-9999999,M2,106.21TJ.001,UNKNOWN,-9999999,HARPS_ech_obs_all,HARPS_ech_obs_wavesimult,STAR_WAVE_M1,9.39876504123126E-06,1.51840039926948E-06,1,0,0
GJ367,146.121045,-45.78148,2459233.858322,1.244052,1.420936,47913.87041,1.459805,1.901929,0.705412,47918.551724,0.56502,-6.050432,0.677755,-9.598551,12.580192,43.064728,4.690847,0.860202,0.001165,0.234824,0.001643,0.251668,0.00187,0,3.129874,21.300144,0.000099,47.92,75.3,2459233.85832,14.149329,14.149382,0.134,-9999999,2.049401,2.754132,1.233472,2.631913,1.346025,0.51,899.9966,-9.55144,12.581041,2021-01-19T08:25:28.488,-9999999,M2,106.21TJ.001,UNKNOWN,-9999999,HARPS_ech_obs_all,HARPS_ech_obs_wavesimult,STAR_WAVE_M1,1.04639623955298E-05,1.22117951121178E-06,1,0,0
GJ367,146.121045,-45.78148,2459236.7352238,-4.768974,1.577191,47907.940589,1.658927,-4.564859,0.982995,47912.238599,0.969809,-13.072048,0.969425,-24.980151,11.424087,45.109755,4.58394,0.840834,0.001698,0.230427,0.002634,0.246008,0.002969,0,3.137305,21.414457,0.002139,47.92,51.4,2459236.73522,13.80086,13.800901,-1.779,-9999999,2.050344,2.30037,1.23339,2.247666,1.345923,0.52,899.9965,-25.060862,11.384629,2021-01-22T05:27:52.179,-9999999,M2,106.21TJ.001,UNKNOWN,-9999999,HARPS_ech_obs_all,HARPS_ech_obs_wavesimult,STAR_WAVE_M1,1.09890472797176E-05,1.7704782445012E-06,1,0,0
GJ367,146.121045,-45.78148,2459237.626205,-1.632412,1.646666,47910.291114,1.642176,-1.797442,1.090972,47915.167778,1.142643,-9.897603,1.076859,-29.25667,12.574874,43.443672,5.099753,0.842669,0.001883,0.236296,0.003034,0.245473,0.003402,0,3.132616,21.437806,0.003377,47.92,46.3,2459237.6262,13.785008,13.785075,0.178,-9999999,2.050637,1.931225,1.233405,2.826027,1.179452,0.52,899.9965,-29.352979,12.565764,2021-01-23T02:50:49.454,-9999999,M2,106.21TJ.001,UNKNOWN,-9999999,HARPS_ech_obs_all,HARPS_ech_obs_wavesimult,STAR_WAVE_M1,1.27386589018935E-05,2.83256424632053E-06,1,0,0
GJ367,146.121045,-45.78148,2459237.7781137,-1.469969,1.435776,47911.794529,1.32464,-1.355998,0.734956,47916.675748,0.602955,-8.405363,0.7075,-21.431843,10.63972,41.916792,4.704928,0.852744,0.001261,0.228334,0.001774,0.242102,0.002009,0,3.136986,21.509316,0.006064,47.92,70.9,2459237.7781,13.513721,13.513791,-0.179,-9999999,2.050686,2.210226,1.233407,2.830533,1.179455,0.51,899.9965,-21.427664,10.625855,2021-01-23T06:29:42.769,-9999999,M2,106.21TJ.001,UNKNOWN,-9999999,HARPS_ech_obs_all,HARPS_ech_obs_wavesimult,STAR_WAVE_M1,9.3117915842141E-06,1.00522314840965E-06,1,0,0
GJ367,146.121045,-45.78148,2459237.8340642,-2.07704,1.427072,47911.524852,1.313599,-1.860308,0.717734,47916.40775,0.57818,-8.911309,0.689318,-29.908775,10.118388,41.987441,4.456987,0.863325,0.001208,0.23834,0.001695,0.247083,0.001927,0,3.13612,21.378659,0.002328,47.92,73.9,2459237.83406,13.406824,13.406895,-0.014,-9999999,2.050705,2.312987,1.233448,2.832193,1.179513,0.49,899.9966,-29.8485,10.108476,2021-01-23T07:50:34.671,-9999999,M2,106.21TJ.001,UNKNOWN,-9999999,HARPS_ech_obs_all,HARPS_ech_obs_wavesimult,STAR_WAVE_M1,1.38948303145188E-05,1.96664066858974E-06,1,0,0
GJ367,146.121045,-45.78148,2459238.619359,-4.441934,1.459836,47907.903872,1.660533,-5.532094,0.993398,47912.162055,0.972523,-12.849584,0.976101,-28.620292,8.983078,46.380204,4.594175,0.875617,0.001701,0.257662,0.002742,0.261572,0.003027,0,3.130166,21.30695,0.000541,47.92,51.5,2459238.61936,13.589875,13.589941,0.251,-9999999,2.050962,1.006096,1.069712,2.207221,1.345946,0.52,899.9965,-28.719759,8.954775,2021-01-24T02:40:54.100,-9999999,M2,106.21TJ.001,UNKNOWN,-9999999,HARPS_ech_obs_all,HARPS_ech_obs_wavesimult,STAR_WAVE_M1,1.9863202192055E-05,8.532271462189E-06,1,0,0
GJ367,146.121045,-45.78148,2459238.8578697,-3.874001,1.417835,47906.761977,1.605429,-4.526103,0.930494,47911.027314,0.874998,-13.357815,0.9121,-22.61787,11.083884,43.302518,4.355032,0.844203,0.001578,0.234809,0.002393,0.245433,0.002713,0,3.129097,21.337534,0.005039,47.92,55.2,2459238.85786,13.159129,13.159187,0.453,-9999999,2.051041,1.444153,1.069784,2.214296,1.346024,0.5,899.9966,-23.018338,10.982982,2021-01-24T08:24:38.511,-9999999,M2,106.21TJ.001,UNKNOWN,-9999999,HARPS_ech_obs_all,HARPS_ech_obs_wavesimult,STAR_WAVE_M1,9.91268785799201E-06,1.87690612662927E-06,1,0,0
GJ367,146.121045,-45.78148,2459239.6101076,-1.613147,1.320603,47911.126841,1.023105,-0.761432,0.738259,47916.624924,0.599594,-8.00595,0.709051,-23.474503,10.672622,43.275162,4.543283,0.838572,0.001225,0.229318,0.001753,0.236267,0.001978,0,3.131924,21.3717,-0.000719,47.92,71.4,2459239.6101,13.393893,13.39397,-0.522,-9999999,2.051287,2.94797,1.094973,3.446796,0.828994,0.49,899.9965,-23.413451,10.665814,2021-01-25T02:27:57.995,-9999999,M2,106.21TJ.001,UNKNOWN,-9999999,HARPS_ech_obs_all,HARPS_ech_obs_wavesimult,STAR_WAVE_M1,9.65405030806071E-06,1.57230383912712E-06,1,0,0
GJ367,146.121045,-45.78148,2459239.6769352,-0.011977,1.328939,47912.843192,1.036238,0.962476,0.753111,47918.343279,0.621808,-6.923899,0.726407,-25.01656,11.194636,44.287226,4.764332,0.863639,0.001292,0.23961,0.001847,0.249242,0.002073,0,3.138147,21.46571,0.001604,47.92,69,2459239.67693,13.291585,13.291668,-0.403,-9999999,2.051309,3.070708,1.094944,3.448778,0.828942,0.53,899.9965,-24.87161,11.156381,2021-01-25T04:03:35.648,-9999999,M2,106.21TJ.001,UNKNOWN,-9999999,HARPS_ech_obs_all,HARPS_ech_obs_wavesimult,STAR_WAVE_M1,9.21619879698407E-06,1.61647200314223E-06,1,0,0
GJ367,146.121045,-45.78148,2459239.75864,1.821745,1.369127,47914.575122,1.099193,2.94626,0.821937,47920.07766,0.721837,-5.518037,0.798398,-33.382459,13.368097,42.049535,4.647283,0.865989,0.001477,0.246479,0.002149,0.24901,0.002396,0,3.145302,21.623216,0.001153,47.92,61.6,2459239.75863,13.135399,13.135467,-0.351,-9999999,2.051336,3.22077,1.094955,3.451202,0.828962,0.5,899.9965,-33.502721,13.368272,2021-01-25T06:01:41.630,-9999999,M2,106.21TJ.001,UNKNOWN,-9999999,HARPS_ech_obs_all,HARPS_ech_obs_wavesimult,STAR_WAVE_M1,9.83286577024297E-06,1.65156993282908E-06,1,0,0
GJ367,146.121045,-45.78148,2459240.8350753,1.449136,1.682332,47916.095071,1.833295,1.045118,1.144048,47920.035004,1.244695,-6.689005,1.129103,-3.101909,11.740349,42.424534,4.539014,0.850714,0.002044,0.243496,0.003281,0.247868,0.003721,0,3.143456,21.574057,-0.000607,47.92,43.9,2459240.83507,12.774783,12.774862,-0.232,-9999999,2.051689,1.692237,1.233449,1.888244,1.345996,0.48,899.9965,-3.257358,11.753535,2021-01-26T07:51:59.602,-9999999,M2,106.21TJ.001,UNKNOWN,-9999999,HARPS_ech_obs_all,HARPS_ech_obs_wavesimult,STAR_WAVE_M1,9.98739963155403E-06,1.49975886956119E-06,1,0,0
GJ367,146.121045,-45.78148,2459242.7299332,2.902578,1.41523,47915.454736,1.137637,1.954306,0.693993,47919.013143,0.561253,-4.912277,0.661271,-29.202298,11.171996,42.822127,4.607833,0.844516,0.00121,0.231164,0.001658,0.24933,0.001899,0,3.14694,21.653431,0.002973,47.92,74.2,2459242.72993,12.539737,12.539795,0.624,-9999999,2.052311,1.147983,1.233389,1.506096,0.989552,0.49,1199.9965,-29.145981,11.175009,2021-01-28T05:17:52.383,-9999999,M2,60.A-9709(G),UNKNOWN,-9999999,HARPS_ech_obs_all,HARPS_ech_obs_wavesimult,STAR_WAVE_M1,8.71472303614769E-06,1.39934400673101E-06,1,0,0
GJ367,146.121045,-45.78148,2459242.7444584,3.146151,1.424028,47917.314318,1.148089,2.224556,0.711757,47920.87316,0.582137,-5.077852,0.680916,-10.14533,12.465279,44.11844,4.636652,0.849496,0.001263,0.232828,0.00173,0.255343,0.001991,0,3.146794,21.715878,0.000855,47.92,71.9,2459242.74445,12.510787,12.510852,0.42,-9999999,2.052315,1.174661,1.233393,1.506527,0.989558,0.51,1199.9965,-10.097819,12.470201,2021-01-28T05:38:23.304,-9999999,M2,60.A-9709(G),UNKNOWN,-9999999,HARPS_ech_obs_all,HARPS_ech_obs_wavesimult,STAR_WAVE_M1,8.91612356635587E-06,2.22643155292967E-06,1,0,0
GJ367,146.121045,-45.78148,2459243.6008313,2.844186,1.406928,47915.052458,1.185534,1.599359,0.676847,47918.902231,0.537126,-5.414483,0.646811,-28.840696,9.801135,43.024572,4.510744,0.841245,0.001133,0.237052,0.001597,0.251814,0.001808,0,3.137641,21.474693,0.004632,47.92,77.6,2459243.60082,12.537938,12.53801,0.146,-9999999,2.052596,0.851428,1.23342,1.797177,1.056876,0.51,899.9965,-28.791922,9.805028,2021-01-29T02:14:03.864,-9999999,M2,106.21TJ.001,UNKNOWN,-9999999,HARPS_ech_obs_all,HARPS_ech_obs_wavesimult,STAR_WAVE_M1,1.03282329151527E-05,1.38658753477648E-06,1,0,0
GJ367,146.121045,-45.78148,2459243.6586552,3.123562,1.424169,47914.881333,1.20489,1.984937,0.712041,47918.732841,0.578677,-5.158655,0.68087,-27.006128,9.570607,42.871724,4.62877,0.839686,0.001205,0.23099,0.001692,0.250011,0.001938,0,3.136851,21.518342,0.000255,47.92,72.8,2459243.65865,12.449757,12.449834,-0.061,-9999999,2.052615,0.95763,1.233392,1.798893,1.056832,0.5,899.9965,-27.031448,9.577645,2021-01-29T03:37:28.646,-9999999,M2,106.21TJ.001,UNKNOWN,-9999999,HARPS_ech_obs_all,HARPS_ech_obs_wavesimult,STAR_WAVE_M1,9.720200694683E-06,1.27099874089786E-06,1,0,0
GJ367,146.121045,-45.78148,2459243.6905718,1.610215,1.418313,47913.322142,1.197928,0.530209,0.700264,47917.174607,0.564054,-6.62882,0.668356,-31.422717,8.00517,43.293011,4.571997,0.840913,0.001206,0.229977,0.001657,0.253397,0.001914,0,3.144549,21.621175,0.001677,47.92,74.1,2459243.69057,12.391851,12.391908,0.172,-9999999,2.052626,1.016249,1.233387,1.799839,1.056823,0.5,899.9965,-31.470967,8.003935,2021-01-29T04:23:26.122,-9999999,M2,106.21TJ.001,UNKNOWN,-9999999,HARPS_ech_obs_all,HARPS_ech_obs_wavesimult,STAR_WAVE_M1,9.07162318378997E-06,1.72761400005291E-06,1,0,0
GJ367,146.121045,-45.78148,2459243.7415529,0.769357,1.422086,47914.324108,1.203444,-0.217015,0.707864,47918.178102,0.575659,-7.326629,0.674557,-28.698974,9.317839,43.505858,4.478505,0.842899,0.00126,0.231003,0.001709,0.252103,0.001968,0,3.154242,21.747952,0.005822,47.92,72.4,2459243.74154,12.291914,12.291983,0.117,-9999999,2.052642,1.109883,1.233392,1.801352,1.056832,0.5,899.9965,-28.807362,9.317401,2021-01-29T05:36:50.710,-9999999,M2,106.21TJ.001,UNKNOWN,-9999999,HARPS_ech_obs_all,HARPS_ech_obs_wavesimult,STAR_WAVE_M1,9.91485341869696E-06,1.60406055604171E-06,1,0,0
GJ367,146.121045,-45.78148,2459243.8372697,2.036179,1.425324,47913.270641,1.205905,1.225604,0.714246,47917.127506,0.580617,-6.534474,0.686814,-22.659778,9.484167,41.263791,4.362507,0.83897,0.001173,0.228472,0.001681,0.254432,0.001923,0,3.126618,21.303875,0.004772,47.92,73.8,2459243.83727,12.108434,12.108503,-0.014,-9999999,2.052674,1.28568,1.233451,1.804191,1.056925,0.49,899.9966,-22.799169,9.456995,2021-01-29T07:54:49.307,-9999999,M2,106.21TJ.001,UNKNOWN,-9999999,HARPS_ech_obs_all,HARPS_ech_obs_wavesimult,STAR_WAVE_M1,9.3983955009071E-06,1.39919265323386E-06,1,0,0
GJ367,146.121045,-45.78148,2459243.8788897,2.466849,1.443679,47913.81402,1.225012,1.732715,0.750132,47917.672133,0.619204,-6.608805,0.728256,-36.3879,9.6614,42.557965,4.694341,0.835991,0.001198,0.226331,0.001765,0.249842,0.002009,0,3.117786,21.145312,0.002498,47.92,70.4,2459243.87889,12.042375,12.042436,-0.403,-9999999,2.052687,1.362121,1.233496,1.805426,1.056996,0.49,899.9966,-36.495958,9.658191,2021-01-29T08:54:45.130,-9999999,M2,106.21TJ.001,UNKNOWN,-9999999,HARPS_ech_obs_all,HARPS_ech_obs_wavesimult,STAR_WAVE_M1,1.0146839135248E-05,2.09874197429976E-06,1,0,0
GJ367,146.121045,-45.78148,2459244.6078992,2.919213,1.339127,47914.668859,1.020938,1.167929,0.715262,47917.657507,0.580995,-6.53214,0.687756,-16.381065,11.495989,43.171598,4.487427,0.841296,0.001191,0.234021,0.001703,0.249441,0.001931,0,3.13319,21.374425,0.001124,47.92,72.9,2459244.60789,12.302605,12.302681,0.69,-9999999,2.052927,0.344971,1.132105,0.935721,0.8395,0.52,899.9966,-16.407178,11.501932,2021-01-30T02:24:01.990,-9999999,M2,106.21TJ.001,UNKNOWN,-9999999,HARPS_ech_obs_all,HARPS_ech_obs_wavesimult,STAR_WAVE_M1,1.02588957668223E-05,2.10062651813644E-06,1,0,0
GJ367,146.121045,-45.78148,2459244.6821827,2.372346,1.335024,47914.336489,1.014313,0.757494,0.7076,47917.327364,0.569355,-6.749898,0.676603,-30.039661,11.380481,42.897648,4.413905,0.839489,0.0012,0.229179,0.001691,0.250871,0.001917,0,3.139087,21.547991,0.002513,47.92,73.8,2459244.68217,12.179984,12.180067,0.809,-9999999,2.052951,0.481403,1.132074,0.937924,0.839444,0.49,899.9966,-30.124805,11.381085,2021-01-30T04:11:26.822,-9999999,M2,106.21TJ.001,UNKNOWN,-9999999,HARPS_ech_obs_all,HARPS_ech_obs_wavesimult,STAR_WAVE_M1,8.80285407333594E-06,9.96113827558603E-07,1,0,0
GJ367,146.121045,-45.78148,2459244.7477211,1.444026,1.345677,47914.298316,1.028596,-0.050456,0.727487,47917.291156,0.594408,-7.851353,0.696915,-21.143715,12.202944,42.292802,4.468132,0.837844,0.001265,0.227595,0.001765,0.248742,0.002005,0,3.147132,21.657801,0.00381,47.92,70.9,2459244.74772,12.051379,12.051434,0.799,-9999999,2.052972,0.601773,1.132081,0.939868,0.839457,0.5,899.9965,-21.239615,12.20372,2021-01-30T05:45:40.113,-9999999,M2,106.21TJ.001,UNKNOWN,-9999999,HARPS_ech_obs_all,HARPS_ech_obs_wavesimult,STAR_WAVE_M1,9.09389002660995E-06,2.02917809214152E-06,1,0,0
GJ367,146.121045,-45.78148,2459244.8145396,3.279494,1.326711,47915.674369,1.003539,1.907733,0.69171,47918.669214,0.549797,-5.622307,0.661579,-14.518141,11.431701,40.843499,4.588469,0.838781,0.001138,0.226194,0.0016,0.246124,0.001835,0,3.135067,21.419101,0.000811,47.92,76.8,2459244.81453,11.921171,11.92124,0.468,-9999999,2.052994,0.724495,1.132122,0.941851,0.839532,0.5,899.9965,-14.539494,11.433478,2021-01-30T07:21:52.998,-9999999,M2,106.21TJ.001,UNKNOWN,-9999999,HARPS_ech_obs_all,HARPS_ech_obs_wavesimult,STAR_WAVE_M1,9.41077294891817E-06,1.04384088711427E-06,1,0,0
GJ367,146.121045,-45.78148,2459244.8759131,3.306349,1.342505,47915.261432,1.019429,2.047309,0.721436,47918.258117,0.578115,-5.795275,0.700205,-2.206887,11.821454,43.490117,4.673818,0.842863,0.001134,0.233794,0.001657,0.246311,0.001872,0,3.120581,21.11598,0.000528,47.92,74.4,2459244.87591,11.819552,11.819617,0.213,-9999999,2.053014,0.837216,1.132188,0.943671,0.839653,0.49,899.9966,-2.193128,11.826644,2021-01-30T08:50:24.459,-9999999,M2,106.21TJ.001,UNKNOWN,-9999999,HARPS_ech_obs_all,HARPS_ech_obs_wavesimult,STAR_WAVE_M1,8.9903607542213E-06,1.02109998802451E-06,1,0,0
GJ367,146.121045,-45.78148,2459245.6262261,3.549164,1.516024,47919.484382,1.343026,-0.673064,0.881959,47920.367214,0.805807,-8.647418,0.858832,-8.428276,11.390497,42.743601,4.373881,0.831063,0.001515,0.229376,0.002267,0.250397,0.002588,0,3.139169,21.507767,-0.00002,47.92,57.4,2459245.62622,12.045946,12.046021,0.796,-9999999,2.053261,-2.125973,1.233077,-1.170429,1.074427,0.5,899.9965,-8.51485,11.391888,2021-01-31T02:50:39.918,-9999999,M2,106.21TJ.001,UNKNOWN,-9999999,HARPS_ech_obs_all,HARPS_ech_obs_wavesimult,STAR_WAVE_M1,9.75932174715184E-06,1.43273202953281E-06,1,0,0
GJ367,146.121045,-45.78148,2459245.6811334,2.679094,1.695403,47917.042642,1.669856,-1.442289,1.163596,47917.92712,1.278313,-9.600697,1.15057,-6.293687,14.203375,43.584007,4.538085,0.832456,0.002004,0.224725,0.003206,0.240162,0.003705,0,3.136408,21.446224,0.003937,47.92,43.2,2459245.68113,11.950898,11.950968,0.909,-9999999,2.053279,-2.025128,1.233059,-1.168801,1.0744,0.52,899.9965,-6.48667,14.198949,2021-01-31T04:09:25.727,-9999999,M2,106.21TJ.001,UNKNOWN,-9999999,HARPS_ech_obs_all,HARPS_ech_obs_wavesimult,STAR_WAVE_M1,8.05658815290784E-06,1.0928363170856E-06,1,0,0
GJ367,146.121045,-45.78148,2459245.7398757,1.878807,1.630671,47912.925936,1.547508,-2.134688,1.067072,47913.812176,1.113746,-9.660194,1.048983,-11.448166,13.831521,41.210287,4.837667,0.842345,0.001876,0.228712,0.002896,0.251129,0.003369,0,3.140485,21.565169,0.003592,47.92,46.7,2459245.73987,11.835508,11.835576,0.226,-9999999,2.053298,-1.917239,1.233064,-1.167058,1.074407,0.51,899.9965,-11.412916,13.831227,2021-01-31T05:34:09.855,-9999999,M2,106.21TJ.001,UNKNOWN,-9999999,HARPS_ech_obs_all,HARPS_ech_obs_wavesimult,STAR_WAVE_M1,7.45033098469278E-06,8.23063112719501E-07,1,0,0
GJ367,146.121045,-45.78148,2459245.7956121,2.817681,1.608757,47915.637301,1.500189,-1.093446,1.033242,47916.525212,1.046963,-8.984802,1.018992,-18.228022,13.046425,40.562877,4.600851,0.834017,0.001748,0.227164,0.002706,0.256726,0.003178,0,3.128873,21.398749,0.001277,47.92,49.1,2459245.79561,11.725211,11.725269,0.39,-9999999,2.053316,-1.814872,1.233089,-1.165405,1.074447,0.5,899.9965,-18.269363,13.046768,2021-01-31T06:54:34.290,-9999999,M2,106.21TJ.001,UNKNOWN,-9999999,HARPS_ech_obs_all,HARPS_ech_obs_wavesimult,STAR_WAVE_M1,9.51865951011877E-06,1.28340187489566E-06,1,0,0
GJ367,146.121045,-45.78148,2459246.603611,-3.771315,1.490425,47910.430445,1.533865,-5.110295,0.836688,47913.607298,0.735622,-12.518265,0.818031,-8.867601,10.302371,42.859297,4.71344,0.838227,0.001402,0.230303,0.002072,0.249556,0.002417,0,3.135026,21.397082,0.0025,47.92,61.2,2459246.6036,11.84613,11.846206,0.709,-9999999,2.053581,0.757275,1.233418,1.123272,1.345958,0.5,899.9966,-8.818529,10.282685,2021-02-01T02:18:02.665,-9999999,M2,106.21TJ.001,UNKNOWN,-9999999,HARPS_ech_obs_all,HARPS_ech_obs_wavesimult,STAR_WAVE_M1,8.95934877162359E-06,1.67936769016028E-06,1,0,0
GJ367,146.121045,-45.78148,2459246.6704053,-3.759274,1.499441,47910.108229,1.549816,-4.975577,0.852686,47913.287085,0.768391,-13.152395,0.831043,-18.312236,9.761933,42.169182,4.617979,0.838595,0.001487,0.227956,0.002156,0.253958,0.002507,0,3.139373,21.556801,0.000116,47.92,59.1,2459246.6704,11.73642,11.736487,0.241,-9999999,2.053603,0.879952,1.233389,1.125253,1.345922,0.5,899.9965,-18.30639,9.735839,2021-02-01T03:54:13.472,-9999999,M2,106.21TJ.001,UNKNOWN,-9999999,HARPS_ech_obs_all,HARPS_ech_obs_wavesimult,STAR_WAVE_M1,1.07541990356441E-05,1.47926550705457E-06,1,0,0
GJ367,146.121045,-45.78148,2459246.7411464,0.443192,1.481023,47914.153615,1.526071,-0.643185,0.819862,47917.334593,0.719289,-8.182598,0.795199,-10.026324,12.624321,41.787275,4.543633,0.840993,0.001437,0.232475,0.002062,0.254067,0.002382,0,3.144688,21.611974,0.003436,47.92,61.6,2459246.74114,11.597861,11.597936,-0.096,-9999999,2.053626,1.009878,1.233392,1.127352,1.345925,0.5,899.9965,-10.029508,12.624349,2021-02-01T05:36:05.267,-9999999,M2,106.21TJ.001,UNKNOWN,-9999999,HARPS_ech_obs_all,HARPS_ech_obs_wavesimult,STAR_WAVE_M1,8.99739668939446E-06,1.55154442982384E-06,1,0,0
GJ367,146.121045,-45.78148,2459246.787869,0.982318,1.500852,47914.705789,1.54599,-0.018247,0.855131,47917.888169,0.760592,-7.068875,0.835652,-21.167746,14.602377,42.668348,4.358067,0.836633,0.001446,0.232486,0.002128,0.247612,0.002431,0,3.132661,21.422229,0.003832,47.92,60,2459246.78786,11.50507,11.505159,-0.061,-9999999,2.053642,1.09569,1.233413,1.128738,1.345951,0.5,899.9965,-21.184885,14.605912,2021-02-01T06:43:21.941,-9999999,M2,106.21TJ.001,UNKNOWN,-9999999,HARPS_ech_obs_all,HARPS_ech_obs_wavesimult,STAR_WAVE_M1,8.74729912380039E-06,1.66035221994379E-06,1,0,0
GJ367,146.121045,-45.78148,2459246.8481808,0.83842,1.531714,47915.149211,1.589895,-0.051374,0.908141,47918.333399,0.846179,-7.802783,0.890106,-14.442483,12.516821,42.599311,4.661848,0.838041,0.001502,0.226255,0.002286,0.247897,0.002611,0,3.126182,21.227628,0.005048,47.92,56.5,2459246.84817,11.396961,11.397029,0.015,-9999999,2.053661,1.206461,1.233461,1.130527,1.346012,0.48,779.9965,-14.600297,12.587355,2021-02-01T08:11:28.285,-9999999,M2,106.21TJ.001,UNKNOWN,-9999999,HARPS_ech_obs_all,HARPS_ech_obs_wavesimult,STAR_WAVE_M1,7.30915657544759E-06,7.80197156072065E-07,1,0,0
GJ367,146.121045,-45.78148,2459247.6144238,-1.935985,1.466754,47911.271168,1.507433,-3.264412,0.793765,47914.356351,0.678804,-11.701064,0.772183,-14.578768,11.527394,40.683081,4.421096,0.834689,0.001324,0.230349,0.00194,0.247431,0.002216,0,3.130024,21.395491,0.001003,47.92,64.6,2459247.61442,11.59379,11.593867,0.339,-9999999,2.053913,0.767829,1.233411,1.03127,1.345949,0.52,1199.9965,-14.578415,11.521742,2021-02-02T02:30:39.536,-9999999,M2,106.21TJ.001,UNKNOWN,-9999999,HARPS_ech_obs_all,HARPS_ech_obs_wavesimult,STAR_WAVE_M1,9.04196576285656E-06,1.22008764181134E-06,1,0,0
GJ367,146.121045,-45.78148,2459247.6860073,-2.299558,1.442043,47911.790408,1.481372,-3.496512,0.747158,47914.877737,0.618843,-10.644042,0.719607,-25.36469,13.150918,42.328073,4.5856,0.836616,0.001261,0.22578,0.001802,0.249753,0.002058,0,3.136449,21.481687,0.003154,47.92,69.1,2459247.68601,11.468949,11.469014,-0.103,-9999999,2.053936,0.899301,1.233387,1.033393,1.345919,0.45,1199.9965,-25.477491,13.150698,2021-02-02T04:15:08.120,-9999999,M2,106.21TJ.001,UNKNOWN,-9999999,HARPS_ech_obs_all,HARPS_ech_obs_wavesimult,STAR_WAVE_M1,9.75141606766837E-06,1.34370059489164E-06,1,0,0
GJ367,146.121045,-45.78148,2459247.7552665,-2.378052,1.720879,47910.146817,1.873916,-3.447802,1.200065,47913.236224,1.303852,-11.538829,1.188307,-38.998457,14.646197,46.953172,4.522157,0.830996,0.001998,0.237861,0.003289,0.255453,0.003751,0,3.12903,21.334918,0.00238,47.92,43,2459247.75526,11.330865,11.330953,0.138,-9999999,2.053959,1.026506,1.233397,1.035448,1.345931,0.55,1559.9965,-38.695149,14.530158,2021-02-02T05:49:33.890,-9999999,M2,106.21TJ.001,UNKNOWN,-9999999,HARPS_ech_obs_all,HARPS_ech_obs_wavesimult,STAR_WAVE_M1,9.96179214579673E-06,3.05995680011784E-06,1,0,0
GJ367,146.121045,-45.78148,2459249.6036791,-4.68362,1.496529,47908.678515,3.137242,-6.340796,0.847513,47911.251988,2.833846,-14.289244,0.821954,-10.338526,12.121896,41.82095,4.624704,0.8344,0.001439,0.226812,0.002154,0.242202,0.00246,0,3.128473,21.429686,0.002542,47.92,59.7,2459249.60367,11.125901,11.125979,0,-9999999,2.054565,0.43908,1.233418,0.518908,1.345958,0.49,1199.9966,-10.398193,12.108772,2021-02-04T02:15:40.801,-9999999,M2,106.21TJ.001,UNKNOWN,-9999999,HARPS_ech_obs_all,HARPS_ech_obs_objAB,STAR_SKY_M1,8.49797494123848E-06,1.28506304814733E-06,1,0,0
GJ367,146.121045,-45.78148,2459249.6958945,-2.535951,1.435037,47909.862718,2.78938,-4.02376,0.733545,47912.438957,2.443183,-11.547446,0.700054,-23.410834,12.156635,41.935858,4.510273,0.839105,0.001257,0.226634,0.001756,0.245709,0.002019,0,3.141162,21.569496,-0.003214,47.92,70.1,2459249.69588,10.962644,10.962737,0,-9999999,2.054595,0.608446,1.233386,0.521644,1.345918,0.52,1199.9965,-23.416055,12.147494,2021-02-04T04:27:51.921,-9999999,M2,106.21TJ.001,UNKNOWN,-9999999,HARPS_ech_obs_all,HARPS_ech_obs_objAB,STAR_SKY_M1,9.25152395731444E-06,1.44046747220698E-06,1,0,0
GJ367,146.121045,-45.78148,2459249.7551791,-3.769194,1.413665,47909.693672,2.640582,-5.148119,0.690783,47912.271689,2.271815,-12.16794,0.653879,-19.142675,11.637872,42.028427,4.499984,0.837065,0.001193,0.222158,0.001601,0.245743,0.00185,0,3.147786,21.664744,0.002965,47.92,75.3,2459249.75517,10.843323,10.843414,0,-9999999,2.054615,0.71733,1.233397,0.523402,1.345931,0.51,1199.9966,-19.07641,11.627823,2021-02-04T05:53:25.920,-9999999,M2,106.21TJ.001,UNKNOWN,-9999999,HARPS_ech_obs_all,HARPS_ech_obs_objAB,STAR_SKY_M1,8.49989750198867E-06,1.10605587101818E-06,1,0,0
GJ367,146.121045,-45.78148,2459249.7994252,-5.493968,1.408164,47907.087142,2.613863,-6.791629,0.679412,47909.666486,2.240685,-13.773406,0.647209,-16.88791,12.444821,40.951158,4.452543,0.832985,0.00113,0.217279,0.001528,0.245801,0.001783,0,3.13407,21.46737,0.000541,47.92,77.7,2459249.79942,10.757222,10.757296,0,-9999999,2.054629,0.798594,1.23342,0.524715,1.34596,0.51,1199.9966,-16.90151,12.436218,2021-02-04T06:57:08.647,-9999999,M2,106.21TJ.001,UNKNOWN,-9999999,HARPS_ech_obs_all,HARPS_ech_obs_objAB,STAR_SKY_M1,9.13475395505354E-06,1.25347651394669E-06,1,0,0
GJ367,146.121045,-45.78148,2459249.8633913,-6.272166,1.417202,47906.039414,2.649935,-7.452344,0.697851,47908.620676,2.28262,-14.54559,0.669951,-27.321041,13.642935,42.74125,4.61745,0.83408,0.001103,0.221649,0.001578,0.242277,0.001791,0,3.119251,21.155778,0.002279,47.92,76.8,2459249.86339,10.650095,10.650159,0,-9999999,2.05465,0.916077,1.233477,0.526612,1.346032,0.49,1199.9966,-27.248568,13.61668,2021-02-04T08:29:39.119,-9999999,M2,106.21TJ.001,UNKNOWN,-9999999,HARPS_ech_obs_all,HARPS_ech_obs_objAB,STAR_SKY_M1,9.19994251280152E-06,1.54273351846936E-06,1,0,0
GJ367,146.121045,-45.78148,2459250.5991778,-6.974693,1.513211,47906.966136,3.333498,-6.199625,0.915568,47910.394702,3.074553,-14.368155,0.890228,-9.293263,9.862193,41.045754,4.620216,0.836443,0.001558,0.222193,0.002323,0.242042,0.002674,0,3.130926,21.388699,0.002981,47.92,55.4,2459250.59917,10.885376,10.885461,0,-9999999,2.054892,2.871323,1.204801,1.373674,1.288151,0.52,1199.9966,-9.171607,9.839518,2021-02-05T02:08:32.789,-9999999,M2,106.21TJ.001,UNKNOWN,-9999999,HARPS_ech_obs_all,HARPS_ech_obs_objAB,STAR_SKY_M1,8.5589310093587E-06,1.23357991043415E-06,1,0,0
GJ367,146.121045,-45.78148,2459250.675235,-5.457389,1.480972,47909.536901,3.176172,-4.542631,0.861286,47912.967749,2.903247,-11.862363,0.834393,-13.250102,10.531774,42.910931,4.744418,0.836512,0.001529,0.221524,0.002169,0.241906,0.002505,0,3.143834,21.62479,0.007771,47.92,58.7,2459250.67522,10.754283,10.75437,0,-9999999,2.054917,3.011013,1.204767,1.375931,1.288108,0.51,1199.9965,-13.195137,10.525504,2021-02-05T03:58:15.897,-9999999,M2,106.21TJ.001,UNKNOWN,-9999999,HARPS_ech_obs_all,HARPS_ech_obs_objAB,STAR_SKY_M1,9.17476255331235E-06,1.17103338392052E-06,1,0,0
GJ367,146.121045,-45.78148,2459250.7192863,-6.642944,1.500991,47908.543488,3.308214,-5.64728,0.895273,47911.975656,3.047139,-12.627288,0.866172,-16.976859,11.398582,40.031525,4.525845,0.838853,0.001622,0.231012,0.002374,0.251359,0.002702,0,3.146304,21.706332,0.003901,47.92,55.8,2459250.71928,10.666767,10.66686,0,-9999999,2.054931,3.091919,1.204766,1.377237,1.288107,0.49,1199.9966,-16.946645,11.393444,2021-02-05T05:02:05.794,-9999999,M2,106.21TJ.001,UNKNOWN,-9999999,HARPS_ech_obs_all,HARPS_ech_obs_objAB,STAR_SKY_M1,9.98977859210384E-06,1.53403368229838E-06,1,0,0
GJ367,146.121045,-45.78148,2459250.8407861,-7.537358,1.449669,47908.408621,2.978018,-6.318543,0.806172,47911.844434,2.684985,-13.730999,0.777813,-15.862301,11.447444,40.844311,4.555991,0.826887,0.001348,0.219723,0.001945,0.240568,0.002238,0,3.127584,21.382588,0.002558,47.92,64.6,2459250.84077,10.436435,10.43652,0,-9999999,2.054971,3.31507,1.204834,1.380842,1.288194,0.52,1199.9965,-15.810219,11.414882,2021-02-05T07:56:27.001,-9999999,M2,106.21TJ.001,UNKNOWN,-9999999,HARPS_ech_obs_all,HARPS_ech_obs_objAB,STAR_SKY_M1,7.99666332143169E-06,1.2800443637206E-06,1,0,0
GJ367,146.121045,-45.78148,2459251.6285798,-1.095474,1.407281,47913.661139,2.617117,-2.510006,0.677609,47916.415464,2.244493,-9.253638,0.643591,-3.757637,13.449771,40.916233,4.648076,0.836188,0.001143,0.221851,0.00156,0.250004,0.001795,0,3.137389,21.48445,0.004159,47.92,77.7,2459251.62857,10.587677,10.58776,0,-9999999,2.055229,0.681723,1.233404,0.699096,1.34594,0.51,1199.9965,-3.797672,13.452211,2021-02-06T02:51:01.989,-9999999,M2,106.21TJ.001,UNKNOWN,-9999999,HARPS_ech_obs_all,HARPS_ech_obs_objAB,STAR_SKY_M1,-9999999,-9999999,-9999999,-9999999,-9999999
GJ367,146.121045,-45.78148,2459251.7158118,-2.560522,1.384293,47912.427548,2.443798,-3.814841,0.628509,47915.184489,2.039767,-10.507416,0.588429,6.215361,12.68375,42.330721,4.412536,0.839071,0.001063,0.220605,0.001395,0.247827,0.001622,0,3.14582,21.616457,0.002168,47.92,85.7,2459251.71581,10.421274,10.421358,0,-9999999,2.055258,0.841937,1.233387,0.701683,1.345919,0.53,1199.9965,6.170198,12.679081,2021-02-06T04:56:14.570,-9999999,M2,106.21TJ.001,UNKNOWN,-9999999,HARPS_ech_obs_all,HARPS_ech_obs_objAB,STAR_SKY_M1,9.21430575306011E-06,1.48638174626445E-06,1,0,0
GJ367,146.121045,-45.78148,2459251.8001003,-2.818979,1.391321,47911.317449,2.491915,-3.91849,0.643777,47914.076919,2.097148,-11.595738,0.607847,7.371677,14.127102,40.610181,4.518203,0.835845,0.00104,0.219662,0.001385,0.245735,0.001606,0,3.127573,21.340952,0.001365,47.92,84.8,2459251.80009,10.254747,10.254833,0,-9999999,2.055286,0.996744,1.23342,0.704184,1.345961,0.49,1199.9965,7.376442,14.119247,2021-02-06T06:58:24.850,-9999999,M2,106.21TJ.001,UNKNOWN,-9999999,HARPS_ech_obs_all,HARPS_ech_obs_objAB,STAR_SKY_M1,8.46557921300907E-06,1.29706024830865E-06,1,0,0
GJ367,146.121045,-45.78148,2459251.8476153,-2.326739,1.421279,47912.986381,2.692967,-3.338982,0.706123,47915.747275,2.332451,-11.499888,0.677314,17.857714,12.730718,39.879333,4.607693,0.840405,0.001132,0.221232,0.001565,0.246512,0.001816,0,3.120635,21.170911,0.002434,47.92,76.2,2459251.84762,10.173965,10.174037,0,-9999999,2.055301,1.084012,1.233461,0.705593,1.346011,0.5,1199.9965,17.911375,12.716466,2021-02-06T08:06:38.003,-9999999,M2,106.21TJ.001,UNKNOWN,-9999999,HARPS_ech_obs_all,HARPS_ech_obs_objAB,STAR_SKY_M1,8.9848693773185E-06,1.16767165210277E-06,1,0,0
GJ367,146.121045,-45.78148,2459256.7607813,2.950956,1.309845,47915.346929,2.341503,1.837344,0.624712,47918.831176,2.026746,-5.765131,0.589683,6.50202,12.438335,40.621705,4.70497,0.831429,0.001015,0.221525,0.001355,0.23948,0.001527,0,3.13065,21.359719,0.000669,47.92,88.8,2459256.76077,9.017964,9.018042,0,-9999999,2.056913,0.982643,1.151272,1.427334,1.172578,0.5,1199.9965,6.465676,12.445399,2021-02-11T06:01:21.750,-9999999,M2,106.21TJ.001,UNKNOWN,-9999999,HARPS_ech_obs_all,HARPS_ech_obs_objAB,STAR_SKY_M1,8.28189245366658E-06,1.55414866922489E-06,1,0,0
GJ367,146.121045,-45.78148,2459257.7320242,-3.20511,1.366438,47910.44483,2.309049,-4.759101,0.588134,47912.33498,1.87622,-10.678332,0.548096,-27.015379,12.795155,41.59805,4.494631,0.837174,0.000953,0.225155,0.001248,0.239453,0.00141,0,3.138558,21.432013,0.001055,47.92,96.3,2459257.73202,8.803989,8.80408,0,-9999999,2.057231,0.542264,1.23339,-0.167081,1.345922,0.5,1199.9965,-27.066704,12.785841,2021-02-12T05:19:54.628,-9999999,M2,106.21TJ.001,UNKNOWN,-9999999,HARPS_ech_obs_all,HARPS_ech_obs_objAB,STAR_SKY_M1,9.51651825499478E-06,1.52175575210464E-06,1,0,0
GJ367,146.121045,-45.78148,2459261.6586864,-0.185842,1.415911,47915.860833,2.610351,-2.152288,0.695376,47917.979713,2.300806,-8.678584,0.659197,-32.312629,11.837107,44.123718,4.631037,0.846552,0.001201,0.227113,0.001612,0.251163,0.001862,0,3.14211,21.535154,0.001938,47.92,75.7,2459261.65868,7.84217,7.842269,0,-9999999,2.058519,0.129809,1.233392,0.060361,1.232975,0.52,1199.9965,-32.33095,11.826525,2021-02-16T03:33:44.832,-9999999,M2,106.21TJ.001,UNKNOWN,-9999999,HARPS_ech_obs_all,HARPS_ech_obs_objAB,STAR_SKY_M1,-9999999,-9999999,-9999999,-9999999,-9999999
GJ367,146.121045,-45.78148,2459261.7617364,-3.708451,1.488277,47911.923718,3.050902,-5.485632,0.832883,47914.045689,2.790655,-13.059534,0.802214,-15.059871,12.135888,42.503761,4.395751,0.841512,0.00144,0.226033,0.002021,0.250104,0.002346,0,3.135988,21.414008,0.001334,47.92,62.4,2459261.76174,7.633571,7.633658,0,-9999999,2.058553,0.319075,1.233399,0.063418,1.232984,0.46,1199.9965,-15.040686,12.117601,2021-02-16T06:03:20.126,-9999999,M2,106.21TJ.001,UNKNOWN,-9999999,HARPS_ech_obs_all,HARPS_ech_obs_objAB,STAR_SKY_M1,8.62734767397131E-06,1.27429696406729E-06,1,0,0
GJ367,146.121045,-45.78148,2459261.8583062,-2.905612,1.664915,47913.130688,3.890799,-4.505429,1.118252,47915.255556,3.690233,-13.583326,1.09684,-13.959147,13.71269,41.084017,4.494309,0.8464,0.001932,0.235579,0.003045,0.251615,0.003502,0,3.126382,21.36284,0.006409,47.92,45.3,2459261.8583,7.476887,7.476974,0,-9999999,2.058585,0.496438,1.233472,0.066283,1.233083,0.47,1199.9965,-13.947952,13.698998,2021-02-16T08:22:11.541,-9999999,M2,106.21TJ.001,UNKNOWN,-9999999,HARPS_ech_obs_all,HARPS_ech_obs_objAB,STAR_SKY_M1,1.06010438311127E-05,1.49630759846592E-06,1,0,0
GJ367,146.121045,-45.78148,2459262.5401946,-1.880735,1.629092,47912.802773,3.750538,-4.167608,1.064182,47916.081331,3.532601,-11.59618,1.035871,-15.599957,11.15659,44.969379,4.581508,0.83682,0.00183,0.229063,0.002825,0.250322,0.003274,0,3.130054,21.360937,0.0026,47.92,47.7,2459262.54019,7.760856,7.760938,0,-9999999,2.058808,-0.190618,1.233474,1.21975,1.259867,0.54,1199.9965,-15.356289,11.114058,2021-02-17T00:42:41.202,-9999999,M2,106.21TJ.001,UNKNOWN,-9999999,HARPS_ech_obs_all,HARPS_ech_obs_objAB,STAR_SKY_M1,8.60350812867067E-06,1.00747687222896E-06,1,0,0
GJ367,146.121045,-45.78148,2459262.6294255,-1.990087,1.425205,47910.214672,2.681986,-4.113075,0.71409,47913.495907,2.367704,-11.603086,0.679405,-16.553658,7.925358,45.345342,4.564743,0.834742,0.001201,0.22792,0.00165,0.250308,0.0019,0,3.137641,21.428148,0.003843,47.92,74.1,2459262.62942,7.616341,7.616426,0,-9999999,2.058838,-0.026733,1.233403,1.222397,1.259773,0.52,1199.9965,-16.541184,7.910338,2021-02-17T02:51:34.557,-9999999,M2,106.21TJ.001,UNKNOWN,-9999999,HARPS_ech_obs_all,HARPS_ech_obs_objAB,STAR_SKY_M1,8.86412936486364E-06,1.50006338922314E-06,1,0,0
GJ367,146.121045,-45.78148,2459263.5626178,3.050986,1.430502,47919.927792,2.673871,0.806756,0.724525,47919.257733,2.397118,-7.802632,0.695813,-10.732276,12.944428,45.181953,4.788466,0.843511,0.00121,0.227588,0.001711,0.254418,0.001962,0,3.136874,21.357423,0.005053,47.92,72.5,2459263.56261,7.446655,7.446748,0,-9999999,2.059144,-0.147975,1.233451,-2.729203,1.184656,0.52,1199.9965,-10.753942,12.943293,2021-02-18T01:15:20.387,-9999999,M2,106.21TJ.001,UNKNOWN,-9999999,HARPS_ech_obs_all,HARPS_ech_obs_objAB,STAR_SKY_M1,9.03939883582268E-06,3.44561544942615E-06,1,0,0
GJ367,146.121045,-45.78148,2459263.6407234,1.460992,1.36552,47916.705,2.190999,-0.639786,0.585981,47916.037283,1.843161,-8.108486,0.542661,-4.707606,12.48139,45.781233,4.51037,0.857903,0.000954,0.237326,0.001291,0.255605,0.001467,0,3.144046,21.485731,0.001426,47.92,94.9,2459263.64072,7.309511,7.309598,0,-9999999,2.059169,-0.004523,1.233398,-2.726886,1.184581,0.52,1199.9964,-4.788252,12.487283,2021-02-18T03:07:48.555,-9999999,M2,106.21TJ.001,UNKNOWN,-9999999,HARPS_ech_obs_all,HARPS_ech_obs_objAB,STAR_SKY_M1,9.92944209515037E-06,1.27267394708009E-06,1,0,0
GJ367,146.121045,-45.78148,2459263.7195374,0.665485,1.394034,47919.205898,2.432632,-1.290541,0.649682,47918.540545,2.124736,-8.651548,0.613958,0.366996,12.637682,44.341505,4.680084,0.841595,0.001068,0.229268,0.001469,0.255686,0.00168,0,3.133849,21.388172,0.000333,47.92,83.1,2459263.71953,7.14885,7.148934,0,-9999999,2.059195,0.14023,1.233388,-2.724548,1.184566,0.5,1199.9966,0.33696,12.634619,2021-02-18T05:01:41.919,-9999999,M2,106.21TJ.001,UNKNOWN,-9999999,HARPS_ech_obs_all,HARPS_ech_obs_objAB,STAR_SKY_M1,9.9610629195645E-06,1.45357339429081E-06,1,0,0
GJ367,146.121045,-45.78148,2459263.7709058,0.216631,1.474805,47918.782464,2.966366,-1.645049,0.808558,47918.118652,2.719573,-9.08698,0.781764,5.727429,14.632242,44.783545,4.340554,0.849448,0.001363,0.237247,0.001982,0.259817,0.002283,0,3.128982,21.248572,-0.004964,47.92,64.2,2459263.77091,7.047976,7.048043,0,-9999999,2.059212,0.234575,1.233403,-2.723024,1.184589,0.51,1199.9965,5.741105,14.629856,2021-02-18T06:15:28.040,-9999999,M2,106.21TJ.001,UNKNOWN,-9999999,HARPS_ech_obs_all,HARPS_ech_obs_objAB,STAR_SKY_M1,9.03478861199725E-06,1.02219150144204E-06,1,0,0
GJ367,146.121045,-45.78148,2459265.5927988,3.536786,1.391323,47919.475585,2.245871,1.467306,0.643772,47921.176946,2.09469,-5.049462,0.607724,-28.854635,11.722477,45.866661,4.602391,0.83624,0.001065,0.232735,0.001449,0.256529,0.001672,0,3.143093,21.442781,0.001019,47.92,83.5,2459265.59279,6.824153,6.824248,0,-9999999,2.05981,0.026776,1.233426,-0.358449,0.810069,0.5,1199.9965,-28.777869,11.728033,2021-02-20T01:59:07.958,-9999999,M2,106.21TJ.001,UNKNOWN,-9999999,HARPS_ech_obs_all,HARPS_ech_obs_objAB,STAR_SKY_M1,9.99564181876014E-06,1.78912089832431E-06,1,0,0
GJ367,146.121045,-45.78148,2459265.6950181,5.561601,1.420132,47921.96697,2.46034,3.679861,0.703942,47923.671396,2.323186,-3.905491,0.668597,-20.307426,12.213993,46.279725,4.551161,0.844004,0.001213,0.230453,0.001657,0.258061,0.001904,0,3.146825,21.557128,0.000546,47.92,74.8,2459265.69501,6.623035,6.62312,0,-9999999,2.059843,0.214516,1.233386,-0.355417,0.809988,0.52,1199.9965,-20.368282,12.217111,2021-02-20T04:25:55.509,-9999999,M2,106.21TJ.001,UNKNOWN,-9999999,HARPS_ech_obs_all,HARPS_ech_obs_objAB,STAR_SKY_M1,1.03530639079958E-05,1.43419677281712E-06,1,0,0
GJ367,146.121045,-45.78148,2459265.7615732,3.150177,1.379136,47917.904837,2.138844,1.390675,0.617043,47919.611259,1.979528,-5.502532,0.581345,-28.280536,12.763828,44.418383,4.480688,0.83852,0.000985,0.230328,0.001346,0.252707,0.001548,0,3.131254,21.29848,0.00264,47.92,89.7,2459265.76156,6.490027,6.490112,0,-9999999,2.059865,0.336753,1.233399,-0.353443,0.810015,0.5,1199.9965,-28.359998,12.762897,2021-02-20T06:02:09.744,-9999999,M2,106.21TJ.001,UNKNOWN,-9999999,HARPS_ech_obs_all,HARPS_ech_obs_objAB,STAR_SKY_M1,9.71726850534155E-06,1.24865627110951E-06,1,0,0
GJ367,146.121045,-45.78148,2459267.5752177,4.921738,1.386858,47921.1027,2.442761,2.765681,0.634036,47919.878141,2.046014,-4.297424,0.5967,-28.84994,15.406457,47.930632,4.471405,0.838726,0.001035,0.23482,0.001414,0.258524,0.00163,0,3.140925,21.351511,0.001225,47.92,85.5,2459267.57521,6.273954,6.274045,0,-9999999,2.06046,-0.059802,1.233439,-3.285019,1.334506,0.52,1199.9966,-28.842653,15.40851,2021-02-22T01:33:21.309,-9999999,M2,106.21TJ.001,UNKNOWN,-9999999,HARPS_ech_obs_all,HARPS_ech_obs_objAB,STAR_SKY_M1,1.06895096455598E-05,1.95124561134932E-06,1,0,0
GJ367,146.121045,-45.78148,2459267.6669621,5.77411,1.456314,47922.163132,2.899487,3.786554,0.774339,47920.941324,2.574157,-3.900877,0.740678,-30.370087,14.133345,47.47397,4.33537,0.844702,0.001337,0.243212,0.001893,0.263819,0.002181,0,3.143877,21.446122,-0.000255,47.92,67.2,2459267.66695,6.09847,6.098583,0,-9999999,2.06049,0.108699,1.23339,-3.282298,1.334444,0.53,1199.9965,-30.330615,14.133228,2021-02-22T03:45:15.862,-9999999,M2,106.21TJ.001,UNKNOWN,-9999999,HARPS_ech_obs_all,HARPS_ech_obs_objAB,STAR_SKY_M1,8.67157539996662E-06,1.45300423602824E-06,1,0,0
GJ367,146.121045,-45.78148,2459267.7809945,6.570706,1.418805,47923.139735,2.659464,4.792586,0.70122,47921.921347,2.300423,-2.627991,0.67021,-6.649168,14.610734,48.290472,4.520679,0.845144,0.001139,0.239231,0.001604,0.261276,0.001843,0,3.129979,21.167224,0.004322,47.92,77,2459267.78099,5.873361,5.873451,0,-9999999,2.060527,0.318136,1.233409,-3.278915,1.334467,0.51,1199.9966,-6.672363,14.614402,2021-02-22T06:29:52.060,-9999999,M2,106.21TJ.001,UNKNOWN,-9999999,HARPS_ech_obs_all,HARPS_ech_obs_objAB,STAR_SKY_M1,9.98436885747086E-06,1.63614163448157E-06,1,0,0
GJ367,146.121045,-45.78148,2459268.5495947,-1.474156,6.25133,47908.760225,8.44913,-3.762059,6.128433,47910.634868,8.380764,-13.716343,6.10527,-44.253632,67.750301,75.623199,9.156269,0.85627,0.010213,0.263499,0.028692,0.255101,0.034922,64,3.135789,20.964741,0.002763,47.92,8.8,2459268.54959,6.022757,6.022866,0,-9999999,2.06078,-0.191648,1.233464,-0.186137,1.072654,0.28,549.5992,-16.25798,60.147782,2021-02-23T01:04:15.922,-9999999,M2,106.21TJ.001,UNKNOWN,-9999999,HARPS_ech_obs_all,HARPS_ech_obs_objAB,STAR_SKY_M1,7.48533319787462E-06,9.64412996612607E-07,1,0,0
GJ367,146.121045,-45.78148,2459268.7633728,6.423953,1.403899,47919.446324,2.424426,4.528683,0.670564,47921.327379,2.174274,-3.057985,0.636708,-12.515193,14.198603,47.962804,4.579345,0.834497,0.001071,0.238571,0.001508,0.262875,0.001717,0,3.131936,21.188516,-0.000252,47.92,82.3,2459268.76336,5.612142,5.61224,0,-9999999,2.06085,0.200985,1.2334,-0.179795,1.072554,0.51,1199.9965,-12.397415,14.211852,2021-02-23T06:04:27.885,-9999999,M2,106.21TJ.001,UNKNOWN,-9999999,HARPS_ech_obs_all,HARPS_ech_obs_objAB,STAR_SKY_M1,1.11618475409953E-05,1.31149160542141E-06,1,0,0
GJ367,146.121045,-45.78148,2459269.6454422,5.06755,1.198718,47917.620168,2.584292,3.218456,0.735934,47919.322022,2.435852,-4.17435,0.700532,-30.661041,16.747975,49.489802,4.573355,0.834232,0.001251,0.239554,0.001756,0.261032,0.001991,0,3.143098,21.380929,0.000104,47.92,72.3,2459269.64544,5.554742,5.55484,0,-9999999,2.061139,0.247161,0.946216,-0.359285,0.863245,0.5,1199.9964,-30.67081,16.746438,2021-02-24T03:14:49.249,-9999999,M2,106.21TJ.001,UNKNOWN,-9999999,HARPS_ech_obs_all,HARPS_ech_obs_objAB,STAR_SKY_M1,9.87667934301943E-06,1.96116147985583E-06,1,0,0
GJ367,146.121045,-45.78148,2459269.7601218,3.479762,1.284688,47916.993041,3.025073,1.841293,0.86896,47918.698335,2.899288,-6.178111,0.841785,-28.647418,16.752769,49.166872,4.68291,0.837945,0.001498,0.244154,0.002142,0.261386,0.00245,0,3.138709,21.300086,0.002985,47.92,60.8,2459269.76012,5.324013,5.324093,0,-9999999,2.061177,0.457786,0.946219,-0.355883,0.863249,0.5,1199.9965,-28.609012,16.746275,2021-02-24T05:59:57.382,-9999999,M2,106.21TJ.001,UNKNOWN,-9999999,HARPS_ech_obs_all,HARPS_ech_obs_objAB,STAR_SKY_M1,1.04850912720682E-05,1.29813603492176E-06,1,0,0
GJ367,146.121045,-45.78148,2459272.6209779,5.150917,1.460691,47919.591791,1.494379,2.706033,0.782511,47921.232518,0.649309,-5.063198,0.754086,-6.093217,13.621502,49.136938,4.473136,0.834455,0.001366,0.245044,0.00187,0.268376,0.002125,0,3.150691,21.344636,0.002771,47.92,69.4,2459272.62098,4.713965,4.714051,0.045,-9999999,2.062115,-0.348629,1.233408,-0.421388,1.345945,0.5,1019.9965,-6.093562,13.623384,2021-02-27T02:41:01.189,-9999999,M2,106.21TJ.001,UNKNOWN,-9999999,HARPS_ech_obs_all,HARPS_ech_obs_wavesimult,STAR_WAVE_M1,1.16118819794423E-05,1.76524187341562E-06,1,0,0
GJ367,146.121045,-45.78148,2459272.7413811,2.703853,1.504944,47917.428547,1.541469,0.480106,0.862322,47919.072885,0.751406,-7.105072,0.843902,2.808914,14.607867,52.146567,4.621847,0.834008,0.001467,0.250158,0.002068,0.263946,0.00235,0,3.141934,21.077324,0.003116,47.92,63.4,2459272.74137,4.469739,4.469826,0.081,-9999999,2.062154,-0.127492,1.233392,-0.417816,1.345925,0.5,1019.9965,2.680237,14.585211,2021-02-27T05:34:23.867,-9999999,M2,106.21TJ.001,UNKNOWN,-9999999,HARPS_ech_obs_all,HARPS_ech_obs_wavesimult,STAR_WAVE_M1,1.175139357943E-05,2.34910304721908E-06,1,0,0
GJ367,146.121045,-45.78148,2459272.8456329,2.788974,1.980631,47912.970091,2.31186,0.7567,1.54967,47914.617557,1.879616,-8.150923,1.542409,-2.928992,19.50882,55.866275,4.965352,0.829187,0.002487,0.257659,0.004279,0.275864,0.004959,0,3.122032,20.765307,0.009515,47.92,35.8,2459272.84563,4.309583,4.309663,-0.28,-9999999,2.062189,0.063981,1.233459,-0.414723,1.346008,0.54,1019.9965,-3.071228,19.494308,2021-02-27T08:03:50.284,-9999999,M2,106.21TJ.001,UNKNOWN,-9999999,HARPS_ech_obs_all,HARPS_ech_obs_wavesimult,STAR_WAVE_M1,7.49895186496284E-06,1.36233051621917E-06,1,0,0
GJ367,146.121045,-45.78148,2459273.5707037,8.353127,1.705454,47917.168286,1.835895,5.702437,1.177791,47918.712339,1.248529,-3.018395,1.162777,-14.254172,18.602341,50.118112,4.679878,0.846606,0.002024,0.261322,0.003091,0.271762,0.003534,0,3.134363,21.084206,0.003705,47.92,45.9,2459273.5707,4.510467,4.510551,0.061,-9999999,2.062427,-0.554435,1.233443,-0.518374,1.345989,0.5,1019.9965,-14.341791,18.603455,2021-02-28T01:28:36.272,-9999999,M2,106.21TJ.001,UNKNOWN,-9999999,HARPS_ech_obs_all,HARPS_ech_obs_wavesimult,STAR_WAVE_M1,1.0033598787424E-05,1.53645070624202E-06,1,0,0
GJ367,146.121045,-45.78148,2459273.6874437,6.414333,1.563928,47917.882334,1.619504,3.978052,0.961576,47919.429888,0.900719,-4.62192,0.944408,-23.329811,14.420537,51.896226,4.443528,0.848221,0.001679,0.254388,0.002392,0.271708,0.002747,0,3.147103,21.115453,-0.00009,47.92,56.1,2459273.68744,4.278419,4.278496,-0.275,-9999999,2.062465,-0.340026,1.233387,-0.514911,1.345919,0.51,1019.9965,-23.26679,14.414512,2021-02-28T04:16:32.262,-9999999,M2,106.21TJ.001,UNKNOWN,-9999999,HARPS_ech_obs_all,HARPS_ech_obs_wavesimult,STAR_WAVE_M1,1.05173199196305E-05,1.49403882474874E-06,1,0,0
GJ367,146.121045,-45.78148,2459273.8262959,6.979343,1.4859,47920.178941,1.518179,4.798083,0.828566,47921.730659,0.702274,-2.528724,0.811762,-23.479458,13.852218,49.857883,4.423904,0.836714,0.001332,0.251432,0.001953,0.270604,0.002211,0,3.124856,20.872229,-0.000243,47.92,66.7,2459273.82629,4.035459,4.035541,-0.196,-9999999,2.06251,-0.085005,1.233441,-0.510792,1.345986,0.53,1019.9965,-23.576985,13.859137,2021-02-28T07:36:08.515,-9999999,M2,106.21TJ.001,UNKNOWN,-9999999,HARPS_ech_obs_all,HARPS_ech_obs_wavesimult,STAR_WAVE_M1,1.59999156419509E-05,3.1282683094598E-06,1,0,0
GJ367,146.121045,-45.78148,2459274.5504915,6.911422,1.408435,47919.309436,1.449017,4.215989,0.679896,47920.887085,0.536561,-3.205034,0.652383,-7.523717,10.570193,48.658915,4.558114,0.837653,0.001123,0.248912,0.001501,0.265943,0.001706,0,3.140248,21.021062,0.003968,47.92,83.9,2459274.55048,4.245923,4.246015,0.593,-9999999,2.062748,-0.599177,1.233463,-0.485099,1.346013,0.51,1019.9965,-7.463185,10.578807,2021-03-01T00:59:18.544,-9999999,M2,106.21TJ.001,UNKNOWN,-9999999,HARPS_ech_obs_all,HARPS_ech_obs_wavesimult,STAR_WAVE_M1,1.03485448947493E-05,1.39173158660051E-06,1,0,0
GJ367,146.121045,-45.78148,2459274.7013844,5.163709,1.441584,47918.425506,1.476461,2.745412,0.746272,47920.007681,0.606994,-4.090026,0.719363,-17.052152,10.858178,49.80526,4.572396,0.837494,0.001255,0.243913,0.001676,0.264837,0.001896,0,3.139308,21.066276,0.000073,47.92,75.5,2459274.70138,3.949871,3.949972,0.491,-9999999,2.062797,-0.322042,1.233386,-0.480622,1.345918,0.49,1019.9965,-17.179142,10.861344,2021-03-01T04:36:55.922,-9999999,M2,106.21TJ.001,UNKNOWN,-9999999,HARPS_ech_obs_all,HARPS_ech_obs_wavesimult,STAR_WAVE_M1,1.01928533102232E-05,2.10759580061824E-06,1,0,0
GJ367,146.121045,-45.78148,2459274.796609,7.005276,1.431169,47921.694763,1.462793,4.761872,0.725895,47923.279794,0.572854,-3.018572,0.700947,-11.312811,10.044518,51.970173,4.484006,0.869049,0.001155,0.265793,0.001592,0.287709,0.001821,0,3.124892,20.740109,0.001708,47.92,80.4,2459274.79661,3.777922,3.777998,0.376,-9999999,2.062829,-0.147149,1.233418,-0.477798,1.345958,0.5,1019.9965,-11.347652,10.055669,2021-03-01T06:53:53.012,-9999999,M2,106.21TJ.001,UNKNOWN,-9999999,HARPS_ech_obs_all,HARPS_ech_obs_wavesimult,STAR_WAVE_M1,1.22380466399681E-05,1.8220681435245E-06,1,0,0
GJ367,146.121045,-45.78148,2459275.6076905,5.742401,1.466361,47921.149211,1.498401,2.818072,0.793033,47922.586559,0.658492,-3.991131,0.766919,-22.995605,10.118708,49.378603,4.369554,0.839206,0.001336,0.247635,0.001812,0.265097,0.002072,0,3.138839,21.099472,0.003636,47.92,70.3,2459275.60768,3.841033,3.841124,0.199,-9999999,2.063095,-0.828073,1.233415,-0.625747,1.345954,0.5,1079.9965,-23.06582,10.119265,2021-03-02T02:21:19.553,-9999999,M2,106.21TJ.001,UNKNOWN,-9999999,HARPS_ech_obs_all,HARPS_ech_obs_wavesimult,STAR_WAVE_M1,9.12370362898676E-06,1.50947776022932E-06,1,0,0
GJ367,146.121045,-45.78148,2459275.6952543,7.634729,1.466277,47921.560895,1.499012,4.871223,0.792923,47923.000868,0.659955,-2.897939,0.767748,-20.648803,10.955905,49.36074,4.519796,0.839704,0.001324,0.249213,0.001808,0.270626,0.002077,0,3.131825,21.030097,0.005834,47.92,70.6,2459275.69524,3.661284,3.661396,0.454,-9999999,2.063123,-0.66725,1.233386,-0.62315,1.345918,0.5,1079.9965,-20.68554,10.962966,2021-03-02T04:27:24.968,-9999999,M2,106.21TJ.001,UNKNOWN,-9999999,HARPS_ech_obs_all,HARPS_ech_obs_wavesimult,STAR_WAVE_M1,1.17781465200093E-05,1.85982833780082E-06,1,0,0
GJ367,146.121045,-45.78148,2459275.7827376,9.952703,1.533001,47923.322875,1.575591,7.349872,0.910381,47924.765472,0.819093,-1.522569,0.894102,-21.519386,13.071662,51.025466,4.566938,0.846309,0.001512,0.258183,0.002183,0.269489,0.002499,0,3.130411,20.871744,0.00008,47.92,60.9,2459275.78273,3.499448,3.499538,-0.095,-9999999,2.063152,-0.506575,1.23341,-0.620555,1.345947,0.5,1079.9965,-21.459198,13.066443,2021-03-02T06:33:23.431,-9999999,M2,106.21TJ.001,UNKNOWN,-9999999,HARPS_ech_obs_all,HARPS_ech_obs_wavesimult,STAR_WAVE_M1,2.73776229763971E-05,1.7056336096686E-05,1,0,0
GJ367,146.121045,-45.78148,2459276.5303413,10.075577,1.506626,47922.335001,1.544204,7.0115,0.865123,47923.878207,0.756796,-1.402733,0.84363,-12.703448,14.688619,48.473213,4.59666,0.833476,0.001459,0.246421,0.002033,0.266523,0.002335,0,3.137224,21.043887,0.001577,47.92,63.6,2459276.53033,3.677462,3.677561,0.92,-9999999,2.063397,-0.967822,1.233485,-0.520191,1.346041,0.51,1079.9965,-12.732998,14.693493,2021-03-03T00:29:44.820,-9999999,M2,106.21TJ.001,UNKNOWN,-9999999,HARPS_ech_obs_all,HARPS_ech_obs_wavesimult,STAR_WAVE_M1,1.41061341608123E-05,3.03907580302444E-06,1,0,0
GJ367,146.121045,-45.78148,2459276.6136798,9.826589,1.534845,47922.654788,1.582084,6.915574,0.913479,47924.200494,0.831511,-1.571469,0.894496,-10.318657,14.700602,49.585043,4.594401,0.847958,0.001591,0.253344,0.002222,0.276532,0.002568,0,3.140932,21.125501,0.002631,47.92,59.6,2459276.61367,3.527162,3.527263,0.777,-9999999,2.063425,-0.81476,1.233412,-0.517719,1.34595,0.52,1079.9965,-10.28142,14.710545,2021-03-03T02:29:34.383,-9999999,M2,106.21TJ.001,UNKNOWN,-9999999,HARPS_ech_obs_all,HARPS_ech_obs_wavesimult,STAR_WAVE_M1,1.31654727143338E-05,1.6914429408302E-06,1,0,0
GJ367,146.121045,-45.78148,2459276.7044391,10.531954,1.564617,47923.700202,1.621867,7.787631,0.962696,47925.24863,0.904963,-0.06533,0.949726,-0.693697,15.637135,52.129451,4.780559,0.831308,0.001643,0.246763,0.002364,0.26385,0.002679,0,3.14067,20.994902,0.000073,47.92,56.7,2459276.70443,3.340598,3.340693,0.796,-9999999,2.063454,-0.648068,1.233386,-0.515026,1.345918,0.55,1079.9965,-0.589838,15.650601,2021-03-03T04:39:43.501,-9999999,M2,106.21TJ.001,UNKNOWN,-9999999,HARPS_ech_obs_all,HARPS_ech_obs_wavesimult,STAR_WAVE_M1,9.56671080804169E-06,1.33243277821902E-06,1,0,0
GJ367,146.121045,-45.78148,2459276.7992099,8.54635,1.518024,47920.623386,1.555555,5.976087,0.884913,47922.174656,0.779835,-1.235873,0.872383,-15.252988,14.72522,50.359504,4.701215,0.833423,0.001432,0.246408,0.002079,0.266603,0.002351,0,3.126352,20.790232,0.005228,47.92,63.1,2459276.7992,3.173851,3.173937,0.768,-9999999,2.063485,-0.474008,1.23342,-0.512215,1.34596,0.5,1079.9965,-15.325578,14.732643,2021-03-03T06:57:05.602,-9999999,M2,106.21TJ.001,UNKNOWN,-9999999,HARPS_ech_obs_all,HARPS_ech_obs_wavesimult,STAR_WAVE_M1,1.35481486277625E-05,2.62019309090979E-06,1,0,0
GJ367,146.121045,-45.78148,2459277.5549995,7.330187,1.460233,47922.729817,1.496593,4.378587,0.781577,47924.472247,0.654258,-3.271168,0.762971,-7.350798,9.60923,49.305291,4.629396,0.827878,0.001329,0.245959,0.001842,0.257642,0.002052,0,3.142129,21.087321,-0.000318,47.92,70.5,2459277.555,3.335213,3.335308,0.956,-9999999,2.063733,-0.855344,1.233458,-0.321303,1.346008,0.51,1079.9965,-7.376046,9.621169,2021-03-04T01:05:14.305,-9999999,M2,106.21TJ.001,UNKNOWN,-9999999,HARPS_ech_obs_all,HARPS_ech_obs_wavesimult,STAR_WAVE_M1,1.21453636849621E-05,1.66758033031627E-06,1,0,0
GJ367,146.121045,-45.78148,2459277.6672529,7.701876,1.467229,47920.893328,1.501667,4.956445,0.794676,47922.639125,0.665956,-1.537371,0.769515,-20.05211,9.95176,49.409777,4.610344,0.829565,0.001375,0.247175,0.001853,0.266392,0.00212,0,3.14786,21.194455,0.00509,47.92,69.4,2459277.66724,3.113521,3.113617,0.658,-9999999,2.06377,-0.649175,1.23339,-0.317973,1.345923,0.52,1079.9965,-20.007979,9.947761,2021-03-04T03:46:42.096,-9999999,M2,106.21TJ.001,UNKNOWN,-9999999,HARPS_ech_obs_all,HARPS_ech_obs_wavesimult,STAR_WAVE_M1,-9999999,-9999999,-9999999,-9999999,-9999999
GJ367,146.121045,-45.78148,2459277.7975021,6.839808,1.441216,47920.471364,1.470792,4.333598,0.745507,47922.221068,0.59298,-3.887492,0.71914,-5.231665,9.671466,48.958608,4.467631,0.832094,0.001157,0.249138,0.001627,0.262259,0.001827,0,3.121653,20.738133,0.001035,47.92,77.7,2459277.7975,2.874626,2.874705,0.205,-9999999,2.063813,-0.409955,1.233419,-0.314109,1.345959,0.48,1079.9966,-5.23147,9.679684,2021-03-04T06:54:58.716,-9999999,M2,106.21TJ.001,UNKNOWN,-9999999,HARPS_ech_obs_all,HARPS_ech_obs_wavesimult,STAR_WAVE_M1,8.83058350243316E-06,1.30612559022766E-06,1,0,0
GJ367,146.121045,-45.78148,2459286.7538821,-1.740643,1.440787,47912.496512,1.47355,-4.100345,0.744716,47913.977299,0.599852,-11.935193,0.718587,-23.51845,8.867946,43.288545,4.513622,0.838826,0.001196,0.23484,0.001622,0.257583,0.001843,0,3.121139,20.932877,0.001283,47.92,76.8,2459286.75387,0.188582,0.188688,1.105,-9999999,2.066751,-0.263446,1.233396,-0.585964,1.34593,0.5,1079.9965,-23.446741,8.85927,2021-03-13T05:51:43.841,-9999999,M2,106.21TJ.001,UNKNOWN,-9999999,HARPS_ech_obs_all,HARPS_ech_obs_wavesimult,STAR_WAVE_M1,1.56286238806221E-05,3.32021667284463E-06,1,0,0
GJ367,146.121045,-45.78148,2459287.702276,2.990596,1.427615,47916.667212,1.463819,0.607559,0.718917,47918.100246,0.57556,-7.393226,0.690559,-10.813573,13.51634,41.488356,4.531283,0.845895,0.001191,0.233186,0.001566,0.257717,0.001784,0,3.130237,21.094019,0.000221,47.92,79.1,2459287.70228,-0.028882,-0.028802,0.014,-9999999,2.067062,-0.286782,1.233386,-0.634028,1.345918,0.49,1079.9965,-10.866304,13.526918,2021-03-14T04:37:35.808,-9999999,M2,106.21TJ.001,UNKNOWN,-9999999,HARPS_ech_obs_all,HARPS_ech_obs_wavesimult,STAR_WAVE_M1,1.20112383779566E-05,1.93626648934858E-06,1,0,0
GJ367,146.121045,-45.78148,2459291.7008979,-4.851318,1.387281,47906.948372,1.432318,-7.229478,0.635064,47908.746716,0.489938,-15.242354,0.605832,-23.29406,10.287672,37.688868,4.511545,0.843647,0.001026,0.23307,0.001318,0.253393,0.001524,0,3.125105,21.088787,0.002253,47.92,91.3,2459291.70089,-1.254707,-1.254627,-0.495,-9999999,2.068373,-0.281905,1.233386,-0.270029,1.345918,0.47,1379.9965,-23.29958,10.250096,2021-03-18T04:33:37.932,-9999999,M2,106.21TJ.001,UNKNOWN,-9999999,HARPS_ech_obs_all,HARPS_ech_obs_wavesimult,STAR_WAVE_M1,7.9342738469314E-06,1.08962539671131E-06,1,0,0
GJ367,146.121045,-45.78148,2459294.6299324,-6.482151,1.448372,47905.779908,1.482132,-7.621228,0.759275,47909.230711,0.620616,-16.085344,0.73821,-27.30161,11.543051,40.889159,4.551934,0.834001,0.00127,0.22919,0.001685,0.252783,0.00197,0,3.128496,21.17202,0.00406,47.92,73.2,2459294.62993,-2.028723,-2.028642,0,-9999999,2.069334,0.957179,1.233403,1.381469,1.345939,0.52,1799.9965,-27.332545,11.513144,2021-03-21T02:46:40.419,-9999999,M2,106.21TJ.001,UNKNOWN,-9999999,HARPS_ech_obs_all,HARPS_ech_obs_wavesimult,STAR_WAVE_M1,8.76540609696987E-06,9.50195644785415E-07,1,0,0
GJ367,146.121045,-45.78148,2459295.5923676,-7.449342,1.429389,47902.662233,1.46869,-8.657412,0.722367,47906.112237,0.587727,-16.215167,0.6985,-31.049679,11.219871,42.070219,4.641766,0.843681,0.001234,0.229196,0.001614,0.258083,0.00186,0,3.134316,21.229912,0.003063,47.92,76.5,2459295.59236,-2.253726,-2.253627,1.192,-9999999,2.06965,0.888186,1.233426,1.380354,1.345967,0.49,1199.9965,-31.010969,11.194029,2021-03-22T01:58:23.416,-9999999,M2,106.21TJ.001,UNKNOWN,-9999999,HARPS_ech_obs_all,HARPS_ech_obs_wavesimult,STAR_WAVE_M1,6.86823920132918E-06,1.98186884836365E-05,1,0,0
GJ367,146.121045,-45.78148,2459295.7208823,-5.562172,1.431143,47907.803401,1.467096,-6.534207,0.725896,47911.25726,0.58384,-12.783079,0.704529,-28.665121,13.229362,42.917226,4.658293,0.85121,0.001194,0.231803,0.001571,0.256543,0.001817,0,3.121929,21.001209,0.001263,47.92,77.6,2459295.72088,-2.503855,-2.503775,0.582,-9999999,2.069692,1.124221,1.233388,1.384167,1.34592,0.48,1499.9965,-28.748747,13.233562,2021-03-22T05:01:15.174,-9999999,M2,106.21TJ.001,UNKNOWN,-9999999,HARPS_ech_obs_all,HARPS_ech_obs_wavesimult,STAR_WAVE_M1,1.0465020664085E-05,1.73193707462639E-06,1,0,0
GJ367,146.121045,-45.78148,2459296.557269,-7.091776,1.387627,47906.559855,1.433933,-8.186544,0.635686,47910.108133,0.494404,-14.363928,0.602191,-30.559637,9.25037,42.613889,4.544638,0.834601,0.001071,0.21855,0.001332,0.251391,0.001548,0,3.142396,21.332776,0.006904,47.92,89,2459296.55726,-2.483752,-2.483643,0.143,-9999999,2.069966,1.001487,1.233456,1.478312,1.346005,0.5,1199.9965,-30.622006,9.246149,2021-03-23T01:07:39.573,-9999999,M2,106.21TJ.001,UNKNOWN,-9999999,HARPS_ech_obs_all,HARPS_ech_obs_wavesimult,STAR_WAVE_M1,8.75444754930916E-06,1.21973301539308E-06,1,0,0
GJ367,146.121045,-45.78148,2459296.7366026,-5.27581,1.440888,47908.276962,1.475056,-6.041207,0.74492,47911.830619,0.603557,-14.370175,0.72237,-12.309558,9.121611,41.68088,4.531259,0.839216,0.0012,0.220426,0.001572,0.247769,0.001829,0,3.117208,20.913094,0.002337,47.92,76,2459296.7366,-2.828706,-2.828622,-0.074,-9999999,2.070025,1.330858,1.233391,1.483632,1.345924,0.51,1199.9965,-12.301162,9.098689,2021-03-23T05:25:42.123,-9999999,M2,106.21TJ.001,UNKNOWN,-9999999,HARPS_ech_obs_all,HARPS_ech_obs_wavesimult,STAR_WAVE_M1,9.34546064531617E-06,1.81677259845158E-06,1,0,0
GJ367,146.121045,-45.78148,2459297.7174983,-2.23681,1.441497,47910.61653,1.476949,-3.15779,0.746102,47913.676923,0.608178,-11.863705,0.726736,-13.243458,10.948724,43.129846,4.519994,0.835578,0.001209,0.220401,0.001602,0.251635,0.001857,0,3.12138,20.945575,0.002536,47.92,75.4,2459297.71749,-3.097838,-3.097754,-0.125,-9999999,2.070347,1.175275,1.233387,0.990046,1.345919,0.51,1199.9966,-13.207293,10.938706,2021-03-24T04:58:12.301,-9999999,M2,106.21TJ.001,UNKNOWN,-9999999,HARPS_ech_obs_all,HARPS_ech_obs_wavesimult,STAR_WAVE_M1,9.1570275155876E-06,1.79585061705289E-06,1,0,0
GJ367,146.121045,-45.78148,2459358.4659725,2.304612,1.356249,47916.54296,0.907398,0.250427,0.563655,47916.025662,0.449395,-7.850398,0.549058,-14.334618,10.397931,43.722321,4.549161,0.843875,0.000939,0.227245,0.001172,0.257187,0.001369,0,3.130103,21.03714,0.003752,47.92,100.1,2459358.46596,-16.086978,-16.086942,-0.106,-9999999,2.090273,0.04207,1.233573,-2.607571,0.788298,0.5,1199.9965,-14.274501,10.396582,2021-05-23T22:59:15.885,-9999999,M2,106.21TJ.001,UNKNOWN,-9999999,HARPS_ech_obs_all,HARPS_ech_obs_wavesimult,STAR_WAVE_M1,1.06972316137802E-05,1.71806030983031E-06,1,0,0
GJ367,146.121045,-45.78148,2459358.51538,-1.037974,1.409995,47918.572514,0.973908,-3.001416,0.683049,47918.056698,0.572119,-8.037732,0.677246,-2.971724,11.836869,42.879315,4.581603,0.838706,0.001139,0.228287,0.001492,0.249407,0.001717,0,3.12052,20.884479,0.0018,47.92,80.5,2459358.51537,-16.173767,-16.173738,-0.023,-9999999,2.090289,0.132814,1.233503,-2.606105,0.788148,0.5,1199.9965,-2.977385,11.835671,2021-05-24T00:10:24.919,-9999999,M2,106.21TJ.001,UNKNOWN,-9999999,HARPS_ech_obs_all,HARPS_ech_obs_wavesimult,STAR_WAVE_M1,9.01276698598213E-06,1.31801298184731E-06,1,0,0
GJ367,146.121045,-45.78148,2459358.5820634,-2.215446,1.462927,47915.730313,1.048834,-4.056414,0.786636,47915.216497,0.692176,-7.549217,0.779765,-19.486604,12.395659,44.942317,4.563317,0.837104,0.001282,0.227122,0.001755,0.253335,0.002043,0,3.11351,20.739994,0.002196,47.92,69.8,2459358.58206,-16.268147,-16.268113,-0.214,-9999999,2.090311,0.255287,1.233434,-2.604127,0.788001,0.49,1199.9965,-19.480579,12.392154,2021-05-24T01:46:38.673,-9999999,M2,106.21TJ.001,UNKNOWN,-9999999,HARPS_ech_obs_all,HARPS_ech_obs_wavesimult,STAR_WAVE_M1,1.41004687234294E-05,5.23918502648361E-05,1,0,0
GJ367,146.121045,-45.78148,2459359.4755281,-4.146985,0.991831,47914.318754,0.862372,-8.525417,0.628061,47913.342948,0.51039,-11.945303,0.613905,-20.884055,9.414292,44.125368,4.330102,0.83914,0.001054,0.228354,0.00134,0.256265,0.001562,0,3.132001,21.00621,0.001227,47.92,88.7,2459359.47553,-16.206316,-16.206301,0.106,-9999999,2.090604,-2.282177,0.767639,-3.06641,0.695117,0.48,1199.9965,-20.842925,9.399382,2021-05-24T23:13:30.163,-9999999,M2,106.21TJ.001,UNKNOWN,-9999999,HARPS_ech_obs_all,HARPS_ech_obs_wavesimult,STAR_WAVE_M1,9.6589118247043E-06,1.67480210864666E-06,1,0,0
GJ367,146.121045,-45.78148,2459359.5341473,-6.508786,1.03711,47912.98705,0.900315,-10.779556,0.69751,47912.013002,0.572401,-12.908186,0.678606,-26.628201,10.327425,43.648308,4.408941,0.836552,0.001128,0.225527,0.001481,0.254268,0.00173,0,3.120893,20.860268,0.005521,47.92,80.7,2459359.53415,-16.304356,-16.304343,0.112,-9999999,2.090623,-2.174515,0.767513,-3.064671,0.694928,0.49,1199.9966,-26.671208,10.312973,2021-05-25T00:37:43.140,-9999999,M2,106.21TJ.001,UNKNOWN,-9999999,HARPS_ech_obs_all,HARPS_ech_obs_wavesimult,STAR_WAVE_M1,1.06548869350873E-05,1.39769835499401E-06,1,0,0
GJ367,146.121045,-45.78148,2459359.5731195,-6.551121,1.105981,47912.979935,0.976222,-10.750313,0.796375,47912.007056,0.685723,-13.885531,0.779745,-22.465237,10.969957,45.441885,4.636436,0.838006,0.001276,0.230953,0.001747,0.252593,0.002021,0,3.11828,20.749209,0.0002,47.92,70.3,2459359.57311,-16.35729,-16.357267,0.334,-9999999,2.090636,-2.102937,0.76745,-3.063515,0.694834,0.51,1199.9965,-22.309048,10.959942,2021-05-25T01:33:26.516,-9999999,M2,106.21TJ.001,UNKNOWN,-9999999,HARPS_ech_obs_all,HARPS_ech_obs_wavesimult,STAR_WAVE_M1,1.39282816865497E-05,2.07917616720158E-06,1,0,0
GJ367,146.121045,-45.78148,2459360.4942586,-5.183606,1.345805,47914.541447,0.857051,-6.211615,0.673453,47916.775894,0.540283,-7.660066,0.64939,-20.064427,16.726072,45.804828,4.443338,0.863007,0.001099,0.241961,0.001449,0.270102,0.001684,0,3.123435,20.869614,0.004395,47.92,84.6,2459360.49426,-16.336675,-16.336662,-0.08,-9999999,2.090938,1.068246,1.165184,0.143509,0.665305,0.49,1199.9965,-20.042345,16.720511,2021-05-25T23:40:21.227,-9999999,M2,106.21TJ.001,UNKNOWN,-9999999,HARPS_ech_obs_all,HARPS_ech_obs_wavesimult,STAR_WAVE_M1,1.3189964400923E-05,3.19716450474075E-06,1,0,0
GJ367,146.121045,-45.78148,2459360.5328012,-4.206425,1.395894,47913.188043,0.927791,-5.163646,0.768757,47915.423646,0.646784,-8.239957,0.744676,-16.250148,16.691803,47.627134,4.792298,0.854488,0.001244,0.236938,0.001685,0.262457,0.001953,0,3.118498,20.78934,0.002938,47.92,73.4,2459360.5328,-16.398754,-16.398735,-0.038,-9999999,2.090951,1.139035,1.165132,0.144652,0.665181,0.5,1199.9965,-16.285849,16.690573,2021-05-26T00:35:39.491,-9999999,M2,106.21TJ.001,UNKNOWN,-9999999,HARPS_ech_obs_all,HARPS_ech_obs_wavesimult,STAR_WAVE_M1,1.07337196296243E-05,1.49133992586947E-06,1,0,0
GJ367,146.121045,-45.78148,2459360.5843248,-3.502436,1.432197,47912.557826,0.986992,-4.365026,0.832934,47914.794973,0.729283,-9.355119,0.806645,-27.468259,18.372567,49.368882,4.644015,0.847086,0.001322,0.238018,0.001857,0.259172,0.002142,0,3.116384,20.665465,0.001702,47.92,67.4,2459360.58432,-16.465192,-16.465172,-0.156,-9999999,2.090967,1.233665,1.165079,0.14618,0.665055,0.49,1199.9965,-27.487802,18.367692,2021-05-26T01:50:03.375,-9999999,M2,106.21TJ.001,UNKNOWN,-9999999,HARPS_ech_obs_all,HARPS_ech_obs_wavesimult,STAR_WAVE_M1,9.22476894362741E-06,1.71893307022227E-06,1,0,0
GJ367,146.121045,-45.78148,2459361.4561373,-6.707628,1.395815,47917.196439,0.924735,-9.025637,0.653113,47916.621706,0.519142,-10.856251,0.621787,-19.783231,9.584481,46.52296,4.434757,0.838154,0.001064,0.227965,0.001366,0.255209,0.00159,0,3.133197,20.993637,0.000294,47.92,87.1,2459361.45614,-16.361978,-16.361961,0.267,-9999999,2.091253,-0.221753,1.233589,-2.665986,0.765262,0.5,1199.9965,-19.836894,9.573285,2021-05-26T22:45:20.055,-9999999,M2,106.21TJ.001,UNKNOWN,-9999999,HARPS_ech_obs_all,HARPS_ech_obs_wavesimult,STAR_WAVE_M1,9.07250886506316E-06,1.51759935722102E-06,1,0,0
GJ367,146.121045,-45.78148,2459361.4964881,-8.234195,1.451138,47913.760968,0.99506,-10.478094,0.764337,47913.187446,0.636181,-13.537863,0.732452,-19.599273,11.225272,45.32319,4.628735,0.854015,0.001244,0.241099,0.001682,0.264439,0.00194,0,3.126652,20.865131,0.005661,47.92,74,2459361.49648,-16.433352,-16.433335,0.181,-9999999,2.091267,-0.147644,1.233528,-2.664789,0.765127,0.5,1199.9965,-19.638999,11.209799,2021-05-26T23:43:26.558,-9999999,M2,106.21TJ.001,UNKNOWN,-9999999,HARPS_ech_obs_all,HARPS_ech_obs_wavesimult,STAR_WAVE_M1,1.19661073095678E-05,1.81824254100341E-06,1,0,0
GJ367,146.121045,-45.78148,2459361.5508601,-5.634737,1.478911,47912.327729,1.03288,-7.778774,0.815934,47911.755836,0.694005,-14.585921,0.779562,-15.898209,12.698189,47.1627,4.514599,0.842621,0.001292,0.236672,0.00179,0.26396,0.002082,0,3.119635,20.79159,-0.000419,47.92,69.6,2459361.55085,-16.516153,-16.516139,0.329,-9999999,2.091284,-0.047782,1.233462,-2.663177,0.764983,0.5,1199.9966,-15.940738,12.688017,2021-05-27T01:01:44.556,-9999999,M2,106.21TJ.001,UNKNOWN,-9999999,HARPS_ech_obs_all,HARPS_ech_obs_wavesimult,STAR_WAVE_M1,1.10119669687586E-05,1.99956008076639E-06,1,0,0
GJ367,146.121045,-45.78148,2459364.4753421,0.213508,1.272762,47908.248895,0.95294,-1.505048,0.64932,47912.494064,0.504636,-13.501271,0.610419,-23.798307,10.978266,45.856049,4.449759,0.844317,0.001024,0.233137,0.00135,0.254864,0.001549,0,3.12385,20.907051,0.00195,47.92,89.9,2459364.47533,-16.650448,-16.65042,0.225,-9999999,2.092244,0.377699,1.094672,2.152925,0.808355,0.5,1199.9965,-23.832753,10.972244,2021-05-29T23:13:13.646,-9999999,M2,106.21TJ.001,UNKNOWN,-9999999,HARPS_ech_obs_all,HARPS_ech_obs_wavesimult,STAR_WAVE_M1,1.02989687118728E-05,1.66450150380362E-06,1,0,0
GJ367,146.121045,-45.78148,2459364.5561997,2.598795,1.319519,47909.395642,1.016484,1.028745,0.736936,47913.643236,0.616558,-12.078358,0.721174,-17.336597,12.241409,47.548226,4.606175,0.846517,0.001179,0.234912,0.001634,0.262553,0.001871,0,3.11563,20.701807,0.00008,47.92,76.1,2459364.5562,-16.771611,-16.771607,0.171,-9999999,2.09227,0.526205,1.094557,2.155324,0.808143,0.51,1199.9965,-17.3481,12.240747,2021-05-30T01:09:28.134,-9999999,M2,106.21TJ.001,UNKNOWN,-9999999,HARPS_ech_obs_all,HARPS_ech_obs_wavesimult,STAR_WAVE_M1,-9999999,-9999999,-9999999,-9999999,-9999999
GJ367,146.121045,-45.78148,2459365.493003,2.697306,1.39267,47910.387483,1.044086,0.532679,0.646472,47912.323046,0.511211,-13.143194,0.620343,-20.598669,9.832659,47.559762,4.330915,0.839363,0.001025,0.231968,0.001355,0.261526,0.001564,0,3.123894,20.814778,0.001424,47.92,89.1,2459365.493,-16.755788,-16.755771,-0.317,-9999999,2.092577,-0.068371,1.233533,-0.157014,0.910373,0.51,1199.9965,-20.661324,9.829881,2021-05-30T23:38:32.413,-9999999,M2,106.21TJ.001,UNKNOWN,-9999999,HARPS_ech_obs_all,HARPS_ech_obs_wavesimult,STAR_WAVE_M1,1.02799110299645E-05,1.72344407346761E-06,1,0,0
GJ367,146.121045,-45.78148,2459365.5512381,0.271548,1.386632,47908.597698,1.042608,-1.786122,0.633499,47910.535009,0.50842,-13.847883,0.623972,-10.963075,9.663204,47.110961,4.647361,0.842007,0.000992,0.237727,0.001341,0.260135,0.001538,0,3.113002,20.624662,0.004154,47.92,89.9,2459365.55124,-16.839592,-16.839583,-0.274,-9999999,2.092597,0.038585,1.233462,-0.155286,0.910242,0.49,1199.9965,-10.99198,9.66077,2021-05-31T01:02:48.210,-9999999,M2,106.21TJ.001,UNKNOWN,-9999999,HARPS_ech_obs_all,HARPS_ech_obs_wavesimult,STAR_WAVE_M1,1.22746679206699E-05,1.44814691826107E-06,1,0,0
GJ367,146.121045,-45.78148,2459366.4864081,6.803714,1.450737,47910.499844,1.090131,4.626975,0.763552,47916.060162,0.664121,-8.603268,0.753729,-2.263143,13.273939,48.110803,4.4555,0.846193,0.001288,0.240854,0.001781,0.264876,0.002028,0,3.127126,20.881114,0.000807,47.92,71.6,2459366.4864,-16.815923,-16.815907,-0.211,-9999999,2.092903,-0.080484,1.233542,3.467415,0.864482,0.51,1199.9965,-2.283943,13.276974,2021-05-31T23:29:07.379,-9999999,M2,106.21TJ.001,UNKNOWN,-9999999,HARPS_ech_obs_all,HARPS_ech_obs_wavesimult,STAR_WAVE_M1,1.55415942418015E-05,3.47792628475724E-06,1,0,0
GJ367,146.121045,-45.78148,2459366.5582518,3.063192,1.415695,47910.594063,1.043894,1.018404,0.694825,47916.156536,0.585387,-8.659646,0.693605,-4.152019,13.647221,48.952049,4.487206,0.850085,0.001122,0.244418,0.001563,0.26508,0.001786,0,3.112513,20.623106,-0.00182,47.92,79.5,2459366.55825,-16.917156,-16.917147,-0.426,-9999999,2.092927,0.051467,1.233455,3.469546,0.864313,0.5,1199.9965,-4.156871,13.646335,2021-06-01T01:12:47.027,-9999999,M2,106.21TJ.001,UNKNOWN,-9999999,HARPS_ech_obs_all,HARPS_ech_obs_wavesimult,STAR_WAVE_M1,1.42108189326776E-05,2.24499032275552E-06,1,0,0
GJ367,146.121045,-45.78148,2459367.4777439,4.830081,1.420278,47912.506734,1.180459,2.70964,0.703939,47917.893172,0.595649,-9.542799,0.697199,-10.780669,12.298738,48.996664,4.489473,0.851958,0.001189,0.247433,0.001619,0.268386,0.001853,0,3.131114,20.874359,0.002299,47.92,77.7,2459367.47774,-16.867963,-16.86795,0.461,-9999999,2.093228,-0.024185,1.233555,3.29321,1.01916,0.51,1199.9965,-10.769174,12.298238,2021-06-01T23:16:43.569,-9999999,M2,106.21TJ.001,UNKNOWN,-9999999,HARPS_ech_obs_all,HARPS_ech_obs_wavesimult,STAR_WAVE_M1,1.6419388127268E-05,6.75628653685671E-06,1,0,0
GJ367,146.121045,-45.78148,2459367.5297246,3.648194,1.46647,47914.275166,1.249135,1.623223,0.793126,47919.663164,0.722416,-7.56234,0.799151,-15.130802,12.784477,48.212364,4.497115,0.859638,0.001352,0.254105,0.001924,0.271425,0.002186,0,3.122242,20.777005,0.005667,47.92,67.5,2459367.52971,-16.946853,-16.94683,0.271,-9999999,2.093246,0.071284,1.233485,3.294752,1.019045,0.48,1199.9965,-15.241017,12.785277,2021-06-02T00:32:10.959,-9999999,M2,106.21TJ.001,UNKNOWN,-9999999,HARPS_ech_obs_all,HARPS_ech_obs_wavesimult,STAR_WAVE_M1,1.35451176364814E-05,1.86697910928105E-06,1,0,0
GJ367,146.121045,-45.78148,2459369.5455469,0.212259,1.156032,47913.442457,1.013152,-1.698564,0.709152,47917.080353,0.607653,-5.757428,0.707808,-14.637436,13.62495,49.890243,4.53021,0.848685,0.001149,0.2448,0.001616,0.268232,0.001859,0,3.117507,20.643849,0.002782,47.92,76.9,2459369.54554,-17.082362,-17.082343,-0.317,-9999999,2.093907,0.185432,0.912969,1.543989,0.8107,0.49,1199.9965,-14.634264,13.62814,2021-06-04T00:54:55.764,-9999999,M2,1102.C-0249(F),UNKNOWN,-9999999,HARPS_ech_obs_all,HARPS_ech_obs_wavesimult,STAR_WAVE_M1,1.17932906984734E-05,1.8867307460868E-06,1,0,0
GJ367,146.121045,-45.78148,2459371.530765,-2.639676,1.154422,47915.64169,0.850057,-3.754393,0.772828,47918.566531,0.671188,-6.308267,0.768676,-12.660783,13.189114,51.599429,4.417985,0.854691,0.00125,0.25618,0.001787,0.271952,0.002036,0,3.118888,20.62682,0.00251,47.92,71.6,2459371.53076,-17.160854,-17.160853,0.382,-9999999,2.094558,0.981538,0.857571,0.830283,0.521636,0.49,1199.9965,-12.648871,13.19005,2021-06-06T00:33:48.288,-9999999,M2,1102.C-0249(F),UNKNOWN,-9999999,HARPS_ech_obs_all,HARPS_ech_obs_wavesimult,STAR_WAVE_M1,1.45059461034977E-05,0.000151069676937185,1,0,0
GJ367,146.121045,-45.78148,2459376.4699859,-6.516864,1.322492,47913.589011,1.343738,-7.613654,0.766534,47917.035951,0.653643,-7.895337,0.747752,3.56916,11.827777,52.118914,4.551969,0.852377,0.001274,0.253114,0.00176,0.27272,0.002019,0,3.132376,20.79751,0.00246,47.92,72.5,2459376.46998,-17.232981,-17.232986,0.117,-9999999,2.096178,0.999465,1.077688,1.350762,1.174046,0.5,1199.9965,3.546009,11.825483,2021-06-10T23:06:29.210,-9999999,M2,106.21TJ.001,UNKNOWN,-9999999,HARPS_ech_obs_all,HARPS_ech_obs_wavesimult,STAR_WAVE_M1,1.31690568628045E-05,3.49907577493427E-06,1,0,0
GJ367,146.121045,-45.78148,2459377.4659831,-5.395773,1.569114,47912.503255,1.648797,-7.447941,0.969751,47915.520615,0.952055,-9.063145,0.95534,-19.327014,12.765587,51.298192,4.545085,0.848057,0.001607,0.245149,0.002335,0.26396,0.002686,0,3.128766,20.791069,0.004648,47.92,56.4,2459377.46598,-17.243477,-17.243487,0.2,-9999999,2.096505,0.044087,1.233573,0.920855,1.346151,0.48,899.9965,-19.362614,12.76018,2021-06-11T23:03:36.273,-9999999,M2,106.21TJ.001,UNKNOWN,-9999999,HARPS_ech_obs_all,HARPS_ech_obs_wavesimult,STAR_WAVE_M1,9.66204537376782E-06,2.01478625332215E-06,1,0,0
GJ367,146.121045,-45.78148,2459405.4683852,6.046059,1.437502,47912.446844,1.133179,3.964769,0.738051,47918.030817,0.607989,-7.165558,0.711445,-13.462885,12.328105,45.008612,4.956665,0.841125,0.001119,0.227518,0.001581,0.254624,0.001814,0,3.101581,20.609969,0.00151,47.92,76.8,2459405.46838,-15.76168,-15.761713,0.455,-9999999,2.10569,0.014966,1.23357,3.478283,0.956266,0.51,1199.9965,-13.51264,12.342857,2021-07-09T23:06:17.850,-9999999,M2,106.21TJ.001,UNKNOWN,-9999999,HARPS_ech_obs_all,HARPS_ech_obs_wavesimult,STAR_WAVE_M1,1.09013625758377E-05,1.59357866189373E-06,1,0,0
GJ367,146.121045,-45.78148,2459409.4774876,1.33503,1.530069,47911.853509,1.850362,-0.297989,1.346441,47914.341015,1.665205,-8.852444,1.353772,-16.81931,17.391582,46.695695,4.522107,0.835347,0.002187,0.230296,0.003509,0.26054,0.004125,0,3.109016,20.749973,0.000756,47.92,40.1,2459409.47748,-15.254026,-15.25407,-0.19,-9999999,2.107005,0.463236,0.726778,0.380501,0.806804,0.51,1199.9965,-16.685701,17.366378,2021-07-13T23:19:41.930,-9999999,M2,106.21TJ.001,UNKNOWN,-9999999,HARPS_ech_obs_all,HARPS_ech_obs_wavesimult,STAR_WAVE_M1,9.4110596581696E-06,1.6481456548674E-06,1,0,0
GJ367,146.121045,-45.78148,2459410.4647103,1.303758,1.160847,47913.014305,1.35086,0.787668,0.846142,47916.156126,0.772936,-9.815288,0.837448,-6.081323,13.872824,46.595537,4.860913,0.843471,0.001362,0.223068,0.001913,0.252525,0.002244,0,3.108707,20.660063,-0.000043,47.92,64.7,2459410.46471,-15.106779,-15.106823,0,-9999999,2.107328,1.580165,0.794739,1.034493,1.107877,0.48,1199.9965,-6.017096,13.872794,2021-07-14T23:01:58.220,-9999999,M2,106.21TJ.001,UNKNOWN,-9999999,HARPS_ech_obs_all,HARPS_ech_obs_wavesimult,STAR_WAVE_M1,1.69159717340387E-05,1.95950256898893E-05,1,0,0
