target,ra,dec,BJD,RV_mlc_nzp,e_RV_mlc_nzp,RV_drs_nzp,e_RV_drs_nzp,RV_mlc,e_RV_mlc,RV_drs,e_RV_drs,RV_mlc_j,e_RV_mlc_j,CRX,e_CRX,dLW,e_dLW,Halpha,e_Halpha,NaD1,e_NaD1,NaD2,e_NaD2,f_RV,FWHM_DRS,CONTRAST_DRS,BIS,RVGUESS,SNR_DRS,BJD_DRS,BERV,BERV_DRS,DRIFT,e_DRIFT,SA,NZP_mlc,dNZP_mlc,NZP_drs,dNZP_drs,TMMEAN,EXPTIME,MLCRX,E_MLCRX,TIMEID,DRIFT_LAMP,MASK,PROGID,PROGPI,AIRMASS,OBHAB,THAR_FP,DPR_TYPE,RHKp,dRHKp,sourceflag,vsinflag,metflag
GJ541.1,214.50618,-7.54204,2453062.8529216,-1.138963,1.188508,-12291.373674,1.133787,0.187144,0.957598,-12288.466984,0.85213,0.943188,0.956897,5.790351,8.357966,-51.371586,3.419384,0.424321,0.000986,0.306956,0.001348,0.417054,0.001715,0,7.399189,53.551738,-0.008224,-12.429,75.4,2453062.85291,25.243893,25.243936,0.015,-9999999,0,3.024717,0.703958,2.90669,0.747896,0.59,899.9947,5.769754,8.358798,2004-02-27T08:14:52.736,-9999999,G2,072.C-0488(E),Mayor,-9999999,HARPS_ech_obs_all,HARPS_ech_obs_thosimult,STAR_WAVE_F9,5.22517706940854E-06,1.18914746921373E-06,0,0,0
GJ541.1,214.50618,-7.54204,2453152.6725477,-4.598435,0.974201,-12294.183382,0.89772,-6.114374,0.460529,-12293.07291,0.420444,-5.951136,0.463376,11.40495,5.070325,-41.430153,1.398237,0.422226,0.000499,0.296778,0.000662,0.417155,0.000868,0,7.40984,53.393912,-0.007298,-12.429,147.6,2453152.67254,-15.124474,-15.124129,-0.385,-9999999,0.023724,0.182671,0.858476,1.086748,0.793176,0.5,153.2013,11.428079,5.055032,2004-05-27T04:00:03.188,-9999999,G2,072.C-0488(E),Mayor,-9999999,HARPS_ech_obs_all,HARPS_ech_obs_thosimult,STAR_WAVE_F9,9.36709895453892E-06,4.64344098258844E-07,0,0,0
GJ541.1,214.50618,-7.54204,2453918.5773091,-2.336535,1.24515,-12291.077264,1.11604,-3.330527,1.107884,-12290.598186,0.890066,-3.021133,1.11502,10.070903,8.917195,-24.963146,3.239049,0.42368,0.001091,0.299134,0.001455,0.411413,0.001906,0,7.41244,53.250807,-0.003722,-12.4,69.8,2453918.5774,-26.593967,-26.594078,0.19,-9999999,0.226024,0.704617,0.568323,0.253054,0.673297,0.38,60.0005,10.044985,8.91421,2006-07-02T01:47:27.323,-9999999,G2,072.C-0488(E),Mayor,-9999999,HARPS_ech_obs_all,HARPS_ech_obs_thosimult,STAR_WAVE_F9,6.22858900467383E-06,9.94453299840784E-07,0,0,0
GJ541.1,214.50618,-7.54204,2453918.578383,-3.858922,1.224043,-12293.199946,1.097332,-4.853255,1.084108,-12292.722883,0.866492,-4.951838,1.090376,0.088498,11.638374,-20.316497,3.159786,0.42694,0.001066,0.296309,0.00141,0.408333,0.001848,0,7.416471,53.216716,-0.002923,-12.4,71.5,2453918.57847,-26.596717,-26.596797,0.027,-9999999,0.226024,0.704276,0.568323,0.251039,0.673296,0.36,60.001,0.072307,11.632345,2006-07-02T01:49:01.308,-9999999,G2,072.C-0488(E),Mayor,-9999999,HARPS_ech_obs_all,HARPS_ech_obs_thosimult,STAR_WAVE_F9,1.16097397243519E-05,7.77196037333638E-07,0,0,0
GJ541.1,214.50618,-7.54204,2453918.5794701,-5.089753,1.209444,-12295.42126,1.081855,-6.084432,1.067597,-12294.946237,0.846808,-5.996204,1.074262,6.427872,10.370558,-26.007596,2.723681,0.427551,0.001025,0.299266,0.001376,0.402378,0.001781,0,7.412248,53.253911,-0.004796,-12.4,73.6,2453918.57955,-26.599494,-26.599569,0.092,-9999999,0.226024,0.703931,0.568322,0.248999,0.673296,0.35,60.0014,6.413022,10.364903,2006-07-02T01:50:35.843,-9999999,G2,072.C-0488(E),Mayor,-9999999,HARPS_ech_obs_all,HARPS_ech_obs_thosimult,STAR_WAVE_F9,6.778536577301E-06,1.13754114848472E-06,0,0,0
GJ541.1,214.50618,-7.54204,2453918.5805984,-4.108202,1.253907,-12291.113472,1.122652,-5.103239,1.117718,-12290.640565,0.898344,-4.721412,1.124443,-4.31288,10.974711,-23.173963,3.02236,0.426473,0.001094,0.29576,0.001451,0.409959,0.001906,0,7.42187,53.212051,-0.006613,-12.4,69.6,2453918.58069,-26.602369,-26.60245,0.076,-9999999,0.226025,0.703572,0.568322,0.246882,0.673295,0.36,60.0018,-4.315144,10.969759,2006-07-02T01:52:12.739,-9999999,G2,072.C-0488(E),Mayor,-9999999,HARPS_ech_obs_all,HARPS_ech_obs_thosimult,STAR_WAVE_F9,1.06353149774355E-05,1.01484176956139E-06,0,0,0
GJ541.1,214.50618,-7.54204,2453918.5816857,-5.010257,1.286461,-12294.838552,1.148149,-6.00564,1.15412,-12294.367685,0.930011,-6.185999,1.161938,5.995093,9.305365,-29.759085,3.054919,0.425649,0.001097,0.297231,0.001477,0.407688,0.001929,0,7.415813,53.274666,-0.007012,-12.4,68.5,2453918.58176,-26.605131,-26.605204,0.279,-9999999,0.226025,0.703227,0.568321,0.244842,0.673295,0.35,59.9996,5.990909,9.299859,2006-07-02T01:53:47.294,-9999999,G2,072.C-0488(E),Mayor,-9999999,HARPS_ech_obs_all,HARPS_ech_obs_thosimult,STAR_WAVE_F9,6.47632728482972E-07,1.53802194854238E-06,0,0,0
GJ541.1,214.50618,-7.54204,2453918.5827635,-4.126997,1.601398,-12293.743477,1.46056,-5.122722,1.49716,-12293.274632,1.296113,-5.097717,1.507003,3.309321,13.837177,-25.63063,4.386858,0.425013,0.001428,0.296868,0.001926,0.406735,0.00251,0,7.414971,53.231838,-0.009336,-12.4,53.6,2453918.58284,-26.607862,-26.607924,0.19,-9999999,0.226025,0.702884,0.568321,0.24282,0.673294,0.34,60.0015,3.305896,13.832684,2006-07-02T01:55:21.019,-9999999,G2,072.C-0488(E),Mayor,-9999999,HARPS_ech_obs_all,HARPS_ech_obs_thosimult,STAR_WAVE_F9,5.93226820587602E-07,1.70288266169137E-06,0,0,0
GJ541.1,214.50618,-7.54204,2453918.5838528,-3.52308,1.462052,-12291.869108,1.314845,-4.519151,1.347074,-12291.402306,1.129377,-4.98018,1.35545,7.933333,13.18411,-25.470884,3.737983,0.425953,0.001274,0.299794,0.00173,0.413274,0.002265,0,7.417848,53.236797,-0.010601,-12.4,59.4,2453918.58394,-26.610615,-26.610695,0.392,-9999999,0.226026,0.702538,0.56832,0.240776,0.673294,0.35,59.9991,7.912345,13.180345,2006-07-02T01:56:54.545,-9999999,G2,072.C-0488(E),Mayor,-9999999,HARPS_ech_obs_all,HARPS_ech_obs_thosimult,STAR_WAVE_F9,-9999999,-9999999,-9999999,-9999999,-9999999
GJ541.1,214.50618,-7.54204,2453918.5849611,-1.070967,1.389421,-12291.043221,1.246299,-2.06739,1.267874,-12290.578498,1.048779,-1.949005,1.276278,9.356106,11.889254,-26.539905,3.563429,0.426395,0.001236,0.297095,0.001651,0.407272,0.002155,0,7.417946,53.247437,-0.00786,-12.4,61.8,2453918.58505,-26.613408,-26.613514,0.297,-9999999,0.226026,0.702186,0.56832,0.238697,0.673293,0.38,60.0024,9.349081,11.88707,2006-07-02T01:58:28.510,-9999999,G2,072.C-0488(E),Mayor,-9999999,HARPS_ech_obs_all,HARPS_ech_obs_thosimult,STAR_WAVE_F9,1.08802600351769E-05,1.11251431376393E-06,0,0,0
GJ541.1,214.50618,-7.54204,2453918.5860259,-3.317274,1.345716,-12291.425246,1.205633,-4.314035,1.219821,-12290.962521,1.000114,-4.270816,1.227364,3.710912,12.622397,-21.399802,3.860198,0.426051,0.001184,0.297205,0.001584,0.407565,0.002071,0,7.412223,53.206286,-0.010221,-12.4,64.2,2453918.5861,-26.616083,-26.616152,0.204,-9999999,0.226026,0.701848,0.568319,0.236699,0.673293,0.34,60.0029,3.690577,12.618248,2006-07-02T02:00:02.915,-9999999,G2,072.C-0488(E),Mayor,-9999999,HARPS_ech_obs_all,HARPS_ech_obs_thosimult,STAR_WAVE_F9,1.42472849583513E-05,9.64447352742519E-07,0,0,0
GJ541.1,214.50618,-7.54204,2453918.5871508,-5.790655,1.445102,-12295.834439,1.297223,-6.787774,1.328659,-12295.373825,1.108812,-6.89408,1.337285,1.064268,12.398922,-26.45491,3.970161,0.42639,0.001284,0.296683,0.001718,0.412068,0.002257,0,7.417195,53.227214,-0.008487,-12.4,59.6,2453918.58724,-26.618901,-26.618986,0.285,-9999999,0.226026,0.701491,0.568319,0.234588,0.673292,0.38,59.9994,1.057434,12.394726,2006-07-02T02:01:37.721,-9999999,G2,072.C-0488(E),Mayor,-9999999,HARPS_ech_obs_all,HARPS_ech_obs_thosimult,STAR_WAVE_F9,1.43279719373681E-05,7.39634595880708E-07,0,0,0
GJ541.1,214.50618,-7.54204,2454237.6567363,4.791874,1.186891,-12285.745542,1.233741,3.271511,0.930958,-12285.545528,0.745173,3.258108,0.9335,-2.477574,8.869319,-18.830181,2.603727,0.423633,0.000889,0.288984,0.001168,0.412533,0.001559,0,7.42874,52.88418,-0.011567,-12.4,84.7,2454237.65681,-10.185126,-10.18518,-0.557,-9999999,0.310303,0.178246,0.736225,-0.110289,0.983278,0.35,59.9965,-2.470123,8.87132,2007-05-17T03:37:34.384,-9999999,G2,079.C-0046(A),UNKNOWN,-9999999,HARPS_ech_obs_all,HARPS_ech_obs_thosimult,STAR_WAVE_NONE,7.22283447677629E-06,8.67997615616289E-07,0,0,0
GJ541.1,214.50618,-7.54204,2454246.6027591,2.986377,1.533041,-12286.402991,1.46287,3.314059,1.276398,-12284.815722,1.083113,3.321428,1.279889,-7.035899,12.305128,-19.369651,3.071572,0.424289,0.001239,0.294505,0.001667,0.409264,0.002194,0,7.41586,52.974419,-0.018455,-12.4,61.1,2454246.60276,-14.133123,-14.132955,-0.677,-9999999,0.312666,2.026291,0.849131,1.274603,0.983288,0.5,59.9946,-7.041465,12.305758,2007-05-26T02:20:13.210,-9999999,G2,079.C-0046(A),UNKNOWN,-9999999,HARPS_ech_obs_all,HARPS_ech_obs_thosimult,STAR_WAVE_NONE,1.04084524593616E-05,1.14378153686056E-06,0,0,0
GJ541.1,214.50618,-7.54204,2454548.765663,9.879141,0.684433,-12279.746351,0.692223,8.04445,0.286787,-12279.323806,0.227815,8.334351,0.287429,-3.319454,3.645845,-2.715456,1.212418,0.425703,0.000279,0.29723,0.000358,0.410861,0.000469,0,7.415098,53.145823,-0.007507,-12.4,273.5,2454548.76578,16.195718,16.19564,-0.154,-9999999,0.392476,-0.136082,0.621452,0.030069,0.653661,0.5,800,-3.321163,3.673076,2008-03-23T06:08:54.497,-9999999,G2,072.C-0488(E),Mayor,-9999999,HARPS_ech_obs_all,HARPS_ech_obs_thosimult,STAR_WAVE_F9,9.65820639527632E-06,3.39358214290531E-07,0,0,0
GJ541.1,214.50618,-7.54204,2454551.8176586,2.928588,0.818466,-12287.261396,1.004654,0.362345,0.266347,-12286.748851,0.206062,0.686493,0.267606,-2.806477,3.970749,-4.81939,1.020593,0.426346,0.000246,0.295957,0.000316,0.409582,0.000415,0,7.416254,53.161997,-0.007787,-12.4,307.8,2454551.81777,14.703038,14.703023,-0.089,-9999999,0.393283,-0.867634,0.773916,0.119262,0.983294,0.46,800,-2.80166,3.973724,2008-03-26T07:24:05.325,-9999999,G2,072.C-0488(E),Mayor,-9999999,HARPS_ech_obs_all,HARPS_ech_obs_thosimult,STAR_WAVE_F9,9.43941253406856E-06,3.6000195949916E-07,0,0,0
GJ541.1,214.50618,-7.54204,2454552.7606048,0.93828,0.712927,-12288.785596,0.670743,0.836215,0.234872,-12286.603765,0.17742,1.205119,0.236712,-3.996837,3.810996,-9.729743,0.978478,0.425835,0.000215,0.298018,0.000276,0.418761,0.000361,0,7.411478,53.19257,-0.007181,-12.4,353.1,2454552.76072,14.417852,14.417801,0.137,-9999999,0.393532,1.596544,0.673127,1.788299,0.646852,0.5,800,-3.980405,3.816951,2008-03-27T06:01:19.917,-9999999,G2,072.C-0488(E),Mayor,-9999999,HARPS_ech_obs_all,HARPS_ech_obs_thosimult,STAR_WAVE_F9,9.59858188695471E-06,2.61701941103491E-07,0,0,0
GJ541.1,214.50618,-7.54204,2454553.7671872,0.745254,0.960564,-12287.206961,0.919752,-0.652138,0.430922,-12287.101286,0.354408,-0.49055,0.432252,4.335085,4.61632,-16.182709,1.46623,0.426519,0.00044,0.298752,0.000563,0.407855,0.000734,0,7.408545,53.211365,-0.005476,-12.4,174.3,2454553.76718,13.939514,13.939834,0.272,-9999999,0.393798,0.301217,0.85848,-0.288123,0.848727,0.5,200,4.34653,4.61641,2008-03-28T06:15:44.534,-9999999,G2,072.C-0488(E),Mayor,-9999999,HARPS_ech_obs_all,HARPS_ech_obs_thosimult,STAR_WAVE_F9,1.00886451706192E-05,4.43561744158151E-07,0,0,0
GJ541.1,214.50618,-7.54204,2454553.769868,-0.456673,0.960556,-12288.108912,0.919743,-1.854917,0.430905,-12288.008267,0.354385,-1.658342,0.432071,7.310534,4.904904,-15.262162,1.347189,0.426783,0.000439,0.297456,0.000562,0.411845,0.000737,0,7.411006,53.214803,-0.006965,-12.4,174.4,2454553.76987,13.931517,13.931841,0.478,-9999999,0.393798,0.300365,0.858481,-0.293153,0.848728,0.5,200,7.323549,4.902619,2008-03-28T06:19:36.146,-9999999,G2,072.C-0488(E),Mayor,-9999999,HARPS_ech_obs_all,HARPS_ech_obs_thosimult,STAR_WAVE_F9,1.07913330996452E-05,4.2403779699613E-07,0,0,0
GJ541.1,214.50618,-7.54204,2454553.772553,-0.207801,0.966862,-12288.086824,0.924463,-1.606898,0.444783,-12287.991216,0.366459,-1.379961,0.446169,0.206964,5.007538,-13.999623,1.577623,0.426403,0.000453,0.297534,0.00058,0.409437,0.000758,0,7.40842,53.214914,-0.006919,-12.4,168.9,2454553.77255,13.923498,13.923811,0.083,-9999999,0.393799,0.299512,0.858481,-0.298191,0.848729,0.5,200,0.218265,5.005576,2008-03-28T06:23:28.119,-9999999,G2,072.C-0488(E),Mayor,-9999999,HARPS_ech_obs_all,HARPS_ech_obs_thosimult,STAR_WAVE_F9,8.7914678660134E-06,4.80308815959066E-07,0,0,0
GJ541.1,214.50618,-7.54204,2454553.7752273,1.376192,0.962392,-12286.445726,0.920893,-0.023754,0.434979,-12286.355135,0.357354,0.270727,0.436624,0.389485,4.912743,-18.375065,1.646062,0.427104,0.000445,0.298121,0.000568,0.408951,0.000743,0,7.407901,53.233985,-0.007327,-12.4,172.5,2454553.77523,13.915506,13.915809,0.483,-9999999,0.3938,0.298663,0.858482,-0.303209,0.848729,0.5,200,0.403689,4.915182,2008-03-28T06:27:19.170,-9999999,G2,072.C-0488(E),Mayor,-9999999,HARPS_ech_obs_all,HARPS_ech_obs_thosimult,STAR_WAVE_F9,9.77132650545917E-06,4.20806321980172E-07,0,0,0
GJ541.1,214.50618,-7.54204,2454554.7332679,-1.194367,0.669432,-12290.183141,0.734266,-2.639948,0.298911,-12289.87513,0.236409,-2.362955,0.300975,-4.150174,3.588761,-11.845471,1.152963,0.426521,0.000287,0.298605,0.000369,0.419653,0.000483,0,7.410262,53.206055,-0.007839,-12.4,264.4,2454554.73338,13.576696,13.576686,-0.291,-9999999,0.394053,0.253029,0.598992,-0.086042,0.695167,0.47,400,-4.136608,3.581488,2008-03-29T05:25:22.101,-9999999,G2,072.C-0488(E),Mayor,-9999999,HARPS_ech_obs_all,HARPS_ech_obs_thosimult,STAR_WAVE_F9,9.75713644306212E-06,3.54575456581513E-07,0,0,0
GJ541.1,214.50618,-7.54204,2454554.7382642,-0.68135,0.667718,-12289.594609,0.733245,-2.128518,0.295052,-12289.295972,0.233218,-1.776544,0.29741,0.424957,3.442381,-13.501242,1.063403,0.426132,0.000283,0.298414,0.000365,0.418675,0.000476,0,7.409585,53.210565,-0.006408,-12.4,267.8,2454554.73837,13.562184,13.562198,-0.337,-9999999,0.394054,0.251441,0.598992,-0.095417,0.695168,0.47,400,0.436758,3.437177,2008-03-29T05:32:33.763,-9999999,G2,072.C-0488(E),Mayor,-9999999,HARPS_ech_obs_all,HARPS_ech_obs_thosimult,STAR_WAVE_F9,9.65502929569611E-06,3.12302232741061E-07,0,0,0
GJ541.1,214.50618,-7.54204,2454555.7859001,-4.989834,0.520082,-12293.988114,0.595348,-6.80204,0.276041,-12293.727128,0.217219,-6.4442,0.27872,7.611904,3.714708,-16.375912,1.091457,0.425089,0.000264,0.298419,0.00034,0.410175,0.000445,0,7.409587,53.238363,-0.007841,-12.4,287.1,2454555.78601,12.953561,12.953552,0.163,-9999999,0.394331,-0.113597,0.44078,-0.133345,0.554306,0.47,400,7.621316,3.694731,2008-03-30T06:41:05.510,-9999999,G2,072.C-0488(E),Mayor,-9999999,HARPS_ech_obs_all,HARPS_ech_obs_thosimult,STAR_WAVE_F9,8.71524657665431E-06,3.68616164319106E-07,0,0,0
GJ541.1,214.50618,-7.54204,2454555.7908628,-2.138164,0.518785,-12290.888305,0.593858,-3.951947,0.273586,-12290.636629,0.213095,-3.561893,0.276362,2.249985,4.220969,-15.330254,1.160108,0.425352,0.00026,0.297689,0.000334,0.408339,0.000436,0,7.409887,53.232753,-0.007105,-12.4,292.4,2454555.79098,12.938719,12.938706,-0.439,-9999999,0.394332,-0.115174,0.440782,-0.142656,0.554308,0.46,400,2.264524,4.210977,2008-03-30T06:48:18.272,-9999999,G2,072.C-0488(E),Mayor,-9999999,HARPS_ech_obs_all,HARPS_ech_obs_thosimult,STAR_WAVE_F9,9.00512422432827E-06,3.13351699423957E-07,0,0,0
GJ541.1,214.50618,-7.54204,2454556.778614,0.64449,0.684259,-12288.287681,0.719109,-1.082316,0.279162,-12287.803704,0.218105,-0.713305,0.282027,0.946001,4.904019,-17.116362,1.043534,0.421186,0.000261,0.306141,0.000338,0.409348,0.000442,0,7.408937,53.235741,-0.010449,-12.4,288.4,2454556.77861,12.504442,12.50477,-2.491,-9999999,0.394593,-0.028196,0.624723,0.089384,0.685236,0.5,400,0.957024,4.896268,2008-03-31T06:30:20.343,-9999999,G2,072.C-0488(E),Mayor,-9999999,HARPS_ech_obs_all,HARPS_ech_obs_thosimult,STAR_WAVE_F9,9.1278528053175E-06,3.316775320688E-07,0,0,0
GJ541.1,214.50618,-7.54204,2454556.7836124,-3.632663,0.681971,-12292.190386,0.717685,-5.361057,0.273502,-12291.715786,0.213358,-5.101755,0.276651,-2.601281,4.375693,-17.722366,0.957995,0.421653,0.000256,0.304854,0.000331,0.408931,0.000433,0,7.410927,53.238561,-0.008553,-12.4,294.2,2454556.78361,12.489449,12.489776,-2.315,-9999999,0.394594,-0.029784,0.624724,0.080006,0.685237,0.5,400,-2.597539,4.352907,2008-03-31T06:37:32.185,-9999999,G2,072.C-0488(E),Mayor,-9999999,HARPS_ech_obs_all,HARPS_ech_obs_thosimult,STAR_WAVE_F9,8.57462593407342E-06,3.33458201151892E-07,0,0,0
GJ541.1,214.50618,-7.54204,2454557.7072079,-0.10213,0.808743,-12289.513631,0.835542,-1.34848,0.343824,-12288.331979,0.258184,-1.107086,0.346376,-6.681142,3.913283,-19.250348,1.158689,0.427226,0.000306,0.297609,0.000398,0.411822,0.000522,0,7.410042,53.246797,-0.008009,-12.4,245.1,2454557.70732,12.240156,12.240166,-0.775,-9999999,0.394838,0.452259,0.732018,0.786814,0.794652,0.47,400,-6.669261,3.909604,2008-04-01T04:47:39.564,-9999999,G2,072.C-0488(E),Mayor,-9999999,HARPS_ech_obs_all,HARPS_ech_obs_thosimult,STAR_WAVE_F9,8.7996955616697E-06,3.95614862044893E-07,0,0,0
GJ541.1,214.50618,-7.54204,2454557.7121693,-1.613283,0.805392,-12290.94958,0.833341,-2.86121,0.335866,-12289.777235,0.250968,-2.642319,0.338706,-4.26395,3.379062,-20.054817,1.215869,0.427005,0.000298,0.297478,0.000387,0.410623,0.000508,0,7.409622,53.250424,-0.007968,-12.4,251.8,2454557.71228,12.226142,12.226141,-0.983,-9999999,0.39484,0.450683,0.732018,0.777505,0.794652,0.46,400,-4.2508,3.36768,2008-04-01T04:54:52.216,-9999999,G2,072.C-0488(E),Mayor,-9999999,HARPS_ech_obs_all,HARPS_ech_obs_thosimult,STAR_WAVE_F9,9.68530796979934E-06,3.70760769212249E-07,0,0,0
GJ541.1,214.50618,-7.54204,2454562.758734,-1.677868,0.522239,-12290.490589,0.491075,-2.649795,0.292732,-12289.367847,0.215902,-2.377958,0.296044,3.354463,4.164451,-17.204916,1.127575,0.426224,0.000258,0.297527,0.000334,0.42065,0.000438,0,7.40844,53.226016,-0.008709,-12.4,292.4,2454562.75885,9.661767,9.66172,0.58,-9999999,0.396172,0.726683,0.432483,0.72657,0.441068,0.49,420,3.366641,4.159651,2008-04-06T06:01:17.781,-9999999,G2,072.C-0488(E),Mayor,-9999999,HARPS_ech_obs_all,HARPS_ech_obs_thosimult,STAR_WAVE_F9,9.43650280253273E-06,3.50964781874941E-07,0,0,0
GJ541.1,214.50618,-7.54204,2454562.7638178,-2.456309,0.521108,-12291.430287,0.489956,-3.429851,0.290707,-12290.317082,0.213341,-3.068282,0.294256,3.39876,4.22113,-19.150941,1.131533,0.426674,0.000257,0.296769,0.000331,0.420033,0.000434,0,7.409945,53.235335,-0.008935,-12.4,294.9,2454562.76392,9.646401,9.646403,0.474,-9999999,0.396174,0.725068,0.432485,0.717031,0.44107,0.46,420,3.410497,4.213411,2008-04-06T06:08:49.604,-9999999,G2,072.C-0488(E),Mayor,-9999999,HARPS_ech_obs_all,HARPS_ech_obs_thosimult,STAR_WAVE_F9,9.79647452175412E-06,3.26725493457499E-07,0,0,0
GJ541.1,214.50618,-7.54204,2454563.8228919,-2.207258,0.593363,-12291.121192,0.568584,-3.846031,0.291261,-12290.913587,0.2082,-3.761773,0.293666,1.207672,3.840088,-16.287497,1.063088,0.423129,0.000245,0.298477,0.000318,0.422623,0.000418,0,7.411692,53.21835,-0.008907,-12.4,307.2,2454563.82301,8.978244,8.978256,-0.161,-9999999,0.396454,0.059836,0.516959,-0.188849,0.529095,0.47,420,1.223909,3.827478,2008-04-07T07:33:46.534,-9999999,G2,072.C-0488(E),Mayor,-9999999,HARPS_ech_obs_all,HARPS_ech_obs_thosimult,STAR_WAVE_F9,8.49506332683572E-06,3.07109549087242E-07,0,0,0
GJ541.1,214.50618,-7.54204,2454563.828173,-0.567491,0.590719,-12289.268815,0.566703,-2.207942,0.285831,-12289.071118,0.202998,-2.157592,0.288847,4.631911,4.611965,-17.268135,1.194807,0.422968,0.00024,0.298746,0.000311,0.4227,0.000409,0,7.411684,53.221335,-0.008609,-12.4,314.4,2454563.82829,8.9636,8.963605,-0.146,-9999999,0.396455,0.058159,0.516962,-0.198758,0.529098,0.48,420,4.647326,4.606814,2008-04-07T07:41:18.608,-9999999,G2,072.C-0488(E),Mayor,-9999999,HARPS_ech_obs_all,HARPS_ech_obs_thosimult,STAR_WAVE_F9,9.25821761888908E-06,3.224320213421E-07,0,0,0
GJ541.1,214.50618,-7.54204,2454565.7848794,3.688931,0.702341,-12285.008005,0.743943,2.752203,0.289172,-12284.151232,0.203069,2.901519,0.29186,-4.623752,3.427933,-14.970428,1.141074,0.420505,0.000244,0.300141,0.000316,0.420149,0.000413,0,7.411839,53.210416,-0.008897,-12.4,309.6,2454565.785,8.092334,8.09233,0.318,-9999999,0.396972,0.761881,0.640049,0.459801,0.715692,0.48,420,-4.60783,3.440333,2008-04-09T06:38:53.153,-9999999,G2,072.C-0488(E),Mayor,-9999999,HARPS_ech_obs_all,HARPS_ech_obs_thosimult,STAR_WAVE_F9,9.23364952839462E-06,3.49869236522176E-07,0,0,0
GJ541.1,214.50618,-7.54204,2454565.7900679,0.860429,0.702465,-12287.542487,0.744431,-0.077947,0.28947,-12286.695448,0.204844,0.121971,0.292262,-2.720764,3.886964,-14.699044,1.160339,0.420606,0.000245,0.299714,0.000318,0.420183,0.000415,0,7.411101,53.210426,-0.008277,-12.4,308,2454565.79018,8.077006,8.076991,0.607,-9999999,0.396973,0.760233,0.64005,0.450066,0.715693,0.47,420,-2.711423,3.890716,2008-04-09T06:46:25.628,-9999999,G2,072.C-0488(E),Mayor,-9999999,HARPS_ech_obs_all,HARPS_ech_obs_thosimult,STAR_WAVE_F9,9.04826278150932E-06,3.31523932066982E-07,0,0,0
GJ541.1,214.50618,-7.54204,2454567.7476343,4.469886,0.603788,-12284.276143,0.490686,3.667995,0.29196,-12283.02909,0.211811,3.925525,0.29448,-2.803865,4.349358,-16.102123,1.06842,0.420589,0.000262,0.300546,0.000337,0.421618,0.000441,0,7.410676,53.214116,-0.007679,-12.4,291,2454567.74775,7.201808,7.201805,-0.207,-9999999,0.39749,0.896718,0.528507,0.849563,0.442616,0.49,420,-2.784709,4.360955,2008-04-11T05:45:06.622,-9999999,G2,072.C-0488(E),Mayor,-9999999,HARPS_ech_obs_all,HARPS_ech_obs_thosimult,STAR_WAVE_F9,9.71951368049091E-06,3.3475725780246E-07,0,0,0
GJ541.1,214.50618,-7.54204,2454567.7527684,1.790526,0.600258,-12286.739207,0.487598,0.987004,0.284587,-12285.501785,0.204551,1.230093,0.287081,-1.176067,4.378542,-17.170321,1.097645,0.420959,0.000254,0.299729,0.000325,0.421358,0.000427,0,7.409336,53.221014,-0.008377,-12.4,300.7,2454567.75288,7.186251,7.18624,0.228,-9999999,0.397492,0.895087,0.528508,0.83993,0.442618,0.47,420,-1.165607,4.383385,2008-04-11T05:52:38.596,-9999999,G2,072.C-0488(E),Mayor,-9999999,HARPS_ech_obs_all,HARPS_ech_obs_thosimult,STAR_WAVE_F9,9.68954667884532E-06,2.75557697569246E-07,0,0,0
GJ541.1,214.50618,-7.54204,2454587.7372697,3.331414,1.227868,-12285.961909,1.204839,1.955683,0.877882,-12285.072537,0.696278,1.851271,0.88037,5.30883,7.9269,-14.391378,2.155766,0.424806,0.000818,0.300129,0.001095,0.419247,0.001427,0,7.41973,53.224222,-0.008039,-12.4,90.9,2454587.73736,-2.907869,-2.907764,0,-9999999,0.40277,0.322878,0.858476,0.486602,0.983277,0.4,120,5.324132,7.928301,2008-05-01T05:32:36.122,-9999999,G2,072.C-0488(E),Mayor,-9999999,HARPS_ech_obs_all,HARPS_ech_obs_thosimult,STAR_WAVE_F9,1.05639363137427E-05,8.11651837490986E-07,0,0,0
GJ541.1,214.50618,-7.54204,2454587.7390578,2.908361,1.311068,-12286.704671,1.259422,1.532062,0.990918,-12285.818653,0.786963,1.823942,0.992981,12.417944,7.684514,-11.932556,2.833146,0.426411,0.000928,0.298971,0.001239,0.418839,0.001614,0,7.418724,53.177956,-0.010688,-12.4,80.8,2454587.73916,-2.913083,-2.91301,-0.498,-9999999,0.402771,0.32231,0.858477,0.483247,0.983277,0.42,120,12.424519,7.685456,2008-05-01T05:35:08.210,-9999999,G2,072.C-0488(E),Mayor,-9999999,HARPS_ech_obs_all,HARPS_ech_obs_thosimult,STAR_WAVE_F9,7.9691034675788E-06,9.73215351461823E-07,0,0,0
GJ541.1,214.50618,-7.54204,2454587.7407864,3.084409,1.554466,-12286.415403,1.462725,1.707561,1.29591,-12285.532628,1.082926,1.552283,1.29855,7.439013,11.198271,-14.625513,2.868115,0.424966,0.001215,0.300326,0.001636,0.419035,0.002127,0,7.417608,53.206285,-0.016545,-12.4,62.4,2454587.74088,-2.918108,-2.918011,-0.672,-9999999,0.402771,0.321761,0.858477,0.480004,0.983277,0.41,120,7.442307,11.198261,2008-05-01T05:37:38.768,-9999999,G2,072.C-0488(E),Mayor,-9999999,HARPS_ech_obs_all,HARPS_ech_obs_thosimult,STAR_WAVE_F9,1.11039402169019E-05,1.08126423016364E-06,0,0,0
GJ541.1,214.50618,-7.54204,2454587.7425109,-1.45173,1.725863,-12292.663289,1.641625,-2.829126,1.497204,-12291.78375,1.314572,-2.800945,1.50137,-10.876968,12.277988,-22.421893,4.229397,0.423891,0.001403,0.301437,0.001906,0.421283,0.002474,0,7.416953,53.182231,-0.015912,-12.4,54.3,2454587.7426,-2.923105,-2.923024,0,-9999999,0.402771,0.321213,0.858477,0.476768,0.983277,0.39,120,-10.859797,12.275345,2008-05-01T05:40:10.166,-9999999,G2,072.C-0488(E),Mayor,-9999999,HARPS_ech_obs_all,HARPS_ech_obs_thosimult,STAR_WAVE_F9,-9999999,-9999999,-9999999,-9999999,-9999999
GJ541.1,214.50618,-7.54204,2454587.7442794,1.411684,1.644884,-12287.528894,1.551358,0.033726,1.40309,-12286.652672,1.199949,0.287757,1.405724,2.421471,12.348549,-20.038086,3.670711,0.422592,0.001314,0.296968,0.001769,0.419906,0.002308,0,7.415951,53.188624,-0.010981,-12.4,57.8,2454587.74437,-2.928214,-2.928127,-0.647,-9999999,0.402772,0.320652,0.858477,0.47345,0.983278,0.4,120,2.433348,12.347393,2008-05-01T05:42:41.763,-9999999,G2,072.C-0488(E),Mayor,-9999999,HARPS_ech_obs_all,HARPS_ech_obs_thosimult,STAR_WAVE_F9,1.34428056448354E-05,1.04186460918808E-06,0,0,0
GJ541.1,214.50618,-7.54204,2454589.7034817,-0.59428,0.728779,-12288.880873,0.811424,-2.371403,0.267233,-12289.073603,0.185107,-2.204408,0.269444,-0.912725,3.058013,-12.276696,1.174954,0.423408,0.000216,0.296808,0.000282,0.41937,0.000372,0,7.417231,53.209686,-0.008718,-12.4,344.3,2454589.7036,-3.820792,-3.820784,0.297,-9999999,0.403289,-0.078513,0.678016,-0.596019,0.790028,0.5,900,-0.902376,3.052821,2008-05-03T04:37:16.695,-9999999,G2,072.C-0488(E),Mayor,-9999999,HARPS_ech_obs_all,HARPS_ech_obs_thosimult,STAR_WAVE_F9,8.86614022939085E-06,3.2034092596071E-07,0,0,0
GJ541.1,214.50618,-7.54204,2454610.4938519,1.199912,0.959803,-12289.219337,0.827271,1.461853,0.429127,-12286.50108,0.339511,1.554473,0.431141,-1.950367,4.151569,-7.223411,1.340049,0.423579,0.000393,0.302802,0.000518,0.412617,0.000687,0,7.417427,53.151957,-0.011585,-12.4,188.1,2454610.49396,-13.268673,-13.268594,-0.283,-9999999,0.408781,1.96055,0.858529,2.309476,0.754394,0.48,400,-1.944431,4.156026,2008-05-23T23:40:35.293,-9999999,G2,072.C-0488(E),Mayor,-9999999,HARPS_ech_obs_all,HARPS_ech_obs_thosimult,STAR_WAVE_F9,8.50278879602264E-06,4.87828220585916E-07,0,0,0
GJ541.1,214.50618,-7.54204,2454610.4988508,1.745881,0.953726,-12287.419927,0.821791,2.006234,0.415362,-12284.711048,0.325938,2.089379,0.417816,-7.512146,4.743042,-7.738612,1.393622,0.424214,0.000378,0.303472,0.000498,0.411954,0.000659,0,7.41806,53.15735,-0.009956,-12.4,195.9,2454610.49896,-13.279579,-13.279505,-0.21,-9999999,0.408782,1.958962,0.858526,2.300097,0.75439,0.48,400,-7.505904,4.748369,2008-05-23T23:47:47.217,-9999999,G2,072.C-0488(E),Mayor,-9999999,HARPS_ech_obs_all,HARPS_ech_obs_thosimult,STAR_WAVE_F9,8.95192763373999E-06,4.39022892529916E-07,0,0,0
GJ541.1,214.50618,-7.54204,2454610.6226722,2.246757,0.926469,-12287.143764,0.801008,2.467773,0.348357,-12284.667171,0.269451,2.453812,0.350766,-5.875837,3.556952,-9.541648,1.105287,0.423959,0.000323,0.297434,0.000419,0.420484,0.000553,0,7.414968,53.174927,-0.010407,-12.4,233.3,2454610.62278,-13.614914,-13.614907,-0.507,-9999999,0.408815,1.919625,0.858482,2.067778,0.754328,0.46,400,-5.872861,3.565322,2008-05-24T02:46:13.871,-9999999,G2,072.C-0488(E),Mayor,-9999999,HARPS_ech_obs_all,HARPS_ech_obs_thosimult,STAR_WAVE_F9,9.69963783670146E-06,4.33723887192187E-07,0,0,0
GJ541.1,214.50618,-7.54204,2454610.6277219,2.169555,0.942194,-12287.327762,0.814352,2.388967,0.388252,-12284.860642,0.306857,2.389347,0.390418,-7.749829,4.617932,-10.533602,1.427819,0.423322,0.000367,0.298071,0.000478,0.420771,0.00063,0,7.415861,53.16518,-0.009964,-12.4,205,2454610.62784,-13.629929,-13.62994,-0.312,-9999999,0.408816,1.918021,0.858481,2.058304,0.754327,0.47,400,-7.741667,4.623808,2008-05-24T02:53:26.184,-9999999,G2,072.C-0488(E),Mayor,-9999999,HARPS_ech_obs_all,HARPS_ech_obs_thosimult,STAR_WAVE_F9,9.19948319355158E-06,3.838142197981E-07,0,0,0
GJ541.1,214.50618,-7.54204,2454611.6087637,3.398138,0.801169,-12285.29021,0.830207,2.45246,0.287902,-12283.732167,0.211143,2.569913,0.291403,5.050544,3.936861,-13.055145,1.201506,0.423201,0.000253,0.304215,0.000329,0.410193,0.000434,0,7.414471,53.182952,-0.009772,-12.4,296.9,2454611.60888,-14.01514,-14.015153,-0.149,-9999999,0.409075,0.752932,0.747652,1.148968,0.802909,0.48,400,5.055924,3.944901,2008-05-25T02:26:08.109,-9999999,G2,072.C-0488(E),Mayor,-9999999,HARPS_ech_obs_all,HARPS_ech_obs_thosimult,STAR_WAVE_F9,9.26758496200524E-06,3.53119996390373E-07,0,0,0
GJ541.1,214.50618,-7.54204,2454611.6135621,3.340452,0.812964,-12285.594335,0.838299,2.39325,0.319261,-12284.045293,0.241007,2.585293,0.321911,2.872706,4.498981,-9.736904,1.37585,0.42361,0.000284,0.304657,0.000372,0.410294,0.00049,0,7.416551,53.168835,-0.009885,-12.4,262.8,2454611.61367,-14.029359,-14.029378,-0.153,-9999999,0.409077,0.751407,0.747651,1.139965,0.802907,0.44,400,2.873839,4.505558,2008-05-25T02:33:18.711,-9999999,G2,072.C-0488(E),Mayor,-9999999,HARPS_ech_obs_all,HARPS_ech_obs_thosimult,STAR_WAVE_F9,9.3935223384124E-06,3.30629326176958E-07,0,0,0
GJ541.1,214.50618,-7.54204,2454612.6685813,1.773314,0.923613,-12286.974501,1.017506,1.857597,0.340704,-12284.69841,0.261699,1.948435,0.343791,1.687528,4.537315,-10.907091,1.389735,0.42357,0.000306,0.302877,0.000399,0.422752,0.000531,0,7.415192,53.172316,-0.009338,-12.4,244.3,2454612.6687,-14.628424,-14.62845,-0.461,-9999999,0.409355,1.782892,0.858476,1.866736,0.983276,0.49,400,1.705555,4.541304,2008-05-26T03:52:16.710,-9999999,G2,072.C-0488(E),Mayor,-9999999,HARPS_ech_obs_all,HARPS_ech_obs_thosimult,STAR_WAVE_F9,9.27031695654162E-06,4.57759202984353E-07,0,0,0
GJ541.1,214.50618,-7.54204,2454612.6734425,3.554309,0.915918,-12285.242104,1.012488,3.637048,0.319257,-12282.975131,0.241453,3.809844,0.322497,-5.515936,3.939718,-11.851965,1.333339,0.423397,0.000281,0.302732,0.000368,0.421918,0.000488,0,7.415787,53.171068,-0.00921,-12.4,265.1,2454612.67355,-14.642204,-14.642189,-0.379,-9999999,0.409357,1.781348,0.858476,1.857616,0.983276,0.46,400,-5.499574,3.94955,2008-05-26T03:59:28.742,-9999999,G2,072.C-0488(E),Mayor,-9999999,HARPS_ech_obs_all,HARPS_ech_obs_thosimult,STAR_WAVE_F9,9.60935521223861E-06,3.6575923576925E-07,0,0,0
GJ541.1,214.50618,-7.54204,2454616.69231,5.450338,0.845633,-12282.895662,0.843313,4.75,0.598159,-12281.730365,0.48308,4.767315,0.601013,-1.373134,6.106375,-14.334666,1.848019,0.424411,0.000571,0.304259,0.000749,0.408397,0.000984,0,7.417945,53.182911,-0.007197,-12.4,131.1,2454616.69243,-16.40228,-16.402286,-1.212,-9999999,0.410418,0.998271,0.597746,0.754879,0.691239,0.5,400,-1.356124,6.111622,2008-05-30T04:26:40.682,-9999999,G2,072.C-0488(E),Mayor,-9999999,HARPS_ech_obs_all,HARPS_ech_obs_thosimult,STAR_WAVE_F9,8.53891157112564E-06,6.04799103730431E-07,0,0,0
GJ541.1,214.50618,-7.54204,2454616.6971248,5.747725,0.834628,-12282.186614,0.836164,5.045858,0.582498,-12281.03035,0.470489,5.106131,0.585024,-2.064195,5.099767,-11.620263,1.731232,0.424231,0.000554,0.306118,0.00073,0.408289,0.000957,0,7.416404,53.179832,-0.005868,-12.4,134.8,2454616.69723,-16.414728,-16.414696,-0.998,-9999999,0.410419,0.996742,0.597746,0.745845,0.691239,0.46,400,-2.054809,5.106152,2008-05-30T04:33:52.704,-9999999,G2,072.C-0488(E),Mayor,-9999999,HARPS_ech_obs_all,HARPS_ech_obs_thosimult,STAR_WAVE_F9,1.03577614386751E-05,4.87613602125058E-07,0,0,0
GJ541.1,214.50618,-7.54204,2454639.6706562,-0.327425,0.894876,-12289.503976,0.820329,-1.528708,0.430726,-12288.017967,0.336351,-1.423408,0.434793,2.475357,5.074762,-14.185177,1.302673,0.421844,0.000372,0.304555,0.000502,0.415883,0.000658,0,7.414913,53.217484,-0.008468,-12.4,195.4,2454639.67077,-24.433659,-24.433695,-0.221,-9999999,0.416487,0.497326,0.784396,1.069522,0.748203,0.49,425,2.469301,5.071527,2008-06-22T03:57:36.932,-9999999,G2,072.C-0488(E),Mayor,-9999999,HARPS_ech_obs_all,HARPS_ech_obs_thosimult,STAR_WAVE_F9,7.98382869395089E-06,4.47816355975793E-07,0,0,0
GJ541.1,214.50618,-7.54204,2454639.6759445,2.993663,0.885661,-12285.767293,0.813089,1.7907,0.411239,-12284.291205,0.318287,1.801839,0.415532,-3.819592,4.960554,-14.140575,1.455629,0.422476,0.000352,0.304147,0.000475,0.416077,0.000623,0,7.416101,53.209051,-0.007803,-12.4,206.3,2454639.67606,-24.444332,-24.444357,-0.348,-9999999,0.416489,0.495646,0.784396,1.059599,0.748203,0.49,425,-3.834104,4.965269,2008-06-22T04:05:13.876,-9999999,G2,072.C-0488(E),Mayor,-9999999,HARPS_ech_obs_all,HARPS_ech_obs_thosimult,STAR_WAVE_F9,7.91887305909559E-06,3.503628642479E-07,0,0,0
GJ541.1,214.50618,-7.54204,2454640.6621828,0.741474,0.961893,-12289.219245,0.985586,-1.190721,0.437756,-12288.015325,0.342511,-1.051244,0.441826,5.89543,4.872658,-18.242466,1.693086,0.422605,0.000386,0.299426,0.000518,0.417357,0.000678,0,7.41369,53.24981,-0.008372,-12.4,190.1,2454640.6623,-24.692597,-24.692657,-0.521,-9999999,0.416749,-0.233585,0.856509,0.787171,0.924157,0.48,430,5.888698,4.869297,2008-06-23T03:45:33.618,-9999999,G2,072.C-0488(E),Mayor,-9999999,HARPS_ech_obs_all,HARPS_ech_obs_thosimult,STAR_WAVE_F9,7.73305529057221E-06,4.86126058462097E-07,0,0,0
GJ541.1,214.50618,-7.54204,2454640.6677221,0.960048,0.946887,-12288.049085,0.97521,-0.973907,0.403719,-12286.855556,0.3114,-0.938007,0.407597,2.889411,5.398877,-15.439727,1.304578,0.422241,0.000347,0.297165,0.000465,0.417078,0.000611,0,7.414587,53.218536,-0.00863,-12.4,210.5,2454640.66784,-24.704092,-24.704146,-0.34,-9999999,0.416751,-0.235345,0.856508,0.776778,0.924156,0.52,430,2.884187,5.396626,2008-06-23T03:53:15.053,-9999999,G2,072.C-0488(E),Mayor,-9999999,HARPS_ech_obs_all,HARPS_ech_obs_thosimult,STAR_WAVE_F9,9.24297054920254E-06,4.19945775288075E-07,0,0,0
GJ541.1,214.50618,-7.54204,2454641.6099459,-0.857131,0.666727,-12289.472342,0.709884,-3.089601,0.333949,-12289.137409,0.249857,-3.008652,0.338894,-2.208629,4.591707,-20.403038,1.250262,0.423019,0.000294,0.296694,0.000384,0.406526,0.000505,0,7.412775,53.245566,-0.00878,-12.4,255.1,2454641.61006,-24.841317,-24.841414,0.154,-9999999,0.417,-0.533861,0.577064,-0.082067,0.66446,0.49,425,-2.214013,4.583445,2008-06-24T02:30:25.203,-9999999,G2,072.C-0488(E),Mayor,-9999999,HARPS_ech_obs_all,HARPS_ech_obs_thosimult,STAR_WAVE_F9,9.34025884565805E-06,2.88630171122405E-07,0,0,0
GJ541.1,214.50618,-7.54204,2454641.6151328,-0.358773,0.665538,-12289.284109,0.709119,-2.592891,0.331572,-12288.958907,0.247679,-2.559245,0.336514,-1.075019,4.420024,-20.306541,1.193878,0.42287,0.000291,0.296912,0.00038,0.406878,0.0005,0,7.411139,53.25032,-0.008457,-12.4,257.8,2454641.61524,-24.854436,-24.854518,0.04,-9999999,0.417001,-0.535508,0.577062,-0.091799,0.664458,0.47,425,-1.074192,4.41331,2008-06-24T02:38:01.897,-9999999,G2,072.C-0488(E),Mayor,-9999999,HARPS_ech_obs_all,HARPS_ech_obs_thosimult,STAR_WAVE_F9,7.77565186943774E-06,3.33286724117956E-07,0,0,0
GJ541.1,214.50618,-7.54204,2454643.6278035,0.148867,0.878945,-12288.944134,0.900281,-1.402286,0.442716,-12287.340843,0.346679,-1.272238,0.446883,6.250236,4.467705,-21.140761,1.397402,0.42361,0.000409,0.29628,0.000537,0.416304,0.000705,0,7.414031,53.256857,-0.00871,-12.4,183.2,2454643.62791,-25.408863,-25.408922,-0.12,-9999999,0.417533,0.147456,0.759307,1.185758,0.830855,0.46,425,6.232477,4.464778,2008-06-26T02:56:35.348,-9999999,G2,072.C-0488(E),Mayor,-9999999,HARPS_ech_obs_all,HARPS_ech_obs_thosimult,STAR_WAVE_F9,8.66144278918551E-06,4.13793022810739E-07,0,0,0
GJ541.1,214.50618,-7.54204,2454643.6331899,-0.574211,0.879506,-12289.309917,0.900463,-2.127076,0.443831,-12287.716731,0.347152,-2.094377,0.448178,7.652177,4.858276,-22.069702,1.360109,0.423555,0.000408,0.294682,0.000536,0.415343,0.000705,0,7.411829,53.260194,-0.007111,-12.4,183.1,2454643.6333,-25.421372,-25.421435,-0.224,-9999999,0.417534,0.145745,0.759306,1.175652,0.830854,0.48,425,7.633092,4.853522,2008-06-26T03:04:12.272,-9999999,G2,072.C-0488(E),Mayor,-9999999,HARPS_ech_obs_all,HARPS_ech_obs_thosimult,STAR_WAVE_F9,9.26348953463943E-06,4.76914317446572E-07,0,0,0
GJ541.1,214.50618,-7.54204,2454644.5010428,-1.592185,0.970035,-12290.215777,0.998367,-4.639714,0.504806,-12290.82064,0.40529,-4.411236,0.508701,2.151586,5.194861,-17.720901,1.97034,0.423032,0.000487,0.304161,0.000635,0.419678,0.000837,0,7.414783,53.254594,-0.008084,-12.4,155.3,2454644.50116,-25.323755,-25.323891,0.409,-9999999,0.417763,-1.34892,0.828335,-1.022626,0.912402,0.47,425,2.136507,5.185468,2008-06-26T23:54:05.340,-9999999,G2,072.C-0488(E),Mayor,-9999999,HARPS_ech_obs_all,HARPS_ech_obs_thosimult,STAR_WAVE_F9,9.20837616242883E-06,4.60300880845799E-07,0,0,0
GJ541.1,214.50618,-7.54204,2454644.5062744,-1.275243,1.008692,-12290.197637,1.024193,-4.324434,0.575608,-12290.812314,0.465296,-4.059854,0.579782,1.187157,6.089225,-17.706707,1.717093,0.422841,0.000562,0.303562,0.000731,0.41732,0.000962,0,7.417405,53.246302,-0.009034,-12.4,134.9,2454644.50639,-25.338116,-25.338245,0.263,-9999999,0.417765,-1.350582,0.828333,-1.032442,0.912399,0.46,425,1.168223,6.081054,2008-06-27T00:01:41.644,-9999999,G2,072.C-0488(E),Mayor,-9999999,HARPS_ech_obs_all,HARPS_ech_obs_thosimult,STAR_WAVE_F9,7.56439820514432E-06,5.72998357109455E-07,0,0,0
GJ541.1,214.50618,-7.54204,2454645.6497356,-4.530623,0.782932,-12293.092568,1.005536,-5.81763,0.296617,-12291.934336,0.210395,-5.770791,0.301969,2.198559,4.417468,-19.994535,1.132382,0.422047,0.000242,0.302639,0.000318,0.414088,0.000418,0,7.414354,53.245765,-0.009784,-12.4,307.1,2454645.64986,-25.952651,-25.952734,-0.069,-9999999,0.418067,0.411602,0.724569,0.740165,0.983278,0.52,870,2.195051,4.400174,2008-06-28T03:24:08.201,-9999999,G2,072.C-0488(E),Mayor,-9999999,HARPS_ech_obs_all,HARPS_ech_obs_thosimult,STAR_WAVE_F9,7.96010164199054E-06,3.50072864904897E-07,0,0,0
GJ541.1,214.50618,-7.54204,2454646.6499757,-3.818954,0.811023,-12293.365485,0.715481,-4.621557,0.267527,-12291.02722,0.189715,-4.52344,0.272562,-1.035577,3.992005,-21.333719,1.111791,0.422814,0.000223,0.296064,0.00029,0.416106,0.000382,0,7.41578,53.24714,-0.010425,-12.4,337.1,2454646.65009,-26.189777,-26.189845,0.281,-9999999,0.418331,0.896006,0.765629,1.919934,0.68987,0.51,870,-1.046289,3.977262,2008-06-29T03:24:45.083,-9999999,G2,072.C-0488(E),Mayor,-9999999,HARPS_ech_obs_all,HARPS_ech_obs_thosimult,STAR_WAVE_F9,8.8338961140104E-06,3.39123345286609E-07,0,0,0
GJ541.1,214.50618,-7.54204,2454648.5612287,-1.334405,0.909838,-12291.230311,0.817578,-2.730983,0.301303,-12289.847077,0.222073,-2.75523,0.305247,1.815253,3.524212,-25.243889,1.200605,0.423941,0.000268,0.297104,0.000347,0.40764,0.000457,0,7.409717,53.273176,-0.013428,-12.4,282.1,2454648.56135,-26.431576,-26.431736,0.86,-9999999,0.418836,0.302032,0.858499,0.964398,0.78684,0.51,870,1.806747,3.518564,2008-07-01T01:17:11.732,-9999999,G2,072.C-0488(E),Mayor,-9999999,HARPS_ech_obs_all,HARPS_ech_obs_thosimult,STAR_WAVE_F9,8.67539922453193E-06,2.67002764725784E-07,0,0,0
GJ541.1,214.50618,-7.54204,2454679.4882329,2.265533,0.948594,-12287.519338,0.646984,0.816435,0.403428,-12285.817652,0.317751,0.885889,0.408935,0.62309,4.909834,-12.707833,1.696237,0.422385,0.000385,0.301319,0.000498,0.414083,0.000656,0,7.419717,53.185272,-0.011828,-12.4,196.8,2454679.48835,-29.234428,-29.234763,0.079,-9999999,0.427004,0.249511,0.858532,1.274682,0.56358,0.5,430,0.657577,4.912192,2008-07-31T23:40:06.212,-9999999,G2,072.C-0488(E),Mayor,-9999999,HARPS_ech_obs_all,HARPS_ech_obs_thosimult,STAR_WAVE_F9,1.0542879378672E-05,4.55218003890437E-07,0,0,0
GJ541.1,214.50618,-7.54204,2454679.493366,0.683577,0.94631,-12288.837263,0.645313,-0.767152,0.398033,-12287.145206,0.314343,-0.591347,0.403543,-1.125217,5.413787,-14.41702,1.59761,0.42261,0.000379,0.302424,0.000492,0.413026,0.000646,0,7.419301,53.2076,-0.007673,-12.4,199.6,2454679.49347,-29.246363,-29.246674,0.24,-9999999,0.427006,0.24788,0.858529,1.265051,0.563575,0.46,430,-1.093116,5.413992,2008-07-31T23:47:46.956,-9999999,G2,072.C-0488(E),Mayor,-9999999,HARPS_ech_obs_all,HARPS_ech_obs_thosimult,STAR_WAVE_F9,8.34453716747683E-06,4.44749563710326E-07,0,0,0
GJ541.1,214.50618,-7.54204,2454682.4894761,1.868332,0.720993,-12287.091208,0.717115,0.747202,0.28413,-12285.446614,0.205732,0.832734,0.290389,0.501098,4.860274,-26.986234,1.229836,0.422313,0.000249,0.302775,0.000323,0.415359,0.000425,0,7.408197,53.275908,-0.007748,-12.4,303.1,2454682.4896,-29.108093,-29.108448,0.249,-9999999,0.427797,0.577479,0.662647,1.216797,0.686971,0.49,900,0.539305,4.863215,2008-08-03T23:38:32.731,-9999999,G2,072.C-0488(E),Mayor,-9999999,HARPS_ech_obs_all,HARPS_ech_obs_thosimult,STAR_WAVE_F9,8.75155883097695E-06,2.78923836063953E-07,0,0,0
GJ541.1,214.50618,-7.54204,2454879.8172165,-1.142195,0.991948,-12291.565059,0.912196,-3.379762,0.496943,-12290.958928,0.399568,-2.988435,0.497936,-2.115899,5.478637,-20.203952,1.798297,0.424703,0.00048,0.307109,0.000632,0.413187,0.000815,0,7.415166,53.311317,-0.010269,-12.4,158.4,2454879.81733,27.741122,27.740988,0,-9999999,0.479918,-0.538958,0.858492,0.126213,0.820029,0.46,250,-2.096373,5.47354,2009-02-17T07:31:34.346,-9999999,G2,072.C-0488(E),Mayor,-9999999,HARPS_ech_obs_all,HARPS_ech_obs_thosimult,STAR_WAVE_F9,7.84776573220637E-06,4.36476039875706E-07,0,0,0
GJ541.1,214.50618,-7.54204,2454879.8205361,-4.924389,0.995112,-12295.25506,0.914884,-7.163011,0.503227,-12294.655157,0.405664,-6.770178,0.503951,5.597799,5.953121,-20.916111,1.780499,0.425182,0.00049,0.306358,0.000642,0.413273,0.00083,0,7.414186,53.31669,-0.010151,-12.4,155.7,2454879.82065,27.732734,27.732585,-0.101,-9999999,0.479919,-0.540012,0.858493,0.119984,0.82003,0.48,250,5.606584,5.939399,2009-02-17T07:36:16.134,-9999999,G2,072.C-0488(E),Mayor,-9999999,HARPS_ech_obs_all,HARPS_ech_obs_thosimult,STAR_WAVE_F9,7.83886008521177E-06,4.99628541407245E-07,0,0,0
GJ541.1,214.50618,-7.54204,2454879.8237054,-1.610341,0.984225,-12292.690541,0.90647,-3.849969,0.481339,-12292.096584,0.386312,-3.495818,0.482212,4.942106,5.811851,-23.288196,1.931804,0.424811,0.000467,0.305832,0.000611,0.42042,0.000787,0,7.409227,53.326335,-0.01376,-12.4,163.4,2454879.82381,27.72466,27.724526,-0.134,-9999999,0.479919,-0.541019,0.858494,0.114038,0.820031,0.45,250,4.94789,5.805381,2009-02-17T07:40:57.431,-9999999,G2,072.C-0488(E),Mayor,-9999999,HARPS_ech_obs_all,HARPS_ech_obs_thosimult,STAR_WAVE_F9,7.59029421122743E-06,4.63929554665676E-07,0,0,0
GJ541.1,214.50618,-7.54204,2454881.8139586,-3.030022,0.688616,-12292.309665,0.933551,-5.50632,0.39433,-12293.071524,0.309335,-5.044539,0.395631,1.820191,5.121058,-22.850321,1.390495,0.429673,0.00038,0.30777,0.000495,0.412688,0.000638,0,7.409359,53.306521,-0.010674,-12.4,202.5,2454881.81406,27.302267,27.302172,-0.736,-9999999,0.480445,-0.777689,0.564531,-1.242304,0.880812,0.45,250,1.840659,5.106436,2009-02-19T07:26:39.619,-9999999,G2,072.C-0488(E),Mayor,-9999999,HARPS_ech_obs_all,HARPS_ech_obs_thosimult,STAR_WAVE_F9,6.22335806748506E-06,4.28118287451049E-07,0,0,0
GJ541.1,214.50618,-7.54204,2454881.8173038,-4.634511,0.685605,-12294.068144,0.932302,-7.111872,0.389047,-12294.836279,0.305539,-6.684821,0.390614,3.405969,4.633644,-21.986289,1.397078,0.429053,0.000372,0.308145,0.000487,0.413407,0.000628,0,7.408923,53.314583,-0.012251,-12.4,206,2454881.81742,27.293713,27.293581,-0.437,-9999999,0.480446,-0.778751,0.564533,-1.248581,0.880813,0.48,250,3.419654,4.611324,2009-02-19T07:31:21.117,-9999999,G2,072.C-0488(E),Mayor,-9999999,HARPS_ech_obs_all,HARPS_ech_obs_thosimult,STAR_WAVE_F9,8.05356026459649E-06,3.75653553351192E-07,0,0,0
GJ541.1,214.50618,-7.54204,2454881.8204813,-2.965837,0.686629,-12292.435558,0.932521,-5.444207,0.390847,-12293.209653,0.306205,-4.947176,0.392567,5.915466,4.447447,-24.056335,1.47711,0.429559,0.000373,0.307894,0.000487,0.41293,0.000628,0,7.408364,53.322278,-0.012923,-12.4,205.7,2454881.82059,27.285524,27.285399,-0.265,-9999999,0.480447,-0.779761,0.564534,-1.254542,0.880815,0.45,250,5.929443,4.431761,2009-02-19T07:36:03.134,-9999999,G2,072.C-0488(E),Mayor,-9999999,HARPS_ech_obs_all,HARPS_ech_obs_thosimult,STAR_WAVE_F9,6.59757713127821E-06,3.92421324883229E-07,0,0,0
GJ541.1,214.50618,-7.54204,2454882.8282926,-6.125261,0.660378,-12295.490217,0.702376,-7.749558,0.360089,-12295.345622,0.279296,-7.292293,0.361845,1.325555,4.238714,-22.467367,1.2561,0.429293,0.000343,0.313952,0.000444,0.412662,0.000574,0,7.410082,53.311088,-0.013435,-12.4,224.4,2454882.8284,27.028365,27.028249,-0.328,-9999999,0.480713,0.074312,0.553566,-0.336118,0.644458,0.46,220,1.335139,4.213,2009-02-20T07:47:21.481,-9999999,G2,072.C-0488(E),Mayor,-9999999,HARPS_ech_obs_all,HARPS_ech_obs_thosimult,STAR_WAVE_F9,8.13358263916699E-06,3.75290094288385E-07,0,0,0
GJ541.1,214.50618,-7.54204,2454882.831179,-4.84259,0.662805,-12294.725751,0.703792,-6.467804,0.364518,-12294.58657,0.282835,-6.058534,0.366495,1.118382,4.610551,-24.611961,1.343484,0.429008,0.000346,0.31473,0.000449,0.41224,0.00058,0,7.408518,53.32687,-0.013761,-12.4,222,2454882.83128,27.020693,27.020577,0.048,-9999999,0.480714,0.073395,0.553568,-0.341533,0.64446,0.45,220,1.129992,4.592105,2009-02-20T07:51:33.037,-9999999,G2,072.C-0488(E),Mayor,-9999999,HARPS_ech_obs_all,HARPS_ech_obs_thosimult,STAR_WAVE_F9,9.06543682493964E-06,3.93910187613029E-07,0,0,0
GJ541.1,214.50618,-7.54204,2454882.8341161,-6.711643,0.658913,-12296.291283,0.70174,-8.33779,0.35739,-12296.157613,0.277684,-8.054154,0.359241,2.371939,4.253463,-23.076852,1.394921,0.429489,0.00034,0.31381,0.00044,0.411614,0.000568,0,7.410454,53.321095,-0.015008,-12.4,226.1,2454882.83422,27.012846,27.012713,0.06,-9999999,0.480714,0.072462,0.553569,-0.347044,0.644461,0.46,220,2.38112,4.225883,2009-02-20T07:55:44.582,-9999999,G2,072.C-0488(E),Mayor,-9999999,HARPS_ech_obs_all,HARPS_ech_obs_thosimult,STAR_WAVE_F9,7.73927284229661E-06,3.63984475146301E-07,0,0,0
GJ541.1,214.50618,-7.54204,2454883.8384879,-1.940276,0.662022,-12290.292091,0.593764,-3.586503,0.405757,-12291.068822,0.320515,-3.156589,0.406784,-0.139058,4.299413,-20.921236,1.536858,0.425038,0.000383,0.306118,0.0005,0.421583,0.000646,0,7.410441,53.303924,-0.013012,-12.4,198.8,2454883.83858,26.75554,26.755453,0,-9999999,0.48098,0.052383,0.523101,-1.257711,0.499826,0.42,250,-0.130701,4.29073,2009-02-21T08:01:50.754,-9999999,G2,072.C-0488(E),Mayor,-9999999,HARPS_ech_obs_all,HARPS_ech_obs_thosimult,STAR_WAVE_F9,7.8545025267367E-06,4.23936583899755E-07,0,0,0
GJ541.1,214.50618,-7.54204,2454883.8418312,-0.717008,0.714854,-12290.030239,0.633977,-2.364297,0.487217,-12290.813242,0.389999,-1.851309,0.487911,-0.814281,5.288089,-18.200774,1.547612,0.424468,0.000459,0.305724,0.000603,0.420129,0.000777,0,7.412698,53.295605,-0.016924,-12.4,165,2454883.84194,26.746445,26.746315,0.165,-9999999,0.480981,0.05132,0.523103,-1.263984,0.499828,0.45,250,-0.804691,5.28476,2009-02-21T08:06:32.092,-9999999,G2,072.C-0488(E),Mayor,-9999999,HARPS_ech_obs_all,HARPS_ech_obs_thosimult,STAR_WAVE_F9,7.995558896454E-06,4.02333288318594E-07,0,0,0
GJ541.1,214.50618,-7.54204,2454883.8452402,-0.931319,0.691813,-12289.439316,0.615877,-2.579691,0.452732,-12290.228714,0.359825,-2.229375,0.453554,-8.597039,5.634482,-15.57215,1.364088,0.425205,0.000419,0.305998,0.000552,0.421801,0.000713,0,7.414036,53.271587,-0.012609,-12.4,180.2,2454883.84535,26.737135,26.736981,0.075,-9999999,0.480982,0.050237,0.523105,-1.27038,0.499831,0.5,250,-8.596593,5.630555,2009-02-21T08:11:14.099,-9999999,G2,072.C-0488(E),Mayor,-9999999,HARPS_ech_obs_all,HARPS_ech_obs_thosimult,STAR_WAVE_F9,6.69036893769744E-06,4.92254240780569E-07,0,0,0
GJ541.1,214.50618,-7.54204,2454886.8008756,-4.152757,0.689075,-12293.725344,0.685141,-5.99301,0.395494,-12293.45704,0.316728,-5.521094,0.397468,4.529864,4.656313,-20.139685,1.717443,0.426481,0.000391,0.303487,0.000502,0.420263,0.00065,0,7.412288,53.297721,-0.011693,-12.4,196.8,2454886.80098,26.069108,26.069008,0.107,-9999999,0.481762,-0.141643,0.564278,-0.213458,0.607538,0.48,250,4.53119,4.639684,2009-02-24T07:07:03.606,-9999999,G2,072.C-0488(E),Mayor,-9999999,HARPS_ech_obs_all,HARPS_ech_obs_thosimult,STAR_WAVE_F9,8.33974537631322E-06,3.98602763131032E-07,0,0,0
GJ541.1,214.50618,-7.54204,2454886.8041089,-1.014217,0.681099,-12290.208892,0.679547,-2.855497,0.381425,-12289.946654,0.304433,-2.440457,0.383388,-0.697471,4.84562,-20.486605,1.484997,0.426424,0.000378,0.304576,0.000485,0.42043,0.000627,0,7.412344,53.292091,-0.010203,-12.4,204.1,2454886.80423,26.060702,26.060574,0.239,-9999999,0.481763,-0.142671,0.564279,-0.219525,0.607539,0.47,250,-0.700483,4.840796,2009-02-24T07:11:45.442,-9999999,G2,072.C-0488(E),Mayor,-9999999,HARPS_ech_obs_all,HARPS_ech_obs_thosimult,STAR_WAVE_F9,8.65738871985599E-06,3.76793990585266E-07,0,0,0
GJ541.1,214.50618,-7.54204,2454886.8073133,-1.973944,0.675128,-12291.154932,0.675083,-3.816242,0.370656,-12290.898705,0.294331,-3.41007,0.372823,-5.637212,4.34991,-17.986341,1.469083,0.426567,0.000367,0.302876,0.000468,0.420684,0.000607,0,7.413144,53.284107,-0.010107,-12.4,210.7,2454886.80742,26.052309,26.052196,0.27,-9999999,0.481764,-0.143689,0.56428,-0.225537,0.607541,0.45,250,-5.63187,4.340939,2009-02-24T07:16:27.277,-9999999,G2,072.C-0488(E),Mayor,-9999999,HARPS_ech_obs_all,HARPS_ech_obs_thosimult,STAR_WAVE_F9,9.44893784791811E-06,3.08884504231669E-07,0,0,0
GJ541.1,214.50618,-7.54204,2454913.7312832,-4.283592,0.751977,-12293.1216,0.822831,-5.185451,0.225324,-12292.215487,0.168362,-4.892744,0.227232,-7.674536,4.148466,-10.830056,1.209513,0.425632,0.000202,0.297104,0.000259,0.410999,0.000341,0,7.415239,53.213406,-0.008035,-12.4,375.8,2454913.7314,16.424566,16.424558,0.275,-9999999,0.488875,0.79675,0.717425,0.417238,0.805422,0.49,900,-7.670529,4.133559,2009-03-23T05:18:43.345,-9999999,G2,072.C-0488(E),Mayor,-9999999,HARPS_ech_obs_all,HARPS_ech_obs_thosimult,STAR_WAVE_F9,9.47573248281354E-06,3.61656874254593E-07,0,0,0
GJ541.1,214.50618,-7.54204,2454915.8090364,-3.988829,0.661174,-12293.24408,0.689809,-5.306099,0.362148,-12292.609627,0.291335,-5.126535,0.363656,-3.690558,4.788876,-14.446012,1.421866,0.428034,0.000366,0.297739,0.000464,0.411764,0.000608,0,7.410144,53.23718,-0.011172,-12.4,212.1,2454915.80916,15.303931,15.303878,0.222,-9999999,0.489424,0.38134,0.553172,0.145029,0.625268,0.48,420,-3.686929,4.777233,2009-03-25T07:14:31.154,-9999999,G2,072.C-0488(E),Mayor,-9999999,HARPS_ech_obs_all,HARPS_ech_obs_thosimult,STAR_WAVE_F9,9.01691466930206E-06,3.03853635785764E-07,0,0,0
GJ541.1,214.50618,-7.54204,2454915.8141235,-2.383685,0.664211,-12291.151173,0.690944,-3.702571,0.367661,-12290.526263,0.294008,-3.405264,0.369025,-4.708515,4.68465,-13.664379,1.409676,0.423792,0.000368,0.297201,0.000467,0.411681,0.000613,0,7.410111,53.228271,-0.010434,-12.4,210.5,2454915.81422,15.288885,15.28889,0,-9999999,0.489426,0.379723,0.553175,0.135484,0.625271,0.45,420,-4.701002,4.67623,2009-03-25T07:22:03.259,-9999999,G2,072.C-0488(E),Mayor,-9999999,HARPS_ech_obs_all,HARPS_ech_obs_thosimult,STAR_WAVE_F9,9.13533900971215E-06,3.42493859127003E-07,0,0,0
GJ541.1,214.50618,-7.54204,2454917.7974295,-3.783269,0.898846,-12293.625457,0.945726,-5.651219,0.266316,-12292.914327,0.200655,-5.429429,0.269133,-4.331764,4.36659,-17.942981,1.13158,0.428023,0.000249,0.297186,0.000316,0.420216,0.000414,0,7.409302,53.267459,-0.011307,-12.4,310,2454917.79754,14.425853,14.425835,0.41,-9999999,0.489949,-0.169341,0.858487,0.221181,0.924194,0.47,420,-4.323403,4.350976,2009-03-27T06:57:43.977,-9999999,G2,072.C-0488(E),Mayor,-9999999,HARPS_ech_obs_all,HARPS_ech_obs_thosimult,STAR_WAVE_F9,8.99906849103359E-06,2.54920962902382E-07,0,0,0
GJ541.1,214.50618,-7.54204,2454917.8027072,-2.090097,0.899533,-12291.797379,0.946136,-3.959724,0.268621,-12291.096149,0.202575,-3.688811,0.271174,-2.928065,3.772751,-17.877299,1.242363,0.427659,0.000251,0.296661,0.000318,0.419988,0.000417,0,7.409492,53.266234,-0.011479,-12.4,307.8,2454917.80282,14.410135,14.410124,0.267,-9999999,0.489951,-0.171017,0.858488,0.211279,0.924195,0.48,420,-2.917997,3.763132,2009-03-27T07:05:15.743,-9999999,G2,072.C-0488(E),Mayor,-9999999,HARPS_ech_obs_all,HARPS_ech_obs_thosimult,STAR_WAVE_F9,8.54662381484625E-06,2.8987324743501E-07,0,0,0
GJ541.1,214.50618,-7.54204,2454933.7311722,-5.669796,0.887077,-12295.918341,0.946029,-8.161719,0.223439,-12294.61864,0.163713,-7.905699,0.228475,-0.276755,3.911098,-20.361164,1.194144,0.425639,0.000199,0.305868,0.000255,0.411252,0.000334,0,7.411429,53.287232,-0.011129,-12.4,384.2,2454933.73117,6.894934,6.895306,0.539,-9999999,0.494158,-0.793314,0.858476,0.805543,0.931756,0.51,900,-0.239018,3.885372,2009-04-12T05:17:08.550,-9999999,G2,183.C-0972(A),Udry,-9999999,HARPS_ech_obs_all,HARPS_ech_obs_thosimult,STAR_WAVE_F9,8.40645544192176E-06,2.91235168183793E-07,0,0,0
GJ541.1,214.50618,-7.54204,2454937.7107035,-3.85846,0.886019,-12293.362286,0.706559,-6.306893,0.219204,-12292.628506,0.162152,-6.003497,0.224243,0.443578,3.989567,-22.249725,1.227146,0.424386,0.000196,0.299006,0.000252,0.41926,0.00033,0,7.412364,53.296211,-0.012183,-12.4,387.8,2454937.7107,4.944828,4.94521,0.127,-9999999,0.495209,-0.749823,0.858475,0.238571,0.687701,0.5,900,0.464171,3.969494,2009-04-16T04:47:42.303,-9999999,G2,183.C-0972(A),Udry,-9999999,HARPS_ech_obs_all,HARPS_ech_obs_thosimult,STAR_WAVE_F9,8.82617978797996E-06,3.00286624364097E-07,0,0,0
GJ541.1,214.50618,-7.54204,2454946.7831766,-1.246992,0.97326,-12289.642839,1.054336,-3.598457,0.45852,-12289.513397,0.380495,-3.401664,0.46164,3.514667,5.593394,-18.925734,1.706566,0.425374,0.000486,0.297413,0.000611,0.419354,0.000803,0,7.416008,53.238724,-0.008004,-12.4,160.7,2454946.78317,0.132137,0.132514,-0.048,-9999999,0.497605,-0.652855,0.858484,-0.368163,0.983285,0.5,180,3.537085,5.586233,2009-04-25T06:37:57.148,-9999999,G2,183.C-0972(A),Udry,-9999999,HARPS_ech_obs_all,HARPS_ech_obs_thosimult,STAR_WAVE_F9,9.40565381870336E-06,4.48352237211134E-07,0,0,0
GJ541.1,214.50618,-7.54204,2454946.7856697,1.259278,0.964817,-12287.419986,1.048363,-1.092979,0.440314,-12287.29522,0.363615,-0.860192,0.443289,2.164599,4.622772,-14.71776,1.693561,0.425211,0.000466,0.296818,0.000585,0.418852,0.000768,0,7.417613,53.219136,-0.010707,-12.4,167.9,2454946.78566,0.125309,0.125688,0.015,-9999999,0.497606,-0.653647,0.858484,-0.37284,0.983285,0.5,180,2.179553,4.621745,2009-04-25T06:41:32.549,-9999999,G2,183.C-0972(A),Udry,-9999999,HARPS_ech_obs_all,HARPS_ech_obs_thosimult,STAR_WAVE_F9,9.01791577216099E-06,4.32171979797599E-07,0,0,0
GJ541.1,214.50618,-7.54204,2454946.7881626,0.338836,0.954185,-12287.905846,1.041794,-2.014213,0.416502,-12287.785757,0.344216,-1.929437,0.419539,0.119029,4.746159,-16.343629,1.698987,0.42582,0.000448,0.296312,0.000556,0.419653,0.000732,0,7.415821,53.225992,-0.008792,-12.4,176.2,2454946.78815,0.118528,0.118909,0.158,-9999999,0.497607,-0.654439,0.858485,-0.377518,0.983286,0.5,180,0.136888,4.742923,2009-04-25T06:45:07.941,-9999999,G2,183.C-0972(A),Udry,-9999999,HARPS_ech_obs_all,HARPS_ech_obs_thosimult,STAR_WAVE_F9,1.00259938348233E-05,3.58594737808263E-07,0,0,0
GJ541.1,214.50618,-7.54204,2454946.79064,-1.70133,0.955486,-12290.041109,1.042385,-4.055166,0.419471,-12289.925668,0.345997,-3.7413,0.422717,10.373497,5.044748,-18.358602,1.613082,0.424806,0.000448,0.296483,0.000559,0.419235,0.000736,0,7.414183,53.238676,-0.01117,-12.4,175.4,2454946.79063,0.111839,0.112236,-0.005,-9999999,0.497607,-0.655226,0.858485,-0.382166,0.983286,0.5,180,10.392639,5.036745,2009-04-25T06:48:41.982,-9999999,G2,183.C-0972(A),Udry,-9999999,HARPS_ech_obs_all,HARPS_ech_obs_thosimult,STAR_WAVE_F9,9.26812555147091E-06,3.78633556483678E-07,0,0,0
GJ541.1,214.50618,-7.54204,2454947.7454974,3.5933,0.856492,-12285.018144,0.85462,1.202696,0.397891,-12284.725034,0.325507,1.578111,0.401238,-8.446513,5.118016,-18.14853,1.635188,0.424308,0.000404,0.304837,0.000515,0.419495,0.000676,0,7.41383,53.233319,-0.009822,-12.4,190.5,2454947.74549,-0.272835,-0.272456,-0.078,-9999999,0.49786,-0.691995,0.75846,-0.20475,0.790203,0.5,180,-8.432581,5.122623,2009-04-26T05:43:41.644,-9999999,G2,183.C-0972(A),Udry,-9999999,HARPS_ech_obs_all,HARPS_ech_obs_thosimult,STAR_WAVE_F9,9.5284984227773E-06,3.64576864166653E-07,0,0,0
GJ541.1,214.50618,-7.54204,2454947.7479907,0.160665,0.862805,-12288.835875,0.859599,-2.230731,0.411305,-12288.547443,0.338362,-2.089995,0.414615,-5.517354,4.949777,-16.594815,1.657871,0.424125,0.000429,0.304291,0.000541,0.418169,0.000711,0,7.415964,53.218366,-0.007717,-12.4,181,2454947.74799,-0.280186,-0.279837,-0.058,-9999999,0.49786,-0.692787,0.75846,-0.209428,0.790204,0.5,180,-5.500696,4.946181,2009-04-26T05:47:17.066,-9999999,G2,183.C-0972(A),Udry,-9999999,HARPS_ech_obs_all,HARPS_ech_obs_thosimult,STAR_WAVE_F9,8.83117500834284E-06,4.53510347956624E-07,0,0,0
GJ541.1,214.50618,-7.54204,2454947.7504781,0.574717,0.851803,-12287.767048,0.851686,-1.81747,0.387694,-12287.483282,0.317721,-1.45255,0.390823,-0.0751,4.705083,-15.684821,1.550999,0.423894,0.000397,0.304866,0.000504,0.419728,0.000663,0,7.414149,53.219928,-0.008624,-12.4,194.3,2454947.75047,-0.287491,-0.287095,-0.235,-9999999,0.497861,-0.693577,0.75846,-0.214095,0.790204,0.5,180,-0.060236,4.701629,2009-04-26T05:50:51.979,-9999999,G2,183.C-0972(A),Udry,-9999999,HARPS_ech_obs_all,HARPS_ech_obs_thosimult,STAR_WAVE_F9,9.74853860046021E-06,4.16858824851709E-07,0,0,0
GJ541.1,214.50618,-7.54204,2454947.7529658,2.114809,0.848604,-12286.39774,0.849725,-0.278168,0.380614,-12286.11864,0.312425,-0.075132,0.384086,-2.913125,5.198835,-16.633624,1.516505,0.424282,0.000393,0.304174,0.000496,0.420336,0.000654,0,7.414244,53.21455,-0.008125,-12.4,197.3,2454947.75296,-0.294767,-0.294386,-0.077,-9999999,0.497862,-0.694368,0.758461,-0.218762,0.790205,0.5,180,-2.90204,5.199692,2009-04-26T05:54:26.910,-9999999,G2,183.C-0972(A),Udry,-9999999,HARPS_ech_obs_all,HARPS_ech_obs_thosimult,STAR_WAVE_F9,8.85369398669788E-06,3.99234139478288E-07,0,0,0
GJ541.1,214.50618,-7.54204,2454950.7866505,2.948608,0.937801,-12285.087825,0.669191,0.661082,0.377459,-12285.41488,0.302934,0.804295,0.379596,-11.842948,4.376088,-11.352833,1.663845,0.423833,0.000369,0.304066,0.000471,0.418509,0.000619,0,7.415916,53.189093,-0.007393,-12.4,207.7,2454950.78665,-1.921215,-1.920875,0.027,-9999999,0.498663,-0.588917,0.858484,-0.825718,0.596697,0.5,300,-11.823282,4.380529,2009-04-29T06:41:58.089,-9999999,G2,183.C-0972(A),Udry,-9999999,HARPS_ech_obs_all,HARPS_ech_obs_thosimult,STAR_WAVE_F9,9.29330571033988E-06,3.85548955734134E-07,0,0,0
GJ541.1,214.50618,-7.54204,2454950.7905277,4.534698,0.93526,-12283.455004,0.6664,2.24594,0.3711,-12283.789332,0.296714,2.344269,0.37314,-8.304104,4.416213,-13.845548,1.447612,0.424034,0.000363,0.303776,0.000462,0.418336,0.000607,0,7.414887,53.196344,-0.008845,-12.4,211.5,2454950.79053,-1.931337,-1.930975,0.194,-9999999,0.498664,-0.590148,0.858485,-0.832992,0.596699,0.5,300,-8.290249,4.423934,2009-04-29T06:47:33.087,-9999999,G2,183.C-0972(A),Udry,-9999999,HARPS_ech_obs_all,HARPS_ech_obs_thosimult,STAR_WAVE_F9,8.11669809120418E-06,4.67142107178689E-07,0,0,0
GJ541.1,214.50618,-7.54204,2454950.7944044,2.556389,0.936602,-12285.787107,0.668554,0.2664,0.374466,-12286.128708,0.301517,0.449751,0.376847,-2.384588,4.096349,-13.550288,1.63453,0.423312,0.000367,0.304343,0.000469,0.418038,0.000616,0,7.415108,53.19914,-0.00982,-12.4,208.5,2454950.7944,-1.941321,-1.940963,0.187,-9999999,0.498665,-0.59138,0.858486,-0.840266,0.5967,0.5,300,-2.368866,4.0998,2009-04-29T06:53:08.035,-9999999,G2,183.C-0972(A),Udry,-9999999,HARPS_ech_obs_all,HARPS_ech_obs_thosimult,STAR_WAVE_F9,9.11414875019322E-06,4.17820770558993E-07,0,0,0
GJ541.1,214.50618,-7.54204,2454952.6895534,2.687696,0.772434,-12286.020648,0.72323,-0.060225,0.359989,-12286.273518,0.292413,0.119835,0.362372,-8.54762,4.632784,-9.638649,1.443655,0.419326,0.00036,0.303038,0.000459,0.418803,0.000604,0,7.414563,53.178147,-0.007322,-12.4,212.5,2454952.68955,-2.655009,-2.65466,0.019,-9999999,0.499166,-1.049312,0.683419,-0.752036,0.66148,0.51,450,-8.530388,4.635052,2009-05-01T04:20:50.594,-9999999,G2,183.C-0972(A),Udry,-9999999,HARPS_ech_obs_all,HARPS_ech_obs_thosimult,STAR_WAVE_F9,9.44944116831848E-06,3.41194757223241E-07,0,0,0
GJ541.1,214.50618,-7.54204,2454952.6951708,1.561153,0.769694,-12287.097717,0.721146,-1.188552,0.354072,-12287.361125,0.287222,-0.869167,0.35648,-6.911885,4.12907,-11.474604,1.488803,0.419185,0.000356,0.302845,0.000452,0.418728,0.000596,0,7.411173,53.186253,-0.009737,-12.4,215.4,2454952.69517,-2.672063,-2.671692,0.048,-9999999,0.499167,-1.051096,0.683419,-0.762575,0.66148,0.51,450,-6.895529,4.12872,2009-05-01T04:28:55.941,-9999999,G2,183.C-0972(A),Udry,-9999999,HARPS_ech_obs_all,HARPS_ech_obs_thosimult,STAR_WAVE_F9,1.08962473814494E-05,4.41999682025569E-07,0,0,0
GJ541.1,214.50618,-7.54204,2454953.7266227,-0.039801,0.907277,-12288.290493,1.010786,-2.280434,0.293549,-12288.084424,0.234216,-2.033801,0.296022,-10.832528,4.014975,-8.988176,1.33298,0.423234,0.000286,0.294687,0.000363,0.411476,0.000481,0,7.417408,53.176392,-0.006415,-12.4,267.7,2454953.72661,-3.27179,-3.27141,0,-9999999,0.499439,-0.542023,0.858476,-0.29337,0.983276,0.5,450,-10.818512,4.011056,2009-05-02T05:14:18.756,-9999999,G2,183.C-0972(A),Udry,-9999999,HARPS_ech_obs_all,HARPS_ech_obs_thosimult,STAR_WAVE_F9,1.00223942908824E-05,3.21243536185047E-07,0,0,0
GJ541.1,214.50618,-7.54204,2454953.7322395,2.682892,0.906807,-12285.760634,1.010537,0.440475,0.292091,-12285.565102,0.233136,0.498373,0.294845,-7.941707,3.457733,-11.459631,1.241972,0.42249,0.000287,0.294302,0.000364,0.411286,0.000482,0,7.414271,53.187669,-0.006681,-12.4,267.5,2454953.73224,-3.28832,-3.287955,0,-9999999,0.499441,-0.543808,0.858476,-0.303909,0.983276,0.5,450,-7.923164,3.462638,2009-05-02T05:22:24.054,-9999999,G2,183.C-0972(A),Udry,-9999999,HARPS_ech_obs_all,HARPS_ech_obs_thosimult,STAR_WAVE_F9,1.04387665982416E-05,3.18191975403361E-07,0,0,0
GJ541.1,214.50618,-7.54204,2454954.7407474,2.308158,0.803867,-12286.163744,0.816447,0.027127,0.287237,-12286.173554,0.225755,0.216974,0.290358,-10.154406,3.871732,-12.305161,1.364213,0.423769,0.000274,0.293494,0.000348,0.41935,0.000461,0,7.415707,53.190869,-0.006819,-12.4,278.9,2454954.74075,-3.81594,-3.815586,0,-9999999,0.499707,-0.582422,0.750798,-0.509517,0.784614,0.5,450,-10.138234,3.87511,2009-05-03T05:34:40.129,-9999999,G2,183.C-0972(A),Udry,-9999999,HARPS_ech_obs_all,HARPS_ech_obs_thosimult,STAR_WAVE_F9,9.53986062466352E-06,3.67660194989312E-07,0,0,0
GJ541.1,214.50618,-7.54204,2454954.7464114,1.250426,0.804914,-12286.818643,0.817398,-1.032405,0.290151,-12286.839078,0.229169,-0.699927,0.293155,-13.448961,3.732124,-11.011812,1.369949,0.423645,0.000278,0.294381,0.000354,0.4103,0.000468,0,7.416133,53.177302,-0.00817,-12.4,275.1,2454954.74641,-3.832113,-3.831738,0,-9999999,0.499709,-0.584222,0.750799,-0.520144,0.784615,0.51,450,-13.431935,3.732752,2009-05-03T05:42:45.005,-9999999,G2,183.C-0972(A),Udry,-9999999,HARPS_ech_obs_all,HARPS_ech_obs_thosimult,STAR_WAVE_F9,8.81325762020811E-06,3.1763482571136E-07,0,0,0
GJ541.1,214.50618,-7.54204,2454988.5890745,-5.798389,0.928356,-12293.949573,1.013796,-7.213176,0.353326,-12293.211762,0.246819,-7.060857,0.357829,9.211569,5.440785,-27.300262,1.282589,0.425658,0.000299,0.305535,0.000385,0.407768,0.000504,0,7.414492,53.28834,-0.013165,-12.4,254.4,2454988.58907,-18.809693,-18.809408,0.398,-9999999,0.508648,0.283822,0.85849,0.229163,0.983292,0.5,449.9997,9.203088,5.424896,2009-06-06T01:58:08.593,-9999999,G2,183.C-0972(A),Udry,-9999999,HARPS_ech_obs_all,HARPS_ech_obs_thosimult,STAR_WAVE_F9,9.13878640368654E-06,3.35924367657287E-07,0,0,0
GJ541.1,214.50618,-7.54204,2454988.5945988,-7.608433,0.933126,-12295.860342,1.016614,-9.024975,0.36568,-12295.132895,0.258154,-8.747501,0.370004,2.898565,4.495937,-24.882608,1.265175,0.425672,0.000313,0.305489,0.000403,0.407915,0.000528,0,7.417182,53.277469,-0.011101,-12.4,243.1,2454988.59459,-18.82577,-18.825495,0.175,-9999999,0.508649,0.282067,0.858489,0.218798,0.98329,0.49,449.9996,2.897346,4.467777,2009-06-06T02:06:10.419,-9999999,G2,183.C-0972(A),Udry,-9999999,HARPS_ech_obs_all,HARPS_ech_obs_thosimult,STAR_WAVE_F9,9.10222945568779E-06,3.51239905781348E-07,0,0,0
GJ541.1,214.50618,-7.54204,2454989.5926941,-6.549288,0.767507,-12295.318551,0.918476,-8.000186,0.36152,-12293.941585,0.256919,-7.805776,0.365746,8.378907,5.301518,-28.37122,1.287868,0.426611,0.000321,0.298186,0.000409,0.417836,0.000537,0,7.408985,53.299472,-0.0112,-12.4,239.7,2454989.59268,-19.198047,-19.197778,-0.259,-9999999,0.508913,0.247711,0.67703,0.868053,0.881811,0.49,449.9991,8.374804,5.278119,2009-06-07T02:03:31.320,-9999999,G2,183.C-0972(A),Udry,-9999999,HARPS_ech_obs_all,HARPS_ech_obs_thosimult,STAR_WAVE_F9,9.98389818440243E-06,2.96186977792299E-07,0,0,0
GJ541.1,214.50618,-7.54204,2454989.5983312,-5.736226,0.770391,-12294.150525,0.920393,-7.188915,0.367608,-12292.784135,0.263695,-6.898082,0.372087,11.986821,5.796716,-28.36623,1.31657,0.426032,0.000331,0.298218,0.000421,0.418119,0.000553,0,7.411199,53.293049,-0.011584,-12.4,233.1,2454989.59832,-19.214404,-19.214123,-0.314,-9999999,0.508914,0.24592,0.677028,0.857476,0.881809,0.5,449.9998,11.98156,5.77792,2009-06-07T02:11:33.897,-9999999,G2,183.C-0972(A),Udry,-9999999,HARPS_ech_obs_all,HARPS_ech_obs_thosimult,STAR_WAVE_F9,9.45760924249352E-06,3.6673321420485E-07,0,0,0
GJ541.1,214.50618,-7.54204,2454992.5974371,-0.357676,0.940587,-12288.59227,1.021033,-1.77512,0.38432,-12287.869092,0.275046,-1.549523,0.387767,0.718057,4.938661,-16.171678,1.450867,0.424733,0.000323,0.303192,0.00042,0.406092,0.000552,0,7.417186,53.209868,-0.010541,-12.4,232.3,2454992.59743,-20.313545,-20.313264,-0.437,-9999999,0.509706,0.281166,0.858488,0.213472,0.98329,0.52,449.999,0.717283,4.934285,2009-06-10T02:10:24.703,-9999999,G2,183.C-0972(A),Udry,-9999999,HARPS_ech_obs_all,HARPS_ech_obs_thosimult,STAR_WAVE_F9,9.21852352299075E-06,2.93928978630226E-07,0,0,0
GJ541.1,214.50618,-7.54204,2454992.6029094,-0.393347,0.933763,-12288.634747,1.016546,-1.812529,0.367306,-12287.921834,0.257895,-1.552228,0.370857,0.665826,5.006082,-15.816232,1.447028,0.425077,0.000301,0.302254,0.000391,0.40728,0.000515,0,7.418241,53.210894,-0.010881,-12.4,249.1,2454992.6029,-20.329228,-20.328974,-0.266,-9999999,0.509708,0.279427,0.858487,0.203205,0.983288,0.5,450.0004,0.665545,5.002358,2009-06-10T02:18:26.539,-9999999,G2,183.C-0972(A),Udry,-9999999,HARPS_ech_obs_all,HARPS_ech_obs_thosimult,STAR_WAVE_F9,9.38733247611512E-06,3.6752261422154E-07,0,0,0
GJ541.1,214.50618,-7.54204,2455038.5972687,-2.768739,0.909343,-12292.414156,1.012545,-4.785395,0.299839,-12291.576077,0.241638,-4.809089,0.304154,4.530161,3.788869,-21.12464,1.29557,0.424069,0.000277,0.29746,0.000366,0.4172,0.000482,0,7.416951,53.26467,-0.011568,-12.4,267.6,2455038.59727,-29.480527,-29.480538,0.477,-9999999,0.521856,-0.318047,0.858488,0.316223,0.98329,0.48,899.9991,4.572557,3.776725,2009-07-26T02:12:37.173,-9999999,G2,183.C-0972(A),Udry,-9999999,HARPS_ech_obs_all,HARPS_ech_obs_thosimult,STAR_WAVE_F9,8.97818313908325E-06,3.82821869057959E-07,0,0,0
GJ541.1,214.50618,-7.54204,2455039.5131151,-4.028764,0.801249,-12292.531256,0.996139,-5.515689,0.209392,-12291.539122,0.159277,-5.442428,0.214336,-2.5346,4.052299,-22.790942,1.190187,0.426861,0.000192,0.303359,0.000247,0.416293,0.000326,0,7.417654,53.271118,-0.010497,-12.4,395.6,2455039.5131,-29.328866,-29.328865,0.471,-9999999,0.522098,0.211684,0.773405,0.470036,0.983323,0.5,899.9999,-2.493108,4.040495,2009-07-27T00:11:15.996,-9999999,G2,183.C-0972(A),Udry,-9999999,HARPS_ech_obs_all,HARPS_ech_obs_thosimult,STAR_WAVE_F9,8.89493378465569E-06,2.59122601719507E-07,0,0,0
GJ541.1,214.50618,-7.54204,2455046.5748284,3.307145,0.899673,-12285.93406,1.006887,1.251187,0.269068,-12285.182565,0.216676,1.285739,0.272557,-3.506266,3.491682,-14.820799,1.357423,0.421921,0.000252,0.303377,0.000329,0.416653,0.000434,0,7.41415,53.195707,-0.00969,-12.4,297,2455046.57483,-29.314388,-29.314437,0.384,-9999999,0.523964,-0.357349,0.858495,0.227531,0.983297,0.48,899.9995,-3.466817,3.498354,2009-08-03T01:41:25.274,-9999999,G2,183.C-0972(A),Udry,-9999999,HARPS_ech_obs_all,HARPS_ech_obs_thosimult,STAR_WAVE_F9,8.88847979750955E-06,2.97528025088453E-07,0,0,0
GJ541.1,214.50618,-7.54204,2455053.5131824,1.833409,0.79501,-12288.363348,0.831369,0.16962,0.342366,-12286.268139,0.281655,0.230007,0.345686,-5.89225,4.097029,-6.106559,1.482031,0.421566,0.00033,0.296587,0.00043,0.417262,0.000567,0,7.418701,53.142625,-0.009332,-12.4,227.9,2455053.51318,-28.690481,-28.690576,0.482,-9999999,0.525796,0.03482,0.717514,1.569413,0.782205,0.5,449.9996,-5.858838,4.100591,2009-08-10T00:17:03.552,-9999999,G2,183.C-0972(A),Udry,-9999999,HARPS_ech_obs_all,HARPS_ech_obs_thosimult,STAR_WAVE_F9,9.07229670097685E-06,3.95101762651967E-07,0,0,0
GJ541.1,214.50618,-7.54204,2455053.5187637,3.468971,0.807441,-12286.364129,0.839898,1.803409,0.370323,-12284.27939,0.305926,1.808798,0.373928,-9.7297,4.308546,-4.37527,1.692944,0.421508,0.000359,0.296694,0.000468,0.408572,0.000618,0,7.419235,53.132704,-0.00798,-12.4,209.5,2455053.51875,-28.700821,-28.700904,0.438,-9999999,0.525798,0.033047,0.717511,1.558941,0.782201,0.5,449.9993,-9.705056,4.314429,2009-08-10T00:25:05.818,-9999999,G2,183.C-0972(A),Udry,-9999999,HARPS_ech_obs_all,HARPS_ech_obs_thosimult,STAR_WAVE_F9,1.03183396292834E-05,4.43332454230456E-07,0,0,0
GJ541.1,214.50618,-7.54204,2455053.5262627,3.377119,0.787817,-12286.72504,0.826448,1.709175,0.325331,-12284.654369,0.266805,1.729676,0.328383,-6.322261,4.416811,-1.351545,1.38969,0.421873,0.000311,0.297277,0.000407,0.412545,0.000539,0,7.421493,53.12558,-0.008116,-12.4,240.9,2455053.52625,-28.714203,-28.714292,0.287,-9999999,0.5258,0.030665,0.717507,1.544871,0.782197,0.43,900.0005,-6.286439,4.422482,2009-08-10T00:33:11.795,-9999999,G2,183.C-0972(A),Udry,-9999999,HARPS_ech_obs_all,HARPS_ech_obs_thosimult,STAR_WAVE_F9,9.78097702354596E-06,3.76239025408967E-07,0,0,0
GJ541.1,214.50618,-7.54204,2455054.5102458,0.442604,0.56696,-12288.231209,0.687048,-2.234104,0.312309,-12288.793471,0.256156,-2.083792,0.315514,-5.87629,4.095454,-8.536413,1.620615,0.421134,0.000301,0.295341,0.000392,0.415392,0.000516,0,7.415925,53.161262,-0.007647,-12.4,249.7,2455054.51023,-28.580621,-28.580711,0.619,-9999999,0.52606,-0.978099,0.473188,-1.088322,0.63751,0.47,899.9998,-5.836128,4.094473,2009-08-11T00:09:39.987,-9999999,G2,183.C-0972(A),Udry,-9999999,HARPS_ech_obs_all,HARPS_ech_obs_thosimult,STAR_WAVE_F9,8.32535658884468E-06,3.97062836740589E-07,0,0,0
GJ541.1,214.50618,-7.54204,2455056.5093319,-0.569928,1.374124,-12290.60971,1.31849,-2.228964,1.072921,-12289.444554,0.878343,-2.488444,1.081902,7.026046,8.050317,-15.722419,3.358841,0.422472,0.001061,0.30412,0.001391,0.416857,0.001825,0,7.415658,53.225175,-0.008612,-12.4,72.7,2455056.50933,-28.346492,-28.346606,0.187,-9999999,0.526588,0.039573,0.858521,0.638568,0.983325,0.48,450,7.041636,8.048142,2009-08-13T00:12:04.283,-9999999,G2,183.C-0972(A),Udry,-9999999,HARPS_ech_obs_all,HARPS_ech_obs_thosimult,STAR_WAVE_F9,1.07121495314813E-05,8.47988407069715E-07,0,0,0
GJ541.1,214.50618,-7.54204,2455056.5154307,2.212852,1.208211,-12287.784047,1.201213,0.551878,0.850129,-12286.630333,0.68992,0.5891,0.85799,-3.780466,8.101601,-18.001744,2.653203,0.421969,0.000847,0.302263,0.001101,0.416772,0.00145,0,7.417209,53.226147,-0.008415,-12.4,90.5,2455056.51543,-28.357338,-28.357443,0.082,-9999999,0.526589,0.037635,0.858518,0.627125,0.983322,0.58,450.0008,-3.766176,8.102045,2009-08-13T00:20:06.259,-9999999,G2,183.C-0972(A),Udry,-9999999,HARPS_ech_obs_all,HARPS_ech_obs_thosimult,STAR_WAVE_F9,2.59280653241642E-06,1.10064319608706E-06,0,0,0
GJ541.1,214.50618,-7.54204,2455057.4946795,-4.883444,0.82116,-12294.093052,0.910355,-6.342508,0.448221,-12292.257662,0.373277,-6.385366,0.452243,7.685062,5.235842,-18.542333,1.639007,0.421867,0.000475,0.293738,0.000598,0.413939,0.000788,0,7.415198,53.215058,-0.007311,-12.4,164.7,2455057.49468,-28.191068,-28.191188,0.584,-9999999,0.526848,0.239546,0.688042,1.308542,0.830307,0.46,425.0012,7.712841,5.226642,2009-08-13T23:51:26.765,-9999999,G2,183.C-0972(A),Udry,-9999999,HARPS_ech_obs_all,HARPS_ech_obs_thosimult,STAR_WAVE_F9,1.01502210741466E-05,4.81855432765348E-07,0,0,0
GJ541.1,214.50618,-7.54204,2455057.500018,-7.641016,0.907308,-12297.2748,0.965118,-9.101776,0.591447,-12295.449426,0.491984,-9.160357,0.596496,13.960287,6.231175,-20.597348,1.737122,0.423215,0.000623,0.301205,0.000789,0.414346,0.001038,0,7.414846,53.236581,-0.006877,-12.4,125.4,2455057.50001,-28.201176,-28.201283,0.567,-9999999,0.526849,0.23785,0.688039,1.298525,0.830304,0.47,425,13.982061,6.217516,2009-08-13T23:59:03.810,-9999999,G2,183.C-0972(A),Udry,-9999999,HARPS_ech_obs_all,HARPS_ech_obs_thosimult,STAR_WAVE_F9,9.3319780724008E-06,6.45823560985835E-07,0,0,0
GJ541.1,214.50618,-7.54204,2455220.8410791,-2.99771,0.968165,-12292.331538,1.04857,-5.760495,0.447572,-12293.154997,0.364164,-5.356522,0.449559,-0.646362,5.499461,-16.179576,1.582411,0.425498,0.000443,0.318283,0.000584,0.413866,0.00075,0,7.420546,53.269959,-0.005218,-12.4,173.8,2455220.84107,30.347884,30.347881,0.115,-9999999,0.569993,-1.064175,0.8585,-1.393452,0.983303,0.5,198.7009,-0.6361,5.490856,2010-01-24T08:09:35.047,-9999999,G2,183.C-0972(A),Udry,-9999999,HARPS_ech_obs_all,HARPS_ech_obs_thosimult,STAR_WAVE_F9,9.74201234024006E-06,5.04989590517649E-07,0,0,0
GJ541.1,214.50618,-7.54204,2455220.8436775,-2.585386,0.982502,-12291.47168,1.057312,-5.348996,0.477793,-12292.300015,0.388617,-5.080038,0.479227,3.099631,5.038017,-14.824565,1.719414,0.424443,0.000471,0.318332,0.000622,0.413554,0.000799,0,7.422602,53.267049,-0.00323,-12.4,163.1,2455220.84367,30.342739,30.34276,0.047,-9999999,0.569993,-1.065001,0.858501,-1.398328,0.983304,0.47,198.7016,3.117247,5.029388,2010-01-24T08:13:25.481,-9999999,G2,183.C-0972(A),Udry,-9999999,HARPS_ech_obs_all,HARPS_ech_obs_thosimult,STAR_WAVE_F9,1.02788354748533E-05,4.34194811709316E-07,0,0,0
GJ541.1,214.50618,-7.54204,2455220.8464149,-0.738845,0.977281,-12289.95364,1.054368,-3.503325,0.46696,-12290.78711,0.380531,-3.210212,0.46855,5.055661,4.369183,-13.525777,1.724517,0.425153,0.000462,0.319279,0.00061,0.41374,0.000781,0,7.423306,53.253748,-0.004953,-12.4,166.7,2455220.84641,30.337245,30.337247,0.132,-9999999,0.569994,-1.065871,0.858502,-1.403464,0.983305,0.5,198.6992,5.068514,4.363737,2010-01-24T08:17:16.015,-9999999,G2,183.C-0972(A),Udry,-9999999,HARPS_ech_obs_all,HARPS_ech_obs_thosimult,STAR_WAVE_F9,9.23901192653639E-06,4.97344523811751E-07,0,0,0
GJ541.1,214.50618,-7.54204,2455220.8491052,-2.035399,0.976361,-12290.908495,1.053754,-4.800734,0.46503,-12291.747011,0.378824,-4.551651,0.466442,-0.125355,4.764669,-13.09333,1.669995,0.425006,0.000459,0.318316,0.000606,0.414867,0.000778,0,7.422055,53.248976,-0.007027,-12.4,167.6,2455220.8491,30.331776,30.331779,0.262,-9999999,0.569995,-1.066725,0.858503,-1.408511,0.983306,0.51,198.6997,-0.11497,4.75778,2010-01-24T08:21:06.440,-9999999,G2,183.C-0972(A),Udry,-9999999,HARPS_ech_obs_all,HARPS_ech_obs_thosimult,STAR_WAVE_F9,9.65602293819758E-06,4.99722271551813E-07,0,0,0
GJ541.1,214.50618,-7.54204,2455223.8627531,-7.305629,0.963381,-12295.629682,0.829299,-10.678844,0.509803,-12298.076443,0.417902,-10.24333,0.511581,1.521601,5.450456,-20.298795,1.470556,0.426355,0.000518,0.318805,0.000679,0.415322,0.000872,0,7.414799,53.29726,-0.007151,-12.4,150.2,2455223.86274,30.254672,30.254697,-0.285,-9999999,0.570791,-1.674606,0.817437,-3.017552,0.716307,0.51,219.9941,1.531321,5.429224,2010-01-27T08:40:08.630,-9999999,G2,183.C-0972(A),Udry,-9999999,HARPS_ech_obs_all,HARPS_ech_obs_thosimult,STAR_WAVE_F9,9.41097513787961E-06,5.63240024664961E-07,0,0,0
GJ541.1,214.50618,-7.54204,2455223.8656188,-6.534809,0.968525,-12295.184908,0.832225,-9.908935,0.519456,-12297.637045,0.423674,-9.616199,0.521178,7.99109,5.048351,-18.30754,1.783811,0.426301,0.000527,0.311468,0.00069,0.415699,0.000887,0,7.417298,53.29479,-0.009192,-12.4,147.9,2455223.86561,30.248175,30.24818,0.035,-9999999,0.570792,-1.675516,0.817439,-3.022929,0.716309,0.49,219.9991,8.008339,5.031304,2010-01-27T08:44:20.606,-9999999,G2,183.C-0972(A),Udry,-9999999,HARPS_ech_obs_all,HARPS_ech_obs_thosimult,STAR_WAVE_F9,7.49757862463069E-06,5.1846301079606E-07,0,0,0
GJ541.1,214.50618,-7.54204,2455223.8685337,-6.499965,0.958254,-12294.612701,0.82482,-9.875017,0.500042,-12297.070307,0.408934,-9.574345,0.501986,-0.456282,4.934567,-22.034184,1.792912,0.426116,0.000507,0.311484,0.000665,0.415973,0.000855,0,7.414096,53.310614,-0.012316,-12.4,153.4,2455223.86853,30.241505,30.241497,-0.049,-9999999,0.570792,-1.676442,0.81744,-3.028398,0.716311,0.49,219.9952,-0.439422,4.916776,2010-01-27T08:48:32.430,-9999999,G2,183.C-0972(A),Udry,-9999999,HARPS_ech_obs_all,HARPS_ech_obs_thosimult,STAR_WAVE_F9,8.59185053211954E-06,5.58148951552392E-07,0,0,0
GJ541.1,214.50618,-7.54204,2455223.8714948,-7.096939,0.951221,-12295.509201,0.819022,-10.472931,0.486427,-12297.972361,0.397106,-10.178415,0.487964,3.153061,5.01605,-22.57101,1.730278,0.426231,0.000494,0.309397,0.000644,0.411898,0.000827,0,7.414299,53.312606,-0.008733,-12.4,157.5,2455223.87149,30.234667,30.234646,-0.241,-9999999,0.570793,-1.677383,0.817441,-3.033953,0.716312,0.51,219.994,3.165791,4.997454,2010-01-27T08:52:43.844,-9999999,G2,183.C-0972(A),Udry,-9999999,HARPS_ech_obs_all,HARPS_ech_obs_thosimult,STAR_WAVE_F9,1.07005461194512E-05,4.93164171968681E-07,0,0,0
GJ541.1,214.50618,-7.54204,2455225.8608496,-5.425122,0.837227,-12295.379605,0.823016,-7.981716,0.360751,-12295.462018,0.287769,-7.6754,0.363072,2.812923,4.10459,-20.867884,1.438533,0.425358,0.000352,0.310029,0.00046,0.415142,0.000594,0,7.412418,53.297702,-0.011869,-12.4,219.6,2455225.86085,30.182512,30.182532,-0.044,-9999999,0.571319,-0.857985,0.755518,-0.653732,0.771067,0.5,280.0046,2.825955,4.085224,2010-01-29T08:36:39.074,-9999999,G2,183.C-0972(A),Udry,-9999999,HARPS_ech_obs_all,HARPS_ech_obs_thosimult,STAR_WAVE_F9,9.42448277939007E-06,5.12111494111976E-07,0,0,0
GJ541.1,214.50618,-7.54204,2455225.8644915,-4.233599,0.834674,-12294.014338,0.822004,-6.79135,0.354782,-12294.103584,0.284855,-6.457226,0.357349,4.743797,4.607441,-19.990287,1.37584,0.425963,0.00035,0.309406,0.000456,0.41335,0.000587,0,7.414384,53.301714,-0.010331,-12.4,221.4,2455225.86448,30.174093,30.174126,-0.076,-9999999,0.57132,-0.859142,0.75552,-0.660566,0.77107,0.51,280.0052,4.749117,4.593745,2010-01-29T08:41:50.902,-9999999,G2,183.C-0972(A),Udry,-9999999,HARPS_ech_obs_all,HARPS_ech_obs_thosimult,STAR_WAVE_F9,8.6124072564618E-06,3.95437943824944E-07,0,0,0
GJ541.1,214.50618,-7.54204,2455225.8680988,-7.671274,0.836158,-12297.48686,0.822236,-10.230171,0.358255,-12297.582873,0.285517,-9.931058,0.360435,3.932079,4.309634,-21.586343,1.273772,0.425748,0.000349,0.310423,0.000457,0.413974,0.000587,0,7.4136,53.307344,-0.010394,-12.4,221.3,2455225.86809,30.165664,30.165683,-0.004,-9999999,0.571321,-0.860288,0.755522,-0.667334,0.771072,0.51,279.9994,3.941443,4.286068,2010-01-29T08:47:02.540,-9999999,G2,183.C-0972(A),Udry,-9999999,HARPS_ech_obs_all,HARPS_ech_obs_thosimult,STAR_WAVE_F9,8.30110782489661E-06,3.64052337456925E-07,0,0,0
GJ541.1,214.50618,-7.54204,2455237.8711083,4.078131,0.604355,-12284.616094,1.011959,2.070288,0.383473,-12285.294551,0.31551,2.473256,0.384934,-3.971009,4.086419,-9.949004,1.586107,0.427879,0.000387,0.303825,0.000495,0.409778,0.00064,0,7.422566,53.208626,-0.007439,-12.4,199.9,2455237.87111,28.961417,28.961515,0.767,-9999999,0.574491,-0.309233,0.467111,-1.252948,0.961516,0.5,240,-3.960069,4.096381,2010-02-10T08:50:03.170,-9999999,G2,183.C-0972(A),Udry,-9999999,HARPS_ech_obs_all,HARPS_ech_obs_thosimult,STAR_WAVE_F9,1.02562196383917E-05,5.02429111738096E-07,0,0,0
GJ541.1,214.50618,-7.54204,2455237.8742523,0.902512,0.608563,-12287.880424,1.013835,-1.106329,0.390069,-12288.564778,0.321473,-0.643301,0.39132,2.950065,4.562086,-10.715524,1.610443,0.427443,0.000392,0.303756,0.000503,0.409938,0.00065,0,7.41909,53.208922,-0.008072,-12.4,196.7,2455237.87424,28.953134,28.953243,0.909,-9999999,0.574492,-0.310232,0.467114,-1.258846,0.961518,0.5,239.9999,2.961242,4.563892,2010-02-10T08:54:34.784,-9999999,G2,183.C-0972(A),Udry,-9999999,HARPS_ech_obs_all,HARPS_ech_obs_thosimult,STAR_WAVE_F9,1.03092585974775E-05,4.30142295774381E-07,0,0,0
GJ541.1,214.50618,-7.54204,2455237.87735,2.70853,0.61008,-12285.883085,1.014376,0.698705,0.392428,-12286.57325,0.323171,1.145185,0.393579,-0.227789,4.026246,-7.061726,1.622335,0.428144,0.000393,0.304173,0.000504,0.410071,0.000651,0,7.424577,53.185992,-0.005025,-12.4,196.4,2455237.87735,28.944944,28.945063,0.587,-9999999,0.574493,-0.311216,0.467117,-1.264658,0.961519,0.48,239.9993,-0.215177,4.032244,2010-02-10T08:59:07.200,-9999999,G2,183.C-0972(A),Udry,-9999999,HARPS_ech_obs_all,HARPS_ech_obs_thosimult,STAR_WAVE_F9,1.03643049510907E-05,4.23228049770867E-07,0,0,0
GJ541.1,214.50618,-7.54204,2455238.8788155,1.826011,0.682968,-12287.670825,0.645572,0.184957,0.38698,-12286.529322,0.319004,0.604723,0.388304,3.544615,4.75443,-7.515209,1.704203,0.427814,0.000404,0.310265,0.00051,0.410839,0.000662,0,7.422195,53.190216,-0.006507,-12.4,194.1,2455238.87881,28.781443,28.781576,-0.347,-9999999,0.574757,0.057555,0.562754,0.566746,0.561248,0.53,299.9994,3.565661,4.755948,2010-02-11T09:00:21.709,-9999999,G2,183.C-0972(A),Udry,-9999999,HARPS_ech_obs_all,HARPS_ech_obs_thosimult,STAR_WAVE_F9,9.96324980142332E-06,3.91101581464481E-07,0,0,0
GJ541.1,214.50618,-7.54204,2455238.8826301,1.861283,0.667158,-12288.129971,0.634103,0.219017,0.358337,-12286.995625,0.2951,0.639375,0.359592,0.224066,3.692932,-6.950543,1.587385,0.426649,0.00037,0.310878,0.000469,0.410103,0.000608,0,7.423674,53.181927,-0.006459,-12.4,211,2455238.88263,28.77125,28.771366,-0.301,-9999999,0.574758,0.056344,0.562756,0.559588,0.561251,0.52,300.0007,0.255712,3.695446,2010-02-11T09:05:54.258,-9999999,G2,183.C-0972(A),Udry,-9999999,HARPS_ech_obs_all,HARPS_ech_obs_thosimult,STAR_WAVE_F9,9.93689107881833E-06,3.32003654340843E-07,0,0,0
GJ541.1,214.50618,-7.54204,2455238.8864031,1.922301,0.659926,-12287.93505,0.629084,0.278837,0.34468,-12286.807782,0.284147,0.75125,0.346236,4.808907,4.084697,-8.758184,1.534149,0.427105,0.000358,0.310906,0.000453,0.410912,0.000587,0,7.422634,53.184347,-0.006295,-12.4,218.5,2455238.8864,28.76114,28.761252,-0.277,-9999999,0.574759,0.055145,0.562759,0.552509,0.561254,0.5,300.0015,4.832605,4.086679,2010-02-11T09:11:26.208,-9999999,G2,183.C-0972(A),Udry,-9999999,HARPS_ech_obs_all,HARPS_ech_obs_thosimult,STAR_WAVE_F9,1.05922537539277E-05,3.83447363379278E-07,0,0,0
GJ541.1,214.50618,-7.54204,2455240.8046555,4.010269,1.046875,-12286.364226,1.100039,2.173912,0.59912,-12285.692211,0.49318,2.708176,0.599284,0.691883,7.002705,-4.091335,2.137846,0.423488,0.000596,0.305348,0.000778,0.410099,0.001002,0,7.421091,53.171606,-0.006116,-12.4,128.6,2455240.80465,28.622893,28.623027,0.161,-9999999,0.575266,-0.137748,0.858489,0.096749,0.98329,0.52,250,0.716625,7.005812,2010-02-13T07:13:47.425,-9999999,G2,183.C-0972(A),Udry,-9999999,HARPS_ech_obs_all,HARPS_ech_obs_thosimult,STAR_WAVE_F9,6.69615539821963E-06,6.77674049029601E-07,0,0,0
GJ541.1,214.50618,-7.54204,2455240.8078005,1.967693,1.015761,-12288.413189,1.080613,0.130337,0.542924,-12287.747074,0.448177,0.529762,0.543326,-6.672656,5.325173,-3.817192,1.988916,0.422239,0.000539,0.303396,0.000702,0.410851,0.000908,0,7.421679,53.163263,-0.00854,-12.4,142,2455240.8078,28.61562,28.615739,0.002,-9999999,0.575267,-0.138747,0.85849,0.090848,0.983291,0.48,250.0016,-6.652717,5.327101,2010-02-13T07:18:29.131,-9999999,G2,183.C-0972(A),Udry,-9999999,HARPS_ech_obs_all,HARPS_ech_obs_thosimult,STAR_WAVE_F9,1.00492869705258E-05,6.58124197141583E-07,0,0,0
GJ541.1,214.50618,-7.54204,2455240.8110658,4.299248,1.014166,-12285.663447,1.079328,2.460854,0.539933,-12285.003457,0.445069,2.949876,0.540451,-7.245673,6.023343,-2.723955,1.974431,0.424091,0.000538,0.305759,0.000701,0.413234,0.000906,0,7.425001,53.155964,-0.009597,-12.4,142.8,2455240.81106,28.60798,28.60812,0.035,-9999999,0.575268,-0.139784,0.85849,0.084722,0.983292,0.48,250.0009,-7.225145,6.028427,2010-02-13T07:23:11.227,-9999999,G2,183.C-0972(A),Udry,-9999999,HARPS_ech_obs_all,HARPS_ech_obs_thosimult,STAR_WAVE_F9,1.04174634731045E-05,5.75114339994987E-07,0,0,0
GJ541.1,214.50618,-7.54204,2455243.8392529,2.478399,0.936153,-12287.187502,1.030469,0.65603,0.373312,-12286.551722,0.308194,1.015835,0.374063,-7.08143,3.476648,-0.513191,1.544009,0.426607,0.000374,0.309896,0.000479,0.409285,0.000621,0,7.419452,53.14896,-0.007438,-12.4,206,2455243.83925,27.952032,27.95217,0.295,-9999999,0.576067,-0.12376,0.858499,0.059713,0.983302,0.51,450.0001,-7.056992,3.483152,2010-02-16T08:01:32.549,-9999999,G2,183.C-0972(A),Udry,-9999999,HARPS_ech_obs_all,HARPS_ech_obs_thosimult,STAR_WAVE_F9,9.63715660369972E-06,4.45492430931016E-07,0,0,0
GJ541.1,214.50618,-7.54204,2455243.8449366,0.087421,0.912898,-12289.389222,1.015051,-1.736754,0.310417,-12288.764104,0.251878,-1.293091,0.311155,-14.393118,3.774135,0.253381,1.442692,0.4265,0.000304,0.310826,0.000391,0.411205,0.000507,0,7.420825,53.140917,-0.005696,-12.4,252.5,2455243.84494,27.937078,27.937225,0.041,-9999999,0.576069,-0.125566,0.858502,0.049049,0.983304,0.53,450.0006,-14.360175,3.774551,2010-02-16T08:09:34.577,-9999999,G2,183.C-0972(A),Udry,-9999999,HARPS_ech_obs_all,HARPS_ech_obs_thosimult,STAR_WAVE_F9,9.2892254687392E-06,3.15704621606835E-07,0,0,0
GJ541.1,214.50618,-7.54204,2455244.8332475,1.430045,0.918037,-12287.336447,1.013541,-0.476755,0.32523,-12286.724479,0.245737,-0.19395,0.326354,-1.70946,3.636325,-3.008876,1.577251,0.422505,0.000325,0.303272,0.000416,0.40974,0.000538,0,7.420776,53.154383,-0.004876,-12.4,237.8,2455244.83324,27.754393,27.754548,-0.1,-9999999,0.57633,-0.208191,0.858497,0.035638,0.9833,0.51,300.0013,-1.702838,3.637414,2010-02-17T07:54:02.242,-9999999,G2,183.C-0972(A),Udry,-9999999,HARPS_ech_obs_all,HARPS_ech_obs_thosimult,STAR_WAVE_F9,1.01629029464883E-05,3.47428185513272E-07,0,0,0
GJ541.1,214.50618,-7.54204,2455244.8373527,1.019877,0.916347,-12287.654066,1.012162,-0.888227,0.320424,-12287.049799,0.239982,-0.385686,0.321418,-3.776819,3.970284,-2.996405,1.539519,0.423798,0.000319,0.303967,0.000407,0.41958,0.000527,0,7.421219,53.150928,-0.00476,-12.4,243,2455244.83734,27.743637,27.743811,-0.055,-9999999,0.576331,-0.209495,0.858499,0.027936,0.983301,0.5,299.9999,-3.769393,3.970834,2010-02-17T07:59:59.902,-9999999,G2,183.C-0972(A),Udry,-9999999,HARPS_ech_obs_all,HARPS_ech_obs_thosimult,STAR_WAVE_F9,1.08572309375312E-05,3.58475701829005E-07,0,0,0
GJ541.1,214.50618,-7.54204,2455244.8413894,0.316258,0.929159,-12288.504206,1.020001,-1.593128,0.355407,-12287.907512,0.271142,-1.195739,0.356563,-1.543159,3.8164,-4.690472,1.693085,0.422628,0.000353,0.30314,0.000453,0.418764,0.000587,0,7.420493,53.158799,-0.004101,-12.4,218,2455244.84138,27.732983,27.733147,-0.077,-9999999,0.576332,-0.210777,0.8585,0.020362,0.983303,0.47,300.0012,-1.530495,3.814595,2010-02-17T08:05:57.633,-9999999,G2,183.C-0972(A),Udry,-9999999,HARPS_ech_obs_all,HARPS_ech_obs_thosimult,STAR_WAVE_F9,1.00654412185755E-05,3.51321378222455E-07,0,0,0
GJ541.1,214.50618,-7.54204,2455274.8047369,-6.843303,0.911783,-12296.579843,1.014583,-9.117097,0.307157,-12296.237528,0.250037,-8.765087,0.309278,8.479424,4.320388,-28.165934,1.370291,0.428467,0.000313,0.29894,0.000393,0.419426,0.000513,0,7.410982,53.329774,-0.011965,-12.4,249.4,2455274.80473,18.033336,18.033643,0.054,-9999999,0.584246,-0.575185,0.858489,-0.241931,0.98329,0.52,450.0012,8.501088,4.294279,2010-03-19T07:08:16.354,-9999999,G2,183.C-0972(A),Udry,-9999999,HARPS_ech_obs_all,HARPS_ech_obs_thosimult,STAR_WAVE_F9,8.81874226085492E-06,2.94093052135661E-07,0,0,0
GJ541.1,214.50618,-7.54204,2455274.8105515,-6.580674,0.903923,-12295.848073,1.009407,-8.856316,0.282968,-12295.516665,0.228123,-8.513788,0.285153,0.433551,3.288492,-26.387138,1.177409,0.428424,0.000287,0.29935,0.000359,0.419629,0.00047,0,7.413417,53.313391,-0.011896,-12.4,272.5,2455274.81054,18.016162,18.016492,0.148,-9999999,0.584248,-0.577032,0.85849,-0.25284,0.983292,0.51,449.9994,0.453584,3.251853,2010-03-19T07:16:43.203,-9999999,G2,183.C-0972(A),Udry,-9999999,HARPS_ech_obs_all,HARPS_ech_obs_thosimult,STAR_WAVE_F9,8.74211467455656E-06,2.82941841616254E-07,0,0,0
GJ541.1,214.50618,-7.54204,2455279.7545587,6.343043,0.872908,-12282.951033,0.872673,4.712234,0.428995,-12282.037534,0.35599,4.935411,0.428973,-2.956587,5.375541,-9.951058,1.684568,0.424641,0.000429,0.297201,0.000548,0.419487,0.000718,0,7.416073,53.200572,-0.009354,-12.4,178.8,2455279.75455,16.005666,16.005988,0.39,-9999999,0.585554,0.067801,0.760218,0.327945,0.796762,0.47,450.0016,-2.963835,5.388657,2010-03-24T05:55:59.237,-9999999,G2,183.C-0972(A),Udry,-9999999,HARPS_ech_obs_all,HARPS_ech_obs_thosimult,STAR_WAVE_F9,-9999999,-9999999,-9999999,-9999999,-9999999
GJ541.1,214.50618,-7.54204,2455279.7603713,8.477995,0.916646,-12281.01952,0.903062,6.84534,0.512159,-12280.116926,0.425075,6.965063,0.5122,2.407953,5.614511,-9.343817,1.914079,0.425467,0.00051,0.297339,0.000654,0.420808,0.000858,0,7.422921,53.180225,-0.01023,-12.4,150.2,2455279.76036,15.98874,15.989079,0.286,-9999999,0.585555,0.065954,0.760219,0.317039,0.796763,0.46,450.0066,2.396781,5.628144,2010-03-24T06:04:25.917,-9999999,G2,183.C-0972(A),Udry,-9999999,HARPS_ech_obs_all,HARPS_ech_obs_thosimult,STAR_WAVE_F9,8.77156215889635E-06,5.08266669275995E-07,0,0,0
GJ541.1,214.50618,-7.54204,2455282.7752689,4.853732,0.843444,-12284.367595,0.787171,2.014715,0.298718,-12284.520549,0.243817,2.233246,0.299385,-3.404746,4.478935,-2.412918,1.465189,0.426673,0.000295,0.29926,0.000375,0.410084,0.00049,0,7.421903,53.141302,-0.008764,-12.4,260.7,2455282.77526,14.592694,14.593057,-0.032,-9999999,0.586352,-1.140408,0.788775,-0.739306,0.748459,0.5,449.999,-3.395764,4.485394,2010-03-27T06:25:21.829,-9999999,G2,183.C-0972(A),Udry,-9999999,HARPS_ech_obs_all,HARPS_ech_obs_thosimult,STAR_WAVE_F9,9.71778458844664E-06,3.87283520688637E-07,0,0,0
GJ541.1,214.50618,-7.54204,2455282.7811307,5.50269,0.870606,-12283.660708,0.808388,2.66181,0.368492,-12283.824659,0.305448,2.954666,0.368581,-2.324357,4.080418,-2.471244,1.635492,0.426348,0.000367,0.299255,0.000468,0.409489,0.000611,0,7.421181,53.137552,-0.007498,-12.4,209,2455282.78113,14.575206,14.575531,-0.343,-9999999,0.586353,-1.14227,0.788776,-0.750304,0.748461,0.5,450.0063,-2.314832,4.088175,2010-03-27T06:33:48.267,-9999999,G2,183.C-0972(A),Udry,-9999999,HARPS_ech_obs_all,HARPS_ech_obs_thosimult,STAR_WAVE_F9,1.01937004057408E-05,4.27581493431059E-07,0,0,0
GJ541.1,214.50618,-7.54204,2455283.7640506,6.93475,0.563791,-12282.193462,0.593741,3.218886,0.308987,-12283.350945,0.251339,3.50007,0.309828,-1.298622,4.353977,-2.374171,1.485138,0.421409,0.000313,0.306239,0.000394,0.418861,0.000515,0,7.419856,53.137637,-0.005785,-12.4,248.3,2455283.76405,14.168805,14.169162,0.164,-9999999,0.586613,-2.017255,0.47158,-1.744096,0.537919,0.5,450.0067,-1.277141,4.363902,2010-03-28T06:09:08.477,-9999999,G2,183.C-0972(A),Udry,-9999999,HARPS_ech_obs_all,HARPS_ech_obs_thosimult,STAR_WAVE_F9,1.03216158452824E-05,3.48940771915049E-07,0,0,0
GJ541.1,214.50618,-7.54204,2455283.7698139,6.789603,0.574134,-12282.375546,0.601009,3.071908,0.327476,-12283.543842,0.268053,3.51297,0.328264,-0.394085,4.121682,-1.370637,1.622052,0.421805,0.000333,0.30592,0.00042,0.41877,0.000549,0,7.419844,53.131466,-0.005823,-12.4,233,2455283.76981,14.151647,14.151983,0.362,-9999999,0.586614,-2.019086,0.471582,-1.75491,0.537921,0.48,450.0066,-0.385103,4.132082,2010-03-28T06:17:35.406,-9999999,G2,183.C-0972(A),Udry,-9999999,HARPS_ech_obs_all,HARPS_ech_obs_thosimult,STAR_WAVE_F9,1.07505573418919E-05,4.0148565164693E-07,0,0,0
GJ541.1,214.50618,-7.54204,2456739.8287653,4.983687,0.529588,-12283.826734,0.547825,2.486413,0.224245,-12284.071198,0.174584,2.797212,0.224506,-11.199898,3.370841,7.808625,1.906814,0.424826,0.000208,0.297438,0.000259,0.411217,0.00034,0,7.429561,53.098106,-0.0101,-12.4,378.4,2456739.82876,16.242113,16.242257,0.716,-9999999,0.971205,-0.798664,0.479769,-1.215669,0.519261,0.5,900.0013,-11.20396,3.386625,2014-03-23T07:38:57.566,-9999999,G2,192.C-0852(A),Udry,-9999999,HARPS_ech_obs_all,HARPS_ech_obs_wavesimult,STAR_WAVE_F9,8.73772670930481E-06,2.67417457961942E-07,0,0,0
GJ541.1,214.50618,-7.54204,2456743.7975213,1.829258,0.909608,-12286.641944,1.01294,0.333343,0.300643,-12285.893473,0.243295,0.610871,0.300101,-6.599765,3.771789,14.366856,2.185727,0.422129,0.000281,0.299074,0.000355,0.410762,0.000464,0,7.430559,53.049385,-0.008708,-12.4,276.2,2456743.79752,14.54298,14.543129,0.732,-9999999,0.972254,0.202695,0.858487,-0.223783,0.983288,0.47,899.9999,-6.590467,3.778734,2014-03-27T06:54:07.403,-9999999,G2,192.C-0852(A),Udry,-9999999,HARPS_ech_obs_all,HARPS_ech_obs_wavesimult,STAR_WAVE_F9,9.46331931548712E-06,3.84693962445871E-07,0,0,0
GJ541.1,214.50618,-7.54204,2456746.8320238,1.033122,0.68443,-12287.088415,0.595733,0.588082,0.410107,-12285.647272,0.341373,0.663123,0.409766,-16.890196,5.009844,6.772506,2.348484,0.425058,0.000403,0.296311,0.000502,0.411552,0.00066,0,7.428774,53.087562,-0.008103,-12.4,195.4,2456746.83202,13.049109,13.049252,-0.039,-9999999,0.973055,1.253569,0.547957,0.468088,0.488223,0.41,450.0005,-16.869769,5.013924,2014-03-30T07:47:34.776,-9999999,G2,192.C-0852(A),Udry,-9999999,HARPS_ech_obs_all,HARPS_ech_obs_wavesimult,STAR_WAVE_F9,9.92256171494439E-06,4.53468319886166E-07,0,0,0
GJ541.1,214.50618,-7.54204,2456746.8384371,2.044404,0.745347,-12286.338069,0.645345,1.597326,0.505254,-12284.908957,0.422024,1.822102,0.505242,-5.06097,4.912557,4.633001,2.327179,0.424952,0.000503,0.296816,0.000627,0.412982,0.000826,0,7.42805,53.105969,-0.008104,-12.4,157.1,2456746.83843,13.030947,13.031107,-0.041,-9999999,0.973057,1.251532,0.547961,0.456055,0.488228,0.57,450.001,-5.053905,4.917219,2014-03-30T07:55:36.866,-9999999,G2,192.C-0852(A),Udry,-9999999,HARPS_ech_obs_all,HARPS_ech_obs_wavesimult,STAR_WAVE_F9,8.33259516239635E-06,4.28610814969434E-07,0,0,0
GJ541.1,214.50618,-7.54204,2456759.7755582,-0.587303,0.798581,-12289.87174,0.835617,-2.080115,0.402884,-12289.092995,0.335725,-1.917144,0.403437,-11.799333,4.638935,2.064145,2.461446,0.42582,0.000392,0.298057,0.000494,0.410159,0.000648,0,7.433908,53.124668,-0.012089,-12.4,198.3,2456759.77555,6.870368,6.870541,0.616,-9999999,0.976474,0.205797,0.689504,-0.197729,0.765209,0.49,449.9935,-11.784515,4.638743,2014-04-12T06:25:02.477,-9999999,G2,192.C-0852(A),Udry,-9999999,HARPS_ech_obs_all,HARPS_ech_obs_wavesimult,STAR_WAVE_F9,1.10671035149786E-05,5.25198421743364E-07,0,0,0
GJ541.1,214.50618,-7.54204,2456759.7812031,-0.662304,0.779126,-12289.785648,0.821758,-2.15691,0.362794,-12289.017493,0.299565,-2.060271,0.363642,-5.890527,3.923463,2.762881,2.375969,0.425469,0.000349,0.298289,0.000439,0.409645,0.000575,0,7.432732,53.118428,-0.008464,-12.4,223.3,2456759.7812,6.853641,6.853813,0.64,-9999999,0.976475,0.204004,0.689505,-0.20832,0.765211,0.5,450.0013,-5.863811,3.923249,2014-04-12T06:33:05.677,-9999999,G2,192.C-0852(A),Udry,-9999999,HARPS_ech_obs_all,HARPS_ech_obs_wavesimult,STAR_WAVE_F9,9.91446342896514E-06,4.46761032473301E-07,0,0,0
GJ541.1,214.50618,-7.54204,2456787.6070892,1.300932,0.58663,-12287.368839,0.556932,-0.263618,0.407028,-12285.902961,0.337237,-0.175751,0.408123,-10.106464,3.826812,4.201127,2.350569,0.423435,0.000386,0.298277,0.000486,0.420108,0.000648,0,7.430421,53.1096,-0.008596,-12.4,199.7,2456787.60709,-6.779355,-6.779172,0.454,-9999999,0.983825,0.13406,0.422449,0.482053,0.443221,0.52,450.0011,-10.089867,3.830567,2014-05-10T02:22:13.266,-9999999,G2,192.C-0852(A),Udry,-9999999,HARPS_ech_obs_all,HARPS_ech_obs_wavesimult,STAR_WAVE_F9,1.02032524833568E-05,3.52427096884534E-07,0,0,0
GJ541.1,214.50618,-7.54204,2456787.6126089,3.710349,0.58435,-12285.275958,0.556041,2.144046,0.403737,-12283.820435,0.335767,2.289971,0.404627,-8.743663,3.811696,7.266929,2.268946,0.423385,0.000386,0.298113,0.000485,0.422261,0.000648,0,7.428673,53.10215,-0.008689,-12.4,200.2,2456787.61261,-6.795168,-6.795008,0.613,-9999999,0.983827,0.132306,0.422446,0.471696,0.443218,0.51,450.001,-8.719673,3.82057,2014-05-10T02:30:14.676,-9999999,G2,192.C-0852(A),Udry,-9999999,HARPS_ech_obs_all,HARPS_ech_obs_wavesimult,STAR_WAVE_F9,8.39734966929232E-06,5.21303732108646E-07,0,0,0
GJ541.1,214.50618,-7.54204,2456792.6529259,-0.697391,0.493198,-12289.284815,0.482223,-2.491825,0.238852,-12288.276208,0.189683,-2.339959,0.240029,-6.631215,3.707214,4.266981,2.102924,0.420255,0.00022,0.293606,0.000277,0.410436,0.000367,0,7.431094,53.109381,-0.008165,-12.4,350.8,2456792.65292,-9.325175,-9.325008,0.546,-9999999,0.985158,-0.095824,0.431502,0.023449,0.44335,0.52,900.0018,-6.61663,3.705149,2014-05-15T03:24:31.372,-9999999,G2,192.C-0852(A),Udry,-9999999,HARPS_ech_obs_all,HARPS_ech_obs_wavesimult,STAR_WAVE_F9,8.64256808504269E-06,3.49100974298964E-07,0,0,0
GJ541.1,214.50618,-7.54204,2456801.7083827,-1.182132,1.033236,-12288.807784,1.155079,-0.588161,0.738377,-12287.463413,0.606116,-0.638045,0.739678,6.291773,5.929424,4.178839,2.784058,0.422633,0.000709,0.293756,0.000915,0.420833,0.001215,0,7.435378,53.092648,-0.010558,-12.4,107.8,2456801.70838,-13.646321,-13.646148,0.39,-9999999,0.98755,2.292581,0.722756,0.356821,0.983275,0.47,900.0012,6.288922,5.930144,2014-05-24T04:45:37.609,-9999999,G2,192.C-0852(A),Udry,-9999999,HARPS_ech_obs_all,HARPS_ech_obs_thosimult,STAR_WAVE_F9,1.03995240997109E-05,6.7163560791533E-07,0,0,0
GJ541.1,214.50618,-7.54204,2456803.654127,0.656957,0.52451,-12288.070851,0.5784,0.680243,0.367798,-12285.386574,0.302317,0.850452,0.368051,-3.644928,4.023809,9.414079,2.412984,0.420553,0.000345,0.296874,0.000442,0.418468,0.000583,0,7.434831,53.051366,-0.008615,-12.4,221.3,2456803.65412,-14.382773,-14.38259,0.909,-9999999,0.988064,1.721896,0.373946,1.696213,0.493104,0.5,900.0007,-3.635309,4.030787,2014-05-26T03:27:10.697,-9999999,G2,192.C-0852(A),Udry,-9999999,HARPS_ech_obs_all,HARPS_ech_obs_thosimult,STAR_WAVE_F9,1.08460973499186E-05,4.26821234927672E-07,0,0,0
GJ541.1,214.50618,-7.54204,2456805.7048728,3.588719,0.827385,-12287.302956,1.014943,1.190182,0.308962,-12285.159547,0.251553,1.313184,0.308814,-13.728733,4.02849,10.574377,2.145479,0.422113,0.000294,0.303165,0.000371,0.418322,0.000489,0,7.438069,53.030954,-0.008373,-12.4,263.4,2456805.70486,-15.394322,-15.394171,-0.068,-9999999,0.988605,-0.699927,0.767534,1.154804,0.983275,0.51,900.0015,-13.704394,4.036213,2014-05-28T04:40:14.849,-9999999,G2,192.C-0852(A),Udry,-9999999,HARPS_ech_obs_all,HARPS_ech_obs_thosimult,STAR_WAVE_F9,1.0515352153699E-05,4.10333875060555E-07,0,0,0
GJ541.1,214.50618,-7.54204,2456810.6398454,5.057605,0.6967,-12284.097352,0.621546,3.768626,0.294701,-12282.164901,0.235578,3.913887,0.294661,-9.437683,3.615742,4.230352,2.165213,0.423017,0.000277,0.296431,0.000349,0.416609,0.00046,0,7.434166,53.071571,-0.0048,-12.4,279.6,2456810.63984,-17.306575,-17.306444,0.695,-9999999,0.989909,0.40963,0.631302,0.942542,0.575172,0.49,900.0014,-9.431077,3.632409,2014-06-02T03:07:17.532,-9999999,G2,192.C-0852(A),Udry,-9999999,HARPS_ech_obs_all,HARPS_ech_obs_wavesimult,STAR_WAVE_F9,1.12497801333094E-05,3.55186741929027E-07,0,0,0
GJ541.1,214.50618,-7.54204,2456811.6508504,6.412783,0.901095,-12281.11911,0.868901,5.844392,0.273841,-12279.661699,0.215476,6.004673,0.273296,-14.802147,4.720774,10.501349,2.186588,0.418171,0.000245,0.29788,0.000313,0.418512,0.000412,0,7.440142,53.032287,-0.004811,-12.4,312.9,2456811.65085,-17.739968,-17.739837,0.86,-9999999,0.990176,1.130219,0.858478,0.467235,0.841759,0.51,900.001,-14.798759,4.738413,2014-06-03T03:22:55.437,-9999999,G2,192.C-0852(A),Udry,-9999999,HARPS_ech_obs_all,HARPS_ech_obs_wavesimult,STAR_WAVE_F9,1.15111001878228E-05,4.15659170265363E-07,0,0,0
GJ541.1,214.50618,-7.54204,2456834.4561259,-0.181638,0.504601,-12288.75295,0.579009,0.413908,0.333312,-12285.372951,0.271296,0.560387,0.334736,-3.89116,3.988655,-1.908745,2.216284,0.422192,0.000302,0.296909,0.000392,0.406811,0.000515,0,7.429204,53.144842,-0.007831,-12.4,250.4,2456834.45612,-24.850893,-24.850793,0.535,-9999999,0.996199,2.294155,0.378848,2.3838,0.511518,0.5,900.0013,-3.898097,3.995307,2014-06-25T22:45:02.101,-9999999,G2,192.C-0852(A),Udry,-9999999,HARPS_ech_obs_all,HARPS_ech_obs_wavesimult,STAR_WAVE_F9,9.03608471079189E-06,3.97896407659998E-07,0,0,0
GJ541.1,214.50618,-7.54204,2456836.4719437,0.412109,0.594062,-12288.070599,0.745186,-0.7637,0.295766,-12286.772598,0.23932,-0.692278,0.297175,-0.073287,3.349695,0.318741,2.211392,0.422571,0.000269,0.296602,0.000347,0.41598,0.000456,0,7.432325,53.124269,-0.009569,-12.4,282.1,2456836.47194,-25.396356,-25.396262,1.07,-9999999,0.996732,0.5228,0.515201,0.301269,0.705711,0.49,899.9994,-0.077156,3.355148,2014-06-27T23:08:12.456,-9999999,G2,Udry,Udry,-9999999,HARPS_ech_obs_all,HARPS_ech_obs_wavesimult,STAR_WAVE_F9,9.20701810636995E-06,3.54116925277728E-07,0,0,0
GJ541.1,214.50618,-7.54204,2456895.4719165,-2.332296,0.731752,-12290.270778,0.718932,-3.155672,0.459709,-12288.424395,0.38146,-3.071913,0.461709,-5.753303,4.564848,4.113497,2.683663,0.423152,0.000436,0.303136,0.000555,0.414994,0.00073,0,7.436306,53.08242,-0.00771,-12.4,177,2456895.47191,-26.055417,-26.055506,0.584,-9999999,1.012316,0.875233,0.569323,0.834067,0.609386,0.5,300.0008,-5.761297,4.560377,2014-08-25T23:20:57.243,-9999999,G2,192.C-0852(A),Udry,-9999999,HARPS_ech_obs_all,HARPS_ech_obs_wavesimult,STAR_WAVE_F9,1.01467861089509E-05,4.60304294210174E-07,0,0,0
GJ541.1,214.50618,-7.54204,2456895.4758292,-1.585584,0.73271,-12290.798078,0.719815,-2.410203,0.461237,-12288.959036,0.383129,-2.369801,0.463282,-9.589564,5.068906,4.009924,2.681619,0.422576,0.000436,0.302557,0.000555,0.41486,0.000731,0,7.434352,53.091464,-0.007397,-12.4,176.7,2456895.47583,-26.062078,-26.062167,0.675,-9999999,1.012317,0.87399,0.56932,0.826725,0.609382,0.51,300.0012,-9.593896,5.0667,2014-08-25T23:26:32.334,-9999999,G2,192.C-0852(A),Udry,-9999999,HARPS_ech_obs_all,HARPS_ech_obs_wavesimult,STAR_WAVE_F9,1.15027631683253E-05,5.30391084788966E-07,0,0,0
GJ541.1,214.50618,-7.54204,2456895.4795223,-3.082207,0.749103,-12292.032313,0.729904,-3.908,0.486861,-12290.200199,0.401768,-3.98996,0.488904,-10.089607,5.132845,3.489962,2.907071,0.423497,0.000451,0.303081,0.000577,0.415121,0.000759,0,7.435469,53.087291,-0.00491,-12.4,170.3,2456895.47952,-26.068217,-26.068307,0.633,-9999999,1.012318,0.872817,0.569317,0.819796,0.609378,0.46,300.0008,-10.100372,5.126332,2014-08-25T23:32:06.445,-9999999,G2,192.C-0852(A),Udry,-9999999,HARPS_ech_obs_all,HARPS_ech_obs_wavesimult,STAR_WAVE_F9,1.07405867795449E-05,6.14070538333148E-07,0,0,0
GJ541.1,214.50618,-7.54204,2457075.8805478,7.842066,0.56881,-12281.926883,0.596537,6.317193,0.261698,-12280.72506,0.198062,6.704404,0.259981,-13.933796,3.02227,28.895214,2.026374,0.425359,0.000235,0.304216,0.000296,0.410045,0.000383,0,7.441347,52.926299,-0.004854,-12.4,335.1,2457075.88054,26.49459,26.494676,0.271,-9999999,1.059967,0.173737,0.505034,0.141856,0.562696,0.5,900.0024,-13.914399,3.050148,2015-02-22T08:56:36.728,-9999999,G2,192.C-0852(A),Udry,-9999999,HARPS_ech_obs_all,HARPS_ech_obs_thosimult,STAR_WAVE_F9,1.06096604102364E-05,3.39443412205297E-07,0,0,0
GJ541.1,214.50618,-7.54204,2457077.88494,4.224538,0.681115,-12284.905275,0.76152,2.652523,0.353264,-12284.132675,0.285201,3.049593,0.351663,-10.962473,4.791198,27.000308,2.400839,0.420021,0.000343,0.302686,0.000431,0.419143,0.000559,0,7.436842,52.939471,-0.004661,-12.4,229.3,2457077.88494,25.951315,25.951374,0.695,-9999999,1.060497,0.126594,0.582342,-0.287897,0.706097,0.53,900.0012,-10.963328,4.803089,2015-02-24T09:02:14.047,-9999999,G2,192.C-0852(A),Udry,-9999999,HARPS_ech_obs_all,HARPS_ech_obs_thosimult,STAR_WAVE_F9,1.24099805933939E-05,4.87944514290888E-07,0,0,0
GJ541.1,214.50618,-7.54204,2457104.8228012,-3.814189,0.906286,-12292.884537,1.010996,-6.028958,0.290418,-12292.475261,0.235035,-5.804602,0.290905,-4.244106,4.059751,2.77764,2.100675,0.428011,0.000285,0.294375,0.000349,0.411931,0.000462,0,7.434211,53.141334,-0.009832,-12.4,279.9,2457104.82279,16.362811,16.362942,0.457,-9999999,1.067612,-0.51616,0.858494,-0.658336,0.983296,0.55,900.0016,-4.243502,4.045106,2015-03-23T07:29:39.630,-9999999,G2,192.C-0852(A),Udry,-9999999,HARPS_ech_obs_all,HARPS_ech_obs_wavesimult,STAR_WAVE_F9,9.78778921718244E-06,3.97308095554904E-07,0,0,0
GJ541.1,214.50618,-7.54204,2457114.845249,4.268202,0.638884,-12284.967187,0.649437,1.88477,0.318868,-12284.140256,0.2589,1.991567,0.319017,-19.883953,4.375028,8.04764,2.277894,0.420735,0.000298,0.297141,0.000378,0.410516,0.000496,0,7.432976,53.090842,-0.008299,-12.4,258.3,2457114.84525,11.701639,11.701801,0.725,-9999999,1.070259,-0.684822,0.553621,-0.243328,0.595599,0.51,900.0017,-19.874977,4.38613,2015-04-02T08:01:54.148,-9999999,G2,192.C-0852(A),Udry,-9999999,HARPS_ech_obs_all,HARPS_ech_obs_wavesimult,STAR_WAVE_F9,9.26436779750546E-06,4.189933009353E-07,0,0,0
GJ541.1,214.50618,-7.54204,2457116.8947818,1.225676,0.63577,-12287.859739,0.649666,0.181171,0.30342,-12286.059358,0.246105,0.365406,0.303914,-10.693819,4.093355,13.566681,2.455108,0.417284,0.000284,0.299229,0.000358,0.420211,0.000469,0,7.434151,53.053599,-0.007545,-12.4,273.3,2457116.89478,10.624682,10.624839,-0.054,-9999999,1.0708,0.654104,0.558695,0.729581,0.601247,0.5,800.0009,-10.678278,4.098764,2015-04-04T09:14:06.054,-9999999,G2,192.C-0852(A),Udry,-9999999,HARPS_ech_obs_all,HARPS_ech_obs_wavesimult,STAR_WAVE_F9,9.45972754265075E-06,3.7872387421435E-07,0,0,0
GJ541.1,214.50618,-7.54204,2457158.7280007,0.573155,0.465369,-12288.293161,0.546854,-0.930026,0.262798,-12286.934641,0.208947,-0.846817,0.262919,-11.234147,4.275799,8.094477,2.199125,0.421821,0.000234,0.29928,0.000296,0.420725,0.000395,0,7.438091,53.077733,-0.008296,-12.4,327.1,2457158.728,-9.899741,-9.899559,0.119,-9999999,1.08185,0.195428,0.384065,0.27667,0.505362,0.5,899.9999,-11.218659,4.277343,2015-05-16T05:12:59.197,-9999999,G2,192.C-0852(A),Udry,-9999999,HARPS_ech_obs_all,HARPS_ech_obs_wavesimult,STAR_WAVE_F9,9.98874994590054E-06,3.44743569638895E-07,0,0,0
GJ541.1,214.50618,-7.54204,2457182.6454926,3.897712,0.834624,-12264.677897,0.749554,-4.306886,0.371908,-12267.20149,0.319188,16.343758,0.381688,3.483811,7.241196,25.62982,3.652336,0.425518,0.000363,0.305191,0.00045,0.414247,0.000585,0,7.447909,52.990035,0.001518,-12.4,215.2,2457182.64549,-19.908013,-19.90788,0,-9999999,1.088167,-2.960475,0.747183,-3.61176,0.678196,0.5,299.9984,3.470678,7.268723,2015-06-09T03:20:53.556,-9999999,G2,192.C-0852(A),Udry,-9999999,HARPS_ech_obs_all,HARPS_ech_obs_wavesimult,STAR_WAVE_F9,1.00827009810434E-05,4.71936609058189E-07,0,0,0
GJ541.1,214.50618,-7.54204,2457182.6492573,3.981881,0.835488,-12265.733808,0.749952,-4.215747,0.373846,-12268.257084,0.320129,16.444393,0.384077,6.532298,7.670421,26.647928,3.809589,0.42592,0.000368,0.297726,0.000455,0.415335,0.000592,0,7.446742,52.982084,0.00204,-12.4,213,2457182.64925,-19.918156,-19.918017,0,-9999999,1.088168,-2.953505,0.747181,-3.611444,0.678193,0.48,299.9984,6.537369,7.692843,2015-06-09T03:26:24.855,-9999999,G2,192.C-0852(A),Udry,-9999999,HARPS_ech_obs_all,HARPS_ech_obs_wavesimult,STAR_WAVE_F9,8.62151509722117E-06,4.05166213252096E-07,0,0,0
GJ541.1,214.50618,-7.54204,2457182.6531136,3.930671,0.846859,-12264.565918,0.759771,-4.259817,0.398615,-12267.088869,0.342506,16.408566,0.407504,5.592742,6.804719,24.520594,3.58427,0.425688,0.000395,0.29857,0.000489,0.41372,0.000635,0,7.445986,52.999724,0.00261,-12.4,198.5,2457182.65311,-19.92845,-19.928337,0,-9999999,1.088169,-2.946365,0.747179,-3.61112,0.678189,0.48,299.9984,5.598574,6.833207,2015-06-09T03:31:58.053,-9999999,G2,192.C-0852(A),Udry,-9999999,HARPS_ech_obs_all,HARPS_ech_obs_wavesimult,STAR_WAVE_F9,7.96275471777056E-06,5.81280503495E-07,0,0,0
GJ541.1,214.50618,-7.54204,2457263.471845,1.898459,0.820826,-12267.952349,0.940899,-3.124994,0.239271,-12266.039646,0.200136,17.611381,0.258053,14.81472,10.954086,34.16806,3.676579,0.423945,0.000227,0.302285,0.000283,0.411908,0.000369,0,7.454717,52.912161,0.00465,-12.4,341.9,2457263.47184,-25.381491,-25.381615,0.119,-9999999,1.109516,0.220671,0.785178,0.803187,0.919367,0.5,899.9983,14.817809,10.972613,2015-08-28T23:16:12.258,-9999999,G2,192.C-0852(A),Udry,-9999999,HARPS_ech_obs_all,HARPS_ech_obs_thosimult,STAR_WAVE_F9,1.05482386196067E-05,3.34443402179365E-07,0,0,0
GJ541.1,214.50618,-7.54204,2457265.4803923,-1.438182,0.634206,-12271.407025,0.759668,-6.289779,0.217313,-12269.080427,0.178605,14.204115,0.237575,10.403442,9.969522,30.441224,3.534182,0.423827,0.000197,0.295627,0.000248,0.41219,0.000323,0,7.45302,52.931291,0.005697,-12.4,390.4,2457265.48039,-24.8889,-24.889006,0.358,-9999999,1.110047,0.392526,0.595812,1.216551,0.738373,0.48,899.9983,10.386029,9.992273,2015-08-30T23:29:03.138,-9999999,G2,192.C-0852(A),Udry,-9999999,HARPS_ech_obs_all,HARPS_ech_obs_thosimult,STAR_WAVE_F9,1.00982332235262E-05,3.25494014235132E-07,0,0,0
GJ541.1,214.50618,-7.54204,2457621.5094828,-2.666145,0.480311,-12272.392375,0.50169,-8.00742,0.322333,-12270.947254,0.274982,12.800726,0.334101,2.709369,6.755479,20.086671,3.570762,0.425768,0.000312,0.304334,0.000395,0.412719,0.000514,0,7.444682,53.037218,0.000815,-12.4,245.8,2457621.50947,-27.039601,-27.039685,0.374,-9999999,1.204085,-0.097152,0.35609,0.241036,0.419616,0.48,899.9983,2.714527,6.779787,2016-08-21T00:09:48.856,-9999999,G2,196.C-1006(A),Udry,-9999999,HARPS_ech_obs_all,HARPS_ech_obs_wavesimult,STAR_WAVE_F9,8.53528279098663E-06,4.12150363563613E-07,0,0,0
GJ541.1,214.50618,-7.54204,2457626.5026014,1.138096,0.55035,-12268.222431,0.638029,-4.605592,0.239087,-12267.024431,0.19851,16.083807,0.255007,2.272911,7.341807,21.38578,3.730111,0.425325,0.000212,0.297136,0.000272,0.404269,0.000355,0,7.444303,52.995963,0.001158,-12.4,355.1,2457626.5026,-25.983619,-25.983737,0.579,-9999999,1.205404,-0.499565,0.495704,-0.007404,0.606362,0.48,899.9983,2.282087,7.374089,2016-08-26T00:00:32.035,-9999999,G2,196.C-1006(A),Udry,-9999999,HARPS_ech_obs_all,HARPS_ech_obs_wavesimult,STAR_WAVE_F9,8.73211099045756E-06,3.82705915713944E-07,0,0,0
GJ541.1,214.50618,-7.54204,2457795.8155055,-0.910665,1.020463,-12270.932206,0.613362,-6.998859,0.266779,-12271.646232,0.225051,12.891976,0.279264,5.135197,6.273264,27.52583,3.522526,0.424863,0.000277,0.303193,0.000341,0.416062,0.000438,0,7.449169,52.988703,0.001465,-12.4,286.3,2457795.8155,28.872628,28.872695,0.008,-9999999,1.250125,-0.844071,0.984974,-1.964151,0.570583,0.52,899.9983,5.154037,6.305209,2017-02-11T07:24:04.878,-9999999,G2,198.C-0836(A),Diaz,-9999999,HARPS_ech_obs_all,HARPS_ech_obs_wavesimult,STAR_WAVE_F9,1.03060518092608E-05,3.52748009350041E-07,0,0,0
GJ541.1,214.50618,-7.54204,2457798.8855453,4.471003,0.494841,-12266.748439,0.469829,-0.866606,0.258816,-12265.545401,0.217951,19.225274,0.272413,19.847067,8.65626,28.82364,3.558085,0.425459,0.00027,0.304138,0.000331,0.41785,0.000426,0,7.451276,52.98452,0.001806,-12.4,296.4,2457798.88554,28.160652,28.160681,0.41,-9999999,1.250936,-0.093486,0.421761,-0.047898,0.416217,0.51,899.9983,19.875173,8.671899,2017-02-14T09:04:40.185,-9999999,G2,198.C-0836(A),Diaz,-9999999,HARPS_ech_obs_all,HARPS_ech_obs_wavesimult,STAR_WAVE_F9,1.0481642735719E-05,3.39812490654798E-07,0,0,0
GJ541.1,214.50618,-7.54204,2457803.9106923,0.576743,0.654352,-12269.654533,0.553199,-4.439371,0.257266,-12268.963435,0.215465,15.59672,0.270516,6.269129,6.618908,33.301305,3.683902,0.427188,0.000254,0.30786,0.000316,0.409831,0.000405,0,7.452046,52.95535,0.003226,-12.4,313,2457803.91068,27.035939,27.036015,0.343,-9999999,1.252263,0.228009,0.601657,-0.561165,0.509513,0.49,599.9982,6.272688,6.6495,2017-02-19T09:42:57.851,-9999999,G2,198.C-0836(A),Diaz,-9999999,HARPS_ech_obs_all,HARPS_ech_obs_wavesimult,STAR_WAVE_F9,9.69229642664858E-06,3.48636157247537E-07,0,0,0
GJ541.1,214.50618,-7.54204,2457810.8970973,-8.307083,0.591276,-12279.129944,0.509862,-13.545608,0.215163,-12278.12404,0.165212,6.231846,0.222522,9.513536,8.480764,23.067814,3.654014,0.431638,0.000196,0.315148,0.000243,0.407941,0.00031,128,7.44746,53.052295,0.000469,-12.4,409.7,2457810.89709,25.241819,25.241894,0.321,-9999999,1.254108,0.005598,0.550738,-0.248204,0.482353,0.5,899.9982,9.493738,8.501353,2017-02-26T09:19:54.387,-9999999,G2,198.C-0836(A),Diaz,-9999999,HARPS_ech_obs_all,HARPS_ech_obs_wavesimult,STAR_WAVE_F9,8.43820738219066E-06,3.02860449502601E-07,0,0,0
GJ541.1,214.50618,-7.54204,2457814.886625,-3.048917,1.25505,-12274.323617,1.359432,-8.729873,0.219718,-12273.527632,0.180774,11.279878,0.233738,20.800368,8.924729,20.045319,3.652091,0.430863,0.000213,0.306002,0.000264,0.407358,0.000338,0,7.448255,53.044999,-0.000862,-12.4,374.6,2457814.88662,24.045068,24.045136,-0.298,-9999999,1.255162,-0.436833,1.235667,-0.459177,1.347359,0.5,899.9982,20.793274,8.950755,2017-03-02T09:04:21.133,-9999999,G2,198.C-0836(A),Diaz,-9999999,HARPS_ech_obs_all,HARPS_ech_obs_wavesimult,STAR_WAVE_F9,9.28438115439118E-06,3.61469800973148E-07,0,0,0
GJ541.1,214.50618,-7.54204,2457815.8945422,-2.276945,0.836959,-12272.867754,0.740033,-8.461113,0.208392,-12272.647246,0.161351,11.260312,0.217526,3.646752,6.432671,22.131862,3.698672,0.426941,0.000187,0.311655,0.000229,0.408025,0.000295,128,7.451017,53.042394,0.000575,-12.4,428.8,2457815.89454,23.69809,23.698145,-0.188,-9999999,1.255428,-0.940044,0.810601,-1.03492,0.722229,0.5,899.9982,3.599925,6.481387,2017-03-03T09:15:38.217,-9999999,G2,198.C-0836(A),Diaz,-9999999,HARPS_ech_obs_all,HARPS_ech_obs_wavesimult,STAR_WAVE_F9,8.71858223399415E-06,2.9692731952405E-07,0,0,0
GJ541.1,214.50618,-7.54204,2457817.8797558,-1.148855,0.603614,-12272.049412,0.827395,-8.085298,0.207244,-12272.345854,0.16317,11.77354,0.21679,11.738695,9.118797,23.256347,3.555901,0.429459,0.000188,0.303237,0.00023,0.406878,0.000296,128,7.450384,53.024534,0.001368,-12.4,424.2,2457817.87975,23.068866,23.068952,-0.125,-9999999,1.255953,-1.69232,0.566921,-1.552395,0.811146,0.51,899.9983,11.748888,9.147009,2017-03-05T08:53:58.227,-9999999,G2,198.C-0836(A),Diaz,-9999999,HARPS_ech_obs_all,HARPS_ech_obs_wavesimult,STAR_WAVE_F9,8.96077568620486E-06,2.84728900259523E-07,0,0,0
GJ541.1,214.50618,-7.54204,2457818.8946131,-0.700248,0.825884,-12272.066269,1.010033,-7.411769,0.233178,-12271.447198,0.198971,12.517474,0.247778,12.566034,9.455602,26.781206,3.529749,0.425532,0.000239,0.3022,0.00029,0.415661,0.000374,0,7.453326,52.984416,0.002594,-12.4,336.1,2457818.89461,22.683022,22.683113,-1.318,-9999999,1.256221,-1.467398,0.792283,-0.63715,0.990241,0.52,899.9982,12.569152,9.47659,2017-03-06T09:15:06.181,-9999999,G2,198.C-0836(A),Diaz,-9999999,HARPS_ech_obs_all,HARPS_ech_obs_wavesimult,STAR_WAVE_F9,1.01376795515434E-05,3.28532258657892E-07,0,0,0
GJ541.1,214.50618,-7.54204,2457819.9025396,-0.131538,1.27259,-12271.828559,1.37259,-5.563233,0.304233,-12270.922935,0.26183,14.479264,0.315441,7.446987,10.249236,28.437287,3.628624,0.42943,0.000336,0.303498,0.000397,0.407179,0.000511,0,7.483763,52.750892,0.002251,-12.4,247.7,2457819.90253,22.310971,22.311057,0.267,-9999999,1.256487,-0.187572,1.235689,-0.350863,1.347386,0.49,899.9982,7.443464,10.267533,2017-03-07T09:26:51.452,-9999999,G2,198.C-0836(A),Diaz,-9999999,HARPS_ech_obs_all,HARPS_ech_obs_wavesimult,STAR_WAVE_F9,9.34014448747516E-06,5.1479655037975E-07,0,0,0
GJ541.1,214.50618,-7.54204,2457822.837791,-0.196308,0.547384,-12270.133635,0.582793,-4.989726,0.236183,-12268.927213,0.203142,14.990961,0.252128,-10.843062,5.652162,30.604399,3.42411,0.428282,0.000245,0.30261,0.000297,0.406608,0.000382,0,7.450008,52.947009,0.004589,-12.4,329.4,2457822.83778,21.406361,21.406465,-0.644,-9999999,1.257262,0.450705,0.493809,-0.05084,0.546243,0.5,899.9982,-10.837409,5.690945,2017-03-10T07:53:09.605,-9999999,G2,198.C-0836(A),Diaz,-9999999,HARPS_ech_obs_all,HARPS_ech_obs_wavesimult,STAR_WAVE_F9,9.29243425380044E-06,3.3409904561061E-07,0,0,0
GJ541.1,214.50618,-7.54204,2457823.7925925,1.378974,0.505319,-12269.376282,0.465037,-4.511388,0.18734,-12268.774218,0.146166,15.133099,0.200639,-3.614683,7.866897,29.691506,3.513532,0.428035,0.000175,0.30862,0.000211,0.41642,0.000273,128,7.45052,52.9534,0.003761,-12.4,461.3,2457823.79259,21.163541,21.163646,0.586,-9999999,1.257514,-0.646239,0.46931,-0.65545,0.441469,0.49,899.9983,-3.590295,7.91464,2017-03-11T06:48:07.605,-9999999,G2,198.C-0836(A),Diaz,-9999999,HARPS_ech_obs_all,HARPS_ech_obs_wavesimult,STAR_WAVE_F9,1.02705139578628E-05,3.16832127103997E-07,0,0,0
GJ541.1,214.50618,-7.54204,2457824.8007673,2.070293,0.867369,-12267.736496,0.931791,-1.966453,0.256791,-12265.886511,0.220755,18.094541,0.271438,3.366314,8.605452,33.541231,3.444005,0.427974,0.000259,0.300425,0.000317,0.406975,0.00041,0,7.44919,52.930488,0.003048,-12.4,306.7,2457824.80076,20.761465,20.761594,-1.672,-9999999,1.257781,1.207377,0.828485,0.592204,0.905263,0.52,899.9983,3.376231,8.63267,2017-03-12T06:59:20.839,-9999999,G2,198.C-0836(A),Diaz,-9999999,HARPS_ech_obs_all,HARPS_ech_obs_wavesimult,STAR_WAVE_F9,1.03677722815768E-05,3.68446597775661E-07,0,0,0
GJ541.1,214.50618,-7.54204,2457846.8649404,1.214672,0.75053,-12269.346152,0.654081,-4.028877,0.241844,-12267.561722,0.205232,16.071923,0.257743,3.927475,10.331872,32.971211,3.628353,0.429342,0.000229,0.297674,0.000281,0.418428,0.000367,0,7.449644,52.920198,0.002451,-12.4,343.8,2457846.86493,10.943357,10.943505,0.359,-9999999,1.263609,0.000574,0.710498,0.520821,0.621049,0.48,899.9983,3.916948,10.354005,2017-04-03T08:30:38.797,-9999999,G2,198.C-0836(A),Diaz,-9999999,HARPS_ech_obs_all,HARPS_ech_obs_wavesimult,STAR_WAVE_F9,9.88132841061019E-06,3.16174336468125E-07,0,0,0
GJ541.1,214.50618,-7.54204,2457847.8778366,0.744734,0.930389,-12269.99802,0.872161,-4.471681,0.219401,-12267.880294,0.184318,15.524316,0.236098,-0.966327,8.98072,29.816385,3.503715,0.427907,0.000202,0.298029,0.000249,0.417275,0.000325,0,7.449194,52.936074,0.002633,-12.4,387.1,2457847.87783,10.42876,10.428927,0.375,-9999999,1.263876,0.027708,0.90415,0.85385,0.852462,0.49,899.9982,-0.980238,9.019869,2017-04-04T08:49:00.842,-9999999,G2,198.C-0836(A),Diaz,-9999999,HARPS_ech_obs_all,HARPS_ech_obs_wavesimult,STAR_WAVE_F9,9.8357591860584E-06,3.61592644550338E-07,0,0,0
GJ541.1,214.50618,-7.54204,2457848.8710683,0.158978,0.727787,-12268.95678,0.72265,-5.236455,0.247435,-12268.498594,0.21155,14.992767,0.262669,12.820569,11.256376,30.570629,3.71002,0.428197,0.000237,0.306062,0.000292,0.407293,0.000379,0,7.449582,52.933256,0.004269,-12.4,331.1,2457848.87107,9.9602,9.960347,0.509,-9999999,1.264138,-0.15131,0.684434,-0.805952,0.690992,0.5,899.9983,12.817844,11.28004,2017-04-05T08:39:04.062,-9999999,G2,198.C-0836(A),Diaz,-9999999,HARPS_ech_obs_all,HARPS_ech_obs_wavesimult,STAR_WAVE_F9,9.62401393569745E-06,3.50324629895556E-07,0,0,0
GJ541.1,214.50618,-7.54204,2457849.6787576,-2.021229,0.762632,-12271.318459,1.101756,-7.556187,0.215042,-12270.711862,0.184431,12.54375,0.232559,5.139807,6.626285,30.677155,3.494899,0.427818,0.000215,0.305854,0.000262,0.407124,0.00034,0,7.44819,52.945269,0.003956,-12.4,369.6,2457849.67876,10.021998,10.022154,-1.484,-9999999,1.264352,-0.290835,0.731686,-0.657755,1.086209,0.48,899.9983,5.100489,6.663199,2017-04-06T04:02:24.085,-9999999,G2,198.C-0836(A),Diaz,-9999999,HARPS_ech_obs_all,HARPS_ech_obs_wavesimult,STAR_WAVE_F9,9.75326657857861E-06,3.60519223140042E-07,0,0,0
GJ541.1,214.50618,-7.54204,2457850.7179325,0.921438,0.744223,-12268.648352,0.609237,-6.417076,0.261736,-12269.67093,0.226722,13.597939,0.27638,-4.503869,7.471091,30.274851,3.489103,0.424225,0.000273,0.29958,0.000329,0.417611,0.000427,0,7.448088,52.95339,0.0028,-12.4,295.3,2457850.71792,9.421031,9.421209,0.797,-9999999,1.264626,-2.094391,0.69668,-2.287204,0.565479,0.5,899.9983,-4.491932,7.499834,2017-04-07T04:58:27.927,-9999999,G2,198.C-0836(A),Diaz,-9999999,HARPS_ech_obs_all,HARPS_ech_obs_wavesimult,STAR_WAVE_F9,1.04107687009872E-05,3.51357298184156E-07,0,0,0
GJ541.1,214.50618,-7.54204,2457851.8571766,1.946165,0.573728,-12267.815246,0.505028,-5.516335,0.259545,-12268.475531,0.223556,14.786614,0.274095,-1.362925,8.193515,27.45295,3.498276,0.423855,0.000255,0.29937,0.000313,0.418296,0.000408,0,7.445563,52.961328,0.002873,-12.4,309.5,2457851.85717,8.528294,8.528465,0.985,-9999999,1.264927,-2.218377,0.511664,-1.925212,0.452854,0.52,899.9982,-1.363559,8.214954,2017-04-08T08:18:37.647,-9999999,G2,198.C-0836(A),Diaz,-9999999,HARPS_ech_obs_all,HARPS_ech_obs_wavesimult,STAR_WAVE_F9,8.40821341935839E-06,3.94410198580246E-07,0,0,0
GJ541.1,214.50618,-7.54204,2457852.797948,0.12594,0.587041,-12269.158612,0.652453,-4.894459,0.332818,-12267.994378,0.289897,15.490344,0.344,14.983531,12.089012,29.148649,3.560681,0.42742,0.000346,0.299714,0.000422,0.407314,0.000547,0,7.445194,52.96969,0.002635,-12.4,230.6,2457852.79794,8.196577,8.196751,0.389,-9999999,1.265176,0.223724,0.483579,-0.100942,0.584512,0.54,899.9983,15.009727,12.099717,2017-04-09T06:52:59.977,-9999999,G2,198.C-0836(A),Diaz,-9999999,HARPS_ech_obs_all,HARPS_ech_obs_wavesimult,STAR_WAVE_F9,9.75956169257658E-06,4.62317749653043E-07,0,0,0
GJ541.1,214.50618,-7.54204,2457858.8161542,-1.543336,0.690533,-12270.58796,0.57817,-5.959753,0.292719,-12269.50618,0.253472,14.298306,0.305625,6.184322,11.666843,28.947329,3.616631,0.427086,0.000287,0.306922,0.000354,0.407487,0.00046,0,7.449163,52.955584,0.001832,-12.4,273.6,2457858.81615,5.152503,5.152635,0.545,-9999999,1.266765,0.827706,0.625421,-0.184985,0.519646,0.51,899.9983,6.182956,11.679148,2017-04-15T07:19:28.130,-9999999,G2,198.C-0836(A),Diaz,-9999999,HARPS_ech_obs_all,HARPS_ech_obs_wavesimult,STAR_WAVE_F9,1.07970750380934E-05,4.68843932504148E-07,0,0,0
GJ541.1,214.50618,-7.54204,2457862.8166629,3.537052,1.269155,-12265.378815,1.370158,-2.252565,0.289932,-12265.22088,0.249408,18.059973,0.303603,10.636428,9.863407,30.107712,3.553421,0.424868,0.000282,0.298208,0.000349,0.419432,0.000456,0,7.452189,52.940729,0.004116,-12.4,278.1,2457862.81666,3.128046,3.128182,0.647,-9999999,1.267822,-0.545494,1.235594,-1.109887,1.347267,0.5,899.9983,10.643639,9.88493,2017-04-19T07:20:16.058,-9999999,G2,198.C-0836(A),Diaz,-9999999,HARPS_ech_obs_all,HARPS_ech_obs_wavesimult,STAR_WAVE_F9,1.14279612878902E-05,3.5723808266038E-07,0,0,0
GJ541.1,214.50618,-7.54204,2457865.6814785,3.104834,0.56606,-12266.594427,0.681477,-1.858775,0.225694,-12265.213322,0.191175,18.236405,0.244668,-0.609039,9.99892,37.205523,3.556516,0.427571,0.00022,0.304051,0.000267,0.408283,0.00035,0,7.457114,52.892214,0.003996,-12.4,361.9,2457865.68147,1.99232,1.992486,0.445,-9999999,1.268579,0.280514,0.519121,0.112526,0.654112,0.5,899.9983,-0.621614,10.028168,2017-04-22T04:05:33.952,-9999999,G2,198.C-0836(A),Diaz,-9999999,HARPS_ech_obs_all,HARPS_ech_obs_wavesimult,STAR_WAVE_F9,1.04345370939476E-05,3.28341129201928E-07,0,0,0
GJ541.1,214.50618,-7.54204,2457922.6694085,-3.133488,0.739146,-12273.337463,0.742324,-8.588085,0.296459,-12271.294844,0.257801,12.16414,0.31139,20.823663,10.720395,31.485383,3.475229,0.42577,0.000304,0.297479,0.00037,0.414386,0.000483,0,7.452292,52.942678,0.00373,-12.4,262.7,2457922.6694,-23.180006,-23.179903,-0.061,-9999999,1.283631,-0.210474,0.677089,0.758988,0.696121,0.54,899.9982,20.822195,10.740651,2017-06-18T03:50:43.672,-9999999,G2,198.C-0836(A),Diaz,-9999999,HARPS_ech_obs_all,HARPS_ech_obs_wavesimult,STAR_WAVE_F9,1.06358096478838E-05,4.10468818508927E-07,0,0,0
GJ541.1,214.50618,-7.54204,2457924.6883154,-3.165697,0.608518,-12272.559847,0.55908,-8.435362,0.369386,-12270.990651,0.318048,12.480532,0.38046,15.317694,9.110418,26.948475,3.689181,0.425767,0.000355,0.303655,0.000441,0.412853,0.000575,0,7.446298,52.969494,0.001911,-12.4,220.3,2457924.68831,-23.828497,-23.828409,1.245,-9999999,1.284164,-0.025542,0.483578,0.285032,0.4598,0.5,799.9983,15.323355,9.131492,2017-06-20T04:19:36.742,-9999999,G2,198.C-0836(A),Diaz,-9999999,HARPS_ech_obs_all,HARPS_ech_obs_wavesimult,STAR_WAVE_F9,8.34989240723133E-06,5.20933381819954E-07,0,0,0
GJ541.1,214.50618,-7.54204,2457942.6151043,-3.283853,0.568291,-12271.936005,0.756483,-7.76416,0.255564,-12269.998927,0.216018,12.849533,0.272959,6.492553,10.491001,22.595621,3.687031,0.424916,0.000235,0.30024,0.000293,0.409087,0.000383,0,7.447496,52.971113,0.002121,-12.4,329.3,2457942.6151,-27.834644,-27.834609,0.438,-9999999,1.288899,0.763816,0.507584,0.648179,0.724985,0.5,899.9982,6.494325,10.509899,2017-07-08T02:35:34.351,-9999999,G2,198.C-0836(A),Diaz,-9999999,HARPS_ech_obs_all,HARPS_ech_obs_wavesimult,STAR_WAVE_F9,1.00414893046625E-05,3.59674345675481E-07,0,0,0
GJ541.1,214.50618,-7.54204,2457943.6164386,0.151861,0.827246,-12268.458773,0.86762,-6.534601,0.239829,-12268.102658,0.201405,14.219649,0.257917,7.465203,8.586608,24.86262,3.649614,0.42885,0.000216,0.29418,0.000269,0.410386,0.000352,0,7.449968,52.938628,0.003692,-12.4,358.3,2457943.61643,-27.99718,-27.997125,0.759,-9999999,1.289164,-1.442339,0.791718,-0.933049,0.84392,0.48,899.9982,7.480436,8.601015,2017-07-09T02:37:55.613,-9999999,G2,198.C-0836(A),Diaz,-9999999,HARPS_ech_obs_all,HARPS_ech_obs_wavesimult,STAR_WAVE_F9,9.85335100778188E-06,3.35930953425841E-07,0,0,0
GJ541.1,214.50618,-7.54204,2457944.5979299,1.832859,0.599734,-12267.55103,0.682494,-4.024749,0.22144,-12266.378761,0.177064,16.479282,0.23621,0.302559,10.414926,27.40519,3.643705,0.42492,0.000186,0.29607,0.000233,0.402953,0.000305,128,7.451531,52.934449,0.002973,-12.4,413.7,2457944.59793,-28.11138,-28.111354,0.697,-9999999,1.289423,-0.613485,0.557356,-0.117154,0.659125,0.49,899.9982,0.310087,10.4363,2017-07-10T02:11:15.325,-9999999,G2,198.C-0836(A),Diaz,-9999999,HARPS_ech_obs_all,HARPS_ech_obs_wavesimult,STAR_WAVE_F9,9.84376461020206E-06,3.4133925181518E-07,0,0,0
GJ541.1,214.50618,-7.54204,2457949.5457981,4.494319,1.182483,-12265.301049,0.505828,-2.542922,0.318971,-12264.856855,0.274079,18.354559,0.33466,6.557825,10.252182,38.254437,3.392945,0.424036,0.000305,0.304442,0.000379,0.41358,0.000495,0,7.453369,52.863575,0.006084,-12.4,255.7,2457949.54579,-28.649827,-28.649794,0.731,-9999999,1.29073,-1.793118,1.13865,-0.846536,0.425139,0.53,899.9982,6.576678,10.262792,2017-07-15T00:56:15.342,-9999999,G2,198.C-0836(A),Diaz,-9999999,HARPS_ech_obs_all,HARPS_ech_obs_wavesimult,STAR_WAVE_F9,9.84544086065899E-06,4.34762453125926E-07,0,0,0
GJ541.1,214.50618,-7.54204,2457951.5622053,3.636174,0.862617,-12265.923878,0.58018,-3.733363,0.496971,-12265.859971,0.42858,17.218805,0.506015,9.185898,8.458932,36.215039,3.72613,0.42161,0.000508,0.298282,0.00063,0.403699,0.00082,0,7.45299,52.893366,0.004746,-12.4,155.2,2457951.5622,-28.899854,-28.899816,0.506,-9999999,1.291262,-2.125414,0.705073,-1.227355,0.391061,0.5,899.9983,9.192051,8.475099,2017-07-17T01:20:36.536,-9999999,G2,198.C-0836(A),Diaz,-9999999,HARPS_ech_obs_all,HARPS_ech_obs_wavesimult,STAR_WAVE_F9,9.00139461262654E-06,5.76629406317117E-07,0,0,0
GJ541.1,214.50618,-7.54204,2457952.5459665,4.40315,0.972111,-12265.271686,0.564007,-2.320247,0.2899,-12264.105679,0.248474,18.584952,0.306813,3.895959,6.353554,37.450542,3.397847,0.422066,0.000281,0.297232,0.000347,0.40397,0.000454,0,7.450903,52.862128,0.005856,-12.4,279.2,2457952.54596,-28.956383,-28.956352,0.643,-9999999,1.291522,-1.479274,0.927878,-0.125515,0.506325,0.51,899.9983,3.919852,6.373502,2017-07-18T00:57:12.648,-9999999,G2,198.C-0836(A),Diaz,-9999999,HARPS_ech_obs_all,HARPS_ech_obs_wavesimult,STAR_WAVE_F9,1.10751384522494E-05,4.12102791269357E-07,0,0,0
GJ541.1,214.50618,-7.54204,2457954.5511665,3.264879,0.941562,-12265.30511,0.591776,-3.111625,0.222331,-12264.831776,0.186371,17.64028,0.243336,4.396576,9.026034,35.524692,3.525191,0.421431,0.000201,0.296711,0.000251,0.41265,0.000327,0,7.451879,52.859404,0.007086,-12.4,385.8,2457954.55116,-29.131695,-29.131662,0.252,-9999999,1.292052,-1.132381,0.914937,-0.818718,0.561662,0.49,899.9983,4.400861,9.049957,2017-07-20T01:05:16.611,-9999999,G2,198.C-0836(A),Diaz,-9999999,HARPS_ech_obs_all,HARPS_ech_obs_wavesimult,STAR_WAVE_F9,9.83500353399131E-06,3.36964169119352E-07,0,0,0
GJ541.1,214.50618,-7.54204,2457955.5842484,1.157392,1.059074,-12266.314227,0.809789,-3.853062,0.69461,-12264.866732,0.579578,17.255637,0.70146,-0.939033,9.538724,39.853695,3.934067,0.421818,0.000656,0.304445,0.000824,0.412495,0.001073,0,7.445421,52.863633,0.003948,-12.4,119,2457955.58424,-29.268645,-29.268634,-0.247,-9999999,1.292325,0.233669,0.799471,0.15517,0.565551,0.56,899.9982,-0.938783,9.548711,2017-07-21T01:52:00.512,-9999999,G2,198.C-0836(A),Diaz,-9999999,HARPS_ech_obs_all,HARPS_ech_obs_wavesimult,STAR_WAVE_F9,1.14484863372778E-05,6.26052825367279E-07,0,0,0
GJ541.1,214.50618,-7.54204,2457956.5839973,-0.318101,1.010276,-12269.17242,0.70701,-5.101386,0.240752,-12266.900447,0.202092,15.680213,0.260508,-5.324652,8.215422,36.274868,3.677251,0.42187,0.000217,0.303178,0.000272,0.412821,0.000356,0,7.449325,52.855712,0.004673,-12.4,355.1,2457956.584,-29.326831,-29.326821,2.68,-9999999,1.292589,0.460838,0.981171,0.979384,0.677512,0.49,899.9982,-5.314158,8.238551,2017-07-22T01:52:50.171,-9999999,G2,198.C-0836(A),Diaz,-9999999,HARPS_ech_obs_all,HARPS_ech_obs_wavesimult,STAR_WAVE_F9,1.05410256501647E-05,3.50357137946129E-07,0,0,0
GJ541.1,214.50618,-7.54204,2457968.5573049,-0.753569,0.893454,-12270.615933,0.726045,-6.95546,0.327115,-12269.860532,0.28101,14.219157,0.339395,0.517272,10.089259,26.048278,3.621497,0.423375,0.000317,0.304845,0.000395,0.4126,0.000515,0,7.444291,52.957393,0.002175,-12.4,245.9,2457968.5573,-29.301305,-29.301327,0.93,-9999999,1.295751,-0.957768,0.831418,-0.54035,0.669459,0.51,899.9982,0.542208,10.09722,2017-08-03T01:15:46.470,-9999999,G2,198.C-0836(A),Diaz,-9999999,HARPS_ech_obs_all,HARPS_ech_obs_wavesimult,STAR_WAVE_F9,9.84550153906893E-06,4.76406869051773E-07,0,0,0
GJ541.1,214.50618,-7.54204,2457969.4846679,0.920208,1.078046,-12269.371343,0.664927,-5.983432,0.433803,-12268.161693,0.378882,14.875035,0.443337,-1.381487,11.958702,30.226147,3.674669,0.42448,0.000502,0.297999,0.000589,0.41503,0.000771,0,7.442355,52.958021,0.002668,-12.4,166.3,2457969.48466,-29.104388,-29.104403,0.495,-9999999,1.295996,-1.659517,0.986913,-0.086346,0.546422,0.37,899.9982,-1.376021,11.968164,2017-08-03T23:33:24.379,-9999999,G2,198.C-0836(A),Diaz,-9999999,HARPS_ech_obs_all,HARPS_ech_obs_wavesimult,STAR_WAVE_F9,9.85236932495E-06,5.12176826533294E-07,0,0,0
GJ541.1,214.50618,-7.54204,2457970.5089106,-1.379156,0.749467,-12271.293847,0.586311,-7.912714,0.237863,-12270.504373,0.201914,12.87219,0.256042,20.894751,10.857243,28.729671,3.490408,0.424046,0.000221,0.297264,0.000275,0.413488,0.000359,0,7.450592,52.937844,0.002841,-12.4,351.9,2457970.50891,-29.099994,-29.100031,0.485,-9999999,1.296267,-1.289435,0.71072,-0.506793,0.550447,0.49,899.9982,20.899279,10.872084,2017-08-05T00:06:39.487,-9999999,G2,198.C-0836(A),Diaz,-9999999,HARPS_ech_obs_all,HARPS_ech_obs_wavesimult,STAR_WAVE_F9,9.1513095263211E-06,2.93179457124771E-07,0,0,0
GJ541.1,214.50618,-7.54204,2457971.5271603,-1.617987,0.793884,-12270.651324,0.779619,-8.516556,0.29249,-12270.467724,0.250301,12.40416,0.306402,-4.672328,7.596833,28.164267,3.657575,0.424719,0.000273,0.297057,0.00034,0.403591,0.000443,0,7.446915,52.94338,0.003195,-12.4,285.3,2457971.52715,-29.070226,-29.070268,0.393,-9999999,1.296536,-1.654446,0.738039,-1.112936,0.738346,0.48,607.4807,-4.666764,7.614957,2017-08-06T00:35:34.131,-9999999,G2,198.C-0836(A),Diaz,-9999999,HARPS_ech_obs_all,HARPS_ech_obs_wavesimult,STAR_WAVE_F9,1.00722537863422E-05,4.22432896592777E-07,0,0,0
GJ541.1,214.50618,-7.54204,2457972.4936474,-1.210214,0.954544,-12271.293668,0.676555,-8.634237,0.267182,-12271.177391,0.228852,12.301723,0.282903,9.743112,8.835116,27.695622,3.638982,0.428846,0.000256,0.296881,0.000317,0.403388,0.000414,0,7.448166,52.959399,0.00295,-12.4,305.7,2457972.49364,-28.928816,-28.928858,1.514,-9999999,1.296791,-2.1799,0.916388,-1.180514,0.636674,0.52,899.9982,9.750561,8.851902,2017-08-06T23:44:30.229,-9999999,G2,198.C-0836(A),Diaz,-9999999,HARPS_ech_obs_all,HARPS_ech_obs_wavesimult,STAR_WAVE_F9,9.73658437815001E-06,4.38735199228897E-07,0,0,0
GJ541.1,214.50618,-7.54204,2457973.477946,-1.382871,0.935649,-12271.614216,0.7062,-7.087998,0.366008,-12269.687032,0.315688,13.851135,0.376621,13.527942,9.072515,27.069047,3.702571,0.425395,0.000367,0.296349,0.00045,0.413299,0.000589,0,7.446609,52.970414,0.003758,-12.4,216.1,2457973.47794,-28.813883,-28.813918,0.436,-9999999,1.297051,-0.461003,0.861091,0.630133,0.631711,0.44,899.9982,13.5468,9.0851,2017-08-07T23:23:13.770,-9999999,G2,198.C-0836(A),Diaz,-9999999,HARPS_ech_obs_all,HARPS_ech_obs_wavesimult,STAR_WAVE_F9,9.36812088923623E-06,4.33976467133726E-07,0,0,0
GJ541.1,214.50618,-7.54204,2457974.5252032,-2.830404,0.609417,-12271.411116,0.546908,-8.451119,0.224389,-12270.279098,0.187128,12.19106,0.24218,-5.395244,7.226732,21.597531,3.589149,0.424463,0.0002,0.295455,0.00025,0.412253,0.000327,0,7.447869,52.983168,0.003347,-12.4,386.6,2457974.5252,-28.821249,-28.821302,0.505,-9999999,1.297328,-0.376592,0.566602,-0.16531,0.513898,0.48,899.9982,-5.377111,7.253377,2017-08-09T00:30:49.425,-9999999,G2,198.C-0836(A),Diaz,-9999999,HARPS_ech_obs_all,HARPS_ech_obs_wavesimult,STAR_WAVE_F9,8.8937438417766E-06,3.60687662827985E-07,0,0,0
