target,ra,dec,BJD,RV_mlc_nzp,e_RV_mlc_nzp,RV_drs_nzp,e_RV_drs_nzp,RV_mlc,e_RV_mlc,RV_drs,e_RV_drs,RV_mlc_j,e_RV_mlc_j,CRX,e_CRX,dLW,e_dLW,Halpha,e_Halpha,NaD1,e_NaD1,NaD2,e_NaD2,f_RV,FWHM_DRS,CONTRAST_DRS,BIS,RVGUESS,SNR_DRS,BJD_DRS,BERV,BERV_DRS,DRIFT,e_DRIFT,SA,NZP_mlc,dNZP_mlc,NZP_drs,dNZP_drs,TMMEAN,EXPTIME,MLCRX,E_MLCRX,TIMEID,DRIFT_LAMP,MASK,PROGID,PROGPI,AIRMASS,OBHAB,THAR_FP,DPR_TYPE,RHKp,dRHKp,sourceflag,vsinflag,metflag
GJ776,301.393935,-67.32316,2452937.5473283,-0.57484,1.000437,-10481.555103,1.072259,-7.150523,0.516882,-10480.969735,0.432569,-7.10996,0.516985,1.641598,5.61892,-12.772328,1.733841,0.415446,0.000417,0.362275,0.000613,0.483906,0.000798,0,6.731695,42.711575,-0.02129,-10.606,172.5,2452937.54737,-20.282979,-20.283712,0.481,-9999999,0,0.385824,0.856567,0.585368,0.981134,0.49,399.996,1.676905,5.592868,2003-10-25T01:06:18.267,-9999999,G2,072.C-0488(E),M. Mayor,-9999999,HARPS_ech_obs_all,HARPS_ech_obs_thosimult,STAR_WAVE_G2V,9.3399603720552E-06,4.45015160891839E-07,0,0,0
GJ776,301.393935,-67.32316,2453149.8405366,-1.321369,1.033411,-10480.769074,1.08787,-8.61435,0.578134,-10480.177382,0.469944,-8.573457,0.578131,-8.176627,4.806613,-2.540161,1.055317,0.411953,0.000472,0.365323,0.000697,0.484991,0.0009,0,6.729356,42.672975,-0.024958,-10.606,151.9,2453149.83842,14.253357,14.256169,0.271,-9999999,0.279995,-0.331474,0.856563,0.311697,0.981129,1.02,352.3014,-8.161298,4.764421,2004-05-24T08:00:04.931,-9999999,G2,072.C-0488(E),Mayor,-9999999,HARPS_ech_obs_all,HARPS_ech_obs_thosimult,STAR_WAVE_G2,8.13212302539385E-06,5.90881536944583E-07,0,0,0
GJ776,301.393935,-67.32316,2453149.9168042,2.730966,1.021233,-10478.57019,1.080128,-4.587741,0.556019,-10478.121743,0.451652,-4.549305,0.556043,-3.338899,4.04453,-6.233367,1.461318,0.411525,0.000453,0.356193,0.000668,0.484003,0.000863,0,6.727718,42.684477,-0.022731,-10.606,158,2453149.9168,14.159568,14.159767,-0.003,-9999999,0.280096,-0.3572,0.856598,0.168351,0.981167,0.49,352.3016,-3.328903,4.019299,2004-05-24T09:53:00.861,-9999999,G2,072.C-0488(E),Mayor,-9999999,HARPS_ech_obs_all,HARPS_ech_obs_thosimult,STAR_WAVE_G2,8.36236282269949E-06,5.20455992775281E-07,0,0,0
GJ776,301.393935,-67.32316,2453150.817134,2.764903,1.113283,-10478.686954,1.163881,-4.388135,0.711134,-10477.968608,0.626116,-4.357656,0.711342,-5.207533,7.02481,-10.593919,1.870683,0.41211,0.000598,0.357556,0.000896,0.483491,0.001154,0,6.728238,42.687982,-0.021085,-10.606,118.3,2453150.81713,14.021538,14.021739,0.179,-9999999,0.281283,-0.191531,0.856555,0.437063,0.981121,0.51,92.4957,-5.213299,7.010713,2004-05-25T07:31:31.152,-9999999,G2,072.C-0488(E),Mayor,-9999999,HARPS_ech_obs_all,HARPS_ech_obs_thosimult,STAR_WAVE_G2,8.51514610013152E-06,6.12365913039063E-07,0,0,0
GJ776,301.393935,-67.32316,2453157.8553166,8.156951,0.904875,-10474.42373,1.112997,-0.348338,0.602853,-10473.630191,0.525487,-0.303306,0.603056,8.866496,5.47175,-12.109758,1.668988,0.418364,0.000508,0.357439,0.000745,0.494436,0.000961,0,6.72564,42.686992,-0.018445,-10.606,142.2,2453157.85531,12.055496,12.055734,0.096,-9999999,0.290566,-1.543782,0.674808,0.502973,0.981135,0.44,195.8963,8.86001,5.472038,2004-06-01T08:25:24.668,-9999999,G2,072.C-0488(E),Mayor,-9999999,HARPS_ech_obs_all,HARPS_ech_obs_thosimult,STAR_WAVE_G2,1.07746988903771E-05,6.35008281040576E-07,0,0,0
GJ776,301.393935,-67.32316,2453288.5109944,6.757163,1.230637,-10473.993157,1.230465,-0.261578,0.883591,-10473.150578,0.742554,-0.21021,0.883745,1.464588,7.211515,-17.837616,2.350223,0.414508,0.00074,0.363198,0.001111,0.484258,0.001446,0,6.732099,42.736607,-0.025315,-10.6,96.2,2453288.51099,-20.872849,-20.872838,0.029,-9999999,0.462889,-0.057234,0.856584,0.37969,0.981151,0.47,60.0017,1.490264,7.211873,2004-10-10T00:15:22.586,-9999999,G2,072.C-0488(E),Mayor,-9999999,HARPS_ech_obs_all,HARPS_ech_obs_thosimult,STAR_WAVE_G2,1.11888280137751E-05,7.51856767058264E-07,0,0,0
GJ776,301.393935,-67.32316,2453288.5120738,5.07925,1.20216,-10475.376979,1.21312,-1.939855,0.843477,-10474.536428,0.713445,-1.865819,0.84366,6.613643,8.809622,-16.504179,2.280803,0.413141,0.000718,0.364883,0.001077,0.482346,0.001395,0,6.731748,42.729874,-0.025036,-10.6,99.5,2453288.51207,-20.873896,-20.87389,-0.102,-9999999,0.46289,-0.057598,0.856583,0.377661,0.98115,0.51,60.0016,6.631195,8.804829,2004-10-10T00:16:53.456,-9999999,G2,072.C-0488(E),Mayor,-9999999,HARPS_ech_obs_all,HARPS_ech_obs_thosimult,STAR_WAVE_G2,8.88223516601407E-06,6.69019576589056E-07,0,0,0
GJ776,301.393935,-67.32316,2453288.5131227,6.293679,1.215358,-10475.242669,1.217544,-0.72578,0.862184,-10474.404088,0.720943,-0.703148,0.862327,-5.585437,8.067249,-13.755741,2.272933,0.414079,0.000709,0.362641,0.001069,0.483346,0.001392,0,6.731607,42.720053,-0.025006,-10.6,99.8,2453288.51311,-20.874912,-20.874896,0.105,-9999999,0.462892,-0.057951,0.856582,0.375689,0.98115,0.5,60.0018,-5.571634,8.066538,2004-10-10T00:18:24.685,-9999999,G2,072.C-0488(E),Mayor,-9999999,HARPS_ech_obs_all,HARPS_ech_obs_thosimult,STAR_WAVE_G2,5.39910728733619E-06,7.05577879596275E-07,0,0,0
GJ776,301.393935,-67.32316,2453288.5141696,5.256326,1.219258,-10475.30465,1.222201,-1.763486,0.867674,-10474.468035,0.72878,-1.714016,0.867884,6.393568,7.902584,-15.843181,1.868141,0.415272,0.00073,0.363397,0.001093,0.483195,0.001421,0,6.72946,42.722825,-0.02249,-10.6,97.9,2453288.51417,-20.875924,-20.875912,0.05,-9999999,0.462893,-0.058305,0.856582,0.373722,0.981149,0.49,60.0017,6.408222,7.89851,2004-10-10T00:19:55.745,-9999999,G2,072.C-0488(E),Mayor,-9999999,HARPS_ech_obs_all,HARPS_ech_obs_thosimult,STAR_WAVE_G2,8.4449929410719E-06,6.91902206158319E-07,0,0,0
GJ776,301.393935,-67.32316,2453288.5152204,6.44261,1.324815,-10474.363601,1.29081,-0.577556,1.010645,-10473.528959,0.838771,-0.558586,1.010849,-6.498562,9.316539,-13.272683,2.569299,0.414806,0.000833,0.363717,0.001259,0.481869,0.001633,0,6.735008,42.728914,-0.027239,-10.6,85.2,2453288.51521,-20.876939,-20.876926,-0.07,-9999999,0.462895,-0.058659,0.856581,0.371747,0.981149,0.48,60.0014,-6.485431,9.315647,2004-10-10T00:21:27.145,-9999999,G2,072.C-0488(E),Mayor,-9999999,HARPS_ech_obs_all,HARPS_ech_obs_thosimult,STAR_WAVE_G2,6.89711315384402E-06,8.41190141473868E-07,0,0,0
GJ776,301.393935,-67.32316,2453288.5162764,5.986331,1.269849,-10475.397698,1.254873,-1.034191,0.937435,-10474.56504,0.782339,-1.023822,0.937551,-0.54999,8.648827,-15.490718,2.369053,0.413741,0.000787,0.361629,0.001178,0.482995,0.001535,0,6.733935,42.718613,-0.021163,-10.6,90.7,2453288.51627,-20.877957,-20.87795,-0.011,-9999999,0.462896,-0.059015,0.856581,0.369762,0.981148,0.48,60.0019,-0.529123,8.646645,2004-10-10T00:22:58.385,-9999999,G2,072.C-0488(E),Mayor,-9999999,HARPS_ech_obs_all,HARPS_ech_obs_thosimult,STAR_WAVE_G2,8.87238935817669E-06,8.15268713251429E-07,0,0,0
GJ776,301.393935,-67.32316,2453288.5173518,5.574061,1.196565,-10475.939136,1.20754,-1.446824,0.835487,-10475.108498,0.703919,-1.427273,0.835708,5.796793,7.644364,-12.244906,1.959221,0.413897,0.000696,0.362076,0.001045,0.483068,0.001361,0,6.730228,42.706339,-0.028132,-10.6,102.1,2453288.51735,-20.878993,-20.878984,0.08,-9999999,0.462897,-0.059378,0.85658,0.367741,0.981148,0.5,60.0019,5.822463,7.640668,2004-10-10T00:24:30.105,-9999999,G2,072.C-0488(E),Mayor,-9999999,HARPS_ech_obs_all,HARPS_ech_obs_thosimult,STAR_WAVE_G2,7.98630094317897E-06,6.83170032066128E-07,0,0,0
GJ776,301.393935,-67.32316,2453288.5183937,5.109863,1.215246,-10475.438146,1.218461,-1.911374,0.862029,-10474.609464,0.722494,-1.869071,0.862281,-8.770457,7.637006,-18.432704,2.131372,0.41385,0.00071,0.35895,0.001064,0.482646,0.001392,0,6.729657,42.750987,-0.026266,-10.6,99.8,2453288.51839,-20.879995,-20.879982,0.075,-9999999,0.462899,-0.059729,0.85658,0.365783,0.981147,0.48,60.0019,-8.758111,7.633091,2004-10-10T00:26:01.334,-9999999,G2,072.C-0488(E),Mayor,-9999999,HARPS_ech_obs_all,HARPS_ech_obs_thosimult,STAR_WAVE_G2,5.78496756479905E-06,8.8551010308286E-07,0,0,0
GJ776,301.393935,-67.32316,2453288.5194589,7.641078,1.223121,-10472.621732,1.222925,0.619482,0.873096,-10471.795051,0.729998,0.660207,0.873201,-11.497397,7.651255,-18.769028,2.188856,0.413977,0.000723,0.362648,0.001087,0.481576,0.001412,0,6.727669,42.738412,-0.025862,-10.6,98.2,2453288.51946,-20.881017,-20.881013,0.005,-9999999,0.4629,-0.060089,0.856579,0.363781,0.981147,0.48,60.0018,-11.476017,7.654766,2004-10-10T00:27:33.374,-9999999,G2,072.C-0488(E),Mayor,-9999999,HARPS_ech_obs_all,HARPS_ech_obs_thosimult,STAR_WAVE_G2,8.44379405860223E-06,7.73558391106615E-07,0,0,0
GJ776,301.393935,-67.32316,2453288.5205291,3.471463,1.22517,-10476.900171,1.228827,-3.550494,0.875965,-10476.0755,0.739844,-3.525533,0.876106,5.913693,7.292389,-12.485661,1.78816,0.414993,0.000752,0.363101,0.001119,0.481555,0.001453,0,6.731451,42.741061,-0.023831,-10.6,95.6,2453288.52052,-20.882043,-20.88203,-0.073,-9999999,0.462902,-0.06045,0.856579,0.361769,0.981146,0.5,60.0018,5.937812,7.281851,2004-10-10T00:29:04.644,-9999999,G2,072.C-0488(E),Mayor,-9999999,HARPS_ech_obs_all,HARPS_ech_obs_thosimult,STAR_WAVE_G2,9.54771836067026E-06,7.47768722677532E-07,0,0,0
GJ776,301.393935,-67.32316,2453289.5098589,0.597843,1.162499,-10480.786696,1.090237,-5.050152,0.801923,-10478.32532,0.709886,-5.019612,0.801991,10.556774,6.852145,-17.970672,1.795553,0.41399,0.00073,0.361781,0.001089,0.480644,0.001416,0,6.732489,42.764163,-0.023495,-10.6,98,2453289.50985,-20.871166,-20.871159,0,-9999999,0.464206,1.313512,0.84162,1.99717,0.827453,0.5,59.9827,10.563756,6.835917,2004-10-11T00:13:48.692,-9999999,G2,072.C-0488(E),Mayor,-9999999,HARPS_ech_obs_all,HARPS_ech_obs_thosimult,STAR_WAVE_G2,1.09974846709006E-05,6.41354812874424E-07,0,0,0
GJ776,301.393935,-67.32316,2453289.5109162,1.311525,1.15618,-10479.510906,1.086343,-4.336827,0.792735,-10477.051515,0.703891,-4.270432,0.792859,4.337591,7.322292,-23.497907,2.35738,0.415334,0.000721,0.359986,0.001073,0.481324,0.0014,0,6.731693,42.80387,-0.020903,-10.6,99.2,2453289.51092,-20.872183,-20.87218,0,-9999999,0.464208,1.313156,0.841619,1.995183,0.827452,0.5,59.983,4.352088,7.310191,2004-10-11T00:15:20.051,-9999999,G2,072.C-0488(E),Mayor,-9999999,HARPS_ech_obs_all,HARPS_ech_obs_thosimult,STAR_WAVE_G2,1.08989256795904E-05,6.9911300177424E-07,0,0,0
GJ776,301.393935,-67.32316,2453289.5119698,1.83519,1.131644,-10478.135729,1.067655,-3.813517,0.756503,-10475.678317,0.674693,-3.862965,0.756686,6.008377,6.753755,-21.655064,1.879849,0.415242,0.000696,0.362615,0.001036,0.481887,0.001347,0,6.731028,42.782252,-0.024489,-10.6,103.1,2453289.51197,-20.873194,-20.873188,0,-9999999,0.464209,1.3128,0.841619,1.993203,0.827452,0.5,59.983,6.032993,6.741526,2004-10-11T00:16:51.091,-9999999,G2,072.C-0488(E),Mayor,-9999999,HARPS_ech_obs_all,HARPS_ech_obs_thosimult,STAR_WAVE_G2,8.89191893700547E-06,6.86346504633475E-07,0,0,0
GJ776,301.393935,-67.32316,2453289.5151551,1.056439,1.155974,-10481.137544,1.086967,-4.593342,0.792437,-10478.686115,0.704858,-4.538909,0.792588,-5.954474,6.019401,-20.678032,2.01226,0.415182,0.00072,0.362081,0.001076,0.483324,0.001402,0,6.732383,42.794435,-0.021772,-10.6,99.2,2453289.51515,-20.876243,-20.876237,0,-9999999,0.464213,1.311726,0.841617,1.987216,0.82745,0.51,59.983,-5.933429,6.00305,2004-10-11T00:21:25.718,-9999999,G2,072.C-0488(E),Mayor,-9999999,HARPS_ech_obs_all,HARPS_ech_obs_thosimult,STAR_WAVE_G2,7.16062759579057E-06,9.52424885913235E-07,0,0,0
GJ776,301.393935,-67.32316,2453289.5161944,1.447751,1.117367,-10480.31398,1.055306,-4.202381,0.734977,-10477.864503,0.654979,-4.15977,0.735127,-12.124129,5.309777,-23.696969,1.968086,0.414994,0.000663,0.361296,0.000991,0.480975,0.001291,0,6.731022,42.814594,-0.024102,-10.6,107.4,2453289.51619,-20.877234,-20.877228,0,-9999999,0.464215,1.311375,0.841616,1.985262,0.827449,0.5,59.983,-12.100374,5.293752,2004-10-11T00:22:56.119,-9999999,G2,072.C-0488(E),Mayor,-9999999,HARPS_ech_obs_all,HARPS_ech_obs_thosimult,STAR_WAVE_G2,8.56780051042516E-06,7.4060441705722E-07,0,0,0
GJ776,301.393935,-67.32316,2453289.5172398,3.963707,1.126065,-10476.449064,1.061484,-1.686778,0.748134,-10474.00155,0.664888,-1.64096,0.748401,3.612538,6.684056,-22.731635,1.774285,0.414049,0.000671,0.361236,0.001005,0.482692,0.001311,0,6.733324,42.796946,-0.026617,-10.6,105.9,2453289.51723,-20.87823,-20.878229,0,-9999999,0.464216,1.311023,0.841616,1.983298,0.827449,0.49,59.9828,3.634728,6.679734,2004-10-11T00:24:27.048,-9999999,G2,072.C-0488(E),Mayor,-9999999,HARPS_ech_obs_all,HARPS_ech_obs_thosimult,STAR_WAVE_G2,5.64621289929096E-06,9.47939707046639E-07,0,0,0
GJ776,301.393935,-67.32316,2453289.5182867,-0.220966,1.179371,-10480.682541,1.106036,-5.871804,0.826196,-10478.236993,0.733925,-5.869634,0.826322,3.216802,6.684798,-20.047863,2.170763,0.414332,0.000754,0.360303,0.001123,0.481873,0.001465,0,6.739208,42.788862,-0.022383,-10.6,94.9,2453289.51828,-20.879226,-20.879217,0,-9999999,0.464218,1.310669,0.841615,1.98133,0.827448,0.49,59.982,3.238241,6.665985,2004-10-11T00:25:57.508,-9999999,G2,072.C-0488(E),Mayor,-9999999,HARPS_ech_obs_all,HARPS_ech_obs_thosimult,STAR_WAVE_G2,8.19998859453284E-06,8.92657046851986E-07,0,0,0
GJ776,301.393935,-67.32316,2453289.5193689,2.466238,1.123428,-10478.250174,1.060801,-3.184965,0.744161,-10475.806659,0.663799,-3.137299,0.744363,1.822483,6.627835,-20.452762,1.779475,0.413911,0.000668,0.361691,0.001002,0.482002,0.001305,0,6.729857,42.791983,-0.022426,-10.6,106.3,2453289.51936,-20.880253,-20.880247,0,-9999999,0.464219,1.310304,0.841615,1.979296,0.827447,0.53,59.983,1.847419,6.61785,2004-10-11T00:27:28.617,-9999999,G2,072.C-0488(E),Mayor,-9999999,HARPS_ech_obs_all,HARPS_ech_obs_thosimult,STAR_WAVE_G2,6.27462581316024E-06,7.92186021022883E-07,0,0,0
GJ776,301.393935,-67.32316,2453289.5203924,0.831458,1.106954,-10479.260536,1.04681,-4.82009,0.71905,-10476.818944,0.641205,-4.75224,0.719287,5.887395,7.113715,-23.975202,1.669785,0.414413,0.000641,0.361183,0.000962,0.484046,0.001256,0,6.73037,42.803789,-0.026799,-10.6,110.7,2453289.52038,-20.881223,-20.881209,0,-9999999,0.46422,1.309959,0.841614,1.977372,0.827447,0.48,59.9829,5.908389,7.098571,2004-10-11T00:29:00.048,-9999999,G2,072.C-0488(E),Mayor,-9999999,HARPS_ech_obs_all,HARPS_ech_obs_thosimult,STAR_WAVE_G2,9.21738835880187E-06,7.94365987966815E-07,0,0,0
GJ776,301.393935,-67.32316,2453289.5214591,2.725228,1.12957,-10477.956369,1.064853,-2.92668,0.753402,-10475.51678,0.670257,-2.901561,0.753573,-11.925555,6.809561,-22.656312,2.129919,0.414825,0.000669,0.36372,0.00101,0.48201,0.001311,0,6.731143,42.788628,-0.02269,-10.6,105.9,2453289.52146,-20.882232,-20.882236,0,-9999999,0.464222,1.309599,0.841614,1.975367,0.827446,0.5,59.9828,-11.909214,6.801683,2004-10-11T00:30:31.017,-9999999,G2,072.C-0488(E),Mayor,-9999999,HARPS_ech_obs_all,HARPS_ech_obs_thosimult,STAR_WAVE_G2,8.05296454178904E-06,7.8082889259864E-07,0,0,0
GJ776,301.393935,-67.32316,2453289.5359277,0.041377,1.223935,-10482.146695,1.13539,-5.615411,0.888658,-10479.73428,0.777468,-5.569847,0.888714,-4.884125,7.591733,-12.549044,2.357136,0.415135,0.000804,0.362124,0.001204,0.48337,0.001568,0,6.738699,42.721349,-0.026767,-10.6,89.1,2453289.53593,-20.895713,-20.895711,0,-9999999,0.464241,1.304719,0.841607,1.948174,0.827438,0.47,59.9826,-4.840094,7.576676,2004-10-11T00:51:22.989,-9999999,G2,072.C-0488(E),Mayor,-9999999,HARPS_ech_obs_all,HARPS_ech_obs_thosimult,STAR_WAVE_G2,8.52430195182031E-06,8.32937057486822E-07,0,0,0
GJ776,301.393935,-67.32316,2453289.5369997,0.594681,1.162774,-10480.837951,1.091275,-5.062469,0.802335,-10478.42755,0.711497,-5.019638,0.802445,1.28889,5.953591,-14.900173,1.979593,0.415471,0.000727,0.361742,0.001089,0.480436,0.001415,0,6.736836,42.740154,-0.024298,-10.6,98.1,2453289.53699,-20.896695,-20.896683,0,-9999999,0.464242,1.304357,0.841607,1.946159,0.827437,0.49,59.9828,1.311842,5.936418,2004-10-11T00:52:54.421,-9999999,G2,072.C-0488(E),Mayor,-9999999,HARPS_ech_obs_all,HARPS_ech_obs_thosimult,STAR_WAVE_G2,9.6804300982579E-06,6.0894884348431E-07,0,0,0
GJ776,301.393935,-67.32316,2453289.5380805,2.644154,1.153981,-10477.423037,1.08583,-3.013361,0.789538,-10475.014666,0.703118,-3.007592,0.789688,4.877391,7.290744,-14.656351,2.141044,0.414846,0.000719,0.361021,0.001074,0.481204,0.001399,0,6.732596,42.744391,-0.022608,-10.6,99.3,2453289.53808,-20.897682,-20.897685,0,-9999999,0.464244,1.303993,0.841607,1.944127,0.827437,0.54,59.983,4.892215,7.281729,2004-10-11T00:54:24.812,-9999999,G2,072.C-0488(E),Mayor,-9999999,HARPS_ech_obs_all,HARPS_ech_obs_thosimult,STAR_WAVE_G2,1.04010772590868E-05,7.27131058351175E-07,0,0,0
GJ776,301.393935,-67.32316,2453289.5391205,0.366358,1.166446,-10479.898781,1.094043,-5.291507,0.807648,-10477.492363,0.715737,-5.261763,0.807726,6.679005,7.129105,-16.574645,2.097116,0.41379,0.000729,0.360458,0.001092,0.483448,0.001427,0,6.732149,42.75729,-0.020508,-10.6,97.7,2453289.53912,-20.89863,-20.898631,0,-9999999,0.464245,1.303642,0.841606,1.942173,0.827436,0.53,59.9778,6.709948,7.112994,2004-10-11T00:55:55.275,-9999999,G2,072.C-0488(E),Mayor,-9999999,HARPS_ech_obs_all,HARPS_ech_obs_thosimult,STAR_WAVE_G2,9.41998254007374E-06,7.27096642521142E-07,0,0,0
GJ776,301.393935,-67.32316,2453289.5401412,-0.845014,1.142878,-10482.090947,1.076228,-6.503224,0.77322,-10479.686447,0.688198,-6.441026,0.773325,-17.163829,7.717944,-17.958693,1.99315,0.413437,0.000703,0.360987,0.001052,0.481314,0.00137,0,6.733092,42.766546,-0.022764,-10.6,101.4,2453289.54014,-20.899557,-20.899554,0,-9999999,0.464246,1.303298,0.841606,1.940254,0.827436,0.49,59.9829,-17.146601,7.700015,2004-10-11T00:57:25.860,-9999999,G2,072.C-0488(E),Mayor,-9999999,HARPS_ech_obs_all,HARPS_ech_obs_thosimult,STAR_WAVE_G2,8.83880612827943E-06,7.55178267913808E-07,0,0,0
GJ776,301.393935,-67.32316,2453289.5412396,2.067282,1.21408,-10479.723036,1.133762,-3.591298,0.875038,-10477.320598,0.775092,-3.56846,0.875189,6.452956,6.944281,-19.699301,2.327941,0.416429,0.000789,0.361728,0.001186,0.486119,0.001549,0,6.734674,42.769215,-0.021042,-10.6,90.3,2453289.54124,-20.900553,-20.900548,0,-9999999,0.464248,1.302927,0.841605,1.93819,0.827435,0.55,59.9829,6.481681,6.934173,2004-10-11T00:58:57.177,-9999999,G2,072.C-0488(E),Mayor,-9999999,HARPS_ech_obs_all,HARPS_ech_obs_thosimult,STAR_WAVE_G2,1.00033962459944E-05,8.32304713020521E-07,0,0,0
GJ776,301.393935,-67.32316,2453289.5422645,0.722776,1.169129,-10479.724564,1.096315,-4.93615,0.81152,-10477.324052,0.719207,-4.94598,0.811755,7.625855,7.029992,-16.154221,1.925149,0.415207,0.000751,0.361786,0.001116,0.483297,0.001454,0,6.737529,42.760325,-0.02466,-10.6,96,2453289.54226,-20.901479,-20.901476,0,-9999999,0.464249,1.302581,0.841605,1.936263,0.827435,0.51,59.9828,7.639903,7.014675,2004-10-11T01:00:28.135,-9999999,G2,072.C-0488(E),Mayor,-9999999,HARPS_ech_obs_all,HARPS_ech_obs_thosimult,STAR_WAVE_G2,7.2508858646592E-06,7.28731228728655E-07,0,0,0
GJ776,301.393935,-67.32316,2453289.5433209,1.577326,1.173838,-10479.922706,1.102472,-4.081956,0.818289,-10477.524177,0.728559,-4.076033,0.818393,-12.357154,7.263517,-14.857772,2.024937,0.414574,0.000748,0.361024,0.001119,0.481763,0.001457,0,6.737465,42.741776,-0.026841,-10.6,95.5,2453289.54332,-20.902431,-20.902433,0,-9999999,0.464251,1.302225,0.841604,1.934278,0.827434,0.51,59.983,-12.347101,7.252711,2004-10-11T01:01:59.412,-9999999,G2,072.C-0488(E),Mayor,-9999999,HARPS_ech_obs_all,HARPS_ech_obs_thosimult,STAR_WAVE_G2,4.81266861550886E-06,7.77723318553494E-07,0,0,0
GJ776,301.393935,-67.32316,2453289.5443598,0.339154,1.184797,-10481.318364,1.108539,-5.320479,0.833935,-10478.921787,0.737708,-5.230399,0.834155,-3.90267,7.213302,-19.189599,2.313078,0.413178,0.000742,0.361398,0.00112,0.481494,0.001459,0,6.731925,42.768384,-0.024299,-10.6,95.3,2453289.54435,-20.903364,-20.903356,0,-9999999,0.464252,1.301875,0.841604,1.932325,0.827434,0.49,59.983,-3.862228,7.198503,2004-10-11T01:03:30.381,-9999999,G2,072.C-0488(E),Mayor,-9999999,HARPS_ech_obs_all,HARPS_ech_obs_thosimult,STAR_WAVE_G2,6.93128135545954E-06,7.6632711942501E-07,0,0,0
GJ776,301.393935,-67.32316,2453289.5454059,1.020773,1.183131,-10480.489284,1.108163,-4.639213,0.831567,-10478.094672,0.737143,-4.628339,0.831759,-2.69798,7.83663,-18.263372,2.014165,0.414592,0.000764,0.362726,0.00114,0.482729,0.001484,0,6.732729,42.753357,-0.020868,-10.6,94,2453289.5454,-20.904302,-20.904297,0,-9999999,0.464253,1.301522,0.841603,1.930359,0.827433,0.48,59.9828,-2.68592,7.823739,2004-10-11T01:05:01.370,-9999999,G2,072.C-0488(E),Mayor,-9999999,HARPS_ech_obs_all,HARPS_ech_obs_thosimult,STAR_WAVE_G2,9.67166885334827E-06,6.32931617816871E-07,0,0,0
GJ776,301.393935,-67.32316,2453289.5508238,0.951116,1.159276,-10479.62169,1.086815,-4.710697,0.797263,-10477.237254,0.704646,-4.618877,0.797399,-1.240526,8.067199,-20.680631,2.001118,0.415417,0.000712,0.361989,0.00107,0.482873,0.001394,0,6.728784,42.797949,-0.023098,-10.6,99.7,2453289.55082,-20.90911,-20.909111,0.031,-9999999,0.46426,1.299694,0.841601,1.920176,0.82743,0.52,59.9831,-1.226567,8.054238,2004-10-11T01:12:47.107,-9999999,G2,072.C-0488(E),Mayor,-9999999,HARPS_ech_obs_all,HARPS_ech_obs_thosimult,STAR_WAVE_G2,8.49812899399089E-06,7.42953674254863E-07,0,0,0
GJ776,301.393935,-67.32316,2453289.5518712,0.602882,1.117057,-10480.494914,1.053983,-5.059284,0.734523,-10478.112444,0.652871,-5.007332,0.734744,6.626934,5.868969,-17.53326,2.137313,0.414755,0.000682,0.361179,0.001008,0.482594,0.001315,0,6.732155,42.761256,-0.026204,-10.6,105.8,2453289.55186,-20.910031,-20.910024,0.041,-9999999,0.464262,1.299341,0.841601,1.918208,0.82743,0.51,59.983,6.650067,5.849192,2004-10-11T01:14:18.206,-9999999,G2,072.C-0488(E),Mayor,-9999999,HARPS_ech_obs_all,HARPS_ech_obs_thosimult,STAR_WAVE_G2,9.13468883642481E-06,6.76853743818764E-07,0,0,0
GJ776,301.393935,-67.32316,2453289.5529173,0.717245,1.142483,-10479.642145,1.072632,-4.945274,0.772642,-10477.261641,0.682568,-4.906476,0.772844,-3.801301,7.509097,-19.252191,2.134388,0.414827,0.00068,0.362704,0.001027,0.48191,0.001336,0,6.731075,42.770355,-0.024014,-10.6,103.9,2453289.55292,-20.910947,-20.910944,0.166,-9999999,0.464263,1.298988,0.8416,1.916241,0.827429,0.51,59.9831,-3.786235,7.495744,2004-10-11T01:15:48.595,-9999999,G2,072.C-0488(E),Mayor,-9999999,HARPS_ech_obs_all,HARPS_ech_obs_thosimult,STAR_WAVE_G2,7.00617665736939E-06,7.61693798298809E-07,0,0,0
GJ776,301.393935,-67.32316,2453290.5165384,2.067357,1.28809,-10478.727465,1.184579,-2.920521,1.115213,-10476.045623,0.963881,-2.886527,1.115527,0.044339,10.507382,-23.53511,2.815547,0.415896,0.000984,0.36087,0.001459,0.485676,0.00191,0,6.738297,42.833994,-0.024492,-10.6,73.6,2453290.51653,-20.870359,-20.870358,-0.02,-9999999,0.465534,1.973629,0.644574,2.216308,0.688594,0.5,59.9815,0.052133,10.501869,2004-10-12T00:23:31.849,-9999999,G2,072.C-0488(E),Mayor,-9999999,HARPS_ech_obs_all,HARPS_ech_obs_thosimult,STAR_WAVE_G2,8.03329765491427E-06,8.45022973938533E-07,0,0,0
GJ776,301.393935,-67.32316,2453290.5176844,0.552457,1.229052,-10480.789438,1.132113,-4.435808,1.046468,-10478.109748,0.898621,-4.425497,1.046682,-19.433371,9.019627,-23.070525,2.358307,0.413367,0.000904,0.361257,0.001356,0.48156,0.001764,0,6.739623,42.802837,-0.028421,-10.6,79.2,2453290.51758,-20.871438,-20.871346,-0.039,-9999999,0.465536,1.973242,0.644573,2.214154,0.688593,0.64,59.9816,-19.409786,9.010279,2004-10-12T00:25:02.467,-9999999,G2,072.C-0488(E),Mayor,-9999999,HARPS_ech_obs_all,HARPS_ech_obs_thosimult,STAR_WAVE_G2,7.53884581134027E-06,1.05347920808235E-06,0,0,0
GJ776,301.393935,-67.32316,2453290.5186149,2.338874,1.279986,-10478.346541,1.171431,-2.649705,1.105844,-10475.668599,0.947676,-2.609799,1.105987,10.561589,10.195821,-26.412665,2.88982,0.414257,0.000945,0.362691,0.001425,0.481275,0.001849,0,6.72843,42.834739,-0.028522,-10.6,75.6,2453290.51861,-20.872312,-20.872322,0.056,-9999999,0.465537,1.972928,0.644573,2.212405,0.688593,0.46,59.9827,10.575731,10.190281,2004-10-12T00:26:33.667,-9999999,G2,072.C-0488(E),Mayor,-9999999,HARPS_ech_obs_all,HARPS_ech_obs_thosimult,STAR_WAVE_G2,1.23025913903041E-05,8.87482857238895E-07,0,0,0
GJ776,301.393935,-67.32316,2453290.5196664,-1.728576,1.270564,-10483.799286,1.16606,-6.717509,1.094925,-10481.123319,0.94103,-6.667512,1.095092,15.722723,9.288824,-26.627534,2.755687,0.414637,0.000946,0.362704,0.00142,0.483608,0.001845,0,6.734878,42.843744,-0.025498,-10.6,75.8,2453290.51966,-20.873298,-20.873307,0.181,-9999999,0.465538,1.972574,0.644572,2.210429,0.688592,0.47,59.9778,15.74788,9.273714,2004-10-12T00:28:03.926,-9999999,G2,072.C-0488(E),Mayor,-9999999,HARPS_ech_obs_all,HARPS_ech_obs_thosimult,STAR_WAVE_G2,8.56431737609135E-06,9.09944202364441E-07,0,0,0
GJ776,301.393935,-67.32316,2453290.5207359,3.851998,1.407896,-10477.646266,1.285259,-1.137296,1.251678,-10474.972307,1.085234,-1.086459,1.252012,17.370331,10.194946,-24.248273,3.178452,0.413557,0.001058,0.361563,0.001598,0.480183,0.002075,0,6.731287,42.820317,-0.029796,-10.6,67.6,2453290.52073,-20.874299,-20.874301,0.066,-9999999,0.46554,1.972213,0.644571,2.208419,0.688591,0.5,59.9831,17.386566,10.192247,2004-10-12T00:29:34.534,-9999999,G2,072.C-0488(E),Mayor,-9999999,HARPS_ech_obs_all,HARPS_ech_obs_thosimult,STAR_WAVE_G2,1.19452477412235E-06,1.48489811089367E-06,0,0,0
GJ776,301.393935,-67.32316,2453290.521744,1.949778,1.424444,-10480.040149,1.305439,-3.039856,1.270264,-10477.368084,1.10906,-3.021821,1.270411,9.969123,11.190163,-26.135098,3.085853,0.41199,0.001083,0.364938,0.001642,0.484473,0.002132,0,6.736091,42.841197,-0.030827,-10.6,66.2,2453290.52174,-20.875241,-20.875239,0.203,-9999999,0.465541,1.971873,0.644571,2.206524,0.688591,0.44,59.9831,9.994071,11.184148,2004-10-12T00:31:05.244,-9999999,G2,072.C-0488(E),Mayor,-9999999,HARPS_ech_obs_all,HARPS_ech_obs_thosimult,STAR_WAVE_G2,3.79770518366391E-06,1.5492696948036E-06,0,0,0
GJ776,301.393935,-67.32316,2453290.5228344,-0.267048,1.523227,-10482.440752,1.402367,-5.25705,1.380127,-10479.770735,1.22167,-5.279464,1.380363,3.3771,13.431763,-27.646885,3.934619,0.414721,0.001178,0.363716,0.001778,0.483214,0.002304,0,6.735304,42.834365,-0.023096,-10.6,61.4,2453290.52282,-20.876257,-20.876261,0.072,-9999999,0.465542,1.971505,0.64457,2.204475,0.68859,0.5,59.9826,3.394989,13.422807,2004-10-12T00:32:35.862,-9999999,G2,072.C-0488(E),Mayor,-9999999,HARPS_ech_obs_all,HARPS_ech_obs_thosimult,STAR_WAVE_G2,6.04819139788381E-06,1.12031306172162E-06,0,0,0
GJ776,301.393935,-67.32316,2453290.5238878,1.910095,1.559755,-10479.034387,1.448775,-3.080262,1.42034,-10476.366348,1.274674,-3.010954,1.420564,24.153247,12.140443,-32.367551,3.944245,0.413806,0.001224,0.361891,0.001839,0.483257,0.002391,0,6.737766,42.87076,-0.019416,-10.6,59.3,2453290.52388,-20.877237,-20.877238,0.041,-9999999,0.465544,1.97115,0.644569,2.202495,0.688589,0.51,59.9827,24.180566,12.134121,2004-10-12T00:34:06.281,-9999999,G2,072.C-0488(E),Mayor,-9999999,HARPS_ech_obs_all,HARPS_ech_obs_thosimult,STAR_WAVE_G2,2.08620648593969E-06,1.52850664300521E-06,0,0,0
GJ776,301.393935,-67.32316,2453290.5249436,2.229578,1.383536,-10480.443034,1.263272,-2.761136,1.224215,-10477.776978,1.059104,-2.754689,1.224493,1.729591,10.121344,-29.433941,3.231427,0.415739,0.001042,0.363179,0.001572,0.479837,0.002032,0,6.735017,42.872151,-0.02441,-10.6,68.8,2453290.52494,-20.878217,-20.878224,0.078,-9999999,0.465545,1.970794,0.644569,2.200511,0.688588,0.51,59.9813,1.740972,10.116246,2004-10-12T00:35:37.510,-9999999,G2,072.C-0488(E),Mayor,-9999999,HARPS_ech_obs_all,HARPS_ech_obs_thosimult,STAR_WAVE_G2,3.18753404327153E-06,1.58215349083055E-06,0,0,0
GJ776,301.393935,-67.32316,2453290.5259778,-1.996975,1.47827,-10483.714677,1.3508,-6.988037,1.330344,-10481.050563,1.162114,-6.889207,1.330617,5.394016,12.643103,-25.40299,3.442571,0.41358,0.00112,0.360131,0.00169,0.481597,0.0022,0,6.73761,42.833803,-0.019313,-10.6,64,2453290.52597,-20.879175,-20.879176,0.016,-9999999,0.465547,1.970445,0.644568,2.198567,0.688588,0.49,59.9816,5.40878,12.631072,2004-10-12T00:37:08.069,-9999999,G2,072.C-0488(E),Mayor,-9999999,HARPS_ech_obs_all,HARPS_ech_obs_thosimult,STAR_WAVE_G2,5.29744743637399E-06,1.20655687949932E-06,0,0,0
GJ776,301.393935,-67.32316,2453293.4912408,2.582707,1.482329,-10478.617659,1.376709,-4.509554,1.209771,-10477.754636,0.965738,-4.505946,1.209959,18.319429,9.979602,-18.564607,2.607051,0.416295,0.000927,0.353472,0.001393,0.482231,0.001811,0,6.731416,42.749105,-0.022631,-10.6,77.1,2453293.49123,-20.785093,-20.785117,-0.015,-9999999,0.469458,-0.130753,0.856594,0.393565,0.981162,0.44,60.0012,18.33098,9.969002,2004-10-14T23:47:27.562,-9999999,G2,072.C-0488(E),Mayor,-9999999,HARPS_ech_obs_all,HARPS_ech_obs_thosimult,STAR_WAVE_G2,7.60277979019119E-06,1.1792259501257E-06,0,0,0
GJ776,301.393935,-67.32316,2453293.492288,3.17319,1.473133,-10477.45532,1.374435,-3.919424,1.198486,-10476.594264,0.962494,-3.92795,1.198724,-11.367318,9.792441,-17.194862,2.974113,0.414692,0.000938,0.355667,0.001406,0.484182,0.001826,0,6.7331,42.739869,-0.022677,-10.6,76.7,2453293.49228,-20.78608,-20.786107,0.059,-9999999,0.469459,-0.131107,0.856593,0.391597,0.981161,0.43,60.001,-11.36491,9.784282,2004-10-14T23:48:58.642,-9999999,G2,072.C-0488(E),Mayor,-9999999,HARPS_ech_obs_all,HARPS_ech_obs_thosimult,STAR_WAVE_G2,4.74670718267155E-06,1.38417028122565E-06,0,0,0
GJ776,301.393935,-67.32316,2453293.493382,1.77409,1.373061,-10478.157922,1.30774,-5.318893,1.073101,-10477.298921,0.864585,-5.29265,1.073177,22.799355,9.701155,-19.054232,2.656243,0.415221,0.000844,0.356804,0.001264,0.482229,0.001636,0,6.731769,42.727302,-0.026065,-10.6,85,2453293.49337,-20.78711,-20.787128,0.038,-9999999,0.46946,-0.131476,0.856593,0.389541,0.981161,0.48,60.001,22.811647,9.689258,2004-10-14T23:50:30.170,-9999999,G2,072.C-0488(E),Mayor,-9999999,HARPS_ech_obs_all,HARPS_ech_obs_thosimult,STAR_WAVE_G2,7.82654160252971E-06,1.06249180812223E-06,0,0,0
GJ776,301.393935,-67.32316,2453293.4944642,-0.354777,1.37857,-10482.076056,1.311233,-7.448125,1.080142,-10481.219087,0.869861,-7.39663,1.080327,7.749456,8.645441,-18.119799,3.275208,0.414688,0.000835,0.353526,0.001253,0.482316,0.001629,0,6.737193,42.713963,-0.02877,-10.6,85.2,2453293.49446,-20.788128,-20.78816,0.011,-9999999,0.469462,-0.131841,0.856592,0.387507,0.98116,0.52,60.0009,7.769207,8.626311,2004-10-14T23:52:01.279,-9999999,G2,072.C-0488(E),Mayor,-9999999,HARPS_ech_obs_all,HARPS_ech_obs_thosimult,STAR_WAVE_G2,7.01829925029372E-06,1.18416217262883E-06,0,0,0
GJ776,301.393935,-67.32316,2453293.4954981,2.964595,1.485412,-10478.041436,1.3841,-4.129102,1.213549,-10477.186409,0.976248,-4.125034,1.213669,17.880998,9.395438,-17.494605,2.771567,0.415042,0.000952,0.355919,0.001426,0.482253,0.001846,0,6.735278,42.737127,-0.019853,-10.6,75.7,2453293.49549,-20.789099,-20.789125,-0.103,-9999999,0.469463,-0.132189,0.856591,0.385564,0.981159,0.49,60.0002,17.887704,9.385922,2004-10-14T23:53:32.418,-9999999,G2,072.C-0488(E),Mayor,-9999999,HARPS_ech_obs_all,HARPS_ech_obs_thosimult,STAR_WAVE_G2,9.62701042224529E-06,8.45144700975063E-07,0,0,0
GJ776,301.393935,-67.32316,2453293.4965109,0.870001,1.347556,-10479.756502,1.290536,-6.224037,1.040269,-10478.903378,0.838338,-6.155216,1.040445,8.810862,9.113218,-18.211148,2.821839,0.414915,0.000799,0.357204,0.001209,0.484339,0.001568,0,6.732947,42.738896,-0.023375,-10.6,88.8,2453293.49651,-20.79005,-20.790078,0.189,-9999999,0.469464,-0.132531,0.856591,0.38366,0.981159,0.42,60.0009,8.81308,9.098145,2004-10-14T23:55:04.128,-9999999,G2,072.C-0488(E),Mayor,-9999999,HARPS_ech_obs_all,HARPS_ech_obs_thosimult,STAR_WAVE_G2,1.11479264120204E-05,7.80677236980043E-07,0,0,0
GJ776,301.393935,-67.32316,2453293.4976371,0.870871,1.376367,-10481.894161,1.309423,-6.223547,1.07733,-10481.043152,0.867132,-6.194794,1.077551,14.744547,8.785652,-19.433254,2.055541,0.415987,0.000835,0.358067,0.00126,0.484473,0.001632,0,6.736927,42.725327,-0.024069,-10.6,85.4,2453293.49763,-20.791105,-20.791127,0.13,-9999999,0.469466,-0.132911,0.85659,0.381543,0.981158,0.51,60.0011,14.760994,8.771136,2004-10-14T23:56:36.036,-9999999,G2,072.C-0488(E),Mayor,-9999999,HARPS_ech_obs_all,HARPS_ech_obs_thosimult,STAR_WAVE_G2,9.08232896182174E-06,8.36448133497862E-07,0,0,0
GJ776,301.393935,-67.32316,2453293.4986789,1.597401,1.362012,-10479.367784,1.299091,-5.497369,1.058929,-10478.518732,0.85145,-5.48457,1.059094,16.685286,9.733728,-20.696773,2.236268,0.414422,0.000816,0.354617,0.001229,0.482715,0.001597,0,6.736572,42.747596,-0.024332,-10.6,87.1,2453293.49867,-20.79208,-20.79211,0.04,-9999999,0.469467,-0.133262,0.85659,0.379585,0.981158,0.49,60.0009,16.69535,9.722768,2004-10-14T23:58:07.256,-9999999,G2,072.C-0488(E),Mayor,-9999999,HARPS_ech_obs_all,HARPS_ech_obs_thosimult,STAR_WAVE_G2,1.05432495399667E-05,7.87774305448983E-07,0,0,0
GJ776,301.393935,-67.32316,2453294.486904,1.16453,1.109842,-10479.666731,1.045546,-5.7469,0.783831,-10479.025147,0.649217,-5.712486,0.783962,2.246503,6.480182,-13.860448,1.905297,0.415701,0.00062,0.354308,0.000922,0.49374,0.001199,0,6.736884,42.697123,-0.022299,-10.6,115.2,2453294.4869,-20.747145,-20.747174,0.612,-9999999,0.470771,0.050077,0.785721,0.170813,0.819563,0.51,137.5012,2.268997,6.463746,2004-10-15T23:40:35.089,-9999999,G2,072.C-0488(E),Mayor,-9999999,HARPS_ech_obs_all,HARPS_ech_obs_thosimult,STAR_WAVE_G2,8.3470225451896E-06,6.39985552303367E-07,0,0,0
GJ776,301.393935,-67.32316,2453294.4888556,-2.197746,1.062894,-10482.301214,1.013514,-9.109834,0.715813,-10481.663296,0.596263,-9.062905,0.715982,5.4167,7.192882,-15.508513,1.706552,0.416328,0.000562,0.355548,0.00084,0.491198,0.001087,0,6.7355,42.7233,-0.024747,-10.6,126.5,2453294.48885,-20.748973,-20.749002,0.437,-9999999,0.470773,0.049419,0.78572,0.167145,0.819561,0.51,137.5011,5.436556,7.165459,2004-10-15T23:43:23.716,-9999999,G2,072.C-0488(E),Mayor,-9999999,HARPS_ech_obs_all,HARPS_ech_obs_thosimult,STAR_WAVE_G2,4.798983898435E-06,7.42222662301391E-07,0,0,0
GJ776,301.393935,-67.32316,2453294.4907297,2.313826,1.061375,-10478.598341,1.013296,-4.598894,0.713556,-10477.963942,0.595894,-4.594366,0.713651,6.289452,6.300627,-15.443519,1.601386,0.41725,0.000565,0.354753,0.00084,0.49273,0.001091,0,6.736861,42.71168,-0.026514,-10.6,126.2,2453294.49072,-20.750726,-20.75075,0.325,-9999999,0.470776,0.048787,0.785719,0.163623,0.81956,0.46,137.5009,6.320982,6.286448,2004-10-15T23:46:12.522,-9999999,G2,072.C-0488(E),Mayor,-9999999,HARPS_ech_obs_all,HARPS_ech_obs_thosimult,STAR_WAVE_G2,8.22026127038864E-06,6.34091178657672E-07,0,0,0
GJ776,301.393935,-67.32316,2453294.492764,-1.675397,1.052438,-10481.318668,1.005674,-8.588804,0.700195,-10480.688091,0.582841,-8.585175,0.700353,5.879849,6.479022,-14.152707,1.733113,0.41701,0.00055,0.355221,0.00082,0.493077,0.001065,0,6.734401,42.708026,-0.025535,-10.6,129.4,2453294.49276,-20.752624,-20.752656,0.292,-9999999,0.470778,0.048101,0.785718,0.159799,0.819559,0.51,137.5011,5.906404,6.450107,2004-10-15T23:49:01.429,-9999999,G2,072.C-0488(E),Mayor,-9999999,HARPS_ech_obs_all,HARPS_ech_obs_thosimult,STAR_WAVE_G2,7.95204580298289E-06,8.01318233935452E-07,0,0,0
GJ776,301.393935,-67.32316,2453294.4947114,0.117414,1.05321,-10480.543165,1.007065,-6.79665,0.701356,-10479.916245,0.58524,-6.819209,0.701398,4.336769,6.07786,-17.859102,1.732586,0.417434,0.000555,0.355633,0.000826,0.49471,0.001074,0,6.731425,42.73319,-0.02192,-10.6,128.6,2453294.4947,-20.754437,-20.754461,0.575,-9999999,0.470781,0.047444,0.785717,0.156139,0.819557,0.51,137.5011,4.361091,6.052595,2004-10-15T23:51:49.696,-9999999,G2,072.C-0488(E),Mayor,-9999999,HARPS_ech_obs_all,HARPS_ech_obs_thosimult,STAR_WAVE_G2,7.32299823508594E-06,5.69462145068637E-07,0,0,0
GJ776,301.393935,-67.32316,2453295.5089775,1.025935,0.968147,-10478.553659,1.055674,-6.849449,0.713437,-10479.057245,0.630707,-6.814685,0.713528,9.24052,7.00969,-26.152796,2.062846,0.415883,0.000632,0.356683,0.000942,0.492821,0.00122,0,6.733783,42.824378,-0.027864,-10.6,113.3,2453295.50897,-20.726732,-20.726763,0.256,-9999999,0.472119,-0.913877,0.654459,-0.975705,0.846555,0.5,60.001,9.259084,6.990018,2004-10-17T00:13:08.463,-9999999,G2,072.C-0488(E),Mayor,-9999999,HARPS_ech_obs_all,HARPS_ech_obs_thosimult,STAR_WAVE_G2,7.69175749559922E-06,9.07485132823114E-07,0,0,0
GJ776,301.393935,-67.32316,2453295.5100243,-2.050415,0.96732,-10481.912561,1.052952,-9.926152,0.712315,-10482.418114,0.626141,-9.861165,0.712489,14.740991,6.305036,-30.772975,1.740485,0.415084,0.000622,0.355223,0.000929,0.492277,0.001206,0,6.725163,42.840238,-0.025446,-10.6,114.6,2453295.51001,-20.727671,-20.727694,0.256,-9999999,0.47212,-0.91423,0.654458,-0.977673,0.846555,0.48,60.001,14.752966,6.270797,2004-10-17T00:14:40.113,-9999999,G2,072.C-0488(E),Mayor,-9999999,HARPS_ech_obs_all,HARPS_ech_obs_thosimult,STAR_WAVE_G2,4.51648642596074E-06,8.90264176650063E-07,0,0,0
GJ776,301.393935,-67.32316,2453295.5110945,-2.792043,0.992479,-10484.446831,1.071814,-10.668141,0.746124,-10484.954393,0.657368,-10.657334,0.746335,5.17842,6.77758,-29.365234,1.83505,0.415577,0.000651,0.357101,0.000977,0.493596,0.001266,0,6.728671,42.836258,-0.021877,-10.6,109.3,2453295.51109,-20.728628,-20.728665,0.135,-9999999,0.472122,-0.914591,0.654457,-0.979684,0.846554,0.51,59.996,5.205818,6.74169,2004-10-17T00:16:10.781,-9999999,G2,072.C-0488(E),Mayor,-9999999,HARPS_ech_obs_all,HARPS_ech_obs_thosimult,STAR_WAVE_G2,7.09782621273011E-06,6.17813053243069E-07,0,0,0
GJ776,301.393935,-67.32316,2453295.5121373,1.89423,0.973471,-10478.918629,1.057361,-5.98222,0.720647,-10479.42815,0.63353,-5.928742,0.720776,17.799236,7.116264,-29.669201,1.599426,0.415292,0.000637,0.35534,0.000946,0.491666,0.001228,0,6.73141,42.840048,-0.025241,-10.6,112.5,2453295.51213,-20.729559,-20.729592,0.116,-9999999,0.472123,-0.914943,0.654457,-0.981644,0.846553,0.5,60.0014,17.829261,7.098353,2004-10-17T00:17:41.491,-9999999,G2,072.C-0488(E),Mayor,-9999999,HARPS_ech_obs_all,HARPS_ech_obs_thosimult,STAR_WAVE_G2,8.12206572064922E-06,5.66512983129071E-07,0,0,0
GJ776,301.393935,-67.32316,2453295.5132005,0.556447,0.995466,-10480.494311,1.073347,-7.320362,0.750093,-10481.005829,0.659865,-7.279383,0.750349,16.547975,7.194538,-30.469173,1.844889,0.416291,0.000654,0.357534,0.00098,0.494041,0.00127,0,6.729441,42.844937,-0.024644,-10.6,108.9,2453295.5132,-20.730505,-20.730537,0.154,-9999999,0.472124,-0.915301,0.654456,-0.983642,0.846553,0.51,60.0014,16.576375,7.172617,2004-10-17T00:19:12.750,-9999999,G2,072.C-0488(E),Mayor,-9999999,HARPS_ech_obs_all,HARPS_ech_obs_thosimult,STAR_WAVE_G2,7.94443356726508E-06,7.62788523722433E-07,0,0,0
GJ776,301.393935,-67.32316,2453295.5142509,-2.084135,0.983345,-10482.02227,1.064636,-9.961298,0.733931,-10482.535761,0.6456,-9.913674,0.734091,19.371279,7.090105,-29.755343,1.994233,0.417494,0.000645,0.355317,0.000959,0.49398,0.001247,0,6.728737,42.839766,-0.022515,-10.6,111,2453295.51425,-20.731439,-20.73147,0.132,-9999999,0.472126,-0.915656,0.654455,-0.985617,0.846552,0.5,60.0016,19.395756,7.057719,2004-10-17T00:20:44.119,-9999999,G2,072.C-0488(E),Mayor,-9999999,HARPS_ech_obs_all,HARPS_ech_obs_thosimult,STAR_WAVE_G2,5.42424681865341E-06,8.13333323097035E-07,0,0,0
GJ776,301.393935,-67.32316,2453295.5153007,-3.138018,0.990832,-10483.118281,1.06994,-11.015535,0.743933,-10483.633744,0.654311,-10.996115,0.744056,16.418354,7.850387,-28.146919,1.977661,0.415437,0.000655,0.353168,0.000973,0.492636,0.001267,0,6.730544,42.833047,-0.02846,-10.6,109.2,2453295.51529,-20.732369,-20.732401,0.113,-9999999,0.472127,-0.91601,0.654455,-0.98759,0.846551,0.5,60.0013,16.4323,7.818289,2004-10-17T00:22:14.827,-9999999,G2,072.C-0488(E),Mayor,-9999999,HARPS_ech_obs_all,HARPS_ech_obs_thosimult,STAR_WAVE_G2,9.18626840351672E-06,6.96920700983635E-07,0,0,0
GJ776,301.393935,-67.32316,2453295.5163545,-1.179315,1.024758,-10482.225499,1.091779,-9.057187,0.788555,-10482.742941,0.689444,-9.000174,0.788783,14.581072,8.419228,-27.319157,1.754909,0.416467,0.000682,0.354911,0.001021,0.491184,0.001323,0,6.733134,42.821446,-0.02412,-10.6,104.3,2453295.51634,-20.7333,-20.73333,0.144,-9999999,0.472128,-0.916365,0.654454,-0.98957,0.846551,0.5,60.0006,14.590282,8.39463,2004-10-17T00:23:45.876,-9999999,G2,072.C-0488(E),Mayor,-9999999,HARPS_ech_obs_all,HARPS_ech_obs_thosimult,STAR_WAVE_G2,8.10438737640813E-06,7.08344118825757E-07,0,0,0
GJ776,301.393935,-67.32316,2453295.5174124,3.09321,1.023524,-10477.851017,1.091504,-4.785019,0.786951,-10478.370446,0.689009,-4.802758,0.787267,-0.924198,7.021693,-27.077966,1.966231,0.416292,0.000692,0.356805,0.001032,0.495156,0.00134,0,6.7332,42.835764,-0.02364,-10.6,103.4,2453295.51741,-20.734233,-20.734266,0.126,-9999999,0.47213,-0.916722,0.654453,-0.991559,0.84655,0.51,60.0014,-0.89799,7.009468,2004-10-17T00:25:16.685,-9999999,G2,072.C-0488(E),Mayor,-9999999,HARPS_ech_obs_all,HARPS_ech_obs_thosimult,STAR_WAVE_G2,8.01096824590675E-06,7.8303591927914E-07,0,0,0
GJ776,301.393935,-67.32316,2453295.5184495,0.751383,0.989413,-10480.9,1.067224,-7.127196,0.742044,-10481.421377,0.649862,-7.094068,0.74223,13.450643,6.176412,-27.964282,1.898315,0.416475,0.000638,0.354823,0.000955,0.492939,0.001242,0,6.72895,42.839083,-0.023995,-10.6,111.3,2453295.51844,-20.735145,-20.735169,-0.063,-9999999,0.472131,-0.917072,0.654453,-0.993508,0.84655,0.49,60.0015,13.463196,6.150807,2004-10-17T00:26:47.494,-9999999,G2,072.C-0488(E),Mayor,-9999999,HARPS_ech_obs_all,HARPS_ech_obs_thosimult,STAR_WAVE_G2,1.03108470641496E-05,6.70635856033998E-07,0,0,0
GJ776,301.393935,-67.32316,2453297.5070345,2.771125,1.073556,-10477.842412,0.981757,-5.27369,0.911302,-10477.90866,0.77909,-5.253145,0.911509,12.676665,8.474762,-26.467509,2.006324,0.413911,0.000769,0.355049,0.001153,0.491672,0.001494,0,6.730854,42.79333,-0.020829,-10.6,92.7,2453297.50703,-20.623492,-20.623533,0.35,-9999999,0.474754,-1.083308,0.567495,-0.541002,0.597383,0.5,59.9776,12.696346,8.463268,2004-10-19T00:10:32.481,-9999999,G2,072.C-0488(E),Mayor,-9999999,HARPS_ech_obs_all,HARPS_ech_obs_thosimult,STAR_WAVE_G2,8.59285484525755E-06,8.10175899023936E-07,0,0,0
GJ776,301.393935,-67.32316,2453297.5080846,4.742843,1.085884,-10474.748912,0.990947,-3.302326,0.925794,-10474.817132,0.79064,-3.275461,0.92613,-3.128848,8.394776,-21.905307,1.846776,0.415846,0.000783,0.354276,0.001171,0.492971,0.001521,0,6.733116,42.763568,-0.020376,-10.6,91.3,2453297.50808,-20.624412,-20.624453,0.187,-9999999,0.474755,-1.083662,0.567494,-0.542975,0.597382,0.49,59.9819,-3.109454,8.387762,2004-10-19T00:12:03.810,-9999999,G2,072.C-0488(E),Mayor,-9999999,HARPS_ech_obs_all,HARPS_ech_obs_thosimult,STAR_WAVE_G2,7.36375574091504E-06,9.66672050952683E-07,0,0,0
GJ776,301.393935,-67.32316,2453297.5091454,3.814336,1.043175,-10476.561776,0.959615,-4.231191,0.875309,-10476.631988,0.750997,-4.195718,0.875501,14.620415,9.299848,-22.066005,2.20136,0.415586,0.000741,0.356311,0.001111,0.492699,0.001439,0,6.733346,42.790563,-0.02196,-10.6,96.3,2453297.50914,-20.62534,-20.625371,0.099,-9999999,0.474757,-1.08402,0.567493,-0.544969,0.597381,0.5,59.9817,14.645579,9.290358,2004-10-19T00:13:34.869,-9999999,G2,072.C-0488(E),Mayor,-9999999,HARPS_ech_obs_all,HARPS_ech_obs_thosimult,STAR_WAVE_G2,4.5611878141367E-06,9.2327963976532E-07,0,0,0
GJ776,301.393935,-67.32316,2453297.5102201,4.69453,1.044866,-10477.511404,0.959388,-3.35136,0.877324,-10477.583635,0.750708,-3.323043,0.877513,22.361229,7.779371,-26.944896,2.275087,0.415898,0.000732,0.354676,0.001099,0.492201,0.001427,0,6.732251,42.803322,-0.023097,-10.6,97.1,2453297.51021,-20.626277,-20.626318,0.177,-9999999,0.474758,-1.084382,0.567492,-0.546989,0.59738,0.49,59.9829,22.38328,7.77042,2004-10-19T00:15:08.328,-9999999,G2,072.C-0488(E),Mayor,-9999999,HARPS_ech_obs_all,HARPS_ech_obs_thosimult,STAR_WAVE_G2,8.28640114953405E-06,7.20395247897966E-07,0,0,0
GJ776,301.393935,-67.32316,2453297.51126,3.849272,1.034692,-10477.550105,0.952688,-4.196968,0.865182,-10477.624288,0.742127,-4.132911,0.865358,12.125611,7.960811,-20.88182,2.089116,0.415638,0.000733,0.35533,0.001097,0.492574,0.001422,0,6.739208,42.77796,-0.02434,-10.6,97.5,2453297.51125,-20.627182,-20.627221,0.168,-9999999,0.47476,-1.084733,0.567492,-0.548943,0.597379,0.48,59.9825,12.139179,7.950373,2004-10-19T00:16:38.787,-9999999,G2,072.C-0488(E),Mayor,-9999999,HARPS_ech_obs_all,HARPS_ech_obs_thosimult,STAR_WAVE_G2,8.93342805381873E-06,7.65029669192487E-07,0,0,0
GJ776,301.393935,-67.32316,2453297.5123324,4.052433,1.005167,-10476.654227,0.928046,-3.994169,0.829648,-10476.730425,0.710218,-3.965616,0.829814,-10.43531,6.578737,-23.960801,1.963108,0.417146,0.000693,0.354445,0.001038,0.494464,0.001351,0,6.729534,42.779161,-0.0274,-10.6,102.7,2453297.51233,-20.628112,-20.628153,0.2,-9999999,0.474761,-1.085095,0.567491,-0.550959,0.597378,0.51,59.983,-10.416426,6.569431,2004-10-19T00:18:09.646,-9999999,G2,072.C-0488(E),Mayor,-9999999,HARPS_ech_obs_all,HARPS_ech_obs_thosimult,STAR_WAVE_G2,7.0635201911017E-06,8.79278685497009E-07,0,0,0
GJ776,301.393935,-67.32316,2453297.5133817,3.724551,0.975536,-10477.759275,0.906404,-4.322405,0.793489,-10477.837444,0.681696,-4.297325,0.793662,14.390051,6.273346,-26.391588,2.222981,0.415965,0.000664,0.3564,0.000997,0.492102,0.001292,0,6.729592,42.806212,-0.024025,-10.6,107.2,2453297.51337,-20.62902,-20.629051,0.207,-9999999,0.474762,-1.085449,0.56749,-0.552931,0.597377,0.5,59.9776,14.404332,6.259284,2004-10-19T00:19:40.914,-9999999,G2,072.C-0488(E),Mayor,-9999999,HARPS_ech_obs_all,HARPS_ech_obs_thosimult,STAR_WAVE_G2,7.25975897670226E-06,7.15664044150483E-07,0,0,0
GJ776,301.393935,-67.32316,2453297.5144151,4.322522,0.990342,-10477.121565,0.919355,-3.724783,0.811624,-10477.201674,0.698824,-3.709015,0.811827,17.429675,6.347031,-23.288237,1.897561,0.415321,0.00068,0.35747,0.001025,0.492656,0.001325,0,6.733135,42.783258,-0.02111,-10.6,104.5,2453297.51441,-20.629912,-20.629958,0.371,-9999999,0.474764,-1.085798,0.567489,-0.554873,0.597376,0.47,59.9829,17.456065,6.335746,2004-10-19T00:21:12.003,-9999999,G2,072.C-0488(E),Mayor,-9999999,HARPS_ech_obs_all,HARPS_ech_obs_thosimult,STAR_WAVE_G2,7.56802036196142E-06,7.77499809215276E-07,0,0,0
GJ776,301.393935,-67.32316,2453297.5154787,4.469141,1.016184,-10475.263231,0.9367,-3.578523,0.842963,-10475.345338,0.721491,-3.575411,0.84318,1.577683,8.889533,-24.425603,1.884586,0.415788,0.000709,0.35552,0.001062,0.49469,0.001381,0,6.730215,42.797049,-0.022514,-10.6,100.6,2453297.51548,-20.630828,-20.630872,0.393,-9999999,0.474765,-1.086156,0.567489,-0.556872,0.597376,0.49,59.9827,1.603582,8.882596,2004-10-19T00:22:42.703,-9999999,G2,072.C-0488(E),Mayor,-9999999,HARPS_ech_obs_all,HARPS_ech_obs_thosimult,STAR_WAVE_G2,6.85109112785388E-06,9.43028549980334E-07,0,0,0
GJ776,301.393935,-67.32316,2453297.5165571,3.081168,1.003779,-10478.233127,0.929892,-4.966859,0.827967,-10478.317259,0.712631,-4.895871,0.828114,13.482088,6.970798,-22.012375,2.082711,0.415581,0.000697,0.356865,0.001048,0.493088,0.001358,0,6.733613,42.788293,-0.02801,-10.6,102,2453297.51655,-20.631753,-20.631793,0.192,-9999999,0.474767,-1.08652,0.567488,-0.558899,0.597375,0.49,59.9817,13.496532,6.956975,2004-10-19T00:24:15.881,-9999999,G2,072.C-0488(E),Mayor,-9999999,HARPS_ech_obs_all,HARPS_ech_obs_thosimult,STAR_WAVE_G2,7.94959496502641E-06,8.60616477159703E-07,0,0,0
GJ776,301.393935,-67.32316,2453297.6347935,3.955431,1.337752,-10477.158893,1.196538,-4.132479,1.211447,-10477.465097,1.036787,-4.112803,1.211643,-1.158988,9.979493,-26.971167,2.927054,0.416711,0.001032,0.354287,0.001538,0.49592,0.002,0,6.733865,42.793422,-0.023944,-10.6,70.3,2453297.63479,-20.707894,-20.707935,0.145,-9999999,0.474922,-1.126403,0.56743,-0.781126,0.597308,0.51,59.9826,-1.152331,9.97154,2004-10-19T03:14:31.010,-9999999,G2,072.C-0488(E),Mayor,-9999999,HARPS_ech_obs_all,HARPS_ech_obs_thosimult,STAR_WAVE_G2,2.4065682170681E-06,1.41753566011296E-06,0,0,0
GJ776,301.393935,-67.32316,2453297.6358395,2.610631,1.243359,-10479.344265,1.114573,-5.477632,1.106329,-10479.652433,0.941008,-5.46512,1.106532,12.696238,12.251321,-30.128203,2.440051,0.414261,0.000946,0.353355,0.001408,0.491163,0.001827,0,6.731332,42.816543,-0.019822,-10.6,76.3,2453297.63583,-20.708273,-20.708311,0.283,-9999999,0.474924,-1.126756,0.56743,-0.783092,0.597308,0.5,59.9828,12.703365,12.241982,2004-10-19T03:16:01.990,-9999999,G2,072.C-0488(E),Mayor,-9999999,HARPS_ech_obs_all,HARPS_ech_obs_thosimult,STAR_WAVE_G2,-9999999,-9999999,-9999999,-9999999,-9999999
GJ776,301.393935,-67.32316,2453297.6368941,5.228789,1.330429,-10477.449418,1.174605,-2.85983,1.203356,-10477.759567,1.011396,-2.836281,1.203451,18.743786,9.043144,-28.400494,3.035225,0.413457,0.000963,0.353108,0.001471,0.492962,0.001911,0,6.735186,42.80486,-0.028903,-10.6,73,2453297.63689,-20.708649,-20.708694,0.092,-9999999,0.474925,-1.127112,0.56743,-0.785074,0.597307,0.49,59.9828,18.74829,9.036456,2004-10-19T03:17:33.719,-9999999,G2,072.C-0488(E),Mayor,-9999999,HARPS_ech_obs_all,HARPS_ech_obs_thosimult,STAR_WAVE_G2,-9999999,-9999999,-9999999,-9999999,-9999999
GJ776,301.393935,-67.32316,2453297.6379493,5.608988,1.381765,-10474.679767,1.214771,-2.479987,1.25988,-10474.991897,1.057777,-2.393032,1.260035,20.963991,12.412276,-33.418,3.083099,0.415323,0.000998,0.360106,0.001546,0.496349,0.001995,0,6.731257,42.858143,-0.028484,-10.6,70.4,2453297.63795,-20.709018,-20.709061,0.178,-9999999,0.474927,-1.127468,0.56743,-0.787057,0.597307,0.48,59.9829,20.967873,12.407553,2004-10-19T03:19:05.488,-9999999,G2,072.C-0488(E),Mayor,-9999999,HARPS_ech_obs_all,HARPS_ech_obs_thosimult,STAR_WAVE_G2,6.57497754204807E-06,1.26141450531167E-06,0,0,0
GJ776,301.393935,-67.32316,2453297.6390192,6.607633,1.25581,-10474.437185,1.123827,-1.481703,1.120305,-10474.751325,0.951951,-1.448003,1.120451,19.599445,10.307016,-22.599384,2.537595,0.413401,0.000953,0.351267,0.001417,0.492477,0.001845,0,6.735101,42.798695,-0.022783,-10.6,75.6,2453297.63901,-20.709387,-20.709427,0.252,-9999999,0.474928,-1.127829,0.567429,-0.789068,0.597307,0.5,59.9829,19.613609,10.303953,2004-10-19T03:20:36.737,-9999999,G2,072.C-0488(E),Mayor,-9999999,HARPS_ech_obs_all,HARPS_ech_obs_thosimult,STAR_WAVE_G2,5.64142868207834E-06,1.08227078282702E-06,0,0,0
GJ776,301.393935,-67.32316,2453297.6400761,2.636052,1.32151,-10478.028623,1.176223,-5.45364,1.193488,-10478.344748,1.013275,-5.420979,1.193837,12.374183,10.4086,-25.850619,2.784912,0.415597,0.001003,0.355114,0.001504,0.491449,0.001946,0,6.735271,42.824603,-0.023822,-10.6,71.8,2453297.64008,-20.709744,-20.709786,0.207,-9999999,0.474929,-1.128185,0.567429,-0.791054,0.597306,0.5,59.983,12.389491,10.398316,2004-10-19T03:22:08.055,-9999999,G2,072.C-0488(E),Mayor,-9999999,HARPS_ech_obs_all,HARPS_ech_obs_thosimult,STAR_WAVE_G2,5.35405972461962E-06,1.43896849526671E-06,0,0,0
GJ776,301.393935,-67.32316,2453297.6411131,4.424569,1.471966,-10477.497929,1.304508,-3.665473,1.3582,-10477.816002,1.159727,-3.610823,1.35845,8.32919,11.544666,-31.98431,3.35864,0.415647,0.001106,0.358203,0.001685,0.493259,0.002171,0,6.737509,42.821791,-0.026693,-10.6,64.7,2453297.64111,-20.710089,-20.710131,0.153,-9999999,0.474931,-1.128535,0.567429,-0.793004,0.597306,0.47,59.9823,8.336879,11.537853,2004-10-19T03:23:39.465,-9999999,G2,072.C-0488(E),Mayor,-9999999,HARPS_ech_obs_all,HARPS_ech_obs_thosimult,STAR_WAVE_G2,8.83495099135114E-06,1.04278577920558E-06,0,0,0
GJ776,301.393935,-67.32316,2453297.6422385,4.310046,1.333832,-10477.034423,1.184586,-3.780376,1.207118,-10477.35461,1.022971,-3.745841,1.207354,11.140475,11.065147,-23.24989,3.132039,0.415321,0.000998,0.355314,0.001508,0.492136,0.001953,0,6.73695,42.805702,-0.025482,-10.6,71.6,2453297.64223,-20.710456,-20.710496,0.042,-9999999,0.474932,-1.128915,0.567429,-0.795119,0.597306,0.51,59.9779,11.133726,11.057343,2004-10-19T03:25:14.303,-9999999,G2,072.C-0488(E),Mayor,-9999999,HARPS_ech_obs_all,HARPS_ech_obs_thosimult,STAR_WAVE_G2,6.54877996686778E-06,1.1342135274276E-06,0,0,0
GJ776,301.393935,-67.32316,2453297.6433046,5.906312,1.29698,-10474.984943,1.145912,-2.184469,1.166268,-10475.307131,0.977927,-2.169374,1.166577,0.241208,9.877336,-23.598151,2.492296,0.414887,0.000954,0.353996,0.001441,0.4928,0.001872,0,6.730466,42.805538,-0.023632,-10.6,74.6,2453297.6433,-20.710797,-20.710839,0.231,-9999999,0.474934,-1.129274,0.567428,-0.797122,0.597306,0.52,59.9819,0.264055,9.873705,2004-10-19T03:26:45.822,-9999999,G2,072.C-0488(E),Mayor,-9999999,HARPS_ech_obs_all,HARPS_ech_obs_thosimult,STAR_WAVE_G2,8.62249913988954E-06,9.95037388083174E-07,0,0,0
GJ776,301.393935,-67.32316,2453297.6443513,7.455876,1.488558,-10474.009887,1.300976,-0.635258,1.376165,-10474.334042,1.155753,-0.584116,1.376306,10.528076,13.183861,-32.072569,3.374365,0.413966,0.00106,0.35352,0.001643,0.49351,0.002131,0,6.730469,42.839657,-0.021622,-10.6,65.7,2453297.64435,-20.711125,-20.711165,0.103,-9999999,0.474935,-1.129627,0.567428,-0.79909,0.597305,0.51,59.9827,10.540439,13.182473,2004-10-19T03:28:16.861,-9999999,G2,072.C-0488(E),Mayor,-9999999,HARPS_ech_obs_all,HARPS_ech_obs_thosimult,STAR_WAVE_G2,1.98309558464843E-06,1.94775906842687E-06,0,0,0
GJ776,301.393935,-67.32316,2453298.5146959,6.694749,1.173514,-10475.374937,1.178973,-0.940541,0.983183,-10474.773429,0.810843,-0.899565,0.983331,-8.635582,9.58795,-21.713562,2.058916,0.415849,0.000744,0.354125,0.001143,0.489955,0.001479,0,6.736451,42.775747,-0.02226,-10.6,93.2,2453298.51469,-20.569651,-20.569695,0.074,-9999999,0.476083,-0.673783,0.640692,0.125425,0.855869,0.46,59.9827,-8.611384,9.587017,2004-10-20T00:21:42.783,-9999999,G2,072.C-0488(E),Mayor,-9999999,HARPS_ech_obs_all,HARPS_ech_obs_thosimult,STAR_WAVE_G2,1.14610930304878E-05,8.47419317266665E-07,0,0,0
GJ776,301.393935,-67.32316,2453298.5158077,12.134686,1.26149,-10469.73806,1.235815,4.499021,1.086679,-10469.13864,0.891476,4.526054,1.086997,-21.010865,8.612384,-20.793131,2.496337,0.416114,0.000826,0.354017,0.001267,0.493384,0.001645,0,6.735163,42.79017,-0.026245,-10.6,84.3,2453298.5158,-20.570593,-20.570644,0.306,-9999999,0.476084,-0.674158,0.640691,0.123336,0.855868,0.54,59.9825,-21.004582,8.622716,2004-10-20T00:23:14.052,-9999999,G2,072.C-0488(E),Mayor,-9999999,HARPS_ech_obs_all,HARPS_ech_obs_thosimult,STAR_WAVE_G2,9.25931798726817E-06,9.70011538701715E-07,0,0,0
GJ776,301.393935,-67.32316,2453298.5168298,2.370239,1.071019,-10477.969485,1.121431,-5.265771,0.858253,-10477.371984,0.724636,-5.242211,0.858426,9.42886,7.422534,-21.557894,2.160739,0.41528,0.000689,0.355978,0.001041,0.493649,0.00135,0,6.734848,42.76087,-0.022003,-10.6,102.5,2453298.51682,-20.571456,-20.571502,0.205,-9999999,0.476086,-0.674503,0.64069,0.121415,0.855868,0.49,59.9835,9.459862,7.408874,2004-10-20T00:24:45.371,-9999999,G2,072.C-0488(E),Mayor,-9999999,HARPS_ech_obs_all,HARPS_ech_obs_thosimult,STAR_WAVE_G2,8.47431784808993E-06,8.80225566373609E-07,0,0,0
GJ776,301.393935,-67.32316,2453298.5178644,3.080891,1.117744,-10477.984573,1.158212,-4.555468,0.915897,-10477.389016,0.78035,-4.53875,0.916027,14.899044,8.683311,-10.804015,2.328927,0.414514,0.000825,0.356642,0.001197,0.492779,0.001548,0,6.740768,42.713347,-0.024167,-10.6,89.9,2453298.51786,-20.572328,-20.572377,0.112,-9999999,0.476087,-0.674852,0.64069,0.11947,0.855867,0.46,59.9778,14.892303,8.672494,2004-10-20T00:26:16.569,-9999999,G2,072.C-0488(E),Mayor,-9999999,HARPS_ech_obs_all,HARPS_ech_obs_thosimult,STAR_WAVE_G2,1.02614079865514E-05,7.37450635287044E-07,0,0,0
GJ776,301.393935,-67.32316,2453298.51895,1.509716,1.049732,-10479.370056,1.107641,-6.127009,0.831538,-10478.776537,0.703108,-6.140265,0.831889,-1.559424,6.907026,-23.957048,1.561123,0.416019,0.000665,0.353741,0.001003,0.491786,0.001303,0,6.732487,42.77091,-0.022241,-10.6,105.9,2453298.51894,-20.573239,-20.573278,0.144,-9999999,0.476089,-0.675218,0.640689,0.11743,0.855866,0.5,59.9831,-1.535836,6.889654,2004-10-20T00:27:47.968,-9999999,G2,072.C-0488(E),Mayor,-9999999,HARPS_ech_obs_all,HARPS_ech_obs_thosimult,STAR_WAVE_G2,9.99440691092444E-06,6.87711441289249E-07,0,0,0
GJ776,301.393935,-67.32316,2453298.5200082,2.019295,1.036887,-10479.652152,1.10177,-5.617787,0.815263,-10479.060621,0.693823,-5.600879,0.815575,3.00806,7.568393,-21.607357,1.854228,0.415962,0.000658,0.355992,0.000993,0.493636,0.001288,0,6.734522,42.761125,-0.025141,-10.6,107.4,2453298.52,-20.574125,-20.574177,0.14,-9999999,0.47609,-0.675575,0.640688,0.115441,0.855866,0.5,59.9829,3.046278,7.554664,2004-10-20T00:29:19.398,-9999999,G2,072.C-0488(E),Mayor,-9999999,HARPS_ech_obs_all,HARPS_ech_obs_thosimult,STAR_WAVE_G2,6.43676276306005E-06,8.1294738858171E-07,0,0,0
GJ776,301.393935,-67.32316,2453298.5210537,3.463485,1.021683,-10477.801879,1.092154,-4.17395,0.795836,-10477.212312,0.678451,-4.140297,0.796055,7.735127,6.678098,-20.513967,1.610111,0.414054,0.000658,0.355678,0.000983,0.491791,0.001274,0,6.734224,42.745588,-0.025591,-10.6,108.4,2453298.52105,-20.574997,-20.575044,0.132,-9999999,0.476091,-0.675927,0.640688,0.113476,0.855865,0.5,59.9828,7.743852,6.666323,2004-10-20T00:30:49.736,-9999999,G2,072.C-0488(E),Mayor,-9999999,HARPS_ech_obs_all,HARPS_ech_obs_thosimult,STAR_WAVE_G2,8.80678805755068E-06,7.67626610529694E-07,0,0,0
GJ776,301.393935,-67.32316,2453298.5221324,2.464055,1.063172,-10478.534513,1.12135,-5.173743,0.848442,-10477.946972,0.724514,-5.153649,0.848659,17.274838,8.472244,-20.400836,1.906841,0.415705,0.00073,0.35634,0.001077,0.492004,0.001393,0,6.737077,42.749769,-0.02188,-10.6,99.4,2453298.52212,-20.575894,-20.575936,0.11,-9999999,0.476093,-0.676291,0.640687,0.111448,0.855865,0.53,59.9824,17.301607,8.458435,2004-10-20T00:32:21.145,-9999999,G2,072.C-0488(E),Mayor,-9999999,HARPS_ech_obs_all,HARPS_ech_obs_thosimult,STAR_WAVE_G2,7.81619680855209E-06,7.49808968687576E-07,0,0,0
GJ776,301.393935,-67.32316,2453298.5231907,2.51205,1.032884,-10477.819196,1.100816,-5.126105,0.810167,-10477.233643,0.692309,-5.084437,0.810355,9.909474,8.074199,-18.870227,2.031682,0.416151,0.000684,0.355109,0.001012,0.490625,0.001309,0,6.735038,42.759144,-0.022561,-10.6,105.5,2453298.52319,-20.576771,-20.576816,0.2,-9999999,0.476094,-0.676648,0.640686,0.109459,0.855864,0.49,59.9827,9.925763,8.061939,2004-10-20T00:33:54.984,-9999999,G2,072.C-0488(E),Mayor,-9999999,HARPS_ech_obs_all,HARPS_ech_obs_thosimult,STAR_WAVE_G2,7.13475046578866E-06,8.6759711115051E-07,0,0,0
GJ776,301.393935,-67.32316,2453298.5242425,3.218783,1.027485,-10478.934436,1.09658,-4.419727,0.803273,-10478.350858,0.685555,-4.376394,0.80344,17.945027,7.346618,-20.342284,2.108031,0.415867,0.000659,0.353308,0.000984,0.493039,0.001281,0,6.732077,42.7778,-0.023246,-10.6,107.8,2453298.52424,-20.57764,-20.577694,0.017,-9999999,0.476096,-0.677003,0.640686,0.107482,0.855863,0.49,59.9779,17.96576,7.334129,2004-10-20T00:35:25.874,-9999999,G2,072.C-0488(E),Mayor,-9999999,HARPS_ech_obs_all,HARPS_ech_obs_thosimult,STAR_WAVE_G2,6.30699967263708E-06,8.55892438610538E-07,0,0,0
GJ776,301.393935,-67.32316,2453298.614924,4.573413,1.035649,-10476.141381,1.10456,-3.095686,0.813722,-10475.72812,0.698294,-3.064731,0.813956,4.546891,6.335206,-20.810669,2.00999,0.415123,0.0007,0.353037,0.001026,0.490934,0.001333,0,6.733874,42.764448,-0.024725,-10.6,103.7,2453298.61492,-20.637325,-20.637372,0.04,-9999999,0.476215,-0.707591,0.640645,-0.062954,0.855826,0.5,59.9829,4.562515,6.325795,2004-10-20T02:46:00.690,-9999999,G2,072.C-0488(E),Mayor,-9999999,HARPS_ech_obs_all,HARPS_ech_obs_thosimult,STAR_WAVE_G2,8.15531907001027E-06,8.17623010824213E-07,0,0,0
GJ776,301.393935,-67.32316,2453298.6159516,-1.217765,1.124194,-10482.768485,1.154487,-8.88721,0.923789,-10482.357154,0.774857,-8.853546,0.9239,3.821314,8.895944,-19.854095,2.152665,0.4158,0.000754,0.354057,0.001125,0.49264,0.00146,0,6.734857,42.752019,-0.021647,-10.6,94.8,2453298.61595,-20.637786,-20.637833,0.123,-9999999,0.476217,-0.707938,0.640645,-0.064886,0.855826,0.47,59.983,3.837078,8.875095,2004-10-20T02:47:31.278,-9999999,G2,072.C-0488(E),Mayor,-9999999,HARPS_ech_obs_all,HARPS_ech_obs_thosimult,STAR_WAVE_G2,8.29781657870261E-06,9.15809459965825E-07,0,0,0
GJ776,301.393935,-67.32316,2453298.6170511,2.205447,1.159338,-10479.283936,1.175825,-5.464369,0.96625,-10478.87467,0.806305,-5.425279,0.966467,7.520248,8.25327,-21.512615,1.987026,0.415272,0.000773,0.353529,0.001165,0.494248,0.001516,0,6.737766,42.77122,-0.022163,-10.6,91.4,2453298.61705,-20.638274,-20.63832,0.051,-9999999,0.476218,-0.708309,0.640644,-0.066952,0.855825,0.49,59.983,7.544215,8.240839,2004-10-20T02:49:05.078,-9999999,G2,072.C-0488(E),Mayor,-9999999,HARPS_ech_obs_all,HARPS_ech_obs_thosimult,STAR_WAVE_G2,6.63998748020783E-06,9.00969857677632E-07,0,0,0
GJ776,301.393935,-67.32316,2453298.6181079,4.818212,1.190896,-10476.819726,1.199571,-2.851961,1.003897,-10476.412445,0.840556,-2.799593,1.004072,-0.912256,8.196879,-19.587149,2.115146,0.416395,0.000833,0.353794,0.001237,0.492349,0.001606,0,6.7326,42.756963,-0.021173,-10.6,86.4,2453298.6181,-20.638737,-20.638786,0.144,-9999999,0.476219,-0.708665,0.640644,-0.068938,0.855825,0.49,59.9827,-0.891177,8.190556,2004-10-20T02:50:36.396,-9999999,G2,072.C-0488(E),Mayor,-9999999,HARPS_ech_obs_all,HARPS_ech_obs_thosimult,STAR_WAVE_G2,5.98640227418625E-06,1.07793736716588E-06,0,0,0
GJ776,301.393935,-67.32316,2453298.6191552,4.687069,1.239288,-10475.989563,1.232753,-2.983457,1.060854,-10475.584249,0.887268,-2.929116,1.061085,23.531483,7.684697,-17.901441,2.536704,0.414704,0.000885,0.356948,0.001319,0.49251,0.001704,0,6.743189,42.757615,-0.021771,-10.6,81.6,2453298.61915,-20.63919,-20.639239,-0.081,-9999999,0.476221,-0.709019,0.640644,-0.070907,0.855825,0.48,59.9828,23.543615,7.676709,2004-10-20T02:52:07.485,-9999999,G2,072.C-0488(E),Mayor,-9999999,HARPS_ech_obs_all,HARPS_ech_obs_thosimult,STAR_WAVE_G2,7.32545182692757E-06,1.16507152425925E-06,0,0,0
GJ776,301.393935,-67.32316,2453298.6202206,2.335285,1.480112,-10479.454421,1.421469,-5.3356,1.334282,-10479.051108,1.134962,-5.239669,1.334606,20.867193,12.683633,-22.02032,3.205187,0.412537,0.00111,0.352722,0.001647,0.488982,0.002127,0,6.743848,42.78002,-0.020979,-10.6,65.5,2453298.62022,-20.639644,-20.639692,-0.058,-9999999,0.476222,-0.709378,0.640643,-0.072909,0.855825,0.5,59.9779,20.883238,12.674141,2004-10-20T02:53:38.344,-9999999,G2,072.C-0488(E),Mayor,-9999999,HARPS_ech_obs_all,HARPS_ech_obs_thosimult,STAR_WAVE_G2,1.08272967785047E-05,1.16927135150489E-06,0,0,0
GJ776,301.393935,-67.32316,2453298.6213362,5.014748,1.385092,-10477.080249,1.31902,-2.656514,1.22803,-10476.679031,1.003683,-2.571546,1.228337,13.760816,11.465714,-22.233788,2.872941,0.414865,0.000932,0.353737,0.001434,0.49211,0.001859,0,6.73498,42.783557,-0.019426,-10.6,74.8,2453298.62133,-20.640114,-20.640164,0.234,-9999999,0.476224,-0.709754,0.640643,-0.075006,0.855824,0.58,59.9828,13.785283,11.460982,2004-10-20T02:55:09.943,-9999999,G2,072.C-0488(E),Mayor,-9999999,HARPS_ech_obs_all,HARPS_ech_obs_thosimult,STAR_WAVE_G2,1.03565154254848E-05,1.02381740894845E-06,0,0,0
GJ776,301.393935,-67.32316,2453298.6223081,5.223379,1.378169,-10475.620585,1.326127,-2.44821,1.220216,-10475.221193,1.013005,-2.428901,1.220313,20.694352,11.451796,-24.366143,3.70117,0.414667,0.000985,0.351289,0.001474,0.489428,0.001913,0,6.738204,42.79245,-0.030491,-10.6,72.7,2453298.6223,-20.640517,-20.640566,0.094,-9999999,0.476225,-0.710082,0.640643,-0.076833,0.855824,0.46,59.9815,20.703684,11.447072,2004-10-20T02:56:41.112,-9999999,G2,072.C-0488(E),Mayor,-9999999,HARPS_ech_obs_all,HARPS_ech_obs_thosimult,STAR_WAVE_G2,3.29964568474659E-06,1.46821933883671E-06,0,0,0
GJ776,301.393935,-67.32316,2453298.6234179,2.967831,1.406493,-10478.740876,1.361251,-4.704133,1.252118,-10478.343569,1.05857,-4.712285,1.252334,22.836544,10.327412,-23.140082,3.45617,0.414868,0.001055,0.355888,0.001567,0.496997,0.002036,0,6.733507,42.790611,-0.020148,-10.6,69.2,2453298.62341,-20.640972,-20.64102,0.09,-9999999,0.476226,-0.710457,0.640642,-0.078919,0.855824,0.53,59.9827,22.861714,10.316338,2004-10-20T02:58:12.811,-9999999,G2,072.C-0488(E),Mayor,-9999999,HARPS_ech_obs_all,HARPS_ech_obs_thosimult,STAR_WAVE_G2,8.82341821002708E-06,1.13823667549534E-06,0,0,0
GJ776,301.393935,-67.32316,2453298.624452,0.178462,1.397432,-10481.470226,1.347121,-7.493851,1.241932,-10481.07486,1.040337,-7.468466,1.242133,16.006722,11.00685,-18.829994,2.813317,0.413089,0.001013,0.352799,0.001514,0.492804,0.001968,0,6.742478,42.759348,-0.026298,-10.6,71,2453298.62444,-20.641389,-20.641434,0.033,-9999999,0.476228,-0.710805,0.640642,-0.080862,0.855824,0.51,59.9836,16.016452,10.991822,2004-10-20T02:59:43.360,-9999999,G2,072.C-0488(E),Mayor,-9999999,HARPS_ech_obs_all,HARPS_ech_obs_thosimult,STAR_WAVE_G2,6.47203883832934E-06,1.19057188686982E-06,0,0,0
GJ776,301.393935,-67.32316,2453308.5096033,-2.2789,1.004766,-10484.167157,1.0785,-10.50026,0.525184,-10483.602426,0.447775,-10.528313,0.525326,19.266782,4.3815,-21.1907,1.492976,0.410255,0.000432,0.355154,0.000637,0.492818,0.000828,0,6.731244,42.747302,-0.022843,-10.6,166.2,2453308.5096,-19.636619,-19.636719,0.119,-9999999,0.489265,-1.259853,0.856584,0.075466,0.981152,0.49,149.9832,19.291286,4.324506,2004-10-30T00:14:34.733,-9999999,G2,072.C-0488(E),Mayor,-9999999,HARPS_ech_obs_all,HARPS_ech_obs_thosimult,STAR_WAVE_G2,7.88607157257668E-06,4.60361167688425E-07,0,0,0
GJ776,301.393935,-67.32316,2453308.5116872,-3.085324,1.023709,-10484.315056,1.091911,-11.307387,0.560576,-10483.754239,0.479179,-11.293331,0.560675,16.845308,4.778789,-16.754202,1.560103,0.410577,0.000458,0.356469,0.00068,0.49411,0.000883,0,6.733699,42.728926,-0.023323,-10.6,156,2453308.51168,-19.63813,-19.638224,0.078,-9999999,0.489268,-1.260556,0.856583,0.071549,0.981151,0.49,149.9834,16.871151,4.721241,2004-10-30T00:17:34.791,-9999999,G2,072.C-0488(E),Mayor,-9999999,HARPS_ech_obs_all,HARPS_ech_obs_thosimult,STAR_WAVE_G2,8.30810879462472E-06,4.99661339719297E-07,0,0,0
GJ776,301.393935,-67.32316,2453308.5137445,-2.70707,1.049806,-10484.39482,1.11039,-10.929827,0.606927,-10483.837866,0.519915,-10.898181,0.607028,18.273929,5.255995,-16.226303,1.616448,0.410148,0.000505,0.355686,0.000745,0.493698,0.000968,0,6.733991,42.725036,-0.019671,-10.6,142.6,2453308.51374,-19.639608,-19.639709,-0.02,-9999999,0.489271,-1.26125,0.856582,0.067683,0.98115,0.47,149.9823,18.295629,5.207687,2004-10-30T00:20:35.560,-9999999,G2,072.C-0488(E),Mayor,-9999999,HARPS_ech_obs_all,HARPS_ech_obs_thosimult,STAR_WAVE_G2,9.64722730139047E-06,6.16129168190431E-07,0,0,0
GJ776,301.393935,-67.32316,2453308.5159186,-4.868365,1.04702,-10486.571061,1.107786,-13.091855,0.602096,-10486.018191,0.514331,-13.051922,0.602325,8.05515,6.328649,-18.856639,1.360925,0.410598,0.000483,0.356478,0.000723,0.494389,0.000939,0,6.731857,42.731041,-0.018868,-10.6,146.9,2453308.51591,-19.641154,-19.641244,0.033,-9999999,0.489274,-1.261983,0.856581,0.063596,0.981148,0.52,149.9825,8.08957,6.280548,2004-10-30T00:23:35.917,-9999999,G2,072.C-0488(E),Mayor,-9999999,HARPS_ech_obs_all,HARPS_ech_obs_thosimult,STAR_WAVE_G2,7.47771882821926E-06,5.70379496063732E-07,0,0,0
GJ776,301.393935,-67.32316,2453308.5179299,-1.25076,1.046219,-10482.802043,1.108689,-9.474929,0.600704,-10482.252951,0.516275,-9.449421,0.600805,10.324507,5.875297,-17.020837,1.41976,0.414514,0.0005,0.35664,0.000739,0.492922,0.000958,0,6.733114,42.726633,-0.022068,-10.6,144,2453308.51792,-19.642571,-19.642667,0.121,-9999999,0.489276,-1.262662,0.85658,0.059816,0.981147,0.47,149.9834,10.335858,5.83852,2004-10-30T00:26:37.196,-9999999,G2,072.C-0488(E),Mayor,-9999999,HARPS_ech_obs_all,HARPS_ech_obs_thosimult,STAR_WAVE_G2,5.40463084479835E-06,5.10181425617113E-07,0,0,0
GJ776,301.393935,-67.32316,2453309.5156871,-3.585782,0.787411,-10484.547995,0.689396,-12.96693,0.463754,-10485.213933,0.39086,-12.947132,0.463925,13.689793,4.147835,-15.86463,1.567238,0.413758,0.000372,0.363674,0.000548,0.493943,0.000713,0,6.738705,42.716007,-0.023409,-10.6,192.8,2453309.51568,-19.516696,-19.516798,0.116,-9999999,0.490592,-2.419641,0.636355,-1.15653,0.567886,0.49,180.0023,13.713548,4.071822,2004-10-31T00:23:11.323,-9999999,G2,072.C-0488(E),Mayor,-9999999,HARPS_ech_obs_all,HARPS_ech_obs_thosimult,STAR_WAVE_G2,7.87338729074885E-06,4.11071061705493E-07,0,0,0
GJ776,301.393935,-67.32316,2453309.5181188,-3.375559,0.808941,-10485.242594,0.706128,-12.757527,0.499439,-10485.913099,0.419672,-12.730409,0.499676,4.207613,4.172594,-18.819313,1.589296,0.413359,0.000385,0.364552,0.000578,0.493151,0.000751,0,6.733125,42.731922,-0.023941,-10.6,182.7,2453309.51811,-19.518371,-19.518467,0.143,-9999999,0.490596,-2.420461,0.636354,-1.161101,0.567884,0.49,180.002,4.233353,4.100772,2004-10-31T00:26:41.434,-9999999,G2,072.C-0488(E),Mayor,-9999999,HARPS_ech_obs_all,HARPS_ech_obs_thosimult,STAR_WAVE_G2,7.38758187367647E-06,5.55393019298906E-07,0,0,0
GJ776,301.393935,-67.32316,2453309.5205387,-5.59956,0.816473,-10487.119118,0.714205,-14.982344,0.511551,-10487.794168,0.433127,-14.952527,0.511838,5.201673,4.720544,-14.145265,1.386007,0.413519,0.000402,0.364015,0.000601,0.494297,0.000781,0,6.735275,42.711915,-0.02344,-10.6,176,2453309.52053,-19.520018,-19.520117,0.144,-9999999,0.490599,-2.421277,0.636352,-1.165649,0.567882,0.48,180.0021,5.214211,4.643535,2004-10-31T00:30:12.324,-9999999,G2,072.C-0488(E),Mayor,-9999999,HARPS_ech_obs_all,HARPS_ech_obs_thosimult,STAR_WAVE_G2,8.78319140105045E-06,4.78391277357291E-07,0,0,0
GJ776,301.393935,-67.32316,2453309.5230034,-4.14985,0.804757,-10485.991625,0.70305,-13.533466,0.492638,-10486.671305,0.414478,-13.48878,0.492776,7.418893,4.501321,-17.170287,1.461806,0.413571,0.000384,0.363403,0.000574,0.495,0.000747,0,6.733206,42.716484,-0.025071,-10.6,184.2,2453309.523,-19.521673,-19.521776,0.038,-9999999,0.490602,-2.422109,0.636351,-1.170282,0.56788,0.49,180.0019,7.438016,4.431026,2004-10-31T00:33:43.485,-9999999,G2,072.C-0488(E),Mayor,-9999999,HARPS_ech_obs_all,HARPS_ech_obs_thosimult,STAR_WAVE_G2,8.30210212684507E-06,4.74059824838483E-07,0,0,0
GJ776,301.393935,-67.32316,2453311.5322417,-5.925845,0.917859,-10488.037574,1.033019,-14.378435,0.413031,-10487.55493,0.323252,-14.329716,0.413269,28.177259,3.584285,-15.37818,1.119888,0.413454,0.000327,0.355379,0.000477,0.484864,0.000621,0,6.728832,42.717546,-0.024978,-10.6,222.1,2453311.53224,-19.261189,-19.261302,0.305,-9999999,0.493252,-1.491083,0.819677,-0.010608,0.981141,0.51,200.0015,28.193745,3.471602,2004-11-02T00:46:59.051,-9999999,G2,072.C-0488(E),Mayor,-9999999,HARPS_ech_obs_all,HARPS_ech_obs_thosimult,STAR_WAVE_G2,8.68711930247325E-06,3.34623279692398E-07,0,0,0
GJ776,301.393935,-67.32316,2453311.5348659,-3.105247,0.91913,-10484.957626,1.034201,-11.558722,0.415849,-10484.479912,0.327014,-11.514506,0.416071,26.112825,4.249475,-16.844273,1.267766,0.414283,0.000323,0.355415,0.000475,0.486051,0.000621,0,6.727369,42.726821,-0.024126,-10.6,222.5,2453311.53486,-19.262743,-19.262846,0.295,-9999999,0.493255,-1.491968,0.819676,-0.015541,0.981139,0.49,199.9961,26.131713,4.176346,2004-11-02T00:50:49.803,-9999999,G2,072.C-0488(E),Mayor,-9999999,HARPS_ech_obs_all,HARPS_ech_obs_thosimult,STAR_WAVE_G2,7.02197650895886E-06,4.30577245779743E-07,0,0,0
GJ776,301.393935,-67.32316,2453311.5375583,-3.867482,0.92283,-10485.705933,1.036239,-12.321866,0.423967,-10485.233275,0.333404,-12.304053,0.424216,17.94246,4.607153,-16.07623,1.275514,0.413595,0.000327,0.355766,0.000483,0.484982,0.00063,0,6.725722,42.721197,-0.025673,-10.6,219,2453311.53755,-19.264307,-19.264416,0.24,-9999999,0.493259,-1.492876,0.819675,-0.020601,0.981138,0.5,200.0013,17.961597,4.53986,2004-11-02T00:54:40.436,-9999999,G2,072.C-0488(E),Mayor,-9999999,HARPS_ech_obs_all,HARPS_ech_obs_thosimult,STAR_WAVE_G2,9.1364074613549E-06,3.59079937192997E-07,0,0,0
GJ776,301.393935,-67.32316,2453311.5402459,-5.173863,0.922029,-10486.901705,1.035485,-13.629153,0.422223,-10486.434094,0.331058,-13.603353,0.422399,12.188219,4.280809,-17.220726,1.496164,0.413731,0.000317,0.354589,0.000473,0.485673,0.000618,0,6.726494,42.726854,-0.024443,-10.6,223.1,2453311.54024,-19.265837,-19.265948,0.375,-9999999,0.493263,-1.493783,0.819674,-0.025652,0.981137,0.51,200.0013,12.207786,4.199251,2004-11-02T00:58:30.658,-9999999,G2,072.C-0488(E),Mayor,-9999999,HARPS_ech_obs_all,HARPS_ech_obs_thosimult,STAR_WAVE_G2,8.17748919966654E-06,4.03758598511489E-07,0,0,0
GJ776,301.393935,-67.32316,2453311.5428667,-3.128925,0.920043,-10484.765766,1.035413,-11.585099,0.41787,-10484.303078,0.330835,-11.564322,0.418065,14.91211,4.626546,-13.47768,1.227027,0.413612,0.000333,0.355658,0.000487,0.48491,0.000634,0,6.727329,42.714836,-0.023168,-10.6,217.5,2453311.54287,-19.2673,-19.267408,0.445,-9999999,0.493266,-1.494667,0.819673,-0.030578,0.981136,0.49,200.001,14.928596,4.561263,2004-11-02T01:02:21.111,-9999999,G2,072.C-0488(E),Mayor,-9999999,HARPS_ech_obs_all,HARPS_ech_obs_thosimult,STAR_WAVE_G2,9.17316971216943E-06,3.64388532309123E-07,0,0,0
GJ776,301.393935,-67.32316,2453312.5608492,-0.122603,1.003378,-10481.450777,1.066891,-8.515098,0.52256,-10481.24443,0.419098,-8.487603,0.522699,6.908898,4.68667,-14.328658,1.384207,0.413918,0.000402,0.355256,0.0006,0.495674,0.000782,0,6.731895,42.715698,-0.02521,-10.6,176.2,2453312.56084,-19.13394,-19.134053,-0.083,-9999999,0.494609,-1.430987,0.856562,-0.288262,0.981128,0.58,280.0004,6.922291,4.64519,2004-11-03T01:27:15.996,-9999999,G2,072.C-0488(E),Mayor,-9999999,HARPS_ech_obs_all,HARPS_ech_obs_thosimult,STAR_WAVE_G2,6.85075885331766E-06,4.70747175893743E-07,0,0,0
GJ776,301.393935,-67.32316,2453312.5642879,-2.082024,0.99303,-10483.745697,1.059783,-10.475679,0.502405,-10483.54581,0.400662,-10.451469,0.502485,14.358032,5.428833,-13.772327,1.522046,0.413343,0.000382,0.355121,0.000572,0.495249,0.000745,0,6.730287,42.716958,-0.025789,-10.6,184.9,2453312.56428,-19.135452,-19.135566,0.007,-9999999,0.494613,-1.432147,0.856561,-0.294726,0.981127,0.53,279.9998,14.380262,5.383904,2004-11-03T01:32:27.117,-9999999,G2,072.C-0488(E),Mayor,-9999999,HARPS_ech_obs_all,HARPS_ech_obs_thosimult,STAR_WAVE_G2,7.40584956945839E-06,4.78390007095244E-07,0,0,0
GJ776,301.393935,-67.32316,2453312.5676899,-1.494918,0.981984,-10483.11359,1.052783,-9.88972,0.480205,-10482.920092,0.381765,-9.869754,0.480303,10.484076,4.287414,-11.875414,1.279878,0.413972,0.000366,0.354181,0.000545,0.494751,0.000711,0,6.731133,42.713945,-0.023401,-10.6,193.7,2453312.56768,-19.13689,-19.137005,0.155,-9999999,0.494618,-1.433295,0.85656,-0.30112,0.981126,0.47,280.0001,10.496362,4.232583,2004-11-03T01:37:37.867,-9999999,G2,072.C-0488(E),Mayor,-9999999,HARPS_ech_obs_all,HARPS_ech_obs_thosimult,STAR_WAVE_G2,7.09628839102959E-06,4.83941185178953E-07,0,0,0
GJ776,301.393935,-67.32316,2453314.5396775,2.298492,1.03556,-10479.03486,1.088613,-6.086861,0.581954,-10478.786112,0.471643,-6.045342,0.582175,9.613923,5.937529,-10.358565,1.393757,0.41462,0.000473,0.354664,0.000695,0.49642,0.000907,0,6.732208,42.703884,-0.023953,-10.6,152.7,2453314.53967,-18.821354,-18.821471,0.045,-9999999,0.497218,-1.423846,0.856571,-0.24847,0.981137,0.51,160.0011,9.622015,5.915455,2004-11-05T00:58:18.315,-9999999,G2,072.C-0488(E),Mayor,-9999999,HARPS_ech_obs_all,HARPS_ech_obs_thosimult,STAR_WAVE_G2,8.7264830580751E-06,5.38290538023481E-07,0,0,0
GJ776,301.393935,-67.32316,2453314.541894,5.03328,1.037241,-10476.330994,1.087104,-3.352821,0.584942,-10476.086409,0.468152,-3.330557,0.585159,5.972323,4.947822,-14.025825,1.477438,0.415063,0.000443,0.354799,0.000668,0.4953,0.00087,0,6.726765,42.730376,-0.025557,-10.6,158.5,2453314.54189,-18.822475,-18.822599,-0.03,-9999999,0.497221,-1.424593,0.85657,-0.252636,0.981136,0.51,160.0013,5.976192,4.933905,2004-11-05T01:01:29.834,-9999999,G2,072.C-0488(E),Mayor,-9999999,HARPS_ech_obs_all,HARPS_ech_obs_thosimult,STAR_WAVE_G2,9.39457809090664E-06,3.83559154052747E-07,0,0,0
GJ776,301.393935,-67.32316,2453314.5440957,0.145034,1.043189,-10480.775887,1.091494,-8.241809,0.595427,-10480.535437,0.478261,-8.155203,0.595536,1.318773,5.501174,-13.51493,1.455339,0.414408,0.000455,0.353991,0.000684,0.497088,0.000894,0,6.730173,42.728405,-0.023924,-10.6,154.6,2453314.54409,-18.823567,-18.823685,-0.18,-9999999,0.497224,-1.425336,0.856569,-0.256774,0.981135,0.5,160.0003,1.339128,5.468562,2004-11-05T01:04:41.673,-9999999,G2,072.C-0488(E),Mayor,-9999999,HARPS_ech_obs_all,HARPS_ech_obs_thosimult,STAR_WAVE_G2,7.09273619573682E-06,5.39178224518984E-07,0,0,0
GJ776,301.393935,-67.32316,2453314.5463139,3.712911,1.057748,-10478.752286,1.100197,-4.674681,0.620582,-10478.516002,0.497804,-4.670359,0.62071,10.874622,4.905756,-14.639249,1.491699,0.413466,0.000474,0.354749,0.000713,0.494427,0.000928,0,6.724787,42.730019,-0.023691,-10.6,148.3,2453314.54631,-18.824644,-18.824767,-0.149,-9999999,0.497227,-1.426084,0.856568,-0.260943,0.981134,0.5,160.0011,10.872777,4.88609,2004-11-05T01:07:53.342,-9999999,G2,072.C-0488(E),Mayor,-9999999,HARPS_ech_obs_all,HARPS_ech_obs_thosimult,STAR_WAVE_G2,8.85217897333942E-06,5.47005305542234E-07,0,0,0
GJ776,301.393935,-67.32316,2453314.548474,1.013338,1.059878,-10480.294993,1.101879,-7.374982,0.624207,-10480.062766,0.501512,-7.318408,0.624381,-1.941769,5.727687,-14.264832,1.482424,0.413247,0.000478,0.355072,0.00072,0.495285,0.000938,0,6.727596,42.737591,-0.023454,-10.6,147.1,2453314.54846,-18.82567,-18.825786,-0.113,-9999999,0.49723,-1.426813,0.856567,-0.265003,0.981133,0.47,160.001,-1.94612,5.700752,2004-11-05T01:11:04.780,-9999999,G2,072.C-0488(E),Mayor,-9999999,HARPS_ech_obs_all,HARPS_ech_obs_thosimult,STAR_WAVE_G2,6.28921199426114E-06,5.98517165497564E-07,0,0,0
GJ776,301.393935,-67.32316,2453321.6003113,0.24907,0.850345,-10480.648151,0.863027,-8.672715,0.472864,-10482.082867,0.371288,-8.628185,0.472994,4.442641,4.645523,-14.581653,1.309306,0.414906,0.000352,0.351979,0.00053,0.502267,0.000701,0,6.730001,42.718427,-0.026281,-10.6,199.2,2453321.60031,-17.587122,-17.587288,-0.034,-9999999,0.506531,-1.960278,0.706744,-1.941247,0.779076,0.51,200.0002,4.425795,4.59935,2004-11-12T02:25:53.500,-9999999,G2,072.C-0488(E),Mayor,-9999999,HARPS_ech_obs_all,HARPS_ech_obs_thosimult,STAR_WAVE_G2,9.44810783001025E-06,3.93612443226308E-07,0,0,0
GJ776,301.393935,-67.32316,2453321.6029513,-0.329322,0.841092,-10480.482389,0.857103,-9.251997,0.456015,-10481.922063,0.357304,-9.190583,0.456198,8.2124,4.055561,-14.549417,1.348214,0.414283,0.000343,0.352147,0.000514,0.503858,0.00068,0,6.731387,42.720104,-0.022561,-10.6,205.8,2453321.60294,-17.58719,-17.587354,-0.01,-9999999,0.506534,-1.961168,0.706743,-1.946208,0.779076,0.49,200.0024,8.199901,3.993961,2004-11-12T02:29:45.613,-9999999,G2,072.C-0488(E),Mayor,-9999999,HARPS_ech_obs_all,HARPS_ech_obs_thosimult,STAR_WAVE_G2,7.43827568863735E-06,4.8349034376407E-07,0,0,0
GJ776,301.393935,-67.32316,2453321.6055835,-0.704832,0.865206,-10482.091408,0.873565,-9.628395,0.499096,-10483.536026,0.39517,-9.586508,0.499253,6.674985,4.536673,-16.007175,1.558501,0.414544,0.000378,0.351223,0.000567,0.503054,0.000751,0,6.728879,42.729275,-0.023275,-10.6,186.1,2453321.60558,-17.587216,-17.587381,0.011,-9999999,0.506538,-1.962056,0.706742,-1.951156,0.779075,0.47,200.0022,6.646137,4.480999,2004-11-12T02:33:37.046,-9999999,G2,072.C-0488(E),Mayor,-9999999,HARPS_ech_obs_all,HARPS_ech_obs_thosimult,STAR_WAVE_G2,8.63199976936573E-06,5.16512249397024E-07,0,0,0
GJ776,301.393935,-67.32316,2453321.6083268,0.541637,0.884485,-10480.370068,0.885186,-8.382852,0.531818,-10481.819839,0.420237,-8.334933,0.531945,7.082274,4.869745,-13.295836,1.366023,0.414272,0.0004,0.351502,0.000603,0.503325,0.000798,0,6.731745,42.709893,-0.025108,-10.6,175.3,2453321.60833,-17.587197,-17.587363,0.029,-9999999,0.506541,-1.962981,0.706741,-1.956312,0.779074,0.5,200.0024,7.056518,4.828809,2004-11-12T02:37:28.078,-9999999,G2,072.C-0488(E),Mayor,-9999999,HARPS_ech_obs_all,HARPS_ech_obs_thosimult,STAR_WAVE_G2,9.56512776079598E-06,4.77058910983522E-07,0,0,0
GJ776,301.393935,-67.32316,2453340.5100323,-1.701788,0.935296,-10483.895072,1.023181,-9.481669,0.375555,-10483.13652,0.290243,-9.440421,0.375784,9.214953,3.586242,-16.259564,1.370294,0.415167,0.000274,0.361394,0.000409,0.499765,0.000537,0,6.72777,42.7246,-0.023894,-10.6,257.6,2453340.51003,-12.873239,-12.873464,0.008,-9999999,0.531471,-0.818373,0.856584,0.227081,0.981152,0.51,269.9829,9.227223,3.520427,2004-12-01T00:16:40.661,-9999999,G2,072.C-0488(E),Mayor,-9999999,HARPS_ech_obs_all,HARPS_ech_obs_thosimult,STAR_WAVE_G2,8.9049716810043E-06,3.35372061068677E-07,0,0,0
GJ776,301.393935,-67.32316,2453340.5134894,-1.701328,0.933847,-10483.668125,1.022175,-9.482375,0.371937,-10482.916066,0.286682,-9.466969,0.372143,9.225575,3.516651,-16.923285,1.184951,0.415541,0.000271,0.360927,0.000404,0.499695,0.000531,0,6.730047,42.726914,-0.023518,-10.6,260.8,2453340.51349,-12.87377,-12.873996,0.017,-9999999,0.531476,-0.81954,0.856582,0.220583,0.98115,0.5,269.9816,9.237178,3.452133,2004-12-01T00:21:42.061,-9999999,G2,072.C-0488(E),Mayor,-9999999,HARPS_ech_obs_all,HARPS_ech_obs_thosimult,STAR_WAVE_G2,8.96726689759421E-06,3.22648044120674E-07,0,0,0
GJ776,301.393935,-67.32316,2453340.5170095,-1.800556,0.935261,-10483.878899,1.023752,-9.58279,0.375477,-10483.133452,0.292263,-9.560645,0.375694,1.708372,4.19008,-17.377629,1.270508,0.415605,0.000281,0.360575,0.000416,0.500234,0.000547,0,6.728211,42.719501,-0.024379,-10.6,253.3,2453340.51701,-12.874242,-12.874469,0.117,-9999999,0.53148,-0.820727,0.856581,0.213967,0.981148,0.51,269.9826,1.710322,4.137649,2004-12-01T00:26:43.511,-9999999,G2,072.C-0488(E),Mayor,-9999999,HARPS_ech_obs_all,HARPS_ech_obs_thosimult,STAR_WAVE_G2,8.77749729498324E-06,3.82855006254181E-07,0,0,0
GJ776,301.393935,-67.32316,2453342.5056673,-0.521141,0.945787,-10483.02803,1.0294,-8.277747,0.400965,-10482.270691,0.311449,-8.254486,0.401159,6.30561,3.781622,-13.644951,1.26282,0.414907,0.000288,0.363467,0.000436,0.487757,0.00057,0,6.728326,42.699954,-0.023813,-10.6,241.9,2453342.50566,-12.287637,-12.287864,0.058,-9999999,0.534103,-0.795099,0.856586,0.223236,0.981154,0.47,269.9826,6.316499,3.72932,2004-12-03T00:10:41.475,-9999999,G2,072.C-0488(E),Mayor,-9999999,HARPS_ech_obs_all,HARPS_ech_obs_thosimult,STAR_WAVE_G2,9.13202156081541E-06,2.95245979437376E-07,0,0,0
GJ776,301.393935,-67.32316,2453342.5091812,0.844377,0.965406,-10481.15178,1.042954,-6.913414,0.445277,-10480.40104,0.353687,-6.885711,0.445394,1.934566,3.64282,-9.173258,1.366034,0.414956,0.000335,0.362718,0.000501,0.488828,0.000657,0,6.730085,42.680966,-0.024539,-10.6,210.4,2453342.50917,-12.288125,-12.288351,0.138,-9999999,0.534108,-0.796284,0.856584,0.216632,0.981152,0.48,269.983,1.94997,3.602239,2004-12-03T00:15:42.394,-9999999,G2,072.C-0488(E),Mayor,-9999999,HARPS_ech_obs_all,HARPS_ech_obs_thosimult,STAR_WAVE_G2,8.09361119835205E-06,3.88770667722782E-07,0,0,0
GJ776,301.393935,-67.32316,2453342.5127622,1.635532,0.976424,-10480.353084,1.049636,-6.123467,0.468689,-10479.609071,0.372935,-6.085691,0.468865,-2.436217,3.783565,-9.922972,1.344394,0.414631,0.000354,0.361967,0.000529,0.489395,0.000695,0,6.730998,42.677386,-0.025082,-10.6,199.2,2453342.51276,-12.28855,-12.288778,0.138,-9999999,0.534112,-0.797492,0.856583,0.209901,0.98115,0.51,269.9828,-2.42817,3.750521,2004-12-03T00:20:43.703,-9999999,G2,072.C-0488(E),Mayor,-9999999,HARPS_ech_obs_all,HARPS_ech_obs_thosimult,STAR_WAVE_G2,8.72741700395903E-06,3.8597242115428E-07,0,0,0
GJ776,301.393935,-67.32316,2453484.8841339,0.358885,0.938434,-10480.200565,1.029631,-7.040622,0.38331,-10480.497066,0.31223,-7.013912,0.383482,7.973321,4.555892,-29.793,1.747002,0.417746,0.000314,0.352252,0.00046,0.497704,0.0006,0,6.733686,42.854035,-0.024653,-10.6,230.3,2453484.88413,19.860182,19.860263,-0.109,-9999999,0.721887,-0.438,0.856581,-1.018388,0.981149,0.52,274.9828,8.009238,4.520817,2005-04-24T09:09:00.391,-9999999,G2,072.C-0488(E),Mayor,-9999999,HARPS_ech_obs_all,HARPS_ech_obs_thosimult,STAR_WAVE_G2,8.92653103663647E-06,3.92814630482864E-07,0,0,0
GJ776,301.393935,-67.32316,2453484.8876846,-0.500959,0.936318,-10480.458745,1.027104,-7.901664,0.378096,-10480.761915,0.303787,-7.885096,0.378351,7.552549,4.1922,-29.605275,1.730084,0.417274,0.000303,0.351943,0.000445,0.499171,0.000583,0,6.736322,42.857439,-0.023801,-10.6,237.7,2453484.88768,19.856539,19.856626,-0.124,-9999999,0.721892,-0.439197,0.856583,-1.025062,0.98115,0.52,274.9831,7.590534,4.15161,2005-04-24T09:14:07.150,-9999999,G2,072.C-0488(E),Mayor,-9999999,HARPS_ech_obs_all,HARPS_ech_obs_thosimult,STAR_WAVE_G2,8.92042785913831E-06,3.15087337707392E-07,0,0,0
GJ776,301.393935,-67.32316,2453484.8911323,1.311507,0.933723,-10479.039636,1.025752,-6.090361,0.371619,-10479.349281,0.299179,-6.057109,0.371819,4.139347,3.392293,-30.369077,1.67659,0.417401,0.000299,0.35219,0.000439,0.498109,0.000573,0,6.73371,42.863957,-0.023031,-10.6,241.4,2453484.89113,19.852976,19.853059,0.038,-9999999,0.721897,-0.44036,0.856585,-1.031542,0.981152,0.49,274.9832,4.162876,3.353043,2005-04-24T09:19:13.260,-9999999,G2,072.C-0488(E),Mayor,-9999999,HARPS_ech_obs_all,HARPS_ech_obs_thosimult,STAR_WAVE_G2,8.20443718260323E-06,3.34377783032033E-07,0,0,0
GJ776,301.393935,-67.32316,2453491.8902109,-0.463362,0.949469,-10481.190718,1.033123,-7.893776,0.409579,-10481.495791,0.32355,-7.830759,0.409637,0.805903,4.48018,-12.297567,1.108832,0.417837,0.000321,0.356777,0.000468,0.484997,0.000604,0,6.727184,42.72964,-0.022856,-10.6,225.9,2453491.89021,18.967423,18.967535,0.865,-9999999,0.731128,-0.468907,0.856584,-1.036201,0.981152,0.52,274.9827,0.810252,4.44283,2005-05-01T09:17:06.296,-9999999,G2,072.C-0488(E),Mayor,-9999999,HARPS_ech_obs_all,HARPS_ech_obs_thosimult,STAR_WAVE_G2,8.92924658175376E-06,3.81646447662313E-07,0,0,0
GJ776,301.393935,-67.32316,2453491.8936742,-0.794274,0.947585,-10481.094936,1.031507,-8.225856,0.405188,-10481.406514,0.318345,-8.210089,0.405276,-3.658675,4.150798,-14.589523,1.037454,0.418041,0.000314,0.357856,0.000459,0.485419,0.000593,0,6.727137,42.724344,-0.022465,-10.6,230.4,2453491.89367,18.963587,18.963699,0.996,-9999999,0.731132,-0.470075,0.856586,-1.04271,0.981153,0.49,274.983,-3.670351,4.109494,2005-05-01T09:22:13.757,-9999999,G2,072.C-0488(E),Mayor,-9999999,HARPS_ech_obs_all,HARPS_ech_obs_thosimult,STAR_WAVE_G2,9.59427660999661E-06,3.91049208200941E-07,0,0,0
GJ776,301.393935,-67.32316,2453491.8972219,-0.376812,0.961776,-10480.768021,1.040664,-7.809591,0.437345,-10481.086262,0.346865,-7.755817,0.437479,10.360763,3.365831,-13.23437,1.032696,0.418228,0.000343,0.357581,0.000501,0.486036,0.000647,0,6.727807,42.7212,-0.023409,-10.6,211.2,2453491.89721,18.959642,18.95977,0.731,-9999999,0.731137,-0.471271,0.856588,-1.049378,0.981155,0.49,274.9831,10.348446,3.315629,2005-05-01T09:27:20.256,-9999999,G2,072.C-0488(E),Mayor,-9999999,HARPS_ech_obs_all,HARPS_ech_obs_thosimult,STAR_WAVE_G2,9.20404997208463E-06,3.21324240558612E-07,0,0,0
GJ776,301.393935,-67.32316,2453511.9051548,0.97786,0.928418,-10479.555475,0.979934,-7.938586,0.533407,-10480.404253,0.415256,-7.898921,0.53347,-0.793835,5.165597,-3.777834,1.197619,0.417264,0.000413,0.358311,0.000611,0.483637,0.000787,0,6.72792,42.674343,-0.023342,-10.6,173.1,2453511.90515,14.980468,14.98066,0.102,-9999999,0.757526,-1.954939,0.759893,-1.606304,0.8876,0.51,195.9009,-0.786957,5.132338,2005-05-21T09:37:41.688,-9999999,G2,072.C-0488(E),Mayor,-9999999,HARPS_ech_obs_all,HARPS_ech_obs_thosimult,STAR_WAVE_G2,1.02181449718432E-05,4.37395278542566E-07,0,0,0
GJ776,301.393935,-67.32316,2453511.9077269,-0.9082,0.928661,-10481.734726,0.980171,-9.825513,0.533827,-10482.588335,0.415812,-9.837563,0.533938,3.093833,4.315244,-2.246608,1.092181,0.4177,0.000415,0.359051,0.000612,0.485211,0.000789,0,6.729629,42.661925,-0.021125,-10.6,172.9,2453511.90772,14.977366,14.977557,0.495,-9999999,0.757529,-1.955806,0.759895,-1.611138,0.887602,0.49,195.8951,3.104022,4.267036,2005-05-21T09:41:27.821,-9999999,G2,072.C-0488(E),Mayor,-9999999,HARPS_ech_obs_all,HARPS_ech_obs_thosimult,STAR_WAVE_G2,9.37408851628942E-06,4.42031755539199E-07,0,0,0
GJ776,301.393935,-67.32316,2453511.9104038,-1.038939,0.937164,-10482.278079,0.984419,-9.957155,0.548483,-10483.136716,0.425724,-9.910287,0.548542,3.613896,5.753566,-5.18509,1.399098,0.418249,0.000421,0.357415,0.000622,0.484933,0.000804,0,6.726718,42.680765,-0.025691,-10.6,169.6,2453511.9104,14.974148,14.974335,0.123,-9999999,0.757532,-1.956709,0.759896,-1.616169,0.887603,0.51,195.9005,3.62788,5.717347,2005-05-21T09:45:15.174,-9999999,G2,072.C-0488(E),Mayor,-9999999,HARPS_ech_obs_all,HARPS_ech_obs_thosimult,STAR_WAVE_G2,7.7193953118634E-06,4.92228387344609E-07,0,0,0
GJ776,301.393935,-67.32316,2453511.9130455,0.664395,0.928176,-10480.564625,0.979874,-8.254713,0.532978,-10481.428224,0.415103,-8.207755,0.533064,1.331424,5.826847,-4.447876,1.161927,0.417676,0.000413,0.35834,0.00061,0.484769,0.000786,0,6.730098,42.672784,-0.023766,-10.6,173.4,2453511.91304,14.970982,14.971168,0.132,-9999999,0.757536,-1.9576,0.759898,-1.621135,0.887605,0.52,195.9015,1.342111,5.796643,2005-05-21T09:49:01.446,-9999999,G2,072.C-0488(E),Mayor,-9999999,HARPS_ech_obs_all,HARPS_ech_obs_thosimult,STAR_WAVE_G2,9.33848340710714E-06,4.42158126138965E-07,0,0,0
GJ776,301.393935,-67.32316,2453512.8359817,0.001749,0.821982,-10481.335754,0.855927,-8.421124,0.5776,-10482.016397,0.503398,-8.390966,0.577602,0.867562,5.19845,-16.904043,1.46443,0.416597,0.000501,0.356814,0.000739,0.485038,0.000956,0,6.734521,42.779837,-0.023677,-10.6,143.2,2453512.83598,14.820034,14.820225,0.966,-9999999,0.758753,-1.461366,0.584836,-1.439396,0.692243,0.5,274.9829,0.875369,5.165914,2005-05-22T07:57:23.552,-9999999,G2,072.C-0488(E),Mayor,-9999999,HARPS_ech_obs_all,HARPS_ech_obs_thosimult,STAR_WAVE_G2,9.53001350462995E-06,5.18927104867237E-07,0,0,0
GJ776,301.393935,-67.32316,2453512.8394996,0.601572,0.780824,-10480.341253,0.824587,-7.822488,0.517351,-10481.028503,0.448041,-7.777832,0.517405,0.989292,4.31482,-18.744111,1.384786,0.416131,0.000449,0.355628,0.000658,0.484658,0.000852,0,6.733824,42.788681,-0.02356,-10.6,160.6,2453512.83949,14.815774,14.815976,1.113,-9999999,0.758758,-1.462552,0.584837,-1.446008,0.692245,0.49,274.9833,0.993182,4.280389,2005-05-22T08:02:30.232,-9999999,G2,072.C-0488(E),Mayor,-9999999,HARPS_ech_obs_all,HARPS_ech_obs_thosimult,STAR_WAVE_G2,9.60213169333493E-06,3.85715008275525E-07,0,0,0
GJ776,301.393935,-67.32316,2453512.8430169,-0.384363,0.796906,-10481.4896,0.835546,-8.809609,0.541316,-10482.183457,0.4679,-8.787858,0.541372,11.952709,5.353566,-20.135343,1.371581,0.415935,0.000463,0.355174,0.000682,0.482492,0.000882,0,6.733677,42.787537,-0.023416,-10.6,154.7,2453512.84301,14.811499,14.811698,1.406,-9999999,0.758762,-1.463739,0.584839,-1.452619,0.692247,0.48,274.9815,11.954044,5.323615,2005-05-22T08:07:36.863,-9999999,G2,072.C-0488(E),Mayor,-9999999,HARPS_ech_obs_all,HARPS_ech_obs_thosimult,STAR_WAVE_G2,8.42512848096605E-06,4.90437035369692E-07,0,0,0
GJ776,301.393935,-67.32316,2453515.8582574,1.483267,1.027171,-10479.255124,1.084156,-5.777434,0.566894,-10479.045207,0.461265,-5.724593,0.566964,-2.373389,4.940502,-7.500279,1.382932,0.418626,0.000458,0.356435,0.000672,0.485877,0.00087,0,6.733678,42.708674,-0.028245,-10.6,157.3,2453515.85826,14.036652,14.036857,0.535,-9999999,0.762739,-0.299194,0.85657,-0.552822,0.981136,0.51,425.0005,-2.37158,4.91978,2005-05-25T08:27:56.357,-9999999,G2,072.C-0488(E),Mayor,-9999999,HARPS_ech_obs_all,HARPS_ech_obs_thosimult,STAR_WAVE_G2,7.49739106252449E-06,5.9977078670091E-07,0,0,0
GJ776,301.393935,-67.32316,2453515.8635853,0.714273,0.998365,-10479.818189,1.066149,-6.548226,0.512853,-10479.618279,0.417181,-6.512119,0.512949,-3.74077,5.006636,-8.592322,1.265093,0.418754,0.000416,0.356181,0.000607,0.485559,0.000786,0,6.729681,42.703821,-0.025062,-10.6,173.9,2453515.86358,14.030034,14.030246,0.617,-9999999,0.762746,-0.300991,0.856572,-0.562836,0.981139,0.52,425,-3.73905,4.978771,2005-05-25T08:35:32.422,-9999999,G2,072.C-0488(E),Mayor,-9999999,HARPS_ech_obs_all,HARPS_ech_obs_thosimult,STAR_WAVE_G2,8.36304977837828E-06,4.45301078230208E-07,0,0,0
GJ776,301.393935,-67.32316,2453520.8690984,-0.54993,0.914577,-10483.003706,0.95087,-8.449008,0.320517,-10481.822295,0.241272,-8.396157,0.320586,-1.862856,2.938499,-15.29095,1.152384,0.415233,0.000232,0.365965,0.000344,0.483867,0.000443,0,6.730864,42.744514,-0.02567,-10.6,306.6,2453520.86909,12.689075,12.689286,0.981,-9999999,0.769348,-0.937571,0.856574,0.412063,0.919751,0.48,900.0019,-1.859481,2.875947,2005-05-30T08:39:38.450,-9999999,G2,072.C-0488(E),Mayor,-9999999,HARPS_ech_obs_all,HARPS_ech_obs_thosimult,STAR_WAVE_G2,7.74765489422953E-06,3.13176602287368E-07,0,0,0
GJ776,301.393935,-67.32316,2453542.7396306,4.649111,1.095762,-10477.189757,1.116032,-2.577309,0.683399,-10476.149457,0.531943,-2.559849,0.683489,-2.701216,6.43941,4.553352,1.511963,0.418641,0.000538,0.357777,0.000796,0.499979,0.001033,0,6.732931,42.603456,-0.026524,-10.6,133.7,2453542.73962,6.033486,6.033749,0.449,-9999999,0.798193,-0.264913,0.856539,0.242107,0.981104,0.76,420.0024,-2.679604,6.43429,2005-06-21T05:34:05.679,-9999999,G2,072.C-0488(E),Mayor,-9999999,HARPS_ech_obs_all,HARPS_ech_obs_thosimult,STAR_WAVE_G2,-9999999,-9999999,-9999999,-9999999,-9999999
GJ776,301.393935,-67.32316,2453542.7428597,5.052537,1.622861,-10475.353933,1.439038,-2.174972,1.378411,-10474.319697,1.052742,-2.088444,1.378524,10.322724,12.030262,20.060225,2.698911,0.419195,0.001099,0.362063,0.001633,0.50135,0.002103,0,6.726569,42.456042,-0.022911,-10.6,66.9,2453542.74285,6.029378,6.029638,0.334,-9999999,0.798198,-0.266002,0.85654,0.236038,0.981104,0.35,420.0015,10.327099,12.027499,2005-06-21T05:41:36.873,-9999999,G2,072.C-0488(E),Mayor,-9999999,HARPS_ech_obs_all,HARPS_ech_obs_thosimult,STAR_WAVE_G2,1.14100274164851E-05,8.24862243571958E-07,0,0,0
GJ776,301.393935,-67.32316,2453543.7899353,4.941452,0.713291,-10475.696504,0.911178,-2.684174,0.390407,-10476.098949,0.298865,-2.617472,0.390465,-7.526511,3.9499,0.483427,0.939719,0.419051,0.0003,0.358557,0.000442,0.485418,0.000571,0,6.730657,42.631403,-0.021859,-10.6,239.7,2453543.78993,5.635042,5.6353,0.323,-9999999,0.799579,-0.664119,0.596965,-1.202024,0.86077,0.5,420.0001,-7.506639,3.942217,2005-06-22T06:48:19.450,-9999999,G2,072.C-0488(E),Mayor,-9999999,HARPS_ech_obs_all,HARPS_ech_obs_thosimult,STAR_WAVE_G2,1.01571040573324E-05,3.55622905997953E-07,0,0,0
GJ776,301.393935,-67.32316,2453543.7949602,5.336477,0.715891,-10474.971693,0.912244,-2.290844,0.395134,-10475.383576,0.302097,-2.268062,0.395144,-9.430291,3.232173,-0.426607,1.01183,0.418143,0.000302,0.357659,0.000445,0.486003,0.000577,0,6.732084,42.62817,-0.02183,-10.6,237.4,2453543.79495,5.628421,5.628672,0.162,-9999999,0.799585,-0.665814,0.596966,-1.211468,0.860771,0.46,420.0028,-9.408253,3.223586,2005-06-22T06:55:50.394,-9999999,G2,072.C-0488(E),Mayor,-9999999,HARPS_ech_obs_all,HARPS_ech_obs_thosimult,STAR_WAVE_G2,7.96908870454735E-06,3.95190037744494E-07,0,0,0
GJ776,301.393935,-67.32316,2453544.8165974,6.71394,0.9486,-10474.478887,1.029811,-0.538442,0.407623,-10473.580507,0.312912,-0.512772,0.407718,-7.035933,3.894317,4.390753,0.914336,0.41456,0.00031,0.357796,0.000459,0.494512,0.000593,0,6.733804,42.607334,-0.0212,-10.6,230.4,2453544.81659,5.265756,5.266007,-0.132,-9999999,0.800933,-0.290875,0.856555,0.097447,0.98112,0.48,420.0023,-7.01786,3.896133,2005-06-23T07:26:49.838,-9999999,G2,072.C-0488(E),Mayor,-9999999,HARPS_ech_obs_all,HARPS_ech_obs_thosimult,STAR_WAVE_G2,9.66308589962573E-06,3.68413460533599E-07,0,0,0
GJ776,301.393935,-67.32316,2453544.8220339,6.128037,0.940969,-10475.4122,1.025139,-1.126179,0.38953,-10474.524031,0.297169,-1.118401,0.389538,-4.097059,3.470218,2.552444,0.761159,0.414507,0.000296,0.358191,0.000436,0.49503,0.000564,0,6.734279,42.615081,-0.023606,-10.6,242.4,2453544.82203,5.258716,5.258964,-0.146,-9999999,0.80094,-0.292709,0.856557,0.087229,0.981122,0.52,420.0016,-4.084235,3.467486,2005-06-23T07:34:22.742,-9999999,G2,072.C-0488(E),Mayor,-9999999,HARPS_ech_obs_all,HARPS_ech_obs_thosimult,STAR_WAVE_G2,9.05509463558181E-06,3.40300980910267E-07,0,0,0
GJ776,301.393935,-67.32316,2453545.8425247,13.379888,3.259983,-10467.386619,2.962452,6.11876,3.145439,-10466.535617,2.795265,6.16766,3.145652,17.300394,26.352161,89.236984,7.127688,0.41817,0.002393,0.36264,0.0036,0.490884,0.004612,0,6.723797,41.884532,-0.007506,-10.6,32.4,2453545.84252,4.896962,4.897197,0.185,-9999999,0.802286,-0.299621,0.856564,0.048716,0.98113,0.44,419.9983,17.324394,26.354342,2005-06-24T08:04:25.241,-9999999,G2,072.C-0488(E),Mayor,-9999999,HARPS_ech_obs_all,HARPS_ech_obs_thosimult,STAR_WAVE_G2,2.40963016249071E-05,8.30154578615556E-07,0,0,0
GJ776,301.393935,-67.32316,2453546.8613678,8.309237,0.952237,-10472.989919,0.58,1.041753,0.415983,-10471.511132,0.318003,1.083943,0.415971,-10.68897,4.509172,7.041091,0.999378,0.418779,0.000317,0.357014,0.000466,0.496104,0.000604,0,6.734743,42.588974,-0.020049,-10.6,226.8,2453546.86136,4.53682,4.537062,0.063,-9999999,0.80363,-0.305977,0.856571,0.675157,0.485051,0.5,420.0015,-10.66967,4.521674,2005-06-25T08:31:06.679,-9999999,G2,072.C-0488(E),Mayor,-9999999,HARPS_ech_obs_all,HARPS_ech_obs_thosimult,STAR_WAVE_G2,9.78184677416905E-06,3.97110173880814E-07,0,0,0
GJ776,301.393935,-67.32316,2453546.8665371,9.22128,0.943171,-10472.449175,0.571179,1.952052,0.394783,-10470.980098,0.301606,1.98579,0.394751,-10.555131,3.84564,9.227248,1.015788,0.417959,0.0003,0.356984,0.000441,0.497522,0.000573,0,6.736935,42.577553,-0.022849,-10.6,239.6,2453546.86653,4.530707,4.530946,0.074,-9999999,0.803636,-0.30772,0.856573,0.665441,0.485056,0.49,420.0013,-10.551632,3.865484,2005-06-25T08:38:37.494,-9999999,G2,072.C-0488(E),Mayor,-9999999,HARPS_ech_obs_all,HARPS_ech_obs_thosimult,STAR_WAVE_G2,1.06554443073493E-05,3.55236536920344E-07,0,0,0
GJ776,301.393935,-67.32316,2453547.7710417,4.871288,0.962928,-10476.678529,1.038742,-2.365727,0.439957,-10475.690631,0.341191,-2.289535,0.439923,-13.058551,4.386013,12.796278,1.086069,0.417647,0.000342,0.357104,0.000504,0.494404,0.000652,0,6.740625,42.569279,-0.023265,-10.6,209.3,2453547.77104,4.31373,4.313973,-1.197,-9999999,0.804829,-0.275508,0.856544,0.183069,0.981109,0.51,420.0026,-13.053713,4.369596,2005-06-26T06:20:57.134,-9999999,G2,072.C-0488(E),Mayor,-9999999,HARPS_ech_obs_all,HARPS_ech_obs_thosimult,STAR_WAVE_G2,9.34085466078179E-06,4.08906815681165E-07,0,0,0
GJ776,301.393935,-67.32316,2453547.776211,5.102796,0.946967,-10476.708182,1.02911,-2.135963,0.403828,-10475.729992,0.310629,-2.072434,0.40381,-7.283177,3.516499,13.774437,0.890758,0.417416,0.000311,0.357964,0.000458,0.493945,0.000592,0,6.740209,42.559749,-0.021328,-10.6,230.4,2453547.7762,4.306884,4.307139,-1.291,-9999999,0.804836,-0.277252,0.856545,0.173354,0.98111,0.5,420.0008,-7.269917,3.497703,2005-06-26T06:28:27.958,-9999999,G2,072.C-0488(E),Mayor,-9999999,HARPS_ech_obs_all,HARPS_ech_obs_thosimult,STAR_WAVE_G2,1.06836051574162E-05,3.36825974928527E-07,0,0,0
GJ776,301.393935,-67.32316,2453549.8473844,7.191743,2.74291,-10476.847592,2.45103,-0.071024,2.605734,-10476.000441,2.246092,-0.024085,2.605997,56.149013,30.3981,24.727492,6.692485,0.416353,0.002055,0.361653,0.003034,0.507325,0.003904,0,6.723909,42.398924,-0.023098,-10.6,37.9,2453549.84737,3.532682,3.532946,0,-9999999,0.807568,-0.30126,0.856565,0.039583,0.981132,0.35,900.0018,56.188548,30.398096,2005-06-28T08:09:09.969,-9999999,G2,072.C-0488(E),Mayor,-9999999,HARPS_ech_obs_all,HARPS_ech_obs_thosimult,STAR_WAVE_G2,-9999999,-9999999,-9999999,-9999999,-9999999
GJ776,301.393935,-67.32316,2453550.7604379,2.714846,0.928584,-10478.648978,1.017209,-4.518593,0.358614,-10477.637207,0.268594,-4.515076,0.358604,-7.911973,3.296107,8.977529,0.932991,0.419228,0.000269,0.357202,0.000395,0.489466,0.000515,0,6.737414,42.577414,-0.021751,-10.6,268,2453550.76043,3.301504,3.301773,0.518,-9999999,0.808772,-0.271931,0.856542,0.202999,0.981107,0.51,420.0026,-7.902152,3.273154,2005-06-29T06:05:37.689,-9999999,G2,072.C-0488(E),Mayor,-9999999,HARPS_ech_obs_all,HARPS_ech_obs_thosimult,STAR_WAVE_G2,9.65592128258791E-06,3.35401028245137E-07,0,0,0
GJ776,301.393935,-67.32316,2453550.7655224,2.107398,0.914745,-10478.695488,1.008773,-5.127756,0.321081,-10477.693266,0.234628,-5.052897,0.321155,-8.5994,3.062928,8.94915,0.990186,0.418803,0.000236,0.356818,0.000346,0.488689,0.00045,0,6.736137,42.581337,-0.021227,-10.6,306.2,2453550.76552,3.294748,3.295009,0.634,-9999999,0.808779,-0.273646,0.856543,0.193443,0.981108,0.48,419.9983,-8.587882,3.03406,2005-06-29T06:13:09.585,-9999999,G2,072.C-0488(E),Mayor,-9999999,HARPS_ech_obs_all,HARPS_ech_obs_thosimult,STAR_WAVE_G2,9.45861606624839E-06,2.99840743907169E-07,0,0,0
GJ776,301.393935,-67.32316,2453551.7684881,1.403994,0.983964,-10480.08521,1.050568,-5.881078,0.484271,-10479.029458,0.375658,-5.839535,0.484283,-6.169066,4.332085,4.885985,1.155722,0.418195,0.000386,0.355013,0.000562,0.495766,0.000731,0,6.73375,42.59872,-0.021358,-10.6,187.7,2453551.76848,2.945729,2.945989,0.469,-9999999,0.810102,-0.323565,0.856543,0.24565,0.981108,0.52,419.9993,-6.149305,4.305868,2005-06-30T06:17:08.114,-9999999,G2,072.C-0488(E),Mayor,-9999999,HARPS_ech_obs_all,HARPS_ech_obs_thosimult,STAR_WAVE_G2,9.23083314925685E-06,3.57915737618536E-07,0,0,0
GJ776,301.393935,-67.32316,2453551.7735659,2.286847,1.025872,-10478.406769,1.075561,-4.999938,0.564576,-10477.360555,0.440745,-4.959412,0.564605,6.435466,5.094358,4.910394,1.458557,0.418994,0.000454,0.356596,0.000663,0.495871,0.00086,0,6.730795,42.596298,-0.02028,-10.6,159.8,2453551.77356,2.938976,2.939235,0.489,-9999999,0.810108,-0.325278,0.856544,0.236106,0.981109,0.49,419.9998,6.450625,5.075937,2005-06-30T06:24:39.438,-9999999,G2,072.C-0488(E),Mayor,-9999999,HARPS_ech_obs_all,HARPS_ech_obs_thosimult,STAR_WAVE_G2,9.60019734746767E-06,4.81626725390081E-07,0,0,0
GJ776,301.393935,-67.32316,2453573.752336,1.985332,0.894803,-10479.044924,0.997826,-5.894169,0.258865,-10478.975856,0.181901,-5.848483,0.258943,-3.242749,2.768021,-3.299066,1.068464,0.415682,0.000178,0.350502,0.000261,0.484624,0.000343,0,6.734696,42.681479,-0.023313,-10.6,399.2,2453573.75233,-4.667739,-4.667498,0.562,-9999999,0.839096,-0.917994,0.856541,-0.770028,0.981106,0.52,899.9994,-3.217597,2.728628,2005-07-22T05:49:48.381,-9999999,G2,072.C-0488(E),Mayor,-9999999,HARPS_ech_obs_all,HARPS_ech_obs_thosimult,STAR_WAVE_G2,8.18789689879232E-06,2.55208580040474E-07,0,0,0
GJ776,301.393935,-67.32316,2453671.5833956,6.538949,0.959304,-10475.146803,1.037617,-0.737155,0.431946,-10473.465275,0.337715,-0.732666,0.432026,-1.120566,4.025975,5.416216,1.000858,0.415071,0.000325,0.356086,0.000486,0.495547,0.000633,0,6.735563,42.608824,-0.022644,-10.6,217.4,2453671.58339,-19.958855,-19.958918,0.232,-9999999,0.968127,-0.314597,0.856555,0.713401,0.98112,0.5,270.0021,-1.100959,4.028784,2005-10-28T01:59:37.348,-9999999,G2,072.C-0488(E),Mayor,-9999999,HARPS_ech_obs_all,HARPS_ech_obs_thosimult,STAR_WAVE_G2,9.9677819259995E-06,3.6217931581067E-07,0,0,0
GJ776,301.393935,-67.32316,2453671.5868829,6.032749,0.97383,-10475.56082,1.046955,-1.244532,0.463314,-10473.885843,0.365404,-1.235788,0.463408,-2.432843,4.980538,3.379756,0.949073,0.414993,0.000356,0.356325,0.000531,0.495805,0.000691,0,6.733983,42.61141,-0.021136,-10.6,199.5,2453671.58688,-19.960427,-19.96049,-0.022,-9999999,0.968131,-0.315774,0.856554,0.706846,0.981119,0.5,270.0021,-2.403105,4.979513,2005-10-28T02:04:38.668,-9999999,G2,072.C-0488(E),Mayor,-9999999,HARPS_ech_obs_all,HARPS_ech_obs_thosimult,STAR_WAVE_G2,8.95343793702669E-06,4.41999305654281E-07,0,0,0
GJ776,301.393935,-67.32316,2453671.5903297,5.857751,0.989647,-10475.671203,1.056005,-1.420692,0.4957,-10474.002699,0.390581,-1.386722,0.49579,2.244032,4.123459,2.179343,1.107514,0.414904,0.000383,0.356714,0.00057,0.494353,0.00074,0,6.735444,42.626885,-0.022436,-10.6,185.8,2453671.59032,-19.961919,-19.961978,-0.096,-9999999,0.968136,-0.316936,0.856553,0.700368,0.981118,0.49,270.0023,2.281104,4.120584,2005-10-28T02:09:39.197,-9999999,G2,072.C-0488(E),Mayor,-9999999,HARPS_ech_obs_all,HARPS_ech_obs_thosimult,STAR_WAVE_G2,9.03270285464799E-06,4.06794104127089E-07,0,0,0
GJ776,301.393935,-67.32316,2453810.9075206,-2.982344,0.697046,-10483.601165,0.80597,-11.078346,0.364904,-10484.277887,0.273906,-11.037328,0.364998,4.314599,3.502654,-6.928848,0.851161,0.413483,0.000278,0.358429,0.000408,0.486287,0.000527,0,6.728851,42.705276,-0.025282,-10.6,260,2453810.90763,19.490874,19.490737,-0.216,-9999999,1.151882,-1.134494,0.5939,-1.828604,0.757999,0.49,300,4.319515,3.423916,2006-03-16T09:46:28.213,-9999999,G2,072.C-0488(E),Mayor,-9999999,HARPS_ech_obs_all,HARPS_ech_obs_thosimult,STAR_WAVE_G2,8.19414610538164E-06,2.7129703419644E-07,0,0,0
GJ776,301.393935,-67.32316,2453810.9113693,-2.300103,0.690618,-10483.380571,0.802325,-10.397403,0.352466,-10484.064522,0.262978,-10.360642,0.35263,2.712765,3.633155,-7.781948,0.822683,0.412982,0.000267,0.359607,0.000392,0.486799,0.000506,0,6.729115,42.693993,-0.023882,-10.6,271,2453810.91149,19.488957,19.488815,-0.049,-9999999,1.151887,-1.135793,0.593903,-1.835838,0.758002,0.48,299.9984,2.714706,3.561647,2006-03-16T09:52:03.716,-9999999,G2,072.C-0488(E),Mayor,-9999999,HARPS_ech_obs_all,HARPS_ech_obs_thosimult,STAR_WAVE_G2,8.23396264700537E-06,2.74783793653387E-07,0,0,0
GJ776,301.393935,-67.32316,2453810.9152182,-1.232512,0.682758,-10482.028531,0.797872,-9.33111,0.336799,-10482.71971,0.249053,-9.277479,0.336925,-1.790144,3.288477,-7.53184,0.838093,0.41259,0.000254,0.359465,0.000372,0.48498,0.000479,0,6.729804,42.697211,-0.025635,-10.6,285.3,2453810.91533,19.486971,19.486828,0.066,-9999999,1.151893,-1.137091,0.593906,-1.843072,0.758005,0.47,299.9997,-1.784465,3.221981,2006-03-16T09:57:39.240,-9999999,G2,072.C-0488(E),Mayor,-9999999,HARPS_ech_obs_all,HARPS_ech_obs_thosimult,STAR_WAVE_G2,8.53534205410651E-06,2.71089828578416E-07,0,0,0
GJ776,301.393935,-67.32316,2453815.9098021,-0.845206,0.915592,-10481.294039,1.009519,-8.16601,0.323349,-10481.396646,0.237588,-8.124495,0.323477,1.270952,3.233513,-8.843728,0.920952,0.418612,0.000244,0.365337,0.000354,0.496283,0.000458,0,6.729005,42.71683,-0.024676,-10.6,299.4,2453815.90992,20.062255,20.062108,0.334,-9999999,1.15848,-0.359297,0.856594,-1.261087,0.981162,0.49,420.0029,1.276318,3.180925,2006-03-21T09:48:18.175,-9999999,G2,072.C-0488(E),Mayor,-9999999,HARPS_ech_obs_all,HARPS_ech_obs_thosimult,STAR_WAVE_G2,7.92064982387978E-06,3.41506069600536E-07,0,0,0
GJ776,301.393935,-67.32316,2453815.9148633,-1.84406,0.919,-10482.424382,1.011478,-9.166571,0.332869,-10482.536494,0.245767,-9.13193,0.332968,4.446812,2.688825,-9.944293,0.781706,0.418754,0.000253,0.364949,0.000366,0.495516,0.000474,0,6.727314,42.71902,-0.025189,-10.6,289.1,2453815.91496,20.059217,20.059077,0.534,-9999999,1.158487,-0.361004,0.856597,-1.270599,0.981165,0.45,419.9998,4.463216,2.615609,2006-03-21T09:55:52.231,-9999999,G2,072.C-0488(E),Mayor,-9999999,HARPS_ech_obs_all,HARPS_ech_obs_thosimult,STAR_WAVE_G2,9.05141504158218E-06,2.90749672656047E-07,0,0,0
GJ776,301.393935,-67.32316,2453816.9142613,0.850842,0.887416,-10479.686143,0.61487,-7.027299,0.352612,-10480.631967,0.264674,-6.988788,0.352693,1.10137,2.838546,-8.450541,0.889424,0.419562,0.000267,0.359473,0.000392,0.486632,0.000505,0,6.731807,42.710998,-0.025546,-10.6,270.9,2453816.91437,20.156916,20.156768,0.294,-9999999,1.159805,-0.916634,0.814353,-2.105629,0.554989,0.47,420.0014,1.112796,2.789875,2006-03-22T09:54:46.065,-9999999,G2,072.C-0488(E),Mayor,-9999999,HARPS_ech_obs_all,HARPS_ech_obs_thosimult,STAR_WAVE_G2,8.05852841649738E-06,3.09227891501929E-07,0,0,0
GJ776,301.393935,-67.32316,2453816.9195318,0.31297,0.894231,-10480.532023,0.621183,-7.566949,0.369422,-10481.487746,0.279014,-7.544442,0.369404,6.083674,3.372771,-5.62255,0.975809,0.41847,0.000281,0.358888,0.000412,0.486222,0.000532,0,6.731765,42.697734,-0.025937,-10.6,257.3,2453816.91964,20.153559,20.153413,0.072,-9999999,1.159812,-0.918412,0.814356,-2.115535,0.554995,0.47,420.0005,6.092905,3.32488,2006-03-22T10:02:21.400,-9999999,G2,072.C-0488(E),Mayor,-9999999,HARPS_ech_obs_all,HARPS_ech_obs_thosimult,STAR_WAVE_G2,8.44588262850292E-06,3.25884914213723E-07,0,0,0
GJ776,301.393935,-67.32316,2453862.8588845,-0.930087,0.969947,-10481.562876,1.042338,-7.690723,0.455067,-10480.682529,0.351909,-7.624527,0.455117,5.592954,4.674364,-9.10653,0.999255,0.417498,0.000353,0.356321,0.000516,0.485547,0.000669,0,6.7282,42.713557,-0.025849,-10.6,204.6,2453862.859,18.056817,18.056832,0.459,-9999999,1.220401,0.200872,0.85657,-0.340054,0.981137,0.48,280.0002,5.572285,4.639879,2006-05-07T08:31:38.704,-9999999,G2,072.C-0488(E),Mayor,-9999999,HARPS_ech_obs_all,HARPS_ech_obs_thosimult,STAR_WAVE_G2,8.53108702053862E-06,4.02238514920853E-07,0,0,0
GJ776,301.393935,-67.32316,2453862.8624528,-1.410686,0.958641,-10482.114386,1.035693,-8.172525,0.43044,-10481.24074,0.331705,-8.138961,0.430554,-5.422414,3.843421,-9.859033,0.920509,0.417147,0.000333,0.356653,0.000487,0.484462,0.000629,0,6.728851,42.713271,-0.026194,-10.6,217,2453862.86256,18.052839,18.052855,0.163,-9999999,1.220406,0.199668,0.856571,-0.34676,0.981138,0.46,280.0004,-5.442982,3.796217,2006-05-07T08:36:52.585,-9999999,G2,072.C-0488(E),Mayor,-9999999,HARPS_ech_obs_all,HARPS_ech_obs_thosimult,STAR_WAVE_G2,9.26059646452638E-06,3.78017021148042E-07,0,0,0
GJ776,301.393935,-67.32316,2453862.866142,-1.142226,0.962159,-10481.165263,1.037887,-7.90531,0.438215,-10480.298546,0.338489,-7.866686,0.438232,6.126122,4.183229,-8.299076,1.031182,0.416478,0.00034,0.356524,0.000497,0.485209,0.000644,0,6.73133,42.700446,-0.026912,-10.6,212.5,2453862.86626,18.048702,18.048712,0.333,-9999999,1.220411,0.198423,0.856573,-0.353694,0.98114,0.47,280.0004,6.102118,4.143675,2006-05-07T08:42:08.516,-9999999,G2,072.C-0488(E),Mayor,-9999999,HARPS_ech_obs_all,HARPS_ech_obs_thosimult,STAR_WAVE_G2,9.01572092560428E-06,4.022531391706E-07,0,0,0
GJ776,301.393935,-67.32316,2453870.8474426,1.573342,0.946468,-10479.67696,1.028531,-5.851609,0.402614,-10478.83451,0.308635,-5.804217,0.402692,0.218237,3.790988,-4.494895,0.800655,0.416684,0.00031,0.357162,0.000452,0.484007,0.000583,0,6.729698,42.674215,-0.022462,-10.6,233.6,2453870.84755,16.496162,16.496208,0.868,-9999999,1.230938,-0.463444,0.856565,-0.388488,0.981132,0.46,420.0018,0.216226,3.765946,2006-05-15T08:13:31.596,-9999999,G2,072.C-0488(E),Mayor,-9999999,HARPS_ech_obs_all,HARPS_ech_obs_thosimult,STAR_WAVE_G2,8.0176644966841E-06,3.29431513705316E-07,0,0,0
GJ776,301.393935,-67.32316,2453870.8529487,1.785636,0.952848,-10479.401227,1.032375,-5.641172,0.417386,-10478.569119,0.321206,-5.612068,0.417392,-1.172462,4.008071,-3.715238,1.079613,0.416381,0.000323,0.357017,0.00047,0.484767,0.000608,0,6.729959,42.676628,-0.022651,-10.6,224.4,2453870.85307,16.489726,16.489756,0,-9999999,1.230945,-0.465301,0.856568,-0.398837,0.981134,0.5,420.0008,-1.17566,3.980981,2006-05-15T08:21:10.503,-9999999,G2,072.C-0488(E),Mayor,-9999999,HARPS_ech_obs_all,HARPS_ech_obs_thosimult,STAR_WAVE_G2,8.52057157103051E-06,3.82594957056233E-07,0,0,0
GJ776,301.393935,-67.32316,2453882.8603145,-1.174373,0.959419,-10481.532073,1.036035,-9.104919,0.432171,-10481.66518,0.332775,-9.059251,0.432229,8.657018,4.462195,-5.114228,0.863721,0.416787,0.000341,0.365257,0.000493,0.495644,0.000638,0,6.72956,42.673909,-0.023588,-10.6,214.8,2453882.86043,13.585844,13.585903,0,-9999999,1.246782,-0.969039,0.856571,-1.379889,0.981137,0.48,200.0002,8.667567,4.415783,2006-05-27T08:32:48.740,-9999999,G2,072.C-0488(E),Mayor,-9999999,HARPS_ech_obs_all,HARPS_ech_obs_thosimult,STAR_WAVE_G2,8.84706438387238E-06,3.26754971831197E-07,0,0,0
GJ776,301.393935,-67.32316,2453882.8629017,-1.175545,0.958779,-10481.805344,1.035877,-9.106964,0.430746,-10481.943311,0.332278,-9.052829,0.43081,8.494411,4.296128,-4.688005,0.844589,0.416116,0.00034,0.365246,0.000491,0.496482,0.000637,0,6.727675,42.679396,-0.025501,-10.6,215.4,2453882.863,13.582603,13.582691,0,-9999999,1.246785,-0.969912,0.856572,-1.384752,0.981138,0.43,199.9991,8.510177,4.250055,2006-05-27T08:36:42.263,-9999999,G2,072.C-0488(E),Mayor,-9999999,HARPS_ech_obs_all,HARPS_ech_obs_thosimult,STAR_WAVE_G2,9.43114331351379E-06,3.50203334250081E-07,0,0,0
GJ776,301.393935,-67.32316,2453882.8656797,-1.161611,0.959487,-10481.231876,1.035784,-9.093967,0.432317,-10481.37506,0.331983,-9.054177,0.432402,-1.081233,4.632983,-4.204338,0.837777,0.416071,0.00034,0.364339,0.00049,0.496046,0.000636,0,6.727076,42.662864,-0.023494,-10.6,215.4,2453882.86579,13.579126,13.579195,0,-9999999,1.246789,-0.970849,0.856573,-1.389973,0.98114,0.46,199.9988,-1.07438,4.590173,2006-05-27T08:40:36.266,-9999999,G2,072.C-0488(E),Mayor,-9999999,HARPS_ech_obs_all,HARPS_ech_obs_thosimult,STAR_WAVE_G2,9.47858986731397E-06,4.10360943328623E-07,0,0,0
GJ776,301.393935,-67.32316,2453882.8683197,0.776775,0.978242,-10480.304605,1.04702,-7.156472,0.472482,-10480.452748,0.365533,-7.116069,0.47254,2.546947,5.143669,-3.142719,0.925251,0.415811,0.000375,0.365696,0.000543,0.495678,0.000703,0,6.729013,42.66963,-0.022887,-10.6,195,2453882.86842,13.575823,13.575915,0,-9999999,1.246792,-0.971739,0.856574,-1.394935,0.981141,0.43,199.9976,2.555002,5.113348,2006-05-27T08:44:30.360,-9999999,G2,072.C-0488(E),Mayor,-9999999,HARPS_ech_obs_all,HARPS_ech_obs_thosimult,STAR_WAVE_G2,1.04129790448137E-05,3.79631895518987E-07,0,0,0
GJ776,301.393935,-67.32316,2453883.8470127,0.313803,0.834222,-10480.291618,0.851761,-7.838772,0.383748,-10480.266532,0.291844,-7.790385,0.383775,-3.966019,3.847302,-1.124747,0.843709,0.413732,0.000299,0.356926,0.000431,0.485889,0.000559,0,6.731634,42.654615,-0.023679,-10.6,245.4,2453883.84712,13.332554,13.33263,0,-9999999,1.248083,-1.191068,0.740718,-1.222997,0.800203,0.46,299.9996,-3.959585,3.800272,2006-05-28T08:12:53.640,-9999999,G2,072.C-0488(E),Mayor,-9999999,HARPS_ech_obs_all,HARPS_ech_obs_thosimult,STAR_WAVE_G2,9.31406556595045E-06,2.52434935034074E-07,0,0,0
GJ776,301.393935,-67.32316,2453883.850918,0.335594,0.833868,-10480.119978,0.851632,-7.818298,0.382975,-10480.102227,0.291461,-7.769714,0.382992,1.14013,3.610698,-0.565466,0.786395,0.41321,0.000296,0.357152,0.000429,0.485969,0.000556,0,6.73346,42.647115,-0.023006,-10.6,246.7,2453883.85103,13.327649,13.327714,0,-9999999,1.248088,-1.192385,0.74072,-1.230337,0.800205,0.47,299.9999,1.139155,3.560706,2006-05-28T08:18:28.043,-9999999,G2,072.C-0488(E),Mayor,-9999999,HARPS_ech_obs_all,HARPS_ech_obs_thosimult,STAR_WAVE_G2,8.87377482912117E-06,3.77302479753794E-07,0,0,0
GJ776,301.393935,-67.32316,2453883.8547788,0.931204,0.838263,-10479.97606,0.854272,-7.22399,0.392449,-10479.96556,0.299081,-7.17205,0.392542,2.473864,3.889603,-3.060808,0.905802,0.414195,0.000303,0.356518,0.000439,0.484836,0.000568,0,6.73206,42.665441,-0.021803,-10.6,241.1,2453883.85489,13.322797,13.322869,0,-9999999,1.248093,-1.193687,0.740722,-1.237593,0.800207,0.47,300.0001,2.469938,3.849387,2006-05-28T08:24:01.596,-9999999,G2,072.C-0488(E),Mayor,-9999999,HARPS_ech_obs_all,HARPS_ech_obs_thosimult,STAR_WAVE_G2,9.58161465569774E-06,3.78335685558608E-07,0,0,0
GJ776,301.393935,-67.32316,2453886.8756185,1.466754,0.940923,-10478.855083,1.024325,-6.417498,0.389373,-10478.948727,0.294275,-6.359624,0.389456,5.893518,3.546506,-6.379975,0.90056,0.414267,0.000296,0.355145,0.00043,0.487236,0.000559,0,6.728102,42.676301,-0.023778,-10.6,245.8,2453886.87572,12.464425,12.464517,0,-9999999,1.252077,-0.922744,0.856577,-1.345721,0.981144,0.45,249.9996,5.895283,3.506767,2006-05-31T08:54:19.408,-9999999,G2,072.C-0488(E),Mayor,-9999999,HARPS_ech_obs_all,HARPS_ech_obs_thosimult,STAR_WAVE_G2,8.11350455456544E-06,3.52956678082958E-07,0,0,0
GJ776,301.393935,-67.32316,2453886.8789556,0.274464,0.970778,-10480.088052,1.041941,-7.610913,0.456818,-10480.187963,0.350704,-7.561233,0.456887,-0.593809,4.58981,-3.997632,1.076348,0.414466,0.000353,0.355987,0.000514,0.487748,0.000669,0,6.728531,42.674319,-0.023561,-10.6,205.9,2453886.87907,12.460257,12.460337,0,-9999999,1.252082,-0.92387,0.856579,-1.351993,0.981146,0.47,249.9993,-0.591377,4.552749,2006-05-31T08:59:02.725,-9999999,G2,072.C-0488(E),Mayor,-9999999,HARPS_ech_obs_all,HARPS_ech_obs_thosimult,STAR_WAVE_G2,9.60977785786705E-06,3.97854195676203E-07,0,0,0
GJ776,301.393935,-67.32316,2453886.88221,2.259085,0.955206,-10478.023259,1.033197,-5.62739,0.422716,-10478.129283,0.323799,-5.57831,0.42287,-0.019796,3.624236,-3.029004,0.838681,0.414867,0.000326,0.355807,0.000473,0.488835,0.000616,0,6.731994,42.661397,-0.020799,-10.6,223.5,2453886.88232,12.456206,12.456286,0,-9999999,1.252086,-0.924968,0.85658,-1.35811,0.981148,0.46,250.0005,-0.01453,3.592776,2006-05-31T09:03:46.393,-9999999,G2,072.C-0488(E),Mayor,-9999999,HARPS_ech_obs_all,HARPS_ech_obs_thosimult,STAR_WAVE_G2,9.40296004160725E-06,3.54510733895224E-07,0,0,0
GJ776,301.393935,-67.32316,2453917.821679,0.53755,1.378814,-10480.26716,1.268177,-6.964212,1.080481,-10479.57622,0.803538,-6.926653,1.080728,-0.511114,9.559524,-4.309561,2.479986,0.412448,0.000851,0.354245,0.001241,0.488748,0.001621,0,6.735712,42.654209,-0.025073,-10.6,86.4,2453917.82177,2.602218,2.602366,0,-9999999,1.292892,-0.540255,0.856556,-0.601952,0.981122,0.37,60.0018,-0.495728,9.545339,2006-07-01T07:37:00.225,-9999999,G2,072.C-0488(E),Mayor,-9999999,HARPS_ech_obs_all,HARPS_ech_obs_thosimult,STAR_WAVE_G2,7.94605135617217E-06,9.25407317358228E-07,0,0,0
GJ776,301.393935,-67.32316,2453917.8227503,4.332396,1.418098,-10476.667562,1.289297,-3.169727,1.130183,-10475.978633,0.836472,-3.183999,1.130407,1.453431,9.84838,-6.237563,2.979899,0.413851,0.000884,0.356887,0.001295,0.488011,0.001683,0,6.726737,42.670596,-0.026945,-10.6,83.2,2453917.82283,2.600865,2.601024,0,-9999999,1.292894,-0.540616,0.856557,-0.603965,0.981123,0.35,60.0004,1.461147,9.843705,2006-07-01T07:38:33.981,-9999999,G2,072.C-0488(E),Mayor,-9999999,HARPS_ech_obs_all,HARPS_ech_obs_thosimult,STAR_WAVE_G2,7.19579300298826E-06,7.26388258484577E-07,0,0,0
GJ776,301.393935,-67.32316,2453917.8239132,1.76633,1.460701,-10479.010411,1.311285,-5.736185,1.183198,-10478.323667,0.869981,-5.747678,1.18339,16.517175,10.229419,-4.901873,2.864473,0.411979,0.000919,0.355459,0.001349,0.489318,0.001757,0,6.739336,42.668518,-0.022681,-10.6,79.8,2453917.824,2.599399,2.599553,0,-9999999,1.292895,-0.541008,0.856557,-0.606151,0.981123,0.37,60.0027,16.535624,10.219046,2006-07-01T07:40:13.256,-9999999,G2,072.C-0488(E),Mayor,-9999999,HARPS_ech_obs_all,HARPS_ech_obs_thosimult,STAR_WAVE_G2,1.51952093211323E-06,1.37478077705333E-06,0,0,0
GJ776,301.393935,-67.32316,2453917.8250105,-1.178078,1.526077,-10481.13741,1.352675,-8.680964,1.26302,-10480.452726,0.931197,-8.678405,1.263255,4.107612,11.061291,-10.729274,2.853681,0.412177,0.000983,0.356449,0.001443,0.492607,0.001885,0,6.729021,42.687096,-0.02168,-10.6,74.8,2453917.8251,2.598018,2.598172,0,-9999999,1.292897,-0.541378,0.856558,-0.608213,0.981123,0.37,59.9997,4.114034,11.047188,2006-07-01T07:41:48.061,-9999999,G2,072.C-0488(E),Mayor,-9999999,HARPS_ech_obs_all,HARPS_ech_obs_thosimult,STAR_WAVE_G2,1.05793522096254E-05,8.19640925230185E-07,0,0,0
GJ776,301.393935,-67.32316,2453917.826078,1.025469,1.494287,-10480.338887,1.334665,-6.477777,1.224419,-10479.656209,0.904835,-6.422401,1.224647,-0.644872,8.651227,-4.910457,2.703794,0.41444,0.000963,0.35791,0.00141,0.488949,0.001833,0,6.732024,42.654681,-0.024983,-10.6,76.8,2453917.82616,2.596678,2.596828,0,-9999999,1.292898,-0.541738,0.856558,-0.61022,0.981124,0.35,60.0011,-0.62532,8.638889,2006-07-01T07:43:21.497,-9999999,G2,072.C-0488(E),Mayor,-9999999,HARPS_ech_obs_all,HARPS_ech_obs_thosimult,STAR_WAVE_G2,2.45985163785002E-06,1.14869898228594E-06,0,0,0
GJ776,301.393935,-67.32316,2453917.8271703,4.407645,1.537688,-10476.207565,1.359433,-3.095969,1.277025,-10475.526938,0.940985,-3.065521,1.277257,-1.547858,10.983348,1.060838,3.421868,0.413857,0.001004,0.356153,0.001464,0.489532,0.001909,0,6.742233,42.604091,-0.024573,-10.6,73.9,2453917.82725,2.595309,2.595468,0,-9999999,1.2929,-0.542107,0.856558,-0.612273,0.981124,0.36,60.0027,-1.539796,10.978712,2006-07-01T07:44:55.272,-9999999,G2,072.C-0488(E),Mayor,-9999999,HARPS_ech_obs_all,HARPS_ech_obs_thosimult,STAR_WAVE_G2,1.00701476616923E-05,1.00562694128456E-06,0,0,0
GJ776,301.393935,-67.32316,2453917.8282571,2.805643,1.455924,-10477.625011,1.312467,-4.698338,1.177294,-10476.946425,0.87176,-4.709717,1.177595,5.771995,9.787363,-3.644811,3.089681,0.412441,0.000923,0.357637,0.001356,0.48788,0.00176,0,6.738939,42.659673,-0.028918,-10.6,79.7,2453917.82834,2.593951,2.59411,0,-9999999,1.292901,-0.542473,0.856559,-0.614315,0.981124,0.35,59.9997,5.774508,9.779915,2006-07-01T07:46:29.767,-9999999,G2,072.C-0488(E),Mayor,-9999999,HARPS_ech_obs_all,HARPS_ech_obs_thosimult,STAR_WAVE_G2,8.43533295451603E-06,9.11694082095854E-07,0,0,0
GJ776,301.393935,-67.32316,2453917.8293618,1.832516,1.533499,-10479.298296,1.362267,-5.671837,1.271977,-10478.621785,0.945074,-5.618053,1.272175,18.895002,11.598536,-8.728481,2.691307,0.412711,0.000993,0.355716,0.001458,0.486426,0.001893,0,6.731866,42.687476,-0.021489,-10.6,74,2453917.82945,2.592573,2.592727,0,-9999999,1.292903,-0.542846,0.856559,-0.616392,0.981125,0.38,59.9992,18.89847,11.589781,2006-07-01T07:48:03.412,-9999999,G2,072.C-0488(E),Mayor,-9999999,HARPS_ech_obs_all,HARPS_ech_obs_thosimult,STAR_WAVE_G2,5.44191667529701E-06,1.13633187841609E-06,0,0,0
GJ776,301.393935,-67.32316,2453917.8304385,3.546017,1.585336,-10477.456363,1.395705,-3.958699,1.334015,-10476.781874,0.992666,-3.942732,1.334168,12.715041,12.486772,-3.962102,2.855944,0.412157,0.001041,0.359016,0.001536,0.487441,0.001986,0,6.73364,42.650145,-0.024086,-10.6,70.8,2453917.83052,2.591232,2.591394,0,-9999999,1.292904,-0.543209,0.856559,-0.618415,0.981125,0.34,60.0004,12.718934,12.481286,2006-07-01T07:49:38.837,-9999999,G2,072.C-0488(E),Mayor,-9999999,HARPS_ech_obs_all,HARPS_ech_obs_thosimult,STAR_WAVE_G2,-9999999,-9999999,-9999999,-9999999,-9999999
GJ776,301.393935,-67.32316,2453917.8315735,4.287524,1.556703,-10476.828712,1.377848,-3.217575,1.299858,-10476.156356,0.967397,-3.172406,1.299983,6.727285,11.230875,-4.851943,3.032965,0.41256,0.001023,0.355105,0.001498,0.489128,0.001951,0,6.735357,42.660409,-0.025602,-10.6,72.2,2453917.83166,2.589823,2.589974,0,-9999999,1.292905,-0.543592,0.85656,-0.620549,0.981126,0.39,59.9992,6.740522,11.226009,2006-07-01T07:51:13.903,-9999999,G2,072.C-0488(E),Mayor,-9999999,HARPS_ech_obs_all,HARPS_ech_obs_thosimult,STAR_WAVE_G2,5.68973931679537E-06,1.05163943397972E-06,0,0,0
GJ776,301.393935,-67.32316,2453919.8203977,-2.409608,1.464026,-10483.004819,1.317141,-9.804704,1.187301,-10482.149017,0.878783,-9.737213,1.187449,18.06972,10.121611,-6.041724,2.612332,0.416751,0.000938,0.358583,0.001368,0.494806,0.001762,0,6.735841,42.666295,-0.023857,-10.6,79,2453919.82049,1.909573,1.909729,0.105,-9999999,1.295528,-0.433588,0.856556,-0.439726,0.981122,0.36,60.0003,18.07925,10.103439,2006-07-03T07:35:08.785,-9999999,G2,072.C-0488(E),Mayor,-9999999,HARPS_ech_obs_all,HARPS_ech_obs_thosimult,STAR_WAVE_G2,9.53837688894845E-06,8.68705459062582E-07,0,0,0
GJ776,301.393935,-67.32316,2453919.8214795,-1.81657,1.407702,-10483.712469,1.285687,-9.212031,1.11711,-10482.858699,0.830897,-9.16991,1.117342,17.840021,10.228673,-13.090416,2.922534,0.414981,0.000896,0.358688,0.001301,0.493736,0.001674,0,6.732267,42.702551,-0.022698,-10.6,82.9,2453919.82156,1.908216,1.908372,0.084,-9999999,1.29553,-0.433953,0.856556,-0.44176,0.981122,0.36,59.9995,17.857694,10.212218,2006-07-03T07:36:42.251,-9999999,G2,072.C-0488(E),Mayor,-9999999,HARPS_ech_obs_all,HARPS_ech_obs_thosimult,STAR_WAVE_G2,1.93484845124188E-06,1.13280276629367E-06,0,0,0
GJ776,301.393935,-67.32316,2453919.8225825,2.960254,1.685249,-10479.049804,1.469728,-4.435579,1.451335,-10478.198106,1.094303,-4.409887,1.45164,28.450892,13.83385,-8.249675,3.346702,0.415463,0.001147,0.3588,0.001677,0.493144,0.002152,0,6.72878,42.689038,-0.021221,-10.6,65,2453919.82266,1.906836,1.906999,0.118,-9999999,1.295531,-0.434325,0.856557,-0.443833,0.981122,0.36,59.9998,28.460071,13.827837,2006-07-03T07:38:17.556,-9999999,G2,072.C-0488(E),Mayor,-9999999,HARPS_ech_obs_all,HARPS_ech_obs_thosimult,STAR_WAVE_G2,8.15971298447242E-06,1.32446467050268E-06,0,0,0
GJ776,301.393935,-67.32316,2453919.8236825,-3.144823,1.681098,-10484.132853,1.463326,-10.541027,1.446513,-10483.28322,1.085689,-10.523927,1.446857,-2.888062,12.459359,-17.350091,3.076603,0.414536,0.001118,0.357004,0.001645,0.498258,0.00213,0,6.729504,42.721768,-0.018968,-10.6,66,2453919.82376,1.905462,1.905629,0.544,-9999999,1.295533,-0.434696,0.856557,-0.4459,0.981123,0.36,60,-2.864212,12.44552,2006-07-03T07:39:52.591,-9999999,G2,072.C-0488(E),Mayor,-9999999,HARPS_ech_obs_all,HARPS_ech_obs_thosimult,STAR_WAVE_G2,1.22791073157523E-05,1.04304193497921E-06,0,0,0
GJ776,301.393935,-67.32316,2453919.8247968,-2.659084,1.667626,-10484.557328,1.453324,-10.055664,1.430834,-10483.709789,1.07217,-10.024787,1.431053,25.160001,12.636525,-12.567963,3.175413,0.414922,0.001119,0.359494,0.001641,0.495592,0.002115,0,6.731361,42.694415,-0.022047,-10.6,66.3,2453919.82488,1.904074,1.904233,-0.051,-9999999,1.295534,-0.435072,0.856557,-0.447995,0.981123,0.38,59.9988,25.166756,12.62174,2006-07-03T07:41:27.666,-9999999,G2,072.C-0488(E),Mayor,-9999999,HARPS_ech_obs_all,HARPS_ech_obs_thosimult,STAR_WAVE_G2,1.07761952714922E-05,1.10163357934405E-06,0,0,0
GJ776,301.393935,-67.32316,2453919.825872,1.090314,1.520664,-10479.591178,1.351945,-6.306628,1.256474,-10478.745657,0.930135,-6.289281,1.256747,-7.577205,10.386593,-9.402067,2.801054,0.414105,0.000984,0.355927,0.001435,0.492425,0.001851,0,6.725588,42.6907,-0.022188,-10.6,75,2453919.82595,1.902737,1.902902,0.014,-9999999,1.295536,-0.435435,0.856558,-0.450015,0.981124,0.35,60.0014,-7.552941,10.376097,2006-07-03T07:43:02.362,-9999999,G2,072.C-0488(E),Mayor,-9999999,HARPS_ech_obs_all,HARPS_ech_obs_thosimult,STAR_WAVE_G2,8.13819150163216E-06,9.57400153524246E-07,0,0,0
GJ776,301.393935,-67.32316,2453919.8269776,-0.069857,1.572464,-10480.155423,1.383647,-7.467172,1.318693,-10479.311979,0.97564,-7.429664,1.318839,6.13239,10.174137,-11.965605,3.078824,0.415539,0.001027,0.356336,0.001499,0.496477,0.00194,0,6.728451,42.674935,-0.030715,-10.6,72,2453919.82706,1.901366,1.901527,0.01,-9999999,1.295537,-0.435808,0.856558,-0.452093,0.981124,0.37,60.0009,6.155565,10.160929,2006-07-03T07:44:36.687,-9999999,G2,072.C-0488(E),Mayor,-9999999,HARPS_ech_obs_all,HARPS_ech_obs_thosimult,STAR_WAVE_G2,3.46159318936515E-06,1.32073221360455E-06,0,0,0
GJ776,301.393935,-67.32316,2453919.8280884,-2.929142,1.574962,-10485.194859,1.385663,-10.326832,1.32167,-10484.353501,0.978497,-10.303022,1.321834,20.195262,12.731454,-11.357472,2.482164,0.414271,0.001025,0.361728,0.001514,0.493798,0.001938,0,6.731794,42.694217,-0.018989,-10.6,71.9,2453919.82817,1.899992,1.900155,0.022,-9999999,1.295539,-0.436183,0.856559,-0.454181,0.981124,0.37,60.0009,20.20244,12.713511,2006-07-03T07:46:12.663,-9999999,G2,072.C-0488(E),Mayor,-9999999,HARPS_ech_obs_all,HARPS_ech_obs_thosimult,STAR_WAVE_G2,8.42909734862883E-06,1.10188294311084E-06,0,0,0
GJ776,301.393935,-67.32316,2453919.8291724,-0.464587,1.463388,-10481.853376,1.31513,-7.862642,1.186512,-10481.014055,0.875763,-7.833272,1.186572,8.862406,10.372514,-4.640604,2.820905,0.414655,0.000913,0.360168,0.001348,0.492139,0.001727,0,6.73399,42.645194,-0.024771,-10.6,80.1,2453919.82926,1.898654,1.898815,0.029,-9999999,1.29554,-0.436548,0.856559,-0.456219,0.981125,0.36,59.999,8.889985,10.358075,2006-07-03T07:47:46.918,-9999999,G2,072.C-0488(E),Mayor,-9999999,HARPS_ech_obs_all,HARPS_ech_obs_thosimult,STAR_WAVE_G2,7.32566122903691E-06,9.9136616854024E-07,0,0,0
GJ776,301.393935,-67.32316,2453919.8302525,0.651398,1.440313,-10480.597989,1.303252,-6.747022,1.157932,-10479.760697,0.857823,-6.748248,1.158168,18.540747,11.092815,-10.259603,2.79395,0.414986,0.0009,0.357018,0.001318,0.49446,0.001703,0,6.727036,42.690352,-0.02596,-10.6,81.4,2453919.83034,1.897324,1.897482,0.237,-9999999,1.295541,-0.436913,0.856559,-0.458249,0.981125,0.35,60.0012,18.555418,11.08114,2006-07-03T07:49:20.833,-9999999,G2,072.C-0488(E),Mayor,-9999999,HARPS_ech_obs_all,HARPS_ech_obs_thosimult,STAR_WAVE_G2,1.1242508199236E-05,8.78493628734161E-07,0,0,0
GJ776,301.393935,-67.32316,2453921.8306336,1.035937,1.758041,-10482.113893,1.521514,-6.293412,1.535257,-10481.223338,1.162926,-6.246468,1.535531,3.188233,12.709289,-7.090723,3.737522,0.411591,0.001181,0.355474,0.001741,0.491001,0.00224,0,6.737171,42.655064,-0.021462,-10.6,62.4,2453921.83072,1.202191,1.202355,-0.436,-9999999,1.29818,-0.367842,0.856559,-0.407625,0.981125,0.36,59.9989,3.195763,12.700588,2006-07-05T07:49:52.226,-9999999,G2,072.C-0488(E),Mayor,-9999999,HARPS_ech_obs_all,HARPS_ech_obs_thosimult,STAR_WAVE_G2,3.77477342593501E-06,1.21226227207456E-06,0,0,0
GJ776,301.393935,-67.32316,2453921.831739,-1.504923,1.734992,-10482.704708,1.497779,-8.834645,1.508808,-10481.81623,1.131695,-8.855161,1.508937,14.102656,12.959042,-1.840459,3.920203,0.415167,0.001146,0.357691,0.001695,0.493496,0.002177,0,6.740519,42.607525,-0.026678,-10.6,64.1,2453921.83183,1.200851,1.201011,-0.18,-9999999,1.298181,-0.368215,0.85656,-0.409703,0.981126,0.38,59.9999,14.121249,12.945541,2006-07-05T07:51:26.531,-9999999,G2,072.C-0488(E),Mayor,-9999999,HARPS_ech_obs_all,HARPS_ech_obs_thosimult,STAR_WAVE_G2,2.26415443953785E-06,1.61875916653852E-06,0,0,0
GJ776,301.393935,-67.32316,2453921.8328093,-0.379584,1.671473,-10480.9272,1.458534,-7.709667,1.435314,-10480.040731,1.079219,-7.630263,1.435644,-5.59598,12.368386,-3.183444,3.482542,0.417107,0.001127,0.359715,0.001651,0.492264,0.002114,0,6.737639,42.612907,-0.025989,-10.6,66,2453921.83289,1.199558,1.199727,-0.253,-9999999,1.298183,-0.368576,0.85656,-0.411714,0.981126,0.36,60.0009,-5.578565,12.357827,2006-07-05T07:53:00.206,-9999999,G2,072.C-0488(E),Mayor,-9999999,HARPS_ech_obs_all,HARPS_ech_obs_thosimult,STAR_WAVE_G2,6.94236655931362E-06,1.22564495500753E-06,0,0,0
GJ776,301.393935,-67.32316,2453921.8339115,0.039283,1.726371,-10481.473572,1.498014,-7.291172,1.498887,-10480.589174,1.132005,-7.209285,1.498966,-9.076372,11.982366,-5.364957,3.327108,0.416214,0.001155,0.360919,0.001709,0.496597,0.002196,0,6.741968,42.642922,-0.023976,-10.6,63.9,2453921.83399,1.19823,1.198395,-0.343,-9999999,1.298184,-0.368948,0.85656,-0.413786,0.981126,0.37,60.0015,-9.075729,11.971157,2006-07-05T07:54:34.842,-9999999,G2,072.C-0488(E),Mayor,-9999999,HARPS_ech_obs_all,HARPS_ech_obs_thosimult,STAR_WAVE_G2,9.85788844031206E-06,1.3748702912063E-06,0,0,0
GJ776,301.393935,-67.32316,2453921.8350417,-1.935876,1.53172,-10483.979461,1.358051,-9.266712,1.26983,-10483.097185,0.938985,-9.248745,1.269973,3.538394,10.834142,0.387805,2.81608,0.417096,0.000984,0.357929,0.001442,0.489274,0.001847,0,6.737353,42.631938,-0.025818,-10.6,74.8,2453921.83513,1.196872,1.197035,-0.333,-9999999,1.298186,-0.369329,0.856561,-0.41591,0.981127,0.38,60.0006,3.55263,10.816767,2006-07-05T07:56:11.887,-9999999,G2,072.C-0488(E),Mayor,-9999999,HARPS_ech_obs_all,HARPS_ech_obs_thosimult,STAR_WAVE_G2,6.19525132913425E-07,1.53450351772623E-06,0,0,0
GJ776,301.393935,-67.32316,2453921.8361294,-2.535531,1.343989,-10482.587643,1.250721,-9.866734,1.035668,-10481.707411,0.775688,-9.829971,1.035936,-2.40634,8.704973,-6.511724,2.356447,0.415645,0.000808,0.358206,0.001186,0.492718,0.001526,0,6.732231,42.670704,-0.024543,-10.6,90.4,2453921.83621,1.195568,1.195734,-0.297,-9999999,1.298187,-0.369696,0.856561,-0.417955,0.981127,0.38,60.0006,-2.397722,8.680287,2006-07-05T07:57:45.863,-9999999,G2,072.C-0488(E),Mayor,-9999999,HARPS_ech_obs_all,HARPS_ech_obs_thosimult,STAR_WAVE_G2,6.45205663089388E-06,1.00384431090435E-06,0,0,0
GJ776,301.393935,-67.32316,2453921.8372087,-0.731337,1.270977,-10482.189121,1.20995,-8.062904,0.938981,-10481.310916,0.708073,-7.998585,0.939279,-10.935199,7.720242,-8.368472,2.093922,0.414505,0.000722,0.357605,0.001065,0.493925,0.001374,0,6.738422,42.672929,-0.028094,-10.6,100.2,2453921.83729,1.194279,1.194451,-0.524,-9999999,1.298188,-0.37006,0.856562,-0.419983,0.981128,0.37,60,-10.918451,7.699549,2006-07-05T07:59:19.718,-9999999,G2,072.C-0488(E),Mayor,-9999999,HARPS_ech_obs_all,HARPS_ech_obs_thosimult,STAR_WAVE_G2,5.57111166361326E-06,8.85108911989546E-07,0,0,0
GJ776,301.393935,-67.32316,2453921.8383189,-0.788863,1.266565,-10481.179091,1.208583,-8.120805,0.933,-10480.302971,0.705734,-8.083593,0.933168,6.314598,7.042672,-7.169027,2.062931,0.415383,0.000736,0.35792,0.001076,0.49362,0.001386,0,6.730637,42.686413,-0.020877,-10.6,99.3,2453921.83841,1.192956,1.193107,-0.461,-9999999,1.29819,-0.370434,0.856562,-0.42207,0.981128,0.39,60.0022,6.344533,7.019084,2006-07-05T08:00:54.433,-9999999,G2,072.C-0488(E),Mayor,-9999999,HARPS_ech_obs_all,HARPS_ech_obs_thosimult,STAR_WAVE_G2,8.32425758274637E-06,7.0977850374149E-07,0,0,0
GJ776,301.393935,-67.32316,2453921.8393853,-1.380217,1.296188,-10480.570766,1.222498,-8.712518,0.972833,-10479.696649,0.729307,-8.675381,0.973075,5.440613,9.747145,-6.05731,2.004977,0.415566,0.000741,0.354658,0.00109,0.49466,0.001415,0,6.731017,42.674501,-0.024075,-10.6,97.5,2453921.83947,1.19169,1.191859,-0.247,-9999999,1.298191,-0.370794,0.856562,-0.424074,0.981129,0.36,59.9993,5.459388,9.726662,2006-07-05T08:02:28.369,-9999999,G2,072.C-0488(E),Mayor,-9999999,HARPS_ech_obs_all,HARPS_ech_obs_thosimult,STAR_WAVE_G2,5.18299202588089E-06,1.06473114194696E-06,0,0,0
GJ776,301.393935,-67.32316,2453921.8404841,-0.127406,1.282828,-10481.330651,1.215921,-7.460078,0.954959,-10480.458597,0.718227,-7.407671,0.955065,3.972162,8.621241,-3.840298,2.110049,0.416014,0.000741,0.358537,0.001088,0.492146,0.0014,0,6.732358,42.66366,-0.021867,-10.6,98.3,2453921.84057,1.190388,1.190559,0,-9999999,1.298193,-0.371165,0.856563,-0.426139,0.981129,0.36,60.001,3.985809,8.604783,2006-07-05T08:04:03.304,-9999999,G2,072.C-0488(E),Mayor,-9999999,HARPS_ech_obs_all,HARPS_ech_obs_thosimult,STAR_WAVE_G2,2.64545518624223E-06,8.81468915103205E-07,0,0,0
GJ776,301.393935,-67.32316,2453950.742133,-5.029958,0.964011,-10485.309458,1.011427,-11.181089,0.442331,-10483.602544,0.340654,-11.159969,0.442453,5.372052,4.03088,-6.818889,0.936085,0.414706,0.00034,0.347634,0.000493,0.489505,0.000653,0,6.73304,42.69776,-0.026649,-10.6,212.4,2453950.74224,-8.558075,-8.557962,0.101,-9999999,1.336311,0.810376,0.85654,0.370603,0.952334,0.45,300.0019,5.380886,3.967813,2006-08-03T05:41:02.931,-9999999,G2,072.C-0488(E),Mayor,-9999999,HARPS_ech_obs_all,HARPS_ech_obs_thosimult,STAR_WAVE_G2,8.12032637766933E-06,4.56746272304938E-07,0,0,0
GJ776,301.393935,-67.32316,2453974.5978816,8.814225,1.23211,-10471.152408,1.088194,1.968471,1.009939,-10469.450614,0.756329,2.000294,1.010019,-1.604174,8.245569,15.317938,2.187883,0.41824,0.000798,0.363737,0.001166,0.496715,0.00152,0,6.746383,42.502915,-0.022575,-10.6,91.8,2453974.59798,-15.221976,-15.221936,-0.376,-9999999,1.367775,0.115753,0.705774,0.334019,0.782389,0.43,137.4997,-1.608008,8.251966,2006-08-27T02:15:58.037,-9999999,G2,072.C-0488(E),Mayor,-9999999,HARPS_ech_obs_all,HARPS_ech_obs_thosimult,STAR_WAVE_G2,6.46514757119025E-06,9.53346794160453E-07,0,0,0
GJ776,301.393935,-67.32316,2453974.5999,9.996102,1.138666,-10470.378141,1.036175,3.149667,0.893557,-10468.680138,0.679358,3.175611,0.89366,-8.226429,8.505751,13.974228,1.988622,0.417808,0.000701,0.364661,0.001029,0.495519,0.00134,0,6.739776,42.519343,-0.019591,-10.6,103.7,2453974.60001,-15.224452,-15.224415,0,-9999999,1.367778,0.115072,0.705774,0.330225,0.782388,0.44,137.5007,-8.23741,8.515305,2006-08-27T02:18:51.066,-9999999,G2,072.C-0488(E),Mayor,-9999999,HARPS_ech_obs_all,HARPS_ech_obs_thosimult,STAR_WAVE_G2,9.74487077946936E-06,7.05418882369208E-07,0,0,0
GJ776,301.393935,-67.32316,2453974.6018528,11.944514,1.120293,-10468.347609,1.026415,5.09742,0.870024,-10466.653274,0.664378,5.111143,0.870142,-4.920036,8.062921,15.288782,2.47139,0.417588,0.000684,0.365247,0.001005,0.49522,0.001306,0,6.743094,42.500363,-0.017471,-10.6,106.2,2453974.60195,-15.226848,-15.226806,0,-9999999,1.36778,0.114413,0.705773,0.326555,0.782388,0.42,137.4992,-4.926082,8.079614,2006-08-27T02:21:42.546,-9999999,G2,072.C-0488(E),Mayor,-9999999,HARPS_ech_obs_all,HARPS_ech_obs_thosimult,STAR_WAVE_G2,6.70206431094959E-06,7.17399991285499E-07,0,0,0
GJ776,301.393935,-67.32316,2453974.6038579,12.604551,1.121744,-10468.17792,1.027138,5.756781,0.871892,-10466.487351,0.665494,5.73862,0.872076,-1.826497,7.140191,13.195996,2.023259,0.417438,0.000688,0.364595,0.001009,0.498104,0.001316,0,6.744533,42.51444,-0.018246,-10.6,105.8,2453974.60396,-15.229308,-15.229258,-0.432,-9999999,1.367783,0.113737,0.705773,0.322786,0.782387,0.42,137.4992,-1.822593,7.15745,2006-08-27T02:24:35.795,-9999999,G2,072.C-0488(E),Mayor,-9999999,HARPS_ech_obs_all,HARPS_ech_obs_thosimult,STAR_WAVE_G2,1.09488355400097E-05,7.08281973616146E-07,0,0,0
GJ776,301.393935,-67.32316,2453976.5915071,6.845496,0.986169,-10474.775743,1.018433,-0.252204,0.592994,-10473.031536,0.461691,-0.230275,0.593128,-13.303544,5.709303,8.618796,1.321041,0.418243,0.000469,0.357292,0.000685,0.492415,0.000887,0,6.73988,42.560265,-0.020947,-10.6,155,2453976.59162,-15.68978,-15.68975,0,-9999999,1.370404,-0.136193,0.787964,0.373803,0.907771,0.46,174.9007,-13.303706,5.713701,2006-08-29T02:06:34.844,-9999999,G2,072.C-0488(E),Mayor,-9999999,HARPS_ech_obs_all,HARPS_ech_obs_thosimult,STAR_WAVE_G2,1.00818937293923E-05,4.98984580657947E-07,0,0,0
GJ776,301.393935,-67.32316,2453976.593945,3.686434,0.963438,-10476.551383,1.005108,-3.412088,0.55437,-10474.811754,0.431503,-3.387105,0.554411,-4.203905,4.678682,7.876429,1.357406,0.416834,0.000441,0.357777,0.000643,0.494157,0.000834,0,6.733992,42.566135,-0.023016,-10.6,165.3,2453976.59405,-15.692747,-15.692713,0,-9999999,1.370408,-0.137015,0.787963,0.369221,0.90777,0.44,174.8994,-4.19555,4.668608,2006-08-29T02:10:08.986,-9999999,G2,072.C-0488(E),Mayor,-9999999,HARPS_ech_obs_all,HARPS_ech_obs_thosimult,STAR_WAVE_G2,1.08639423907609E-05,4.05534308068593E-07,0,0,0
GJ776,301.393935,-67.32316,2453976.5963634,4.868576,0.958543,-10475.5882,1.002173,-2.230762,0.54582,-10473.853113,0.424625,-2.225851,0.545877,-1.379232,4.935031,7.297465,1.08052,0.416981,0.000432,0.356471,0.00063,0.493617,0.000818,0,6.735755,42.566744,-0.019657,-10.6,168.2,2453976.59647,-15.695691,-15.695651,0,-9999999,1.370411,-0.137831,0.787963,0.364676,0.907769,0.44,174.9024,-1.383442,4.930587,2006-08-29T02:13:37.946,-9999999,G2,072.C-0488(E),Mayor,-9999999,HARPS_ech_obs_all,HARPS_ech_obs_thosimult,STAR_WAVE_G2,1.24628160317914E-05,4.15045135105697E-07,0,0,0
GJ776,301.393935,-67.32316,2453976.5988698,4.168602,0.959848,-10476.549947,1.002869,-2.931582,0.548109,-10474.819568,0.426265,-2.896303,0.548241,-2.054266,4.994473,7.119247,1.247116,0.41708,0.000434,0.357494,0.000633,0.49479,0.000822,0,6.735418,42.574559,-0.019959,-10.6,167.6,2453976.59898,-15.698744,-15.698715,0,-9999999,1.370414,-0.138676,0.787962,0.359965,0.907769,0.47,174.9018,-2.05533,4.986763,2006-08-29T02:17:09.266,-9999999,G2,072.C-0488(E),Mayor,-9999999,HARPS_ech_obs_all,HARPS_ech_obs_thosimult,STAR_WAVE_G2,9.29454430267644E-06,4.24496222904254E-07,0,0,0
GJ776,301.393935,-67.32316,2453980.6400501,-2.781471,0.756173,-10482.250348,0.846024,-9.484228,0.538339,-10481.39841,0.419102,-9.462201,0.538454,6.754472,4.295065,3.530974,1.031174,0.416197,0.000421,0.356451,0.000617,0.495102,0.000803,0,6.739204,42.610206,-0.022961,-10.6,171.8,2453980.64015,-16.641027,-16.640999,-0.669,-9999999,1.375744,0.25875,0.531026,-0.523806,0.734921,0.45,218.2987,6.739578,4.244727,2006-09-02T03:16:30.027,-9999999,G2,072.C-0488(E),Mayor,-9999999,HARPS_ech_obs_all,HARPS_ech_obs_thosimult,STAR_WAVE_G2,1.03597069070026E-05,3.78776628721768E-07,0,0,0
GJ776,301.393935,-67.32316,2453980.6429741,-2.317957,0.761865,-10481.859724,0.849415,-9.021701,0.546306,-10481.013278,0.425907,-8.990487,0.546435,-1.520639,5.33146,4.303374,1.495277,0.416872,0.000428,0.356458,0.000627,0.493409,0.000814,0,6.739276,42.610078,-0.021723,-10.6,169.1,2453980.64308,-16.644376,-16.644354,-0.559,-9999999,1.375748,0.257764,0.531026,-0.529302,0.734921,0.45,218.3006,-1.533314,5.292601,2006-09-02T03:20:42.670,-9999999,G2,072.C-0488(E),Mayor,-9999999,HARPS_ech_obs_all,HARPS_ech_obs_thosimult,STAR_WAVE_G2,9.38995517779763E-06,4.58860802211195E-07,0,0,0
GJ776,301.393935,-67.32316,2453980.6458421,-2.059984,0.792331,-10481.235673,0.865858,-8.764695,0.588048,-10480.394613,0.457823,-8.776655,0.588121,6.706512,5.27191,5.765986,1.382912,0.417,0.000461,0.355665,0.000674,0.492342,0.000876,0,6.73976,42.604605,-0.021137,-10.6,157.1,2453980.64594,-16.647642,-16.647603,-0.399,-9999999,1.375752,0.256796,0.531025,-0.534692,0.73492,0.43,218.2998,6.703552,5.235606,2006-09-02T03:24:54.844,-9999999,G2,072.C-0488(E),Mayor,-9999999,HARPS_ech_obs_all,HARPS_ech_obs_thosimult,STAR_WAVE_G2,1.09445115196365E-05,4.79721164917767E-07,0,0,0
GJ776,301.393935,-67.32316,2453980.6488199,-3.559941,0.808299,-10482.579977,0.875047,-10.265656,0.609393,-10481.74451,0.474975,-10.232903,0.609472,4.670864,4.974852,3.41938,1.593316,0.41676,0.000476,0.354851,0.000698,0.493357,0.000908,0,6.740645,42.606294,-0.023632,-10.6,151.6,2453980.64892,-16.651015,-16.650987,-0.661,-9999999,1.375756,0.255792,0.531024,-0.540289,0.73492,0.44,218.3002,4.661446,4.925125,2006-09-02T03:29:09.956,-9999999,G2,072.C-0488(E),Mayor,-9999999,HARPS_ech_obs_all,HARPS_ech_obs_thosimult,STAR_WAVE_G2,9.30953385364296E-06,5.53250544737584E-07,0,0,0
GJ776,301.393935,-67.32316,2453981.703653,-4.248871,0.89993,-10484.438317,0.972109,-11.946765,0.434367,-10483.891872,0.331914,-11.92479,0.434546,4.978485,3.811514,-4.04548,0.895277,0.412599,0.00032,0.363015,0.000472,0.484499,0.000617,0,6.737855,42.65359,-0.022812,-10.6,223.2,2453981.70376,-16.918628,-16.918589,0.347,-9999999,1.377147,-0.736387,0.788162,-0.830702,0.91369,0.45,184.9011,4.950625,3.740636,2006-09-03T04:48:25.460,-9999999,G2,072.C-0488(E),Mayor,-9999999,HARPS_ech_obs_all,HARPS_ech_obs_thosimult,STAR_WAVE_G2,9.06122938428744E-06,4.79643791729008E-07,0,0,0
GJ776,301.393935,-67.32316,2453981.7061814,-5.649604,0.89042,-10485.71658,0.966802,-13.348351,0.414303,-10485.174884,0.316031,-13.316245,0.414442,11.902585,3.907201,-6.095073,0.985259,0.413177,0.000308,0.362073,0.000452,0.484088,0.00059,0,6.736129,42.65856,-0.024506,-10.6,233.2,2453981.70628,-16.920979,-16.92093,0.59,-9999999,1.37715,-0.73724,0.788162,-0.835454,0.91369,0.45,184.8993,11.881371,3.831147,2006-09-03T04:52:03.931,-9999999,G2,072.C-0488(E),Mayor,-9999999,HARPS_ech_obs_all,HARPS_ech_obs_thosimult,STAR_WAVE_G2,8.00902610943383E-06,3.53406375630172E-07,0,0,0
GJ776,301.393935,-67.32316,2453981.7086973,-6.233712,0.891259,-10486.248149,0.967379,-13.933307,0.416103,-10485.711178,0.317793,-13.917266,0.416344,10.281218,3.260623,-7.264395,0.950616,0.412513,0.00031,0.362267,0.000455,0.484599,0.000595,0,6.733137,42.669105,-0.022171,-10.6,231.6,2453981.7088,-16.923293,-16.923241,0.329,-9999999,1.377154,-0.738088,0.788162,-0.840183,0.91369,0.44,184.9003,10.2547,3.162606,2006-09-03T04:55:43.162,-9999999,G2,072.C-0488(E),Mayor,-9999999,HARPS_ech_obs_all,HARPS_ech_obs_thosimult,STAR_WAVE_G2,9.485735559275E-06,4.07597699041931E-07,0,0,0
GJ776,301.393935,-67.32316,2453981.7112349,-4.402486,0.885001,-10484.399533,0.963434,-12.102937,0.402525,-10483.867328,0.305572,-12.09511,0.402701,-0.669184,3.662844,-5.992063,0.888528,0.41321,0.000304,0.362075,0.000442,0.482692,0.000578,0,6.734329,42.661636,-0.02213,-10.6,238.2,2453981.71134,-16.925598,-16.925548,0.528,-9999999,1.377157,-0.738944,0.788162,-0.844952,0.91369,0.44,184.901,-0.694662,3.589796,2006-09-03T04:59:22.423,-9999999,G2,072.C-0488(E),Mayor,-9999999,HARPS_ech_obs_all,HARPS_ech_obs_thosimult,STAR_WAVE_G2,8.63473731386802E-06,3.21326647925281E-07,0,0,0
GJ776,301.393935,-67.32316,2453982.6909035,-1.62612,1.078341,-10482.007324,1.107297,-8.87968,0.655105,-10480.955483,0.513367,-8.797266,0.655181,13.93242,5.951648,-1.444127,1.196339,0.418482,0.000532,0.365141,0.000771,0.482634,0.001,0,6.739438,42.647237,-0.025034,-10.6,138,2453982.691,-17.111807,-17.111757,0,-9999999,1.378449,-0.292053,0.856537,-0.326608,0.981102,0.42,184.9015,13.904711,5.919401,2006-09-04T04:30:14.264,-9999999,G2,072.C-0488(E),Mayor,-9999999,HARPS_ech_obs_all,HARPS_ech_obs_thosimult,STAR_WAVE_G2,1.0137051869367E-05,6.09524657075369E-07,0,0,0
GJ776,301.393935,-67.32316,2453982.6934544,-1.11476,1.077308,-10481.640367,1.10559,-8.369181,0.653403,-10480.593317,0.509676,-8.337208,0.653533,-0.319024,5.655863,-0.415215,1.513044,0.417853,0.000519,0.365508,0.000758,0.485356,0.000986,0,6.745565,42.641181,-0.025841,-10.6,140.3,2453982.69355,-17.114271,-17.11423,0,-9999999,1.378452,-0.292914,0.856537,-0.331402,0.981102,0.43,184.8973,-0.34378,5.626261,2006-09-04T04:33:52.825,-9999999,G2,072.C-0488(E),Mayor,-9999999,HARPS_ech_obs_all,HARPS_ech_obs_thosimult,STAR_WAVE_G2,7.45559172463046E-06,5.8771100147262E-07,0,0,0
GJ776,301.393935,-67.32316,2453982.6959098,-1.624712,1.101015,-10481.229305,1.118258,-8.879961,0.691794,-10480.186866,0.536601,-8.860911,0.691973,5.844528,6.000299,-2.246324,1.611146,0.417614,0.000542,0.363546,0.000794,0.485228,0.001036,0,6.737053,42.63941,-0.025039,-10.6,133.6,2453982.696,-17.116619,-17.116559,0,-9999999,1.378456,-0.293742,0.856537,-0.336017,0.981102,0.39,184.8993,5.811171,5.968513,2006-09-04T04:37:32.386,-9999999,G2,072.C-0488(E),Mayor,-9999999,HARPS_ech_obs_all,HARPS_ech_obs_thosimult,STAR_WAVE_G2,1.02074496980052E-05,5.00939537037721E-07,0,0,0
GJ776,301.393935,-67.32316,2453982.6985413,-2.412678,1.069352,-10482.862873,1.10097,-9.668815,0.640201,-10481.825377,0.499575,-9.632848,0.640335,1.925044,5.339981,-2.532646,1.34999,0.416986,0.000506,0.364844,0.000741,0.484368,0.000963,0,6.734567,42.657103,-0.022853,-10.6,143.4,2453982.69865,-17.119108,-17.119068,0,-9999999,1.378459,-0.294629,0.856537,-0.340963,0.981102,0.43,184.9031,1.885837,5.300923,2006-09-04T04:41:12.357,-9999999,G2,072.C-0488(E),Mayor,-9999999,HARPS_ech_obs_all,HARPS_ech_obs_thosimult,STAR_WAVE_G2,8.91062402473283E-06,5.06394431164481E-07,0,0,0
GJ776,301.393935,-67.32316,2454292.8121025,-0.757637,0.607543,-10481.210981,0.596031,-7.209065,0.337291,-10478.814366,0.249207,-7.210102,0.337359,-5.65227,4.505057,5.5412,0.833473,0.417115,0.000243,0.355712,0.000353,0.483437,0.000458,0,6.737521,42.598247,-0.021072,-10.6,298.6,2454292.81222,-0.75893,-0.758795,0,-9999999,1.78747,0.510079,0.505315,0.609145,0.541433,0.47,420.0006,-5.636265,4.476182,2007-07-11T07:20:15.513,-9999999,G2,072.C-0488(E),Mayor,-9999999,HARPS_ech_obs_all,HARPS_ech_obs_thosimult,STAR_WAVE_G2,8.8434833519773E-06,3.20750148064354E-07,0,0,0
GJ776,301.393935,-67.32316,2454292.8173712,0.140727,0.609765,-10480.801853,0.59722,-6.312479,0.341274,-10478.415134,0.25203,-6.293073,0.341374,-8.030259,4.38544,6.797747,0.837884,0.417167,0.000245,0.355155,0.000356,0.482713,0.000462,0,6.737052,42.588563,-0.021317,-10.6,295.8,2454292.81749,-0.765342,-0.7652,0,-9999999,1.787477,0.508302,0.505318,0.599242,0.541436,0.48,419.999,-8.026798,4.360247,2007-07-11T07:27:46.528,-9999999,G2,072.C-0488(E),Mayor,-9999999,HARPS_ech_obs_all,HARPS_ech_obs_thosimult,STAR_WAVE_G2,9.15804334030638E-06,2.79877456871924E-07,0,0,0
GJ776,301.393935,-67.32316,2454315.7278294,-0.037771,1.110096,-10479.553568,0.969301,-6.628109,0.753759,-10477.658592,0.589217,-6.598601,0.753845,-4.372797,5.702773,-1.81417,1.5104,0.414938,0.000594,0.355357,0.000868,0.48282,0.001126,0,6.737724,42.678796,-0.024097,-10.6,122.3,2454315.72793,-8.438273,-8.438154,0.105,-9999999,1.817694,0.371169,0.814961,0.077282,0.769655,0.46,420.0001,-4.35514,5.685467,2007-08-03T05:19:28.881,-9999999,G2,072.C-0488(E),Mayor,-9999999,HARPS_ech_obs_all,HARPS_ech_obs_thosimult,STAR_WAVE_G2,9.25053574634312E-06,5.25582830396978E-07,0,0,0
GJ776,301.393935,-67.32316,2454315.73281,-0.734124,1.141901,-10481.752111,0.991541,-7.326142,0.79986,-10479.866489,0.625127,-7.316939,0.799958,8.555151,5.695007,-0.113377,1.509621,0.415082,0.000635,0.354924,0.000927,0.485517,0.001207,0,6.740837,42.662258,-0.024033,-10.6,114.7,2454315.73291,-8.444459,-8.444342,-0.057,-9999999,1.817701,0.369489,0.814961,0.067921,0.769655,0.41,419.9983,8.563987,5.671438,2007-08-03T05:27:00.225,-9999999,G2,072.C-0488(E),Mayor,-9999999,HARPS_ech_obs_all,HARPS_ech_obs_thosimult,STAR_WAVE_G2,6.9210975578207E-06,7.01288532430479E-07,0,0,0
GJ776,301.393935,-67.32316,2454953.915086,-3.356312,0.948789,-10485.463199,1.023719,-10.885834,0.407973,-10482.879427,0.314126,-10.854127,0.408052,-6.003899,3.971249,-2.352062,0.816812,0.412405,0.000316,0.356583,0.00045,0.484968,0.000583,0,6.736037,42.666087,-0.025273,-10.6,235.1,2454953.91507,18.793969,18.794087,0,-9999999,2.659405,-0.568015,0.856597,-0.075633,0.974334,0.52,280,-6.010578,3.908059,2009-05-02T09:52:49.363,-9999999,G2,183.C-0972(A),Udry,-9999999,HARPS_ech_obs_all,HARPS_ech_obs_thosimult,STAR_WAVE_G2,9.17012600449806E-06,3.55095893564426E-07,0,0,0
GJ776,301.393935,-67.32316,2454953.918664,-1.355299,0.947151,-10483.530202,1.02282,-8.886028,0.404144,-10480.95315,0.311176,-8.832991,0.404219,-2.070558,4.657393,-0.986883,0.726842,0.412673,0.000316,0.357164,0.000448,0.485765,0.000581,0,6.737349,42.660576,-0.025184,-10.6,236.4,2454953.91866,18.789893,18.790009,0,-9999999,2.65941,-0.569222,0.856599,-0.082358,0.974336,0.5,280,-2.07958,4.616267,2009-05-02T09:58:04.080,-9999999,G2,183.C-0972(A),Udry,-9999999,HARPS_ech_obs_all,HARPS_ech_obs_thosimult,STAR_WAVE_G2,8.20305444167671E-06,3.65233558155978E-07,0,0,0
GJ776,301.393935,-67.32316,2454953.9222445,-2.434704,0.953099,-10484.376967,1.026488,-9.966641,0.417891,-10481.806641,0.323023,-9.93566,0.417892,-1.586592,4.298955,-0.916896,0.808172,0.412814,0.000327,0.357287,0.000465,0.485757,0.000602,0,6.736019,42.66197,-0.024349,-10.6,228,2454953.92224,18.785811,18.78593,0,-9999999,2.659414,-0.57043,0.856601,-0.089088,0.974338,0.48,280,-1.598928,4.249502,2009-05-02T10:03:19.017,-9999999,G2,183.C-0972(A),Udry,-9999999,HARPS_ech_obs_all,HARPS_ech_obs_thosimult,STAR_WAVE_G2,7.81171738512608E-06,3.71168859851529E-07,0,0,0
GJ776,301.393935,-67.32316,2454954.8545311,-2.232447,0.830206,-10483.462245,0.795387,-9.684356,0.350138,-10481.428656,0.260603,-9.64323,0.3502,-5.194558,4.340053,-1.303759,0.754493,0.413363,0.000272,0.357917,0.000382,0.484903,0.000494,0,6.736344,42.660155,-0.0249,-10.6,277.8,2454954.85452,18.704048,18.704172,0,-9999999,2.660644,-0.490402,0.752758,-0.627055,0.751483,0.49,280,-5.214832,4.290186,2009-05-03T08:25:40.750,-9999999,G2,183.C-0972(A),Udry,-9999999,HARPS_ech_obs_all,HARPS_ech_obs_thosimult,STAR_WAVE_G2,7.95654783033053E-06,3.24982814879729E-07,0,0,0
GJ776,301.393935,-67.32316,2454954.8582714,-2.064418,0.832493,-10483.588011,0.797086,-9.517589,0.355524,-10481.561447,0.265738,-9.4667,0.355605,-7.887919,4.278286,-2.652231,0.635518,0.412988,0.000276,0.3577,0.000389,0.486015,0.000504,0,6.733294,42.667903,-0.025849,-10.6,272.8,2454954.85827,18.700068,18.700181,0,-9999999,2.660649,-0.491664,0.75276,-0.634085,0.751485,0.53,280,-7.896819,4.228234,2009-05-03T08:30:52.697,-9999999,G2,183.C-0972(A),Udry,-9999999,HARPS_ech_obs_all,HARPS_ech_obs_thosimult,STAR_WAVE_G2,8.69068617763108E-06,3.08198749258839E-07,0,0,0
GJ776,301.393935,-67.32316,2454954.8618236,-2.172806,0.827626,-10483.340414,0.793572,-9.627175,0.343968,-10481.320521,0.254997,-9.580399,0.344008,-4.423288,4.075644,-3.136911,0.709474,0.412815,0.000265,0.356318,0.000373,0.484958,0.000483,0,6.735993,42.668179,-0.025876,-10.6,284.3,2454954.86181,18.696257,18.69639,0,-9999999,2.660654,-0.492862,0.752762,-0.640761,0.751487,0.5,280,-4.436803,4.022582,2009-05-03T08:36:07.986,-9999999,G2,183.C-0972(A),Udry,-9999999,HARPS_ech_obs_all,HARPS_ech_obs_thosimult,STAR_WAVE_G2,8.66843529616209E-06,2.8640940994124E-07,0,0,0
GJ776,301.393935,-67.32316,2454955.8413205,-1.85421,0.945685,-10484.371637,0.938142,-9.239953,0.416237,-10481.243575,0.317806,-9.181339,0.416266,-5.768873,3.840324,-1.879639,0.864451,0.417236,0.000325,0.356245,0.000462,0.496082,0.000599,0,6.73617,42.661504,-0.025985,-10.6,230.1,2454955.84132,18.556279,18.556402,0,-9999999,2.661946,-0.424236,0.849157,0.466116,0.882672,0.47,280,-5.783172,3.787601,2009-05-04T08:06:39.680,-9999999,G2,183.C-0972(A),Udry,-9999999,HARPS_ech_obs_all,HARPS_ech_obs_thosimult,STAR_WAVE_G2,7.9227136305306E-06,3.18073814834601E-07,0,0,0
GJ776,301.393935,-67.32316,2454955.8450104,-1.263687,0.951579,-10483.505029,0.9422,-8.650675,0.429456,-10480.383898,0.329587,-8.582826,0.429514,-4.062267,3.969087,-0.715294,0.7794,0.417233,0.000337,0.356448,0.000479,0.495046,0.00062,0,6.7357,42.657452,-0.025868,-10.6,222.1,2454955.84501,18.552438,18.552558,0,-9999999,2.66195,-0.425481,0.849158,0.459181,0.882674,0.48,280,-4.070533,3.92324,2009-05-04T08:11:55.667,-9999999,G2,183.C-0972(A),Udry,-9999999,HARPS_ech_obs_all,HARPS_ech_obs_thosimult,STAR_WAVE_G2,9.05385950560942E-06,2.96830835379458E-07,0,0,0
GJ776,301.393935,-67.32316,2454955.8487899,-0.959596,1.101934,-10482.578699,1.040209,-8.347859,0.702272,-10479.464667,0.55038,-8.30114,0.702385,-5.666144,6.31324,-1.901518,1.301005,0.417518,0.00057,0.356242,0.000813,0.493731,0.00105,0,6.736283,42.657969,-0.024649,-10.6,131.5,2454955.84878,18.548466,18.54859,0,-9999999,2.661955,-0.426756,0.849159,0.452077,0.882675,0.52,280,-5.687092,6.287901,2009-05-04T08:17:10.995,-9999999,G2,183.C-0972(A),Udry,-9999999,HARPS_ech_obs_all,HARPS_ech_obs_thosimult,STAR_WAVE_G2,9.09037972289951E-06,5.82916160979729E-07,0,0,0
GJ776,301.393935,-67.32316,2454956.8957893,-1.212103,0.948797,-10482.603482,1.051157,-8.817442,0.486634,-10480.393196,0.377183,-8.781128,0.486644,-11.347448,4.483369,2.438248,0.960899,0.417254,0.000382,0.363482,0.000545,0.496255,0.000708,0,6.737609,42.643633,-0.022434,-10.6,194.8,2454956.89578,18.329702,18.329827,0,-9999999,2.663336,-0.643832,0.814496,-0.45305,0.981155,0.53,280,-11.364225,4.444257,2009-05-05T09:24:43.390,-9999999,G2,183.C-0972(A),Udry,-9999999,HARPS_ech_obs_all,HARPS_ech_obs_thosimult,STAR_WAVE_G2,8.90171471306789E-06,4.24437818330489E-07,0,0,0
GJ776,301.393935,-67.32316,2454956.8993535,0.11599,0.924804,-10481.15014,1.037631,-7.490551,0.438013,-10478.946547,0.337653,-7.419423,0.43806,-6.282751,4.301952,-0.1174,0.781582,0.417254,0.000344,0.354726,0.000488,0.494464,0.000633,0,6.737343,42.656155,-0.024763,-10.6,217.3,2454956.89935,18.32561,18.325744,0,-9999999,2.663341,-0.645034,0.814498,-0.459748,0.981157,0.5,280,-6.29317,4.26797,2009-05-05T09:29:59.717,-9999999,G2,183.C-0972(A),Udry,-9999999,HARPS_ech_obs_all,HARPS_ech_obs_thosimult,STAR_WAVE_G2,8.16343058910726E-06,4.04502563323263E-07,0,0,0
GJ776,301.393935,-67.32316,2454956.9029767,-0.237519,0.920848,-10481.946149,1.035067,-7.845282,0.429594,-10479.749361,0.329683,-7.797649,0.429666,-14.228809,3.983728,0.947752,0.935181,0.417058,0.000336,0.354995,0.000477,0.494688,0.000619,0,6.735893,42.650913,-0.023347,-10.6,222.5,2454956.90297,18.321442,18.321575,0,-9999999,2.663346,-0.646256,0.8145,-0.466558,0.981159,0.49,280,-14.240611,3.943002,2009-05-05T09:35:15.545,-9999999,G2,183.C-0972(A),Udry,-9999999,HARPS_ech_obs_all,HARPS_ech_obs_thosimult,STAR_WAVE_G2,8.29723611402578E-06,3.92511277395573E-07,0,0,0
GJ776,301.393935,-67.32316,2454988.8826976,0.200106,0.949309,-10480.376922,1.019057,-6.619173,0.409216,-10478.056999,0.275364,-6.606156,0.409397,1.776019,5.553204,0.847866,0.739553,0.411796,0.000292,0.359506,0.000408,0.495553,0.000528,0,6.7373,42.642099,-0.022211,-10.6,259.9,2454988.88269,10.650842,10.65106,0.284,-9999999,2.705524,0.142228,0.85658,-0.385601,0.981148,0.5,450,1.773135,5.531046,2009-06-06T09:02:18.646,-9999999,G2,183.C-0972(A),Udry,-9999999,HARPS_ech_obs_all,HARPS_ech_obs_thosimult,STAR_WAVE_G2,8.77988612452147E-06,3.02533286486702E-07,0,0,0
GJ776,301.393935,-67.32316,2454988.8881235,-0.468626,0.957845,-10480.352026,1.024029,-7.289735,0.42864,-10478.042294,0.293222,-7.272747,0.42882,2.629632,4.958413,-0.880406,0.67966,0.412432,0.00031,0.359154,0.000434,0.496096,0.000562,0,6.73655,42.649455,-0.023467,-10.6,244.7,2454988.88812,10.644199,10.644417,0.327,-9999999,2.705531,0.140398,0.856583,-0.395799,0.981151,0.47,449.9993,2.635031,4.928784,2009-06-06T09:10:20.933,-9999999,G2,183.C-0972(A),Udry,-9999999,HARPS_ech_obs_all,HARPS_ech_obs_thosimult,STAR_WAVE_G2,9.9323081002276E-06,2.95116831214635E-07,0,0,0
GJ776,301.393935,-67.32316,2454989.8775243,0.157468,0.810377,-10480.963053,0.911699,-6.95092,0.34317,-10478.196079,0.209505,-6.917347,0.343342,-4.867461,4.494598,-4.035187,0.637907,0.416481,0.000212,0.365676,0.0003,0.485624,0.00039,0,6.734077,42.674477,-0.02205,-10.6,352.3,2454989.87752,10.357051,10.357272,0.211,-9999999,2.706836,-0.14688,0.734128,0.060138,0.8873,0.48,449.9992,-4.85182,4.462034,2009-06-07T08:54:57.654,-9999999,G2,183.C-0972(A),Udry,-9999999,HARPS_ech_obs_all,HARPS_ech_obs_thosimult,STAR_WAVE_G2,7.72954562025871E-06,3.15950678950334E-07,0,0,0
GJ776,301.393935,-67.32316,2454989.8832106,-0.126014,0.818725,-10481.011533,0.916366,-7.23632,0.362439,-10478.255239,0.228953,-7.199565,0.362641,-0.215349,5.422112,-1.030044,0.622338,0.416573,0.000234,0.365726,0.000329,0.484573,0.000428,0,6.736228,42.651936,-0.023972,-10.6,320.7,2454989.8832,10.350047,10.350264,0,-9999999,2.706844,-0.148798,0.734132,0.04945,0.887304,0.5,449.999,-0.208137,5.393216,2009-06-07T09:02:59.931,-9999999,G2,183.C-0972(A),Udry,-9999999,HARPS_ech_obs_all,HARPS_ech_obs_thosimult,STAR_WAVE_G2,8.7515557257392E-06,2.62010968948397E-07,0,0,0
GJ776,301.393935,-67.32316,2454991.8896694,-1.137143,0.717167,-10481.605478,0.743245,-7.77765,0.417167,-10478.924784,0.281758,-7.736776,0.417341,0.116448,4.819554,3.204571,0.659025,0.413167,0.000289,0.359702,0.000409,0.496229,0.000529,0,6.742837,42.628784,-0.024655,-10.6,259.4,2454991.88967,9.733986,9.734195,-0.127,-9999999,2.70949,0.321,0.583353,-0.028796,0.687769,0.51,449.9991,0.118528,4.783928,2009-06-09T09:12:07.625,-9999999,G2,183.C-0972(A),Udry,-9999999,HARPS_ech_obs_all,HARPS_ech_obs_thosimult,STAR_WAVE_G2,7.37305996805618E-06,2.67682578802148E-07,0,0,0
GJ776,301.393935,-67.32316,2454991.8951425,-2.279154,0.720953,-10482.658966,0.744812,-8.921507,0.423637,-10479.988552,0.285856,-8.905134,0.4237,-0.140415,6.003155,0.074159,0.754002,0.417194,0.000293,0.36004,0.000415,0.496219,0.000537,0,6.73933,42.648324,-0.02372,-10.6,255.9,2454991.89513,9.72744,9.727664,0.727,-9999999,2.709497,0.319154,0.583357,-0.039083,0.687773,0.49,449.9984,-0.142035,5.972537,2009-06-09T09:20:09.492,-9999999,G2,183.C-0972(A),Udry,-9999999,HARPS_ech_obs_all,HARPS_ech_obs_thosimult,STAR_WAVE_G2,8.83873249803192E-06,3.35650766883301E-07,0,0,0
GJ776,301.393935,-67.32316,2454993.9015329,-6.179612,0.916605,-10484.645833,0.531375,-13.005245,0.326219,-10483.909964,0.192705,-12.97816,0.32634,2.754769,4.631103,-1.422505,0.518172,0.415816,0.000192,0.359018,0.000275,0.495823,0.000356,0,6.739208,42.666926,-0.024449,-10.6,385.6,2454993.90153,9.101371,9.10159,0.625,-9999999,2.712143,0.135875,0.85659,-1.976274,0.495201,0.5,899.999,2.774754,4.54937,2009-06-11T09:25:26.632,-9999999,G2,183.C-0972(A),Udry,-9999999,HARPS_ech_obs_all,HARPS_ech_obs_thosimult,STAR_WAVE_G2,8.38657889065326E-06,2.87827868773914E-07,0,0,0
GJ776,301.393935,-67.32316,2455021.8813714,-1.306799,0.963689,-10482.116549,1.04127,-8.351535,0.441551,-10479.539453,0.348703,-8.341535,0.44153,2.232331,4.338795,10.396648,0.959613,0.416094,0.000347,0.354466,0.000493,0.492564,0.000642,0,6.74396,42.582101,-0.024451,-10.6,213.8,2455021.88136,-0.302626,-0.302379,0.484,-9999999,2.749046,-0.083229,0.85658,-0.17195,0.981147,0.51,249.9992,2.245052,4.310374,2009-07-09T09:01:10.261,-9999999,G2,183.C-0972(A),Udry,-9999999,HARPS_ech_obs_all,HARPS_ech_obs_thosimult,STAR_WAVE_G2,9.39189527947523E-06,3.60166258940847E-07,0,0,0
GJ776,301.393935,-67.32316,2455021.884645,-1.127125,0.966045,-10482.189523,1.04306,-8.172965,0.446666,-10479.618575,0.354006,-8.150662,0.446688,-6.382126,4.159179,11.317826,0.911961,0.416374,0.000352,0.354581,0.000501,0.492727,0.000652,0,6.745812,42.574444,-0.02441,-10.6,210.5,2455021.88464,-0.305767,-0.305524,-0.079,-9999999,2.749051,-0.084333,0.856581,-0.178103,0.981149,0.51,249.9991,-6.357307,4.126533,2009-07-09T09:05:53.096,-9999999,G2,183.C-0972(A),Udry,-9999999,HARPS_ech_obs_all,HARPS_ech_obs_thosimult,STAR_WAVE_G2,8.73518800171653E-06,4.02166283491018E-07,0,0,0
GJ776,301.393935,-67.32316,2455021.8878851,0.145719,0.964788,-10480.392539,1.042052,-6.901214,0.443939,-10477.827677,0.351023,-6.874047,0.444008,-2.299307,4.681557,8.78964,0.876215,0.416803,0.000345,0.354287,0.000494,0.4936,0.000643,0,6.744022,42.587251,-0.022406,-10.6,213.5,2455021.88788,-0.308825,-0.308577,0.147,-9999999,2.749055,-0.085426,0.856583,-0.184193,0.98115,0.5,249.999,-2.281759,4.660529,2009-07-09T09:10:35.542,-9999999,G2,183.C-0972(A),Udry,-9999999,HARPS_ech_obs_all,HARPS_ech_obs_thosimult,STAR_WAVE_G2,9.9531015490956E-06,3.15607149679494E-07,0,0,0
GJ776,301.393935,-67.32316,2455023.8707876,-0.834305,0.918845,-10482.065634,1.125253,-8.217852,0.697101,-10479.418809,0.550958,-8.202924,0.697178,-5.442799,6.277105,10.355785,1.45482,0.415552,0.000566,0.363588,0.000806,0.492111,0.001046,0,6.746902,42.579787,-0.02328,-10.6,131.6,2455023.87078,-0.985133,-0.984881,0.02,-9999999,2.75167,-0.42204,0.598604,-0.104845,0.981142,0.54,299.9992,-5.424006,6.257605,2009-07-11T08:45:21.623,-9999999,G2,183.C-0972(A),Udry,-9999999,HARPS_ech_obs_all,HARPS_ech_obs_thosimult,STAR_WAVE_G2,1.01751190737097E-05,5.1710685759843E-07,0,0,0
GJ776,301.393935,-67.32316,2455023.8744932,-1.815454,0.941637,-10482.807286,1.137207,-9.200251,0.726877,-10480.167421,0.574975,-9.176495,0.72692,-5.483941,6.542201,9.879319,1.772988,0.416011,0.000583,0.365427,0.000838,0.494828,0.001088,0,6.747136,42.575208,-0.025796,-10.6,126.9,2455023.87448,-0.988777,-0.988524,0.154,-9999999,2.751675,-0.423289,0.598607,-0.11181,0.981144,0.5,299.999,-5.480389,6.520216,2009-07-11T08:50:53.781,-9999999,G2,183.C-0972(A),Udry,-9999999,HARPS_ech_obs_all,HARPS_ech_obs_thosimult,STAR_WAVE_G2,1.05451748085489E-05,5.84719336719313E-07,0,0,0
GJ776,301.393935,-67.32316,2455023.8783001,-0.40282,0.883561,-10481.600596,1.108345,-7.788901,0.649882,-10478.967881,0.51554,-7.791521,0.649916,-9.952494,6.60378,11.88947,1.424853,0.41449,0.000518,0.362487,0.000743,0.492904,0.000966,0,6.747531,42.587825,-0.020368,-10.6,142.5,2455023.87829,-0.992452,-0.992201,-0.059,-9999999,2.75168,-0.424574,0.598609,-0.118965,0.981146,0.49,300.0005,-9.947293,6.585186,2009-07-11T08:56:25.699,-9999999,G2,183.C-0972(A),Udry,-9999999,HARPS_ech_obs_all,HARPS_ech_obs_thosimult,STAR_WAVE_G2,1.03725779947046E-05,4.29926121445247E-07,0,0,0
GJ776,301.393935,-67.32316,2455023.8934357,-1.617,0.816194,-10483.550508,1.075642,-9.008186,0.554821,-10480.946221,0.440844,-9.016745,0.554874,-10.968071,5.494067,10.632475,1.173324,0.416066,0.000438,0.354255,0.000628,0.49387,0.000817,0,6.745363,42.57771,-0.023989,-10.6,168.2,2455023.89343,-1.006351,-1.006106,0.343,-9999999,2.7517,-0.429679,0.59862,-0.147413,0.981153,0.51,299.9995,-10.956715,5.468246,2009-07-11T09:18:07.419,-9999999,G2,183.C-0972(A),Udry,-9999999,HARPS_ech_obs_all,HARPS_ech_obs_thosimult,STAR_WAVE_G2,8.82556521856757E-06,4.05339554037091E-07,0,0,0
GJ776,301.393935,-67.32316,2455023.8971359,-2.004219,0.812189,-10482.975014,1.073648,-9.396653,0.54891,-10480.377676,0.435952,-9.406516,0.548972,-1.718593,5.480165,9.850534,1.150103,0.416606,0.000432,0.354994,0.00062,0.493126,0.000805,0,6.742774,42.584757,-0.020712,-10.6,170.4,2455023.89713,-1.00957,-1.009328,0.008,-9999999,2.751705,-0.430927,0.598622,-0.154367,0.981155,0.47,299.9993,-1.710279,5.450709,2009-07-11T09:23:39.117,-9999999,G2,183.C-0972(A),Udry,-9999999,HARPS_ech_obs_all,HARPS_ech_obs_thosimult,STAR_WAVE_G2,8.04791506630411E-06,5.15326956697847E-07,0,0,0
GJ776,301.393935,-67.32316,2455023.9011529,-1.64944,0.81115,-10482.649625,1.073671,-9.043229,0.547368,-10480.059832,0.436004,-9.016948,0.547447,-12.665507,4.844002,11.453258,1.089168,0.41618,0.000435,0.355398,0.000623,0.494007,0.000809,0,6.744535,42.578129,-0.023242,-10.6,169.9,2455023.90115,-1.012981,-1.01274,0.684,-9999999,2.75171,-0.432282,0.598625,-0.161917,0.981158,0.52,299.9992,-12.651833,4.817473,2009-07-11T09:29:11.185,-9999999,G2,183.C-0972(A),Udry,-9999999,HARPS_ech_obs_all,HARPS_ech_obs_thosimult,STAR_WAVE_G2,9.25772738505677E-06,5.01751520725097E-07,0,0,0
GJ776,301.393935,-67.32316,2455025.7073728,-4.890709,0.962903,-10485.435485,0.945604,-10.317126,0.594575,-10481.709022,0.47456,-10.24031,0.594708,-6.500861,4.852141,9.146452,1.175103,0.416024,0.000481,0.356114,0.000689,0.482681,0.000894,0,6.746197,42.591397,-0.022766,-10.6,154.1,2455025.70737,-1.478308,-1.478064,-0.419,-9999999,2.754092,1.53509,0.757405,0.972371,0.817899,0.48,249.999,-6.491457,4.808817,2009-07-13T04:50:45.202,-9999999,G2,183.C-0972(A),Udry,-9999999,HARPS_ech_obs_all,HARPS_ech_obs_thosimult,STAR_WAVE_G2,7.38640023784588E-06,6.12310646701737E-07,0,0,0
GJ776,301.393935,-67.32316,2455025.7106652,-3.871157,0.959913,-10484.065663,0.943224,-9.298685,0.58972,-10480.345383,0.4698,-9.309056,0.589721,-6.536798,5.573802,6.042161,1.249587,0.416837,0.000476,0.355486,0.00068,0.482279,0.000883,0,6.743054,42.593974,-0.020279,-10.6,155.8,2455025.71066,-1.48267,-1.48242,0.066,-9999999,2.754097,1.53398,0.757405,0.966183,0.817899,0.49,249.9999,-6.530324,5.544635,2009-07-13T04:55:27.168,-9999999,G2,183.C-0972(A),Udry,-9999999,HARPS_ech_obs_all,HARPS_ech_obs_thosimult,STAR_WAVE_G2,9.29724016812342E-06,4.73494071875962E-07,0,0,0
GJ776,301.393935,-67.32316,2455025.7139859,-4.935994,0.967666,-10485.64212,0.948672,-10.364642,0.602258,-10481.928077,0.480645,-10.336084,0.602296,-14.167413,5.757046,8.624923,1.172595,0.415726,0.000486,0.354878,0.000696,0.483625,0.000905,0,6.742587,42.596414,-0.021894,-10.6,152.2,2455025.71398,-1.487076,-1.486819,-0.126,-9999999,2.754101,1.53286,0.757405,0.959942,0.817899,0.51,249.9997,-14.167494,5.725115,2009-07-13T05:00:09.083,-9999999,G2,183.C-0972(A),Udry,-9999999,HARPS_ech_obs_all,HARPS_ech_obs_thosimult,STAR_WAVE_G2,8.76289288759996E-06,4.58984715610169E-07,0,0,0
GJ776,301.393935,-67.32316,2455036.7811502,-1.029099,1.031401,-10482.262707,0.981111,-7.823826,0.737004,-10478.809077,0.583556,-7.772846,0.737092,5.432627,6.22964,3.328275,1.433961,0.415496,0.000609,0.356127,0.000866,0.482436,0.001123,0,6.743574,42.622373,-0.022113,-10.6,123.1,2455036.78115,-5.373247,-5.372993,0,-9999999,2.768698,0.16678,0.721535,0.684932,0.788696,0.5,121.0001,5.454707,6.210641,2009-07-24T06:38:09.942,-9999999,G2,183.C-0972(A),Udry,-9999999,HARPS_ech_obs_all,HARPS_ech_obs_thosimult,STAR_WAVE_G2,7.61928437352535E-06,7.39241816314744E-07,0,0,0
GJ776,301.393935,-67.32316,2455036.7829178,0.862748,1.033077,-10480.224004,0.981474,-5.932576,0.739348,-10476.773694,0.584166,-5.899589,0.739421,0.711925,6.333429,1.95424,1.533309,0.416251,0.000604,0.355983,0.000861,0.482035,0.001118,0,6.741269,42.634862,-0.021391,-10.6,123.7,2455036.78292,-5.375357,-5.375113,0.058,-9999999,2.7687,0.166184,0.721536,0.68161,0.788696,0.5,121.0003,0.736121,6.322718,2009-07-24T06:40:42.661,-9999999,G2,183.C-0972(A),Udry,-9999999,HARPS_ech_obs_all,HARPS_ech_obs_thosimult,STAR_WAVE_G2,8.23080697209754E-06,5.21519686977255E-07,0,0,0
GJ776,301.393935,-67.32316,2455036.7847307,-0.246558,0.97171,-10481.58952,0.944847,-7.042493,0.65085,-10478.142616,0.520282,-6.983235,0.65101,5.287874,6.424895,3.821791,1.538965,0.417691,0.000539,0.355673,0.000763,0.482473,0.000991,0,6.742139,42.623869,-0.026041,-10.6,139.3,2455036.78472,-5.377511,-5.377254,0.108,-9999999,2.768702,0.165572,0.721536,0.678202,0.788697,0.53,121.0004,5.293939,6.409681,2009-07-24T06:43:15.669,-9999999,G2,183.C-0972(A),Udry,-9999999,HARPS_ech_obs_all,HARPS_ech_obs_thosimult,STAR_WAVE_G2,9.79020754452088E-06,4.69087329870135E-07,0,0,0
GJ776,301.393935,-67.32316,2455036.7864455,0.269511,0.95593,-10481.272814,0.934432,-6.527003,0.627047,-10477.82913,0.501119,-6.504655,0.627128,-6.010303,5.84645,3.189561,1.160435,0.417907,0.000514,0.356733,0.00073,0.483118,0.000948,0,6.742473,42.622617,-0.023231,-10.6,145.6,2455036.78643,-5.379538,-5.379285,0.118,-9999999,2.768705,0.164994,0.721537,0.674979,0.788697,0.49,120.9997,-5.979513,5.832595,2009-07-24T06:45:48.667,-9999999,G2,183.C-0972(A),Udry,-9999999,HARPS_ech_obs_all,HARPS_ech_obs_thosimult,STAR_WAVE_G2,9.95804104410371E-06,4.31964970753272E-07,0,0,0
GJ776,301.393935,-67.32316,2455036.7882189,1.168879,0.971297,-10480.309779,0.943894,-5.628233,0.650232,-10476.869426,0.518547,-5.624287,0.650241,0.857481,5.37194,2.882041,1.498285,0.416447,0.000527,0.357201,0.000754,0.481941,0.000976,0,6.742801,42.626168,-0.023702,-10.6,141.2,2455036.78822,-5.381625,-5.381378,0.53,-9999999,2.768707,0.164395,0.721537,0.671646,0.788698,0.5,121.0003,0.882537,5.362261,2009-07-24T06:48:20.686,-9999999,G2,183.C-0972(A),Udry,-9999999,HARPS_ech_obs_all,HARPS_ech_obs_thosimult,STAR_WAVE_G2,9.64601504957627E-06,6.0827810288436E-07,0,0,0
GJ776,301.393935,-67.32316,2455036.7899895,-0.127206,0.992788,-10481.243508,0.957567,-6.924915,0.681917,-10477.806481,0.543037,-6.886014,0.681953,0.287027,5.760973,4.107335,1.479798,0.417253,0.000555,0.3559,0.000791,0.481131,0.001025,0,6.744395,42.624504,-0.022818,-10.6,134.3,2455036.78999,-5.383698,-5.383457,0.261,-9999999,2.768709,0.163798,0.721537,0.668318,0.788698,0.5,121.0013,0.308801,5.744932,2009-07-24T06:50:53.664,-9999999,G2,183.C-0972(A),Udry,-9999999,HARPS_ech_obs_all,HARPS_ech_obs_thosimult,STAR_WAVE_G2,8.32225738858688E-06,5.85377344886262E-07,0,0,0
GJ776,301.393935,-67.32316,2455037.7972263,-1.419067,1.059415,-10482.190843,1.101617,-8.881212,0.623445,-10479.632817,0.500973,-8.843114,0.623459,2.703966,4.436617,4.606024,1.228449,0.416296,0.00051,0.362842,0.000725,0.494388,0.000945,0,6.743838,42.613703,-0.020599,-10.6,146.1,2455037.79723,-5.730199,-5.729965,0.072,-9999999,2.770038,-0.500637,0.85655,-0.212012,0.981115,0.51,120.9996,2.718291,4.403236,2009-07-25T07:01:19.306,-9999999,G2,183.C-0972(A),Udry,-9999999,HARPS_ech_obs_all,HARPS_ech_obs_thosimult,STAR_WAVE_G2,8.04497862832448E-06,5.52481467428733E-07,0,0,0
GJ776,301.393935,-67.32316,2455037.7990087,3.44509,1.063688,-10477.641701,1.103795,-4.017656,0.630677,-10475.087023,0.505744,-4.020091,0.630792,-8.995991,5.745776,3.968917,1.221543,0.415752,0.000508,0.363338,0.000727,0.490554,0.000944,0,6.743018,42.616131,-0.022901,-10.6,145.8,2455037.79901,-5.732208,-5.73197,-0.276,-9999999,2.77004,-0.501239,0.85655,-0.215362,0.981115,0.52,120.9989,-8.987021,5.739613,2009-07-25T07:03:52.094,-9999999,G2,183.C-0972(A),Udry,-9999999,HARPS_ech_obs_all,HARPS_ech_obs_thosimult,STAR_WAVE_G2,7.77309268865549E-06,6.05463560668476E-07,0,0,0
GJ776,301.393935,-67.32316,2455037.8007375,1.270449,1.065249,-10479.349961,1.103927,-6.19288,0.633306,-10476.79853,0.50603,-6.202939,0.633466,3.385336,5.175627,5.415096,1.45379,0.416723,0.000515,0.362818,0.000732,0.493371,0.000953,0,6.744936,42.608788,-0.025634,-10.6,144.8,2455037.80073,-5.734146,-5.733908,0.089,-9999999,2.770042,-0.501822,0.85655,-0.218611,0.981116,0.49,120.9994,3.39192,5.159062,2009-07-25T07:06:25.102,-9999999,G2,183.C-0972(A),Udry,-9999999,HARPS_ech_obs_all,HARPS_ech_obs_thosimult,STAR_WAVE_G2,8.33570049492617E-06,4.71585138955907E-07,0,0,0
GJ776,301.393935,-67.32316,2455037.8025427,1.002575,1.069778,-10480.395807,1.106889,-6.461363,0.640895,-10477.847766,0.51246,-6.41305,0.640908,4.123471,5.838918,6.643918,1.274537,0.416666,0.000518,0.363759,0.00074,0.492312,0.000961,0,6.744622,42.60711,-0.022192,-10.6,143.4,2455037.80254,-5.736157,-5.735916,0.068,-9999999,2.770045,-0.502431,0.856551,-0.222004,0.981116,0.51,120.9996,4.136135,5.823598,2009-07-25T07:08:58.651,-9999999,G2,183.C-0972(A),Udry,-9999999,HARPS_ech_obs_all,HARPS_ech_obs_thosimult,STAR_WAVE_G2,9.62247985274949E-06,4.70421061422285E-07,0,0,0
GJ776,301.393935,-67.32316,2455037.8043325,2.649889,1.057953,-10478.618087,1.099929,-4.814653,0.620954,-10476.073408,0.497246,-4.783346,0.62102,6.034837,6.116581,5.799522,1.159043,0.416474,0.000498,0.361653,0.000711,0.493844,0.000928,0,6.746999,42.615576,-0.023881,-10.6,148.8,2455037.80432,-5.738138,-5.737885,0.165,-9999999,2.770047,-0.503034,0.856551,-0.225368,0.981117,0.52,121,6.049649,6.109025,2009-07-25T07:11:32.079,-9999999,G2,183.C-0972(A),Udry,-9999999,HARPS_ech_obs_all,HARPS_ech_obs_thosimult,STAR_WAVE_G2,8.70785393561085E-06,5.95363371984434E-07,0,0,0
GJ776,301.393935,-67.32316,2455037.8060614,0.803613,1.087703,-10480.632936,1.117558,-6.661512,0.670385,-10478.091504,0.535113,-6.628109,0.670527,-9.062016,5.923006,6.64878,1.457985,0.416583,0.00054,0.362779,0.000772,0.493483,0.001005,0,6.745405,42.599536,-0.026261,-10.6,137.3,2455037.80606,-5.74004,-5.739801,0.104,-9999999,2.77005,-0.503618,0.856552,-0.228618,0.981117,0.49,120.9999,-9.048636,5.908399,2009-07-25T07:14:05.087,-9999999,G2,183.C-0972(A),Udry,-9999999,HARPS_ech_obs_all,HARPS_ech_obs_thosimult,STAR_WAVE_G2,8.01055423262079E-06,5.78717511827399E-07,0,0,0
GJ776,301.393935,-67.32316,2455039.7868155,2.87006,1.060326,-10478.061773,1.13131,-4.377785,0.705701,-10475.363352,0.563278,-4.38238,0.705842,-10.680151,6.746422,2.721772,1.399224,0.415305,0.000573,0.363358,0.000821,0.493053,0.001068,0,6.742024,42.6321,-0.021868,-10.6,129.3,2455039.7868,-6.388518,-6.388269,0.979,-9999999,2.772662,-0.286338,0.791377,-0.074241,0.981112,0.53,105.9986,-10.678661,6.743939,2009-07-27T06:46:28.766,-9999999,G2,183.C-0972(A),Udry,-9999999,HARPS_ech_obs_all,HARPS_ech_obs_thosimult,STAR_WAVE_G2,8.14513604694391E-06,6.31127514800012E-07,0,0,0
GJ776,301.393935,-67.32316,2455039.7883377,3.190111,1.135223,-10477.667059,1.171521,-4.058247,0.813913,-10474.971497,0.640218,-4.045981,0.814012,-3.984049,7.347887,2.152087,1.615459,0.416832,0.000656,0.362182,0.000937,0.492602,0.00122,0,6.740406,42.624539,-0.024318,-10.6,113.4,2455039.78833,-6.390255,-6.390019,0.719,-9999999,2.772664,-0.286851,0.791377,-0.077102,0.981112,0.47,105.9987,-3.982429,7.345513,2009-07-27T06:48:46.644,-9999999,G2,183.C-0972(A),Udry,-9999999,HARPS_ech_obs_all,HARPS_ech_obs_thosimult,STAR_WAVE_G2,7.24357642977708E-06,7.0468658972182E-07,0,0,0
GJ776,301.393935,-67.32316,2455039.789967,2.921392,1.123911,-10477.553077,1.164441,-4.327516,0.798059,-10474.860575,0.627168,-4.353151,0.798248,-2.981639,6.398612,-2.044244,1.75164,0.413444,0.000639,0.364019,0.000919,0.491945,0.001193,0,6.739918,42.656788,-0.023241,-10.6,115.9,2455039.78996,-6.392106,-6.391869,-0.055,-9999999,2.772666,-0.287401,0.791377,-0.080164,0.981113,0.5,105.9988,-2.976133,6.392622,2009-07-27T06:51:04.241,-9999999,G2,183.C-0972(A),Udry,-9999999,HARPS_ech_obs_all,HARPS_ech_obs_thosimult,STAR_WAVE_G2,7.56544539325863E-06,7.45134620361394E-07,0,0,0
GJ776,301.393935,-67.32316,2455039.791554,0.506795,1.083553,-10479.708296,1.142691,-6.742648,0.740141,-10477.018775,0.585799,-6.709875,0.740125,4.24337,7.007742,0.83879,1.46516,0.416405,0.000598,0.36221,0.000852,0.495275,0.001113,0,6.738589,42.640927,-0.022458,-10.6,124.4,2455039.79155,-6.393899,-6.393667,0,-9999999,2.772668,-0.287936,0.791378,-0.083147,0.981113,0.49,105.9988,4.253509,6.995644,2009-07-27T06:53:22.419,-9999999,G2,183.C-0972(A),Udry,-9999999,HARPS_ech_obs_all,HARPS_ech_obs_thosimult,STAR_WAVE_G2,7.36043972816546E-06,6.1269864690971E-07,0,0,0
GJ776,301.393935,-67.32316,2455039.7931492,1.799386,1.109894,-10478.3755,1.157587,-5.450595,0.778194,-10475.688975,0.614349,-5.403239,0.778391,-1.840806,6.715929,2.049354,1.592355,0.416831,0.000633,0.36081,0.000899,0.493707,0.001174,0,6.737546,42.614173,-0.022767,-10.6,117.9,2455039.79315,-6.395692,-6.395459,0.329,-9999999,2.77267,-0.288474,0.791378,-0.086145,0.981114,0.49,105.9993,-1.838392,6.706824,2009-07-27T06:55:40.246,-9999999,G2,183.C-0972(A),Udry,-9999999,HARPS_ech_obs_all,HARPS_ech_obs_thosimult,STAR_WAVE_G2,8.07992161624106E-06,7.38950930892686E-07,0,0,0
GJ776,301.393935,-67.32316,2455039.7947151,2.745172,1.131554,-10477.440444,1.169995,-4.505338,0.808786,-10474.756861,0.63742,-4.482644,0.809003,7.326194,7.384178,3.875458,2.127825,0.416848,0.000659,0.361496,0.000936,0.493777,0.001221,0,6.740488,42.631307,-0.021612,-10.6,113.5,2455039.79471,-6.397443,-6.397202,0.093,-9999999,2.772672,-0.289002,0.791379,-0.089089,0.981114,0.46,106.0005,7.32915,7.378593,2009-07-27T06:57:58.723,-9999999,G2,183.C-0972(A),Udry,-9999999,HARPS_ech_obs_all,HARPS_ech_obs_thosimult,STAR_WAVE_G2,5.42062452151938E-06,6.90427164468146E-07,0,0,0
GJ776,301.393935,-67.32316,2455039.7963311,3.962503,1.121533,-10477.046384,1.164094,-3.288552,0.794705,-10474.365836,0.626522,-3.270925,0.794984,3.836535,7.271329,-0.483109,1.909017,0.415028,0.000646,0.364808,0.000926,0.492377,0.001199,0,6.738127,42.634753,-0.023749,-10.6,115.4,2455039.79633,-6.39924,-6.39901,-0.146,-9999999,2.772674,-0.289548,0.791379,-0.092126,0.981115,0.48,105.9988,3.836194,7.268666,2009-07-27T07:00:16.231,-9999999,G2,183.C-0972(A),Udry,-9999999,HARPS_ech_obs_all,HARPS_ech_obs_thosimult,STAR_WAVE_G2,9.58583176462217E-06,5.82263904468801E-07,0,0,0
GJ776,301.393935,-67.32316,2455041.6996469,2.871945,0.936184,-10478.038898,1.026873,-4.37928,0.377868,-10475.13548,0.303164,-4.353752,0.37791,-2.1547,3.459338,4.491781,0.730706,0.415746,0.000304,0.3523,0.000432,0.483228,0.000565,0,6.745597,42.618452,-0.024055,-10.6,243.7,2455041.69964,-6.942138,-6.941898,0.334,-9999999,2.775185,-0.289718,0.856537,0.128233,0.981102,0.5,419.9993,-2.144086,3.450989,2009-07-29T04:38:27.226,-9999999,G2,183.C-0972(A),Udry,-9999999,HARPS_ech_obs_all,HARPS_ech_obs_thosimult,STAR_WAVE_G2,8.98361799153154E-06,3.49571070422517E-07,0,0,0
GJ776,301.393935,-67.32316,2455041.7048399,2.594577,0.934393,-10478.245565,1.025407,-4.6584,0.373409,-10475.3519,0.29816,-4.626116,0.373486,-4.095768,3.548817,4.628066,0.772045,0.415448,0.000298,0.351893,0.000424,0.484544,0.000556,0,6.744261,42.619865,-0.024712,-10.6,248,2455041.70483,-6.948936,-6.948682,0,-9999999,2.775192,-0.29147,0.856537,0.118473,0.981102,0.49,419.9994,-4.074931,3.53696,2009-07-29T04:46:00.111,-9999999,G2,183.C-0972(A),Udry,-9999999,HARPS_ech_obs_all,HARPS_ech_obs_thosimult,STAR_WAVE_G2,8.50751639948906E-06,3.12528278601677E-07,0,0,0
GJ776,301.393935,-67.32316,2455045.8018462,1.093736,0.935685,-10479.507892,1.025728,-6.287698,0.376599,-10476.841086,0.299213,-6.283599,0.376707,1.968743,3.495732,-2.597373,0.923955,0.415515,0.000301,0.347433,0.000424,0.4864,0.000561,0,6.738192,42.668888,-0.02577,-10.6,246.8,2455045.80184,-8.361801,-8.361564,0.529,-9999999,2.780595,-0.419927,0.856551,-0.113789,0.981116,0.51,420.0003,1.987108,3.473374,2009-08-02T07:05:42.022,-9999999,G2,183.C-0972(A),Udry,-9999999,HARPS_ech_obs_all,HARPS_ech_obs_thosimult,STAR_WAVE_G2,9.42470734117207E-06,3.74391642243597E-07,0,0,0
GJ776,301.393935,-67.32316,2455046.8326239,-0.25947,0.939996,-10481.38708,1.028601,-7.674565,0.387166,-10478.882274,0.308889,-7.63003,0.38729,-4.860011,4.553055,-4.886562,0.734537,0.414544,0.00031,0.352845,0.000442,0.495838,0.000579,0,6.738735,42.678692,-0.02663,-10.6,238.4,2455046.83261,-8.708067,-8.707825,0.409,-9999999,2.781955,-0.453588,0.85656,-0.277149,0.981126,0.46,899.9991,-4.838773,4.529238,2009-08-03T07:46:43.916,-9999999,G2,183.C-0972(A),Udry,-9999999,HARPS_ech_obs_all,HARPS_ech_obs_thosimult,STAR_WAVE_G2,7.82678050689094E-06,3.18684105176425E-07,0,0,0
GJ776,301.393935,-67.32316,2455047.8168918,-0.54122,0.987653,-10481.518911,1.057238,-7.93327,0.491704,-10479.013119,0.393897,-7.891871,0.491767,1.459479,4.504565,-3.914893,1.062792,0.415252,0.000397,0.357836,0.000564,0.497045,0.000744,0,6.735291,42.68556,-0.026328,-10.6,186.1,2455047.81689,-9.009787,-9.009555,-0.187,-9999999,2.783253,-0.430543,0.856555,-0.277461,0.981121,0.55,419.9995,1.460803,4.476377,2009-08-04T07:27:10.131,-9999999,G2,183.C-0972(A),Udry,-9999999,HARPS_ech_obs_all,HARPS_ech_obs_thosimult,STAR_WAVE_G2,6.70565269254821E-06,4.99279182222019E-07,0,0,0
GJ776,301.393935,-67.32316,2455047.8219736,-1.133078,0.961082,-10482.374934,1.040903,-8.526843,0.435877,-10479.878686,0.347674,-8.497112,0.435974,-1.878123,3.597969,-5.060174,1.024747,0.415383,0.000348,0.357715,0.000494,0.496544,0.000651,0,6.736473,42.687991,-0.025552,-10.6,212.2,2455047.82197,-9.014305,-9.014071,-0.104,-9999999,2.78326,-0.432257,0.856557,-0.287012,0.981122,0.52,419.9993,-1.869446,3.557234,2009-08-04T07:34:41.816,-9999999,G2,183.C-0972(A),Udry,-9999999,HARPS_ech_obs_all,HARPS_ech_obs_thosimult,STAR_WAVE_G2,8.12137884432051E-06,3.59319569747332E-07,0,0,0
GJ776,301.393935,-67.32316,2455066.7052411,-4.281201,0.821105,-10485.187048,1.001207,-11.20185,0.260275,-10481.857503,0.199638,-11.190618,0.260334,-1.452435,2.822208,0.356922,0.503472,0.414128,0.000201,0.363463,0.000286,0.495308,0.000374,0,6.744057,42.643781,-0.024736,-10.6,369.5,2455066.70524,-14.397318,-14.397135,0.739,-9999999,2.808165,0.040858,0.778762,0.52138,0.981102,0.54,900.0017,-1.432829,2.745699,2009-08-23T04:43:12.140,-9999999,G2,183.C-0972(A),Udry,-9999999,HARPS_ech_obs_all,HARPS_ech_obs_thosimult,STAR_WAVE_G2,8.25582053390565E-06,1.87057496077E-07,0,0,0
GJ776,301.393935,-67.32316,2455067.7236875,-3.433111,0.894844,-10484.030043,1.000701,-9.789112,0.259016,-10480.700932,0.197081,-9.781138,0.25913,-6.750171,3.057829,-3.016678,0.526622,0.41471,0.000196,0.361922,0.00028,0.485605,0.000368,0,6.740572,42.659594,-0.02581,-10.6,376.6,2455067.72369,-14.671207,-14.671026,-0.072,-9999999,2.809508,0.605507,0.856538,0.519603,0.981102,0.52,900.0002,-6.74605,2.993562,2009-08-24T05:10:08.144,-9999999,G2,183.C-0972(A),Udry,-9999999,HARPS_ech_obs_all,HARPS_ech_obs_thosimult,STAR_WAVE_G2,7.99619169049304E-06,2.37706835154098E-07,0,0,0
GJ776,301.393935,-67.32316,2455068.7090048,-3.766027,0.861117,-10484.882995,0.960676,-10.794788,0.300148,-10482.057225,0.235829,-10.777975,0.30028,-3.6307,3.059753,-6.998464,0.655039,0.415159,0.000241,0.354584,0.000343,0.497089,0.000449,0,6.737804,42.680588,-0.025598,-10.6,308.8,2455068.709,-14.906019,-14.905829,0.197,-9999999,2.810808,-0.067254,0.807115,0.014962,0.931281,0.5,900.0007,-3.625818,2.986215,2009-08-25T04:49:21.733,-9999999,G2,183.C-0972(A),Udry,-9999999,HARPS_ech_obs_all,HARPS_ech_obs_thosimult,STAR_WAVE_G2,8.66420513359219E-06,3.08279483872608E-07,0,0,0
GJ776,301.393935,-67.32316,2455069.7128567,0.247839,0.665221,-10480.066661,0.74302,-8.299181,0.244375,-10478.922952,0.183693,-8.265682,0.244421,0.862853,2.860212,-4.935431,0.565853,0.414838,0.000186,0.356016,0.000264,0.495259,0.000344,128,6.738541,42.682704,-0.024653,-10.6,401.4,2455069.71285,-15.155516,-15.155329,0.936,-9999999,2.812132,-1.585513,0.618708,-1.668423,0.719955,0.52,899.9994,0.866775,2.813569,2009-08-26T04:54:40.861,-9999999,G2,183.C-0972(A),Udry,-9999999,HARPS_ech_obs_all,HARPS_ech_obs_thosimult,STAR_WAVE_G2,8.4491841005834E-06,2.20122157206305E-07,0,0,0
GJ776,301.393935,-67.32316,2455072.6553059,3.359936,0.882067,-10476.842466,0.791294,-3.501629,0.666565,-10474.006085,0.53145,-3.488517,0.666713,-7.771521,5.635361,-2.627394,1.349609,0.416203,0.000539,0.354025,0.000771,0.493521,0.001005,0,6.740649,42.663023,-0.025276,-10.6,137.6,2455072.6553,-15.803085,-15.802913,0.07,-9999999,2.816012,0.099943,0.577696,0.020369,0.586266,0.5,180.0004,-7.766125,5.632671,2009-08-29T03:38:19.536,-9999999,G2,183.C-0972(A),Udry,-9999999,HARPS_ech_obs_all,HARPS_ech_obs_thosimult,STAR_WAVE_G2,8.34681946065895E-06,4.6512457992153E-07,0,0,0
GJ776,301.393935,-67.32316,2455072.6577986,3.483948,0.813724,-10476.888175,0.744248,-3.378457,0.573074,-10474.056475,0.458473,-3.412261,0.573244,-4.606747,4.999643,-7.696049,1.23084,0.415527,0.000463,0.354682,0.000663,0.495441,0.000866,0,6.735147,42.67821,-0.023575,-10.6,159.9,2455072.65779,-15.805959,-15.805787,0.515,-9999999,2.816016,0.099102,0.577696,0.015684,0.586265,0.52,180.0003,-4.615376,4.998861,2009-08-29T03:41:51.318,-9999999,G2,183.C-0972(A),Udry,-9999999,HARPS_ech_obs_all,HARPS_ech_obs_thosimult,STAR_WAVE_G2,7.82278304626956E-06,4.49889356444428E-07,0,0,0
GJ776,301.393935,-67.32316,2455072.6602207,3.853303,0.79467,-10477.022427,0.731832,-3.009919,0.545682,-10474.195276,0.438031,-2.995187,0.545764,-7.228729,5.258854,-4.247995,1.067796,0.415195,0.000444,0.355325,0.000635,0.494354,0.000828,0,6.73695,42.646455,-0.025718,-10.6,167.1,2455072.66022,-15.808739,-15.80857,0.202,-9999999,2.816019,0.098285,0.577696,0.011132,0.586265,0.51,180.0009,-7.233854,5.258555,2009-08-29T03:45:22.399,-9999999,G2,183.C-0972(A),Udry,-9999999,HARPS_ech_obs_all,HARPS_ech_obs_thosimult,STAR_WAVE_G2,9.30261537027749E-06,4.88254603804192E-07,0,0,0
GJ776,301.393935,-67.32316,2455072.6626548,4.783356,0.790922,-10475.983996,0.728696,-2.080687,0.540209,-10473.161417,0.432772,-2.051485,0.540278,-0.670198,4.921844,-5.894651,0.997124,0.414847,0.000438,0.354702,0.000625,0.493761,0.000816,0,6.736092,42.662226,-0.027339,-10.6,169.4,2455072.66265,-15.811519,-15.81135,0.318,-9999999,2.816022,0.097464,0.577695,0.006557,0.586265,0.5,180.0003,-0.666078,4.927049,2009-08-29T03:48:54.521,-9999999,G2,183.C-0972(A),Udry,-9999999,HARPS_ech_obs_all,HARPS_ech_obs_thosimult,STAR_WAVE_G2,8.77745602309441E-06,4.92015944114853E-07,0,0,0
GJ776,301.393935,-67.32316,2455075.6605006,1.509658,0.823615,-10478.678875,0.813926,-3.25973,0.641531,-10473.815986,0.512028,-3.219035,0.64162,2.107729,6.430162,-3.285733,1.395821,0.414116,0.000523,0.354198,0.000748,0.493386,0.000976,0,6.739292,42.647508,-0.026226,-10.6,142,2455075.6605,-16.480215,-16.480055,-0.303,-9999999,2.819976,2.192119,0.516507,2.042913,0.632694,0.54,179.9989,2.095772,6.426974,2009-09-01T03:45:55.090,-9999999,G2,183.C-0972(A),Udry,-9999999,HARPS_ech_obs_all,HARPS_ech_obs_thosimult,STAR_WAVE_G2,9.67116361736183E-06,4.85195388114809E-07,0,0,0
GJ776,301.393935,-67.32316,2455075.662932,1.648417,0.793747,-10479.163405,0.795038,-3.121791,0.602707,-10474.305082,0.481439,-3.100535,0.602798,8.583606,4.611991,1.609,1.130229,0.414434,0.000484,0.354981,0.000696,0.496482,0.00091,0,6.742965,42.630527,-0.022403,-10.6,152.7,2455075.66293,-16.482906,-16.48274,-0.451,-9999999,2.819979,2.191299,0.516507,2.038344,0.632694,0.53,179.9992,8.571043,4.608127,2009-09-01T03:49:26.981,-9999999,G2,183.C-0972(A),Udry,-9999999,HARPS_ech_obs_all,HARPS_ech_obs_thosimult,STAR_WAVE_G2,8.02111685133017E-06,5.74626987783286E-07,0,0,0
GJ776,301.393935,-67.32316,2455075.6653618,2.129244,0.752586,-10478.235048,0.769549,-2.641783,0.547363,-10473.381289,0.438068,-2.623142,0.547559,4.608278,4.743729,-1.807869,1.075815,0.413563,0.000437,0.356326,0.000631,0.49565,0.000823,0,6.739309,42.653094,-0.02678,-10.6,168.6,2455075.66536,-16.48558,-16.485419,-0.846,-9999999,2.819982,2.19048,0.516506,2.033777,0.632694,0.52,179.9991,4.59217,4.740303,2009-09-01T03:52:58.723,-9999999,G2,183.C-0972(A),Udry,-9999999,HARPS_ech_obs_all,HARPS_ech_obs_thosimult,STAR_WAVE_G2,7.63329462942042E-06,5.26536071538632E-07,0,0,0
GJ776,301.393935,-67.32316,2455078.6807149,-2.463129,1.279112,-10482.651404,1.223052,-8.735648,0.949984,-10479.153921,0.73027,-8.714948,0.950077,7.897444,8.307025,0.956242,2.426585,0.413569,0.000764,0.357729,0.001102,0.491522,0.001425,0,6.746045,42.622806,-0.026221,-10.6,97.7,2455078.68071,-17.132127,-17.131973,-0.092,-9999999,2.823959,0.688989,0.856538,0.673524,0.981102,0.41,200.0008,7.863242,8.290008,2009-09-04T04:15:31.369,-9999999,G2,183.C-0972(A),Udry,-9999999,HARPS_ech_obs_all,HARPS_ech_obs_thosimult,STAR_WAVE_G2,7.96112724852194E-06,7.00100733031646E-07,0,0,0
GJ776,301.393935,-67.32316,2455078.6836052,-2.714714,1.368421,-10482.725678,1.272813,-8.988207,1.067202,-10479.233624,0.810858,-8.922441,1.06737,0.597637,10.510278,1.800176,2.150802,0.414566,0.000864,0.357141,0.00124,0.493581,0.001608,0,6.746687,42.610551,-0.027131,-10.6,87.1,2455078.6836,-17.135024,-17.134876,0.009,-9999999,2.823963,0.688014,0.856538,0.668091,0.981102,0.5,199.9996,0.554483,10.494717,2009-09-04T04:19:23.111,-9999999,G2,183.C-0972(A),Udry,-9999999,HARPS_ech_obs_all,HARPS_ech_obs_thosimult,STAR_WAVE_G2,7.88696213761796E-06,8.80743971889998E-07,0,0,0
GJ776,301.393935,-67.32316,2455078.6860971,-1.351089,1.420336,-10480.245328,1.300952,-7.625423,1.133004,-10476.757953,0.854351,-7.597894,1.133159,9.563729,9.924404,-2.117155,2.478749,0.413392,0.000899,0.355146,0.001298,0.495348,0.001691,0,6.742051,42.636705,-0.024736,-10.6,83.1,2455078.68609,-17.137497,-17.137349,-0.143,-9999999,2.823967,0.687173,0.856538,0.663408,0.981102,0.42,199.9991,9.519203,9.912122,2009-09-04T04:23:14.424,-9999999,G2,183.C-0972(A),Udry,-9999999,HARPS_ech_obs_all,HARPS_ech_obs_thosimult,STAR_WAVE_G2,2.95331466399132E-06,1.24938201449898E-06,0,0,0
GJ776,301.393935,-67.32316,2455078.6891725,0.616298,1.53659,-10480.352532,1.370271,-5.659073,1.275716,-10476.870933,0.956599,-5.686152,1.275861,8.238635,9.679343,-2.088948,3.056775,0.414805,0.001014,0.355904,0.001458,0.492826,0.00189,0,6.740842,42.63233,-0.023573,-10.6,74.3,2455078.68917,-17.140517,-17.140365,-0.189,-9999999,2.823971,0.686136,0.856537,0.657628,0.981102,0.59,199.9999,8.185686,9.672519,2009-09-04T04:27:06.147,-9999999,G2,183.C-0972(A),Udry,-9999999,HARPS_ech_obs_all,HARPS_ech_obs_thosimult,STAR_WAVE_G2,7.38294177309925E-06,9.47801066103932E-07,0,0,0
GJ776,301.393935,-67.32316,2455109.5498297,-2.295223,1.010313,-10483.466891,1.071203,-9.574516,0.535749,-10480.328258,0.429947,-9.555353,0.535847,-0.341393,4.978515,-4.037468,0.960746,0.413466,0.000435,0.364593,0.000625,0.483278,0.000814,0,6.735819,42.676549,-0.028056,-10.6,170.2,2455109.54982,-20.791028,-20.790997,0.666,-9999999,2.864673,-0.317786,0.856566,0.27396,0.981133,0.43,449.9993,-0.301928,4.949518,2009-10-05T01:08:03.463,-9999999,G2,183.C-0972(A),Udry,-9999999,HARPS_ech_obs_all,HARPS_ech_obs_thosimult,STAR_WAVE_G2,8.73873773438193E-06,4.60324388975655E-07,0,0,0
GJ776,301.393935,-67.32316,2455109.5557686,-2.206768,1.148317,-10483.603155,1.153373,-9.488065,0.764807,-10480.475676,0.606344,-9.468951,0.764949,4.983213,7.238065,-7.756603,1.555283,0.412508,0.000625,0.364511,0.000899,0.483351,0.00117,0,6.736404,42.68401,-0.025084,-10.6,119,2455109.55577,-20.796712,-20.796697,1.328,-9999999,2.864681,-0.319789,0.856564,0.262798,0.98113,0.5,449.9989,5.006548,7.220115,2009-10-05T01:16:05.119,-9999999,G2,183.C-0972(A),Udry,-9999999,HARPS_ech_obs_all,HARPS_ech_obs_thosimult,STAR_WAVE_G2,7.5876526164297E-06,5.75619094457983E-07,0,0,0
GJ776,301.393935,-67.32316,2455110.5764819,-2.237276,0.93851,-10483.053676,1.027513,-9.612738,0.38355,-10480.034598,0.305255,-9.588573,0.383698,0.90459,4.260351,-4.06258,0.656016,0.413965,0.000303,0.363308,0.000437,0.48372,0.00057,0,6.738026,42.671535,-0.02523,-10.6,243.1,2455110.57647,-20.846207,-20.846183,-0.433,-9999999,2.866027,-0.413955,0.856557,0.153051,0.981123,0.51,449.9997,0.935481,4.216163,2009-10-06T01:45:56.358,-9999999,G2,183.C-0972(A),Udry,-9999999,HARPS_ech_obs_all,HARPS_ech_obs_thosimult,STAR_WAVE_G2,8.9814957650415E-06,3.77420906787555E-07,0,0,0
GJ776,301.393935,-67.32316,2455110.581954,-3.392299,0.929548,-10484.06817,1.021601,-10.769607,0.361072,-10481.059369,0.28473,-10.734895,0.361154,1.068674,3.027653,-4.795001,0.695955,0.414102,0.000283,0.362953,0.000406,0.484064,0.000531,0,6.738912,42.675988,-0.027119,-10.6,261,2455110.58195,-20.850982,-20.850957,0.075,-9999999,2.866034,-0.4158,0.856555,0.142767,0.981121,0.49,449.9997,1.095432,2.962169,2009-10-06T01:53:58.175,-9999999,G2,183.C-0972(A),Udry,-9999999,HARPS_ech_obs_all,HARPS_ech_obs_thosimult,STAR_WAVE_G2,8.20536794452554E-06,3.21178503908783E-07,0,0,0
GJ776,301.393935,-67.32316,2455112.5665868,0.166438,0.96416,-10481.115148,1.042581,-7.331337,0.442617,-10478.092652,0.352657,-7.332984,0.442737,2.815849,4.18535,-3.863054,0.891416,0.414565,0.000352,0.363855,0.000507,0.484331,0.000661,0,6.738567,42.672808,-0.025989,-10.6,209.8,2455112.56658,-20.881156,-20.881144,0.1,-9999999,2.868652,-0.536268,0.85656,0.153844,0.981126,0.53,449.9998,2.850774,4.158884,2009-10-08T01:31:44.343,-9999999,G2,183.C-0972(A),Udry,-9999999,HARPS_ech_obs_all,HARPS_ech_obs_thosimult,STAR_WAVE_G2,8.73915107499325E-06,3.8111611788703E-07,0,0,0
GJ776,301.393935,-67.32316,2455112.5719499,1.223972,0.951607,-10480.449188,1.034666,-6.275612,0.414565,-10477.436765,0.328526,-6.254931,0.414655,-1.763271,4.75778,-6.342488,0.716862,0.414454,0.000326,0.363556,0.000469,0.484304,0.000613,0,6.737328,42.681019,-0.02479,-10.6,226.2,2455112.57195,-20.885848,-20.885839,-0.634,-9999999,2.868659,-0.538077,0.856558,0.143764,0.981124,0.49,449.9996,-1.728135,4.736949,2009-10-08T01:39:45.749,-9999999,G2,183.C-0972(A),Udry,-9999999,HARPS_ech_obs_all,HARPS_ech_obs_thosimult,STAR_WAVE_G2,8.39036498738339E-06,3.05676374673922E-07,0,0,0
GJ776,301.393935,-67.32316,2455116.5861968,0.152278,0.889297,-10480.903091,0.995677,-6.843201,0.239091,-10477.199776,0.169636,-6.827571,0.239289,9.733977,3.464327,-6.64472,0.606205,0.41394,0.000168,0.361407,0.000241,0.483259,0.000316,128,6.737875,42.694855,-0.025086,-10.6,438.8,2455116.58619,-20.913118,-20.913116,0,-9999999,2.873953,-0.033971,0.856554,0.829362,0.98112,0.5,900.0003,9.762321,3.430574,2009-10-12T01:56:51.265,-9999999,G2,183.C-0972(A),Udry,-9999999,HARPS_ech_obs_all,HARPS_ech_obs_thosimult,STAR_WAVE_G2,8.21880982774276E-06,2.52017543409803E-07,0,0,0
GJ776,301.393935,-67.32316,2455121.5876152,-8.796765,0.971128,-10490.664958,0.982113,-15.5435,0.690247,-10486.202382,0.542248,-15.525259,0.690379,20.294131,6.558309,-13.630741,1.351655,0.413475,0.000527,0.363934,0.000774,0.485998,0.001012,0,6.733575,42.730526,-0.026541,-10.6,137.6,2455121.58761,-20.788922,-20.788956,0.677,-9999999,2.88055,0.214773,0.683116,1.582026,0.818848,0.51,179.9994,20.318674,6.513518,2009-10-17T02:05:21.936,-9999999,G2,183.C-0972(A),Udry,-9999999,HARPS_ech_obs_all,HARPS_ech_obs_thosimult,STAR_WAVE_G2,8.18434473914843E-06,6.31297809336226E-07,0,0,0
GJ776,301.393935,-67.32316,2455121.5900479,-7.466552,0.971931,-10489.461149,0.98285,-14.214107,0.691378,-10485.003142,0.543584,-14.198736,0.69149,11.560755,5.79939,-13.481699,1.426096,0.413516,0.000524,0.362834,0.000771,0.482595,0.001006,0,6.738001,42.719784,-0.027219,-10.6,137.7,2455121.59004,-20.7905,-20.790528,0,-9999999,2.880553,0.213952,0.683115,1.577454,0.818847,0.5,179.9989,11.590439,5.750583,2009-10-17T02:08:53.938,-9999999,G2,183.C-0972(A),Udry,-9999999,HARPS_ech_obs_all,HARPS_ech_obs_thosimult,STAR_WAVE_G2,8.36310510281255E-06,5.32421867089754E-07,0,0,0
GJ776,301.393935,-67.32316,2455121.5924806,-9.263762,0.971322,-10491.939053,0.982184,-16.012138,0.690522,-10487.485616,0.542379,-15.976351,0.690694,19.505933,5.99422,-14.83501,1.494706,0.412826,0.000523,0.363362,0.000771,0.482689,0.001005,0,6.732934,42.729762,-0.024229,-10.6,137.9,2455121.59248,-20.792051,-20.792088,0.219,-9999999,2.880556,0.213131,0.683115,1.572881,0.818847,0.49,180.0001,19.51681,5.939633,2009-10-17T02:12:25.939,-9999999,G2,183.C-0972(A),Udry,-9999999,HARPS_ech_obs_all,HARPS_ech_obs_thosimult,STAR_WAVE_G2,8.69677635891765E-06,5.49697664949168E-07,0,0,0
GJ776,301.393935,-67.32316,2455121.5949597,-7.361203,0.989876,-10490.073231,0.993012,-14.110415,0.716387,-10485.62445,0.561751,-14.100575,0.716488,11.305785,5.617588,-12.154451,1.618216,0.413425,0.00054,0.363768,0.000798,0.483072,0.00104,0,6.737463,42.720213,-0.023065,-10.6,133.4,2455121.59496,-20.793604,-20.793643,0.038,-9999999,2.880559,0.212295,0.683114,1.568222,0.818846,0.5,179.9993,11.334264,5.572484,2009-10-17T02:15:58.350,-9999999,G2,183.C-0972(A),Udry,-9999999,HARPS_ech_obs_all,HARPS_ech_obs_thosimult,STAR_WAVE_G2,7.57062738602131E-06,5.70916989593895E-07,0,0,0
GJ776,301.393935,-67.32316,2455121.5974621,-8.597088,1.054452,-10491.239226,1.029853,-15.347144,0.803259,-10486.795144,0.624572,-15.354721,0.803418,18.603082,6.748307,-13.511724,1.564236,0.413152,0.000601,0.363727,0.000892,0.484117,0.001164,0,6.736296,42.736056,-0.025961,-10.6,119.6,2455121.59746,-20.795143,-20.795176,-0.146,-9999999,2.880563,0.211451,0.683113,1.563519,0.818845,0.52,180.0007,18.630298,6.701867,2009-10-17T02:19:30.972,-9999999,G2,183.C-0972(A),Udry,-9999999,HARPS_ech_obs_all,HARPS_ech_obs_thosimult,STAR_WAVE_G2,7.03054743977414E-06,7.35787394838454E-07,0,0,0
GJ776,301.393935,-67.32316,2455122.5259441,-7.203437,1.147632,-10487.940575,1.152434,-14.356869,0.763765,-10484.508817,0.604535,-14.36115,0.76399,6.978242,6.637632,-15.036188,1.813516,0.414054,0.000644,0.357571,0.000918,0.483542,0.001192,0,6.734269,42.731901,-0.027319,-10.6,117.2,2455122.52593,-20.697157,-20.697192,0.496,-9999999,2.881787,-0.191925,0.856576,0.549971,0.981144,0.53,179.9991,6.99378,6.594828,2009-10-18T00:36:35.542,-9999999,G2,183.C-0972(A),Udry,-9999999,HARPS_ech_obs_all,HARPS_ech_obs_thosimult,STAR_WAVE_G2,7.80889922749501E-06,7.09046777280341E-07,0,0,0
GJ776,301.393935,-67.32316,2455122.5283603,-6.539125,1.114345,-10488.533928,1.133316,-13.693372,0.712772,-10485.106708,0.567243,-13.707031,0.712973,11.765698,6.991724,-14.072237,1.673235,0.413147,0.000603,0.355793,0.000856,0.484569,0.001117,0,6.734981,42.737476,-0.026832,-10.6,125.1,2455122.52835,-20.699213,-20.699243,-0.116,-9999999,2.88179,-0.19274,0.856575,0.54543,0.981142,0.51,179.999,11.779767,6.950821,2009-10-18T00:40:07.914,-9999999,G2,183.C-0972(A),Udry,-9999999,HARPS_ech_obs_all,HARPS_ech_obs_thosimult,STAR_WAVE_G2,5.51872722306021E-06,5.55027401615893E-07,0,0,0
GJ776,301.393935,-67.32316,2455122.5308031,-7.774965,1.097205,-10489.15689,1.123185,-14.930036,0.685667,-10485.734257,0.546723,-14.921838,0.685872,4.265954,6.913997,-17.708786,1.52883,0.414481,0.000582,0.355686,0.000824,0.484475,0.001075,0,6.733014,42.750044,-0.026733,-10.6,129.8,2455122.53079,-20.701275,-20.70131,-0.281,-9999999,2.881794,-0.193564,0.856574,0.540839,0.981141,0.5,179.9996,4.280778,6.867529,2009-10-18T00:43:40.786,-9999999,G2,183.C-0972(A),Udry,-9999999,HARPS_ech_obs_all,HARPS_ech_obs_thosimult,STAR_WAVE_G2,9.03763106230353E-06,5.03757954094764E-07,0,0,0
GJ776,301.393935,-67.32316,2455122.5332586,-6.497799,1.096514,-10487.309841,1.122474,-13.653699,0.684562,-10483.89182,0.545263,-13.620283,0.684695,14.957926,5.977083,-18.033785,1.454241,0.415397,0.000582,0.357096,0.000824,0.485632,0.001074,0,6.733073,42.738628,-0.027914,-10.6,130.1,2455122.53325,-20.703332,-20.703369,-0.159,-9999999,2.881797,-0.194392,0.856573,0.536224,0.98114,0.5,179.9988,14.978864,5.929008,2009-10-18T00:47:12.958,-9999999,G2,183.C-0972(A),Udry,-9999999,HARPS_ech_obs_all,HARPS_ech_obs_thosimult,STAR_WAVE_G2,6.55662308363321E-06,5.75558738503808E-07,0,0,0
GJ776,301.393935,-67.32316,2455122.5357019,-7.220184,1.094247,-10487.808219,1.122677,-14.376908,0.680927,-10484.394788,0.545683,-14.361957,0.681145,10.391412,5.650148,-12.97012,1.567693,0.415928,0.000584,0.355998,0.000825,0.48619,0.001078,0,6.734021,42.723615,-0.026765,-10.6,129.9,2455122.5357,-20.705362,-20.705402,0.434,-9999999,2.8818,-0.195217,0.856572,0.531631,0.981139,0.49,179.999,10.409681,5.603902,2009-10-18T00:50:45.879,-9999999,G2,183.C-0972(A),Udry,-9999999,HARPS_ech_obs_all,HARPS_ech_obs_thosimult,STAR_WAVE_G2,7.67862850684027E-06,5.38444009079777E-07,0,0,0
GJ776,301.393935,-67.32316,2455124.5208028,-7.7249,0.91319,-10488.963533,1.011668,-14.893282,0.316525,-10485.573297,0.246625,-14.874923,0.316708,0.429399,2.964957,-13.725417,0.618805,0.414052,0.000255,0.355647,0.000361,0.494596,0.000471,0,6.731732,42.723786,-0.027279,-10.6,294.5,2455124.5208,-20.58433,-20.584368,0,-9999999,2.884418,-0.206874,0.856579,0.505818,0.981146,0.49,449.9994,0.453288,2.847517,2009-10-20T00:27:18.065,-9999999,G2,183.C-0972(A),Udry,-9999999,HARPS_ech_obs_all,HARPS_ech_obs_thosimult,STAR_WAVE_G2,7.30412937749107E-06,2.64804232178846E-07,0,0,0
GJ776,301.393935,-67.32316,2455124.5264319,-7.808644,0.921832,-10488.948684,1.017089,-14.978924,0.340664,-10485.569019,0.268006,-14.944988,0.340866,-0.691467,3.502141,-11.318588,0.65764,0.414545,0.000276,0.356416,0.000392,0.494259,0.00051,0,6.734089,42.71221,-0.026262,-10.6,271.5,2455124.52642,-20.589014,-20.589044,0.518,-9999999,2.884426,-0.208773,0.856576,0.495239,0.981143,0.5,449.9991,-0.669404,3.409581,2009-10-20T00:35:19.951,-9999999,G2,183.C-0972(A),Udry,-9999999,HARPS_ech_obs_all,HARPS_ech_obs_thosimult,STAR_WAVE_G2,6.50755529792966E-06,2.77227610529545E-07,0,0,0
GJ776,301.393935,-67.32316,2455127.5275627,-2.565358,0.916754,-10483.757474,1.012775,-9.828977,0.326675,-10480.439867,0.25114,-9.807374,0.326852,8.953659,2.740315,-13.672613,0.809182,0.415025,0.000255,0.353419,0.000362,0.493452,0.000474,0,6.731842,42.716835,-0.026985,-10.6,292.8,2455127.52756,-20.378098,-20.378148,0.122,-9999999,2.888384,-0.302112,0.856576,0.429223,0.981143,0.5,299.9991,8.982102,2.676476,2009-10-23T00:38:30.316,-9999999,G2,183.C-0972(A),Udry,-9999999,HARPS_ech_obs_all,HARPS_ech_obs_thosimult,STAR_WAVE_G2,7.39062205108543E-06,3.30150327581061E-07,0,0,0
GJ776,301.393935,-67.32316,2455127.5313673,-3.09417,0.919428,-10483.899738,1.014887,-10.359072,0.334109,-10480.589277,0.259536,-10.330789,0.334291,5.028292,3.547808,-12.217463,0.734019,0.414731,0.000265,0.353226,0.000375,0.494845,0.000491,0,6.732535,42.715721,-0.026962,-10.6,282.7,2455127.53137,-20.381035,-20.381088,0.415,-9999999,2.888389,-0.303395,0.856574,0.422072,0.981141,0.49,300,5.061236,3.497616,2009-10-23T00:44:02.055,-9999999,G2,183.C-0972(A),Udry,-9999999,HARPS_ech_obs_all,HARPS_ech_obs_thosimult,STAR_WAVE_G2,8.44259237197663E-06,2.86854541034457E-07,0,0,0
GJ776,301.393935,-67.32316,2455127.5352428,-4.187741,0.917406,-10485.217207,1.013233,-11.453951,0.328507,-10481.914025,0.252995,-11.43522,0.328651,4.105059,2.969598,-13.099022,0.708068,0.414875,0.000256,0.353753,0.000364,0.494038,0.000476,0,6.733542,42.714623,-0.026687,-10.6,291.2,2455127.53523,-20.383978,-20.384025,0.371,-9999999,2.888394,-0.304702,0.856572,0.414788,0.981139,0.5,300.0001,4.142002,2.896982,2009-10-23T00:49:33.923,-9999999,G2,183.C-0972(A),Udry,-9999999,HARPS_ech_obs_all,HARPS_ech_obs_thosimult,STAR_WAVE_G2,7.29969863517003E-06,2.74033156874406E-07,0,0,0
GJ776,301.393935,-67.32316,2455129.5505625,-2.308496,0.604822,-10484.160843,0.697464,-9.888304,0.317856,-10480.720976,0.244895,-9.870054,0.318022,10.995028,3.595561,-8.576146,0.647658,0.413744,0.000244,0.362705,0.000349,0.494013,0.000457,0,6.733731,42.693712,-0.025967,-10.6,303.4,2455129.55056,-20.221639,-20.221707,1.626,-9999999,2.891052,-0.618301,0.514565,0.548815,0.653056,0.49,449.9988,11.032595,3.557753,2009-10-25T01:10:38.785,-9999999,G2,183.C-0972(A),Udry,-9999999,HARPS_ech_obs_all,HARPS_ech_obs_thosimult,STAR_WAVE_G2,7.57322181899995E-06,3.02385536939716E-07,0,0,0
GJ776,301.393935,-67.32316,2455129.5560744,-2.390575,0.606033,-10484.123107,0.698432,-9.972242,0.32016,-10480.693592,0.247649,-9.9955,0.320308,5.139707,3.675582,-7.635813,0.720645,0.414953,0.000247,0.361842,0.000353,0.492733,0.000461,0,6.736814,42.692966,-0.025598,-10.6,300,2455129.55607,-20.225239,-20.225303,0.276,-9999999,2.891059,-0.62016,0.514561,0.538456,0.653052,0.48,450.0004,5.170211,3.63081,2009-10-25T01:18:39.541,-9999999,G2,183.C-0972(A),Udry,-9999999,HARPS_ech_obs_all,HARPS_ech_obs_thosimult,STAR_WAVE_G2,9.07684865067714E-06,2.55022532298349E-07,0,0,0
GJ776,301.393935,-67.32316,2455132.5214737,-1.692724,0.91078,-10483.31494,1.009726,-8.928609,0.309504,-10479.984045,0.238538,-8.908321,0.309635,-3.033065,3.125942,-6.055664,0.646165,0.41331,0.00024,0.354665,0.000344,0.496627,0.000451,0,6.739338,42.68311,-0.026702,-10.6,309,2455132.52147,-19.896467,-19.896549,0.006,-9999999,2.89497,-0.274378,0.856579,0.435925,0.981146,0.4,900.0003,-3.009631,3.076884,2009-10-28T00:26:43.110,-9999999,G2,183.C-0972(A),Udry,-9999999,HARPS_ech_obs_all,HARPS_ech_obs_thosimult,STAR_WAVE_G2,7.90920489226944E-06,2.89287743455318E-07,0,0,0
GJ776,301.393935,-67.32316,2455134.5128077,-3.121642,0.936217,-10484.649453,0.892802,-10.298764,0.377846,-10481.220532,0.298653,-10.275099,0.378028,1.512647,3.800318,-6.298369,0.922838,0.413889,0.000311,0.35561,0.000438,0.493305,0.000571,0,6.73854,42.675779,-0.026433,-10.6,242.7,2455134.5128,-19.658155,-19.658241,0.185,-9999999,2.897597,-0.215614,0.856583,0.531324,0.841369,0.49,449.999,1.537641,3.752264,2009-10-30T00:16:45.178,-9999999,G2,183.C-0972(A),Udry,-9999999,HARPS_ech_obs_all,HARPS_ech_obs_thosimult,STAR_WAVE_G2,7.89536054904229E-06,3.3638003695802E-07,0,0,0
GJ776,301.393935,-67.32316,2455134.5184381,-3.610069,0.934558,-10485.213995,0.891882,-10.78909,0.373725,-10481.795649,0.2959,-10.769454,0.373819,-4.307933,3.853301,-8.594949,0.699689,0.413666,0.000308,0.354304,0.000433,0.493045,0.000565,0,6.735531,42.697563,-0.026649,-10.6,244.9,2455134.51844,-19.662163,-19.662249,-0.113,-9999999,2.897604,-0.217514,0.85658,0.520742,0.841366,0.5,449.9994,-4.281086,3.803663,2009-10-30T00:24:47.173,-9999999,G2,183.C-0972(A),Udry,-9999999,HARPS_ech_obs_all,HARPS_ech_obs_thosimult,STAR_WAVE_G2,8.39538193312793E-06,2.93305771870836E-07,0,0,0
GJ776,301.393935,-67.32316,2455135.5027525,-4.697629,0.893464,-10485.892401,0.998789,-11.884478,0.25404,-10482.564817,0.186849,-11.855041,0.254264,9.698475,2.937798,-12.910397,0.698165,0.412973,0.000192,0.355349,0.000271,0.493904,0.000354,0,6.733941,42.722804,-0.026018,-10.6,391.3,2455135.50275,-19.526385,-19.526475,0,-9999999,2.898903,-0.225342,0.856588,0.428681,0.981155,0.51,450.0001,9.721017,2.853246,2009-10-31T00:02:12.970,-9999999,G2,183.C-0972(A),Udry,-9999999,HARPS_ech_obs_all,HARPS_ech_obs_thosimult,STAR_WAVE_G2,7.81614403557541E-06,2.43050086120417E-07,0,0,0
GJ776,301.393935,-67.32316,2455135.5082806,-4.620209,0.893664,-10485.65163,0.99866,-11.808923,0.254749,-10482.33443,0.186179,-11.791252,0.25507,7.584708,3.039705,-15.958025,0.690584,0.409322,0.00019,0.354786,0.000269,0.492902,0.000351,0,6.731308,42.731126,-0.025135,-10.6,393.8,2455135.50828,-19.530419,-19.530508,0.681,-9999999,2.89891,-0.227207,0.856585,0.41829,0.981152,0.5,449.9986,7.605681,2.961825,2009-10-31T00:10:15.135,-9999999,G2,183.C-0972(A),Udry,-9999999,HARPS_ech_obs_all,HARPS_ech_obs_thosimult,STAR_WAVE_G2,7.633333839955E-06,2.4623933504658E-07,0,0,0
GJ776,301.393935,-67.32316,2455136.5212431,-3.80732,0.924819,-10484.944056,1.018167,-10.994313,0.348659,-10481.535329,0.27206,-10.98068,0.348824,2.327612,3.184765,-10.668126,0.683158,0.414195,0.000286,0.361832,0.0004,0.497431,0.000527,0,6.733421,42.699686,-0.026125,-10.6,265.2,2455136.52123,-19.409268,-19.409359,-0.079,-9999999,2.900246,-0.225486,0.856579,0.508481,0.981146,0.69,900.0006,2.339133,3.116595,2009-11-01T00:22:24.751,-9999999,G2,183.C-0972(A),Udry,-9999999,HARPS_ech_obs_all,HARPS_ech_obs_thosimult,STAR_WAVE_G2,7.63229197903399E-06,3.13449525429878E-07,0,0,0
GJ776,301.393935,-67.32316,2455139.4919154,-3.476287,0.837632,-10484.308572,0.827857,-9.903446,0.598333,-10480.3089,0.475082,-9.886951,0.598498,13.703925,5.33402,-1.993463,1.197626,0.41499,0.000481,0.355525,0.000692,0.497738,0.000906,0,6.738021,42.650731,-0.028128,-10.6,154.3,2455139.49191,-18.966093,-18.966195,-0.55,-9999999,2.904164,0.534349,0.586195,1.095508,0.677971,0.46,449.9994,13.706333,5.300913,2009-11-03T23:47:21.202,-9999999,G2,183.C-0972(A),Udry,-9999999,HARPS_ech_obs_all,HARPS_ech_obs_thosimult,STAR_WAVE_G2,6.25293563650776E-06,5.05691340339729E-07,0,0,0
GJ776,301.393935,-67.32316,2455139.4976448,-4.290953,0.770164,-10485.65878,0.786634,-10.720044,0.499534,-10481.669869,0.398942,-10.726712,0.499665,9.163905,4.088664,-4.361674,0.911013,0.414522,0.0004,0.354719,0.000576,0.498913,0.000756,0,6.736958,42.677704,-0.028639,-10.6,185.1,2455139.49764,-18.970141,-18.970239,0.008,-9999999,2.904171,0.532416,0.58619,1.08474,0.677966,0.49,449.9994,9.170532,4.043319,2009-11-03T23:55:22.748,-9999999,G2,183.C-0972(A),Udry,-9999999,HARPS_ech_obs_all,HARPS_ech_obs_thosimult,STAR_WAVE_G2,8.32366613294145E-06,4.64720323461445E-07,0,0,0
GJ776,301.393935,-67.32316,2455142.5019564,0.204261,1.004413,-10482.296453,0.920214,-6.931702,0.524502,-10477.765314,0.419417,-6.925141,0.524595,7.841929,5.448997,-1.426808,1.245114,0.415087,0.000419,0.363365,0.000604,0.485222,0.000789,0,6.741007,42.650163,-0.026442,-10.6,176,2455142.50195,-18.500823,-18.500929,0.115,-9999999,2.908134,-0.174456,0.856588,1.623005,0.819075,0.44,600.0002,7.845495,5.431628,2009-11-07T00:01:07.926,-9999999,G2,183.C-0972(A),Udry,-9999999,HARPS_ech_obs_all,HARPS_ech_obs_thosimult,STAR_WAVE_G2,8.67528668119321E-06,4.00576618489142E-07,0,0,0
GJ776,301.393935,-67.32316,2455142.5085244,2.455295,1.221555,-10480.620686,1.063288,-4.682883,0.870896,-10476.101883,0.678015,-4.646343,0.870936,13.633914,8.028266,-6.030802,1.743506,0.415513,0.000695,0.363984,0.001005,0.485275,0.001313,0,6.745391,42.682554,-0.02648,-10.6,106.7,2455142.50852,-18.504933,-18.505037,-0.21,-9999999,2.908142,-0.176671,0.856585,1.610661,0.819071,0.51,299.9993,13.626731,8.022852,2009-11-07T00:12:26.432,-9999999,G2,183.C-0972(A),Udry,-9999999,HARPS_ech_obs_all,HARPS_ech_obs_thosimult,STAR_WAVE_G2,8.79798650588119E-06,7.11758118418724E-07,0,0,0
GJ776,301.393935,-67.32316,2455143.4999361,3.230514,0.705606,-10476.621751,0.75228,-4.053208,0.45735,-10474.549656,0.367105,-4.026998,0.457503,-0.325122,4.087888,-1.177369,0.910244,0.415332,0.000363,0.355327,0.000523,0.495648,0.000683,0,6.738783,42.661483,-0.027345,-10.6,202.8,2455143.50003,-18.330801,-18.330977,-0.108,-9999999,2.90945,-0.322215,0.537318,-0.837355,0.656627,0.48,425.0006,-0.334105,4.081081,2009-11-07T23:59:18.637,-9999999,G2,183.C-0972(A),Udry,-9999999,HARPS_ech_obs_all,HARPS_ech_obs_thosimult,STAR_WAVE_G2,7.22372720094018E-06,4.17821007568668E-07,0,0,0
GJ776,301.393935,-67.32316,2455143.5051659,2.834878,0.73243,-10478.267108,0.767956,-4.450608,0.497742,-10476.204836,0.39825,-4.440496,0.497711,-7.928205,4.569828,-1.621375,1.042498,0.414922,0.000396,0.355579,0.00057,0.493747,0.000744,0,6.742205,42.657376,-0.026985,-10.6,186.1,2455143.50516,-18.334042,-18.334151,0.597,-9999999,2.909457,-0.323979,0.537314,-0.847185,0.656623,0.47,424.999,-7.932182,4.564924,2009-11-08T00:06:54.772,-9999999,G2,183.C-0972(A),Udry,-9999999,HARPS_ech_obs_all,HARPS_ech_obs_thosimult,STAR_WAVE_G2,8.28191040129407E-06,4.48900004910448E-07,0,0,0
GJ776,301.393935,-67.32316,2455370.737663,3.220918,1.856735,-10478.948164,1.595996,-5.361282,1.70104,-10476.893253,1.355081,-5.362913,1.701391,3.347693,13.826141,-7.240855,3.29036,0.417887,0.001383,0.368073,0.001945,0.48784,0.00252,0,6.729016,42.702932,-0.01667,-10.6,56.8,2455370.73766,5.471953,5.472191,-0.393,-9999999,3.209156,-1.620693,0.744263,-1.154245,0.843184,0.43,400.0007,3.3497,13.821754,2010-06-23T05:33:41.281,-9999999,G2,183.C-0972(A),Udry,-9999999,HARPS_ech_obs_all,HARPS_ech_obs_thosimult,STAR_WAVE_G2,3.41581521768802E-06,1.5161762374945E-06,0,0,0
GJ776,301.393935,-67.32316,2455370.742142,0.763172,2.88625,-10484.906442,2.587005,-7.820539,2.78864,-10482.859944,2.445738,-7.701996,2.789078,30.743149,23.347528,8.261512,6.424049,0.419788,0.002208,0.362549,0.003104,0.479954,0.003999,0,6.726501,42.574243,-0.021341,-10.6,36.8,2455370.74214,5.466211,5.466449,-0.339,-9999999,3.209162,-1.622204,0.744264,-1.162664,0.843185,0.32,400.0005,30.726716,23.341615,2010-06-23T05:40:52.264,-9999999,G2,183.C-0972(A),Udry,-9999999,HARPS_ech_obs_all,HARPS_ech_obs_thosimult,STAR_WAVE_G2,-9999999,-9999999,-9999999,-9999999,-9999999
GJ776,301.393935,-67.32316,2455372.8105659,0.665124,1.044095,-10479.965429,1.090872,-6.591009,0.597035,-10477.402178,0.476873,-6.516739,0.597127,-2.938272,5.582929,-4.138009,1.294522,0.41927,0.00048,0.364784,0.000675,0.486839,0.00088,0,6.737602,42.679538,-0.026394,-10.6,157.7,2455372.81057,4.702623,4.702864,-0.154,-9999999,3.21189,-0.294626,0.856553,-0.648639,0.981119,0.5,179.9995,-2.935838,5.56692,2010-06-25T07:19:59.059,-9999999,G2,183.C-0972(A),Udry,-9999999,HARPS_ech_obs_all,HARPS_ech_obs_thosimult,STAR_WAVE_G2,7.86095242047005E-06,5.52323002327345E-07,0,0,0
GJ776,301.393935,-67.32316,2455372.8129374,1.997491,1.058416,-10478.066431,1.100421,-5.259442,0.621739,-10475.507634,0.498329,-5.249207,0.621769,-10.792952,5.800639,-4.118228,1.429171,0.417828,0.000499,0.364643,0.000705,0.488281,0.000921,0,6.738771,42.67526,-0.025071,-10.6,151,2455372.81293,4.699533,4.699783,-0.143,-9999999,3.211893,-0.295426,0.856554,-0.653096,0.981119,0.46,180.008,-10.788465,5.790648,2010-06-25T07:23:31.151,-9999999,G2,183.C-0972(A),Udry,-9999999,HARPS_ech_obs_all,HARPS_ech_obs_thosimult,STAR_WAVE_G2,8.10752771811837E-06,5.89377157034321E-07,0,0,0
GJ776,301.393935,-67.32316,2455372.815471,-0.581633,1.089016,-10480.804094,1.118385,-7.839421,0.672511,-10478.250056,0.536832,-7.808982,0.672545,-0.036196,6.793615,-2.692868,1.592956,0.417927,0.000536,0.365431,0.000761,0.488013,0.000992,0,6.742201,42.667335,-0.024775,-10.6,140.1,2455372.81546,4.696241,4.696496,-0.154,-9999999,3.211896,-0.296281,0.856555,-0.657858,0.98112,0.5,180.0006,-0.037026,6.775525,2010-06-25T07:27:02.851,-9999999,G2,183.C-0972(A),Udry,-9999999,HARPS_ech_obs_all,HARPS_ech_obs_thosimult,STAR_WAVE_G2,8.55520397701133E-06,5.53712741846607E-07,0,0,0
GJ776,301.393935,-67.32316,2455372.8179681,-0.809181,1.086261,-10480.603828,1.116795,-8.067811,0.668039,-10478.054479,0.533509,-8.047773,0.668182,-14.146936,5.580168,-4.146196,1.478627,0.418294,0.00054,0.364873,0.000762,0.48628,0.000992,0,6.73727,42.678122,-0.025157,-10.6,140,2455372.81796,4.693005,4.693251,-0.359,-9999999,3.2119,-0.297123,0.856555,-0.662551,0.981121,0.52,180.0075,-14.143089,5.555388,2010-06-25T07:30:34.993,-9999999,G2,183.C-0972(A),Udry,-9999999,HARPS_ech_obs_all,HARPS_ech_obs_thosimult,STAR_WAVE_G2,5.38547424652289E-06,6.61177328780648E-07,0,0,0
GJ776,301.393935,-67.32316,2455372.8203401,-0.478126,1.079006,-10481.294197,1.11218,-7.737556,0.656175,-10478.749304,0.523779,-7.691623,0.656209,-0.702571,5.56548,-2.297783,1.406372,0.419827,0.000519,0.364008,0.000736,0.48907,0.000962,0,6.744245,42.665377,-0.026332,-10.6,144.6,2455372.82033,4.689939,4.690191,-0.149,-9999999,3.211903,-0.297923,0.856556,-0.66701,0.981122,0.48,180.0079,-0.702177,5.543367,2010-06-25T07:34:07.135,-9999999,G2,183.C-0972(A),Udry,-9999999,HARPS_ech_obs_all,HARPS_ech_obs_thosimult,STAR_WAVE_G2,8.17701872398612E-06,5.75859320941703E-07,0,0,0
GJ776,301.393935,-67.32316,2455372.8228569,-0.799719,1.06759,-10482.653222,1.105667,-8.059998,0.637227,-10480.113056,0.509802,-8.015647,0.637341,-4.994867,5.721599,-3.202002,1.344145,0.418577,0.00051,0.36452,0.00072,0.488923,0.000942,0,6.741768,42.671664,-0.025955,-10.6,147.9,2455372.82285,4.686697,4.68695,-0.409,-9999999,3.211906,-0.298772,0.856557,-0.67174,0.981123,0.51,180.0078,-5.006433,5.697125,2010-06-25T07:37:39.176,-9999999,G2,183.C-0972(A),Udry,-9999999,HARPS_ech_obs_all,HARPS_ech_obs_thosimult,STAR_WAVE_G2,7.58003757090927E-06,5.59592045306739E-07,0,0,0
GJ776,301.393935,-67.32316,2455373.7870358,1.481293,0.93921,-10478.342282,1.007582,-4.951038,0.627396,-10475.554208,0.503581,-4.933893,0.627512,1.143159,5.41779,-6.421093,1.515475,0.415157,0.000533,0.35729,0.000738,0.495519,0.000958,0,6.73629,42.68895,-0.027308,-10.6,144.7,2455373.78703,4.394909,4.395162,0.152,-9999999,3.213178,0.529176,0.69892,-0.425104,0.872713,0.51,200.0009,1.145852,5.409828,2010-06-26T06:45:52.771,-9999999,G2,183.C-0972(A),Udry,-9999999,HARPS_ech_obs_all,HARPS_ech_obs_thosimult,STAR_WAVE_G2,6.85606396663898E-06,5.81672807261811E-07,0,0,0
GJ776,301.393935,-67.32316,2455373.7896568,1.82115,0.919896,-10477.720891,0.997426,-4.612065,0.598096,-10474.937741,0.482938,-4.579197,0.598194,-0.912639,5.047114,-4.86763,1.57339,0.416843,0.000521,0.357003,0.000718,0.495177,0.000932,0,6.735579,42.688573,-0.027749,-10.6,148.7,2455373.78965,4.391445,4.391685,0.173,-9999999,3.213181,0.528292,0.698921,-0.430031,0.872714,0.48,199.9999,-0.914035,5.040542,2010-06-26T06:49:45.225,-9999999,G2,183.C-0972(A),Udry,-9999999,HARPS_ech_obs_all,HARPS_ech_obs_thosimult,STAR_WAVE_G2,7.49849836156489E-06,4.51260569235227E-07,0,0,0
GJ776,301.393935,-67.32316,2455373.7923643,4.484004,0.961681,-10475.427004,1.022013,-1.950124,0.660559,-10472.648938,0.531865,-1.937677,0.66066,0.266732,6.0221,-3.455058,1.265411,0.417359,0.000615,0.356553,0.00083,0.495152,0.001078,0,6.741414,42.671427,-0.024003,-10.6,128.9,2455373.79236,4.38787,4.388116,0.253,-9999999,3.213185,0.527379,0.698922,-0.435119,0.872714,0.49,199.9994,0.252945,6.028986,2010-06-26T06:53:37.147,-9999999,G2,183.C-0972(A),Udry,-9999999,HARPS_ech_obs_all,HARPS_ech_obs_thosimult,STAR_WAVE_G2,6.40411746029798E-06,5.99782885536453E-07,0,0,0
GJ776,301.393935,-67.32316,2455373.7951191,0.30175,0.974331,-10480.217436,1.027064,-6.133307,0.678843,-10477.444545,0.541505,-6.086183,0.678937,-3.281988,5.715403,-5.213501,1.448249,0.418514,0.000556,0.35736,0.000781,0.496558,0.001014,0,6.738095,42.690304,-0.026042,-10.6,136.6,2455373.79512,4.384237,4.384479,0.364,-9999999,3.213188,0.52645,0.698923,-0.440297,0.872715,0.52,200,-3.282186,5.703667,2010-06-26T06:57:29.160,-9999999,G2,183.C-0972(A),Udry,-9999999,HARPS_ech_obs_all,HARPS_ech_obs_thosimult,STAR_WAVE_G2,7.14828269734984E-06,6.0322252846434E-07,0,0,0
GJ776,301.393935,-67.32316,2455374.7823261,4.143579,0.908425,-10475.30828,1.000619,-3.735542,0.719108,-10474.002933,0.571268,-3.730714,0.719242,-7.806416,6.020317,-5.168034,1.656884,0.415199,0.000573,0.365176,0.000815,0.483905,0.001058,0,6.740797,42.693864,-0.026577,-10.6,130.5,2455374.78232,4.061326,4.06158,0.112,-9999999,3.21449,-0.917614,0.555085,-1.909143,0.821517,0.47,180.0003,-7.804902,6.018397,2010-06-27T06:39:22.034,-9999999,G2,183.C-0972(A),Udry,-9999999,HARPS_ech_obs_all,HARPS_ech_obs_thosimult,STAR_WAVE_G2,8.69856678367145E-06,5.55410614700087E-07,0,0,0
GJ776,301.393935,-67.32316,2455374.7848435,5.514749,0.904909,-10474.126243,0.999421,-2.365222,0.714661,-10472.825623,0.569166,-2.339493,0.714737,0.053367,5.6061,-6.401198,1.48589,0.416902,0.000575,0.364855,0.000814,0.482059,0.001055,0,6.739055,42.698124,-0.02408,-10.6,130.5,2455374.78484,4.057994,4.058235,-0.108,-9999999,3.214494,-0.918463,0.555086,-1.913874,0.821518,0.5,180.0085,0.054285,5.609003,2010-06-27T06:42:54.136,-9999999,G2,183.C-0972(A),Udry,-9999999,HARPS_ech_obs_all,HARPS_ech_obs_thosimult,STAR_WAVE_G2,8.6766600605024E-06,5.93795409353805E-07,0,0,0
GJ776,301.393935,-67.32316,2455374.7873188,2.307693,0.895394,-10476.867055,0.994576,-5.573113,0.702573,-10475.571085,0.560614,-5.560683,0.702675,-5.034689,5.202673,-3.337998,1.597358,0.415274,0.000568,0.364123,0.000802,0.483572,0.001043,0,6.738524,42.687431,-0.023693,-10.6,132.4,2455374.78731,4.054719,4.054969,0.061,-9999999,3.214497,-0.919298,0.555087,-1.918527,0.821519,0.51,179.9995,-5.033894,5.191836,2010-06-27T06:46:26.198,-9999999,G2,183.C-0972(A),Udry,-9999999,HARPS_ech_obs_all,HARPS_ech_obs_thosimult,STAR_WAVE_G2,8.25062437268982E-06,6.40084049370291E-07,0,0,0
GJ776,301.393935,-67.32316,2455374.7897463,3.023262,0.933061,-10476.829698,1.01492,-4.858362,0.749987,-10475.538287,0.595961,-4.788854,0.750207,-9.503559,6.916352,-3.73762,1.709656,0.415937,0.000604,0.366065,0.000858,0.484008,0.001112,0,6.740424,42.669656,-0.022101,-10.6,124.2,2455374.78974,4.051511,4.051764,0.125,-9999999,3.2145,-0.920117,0.555087,-1.923089,0.821519,0.5,180,-9.504538,6.910516,2010-06-27T06:49:57.739,-9999999,G2,183.C-0972(A),Udry,-9999999,HARPS_ech_obs_all,HARPS_ech_obs_thosimult,STAR_WAVE_G2,8.67888490140711E-06,6.41920021963541E-07,0,0,0
GJ776,301.393935,-67.32316,2455375.6944673,1.250466,0.972454,-10479.810952,1.120987,-6.127838,0.677343,-10477.025689,0.542265,-6.114915,0.677444,-1.723754,6.233811,-5.599486,1.676533,0.417241,0.000526,0.365252,0.000756,0.493461,0.000979,0,6.739773,42.698957,-0.026,-10.6,140.5,2455375.69446,3.834018,3.834269,-0.15,-9999999,3.215693,-0.416797,0.697763,-0.43043,0.981102,0.51,180.0079,-1.731844,6.220706,2010-06-28T04:32:42.804,-9999999,G2,183.C-0972(A),Udry,-9999999,HARPS_ech_obs_all,HARPS_ech_obs_thosimult,STAR_WAVE_G2,9.63639423702159E-06,5.69198947232553E-07,0,0,0
GJ776,301.393935,-67.32316,2455375.6969251,-0.263605,0.958016,-10481.373447,1.113096,-7.642738,0.656446,-10478.5928,0.525759,-7.580872,0.656525,1.15122,4.891401,-6.042398,1.258989,0.415429,0.000507,0.364984,0.00073,0.494352,0.000947,0,6.740951,42.702725,-0.024689,-10.6,145.3,2455375.69691,3.831025,3.831277,0.043,-9999999,3.215697,-0.417626,0.697763,-0.43505,0.981102,0.51,180.008,1.154207,4.868065,2010-06-28T04:36:15.156,-9999999,G2,183.C-0972(A),Udry,-9999999,HARPS_ech_obs_all,HARPS_ech_obs_thosimult,STAR_WAVE_G2,5.51633989667044E-06,6.56828334590646E-07,0,0,0
GJ776,301.393935,-67.32316,2455375.699337,0.819442,0.974839,-10479.869644,1.120768,-6.560505,0.680763,-10477.093527,0.541812,-6.562751,0.680853,5.891471,5.517413,-6.510487,1.386922,0.417107,0.000526,0.363636,0.000754,0.493106,0.000979,0,6.736737,42.704868,-0.029709,-10.6,140.6,2455375.69933,3.828073,3.828321,-0.053,-9999999,3.2157,-0.41844,0.697763,-0.439583,0.981102,0.49,180.0007,5.893087,5.501534,2010-06-28T04:39:47.148,-9999999,G2,183.C-0972(A),Udry,-9999999,HARPS_ech_obs_all,HARPS_ech_obs_thosimult,STAR_WAVE_G2,6.15304687034001E-06,5.304856687542E-07,0,0,0
GJ776,301.393935,-67.32316,2455375.7017859,0.540564,0.953909,-10479.963555,1.110528,-6.840209,0.650437,-10477.192038,0.520299,-6.853961,0.650523,10.130802,5.45464,-7.414875,1.486342,0.41674,0.000499,0.364674,0.000718,0.493087,0.000931,0,6.738474,42.712464,-0.026722,-10.6,147.6,2455375.70178,3.825058,3.825311,-0.209,-9999999,3.215703,-0.419266,0.697763,-0.444186,0.981102,0.49,180.0021,10.137506,5.435604,2010-06-28T04:43:18.729,-9999999,G2,183.C-0972(A),Udry,-9999999,HARPS_ech_obs_all,HARPS_ech_obs_thosimult,STAR_WAVE_G2,4.99172413571755E-06,6.0497649099857E-07,0,0,0
GJ776,301.393935,-67.32316,2455376.6660053,1.523217,0.721737,-10480.022536,0.867271,-5.19646,0.481464,-10475.795812,0.388937,-5.180754,0.481544,-6.418536,4.629182,-2.551325,0.87013,0.413688,0.000386,0.355761,0.000548,0.494815,0.000712,0,6.740652,42.683096,-0.02584,-10.6,193.3,2455376.666,3.525836,3.526085,0.461,-9999999,3.216975,0.24183,0.537677,1.009749,0.775169,0.5,450.0011,-6.412474,4.620753,2010-06-29T03:49:29.482,-9999999,G2,183.C-0972(A),Udry,-9999999,HARPS_ech_obs_all,HARPS_ech_obs_thosimult,STAR_WAVE_G2,8.18037434077696E-06,4.59213125461494E-07,0,0,0
GJ776,301.393935,-67.32316,2455376.6715276,0.620666,0.725422,-10481.007231,0.869142,-6.100873,0.486972,-10476.790879,0.393092,-6.086865,0.48707,6.936535,3.778253,-1.064742,1.146562,0.412169,0.000384,0.355993,0.000549,0.494939,0.000713,0,6.742456,42.675062,-0.027341,-10.6,192.9,2455376.67152,3.519542,3.519795,0.238,-9999999,3.216982,0.239968,0.537676,0.99937,0.775168,0.49,449.9999,6.947362,3.759329,2010-06-29T03:57:31.108,-9999999,G2,183.C-0972(A),Udry,-9999999,HARPS_ech_obs_all,HARPS_ech_obs_thosimult,STAR_WAVE_G2,5.32996263017526E-06,5.91610194942352E-07,0,0,0
GJ776,301.393935,-67.32316,2455396.8184894,-4.080216,0.944586,-10484.140588,1.030657,-10.952323,0.398191,-10481.11728,0.315682,-10.917648,0.398241,-3.206964,3.575887,6.176673,0.797514,0.414086,0.000306,0.35148,0.000435,0.483501,0.000569,0,6.743563,42.623456,-0.02362,-10.6,241.8,2455396.81849,-3.621757,-3.621501,-0.681,-9999999,3.243554,0.0894,0.856555,-0.220246,0.981121,0.44,900.0003,-3.21889,3.509581,2010-07-19T07:26:13.364,-9999999,G2,183.C-0972(A),Udry,-9999999,HARPS_ech_obs_all,HARPS_ech_obs_thosimult,STAR_WAVE_G2,8.26703474485734E-06,3.78135090860431E-07,0,0,0
GJ776,301.393935,-67.32316,2455399.7940624,-2.297419,0.900527,-10482.723161,1.003544,-9.078545,0.277982,-10479.722721,0.210989,-9.074094,0.278007,-1.304766,3.225124,-1.971839,0.593053,0.413901,0.000203,0.349953,0.000286,0.487019,0.000377,0,6.741707,42.665002,-0.026448,-10.6,366.9,2455399.79406,-4.616419,-4.616164,0.039,-9999999,3.247479,0.180382,0.856549,-0.247039,0.981114,0.5,900.0003,-1.280367,3.178152,2010-07-22T06:50:12.329,-9999999,G2,183.C-0972(A),Udry,-9999999,HARPS_ech_obs_all,HARPS_ech_obs_thosimult,STAR_WAVE_G2,8.80560950930556E-06,2.67677591850968E-07,0,0,0
GJ776,301.393935,-67.32316,2455401.7242443,2.574231,0.773076,-10477.473934,0.814146,-4.656383,0.433993,-10474.907433,0.347063,-4.617038,0.434045,-3.774451,4.069204,3.276065,0.970306,0.414344,0.000344,0.353831,0.000489,0.482297,0.000637,0,6.742883,42.641973,-0.024896,-10.6,215.8,2455401.72424,-5.204609,-5.204355,0.092,-9999999,3.250024,-0.269107,0.639763,-0.683523,0.736465,0.53,900.0005,-3.747344,4.062946,2010-07-24T05:09:15.747,-9999999,G2,183.C-0972(A),Udry,-9999999,HARPS_ech_obs_all,HARPS_ech_obs_thosimult,STAR_WAVE_G2,8.5409649485983E-06,3.42489208115807E-07,0,0,0
GJ776,301.393935,-67.32316,2455403.744584,-0.422886,0.934444,-10480.450295,1.024977,-7.127403,0.373531,-10477.271723,0.296667,-7.10489,0.373566,-8.210043,3.506204,1.350821,0.743319,0.415608,0.000303,0.352961,0.000422,0.495081,0.000553,0,6.742689,42.649061,-0.023553,-10.6,249.6,2455403.74458,-5.901617,-5.901375,0.312,-9999999,3.252689,0.256991,0.85654,-0.074117,0.981104,0.49,900.0004,-8.190786,3.481822,2010-07-26T05:39:12.310,-9999999,G2,183.C-0972(A),Udry,-9999999,HARPS_ech_obs_all,HARPS_ech_obs_thosimult,STAR_WAVE_G2,7.93791527567362E-06,3.18237692329369E-07,0,0,0
GJ776,301.393935,-67.32316,2455407.739523,-0.356567,0.93841,-10480.945997,1.027052,-7.287236,0.383346,-10477.832298,0.303762,-7.271563,0.383449,-12.814727,4.350397,-3.991961,0.792682,0.415168,0.00028,0.358855,0.000399,0.495206,0.000524,0,6.738992,42.675367,-0.026503,-10.6,263.1,2455407.73952,-7.219327,-7.219079,-0.152,-9999999,3.257958,0.030838,0.856539,-0.144259,0.981104,0.51,450.0006,-12.809042,4.325895,2010-07-30T05:35:34.034,-9999999,G2,183.C-0972(A),Udry,-9999999,HARPS_ech_obs_all,HARPS_ech_obs_thosimult,STAR_WAVE_G2,8.48136441264248E-06,4.17282601188223E-07,0,0,0
GJ776,301.393935,-67.32316,2455407.7443775,-1.217904,1.022361,-10481.389979,1.07879,-8.150211,0.558177,-10478.285398,0.448578,-8.137116,0.558325,-6.74547,4.46799,-5.811018,1.240845,0.415332,0.000418,0.35945,0.000597,0.494391,0.000782,0,6.73677,42.678039,-0.025405,-10.6,176.4,2455407.74437,-7.225382,-7.225126,-0.375,-9999999,3.257964,0.0292,0.85654,-0.153383,0.981104,0.37,450.0005,-6.730021,4.437658,2010-07-30T05:43:36.470,-9999999,G2,183.C-0972(A),Udry,-9999999,HARPS_ech_obs_all,HARPS_ech_obs_thosimult,STAR_WAVE_G2,7.54364055758041E-06,6.02837469132459E-07,0,0,0
GJ776,301.393935,-67.32316,2455409.7599161,-1.274235,0.935955,-10482.000389,1.026574,-8.387074,0.377289,-10478.99283,0.302133,-8.389078,0.377283,5.297768,3.646904,4.597603,0.809704,0.415653,0.000315,0.345277,0.000428,0.496798,0.000568,0,6.743346,42.631246,-0.024963,-10.6,244.7,2455409.75991,-7.896771,-7.896523,-0.402,-9999999,3.260623,-0.151331,0.856542,-0.253064,0.981107,0.5,450.0006,5.319787,3.60441,2010-08-01T06:05:04.862,-9999999,G2,183.C-0972(A),Udry,-9999999,HARPS_ech_obs_all,HARPS_ech_obs_thosimult,STAR_WAVE_G2,8.07314656841666E-06,2.98236466454331E-07,0,0,0
GJ776,301.393935,-67.32316,2455409.7654472,-1.731382,0.940598,-10482.594804,1.029349,-8.846086,0.388662,-10479.597633,0.311427,-8.822529,0.388717,0.302165,3.682685,4.416945,0.867683,0.41563,0.000325,0.345807,0.000441,0.496246,0.000585,0,6.744255,42.625347,-0.025134,-10.6,237.5,2455409.76544,-7.903258,-7.903009,-0.188,-9999999,3.26063,-0.153197,0.856543,-0.263459,0.981108,0.49,450.0006,0.33053,3.640641,2010-08-01T06:13:07.259,-9999999,G2,183.C-0972(A),Udry,-9999999,HARPS_ech_obs_all,HARPS_ech_obs_thosimult,STAR_WAVE_G2,8.51153011894261E-06,4.05796492293158E-07,0,0,0
GJ776,301.393935,-67.32316,2455411.7020857,0.354762,0.82726,-10481.058986,0.726854,-6.606851,0.399025,-10477.064739,0.317877,-6.575942,0.399064,1.656027,2.971529,-0.144851,0.830938,0.415578,0.000318,0.352582,0.000445,0.484632,0.000583,0,6.741498,42.644753,-0.022642,-10.6,237.2,2455411.70208,-8.47078,-8.470534,0.201,-9999999,3.263184,-0.000106,0.724664,0.731063,0.653659,0.51,450.0006,1.662325,2.943312,2010-08-03T04:41:48.363,-9999999,G2,183.C-0972(A),Udry,-9999999,HARPS_ech_obs_all,HARPS_ech_obs_thosimult,STAR_WAVE_G2,9.74288909076017E-06,3.38681535540424E-07,0,0,0
GJ776,301.393935,-67.32316,2455411.7076136,-0.178069,0.830211,-10480.998277,0.72885,-7.141547,0.405107,-10477.014412,0.322416,-7.102093,0.405143,6.310522,3.846827,-0.593042,0.982859,0.416234,0.00032,0.351688,0.000448,0.485292,0.000588,0,6.742271,42.644314,-0.025555,-10.6,235,2455411.70761,-8.47789,-8.477647,0.347,-9999999,3.263192,-0.00197,0.724664,0.720673,0.653659,0.5,450.0007,6.321847,3.822854,2010-08-03T04:49:50.490,-9999999,G2,183.C-0972(A),Udry,-9999999,HARPS_ech_obs_all,HARPS_ech_obs_thosimult,STAR_WAVE_G2,9.27111505618701E-06,2.92489516172983E-07,0,0,0
GJ776,301.393935,-67.32316,2455413.7417426,2.238618,0.879892,-10479.382873,0.906597,-4.841905,0.443922,-10475.562616,0.354875,-4.816995,0.443996,-0.845701,4.540095,2.090419,0.988947,0.416196,0.00035,0.351361,0.000493,0.48574,0.000647,0,6.745411,42.6427,-0.02748,-10.6,214,2455413.74174,-9.158763,-9.158539,-0.133,-9999999,3.265874,-0.119016,0.759699,0.554383,0.834255,0.48,450.0004,-0.8282,4.530974,2010-08-05T05:39:13.375,-9999999,G2,183.C-0972(A),Udry,-9999999,HARPS_ech_obs_all,HARPS_ech_obs_thosimult,STAR_WAVE_G2,7.82267790672147E-06,4.20127430727686E-07,0,0,0
GJ776,301.393935,-67.32316,2455413.74737,2.936113,0.899346,-10477.988539,0.919659,-4.146308,0.48133,-10474.178851,0.387028,-4.112082,0.481496,-0.171939,4.77157,-0.606496,0.920706,0.415429,0.000385,0.350305,0.00054,0.485652,0.000711,0,6.740098,42.660362,-0.025145,-10.6,194.9,2455413.74736,-9.165442,-9.165212,-0.242,-9999999,3.265882,-0.120914,0.7597,0.543806,0.834256,0.49,450.0005,-0.171481,4.766052,2010-08-05T05:47:15.101,-9999999,G2,183.C-0972(A),Udry,-9999999,HARPS_ech_obs_all,HARPS_ech_obs_thosimult,STAR_WAVE_G2,9.05956984577816E-06,4.02372967858656E-07,0,0,0
GJ776,301.393935,-67.32316,2455423.6711746,-6.347909,1.038379,-10487.173837,0.978474,-12.12994,0.587004,-10481.998374,0.470726,-12.125417,0.587107,0.493878,4.493111,-0.478166,1.292522,0.416561,0.000465,0.364369,0.000661,0.496082,0.000862,0,6.742935,42.652604,-0.024262,-10.6,160.5,2455423.67117,-12.10415,-12.103934,-0.324,-9999999,3.27897,1.179476,0.856538,1.896493,0.857804,0.51,300.0006,0.493123,4.441473,2010-08-15T03:59:09.652,-9999999,G2,183.C-0972(A),Udry,-9999999,HARPS_ech_obs_all,HARPS_ech_obs_thosimult,STAR_WAVE_G2,7.59440122901861E-06,5.09594356469475E-07,0,0,0
GJ776,301.393935,-67.32316,2455423.6750155,-5.400962,1.034343,-10487.229484,0.975104,-11.184289,0.579835,-10482.061235,0.463681,-11.152874,0.579918,-0.663468,4.753624,-0.685556,1.298836,0.415948,0.000456,0.364123,0.00065,0.494362,0.000846,0,6.743693,42.652925,-0.027101,-10.6,163.2,2455423.67501,-12.108949,-12.108736,-0.286,-9999999,3.278975,1.178181,0.856538,1.889274,0.857804,0.51,300.0005,-0.662936,4.712767,2010-08-15T04:04:41.519,-9999999,G2,183.C-0972(A),Udry,-9999999,HARPS_ech_obs_all,HARPS_ech_obs_thosimult,STAR_WAVE_G2,8.61701987908648E-06,5.14167079916322E-07,0,0,0
GJ776,301.393935,-67.32316,2455423.6789226,-6.409244,1.008845,-10487.686704,0.958642,-12.193888,0.533021,-10482.525793,0.427981,-12.181094,0.533054,2.143737,4.991391,1.16656,1.205459,0.416267,0.000418,0.363628,0.000595,0.493767,0.000775,0,6.745975,42.643089,-0.026279,-10.6,178.1,2455423.67892,-12.113809,-12.113603,-0.293,-9999999,3.278981,1.176863,0.856538,1.88193,0.857803,0.53,300.0006,2.146257,4.945901,2010-08-15T04:10:13.108,-9999999,G2,183.C-0972(A),Udry,-9999999,HARPS_ech_obs_all,HARPS_ech_obs_thosimult,STAR_WAVE_G2,8.82090070832878E-06,4.98254172341956E-07,0,0,0
GJ776,301.393935,-67.32316,2455424.6233669,-6.975536,1.015365,-10488.441248,0.986056,-11.356677,0.745919,-10482.284274,0.590958,-11.330177,0.745975,13.436357,5.56981,-0.007045,1.636152,0.415584,0.000596,0.357295,0.000854,0.483758,0.001109,0,6.743693,42.658847,-0.026371,-10.6,125,2455424.62336,-12.328269,-12.328064,-0.144,-9999999,3.280226,2.580366,0.68889,2.876748,0.789352,0.5,300.0006,13.438712,5.535958,2010-08-16T02:50:25.418,-9999999,G2,183.C-0972(A),Udry,-9999999,HARPS_ech_obs_all,HARPS_ech_obs_thosimult,STAR_WAVE_G2,7.83537195128004E-06,6.2533337476024E-07,0,0,0
GJ776,301.393935,-67.32316,2455424.6272781,-7.479744,0.973992,-10489.214778,0.960943,-11.862205,0.688543,-10483.06515,0.54803,-11.836155,0.688672,-3.645582,6.150611,-3.667238,1.532593,0.415015,0.000551,0.357694,0.000789,0.483649,0.001024,0,6.741952,42.674482,-0.025906,-10.6,135.4,2455424.62727,-12.33322,-12.333016,-0.519,-9999999,3.280231,2.579047,0.688889,2.869397,0.789351,0.52,300.0005,-3.626663,6.117236,2010-08-16T02:55:57.356,-9999999,G2,183.C-0972(A),Udry,-9999999,HARPS_ech_obs_all,HARPS_ech_obs_thosimult,STAR_WAVE_G2,5.73970934214714E-06,5.99220042049842E-07,0,0,0
GJ776,301.393935,-67.32316,2455424.6310124,-6.986391,0.983573,-10488.821894,0.967414,-11.370111,0.702031,-10482.67928,0.559301,-11.365289,0.702142,12.137723,5.828307,-0.207294,1.469207,0.415272,0.000563,0.357623,0.000805,0.481776,0.001042,0,6.742407,42.654644,-0.027756,-10.6,132.6,2455424.63101,-12.337951,-12.337754,-0.551,-9999999,3.280236,2.577787,0.688889,2.862378,0.78935,0.49,300.0006,12.147743,5.794928,2010-08-16T03:01:29.014,-9999999,G2,183.C-0972(A),Udry,-9999999,HARPS_ech_obs_all,HARPS_ech_obs_thosimult,STAR_WAVE_G2,5.83460314152233E-06,7.4512604898789E-07,0,0,0
GJ776,301.393935,-67.32316,2455425.5713629,-5.021324,0.994272,-10486.436462,1.066915,-11.216049,0.524586,-10481.7306,0.419168,-11.195204,0.524633,11.995549,5.231755,-0.232812,0.991307,0.415087,0.000415,0.355072,0.00059,0.496165,0.000771,0,6.742835,42.655229,-0.026054,-10.6,179.6,2455425.57136,-12.545037,-12.544822,0.443,-9999999,3.281477,0.766782,0.844622,1.424385,0.981125,0.5,300.0006,12.010067,5.194195,2010-08-17T01:35:35.682,-9999999,G2,183.C-0972(A),Udry,-9999999,HARPS_ech_obs_all,HARPS_ech_obs_thosimult,STAR_WAVE_G2,7.72511125816412E-06,3.93509337867667E-07,0,0,0
GJ776,301.393935,-67.32316,2455425.575249,-4.410735,0.999089,-10485.678195,1.069781,-10.606771,0.533661,-10480.979632,0.426414,-10.593083,0.533727,9.392801,5.807563,-0.612449,1.148911,0.415358,0.00042,0.35603,0.000599,0.495018,0.000781,0,6.743117,42.643522,-0.020868,-10.6,177,2455425.57524,-12.549676,-12.549465,0.178,-9999999,3.281482,0.765471,0.844621,1.417081,0.981123,0.51,300.0006,9.408838,5.777637,2010-08-17T01:41:08.451,-9999999,G2,183.C-0972(A),Udry,-9999999,HARPS_ech_obs_all,HARPS_ech_obs_thosimult,STAR_WAVE_G2,7.42809244757497E-06,4.08714626305791E-07,0,0,0
GJ776,301.393935,-67.32316,2455425.5791255,-5.083395,0.999517,-10485.898144,1.070413,-11.280738,0.534464,-10481.206862,0.427999,-11.245862,0.534529,6.004734,5.552569,-1.053422,1.084745,0.41594,0.000423,0.35522,0.000602,0.494277,0.000784,0,6.744227,42.656744,-0.025485,-10.6,176.1,2455425.57912,-12.554337,-12.554128,0.11,-9999999,3.281487,0.764164,0.84462,1.409795,0.981122,0.52,300.0006,6.020868,5.518424,2010-08-17T01:46:40.399,-9999999,G2,183.C-0972(A),Udry,-9999999,HARPS_ech_obs_all,HARPS_ech_obs_thosimult,STAR_WAVE_G2,7.819031017155E-06,4.40585624807206E-07,0,0,0
GJ776,301.393935,-67.32316,2455427.7181399,-3.256118,0.980164,-10483.819602,1.052789,-10.067205,0.476514,-10480.097171,0.381841,-10.04033,0.476707,4.612062,4.362048,-6.925446,0.945264,0.414811,0.000379,0.355425,0.000534,0.493525,0.000696,0,6.73519,42.686163,-0.028274,-10.6,198.7,2455427.71814,-13.274485,-13.274285,0.46,-9999999,3.284308,0.15042,0.856538,0.438123,0.981102,0.52,300.0005,4.635917,4.328974,2010-08-19T05:06:59.190,-9999999,G2,183.C-0972(A),Udry,-9999999,HARPS_ech_obs_all,HARPS_ech_obs_thosimult,STAR_WAVE_G2,7.59441978033141E-06,4.62749789493153E-07,0,0,0
GJ776,301.393935,-67.32316,2455427.7219163,-2.705295,0.975564,-10484.2264,1.050183,-9.517656,0.466977,-10480.511062,0.374595,-9.496854,0.467065,0.502554,4.773658,-6.781251,0.962512,0.414978,0.000368,0.356256,0.00052,0.493112,0.000677,0,6.737088,42.686978,-0.026469,-10.6,204.1,2455427.72191,-13.278624,-13.278421,0.377,-9999999,3.284313,0.149146,0.856538,0.431025,0.981102,0.5,300.0006,0.526951,4.743661,2010-08-19T05:12:31.488,-9999999,G2,183.C-0972(A),Udry,-9999999,HARPS_ech_obs_all,HARPS_ech_obs_thosimult,STAR_WAVE_G2,7.54010571267903E-06,4.04110747968623E-07,0,0,0
GJ776,301.393935,-67.32316,2455427.7257183,-1.732908,0.977982,-10482.489159,1.051953,-8.546551,0.472007,-10478.780962,0.37953,-8.534531,0.472112,2.190476,4.574215,-6.725406,0.916009,0.415803,0.000373,0.355809,0.000526,0.494093,0.000686,0,6.736394,42.681047,-0.026327,-10.6,201.7,2455427.72571,-13.28274,-13.282533,0.486,-9999999,3.284318,0.147864,0.856538,0.423879,0.981103,0.49,300.0004,2.215391,4.548486,2010-08-19T05:18:02.996,-9999999,G2,183.C-0972(A),Udry,-9999999,HARPS_ech_obs_all,HARPS_ech_obs_thosimult,STAR_WAVE_G2,7.7214662383562E-06,4.44706208232328E-07,0,0,0
GJ776,301.393935,-67.32316,2455428.7263228,-2.131786,0.972412,-10482.513339,1.048152,-9.087956,0.460355,-10479.095804,0.368863,-9.101079,0.460383,6.217015,4.227093,-7.255229,1.035635,0.41658,0.000363,0.356894,0.000513,0.49393,0.000667,0,6.737306,42.687046,-0.024835,-10.6,207.3,2455428.72632,-13.552369,-13.552172,-0.068,-9999999,3.285638,0.005337,0.856538,0.131897,0.981103,0.51,300.0005,6.210718,4.193078,2010-08-20T05:18:53.069,-9999999,G2,183.C-0972(A),Udry,-9999999,HARPS_ech_obs_all,HARPS_ech_obs_thosimult,STAR_WAVE_G2,8.56589580713701E-06,3.91953835261556E-07,0,0,0
GJ776,301.393935,-67.32316,2455428.7301643,-1.15317,0.95932,-10481.915567,1.040252,-8.110636,0.432014,-10478.505247,0.345777,-8.108128,0.432142,7.375267,4.527086,-8.300189,0.978668,0.415554,0.000339,0.357115,0.000479,0.494404,0.000623,0,6.736059,42.691439,-0.026701,-10.6,221.9,2455428.73015,-13.556414,-13.556206,-0.018,-9999999,3.285643,0.004041,0.856538,0.124677,0.981103,0.51,300.0003,7.396665,4.499877,2010-08-20T05:24:24.987,-9999999,G2,183.C-0972(A),Udry,-9999999,HARPS_ech_obs_all,HARPS_ech_obs_thosimult,STAR_WAVE_G2,8.17582898208187E-06,4.12312099768028E-07,0,0,0
GJ776,301.393935,-67.32316,2455428.733942,-1.128387,0.961608,-10481.36988,1.04146,-8.087127,0.437072,-10477.966655,0.349393,-8.078946,0.437195,5.919615,4.55593,-9.244817,0.908802,0.415369,0.000342,0.356513,0.000482,0.493518,0.000627,0,6.734877,42.703394,-0.02449,-10.6,220.1,2455428.73394,-13.560336,-13.560137,0.044,-9999999,3.285648,0.002767,0.856539,0.117577,0.981103,0.49,300.0004,5.936784,4.530618,2010-08-20T05:29:57.395,-9999999,G2,183.C-0972(A),Udry,-9999999,HARPS_ech_obs_all,HARPS_ech_obs_thosimult,STAR_WAVE_G2,8.0799437196214E-06,4.10234204796401E-07,0,0,0
GJ776,301.393935,-67.32316,2455435.6549652,-2.602738,0.88442,-10483.651239,0.889821,-11.21289,0.532071,-10481.455577,0.427424,-11.213242,0.532127,-0.225356,4.475215,-3.789804,1.044422,0.412731,0.000416,0.365905,0.00059,0.483186,0.000767,0,6.736549,42.666685,-0.025925,-10.6,180.4,2455435.65496,-15.253485,-15.253299,-0.125,-9999999,3.294776,-1.648645,0.706469,-1.099114,0.780442,0.5,137.5007,-0.231539,4.428008,2010-08-27T03:38:00.675,-9999999,G2,183.C-0972(A),Udry,-9999999,HARPS_ech_obs_all,HARPS_ech_obs_thosimult,STAR_WAVE_G2,5.67875455707207E-06,6.16090265590749E-07,0,0,0
GJ776,301.393935,-67.32316,2455436.6631279,-5.0198,0.625378,-10486.226388,0.718438,-13.31287,0.327708,-10483.647755,0.255617,-13.287248,0.327878,-3.133048,2.821582,-3.129784,0.557683,0.413944,0.000245,0.356158,0.000348,0.48582,0.000455,0,6.741986,42.65744,-0.025938,-10.6,304.4,2455436.66313,-15.502713,-15.50254,-0.099,-9999999,3.296106,-1.331563,0.53264,-0.717473,0.671427,0.49,420.0006,-3.126522,2.720444,2010-08-28T03:47:33.331,-9999999,G2,183.C-0972(A),Udry,-9999999,HARPS_ech_obs_all,HARPS_ech_obs_thosimult,STAR_WAVE_G2,7.5078110898406E-06,3.23311959569632E-07,0,0,0
GJ776,301.393935,-67.32316,2455436.6684103,-5.818808,0.62266,-10486.577719,0.716689,-14.11366,0.322492,-10484.009007,0.250661,-14.110633,0.322614,2.008172,3.060589,-4.554054,0.676585,0.414462,0.000239,0.355481,0.000339,0.485445,0.000444,0,6.738181,42.67611,-0.024776,-10.6,312.1,2455436.6684,-15.508775,-15.508593,-0.144,-9999999,3.296113,-1.333345,0.53264,-0.727401,0.671426,0.5,420.0006,2.011293,2.960022,2010-08-28T03:55:05.556,-9999999,G2,183.C-0972(A),Udry,-9999999,HARPS_ech_obs_all,HARPS_ech_obs_thosimult,STAR_WAVE_G2,7.74280433059721E-06,3.05700740983568E-07,0,0,0
GJ776,301.393935,-67.32316,2455437.6723858,-5.976084,0.918862,-10485.596112,0.864221,-13.656454,0.33264,-10484.363004,0.25877,-13.62078,0.332818,0.230271,3.192342,-6.332354,0.644685,0.414456,0.000246,0.353613,0.000349,0.493731,0.000456,0,6.739807,42.679982,-0.025794,-10.6,303,2455437.67238,-15.748926,-15.748754,0.197,-9999999,3.297437,-0.718863,0.856538,-2.064329,0.82457,0.5,420.0007,0.239609,3.106287,2010-08-29T04:00:53.540,-9999999,G2,183.C-0972(A),Udry,-9999999,HARPS_ech_obs_all,HARPS_ech_obs_thosimult,STAR_WAVE_G2,6.38001629465681E-06,2.92572587473241E-07,0,0,0
GJ776,301.393935,-67.32316,2455437.6776652,-6.648384,0.918492,-10485.672746,0.863918,-14.330535,0.331619,-10484.449554,0.257757,-14.303953,0.3318,10.999651,2.850765,-6.630194,0.692865,0.414012,0.000247,0.35422,0.000349,0.494289,0.000457,0,6.737872,42.682381,-0.026265,-10.6,302.7,2455437.67766,-15.754798,-15.754621,0.032,-9999999,3.297444,-0.720644,0.856538,-2.074252,0.82457,0.51,420.0006,11.006683,2.742454,2010-08-29T04:08:25.504,-9999999,G2,183.C-0972(A),Udry,-9999999,HARPS_ech_obs_all,HARPS_ech_obs_thosimult,STAR_WAVE_G2,6.77934771023255E-06,2.9283622004666E-07,0,0,0
GJ776,301.393935,-67.32316,2455438.7083654,-4.51413,0.604941,-10485.435001,0.628827,-11.810343,0.310915,-10481.708683,0.242467,-11.773198,0.311163,5.08018,3.678309,-5.707596,0.671825,0.414262,0.000239,0.363283,0.000333,0.493642,0.000434,0,6.738533,42.684335,-0.026895,-10.6,317.6,2455438.70836,-16.018333,-16.01816,0.389,-9999999,3.298803,-0.334705,0.518927,0.427515,0.580201,0.51,420.0002,5.074224,3.613302,2010-08-30T04:52:42.702,-9999999,G2,183.C-0972(A),Udry,-9999999,HARPS_ech_obs_all,HARPS_ech_obs_thosimult,STAR_WAVE_G2,7.37409176065012E-06,2.85463571831782E-07,0,0,0
GJ776,301.393935,-67.32316,2455438.7134991,-4.292611,0.600965,-10485.505141,0.626035,-11.590555,0.303105,-10481.788465,0.235129,-11.577472,0.303249,-0.38062,3.0618,-7.92559,0.672131,0.414453,0.000231,0.362909,0.000321,0.492763,0.000419,0,6.73913,42.689438,-0.026512,-10.6,328.9,2455438.71349,-16.023332,-16.023163,0.383,-9999999,3.29881,-0.336437,0.518928,0.417866,0.580202,0.49,420.0004,-0.381352,2.989235,2010-08-30T05:00:14.676,-9999999,G2,183.C-0972(A),Udry,-9999999,HARPS_ech_obs_all,HARPS_ech_obs_thosimult,STAR_WAVE_G2,7.2146519334286E-06,3.09246739598404E-07,0,0,0
GJ776,301.393935,-67.32316,2455439.7309379,-2.709452,0.722921,-10483.358153,0.782208,-10.688897,0.29053,-10481.054541,0.22207,-10.671864,0.290732,9.71421,3.303215,-6.948848,0.61873,0.414959,0.000217,0.361183,0.000307,0.484319,0.000403,0,6.73936,42.687478,-0.025735,-10.6,343.4,2455439.73093,-16.266188,-16.26602,0.047,-9999999,3.300152,-1.017938,0.661973,-0.99654,0.750023,0.51,900.0005,9.705043,3.240171,2010-08-31T05:21:12.890,-9999999,G2,183.C-0972(A),Udry,-9999999,HARPS_ech_obs_all,HARPS_ech_obs_thosimult,STAR_WAVE_G2,7.560225457695E-06,3.04713691104739E-07,0,0,0
GJ776,301.393935,-67.32316,2455443.7102518,6.362036,0.723669,-10474.712842,0.996055,-2.167118,0.36657,-10472.365476,0.286149,-2.163485,0.366605,2.016767,3.418881,1.352241,0.757711,0.415167,0.000273,0.356432,0.000393,0.493619,0.000512,0,6.74539,42.648023,-0.024568,-10.6,269.2,2455443.71024,-17.112536,-17.11238,0.105,-9999999,3.3054,-1.567646,0.623957,-0.958034,0.954067,0.46,900.0004,1.987365,3.428966,2010-09-04T04:52:29.625,-9999999,G2,183.C-0972(A),Udry,-9999999,HARPS_ech_obs_all,HARPS_ech_obs_thosimult,STAR_WAVE_G2,7.38609326159085E-06,3.53695729782343E-07,0,0,0
GJ776,301.393935,-67.32316,2455444.7260998,3.132297,0.799984,-10478.747337,0.992706,-4.050292,0.275314,-10474.425145,0.204841,-4.058393,0.275441,13.753258,3.344638,1.446233,0.576033,0.41511,0.000194,0.354822,0.000277,0.49409,0.000362,0,6.74548,42.639277,-0.024877,-10.6,381.6,2455444.72609,-17.330761,-17.330602,0.183,-9999999,3.30674,-0.221082,0.751117,1.015452,0.971342,0.5,900.0003,13.742268,3.340922,2010-09-05T05:14:47.899,-9999999,G2,183.C-0972(A),Udry,-9999999,HARPS_ech_obs_all,HARPS_ech_obs_thosimult,STAR_WAVE_G2,8.93855539144855E-06,2.70486102468919E-07,0,0,0
GJ776,301.393935,-67.32316,2455445.6378704,6.03397,0.894744,-10474.760066,0.999563,-1.699939,0.258654,-10471.916463,0.191196,-1.681985,0.25869,1.197416,2.548862,2.079935,0.569098,0.414322,0.000182,0.355661,0.000259,0.493617,0.000338,128,6.744247,42.638222,-0.025843,-10.6,408.5,2455445.63787,-17.444847,-17.444692,0.668,-9999999,3.307942,-0.772402,0.856542,-0.464339,0.981107,0.5,900.0004,1.195144,2.571844,2010-09-06T03:07:49.424,-9999999,G2,183.C-0972(A),Udry,-9999999,HARPS_ech_obs_all,HARPS_ech_obs_thosimult,STAR_WAVE_G2,8.41904464634409E-06,2.56664380413087E-07,0,0,0
GJ776,301.393935,-67.32316,2455446.6588529,5.995204,0.871201,-10473.6168,1.053002,-0.897389,0.479069,-10470.742778,0.382423,-0.872468,0.479123,0.693743,4.137183,3.622102,1.105918,0.414882,0.000366,0.363165,0.000525,0.483522,0.000686,0,6.744802,42.617007,-0.023582,-10.6,201.2,2455446.65885,-17.663261,-17.663109,0.483,-9999999,3.309289,0.068914,0.727657,-0.435267,0.981104,0.54,420.0005,0.674968,4.153349,2010-09-07T03:41:50.654,-9999999,G2,183.C-0972(A),Udry,-9999999,HARPS_ech_obs_all,HARPS_ech_obs_thosimult,STAR_WAVE_G2,8.679275766543E-06,4.38266725041782E-07,0,0,0
GJ776,301.393935,-67.32316,2455446.6639357,4.712462,0.851853,-10474.858231,1.042042,-2.181846,0.442912,-10471.993755,0.351123,-2.169676,0.443018,0.791144,3.630082,4.804615,0.858077,0.414635,0.000332,0.363862,0.000478,0.484995,0.000624,0,6.746374,42.614463,-0.026168,-10.6,221.4,2455446.66393,-17.668532,-17.668376,0.479,-9999999,3.309296,0.067199,0.727656,-0.44482,0.981104,0.51,420.0005,0.768419,3.641433,2010-09-07T03:49:22.438,-9999999,G2,183.C-0972(A),Udry,-9999999,HARPS_ech_obs_all,HARPS_ech_obs_thosimult,STAR_WAVE_G2,7.28548049168662E-06,4.93063695325231E-07,0,0,0
GJ776,301.393935,-67.32316,2455453.602872,-1.480276,0.937601,-10480.543002,0.935974,-8.797743,0.381338,-10477.527744,0.299757,-8.806403,0.381406,-3.050689,3.754351,0.791678,0.901838,0.415977,0.000281,0.355201,0.000401,0.495248,0.000524,0,6.74227,42.633918,-0.021183,-10.6,264.4,2455453.60287,-18.81845,-18.818317,0,-9999999,3.318448,-0.35596,0.856549,-0.30319,0.886675,0.5,280.0008,-3.051965,3.718962,2010-09-14T02:23:17.138,-9999999,G2,183.C-0972(A),Udry,-9999999,HARPS_ech_obs_all,HARPS_ech_obs_thosimult,STAR_WAVE_G2,8.50397949270797E-06,4.06948291452108E-07,0,0,0
GJ776,301.393935,-67.32316,2455453.6064513,-0.73265,0.934816,-10480.305994,0.934149,-8.051324,0.374439,-10477.29746,0.294013,-8.03886,0.374702,0.377018,3.850959,-1.579522,0.858515,0.415889,0.00028,0.355149,0.000397,0.494383,0.000519,0,6.740673,42.643783,-0.023803,-10.6,267,2455453.60645,-18.822363,-18.822229,0,-9999999,3.318452,-0.357167,0.856549,-0.309918,0.886674,0.49,280.0006,0.38534,3.822064,2010-09-14T02:28:29.204,-9999999,G2,183.C-0972(A),Udry,-9999999,HARPS_ech_obs_all,HARPS_ech_obs_thosimult,STAR_WAVE_G2,8.60921651386939E-06,3.89067438014371E-07,0,0,0
GJ776,301.393935,-67.32316,2455453.6100998,-1.661698,0.943748,-10481.574979,0.94006,-8.981603,0.396216,-10478.573297,0.312289,-8.937213,0.396354,-2.239141,3.644786,0.62164,0.890725,0.415678,0.000297,0.355392,0.000423,0.495115,0.000552,0,6.741336,42.624605,-0.024783,-10.6,251,2455453.61009,-18.826326,-18.82619,0,-9999999,3.318457,-0.358398,0.856548,-0.316775,0.886673,0.5,280.0007,-2.240757,3.607044,2010-09-14T02:33:41.652,-9999999,G2,183.C-0972(A),Udry,-9999999,HARPS_ech_obs_all,HARPS_ech_obs_thosimult,STAR_WAVE_G2,8.2742093496858E-06,4.18620927224715E-07,0,0,0
GJ776,301.393935,-67.32316,2455456.5397477,2.470292,0.892503,-10480.201855,1.056238,-6.377119,0.487682,-10477.042798,0.391164,-6.339109,0.487791,1.139406,4.2343,-2.062659,1.145853,0.416769,0.000382,0.364596,0.000542,0.483964,0.000707,0,6.741168,42.642529,-0.024675,-10.6,195.7,2455456.53974,-19.186372,-19.186253,-0.103,-9999999,3.322321,-1.885904,0.747481,-0.163264,0.981137,0.45,250.0008,1.156006,4.216049,2010-09-17T00:53:06.769,-9999999,G2,183.C-0972(A),Udry,-9999999,HARPS_ech_obs_all,HARPS_ech_obs_thosimult,STAR_WAVE_G2,8.29065623411075E-06,4.6119148784597E-07,0,0,0
GJ776,301.393935,-67.32316,2455456.5431498,3.892035,0.898059,-10478.853974,1.059118,-4.956523,0.497779,-10475.701307,0.398879,-4.941849,0.497862,6.133308,4.817531,-1.140428,1.07558,0.416925,0.000386,0.362704,0.000549,0.483057,0.000717,0,6.739244,42.643618,-0.024796,-10.6,192.8,2455456.54315,-19.190192,-19.190076,0.072,-9999999,3.322325,-1.887051,0.74748,-0.169658,0.981136,0.5,250.0007,6.130289,4.810155,2010-09-17T00:57:48.225,-9999999,G2,183.C-0972(A),Udry,-9999999,HARPS_ech_obs_all,HARPS_ech_obs_thosimult,STAR_WAVE_G2,7.95827187456088E-06,5.46544710357229E-07,0,0,0
GJ776,301.393935,-67.32316,2455456.5465053,3.962835,0.947352,-10478.218467,1.086468,-4.886855,0.582025,-10475.072102,0.466677,-4.864454,0.582077,-0.27904,5.126143,-1.142751,1.35963,0.415723,0.000458,0.364217,0.000653,0.483148,0.000851,0,6.742348,42.645361,-0.023212,-10.6,162.4,2455456.5465,-19.193962,-19.193849,0.169,-9999999,3.32233,-1.888183,0.747478,-0.175965,0.981134,0.53,250.0008,-0.271695,5.119989,2010-09-17T01:02:30.660,-9999999,G2,183.C-0972(A),Udry,-9999999,HARPS_ech_obs_all,HARPS_ech_obs_thosimult,STAR_WAVE_G2,1.07924979947136E-05,4.6701149656171E-07,0,0,0
GJ776,301.393935,-67.32316,2455458.6401807,1.294494,0.692879,-10479.411044,0.604586,-6.431218,0.389197,-10476.471733,0.309641,-6.407601,0.389201,-2.571475,3.882591,2.352808,0.68727,0.416556,0.00031,0.355758,0.000433,0.492332,0.000564,0,6.742897,42.625449,-0.024512,-10.6,245,2455458.64018,-19.557614,-19.557509,0.154,-9999999,3.325091,-0.764205,0.573242,-0.38578,0.519275,0.51,400.0005,-2.558407,3.865723,2010-09-19T03:16:24.380,-9999999,G2,183.C-0972(A),Udry,-9999999,HARPS_ech_obs_all,HARPS_ech_obs_thosimult,STAR_WAVE_G2,8.9641253895958E-06,2.95054169896522E-07,0,0,0
GJ776,301.393935,-67.32316,2455458.6453642,1.345781,0.676288,-10479.235426,0.591811,-6.38168,0.358831,-10476.305851,0.283894,-6.376244,0.358932,-4.363156,3.720387,2.037997,0.673351,0.416038,0.000285,0.35588,0.000397,0.492787,0.000517,0,6.742859,42.627249,-0.023146,-10.6,267.6,2455458.64536,-19.562378,-19.562273,0.133,-9999999,3.325098,-0.765954,0.573241,-0.395523,0.519273,0.55,400.0006,-4.356912,3.70148,2010-09-19T03:23:36.264,-9999999,G2,183.C-0972(A),Udry,-9999999,HARPS_ech_obs_all,HARPS_ech_obs_thosimult,STAR_WAVE_G2,8.68992738435416E-06,3.42277244275449E-07,0,0,0
GJ776,301.393935,-67.32316,2455459.5332417,3.066263,0.683822,-10477.48289,0.593514,-3.717289,0.330443,-10473.556543,0.256812,-3.709435,0.330524,-11.350876,3.797488,0.724485,0.684407,0.415256,0.000242,0.355883,0.000347,0.493503,0.000452,0,6.741529,42.630684,-0.024587,-10.6,305.8,2455459.53323,-19.569487,-19.569374,-0.295,-9999999,3.326269,0.177955,0.598682,0.600078,0.535076,0.51,400.0006,-11.329687,3.794856,2010-09-20T00:42:29.877,-9999999,G2,183.C-0972(A),Udry,-9999999,HARPS_ech_obs_all,HARPS_ech_obs_thosimult,STAR_WAVE_G2,9.3554835306366E-06,3.20588531614342E-07,0,0,0
GJ776,301.393935,-67.32316,2455459.5382093,0.048174,0.679134,-10480.240711,0.589085,-6.737054,0.320634,-10476.323694,0.246412,-6.733066,0.32076,-7.880877,3.26016,0.568853,0.659756,0.414695,0.000227,0.355967,0.000327,0.493721,0.000427,0,6.742985,42.626299,-0.02376,-10.6,323.7,2455459.53821,-19.574987,-19.574882,-0.123,-9999999,3.326276,0.176279,0.598679,0.590741,0.535072,0.5,400.0006,-7.860268,3.236424,2010-09-20T00:49:43.101,-9999999,G2,183.C-0972(A),Udry,-9999999,HARPS_ech_obs_all,HARPS_ech_obs_thosimult,STAR_WAVE_G2,8.2123397158783E-06,3.34565257677132E-07,0,0,0
GJ776,301.393935,-67.32316,2455480.5291945,-4.824709,0.975598,-10486.406856,1.049702,-12.030676,0.466981,-10482.816657,0.373142,-12.022934,0.467089,8.290819,4.68175,-5.021028,0.941868,0.413871,0.000361,0.363378,0.000515,0.482384,0.000671,0,6.73698,42.67863,-0.02691,-10.6,205.8,2455480.52919,-20.873056,-20.873047,-0.144,-9999999,3.353961,-0.24446,0.856575,0.236238,0.981142,0.53,300.0007,8.32257,4.632277,2010-10-11T00:39:28.762,-9999999,G2,183.C-0972(A),Udry,-9999999,HARPS_ech_obs_all,HARPS_ech_obs_thosimult,STAR_WAVE_G2,7.8190474758629E-06,4.81284333949088E-07,0,0,0
GJ776,301.393935,-67.32316,2455480.5329766,-4.191649,0.956167,-10485.148789,1.038102,-11.398892,0.424896,-10481.565693,0.339144,-11.380582,0.425059,1.292928,3.630957,-5.655169,0.951275,0.414493,0.000329,0.363197,0.000467,0.482435,0.000609,0,6.736094,42.682233,-0.026059,-10.6,227.2,2455480.53297,-20.87658,-20.876574,-0.113,-9999999,3.353966,-0.245736,0.856573,0.22913,0.98114,0.51,300.0006,1.31868,3.572872,2010-10-11T00:45:01.560,-9999999,G2,183.C-0972(A),Udry,-9999999,HARPS_ech_obs_all,HARPS_ech_obs_thosimult,STAR_WAVE_G2,8.16377432223528E-06,4.77179355119148E-07,0,0,0
GJ776,301.393935,-67.32316,2455480.5367779,-2.98498,0.966565,-10483.504405,1.044372,-10.193505,0.447809,-10479.928449,0.357882,-10.201579,0.447928,-0.840549,4.347014,-6.55022,0.939853,0.413406,0.000348,0.362887,0.000495,0.482141,0.000646,0,6.734205,42.683918,-0.026244,-10.6,214.1,2455480.53678,-20.880093,-20.880094,-0.503,-9999999,3.353971,-0.247018,0.856572,0.221985,0.981138,0.5,300.0006,-0.813679,4.305274,2010-10-11T00:50:33.018,-9999999,G2,183.C-0972(A),Udry,-9999999,HARPS_ech_obs_all,HARPS_ech_obs_thosimult,STAR_WAVE_G2,7.05631434209644E-06,4.02790199620155E-07,0,0,0
GJ776,301.393935,-67.32316,2455482.5547864,0.763082,0.79818,-10480.067919,0.860434,-6.251467,0.34691,-10476.344743,0.273963,-6.230197,0.346948,2.3196,3.652016,-3.073368,0.638659,0.415424,0.00028,0.362645,0.000393,0.48408,0.000514,0,6.741458,42.665032,-0.025645,-10.6,270,2455482.55479,-20.875517,-20.87553,0.216,-9999999,3.356632,-0.053041,0.718849,0.366544,0.815653,0.48,900.0008,2.346172,3.633511,2010-10-13T01:11:59.061,-9999999,G2,183.C-0972(A),Udry,-9999999,HARPS_ech_obs_all,HARPS_ech_obs_thosimult,STAR_WAVE_G2,8.60543586268743E-06,3.16737389895597E-07,0,0,0
GJ776,301.393935,-67.32316,2455484.5420582,2.581233,0.857651,-10479.192257,0.772306,-4.774025,0.492505,-10475.766433,0.393894,-4.774546,0.492572,7.197343,4.448511,0.76333,1.112295,0.415326,0.000389,0.362905,0.000552,0.483853,0.000721,0,6.740946,42.631912,-0.027187,-10.6,192.4,2455484.54206,-20.818987,-20.819018,0.011,-9999999,3.359254,-0.393751,0.702143,0.06657,0.664307,0.51,300.0004,7.232417,4.440177,2010-10-15T00:58:30.241,-9999999,G2,183.C-0972(A),Udry,-9999999,HARPS_ech_obs_all,HARPS_ech_obs_thosimult,STAR_WAVE_G2,7.42108580631889E-06,4.17332227309918E-07,0,0,0
GJ776,301.393935,-67.32316,2455484.5458334,3.726693,0.866112,-10476.829973,0.779272,-3.629838,0.507098,-10473.41124,0.407386,-3.640238,0.507216,15.096309,4.799481,0.87213,0.979636,0.416162,0.000403,0.363881,0.000573,0.483567,0.000747,0,6.742814,42.640434,-0.026137,-10.6,185.7,2455484.54583,-20.822192,-20.822222,0.079,-9999999,3.359258,-0.395024,0.702141,0.059475,0.664305,0.49,300.0006,15.116171,4.797089,2010-10-15T01:04:02.439,-9999999,G2,183.C-0972(A),Udry,-9999999,HARPS_ech_obs_all,HARPS_ech_obs_thosimult,STAR_WAVE_G2,9.09258191063426E-06,4.59378816184534E-07,0,0,0
GJ776,301.393935,-67.32316,2455484.5496708,3.480551,0.854344,-10477.657912,0.770012,-3.877275,0.486729,-10474.246386,0.389385,-3.830419,0.486812,0.963503,4.739685,-1.615829,1.236818,0.415223,0.000382,0.363744,0.000544,0.483961,0.00071,0,6.740894,42.64472,-0.024018,-10.6,195.4,2455484.54967,-20.825407,-20.825432,-0.192,-9999999,3.359264,-0.396318,0.702139,0.052262,0.664302,0.49,300.0005,0.99195,4.736205,2010-10-15T01:09:34.017,-9999999,G2,183.C-0972(A),Udry,-9999999,HARPS_ech_obs_all,HARPS_ech_obs_thosimult,STAR_WAVE_G2,9.49196893126155E-06,3.40707460484721E-07,0,0,0
GJ776,301.393935,-67.32316,2455485.5271854,3.598455,0.881311,-10477.441844,0.997019,-3.44251,0.4192,-10473.686978,0.333037,-3.429974,0.419224,3.050187,3.865588,1.301386,0.805596,0.415533,0.000332,0.355992,0.00047,0.482432,0.000612,0,6.742415,42.632996,-0.025767,-10.6,226.3,2455485.52718,-20.774206,-20.774248,0.081,-9999999,3.360553,-0.079457,0.77523,0.394313,0.939752,0.46,450.0008,3.082701,3.865441,2010-10-16T00:36:17.121,-9999999,G2,183.C-0972(A),Udry,-9999999,HARPS_ech_obs_all,HARPS_ech_obs_thosimult,STAR_WAVE_G2,8.54633040546377E-06,3.82784635591704E-07,0,0,0
GJ776,301.393935,-67.32316,2455485.532976,5.46993,0.886173,-10475.695237,1.000509,-1.572988,0.429333,-10471.951247,0.343352,-1.558995,0.429416,0.537798,3.760475,0.643172,0.961824,0.414858,0.000343,0.355838,0.000486,0.481689,0.000632,0,6.742961,42.634725,-0.027968,-10.6,218.9,2455485.53297,-20.779255,-20.77929,-0.046,-9999999,3.36056,-0.081411,0.775227,0.38343,0.939749,0.5,450.0008,0.55814,3.771521,2010-10-16T00:44:19.457,-9999999,G2,183.C-0972(A),Udry,-9999999,HARPS_ech_obs_all,HARPS_ech_obs_thosimult,STAR_WAVE_G2,9.13378052498573E-06,3.36573615120639E-07,0,0,0
GJ776,301.393935,-67.32316,2455487.5432225,4.38245,0.784692,-10476.233342,0.916064,-3.354811,0.393597,-10473.959627,0.31208,-3.349027,0.393687,4.48664,4.142086,2.342375,0.695078,0.415881,0.000306,0.35634,0.000433,0.483427,0.000564,0,6.741874,42.618664,-0.026158,-10.6,245.6,2455487.54321,-20.705831,-20.705881,0.115,-9999999,3.363212,-0.775754,0.678839,-1.089497,0.861266,0.49,450.0006,4.509226,4.142516,2010-10-18T00:59:21.239,-9999999,G2,183.C-0972(A),Udry,-9999999,HARPS_ech_obs_all,HARPS_ech_obs_thosimult,STAR_WAVE_G2,8.66097726827286E-06,3.86205251499687E-07,0,0,0
GJ776,301.393935,-67.32316,2455487.5489066,4.035302,0.783829,-10476.231054,0.915357,-3.703876,0.391879,-10473.968015,0.310006,-3.689205,0.391943,2.285124,3.816955,2.383671,0.794067,0.416009,0.000305,0.356046,0.000432,0.482484,0.000562,0,6.742782,42.62481,-0.023138,-10.6,246.5,2455487.5489,-20.710373,-20.710419,0.064,-9999999,3.363219,-0.777671,0.678837,-1.10018,0.861263,0.51,450.0008,2.301047,3.815077,2010-10-18T01:07:23.375,-9999999,G2,183.C-0972(A),Udry,-9999999,HARPS_ech_obs_all,HARPS_ech_obs_thosimult,STAR_WAVE_G2,8.94652919801427E-06,3.40671828931508E-07,0,0,0
GJ776,301.393935,-67.32316,2455493.5442591,-2.406767,0.844895,-10483.963423,0.859111,-9.933752,0.385735,-10480.345585,0.306178,-9.918553,0.385816,-0.795902,3.91794,2.82918,0.789887,0.415706,0.000301,0.355397,0.000425,0.491949,0.000553,0,6.743145,42.625062,-0.025229,-10.6,249.6,2455493.54425,-20.318178,-20.318265,0.531,-9999999,3.371127,-0.565478,0.751702,0.246711,0.8027,0.5,450.0011,-0.76382,3.883178,2010-10-24T01:01:21.657,-9999999,G2,183.C-0972(A),Udry,-9999999,HARPS_ech_obs_all,HARPS_ech_obs_thosimult,STAR_WAVE_G2,8.47195152281149E-06,3.32249370107016E-07,0,0,0
GJ776,301.393935,-67.32316,2455493.5504891,-2.680267,0.849007,-10484.848419,0.861417,-10.209354,0.394666,-10481.242282,0.312598,-10.209362,0.394686,-0.675369,3.969418,3.50584,0.932951,0.415791,0.000304,0.354892,0.000431,0.493255,0.000563,0,6.741567,42.619549,-0.023168,-10.6,245.7,2455493.55048,-20.322546,-20.322634,0.342,-9999999,3.371135,-0.56758,0.751699,0.235002,0.802696,0.51,450.0012,-0.645494,3.930575,2010-10-24T01:10:15.465,-9999999,G2,183.C-0972(A),Udry,-9999999,HARPS_ech_obs_all,HARPS_ech_obs_thosimult,STAR_WAVE_G2,9.36524656768129E-06,3.76444351164246E-07,0,0,0
GJ776,301.393935,-67.32316,2455495.5358779,-3.272127,0.819639,-10484.717259,0.96037,-10.755307,0.389433,-10481.080331,0.30946,-10.743986,0.389514,-3.354774,3.74916,0.824483,0.758833,0.415523,0.000305,0.363317,0.00043,0.482547,0.000561,0,6.741988,42.636521,-0.022711,-10.6,246.4,2455495.53588,-20.136183,-20.136295,0.254,-9999999,3.373753,-0.521673,0.721214,0.263175,0.909145,0.48,450.0011,-3.325567,3.704658,2010-10-26T00:49:38.082,-9999999,G2,183.C-0972(A),Udry,-9999999,HARPS_ech_obs_all,HARPS_ech_obs_thosimult,STAR_WAVE_G2,9.28504556240118E-06,3.90761306435994E-07,0,0,0
GJ776,301.393935,-67.32316,2455495.5416679,-2.818204,0.829868,-10484.752591,0.966333,-10.303337,0.410531,-10481.126538,0.327506,-10.295302,0.410627,-2.008052,3.836652,1.490504,0.921003,0.415131,0.000326,0.363841,0.000459,0.483538,0.000599,0,6.742531,42.626149,-0.025642,-10.6,231.3,2455495.54166,-20.14024,-20.140346,0.479,-9999999,3.373761,-0.523626,0.721211,0.252292,0.909142,0.52,450.0008,-1.985239,3.795258,2010-10-26T00:57:40.368,-9999999,G2,183.C-0972(A),Udry,-9999999,HARPS_ech_obs_all,HARPS_ech_obs_thosimult,STAR_WAVE_G2,9.0096386536278E-06,2.86984363048187E-07,0,0,0
GJ776,301.393935,-67.32316,2455498.5178208,-2.106187,0.98096,-10483.580418,0.984846,-9.128856,0.627792,-10479.47241,0.501465,-9.124203,0.627858,-7.026663,5.106175,0.591163,1.365681,0.415893,0.0005,0.355197,0.000716,0.495854,0.000935,0,6.743242,42.639249,-0.024342,-10.6,149,2455498.51782,-19.815562,-19.815682,-0.178,-9999999,3.377686,-0.061161,0.753764,0.730322,0.847617,0.51,450.0005,-7.019834,5.078468,2010-10-29T00:23:41.543,-9999999,G2,183.C-0972(A),Udry,-9999999,HARPS_ech_obs_all,HARPS_ech_obs_thosimult,STAR_WAVE_G2,6.98135383295606E-06,6.24471331075042E-07,0,0,0
GJ776,301.393935,-67.32316,2455498.5234523,-1.726418,0.944155,-10483.027527,0.962486,-8.750986,0.568572,-10478.930096,0.455993,-8.730692,0.568656,4.733498,5.079698,4.851027,1.22765,0.416139,0.000454,0.354232,0.000648,0.495624,0.000847,0,6.742437,42.616909,-0.024738,-10.6,164.3,2455498.52345,-19.819601,-19.819713,-0.048,-9999999,3.377694,-0.063061,0.753761,0.719737,0.847614,0.52,450.0007,4.753013,5.054474,2010-10-29T00:31:43.639,-9999999,G2,183.C-0972(A),Udry,-9999999,HARPS_ech_obs_all,HARPS_ech_obs_thosimult,STAR_WAVE_G2,9.69711663283064E-06,4.12495599833481E-07,0,0,0
GJ776,301.393935,-67.32316,2455500.5440133,-0.122499,0.67187,-10481.037041,0.757517,-9.066015,0.341584,-10479.685979,0.264226,-9.063354,0.341713,7.788615,3.331586,-4.11566,0.677473,0.414523,0.000246,0.354615,0.000353,0.492965,0.000461,0,6.740389,42.66253,-0.024477,-10.6,299.8,2455500.54401,-19.59742,-19.59754,0.097,-9999999,3.380359,-1.982009,0.578558,-2.029297,0.709941,0.48,450.0004,7.812683,3.291331,2010-10-31T01:01:49.531,-9999999,G2,183.C-0972(A),Udry,-9999999,HARPS_ech_obs_all,HARPS_ech_obs_thosimult,STAR_WAVE_G2,8.08649714708354E-06,3.16437694743572E-07,0,0,0
GJ776,301.393935,-67.32316,2455500.5493901,-0.22605,0.685475,-10481.077186,0.765887,-9.17138,0.367628,-10479.736223,0.287352,-9.151052,0.367772,11.252771,3.154987,-2.395089,0.882352,0.4146,0.000275,0.35477,0.000391,0.493453,0.00051,0,6.739327,42.658215,-0.024814,-10.6,271.1,2455500.54939,-19.600552,-19.600681,0.09,-9999999,3.380366,-1.983823,0.578555,-2.039403,0.709938,0.44,450.0009,11.266758,3.110845,2010-10-31T01:09:52.117,-9999999,G2,183.C-0972(A),Udry,-9999999,HARPS_ech_obs_all,HARPS_ech_obs_thosimult,STAR_WAVE_G2,8.28311568257275E-06,3.49216595064482E-07,0,0,0
GJ776,301.393935,-67.32316,2455501.5471118,-1.122052,0.68204,-10482.400529,0.711015,-9.713421,0.305992,-10479.912913,0.234243,-9.677538,0.306159,9.85223,2.774726,-6.719148,0.656164,0.414771,0.000222,0.362612,0.000313,0.494378,0.00041,0,6.738202,42.67554,-0.024784,-10.6,337.4,2455501.5471,-19.471842,-19.471971,0.684,-9999999,3.381682,-1.629862,0.609547,-0.894066,0.671321,0.49,450.0008,9.872026,2.721821,2010-11-01T01:06:18.357,-9999999,G2,183.C-0972(A),Udry,-9999999,HARPS_ech_obs_all,HARPS_ech_obs_thosimult,STAR_WAVE_G2,8.20995932833874E-06,2.69868040226886E-07,0,0,0
GJ776,301.393935,-67.32316,2455501.5527463,-1.942412,0.67745,-10483.209805,0.707674,-10.535681,0.295626,-10480.732772,0.223909,-10.502694,0.295814,18.37917,3.059351,-8.226362,0.616496,0.414795,0.000213,0.363115,0.0003,0.494648,0.000393,0,6.736954,42.684584,-0.026032,-10.6,352.5,2455501.55274,-19.474938,-19.475066,0.622,-9999999,3.381689,-1.631762,0.609544,-0.904656,0.671318,0.5,450.0011,18.404796,3.00445,2010-11-01T01:14:20.713,-9999999,G2,183.C-0972(A),Udry,-9999999,HARPS_ech_obs_all,HARPS_ech_obs_thosimult,STAR_WAVE_G2,8.10084518330922E-06,2.95136014930816E-07,0,0,0
GJ776,301.393935,-67.32316,2455505.5147966,-1.254658,0.920292,-10482.542571,1.0167,-8.806714,0.336461,-10479.385974,0.266506,-8.801061,0.336564,-1.22709,3.369058,-6.034159,0.765005,0.414494,0.00026,0.355265,0.000368,0.495258,0.000481,0,6.74007,42.689921,-0.024966,-10.6,288.6,2455505.51479,-18.880093,-18.880254,-0.403,-9999999,3.386915,-0.590549,0.856582,-0.230318,0.981149,0.5,450.0012,-1.216674,3.328521,2010-11-05T00:20:03.644,-9999999,G2,183.C-0972(A),Udry,-9999999,HARPS_ech_obs_all,HARPS_ech_obs_thosimult,STAR_WAVE_G2,7.71337743618648E-06,3.07911012447728E-07,0,0,0
GJ776,301.393935,-67.32316,2455505.5204321,-1.353765,0.919312,-10482.284351,1.015956,-8.907722,0.333776,-10479.138339,0.263664,-8.916486,0.333911,1.138151,3.515314,-7.932024,0.69625,0.414771,0.000259,0.355444,0.000365,0.495015,0.000477,0,6.740042,42.688597,-0.025963,-10.6,291,2455505.52043,-18.883548,-18.883715,-0.26,-9999999,3.386922,-0.59245,0.856579,-0.24091,0.981146,0.51,450.001,1.153875,3.474692,2010-11-05T00:28:06.080,-9999999,G2,183.C-0972(A),Udry,-9999999,HARPS_ech_obs_all,HARPS_ech_obs_thosimult,STAR_WAVE_G2,7.43949327223717E-06,3.78978140279952E-07,0,0,0
GJ776,301.393935,-67.32316,2455507.5171434,-5.072661,0.899229,-10485.96552,1.002353,-12.390494,0.273647,-10482.640859,0.205084,-12.367199,0.273929,17.970963,3.335335,-11.747552,0.554868,0.414811,0.000202,0.360877,0.000281,0.486269,0.000369,0,6.737783,42.71484,-0.027398,-10.6,377.4,2455507.51714,-18.557389,-18.557561,0.475,-9999999,3.389556,-0.356326,0.856581,-0.064895,0.981148,0.49,450.0006,17.977383,3.263532,2010-11-07T00:23:41.660,-9999999,G2,183.C-0972(A),Udry,-9999999,HARPS_ech_obs_all,HARPS_ech_obs_thosimult,STAR_WAVE_G2,7.67705519264354E-06,3.16840142814225E-07,0,0,0
GJ776,301.393935,-67.32316,2455507.5228331,-6.787664,0.901383,-10487.410795,1.003153,-14.107417,0.280652,-10484.096821,0.208976,-14.092461,0.280886,19.117041,2.938295,-13.501911,0.545243,0.414523,0.000199,0.359697,0.000279,0.486685,0.000368,0,6.736009,42.722966,-0.026517,-10.6,378.7,2455507.52282,-18.560624,-18.56079,0.228,-9999999,3.389563,-0.358245,0.856578,-0.075589,0.981145,0.51,450.0008,19.1254,2.83784,2010-11-07T00:31:44.276,-9999999,G2,183.C-0972(A),Udry,-9999999,HARPS_ech_obs_all,HARPS_ech_obs_thosimult,STAR_WAVE_G2,7.48237165281688E-06,3.17347006780558E-07,0,0,0
GJ776,301.393935,-67.32316,2455509.518059,-6.05163,0.882846,-10485.330269,1.024109,-11.23269,0.374291,-10481.79094,0.293512,-11.175105,0.37446,2.255348,3.346205,-6.90779,0.748079,0.415023,0.000274,0.355748,0.000395,0.494607,0.000515,0,6.739148,42.697772,-0.02651,-10.6,268.1,2455509.51805,-18.209301,-18.209464,-0.346,-9999999,3.392195,1.780447,0.799577,0.147134,0.981147,0.51,450.0001,2.260108,3.285958,2010-11-09T00:25:02.308,-9999999,G2,183.C-0972(A),Udry,-9999999,HARPS_ech_obs_all,HARPS_ech_obs_thosimult,STAR_WAVE_G2,7.99944729892486E-06,3.5705895812944E-07,0,0,0
GJ776,301.393935,-67.32316,2455509.523528,-6.270976,0.872659,-10485.160222,1.018747,-11.453881,0.349594,-10481.631165,0.274226,-11.432007,0.349722,6.93312,3.407545,-6.72574,0.749132,0.415081,0.000262,0.355932,0.000373,0.493309,0.000486,0,6.739454,42.685875,-0.026059,-10.6,283.6,2455509.52352,-18.212199,-18.21237,-0.211,-9999999,3.392202,1.778602,0.799574,0.136855,0.981145,0.49,450.0006,6.935176,3.34568,2010-11-09T00:33:03.854,-9999999,G2,183.C-0972(A),Udry,-9999999,HARPS_ech_obs_all,HARPS_ech_obs_thosimult,STAR_WAVE_G2,6.95407294516536E-06,3.74576504550538E-07,0,0,0
GJ776,301.393935,-67.32316,2455511.5164599,-3.100263,0.731497,-10482.895043,0.930533,-10.172003,0.389226,-10480.487242,0.306989,-10.159575,0.389315,17.681147,3.368179,-8.089658,0.875181,0.41476,0.000301,0.36322,0.000426,0.485448,0.000558,0,6.736701,42.697523,-0.028045,-10.6,248.5,2455511.51645,-17.836755,-17.836926,-0.564,-9999999,3.39483,-0.110233,0.619347,-0.987029,0.878435,0.51,450.0007,17.661825,3.312169,2010-11-11T00:22:54.464,-9999999,G2,183.C-0972(A),Udry,-9999999,HARPS_ech_obs_all,HARPS_ech_obs_thosimult,STAR_WAVE_G2,7.86332719542354E-06,4.13326076367577E-07,0,0,0
GJ776,301.393935,-67.32316,2455511.521939,-2.989366,0.730577,-10483.261074,0.930048,-10.062954,0.387499,-10480.863563,0.305527,-10.045691,0.3876,8.279202,3.895028,-6.553996,0.873209,0.415452,0.000296,0.363873,0.000422,0.485385,0.000552,0,6.73736,42.687454,-0.02584,-10.6,251.3,2455511.52193,-17.839501,-17.839674,-0.455,-9999999,3.394838,-0.112081,0.619344,-0.997327,0.878432,0.49,450.0003,8.252358,3.849127,2010-11-11T00:30:56.890,-9999999,G2,183.C-0972(A),Udry,-9999999,HARPS_ech_obs_all,HARPS_ech_obs_thosimult,STAR_WAVE_G2,8.08896757570844E-06,3.7479119067331E-07,0,0,0
GJ776,301.393935,-67.32316,2455513.5045621,0.439004,0.710414,-10480.512967,0.733845,-6.557249,0.404995,-10477.092338,0.322039,-6.554769,0.405143,6.974217,4.024182,-5.32611,0.889971,0.415408,0.000318,0.354698,0.000449,0.496049,0.000587,0,6.73997,42.681109,-0.026064,-10.6,236,2455513.50456,-17.437141,-17.437327,0.288,-9999999,3.397452,-0.034746,0.583667,0.023177,0.659409,0.48,450.0003,6.973768,4.005753,2010-11-13T00:06:10.044,-9999999,G2,183.C-0972(A),Udry,-9999999,HARPS_ech_obs_all,HARPS_ech_obs_thosimult,STAR_WAVE_G2,7.55036094366958E-06,3.60803842036808E-07,0,0,0
GJ776,301.393935,-67.32316,2455513.5102476,1.180074,0.722285,-10480.266202,0.741506,-5.818097,0.425481,-10476.856251,0.339142,-5.810847,0.425528,-2.549046,4.281175,-5.079566,0.835075,0.414265,0.000336,0.355711,0.000476,0.495318,0.000621,0,6.73938,42.687281,-0.026656,-10.6,223.1,2455513.51024,-17.440084,-17.440274,0.188,-9999999,3.39746,-0.036664,0.583663,0.012491,0.659404,0.5,450.0004,-2.554657,4.268132,2010-11-13T00:14:12.300,-9999999,G2,183.C-0972(A),Udry,-9999999,HARPS_ech_obs_all,HARPS_ech_obs_thosimult,STAR_WAVE_G2,8.49868997607777E-06,3.26743609181916E-07,0,0,0
GJ776,301.393935,-67.32316,2455514.5058417,-0.335617,0.92004,-10481.820807,1.003221,-6.933038,0.335759,-10477.739203,0.259614,-6.897202,0.335887,11.282894,2.724445,-7.423001,0.761605,0.415305,0.000247,0.354984,0.000351,0.495241,0.000459,0,6.740416,42.689027,-0.028059,-10.6,301.6,2455514.50584,-17.233265,-17.233451,-0.467,-9999999,3.398773,0.364086,0.856586,0.682831,0.969047,0.52,450.0004,11.267491,2.686686,2010-11-14T00:07:47.571,-9999999,G2,183.C-0972(A),Udry,-9999999,HARPS_ech_obs_all,HARPS_ech_obs_thosimult,STAR_WAVE_G2,-9999999,-9999999,-9999999,-9999999,-9999999
GJ776,301.393935,-67.32316,2455514.5113596,-0.156565,0.921793,-10481.360046,1.004367,-6.755847,0.34054,-10477.288806,0.264022,-6.775002,0.34069,6.581897,3.478921,-5.230096,0.688237,0.415257,0.000252,0.354312,0.000358,0.495659,0.000468,0,6.741219,42.674271,-0.026642,-10.6,295.8,2455514.51136,-17.235998,-17.236191,-0.236,-9999999,3.39878,0.362225,0.856583,0.67246,0.969044,0.51,450.0005,6.572932,3.451753,2010-11-14T00:15:48.847,-9999999,G2,183.C-0972(A),Udry,-9999999,HARPS_ech_obs_all,HARPS_ech_obs_thosimult,STAR_WAVE_G2,8.2214874626256E-06,3.03737006735869E-07,0,0,0
GJ776,301.393935,-67.32316,2455519.503947,2.78015,0.988529,-10479.887553,1.05471,-3.761472,0.493404,-10474.691329,0.394597,-3.768538,0.493546,9.540625,4.350614,3.64448,1.115266,0.41608,0.000391,0.364454,0.000554,0.485085,0.000724,0,6.751476,42.614706,-0.024642,-10.6,191.5,2455519.50394,-16.134388,-16.134585,0.174,-9999999,3.405365,0.419885,0.856587,1.790859,0.978114,0.53,400.0007,9.531892,4.34972,2010-11-19T00:05:49.753,-9999999,G2,183.C-0972(A),Udry,-9999999,HARPS_ech_obs_all,HARPS_ech_obs_thosimult,STAR_WAVE_G2,8.37434898981901E-06,4.31339182408683E-07,0,0,0
GJ776,301.393935,-67.32316,2455519.5088145,2.922756,0.979476,-10479.289386,1.049787,-3.620508,0.475011,-10474.102305,0.38125,-3.584327,0.475124,7.120767,4.561632,4.092164,1.296971,0.417714,0.000381,0.363073,0.000536,0.484458,0.000701,0,6.750581,42.626018,-0.025135,-10.6,197.5,2455519.50881,-16.136422,-16.13662,0.131,-9999999,3.405371,0.418243,0.856585,1.78171,0.978111,0.5,400.0004,7.107797,4.561517,2010-11-19T00:13:02.327,-9999999,G2,183.C-0972(A),Udry,-9999999,HARPS_ech_obs_all,HARPS_ech_obs_thosimult,STAR_WAVE_G2,8.57630476989191E-06,5.18740030003779E-07,0,0,0
GJ776,301.393935,-67.32316,2455523.5080402,0.623293,0.737662,-10480.544882,0.929889,-6.126656,0.401966,-10476.295096,0.31822,-6.107316,0.402117,5.738069,3.937284,2.409726,0.986729,0.416427,0.000315,0.35354,0.000443,0.500167,0.000584,0,6.74767,42.62497,-0.023856,-10.6,239.8,2455523.50804,-15.171952,-15.172155,-0.272,-9999999,3.410646,0.211559,0.618521,0.83914,0.873745,0.48,400.0004,5.748172,3.917328,2010-11-23T00:12:21.342,-9999999,G2,183.C-0972(A),Udry,-9999999,HARPS_ech_obs_all,HARPS_ech_obs_thosimult,STAR_WAVE_G2,8.08391537976596E-06,4.0987015556667E-07,0,0,0
GJ776,301.393935,-67.32316,2455523.5130378,0.895234,0.746028,-10480.358965,0.934544,-5.8564,0.417126,-10476.118565,0.331582,-5.843819,0.417236,-4.24532,4.578522,1.427841,0.82819,0.41655,0.000332,0.361336,0.000466,0.500566,0.000615,0,6.746378,42.620591,-0.022994,-10.6,228.1,2455523.51304,-15.173576,-15.17378,-0.308,-9999999,3.410653,0.209873,0.618517,0.829747,0.873742,0.48,400.0005,-4.242723,4.563296,2010-11-23T00:19:33.155,-9999999,G2,183.C-0972(A),Udry,-9999999,HARPS_ech_obs_all,HARPS_ech_obs_thosimult,STAR_WAVE_G2,9.37108015663854E-06,3.77562572108448E-07,0,0,0
GJ776,301.393935,-67.32316,2455524.5214902,0.474248,0.891034,-10480.862044,1.011393,-6.553263,0.332784,-10476.452103,0.245498,-6.523869,0.332865,-3.193984,2.892474,-0.42946,0.808231,0.416159,0.000259,0.352505,0.000357,0.500795,0.000472,0,6.745253,42.630332,-0.02471,-10.6,297.5,2455524.52148,-14.923251,-14.923458,0.043,-9999999,3.411983,-0.066004,0.826557,0.997958,0.981146,0.51,400.0005,-3.180354,2.863777,2010-11-24T00:31:35.776,-9999999,G2,183.C-0972(A),Udry,-9999999,HARPS_ech_obs_all,HARPS_ech_obs_thosimult,STAR_WAVE_G2,9.15053771675778E-06,2.70926156967327E-07,0,0,0
GJ776,301.393935,-67.32316,2455524.5264503,1.149609,0.891806,-10480.394355,1.011166,-5.879575,0.334849,-10475.993731,0.244572,-5.870616,0.334952,2.508483,2.968729,0.398666,0.663766,0.416558,0.000266,0.352252,0.000365,0.49974,0.000482,0,6.747419,42.626973,-0.024308,-10.6,291.1,2455524.52645,-14.924421,-14.924627,0.175,-9999999,3.411989,-0.067677,0.826555,0.988635,0.981143,0.5,400.0006,2.52889,2.948237,2010-11-24T00:38:48.349,-9999999,G2,183.C-0972(A),Udry,-9999999,HARPS_ech_obs_all,HARPS_ech_obs_thosimult,STAR_WAVE_G2,9.1066290631229E-06,3.35125261489946E-07,0,0,0
GJ776,301.393935,-67.32316,2455653.9008328,-1.120434,0.932218,-10482.496145,1.022314,-7.741015,0.36781,-10478.859782,0.28715,-7.702112,0.367811,-7.139709,3.776117,6.19012,0.899531,0.417832,0.000275,0.366645,0.00039,0.49575,0.000505,0,6.744854,42.617108,-0.025612,-10.6,271.6,2455653.90083,20.829186,20.829177,-0.263,-9999999,3.582622,0.340926,0.856589,0.053741,0.981157,0.52,450.0051,-7.116611,3.747347,2011-04-02T09:33:46.123,-9999999,G2,183.C-0972(A),Udry,-9999999,HARPS_ech_obs_all,HARPS_ech_obs_thosimult,STAR_WAVE_G2,-9999999,-9999999,-9999999,-9999999,-9999999
GJ776,301.393935,-67.32316,2455653.9064129,0.079484,0.931118,-10481.189397,1.021451,-6.542979,0.365007,-10477.563514,0.284054,-6.520608,0.365031,-3.185081,4.423175,7.891195,0.842411,0.418149,0.000271,0.366964,0.000386,0.495471,0.000498,0,6.744438,42.610749,-0.024161,-10.6,275.1,2455653.90641,20.82492,20.824905,0.061,-9999999,3.58263,0.339044,0.856592,0.043253,0.981161,0.52,449.9993,-3.152796,4.406892,2011-04-02T09:41:48.211,-9999999,G2,183.C-0972(A),Udry,-9999999,HARPS_ech_obs_all,HARPS_ech_obs_thosimult,STAR_WAVE_G2,9.77295254627635E-06,3.52986100738895E-07,0,0,0
GJ776,301.393935,-67.32316,2455654.9003653,0.087104,0.944392,-10481.004152,1.030046,-6.436071,0.397657,-10477.271507,0.31357,-6.398784,0.397642,-2.848927,3.431025,7.783366,0.9232,0.417314,0.000311,0.366093,0.000437,0.49443,0.000565,0,6.743527,42.604997,-0.024437,-10.6,242.5,2455654.90036,20.853059,20.853055,-0.258,-9999999,3.583941,0.438332,0.856589,0.148704,0.981157,0.52,450.0052,-2.821469,3.409406,2011-04-03T09:32:59.749,-9999999,G2,183.C-0972(A),Udry,-9999999,HARPS_ech_obs_all,HARPS_ech_obs_thosimult,STAR_WAVE_G2,9.57619057870576E-06,3.2707161261507E-07,0,0,0
GJ776,301.393935,-67.32316,2455654.9059443,0.690607,0.930195,-10480.476797,1.020951,-5.83445,0.362647,-10476.75463,0.282251,-5.7993,0.362589,-3.113078,3.223644,6.88247,0.82218,0.416754,0.00027,0.365985,0.000384,0.494177,0.000496,0,6.743668,42.613912,-0.024084,-10.6,276.1,2455654.90594,20.848712,20.848711,-0.197,-9999999,3.583948,0.43645,0.856592,0.138219,0.98116,0.52,450.0059,-3.092077,3.206044,2011-04-03T09:41:01.746,-9999999,G2,183.C-0972(A),Udry,-9999999,HARPS_ech_obs_all,HARPS_ech_obs_thosimult,STAR_WAVE_G2,9.72801242373991E-06,3.10443956597804E-07,0,0,0
GJ776,301.393935,-67.32316,2455657.9092293,-1.228883,0.910857,-10481.791871,0.721759,-7.736895,0.30969,-10478.406535,0.234193,-7.712282,0.309668,-6.981739,3.830907,3.867584,0.642041,0.41861,0.000223,0.365961,0.000316,0.497272,0.00041,0,6.74372,42.626985,-0.024105,-10.6,336.7,2455657.90922,20.876994,20.87699,0.798,-9999999,3.587909,0.453495,0.856594,-0.202573,0.682708,0.49,449.9998,-6.959513,3.808964,2011-04-06T09:45:41.087,-9999999,G2,183.C-0972(A),Udry,-9999999,HARPS_ech_obs_all,HARPS_ech_obs_thosimult,STAR_WAVE_G2,8.72254350318393E-06,3.01720151545438E-07,0,0,0
GJ776,301.393935,-67.32316,2455657.9148135,-1.574015,0.914502,-10482.187946,0.725151,-8.083911,0.320244,-10478.813098,0.244433,-8.063447,0.320333,-0.540038,3.254205,3.534624,0.669805,0.418237,0.000235,0.366039,0.000332,0.497612,0.000431,0,6.741957,42.629982,-0.023668,-10.6,320.2,2455657.91481,20.872218,20.872211,0.763,-9999999,3.587916,0.451611,0.856597,-0.213068,0.682713,0.49,450.0062,-0.52144,3.224801,2011-04-06T09:53:43.524,-9999999,G2,183.C-0972(A),Udry,-9999999,HARPS_ech_obs_all,HARPS_ech_obs_thosimult,STAR_WAVE_G2,8.73776569682882E-06,2.60363615413405E-07,0,0,0
GJ776,301.393935,-67.32316,2455659.9079597,-0.599679,0.937382,-10481.216278,1.024912,-6.891663,0.380701,-10477.560489,0.296254,-6.868958,0.380723,-8.272563,3.641542,4.584167,0.941989,0.418792,0.000284,0.365695,0.000405,0.498103,0.000526,0,6.742174,42.633674,-0.023898,-10.6,263.1,2455659.90795,20.866239,20.866246,0.514,-9999999,3.590545,0.669523,0.856593,0.065244,0.981161,0.5,450.0065,-8.251613,3.624714,2011-04-08T09:43:34.906,-9999999,G2,183.C-0972(A),Udry,-9999999,HARPS_ech_obs_all,HARPS_ech_obs_thosimult,STAR_WAVE_G2,8.57557274144567E-06,4.09242424907297E-07,0,0,0
GJ776,301.393935,-67.32316,2455659.913546,-1.870301,0.943225,-10482.483831,1.028648,-8.16417,0.394863,-10478.838534,0.308922,-8.126905,0.394877,-9.2938,3.204819,5.993964,0.826249,0.418148,0.000298,0.36628,0.000424,0.498014,0.00055,0,6.744061,42.620672,-0.023238,-10.6,251.4,2455659.91354,20.861321,20.861317,0.64,-9999999,3.590552,0.667639,0.856596,0.054745,0.981165,0.5,450.0059,-9.271195,3.176466,2011-04-08T09:51:37.533,-9999999,G2,183.C-0972(A),Udry,-9999999,HARPS_ech_obs_all,HARPS_ech_obs_thosimult,STAR_WAVE_G2,8.11018755615164E-06,3.42310336570129E-07,0,0,0
GJ776,301.393935,-67.32316,2455660.9018945,-0.94254,0.687768,-10482.597102,0.557678,-7.657607,0.265608,-10478.654759,0.194675,-7.620945,0.265592,-6.51886,2.593253,5.160114,0.601139,0.417623,0.000189,0.365136,0.000267,0.497801,0.000346,0,6.74522,42.630749,-0.024754,-10.6,399,2455660.90188,20.856053,20.856062,0.324,-9999999,3.591856,0.246441,0.634411,0.350487,0.522596,0.46,900.0065,-6.495544,2.554557,2011-04-09T09:31:35.920,-9999999,G2,183.C-0972(A),Udry,-9999999,HARPS_ech_obs_all,HARPS_ech_obs_thosimult,STAR_WAVE_G2,8.84704804022477E-06,2.59575877998322E-07,0,0,0
GJ776,301.393935,-67.32316,2455662.9024932,-2.004263,0.971219,-10483.126081,0.990775,-8.038865,0.457733,-10478.788597,0.364029,-7.999588,0.457734,0.301402,4.123985,6.249347,0.948838,0.416949,0.00036,0.365929,0.000508,0.494896,0.000657,0,6.741723,42.621083,-0.0242,-10.6,208.6,2455662.90249,20.805889,20.80589,0.327,-9999999,3.594495,0.926905,0.85659,0.742989,0.921476,0.49,450.0001,0.322672,4.099446,2011-04-11T09:35:29.183,-9999999,G2,183.C-0972(A),Udry,-9999999,HARPS_ech_obs_all,HARPS_ech_obs_thosimult,STAR_WAVE_G2,8.52118943170244E-06,4.38076601676411E-07,0,0,0
GJ776,301.393935,-67.32316,2455662.9081815,-2.323792,0.962033,-10483.50979,0.985489,-8.360313,0.437898,-10479.18299,0.349376,-8.327476,0.437874,-4.638465,4.227694,4.842457,0.971701,0.417427,0.000346,0.367643,0.000488,0.494421,0.00063,0,6.743921,42.626484,-0.024067,-10.6,217.5,2455662.90818,20.800733,20.800732,0.163,-9999999,3.594502,0.924986,0.856593,0.732298,0.92148,0.51,450.0061,-4.606859,4.202202,2011-04-11T09:43:31.620,-9999999,G2,183.C-0972(A),Udry,-9999999,HARPS_ech_obs_all,HARPS_ech_obs_thosimult,STAR_WAVE_G2,9.94035033066997E-06,3.75928830504441E-07,0,0,0
GJ776,301.393935,-67.32316,2455663.8392733,-5.110863,0.999615,-10485.65097,0.957818,-10.88974,0.815146,-10480.797871,0.638626,-10.849779,0.815247,-3.641269,7.067079,0.752496,1.487977,0.417449,0.000637,0.366072,0.000908,0.495867,0.001174,0,6.740007,42.663681,-0.026097,-10.6,117.8,2455663.83926,20.822427,20.822436,-0.224,-9999999,3.59573,1.18263,0.578591,1.257369,0.713843,0.56,900.0067,-3.628591,7.041434,2011-04-12T07:59:37.889,-9999999,G2,183.C-0972(A),Udry,-9999999,HARPS_ech_obs_all,HARPS_ech_obs_thosimult,STAR_WAVE_G2,8.00138150846986E-06,5.40368507365791E-07,0,0,0
GJ776,301.393935,-67.32316,2455672.8977376,0.217055,0.674324,-10480.509347,0.818051,-7.43267,0.326525,-10478.103791,0.253508,-7.390032,0.326582,2.716297,3.244627,-0.666115,0.756331,0.418318,0.000257,0.358487,0.000356,0.485399,0.000461,0,6.742159,42.665475,-0.025596,-10.6,298.4,2455672.89773,20.217195,20.217225,0.814,-9999999,3.607677,-0.688218,0.589995,-1.202121,0.77778,0.5,400.0004,2.734079,3.220472,2011-04-21T09:27:59.773,-9999999,G2,183.C-0972(A),Udry,-9999999,HARPS_ech_obs_all,HARPS_ech_obs_thosimult,STAR_WAVE_G2,8.13829431410017E-06,2.93068854122515E-07,0,0,0
GJ776,301.393935,-67.32316,2455672.9027804,0.507564,0.663481,-10480.391303,0.8121,-7.143862,0.303494,-10477.995218,0.23358,-7.11072,0.303451,0.951793,3.022159,1.022709,0.577439,0.418048,0.00025,0.35907,0.00034,0.484554,0.000439,0,6.743644,42.661875,-0.025939,-10.6,314,2455672.90278,20.212074,20.212103,0.867,-9999999,3.607684,-0.689919,0.589999,-1.211599,0.777783,0.51,400.0005,0.963498,2.997965,2011-04-21T09:35:11.439,-9999999,G2,183.C-0972(A),Udry,-9999999,HARPS_ech_obs_all,HARPS_ech_obs_thosimult,STAR_WAVE_G2,7.55253156713432E-06,2.90082402650959E-07,0,0,0
GJ776,301.393935,-67.32316,2455675.9054535,-2.015992,0.64987,-10483.199334,0.5742,-9.526867,0.234553,-10480.301143,0.164501,-9.485482,0.234486,1.444049,2.725793,-4.498872,0.589724,0.416549,0.000161,0.35808,0.000225,0.495622,0.000292,128,6.741296,42.699172,-0.025957,-10.6,470.6,2455675.90545,19.9228,19.922826,0.318,-9999999,3.611644,-0.549368,0.606066,-0.713453,0.550132,0.5,900.0003,1.46483,2.669321,2011-04-24T09:34:39.068,-9999999,G2,183.C-0972(A),Udry,-9999999,HARPS_ech_obs_all,HARPS_ech_obs_thosimult,STAR_WAVE_G2,8.28113192080727E-06,2.12633493222533E-07,0,0,0
GJ776,301.393935,-67.32316,2455679.8799042,-3.007186,0.811502,-10483.749845,0.826045,-11.116012,0.324629,-10481.47442,0.195486,-11.07857,0.324783,6.431191,3.195389,-4.332626,0.851242,0.417411,0.000193,0.358619,0.000268,0.483594,0.000346,0,6.740439,42.667865,-0.024345,-10.6,396.2,2455679.8799,19.486328,19.486368,0.225,-9999999,3.616886,-1.147319,0.743742,-1.341461,0.802581,0.5,420.0002,6.438427,3.128895,2011-04-28T09:01:29.090,-9999999,G2,183.C-0972(A),Udry,-9999999,HARPS_ech_obs_all,HARPS_ech_obs_thosimult,STAR_WAVE_G2,7.6730006830117E-06,2.58263069904674E-07,0,0,0
GJ776,301.393935,-67.32316,2455679.8851273,-3.394496,0.812813,-10484.450429,0.82688,-11.505084,0.327886,-10482.184814,0.198968,-11.492142,0.328007,3.792961,3.312591,-3.793757,0.870446,0.417774,0.000195,0.3581,0.000271,0.483033,0.00035,0,6.741251,42.665171,-0.025712,-10.6,391.6,2455679.88512,19.480802,19.480837,0.114,-9999999,3.616893,-1.149081,0.743745,-1.351278,0.802584,0.5,419.9999,3.801472,3.245134,2011-04-28T09:09:00.338,-9999999,G2,183.C-0972(A),Udry,-9999999,HARPS_ech_obs_all,HARPS_ech_obs_thosimult,STAR_WAVE_G2,7.57707112241449E-06,2.82842813899301E-07,0,0,0
GJ776,301.393935,-67.32316,2455712.8936842,-0.416137,0.603235,-10481.047276,0.606703,-7.28643,0.287021,-10477.496372,0.217732,-7.26307,0.28705,3.905993,3.410579,-0.430521,0.671237,0.412555,0.000216,0.357968,0.000301,0.48455,0.000389,0,6.74344,42.666045,-0.025516,-10.6,352.5,2455712.89368,12.544103,12.544197,-0.1,-9999999,3.660428,0.091214,0.530576,-0.109524,0.566287,0.46,900.0001,3.901209,3.379526,2011-05-31T09:15:19.430,-9999999,G2,183.C-0972(A),Udry,-9999999,HARPS_ech_obs_all,HARPS_ech_obs_thosimult,STAR_WAVE_G2,7.68076135071844E-06,3.11531358751808E-07,0,0,0
GJ776,301.393935,-67.32316,2455715.864682,3.757086,1.011918,-10476.518537,1.016697,-3.254,0.683619,-10473.423742,0.512989,-3.212559,0.68364,-1.253825,5.983989,2.52704,1.409788,0.413722,0.000545,0.357318,0.000753,0.486022,0.000977,0,6.747621,42.648431,-0.022932,-10.6,141.8,2455715.86468,11.721606,11.721702,-0.292,-9999999,3.664347,-0.049579,0.746085,-0.569552,0.87779,0.49,200.0006,-1.259233,5.984353,2011-06-03T08:38:39.217,-9999999,G2,183.C-0972(A),Udry,-9999999,HARPS_ech_obs_all,HARPS_ech_obs_thosimult,STAR_WAVE_G2,7.72755953027134E-06,6.39874197003687E-07,0,0,0
GJ776,301.393935,-67.32316,2455715.8673874,4.362493,1.028674,-10476.988693,1.026564,-2.649505,0.708185,-10473.89898,0.532275,-2.601363,0.708142,-5.30235,6.823065,2.226052,1.657016,0.414837,0.00056,0.358322,0.000778,0.486521,0.001008,0,6.744978,42.650666,-0.028617,-10.6,137.4,2455715.86738,11.718189,11.718292,0,-9999999,3.66435,-0.050491,0.746086,-0.574637,0.877791,0.5,200.0005,-5.30783,6.826587,2011-06-03T08:42:30.951,-9999999,G2,183.C-0972(A),Udry,-9999999,HARPS_ech_obs_all,HARPS_ech_obs_thosimult,STAR_WAVE_G2,8.41851131316722E-06,5.51648860789699E-07,0,0,0
GJ776,301.393935,-67.32316,2455715.8699992,3.973865,1.035412,-10476.52997,1.029574,-3.039014,0.717936,-10473.445162,0.538056,-3.001478,0.717919,2.865196,7.569395,2.509004,1.805961,0.414084,0.000566,0.358465,0.000787,0.486404,0.001019,0,6.742248,42.647207,-0.025093,-10.6,135.9,2455715.86999,11.714898,11.714991,0,-9999999,3.664354,-0.051372,0.746088,-0.579546,0.877792,0.47,200.0005,2.871122,7.571017,2011-06-03T08:46:22.605,-9999999,G2,183.C-0972(A),Udry,-9999999,HARPS_ech_obs_all,HARPS_ech_obs_thosimult,STAR_WAVE_G2,7.87448914838349E-06,5.69668052620566E-07,0,0,0
GJ776,301.393935,-67.32316,2455715.8727526,4.716229,1.047756,-10476.983333,1.038359,-2.297579,0.735625,-10473.903696,0.554677,-2.285737,0.735671,3.212418,6.960504,1.481382,1.477903,0.415193,0.000589,0.357305,0.000814,0.485394,0.001056,0,6.746539,42.655209,-0.024782,-10.6,131.1,2455715.87275,11.711437,11.711536,0,-9999999,3.664358,-0.052301,0.746089,-0.584721,0.877794,0.5,200.0004,3.228437,6.964539,2011-06-03T08:50:14.489,-9999999,G2,183.C-0972(A),Udry,-9999999,HARPS_ech_obs_all,HARPS_ech_obs_thosimult,STAR_WAVE_G2,7.73526421378009E-06,5.17308376481383E-07,0,0,0
GJ776,301.393935,-67.32316,2455727.8594554,3.046151,0.981619,2137004.272575,1.060449,-4.835457,0.551714,2137008.29034,0.402395,-4.833388,0.551748,-2.187873,4.856473,8.300373,1.080912,0.41334,0.000398,0.366714,0.000561,0.484562,0.000726,0,6.749049,42.598474,-0.02369,-10.6,189.5,2455727.85945,8.041851,8.041954,-9999999,-9999999,3.680167,-0.920101,0.811903,0.337598,0.981137,0.53,300.0001,-2.167463,4.851199,2011-06-15T08:29:32.251,-9999999,G2,183.C-0972(A),Udry,-9999999,HARPS_ech_obs_all,HARPS_ech_obs_thosimult,STAR_WAVE_G2,9.40530916348777E-06,4.30704503868962E-07,0,0,0
GJ776,301.393935,-67.32316,2455727.8631546,1.470836,0.978174,2137002.676443,1.057276,-6.41202,0.54556,2137006.68726,0.393953,-6.38513,0.545611,-2.009632,4.728558,8.529986,1.127709,0.412847,0.000389,0.365253,0.000547,0.485974,0.000711,0,6.746853,42.604216,-0.02587,-10.6,193.8,2455727.86314,8.037233,8.037344,-9999999,-9999999,3.680172,-0.921349,0.811905,0.330645,0.981138,0.49,300.0005,-1.983252,4.714841,2011-06-15T08:35:03.852,-9999999,G2,183.C-0972(A),Udry,-9999999,HARPS_ech_obs_all,HARPS_ech_obs_thosimult,STAR_WAVE_G2,8.54459397004334E-06,4.60464894493134E-07,0,0,0
GJ776,301.393935,-67.32316,2455727.8669598,1.533945,0.997777,2137002.5843,1.069451,-6.350195,0.579972,2137006.58797,0.425547,-6.322512,0.580115,-2.140502,5.497642,7.413631,1.32334,0.413428,0.00042,0.366092,0.000593,0.484295,0.000768,0,6.748122,42.603133,-0.025899,-10.6,179.2,2455727.86695,8.032513,8.032619,-9999999,-9999999,3.680177,-0.922633,0.811906,0.323493,0.98114,0.48,300.0002,-2.11642,5.486698,2011-06-15T08:40:35.612,-9999999,G2,183.C-0972(A),Udry,-9999999,HARPS_ech_obs_all,HARPS_ech_obs_thosimult,STAR_WAVE_G2,7.51903112168955E-06,5.38235768204437E-07,0,0,0
GJ776,301.393935,-67.32316,2455735.8091724,-5.326373,0.743064,-10485.867016,0.916372,-11.845453,0.272344,-10481.835295,0.204492,-11.804842,0.2723,-1.174469,3.777642,2.797493,0.628688,0.415804,0.000197,0.365721,0.000279,0.484149,0.000362,0,6.744755,42.64126,-0.025002,-10.6,380.2,2455735.80917,5.479744,5.479867,1.117,-9999999,3.690652,0.442427,0.691356,0.341069,0.893264,0.51,900.0005,-1.160643,3.723206,2011-06-23T07:11:52.201,-9999999,G2,183.C-0972(A),Udry,-9999999,HARPS_ech_obs_all,HARPS_ech_obs_thosimult,STAR_WAVE_G2,7.78483130477572E-06,2.60758645290441E-07,0,0,0
GJ776,301.393935,-67.32316,2455754.7772467,-0.056889,0.786132,-10479.32179,0.795582,-6.28108,0.521547,-10475.930016,0.416931,-6.272281,0.521648,-2.838232,5.702601,6.357644,1.326479,0.41718,0.000422,0.355123,0.000591,0.493731,0.000768,0,6.746469,42.617218,-0.02331,-10.6,179.3,2455754.77724,-1.052254,-1.052131,0.475,-9999999,3.715669,0.737317,0.588211,-0.323895,0.677584,0.54,900.0007,-2.825258,5.693641,2011-07-12T06:25:14.455,-9999999,G2,183.C-0972(A),Udry,-9999999,HARPS_ech_obs_all,HARPS_ech_obs_thosimult,STAR_WAVE_G2,8.5870155520306E-06,3.17641392676724E-07,0,0,0
GJ776,301.393935,-67.32316,2455755.7557286,0.368963,0.935464,-10480.597681,1.025174,-6.133397,0.376071,-10477.048535,0.297344,-6.112256,0.376039,-5.625299,3.428489,5.133927,0.780756,0.416977,0.000297,0.352235,0.000414,0.486275,0.000543,0,6.74482,42.623208,-0.027691,-10.6,255,2455755.75572,-1.370628,-1.370505,0.027,-9999999,3.71696,0.459147,0.856541,-0.167814,0.981106,0.54,900.0004,-5.607961,3.411929,2011-07-13T05:54:15.619,-9999999,G2,183.C-0972(A),Udry,-9999999,HARPS_ech_obs_all,HARPS_ech_obs_thosimult,STAR_WAVE_G2,8.10642281736853E-06,3.36098627404729E-07,0,0,0
GJ776,301.393935,-67.32316,2455769.736305,-2.06358,0.919615,-10482.986128,1.015679,-9.351368,0.334712,-10479.065338,0.262753,-9.331814,0.334873,3.621344,3.733709,0.153899,0.651408,0.413974,0.000253,0.355014,0.000357,0.484055,0.000465,0,6.74191,42.647596,-0.023808,-10.6,296.2,2455769.7363,-6.139352,-6.139238,0.347,-9999999,3.735399,-0.326281,0.856539,0.185391,0.981104,0.47,450.0001,3.652358,3.69965,2011-07-27T05:31:06.966,-9999999,G2,183.C-0972(A),Udry,-9999999,HARPS_ech_obs_all,HARPS_ech_obs_thosimult,STAR_WAVE_G2,7.68054194376287E-06,2.94694780007408E-07,0,0,0
GJ776,301.393935,-67.32316,2455769.7420826,-1.823217,0.935661,-10483.354887,1.025342,-9.112954,0.376565,-10479.444949,0.297928,-9.104754,0.376645,-7.089147,3.428077,2.728782,0.811607,0.410727,0.000288,0.354604,0.000406,0.483496,0.00053,0,6.74285,42.63547,-0.025738,-10.6,260.1,2455769.74207,-6.146743,-6.146622,0.235,-9999999,3.735406,-0.32823,0.85654,0.174532,0.981104,0.51,450.0002,-7.06612,3.392505,2011-07-27T05:39:08.155,-9999999,G2,183.C-0972(A),Udry,-9999999,HARPS_ech_obs_all,HARPS_ech_obs_thosimult,STAR_WAVE_G2,8.3023284939704E-06,3.17409083861706E-07,0,0,0
GJ776,301.393935,-67.32316,2455776.6284846,0.120414,0.926253,-10480.554855,1.003931,-7.16525,0.35253,-10477.849877,0.275924,-7.149556,0.35261,-6.963001,4.126144,4.398869,0.719994,0.413698,0.000275,0.356098,0.000387,0.483289,0.000504,0,6.750213,42.634234,-0.024967,-10.6,273.1,2455776.62848,-8.307329,-8.307211,-0.005,-9999999,3.744489,-0.324156,0.856544,-1.039511,0.965269,0.53,900.0005,-6.949173,4.107123,2011-08-03T02:51:40.148,-9999999,G2,183.C-0972(A),Udry,-9999999,HARPS_ech_obs_all,HARPS_ech_obs_thosimult,STAR_WAVE_G2,6.2144050491158E-06,4.13681768154597E-07,0,0,0
GJ776,301.393935,-67.32316,2455782.6249991,0.64545,0.660801,-10480.420801,0.74266,-6.361971,0.374413,-10476.93132,0.293781,-6.352145,0.37439,-2.835418,3.420296,5.504856,0.744013,0.414524,0.000292,0.346671,0.000407,0.498645,0.00054,0,6.747017,42.627798,-0.026013,-10.6,257.7,2455782.625,-10.181052,-10.180952,-0.303,-9999999,3.752398,-0.045913,0.544493,-0.262917,0.682082,0.43,900,-2.849202,3.396775,2011-08-09T02:48:25.050,-9999999,G2,183.C-0972(A),Udry,-9999999,HARPS_ech_obs_all,HARPS_ech_obs_thosimult,STAR_WAVE_G2,8.43720443517288E-06,3.12404787575079E-07,0,0,0
GJ776,301.393935,-67.32316,2455784.7376775,3.528186,0.595773,-10477.542712,0.611131,-3.70733,0.279327,-10473.685634,0.211772,-3.687529,0.279472,-5.50586,2.905828,-3.414967,0.666212,0.414776,0.000199,0.35572,0.000281,0.493168,0.000366,0,6.741817,42.676359,-0.026498,-10.6,376.2,2455784.73767,-10.924283,-10.924175,0.566,-9999999,3.755184,-0.274009,0.526233,0.101894,0.573265,0.5,900.0001,-5.51325,2.911796,2011-08-11T05:29:43.877,-9999999,G2,183.C-0972(A),Udry,-9999999,HARPS_ech_obs_all,HARPS_ech_obs_thosimult,STAR_WAVE_G2,7.78260387931833E-06,3.16249725315249E-07,0,0,0
GJ776,301.393935,-67.32316,2455801.5267024,-0.246367,1.047714,-10481.223944,1.093164,-7.359556,0.60331,-10477.507254,0.482043,-7.340294,0.603361,-3.04167,5.15249,6.954123,1.142951,0.414873,0.000476,0.361239,0.000675,0.485934,0.000887,0,6.751852,42.608463,-0.024289,-10.6,156.9,2455801.5267,-15.291253,-15.291165,-0.207,-9999999,3.777327,-0.151682,0.856576,-0.060637,0.981143,0.54,420.0001,-3.032786,5.134407,2011-08-28T00:30:42.615,-9999999,G2,183.C-0972(A),Udry,-9999999,HARPS_ech_obs_all,HARPS_ech_obs_thosimult,STAR_WAVE_G2,6.67384809770117E-06,4.81238632622307E-07,0,0,0
GJ776,301.393935,-67.32316,2455801.5316333,-1.025999,1.023239,-10481.912911,1.078546,-8.140851,0.559732,-10478.205482,0.447911,-8.124415,0.559745,-1.845883,5.01018,5.981327,1.082887,0.415628,0.000442,0.36288,0.000627,0.486986,0.000823,0,6.748996,42.62425,-0.026352,-10.6,169.3,2455801.53163,-15.29677,-15.29669,-0.143,-9999999,3.777334,-0.153345,0.856574,-0.069905,0.981141,0.48,420.0001,-1.846053,4.988276,2011-08-28T00:38:13.869,-9999999,G2,183.C-0972(A),Udry,-9999999,HARPS_ech_obs_all,HARPS_ech_obs_thosimult,STAR_WAVE_G2,7.49237354724016E-06,5.02023325130697E-07,0,0,0
GJ776,301.393935,-67.32316,2455804.63234,-1.925178,0.932794,-10483.36938,1.070628,-9.894568,0.528701,-10479.847141,0.42857,-9.875445,0.528739,0.117595,4.089051,3.395814,1.369257,0.415013,0.000424,0.364888,0.0006,0.48528,0.000783,0,6.745336,42.632186,-0.026712,-10.6,177.1,2455804.63233,-16.118313,-16.118235,-0.042,-9999999,3.781423,-1.007883,0.768492,-0.259184,0.981108,0.48,419.9997,0.107052,4.048141,2011-08-31T03:03:28.982,-9999999,G2,183.C-0972(A),Udry,-9999999,HARPS_ech_obs_all,HARPS_ech_obs_thosimult,STAR_WAVE_G2,8.92453440791227E-06,4.31178842105119E-07,0,0,0
GJ776,301.393935,-67.32316,2455804.6376715,-1.023643,0.911163,-10482.682877,1.058024,-8.994831,0.48953,-10479.170651,0.396036,-8.993791,0.489645,-0.668909,4.580106,3.3698,1.173133,0.414688,0.000392,0.364789,0.000554,0.484294,0.000722,0,6.747869,42.638924,-0.026501,-10.6,191.8,2455804.63767,-16.124612,-16.124536,-0.186,-9999999,3.78143,-1.009681,0.768491,-0.269204,0.981107,0.5,420.0002,-0.679307,4.550573,2011-08-31T03:11:01.247,-9999999,G2,183.C-0972(A),Udry,-9999999,HARPS_ech_obs_all,HARPS_ech_obs_thosimult,STAR_WAVE_G2,7.3648413193141E-06,4.11842575609476E-07,0,0,0
GJ776,301.393935,-67.32316,2455807.6262766,-0.89908,0.762492,-10480.393477,0.950197,-8.056049,0.459316,-10477.665953,0.371421,-8.03152,0.459346,4.436827,5.197931,-0.484956,0.964459,0.413718,0.00036,0.355833,0.000512,0.494195,0.000667,0,6.743761,42.667326,-0.025803,-10.6,207.3,2455807.62627,-16.766858,-16.766788,-0.287,-9999999,3.785372,-0.195462,0.608623,-1.057848,0.874598,0.56,420.0001,4.420013,5.17525,2011-09-03T02:54:25.665,-9999999,G2,183.C-0972(A),Udry,-9999999,HARPS_ech_obs_all,HARPS_ech_obs_thosimult,STAR_WAVE_G2,7.85513646320844E-06,3.61757929708526E-07,0,0,0
GJ776,301.393935,-67.32316,2455807.6311693,-0.711057,0.741534,-10480.278728,0.939016,-7.869676,0.423618,-10477.560393,0.341807,-7.839856,0.42368,5.588959,4.040855,1.182988,0.925082,0.412874,0.000329,0.363832,0.000467,0.492842,0.000608,0,6.744367,42.648843,-0.027247,-10.6,226.9,2455807.63116,-16.772547,-16.77249,-0.202,-9999999,3.785379,-0.197112,0.608622,-1.067044,0.874597,0.49,419.9995,5.576147,4.014876,2011-09-03T03:01:57.819,-9999999,G2,183.C-0972(A),Udry,-9999999,HARPS_ech_obs_all,HARPS_ech_obs_thosimult,STAR_WAVE_G2,7.65320321935963E-06,4.07616458639434E-07,0,0,0
GJ776,301.393935,-67.32316,2455810.5815517,-4.059986,0.931794,-10484.378871,1.023678,-11.409815,0.366814,-10480.942505,0.292091,-11.392894,0.36694,-6.920124,3.991874,4.066834,0.953829,0.413894,0.000281,0.356677,0.000397,0.491588,0.000516,0,6.749536,42.629952,-0.026537,-10.6,267,2455810.58155,-17.324979,-17.324915,-0.06,-9999999,3.78927,-0.388322,0.856555,-0.352904,0.981121,0.49,420.0001,-6.923857,3.941541,2011-09-06T01:50:45.338,-9999999,G2,183.C-0972(A),Udry,-9999999,HARPS_ech_obs_all,HARPS_ech_obs_thosimult,STAR_WAVE_G2,7.71092220672055E-06,3.63358420774421E-07,0,0,0
GJ776,301.393935,-67.32316,2455810.586734,-2.796149,0.940688,-10483.455189,1.028402,-10.147726,0.388857,-10480.028556,0.308244,-10.137587,0.388943,1.918251,3.294059,2.142562,0.788545,0.414131,0.000289,0.356855,0.000413,0.492528,0.000537,0,6.745342,42.639542,-0.026644,-10.6,256.3,2455810.58672,-17.3311,-17.331035,-0.254,-9999999,3.789277,-0.39007,0.856554,-0.362644,0.981119,0.48,419.9998,1.898975,3.237607,2011-09-06T01:58:17.312,-9999999,G2,183.C-0972(A),Udry,-9999999,HARPS_ech_obs_all,HARPS_ech_obs_thosimult,STAR_WAVE_G2,8.57367006462223E-06,3.75620985116083E-07,0,0,0
GJ776,301.393935,-67.32316,2455816.587008,1.699963,0.791351,-10478.816862,0.831218,-6.735665,0.454966,-10476.436284,0.369308,-6.723259,0.455,7.486084,4.064019,-7.013343,0.843331,0.413958,0.000377,0.363134,0.000522,0.484383,0.000683,0,6.736994,42.688457,-0.027268,-10.6,203.5,2455816.587,-18.421692,-18.421643,0.152,-9999999,3.79719,-1.474121,0.647489,-1.416612,0.744671,0.49,274.8995,7.476647,4.046816,2011-09-12T02:00:18.797,-9999999,G2,183.C-0972(A),Udry,-9999999,HARPS_ech_obs_all,HARPS_ech_obs_thosimult,STAR_WAVE_G2,8.81852939662457E-06,4.20831847222328E-07,0,0,0
GJ776,301.393935,-67.32316,2455816.5905885,2.32046,0.774979,-10478.090085,0.819925,-6.116376,0.425854,-10475.716232,0.34314,-6.065346,0.425999,9.373754,4.845542,-6.740825,0.855485,0.414254,0.00035,0.363215,0.000484,0.483845,0.000633,0,6.737632,42.68719,-0.024694,-10.6,219.3,2455816.59058,-18.42577,-18.425717,0.336,-9999999,3.797195,-1.475328,0.647488,-1.423342,0.744669,0.5,274.8999,9.375116,4.835413,2011-09-12T02:05:25.424,-9999999,G2,183.C-0972(A),Udry,-9999999,HARPS_ech_obs_all,HARPS_ech_obs_thosimult,STAR_WAVE_G2,7.85503604939956E-06,3.52358751519186E-07,0,0,0
GJ776,301.393935,-67.32316,2455816.5941648,1.933465,0.7711,-10478.590159,0.81782,-6.504577,0.418755,-10476.223023,0.338081,-6.476409,0.418878,7.904561,3.978859,-6.430349,0.82858,0.414448,0.000343,0.363073,0.000474,0.484444,0.000621,0,6.736813,42.680759,-0.025998,-10.6,223.7,2455816.59415,-18.429828,-18.429777,-0.034,-9999999,3.7972,-1.476535,0.647487,-1.430064,0.744668,0.51,274.8994,7.910099,3.961624,2011-09-12T02:10:31.691,-9999999,G2,183.C-0972(A),Udry,-9999999,HARPS_ech_obs_all,HARPS_ech_obs_thosimult,STAR_WAVE_G2,7.79238597538438E-06,3.72122098988967E-07,0,0,0
GJ776,301.393935,-67.32316,2455834.6220748,-4.325674,0.787129,-10484.990813,0.790916,-11.113167,0.290771,-10480.797705,0.223975,-11.091469,0.290914,9.724111,2.55979,-6.100949,0.647207,0.414907,0.000216,0.354742,0.0003,0.494638,0.000393,0,6.741622,42.680106,-0.025259,-10.6,353.2,2455834.62207,-20.596153,-20.596153,-0.112,-9999999,3.820977,0.174014,0.731453,0.372131,0.75854,0.51,450.0059,9.743114,2.480805,2011-09-30T02:50:55.650,-9999999,G2,183.C-0972(A),Udry,-9999999,HARPS_ech_obs_all,HARPS_ech_obs_thosimult,STAR_WAVE_G2,7.73631567203103E-06,3.04648712143451E-07,0,0,0
GJ776,301.393935,-67.32316,2455834.6276006,-5.169467,0.787711,-10485.884829,0.790841,-11.958824,0.292345,-10481.7021,0.223717,-11.946137,0.292485,8.260305,2.674047,-6.198753,0.603966,0.41511,0.000214,0.355391,0.000299,0.494123,0.000391,0,6.741695,42.682339,-0.025841,-10.6,355.2,2455834.62759,-20.600632,-20.600625,-0.002,-9999999,3.820984,0.17215,0.731452,0.361745,0.758538,0.5,450.0055,8.285996,2.592281,2011-09-30T02:58:57.607,-9999999,G2,183.C-0972(A),Udry,-9999999,HARPS_ech_obs_all,HARPS_ech_obs_thosimult,STAR_WAVE_G2,6.02706427072571E-06,3.01925834001445E-07,0,0,0
GJ776,301.393935,-67.32316,2455836.585716,-6.3384,0.727955,-10487.270322,0.897723,-13.049376,0.338811,-10482.525452,0.26379,-13.042284,0.33896,-8.152868,3.204085,-3.78496,0.716926,0.414685,0.000253,0.354465,0.000355,0.493537,0.000464,0,6.742623,42.674249,-0.026404,-10.6,298.3,2455836.58571,-20.681295,-20.681286,0.028,-9999999,3.823567,0.250531,0.644302,0.921303,0.858092,0.49,450.0054,-8.130681,3.123105,2011-10-02T01:58:54.882,-9999999,G2,183.C-0972(A),Udry,-9999999,HARPS_ech_obs_all,HARPS_ech_obs_thosimult,STAR_WAVE_G2,7.59743944824114E-06,3.51537819385786E-07,0,0,0
GJ776,301.393935,-67.32316,2455836.591448,-7.083566,0.728042,-10488.090449,0.897512,-13.796476,0.339002,-10483.356344,0.263076,-13.780829,0.339209,-9.892379,3.606716,-5.071733,0.710747,0.415324,0.00025,0.354417,0.000352,0.483155,0.00046,0,6.741148,42.672726,-0.02518,-10.6,301,2455836.59144,-20.6865,-20.686495,0.14,-9999999,3.823575,0.248598,0.6443,0.91053,0.85809,0.52,450.0054,-9.864534,3.53493,2011-10-02T02:06:56.659,-9999999,G2,183.C-0972(A),Udry,-9999999,HARPS_ech_obs_all,HARPS_ech_obs_thosimult,STAR_WAVE_G2,8.0923008137367E-06,3.41783733445623E-07,0,0,0
GJ776,301.393935,-67.32316,2455839.5850072,-4.853334,0.668103,-10485.31945,0.753968,-11.876605,0.435675,-10481.179122,0.350194,-11.865715,0.435758,7.499212,4.306804,4.733788,1.020797,0.415419,0.000341,0.361604,0.000481,0.484185,0.000629,0,6.748405,42.618186,-0.023459,-10.6,220.4,2455839.58501,-20.810098,-20.810089,0.195,-9999999,3.827523,-0.061764,0.506507,0.312805,0.667707,0.48,450.0055,7.526945,4.258052,2011-10-05T01:58:16.009,-9999999,G2,183.C-0972(A),Udry,-9999999,HARPS_ech_obs_all,HARPS_ech_obs_thosimult,STAR_WAVE_G2,7.93494686112017E-06,3.59186847371493E-07,0,0,0
GJ776,301.393935,-67.32316,2455839.5907977,-3.623644,0.6705,-10485.004683,0.755688,-10.648868,0.439345,-10480.875232,0.353886,-10.616838,0.439449,3.23188,4.259773,4.501115,1.219363,0.416084,0.000347,0.361856,0.000487,0.482191,0.000636,0,6.747618,42.621079,-0.025201,-10.6,217.5,2455839.59079,-20.815107,-20.815091,0.013,-9999999,3.82753,-0.063717,0.506504,0.301921,0.667704,0.52,450.0004,3.247805,4.2203,2011-10-05T02:06:18.346,-9999999,G2,183.C-0972(A),Udry,-9999999,HARPS_ech_obs_all,HARPS_ech_obs_thosimult,STAR_WAVE_G2,9.15944011609528E-06,3.63024080413397E-07,0,0,0
GJ776,301.393935,-67.32316,2455842.549553,1.420403,0.66795,-10480.125596,0.781653,-5.153029,0.505865,-10475.612718,0.406038,-5.178078,0.505903,10.664223,5.002225,8.230093,0.988372,0.415904,0.000395,0.362934,0.000561,0.483229,0.000732,0,6.752494,42.602644,-0.022047,-10.6,189.2,2455842.54955,-20.854107,-20.854106,-0.372,-9999999,3.831433,0.388075,0.436186,0.681445,0.667918,0.53,450.0054,10.687855,4.9934,2011-10-08T01:07:08.007,-9999999,G2,183.C-0972(A),Udry,-9999999,HARPS_ech_obs_all,HARPS_ech_obs_thosimult,STAR_WAVE_G2,7.73250162936144E-06,4.30607066480481E-07,0,0,0
GJ776,301.393935,-67.32316,2455842.5550364,0.625994,0.605863,-10479.909142,0.747879,-5.949288,0.420495,-10475.406563,0.336473,-5.967992,0.420628,1.65858,4.316396,6.980228,0.928274,0.415332,0.000318,0.363202,0.000454,0.482549,0.000592,0,6.750074,42.608724,-0.025919,-10.6,233.6,2455842.55503,-20.859184,-20.859182,-0.363,-9999999,3.83144,0.386226,0.436182,0.671139,0.667914,0.51,450.0051,1.685577,4.303122,2011-10-08T01:15:10.803,-9999999,G2,183.C-0972(A),Udry,-9999999,HARPS_ech_obs_all,HARPS_ech_obs_thosimult,STAR_WAVE_G2,8.42477455862768E-06,3.82483917622969E-07,0,0,0
GJ776,301.393935,-67.32316,2455845.575636,4.276289,0.809937,-10476.551485,0.964587,-3.056179,0.508822,-10472.752844,0.408537,-3.02283,0.508917,0.767515,4.366612,7.885437,1.108831,0.415329,0.000397,0.362804,0.000563,0.481524,0.000733,0,6.749336,42.606501,-0.02526,-10.6,188.6,2455845.57563,-20.900294,-20.900304,-0.218,-9999999,3.835424,-0.370961,0.630157,-0.036783,0.8738,0.52,450.0054,0.799298,4.369718,2011-10-11T01:45:04.229,-9999999,G2,183.C-0972(A),Udry,-9999999,HARPS_ech_obs_all,HARPS_ech_obs_thosimult,STAR_WAVE_G2,8.28629731719398E-06,4.6182635479097E-07,0,0,0
GJ776,301.393935,-67.32316,2455845.5812607,4.409459,0.769884,-10476.761493,0.943053,-2.924906,0.442297,-10472.973417,0.35472,-2.898661,0.442277,0.038748,4.653487,5.091292,0.943746,0.414773,0.000342,0.363828,0.000485,0.483074,0.000632,0,6.74777,42.618383,-0.025817,-10.6,218.9,2455845.58126,-20.904818,-20.904826,-0.183,-9999999,3.835431,-0.372858,0.630155,-0.047355,0.873798,0.53,450.0054,0.072508,4.657266,2011-10-11T01:53:05.735,-9999999,G2,183.C-0972(A),Udry,-9999999,HARPS_ech_obs_all,HARPS_ech_obs_thosimult,STAR_WAVE_G2,7.82881056520425E-06,4.15569413943323E-07,0,0,0
GJ776,301.393935,-67.32316,2455870.4987947,-5.013997,0.929265,-10485.771802,1.021065,-11.626811,0.36026,-10481.218484,0.282673,-11.595714,0.360418,1.633521,4.280221,-3.044598,0.676092,0.414096,0.00027,0.354994,0.000382,0.493969,0.000499,0,6.742487,42.675995,-0.026611,-10.6,277.4,2455870.49879,-18.89488,-18.894938,-0.6,-9999999,3.868295,0.348693,0.85659,0.685023,0.981158,0.5,450.0054,1.645274,4.228296,2011-11-04T23:56:58.794,-9999999,G2,183.C-0972(A),Udry,-9999999,HARPS_ech_obs_all,HARPS_ech_obs_thosimult,STAR_WAVE_G2,7.37020304927834E-06,3.90946861376644E-07,0,0,0
GJ776,301.393935,-67.32316,2455870.5044303,-4.527861,0.926629,-10484.955618,1.019794,-11.142576,0.353412,-10480.412885,0.278057,-11.105479,0.353496,5.438031,3.564792,-5.25359,0.620245,0.41391,0.000266,0.355323,0.000375,0.494933,0.000491,0,6.741522,42.685524,-0.027219,-10.6,282.3,2455870.50442,-18.898685,-18.89874,-0.739,-9999999,3.868303,0.346792,0.856587,0.67443,0.981155,0.51,450.0054,5.447063,3.510192,2011-11-05T00:05:01.241,-9999999,G2,183.C-0972(A),Udry,-9999999,HARPS_ech_obs_all,HARPS_ech_obs_thosimult,STAR_WAVE_G2,8.45655416685861E-06,3.46378464321386E-07,0,0,0
GJ776,301.393935,-67.32316,2455874.5322173,0.435491,0.716588,-10480.965979,0.847031,-6.395618,0.491839,-10476.828868,0.392675,-6.37925,0.49194,4.292837,4.859786,1.108115,1.219354,0.415139,0.000379,0.354331,0.000539,0.495862,0.000706,0,6.744629,42.651657,-0.026524,-10.6,196.7,2455874.53222,-18.252289,-18.252364,-0.9,-9999999,3.873615,0.130399,0.521145,0.263496,0.750512,0.47,450.0052,4.288417,4.843024,2011-11-09T00:45:41.498,-9999999,G2,183.C-0972(A),Udry,-9999999,HARPS_ech_obs_all,HARPS_ech_obs_thosimult,STAR_WAVE_G2,7.58571368342411E-06,3.89807492379158E-07,0,0,0
GJ776,301.393935,-67.32316,2455874.5374411,1.62239,0.839627,-10478.87868,0.914485,-5.210481,0.65832,-10474.75138,0.522512,-5.203817,0.658471,11.635776,5.849461,-3.113873,1.590883,0.415239,0.000515,0.353869,0.000732,0.496762,0.00096,0,6.744608,42.673521,-0.024043,-10.6,145.3,2455874.53744,-18.254765,-18.254843,-0.923,-9999999,3.873622,0.128636,0.521141,0.253678,0.750509,0.4,450.0052,11.640087,5.840114,2011-11-09T00:53:44.355,-9999999,G2,183.C-0972(A),Udry,-9999999,HARPS_ech_obs_all,HARPS_ech_obs_thosimult,STAR_WAVE_G2,7.04310358707968E-06,6.60901414497788E-07,0,0,0
GJ776,301.393935,-67.32316,2455878.5495501,1.266286,0.982574,-10479.167063,1.106386,-5.074339,0.639637,-10474.633638,0.511339,-5.055674,0.6397,4.257534,5.133334,-6.018361,1.633989,0.415834,0.000503,0.354172,0.000718,0.495913,0.00094,0,6.743134,42.67155,-0.026332,-10.6,148.2,2455878.54955,-17.509484,-17.509574,-0.342,-9999999,3.878913,0.620882,0.745867,0.654512,0.981133,0.51,450.0052,4.238706,5.125416,2011-11-13T01:10:41.612,-9999999,G2,183.C-0972(A),Udry,-9999999,HARPS_ech_obs_all,HARPS_ech_obs_thosimult,STAR_WAVE_G2,8.46964654834682E-06,5.26170640095396E-07,0,0,0
GJ776,301.393935,-67.32316,2455878.5549712,2.713354,0.971579,-10477.456884,1.100026,-3.6291,0.622617,-10472.93364,0.497434,-3.607646,0.622761,7.006211,5.094956,-7.748659,1.541099,0.414968,0.000487,0.355296,0.000699,0.496005,0.000913,0,6.740135,42.703862,-0.027172,-10.6,152.6,2455878.55497,-17.51116,-17.511246,-0.267,-9999999,3.878921,0.619054,0.745864,0.644323,0.981131,0.48,450.0054,6.978578,5.09531,2011-11-13T01:18:43.529,-9999999,G2,183.C-0972(A),Udry,-9999999,HARPS_ech_obs_all,HARPS_ech_obs_thosimult,STAR_WAVE_G2,7.36004224621742E-06,5.49324806566133E-07,0,0,0
GJ776,301.393935,-67.32316,2456020.8927493,3.040984,0.683955,-10477.640372,0.878794,-3.520268,0.390488,-10474.482082,0.308398,-3.493034,0.390385,-8.222758,4.408944,5.759167,0.961889,0.417832,0.00031,0.365541,0.000431,0.497446,0.00056,0,6.745146,42.629873,-0.026399,-10.6,247.3,2456020.89274,20.855924,20.855933,-0.41,-9999999,4.066651,0.400256,0.561528,-0.908361,0.822903,0.52,449.9997,-8.201727,4.41069,2012-04-03T09:21:56.587,-9999999,G2,183.C-0972(A),Udry,-9999999,HARPS_ech_obs_all,HARPS_ech_obs_thosimult,STAR_WAVE_G2,8.57098665761842E-06,3.15164792857569E-07,0,0,0
GJ776,301.393935,-67.32316,2456020.8981703,2.838122,0.679712,-10477.644275,0.876275,-3.724958,0.383001,-10474.496167,0.301136,-3.676192,0.382968,-4.537237,4.146534,5.708504,0.939766,0.417699,0.000302,0.365149,0.000419,0.496799,0.000544,0,6.746203,42.624744,-0.024498,-10.6,254.2,2456020.89816,20.851785,20.85179,-0.499,-9999999,4.066658,0.398427,0.561532,-0.91855,0.822907,0.49,450,-4.516587,4.146408,2012-04-03T09:29:58.423,-9999999,G2,183.C-0972(A),Udry,-9999999,HARPS_ech_obs_all,HARPS_ech_obs_thosimult,STAR_WAVE_G2,7.60597521786755E-06,2.63386454625167E-07,0,0,0
GJ776,301.393935,-67.32316,2456022.8894069,-1.008186,0.676818,-10481.946429,0.698179,-8.032838,0.478743,-10478.545489,0.380997,-7.996963,0.478718,0.750885,4.663462,7.282728,1.162204,0.415909,0.000367,0.367542,0.000521,0.495958,0.000673,0,6.744289,42.626724,-0.02535,-10.6,204.2,2456022.8894,20.875599,20.875609,-0.326,-9999999,4.069285,-0.063145,0.478423,-0.668345,0.585059,0.48,449.9998,0.776609,4.639993,2012-04-05T09:17:13.853,-9999999,G2,183.C-0972(A),Udry,-9999999,HARPS_ech_obs_all,HARPS_ech_obs_thosimult,STAR_WAVE_G2,9.23077245656349E-06,4.9565486650216E-07,0,0,0
GJ776,301.393935,-67.32316,2456022.8948861,-1.727962,0.713917,-10482.875075,0.722671,-8.754462,0.529891,-10479.484426,0.424208,-8.737678,0.529867,-11.580147,5.010735,7.891918,0.967789,0.415688,0.00041,0.367781,0.000583,0.494193,0.000752,0,6.746835,42.623106,-0.026468,-10.6,182.5,2456022.89488,20.871311,20.871317,-0.331,-9999999,4.069292,-0.064993,0.478428,-0.678643,0.585064,0.46,449.9998,-11.548434,4.989132,2012-04-05T09:25:16.219,-9999999,G2,183.C-0972(A),Udry,-9999999,HARPS_ech_obs_all,HARPS_ech_obs_thosimult,STAR_WAVE_G2,6.62923819604735E-06,5.30045297682218E-07,0,0,0
GJ776,301.393935,-67.32316,2456024.8913604,-3.874095,0.953039,-10484.792565,1.035159,-10.714901,0.417786,-10481.226281,0.32999,-10.693822,0.417807,-10.421433,4.03649,6.157387,0.899129,0.415536,0.000316,0.365831,0.000446,0.494641,0.000577,0,6.742989,42.624775,-0.02597,-10.6,237.2,2456024.89135,20.868508,20.868523,0.247,-9999999,4.071925,0.120701,0.856585,-0.505641,0.981152,0.5,449.9998,-10.40254,3.996476,2012-04-07T09:19:41.643,-9999999,G2,183.C-0972(A),Udry,-9999999,HARPS_ech_obs_all,HARPS_ech_obs_thosimult,STAR_WAVE_G2,8.16752356446725E-06,3.57388465033378E-07,0,0,0
GJ776,301.393935,-67.32316,2456024.8970496,-3.646348,0.944436,-10484.277017,1.030148,-10.489074,0.397766,-10480.721419,0.313911,-10.453241,0.397729,-5.280194,3.673715,5.600505,0.952565,0.415062,0.000301,0.365748,0.000424,0.495025,0.00055,0,6.744748,42.630184,-0.025325,-10.6,249.4,2456024.89705,20.863839,20.863852,0.117,-9999999,4.071932,0.118782,0.856588,-0.516334,0.981155,0.52,449.994,-5.250898,3.632897,2012-04-07T09:27:44.160,-9999999,G2,183.C-0972(A),Udry,-9999999,HARPS_ech_obs_all,HARPS_ech_obs_thosimult,STAR_WAVE_G2,8.71299431478091E-06,3.98065401240682E-07,0,0,0
GJ776,301.393935,-67.32316,2456028.9222677,0.868399,0.90905,-10481.12099,1.01662,-6.848415,0.346621,-10477.60759,0.266124,-6.805838,0.34662,-5.122034,4.303778,5.199161,0.826139,0.419853,0.000254,0.357704,0.000359,0.499676,0.000467,0,6.746543,42.630176,-0.026627,-10.6,298.5,2456028.92226,20.761235,20.761248,-0.301,-9999999,4.077241,-0.755307,0.840373,-0.563841,0.98117,0.52,449.9998,-5.093887,4.285367,2012-04-11T10:03:38.932,-9999999,G2,183.C-0972(A),Udry,-9999999,HARPS_ech_obs_all,HARPS_ech_obs_thosimult,STAR_WAVE_G2,1.01536245187051E-05,3.10774216302976E-07,0,0,0
GJ776,301.393935,-67.32316,2456029.8928941,0.465517,0.756728,-10480.834054,0.894186,-6.799423,0.518877,-10477.631891,0.413356,-6.756558,0.518868,-9.254077,4.82053,7.994656,1.103594,0.418697,0.000407,0.356891,0.000577,0.499601,0.00075,0,6.74732,42.610904,-0.027735,-10.6,185.8,2456029.89289,20.753759,20.753776,-0.535,-9999999,4.078521,-0.303433,0.550821,-0.876358,0.792909,0.51,449.9941,-9.233562,4.805171,2012-04-12T09:21:19.773,-9999999,G2,183.C-0972(A),Udry,-9999999,HARPS_ech_obs_all,HARPS_ech_obs_thosimult,STAR_WAVE_G2,9.66225202678069E-06,4.03258476646522E-07,0,0,0
GJ776,301.393935,-67.32316,2456029.8983615,-0.199189,0.741825,-10481.267391,0.886148,-7.465973,0.496886,-10478.075496,0.39566,-7.387065,0.496844,-0.002067,5.668859,8.604566,1.064199,0.419939,0.000389,0.357057,0.00055,0.49897,0.000715,0,6.74876,42.604951,-0.02498,-10.6,194.7,2456029.89835,20.748849,20.748873,-0.494,-9999999,4.078529,-0.305277,0.550825,-0.886634,0.792913,0.49,449.9941,0.02904,5.652332,2012-04-12T09:29:21.120,-9999999,G2,183.C-0972(A),Udry,-9999999,HARPS_ech_obs_all,HARPS_ech_obs_thosimult,STAR_WAVE_G2,7.62528012561057E-06,4.13286954019655E-07,0,0,0
GJ776,301.393935,-67.32316,2456031.8529708,0.538256,0.918312,-10480.176713,1.03013,-6.313061,0.398679,-10476.770746,0.313917,-6.285294,0.398695,3.193864,4.285148,6.837566,1.000197,0.419331,0.000304,0.357491,0.000432,0.498121,0.00056,0,6.747989,42.616597,-0.0235,-10.6,247.3,2456031.85297,20.700497,20.70052,-0.254,-9999999,4.081107,0.11019,0.827256,-0.67514,0.981134,0.5,899.9997,3.231863,4.270453,2012-04-14T08:19:58.232,-9999999,G2,183.C-0972(A),Udry,-9999999,HARPS_ech_obs_all,HARPS_ech_obs_thosimult,STAR_WAVE_G2,8.367507578454E-06,4.18460419331216E-07,0,0,0
GJ776,301.393935,-67.32316,2456052.857066,-3.388793,0.757121,-10484.227987,0.810314,-9.972141,0.39722,-10480.697021,0.313171,-9.926539,0.397257,0.970216,4.729362,5.017144,0.855479,0.418037,0.000299,0.356077,0.000422,0.497649,0.000549,0,6.74625,42.633226,-0.027078,-10.6,251.5,2456052.85706,18.339068,18.339134,-0.096,-9999999,4.108809,0.378159,0.644553,-0.577843,0.74735,0.52,449.9939,0.950686,4.69357,2012-05-05T08:27:29.127,-9999999,G2,183.C-0972(A),Udry,-9999999,HARPS_ech_obs_all,HARPS_ech_obs_thosimult,STAR_WAVE_G2,9.06510892983063E-06,3.25406380100549E-07,0,0,0
GJ776,301.393935,-67.32316,2456052.8624908,-2.748564,0.751869,-10483.411747,0.806754,-9.333742,0.387111,-10479.89097,0.303834,-9.28947,0.387128,-2.496205,3.97781,5.714781,1.084729,0.417164,0.00029,0.353596,0.000407,0.497193,0.000531,0,6.74562,42.630394,-0.025516,-10.6,259.7,2456052.86248,18.333128,18.333206,-0.266,-9999999,4.108816,0.376329,0.644556,-0.588039,0.747353,0.49,449.994,-2.50517,3.939248,2012-05-05T08:35:31.303,-9999999,G2,183.C-0972(A),Udry,-9999999,HARPS_ech_obs_all,HARPS_ech_obs_thosimult,STAR_WAVE_G2,8.50610145227836E-06,3.65363652186683E-07,0,0,0
GJ776,301.393935,-67.32316,2456053.8516475,-4.560775,0.732576,-10484.613566,0.716711,-11.367041,0.420557,-10481.123786,0.3373,-11.312949,0.420618,-4.004544,4.51989,1.507541,0.947994,0.416825,0.000356,0.355713,0.000484,0.485119,0.000629,0,6.743166,42.653821,-0.027719,-10.6,219.7,2456053.85164,18.173883,18.173958,0.307,-9999999,4.110121,0.155241,0.599833,-0.620341,0.632379,0.51,449.9942,-4.03044,4.47558,2012-05-06T08:19:40.252,-9999999,G2,183.C-0972(A),Udry,-9999999,HARPS_ech_obs_all,HARPS_ech_obs_thosimult,STAR_WAVE_G2,7.95072682246254E-06,3.41653841665827E-07,0,0,0
GJ776,301.393935,-67.32316,2456053.8571175,-0.508094,0.721338,-10480.692358,0.708649,-7.316206,0.400656,-10477.212852,0.319806,-7.272074,0.400665,-1.510991,4.041796,2.560393,0.83404,0.416552,0.000337,0.356218,0.000458,0.4861,0.000595,0,6.741265,42.652573,-0.024876,-10.6,232.6,2456053.85711,18.167901,18.167963,0.226,-9999999,4.110128,0.153396,0.599836,-0.630622,0.632383,0.49,449.9939,-1.532318,4.020778,2012-05-06T08:27:41.828,-9999999,G2,183.C-0972(A),Udry,-9999999,HARPS_ech_obs_all,HARPS_ech_obs_thosimult,STAR_WAVE_G2,7.69146970442998E-06,3.66711312932636E-07,0,0,0
GJ776,301.393935,-67.32316,2456054.8399223,-3.011221,0.899544,-10484.439491,1.002734,-9.633174,0.274736,-10480.287072,0.207032,-9.597911,0.274648,-1.186869,2.492068,4.052104,0.710824,0.414581,0.000196,0.356283,0.000276,0.484394,0.000358,0,6.746509,42.645007,-0.026614,-10.6,383.2,2456054.83992,18.010891,18.010958,0.709,-9999999,4.111424,0.339554,0.856563,0.040995,0.981129,0.5,899.9995,-1.210176,2.437853,2012-05-07T07:59:01.554,-9999999,G2,183.C-0972(A),Udry,-9999999,HARPS_ech_obs_all,HARPS_ech_obs_thosimult,STAR_WAVE_G2,7.86044378778657E-06,2.80564889597431E-07,0,0,0
GJ776,301.393935,-67.32316,2456055.8868689,-1.595726,0.682136,-10482.84367,0.88534,-8.354372,0.267202,-10478.485216,0.198258,-8.290184,0.267161,5.750158,3.308031,0.454035,0.507026,0.412945,0.000192,0.35698,0.000267,0.49465,0.000346,0,6.744081,42.663559,-0.02656,-10.6,397,2456055.88686,17.777644,17.777702,0.177,-9999999,4.112805,0.202861,0.627625,0.245649,0.862857,0.51,899.9998,5.742788,3.271897,2012-05-08T09:06:23.358,-9999999,G2,183.C-0972(A),Udry,-9999999,HARPS_ech_obs_all,HARPS_ech_obs_thosimult,STAR_WAVE_G2,8.3949030801352E-06,2.55295320176878E-07,0,0,0
GJ776,301.393935,-67.32316,2456056.8181469,1.453854,0.649703,-10480.024522,0.66928,-5.658762,0.432746,-10476.133121,0.343542,-5.612665,0.432776,0.285112,4.510977,4.744802,0.872552,0.417494,0.000331,0.365036,0.000467,0.494806,0.000604,0,6.747964,42.639756,-0.025036,-10.6,227.3,2456056.81815,17.66862,17.66868,-0.012,-9999999,4.114033,-0.151108,0.484608,-0.222632,0.574382,0.51,449.9939,0.256728,4.50202,2012-05-09T07:31:10.534,-9999999,G2,183.C-0972(A),Udry,-9999999,HARPS_ech_obs_all,HARPS_ech_obs_thosimult,STAR_WAVE_G2,9.21687625439002E-06,3.12892434093218E-07,0,0,0
GJ776,301.393935,-67.32316,2456056.8237219,0.818392,0.626549,-10480.205744,0.654636,-6.296104,0.397134,-10476.324813,0.314055,-6.251128,0.397151,-1.67034,4.12657,4.544975,0.977533,0.417394,0.000301,0.365245,0.000425,0.494639,0.00055,0,6.744469,42.635451,-0.025576,-10.6,249.6,2456056.82371,17.662825,17.662896,-0.075,-9999999,4.114041,-0.152989,0.484611,-0.23311,0.574385,0.51,449.9938,-1.687987,4.1118,2012-05-09T07:39:12.191,-9999999,G2,183.C-0972(A),Udry,-9999999,HARPS_ech_obs_all,HARPS_ech_obs_thosimult,STAR_WAVE_G2,8.82418534566474E-06,3.70511877654331E-07,0,0,0
GJ776,301.393935,-67.32316,2456078.8433973,1.168475,0.915655,-10479.577188,1.012696,-5.661511,0.323609,-10475.46592,0.250873,-5.624135,0.323565,0.667545,3.957692,8.318787,0.79084,0.415731,0.000238,0.357797,0.000334,0.494306,0.000432,0,6.746159,42.604491,-0.024518,-10.6,317.7,2456078.84339,12.382932,12.383044,0.395,-9999999,4.143083,0.131521,0.856564,-0.031815,0.98113,0.48,449.9945,0.666097,3.949865,2012-05-31T08:06:09.440,-9999999,G2,183.C-0972(A),Udry,-9999999,HARPS_ech_obs_all,HARPS_ech_obs_thosimult,STAR_WAVE_G2,9.257525467643E-06,3.29163049929393E-07,0,0,0
GJ776,301.393935,-67.32316,2456078.849083,1.013914,0.913798,-10479.910887,1.011368,-5.81799,0.318309,-10475.810298,0.245448,-5.791519,0.318348,-0.740171,3.858533,8.745493,0.773508,0.415657,0.000233,0.35724,0.000327,0.494687,0.000424,0,6.74572,42.605711,-0.024175,-10.6,324.4,2456078.84908,12.375725,12.375844,0.404,-9999999,4.14309,0.129603,0.856566,-0.042501,0.981132,0.5,450.006,-0.747965,3.849586,2012-05-31T08:14:11.657,-9999999,G2,183.C-0972(A),Udry,-9999999,HARPS_ech_obs_all,HARPS_ech_obs_thosimult,STAR_WAVE_G2,7.9647937349436E-06,2.92764725731364E-07,0,0,0
GJ776,301.393935,-67.32316,2456081.832753,-0.389716,0.760571,-10481.327407,0.909073,-7.865826,0.388293,-10477.492748,0.307271,-7.844209,0.388239,-4.365473,3.69749,10.036618,1.00511,0.414086,0.000293,0.358411,0.000413,0.494929,0.000534,0,6.746861,42.591563,-0.022774,-10.6,257.3,2456081.83275,11.537679,11.537802,0.401,-9999999,4.147025,-0.514603,0.653985,-0.312366,0.855569,0.46,450.0059,-4.357965,3.673822,2012-06-03T07:50:48.462,-9999999,G2,183.C-0972(A),Udry,-9999999,HARPS_ech_obs_all,HARPS_ech_obs_thosimult,STAR_WAVE_G2,8.59739024224281E-06,3.15734428033178E-07,0,0,0
GJ776,301.393935,-67.32316,2456081.8386518,-0.921953,0.730098,-10481.635996,0.891601,-8.400053,0.324566,-10477.812416,0.250896,-8.35455,0.324557,0.063972,3.410404,9.244037,0.860383,0.413451,0.000237,0.357709,0.000332,0.496078,0.000431,0,6.74616,42.598531,-0.023543,-10.6,319.5,2456081.83865,11.530153,11.530264,0.462,-9999999,4.147033,-0.516592,0.653988,-0.323453,0.855572,0.52,450,0.068505,3.381851,2012-06-03T07:58:51.109,-9999999,G2,183.C-0972(A),Udry,-9999999,HARPS_ech_obs_all,HARPS_ech_obs_thosimult,STAR_WAVE_G2,7.30378820319372E-06,3.80945891496385E-07,0,0,0
GJ776,301.393935,-67.32316,2456085.820521,2.270029,0.772401,-10478.561168,1.013058,-4.639746,0.423449,-10474.713371,0.33854,-4.605284,0.4235,-6.122377,4.709326,6.895754,1.057111,0.41669,0.00033,0.365828,0.000463,0.483375,0.000599,0,6.748615,42.619245,-0.024535,-10.6,229,2456085.82052,10.369395,10.369517,0.444,-9999999,4.152285,0.051732,0.645983,-0.304488,0.954818,0.49,450.0002,-6.105848,4.709502,2012-06-07T07:32:45.537,-9999999,G2,183.C-0972(A),Udry,-9999999,HARPS_ech_obs_all,HARPS_ech_obs_thosimult,STAR_WAVE_G2,7.56648939814549E-06,3.66487974751347E-07,0,0,0
GJ776,301.393935,-67.32316,2456085.8262538,2.918845,0.782238,-10477.825232,1.018116,-3.992863,0.441134,-10473.988203,0.353381,-3.951048,0.441144,3.22462,4.150927,7.306891,1.146473,0.41668,0.000347,0.365504,0.000485,0.484123,0.000628,0,6.749361,42.620028,-0.025784,-10.6,218.5,2456085.82625,10.362016,10.362135,0.294,-9999999,4.152292,0.049799,0.645985,-0.315263,0.95482,0.52,450.006,3.231798,4.153492,2012-06-07T07:40:47.333,-9999999,G2,183.C-0972(A),Udry,-9999999,HARPS_ech_obs_all,HARPS_ech_obs_thosimult,STAR_WAVE_G2,7.80365090443153E-06,3.80749392326119E-07,0,0,0
GJ776,301.393935,-67.32316,2456088.7427509,4.275043,0.613801,-10476.505,0.671778,-2.674164,0.2824,-10472.556592,0.213228,-2.641711,0.282382,0.421779,3.649502,5.775436,0.802923,0.417948,0.000203,0.36564,0.000286,0.485622,0.000371,0,6.753525,42.633419,-0.024555,-10.6,371.1,2456088.74275,9.548479,9.548601,0.22,-9999999,4.156139,0.0123,0.544979,-0.207731,0.637039,0.5,900.0001,0.451778,3.661714,2012-06-10T05:36:48.346,-9999999,G2,183.C-0972(A),Udry,-9999999,HARPS_ech_obs_all,HARPS_ech_obs_thosimult,STAR_WAVE_G2,7.85967661073052E-06,2.84314395403611E-07,0,0,0
GJ776,301.393935,-67.32316,2456092.9003695,-1.186301,0.762838,-10482.10995,0.982777,-8.309471,0.315467,-10478.129567,0.243604,-8.287458,0.315388,-1.508979,4.011456,4.173788,0.744059,0.414879,0.000235,0.366057,0.000329,0.485911,0.000427,0,6.751383,42.637508,-0.02552,-10.6,322.7,2456092.90037,8.085596,8.085729,0.148,-9999999,4.161623,-0.161662,0.694552,-0.18124,0.952107,0.49,900.0001,-1.480704,3.989515,2012-06-14T09:23:45.010,-9999999,G2,183.C-0972(A),Udry,-9999999,HARPS_ech_obs_all,HARPS_ech_obs_thosimult,STAR_WAVE_G2,7.2633545948707E-06,3.57198709191064E-07,0,0,0
GJ776,301.393935,-67.32316,2456115.8155427,2.422058,0.936489,-10477.735328,1.025938,-4.71779,0.378583,-10474.507807,0.29992,-4.687258,0.378612,-2.95567,3.824266,13.161199,0.943385,0.415243,0.000292,0.355855,0.00041,0.49225,0.000532,0,6.754277,42.578729,-0.024479,-10.6,257.9,2456115.81554,0.392386,0.392509,-0.267,-9999999,4.191846,-0.178341,0.856555,-0.964325,0.98112,0.49,900.0059,-2.938426,3.820037,2012-07-07T07:21:07.186,-9999999,G2,183.C-0972(A),Udry,-9999999,HARPS_ech_obs_all,HARPS_ech_obs_thosimult,STAR_WAVE_G2,8.09724209207311E-06,4.30492864577375E-07,0,0,0
GJ776,301.393935,-67.32316,2456118.8099871,4.821905,0.8967,-10475.384094,0.897751,-2.316069,0.265308,-10471.997956,0.199467,-2.285214,0.265321,-14.160716,3.519248,10.309339,0.695186,0.414956,0.000191,0.355249,0.000266,0.48299,0.000346,0,6.751339,42.584098,-0.025406,-10.6,397.3,2456118.80998,-0.644644,-0.644516,0.019,-9999999,4.195795,-0.176467,0.856553,-0.809657,0.875312,0.5,900.0004,-14.140122,3.534456,2012-07-10T07:12:58.232,-9999999,G2,183.C-0972(A),Udry,-9999999,HARPS_ech_obs_all,HARPS_ech_obs_thosimult,STAR_WAVE_G2,8.16178851949246E-06,2.45715699691118E-07,0,0,0
GJ776,301.393935,-67.32316,2456121.8203735,0.736341,0.766044,-10478.462647,1.115693,-5.974752,0.664621,-10475.236286,0.531198,-5.951047,0.664765,-7.018522,6.93193,9.423294,1.74328,0.411767,0.000541,0.3601,0.000749,0.496091,0.000982,0,6.748884,42.59147,-0.02522,-10.6,141.3,2456121.82037,-1.702831,-1.702688,0.181,-9999999,4.199765,0.250414,0.380923,-0.973404,0.981122,0.55,900.0004,-7.001911,6.926716,2012-07-13T07:27:11.572,-9999999,G2,183.C-0972(A),Udry,-9999999,HARPS_ech_obs_all,HARPS_ech_obs_thosimult,STAR_WAVE_G2,8.6293632035218E-06,5.28970433989573E-07,0,0,0
GJ776,301.393935,-67.32316,2456149.686128,-1.901341,0.900383,-10482.594039,1.01263,-9.117519,0.406338,-10479.270301,0.326012,-9.088212,0.406331,2.795555,4.176232,1.222166,0.819923,0.416371,0.000315,0.352307,0.000441,0.486493,0.000581,0,6.745209,42.63881,-0.025752,-10.6,239.2,2456149.68612,-10.781216,-10.781083,0.384,-9999999,4.236518,-0.25467,0.803479,-0.91278,0.958716,0.45,900.0003,2.792393,4.147047,2012-08-10T04:16:13.338,-9999999,G2,183.C-0972(A),Udry,-9999999,HARPS_ech_obs_all,HARPS_ech_obs_thosimult,STAR_WAVE_G2,9.44114673229357E-06,4.03100007722861E-07,0,0,0
GJ776,301.393935,-67.32316,2456154.7235003,5.281479,0.70987,-10475.522316,0.811772,-3.247585,0.416553,-10472.732066,0.333193,-3.264663,0.416546,-6.649545,4.720485,12.007641,1.138262,0.4168,0.000322,0.352358,0.00045,0.486379,0.000592,0,6.753155,42.572315,-0.023591,-10.6,234.9,2456154.72349,-12.300095,-12.299977,-0.49,-9999999,4.243162,-1.567556,0.574803,-1.452912,0.74024,0.5,450.0003,-6.644163,4.722848,2012-08-15T05:13:18.981,-9999999,G2,183.C-0972(A),Udry,-9999999,HARPS_ech_obs_all,HARPS_ech_obs_thosimult,STAR_WAVE_G2,1.04298298338194E-05,3.85477981726362E-07,0,0,0
GJ776,301.393935,-67.32316,2456154.7284458,6.319403,0.832962,-10474.667509,0.885049,-2.211329,0.602848,-10471.886548,0.485134,-2.162495,0.60294,-3.340655,6.609347,13.849348,1.681236,0.417018,0.000476,0.352555,0.000668,0.486797,0.000878,0,6.756665,42.559678,-0.025979,-10.6,158.8,2456154.72844,-12.305658,-12.305548,-0.497,-9999999,4.243168,-1.569225,0.574804,-1.462207,0.740241,0.38,450.0001,-3.33517,6.61446,2012-08-15T05:21:20.290,-9999999,G2,183.C-0972(A),Udry,-9999999,HARPS_ech_obs_all,HARPS_ech_obs_thosimult,STAR_WAVE_G2,9.63415537387881E-06,5.64037478636975E-07,0,0,0
GJ776,301.393935,-67.32316,2456166.5275571,-5.266713,0.765602,-10487.44964,0.869381,-12.521033,0.321663,-10482.589275,0.250348,-12.472315,0.321669,-6.290371,3.159146,11.512749,0.782651,0.415403,0.000235,0.363512,0.000335,0.493615,0.000437,0,6.750236,42.573583,-0.023896,-10.6,315,2456166.52755,-15.22839,-15.228292,-0.049,-9999999,4.25873,-0.292813,0.694751,0.601635,0.832556,0.5,900.0003,-6.290064,3.096407,2012-08-27T00:28:11.474,-9999999,G2,183.C-0972(A),Udry,-9999999,HARPS_ech_obs_all,HARPS_ech_obs_thosimult,STAR_WAVE_G2,9.7995703746381E-06,2.53824431853505E-07,0,0,0
GJ776,301.393935,-67.32316,2456168.6094767,-6.513254,0.749267,-10486.433423,0.654763,-14.024995,0.465025,-10483.021121,0.362806,-14.01586,0.465127,0.007644,4.309567,4.681041,1.221207,0.414732,0.000356,0.353608,0.000503,0.493336,0.000658,0,6.746933,42.612504,-0.025596,-10.6,210.1,2456168.60947,-15.793858,-15.793764,-0.214,-9999999,4.261476,-0.550234,0.587497,-0.849174,0.545057,0.5,450.0003,0.008796,4.251283,2012-08-29T02:30:03.651,-9999999,G2,183.C-0972(A),Udry,-9999999,HARPS_ech_obs_all,HARPS_ech_obs_thosimult,STAR_WAVE_G2,9.4284328136132E-06,4.71011300127029E-07,0,0,0
GJ776,301.393935,-67.32316,2456168.6151066,-5.412999,0.718742,-10485.452867,0.632352,-12.926639,0.414053,-10482.05114,0.320602,-12.911117,0.414101,-0.046552,4.547921,3.001394,0.922861,0.414477,0.000316,0.35457,0.000447,0.494175,0.000583,0,6.74486,42.622786,-0.023736,-10.6,237.1,2456168.61511,-15.800681,-15.800591,-0.027,-9999999,4.261483,-0.552133,0.587495,-0.859756,0.545054,0.51,450.0002,-0.044715,4.493641,2012-08-29T02:38:05.599,-9999999,G2,183.C-0972(A),Udry,-9999999,HARPS_ech_obs_all,HARPS_ech_obs_thosimult,STAR_WAVE_G2,8.55367944305785E-06,3.93378483681482E-07,0,0,0
GJ776,301.393935,-67.32316,2456171.5105678,-1.92528,0.725903,-10484.137406,0.710081,-6.74861,0.271143,-10476.881952,0.203128,-6.750532,0.271164,0.985296,4.819463,2.234123,0.704091,0.414924,0.000193,0.352576,0.000273,0.496668,0.000359,0,6.746779,42.630465,-0.025064,-10.6,387.9,2456171.51056,-16.349117,-16.349029,-0.429,-9999999,4.265302,2.138177,0.673362,2.990152,0.680407,0.5,900.0002,0.985679,4.803357,2012-09-01T00:04:06.395,-9999999,G2,183.C-0972(A),Udry,-9999999,HARPS_ech_obs_all,HARPS_ech_obs_thosimult,STAR_WAVE_G2,8.37563649568157E-06,2.74403762712096E-07,0,0,0
GJ776,301.393935,-67.32316,2456173.6948442,2.265545,0.895888,-10477.441015,1.036263,-3.046409,0.420338,-10472.294153,0.333587,-3.041705,0.420357,-2.99555,4.753095,4.705911,0.927554,0.415442,0.000325,0.360781,0.000459,0.488537,0.000606,0,6.745694,42.622631,-0.023658,-10.6,231.1,2456173.69484,-16.984634,-16.984562,-0.02,-9999999,4.268183,1.649554,0.791158,0.878679,0.981102,0.52,900,-3.023355,4.759083,2012-09-03T04:29:20.363,-9999999,G2,183.C-0972(A),Udry,-9999999,HARPS_ech_obs_all,HARPS_ech_obs_thosimult,STAR_WAVE_G2,7.95675845102334E-06,3.07834896084313E-07,0,0,0
GJ776,301.393935,-67.32316,2456181.6128801,0.897525,0.765059,-10479.516745,0.89663,-5.846892,0.30363,-10475.149527,0.23676,-5.818708,0.30366,-6.582082,4.905156,2.249667,0.833237,0.415409,0.000233,0.362654,0.000324,0.481939,0.000423,0,6.74678,42.62753,-0.02575,-10.6,325.9,2456181.61287,-18.418149,-18.41808,-0.422,-9999999,4.278626,0.21709,0.702228,0.088592,0.864806,0.5,900.0002,-6.581438,4.895073,2012-09-11T02:32:16.942,-9999999,G2,183.C-0972(A),Udry,-9999999,HARPS_ech_obs_all,HARPS_ech_obs_thosimult,STAR_WAVE_G2,8.91468965604584E-06,2.73344099232142E-07,0,0,0
GJ776,301.393935,-67.32316,2456186.6237543,4.220054,0.899668,-10477.828279,0.92792,-1.932742,0.275198,-10470.883523,0.209088,-1.921489,0.27518,-12.987522,5.713488,8.129227,0.645259,0.414816,0.000198,0.362411,0.000278,0.48384,0.000364,0,6.750623,42.594316,-0.02437,-10.6,380.3,2456186.62375,-19.215387,-19.215327,0.012,-9999999,4.285235,0.808711,0.856545,2.659521,0.904056,0.51,899.9997,-12.97432,5.723606,2012-09-16T02:48:14.583,-9999999,G2,183.C-0972(A),Udry,-9999999,HARPS_ech_obs_all,HARPS_ech_obs_thosimult,STAR_WAVE_G2,8.05110132363422E-06,3.10724960930116E-07,0,0,0
GJ776,301.393935,-67.32316,2456189.6668497,3.517288,1.070458,-10475.756511,0.924761,-2.975082,0.802928,-10471.995751,0.631601,-2.955492,0.802967,-4.769993,7.76261,8.353187,1.649641,0.416343,0.00063,0.356108,0.000901,0.493363,0.001172,0,6.748504,42.60151,-0.025693,-10.6,118.6,2456189.66684,-19.655483,-19.655438,0.243,-9999999,4.289249,0.469138,0.707945,-0.528489,0.675472,0.54,900,-4.759851,7.766221,2012-09-19T03:50:07.991,-9999999,G2,183.C-0972(A),Udry,-9999999,HARPS_ech_obs_all,HARPS_ech_obs_thosimult,STAR_WAVE_G2,7.00649009717754E-06,8.36245157021482E-07,0,0,0
GJ776,301.393935,-67.32316,2456190.592872,0.098637,0.662831,-10479.615181,0.620482,-5.951195,0.419499,-10475.000002,0.336617,-5.94017,0.419552,-7.091943,5.73397,9.944485,0.967195,0.416385,0.000325,0.355165,0.000458,0.493267,0.000597,0,6.750871,42.579721,-0.021506,-10.6,232,2456190.59287,-19.707153,-19.707111,0.018,-9999999,4.29047,0.911675,0.513191,0.324709,0.521236,0.49,449.9999,-7.080865,5.727361,2012-09-20T02:08:07.050,-9999999,G2,183.C-0972(A),Udry,-9999999,HARPS_ech_obs_all,HARPS_ech_obs_thosimult,STAR_WAVE_G2,9.26693171742134E-06,3.9628288222484E-07,0,0,0
GJ776,301.393935,-67.32316,2456190.5985515,-0.392723,0.648329,-10480.616333,0.609908,-6.444471,0.396192,-10476.01182,0.316708,-6.452127,0.396203,-9.207416,5.698308,7.413886,1.031313,0.416855,0.000305,0.354883,0.000428,0.492578,0.000558,0,6.750369,42.593684,-0.022815,-10.6,248,2456190.59855,-19.713057,-19.713026,0.096,-9999999,4.290478,0.909759,0.513189,0.314035,0.521233,0.51,449.9997,-9.195959,5.690318,2012-09-20T02:16:08.789,-9999999,G2,183.C-0972(A),Udry,-9999999,HARPS_ech_obs_all,HARPS_ech_obs_thosimult,STAR_WAVE_G2,8.11617196639078E-06,3.21515409881401E-07,0,0,0
GJ776,301.393935,-67.32316,2456195.5862768,-0.909801,0.92606,-10481.764466,0.914105,-7.497385,0.436512,-10476.364229,0.351117,-7.46778,0.436513,-7.035403,5.494254,9.469624,0.906047,0.415119,0.00034,0.363008,0.000478,0.49215,0.000623,0,6.749872,42.59274,-0.023991,-10.6,221.5,2456195.58627,-20.221174,-20.221149,0.04,-9999999,4.297056,0.373923,0.816728,1.103181,0.843982,0.5,450.0062,-7.009705,5.481068,2012-09-25T01:59:01.390,-9999999,G2,183.C-0972(A),Udry,-9999999,HARPS_ech_obs_all,HARPS_ech_obs_thosimult,STAR_WAVE_G2,9.28757967471644E-06,3.80381726417168E-07,0,0,0
GJ776,301.393935,-67.32316,2456195.5917959,-0.801431,0.926906,-10482.30386,0.914235,-7.390877,0.438308,-10476.913989,0.351461,-7.355304,0.438258,-13.406105,6.05473,9.60571,1.025757,0.41506,0.00034,0.36403,0.000478,0.491735,0.000623,0,6.753011,42.581765,-0.025301,-10.6,221.7,2456195.59179,-20.226655,-20.226628,0.08,-9999999,4.297063,0.372061,0.816726,1.092808,0.84398,0.49,450,-13.373242,6.044636,2012-09-25T02:07:02.779,-9999999,G2,183.C-0972(A),Udry,-9999999,HARPS_ech_obs_all,HARPS_ech_obs_thosimult,STAR_WAVE_G2,8.62374238831487E-06,3.18876461656178E-07,0,0,0
GJ776,301.393935,-67.32316,2456198.5640987,3.707563,0.738123,-10476.405507,0.724513,-0.806045,0.563989,-10469.804121,0.451959,-0.758668,0.564047,-5.894205,4.957037,17.024256,1.281524,0.415169,0.000439,0.355659,0.000624,0.491986,0.000811,0,6.752021,42.538874,-0.019337,-10.6,170.4,2456198.56409,-20.442888,-20.442863,-0.047,-9999999,4.300983,2.447899,0.476175,2.300403,0.566262,0.48,449.9993,-5.878092,4.972323,2012-09-28T01:27:31.614,-9999999,G2,183.C-0972(A),Udry,-9999999,HARPS_ech_obs_all,HARPS_ech_obs_thosimult,STAR_WAVE_G2,8.52049281003022E-06,4.06032311751323E-07,0,0,0
GJ776,301.393935,-67.32316,2456198.5698774,4.704731,0.758939,-10475.999674,0.739126,0.189174,0.590973,-10469.409142,0.475036,0.202971,0.590955,-13.165032,5.759704,17.498956,1.509829,0.415006,0.000464,0.355978,0.00066,0.493288,0.000858,0,6.752134,42.531034,-0.024445,-10.6,161.4,2456198.56987,-20.448707,-20.448685,-0.111,-9999999,4.300991,2.44595,0.476171,2.289541,0.566258,0.52,450.0065,-13.144986,5.776231,2012-09-28T01:35:32.923,-9999999,G2,183.C-0972(A),Udry,-9999999,HARPS_ech_obs_all,HARPS_ech_obs_thosimult,STAR_WAVE_G2,8.56647449090593E-06,5.460377414254E-07,0,0,0
GJ776,301.393935,-67.32316,2456204.5471953,0.699028,0.937205,-10479.646392,1.026631,-5.075468,0.380322,-10474.275151,0.302237,-5.049188,0.380325,-9.557808,5.035726,15.624305,1.010588,0.41507,0.000291,0.362971,0.000412,0.482569,0.000537,0,6.753569,42.55531,-0.02089,-10.6,257.5,2456204.54719,-20.763406,-20.763402,0.27,-9999999,4.308875,1.187011,0.856567,1.062366,0.981134,0.48,900.0065,-9.526257,5.034702,2012-10-04T01:00:10.632,-9999999,G2,183.C-0972(A),Udry,-9999999,HARPS_ech_obs_all,HARPS_ech_obs_thosimult,STAR_WAVE_G2,8.32920874402658E-06,3.64135370754554E-07,0,0,0
GJ776,301.393935,-67.32316,2456205.5232056,-2.583804,0.889633,-10482.556307,0.99651,-8.318879,0.240252,-10477.144743,0.174317,-8.292138,0.24031,-12.36318,5.428262,7.817258,0.536262,0.414644,0.000168,0.362172,0.000234,0.482955,0.000306,128,6.749089,42.601869,-0.022995,-10.6,453.2,2456205.5232,-20.775876,-20.775861,0.813,-9999999,4.310162,1.226432,0.856578,1.101402,0.981145,0.52,900.0056,-12.324012,5.413812,2012-10-05T00:25:07.757,-9999999,G2,183.C-0972(A),Udry,-9999999,HARPS_ech_obs_all,HARPS_ech_obs_thosimult,STAR_WAVE_G2,8.55564815344901E-06,2.800384187658E-07,0,0,0
GJ776,301.393935,-67.32316,2456208.6157469,-3.297246,0.873769,-10483.864479,0.860006,-9.00754,0.454024,-10478.555458,0.361514,-8.963533,0.454075,-10.100138,5.976655,9.872129,1.151686,0.415078,0.00035,0.363826,0.000497,0.491568,0.000647,0,6.753604,42.597299,-0.027443,-10.6,213.5,2456208.61574,-20.928832,-20.928835,-0.719,-9999999,4.314241,1.251213,0.746549,0.99478,0.780332,0.51,899.9999,-10.076601,5.955185,2012-10-08T02:38:50.853,-9999999,G2,183.C-0972(A),Udry,-9999999,HARPS_ech_obs_all,HARPS_ech_obs_thosimult,STAR_WAVE_G2,9.7938878709931E-06,4.08590284497011E-07,0,0,0
GJ776,301.393935,-67.32316,2456209.5408049,-0.471496,0.805392,-10480.309841,1.060937,-5.802418,0.502986,-10475.589,0.403681,-5.794765,0.503101,-6.404544,5.108723,11.619993,1.490936,0.415683,0.000392,0.364354,0.000558,0.483685,0.000727,0,6.759371,42.585634,-0.025492,-10.6,190.6,2456209.5408,-20.878319,-20.878326,-0.137,-9999999,4.315461,1.630586,0.629016,0.40538,0.981137,0.51,900.0001,-6.37404,5.102253,2012-10-09T00:51:01.413,-9999999,G2,183.C-0972(A),Udry,-9999999,HARPS_ech_obs_all,HARPS_ech_obs_thosimult,STAR_WAVE_G2,8.80610198038341E-06,5.42282959265673E-07,0,0,0
GJ776,301.393935,-67.32316,2456210.5321586,-0.283223,0.77582,-10480.315537,0.944082,-6.068947,0.419158,-10475.835704,0.333474,-6.057706,0.419136,-7.236144,5.353333,12.403216,1.049936,0.416399,0.000326,0.364014,0.000459,0.481643,0.000598,0,6.7596,42.587105,-0.025262,-10.6,231.1,2456210.53215,-20.876136,-20.876139,0.108,-9999999,4.316768,1.175783,0.652843,0.163065,0.883225,0.5,899.9999,-7.200944,5.346447,2012-10-10T00:38:49.330,-9999999,G2,183.C-0972(A),Udry,-9999999,HARPS_ech_obs_all,HARPS_ech_obs_thosimult,STAR_WAVE_G2,8.75914427972762E-06,3.95967277720674E-07,0,0,0
GJ776,301.393935,-67.32316,2456212.5235057,5.81101,0.846989,-10474.70467,0.998752,-1.322488,0.252358,-10470.470064,0.186711,-1.30805,0.252381,-18.169696,5.426796,6.616299,0.684029,0.417644,0.000179,0.362089,0.000249,0.482123,0.000326,128,6.755476,42.606114,-0.025295,-10.6,424.5,2456212.5235,-20.861001,-20.861012,0.438,-9999999,4.319395,-0.171991,0.80852,-0.084789,0.981145,0.51,900.0003,-18.144267,5.444386,2012-10-12T00:26:24.668,-9999999,G2,183.C-0972(A),Udry,-9999999,HARPS_ech_obs_all,HARPS_ech_obs_thosimult,STAR_WAVE_G2,9.26642518243026E-06,2.42964881935807E-07,0,0,0
GJ776,301.393935,-67.32316,2456217.5236504,6.018898,0.762534,-10474.183701,0.855584,-0.999577,0.365702,-10470.00324,0.286554,-0.992253,0.365738,-13.083432,4.424837,13.381476,1.128767,0.41844,0.000271,0.355394,0.000381,0.48184,0.000496,0,6.753856,42.555876,-0.019704,-10.6,278.6,2456217.52365,-20.728083,-20.728124,0.235,-9999999,4.325989,-0.056968,0.669119,-0.145528,0.80617,0.48,449.9993,-13.066609,4.444959,2012-10-17T00:31:10.083,-9999999,G2,072.C-0488(E),Mayor,-9999999,HARPS_ech_obs_all,HARPS_ech_obs_thosimult,STAR_WAVE_G2,8.5505792646163E-06,3.57994772497957E-07,0,0,0
GJ776,301.393935,-67.32316,2456217.5294925,7.565409,0.758746,-10472.473893,0.853377,0.544964,0.357742,-10468.304405,0.279907,0.57621,0.357774,-7.799292,4.86865,12.79934,0.916505,0.418413,0.000265,0.354851,0.000372,0.482487,0.000485,0,6.75621,42.563235,-0.019326,-10.6,285.4,2456217.52948,-20.73312,-20.733159,0.263,-9999999,4.325997,-0.058938,0.669116,-0.156509,0.806167,0.53,449.9999,-7.773872,4.894129,2012-10-17T00:39:12.372,-9999999,G2,072.C-0488(E),Mayor,-9999999,HARPS_ech_obs_all,HARPS_ech_obs_thosimult,STAR_WAVE_G2,9.41313808774014E-06,3.76604151309222E-07,0,0,0
GJ776,301.393935,-67.32316,2456218.5879581,7.653975,0.646029,-10472.457978,0.701898,0.366749,0.383449,-10468.738163,0.30213,0.381015,0.383403,-10.424248,5.181124,17.769917,1.041704,0.419493,0.00029,0.355237,0.000409,0.482006,0.000533,0,6.761087,42.530384,-0.019083,-10.6,259,2456218.58795,-20.729725,-20.729768,0.247,-9999999,4.327393,-0.325718,0.519923,-0.607578,0.633544,0.57,900.0059,-10.412795,5.20477,2012-10-18T01:58:55.599,-9999999,G2,072.C-0488(E),Mayor,-9999999,HARPS_ech_obs_all,HARPS_ech_obs_thosimult,STAR_WAVE_G2,1.0263545656103E-05,3.98122339714392E-07,0,0,0
GJ776,301.393935,-67.32316,2456219.5003227,5.316477,0.765295,-10474.351094,0.863209,-1.219412,0.261707,-10469.706686,0.192871,-1.189927,0.261676,-14.688114,4.00869,13.368529,0.745021,0.418216,0.000183,0.354374,0.000256,0.49265,0.000334,128,6.756194,42.560925,-0.019527,-10.6,414.1,2456219.50032,-20.607626,-20.607672,0.461,-9999999,4.328596,0.425618,0.719156,0.315812,0.841386,0.5,899.9998,-14.674683,4.031949,2012-10-18T23:53:52.315,-9999999,G2,072.C-0488(E),Mayor,-9999999,HARPS_ech_obs_all,HARPS_ech_obs_thosimult,STAR_WAVE_G2,9.70966961823188E-06,2.67071512234484E-07,0,0,0
GJ776,301.393935,-67.32316,2456220.4913282,4.198787,0.787956,-10476.350547,1.004506,-3.229764,0.381809,-10472.137625,0.302742,-3.223207,0.381829,-4.503907,4.494312,13.474004,1.135108,0.418193,0.000291,0.355014,0.000407,0.49133,0.00053,0,6.755983,42.555732,-0.020168,-10.6,260.5,2456220.49133,-20.540084,-20.540134,0,-9999999,4.329903,-0.467044,0.689272,-0.116981,0.9578,0.51,426.9999,-4.475858,4.499792,2012-10-19T23:44:53.289,-9999999,G2,072.C-0488(E),Mayor,-9999999,HARPS_ech_obs_all,HARPS_ech_obs_thosimult,STAR_WAVE_G2,9.85558100114182E-06,3.32802914628108E-07,0,0,0
GJ776,301.393935,-67.32316,2456220.5140756,4.141324,0.759845,-10476.876114,0.989544,-3.2949,0.319824,-10472.705916,0.24868,-3.305802,0.319789,-10.650903,5.051495,13.554926,0.855593,0.419058,0.000243,0.354643,0.000339,0.491992,0.000441,0,6.755833,42.551119,-0.021014,-10.6,312.9,2456220.51407,-20.560003,-20.560044,0.133,-9999999,4.329933,-0.474717,0.689258,-0.159735,0.957787,0.54,900.0003,-10.623574,5.057409,2012-10-20T00:13:10.561,-9999999,G2,183.C-0972(A),Udry,-9999999,HARPS_ech_obs_all,HARPS_ech_obs_thosimult,STAR_WAVE_G2,9.77332700630294E-06,2.67399342708985E-07,0,0,0
GJ776,301.393935,-67.32316,2456409.8670954,2.268652,1.036314,-10479.176175,1.087153,-5.081113,0.583291,-10475.4536,0.468258,-5.037496,0.583228,-19.222128,6.963461,26.23932,1.862757,0.415252,0.000458,0.359765,0.000648,0.484967,0.000835,0,6.759457,42.504921,-0.020592,-10.6,164.8,2456409.86709,19.546156,19.546188,-0.22,-9999999,4.579673,-0.388257,0.856573,-0.857098,0.98114,0.5,449.9999,-19.213605,6.961057,2013-04-27T08:42:49.180,-9999999,G2,091.C-0936(A),Udry,-9999999,HARPS_ech_obs_all,HARPS_ech_obs_wavesimult,STAR_WAVE_G2,9.53197904834251E-06,4.91352509062541E-07,0,0,0
GJ776,301.393935,-67.32316,2456409.8727189,0.690333,1.026014,-10479.427191,1.080468,-6.661328,0.564785,-10475.715178,0.452515,-6.608622,0.564763,-23.53902,6.643292,26.47184,1.759762,0.415271,0.000442,0.359097,0.000624,0.483731,0.000804,0,6.760778,42.501423,-0.020151,-10.6,171,2456409.87272,19.540408,19.540441,-0.422,-9999999,4.57968,-0.390154,0.856576,-0.867667,0.981143,0.51,450.0003,-23.550819,6.633315,2013-04-27T08:50:50.520,-9999999,G2,091.C-0936(A),Udry,-9999999,HARPS_ech_obs_all,HARPS_ech_obs_wavesimult,STAR_WAVE_G2,9.15685447146053E-06,4.77424899873436E-07,0,0,0
GJ776,301.393935,-67.32316,2456410.7956655,7.639246,2.948714,-10477.552333,2.478561,-0.515585,2.872775,-10473.960918,2.353269,-0.513727,2.873185,45.229181,25.499445,67.59869,6.963054,0.422481,0.002086,0.371694,0.003043,0.493241,0.003866,0,6.769843,42.228742,-0.013148,-10.6,38.3,2456410.79566,19.484501,19.484536,0.335,-9999999,4.580897,-1.193324,0.66489,-0.989482,0.778067,0.31,449.9998,45.21726,25.499284,2013-04-28T07:01:17.934,-9999999,G2,091.C-0936(A),Udry,-9999999,HARPS_ech_obs_all,HARPS_ech_obs_wavesimult,STAR_WAVE_G2,1.4595080663249E-05,1.72104489580866E-06,0,0,0
GJ776,301.393935,-67.32316,2456410.8042658,9.745372,2.26743,-10473.524644,1.887781,1.58764,2.167754,-10469.949381,1.719978,1.621343,2.167949,26.319856,20.34933,64.902718,5.038562,0.422147,0.001597,0.36695,0.002319,0.48957,0.00296,0,6.767394,42.240527,-0.02876,-10.6,48.7,2456410.80426,19.477792,19.477827,0.481,-9999999,4.580909,-1.196225,0.664893,-1.005646,0.77807,0.89,450.0008,26.31145,20.351918,2013-04-28T07:09:19.953,-9999999,G2,091.C-0936(A),Udry,-9999999,HARPS_ech_obs_all,HARPS_ech_obs_wavesimult,STAR_WAVE_G2,3.82999539755353E-06,2.61178394035728E-06,0,0,0
GJ776,301.393935,-67.32316,2456416.8247706,4.002825,0.737856,-10475.759284,0.769128,-3.179698,0.520512,-10472.591186,0.420167,-3.13595,0.520453,-22.68715,6.353382,17.864847,1.360104,0.41838,0.000415,0.360298,0.000582,0.494724,0.000749,0,6.754824,42.571677,-0.02216,-10.6,183.8,2456416.82477,18.591821,18.591871,0.289,-9999999,4.588849,-0.221015,0.522971,-1.420751,0.644218,0.5,300.0009,-22.713526,6.358242,2013-05-04T07:42:29.195,-9999999,G2,091.C-0936(A),Udry,-9999999,HARPS_ech_obs_all,HARPS_ech_obs_wavesimult,STAR_WAVE_G2,9.41510568074582E-06,4.20865548418755E-07,0,0,0
GJ776,301.393935,-67.32316,2456416.8285706,5.483967,0.736745,-10474.195636,0.7674,-1.699837,0.518933,-10471.034675,0.416992,-1.661769,0.518883,-24.948237,5.383053,16.417288,1.348695,0.417153,0.00041,0.358687,0.000574,0.49413,0.000741,0,6.752558,42.579292,-0.023101,-10.6,185.5,2456416.82856,18.588071,18.588124,0.048,-9999999,4.588854,-0.222297,0.522973,-1.427893,0.64422,0.49,300.0001,-24.96737,5.395007,2013-05-04T07:48:00.496,-9999999,G2,091.C-0936(A),Udry,-9999999,HARPS_ech_obs_all,HARPS_ech_obs_wavesimult,STAR_WAVE_G2,7.41700793047804E-06,4.4703721437681E-07,0,0,0
GJ776,301.393935,-67.32316,2456416.8324483,4.85587,0.74937,-10474.94613,0.775893,-2.329242,0.536705,-10471.792453,0.432421,-2.271124,0.536679,-17.878278,6.278136,19.072202,1.381938,0.417242,0.000425,0.357878,0.000595,0.493471,0.000767,0,6.755653,42.56373,-0.022956,-10.6,179,2456416.83244,18.584196,18.584257,-0.09,-9999999,4.588859,-0.223605,0.522976,-1.435182,0.644223,0.5,299.9999,-17.89875,6.285041,2013-05-04T07:53:32.506,-9999999,G2,091.C-0936(A),Udry,-9999999,HARPS_ech_obs_all,HARPS_ech_obs_wavesimult,STAR_WAVE_G2,9.63668136560274E-06,4.57342664546107E-07,0,0,0
GJ776,301.393935,-67.32316,2456432.8849193,2.252152,0.93881,-10477.111899,0.776932,-5.506507,0.384229,-10474.962362,0.304821,-5.48619,0.384179,-9.026258,5.760443,7.370416,1.183688,0.414533,0.000295,0.364537,0.000411,0.494763,0.000533,0,6.750289,42.635039,-0.027579,-10.6,258,2456432.88492,15.271928,15.272008,0,-9999999,4.610031,-0.797152,0.856582,-2.460494,0.714638,0.53,450.001,-9.013802,5.756797,2013-05-20T09:06:18.868,-9999999,G2,091.C-0936(A),Udry,-9999999,HARPS_ech_obs_all,HARPS_ech_obs_wavesimult,STAR_WAVE_G2,8.35043786160977E-06,3.91520357881912E-07,0,0,0
GJ776,301.393935,-67.32316,2456432.8901294,2.365872,0.960037,-10477.459861,0.794574,-5.394544,0.433514,-10475.32011,0.347324,-5.367486,0.43346,-9.489896,5.004972,8.983252,1.412605,0.414133,0.000337,0.36311,0.000469,0.494999,0.00061,0,6.749888,42.632258,-0.026716,-10.6,225.3,2456432.89012,15.265557,15.265641,-0.052,-9999999,4.610038,-0.798909,0.856584,-2.470287,0.714642,0.46,450.0008,-9.480648,5.001014,2013-05-20T09:14:20.497,-9999999,G2,091.C-0936(A),Udry,-9999999,HARPS_ech_obs_all,HARPS_ech_obs_wavesimult,STAR_WAVE_G2,7.20642908958627E-06,3.92775189139551E-07,0,0,0
GJ776,301.393935,-67.32316,2456433.9052768,3.609867,0.978502,-10474.95161,0.903249,-3.874913,0.694216,-10472.553948,0.5532,-3.873365,0.694325,-13.721135,8.283065,10.111732,1.96567,0.418539,0.00054,0.357378,0.000761,0.485382,0.000986,0,6.751124,42.619879,-0.025594,-10.6,140.2,2456433.90527,15.005346,15.005437,-0.299,-9999999,4.611377,-0.523273,0.689587,-2.213715,0.714023,0.55,450.0002,-13.715544,8.283655,2013-05-21T09:35:24.304,-9999999,G2,091.C-0936(A),Udry,-9999999,HARPS_ech_obs_all,HARPS_ech_obs_wavesimult,STAR_WAVE_G2,9.2137029072213E-06,6.73739453553924E-07,0,0,0
GJ776,301.393935,-67.32316,2456433.9104012,3.928541,1.017017,-10476.900429,0.929944,-3.557968,0.747522,-10474.512391,0.595785,-3.518937,0.7476,-4.176323,8.557281,11.102624,2.105336,0.419295,0.000584,0.357098,0.000822,0.484382,0.001065,0,6.755516,42.618201,-0.028401,-10.6,129.8,2456433.9104,14.999167,14.999256,0,-9999999,4.611384,-0.525002,0.68959,-2.223346,0.714027,0.46,450.0009,-4.170079,8.55922,2013-05-21T09:43:27.524,-9999999,G2,091.C-0936(A),Udry,-9999999,HARPS_ech_obs_all,HARPS_ech_obs_wavesimult,STAR_WAVE_G2,7.35068463817116E-06,7.18738574429566E-07,0,0,0
GJ776,301.393935,-67.32316,2456434.8924593,1.147393,0.977395,-10478.554971,1.049131,-6.540189,0.470705,-10475.846897,0.371504,-6.510328,0.470676,-17.176959,5.43833,8.248583,1.224041,0.417301,0.000334,0.358031,0.000481,0.494087,0.000621,0,6.749945,42.623067,-0.02581,-10.6,220.3,2456434.89246,14.775452,14.775541,0.412,-9999999,4.612679,-0.726074,0.856585,-1.904605,0.981153,0.49,450.0012,-17.180487,5.431243,2013-05-22T09:17:19.623,-9999999,G2,091.C-0936(A),Udry,-9999999,HARPS_ech_obs_all,HARPS_ech_obs_wavesimult,STAR_WAVE_G2,9.27496620313483E-06,4.26785112605481E-07,0,0,0
GJ776,301.393935,-67.32316,2456434.8981401,1.858535,0.970419,-10477.015937,1.045054,-5.830963,0.456038,-10474.318533,0.359822,-5.824359,0.455984,-22.615427,5.507168,8.828881,1.317998,0.418139,0.000321,0.358489,0.000463,0.492823,0.000597,0,6.750432,42.624313,-0.023507,-10.6,228.9,2456434.89813,14.768517,14.768609,0.212,-9999999,4.612686,-0.727991,0.856588,-1.915282,0.981156,0.51,450.0004,-22.618648,5.502116,2013-05-22T09:25:21.423,-9999999,G2,091.C-0936(A),Udry,-9999999,HARPS_ech_obs_all,HARPS_ech_obs_wavesimult,STAR_WAVE_G2,9.02914301141508E-06,4.56111534905258E-07,0,0,0
GJ776,301.393935,-67.32316,2456437.8891986,-0.510355,0.867091,-10481.022061,0.875737,-8.276865,0.391324,-10477.713611,0.309292,-8.250416,0.391307,-4.917277,5.278126,13.610709,1.18958,0.418167,0.000294,0.357463,0.000413,0.48558,0.000536,0,6.752993,42.594218,-0.024885,-10.6,256.8,2456437.88919,14.021736,14.021835,0.212,-9999999,4.616631,-0.805002,0.773765,-1.308181,0.819301,0.52,450.002,-4.915688,5.262144,2013-05-25T09:12:11.942,-9999999,G2,091.C-0936(A),Udry,-9999999,HARPS_ech_obs_all,HARPS_ech_obs_wavesimult,STAR_WAVE_G2,-9999999,-9999999,-9999999,-9999999,-9999999
GJ776,301.393935,-67.32316,2456437.8947293,0.031705,0.854374,-10480.609966,0.867321,-7.73667,0.362268,-10477.311903,0.284579,-7.686589,0.362307,-6.652435,5.085961,10.361828,1.360076,0.418675,0.000271,0.356177,0.000379,0.48534,0.000492,0,6.750576,42.611013,-0.025073,-10.6,279.6,2456437.89472,14.014954,14.015042,0.109,-9999999,4.616639,-0.806868,0.773768,-1.318576,0.819305,0.51,450.0018,-6.652942,5.07023,2013-05-25T09:20:14.272,-9999999,G2,091.C-0936(A),Udry,-9999999,HARPS_ech_obs_all,HARPS_ech_obs_wavesimult,STAR_WAVE_G2,8.29884051126929E-06,4.10123607328817E-07,0,0,0
GJ776,301.393935,-67.32316,2456438.8607778,0.290535,0.914576,-10479.924814,1.012106,-7.535398,0.320523,-10477.149873,0.248452,-7.483459,0.320432,-21.851861,4.791475,13.37262,1.117567,0.417918,0.000232,0.356442,0.000328,0.494591,0.000426,0,6.752461,42.592966,-0.025991,-10.6,322,2456438.86077,13.797427,13.797515,-0.267,-9999999,4.617913,-0.864426,0.856571,-1.842972,0.981137,0.5,900.0009,-21.847823,4.775436,2013-05-26T08:27:36.488,-9999999,G2,091.C-0936(A),Udry,-9999999,HARPS_ech_obs_all,HARPS_ech_obs_wavesimult,STAR_WAVE_G2,8.36429053865148E-06,3.37401655761112E-07,0,0,0
GJ776,301.393935,-67.32316,2456441.8603174,-0.406338,0.696808,-10480.518425,1.021056,-8.981308,0.40928,-10477.88969,0.326405,-8.942135,0.409171,-12.450927,5.214106,17.646183,1.278032,0.419314,0.00032,0.357612,0.000448,0.495912,0.000581,0,6.756852,42.577927,-0.024015,-10.6,237.2,2456441.86032,12.997572,12.99765,0,-9999999,4.621869,-1.613463,0.563943,-1.993134,0.967478,0.5,900.0002,-12.452855,5.191682,2013-05-29T08:26:45.124,-9999999,G2,091.C-0936(A),Udry,-9999999,HARPS_ech_obs_all,HARPS_ech_obs_wavesimult,STAR_WAVE_G2,8.37328512120287E-06,3.61496194520404E-07,0,0,0
GJ776,301.393935,-67.32316,2456454.8323704,1.761961,0.612757,-10478.327376,0.692289,-6.450155,0.352917,-10475.825861,0.274314,-6.425965,0.352855,-20.26408,5.14139,15.455027,1.154365,0.416286,0.00026,0.359158,0.000366,0.496597,0.000474,0,6.752987,42.567912,-0.023998,-10.6,290.9,2456454.83236,9.192651,9.192753,0.544,-9999999,4.638978,-1.250609,0.50092,-2.137463,0.635622,0.5,450.0007,-20.247153,5.136662,2013-06-11T07:49:33.805,-9999999,G2,091.C-0936(A),Udry,-9999999,HARPS_ech_obs_all,HARPS_ech_obs_wavesimult,STAR_WAVE_G2,8.58985757427935E-06,2.86981880239238E-07,0,0,0
GJ776,301.393935,-67.32316,2456454.8379024,2.026051,0.613285,-10477.356576,0.692692,-6.187931,0.353828,-10474.865452,0.275323,-6.149185,0.353785,-22.924742,5.805929,13.676226,1.143851,0.415785,0.000262,0.359596,0.000369,0.49648,0.000477,0,6.750972,42.582769,-0.022599,-10.6,289.3,2456454.83789,9.185491,9.185596,0.747,-9999999,4.638985,-1.252475,0.500923,-2.147861,0.635626,0.49,450.0008,-22.907168,5.803724,2013-06-11T07:57:36.254,-9999999,G2,091.C-0936(A),Udry,-9999999,HARPS_ech_obs_all,HARPS_ech_obs_wavesimult,STAR_WAVE_G2,8.9675457800647E-06,3.00331152997302E-07,0,0,0
GJ776,301.393935,-67.32316,2456467.8231971,-3.827294,0.765251,-10484.689216,0.757161,-9.406989,0.593703,-10478.652475,0.47698,-9.397747,0.59376,-12.050984,6.369249,13.021507,1.554807,0.416503,0.000462,0.357841,0.000653,0.484755,0.000847,0,6.754823,42.613776,-0.025761,-10.6,163,2456467.82319,4.947821,4.947928,-0.05,-9999999,4.656112,1.381812,0.482831,1.380629,0.588033,0.52,300.0011,-12.035497,6.351444,2013-06-24T07:37:03.571,-9999999,G2,091.C-0936(A),Udry,-9999999,HARPS_ech_obs_all,HARPS_ech_obs_wavesimult,STAR_WAVE_G2,8.45085010607947E-06,4.34708790456682E-07,0,0,0
GJ776,301.393935,-67.32316,2456467.8269301,-2.383293,0.71648,-10483.098013,0.725893,-7.964247,0.529354,-10477.068285,0.425599,-7.944348,0.52945,-11.878565,5.718346,12.260115,1.525245,0.416294,0.000412,0.358614,0.000581,0.485609,0.000753,0,6.751728,42.606351,-0.02487,-10.6,183.4,2456467.82693,4.943023,4.943122,0.051,-9999999,4.656116,1.380553,0.482833,1.373612,0.588036,0.49,300.0007,-11.867192,5.704942,2013-06-24T07:42:35.091,-9999999,G2,091.C-0936(A),Udry,-9999999,HARPS_ech_obs_all,HARPS_ech_obs_wavesimult,STAR_WAVE_G2,7.95367364880041E-06,4.86704382599025E-07,0,0,0
GJ776,301.393935,-67.32316,2456467.8307078,-2.452837,0.740059,-10483.733471,0.741618,-8.035066,0.560854,-10477.710838,0.451895,-8.045531,0.560958,-2.918783,5.872106,10.321772,1.314124,0.41606,0.000438,0.358828,0.000619,0.484052,0.000801,0,6.751044,42.629088,-0.026757,-10.6,172.1,2456467.8307,4.938193,4.938296,0.193,-9999999,4.656121,1.379279,0.482836,1.366512,0.588038,0.47,299.9998,-2.90452,5.859248,2013-06-24T07:48:07.481,-9999999,G2,091.C-0936(A),Udry,-9999999,HARPS_ech_obs_all,HARPS_ech_obs_wavesimult,STAR_WAVE_G2,6.66215174963307E-06,4.31624666665794E-07,0,0,0
GJ776,301.393935,-67.32316,2456473.8608466,1.029648,0.940778,-10480.260177,1.050861,-6.716726,0.500231,-10476.213652,0.402521,-6.658474,0.500193,-12.958525,6.281031,8.575474,1.465395,0.41452,0.000386,0.356464,0.000542,0.490207,0.000701,0,6.750322,42.63013,-0.026026,-10.6,195.3,2456473.86084,2.856224,2.856334,-0.234,-9999999,4.664075,-0.784867,0.796764,-0.61755,0.970714,0.49,300.0012,-12.94454,6.272454,2013-06-30T08:31:18.579,-9999999,G2,091.C-0936(A),Udry,-9999999,HARPS_ech_obs_all,HARPS_ech_obs_wavesimult,STAR_WAVE_G2,7.73361001208452E-06,4.62599699824614E-07,0,0,0
GJ776,301.393935,-67.32316,2456473.8648308,0.639339,0.933836,-10480.696573,1.046065,-7.108379,0.487046,-10476.657531,0.389824,-7.072165,0.487001,-3.734297,5.872219,6.939951,1.515186,0.415006,0.000375,0.356304,0.000525,0.491811,0.00068,0,6.751868,42.654619,-0.026101,-10.6,201.7,2456473.86482,2.851644,2.851756,0.08,-9999999,4.66408,-0.786211,0.796766,-0.625038,0.970716,0.53,300.001,-3.709629,5.862399,2013-06-30T08:36:50.809,-9999999,G2,091.C-0936(A),Udry,-9999999,HARPS_ech_obs_all,HARPS_ech_obs_wavesimult,STAR_WAVE_G2,7.95396549490835E-06,3.94748973824641E-07,0,0,0
GJ776,301.393935,-67.32316,2456473.8686038,0.55461,0.952472,-10481.430378,1.057674,-7.194381,0.521886,-10477.398422,0.419979,-7.161186,0.521977,-7.862485,5.895065,11.508514,1.766505,0.415139,0.000408,0.355497,0.00057,0.491641,0.000738,0,6.753178,42.621614,-0.029196,-10.6,185.7,2456473.86859,2.847361,2.847472,0.246,-9999999,4.664085,-0.787484,0.796767,-0.632129,0.970718,0.51,300.0006,-7.847896,5.886306,2013-06-30T08:42:22.789,-9999999,G2,091.C-0936(A),Udry,-9999999,HARPS_ech_obs_all,HARPS_ech_obs_wavesimult,STAR_WAVE_G2,8.71403927906596E-06,4.70427768712946E-07,0,0,0
GJ776,301.393935,-67.32316,2456480.7765579,-4.256471,0.816825,-10484.938103,0.863743,-8.866126,0.47584,-10477.962088,0.382937,-8.85369,0.475839,-3.393733,5.337829,11.573358,1.363584,0.415714,0.000372,0.355461,0.000522,0.494689,0.000679,0,6.754557,42.614321,-0.023192,-10.6,202.9,2456480.77655,0.524368,0.524486,0.171,-9999999,4.673196,2.351852,0.663912,2.302819,0.774217,0.48,450.0309,-3.368014,5.319587,2013-07-07T06:28:43.520,-9999999,G2,091.C-0936(A),Udry,-9999999,HARPS_ech_obs_all,HARPS_ech_obs_wavesimult,STAR_WAVE_G2,6.6879266977515E-06,4.29031170248469E-07,0,0,0
GJ776,301.393935,-67.32316,2456480.7822918,-5.118579,0.798322,-10486.408748,0.852274,-9.730168,0.443325,-10479.443503,0.356311,-9.704176,0.443262,-2.824424,4.914507,12.173196,1.384139,0.416868,0.000345,0.356286,0.000483,0.495501,0.000628,0,6.755387,42.612593,-0.024495,-10.6,219.5,2456480.78228,0.516832,0.516949,0.417,-9999999,4.673203,2.349918,0.663913,2.292042,0.774218,0.51,450.0313,-2.80833,4.890888,2013-07-07T06:36:45.429,-9999999,G2,091.C-0936(A),Udry,-9999999,HARPS_ech_obs_all,HARPS_ech_obs_wavesimult,STAR_WAVE_G2,8.68589367104206E-06,4.26317297492604E-07,0,0,0
GJ776,301.393935,-67.32316,2456481.6315101,-4.359348,0.95399,-10485.519472,1.015099,-9.980851,0.585462,-10479.243238,0.470693,-9.959724,0.585456,-3.569061,5.695155,12.406361,1.7556,0.416363,0.000461,0.357853,0.000654,0.494631,0.000847,0,6.756772,42.612326,-0.026797,-10.6,162.9,2456481.63151,0.358613,0.35872,0,-9999999,4.674323,1.340004,0.753214,1.601911,0.899374,0.5,450.0007,-3.550267,5.673937,2013-07-08T02:59:42.312,-9999999,G2,091.C-0936(A),Udry,-9999999,HARPS_ech_obs_all,HARPS_ech_obs_wavesimult,STAR_WAVE_G2,7.93224615015638E-06,5.22840373356275E-07,0,0,0
GJ776,301.393935,-67.32316,2456481.6372003,-4.063344,0.959786,-10485.791974,1.018202,-9.686767,0.594862,-10479.526427,0.477351,-9.653202,0.594798,-7.483893,5.908697,10.597219,1.568534,0.415158,0.000467,0.356984,0.000662,0.493562,0.000858,0,6.753539,42.613472,-0.026767,-10.6,160.4,2456481.63719,0.352284,0.352402,-0.193,-9999999,4.674331,1.338085,0.753213,1.591216,0.899373,0.52,450.0012,-7.458376,5.888553,2013-07-08T03:07:44.941,-9999999,G2,091.C-0936(A),Udry,-9999999,HARPS_ech_obs_all,HARPS_ech_obs_wavesimult,STAR_WAVE_G2,7.68973364899166E-06,4.52498303303129E-07,0,0,0
GJ776,301.393935,-67.32316,2456501.59993,2.097381,0.912942,-10479.692628,0.892219,-3.672021,0.315888,-10472.821389,0.244664,-3.64983,0.31586,-15.560436,4.496362,13.692011,1.034437,0.415137,0.000235,0.348791,0.000325,0.498755,0.000436,0,6.754822,42.588201,-0.024741,-10.6,319.7,2456501.59993,-6.459708,-6.459614,0.997,-9999999,4.70066,1.192105,0.85655,2.170579,0.858018,0.52,900.0008,-15.556554,4.507316,2013-07-28T02:10:29.067,-9999999,G2,091.C-0936(A),Udry,-9999999,HARPS_ech_obs_all,HARPS_ech_obs_wavesimult,STAR_WAVE_G2,8.74421250777714E-06,3.33338011925611E-07,0,0,0
GJ776,301.393935,-67.32316,2456523.7443235,-1.835371,0.90378,-10481.805314,1.005473,-7.879561,0.28837,-10476.503679,0.220022,-7.872654,0.288422,-6.78049,4.657165,8.705245,0.900892,0.41568,0.000207,0.354883,0.000291,0.494734,0.000381,0,6.751876,42.602212,-0.025807,-10.6,362.9,2456523.74432,-13.363913,-13.36385,0,-9999999,4.729866,0.917317,0.85654,0.571769,0.981104,0.49,900.0003,-6.751522,4.640709,2013-08-19T05:39:55.608,-9999999,G2,091.C-0936(A),Udry,-9999999,HARPS_ech_obs_all,HARPS_ech_obs_thosimult,STAR_WAVE_G2,7.68282305741505E-06,2.74102665270994E-07,0,0,0
GJ776,301.393935,-67.32316,2456524.6912788,-0.714118,0.793367,-10481.420724,0.611537,-7.056611,0.34525,-10475.914483,0.272033,-7.03893,0.345334,1.773462,4.79539,3.927722,0.960809,0.414799,0.000255,0.362446,0.000359,0.49601,0.00047,0,6.747555,42.63071,-0.02532,-10.6,294.6,2456524.69128,-13.574276,-13.57422,0,-9999999,4.731115,0.619014,0.714306,0.775126,0.547701,0.52,450.0009,1.794899,4.783703,2013-08-20T04:27:03.198,-9999999,G2,091.C-0936(A),Udry,-9999999,HARPS_ech_obs_all,HARPS_ech_obs_thosimult,STAR_WAVE_G2,8.34278585908805E-06,3.61677762942433E-07,0,0,0
GJ776,301.393935,-67.32316,2456524.6967037,-1.267739,0.796817,-10481.98771,0.613803,-7.612062,0.353106,-10476.491657,0.277089,-7.588992,0.353199,-1.944815,4.201579,5.86444,1.01805,0.414806,0.000261,0.361996,0.000367,0.495521,0.00048,0,6.749458,42.616798,-0.024517,-10.6,288.2,2456524.69669,-13.580571,-13.580503,0,-9999999,4.731123,0.617184,0.714306,0.76493,0.5477,0.49,450.0005,-1.938886,4.18407,2013-08-20T04:35:05.428,-9999999,G2,091.C-0936(A),Udry,-9999999,HARPS_ech_obs_all,HARPS_ech_obs_thosimult,STAR_WAVE_G2,8.99362677105193E-06,3.06121909734414E-07,0,0,0
GJ776,301.393935,-67.32316,2456525.7437512,-1.507929,0.650649,-10482.538915,0.595261,-6.767699,0.316376,-10476.414898,0.247183,-6.752272,0.316381,-9.263401,4.756961,9.557424,1.0174,0.415244,0.000236,0.354807,0.000332,0.486135,0.000435,0,6.754357,42.620564,-0.025823,-10.6,318.8,2456525.74374,-13.895672,-13.895611,-0.164,-9999999,4.732503,1.701737,0.568551,1.391514,0.541513,0.51,900.0008,-9.242679,4.747669,2013-08-21T05:38:55.955,-9999999,G2,091.C-0936(A),Udry,-9999999,HARPS_ech_obs_all,HARPS_ech_obs_wavesimult,STAR_WAVE_G2,6.73696480117377E-06,2.63058517825342E-07,0,0,0
GJ776,301.393935,-67.32316,2456569.5340643,-2.372113,0.99892,-10482.589769,1.062677,-8.458743,0.513929,-10476.602904,0.408224,-8.461414,0.513987,-2.74095,5.24082,11.38016,1.748112,0.415351,0.000392,0.358243,0.000558,0.481883,0.000724,0,6.756517,42.607698,-0.026502,-10.6,191.1,2456569.53406,-20.757764,-20.757756,0.396,-9999999,4.790259,0.874877,0.856573,1.196606,0.98114,0.48,300.0008,-2.721459,5.226444,2013-10-04T00:46:02.219,-9999999,G2,192.C-0852(A),Udry,-9999999,HARPS_ech_obs_all,HARPS_ech_obs_wavesimult,STAR_WAVE_G2,7.09768630629874E-06,5.37546243339163E-07,0,0,0
GJ776,301.393935,-67.32316,2456585.5646682,0.963932,0.944608,-10479.180969,1.035054,-4.959108,0.41522,-10473.257867,0.329736,-4.937272,0.415278,-5.769761,5.096032,6.019777,1.564338,0.414394,0.000316,0.356538,0.000443,0.493052,0.000576,0,6.750921,42.624518,-0.024318,-10.6,240.4,2456585.56466,-20.609441,-20.609465,-0.508,-9999999,4.811402,1.038467,0.848455,1.1117,0.981127,0.5,300.0012,-5.755256,5.093249,2013-10-20T01:31:36.254,-9999999,G2,192.C-0852(A),Udry,-9999999,HARPS_ech_obs_all,HARPS_ech_obs_wavesimult,STAR_WAVE_G2,6.31720325355343E-06,3.88026146269681E-07,0,0,0
GJ776,301.393935,-67.32316,2456585.5684773,0.203144,0.939582,-10480.378726,1.031896,-5.721181,0.403659,-10474.462778,0.319689,-5.710725,0.403709,-3.978723,5.900848,3.899247,1.535718,0.414674,0.000308,0.356936,0.00043,0.491953,0.000559,0,6.746976,42.634146,-0.025605,-10.6,247.7,2456585.56847,-20.612072,-20.612088,-0.718,-9999999,4.811407,1.037182,0.848454,1.104541,0.981126,0.49,300.001,-3.965953,5.893826,2013-10-20T01:37:08.384,-9999999,G2,192.C-0852(A),Udry,-9999999,HARPS_ech_obs_all,HARPS_ech_obs_wavesimult,STAR_WAVE_G2,8.69887467903084E-06,4.05061518501586E-07,0,0,0
GJ776,301.393935,-67.32316,2456585.5723587,0.712489,0.942917,-10480.127655,1.033876,-5.213145,0.411365,-10474.218998,0.32603,-5.215061,0.411404,-2.119024,5.14903,4.972327,1.388757,0.414152,0.00031,0.356997,0.000436,0.493632,0.000567,0,6.750113,42.633798,-0.026301,-10.6,244.4,2456585.57235,-20.614693,-20.614706,-0.525,-9999999,4.811412,1.035873,0.848452,1.097245,0.981124,0.5,300.0011,-2.110777,5.144105,2013-10-20T01:42:40.764,-9999999,G2,192.C-0852(A),Udry,-9999999,HARPS_ech_obs_all,HARPS_ech_obs_wavesimult,STAR_WAVE_G2,8.68286861593474E-06,4.20709518321955E-07,0,0,0
GJ776,301.393935,-67.32316,2456586.5476951,0.11885,0.654702,-10480.530046,0.809385,-5.928132,0.445865,-10474.54862,0.356906,-5.906786,0.445821,-5.479918,5.379714,6.217743,1.266159,0.414048,0.000335,0.355602,0.000475,0.494518,0.00062,0,6.750876,42.630664,-0.022977,-10.6,224,2456586.54769,-20.535039,-20.535058,0.188,-9999999,4.812698,0.914526,0.479416,1.168728,0.726445,0.49,300.0007,-5.462582,5.376009,2013-10-21T01:07:18.580,-9999999,G2,192.C-0852(A),Udry,-9999999,HARPS_ech_obs_all,HARPS_ech_obs_wavesimult,STAR_WAVE_G2,7.51848586551041E-06,4.9447883376687E-07,0,0,0
GJ776,301.393935,-67.32316,2456586.5515384,0.280702,0.674886,-10480.806779,0.820122,-5.767576,0.47501,-10474.832572,0.380633,-5.762666,0.47508,5.001197,5.648002,5.229618,1.475584,0.414494,0.00036,0.355029,0.00051,0.494731,0.000667,0,6.750104,42.635725,-0.024816,-10.6,208.6,2456586.55153,-20.53788,-20.537899,0.252,-9999999,4.812703,0.913229,0.479413,1.161504,0.726443,0.49,300.0006,5.030074,5.644408,2013-10-21T01:12:50.670,-9999999,G2,192.C-0852(A),Udry,-9999999,HARPS_ech_obs_all,HARPS_ech_obs_wavesimult,STAR_WAVE_G2,7.60673181896388E-06,4.43527352406512E-07,0,0,0
GJ776,301.393935,-67.32316,2456586.5554474,-0.699933,0.68713,-10481.542892,0.826584,-6.749529,0.492253,-10475.576026,0.394366,-6.725849,0.492327,-8.213036,5.360397,5.65042,1.779544,0.414631,0.000375,0.356183,0.000532,0.493291,0.000692,0,6.748201,42.638075,-0.025499,-10.6,200.5,2456586.55544,-20.540714,-20.540736,0.32,-9999999,4.812709,0.911911,0.479411,1.154157,0.726441,0.51,300.0011,-8.190048,5.354242,2013-10-21T01:18:22.430,-9999999,G2,192.C-0852(A),Udry,-9999999,HARPS_ech_obs_all,HARPS_ech_obs_wavesimult,STAR_WAVE_G2,7.99794391611438E-06,4.56045480119739E-07,0,0,0
GJ776,301.393935,-67.32316,2456590.5109658,2.09872,0.928106,-10477.893762,0.93549,-4.765059,0.643111,-10473.495198,0.516134,-4.745287,0.643187,10.585963,6.312819,2.950668,1.758551,0.414327,0.000509,0.363675,0.000718,0.49246,0.000935,0,6.753078,42.643093,-0.024189,-10.6,148.6,2456590.51096,-20.199764,-20.199791,0.131,-9999999,4.817926,0.097728,0.669171,-0.419362,0.780223,0.49,300.0012,10.614453,6.312177,2013-10-25T00:14:48.359,-9999999,G2,192.C-0852(A),Udry,-9999999,HARPS_ech_obs_all,HARPS_ech_obs_wavesimult,STAR_WAVE_G2,1.0219752284929E-05,5.15774718994446E-07,0,0,0
GJ776,301.393935,-67.32316,2456590.5149468,3.331689,0.977301,-10476.300727,0.965737,-3.533433,0.712272,-10471.909641,0.569127,-3.499844,0.71229,0.464287,7.039665,2.199899,1.582455,0.415146,0.000564,0.363734,0.000795,0.494611,0.001038,0,6.74711,42.655811,-0.026805,-10.6,134.4,2456590.51494,-20.202934,-20.202962,0.121,-9999999,4.817931,0.096385,0.669168,-0.426845,0.78022,0.53,300.0008,0.494042,7.043397,2013-10-25T00:20:20.339,-9999999,G2,192.C-0852(A),Udry,-9999999,HARPS_ech_obs_all,HARPS_ech_obs_wavesimult,STAR_WAVE_G2,8.27381528220835E-06,6.79471975998099E-07,0,0,0
GJ776,301.393935,-67.32316,2456590.5186209,2.631159,0.904715,-10477.115008,0.920034,-4.235202,0.608873,-10472.730822,0.487568,-4.211511,0.60888,2.572063,5.640953,2.432911,1.691361,0.414096,0.000477,0.363913,0.000673,0.494222,0.000878,0,6.747511,42.663085,-0.028066,-10.6,158.4,2456590.51861,-20.20582,-20.205846,0.553,-9999999,4.817936,0.095146,0.669166,-0.43375,0.780218,0.48,300.001,2.609782,5.644731,2013-10-25T00:25:52.799,-9999999,G2,192.C-0852(A),Udry,-9999999,HARPS_ech_obs_all,HARPS_ech_obs_wavesimult,STAR_WAVE_G2,8.99279715893972E-06,5.02575076390485E-07,0,0,0
GJ776,301.393935,-67.32316,2456765.9177908,-1.841649,0.667637,-10482.866225,0.621431,-9.180464,0.353357,-10478.736988,0.275685,-9.155264,0.353276,-0.242169,4.386029,10.461174,1.193411,0.414717,0.000263,0.357726,0.000367,0.48674,0.000477,0,6.752196,42.624784,-0.025232,-10.6,289.8,2456765.91779,20.409712,20.409714,0,-9999999,5.049271,-0.377307,0.566461,-0.920034,0.556933,0.51,419.9998,-0.225087,4.361962,2014-04-18T09:56:52.987,-9999999,G2,192.C-0852(A),Udry,-9999999,HARPS_ech_obs_all,HARPS_ech_obs_wavesimult,STAR_WAVE_G2,7.42068846556842E-06,4.20066292121857E-07,0,0,0
GJ776,301.393935,-67.32316,2456765.9230214,-2.487181,0.668912,-10483.475446,0.622528,-9.82776,0.355754,-10479.356033,0.278138,-9.777748,0.355654,-4.997035,4.023571,10.111416,1.207601,0.417548,0.000264,0.358809,0.00037,0.486563,0.000479,0,6.750138,42.622872,-0.025375,-10.6,288.4,2456765.92302,20.404359,20.404362,0,-9999999,5.049278,-0.379072,0.566465,-0.929865,0.556939,0.51,420.0012,-4.981538,3.993,2014-04-18T10:04:24.875,-9999999,G2,192.C-0852(A),Udry,-9999999,HARPS_ech_obs_all,HARPS_ech_obs_wavesimult,STAR_WAVE_G2,7.32075400714118E-06,3.65973300062093E-07,0,0,0
GJ776,301.393935,-67.32316,2456789.8541467,3.744311,0.665652,-10477.1991,0.632927,-2.384915,0.383826,-10471.510093,0.302679,-2.353359,0.383837,-3.865687,3.2985,12.956294,1.115719,0.416102,0.000292,0.356549,0.000407,0.486236,0.000529,0,6.754655,42.610975,-0.027341,-10.6,260.6,2456789.85414,17.12848,17.128554,0,-9999999,5.080841,0.832282,0.543848,0.608166,0.555862,0.5,450.0012,-3.881944,3.318871,2014-05-12T08:22:52.332,-9999999,G2,192.C-0852(A),Udry,-9999999,HARPS_ech_obs_all,HARPS_ech_obs_wavesimult,STAR_WAVE_G2,7.99088778493012E-06,3.55160857117325E-07,0,0,0
GJ776,301.393935,-67.32316,2456789.8597278,3.598587,0.672222,-10477.318168,0.637815,-2.532521,0.395105,-10471.639644,0.312763,-2.51445,0.39503,-3.065094,3.989522,12.323557,1.246549,0.41326,0.000303,0.357577,0.000423,0.485532,0.000548,0,6.754126,42.606341,-0.026774,-10.6,251.3,2456789.85972,17.122035,17.122115,0,-9999999,5.080848,0.830399,0.543851,0.597676,0.555866,0.5,450.0016,-3.079206,4.005484,2014-05-12T08:30:54.512,-9999999,G2,192.C-0852(A),Udry,-9999999,HARPS_ech_obs_all,HARPS_ech_obs_wavesimult,STAR_WAVE_G2,7.79781796877463E-06,3.40941310070897E-07,0,0,0
GJ776,301.393935,-67.32316,2456806.8901863,-2.944449,0.62947,-10484.657786,0.760861,-8.184456,0.412472,-10477.804101,0.326606,-8.134818,0.412474,-3.991631,4.384459,11.083856,1.422397,0.418429,0.000313,0.35513,0.000439,0.495538,0.00057,0,6.753452,42.599022,-0.027483,-10.6,241.4,2456806.89018,13.027003,13.02711,0.076,-9999999,5.10331,1.721501,0.475499,1.750375,0.687196,0.48,900.0011,-3.992136,4.366702,2014-05-29T09:10:04.624,-9999999,G2,192.C-0852(A),Udry,-9999999,HARPS_ech_obs_all,HARPS_ech_obs_thosimult,STAR_WAVE_G2,7.78028010220335E-06,3.87097179331832E-07,0,0,0
GJ776,301.393935,-67.32316,2456829.8933646,-0.146808,0.728757,-10480.904386,0.644923,-6.239114,0.280377,-10475.366093,0.211595,-6.211533,0.280287,-8.513444,3.598484,6.312782,1.019213,0.41588,0.0002,0.357278,0.00028,0.495396,0.000364,0,6.751251,42.649506,-0.02844,-10.6,378.2,2456829.89336,5.960205,5.960314,0.597,-9999999,5.133649,0.869201,0.672663,0.404644,0.609223,0.47,900.0005,-8.494277,3.596375,2014-06-21T09:13:44.133,-9999999,G2,192.C-0852(A),Udry,-9999999,HARPS_ech_obs_all,HARPS_ech_obs_wavesimult,STAR_WAVE_G2,6.7811302592707E-06,2.71475101320929E-07,0,0,0
GJ776,301.393935,-67.32316,2456857.7487125,0.823239,0.797983,-10480.39911,0.790349,-5.542279,0.440856,-10474.215387,0.353191,-5.531113,0.440817,-15.556694,3.971143,7.832618,1.340168,0.411798,0.00035,0.353064,0.000483,0.49298,0.000629,0,6.749653,42.610979,-0.02537,-10.6,218.7,2456857.7487,-3.519889,-3.519761,0.49,-9999999,5.170388,0.595989,0.665149,1.013335,0.707042,0.51,450.001,-15.555285,3.97207,2014-07-19T05:48:29.247,-9999999,G2,Udry,Udry,-9999999,HARPS_ech_obs_all,HARPS_ech_obs_thosimult,STAR_WAVE_G2,8.48419900794419E-06,3.97938762900352E-07,0,0,0
GJ776,301.393935,-67.32316,2456857.7544403,1.747952,0.792534,-10479.811192,0.786832,-4.619498,0.430913,-10473.638228,0.345245,-4.617997,0.430992,-19.329876,4.520614,8.632863,1.339215,0.41247,0.000344,0.354816,0.000474,0.493519,0.000616,0,6.750983,42.609155,-0.026514,-10.6,223.8,2456857.75443,-3.527352,-3.527221,0.475,-9999999,5.170395,0.594057,0.66515,1.002569,0.707043,0.54,450.0008,-19.312804,4.527402,2014-07-19T05:56:30.637,-9999999,G2,Udry,Udry,-9999999,HARPS_ech_obs_all,HARPS_ech_obs_thosimult,STAR_WAVE_G2,8.5052954751554E-06,4.6435772935869E-07,0,0,0
GJ776,301.393935,-67.32316,2456866.7846318,-4.962422,0.937297,-10486.447014,0.884232,-10.865222,0.380597,-10479.781302,0.2865,-10.871089,0.380612,-9.248323,4.052904,4.033573,1.260091,0.41473,0.000236,0.340507,0.000343,0.498516,0.00046,0,6.748726,42.65126,-0.028726,-10.6,300.9,2456866.78463,-6.625155,-6.62505,0.647,-9999999,5.182305,1.058707,0.856547,1.483407,0.836531,0.56,900.0008,-9.229102,4.022757,2014-07-28T06:35:51.243,-9999999,G2,192.C-0852(A),Udry,-9999999,HARPS_ech_obs_all,HARPS_ech_obs_wavesimult,STAR_WAVE_G2,6.43100036185714E-06,4.21453353792351E-07,0,0,0
GJ776,301.393935,-67.32316,2456896.727943,-2.610011,0.653939,-10482.263618,1.015273,-8.425174,0.502259,-10476.378857,0.403061,-8.404509,0.50226,-3.943249,4.935491,9.115063,1.504844,0.414701,0.000392,0.364337,0.000552,0.486428,0.000721,0,6.755871,42.620431,-0.025464,-10.6,192.6,2456896.72794,-15.350155,-15.350099,-0.21,-9999999,5.221798,1.146344,0.418774,0.662963,0.931838,0.49,450.001,-3.943472,4.919174,2014-08-27T05:20:32.717,-9999999,G2,192.C-0852(A),Udry,-9999999,HARPS_ech_obs_all,HARPS_ech_obs_wavesimult,STAR_WAVE_G2,7.93212713582736E-06,4.1938431206387E-07,0,0,0
GJ776,301.393935,-67.32316,2456896.7332908,-1.313667,0.744022,-10481.749913,1.053883,-7.130634,0.614977,-10475.875196,0.492288,-7.131002,0.614941,-2.752081,6.110715,10.832156,1.514451,0.41407,0.000479,0.364523,0.000679,0.487487,0.000888,0,6.755155,42.621539,-0.023351,-10.6,156.8,2456896.73329,-15.355181,-15.355123,-0.182,-9999999,5.221805,1.14454,0.418775,0.652912,0.931838,0.44,450.0015,-2.75226,6.101864,2014-08-27T05:28:37.288,-9999999,G2,192.C-0852(A),Udry,-9999999,HARPS_ech_obs_all,HARPS_ech_obs_wavesimult,STAR_WAVE_G2,7.60486837205603E-06,5.45886864009202E-07,0,0,0
GJ776,301.393935,-67.32316,2457146.9198983,0.260165,0.803106,-10480.707573,1.003779,-6.968936,0.282174,-10475.894297,0.21185,-6.929224,0.282092,-4.855043,3.488537,13.159315,1.069026,0.417287,0.000202,0.364216,0.00028,0.493801,0.000364,0,6.757077,42.616997,-0.025876,-10.6,377.3,2457146.91989,18.549936,18.550001,-0.024,-9999999,5.551778,-0.267594,0.751902,-0.738502,0.981168,0.51,900.0009,-4.872275,3.477459,2015-05-04T09:54:21.830,-9999999,G2,192.C-0852(A),Udry,-9999999,HARPS_ech_obs_all,HARPS_ech_obs_wavesimult,STAR_WAVE_G2,7.94942152637209E-06,2.43043637410395E-07,0,0,0
GJ776,301.393935,-67.32316,2457176.8445002,-0.095632,1.150176,-10467.846619,1.358699,-10.054266,0.216444,-10464.313,0.190181,1.920853,0.263531,1.193205,7.667132,24.803229,3.751709,0.418952,0.000204,0.365534,0.000264,0.483498,0.00034,0,6.764693,42.529617,-0.013102,-10.6,398.3,2457176.8445,11.737339,11.737439,0,-9999999,5.591246,-1.206324,1.129627,-2.057627,1.345323,0.54,899.9983,1.173052,7.709548,2015-06-03T08:03:07.008,-9999999,G2,192.C-0852(A),Udry,-9999999,HARPS_ech_obs_all,HARPS_ech_obs_wavesimult,STAR_WAVE_G2,8.33371704510144E-06,2.40742958043799E-07,0,0,0
GJ776,301.393935,-67.32316,2457180.9505371,-6.496247,1.185743,-10472.398677,0.518681,-15.03319,0.275866,-10468.71339,0.239948,-2.504051,0.316635,4.546465,8.714724,27.724245,4.048341,0.417305,0.000242,0.359576,0.00032,0.490282,0.000409,0,6.764602,42.516588,-0.012827,-10.6,328.3,2457180.95053,10.437113,10.437227,0.416,-9999999,5.596661,0.215366,1.153206,-1.911374,0.459842,0.52,449.9984,4.572678,8.726755,2015-06-07T10:39:47.399,-9999999,G2,192.C-0852(A),Udry,-9999999,HARPS_ech_obs_all,HARPS_ech_obs_wavesimult,STAR_WAVE_G2,6.95037856862905E-06,3.58224336054307E-07,0,0,0
GJ776,301.393935,-67.32316,2457180.9560599,-7.207543,1.189551,-10473.585179,0.524238,-15.734326,0.291763,-10469.899714,0.251672,-3.512459,0.330723,4.850324,8.163096,30.035703,4.03838,0.417108,0.000246,0.359532,0.000329,0.490555,0.000421,0,6.767474,42.493844,-0.012819,-10.6,318.7,2457180.95605,10.431604,10.431714,0.258,-9999999,5.596669,0.225526,1.153216,-1.911204,0.459877,0.51,449.9984,4.828348,8.172626,2015-06-07T10:47:49.055,-9999999,G2,192.C-0852(A),Udry,-9999999,HARPS_ech_obs_all,HARPS_ech_obs_wavesimult,STAR_WAVE_G2,7.72909998690295E-06,3.07569165706412E-07,0,0,0
GJ776,301.393935,-67.32316,2457257.7081442,2.951021,0.863489,-10465.20049,0.833922,-6.38074,0.438349,-10458.156667,0.371272,6.5811,0.464,3.835777,8.501575,37.160236,4.257751,0.418338,0.000368,0.354436,0.000501,0.495665,0.000653,0,6.774685,42.460745,-0.007074,-10.6,209.8,2457257.70814,-14.266425,-14.266343,0,-9999999,5.697898,-0.579451,0.743951,1.345925,0.746714,0.49,449.9983,3.846698,8.538595,2015-08-23T04:51:44.502,-9999999,G2,192.C-0852(A),Udry,-9999999,HARPS_ech_obs_all,HARPS_ech_obs_wavesimult,STAR_WAVE_G2,8.07277227214638E-06,4.68820168110194E-07,0,0,0
GJ776,301.393935,-67.32316,2457257.7138217,3.148997,0.881856,-10465.352874,0.846626,-6.172319,0.473503,-10458.308869,0.398989,7.216482,0.498447,-5.237604,8.387081,36.545052,4.619399,0.418776,0.000397,0.354532,0.000541,0.494441,0.000703,0,6.774257,42.467114,-0.012237,-10.6,194.5,2457257.71382,-14.272552,-14.272461,0,-9999999,5.697905,-0.569007,0.743952,1.3461,0.746715,0.51,449.9983,-5.211522,8.421427,2015-08-23T04:59:46.062,-9999999,G2,192.C-0852(A),Udry,-9999999,HARPS_ech_obs_all,HARPS_ech_obs_wavesimult,STAR_WAVE_G2,-9999999,-9999999,-9999999,-9999999,-9999999
GJ776,301.393935,-67.32316,2457307.5237082,-1.069105,0.550603,-10468.829814,0.59079,-8.139461,0.25587,-10461.028808,0.224061,4.507639,0.297708,1.610151,11.128428,26.128166,4.220602,0.417074,0.000219,0.355387,0.000294,0.480098,0.000381,0,6.769475,42.510484,-0.013332,-10.6,358.2,2457307.52371,-20.88003,-20.880059,0.063,-9999999,5.7636,1.681953,0.487539,2.037406,0.546653,0.51,449.9983,1.569343,11.168429,2015-10-12T00:30:27.527,-9999999,G2,192.C-0852(A),Udry,-9999999,HARPS_ech_obs_all,HARPS_ech_obs_thosimult,STAR_WAVE_G2,8.34938772648876E-06,2.71955742200876E-07,0,0,0
GJ776,301.393935,-67.32316,2457307.5291158,-1.052221,0.555453,-10469.067709,0.59413,-8.112629,0.266177,-10461.266529,0.232771,4.645631,0.306968,-5.61692,11.374364,26.32957,4.129663,0.417498,0.000225,0.355762,0.000303,0.48037,0.000392,0,6.76918,42.509373,-0.013027,-10.6,347.5,2457307.52911,-20.885086,-20.88511,0.092,-9999999,5.763607,1.691901,0.487522,2.037573,0.546633,0.48,449.9983,-5.695181,11.412138,2015-10-12T00:38:28.273,-9999999,G2,192.C-0852(A),Udry,-9999999,HARPS_ech_obs_all,HARPS_ech_obs_thosimult,STAR_WAVE_G2,7.16835307971884E-06,2.89805645707222E-07,0,0,0
GJ776,301.393935,-67.32316,2457675.5887433,3.689856,1.197288,-10462.456583,1.056705,-3.504562,0.241933,-10455.256591,0.209379,9.388691,0.28246,3.455911,12.513907,31.504341,4.019358,0.41631,0.0002,0.354454,0.000276,0.479547,0.000357,0,6.77112,42.451033,-0.009236,-10.6,380.9,2457675.58873,-20.879225,-20.879247,0.832,-9999999,6.249044,1.557892,1.17259,0.950948,1.035754,0.5,899.9983,3.463584,12.542835,2016-10-14T02:00:43.739,-9999999,G2,198.C-0836(A),Diaz,-9999999,HARPS_ech_obs_all,HARPS_ech_obs_wavesimult,STAR_WAVE_G2,8.58662055338368E-06,2.8640752871226E-07,0,0,0
GJ776,301.393935,-67.32316,2457879.8403329,0.161442,0.573965,-10467.166069,0.677473,-11.287859,0.383778,-10463.773417,0.328427,1.202592,0.408303,4.611574,10.920584,33.355077,4.374556,0.414527,0.000334,0.364502,0.000444,0.491657,0.000571,0,6.766799,42.485788,-0.011577,-10.6,236.9,2457879.84033,18.219729,18.219796,0.672,-9999999,6.518433,-2.696991,0.426791,-3.125781,0.592541,0.55,899.9983,4.563104,10.94314,2017-05-06T07:59:00.301,-9999999,G2,198.C-0836(A),Diaz,-9999999,HARPS_ech_obs_all,HARPS_ech_obs_wavesimult,STAR_WAVE_G2,9.1155484780972E-06,2.9320837120166E-07,0,0,0
GJ776,301.393935,-67.32316,2457943.7705866,3.270277,0.7547,-10463.981676,0.7883,-6.609693,0.243783,-10458.140256,0.178967,5.464863,0.248115,0.502797,8.94855,31.578374,4.012286,0.416613,0.000178,0.361393,0.000233,0.483607,0.000304,128,6.775093,42.465247,-0.011998,-10.6,448.6,2457943.77058,-0.168741,-0.168618,0.682,-9999999,6.602751,-1.12766,0.714242,-0.761331,0.767716,0.51,899.9982,0.458369,8.999723,2017-07-09T06:16:06.787,-9999999,G2,198.C-0836(A),Diaz,-9999999,HARPS_ech_obs_all,HARPS_ech_obs_wavesimult,STAR_WAVE_G2,8.00400489292221E-06,2.69026195102318E-07,0,0,0
GJ776,301.393935,-67.32316,2457968.6373645,-0.06995,0.883478,-10468.165556,0.718775,-9.698498,0.344742,-10462.119458,0.30017,2.963833,0.374376,0.051407,12.702912,36.667407,4.098587,0.416114,0.000296,0.355655,0.000397,0.480994,0.000514,0,6.76985,42.450022,-0.011204,-10.6,263.9,2457968.63736,-8.477146,-8.477027,0.695,-9999999,6.635548,-0.876239,0.813441,-0.58945,0.653097,0.51,899.9982,0.037458,12.726085,2017-08-03T03:04:47.805,-9999999,G2,198.C-0836(A),Diaz,-9999999,HARPS_ech_obs_all,HARPS_ech_obs_wavesimult,STAR_WAVE_G2,9.89372656496757E-06,3.16005342200406E-07,0,0,0
