target,ra,dec,BJD,RV_mlc_nzp,e_RV_mlc_nzp,RV_drs_nzp,e_RV_drs_nzp,RV_mlc,e_RV_mlc,RV_drs,e_RV_drs,RV_mlc_j,e_RV_mlc_j,CRX,e_CRX,dLW,e_dLW,Halpha,e_Halpha,NaD1,e_NaD1,NaD2,e_NaD2,f_RV,FWHM_DRS,CONTRAST_DRS,BIS,RVGUESS,SNR_DRS,BJD_DRS,BERV,BERV_DRS,DRIFT,e_DRIFT,SA,NZP_mlc,dNZP_mlc,NZP_drs,dNZP_drs,TMMEAN,EXPTIME,MLCRX,E_MLCRX,TIMEID,DRIFT_LAMP,MASK,PROGID,PROGPI,AIRMASS,OBHAB,THAR_FP,DPR_TYPE,RHKp,dRHKp,sourceflag,vsinflag,metflag
GJ882,344.365525,20.76525,2456451.8378542,16.829558,0.929943,-33144.491195,1.020143,30.076592,0.362183,-33146.02211,0.279426,30.441115,0.365086,-15.788656,6.53854,-8.990273,3.661622,0.423214,0.00028,0.31048,0.00037,0.413146,0.000474,0,7.354913,48.942727,-0.023846,-33.1,268.3,2456451.83785,26.589584,26.589565,0,-9999999,0,-1.264465,0.856515,-1.530915,0.981128,0.48,420.0008,-15.791952,6.581846,2013-06-08T08:04:03.052,-9999999,G2,091.C-0271(A),NCSantos,-9999999,HARPS_ech_obs_all,HARPS_ech_obs_objAB,STAR_SKY_G2,7.97125796222219E-06,3.70142362615225E-07,0,0,0
GJ882,344.365525,20.76525,2456451.8432341,16.861272,0.927253,-33144.774786,1.018934,30.106616,0.355215,-33146.315812,0.274974,30.342835,0.358157,-12.01199,6.225969,-9.13362,3.6664,0.422734,0.000274,0.311243,0.000364,0.413364,0.000465,0,7.353996,48.951839,-0.023604,-33.1,273.5,2456451.84323,26.579405,26.579387,0,-9999999,0,-1.266155,0.856517,-1.541026,0.98113,0.51,420.0016,-12.003064,6.262811,2013-06-08T08:11:35.239,-9999999,G2,091.C-0271(A),NCSantos,-9999999,HARPS_ech_obs_all,HARPS_ech_obs_objAB,STAR_SKY_G2,7.01914309349598E-06,4.08476523047261E-07,0,0,0
GJ882,344.365525,20.76525,2456451.8489914,16.094632,0.909322,-33145.287335,1.008039,29.338167,0.305356,-33146.839181,0.231346,29.680927,0.309829,-17.524702,5.83549,-8.375387,3.686309,0.42265,0.00023,0.310394,0.000304,0.413147,0.000389,0,7.356741,48.946094,-0.022615,-33.1,326.1,2456451.84898,26.568237,26.568237,0,-9999999,0.000001,-1.267964,0.856519,-1.551847,0.981132,0.5,520.0013,-17.523175,5.869074,2013-06-08T08:19:06.826,-9999999,G2,091.C-0271(A),NCSantos,-9999999,HARPS_ech_obs_all,HARPS_ech_obs_objAB,STAR_SKY_G2,5.55370094450055E-06,3.45939185663723E-07,0,0,0
GJ882,344.365525,20.76525,2456468.7885389,19.722678,0.687387,-33141.521165,0.918596,33.80584,0.326111,-33141.991051,0.258667,34.010284,0.331941,-9.337417,6.800818,-13.287714,3.641296,0.421611,0.000278,0.309579,0.000355,0.420513,0.000454,0,7.350885,48.967109,-0.023775,-33.1,279.1,2456468.78853,26.401345,26.401387,0,-9999999,0.000774,-0.428337,0.605106,-0.47066,0.881425,0.53,450.0004,-9.329418,6.832358,2013-06-25T06:50:16.144,-9999999,G2,091.C-0271(A),NCSantos,-9999999,HARPS_ech_obs_all,HARPS_ech_obs_objAB,STAR_SKY_G2,6.71594819199477E-06,3.28084730973033E-07,0,0,0
GJ882,344.365525,20.76525,2456468.7959812,19.064689,0.661798,-33142.906691,0.905122,33.145513,0.267993,-33143.390564,0.205746,33.446784,0.276681,-10.914536,6.160883,-15.307942,3.553623,0.422865,0.000221,0.308979,0.000282,0.419457,0.00036,0,7.352438,48.980856,-0.024334,-33.1,351.1,2456468.79597,26.386556,26.386592,0,-9999999,0.000774,-0.430675,0.605108,-0.484647,0.881427,0.5,600.0012,-10.905442,6.192548,2013-06-25T06:59:57.608,-9999999,G2,091.C-0271(A),NCSantos,-9999999,HARPS_ech_obs_all,HARPS_ech_obs_objAB,STAR_SKY_G2,7.02377827164306E-06,3.0704820869212E-07,0,0,0
GJ882,344.365525,20.76525,2456468.8037955,20.289806,0.713291,-33141.370145,0.93073,34.368175,0.377657,-33141.868706,0.298897,34.454654,0.381814,-3.164421,6.523707,-11.104527,3.702178,0.422528,0.000302,0.309783,0.000397,0.420427,0.000506,0,7.353176,48.950532,-0.023003,-33.1,249.4,2456468.80379,26.370508,26.370543,0,-9999999,0.000774,-0.43313,0.605111,-0.499335,0.88143,0.47,550.0012,-3.154455,6.553444,2013-06-25T07:11:54.202,-9999999,G2,091.C-0271(A),NCSantos,-9999999,HARPS_ech_obs_all,HARPS_ech_obs_objAB,STAR_SKY_G2,5.62214474696813E-06,4.4654143693036E-07,0,0,0
GJ882,344.365525,20.76525,2456468.8125266,21.228109,0.774449,-33140.407861,0.963773,35.303736,0.483329,-33140.922831,0.389789,35.529255,0.484724,-3.462464,7.000066,-10.187489,3.86132,0.422224,0.000399,0.308107,0.000522,0.421,0.000669,0,7.351204,48.946446,-0.021379,-33.1,189.5,2456468.81253,26.351992,26.35201,0,-9999999,0.000775,-0.435872,0.605115,-0.515745,0.881433,0.6,600.0005,-3.4535,7.034636,2013-06-25T07:22:47.001,-9999999,G2,091.C-0271(A),NCSantos,-9999999,HARPS_ech_obs_all,HARPS_ech_obs_objAB,STAR_SKY_G2,6.1706025644598E-06,4.11009770705704E-07,0,0,0
GJ882,344.365525,20.76525,2456468.9151564,30.90847,0.66927,-33130.642632,0.90825,44.951859,0.285806,-33131.35049,0.218867,45.422898,0.29269,-12.443162,6.871644,-12.85095,3.424552,0.424842,0.000219,0.309024,0.000288,0.412809,0.000369,0,7.353423,48.963787,-0.023152,-33.1,342.6,2456468.91515,26.107761,26.107793,0,-9999999,0.00078,-0.46811,0.605176,-0.708638,0.881484,0.54,500.001,-12.438873,6.873603,2013-06-25T09:52:03.447,-9999999,G2,091.C-0271(A),NCSantos,-9999999,HARPS_ech_obs_all,HARPS_ech_obs_objAB,STAR_SKY_G2,6.4540064377358E-06,3.48759053500475E-07,0,0,0
GJ882,344.365525,20.76525,2456468.9215156,31.307293,0.661075,-33130.249897,0.904136,45.348684,0.266038,-33130.969708,0.201098,45.748323,0.274076,-11.95815,6.378524,-11.561503,3.447573,0.425124,0.000201,0.308347,0.000263,0.412238,0.000338,0,7.354262,48.96111,-0.021404,-33.1,374.2,2456468.92151,26.092268,26.092296,0,-9999999,0.00078,-0.470108,0.605181,-0.720591,0.881489,0.5,500.0011,-11.959834,6.372809,2013-06-25T10:01:32.831,-9999999,G2,091.C-0271(A),NCSantos,-9999999,HARPS_ech_obs_all,HARPS_ech_obs_objAB,STAR_SKY_G2,6.65577794181905E-06,2.65529865141719E-07,0,0,0
GJ882,344.365525,20.76525,2456468.9280813,30.928964,0.660224,-33130.446164,0.903532,44.968293,0.263905,-33131.178315,0.198344,45.45368,0.271815,-13.777834,6.552801,-10.430822,3.345271,0.424891,0.000196,0.307805,0.000258,0.412697,0.000331,0,7.355188,48.952214,-0.023728,-33.1,381.8,2456468.92808,26.07638,26.076401,0,-9999999,0.00078,-0.47217,0.605186,-0.732931,0.881493,0.5,500.0009,-13.772613,6.55611,2013-06-25T10:11:00.055,-9999999,G2,091.C-0271(A),NCSantos,-9999999,HARPS_ech_obs_all,HARPS_ech_obs_objAB,STAR_SKY_G2,6.65198903313019E-06,3.4734252894252E-07,0,0,0
GJ882,344.365525,20.76525,2456468.9342977,31.095133,0.660648,-33130.497137,0.90378,45.132509,0.264953,-33131.240972,0.19945,45.551737,0.273253,-14.678189,6.620981,-13.269887,3.505587,0.425791,0.000198,0.307729,0.000259,0.411449,0.000333,0,7.353475,48.965216,-0.022994,-33.1,379.5,2456468.9343,26.061464,26.061472,0,-9999999,0.00078,-0.474123,0.605191,-0.744615,0.881497,0.51,500.0012,-14.67252,6.621961,2013-06-25T10:19:52.107,-9999999,G2,091.C-0271(A),NCSantos,-9999999,HARPS_ech_obs_all,HARPS_ech_obs_objAB,STAR_SKY_G2,6.5079398758619E-06,3.19665556281892E-07,0,0,0
GJ882,344.365525,20.76525,2456468.9404555,30.477962,0.65958,-33130.999293,0.903224,44.513404,0.262266,-33131.7547,0.196895,44.861057,0.270491,-10.159578,6.367372,-12.520658,3.478256,0.425319,0.000193,0.308768,0.000255,0.411657,0.000327,0,7.353005,48.961308,-0.022876,-33.1,386.5,2456468.94045,26.046832,26.046851,0,-9999999,0.000781,-0.476057,0.605196,-0.756188,0.881502,0.51,500.0008,-10.157614,6.375619,2013-06-25T10:28:44.099,-9999999,G2,091.C-0271(A),NCSantos,-9999999,HARPS_ech_obs_all,HARPS_ech_obs_objAB,STAR_SKY_G2,6.01688831041248E-06,3.13503559954519E-07,0,0,0
GJ882,344.365525,20.76525,2456468.9469218,30.201978,0.661669,-33131.119599,0.904494,44.235388,0.267462,-33131.88716,0.20262,44.544279,0.274801,-9.289189,6.048236,-10.6998,3.17282,0.42557,0.000199,0.309154,0.000263,0.411679,0.000336,0,7.35394,48.952109,-0.022439,-33.1,375.4,2456468.94691,26.031643,26.031668,0,-9999999,0.000781,-0.478089,0.605202,-0.768342,0.881507,0.49,500.0019,-9.281404,6.032091,2013-06-25T10:38:12.733,-9999999,G2,091.C-0271(A),NCSantos,-9999999,HARPS_ech_obs_all,HARPS_ech_obs_objAB,STAR_SKY_G2,7.08828157497866E-06,3.23830938192537E-07,0,0,0
GJ882,344.365525,20.76525,2456506.8251123,13.742153,0.959173,-33146.721319,0.857304,30.287873,0.537768,-33145.370493,0.436833,30.262245,0.541111,-13.144573,6.766293,-13.003903,3.991587,0.420648,0.000473,0.314233,0.000605,0.421398,0.000779,0,7.351948,48.962309,-0.021782,-33.1,163.4,2456506.82511,18.341238,18.341362,0,-9999999,0.00251,2.034221,0.794241,1.348316,0.737663,0.47,600.0009,-13.150898,6.791609,2013-08-02T07:37:59.539,-9999999,G2,091.C-0271(A),NCSantos,-9999999,HARPS_ech_obs_all,HARPS_ech_obs_objAB,STAR_SKY_G2,7.48337538348295E-06,5.82834041454391E-07,0,0,0
GJ882,344.365525,20.76525,2456506.8326389,13.970226,0.971362,-33147.34172,0.866927,30.513581,0.559215,-33146.00504,0.455423,30.66711,0.563156,-8.964442,7.632658,-11.171984,4.108506,0.420417,0.00049,0.307641,0.00063,0.421996,0.00081,0,7.355888,48.961616,-0.026193,-33.1,157,2456506.83263,18.321262,18.321388,0,-9999999,0.00251,2.031856,0.794243,1.33417,0.737666,0.61,492.7667,-8.964411,7.655111,2013-08-02T07:48:31.207,-9999999,G2,091.C-0271(A),NCSantos,-9999999,HARPS_ech_obs_all,HARPS_ech_obs_objAB,STAR_SKY_G2,7.37013255560681E-06,5.42688840247326E-07,0,0,0
GJ882,344.365525,20.76525,2456508.7772014,14.729178,0.926437,-33146.473886,1.022137,30.29534,0.353123,-33146.080684,0.286682,30.197824,0.363206,-5.805984,6.873687,-12.664913,3.829948,0.423924,0.000305,0.307752,0.000393,0.422884,0.000506,0,7.358011,48.950584,-0.023346,-33.1,252.7,2456508.77719,17.802713,17.80285,0,-9999999,0.002599,1.054663,0.856498,0.390603,0.98111,0.51,500.0002,-5.80796,6.899948,2013-08-04T06:29:16.861,-9999999,G2,091.C-0271(A),NCSantos,-9999999,HARPS_ech_obs_all,HARPS_ech_obs_objAB,STAR_SKY_G2,7.49361575917721E-06,3.86617845669815E-07,0,0,0
GJ882,344.365525,20.76525,2456508.7833024,14.932736,0.935691,-33146.060515,1.028068,30.496981,0.376732,-33145.67878,0.307155,30.420896,0.386088,-9.678168,6.66268,-12.277902,3.980205,0.424291,0.000329,0.307163,0.000423,0.422499,0.000545,0,7.360095,48.93905,-0.023638,-33.1,234.3,2456508.78329,17.786104,17.786256,0,-9999999,0.002599,1.052746,0.856499,0.379136,0.981111,0.5,500.0017,-9.674419,6.694317,2013-08-04T06:38:08.953,-9999999,G2,091.C-0271(A),NCSantos,-9999999,HARPS_ech_obs_all,HARPS_ech_obs_objAB,STAR_SKY_G2,5.26192537266836E-06,4.26555369778192E-07,0,0,0
GJ882,344.365525,20.76525,2456508.789456,13.484673,0.928575,-33147.502168,1.023656,29.046985,0.358689,-33147.131998,0.292042,29.201502,0.368488,-7.763998,6.868848,-13.800073,3.720879,0.420358,0.000314,0.307285,0.000403,0.423765,0.000521,0,7.357044,48.94932,-0.023892,-33.1,245.8,2456508.78945,17.769336,17.769461,0,-9999999,0.0026,1.050813,0.856501,0.36757,0.981113,0.5,500.0006,-7.778475,6.902527,2013-08-04T06:47:00.594,-9999999,G2,091.C-0271(A),NCSantos,-9999999,HARPS_ech_obs_all,HARPS_ech_obs_objAB,STAR_SKY_G2,7.16690183096536E-06,3.59093182568064E-07,0,0,0
GJ882,344.365525,20.76525,2456508.7955614,12.660653,0.916954,-33148.182096,1.016234,28.221047,0.327428,-33147.823401,0.264853,28.367755,0.338099,-5.600596,6.842844,-12.677857,3.677032,0.421079,0.000285,0.307381,0.000365,0.422919,0.00047,0,7.357531,48.948385,-0.02305,-33.1,271.9,2456508.79556,17.752704,17.752825,0,-9999999,0.0026,1.048895,0.856502,0.356095,0.981114,0.49,500.0003,-5.615496,6.876843,2013-08-04T06:55:53.066,-9999999,G2,091.C-0271(A),NCSantos,-9999999,HARPS_ech_obs_all,HARPS_ech_obs_objAB,STAR_SKY_G2,6.55567158858009E-06,3.89572482986828E-07,0,0,0
GJ882,344.365525,20.76525,2456508.80172,11.073565,0.910495,-33149.656609,1.012118,26.632025,0.308873,-33149.309489,0.248585,26.748092,0.32037,-7.737027,6.339052,-15.090625,3.535815,0.421304,0.000268,0.307087,0.000343,0.423595,0.000442,0,7.35426,48.961681,-0.024054,-33.1,289.3,2456508.80172,17.735954,17.736062,0,-9999999,0.0026,1.046961,0.856504,0.34452,0.981116,0.49,500.001,-7.760637,6.38642,2013-08-04T07:04:45.138,-9999999,G2,091.C-0271(A),NCSantos,-9999999,HARPS_ech_obs_all,HARPS_ech_obs_objAB,STAR_SKY_G2,7.00089076240731E-06,3.52687752647513E-07,0,0,0
GJ882,344.365525,20.76525,2456508.807935,10.890508,0.906518,-33149.731569,1.009541,26.447016,0.296941,-33149.39613,0.237867,26.468879,0.309176,-7.127898,5.939414,-14.008612,3.607442,0.421326,0.000255,0.307241,0.000327,0.423108,0.000421,0,7.356367,48.958778,-0.022671,-33.1,303.4,2456508.80793,17.7191,17.719219,0,-9999999,0.0026,1.045009,0.856505,0.332839,0.981118,0.5,500.0001,-7.127356,5.969238,2013-08-04T07:13:37.080,-9999999,G2,091.C-0271(A),NCSantos,-9999999,HARPS_ech_obs_all,HARPS_ech_obs_objAB,STAR_SKY_G2,6.18048561777183E-06,3.6377121118657E-07,0,0,0
GJ882,344.365525,20.76525,2456508.8142079,11.451932,0.903834,-33149.284012,1.007901,27.006469,0.288636,-33148.960362,0.2308,27.105701,0.301045,-2.502307,5.753632,-15.112752,3.709863,0.420774,0.000249,0.306935,0.000318,0.423229,0.000411,0,7.357284,48.959497,-0.023476,-33.1,311.5,2456508.81421,17.702163,17.702266,0,-9999999,0.002601,1.043038,0.856507,0.321049,0.98112,0.52,500,-2.526422,5.796213,2013-08-04T07:22:29.032,-9999999,G2,091.C-0271(A),NCSantos,-9999999,HARPS_ech_obs_all,HARPS_ech_obs_objAB,STAR_SKY_G2,6.3951752967621E-06,2.69599487914774E-07,0,0,0
GJ882,344.365525,20.76525,2456508.820245,10.086355,0.898811,-33150.624461,1.004878,25.638996,0.272496,-33150.312158,0.217209,25.835714,0.285257,-6.426299,5.799076,-13.555322,3.518074,0.421374,0.000234,0.306579,0.000298,0.423964,0.000385,0,7.358384,48.954553,-0.022481,-33.1,332.3,2456508.82024,17.685955,17.686087,0,-9999999,0.002601,1.041142,0.856509,0.309702,0.981122,0.5,500.0012,-6.423018,5.84619,2013-08-04T07:31:20.604,-9999999,G2,091.C-0271(A),NCSantos,-9999999,HARPS_ech_obs_all,HARPS_ech_obs_objAB,STAR_SKY_G2,5.87082466931771E-06,2.92737916803144E-07,0,0,0
GJ882,344.365525,20.76525,2456508.8264029,10.392319,0.902066,-33149.757181,1.006675,25.943025,0.283041,-33149.456452,0.225369,26.020207,0.296124,-4.588721,6.335582,-14.491047,3.652806,0.421375,0.000242,0.307116,0.000309,0.423876,0.000399,0,7.356105,48.959936,-0.022932,-33.1,320.3,2456508.8264,17.669536,17.669653,0,-9999999,0.002601,1.039207,0.856511,0.298128,0.981124,0.5,499.9936,-4.60827,6.37688,2013-08-04T07:40:12.616,-9999999,G2,091.C-0271(A),NCSantos,-9999999,HARPS_ech_obs_all,HARPS_ech_obs_objAB,STAR_SKY_G2,5.94611232042913E-06,3.22221033410783E-07,0,0,0
GJ882,344.365525,20.76525,2456508.8325606,9.017118,0.901006,-33151.167721,1.006075,24.56589,0.279638,-33150.878564,0.222665,24.795428,0.291944,-6.634172,6.008442,-13.593586,3.466872,0.421127,0.000239,0.307127,0.000305,0.424125,0.000394,0,7.357029,48.960444,-0.021262,-33.1,324.7,2456508.83255,17.653254,17.653384,0,-9999999,0.002602,1.037273,0.856513,0.286555,0.981126,0.5,500.0002,-6.633734,6.047554,2013-08-04T07:49:04.608,-9999999,G2,091.C-0271(A),NCSantos,-9999999,HARPS_ech_obs_all,HARPS_ech_obs_objAB,STAR_SKY_G2,6.86017063215562E-06,2.75776871739287E-07,0,0,0
GJ882,344.365525,20.76525,2456508.8387184,9.709117,0.90486,-33151.105209,1.008663,25.255955,0.291811,-33150.827626,0.234071,25.340765,0.304214,-5.895205,6.245931,-13.349719,3.802994,0.421178,0.000252,0.313872,0.000321,0.423399,0.000415,0,7.357027,48.956129,-0.022605,-33.1,307.9,2456508.83871,17.637131,17.637245,0,-9999999,0.002602,1.035339,0.856515,0.274981,0.981128,0.5,500.0016,-5.910683,6.284672,2013-08-04T07:57:56.611,-9999999,G2,091.C-0271(A),NCSantos,-9999999,HARPS_ech_obs_all,HARPS_ech_obs_objAB,STAR_SKY_G2,5.21344113806012E-06,3.41470025510807E-07,0,0,0
GJ882,344.365525,20.76525,2456508.8448829,9.694857,0.902153,-33150.879374,1.006999,25.239758,0.283297,-33150.613377,0.226781,25.553156,0.295922,-5.561358,5.760358,-12.952414,3.753721,0.421094,0.000246,0.314166,0.000313,0.423736,0.000404,0,7.358811,48.94673,-0.023542,-33.1,316.6,2456508.84488,17.621169,17.621283,0,-9999999,0.002602,1.033402,0.856517,0.263395,0.981131,0.5,500.0009,-5.592306,5.806119,2013-08-04T08:06:49.192,-9999999,G2,091.C-0271(A),NCSantos,-9999999,HARPS_ech_obs_all,HARPS_ech_obs_objAB,STAR_SKY_G2,6.484181906012E-06,3.0427465824283E-07,0,0,0
GJ882,344.365525,20.76525,2456508.8510394,8.204205,0.899153,-33152.364327,1.004516,23.747173,0.273586,-33152.109901,0.215475,24.148518,0.287099,-5.242934,5.961896,-13.825671,3.374628,0.420622,0.00023,0.312749,0.000293,0.423437,0.000379,0,7.357309,48.961509,-0.022951,-33.1,337.2,2456508.85104,17.605428,17.60555,0,-9999999,0.002602,1.031469,0.85652,0.251824,0.981133,0.5,500.0005,-5.248297,6.009721,2013-08-04T08:15:41.084,-9999999,G2,091.C-0271(A),NCSantos,-9999999,HARPS_ech_obs_all,HARPS_ech_obs_objAB,STAR_SKY_G2,6.81499559921397E-06,3.11448408809908E-07,0,0,0
GJ882,344.365525,20.76525,2456508.8572551,7.790382,0.9045,-33152.599043,1.008287,23.331397,0.290672,-33152.356299,0.232413,23.513205,0.303144,-4.4644,5.992415,-12.788187,3.664686,0.420621,0.000248,0.313268,0.000317,0.422732,0.00041,0,7.358679,48.951776,-0.022664,-33.1,311.8,2456508.85725,17.58976,17.589869,0,-9999999,0.002603,1.029516,0.856522,0.240141,0.981136,0.51,500.0002,-4.483588,6.026676,2013-08-04T08:24:33.086,-9999999,G2,091.C-0271(A),NCSantos,-9999999,HARPS_ech_obs_all,HARPS_ech_obs_objAB,STAR_SKY_G2,7.31590153133865E-06,2.94285187697043E-07,0,0,0
GJ882,344.365525,20.76525,2456508.863297,7.296424,0.898448,-33153.166546,1.004365,22.835541,0.271245,-33152.935158,0.214746,23.214984,0.284491,-4.988333,6.332393,-12.625168,3.525345,0.421438,0.000232,0.312949,0.000295,0.423673,0.000381,0,7.35798,48.950353,-0.022759,-33.1,335.8,2456508.8633,17.574765,17.574884,0,-9999999,0.002603,1.027618,0.856525,0.228785,0.981139,0.49,500.0014,-5.009888,6.373057,2013-08-04T08:33:25.078,-9999999,G2,091.C-0271(A),NCSantos,-9999999,HARPS_ech_obs_all,HARPS_ech_obs_objAB,STAR_SKY_G2,6.88819393239338E-06,2.661789599945E-07,0,0,0
GJ882,344.365525,20.76525,2456508.8692756,6.922459,0.904804,-33153.471723,1.007985,22.459698,0.291601,-33153.251571,0.231075,22.762533,0.303768,-2.451708,6.148434,-11.988204,3.374908,0.420962,0.000247,0.313594,0.000316,0.423785,0.000409,0,7.357482,48.947601,-0.022324,-33.1,313.2,2456508.86927,17.560175,17.560294,0,-9999999,0.002603,1.02574,0.856527,0.217549,0.981141,0.46,500.0009,-2.464309,6.189855,2013-08-04T08:42:16.600,-9999999,G2,091.C-0271(A),NCSantos,-9999999,HARPS_ech_obs_all,HARPS_ech_obs_objAB,STAR_SKY_G2,-9999999,-9999999,-9999999,-9999999,-9999999
GJ882,344.365525,20.76525,2456508.8757851,5.45428,0.914956,-33154.404264,1.014749,20.989474,0.321716,-33154.196346,0.25898,21.353126,0.332953,-7.968271,6.386116,-13.668066,3.823617,0.421127,0.000283,0.314051,0.00036,0.425348,0.000467,0,7.357075,48.952177,-0.021576,-33.1,275.5,2456508.87577,17.544589,17.544732,0,-9999999,0.002604,1.023695,0.85653,0.205314,0.981144,0.52,500.002,-7.978769,6.426967,2013-08-04T08:51:08.982,-9999999,G2,091.C-0271(A),NCSantos,-9999999,HARPS_ech_obs_all,HARPS_ech_obs_objAB,STAR_SKY_G2,6.30206759070722E-06,3.29489885130831E-07,0,0,0
GJ882,344.365525,20.76525,2456508.8815383,5.908886,0.90933,-33154.411966,1.011122,21.442273,0.305339,-33154.214861,0.244373,21.894608,0.317161,-7.011825,6.487513,-14.358664,3.619676,0.421385,0.000263,0.313477,0.000336,0.425065,0.000436,0,7.35772,48.955948,-0.022656,-33.1,294.9,2456508.88154,17.531092,17.531194,0,-9999999,0.002604,1.021888,0.856533,0.194501,0.981147,0.45,500.0019,-7.019037,6.529298,2013-08-04T09:00:01.034,-9999999,G2,091.C-0271(A),NCSantos,-9999999,HARPS_ech_obs_all,HARPS_ech_obs_objAB,STAR_SKY_G2,7.95955783195688E-06,3.499409167456E-07,0,0,0
GJ882,344.365525,20.76525,2456508.8881597,5.807711,0.916348,-33154.035258,1.015453,21.339018,0.325638,-33153.850598,0.261701,21.865624,0.336678,-8.035308,6.503653,-12.099151,3.626679,0.420914,0.000285,0.313479,0.000363,0.416508,0.000471,0,7.358442,48.946923,-0.02302,-33.1,273.7,2456508.88816,17.515903,17.516019,0,-9999999,0.002604,1.019808,0.856536,0.182056,0.981151,0.53,500.0002,-8.054035,6.554237,2013-08-04T09:08:53.086,-9999999,G2,091.C-0271(A),NCSantos,-9999999,HARPS_ech_obs_all,HARPS_ech_obs_objAB,STAR_SKY_G2,7.09236692695799E-06,3.97438812923601E-07,0,0,0
GJ882,344.365525,20.76525,2456508.8940806,5.484478,0.909423,-33154.923736,1.010915,21.013925,0.305601,-33154.750205,0.243487,21.271045,0.317878,-7.47506,7.056673,-11.289217,3.703389,0.420612,0.00026,0.307164,0.000333,0.415285,0.000431,0,7.359734,48.946159,-0.022938,-33.1,298.4,2456508.89407,17.50265,17.502766,0,-9999999,0.002604,1.017948,0.856539,0.170927,0.981154,0.49,500.0002,-7.491092,7.092211,2013-08-04T09:17:44.618,-9999999,G2,091.C-0271(A),NCSantos,-9999999,HARPS_ech_obs_all,HARPS_ech_obs_objAB,STAR_SKY_G2,7.85652704478191E-06,3.35975907594811E-07,0,0,0
GJ882,344.365525,20.76525,2456540.6728783,16.867391,0.919543,-33144.722744,1.017053,31.405285,0.334636,-33144.881272,0.268018,31.491933,0.34357,2.080596,6.304582,-13.451778,3.636155,0.421999,0.000286,0.309554,0.000369,0.421611,0.000475,0,7.355092,48.957155,-0.023481,-33.1,269,2456540.67287,5.124362,5.124517,0,-9999999,0.004055,0.026395,0.856491,-0.162583,0.981103,0.51,600.0008,2.074178,6.342822,2013-09-05T03:56:24.650,-9999999,G2,091.C-0271(A),NCSantos,-9999999,HARPS_ech_obs_all,HARPS_ech_obs_objAB,STAR_SKY_G2,5.81127600363944E-06,3.30143960389777E-07,0,0,0
GJ882,344.365525,20.76525,2456540.6802768,17.736063,0.920649,-33143.655309,1.017405,32.271633,0.337666,-33143.827742,0.269352,32.302757,0.346613,2.916462,5.866574,-12.552325,3.852695,0.421025,0.00029,0.3095,0.000373,0.421533,0.000479,0,7.355373,48.949281,-0.023557,-33.1,266.4,2456540.68027,5.103568,5.103723,0,-9999999,0.004055,0.024071,0.856491,-0.176488,0.981102,0.52,600.0008,2.910076,5.906279,2013-09-05T04:06:57.868,-9999999,G2,091.C-0271(A),NCSantos,-9999999,HARPS_ech_obs_all,HARPS_ech_obs_objAB,STAR_SKY_G2,6.27190476615371E-06,3.24283003811459E-07,0,0,0
GJ882,344.365525,20.76525,2456540.6875975,18.441641,0.933732,-33142.553787,1.025853,32.974911,0.371858,-33142.739979,0.299688,33.154138,0.379552,-0.578715,6.138256,-13.77335,3.785645,0.420783,0.000322,0.30864,0.000415,0.421182,0.000533,0,7.3552,48.9604,-0.022815,-33.1,239.4,2456540.68759,5.082883,5.083041,0,-9999999,0.004056,0.021771,0.856491,-0.190248,0.981102,0.52,600.0007,-0.592486,6.18976,2013-09-05T04:17:30.365,-9999999,G2,091.C-0271(A),NCSantos,-9999999,HARPS_ech_obs_all,HARPS_ech_obs_objAB,STAR_SKY_G2,7.79254730522168E-06,3.0614952378792E-07,0,0,0
GJ882,344.365525,20.76525,2456540.6942068,19.090635,0.953026,-33142.427376,1.038243,33.621829,0.41795,-33142.62599,0.339687,33.821524,0.42557,0.928366,6.751911,-12.964854,3.900704,0.421552,0.000368,0.309665,0.000473,0.420979,0.000607,0,7.355768,48.952189,-0.024923,-33.1,210.6,2456540.6942,5.064144,5.064291,0,-9999999,0.004056,0.019695,0.856491,-0.20267,0.981102,0.42,600.001,0.924809,6.795336,2013-09-05T04:28:01.403,-9999999,G2,091.C-0271(A),NCSantos,-9999999,HARPS_ech_obs_all,HARPS_ech_obs_objAB,STAR_SKY_G2,6.83697791437329E-06,4.34977130493019E-07,0,0,0
GJ882,344.365525,20.76525,2456544.5946871,-7.657947,0.965146,-33168.39251,0.649207,6.565214,0.444866,-33168.323934,0.358973,6.59713,0.453333,-12.237195,7.090395,-14.83235,4.005368,0.425642,0.000373,0.311755,0.000491,0.421412,0.000627,0,7.355839,48.960248,-0.024395,-33.1,203.5,2456544.59468,3.498144,3.498277,0,-9999999,0.004234,-0.288338,0.856505,0.064342,0.540933,0.51,600,-12.248436,7.103183,2013-09-09T02:03:44.216,-9999999,G2,091.C-0271(A),NCSantos,-9999999,HARPS_ech_obs_all,HARPS_ech_obs_objAB,STAR_SKY_G2,6.55759238612484E-06,4.47153890630342E-07,0,0,0
GJ882,344.365525,20.76525,2456544.6020095,-7.605423,0.939233,-33169.302357,0.623164,6.615438,0.385438,-33169.247544,0.3094,6.562658,0.394313,-8.153578,6.621862,-13.854343,3.898273,0.425728,0.000321,0.309837,0.000421,0.421775,0.00054,0,7.356295,48.954611,-0.024629,-33.1,236.5,2456544.602,3.480201,3.480368,0,-9999999,0.004234,-0.290638,0.856503,0.050579,0.540929,0.51,599.9999,-8.1493,6.635246,2013-09-09T02:14:16.864,-9999999,G2,091.C-0271(A),NCSantos,-9999999,HARPS_ech_obs_all,HARPS_ech_obs_objAB,STAR_SKY_G2,7.93075604993E-06,4.13959838501399E-07,0,0,0
GJ882,344.365525,20.76525,2456544.6092542,-7.535885,0.9177,-33168.817605,0.600191,6.6827,0.329515,-33168.776407,0.260055,6.687992,0.340501,-12.755453,6.305472,-12.736803,3.797467,0.425442,0.00027,0.309833,0.000353,0.42255,0.000453,0,7.356296,48.953609,-0.023284,-33.1,281.8,2456544.60924,3.462024,3.462183,0,-9999999,0.004235,-0.292914,0.856501,0.036963,0.540926,0.5,599.9996,-12.74962,6.320612,2013-09-09T02:24:48.802,-9999999,G2,091.C-0271(A),NCSantos,-9999999,HARPS_ech_obs_all,HARPS_ech_obs_objAB,STAR_SKY_G2,6.23596276767907E-06,3.69850760110721E-07,0,0,0
GJ882,344.365525,20.76525,2456544.6165808,-6.680765,0.91491,-33167.986692,0.597687,7.535518,0.321667,-33167.959264,0.254228,7.527843,0.332514,-16.009517,6.015002,-13.489434,3.808596,0.425151,0.000263,0.310544,0.000345,0.421557,0.000442,0,7.35766,48.952435,-0.02445,-33.1,288.5,2456544.61657,3.443246,3.443399,0,-9999999,0.004235,-0.295216,0.856499,0.023193,0.540923,0.5,599.9992,-16.019211,6.032135,2013-09-09T02:35:21.810,-9999999,G2,091.C-0271(A),NCSantos,-9999999,HARPS_ech_obs_all,HARPS_ech_obs_objAB,STAR_SKY_G2,8.07275301315929E-06,3.23684127504009E-07,0,0,0
GJ882,344.365525,20.76525,2456544.6238386,-6.954275,0.918323,-33168.505829,0.601118,7.259729,0.331253,-33168.492043,0.2622,7.308847,0.34186,-17.713579,6.763471,-12.765524,3.677611,0.425189,0.000273,0.309549,0.000356,0.421479,0.000457,0,7.353398,48.953309,-0.023991,-33.1,278.9,2456544.62383,3.424284,3.424457,0,-9999999,0.004235,-0.297495,0.856498,0.009551,0.54092,0.49,599.9996,-17.721803,6.777831,2013-09-09T02:45:54.879,-9999999,G2,091.C-0271(A),NCSantos,-9999999,HARPS_ech_obs_all,HARPS_ech_obs_objAB,STAR_SKY_G2,7.0025178770147E-06,3.42644391777452E-07,0,0,0
GJ882,344.365525,20.76525,2456544.6310139,-4.917528,0.929294,-33166.623565,0.613574,9.294222,0.360557,-33166.623264,0.289624,9.380792,0.370504,-12.867658,6.524529,-14.682407,3.812549,0.421538,0.000304,0.309069,0.000395,0.413113,0.000508,0,7.355227,48.958764,-0.02341,-33.1,251.4,2456544.631,3.405217,3.40538,0,-9999999,0.004236,-0.299749,0.856497,-0.003935,0.540917,0.47,599.9997,-12.876742,6.545723,2013-09-09T02:56:26.818,-9999999,G2,091.C-0271(A),NCSantos,-9999999,HARPS_ech_obs_all,HARPS_ech_obs_objAB,STAR_SKY_G2,6.29537731364202E-06,3.47548537668405E-07,0,0,0
GJ882,344.365525,20.76525,2456544.6383932,-4.709357,0.93029,-33166.40624,0.61363,9.500075,0.363119,-33166.419808,0.289747,9.295485,0.372645,-12.867825,6.367961,-12.815359,4.064461,0.422698,0.000303,0.30945,0.000394,0.41329,0.000506,0,7.358059,48.952281,-0.023838,-33.1,252.2,2456544.63839,3.38531,3.385452,0,-9999999,0.004236,-0.302067,0.856495,-0.017804,0.540915,0.48,599.9995,-12.876978,6.388305,2013-09-09T03:06:58.386,-9999999,G2,091.C-0271(A),NCSantos,-9999999,HARPS_ech_obs_all,HARPS_ech_obs_objAB,STAR_SKY_G2,6.5349474839113E-06,3.81890206373039E-07,0,0,0
GJ882,344.365525,20.76525,2456544.6457079,-3.411804,0.955085,-33165.16192,0.640896,10.79533,0.422617,-33165.189236,0.343746,10.881779,0.431161,-6.096542,5.962529,-13.53015,4.028597,0.422801,0.000363,0.309507,0.000471,0.413162,0.000605,0,7.355871,48.952944,-0.022451,-33.1,211.4,2456544.6457,3.365313,3.365447,0,-9999999,0.004236,-0.304365,0.856494,-0.031552,0.540913,0.48,600.0002,-6.11757,5.990951,2013-09-09T03:17:30.364,-9999999,G2,091.C-0271(A),NCSantos,-9999999,HARPS_ech_obs_all,HARPS_ech_obs_objAB,STAR_SKY_G2,6.15900130696891E-06,4.19371413269962E-07,0,0,0
GJ882,344.365525,20.76525,2456544.6533751,-3.078036,0.977058,-33164.086369,0.662661,11.12669,0.470171,-33164.128095,0.382799,11.161856,0.477588,-13.490681,7.335654,-13.582515,4.210822,0.422796,0.000409,0.309729,0.000529,0.413211,0.000679,0,7.356462,48.955035,-0.022695,-33.1,188.3,2456544.65337,3.344109,3.344279,0,-9999999,0.004237,-0.306774,0.856493,-0.045963,0.540911,0.53,600,-13.510634,7.355403,2013-09-09T03:28:02.802,-9999999,G2,091.C-0271(A),NCSantos,-9999999,HARPS_ech_obs_all,HARPS_ech_obs_objAB,STAR_SKY_G2,6.79380538112855E-06,4.80327434975375E-07,0,0,0
GJ882,344.365525,20.76525,2456544.6605623,-2.854714,1.00442,-33164.155354,0.689747,11.347754,0.524672,-33164.210588,0.427981,11.366901,0.532205,-12.482651,6.240915,-14.910495,4.015417,0.421149,0.000461,0.310013,0.000597,0.412876,0.000766,0,7.354551,48.967788,-0.024706,-33.1,167.3,2456544.66055,3.324044,3.324204,0,-9999999,0.004237,-0.309031,0.856493,-0.059471,0.540909,0.51,600.0006,-12.490039,6.26409,2013-09-09T03:38:35.770,-9999999,G2,091.C-0271(A),NCSantos,-9999999,HARPS_ech_obs_all,HARPS_ech_obs_objAB,STAR_SKY_G2,8.39651828320436E-06,5.30115287262908E-07,0,0,0
GJ882,344.365525,20.76525,2456544.6673915,-1.26561,1.083089,-33162.227671,0.762969,12.934713,0.662951,-33162.295741,0.538089,13.069642,0.669569,-15.43359,7.882463,-16.971219,4.44797,0.421932,0.000585,0.31017,0.000758,0.412217,0.000972,0,7.355318,48.97399,-0.025595,-33.1,132.3,2456544.66738,3.304839,3.30499,0,-9999999,0.004237,-0.311176,0.856492,-0.072307,0.540908,0.44,599.9998,-15.449164,7.902341,2013-09-09T03:49:07.809,-9999999,G2,091.C-0271(A),NCSantos,-9999999,HARPS_ech_obs_all,HARPS_ech_obs_objAB,STAR_SKY_G2,1.15769400196796E-06,8.47717084160044E-07,0,0,0
GJ882,344.365525,20.76525,2456544.6752073,-1.618122,0.998645,-33163.153189,0.684721,12.579746,0.513531,-33163.235948,0.419837,12.663849,0.520931,-1.557849,6.491833,-13.560561,4.059773,0.421636,0.000457,0.309879,0.000587,0.41279,0.000754,0,7.358896,48.953996,-0.02284,-33.1,170.1,2456544.67521,3.282734,3.282857,0,-9999999,0.004238,-0.313631,0.856491,-0.086997,0.540907,0.51,600.0006,-1.573387,6.516708,2013-09-09T03:59:41.087,-9999999,G2,091.C-0271(A),NCSantos,-9999999,HARPS_ech_obs_all,HARPS_ech_obs_objAB,STAR_SKY_G2,7.22895159804784E-06,5.49377096460212E-07,0,0,0
GJ882,344.365525,20.76525,2456544.6829516,-1.393293,0.962367,-33162.908834,0.649051,12.802142,0.438831,-33163.006148,0.35873,12.913759,0.446975,-6.571758,6.351365,-12.75233,4.013838,0.42185,0.000391,0.309368,0.000501,0.413618,0.000645,0,7.356132,48.944941,-0.025761,-33.1,199,2456544.68295,3.260741,3.26089,0,-9999999,0.004238,-0.316064,0.856491,-0.101552,0.540906,0.57,599.9999,-6.590094,6.378627,2013-09-09T04:10:14.185,-9999999,G2,091.C-0271(A),NCSantos,-9999999,HARPS_ech_obs_all,HARPS_ech_obs_objAB,STAR_SKY_G2,8.68995898958683E-06,4.35981559837629E-07,0,0,0
GJ882,344.365525,20.76525,2456565.529196,-24.479894,0.948676,-33186.473637,1.036877,-8.971254,0.407855,-33185.102047,0.335372,-9.472102,0.426429,0.807176,5.989284,-16.440255,3.70001,0.424953,0.000339,0.302954,0.000444,0.414055,0.000579,0,7.355682,48.967639,-0.025029,-33.1,221.2,2456565.52919,-6.033882,-6.033705,0,-9999999,0.00519,0.997141,0.856528,1.3664,0.981142,0.49,300.0014,0.805211,5.971397,2013-09-30T00:32:13.805,-9999999,G2,091.C-0271(A),NCSantos,-9999999,HARPS_ech_obs_all,HARPS_ech_obs_objAB,STAR_SKY_G2,5.28666365739375E-06,5.66399411979972E-07,0,0,0
GJ882,344.365525,20.76525,2456565.5330002,-24.543501,0.942682,-33186.401592,1.033254,-9.036056,0.393716,-33185.037152,0.324004,-9.567047,0.41268,-0.227886,5.999834,-15.633233,3.833641,0.425338,0.000329,0.303056,0.00043,0.413992,0.00056,0,7.357176,48.952689,-0.024604,-33.1,228.7,2456565.53299,-6.042873,-6.042708,0,-9999999,0.00519,0.995946,0.856526,1.35925,0.98114,0.48,300.0006,-0.218197,5.985326,2013-09-30T00:37:45.495,-9999999,G2,091.C-0271(A),NCSantos,-9999999,HARPS_ech_obs_all,HARPS_ech_obs_objAB,STAR_SKY_G2,5.86177950566959E-06,3.62718552852891E-07,0,0,0
GJ882,344.365525,20.76525,2456565.5368122,-24.493739,0.971744,-33187.366086,1.051806,-8.987491,0.458969,-33186.008811,0.379028,-9.534309,0.476574,4.199553,7.211814,-15.459405,3.650244,0.425442,0.000386,0.303101,0.000505,0.413849,0.000658,0,7.357419,48.951652,-0.02559,-33.1,194.8,2456565.5368,-6.052013,-6.05184,0,-9999999,0.00519,0.994749,0.856525,1.352085,0.981138,0.47,300.0014,4.206391,7.197948,2013-09-30T00:43:17.854,-9999999,G2,091.C-0271(A),NCSantos,-9999999,HARPS_ech_obs_all,HARPS_ech_obs_objAB,STAR_SKY_G2,8.74299115062626E-06,4.33146859685579E-07,0,0,0
GJ882,344.365525,20.76525,2456565.5417302,-24.240259,0.942868,-33185.926386,1.03431,-8.735556,0.39417,-33184.578354,0.327365,-9.231171,0.41278,-5.185367,6.20455,-16.761346,3.609429,0.424171,0.000334,0.302924,0.000437,0.415437,0.000571,0,7.355741,48.966236,-0.021258,-33.1,224.7,2456565.54172,-6.063989,-6.063815,0,-9999999,0.00519,0.993204,0.856523,1.342842,0.981136,0.52,449.9947,-5.157704,6.186115,2013-09-30T00:48:49.784,-9999999,G2,091.C-0271(A),NCSantos,-9999999,HARPS_ech_obs_all,HARPS_ech_obs_objAB,STAR_SKY_G2,5.49476359966935E-06,4.96262528082676E-07,0,0,0
GJ882,344.365525,20.76525,2456565.5473235,-24.267368,0.921668,-33185.633301,1.020646,-8.764422,0.340359,-33184.295782,0.281236,-9.182871,0.361539,-3.790284,5.076623,-17.120885,3.625049,0.42435,0.000287,0.303711,0.000375,0.413508,0.000487,0,7.353903,48.960178,-0.021519,-33.1,262.4,2456565.54732,-6.077851,-6.07769,0,-9999999,0.00519,0.991447,0.85652,1.332329,0.981134,0.5,449.9939,-3.776349,5.054204,2013-09-30T00:57:02.053,-9999999,G2,091.C-0271(A),NCSantos,-9999999,HARPS_ech_obs_all,HARPS_ech_obs_objAB,STAR_SKY_G2,6.45852366057629E-06,3.50557262045399E-07,0,0,0
GJ882,344.365525,20.76525,2456565.55291,-24.379724,0.911024,-33186.161281,1.013759,-8.878533,0.31039,-33184.834261,0.255122,-9.420919,0.332701,-3.703023,6.078858,-18.112291,3.557889,0.424403,0.000261,0.303284,0.00034,0.413697,0.000443,0,7.353066,48.964857,-0.022913,-33.1,289.1,2456565.5529,-6.091939,-6.091751,0,-9999999,0.005191,0.989692,0.856518,1.321829,0.981132,0.5,449.9938,-3.711871,6.058925,2013-09-30T01:05:04.742,-9999999,G2,091.C-0271(A),NCSantos,-9999999,HARPS_ech_obs_all,HARPS_ech_obs_objAB,STAR_SKY_G2,6.40487532766065E-06,3.35589864233593E-07,0,0,0
GJ882,344.365525,20.76525,2456565.5585361,-23.106623,0.921956,-33184.982685,1.021278,-7.607199,0.341149,-33183.666239,0.28354,-7.967393,0.362217,-5.49832,6.514483,-19.154,3.510226,0.424564,0.000294,0.303317,0.000381,0.413292,0.000496,0,7.354968,48.969331,-0.024209,-33.1,258.1,2456565.55853,-6.106359,-6.106184,0,-9999999,0.005191,0.987925,0.856516,1.311255,0.981129,0.51,450.0004,-5.511138,6.498632,2013-09-30T01:13:06.341,-9999999,G2,091.C-0271(A),NCSantos,-9999999,HARPS_ech_obs_all,HARPS_ech_obs_objAB,STAR_SKY_G2,6.17674640227016E-06,4.02873336383323E-07,0,0,0
GJ882,344.365525,20.76525,2456565.5641667,-23.086371,0.908619,-33184.815009,1.012615,-7.588716,0.303269,-33183.509146,0.250555,-7.896322,0.325622,-5.535979,6.195601,-17.25983,3.548245,0.424119,0.00026,0.303789,0.000336,0.414502,0.000438,0,7.355909,48.957992,-0.022858,-33.1,292.7,2456565.56416,-6.121008,-6.12084,0,-9999999,0.005191,0.986156,0.856514,1.300672,0.981127,0.52,450.0007,-5.533674,6.17579,2013-09-30T01:21:08.339,-9999999,G2,091.C-0271(A),NCSantos,-9999999,HARPS_ech_obs_all,HARPS_ech_obs_objAB,STAR_SKY_G2,6.2000466637936E-06,3.49066611807466E-07,0,0,0
GJ882,344.365525,20.76525,2456565.5695891,-23.467443,0.901147,-33185.110876,1.007851,-7.971491,0.280095,-33183.815204,0.230559,-8.318909,0.303999,-3.205438,5.653043,-18.075336,3.560388,0.424045,0.000239,0.304353,0.000308,0.412924,0.000401,0,7.356567,48.956074,-0.02298,-33.1,318.7,2456565.56958,-6.135305,-6.135116,0,-9999999,0.005191,0.984453,0.856512,1.290481,0.981125,0.49,450.0001,-3.197783,5.632662,2013-09-30T01:29:10.338,-9999999,G2,091.C-0271(A),NCSantos,-9999999,HARPS_ech_obs_all,HARPS_ech_obs_objAB,STAR_SKY_G2,6.5555029056082E-06,2.77736986573487E-07,0,0,0
GJ882,344.365525,20.76525,2456565.5753819,-22.704765,0.901688,-33184.583829,1.008239,-7.210633,0.281835,-33183.299044,0.232257,-7.304998,0.305519,-1.315809,5.883532,-20.562774,3.581504,0.42416,0.000245,0.30375,0.000314,0.413842,0.000409,0,7.35477,48.971458,-0.024192,-33.1,313.1,2456565.57538,-6.150772,-6.150614,0,-9999999,0.005192,0.982633,0.85651,1.279593,0.981123,0.53,450.0013,-1.312244,5.862395,2013-09-30T01:37:12.847,-9999999,G2,091.C-0271(A),NCSantos,-9999999,HARPS_ech_obs_all,HARPS_ech_obs_objAB,STAR_SKY_G2,6.0651608976386E-06,2.85704830356692E-07,0,0,0
GJ882,344.365525,20.76525,2456565.5808044,-21.848385,0.898869,-33183.290264,1.006752,-6.355956,0.272686,-33182.01567,0.22572,-6.575982,0.297106,-3.193699,5.871367,-20.495864,3.441512,0.424418,0.00024,0.304376,0.000306,0.413711,0.000398,0,7.353955,48.97441,-0.022698,-33.1,321.3,2456565.58079,-6.165414,-6.165233,0,-9999999,0.005192,0.98093,0.856509,1.269402,0.981121,0.5,450.0009,-3.186742,5.854563,2013-09-30T01:45:14.866,-9999999,G2,091.C-0271(A),NCSantos,-9999999,HARPS_ech_obs_all,HARPS_ech_obs_objAB,STAR_SKY_G2,5.55114700091855E-06,3.24790178373359E-07,0,0,0
GJ882,344.365525,20.76525,2456565.586343,-22.003227,0.897955,-33183.921866,1.006139,-6.512538,0.269665,-33182.657682,0.22298,-6.663407,0.294776,-0.786065,5.9713,-19.861777,3.465424,0.424163,0.000236,0.304276,0.000302,0.413183,0.000392,0,7.354323,48.976075,-0.024832,-33.1,325.9,2456565.58634,-6.180519,-6.180344,0,-9999999,0.005192,0.97919,0.856507,1.258992,0.98112,0.49,450.0002,-0.788161,5.95494,2013-09-30T01:53:17.904,-9999999,G2,091.C-0271(A),NCSantos,-9999999,HARPS_ech_obs_all,HARPS_ech_obs_objAB,STAR_SKY_G2,6.14089394870185E-06,2.56453631504646E-07,0,0,0
GJ882,344.365525,20.76525,2456565.5919206,-21.147477,0.8995,-33182.490836,1.007268,-5.65854,0.274769,-33181.237135,0.228028,-5.867401,0.299469,-3.244323,5.416133,-19.375081,3.426617,0.424529,0.000244,0.304806,0.000311,0.41323,0.000404,0,7.354429,48.964492,-0.021932,-33.1,317.1,2456565.59192,-6.195867,-6.195713,0,-9999999,0.005192,0.977438,0.856505,1.248509,0.981118,0.49,450.0009,-3.266863,5.399285,2013-09-30T02:01:19.823,-9999999,G2,091.C-0271(A),NCSantos,-9999999,HARPS_ech_obs_all,HARPS_ech_obs_objAB,STAR_SKY_G2,6.66845069420371E-06,2.69659530264018E-07,0,0,0
GJ882,344.365525,20.76525,2456565.5975989,-21.112244,0.889834,-33182.878599,1.000951,-5.625091,0.241259,-33181.63557,0.198275,-5.748823,0.268084,1.75865,5.529814,-19.762986,3.227799,0.424588,0.000212,0.304056,0.000269,0.412622,0.000349,0,7.35631,48.97186,-0.022903,-33.1,366,2456565.59759,-6.211617,-6.211435,0,-9999999,0.005193,0.975654,0.856504,1.237836,0.981116,0.51,450.0012,1.750043,5.514293,2013-09-30T02:09:21.442,-9999999,G2,091.C-0271(A),NCSantos,-9999999,HARPS_ech_obs_all,HARPS_ech_obs_objAB,STAR_SKY_G2,6.14552537536892E-06,2.58280878612846E-07,0,0,0
GJ882,344.365525,20.76525,2456565.6031302,-20.958611,0.893637,-33182.564777,1.003512,-5.473195,0.254931,-33181.332144,0.210833,-5.654334,0.281017,0.747566,5.193674,-20.221967,3.507863,0.424454,0.000226,0.304526,0.000287,0.413677,0.000374,0,7.355246,48.969605,-0.023051,-33.1,342.6,2456565.60312,-6.227065,-6.226877,0,-9999999,0.005193,0.973917,0.856503,1.22744,0.981115,0.5,450.0011,0.744793,5.176806,2013-09-30T02:17:23.851,-9999999,G2,091.C-0271(A),NCSantos,-9999999,HARPS_ech_obs_all,HARPS_ech_obs_objAB,STAR_SKY_G2,5.96257947134208E-06,3.08374691796166E-07,0,0,0
GJ882,344.365525,20.76525,2456565.608709,-19.868298,0.895455,-33181.432676,1.004762,-4.384635,0.261237,-33180.210528,0.216712,-4.423725,0.286682,-7.416969,5.874522,-19.28129,3.50016,0.424714,0.000235,0.303707,0.000296,0.413871,0.000386,0,7.356633,48.96199,-0.023221,-33.1,331.8,2456565.6087,-6.242733,-6.242564,0,-9999999,0.005193,0.972164,0.856501,1.216955,0.981113,0.5,450.0008,-7.428167,5.861393,2013-09-30T02:25:25.870,-9999999,G2,091.C-0271(A),NCSantos,-9999999,HARPS_ech_obs_all,HARPS_ech_obs_objAB,STAR_SKY_G2,6.75511357505983E-06,2.79050571241046E-07,0,0,0
GJ882,344.365525,20.76525,2456565.6142932,-20.476877,0.892538,-33181.949053,1.002945,-4.994968,0.251062,-33180.737401,0.208129,-5.043813,0.277926,1.359638,5.964975,-19.841044,3.424106,0.424619,0.000222,0.304138,0.000283,0.412973,0.000368,0,7.355479,48.967373,-0.02315,-33.1,348.1,2456565.61429,-6.258491,-6.258329,0,-9999999,0.005193,0.97041,0.8565,1.206459,0.981112,0.5,450.0005,1.328819,5.951252,2013-09-30T02:33:28.359,-9999999,G2,091.C-0271(A),NCSantos,-9999999,HARPS_ech_obs_all,HARPS_ech_obs_objAB,STAR_SKY_G2,7.56022063048766E-06,3.21736833193972E-07,0,0,0
GJ882,344.365525,20.76525,2456565.6198716,-20.832815,0.893736,-33182.316608,1.003497,-5.352658,0.255292,-33181.11544,0.210782,-5.426557,0.280826,5.161054,5.979227,-19.705705,3.367805,0.424203,0.000224,0.30387,0.000285,0.412823,0.000371,0,7.355855,48.971751,-0.024524,-33.1,345.1,2456565.61987,-6.274288,-6.274119,0,-9999999,0.005194,0.968658,0.856499,1.195974,0.981111,0.5,450.001,5.151831,5.966812,2013-09-30T02:41:30.338,-9999999,G2,091.C-0271(A),NCSantos,-9999999,HARPS_ech_obs_all,HARPS_ech_obs_objAB,STAR_SKY_G2,6.61882271541512E-06,2.72478234539951E-07,0,0,0
GJ882,344.365525,20.76525,2456565.6255082,-20.809516,0.889489,-33181.823191,1.000825,-5.33113,0.240004,-33180.632617,0.197674,-5.394666,0.267164,-0.060731,5.790253,-19.776097,3.403465,0.424033,0.000209,0.303895,0.000267,0.413444,0.000347,0,7.354572,48.974711,-0.023938,-33.1,368.8,2456565.6255,-6.290292,-6.290113,0,-9999999,0.005194,0.966887,0.856498,1.18538,0.981109,0.51,450.0003,-0.080332,5.776775,2013-09-30T02:49:32.856,-9999999,G2,091.C-0271(A),NCSantos,-9999999,HARPS_ech_obs_all,HARPS_ech_obs_objAB,STAR_SKY_G2,5.9201858906939E-06,2.68321555753881E-07,0,0,0
GJ882,344.365525,20.76525,2456565.6310337,-19.766325,0.891083,-33180.708894,1.001822,-4.289674,0.245852,-33179.528705,0.202665,-4.407707,0.272202,-0.193913,5.521404,-20.344677,3.45673,0.42402,0.000216,0.303631,0.000274,0.41357,0.000357,0,7.354457,48.969198,-0.022474,-33.1,358.6,2456565.63102,-6.306003,-6.30583,0,-9999999,0.005194,0.965152,0.856497,1.174995,0.981108,0.5,450.0012,-0.208816,5.511306,2013-09-30T02:57:34.765,-9999999,G2,091.C-0271(A),NCSantos,-9999999,HARPS_ech_obs_all,HARPS_ech_obs_objAB,STAR_SKY_G2,6.12678668805267E-06,2.48338218802512E-07,0,0,0
GJ882,344.365525,20.76525,2456565.6366074,-20.265524,0.888142,-33181.37362,1.000145,-4.790624,0.234971,-33180.203907,0.194211,-4.889496,0.262336,3.327571,5.778991,-20.313883,3.365835,0.42424,0.000207,0.304366,0.000263,0.413175,0.000341,0,7.354423,48.970448,-0.023327,-33.1,375,2456565.6366,-6.321859,-6.321691,0,-9999999,0.005194,0.963401,0.856496,1.164519,0.981107,0.5,450.0009,3.283712,5.764034,2013-09-30T03:05:36.343,-9999999,G2,091.C-0271(A),NCSantos,-9999999,HARPS_ech_obs_all,HARPS_ech_obs_objAB,STAR_SKY_G2,6.63044186070562E-06,2.8258897673504E-07,0,0,0
GJ882,344.365525,20.76525,2456565.6422382,-18.976899,0.888943,-33179.994597,1.000698,-3.503768,0.237984,-33178.835466,0.197047,-3.330677,0.264821,0.132184,5.954286,-20.102519,3.400841,0.42488,0.000211,0.304269,0.000267,0.412357,0.000347,0,7.355987,48.971258,-0.022654,-33.1,368.2,2456565.64223,-6.337868,-6.337675,0,-9999999,0.005195,0.961632,0.856495,1.153936,0.981106,0.51,450.0009,0.10358,5.944473,2013-09-30T03:13:38.352,-9999999,G2,091.C-0271(A),NCSantos,-9999999,HARPS_ech_obs_all,HARPS_ech_obs_objAB,STAR_SKY_G2,6.21948218502639E-06,2.73929080545124E-07,0,0,0
GJ882,344.365525,20.76525,2456565.6477134,-18.491124,0.890724,-33179.286094,1.001379,-3.019713,0.244556,-33178.137254,0.200478,-2.903575,0.27133,-8.898107,5.995727,-18.482871,3.376093,0.424692,0.00021,0.304061,0.000269,0.422018,0.000349,0,7.356481,48.95625,-0.024096,-33.1,365.6,2456565.6477,-6.35341,-6.353234,0,-9999999,0.005195,0.959912,0.856494,1.143645,0.981105,0.49,450.001,-8.897562,5.986347,2013-09-30T03:21:40.421,-9999999,G2,091.C-0271(A),NCSantos,-9999999,HARPS_ech_obs_all,HARPS_ech_obs_objAB,STAR_SKY_G2,6.16934331468542E-06,2.59816077966913E-07,0,0,0
GJ882,344.365525,20.76525,2456565.653344,-18.495155,0.886335,-33179.248928,0.998616,-3.025513,0.228056,-33178.11067,0.18619,-2.829693,0.256346,-1.917536,5.884789,-18.868282,3.355432,0.425173,0.000196,0.304067,0.00025,0.422069,0.000325,0,7.357023,48.96497,-0.022361,-33.1,393.8,2456565.65334,-6.369351,-6.369183,0,-9999999,0.005195,0.958143,0.856493,1.133063,0.981105,0.5,450.0012,-1.925016,5.87666,2013-09-30T03:29:42.420,-9999999,G2,091.C-0271(A),NCSantos,-9999999,HARPS_ech_obs_all,HARPS_ech_obs_objAB,STAR_SKY_G2,6.53212170170354E-06,2.19541308334034E-07,0,0,0
GJ882,344.365525,20.76525,2456565.6587169,-19.010808,0.88937,-33179.802936,1.000615,-3.542853,0.239581,-33178.674777,0.196636,-3.264739,0.267034,-7.058911,6.016329,-18.587183,3.445005,0.425302,0.000207,0.303868,0.000264,0.421638,0.000343,0,7.355933,48.965023,-0.021443,-33.1,371.5,2456565.65871,-6.384507,-6.384324,0,-9999999,0.005195,0.956456,0.856493,1.122964,0.981104,0.46,450.0013,-7.062773,6.005955,2013-09-30T03:37:44.649,-9999999,G2,091.C-0271(A),NCSantos,-9999999,HARPS_ech_obs_all,HARPS_ech_obs_objAB,STAR_SKY_G2,6.44064229238303E-06,3.00736332803177E-07,0,0,0
GJ882,344.365525,20.76525,2456565.6645049,-17.244661,0.891315,-33178.258967,1.001981,-1.778524,0.246704,-33177.141685,0.203474,-1.665082,0.273205,-8.71347,5.407465,-17.630746,3.364164,0.425525,0.000216,0.303711,0.000274,0.420674,0.000356,0,7.358122,48.955994,-0.023401,-33.1,357.9,2456565.6645,-6.400756,-6.400588,0,-9999999,0.005196,0.954638,0.856492,1.112086,0.981103,0.5,450.0007,-8.736769,5.400487,2013-09-30T03:45:46.737,-9999999,G2,091.C-0271(A),NCSantos,-9999999,HARPS_ech_obs_all,HARPS_ech_obs_objAB,STAR_SKY_G2,6.20571841928077E-06,2.78783896097255E-07,0,0,0
GJ882,344.365525,20.76525,2456565.6701357,-16.811195,0.893448,-33177.4607,1.003501,-1.346827,0.254307,-33176.354001,0.210836,-1.028863,0.27987,-5.22027,5.066521,-16.639,3.411405,0.424673,0.000225,0.304015,0.000285,0.420864,0.00037,0,7.357138,48.954938,-0.023517,-33.1,344.6,2456565.67013,-6.416471,-6.41631,0,-9999999,0.005196,0.952869,0.856492,1.101503,0.981103,0.51,449.9998,-5.233447,5.06224,2013-09-30T03:53:48.746,-9999999,G2,091.C-0271(A),NCSantos,-9999999,HARPS_ech_obs_all,HARPS_ech_obs_objAB,STAR_SKY_G2,5.66514666231197E-06,2.53999904426714E-07,0,0,0
GJ882,344.365525,20.76525,2456565.6758191,-16.339974,0.887831,-33176.763281,0.999572,-0.877391,0.233809,-33175.667264,0.191266,-0.6557,0.262019,-2.856773,5.734288,-19.378567,3.420191,0.424708,0.000203,0.304027,0.000258,0.420207,0.000335,0,7.35547,48.969246,-0.023006,-33.1,380.8,2456565.67582,-6.432221,-6.432049,0,-9999999,0.005196,0.951084,0.856491,1.090821,0.981103,0.53,449.9957,-2.887512,5.731683,2013-09-30T04:01:50.805,-9999999,G2,091.C-0271(A),NCSantos,-9999999,HARPS_ech_obs_all,HARPS_ech_obs_objAB,STAR_SKY_G2,6.19936900772754E-06,2.31829104706143E-07,0,0,0
GJ882,344.365525,20.76525,2456565.6811847,-15.686722,0.890543,-33176.322678,1.00154,-0.225825,0.243905,-33175.236746,0.201298,0.106742,0.270043,-10.501447,5.850221,-19.364657,3.443436,0.425144,0.000217,0.303268,0.000274,0.421603,0.000356,0,7.356352,48.967303,-0.023553,-33.1,359.2,2456565.68117,-6.446974,-6.446803,0,-9999999,0.005196,0.949398,0.856491,1.080736,0.981102,0.49,450.0013,-10.509091,5.85,2013-09-30T04:09:52.404,-9999999,G2,091.C-0271(A),NCSantos,-9999999,HARPS_ech_obs_all,HARPS_ech_obs_objAB,STAR_SKY_G2,6.64354446618278E-06,3.21964688383591E-07,0,0,0
GJ882,344.365525,20.76525,2456565.6867628,-15.391435,0.885298,-33176.127348,0.997992,0.06771,0.224002,-33175.051899,0.182833,0.457976,0.252533,-8.031783,5.744283,-19.70818,3.282633,0.421565,0.000195,0.302927,0.000246,0.421412,0.00032,0,7.355792,48.973283,-0.023174,-33.1,398.7,2456565.68675,-6.462175,-6.461996,0,-9999999,0.005197,0.947646,0.856491,1.070252,0.981102,0.49,450.0005,-8.040886,5.745181,2013-09-30T04:17:54.362,-9999999,G2,091.C-0271(A),NCSantos,-9999999,HARPS_ech_obs_all,HARPS_ech_obs_objAB,STAR_SKY_G2,6.81080870785183E-06,2.62329327267309E-07,0,0,0
GJ882,344.365525,20.76525,2456565.6923952,-15.573376,0.885725,-33176.023205,0.998163,-0.116,0.225682,-33174.958342,0.183763,0.210721,0.253369,-9.28313,5.87361,-19.410068,3.301693,0.421693,0.000197,0.303403,0.000249,0.42195,0.000324,0,7.357094,48.966249,-0.024153,-33.1,395.1,2456565.69239,-6.477367,-6.477191,0,-9999999,0.005197,0.945877,0.856491,1.059666,0.981102,0.5,450.0018,-9.296523,5.873562,2013-09-30T04:25:56.512,-9999999,G2,091.C-0271(A),NCSantos,-9999999,HARPS_ech_obs_all,HARPS_ech_obs_objAB,STAR_SKY_G2,5.68190405570702E-06,2.67360027584788E-07,0,0,0
GJ882,344.365525,20.76525,2456565.6979768,-14.820978,0.88475,-33175.27191,0.996633,0.634644,0.221824,-33174.217538,0.175262,0.982373,0.24745,-11.76068,5.906279,-18.003532,3.269871,0.421595,0.000187,0.303121,0.000236,0.422039,0.000307,128,7.357017,48.972807,-0.024945,-33.1,416.4,2456565.69797,-6.492251,-6.492085,0,-9999999,0.005197,0.944123,0.856491,1.049175,0.981102,0.5,450.0004,-11.790605,5.908157,2013-09-30T04:33:58.771,-9999999,G2,091.C-0271(A),NCSantos,-9999999,HARPS_ech_obs_all,HARPS_ech_obs_objAB,STAR_SKY_G2,6.32371157684332E-06,2.84028267461575E-07,0,0,0
GJ882,344.365525,20.76525,2456565.7035624,-14.599179,0.885112,-33174.963368,0.996877,0.854689,0.223265,-33173.919494,0.176644,1.19913,0.248334,-10.925632,5.227206,-16.520655,3.25876,0.420985,0.000188,0.303426,0.000238,0.421367,0.000309,128,7.357511,48.967043,-0.025019,-33.1,413.7,2456565.70356,-6.50696,-6.506798,0,-9999999,0.005197,0.942369,0.856491,1.038677,0.981102,0.5,450.0012,-10.933364,5.23121,2013-09-30T04:42:01.379,-9999999,G2,091.C-0271(A),NCSantos,-9999999,HARPS_ech_obs_all,HARPS_ech_obs_objAB,STAR_SKY_G2,6.35932534827704E-06,2.63920102602579E-07,0,0,0
GJ882,344.365525,20.76525,2456565.7091472,-14.677882,0.885267,-33175.177766,0.997025,0.774231,0.22388,-33174.144388,0.177475,1.254629,0.248991,-8.489868,5.451642,-17.26536,3.27907,0.421157,0.000192,0.303653,0.000241,0.421421,0.000313,128,7.358199,48.963475,-0.023821,-33.1,408.7,2456565.70914,-6.521466,-6.521281,0,-9999999,0.005198,0.940614,0.856491,1.02818,0.981102,0.5,450.0014,-8.520717,5.455148,2013-09-30T04:50:03.918,-9999999,G2,091.C-0271(A),NCSantos,-9999999,HARPS_ech_obs_all,HARPS_ech_obs_objAB,STAR_SKY_G2,6.55164883107224E-06,2.51643690045353E-07,0,0,0
GJ882,344.365525,20.76525,2456565.7146744,-13.384342,0.886483,-33173.619625,0.998737,2.066035,0.22864,-33172.596635,0.186856,2.642767,0.255553,-1.02969,5.480009,-17.740619,3.491468,0.421256,0.000206,0.309048,0.000256,0.42214,0.000334,0,7.358978,48.960311,-0.024108,-33.1,383.7,2456565.71467,-6.535611,-6.535455,0,-9999999,0.005198,0.938878,0.856491,1.017792,0.981102,0.49,450.0002,-1.05433,5.489304,2013-09-30T04:58:05.976,-9999999,G2,091.C-0271(A),NCSantos,-9999999,HARPS_ech_obs_all,HARPS_ech_obs_objAB,STAR_SKY_G2,6.16102363210312E-06,2.20691311461683E-07,0,0,0
GJ882,344.365525,20.76525,2456565.7204076,-12.307005,0.885353,-33172.325196,0.997951,3.141571,0.224216,-33171.312982,0.182606,3.680738,0.251642,-2.679374,5.792638,-18.675568,3.382274,0.421596,0.0002,0.309308,0.000249,0.421896,0.000324,0,7.357362,48.965236,-0.022463,-33.1,394.9,2456565.7204,-6.550044,-6.54987,0,-9999999,0.005198,0.937077,0.856491,1.007016,0.981102,0.52,450.0007,-2.718564,5.806987,2013-09-30T05:06:07.835,-9999999,G2,091.C-0271(A),NCSantos,-9999999,HARPS_ech_obs_all,HARPS_ech_obs_objAB,STAR_SKY_G2,6.79331817532654E-06,3.01198940330189E-07,0,0,0
GJ882,344.365525,20.76525,2456565.7258295,-12.052162,0.884547,-33172.253709,0.996507,3.394711,0.221012,-33171.251686,0.174537,4.001758,0.24679,-1.326158,5.541933,-19.203376,3.334645,0.421201,0.000188,0.309011,0.000235,0.421336,0.000307,128,7.356612,48.985081,-0.023466,-33.1,416.9,2456565.72583,-6.563457,-6.563292,0,-9999999,0.005198,0.935374,0.856491,0.996825,0.981103,0.49,450.0014,-1.349966,5.556668,2013-09-30T05:14:09.794,-9999999,G2,091.C-0271(A),NCSantos,-9999999,HARPS_ech_obs_all,HARPS_ech_obs_objAB,STAR_SKY_G2,6.99072565116099E-06,2.97605422419148E-07,0,0,0
GJ882,344.365525,20.76525,2456565.731512,-12.268318,0.885667,-33172.377264,0.997851,3.17677,0.225451,-33171.38592,0.182052,3.723613,0.252836,-3.730254,6.059286,-20.445476,3.335585,0.422321,0.0002,0.309204,0.000248,0.421961,0.000324,0,7.355695,48.977999,-0.023755,-33.1,396.1,2456565.73151,-6.577254,-6.577104,0,-9999999,0.005199,0.933589,0.856492,0.986145,0.981103,0.51,450.0011,-3.758291,6.069764,2013-09-30T05:22:11.773,-9999999,G2,091.C-0271(A),NCSantos,-9999999,HARPS_ech_obs_all,HARPS_ech_obs_objAB,STAR_SKY_G2,5.54382301934617E-06,2.15698595806465E-07,0,0,0
GJ882,344.365525,20.76525,2456565.7370552,-11.204305,0.890049,-33171.160684,1.000847,4.239042,0.24209,-33170.179758,0.197814,4.937182,0.26868,-5.291078,5.843351,-20.750761,3.499334,0.422451,0.000219,0.309053,0.000272,0.422897,0.000355,0,7.35379,48.980523,-0.023098,-33.1,361.2,2456565.73705,-6.590441,-6.590286,0,-9999999,0.005199,0.931848,0.856492,0.975727,0.981104,0.48,450.0016,-5.311629,5.860371,2013-09-30T05:30:24.212,-9999999,G2,091.C-0271(A),NCSantos,-9999999,HARPS_ech_obs_all,HARPS_ech_obs_objAB,STAR_SKY_G2,5.70370025972325E-06,2.76408000446501E-07,0,0,0
GJ882,344.365525,20.76525,2458274.8593212,-24.721897,0.725154,-33164.936085,1.105195,21.959387,0.274283,-33167.943319,0.229544,6.709541,0.27579,4.805424,5.747699,12.591661,1.806237,0.426198,0.000254,0.310319,0.000329,0.410076,0.000418,0,7.371395,48.847816,-0.012115,-33.02,298.3,2458274.85931,26.316172,26.316169,0.351,-9999999,0.083213,-3.253359,0.67128,-3.090447,1.081094,0.5,599.9982,4.81228,5.764945,2018-06-05T08:33:43.971,-9999999,G2,0101.C-0106(A),Martins,-9999999,HARPS_ech_obs_all,HARPS_ech_obs_wavesimult,STAR_WAVE_G2IV,6.22641303893489E-06,3.13222038488765E-07,0,0,0
GJ882,344.365525,20.76525,2458274.8667069,-24.164211,0.728199,-33164.466906,1.106712,22.530637,0.282201,-33167.473921,0.236682,7.335965,0.28349,1.65007,5.412033,12.84479,2.012398,0.426189,0.000265,0.310192,0.000341,0.409763,0.000433,0,7.372377,48.84981,-0.013417,-33.02,287.7,2458274.86671,26.301555,26.301524,0.414,-9999999,0.083213,-3.239794,0.671295,-3.090228,1.081107,0.51,599.9982,1.637552,5.43452,2018-06-05T08:44:16.035,-9999999,G2,0101.C-0106(A),Martins,-9999999,HARPS_ech_obs_all,HARPS_ech_obs_wavesimult,STAR_WAVE_G2IV,6.9023404642683E-06,3.09265532751368E-07,0,0,0
GJ882,344.365525,20.76525,2458274.8735939,-23.53969,0.732328,-33164.360498,1.108777,23.167807,0.292655,-33167.367308,0.246103,7.92356,0.293947,1.038888,5.970271,13.023944,1.712816,0.426512,0.000275,0.310397,0.000354,0.4103,0.00045,0,7.372259,48.847343,-0.013464,-33.02,277,2458274.87359,26.287561,26.28752,0.542,-9999999,0.083214,-3.227145,0.67131,-3.090024,1.081119,0.45,599.9982,1.039047,5.990632,2018-06-05T08:54:47.024,-9999999,G2,0101.C-0106(A),Martins,-9999999,HARPS_ech_obs_all,HARPS_ech_obs_wavesimult,STAR_WAVE_G2IV,6.92211201826363E-06,2.83027812507508E-07,0,0,0
GJ882,344.365525,20.76525,2458274.8816044,-23.034118,0.721547,-33163.105921,1.103429,23.688092,0.264478,-33166.112493,0.220689,8.487813,0.265774,2.961618,5.73569,13.37222,1.838997,0.425801,0.000245,0.309754,0.000316,0.410565,0.000402,0,7.371847,48.846642,-0.012666,-33.02,310.2,2458274.8816,26.270882,26.270839,0.412,-9999999,0.083214,-3.212433,0.671328,-3.089786,1.081134,0.55,599.9983,2.969202,5.75939,2018-06-05T09:05:19.064,-9999999,G2,0101.C-0106(A),Martins,-9999999,HARPS_ech_obs_all,HARPS_ech_obs_wavesimult,STAR_WAVE_G2IV,6.47198581997478E-06,2.82604301118167E-07,0,0,0
GJ882,344.365525,20.76525,2458274.8884905,-22.791213,0.708986,-33163.029655,1.097451,23.943644,0.227944,-33166.036023,0.188461,8.718451,0.230007,0.987498,5.567808,13.235512,1.756288,0.426081,0.000209,0.309753,0.000269,0.409606,0.000341,0,7.374279,48.846235,-0.01191,-33.02,364.3,2458274.88848,26.256229,26.256224,0.583,-9999999,0.083214,-3.199785,0.671344,-3.089582,1.081148,0.49,599.9983,0.987794,5.594863,2018-06-05T09:15:49.979,-9999999,G2,0101.C-0106(A),Martins,-9999999,HARPS_ech_obs_all,HARPS_ech_obs_wavesimult,STAR_WAVE_G2IV,6.3717230202218E-06,2.65676703437805E-07,0,0,0
GJ882,344.365525,20.76525,2458274.896003,-21.721736,0.707738,-33162.138165,1.096825,25.026919,0.223978,-33165.144309,0.184693,9.765608,0.226144,2.366779,5.420265,12.68231,1.79003,0.42599,0.000203,0.310016,0.000262,0.410859,0.000333,0,7.372256,48.855816,-0.011867,-33.02,373.9,2458274.896,26.239947,26.239911,0.482,-9999999,0.083215,-3.185988,0.671362,-3.089359,1.081163,0.52,599.9982,2.359082,5.450918,2018-06-05T09:26:21.003,-9999999,G2,0101.C-0106(A),Martins,-9999999,HARPS_ech_obs_all,HARPS_ech_obs_wavesimult,STAR_WAVE_G2IV,6.08503868495372E-06,2.50440299947433E-07,0,0,0
GJ882,344.365525,20.76525,2458274.9029593,-21.682748,0.713492,-33161.592151,1.099595,25.078683,0.241497,-33164.598089,0.200405,9.779651,0.243139,5.374126,5.510291,12.518539,1.783,0.426045,0.000222,0.316134,0.000285,0.410141,0.000363,0,7.372694,48.851584,-0.011753,-33.02,342.8,2458274.90295,26.224626,26.224605,0.447,-9999999,0.083215,-3.173211,0.671379,-3.089153,1.081178,0.47,599.9983,5.369889,5.53883,2018-06-05T09:36:51.967,-9999999,G2,0101.C-0106(A),Martins,-9999999,HARPS_ech_obs_all,HARPS_ech_obs_wavesimult,STAR_WAVE_G2IV,6.5805981917754E-06,2.1744937074483E-07,0,0,0
GJ882,344.365525,20.76525,2458274.9105411,-20.779605,0.703278,-33161.263452,1.094371,25.995751,0.209342,-33164.269165,0.169309,10.698951,0.210853,1.222795,5.566044,12.857444,1.914986,0.425572,0.000185,0.315785,0.000238,0.409704,0.000303,128,7.373236,48.85952,-0.013686,-33.02,409.9,2458274.91053,26.207697,26.207698,0.482,-9999999,0.083215,-3.159286,0.671399,-3.088928,1.081195,0.51,599.9982,1.222673,5.599674,2018-06-05T09:47:22.982,-9999999,G2,0101.C-0106(A),Martins,-9999999,HARPS_ech_obs_all,HARPS_ech_obs_wavesimult,STAR_WAVE_G2IV,7.30471209276189E-06,2.36657063559381E-07,0,0,0
GJ882,344.365525,20.76525,2458274.9175679,-20.624269,0.701586,-33160.737337,1.093642,26.163993,0.203522,-33163.742841,0.16443,10.806753,0.205157,3.798051,5.06311,14.475391,1.782799,0.421869,0.000181,0.315887,0.000232,0.417904,0.000295,128,7.374571,48.849326,-0.012883,-33.02,420.9,2458274.91757,26.191827,26.191794,0.443,-9999999,0.083216,-3.146381,0.671418,-3.08872,1.081211,0.47,599.9982,3.795944,5.099431,2018-06-05T09:57:54.046,-9999999,G2,0101.C-0106(A),Martins,-9999999,HARPS_ech_obs_all,HARPS_ech_obs_wavesimult,STAR_WAVE_G2IV,6.60516506979576E-06,2.61862404862587E-07,0,0,0
GJ882,344.365525,20.76525,2458290.8174302,-46.840945,1.090278,-33186.798934,1.354891,1.868436,0.194914,-33187.804966,0.155162,-13.500334,0.197435,6.819336,6.622096,15.137596,1.77005,0.425581,0.000171,0.308619,0.00022,0.409565,0.00028,128,7.37459,48.838713,-0.011613,-33.02,443.5,2458290.81743,26.598183,26.598186,0.729,-9999999,0.083941,-1.225261,1.072714,-1.089973,1.345977,0.52,899.9982,6.820567,6.587778,2018-06-21T07:28:35.064,-9999999,G2,0101.C-0106(A),Martins,-9999999,HARPS_ech_obs_all,HARPS_ech_obs_wavesimult,STAR_WAVE_G2IV,6.69634470378691E-06,1.96624385895956E-07,0,0,0
GJ882,344.365525,20.76525,2458290.8280032,-47.62279,1.089703,-33187.344024,1.354471,1.10601,0.191614,-33188.349741,0.151359,-14.202156,0.194016,9.4444,6.276029,15.68169,1.821814,0.425385,0.000166,0.308574,0.000214,0.409462,0.000272,128,7.375763,48.837638,-0.011357,-33.02,455.4,2458290.828,26.575791,26.575816,0.721,-9999999,0.083942,-1.205843,1.072724,-1.089659,1.345988,0.5,899.9982,9.453457,6.237107,2018-06-21T07:44:06.495,-9999999,G2,0101.C-0106(A),Martins,-9999999,HARPS_ech_obs_all,HARPS_ech_obs_wavesimult,STAR_WAVE_G2IV,6.46308219042652E-06,2.02316502192036E-07,0,0,0
GJ882,344.365525,20.76525,2458290.8484107,-48.983676,1.088812,-33188.691487,1.353905,-0.217395,0.186353,-33189.696598,0.145981,-15.527613,0.188756,5.96009,6.515435,15.511018,1.749927,0.425196,0.00016,0.308929,0.000205,0.409011,0.000261,128,7.375436,48.837679,-0.010827,-33.02,475.2,2458290.8484,26.530425,26.530448,0.56,-9999999,0.083943,-1.168361,1.072746,-1.089054,1.346012,0.5,699.9983,5.952855,6.472254,2018-06-21T08:15:09.547,-9999999,G2,0101.C-0106(A),Martins,-9999999,HARPS_ech_obs_all,HARPS_ech_obs_wavesimult,STAR_WAVE_G2IV,6.61883153068511E-06,1.89453691266341E-07,0,0,0
GJ882,344.365525,20.76525,2458290.8554781,-48.787289,1.094651,-33188.605549,1.357802,-0.008028,0.21785,-33189.61045,0.178474,-15.327122,0.220253,8.133043,6.660016,15.303626,1.6944,0.425655,0.000198,0.309097,0.000252,0.409526,0.000321,0,7.375667,48.82821,-0.011581,-33.02,386.5,2458290.85548,26.514161,26.514164,0,-9999999,0.083943,-1.155381,1.072755,-1.088844,1.346021,0.51,449.9982,8.144671,6.61558,2018-06-21T08:27:20.617,-9999999,G2,0101.C-0106(A),Martins,-9999999,HARPS_ech_obs_all,HARPS_ech_obs_wavesimult,STAR_WAVE_G2IV,6.49347516462618E-06,2.5204375926354E-07,0,0,0
GJ882,344.365525,20.76525,2458290.8609398,-48.845301,1.092141,-33188.782997,1.356006,-0.056009,0.204827,-33189.787736,0.164196,-15.316002,0.206894,10.553951,6.498688,15.422478,1.786996,0.425112,0.000181,0.308617,0.00023,0.409222,0.000293,128,7.374472,48.834588,-0.012256,-33.02,423.1,2458290.86093,26.501431,26.501464,0,-9999999,0.083943,-1.14535,1.072761,-1.088682,1.346028,0.49,449.9982,10.556754,6.453068,2018-06-21T08:35:21.463,-9999999,G2,0101.C-0106(A),Martins,-9999999,HARPS_ech_obs_all,HARPS_ech_obs_wavesimult,STAR_WAVE_G2IV,6.95572948177772E-06,2.35388466856037E-07,0,0,0
GJ882,344.365525,20.76525,2458290.8665595,-48.699896,1.093282,-33188.748207,1.357016,0.099718,0.210792,-33189.752778,0.172273,-15.218975,0.213536,6.452803,6.301468,14.134573,1.770512,0.42543,0.000193,0.308885,0.000245,0.409413,0.000312,0,7.375443,48.837184,-0.012107,-33.02,398.5,2458290.86655,26.488203,26.488204,0,-9999999,0.083944,-1.135029,1.072769,-1.088515,1.346036,0.5,449.9983,6.450109,6.258134,2018-06-21T08:43:22.460,-9999999,G2,0101.C-0106(A),Martins,-9999999,HARPS_ech_obs_all,HARPS_ech_obs_wavesimult,STAR_WAVE_G2IV,6.71644884940661E-06,2.08510126254932E-07,0,0,0
GJ882,344.365525,20.76525,2458290.8721275,-48.849488,1.092359,-33188.609826,1.356302,-0.039648,0.205911,-33189.614232,0.166491,-15.378483,0.208121,7.079396,6.178496,15.902027,1.737533,0.425488,0.000189,0.308214,0.000238,0.408821,0.000303,128,7.376205,48.833635,-0.011547,-33.02,410.1,2458290.87212,26.474982,26.474992,0,-9999999,0.083944,-1.124802,1.072776,-1.08835,1.346044,0.5,449.9982,7.077102,6.130911,2018-06-21T08:51:23.496,-9999999,G2,0101.C-0106(A),Martins,-9999999,HARPS_ech_obs_all,HARPS_ech_obs_wavesimult,STAR_WAVE_G2IV,6.50987937269851E-06,2.20464336650008E-07,0,0,0
GJ882,344.365525,20.76525,2458290.8796209,-50.060449,1.087083,-33189.717808,1.353086,-1.236846,0.175726,-33190.721992,0.137753,-16.577889,0.178426,6.894255,6.081072,16.202194,1.67772,0.424931,0.000157,0.308577,0.000197,0.409234,0.000251,128,7.377704,48.835412,-0.0112,-33.02,494,2458290.87961,26.457039,26.457053,0.712,-9999999,0.083944,-1.11104,1.072786,-1.088128,1.346056,0.48,699.9983,6.88918,6.028721,2018-06-21T09:00:19.865,-9999999,G2,0101.C-0106(A),Martins,-9999999,HARPS_ech_obs_all,HARPS_ech_obs_wavesimult,STAR_WAVE_G2IV,6.41455708886179E-06,2.22884363614865E-07,0,0,0
GJ882,344.365525,20.76525,2458290.8844289,-49.6752,1.282815,-33189.961708,1.47097,-0.842767,0.703369,-33190.965748,0.593184,-16.063205,0.703623,16.31309,8.79948,14.97491,2.718604,0.426982,0.000687,0.309714,0.000873,0.410111,0.001109,0,7.371802,48.85041,-0.012299,-33.02,113.3,2458290.88443,26.445451,26.445451,0,-9999999,0.083945,-1.102209,1.072793,-1.087985,1.346063,0.51,40.6408,16.322317,8.774241,2018-06-21T09:12:30.515,-9999999,G2,0101.C-0106(A),Martins,-9999999,HARPS_ech_obs_all,HARPS_ech_obs_wavesimult,STAR_WAVE_G2IV,7.34776899902499E-06,6.46958948786316E-07,0,0,0
GJ882,344.365525,20.76525,2458290.8882337,-50.021938,1.091473,-33189.707932,1.355918,-1.182517,0.201036,-33190.711859,0.163129,-16.512823,0.203529,8.427283,7.035226,16.178532,1.717713,0.425342,0.00019,0.308403,0.000236,0.409168,0.000301,128,7.376249,48.836714,-0.011244,-33.02,413.3,2458290.88822,26.436247,26.436264,0.457,-9999999,0.083945,-1.095221,1.072799,-1.087872,1.346069,0.52,449.9982,8.424663,6.992397,2018-06-21T09:14:25.951,-9999999,G2,0101.C-0106(A),Martins,-9999999,HARPS_ech_obs_all,HARPS_ech_obs_wavesimult,STAR_WAVE_G2IV,6.69118395014784E-06,2.51495454553535E-07,0,0,0
GJ882,344.365525,20.76525,2458290.8936509,-50.562783,1.089948,-33190.156439,1.354883,-1.713412,0.192538,-33191.160206,0.154214,-17.070909,0.194937,8.277146,6.264988,14.302696,1.741465,0.425459,0.000175,0.309093,0.00022,0.408937,0.00028,128,7.375028,48.8409,-0.011378,-33.02,443.8,2458290.89364,26.423104,26.423129,0.208,-9999999,0.083945,-1.085272,1.072807,-1.087712,1.346078,0.49,449.9983,8.265279,6.206508,2018-06-21T09:22:27.458,-9999999,G2,0101.C-0106(A),Martins,-9999999,HARPS_ech_obs_all,HARPS_ech_obs_wavesimult,STAR_WAVE_G2IV,6.15943366731495E-06,1.91828385422462E-07,0,0,0
GJ882,344.365525,20.76525,2458290.8993227,-50.694023,1.090217,-33190.245403,1.355048,-1.834235,0.194011,-33191.249001,0.155578,-17.20979,0.196586,9.608345,6.682446,15.451541,1.76824,0.425509,0.000181,0.308386,0.000225,0.408911,0.000286,128,7.376384,48.837456,-0.011874,-33.02,433.9,2458290.89931,26.409308,26.409342,0.509,-9999999,0.083945,-1.074855,1.072816,-1.087543,1.346087,0.51,449.9983,9.596914,6.631117,2018-06-21T09:30:28.454,-9999999,G2,0101.C-0106(A),Martins,-9999999,HARPS_ech_obs_all,HARPS_ech_obs_wavesimult,STAR_WAVE_G2IV,6.50207647807845E-06,2.30869503092137E-07,0,0,0
GJ882,344.365525,20.76525,2458290.9048917,-50.965024,1.089075,-33190.485629,1.354381,-2.095008,0.187437,-33191.489062,0.149573,-17.430264,0.189922,6.444747,6.239442,15.592582,1.8241,0.425264,0.000172,0.309095,0.000215,0.409175,0.000273,128,7.376878,48.83514,-0.01138,-33.02,455.1,2458290.90489,26.395743,26.395733,0.575,-9999999,0.083945,-1.064626,1.072825,-1.087378,1.346097,0.51,449.9983,6.436071,6.184105,2018-06-21T09:38:29.570,-9999999,G2,0101.C-0106(A),Martins,-9999999,HARPS_ech_obs_all,HARPS_ech_obs_wavesimult,STAR_WAVE_G2IV,6.1955944411377E-06,1.8224382212454E-07,0,0,0
GJ882,344.365525,20.76525,2458290.91028,-50.47055,1.094762,-33189.915568,1.358068,-1.590638,0.21802,-33190.91884,0.179852,-16.905776,0.220884,4.145229,6.721908,15.206458,1.770604,0.42562,0.000205,0.308892,0.000257,0.409211,0.000327,0,7.37453,48.828604,-0.011428,-33.02,380.3,2458290.91027,26.382617,26.382628,0.381,-9999999,0.083946,-1.05473,1.072833,-1.087218,1.346107,0.51,299.9982,4.136704,6.66701,2018-06-21T09:47:31.580,-9999999,G2,0101.C-0106(A),Martins,-9999999,HARPS_ech_obs_all,HARPS_ech_obs_wavesimult,STAR_WAVE_G2IV,7.25813340331066E-06,2.86122664788945E-07,0,0,0
GJ882,344.365525,20.76525,2458290.9140755,-51.051984,1.094487,-33190.575964,1.358074,-2.165101,0.216604,-33191.579124,0.179845,-17.395498,0.219415,3.437073,6.441275,14.404049,1.818673,0.425373,0.000207,0.308697,0.000258,0.408874,0.000328,0,7.374525,48.831795,-0.011628,-33.02,378.5,2458290.91407,26.373377,26.373383,0.758,-9999999,0.083946,-1.047759,1.07284,-1.087106,1.346113,0.5,299.9982,3.434804,6.387506,2018-06-21T09:53:02.488,-9999999,G2,0101.C-0106(A),Martins,-9999999,HARPS_ech_obs_all,HARPS_ech_obs_wavesimult,STAR_WAVE_G2IV,-9999999,-9999999,-9999999,-9999999,-9999999
GJ882,344.365525,20.76525,2458290.9179415,-51.540979,1.094587,-33191.265985,1.358112,-2.646995,0.217073,-33192.26903,0.180081,-17.974634,0.219889,5.135785,6.388257,15.407072,1.665456,0.425559,0.000208,0.308319,0.000259,0.410555,0.00033,0,7.375706,48.828196,-0.01209,-33.02,377.3,2458290.91794,26.363979,26.363982,0.322,-9999999,0.083946,-1.040659,1.072846,-1.086991,1.34612,0.51,299.9983,5.126742,6.331781,2018-06-21T09:58:33.476,-9999999,G2,0101.C-0106(A),Martins,-9999999,HARPS_ech_obs_all,HARPS_ech_obs_wavesimult,STAR_WAVE_G2IV,6.48764457891459E-06,2.52281165704147E-07,0,0,0
GJ882,344.365525,20.76525,2458290.9217388,-51.887587,1.097507,-33191.740865,1.359943,-2.986629,0.231318,-33192.743797,0.193352,-18.259628,0.233816,6.289704,6.862387,16.051025,1.648554,0.425555,0.000229,0.309233,0.000282,0.409763,0.000359,0,7.375713,48.826484,-0.01154,-33.02,346.6,2458290.92173,26.354764,26.354766,0.542,-9999999,0.083946,-1.033684,1.072853,-1.086878,1.346128,0.5,299.9982,6.279555,6.808848,2018-06-21T10:04:04.534,-9999999,G2,0101.C-0106(A),Martins,-9999999,HARPS_ech_obs_all,HARPS_ech_obs_wavesimult,STAR_WAVE_G2IV,6.60741761239406E-06,2.83106256761732E-07,0,0,0
GJ882,344.365525,20.76525,2458290.9255692,-51.376,1.100239,-33190.847702,1.361675,-2.468007,0.243924,-33191.850521,0.205136,-17.715843,0.246143,3.905762,6.384869,15.089798,1.771282,0.426203,0.000245,0.309059,0.000303,0.410014,0.000385,0,7.375438,48.83318,-0.011241,-33.02,323.4,2458290.92556,26.345491,26.345488,0.438,-9999999,0.083946,-1.026649,1.07286,-1.086765,1.346135,0.5,299.9983,3.894743,6.327604,2018-06-21T10:09:35.452,-9999999,G2,0101.C-0106(A),Martins,-9999999,HARPS_ech_obs_all,HARPS_ech_obs_wavesimult,STAR_WAVE_G2IV,7.69423276963457E-06,2.57315197193248E-07,0,0,0
GJ882,344.365525,20.76525,2458290.9294025,-51.316557,1.096096,-33190.976755,1.35901,-2.401524,0.224466,-33191.979459,0.186568,-17.660136,0.227078,4.142037,6.474301,15.103208,1.740389,0.425941,0.000216,0.308984,0.000269,0.409222,0.000342,0,7.375012,48.83099,-0.012274,-33.02,363.5,2458290.9294,26.336239,26.336266,0.309,-9999999,0.083947,-1.019609,1.072866,-1.086651,1.346142,0.5,299.9983,4.137615,6.418642,2018-06-21T10:15:06.620,-9999999,G2,0101.C-0106(A),Martins,-9999999,HARPS_ech_obs_all,HARPS_ech_obs_wavesimult,STAR_WAVE_G2IV,6.47782011887336E-06,2.3527051307985E-07,0,0,0
GJ882,344.365525,20.76525,2458308.787477,-21.334059,1.251745,-33160.404091,1.354918,28.029687,0.213448,-33161.655901,0.155624,12.766145,0.216249,2.714409,4.900094,14.99981,1.72912,0.425641,0.000172,0.308337,0.000221,0.418394,0.000281,128,7.375796,48.843143,-0.012361,-33.02,441.2,2458308.78747,24.639997,24.640032,0.476,-9999999,0.084762,-0.570896,1.233412,-1.336572,1.345951,0.52,899.9982,2.733655,4.940426,2018-07-09T06:43:14.408,-9999999,G2,0101.C-0106(A),Martins,-9999999,HARPS_ech_obs_all,HARPS_ech_obs_wavesimult,STAR_WAVE_G2IV,6.17688731153994E-06,2.11844671325043E-07,0,0,0
GJ882,344.365525,20.76525,2458308.7980407,-20.830316,1.25082,-33159.602182,1.354416,28.552832,0.207913,-33160.853678,0.151119,13.280155,0.210761,4.515704,4.977618,14.352059,1.634629,0.425147,0.000167,0.314695,0.000214,0.418425,0.000273,128,7.376089,48.847557,-0.011758,-33.02,454.6,2458308.79804,24.615033,24.61507,0.48,-9999999,0.084762,-0.551494,1.233419,-1.336258,1.345959,0.5,899.9983,4.518311,5.018872,2018-07-09T06:58:45.039,-9999999,G2,0101.C-0106(A),Martins,-9999999,HARPS_ech_obs_all,HARPS_ech_obs_wavesimult,STAR_WAVE_G2IV,6.67938423195208E-06,2.13595711003612E-07,0,0,0
GJ882,344.365525,20.76525,2458308.808395,-19.574141,1.257802,-33158.342108,1.35937,29.828024,0.246425,-33159.593296,0.190412,14.454313,0.249295,5.475081,4.525502,14.239084,1.665152,0.425769,0.000212,0.315048,0.000271,0.418482,0.000345,0,7.374904,48.835402,-0.012186,-33.02,358.9,2458308.80839,24.589963,24.590026,0.1,-9999999,0.084763,-0.532477,1.233426,-1.335951,1.345968,0.46,899.9982,5.490955,4.575747,2018-07-09T07:14:15.581,-9999999,G2,0101.C-0106(A),Martins,-9999999,HARPS_ech_obs_all,HARPS_ech_obs_wavesimult,STAR_WAVE_G2IV,6.21706948908139E-06,2.68789450309174E-07,0,0,0
GJ882,344.365525,20.76525,2458308.8199162,-17.924292,1.25995,-33156.733257,1.360736,31.499033,0.257123,-33157.984104,0.199857,16.192796,0.259391,5.727838,5.152743,13.442386,1.728333,0.425766,0.000222,0.315738,0.000285,0.419466,0.000364,0,7.37502,48.837203,-0.01155,-33.02,341.5,2458308.81991,24.561489,24.561555,0.131,-9999999,0.084763,-0.511317,1.233435,-1.33561,1.345979,0.53,899.9983,5.742563,5.194796,2018-07-09T07:29:47.932,-9999999,G2,0101.C-0106(A),Martins,-9999999,HARPS_ech_obs_all,HARPS_ech_obs_wavesimult,STAR_WAVE_G2IV,6.26563304071281E-06,2.61289896917697E-07,0,0,0
GJ882,344.365525,20.76525,2458308.8305825,-17.627496,1.257746,-33156.539339,1.35951,31.815419,0.246047,-33157.789868,0.191253,16.519644,0.248682,2.326013,5.083557,13.821534,1.639964,0.425613,0.000212,0.315277,0.000272,0.418394,0.000346,0,7.375072,48.836222,-0.011528,-33.02,358.1,2458308.83058,24.534703,24.53474,0.153,-9999999,0.084764,-0.491727,1.233445,-1.335293,1.345991,0.52,899.9982,2.334364,5.135594,2018-07-09T07:45:18.424,-9999999,G2,0101.C-0106(A),Martins,-9999999,HARPS_ech_obs_all,HARPS_ech_obs_wavesimult,STAR_WAVE_G2IV,6.63849768200332E-06,2.17296747765824E-07,0,0,0
GJ882,344.365525,20.76525,2458308.8413573,-16.417123,1.25394,-33155.232636,1.356483,33.045582,0.225731,-33156.482846,0.168287,17.783673,0.228218,5.808014,4.864711,14.661738,1.687511,0.425424,0.000185,0.308247,0.000238,0.418757,0.000303,128,7.377158,48.837749,-0.012151,-33.02,410,2458308.84135,24.507346,24.507394,0.263,-9999999,0.084764,-0.471937,1.233455,-1.334974,1.346003,0.52,899.9983,5.801845,4.927156,2018-07-09T08:00:49.285,-9999999,G2,0101.C-0106(A),Martins,-9999999,HARPS_ech_obs_all,HARPS_ech_obs_wavesimult,STAR_WAVE_G2IV,6.48735552893952E-06,2.24007892820173E-07,0,0,0
GJ882,344.365525,20.76525,2458308.8518317,-15.395853,1.257335,-33154.387084,1.359406,34.08609,0.243837,-33155.636982,0.190331,18.888384,0.246212,4.016373,4.901233,13.338143,1.573756,0.425785,0.000219,0.308624,0.000277,0.418906,0.000353,0,7.373735,48.840735,-0.011807,-33.02,352.4,2458308.85183,24.480576,24.480607,0.138,-9999999,0.084765,-0.4527,1.233465,-1.334663,1.346016,0.49,899.9983,4.01818,4.957341,2018-07-09T08:16:21.207,-9999999,G2,0101.C-0106(A),Martins,-9999999,HARPS_ech_obs_all,HARPS_ech_obs_wavesimult,STAR_WAVE_G2IV,6.29986325187569E-06,2.42067385817071E-07,0,0,0
GJ882,344.365525,20.76525,2458308.8628123,-14.338127,1.253556,-33153.31571,1.356297,35.163983,0.223465,-33154.565282,0.16656,19.867985,0.226017,2.801692,5.078432,13.630162,1.669168,0.425459,0.000183,0.308204,0.000235,0.418525,0.000299,128,7.374165,48.845872,-0.012655,-33.02,414.7,2458308.8628,24.452446,24.452512,0.174,-9999999,0.084765,-0.432532,1.233477,-1.334337,1.346031,0.51,899.9982,2.802114,5.136467,2018-07-09T08:31:51.849,-9999999,G2,0101.C-0106(A),Martins,-9999999,HARPS_ech_obs_all,HARPS_ech_obs_wavesimult,STAR_WAVE_G2IV,6.11853903731673E-06,2.12127154433206E-07,0,0,0
GJ882,344.365525,20.76525,2458308.8735875,-14.896401,1.253383,-33153.531496,1.356201,34.625499,0.222425,-33154.780747,0.165651,19.371368,0.224845,2.841864,4.428781,14.107187,1.688536,0.422055,0.000182,0.308239,0.000233,0.419126,0.000298,128,7.375197,48.843123,-0.012136,-33.02,417.1,2458308.87358,24.424896,24.424946,0.052,-9999999,0.084766,-0.412742,1.233489,-1.334017,1.346046,0.51,899.9982,2.833391,4.490788,2018-07-09T08:47:22.750,-9999999,G2,0101.C-0106(A),Martins,-9999999,HARPS_ech_obs_all,HARPS_ech_obs_wavesimult,STAR_WAVE_G2IV,6.09470241596201E-06,2.32414360549505E-07,0,0,0
GJ882,344.365525,20.76525,2458308.8843745,-13.546106,1.253519,-33152.264431,1.356319,35.995606,0.223116,-33153.513362,0.166484,20.67479,0.225546,3.048717,4.723397,13.40343,1.734362,0.421905,0.000182,0.308185,0.000234,0.418904,0.000298,128,7.373799,48.846498,-0.012975,-33.02,415.9,2458308.88437,24.397488,24.397551,0.157,-9999999,0.084766,-0.39293,1.233502,-1.333697,1.346063,0.51,899.9983,3.050053,4.795591,2018-07-09T09:02:54.672,-9999999,G2,0101.C-0106(A),Martins,-9999999,HARPS_ech_obs_all,HARPS_ech_obs_wavesimult,STAR_WAVE_G2IV,6.40243933159106E-06,1.88803801157246E-07,0,0,0
GJ882,344.365525,20.76525,2458308.8949394,-12.090923,1.251733,-33150.85569,1.355054,37.470193,0.212774,-33152.104307,0.155689,22.18623,0.215793,0.01973,4.97237,14.873509,1.721476,0.421205,0.000168,0.308363,0.000217,0.419018,0.000277,128,7.375511,48.840666,-0.011281,-33.02,448.6,2458308.89493,24.370926,24.370966,0.116,-9999999,0.084767,-0.373526,1.233516,-1.333384,1.34608,0.49,899.9982,0.01251,5.034094,2018-07-09T09:18:25.402,-9999999,G2,0101.C-0106(A),Martins,-9999999,HARPS_ech_obs_all,HARPS_ech_obs_wavesimult,STAR_WAVE_G2IV,6.76688937740478E-06,1.95902944590219E-07,0,0,0
GJ882,344.365525,20.76525,2458308.9056073,-11.586848,1.252596,-33150.240238,1.355595,37.993861,0.217714,-33151.488539,0.160179,22.782805,0.220229,2.531438,5.037054,13.6858,1.635997,0.421522,0.000174,0.307963,0.000224,0.409605,0.000286,128,7.374718,48.845134,-0.01197,-33.02,434.2,2458308.90561,24.344499,24.344543,-0.151,-9999999,0.084767,-0.353933,1.233531,-1.333068,1.346098,0.48,899.9983,2.527447,5.103888,2018-07-09T09:33:56.034,-9999999,G2,0101.C-0106(A),Martins,-9999999,HARPS_ech_obs_all,HARPS_ech_obs_wavesimult,STAR_WAVE_G2IV,6.24920674869123E-06,2.67540594762491E-07,0,0,0
GJ882,344.365525,20.76525,2458308.9163906,-10.891227,1.254812,-33149.368492,1.357422,38.709287,0.230037,-33150.616472,0.174821,23.480633,0.23295,1.345674,4.519439,12.803065,1.636228,0.422062,0.000192,0.308375,0.000246,0.40985,0.000314,0,7.374422,48.848924,-0.011428,-33.02,395.6,2458308.91638,24.318302,24.31835,0.05,-9999999,0.084768,-0.334128,1.233546,-1.332748,1.346118,0.48,899.9983,1.333336,4.587923,2018-07-09T09:49:27.636,-9999999,G2,0101.C-0106(A),Martins,-9999999,HARPS_ech_obs_all,HARPS_ech_obs_wavesimult,STAR_WAVE_G2IV,6.60053626373879E-06,2.92568175345536E-07,0,0,0
GJ882,344.365525,20.76525,2458308.927482,-9.516205,1.255093,-33148.101769,1.357479,40.10468,0.231476,-33149.34942,0.175098,24.838213,0.234418,0.57896,4.557075,13.612329,1.610748,0.421788,0.000189,0.308117,0.000244,0.410229,0.000312,0,7.375503,48.843529,-0.012577,-33.02,398.1,2458308.92747,24.292015,24.292059,-0.166,-9999999,0.084768,-0.313758,1.233563,-1.332419,1.346139,0.51,899.9983,0.572181,4.627334,2018-07-09T10:04:58.857,-9999999,G2,0101.C-0106(A),Martins,-9999999,HARPS_ech_obs_all,HARPS_ech_obs_wavesimult,STAR_WAVE_G2IV,6.6941518868649E-06,2.09475141973313E-07,0,0,0
GJ882,344.365525,20.76525,2458308.9381589,-9.036128,1.254912,-33147.57304,1.357189,40.604366,0.230399,-33148.820373,0.172674,25.29444,0.232646,1.325677,5.196342,14.693766,1.778768,0.421753,0.000189,0.308532,0.000243,0.409905,0.000309,128,7.375601,48.839175,-0.012099,-33.02,401.4,2458308.93816,24.267451,24.267493,-0.092,-9999999,0.084769,-0.294148,1.23358,-1.332102,1.34616,0.5,899.9982,1.318071,5.259809,2018-07-09T10:20:30.269,-9999999,G2,0101.C-0106(A),Martins,-9999999,HARPS_ech_obs_all,HARPS_ech_obs_wavesimult,STAR_WAVE_G2IV,6.42144125470937E-06,2.55906871816849E-07,0,0,0
GJ882,344.365525,20.76525,2458313.7735938,39.141011,1.082772,-33100.975316,1.361379,87.528791,0.25366,-33102.393477,0.204442,71.982654,0.258126,3.008905,5.200981,4.528872,1.778027,0.425147,0.000226,0.30768,0.000291,0.419394,0.000371,0,7.372794,48.847791,-0.013772,-33.02,335.9,2458313.77359,23.69878,23.698845,0.407,-9999999,0.084989,-1.546862,1.05264,-1.50315,1.345941,0.5,299.9983,3.063601,5.109094,2018-07-14T06:27:58.385,-9999999,G2,0101.C-0106(A),Martins,-9999999,HARPS_ech_obs_all,HARPS_ech_obs_wavesimult,STAR_WAVE_G2IV,7.16518634350985E-06,2.63464878816597E-07,0,0,0
GJ882,344.365525,20.76525,2458313.7774232,39.083818,1.084444,-33101.175226,1.362406,87.478631,0.260695,-33102.593274,0.211154,72.06744,0.265147,2.750162,4.999469,4.324054,1.840925,0.4255,0.000232,0.308072,0.000299,0.419094,0.000381,0,7.373119,48.844669,-0.012666,-33.02,326.9,2458313.77742,23.689682,23.689739,0.384,-9999999,0.084989,-1.539829,1.052643,-1.503037,1.345944,0.5,299.9983,2.802608,4.912626,2018-07-14T06:33:29.222,-9999999,G2,0101.C-0106(A),Martins,-9999999,HARPS_ech_obs_all,HARPS_ech_obs_wavesimult,STAR_WAVE_G2IV,6.72971914416848E-06,2.8833311305167E-07,0,0,0
GJ882,344.365525,20.76525,2458313.7812164,39.593023,1.084226,-33100.469919,1.362097,87.994803,0.259777,-33101.887853,0.209134,72.530276,0.264307,1.334628,5.289051,4.493851,1.750281,0.425022,0.000228,0.308036,0.000294,0.418719,0.000375,0,7.372685,48.848318,-0.012493,-33.02,331.9,2458313.78121,23.68058,23.680654,0.267,-9999999,0.08499,-1.532862,1.052645,-1.502924,1.345946,0.49,299.9983,1.386312,5.212727,2018-07-14T06:38:59.930,-9999999,G2,0101.C-0106(A),Martins,-9999999,HARPS_ech_obs_all,HARPS_ech_obs_wavesimult,STAR_WAVE_G2IV,6.88221820877945E-06,3.01883266025997E-07,0,0,0
GJ882,344.365525,20.76525,2458313.7850927,39.262275,1.088635,-33100.717052,1.364785,87.671174,0.277595,-33102.134871,0.225963,72.200059,0.28204,3.135126,5.276299,5.030744,1.899249,0.425499,0.000246,0.308201,0.000318,0.41873,0.000405,0,7.373192,48.840501,-0.010641,-33.02,307.3,2458313.78508,23.671191,23.67126,0.612,-9999999,0.08499,-1.525743,1.052648,-1.502809,1.345949,0.5,299.9983,3.186492,5.201902,2018-07-14T06:44:31.818,-9999999,G2,0101.C-0106(A),Martins,-9999999,HARPS_ech_obs_all,HARPS_ech_obs_wavesimult,STAR_WAVE_G2IV,6.84972116736993E-06,2.75612521930506E-07,0,0,0
GJ882,344.365525,20.76525,2458313.7889214,39.513875,1.084431,-33100.099364,1.362235,87.929806,0.260611,-33101.51707,0.209997,72.512506,0.265432,2.394612,5.506409,4.837565,1.867653,0.425559,0.000227,0.307439,0.000293,0.419367,0.000374,0,7.371874,48.839906,-0.010665,-33.02,332.7,2458313.78891,23.661837,23.661896,0.485,-9999999,0.08499,-1.518711,1.05265,-1.502696,1.345952,0.5,299.9982,2.438174,5.427398,2018-07-14T06:50:02.586,-9999999,G2,0101.C-0106(A),Martins,-9999999,HARPS_ech_obs_all,HARPS_ech_obs_wavesimult,STAR_WAVE_G2IV,6.54443873923364E-06,2.54624982388404E-07,0,0,0
GJ882,344.365525,20.76525,2458313.7927853,40.0011,1.084036,-33100.009999,1.362179,88.424128,0.25895,-33101.42759,0.209611,72.976404,0.26378,0.370501,5.350353,3.217091,1.870116,0.425175,0.000227,0.308119,0.000293,0.41919,0.000373,0,7.370993,48.848804,-0.011682,-33.02,333.3,2458313.79278,23.652319,23.652397,0.727,-9999999,0.08499,-1.511614,1.052653,-1.502581,1.345955,0.51,299.9983,0.412521,5.272847,2018-07-14T06:55:33.404,-9999999,G2,0101.C-0106(A),Martins,-9999999,HARPS_ech_obs_all,HARPS_ech_obs_wavesimult,STAR_WAVE_G2IV,6.24003819560328E-06,2.79143533340278E-07,0,0,0
GJ882,344.365525,20.76525,2458313.7966242,40.414531,1.112851,-33099.20972,1.377262,88.84461,0.361044,-33100.627197,0.291972,73.465305,0.365087,0.649619,5.025581,1.16497,1.802587,0.425228,0.000283,0.308165,0.000384,0.418946,0.000489,0,7.369402,48.84782,-0.01152,-33.02,253.1,2458313.79662,23.642791,23.642857,0.274,-9999999,0.08499,-1.504564,1.052656,-1.502467,1.345958,0.51,299.9982,0.692247,4.952001,2018-07-14T07:01:05.061,-9999999,G2,0101.C-0106(A),Martins,-9999999,HARPS_ech_obs_all,HARPS_ech_obs_wavesimult,STAR_WAVE_G2IV,6.10720220200764E-06,3.24200240865401E-07,0,0,0
GJ882,344.365525,20.76525,2458313.8004207,41.038846,1.081089,-33098.662286,1.360328,89.475897,0.246296,-33100.07965,0.197186,74.088519,0.251305,3.442578,5.205044,2.823567,1.989272,0.425356,0.000211,0.307677,0.000273,0.418971,0.000348,0,7.371751,48.852366,-0.011596,-33.02,357.4,2458313.80042,23.633304,23.633366,0.337,-9999999,0.084991,-1.497591,1.052659,-1.502355,1.345961,0.5,299.9982,3.480362,5.13021,2018-07-14T07:06:36.049,-9999999,G2,0101.C-0106(A),Martins,-9999999,HARPS_ech_obs_all,HARPS_ech_obs_wavesimult,STAR_WAVE_G2IV,6.3437653507279E-06,2.74660921322212E-07,0,0,0
GJ882,344.365525,20.76525,2458313.8042172,42.500171,1.082395,-33097.719252,1.361367,90.944195,0.251954,-33099.136503,0.204208,75.566487,0.256609,0.056078,5.602292,3.297375,2.013326,0.425359,0.000221,0.307361,0.000285,0.409947,0.000363,0,7.372003,48.851321,-0.012138,-33.02,342.5,2458313.80422,23.623757,23.623816,0.459,-9999999,0.084991,-1.490618,1.052662,-1.502242,1.345964,0.49,299.9983,0.093811,5.52771,2018-07-14T07:12:07.037,-9999999,G2,0101.C-0106(A),Martins,-9999999,HARPS_ech_obs_all,HARPS_ech_obs_wavesimult,STAR_WAVE_G2IV,7.22756077886878E-06,3.15904121471044E-07,0,0,0
GJ882,344.365525,20.76525,2458313.8081312,41.677703,1.083085,-33097.998969,1.36159,90.128916,0.25489,-33099.416104,0.205666,74.793631,0.259931,1.202379,5.55085,2.951768,2.004066,0.42566,0.000222,0.308289,0.000286,0.410537,0.000365,0,7.371692,48.846515,-0.011519,-33.02,340.9,2458313.80813,23.613857,23.613918,0.591,-9999999,0.084991,-1.48343,1.052666,-1.502126,1.345968,0.51,299.9982,1.233732,5.479208,2018-07-14T07:17:39.185,-9999999,G2,0101.C-0106(A),Martins,-9999999,HARPS_ech_obs_all,HARPS_ech_obs_wavesimult,STAR_WAVE_G2IV,7.04023594493135E-06,2.54371494905223E-07,0,0,0
GJ882,344.365525,20.76525,2458313.8118882,41.625631,1.082656,-33097.885309,1.361385,90.083744,0.253044,-33099.302332,0.204283,74.686608,0.257841,2.75514,5.425034,4.364401,1.902433,0.425648,0.00022,0.308331,0.000284,0.409868,0.000362,0,7.372785,48.839066,-0.01107,-33.02,343.8,2458313.81188,23.604304,23.604379,0.364,-9999999,0.084991,-1.476529,1.052669,-1.502014,1.345971,0.49,299.9982,2.789242,5.340072,2018-07-14T07:23:09.763,-9999999,G2,0101.C-0106(A),Martins,-9999999,HARPS_ech_obs_all,HARPS_ech_obs_wavesimult,STAR_WAVE_G2IV,-9999999,-9999999,-9999999,-9999999,-9999999
GJ882,344.365525,20.76525,2458313.8157172,40.992018,1.085173,-33098.478729,1.363012,89.457164,0.263592,-33099.895639,0.214829,74.085012,0.268341,-1.263547,5.351644,3.287643,1.969859,0.424717,0.000233,0.308486,0.0003,0.410596,0.000383,0,7.372264,48.84248,-0.012352,-33.02,325.3,2458313.81571,23.594524,23.59459,0.521,-9999999,0.084991,-1.469497,1.052672,-1.501901,1.345975,0.49,299.9982,-1.237388,5.267761,2018-07-14T07:28:40.560,-9999999,G2,0101.C-0106(A),Martins,-9999999,HARPS_ech_obs_all,HARPS_ech_obs_wavesimult,STAR_WAVE_G2IV,6.70068012995991E-06,2.91663615782012E-07,0,0,0
GJ882,344.365525,20.76525,2458313.819594,41.126265,1.087872,-33098.696462,1.364306,89.598531,0.27448,-33100.113257,0.222868,74.276111,0.278711,0.478281,5.250576,2.164554,1.919134,0.421363,0.000236,0.308252,0.000306,0.409291,0.00039,0,7.371797,48.841589,-0.011743,-33.02,319.1,2458313.81959,23.584581,23.584643,0.51,-9999999,0.084991,-1.462376,1.052676,-1.501786,1.345979,0.5,299.9983,0.505202,5.163291,2018-07-14T07:34:12.488,-9999999,G2,0101.C-0106(A),Martins,-9999999,HARPS_ech_obs_all,HARPS_ech_obs_wavesimult,STAR_WAVE_G2IV,6.71066996480064E-06,2.64259309806937E-07,0,0,0
GJ882,344.365525,20.76525,2458313.8234233,41.758381,1.088304,-33097.961396,1.364488,90.23768,0.276172,-33099.378076,0.223957,74.911756,0.280607,-0.444353,5.130386,2.313148,1.945645,0.421631,0.000236,0.308633,0.000306,0.410242,0.00039,0,7.37248,48.84464,-0.011388,-33.02,318.7,2458313.82342,23.574724,23.574778,0.556,-9999999,0.084992,-1.455343,1.05268,-1.501672,1.345983,0.5,299.9983,-0.41645,5.040978,2018-07-14T07:39:43.316,-9999999,G2,0101.C-0106(A),Martins,-9999999,HARPS_ech_obs_all,HARPS_ech_obs_wavesimult,STAR_WAVE_G2IV,7.21028059665064E-06,2.30500378060247E-07,0,0,0
GJ882,344.365525,20.76525,2458313.8272198,42.051017,1.087427,-33097.732667,1.364203,90.537289,0.272679,-33099.149235,0.222193,75.206567,0.277145,1.118809,5.349236,2.012774,1.882498,0.421638,0.000234,0.308072,0.000303,0.409819,0.000387,0,7.371276,48.839026,-0.011704,-33.02,321.7,2458313.82722,23.564923,23.564974,0.464,-9999999,0.084992,-1.448371,1.052684,-1.50156,1.345987,0.49,299.9983,1.131698,5.264288,2018-07-14T07:45:14.314,-9999999,G2,0101.C-0106(A),Martins,-9999999,HARPS_ech_obs_all,HARPS_ech_obs_wavesimult,STAR_WAVE_G2IV,7.25212971741317E-06,3.46814069577184E-07,0,0,0
GJ882,344.365525,20.76525,2458313.8310951,41.700344,1.085843,-33097.792365,1.363385,90.193733,0.266278,-33099.208818,0.217087,74.951314,0.270943,-2.878698,4.648693,2.421481,2.075902,0.421954,0.000231,0.308056,0.000298,0.409748,0.000381,0,7.371737,48.84394,-0.010214,-33.02,326.9,2458313.83109,23.554894,23.554936,0.396,-9999999,0.084992,-1.441253,1.052688,-1.501445,1.345991,0.5,299.9983,-2.857768,4.551184,2018-07-14T07:50:46.112,-9999999,G2,0101.C-0106(A),Martins,-9999999,HARPS_ech_obs_all,HARPS_ech_obs_wavesimult,STAR_WAVE_G2IV,6.90810697983658E-06,2.75525140454338E-07,0,0,0
GJ882,344.365525,20.76525,2458313.8348904,41.200461,1.083874,-33098.562391,1.362194,89.700821,0.258115,-33099.978731,0.209446,74.401656,0.263004,0.848785,4.898721,2.253944,2.017031,0.421928,0.000223,0.308608,0.000288,0.410213,0.000367,0,7.372112,48.842427,-0.011209,-33.02,339.1,2458313.83488,23.545053,23.545146,0.54,-9999999,0.084992,-1.434283,1.052692,-1.501332,1.345996,0.49,299.9982,0.861985,4.799913,2018-07-14T07:56:17.000,-9999999,G2,0101.C-0106(A),Martins,-9999999,HARPS_ech_obs_all,HARPS_ech_obs_wavesimult,STAR_WAVE_G2IV,7.2041708199862E-06,2.93347872701825E-07,0,0,0
GJ882,344.365525,20.76525,2458313.8387539,42.368798,1.08761,-33097.317626,1.363979,90.876254,0.273363,-33098.733851,0.220729,75.59068,0.277949,-4.491736,5.506707,2.998601,1.959859,0.421786,0.000229,0.308247,0.000298,0.410316,0.00038,0,7.373463,48.834497,-0.011776,-33.02,327.1,2458313.83874,23.535022,23.535106,0.452,-9999999,0.084992,-1.427187,1.052696,-1.501217,1.346,0.5,299.9983,-4.481206,5.419604,2018-07-14T08:01:47.777,-9999999,G2,0101.C-0106(A),Martins,-9999999,HARPS_ech_obs_all,HARPS_ech_obs_wavesimult,STAR_WAVE_G2IV,6.8218609039384E-06,2.9571423273638E-07,0,0,0
GJ882,344.365525,20.76525,2458313.8426183,42.330338,1.087873,-33097.150704,1.364022,90.844891,0.274391,-33098.566815,0.220969,75.570189,0.278878,-1.794721,5.181971,2.875349,2.040118,0.421667,0.000226,0.308201,0.000295,0.41035,0.000376,0,7.371511,48.83828,-0.011504,-33.02,330.5,2458313.84261,23.524979,23.525057,0.326,-9999999,0.084992,-1.420089,1.0527,-1.501103,1.346005,0.5,299.9983,-1.787954,5.089988,2018-07-14T08:07:21.635,-9999999,G2,0101.C-0106(A),Martins,-9999999,HARPS_ech_obs_all,HARPS_ech_obs_wavesimult,STAR_WAVE_G2IV,6.89927353888905E-06,2.7687508405217E-07,0,0,0
GJ882,344.365525,20.76525,2458313.8464475,41.901962,1.08491,-33097.419688,1.362475,90.423548,0.26238,-33098.835684,0.211178,75.163268,0.267277,-1.295949,5.218273,2.845077,2.039818,0.42154,0.000219,0.307812,0.000285,0.410432,0.000363,0,7.372912,48.838646,-0.009541,-33.02,342.3,2458313.84644,23.515026,23.515095,0.211,-9999999,0.084993,-1.413056,1.052705,-1.500989,1.346009,0.5,299.9982,-1.290336,5.120445,2018-07-14T08:12:52.453,-9999999,G2,0101.C-0106(A),Martins,-9999999,HARPS_ech_obs_all,HARPS_ech_obs_wavesimult,STAR_WAVE_G2IV,6.33238844839952E-06,2.7917760714906E-07,0,0,0
GJ882,344.365525,20.76525,2458313.8502764,42.95672,1.083129,-33096.351805,1.361442,91.485338,0.254894,-33097.767688,0.204377,76.207877,0.25974,-1.601664,4.667065,3.260724,2.198202,0.421446,0.000211,0.308161,0.000274,0.40929,0.000349,0,7.373646,48.833896,-0.010337,-33.02,355.8,2458313.85027,23.505076,23.505136,0.624,-9999999,0.084993,-1.406024,1.052709,-1.500876,1.346014,0.5,299.9983,-1.604595,4.56377,2018-07-14T08:18:23.241,-9999999,G2,0101.C-0106(A),Martins,-9999999,HARPS_ech_obs_all,HARPS_ech_obs_wavesimult,STAR_WAVE_G2IV,6.29324572569072E-06,3.17237126003227E-07,0,0,0
GJ882,344.365525,20.76525,2458313.8835827,44.618477,1.082172,-33094.469704,1.361086,93.208267,0.25061,-33095.884598,0.201678,78.064298,0.255689,-1.021717,5.458294,3.645177,1.947389,0.42134,0.000213,0.308177,0.000275,0.409429,0.000351,0,7.372347,48.83846,-0.011004,-33.02,353.9,2458313.88357,23.419424,23.419493,0.165,-9999999,0.084994,-1.344852,1.052754,-1.499888,1.346062,0.5,299.9983,-1.047453,5.362089,2018-07-14T09:06:20.686,-9999999,G2,0101.C-0106(A),Martins,-9999999,HARPS_ech_obs_all,HARPS_ech_obs_wavesimult,STAR_WAVE_G2IV,6.46842563083029E-06,3.02634848062476E-07,0,0,0
GJ882,344.365525,20.76525,2458313.8873423,44.662715,1.082502,-33094.556087,1.361299,93.25941,0.252007,-33095.970869,0.20307,78.067352,0.257009,-4.761806,4.902286,3.834742,2.094919,0.421712,0.000215,0.308174,0.000278,0.40979,0.000354,0,7.372629,48.841301,-0.011707,-33.02,350.8,2458313.88734,23.409947,23.410007,0.27,-9999999,0.084994,-1.337947,1.052759,-1.499776,1.346068,0.48,299.9983,-4.779221,4.799578,2018-07-14T09:11:51.484,-9999999,G2,0101.C-0106(A),Martins,-9999999,HARPS_ech_obs_all,HARPS_ech_obs_wavesimult,STAR_WAVE_G2IV,6.77347066678425E-06,2.82332180999182E-07,0,0,0
GJ882,344.365525,20.76525,2458313.8912752,44.218521,1.082368,-33094.473302,1.361077,92.822439,0.251409,-33095.887966,0.20153,77.640926,0.256738,-5.081894,5.039523,4.290892,2.066218,0.421764,0.000211,0.308535,0.000273,0.410472,0.000349,0,7.37333,48.833974,-0.011182,-33.02,356.5,2458313.89127,23.400093,23.400145,0.589,-9999999,0.084995,-1.330724,1.052765,-1.499659,1.346074,0.51,299.9983,-5.10217,4.928691,2018-07-14T09:17:22.262,-9999999,G2,0101.C-0106(A),Martins,-9999999,HARPS_ech_obs_all,HARPS_ech_obs_wavesimult,STAR_WAVE_G2IV,6.60068003826721E-06,3.18515434085418E-07,0,0,0
GJ882,344.365525,20.76525,2458313.8951154,45.739782,1.082071,-33093.287887,1.360833,94.350753,0.2501,-33094.702438,0.199834,79.275281,0.255256,-7.162995,5.223704,3.499434,2.009581,0.421362,0.00021,0.307839,0.000272,0.409777,0.000347,0,7.37235,48.845876,-0.010881,-33.02,358.4,2458313.89511,23.390537,23.39058,0.362,-9999999,0.084995,-1.323671,1.052771,-1.499546,1.34608,0.51,299.9983,-7.185692,5.126131,2018-07-14T09:22:54.029,-9999999,G2,0101.C-0106(A),Martins,-9999999,HARPS_ech_obs_all,HARPS_ech_obs_wavesimult,STAR_WAVE_G2IV,6.0634429117821E-06,3.04788723114368E-07,0,0,0
GJ882,344.365525,20.76525,2458313.8988397,46.017578,1.081765,-33092.728818,1.360679,94.635389,0.24875,-33094.143258,0.19874,79.523225,0.253717,-3.677314,4.943929,3.680025,1.921172,0.421513,0.000206,0.308381,0.000268,0.409474,0.000342,0,7.373722,48.838001,-0.01015,-33.02,362.9,2458313.89883,23.381335,23.381396,0.51,-9999999,0.084995,-1.316831,1.052777,-1.499435,1.346087,0.48,299.9983,-3.703142,4.838737,2018-07-14T09:28:24.787,-9999999,G2,0101.C-0106(A),Martins,-9999999,HARPS_ech_obs_all,HARPS_ech_obs_wavesimult,STAR_WAVE_G2IV,6.88633177268751E-06,2.72493979323099E-07,0,0,0
GJ882,344.365525,20.76525,2458313.9027394,45.218408,1.082799,-33093.194449,1.361109,93.843382,0.253182,-33094.608773,0.201621,78.748596,0.258038,-6.784297,5.438832,3.713313,2.024972,0.421272,0.000207,0.308294,0.00027,0.41028,0.000345,0,7.372431,48.836522,-0.010588,-33.02,360.3,2458313.90273,23.371775,23.371857,0.614,-9999999,0.084995,-1.309669,1.052783,-1.499319,1.346093,0.5,299.9983,-6.807511,5.342925,2018-07-14T09:33:55.695,-9999999,G2,0101.C-0106(A),Martins,-9999999,HARPS_ech_obs_all,HARPS_ech_obs_wavesimult,STAR_WAVE_G2IV,6.06101077322993E-06,3.60103981647607E-07,0,0,0
GJ882,344.365525,20.76525,2458313.9075353,46.049696,1.083362,-33092.635758,1.361481,94.683478,0.255546,-33094.04994,0.204061,79.565891,0.260256,-6.653066,4.982964,4.442112,1.907288,0.421202,0.00021,0.308414,0.000274,0.409525,0.00035,0,7.372902,48.833465,-0.010717,-33.02,354.8,2458313.90753,23.360131,23.360172,0.256,-9999999,0.084995,-1.30086,1.052791,-1.499177,1.346102,0.51,299.9983,-6.681725,4.874215,2018-07-14T09:40:47.027,-9999999,G2,0101.C-0106(A),Martins,-9999999,HARPS_ech_obs_all,HARPS_ech_obs_wavesimult,STAR_WAVE_G2IV,6.27397102417459E-06,2.95455434266828E-07,0,0,0
GJ882,344.365525,20.76525,2458313.9113639,46.903366,1.082105,-33092.010111,1.360694,95.54418,0.250135,-33093.424179,0.198696,80.450745,0.255301,-7.633088,5.378884,4.568558,1.997705,0.421723,0.000204,0.307899,0.000266,0.41029,0.000339,0,7.373774,48.833147,-0.009846,-33.02,366,2458313.91135,23.350931,23.350991,0.475,-9999999,0.084996,-1.293828,1.052798,-1.499064,1.346108,0.51,299.9983,-7.66983,5.284605,2018-07-14T09:46:17.785,-9999999,G2,0101.C-0106(A),Martins,-9999999,HARPS_ech_obs_all,HARPS_ech_obs_wavesimult,STAR_WAVE_G2IV,6.41326001899365E-06,2.40817277137934E-07,0,0,0
GJ882,344.365525,20.76525,2458313.9151573,46.343454,1.083597,-33092.363254,1.361441,94.991235,0.256486,-33093.777209,0.203705,79.845923,0.261444,-4.52183,5.399835,2.548282,1.89868,0.421453,0.000208,0.307683,0.000273,0.409743,0.000348,0,7.371686,48.846681,-0.012029,-33.02,356.1,2458313.91515,23.341904,23.341979,0.664,-9999999,0.084996,-1.286861,1.052804,-1.498951,1.346115,0.5,299.9982,-4.562247,5.305115,2018-07-14T09:51:48.513,-9999999,G2,0101.C-0106(A),Martins,-9999999,HARPS_ech_obs_all,HARPS_ech_obs_wavesimult,STAR_WAVE_G2IV,5.81979250073897E-06,2.59746518608538E-07,0,0,0
GJ882,344.365525,20.76525,2458313.9190851,45.924083,1.085235,-33092.668743,1.362293,94.579078,0.263295,-33094.082581,0.209274,79.510918,0.268204,-3.963269,5.402088,3.890408,1.963267,0.421597,0.000209,0.308413,0.000276,0.410037,0.000351,0,7.371633,48.835483,-0.011367,-33.02,352.5,2458313.91908,23.332656,23.332737,0.361,-9999999,0.084996,-1.279647,1.052811,-1.498834,1.346123,0.52,299.9983,-4.005135,5.301918,2018-07-14T09:57:21.851,-9999999,G2,0101.C-0106(A),Martins,-9999999,HARPS_ech_obs_all,HARPS_ech_obs_wavesimult,STAR_WAVE_G2IV,6.55614037368135E-06,3.28576668020039E-07,0,0,0
GJ882,344.365525,20.76525,2458313.9228443,47.11165,1.086867,-33091.443735,1.363148,95.773549,0.269915,-33092.857462,0.214726,80.851149,0.274734,-10.547314,4.839197,4.145803,1.826172,0.421275,0.000214,0.308033,0.000283,0.409966,0.000361,0,7.371909,48.837141,-0.01146,-33.02,342.8,2458313.92284,23.323902,23.323975,0.364,-9999999,0.084996,-1.272743,1.052818,-1.498723,1.34613,0.5,299.9983,-10.584399,4.737391,2018-07-14T10:02:52.619,-9999999,G2,0101.C-0106(A),Martins,-9999999,HARPS_ech_obs_all,HARPS_ech_obs_wavesimult,STAR_WAVE_G2IV,6.46430080785449E-06,3.585103377403E-07,0,0,0
GJ882,344.365525,20.76525,2458313.9267022,47.117577,1.090674,-33091.516218,1.365195,95.786562,0.284833,-33092.929831,0.227318,80.69797,0.289131,-10.071292,5.75921,3.829457,1.83144,0.421141,0.000223,0.30828,0.000298,0.41013,0.00038,0,7.373377,48.834078,-0.010587,-33.02,325.5,2458313.92669,23.315024,23.315102,0.27,-9999999,0.084996,-1.265658,1.052825,-1.498609,1.346137,0.51,299.9983,-10.119362,5.664893,2018-07-14T10:08:22.916,-9999999,G2,0101.C-0106(A),Martins,-9999999,HARPS_ech_obs_all,HARPS_ech_obs_wavesimult,STAR_WAVE_G2IV,6.26239318030556E-06,3.54282551201144E-07,0,0,0
GJ882,344.365525,20.76525,2458313.9304768,47.023392,1.093007,-33090.870129,1.366342,95.699309,0.293616,-33092.28363,0.234065,80.731748,0.298089,-11.353031,5.275231,5.491118,1.813792,0.421542,0.00023,0.308182,0.000308,0.410238,0.000392,0,7.374019,48.829236,-0.01082,-33.02,315.8,2458313.93048,23.306445,23.306497,0.43,-9999999,0.084996,-1.258725,1.052831,-1.498497,1.346144,0.49,299.9983,-11.397815,5.180984,2018-07-14T10:13:55.014,-9999999,G2,0101.C-0106(A),Martins,-9999999,HARPS_ech_obs_all,HARPS_ech_obs_wavesimult,STAR_WAVE_G2IV,6.93387853215219E-06,3.09315760395766E-07,0,0,0
GJ882,344.365525,20.76525,2458313.934339,47.110004,1.091459,-33091.181132,1.365343,95.793015,0.287773,-33092.594517,0.228114,80.821793,0.29214,-6.957188,5.085001,4.092804,1.802349,0.421727,0.000222,0.308384,0.000298,0.410888,0.00038,0,7.371214,48.840688,-0.011495,-33.02,325.7,2458313.93433,23.297781,23.297848,0.239,-9999999,0.084997,-1.251631,1.052839,-1.498382,1.346152,0.5,299.9983,-7.003427,4.982089,2018-07-14T10:19:25.682,-9999999,G2,0101.C-0106(A),Martins,-9999999,HARPS_ech_obs_all,HARPS_ech_obs_wavesimult,STAR_WAVE_G2IV,6.79751947471865E-06,3.35162278084517E-07,0,0,0
GJ882,344.365525,20.76525,2458342.6713543,-11.5849,0.777643,-33153.874193,1.370909,35.360474,0.325539,-33154.570287,0.260553,19.960031,0.328484,7.839913,4.654566,8.362408,1.484249,0.421804,0.000302,0.308916,0.000387,0.419467,0.000494,0,7.375159,48.831508,-0.011654,-33.02,253.4,2458342.67134,15.289896,15.290036,-0.004,-9999999,0.086308,-2.989268,0.706224,-0.782402,1.345921,0.51,359.9982,7.886528,4.666553,2018-08-12T03:57:27.286,-9999999,G2,0101.C-0106(A),Martins,-9999999,HARPS_ech_obs_all,HARPS_ech_obs_wavesimult,STAR_WAVE_G2IV,6.94892668854876E-06,3.56981052947552E-07,0,0,0
GJ882,344.365525,20.76525,2458342.6787112,-11.591314,0.763879,-33153.498619,1.365302,35.367572,0.291137,-33154.194493,0.229234,20.018473,0.294536,7.281253,4.553991,8.236439,1.577174,0.421546,0.000265,0.3099,0.00034,0.42023,0.000433,0,7.375729,48.830954,-0.012266,-33.02,289.1,2458342.67871,15.272458,15.272582,0.029,-9999999,0.086309,-2.975756,0.706222,-0.782183,1.34592,0.51,449.9982,7.336444,4.570508,2018-08-12T04:07:16.988,-9999999,G2,0101.C-0106(A),Martins,-9999999,HARPS_ech_obs_all,HARPS_ech_obs_wavesimult,STAR_WAVE_G2IV,6.74243300616832E-06,2.77735266626403E-07,0,0,0
GJ882,344.365525,20.76525,2458342.6863171,-10.619579,0.751284,-33152.788794,1.360411,36.353276,0.256282,-33153.484443,0.198041,21.036145,0.260113,5.246901,4.702658,7.890603,1.683701,0.421443,0.000229,0.308768,0.000293,0.420057,0.000374,0,7.375453,48.839206,-0.010637,-33.02,334.7,2458342.68631,15.253976,15.254098,0.157,-9999999,0.086309,-2.961787,0.70622,-0.781958,1.345919,0.5,599.9983,5.293713,4.724421,2018-08-12T04:17:03.609,-9999999,G2,0101.C-0106(A),Martins,-9999999,HARPS_ech_obs_all,HARPS_ech_obs_wavesimult,STAR_WAVE_G2IV,6.79669605785225E-06,2.51450255648828E-07,0,0,0
GJ882,344.365525,20.76525,2458342.6943915,-10.040274,0.75203,-33152.272585,1.360564,36.947411,0.258463,-33152.967994,0.199092,21.603987,0.262415,3.318232,4.725371,7.495346,1.708375,0.421534,0.000228,0.308666,0.000292,0.419729,0.000373,0,7.376454,48.831332,-0.011409,-33.02,334.9,2458342.69439,15.23389,15.233997,-0.168,-9999999,0.086309,-2.946957,0.70622,-0.781718,1.345918,0.5,599.9982,3.36201,4.747214,2018-08-12T04:28:41.197,-9999999,G2,0101.C-0106(A),Martins,-9999999,HARPS_ech_obs_all,HARPS_ech_obs_wavesimult,STAR_WAVE_G2IV,7.178116007254E-06,2.67757676536088E-07,0,0,0
GJ882,344.365525,20.76525,2458342.701698,-9.801088,0.752591,-33151.636709,1.360836,37.200016,0.260091,-33152.331901,0.200944,21.905046,0.263875,7.901077,4.662648,7.277152,1.689435,0.421046,0.000229,0.308528,0.000294,0.419207,0.000375,0,7.376019,48.831484,-0.011384,-33.02,333.1,2458342.70169,15.215337,15.215445,0.05,-9999999,0.08631,-2.933538,0.706219,-0.781502,1.345918,0.5,599.9983,7.947906,4.680847,2018-08-12T04:39:12.451,-9999999,G2,0101.C-0106(A),Martins,-9999999,HARPS_ech_obs_all,HARPS_ech_obs_wavesimult,STAR_WAVE_G2IV,6.78124816936309E-06,2.28365378237648E-07,0,0,0
GJ882,344.365525,20.76525,2458342.7090025,-9.116821,0.752889,-33150.894484,1.360944,37.897699,0.26095,-33151.589459,0.201674,22.65028,0.264899,5.885107,4.520762,6.367867,1.648558,0.420911,0.000228,0.308364,0.000293,0.419418,0.000374,0,7.375578,48.839171,-0.01155,-33.02,333.8,2458342.709,15.196467,15.196595,-0.173,-9999999,0.08631,-2.920122,0.70622,-0.781285,1.345918,0.5,599.9983,5.926608,4.550613,2018-08-12T04:49:43.525,-9999999,G2,0101.C-0106(A),Martins,-9999999,HARPS_ech_obs_all,HARPS_ech_obs_wavesimult,STAR_WAVE_G2IV,6.7075868522167E-06,2.69325213793421E-07,0,0,0
GJ882,344.365525,20.76525,2458342.7161688,-8.990248,0.75421,-33150.657092,1.361477,38.037434,0.264735,-33151.351854,0.205233,22.711201,0.268225,1.736816,4.522385,5.476966,1.686367,0.421599,0.000234,0.308734,0.000299,0.41898,0.000382,0,7.373704,48.843757,-0.011188,-33.02,327.1,2458342.71616,15.177672,15.177797,0.128,-9999999,0.08631,-2.90696,0.706221,-0.781072,1.345919,0.48,599.9983,1.773947,4.549269,2018-08-12T05:00:14.668,-9999999,G2,0101.C-0106(A),Martins,-9999999,HARPS_ech_obs_all,HARPS_ech_obs_wavesimult,STAR_WAVE_G2IV,6.85811539996174E-06,3.07602256231438E-07,0,0,0
GJ882,344.365525,20.76525,2458342.7235396,-8.466584,0.757632,-33150.197415,1.363132,38.574635,0.274329,-33150.891958,0.215931,23.300886,0.278006,2.168013,5.252873,5.783645,1.635375,0.420999,0.000248,0.307998,0.000316,0.418826,0.000403,0,7.375056,48.835916,-0.011576,-33.02,309.6,2458342.72353,15.158086,15.158197,0.072,-9999999,0.086311,-2.893423,0.706223,-0.780854,1.34592,0.49,599.9983,2.192268,5.283267,2018-08-12T05:10:45.472,-9999999,G2,0101.C-0106(A),Martins,-9999999,HARPS_ech_obs_all,HARPS_ech_obs_wavesimult,STAR_WAVE_G2IV,6.9312439176223E-06,2.77174469526681E-07,0,0,0
GJ882,344.365525,20.76525,2458342.7309126,-8.360851,0.760408,-33149.92862,1.364134,38.69391,0.281898,-33150.622944,0.22216,23.421059,0.285532,5.044984,4.514318,6.71628,1.778692,0.421177,0.000254,0.3084,0.000324,0.419996,0.000415,0,7.374777,48.829985,-0.011549,-33.02,301.7,2458342.73091,15.138271,15.138374,-0.126,-9999999,0.086311,-2.879881,0.706225,-0.780635,1.345922,0.5,599.9983,5.066346,4.545279,2018-08-12T05:21:16.466,-9999999,G2,0101.C-0106(A),Martins,-9999999,HARPS_ech_obs_all,HARPS_ech_obs_wavesimult,STAR_WAVE_G2IV,6.7986894452927E-06,2.72735255367363E-07,0,0,0
GJ882,344.365525,20.76525,2458342.7382166,-7.439797,0.762198,-33149.279232,1.364795,39.628379,0.286684,-33149.973339,0.226173,24.41272,0.290308,0.272593,4.734978,5.558847,1.732995,0.421548,0.000258,0.308403,0.00033,0.419549,0.000421,0,7.375729,48.835816,-0.012214,-33.02,296.9,2458342.73821,15.118457,15.118581,-0.032,-9999999,0.086311,-2.866467,0.706228,-0.780418,1.345924,0.5,599.9983,0.288168,4.766485,2018-08-12T05:31:47.500,-9999999,G2,0101.C-0106(A),Martins,-9999999,HARPS_ech_obs_all,HARPS_ech_obs_wavesimult,STAR_WAVE_G2IV,6.51987598924991E-06,2.96071740971831E-07,0,0,0
GJ882,344.365525,20.76525,2458342.7455208,-6.285307,0.76437,-33148.269787,1.366041,40.796284,0.292401,-33148.963677,0.233559,25.614529,0.295941,0.761347,5.057896,6.964428,1.719374,0.421286,0.000268,0.309007,0.000342,0.419648,0.000436,0,7.377053,48.826743,-0.011407,-33.02,286.6,2458342.74551,15.098496,15.098614,-0.04,-9999999,0.086312,-2.853051,0.706232,-0.780202,1.345927,0.5,599.9983,0.774613,5.095225,2018-08-12T05:42:18.554,-9999999,G2,0101.C-0106(A),Martins,-9999999,HARPS_ech_obs_all,HARPS_ech_obs_wavesimult,STAR_WAVE_G2IV,6.88722824376182E-06,3.23193048563484E-07,0,0,0
GJ882,344.365525,20.76525,2458342.7528939,-6.559527,0.758415,-33148.067094,1.363427,40.535606,0.276448,-33148.760765,0.217726,25.234725,0.280211,-0.570195,4.711041,6.168954,1.778383,0.421645,0.000249,0.308802,0.000317,0.41956,0.000405,0,7.37546,48.829909,-0.010684,-33.02,308.6,2458342.75289,15.078235,15.078345,-0.011,-9999999,0.086312,-2.83951,0.706236,-0.779983,1.34593,0.51,599.9982,-0.561029,4.763508,2018-08-12T05:52:49.558,-9999999,G2,0101.C-0106(A),Martins,-9999999,HARPS_ech_obs_all,HARPS_ech_obs_wavesimult,STAR_WAVE_G2IV,6.11481455173511E-06,2.47323812043753E-07,0,0,0
GJ882,344.365525,20.76525,2458342.7601965,-5.926918,0.756147,-33147.229282,1.362625,41.181627,0.270152,-33147.922736,0.212628,25.95587,0.273727,4.714858,4.67186,7.703023,1.755804,0.425568,0.000245,0.30887,0.000311,0.419442,0.000397,0,7.377331,48.827529,-0.012363,-33.02,315.1,2458342.76019,15.058094,15.058221,-0.047,-9999999,0.086312,-2.826097,0.706241,-0.779766,1.345933,0.51,599.9982,4.721,4.717955,2018-08-12T06:03:20.472,-9999999,G2,0101.C-0106(A),Martins,-9999999,HARPS_ech_obs_all,HARPS_ech_obs_wavesimult,STAR_WAVE_G2IV,5.96480169131252E-06,2.94044059910617E-07,0,0,0
GJ882,344.365525,20.76525,2458342.7674304,-5.392209,0.757827,-33146.771382,1.363256,41.729622,0.274804,-33147.464621,0.216607,26.494668,0.278404,-0.413044,4.492462,6.120417,1.690947,0.42524,0.000252,0.308671,0.000319,0.41935,0.000407,0,7.375244,48.832827,-0.012174,-33.02,307.4,2458342.76743,15.038106,15.038225,0.071,-9999999,0.086313,-2.812811,0.706247,-0.779552,1.345937,0.5,599.9983,-0.411414,4.549447,2018-08-12T06:13:51.445,-9999999,G2,0101.C-0106(A),Martins,-9999999,HARPS_ech_obs_all,HARPS_ech_obs_wavesimult,STAR_WAVE_G2IV,6.3557245118126E-06,2.48202333555318E-07,0,0,0
GJ882,344.365525,20.76525,2458342.7747349,-5.067167,0.760324,-33146.858219,1.36421,42.06808,0.281601,-33147.551241,0.222509,26.905456,0.285102,-4.329084,4.988322,6.08268,1.63642,0.425449,0.000259,0.3086,0.000327,0.420175,0.000418,0,7.375742,48.830461,-0.011334,-33.02,299.5,2458342.77473,15.017924,15.018038,0.14,-9999999,0.086313,-2.799396,0.706253,-0.779335,1.345942,0.5,599.9982,-4.333073,5.048604,2018-08-12T06:24:22.519,-9999999,G2,0101.C-0106(A),Martins,-9999999,HARPS_ech_obs_all,HARPS_ech_obs_wavesimult,STAR_WAVE_G2IV,7.06836646908049E-06,2.51865369586455E-07,0,0,0
GJ882,344.365525,20.76525,2458342.7820386,-3.878294,0.75826,-33145.012756,1.363616,43.270367,0.275963,-33145.705561,0.218805,28.123672,0.279898,-2.986373,4.605543,7.039221,1.658379,0.425553,0.000255,0.308721,0.000322,0.420046,0.000411,0,7.376977,48.827722,-0.011377,-33.02,304.6,2458342.78203,14.997782,14.997888,-0.301,-9999999,0.086313,-2.785981,0.70626,-0.779118,1.345947,0.5,599.9983,-2.994257,4.667431,2018-08-12T06:34:53.533,-9999999,G2,0101.C-0106(A),Martins,-9999999,HARPS_ech_obs_all,HARPS_ech_obs_wavesimult,STAR_WAVE_G2IV,6.3572576824439E-06,2.58324964370545E-07,0,0,0
GJ882,344.365525,20.76525,2458342.7893413,-4.122321,0.759079,-33145.315246,1.363769,43.039752,0.278188,-33146.007834,0.219725,27.912066,0.281717,-4.813569,5.007096,7.190415,1.747307,0.425635,0.000256,0.315562,0.000322,0.411491,0.000413,0,7.375747,48.829482,-0.011821,-33.02,303.5,2458342.78934,14.977717,14.977839,0.12,-9999999,0.086314,-2.772569,0.706267,-0.778902,1.345952,0.5,599.9983,-4.823406,5.066281,2018-08-12T06:45:24.447,-9999999,G2,0101.C-0106(A),Martins,-9999999,HARPS_ech_obs_all,HARPS_ech_obs_wavesimult,STAR_WAVE_G2IV,7.52487517506837E-06,3.01960221435218E-07,0,0,0
GJ882,344.365525,20.76525,2458342.7966454,-3.677836,0.75694,-33144.632574,1.36286,43.497652,0.272274,-33145.324945,0.213971,28.365004,0.275843,-2.127587,4.637796,5.707695,1.658972,0.425065,0.000249,0.314573,0.000313,0.411188,0.000401,0,7.374299,48.839404,-0.012337,-33.02,312.1,2458342.79664,14.957758,14.957875,0.116,-9999999,0.086314,-2.759154,0.706275,-0.778685,1.345958,0.5,599.9982,-2.133514,4.7122,2018-08-12T06:55:55.491,-9999999,G2,0101.C-0106(A),Martins,-9999999,HARPS_ech_obs_all,HARPS_ech_obs_wavesimult,STAR_WAVE_G2IV,6.24184393097829E-06,2.81454135575513E-07,0,0,0
GJ882,344.365525,20.76525,2458342.804018,-2.599749,0.756353,-33143.623781,1.362461,44.58928,0.270616,-33144.315933,0.211378,29.421961,0.274525,-5.94211,4.429797,6.608115,1.725151,0.425331,0.000243,0.315407,0.000307,0.411144,0.000394,0,7.374417,48.832176,-0.011386,-33.02,318.2,2458342.80401,14.937762,14.93787,0.109,-9999999,0.086314,-2.745613,0.706284,-0.778466,1.345964,0.51,599.9983,-5.957859,4.506231,2018-08-12T07:06:26.455,-9999999,G2,0101.C-0106(A),Martins,-9999999,HARPS_ech_obs_all,HARPS_ech_obs_wavesimult,STAR_WAVE_G2IV,6.51205560958008E-06,2.56634586822268E-07,0,0,0
GJ882,344.365525,20.76525,2458342.8112527,-2.78952,0.757621,-33143.874874,1.362992,44.412797,0.274116,-33144.566811,0.214734,29.299314,0.277746,1.618748,4.735217,8.05028,1.743368,0.425511,0.000247,0.315858,0.000313,0.410454,0.0004,0,7.376119,48.8261,-0.010952,-33.02,312.6,2458342.81125,14.918322,14.918424,-0.069,-9999999,0.086315,-2.732326,0.706293,-0.778252,1.345971,0.5,599.9983,1.603133,4.807182,2018-08-12T07:16:57.499,-9999999,G2,0101.C-0106(A),Martins,-9999999,HARPS_ech_obs_all,HARPS_ech_obs_wavesimult,STAR_WAVE_G2IV,7.18563766154054E-06,2.89963659456643E-07,0,0,0
GJ882,344.365525,20.76525,2458342.818557,-1.475959,0.757382,-33142.645202,1.363184,45.739773,0.273429,-33143.336922,0.2159,30.575692,0.277375,0.370788,4.296518,9.408125,1.699608,0.425453,0.000251,0.315018,0.000316,0.411417,0.000405,0,7.377282,48.821777,-0.01253,-33.02,309.4,2458342.81855,14.898913,14.899036,0.302,-9999999,0.086315,-2.71891,0.706303,-0.778035,1.345978,0.5,599.9983,0.349561,4.388175,2018-08-12T07:27:28.563,-9999999,G2,0101.C-0106(A),Martins,-9999999,HARPS_ech_obs_all,HARPS_ech_obs_wavesimult,STAR_WAVE_G2IV,7.01130370117681E-06,2.87916842675644E-07,0,0,0
GJ882,344.365525,20.76525,2458342.8258595,-0.727032,0.756723,-33141.381252,1.362871,46.502112,0.27157,-33142.072755,0.213871,31.37786,0.275053,-2.275176,4.437976,8.131747,1.677388,0.426056,0.000252,0.315535,0.000316,0.41172,0.000405,0,7.37594,48.828586,-0.011472,-33.02,310,2458342.82585,14.879764,14.879876,-0.02,-9999999,0.086315,-2.705498,0.706314,-0.777818,1.345986,0.5,599.9982,-2.297188,4.522799,2018-08-12T07:37:59.467,-9999999,G2,0101.C-0106(A),Martins,-9999999,HARPS_ech_obs_all,HARPS_ech_obs_wavesimult,STAR_WAVE_G2IV,8.06570694601823E-06,2.67060490391841E-07,0,0,0
GJ882,344.365525,20.76525,2458342.8332328,0.036689,0.757631,-33140.778347,1.36318,47.279375,0.27406,-33141.469631,0.215781,32.205122,0.277904,-0.757072,4.604211,9.426267,1.581498,0.425235,0.000252,0.316141,0.000317,0.411509,0.000406,0,7.376431,48.826503,-0.01193,-33.02,308.9,2458342.83323,14.860723,14.860829,-0.01,-9999999,0.086316,-2.691956,0.706325,-0.7776,1.345994,0.51,599.9982,-0.782754,4.69368,2018-08-12T07:48:30.491,-9999999,G2,0101.C-0106(A),Martins,-9999999,HARPS_ech_obs_all,HARPS_ech_obs_wavesimult,STAR_WAVE_G2IV,7.0950814921165E-06,2.83547767158638E-07,0,0,0
GJ882,344.365525,20.76525,2458342.8405362,-0.578506,0.755713,-33141.279195,1.362542,46.677594,0.268681,-33141.970262,0.211658,31.583644,0.271993,-3.182396,5.039668,8.584127,1.622981,0.425742,0.000253,0.309051,0.000316,0.411358,0.000403,0,7.376618,48.832108,-0.012114,-33.02,311.1,2458342.84053,14.842188,14.842311,0.113,-9999999,0.086316,-2.678543,0.706337,-0.777383,1.346002,0.51,599.9983,-3.211884,5.128017,2018-08-12T07:59:01.465,-9999999,G2,0101.C-0106(A),Martins,-9999999,HARPS_ech_obs_all,HARPS_ech_obs_wavesimult,STAR_WAVE_G2IV,6.99039172186734E-06,2.23235908989054E-07,0,0,0
GJ882,344.365525,20.76525,2458346.7671853,-26.525052,1.265124,-33165.68108,1.366174,22.809897,0.281528,-33166.205481,0.234276,7.692908,0.283381,6.661635,5.643663,17.090011,1.58121,0.421495,0.000255,0.309426,0.000329,0.419187,0.00042,0,7.377985,48.810286,-0.010223,-33.02,297.5,2458346.76718,13.489325,13.489448,0.202,-9999999,0.086495,-0.599693,1.233402,-0.610896,1.345937,0.49,299.9982,6.645564,5.664128,2018-08-16T06:15:46.807,-9999999,G2,0101.C-0106(A),Martins,-9999999,HARPS_ech_obs_all,HARPS_ech_obs_wavesimult,STAR_WAVE_G2IV,6.71861970424992E-06,2.34342562334638E-07,0,0,0
GJ882,344.365525,20.76525,2458346.7709113,-26.6369,1.271054,-33165.589433,1.370526,22.704893,0.307074,-33166.113723,0.258437,7.422193,0.308675,-3.100723,6.418793,16.04735,1.735582,0.420817,0.000295,0.309064,0.000376,0.419157,0.000479,0,7.375028,48.814164,-0.009212,-33.02,260.8,2458346.7709,13.478993,13.479109,-0.03,-9999999,0.086495,-0.59285,1.233403,-0.610785,1.345939,0.46,299.9983,-3.118713,6.434453,2018-08-16T06:21:17.715,-9999999,G2,0101.C-0106(A),Martins,-9999999,HARPS_ech_obs_all,HARPS_ech_obs_wavesimult,STAR_WAVE_G2IV,7.01226504929715E-06,3.08270735426257E-07,0,0,0
GJ882,344.365525,20.76525,2458346.7747424,-25.547389,1.284101,-33164.513503,1.379605,23.80144,0.357249,-33165.037679,0.302904,8.606433,0.35853,8.371235,6.663556,15.861155,1.744326,0.421473,0.000363,0.309969,0.000458,0.42067,0.000584,0,7.374437,48.824421,-0.009041,-33.02,215,2458346.77473,13.468389,13.468503,-0.059,-9999999,0.086496,-0.585813,1.233405,-0.610672,1.345942,0.46,299.9982,8.357658,6.680928,2018-08-16T06:26:48.713,-9999999,G2,0101.C-0106(A),Martins,-9999999,HARPS_ech_obs_all,HARPS_ech_obs_wavesimult,STAR_WAVE_G2IV,8.3522561333881E-06,3.44380168958049E-07,0,0,0
GJ882,344.365525,20.76525,2458346.7788167,-25.925267,1.289324,-33165.01563,1.383045,23.431045,0.375584,-33165.539685,0.318192,8.252592,0.376577,7.561896,6.705001,15.108289,1.73764,0.42227,0.000372,0.310301,0.000473,0.420641,0.000603,0,7.375502,48.828375,-0.010814,-33.02,207.9,2458346.77881,13.457141,13.457253,-0.272,-9999999,0.086496,-0.57833,1.233407,-0.610551,1.345944,0.53,299.9983,7.550954,6.720687,2018-08-16T06:32:19.711,-9999999,G2,0101.C-0106(A),Martins,-9999999,HARPS_ech_obs_all,HARPS_ech_obs_wavesimult,STAR_WAVE_G2IV,7.84156646981694E-06,4.07771944760415E-07,0,0,0
GJ882,344.365525,20.76525,2458346.7825446,-24.90909,1.287182,-33164.138085,1.381359,24.454069,0.368154,-33164.662029,0.31077,9.267527,0.369311,-1.313547,5.696254,15.856538,1.698424,0.421563,0.000356,0.30969,0.000456,0.419946,0.000581,0,7.375316,48.814082,-0.009523,-33.02,215.6,2458346.78254,13.446878,13.44699,-0.194,-9999999,0.086496,-0.571483,1.23341,-0.61044,1.345947,0.5,299.9983,-1.320858,5.716425,2018-08-16T06:37:50.789,-9999999,G2,0101.C-0106(A),Martins,-9999999,HARPS_ech_obs_all,HARPS_ech_obs_wavesimult,STAR_WAVE_G2IV,8.00430143490423E-06,3.73102332223815E-07,0,0,0
GJ882,344.365525,20.76525,2458346.7863759,-25.004977,1.286082,-33164.313758,1.380717,24.365219,0.364285,-33164.837588,0.307895,9.162457,0.365228,3.680222,6.136062,15.561348,1.759728,0.421178,0.000353,0.310268,0.000452,0.4197,0.000576,0,7.376378,48.819859,-0.009973,-33.02,217.3,2458346.78637,13.436367,13.436476,-0.163,-9999999,0.086496,-0.564447,1.233412,-0.610326,1.34595,0.5,299.9983,3.681308,6.155541,2018-08-16T06:43:21.797,-9999999,G2,0101.C-0106(A),Martins,-9999999,HARPS_ech_obs_all,HARPS_ech_obs_wavesimult,STAR_WAVE_G2IV,9.19040921499647E-06,3.56417000994898E-07,0,0,0
GJ882,344.365525,20.76525,2458346.7902424,-24.886136,1.286042,-33163.788004,1.380481,24.491161,0.364133,-33164.31172,0.306821,9.2768,0.364901,0.910825,6.887847,13.427934,1.709128,0.421589,0.000354,0.309973,0.000452,0.419517,0.000576,0,7.374121,48.82478,-0.010574,-33.02,217.4,2458346.79023,13.425801,13.425909,-0.115,-9999999,0.086496,-0.557345,1.233414,-0.610212,1.345953,0.51,299.9983,0.896898,6.907789,2018-08-16T06:48:52.845,-9999999,G2,0101.C-0106(A),Martins,-9999999,HARPS_ech_obs_all,HARPS_ech_obs_wavesimult,STAR_WAVE_G2IV,7.03027718666644E-06,3.55798092251018E-07,0,0,0
GJ882,344.365525,20.76525,2458346.7937249,-23.266298,1.306701,-33162.499778,1.395271,26.117395,0.431452,-33163.023389,0.367675,10.832882,0.432016,-1.906244,6.168581,10.956075,1.80337,0.421472,0.00046,0.31015,0.000574,0.42076,0.000732,0,7.371716,48.847054,-0.011556,-33.02,172.1,2458346.79372,13.416325,13.416424,-0.2,-9999999,0.086497,-0.550949,1.233416,-0.610108,1.345955,0.41,299.9983,-1.917111,6.192948,2018-08-16T06:54:23.724,-9999999,G2,0101.C-0106(A),Martins,-9999999,HARPS_ech_obs_all,HARPS_ech_obs_wavesimult,STAR_WAVE_G2IV,7.18803138917425E-06,4.17537474182848E-07,0,0,0
GJ882,344.365525,20.76525,2458346.7980768,-23.372926,1.290703,-33162.220818,1.383794,26.01876,0.380252,-33162.7443,0.321372,10.875518,0.3813,-0.596399,6.674897,13.908611,1.680981,0.421876,0.000369,0.310733,0.000473,0.420307,0.000602,0,7.373551,48.826596,-0.01002,-33.02,208,2458346.79807,13.404542,13.404642,-0.099,-9999999,0.086497,-0.542956,1.233419,-0.609979,1.345959,0.56,299.9982,-0.607874,6.694966,2018-08-16T06:59:54.712,-9999999,G2,0101.C-0106(A),Martins,-9999999,HARPS_ech_obs_all,HARPS_ech_obs_wavesimult,STAR_WAVE_G2IV,6.65920021956378E-06,3.21303262171016E-07,0,0,0
GJ882,344.365525,20.76525,2458346.8016651,-24.40619,1.284845,-33163.133034,1.379597,24.992086,0.359857,-33163.65641,0.302775,9.851412,0.360786,0.293412,6.386582,15.292007,1.756463,0.42173,0.000341,0.310112,0.000439,0.411021,0.000559,0,7.374484,48.820359,-0.011753,-33.02,223.9,2458346.80166,13.394883,13.395005,-0.119,-9999999,0.086497,-0.536366,1.233422,-0.609873,1.345962,0.49,299.9983,0.29455,6.406074,2018-08-16T07:05:25.730,-9999999,G2,0101.C-0106(A),Martins,-9999999,HARPS_ech_obs_all,HARPS_ech_obs_wavesimult,STAR_WAVE_G2IV,6.87451919614203E-06,3.53680126138672E-07,0,0,0
GJ882,344.365525,20.76525,2458346.8055656,-24.372343,1.281698,-33163.191452,1.377912,25.033097,0.348447,-33163.714712,0.294989,9.859614,0.349553,-3.29363,6.122493,16.222823,1.746553,0.421904,0.000354,0.30999,0.000445,0.411029,0.000568,0,7.376053,48.815721,-0.01206,-33.02,221.2,2458346.80556,13.384444,13.384564,-0.179,-9999999,0.086497,-0.529202,1.233424,-0.609757,1.345966,0.51,299.9983,-3.300294,6.140846,2018-08-16T07:10:56.718,-9999999,G2,0101.C-0106(A),Martins,-9999999,HARPS_ech_obs_all,HARPS_ech_obs_wavesimult,STAR_WAVE_G2IV,7.4626151833999E-06,3.5723400423182E-07,0,0,0
GJ882,344.365525,20.76525,2458346.8093625,-23.400997,1.285848,-33162.744066,1.380739,26.011417,0.363403,-33163.267214,0.307907,10.852448,0.364588,-1.915031,6.350512,15.132959,1.5916,0.422242,0.000371,0.309503,0.000466,0.409588,0.000593,0,7.376268,48.819036,-0.010902,-33.02,211.2,2458346.80935,13.37435,13.374468,-0.139,-9999999,0.086497,-0.522229,1.233427,-0.609645,1.345969,0.5,299.9982,-1.925115,6.371614,2018-08-16T07:16:27.756,-9999999,G2,0101.C-0106(A),Martins,-9999999,HARPS_ech_obs_all,HARPS_ech_obs_wavesimult,STAR_WAVE_G2IV,7.60587600678354E-06,3.85862562699828E-07,0,0,0
GJ882,344.365525,20.76525,2458346.8131585,-22.482379,1.284071,-33161.799632,1.379805,26.937007,0.357055,-33162.322667,0.303679,11.729909,0.35808,-5.939036,6.159781,15.558037,1.601616,0.421864,0.00037,0.310152,0.000462,0.410493,0.000589,0,7.376085,48.817089,-0.010065,-33.02,213.1,2458346.81315,13.364329,13.364442,-0.134,-9999999,0.086497,-0.515257,1.23343,-0.609532,1.345973,0.49,299.9983,-5.951389,6.184701,2018-08-16T07:21:58.714,-9999999,G2,0101.C-0106(A),Martins,-9999999,HARPS_ech_obs_all,HARPS_ech_obs_wavesimult,STAR_WAVE_G2IV,7.70640696311348E-06,3.48284024133616E-07,0,0,0
GJ882,344.365525,20.76525,2458346.817059,-22.161267,1.280955,-33161.436213,1.377817,27.265282,0.345673,-33161.959131,0.294494,12.114662,0.346795,-1.148463,6.152262,14.138398,1.675625,0.420963,0.000357,0.315966,0.000445,0.411815,0.00057,0,7.374599,48.825227,-0.011069,-33.02,220.7,2458346.81705,13.35411,13.354221,-0.338,-9999999,0.086498,-0.508093,1.233433,-0.609416,1.345976,0.51,299.9982,-1.164722,6.179599,2018-08-16T07:27:29.703,-9999999,G2,0101.C-0106(A),Martins,-9999999,HARPS_ech_obs_all,HARPS_ech_obs_wavesimult,STAR_WAVE_G2IV,6.19074698667676E-06,3.65912035828254E-07,0,0,0
GJ882,344.365525,20.76525,2458346.8208211,-21.749695,1.287905,-33160.533405,1.382379,27.683764,0.370586,-33161.056212,0.315131,12.515566,0.371312,2.907887,6.382388,14.138938,1.517166,0.421517,0.000377,0.317205,0.000475,0.411,0.000606,0,7.374198,48.829787,-0.010508,-33.02,207.3,2458346.82081,13.344335,13.344444,-0.528,-9999999,0.086498,-0.501183,1.233436,-0.609305,1.34598,0.49,299.9983,2.899866,6.408347,2018-08-16T07:33:00.731,-9999999,G2,0101.C-0106(A),Martins,-9999999,HARPS_ech_obs_all,HARPS_ech_obs_wavesimult,STAR_WAVE_G2IV,7.08235664609327E-06,3.82435823713609E-07,0,0,0
GJ882,344.365525,20.76525,2458346.8247909,-21.506206,1.286456,-33160.943889,1.381182,27.934544,0.365507,-33161.466578,0.30982,12.732458,0.366226,1.137432,6.879165,14.754316,1.932351,0.421228,0.000371,0.317074,0.000466,0.411012,0.000595,0,7.373662,48.820376,-0.011326,-33.02,211.4,2458346.82478,13.334112,13.334218,0.023,-9999999,0.086498,-0.493892,1.233439,-0.609187,1.345984,0.53,299.9983,1.121293,6.904592,2018-08-16T07:38:31.709,-9999999,G2,0101.C-0106(A),Martins,-9999999,HARPS_ech_obs_all,HARPS_ech_obs_wavesimult,STAR_WAVE_G2IV,7.20991636187443E-06,4.16306808097073E-07,0,0,0
GJ882,344.365525,20.76525,2458346.8285876,-22.055662,1.285725,-33160.743126,1.380685,27.392061,0.362915,-33161.265702,0.30758,12.237255,0.363591,-1.340092,6.660659,13.731646,1.531207,0.421229,0.000367,0.316958,0.000462,0.410513,0.000589,0,7.375774,48.826971,-0.010202,-33.02,213.3,2458346.82858,13.324427,13.324531,-0.171,-9999999,0.086498,-0.486919,1.233443,-0.609074,1.345988,0.52,299.9983,-1.356277,6.687509,2018-08-16T07:44:02.727,-9999999,G2,0101.C-0106(A),Martins,-9999999,HARPS_ech_obs_all,HARPS_ech_obs_wavesimult,STAR_WAVE_G2IV,7.7882824581825E-06,3.45450749213793E-07,0,0,0
GJ882,344.365525,20.76525,2458346.83228,-22.001822,1.281022,-33160.686739,1.377444,27.452683,0.345872,-33161.209206,0.292668,12.240722,0.346906,-6.241995,6.433488,15.399105,1.5744,0.422132,0.000352,0.316939,0.00044,0.411807,0.000563,0,7.373881,48.824281,-0.010255,-33.02,223.6,2458346.83227,13.315099,13.3152,-0.135,-9999999,0.086498,-0.480137,1.233446,-0.608965,1.345993,0.48,299.9983,-6.255118,6.457714,2018-08-16T07:49:33.735,-9999999,G2,0101.C-0106(A),Martins,-9999999,HARPS_ech_obs_all,HARPS_ech_obs_wavesimult,STAR_WAVE_G2IV,7.28065020137481E-06,3.31978768269005E-07,0,0,0
GJ882,344.365525,20.76525,2458346.8361467,-20.745762,1.287202,-33159.497923,1.381948,28.715845,0.368091,-33160.020275,0.313166,13.508114,0.369112,-5.479379,6.111318,14.344341,1.619657,0.422008,0.000376,0.31646,0.000472,0.411565,0.000604,0,7.37441,48.824611,-0.009546,-33.02,208.3,2458346.83614,13.305431,13.305532,-0.172,-9999999,0.086498,-0.473036,1.23345,-0.60885,1.345997,0.49,299.9983,-5.493166,6.140259,2018-08-16T07:55:04.803,-9999999,G2,0101.C-0106(A),Martins,-9999999,HARPS_ech_obs_all,HARPS_ech_obs_wavesimult,STAR_WAVE_G2IV,7.82325095855923E-06,3.59347333855736E-07,0,0,0
GJ882,344.365525,20.76525,2458346.8400469,-20.299265,1.298557,-33158.495466,1.389255,29.169505,0.406009,-33159.017701,0.343962,14.067371,0.406766,-5.665823,6.482456,13.903618,1.917383,0.421392,0.000414,0.316728,0.000522,0.412318,0.000668,0,7.37223,48.837189,-0.010832,-33.02,188.7,2458346.84004,13.29579,13.295912,-0.384,-9999999,0.086499,-0.465872,1.233453,-0.608734,1.346002,0.51,299.9982,-5.67374,6.507979,2018-08-16T08:00:35.761,-9999999,G2,0101.C-0106(A),Martins,-9999999,HARPS_ech_obs_all,HARPS_ech_obs_wavesimult,STAR_WAVE_G2IV,7.75650684823256E-06,4.21557386233087E-07,0,0,0
GJ882,344.365525,20.76525,2458346.8438082,-21.211114,1.299485,-33160.092235,1.390095,28.264564,0.408956,-33160.614359,0.347322,13.095414,0.409802,1.666429,7.106458,15.372014,1.917548,0.425709,0.000419,0.316147,0.000528,0.412401,0.000677,0,7.37666,48.826732,-0.00897,-33.02,186.3,2458346.8438,13.2866,13.286718,-0.485,-9999999,0.086499,-0.458964,1.233457,-0.608623,1.346006,0.49,299.9983,1.645622,7.131054,2018-08-16T08:06:06.729,-9999999,G2,0101.C-0106(A),Martins,-9999999,HARPS_ech_obs_all,HARPS_ech_obs_wavesimult,STAR_WAVE_G2IV,6.54306331605906E-06,3.83381391805342E-07,0,0,0
GJ882,344.365525,20.76525,2458346.8476739,-21.629239,1.302926,-33160.05425,1.392414,27.853539,0.419752,-33160.576259,0.35647,12.572161,0.420061,-0.927971,6.314376,12.035981,1.778854,0.425755,0.000428,0.317599,0.000543,0.412626,0.000695,0,7.373864,48.83638,-0.008211,-33.02,181.6,2458346.84767,13.277272,13.277387,-0.097,-9999999,0.086499,-0.451864,1.233461,-0.608508,1.346011,0.5,299.9983,-0.951815,6.344002,2018-08-16T08:11:37.707,-9999999,G2,0101.C-0106(A),Martins,-9999999,HARPS_ech_obs_all,HARPS_ech_obs_wavesimult,STAR_WAVE_G2IV,7.79195493597721E-06,4.19131241749481E-07,0,0,0
GJ882,344.365525,20.76525,2458346.8515059,-20.136152,1.304371,-33159.333669,1.392991,29.353664,0.424204,-33159.855564,0.358701,14.277818,0.424841,-2.75274,6.856848,15.210254,1.800787,0.42577,0.000434,0.316769,0.000548,0.411132,0.000699,0,7.37598,48.826341,-0.011144,-33.02,180.1,2458346.8515,13.268146,13.26826,-0.211,-9999999,0.086499,-0.444826,1.233465,-0.608394,1.346016,0.5,299.9982,-2.763422,6.881679,2018-08-16T08:17:08.776,-9999999,G2,0101.C-0106(A),Martins,-9999999,HARPS_ech_obs_all,HARPS_ech_obs_wavesimult,STAR_WAVE_G2IV,8.14587271795346E-06,4.05875487390893E-07,0,0,0
GJ882,344.365525,20.76525,2458346.8554057,-20.13543,1.298397,-33159.201326,1.389232,29.361548,0.405451,-33159.723106,0.343791,14.24459,0.406438,-4.613299,7.704614,12.659187,1.790915,0.425762,0.000415,0.317017,0.000524,0.411615,0.000669,0,7.374175,48.835144,-0.008732,-33.02,188.4,2458346.8554,13.258986,13.259096,-0.327,-9999999,0.086499,-0.437664,1.233469,-0.608279,1.346021,0.52,299.9983,-4.628172,7.729244,2018-08-16T08:22:39.704,-9999999,G2,0101.C-0106(A),Martins,-9999999,HARPS_ech_obs_all,HARPS_ech_obs_wavesimult,STAR_WAVE_G2IV,7.87619450312388E-06,4.10160931663068E-07,0,0,0
GJ882,344.365525,20.76525,2458347.6758875,43.044121,1.163098,-33096.283082,1.358498,92.140101,0.228892,-33096.913655,0.184428,76.915657,0.23047,-0.60165,4.396005,15.746211,1.769464,0.425076,0.000202,0.316395,0.000261,0.410851,0.000334,0,7.376891,48.82455,-0.011144,-33.02,374.3,2458347.67589,13.338959,13.339067,0.787,-9999999,0.086537,-0.838663,1.140354,-0.71711,1.34592,0.5,419.9983,-0.610866,4.289707,2018-08-17T04:03:12.183,-9999999,G2,0101.C-0106(A),Martins,-9999999,HARPS_ech_obs_all,HARPS_ech_obs_wavesimult,STAR_WAVE_G2IV,6.65592943323349E-06,2.49830819596898E-07,0,0,0
GJ882,344.365525,20.76525,2458347.6811023,43.078462,1.16031,-33096.398964,1.35663,92.184019,0.214279,-33097.029383,0.170133,76.926002,0.215475,0.634346,4.638266,16.055447,1.794171,0.42484,0.000187,0.315569,0.000241,0.410775,0.000308,128,7.376546,48.829978,-0.011425,-33.02,405.8,2458347.68109,13.325824,13.325954,0.896,-9999999,0.086537,-0.829085,1.140353,-0.716956,1.34592,0.5,419.9983,0.621425,4.540213,2018-08-17T04:10:42.718,-9999999,G2,0101.C-0106(A),Martins,-9999999,HARPS_ech_obs_all,HARPS_ech_obs_wavesimult,STAR_WAVE_G2IV,7.21749953919568E-06,2.67728536174169E-07,0,0,0
GJ882,344.365525,20.76525,2458347.686323,43.873308,1.161979,-33095.432877,1.357896,92.988454,0.223142,-33096.063141,0.179953,77.79385,0.224922,-1.369456,4.324109,16.119395,1.754959,0.424375,0.000199,0.316113,0.000256,0.410666,0.000327,0,7.377933,48.826272,-0.009746,-33.02,382.4,2458347.68631,13.312493,13.312605,1.094,-9999999,0.086537,-0.819496,1.140352,-0.716801,1.345919,0.5,419.9983,-1.374139,4.225057,2018-08-17T04:18:13.773,-9999999,G2,0101.C-0106(A),Martins,-9999999,HARPS_ech_obs_all,HARPS_ech_obs_wavesimult,STAR_WAVE_G2IV,6.70267473851149E-06,2.58878611281378E-07,0,0,0
GJ882,344.365525,20.76525,2458347.6914951,44.326653,1.159289,-33094.831704,1.356014,93.451298,0.208685,-33095.461813,0.165158,78.249548,0.210154,2.756531,4.720425,16.884576,1.887609,0.424399,0.000182,0.315677,0.000233,0.410701,0.000298,128,7.377933,48.826771,-0.011418,-33.02,419.1,2458347.69149,13.299119,13.299231,0.657,-9999999,0.086538,-0.809997,1.140352,-0.716647,1.345918,0.49,419.9983,2.755928,4.623974,2018-08-17T04:25:44.818,-9999999,G2,0101.C-0106(A),Martins,-9999999,HARPS_ech_obs_all,HARPS_ech_obs_wavesimult,STAR_WAVE_G2IV,6.43930659701741E-06,2.16670222958567E-07,0,0,0
GJ882,344.365525,20.76525,2458347.6967627,44.982303,1.159579,-33094.224756,1.356214,94.116623,0.21029,-33094.854709,0.166795,78.921455,0.211836,3.206164,4.63492,17.255664,1.79992,0.424173,0.000182,0.315922,0.000235,0.410785,0.0003,128,7.377755,48.826734,-0.011248,-33.02,416.4,2458347.69675,13.285339,13.285461,0.602,-9999999,0.086538,-0.800322,1.140352,-0.716491,1.345918,0.5,419.9983,3.196654,4.546037,2018-08-17T04:33:15.722,-9999999,G2,0101.C-0106(A),Martins,-9999999,HARPS_ech_obs_all,HARPS_ech_obs_wavesimult,STAR_WAVE_G2IV,6.82021694501019E-06,2.15077827217843E-07,0,0,0
GJ882,344.365525,20.76525,2458347.7019842,44.523969,1.160057,-33094.683442,1.356422,93.667879,0.212912,-33095.31324,0.168476,78.472124,0.21436,-1.251512,4.67106,18.729113,1.927721,0.425043,0.000184,0.309328,0.000237,0.410668,0.000302,128,7.378057,48.81765,-0.010371,-33.02,413.6,2458347.70197,13.271534,13.271665,0.588,-9999999,0.086538,-0.790732,1.140352,-0.716336,1.345918,0.5,419.9982,-1.260309,4.579608,2018-08-17T04:40:46.837,-9999999,G2,0101.C-0106(A),Martins,-9999999,HARPS_ech_obs_all,HARPS_ech_obs_wavesimult,STAR_WAVE_G2IV,6.59327833294104E-06,2.56511937415624E-07,0,0,0
GJ882,344.365525,20.76525,2458347.7072517,45.376588,1.160245,-33093.776252,1.356686,94.530172,0.213932,-33094.405894,0.17059,79.34065,0.215046,-2.015089,4.472227,15.554477,1.844025,0.424503,0.000186,0.309666,0.00024,0.410831,0.000306,128,7.376321,48.832373,-0.010739,-33.02,407.7,2458347.70724,13.257474,13.257588,0.822,-9999999,0.086538,-0.781058,1.140352,-0.71618,1.345918,0.51,419.9982,-2.020248,4.381862,2018-08-17T04:48:17.732,-9999999,G2,0101.C-0106(A),Martins,-9999999,HARPS_ech_obs_all,HARPS_ech_obs_wavesimult,STAR_WAVE_G2IV,7.22414519942229E-06,2.3905125708916E-07,0,0,0
GJ882,344.365525,20.76525,2458347.7124717,45.460195,1.15979,-33093.96983,1.356309,94.623367,0.211445,-33094.599317,0.167566,79.364345,0.212485,-3.242833,4.961338,15.482411,1.77058,0.424503,0.000183,0.308987,0.000235,0.410251,0.0003,128,7.375972,48.83395,-0.010348,-33.02,415.9,2458347.71246,13.243421,13.243541,0.83,-9999999,0.086538,-0.771471,1.140352,-0.716025,1.345919,0.51,419.9983,-3.235121,4.885414,2018-08-17T04:55:48.716,-9999999,G2,0101.C-0106(A),Martins,-9999999,HARPS_ech_obs_all,HARPS_ech_obs_wavesimult,STAR_WAVE_G2IV,6.66918750468728E-06,2.26231464070242E-07,0,0,0
GJ882,344.365525,20.76525,2458347.717692,45.847896,1.15785,-33093.507176,1.355138,95.020655,0.200533,-33094.136507,0.157795,79.790316,0.201838,0.127473,4.683603,16.501396,1.768364,0.424489,0.000172,0.309309,0.000221,0.410401,0.000282,128,7.376904,48.8324,-0.010464,-33.02,442.5,2458347.71768,13.229261,13.229387,0.584,-9999999,0.086539,-0.761883,1.140353,-0.71587,1.345919,0.51,419.9983,0.111579,4.601203,2018-08-17T05:03:19.731,-9999999,G2,0101.C-0106(A),Martins,-9999999,HARPS_ech_obs_all,HARPS_ech_obs_wavesimult,STAR_WAVE_G2IV,7.07841093548851E-06,2.40639800859567E-07,0,0,0
GJ882,344.365525,20.76525,2458347.7228634,46.035451,1.157343,-33093.546638,1.354716,95.217708,0.197575,-33094.175816,0.154121,79.964089,0.198891,-3.525561,4.990301,16.284547,1.682475,0.42519,0.000169,0.308948,0.000216,0.410155,0.000276,128,7.37713,48.830932,-0.011216,-33.02,452.7,2458347.72285,13.215142,13.215268,0.836,-9999999,0.086539,-0.752385,1.140353,-0.715717,1.34592,0.5,419.9982,-3.52248,4.909894,2018-08-17T05:10:50.726,-9999999,G2,0101.C-0106(A),Martins,-9999999,HARPS_ech_obs_all,HARPS_ech_obs_wavesimult,STAR_WAVE_G2IV,6.84740986609471E-06,1.99264362054788E-07,0,0,0
GJ882,344.365525,20.76525,2458347.7280834,45.486581,1.157997,-33093.857495,1.355117,94.678426,0.20137,-33094.486518,0.157602,79.465673,0.202764,-0.131747,4.691207,16.347023,1.813007,0.424885,0.000171,0.308834,0.00022,0.410225,0.00028,128,7.378144,48.827663,-0.00984,-33.02,445,2458347.72808,13.200811,13.200915,0.508,-9999999,0.086539,-0.742798,1.140354,-0.715562,1.345921,0.5,419.9982,-0.131369,4.602797,2018-08-17T05:18:21.711,-9999999,G2,0101.C-0106(A),Martins,-9999999,HARPS_ech_obs_all,HARPS_ech_obs_wavesimult,STAR_WAVE_G2IV,6.94343487993726E-06,2.54416255469226E-07,0,0,0
GJ882,344.365525,20.76525,2458347.7333047,46.065789,1.157819,-33093.199544,1.354931,95.267223,0.200334,-33093.828412,0.155983,80.044242,0.201707,-2.39317,4.807309,15.55056,1.839524,0.424615,0.000168,0.309276,0.000217,0.410465,0.000276,128,7.377924,48.831836,-0.010655,-33.02,451.5,2458347.7333,13.186409,13.186524,0.767,-9999999,0.086539,-0.733208,1.140356,-0.715407,1.345923,0.5,419.9983,-2.38841,4.730434,2018-08-17T05:25:52.816,-9999999,G2,0101.C-0106(A),Martins,-9999999,HARPS_ech_obs_all,HARPS_ech_obs_wavesimult,STAR_WAVE_G2IV,6.59733137407915E-06,1.90959272006369E-07,0,0,0
GJ882,344.365525,20.76525,2458347.7384752,46.454273,1.158681,-33092.803095,1.35558,95.665204,0.205248,-33093.431809,0.161512,80.50434,0.206582,-0.943116,4.506549,17.605174,1.809253,0.424465,0.000174,0.308764,0.000224,0.41089,0.000286,128,7.377537,48.82349,-0.011107,-33.02,436.8,2458347.73847,13.172096,13.172207,0.798,-9999999,0.08654,-0.723712,1.140357,-0.715254,1.345924,0.49,419.9982,-0.942452,4.428764,2018-08-17T05:33:23.720,-9999999,G2,0101.C-0106(A),Martins,-9999999,HARPS_ech_obs_all,HARPS_ech_obs_wavesimult,STAR_WAVE_G2IV,6.72483424721534E-06,2.46981517956717E-07,0,0,0
GJ882,344.365525,20.76525,2458347.7437441,45.674318,1.158408,-33093.352223,1.355445,94.894926,0.203695,-33093.98078,0.160352,79.6816,0.205183,-1.825084,4.829339,17.164575,1.820959,0.424369,0.000173,0.308796,0.000223,0.410608,0.000284,128,7.377542,48.826774,-0.009979,-33.02,439,2458347.74374,13.15747,13.157594,0.409,-9999999,0.08654,-0.714035,1.140359,-0.715097,1.345926,0.5,419.9983,-1.818416,4.7549,2018-08-17T05:40:54.735,-9999999,G2,0101.C-0106(A),Martins,-9999999,HARPS_ech_obs_all,HARPS_ech_obs_wavesimult,STAR_WAVE_G2IV,6.62577309436753E-06,2.44999061884231E-07,0,0,0
GJ882,344.365525,20.76525,2458347.7489153,45.994964,1.158786,-33093.223959,1.355584,95.225069,0.205822,-33093.852363,0.161512,79.970194,0.207268,-0.05335,4.177745,16.890394,1.772434,0.424666,0.000172,0.308865,0.000222,0.41055,0.000284,128,7.37716,48.82989,-0.010068,-33.02,439.3,2458347.74891,13.143089,13.143211,0.902,-9999999,0.08654,-0.704537,1.14036,-0.714944,1.345928,0.49,419.9983,-0.057319,4.084047,2018-08-17T05:48:25.710,-9999999,G2,0101.C-0106(A),Martins,-9999999,HARPS_ech_obs_all,HARPS_ech_obs_wavesimult,STAR_WAVE_G2IV,6.59105825286178E-06,2.15194289777143E-07,0,0,0
GJ882,344.365525,20.76525,2458347.7541844,46.033714,1.159796,-33093.200978,1.356212,95.273497,0.211424,-33093.829226,0.16668,80.080512,0.212506,-0.319942,4.557005,16.498083,1.83137,0.424514,0.000178,0.309014,0.00023,0.41048,0.000293,128,7.376829,48.826968,-0.010742,-33.02,425.5,2458347.75418,13.128422,13.128531,0.788,-9999999,0.08654,-0.694859,1.140362,-0.714788,1.345931,0.5,419.9982,-0.318031,4.47536,2018-08-17T05:55:56.735,-9999999,G2,0101.C-0106(A),Martins,-9999999,HARPS_ech_obs_all,HARPS_ech_obs_wavesimult,STAR_WAVE_G2IV,6.35944993507918E-06,2.16559882394516E-07,0,0,0
GJ882,344.365525,20.76525,2458347.7594048,46.820075,1.159592,-33092.584598,1.356067,96.069446,0.210291,-33093.21269,0.165479,80.93043,0.211545,1.47618,4.407165,16.14258,1.71695,0.424653,0.000175,0.309097,0.000227,0.410412,0.00029,128,7.375799,48.830523,-0.0099,-33.02,429.8,2458347.7594,13.113892,13.114008,0.671,-9999999,0.086541,-0.685272,1.140365,-0.714633,1.345933,0.5,419.9983,1.473972,4.331599,2018-08-17T06:03:27.759,-9999999,G2,0101.C-0106(A),Martins,-9999999,HARPS_ech_obs_all,HARPS_ech_obs_wavesimult,STAR_WAVE_G2IV,7.22586960236965E-06,2.39082395986764E-07,0,0,0
GJ882,344.365525,20.76525,2458347.7646246,47.072019,1.159757,-33092.155168,1.3561,96.330977,0.211187,-33092.783105,0.16572,81.148316,0.212383,2.243605,4.611373,16.170893,1.920167,0.424842,0.000176,0.308907,0.000228,0.410641,0.000291,128,7.37596,48.830839,-0.010958,-33.02,429.2,2458347.76462,13.099377,13.099499,0.806,-9999999,0.086541,-0.675685,1.140367,-0.714478,1.345936,0.5,419.9983,2.246794,4.534695,2018-08-17T06:10:58.734,-9999999,G2,0101.C-0106(A),Martins,-9999999,HARPS_ech_obs_all,HARPS_ech_obs_wavesimult,STAR_WAVE_G2IV,6.72967772357349E-06,2.61002823687669E-07,0,0,0
GJ882,344.365525,20.76525,2458347.7698447,47.731065,1.160135,-33091.461538,1.356376,96.99961,0.213237,-33092.08932,0.167939,81.796949,0.214554,-0.825641,4.443291,16.556283,1.879141,0.424606,0.000177,0.309239,0.00023,0.41026,0.000293,128,7.376451,48.829699,-0.01013,-33.02,425,2458347.76984,13.08489,13.085017,0.692,-9999999,0.086541,-0.666097,1.14037,-0.714323,1.345939,0.5,419.9983,-0.823745,4.368378,2018-08-17T06:18:29.729,-9999999,G2,0101.C-0106(A),Martins,-9999999,HARPS_ech_obs_all,HARPS_ech_obs_wavesimult,STAR_WAVE_G2IV,6.69191362431702E-06,2.16102701165374E-07,0,0,0
GJ882,344.365525,20.76525,2458347.7750288,47.597061,1.160649,-33091.563855,1.356819,96.875127,0.216002,-33092.191483,0.171459,81.684096,0.217097,-0.330885,4.622321,17.068163,1.843325,0.424789,0.000182,0.308658,0.000235,0.410313,0.000301,128,7.377605,48.826498,-0.010437,-33.02,414.7,2458347.77502,13.070543,13.070645,0.8,-9999999,0.086541,-0.656576,1.140372,-0.714169,1.345942,0.49,419.9983,-0.323957,4.549836,2018-08-17T06:26:01.814,-9999999,G2,0101.C-0106(A),Martins,-9999999,HARPS_ech_obs_all,HARPS_ech_obs_wavesimult,STAR_WAVE_G2IV,6.18014931893825E-06,1.9840596093284E-07,0,0,0
GJ882,344.365525,20.76525,2458347.7803449,48.411088,1.1606,-33091.041716,1.356758,97.698918,0.215722,-33091.669186,0.170948,82.538143,0.217045,0.707643,4.353925,17.208558,1.774239,0.424951,0.000181,0.309463,0.000235,0.410474,0.000299,128,7.376661,48.822295,-0.011015,-33.02,416,2458347.78033,13.055886,13.056005,0.524,-9999999,0.086542,-0.646812,1.140375,-0.714012,1.345946,0.51,419.9983,0.714785,4.28122,2018-08-17T06:33:32.709,-9999999,G2,0101.C-0106(A),Martins,-9999999,HARPS_ech_obs_all,HARPS_ech_obs_wavesimult,STAR_WAVE_G2IV,6.66785498330823E-06,2.25857030474335E-07,0,0,0
GJ882,344.365525,20.76525,2458347.7854679,48.860039,1.159992,-33090.149811,1.3563,98.157278,0.212413,-33090.777129,0.167248,82.993755,0.213769,-1.528582,4.415517,16.70449,1.898605,0.424679,0.000177,0.308683,0.000228,0.410311,0.000291,128,7.377632,48.825387,-0.010325,-33.02,427.1,2458347.78546,13.041829,13.04194,0.577,-9999999,0.086542,-0.637403,1.140379,-0.71386,1.345949,0.49,419.9983,-1.527047,4.343052,2018-08-17T06:41:03.713,-9999999,G2,0101.C-0106(A),Martins,-9999999,HARPS_ech_obs_all,HARPS_ech_obs_wavesimult,STAR_WAVE_G2IV,6.83229629177318E-06,2.35585729457779E-07,0,0,0
GJ882,344.365525,20.76525,2458351.6566488,25.726936,1.280474,-33114.01057,1.375125,75.400918,0.344029,-33114.444476,0.281871,59.986317,0.34733,14.797351,6.00042,7.202694,1.729344,0.421022,0.000315,0.314346,0.000404,0.410382,0.000518,0,7.374747,48.828328,-0.011667,-33.02,240.9,2458351.65664,11.76912,11.769249,0.008,-9999999,0.086718,-0.26066,1.233393,-0.520624,1.345926,0.51,299.9982,14.826118,5.912929,2018-08-21T03:36:12.765,-9999999,G2,0101.C-0106(A),Martins,-9999999,HARPS_ech_obs_all,HARPS_ech_obs_wavesimult,STAR_WAVE_G2IV,6.55964492557662E-06,3.87176024785356E-07,0,0,0
GJ882,344.365525,20.76525,2458351.6605149,26.610993,1.278727,-33113.078358,1.37379,76.292076,0.337472,-33113.512148,0.275292,60.873663,0.340231,16.658471,5.574721,1.974174,1.674665,0.421422,0.000303,0.3151,0.000391,0.410406,0.0005,0,7.370274,48.851977,-0.011566,-33.02,249.1,2458351.66051,11.75959,11.759717,0.484,-9999999,0.086719,-0.253559,1.233392,-0.520509,1.345925,0.52,299.9983,16.697103,5.48188,2018-08-21T03:41:43.783,-9999999,G2,0101.C-0106(A),Martins,-9999999,HARPS_ech_obs_all,HARPS_ech_obs_wavesimult,STAR_WAVE_G2IV,6.14738827111128E-06,3.28344780341994E-07,0,0,0
GJ882,344.365525,20.76525,2458351.6642767,27.603712,1.27735,-33112.452135,1.372833,77.291704,0.332221,-33112.885813,0.270481,61.952901,0.335222,15.48497,5.722311,3.862499,1.670819,0.420512,0.000296,0.315719,0.000383,0.410853,0.00049,0,7.373941,48.842556,-0.012737,-33.02,254.2,2458351.66427,11.750208,11.750333,0.117,-9999999,0.086719,-0.24665,1.233391,-0.520397,1.345923,0.5,299.9982,15.521713,5.623938,2018-08-21T03:47:14.791,-9999999,G2,0101.C-0106(A),Martins,-9999999,HARPS_ech_obs_all,HARPS_ech_obs_wavesimult,STAR_WAVE_G2IV,6.82044201488218E-06,3.18912274425334E-07,0,0,0
GJ882,344.365525,20.76525,2458351.6681183,27.102878,1.275353,-33112.362145,1.371575,76.797926,0.324461,-33112.795709,0.264027,61.388999,0.327455,18.646541,6.1838,2.91263,1.679949,0.420123,0.000289,0.314794,0.000374,0.409791,0.000478,0,7.373632,48.84892,-0.011876,-33.02,260.2,2458351.66811,11.740523,11.740642,0.556,-9999999,0.086719,-0.239595,1.23339,-0.520283,1.345922,0.5,299.9982,18.675428,6.089751,2018-08-21T03:52:46.699,-9999999,G2,0101.C-0106(A),Martins,-9999999,HARPS_ech_obs_all,HARPS_ech_obs_wavesimult,STAR_WAVE_G2IV,5.81587967146824E-06,3.23443994667238E-07,0,0,0
GJ882,344.365525,20.76525,2458351.6719849,26.123818,1.276674,-33113.420887,1.372424,75.825967,0.32962,-33113.854337,0.268409,60.426183,0.33268,20.767784,5.609994,4.547802,1.61731,0.419459,0.000292,0.315265,0.000379,0.410392,0.000485,0,7.37283,48.836336,-0.010704,-33.02,256.9,2458351.67198,11.730673,11.730816,0.381,-9999999,0.086719,-0.232493,1.233389,-0.520169,1.345921,0.51,299.9982,20.791259,5.496701,2018-08-21T03:58:17.757,-9999999,G2,0101.C-0106(A),Martins,-9999999,HARPS_ech_obs_all,HARPS_ech_obs_wavesimult,STAR_WAVE_G2IV,6.18786740177975E-06,3.18797903005345E-07,0,0,0
GJ882,344.365525,20.76525,2458351.6757811,27.73693,1.272761,-33111.925418,1.369909,77.446052,0.314126,-33112.358755,0.25524,62.057052,0.317194,17.144278,5.463085,4.612056,1.641924,0.420395,0.000279,0.31577,0.000361,0.410411,0.000461,0,7.373612,48.832364,-0.011776,-33.02,269.9,2458351.67577,11.720906,11.721047,0.355,-9999999,0.086719,-0.225521,1.233388,-0.520056,1.34592,0.5,299.9982,17.172039,5.358189,2018-08-21T04:03:48.735,-9999999,G2,0101.C-0106(A),Martins,-9999999,HARPS_ech_obs_all,HARPS_ech_obs_wavesimult,STAR_WAVE_G2IV,7.79948114708357E-06,3.32896660466393E-07,0,0,0
GJ882,344.365525,20.76525,2458351.6796468,28.37339,1.272413,-33111.331425,1.369698,78.089611,0.312713,-33111.764646,0.254114,62.724637,0.316422,17.251838,6.241267,4.413935,1.823664,0.420717,0.000278,0.315319,0.000359,0.410121,0.000459,0,7.374468,48.833676,-0.011511,-33.02,271.2,2458351.67964,11.710869,11.711007,0.525,-9999999,0.08672,-0.218421,1.233388,-0.519941,1.34592,0.51,299.9983,17.281236,6.14557,2018-08-21T04:09:19.723,-9999999,G2,0101.C-0106(A),Martins,-9999999,HARPS_ech_obs_all,HARPS_ech_obs_wavesimult,STAR_WAVE_G2IV,6.72033144410134E-06,3.07555974687433E-07,0,0,0
GJ882,344.365525,20.76525,2458351.683478,28.611674,1.270053,-33110.312391,1.368266,78.334932,0.302969,-33110.745499,0.246282,62.943401,0.306593,18.821873,5.503459,3.577204,1.71932,0.420309,0.000269,0.315588,0.000348,0.409659,0.000445,0,7.374496,48.838247,-0.009419,-33.02,279.8,2458351.68347,11.700836,11.700971,0.174,-9999999,0.08672,-0.211384,1.233387,-0.519828,1.345919,0.51,299.9982,18.840497,5.389763,2018-08-21T04:14:50.721,-9999999,G2,0101.C-0106(A),Martins,-9999999,HARPS_ech_obs_all,HARPS_ech_obs_wavesimult,STAR_WAVE_G2IV,6.13567414318379E-06,2.6430051723241E-07,0,0,0
GJ882,344.365525,20.76525,2458351.6872742,29.137297,1.272432,-33110.257688,1.369764,78.867527,0.312795,-33110.690683,0.254471,63.559974,0.316346,17.556388,5.729665,3.608089,1.834373,0.420109,0.000278,0.315022,0.000359,0.410668,0.00046,0,7.373404,48.836281,-0.01073,-33.02,270.8,2458351.68727,11.690813,11.690945,0.131,-9999999,0.08672,-0.204412,1.233387,-0.519715,1.345919,0.5,299.9982,17.581513,5.623476,2018-08-21T04:20:21.699,-9999999,G2,0101.C-0106(A),Martins,-9999999,HARPS_ech_obs_all,HARPS_ech_obs_wavesimult,STAR_WAVE_G2IV,6.59052576531212E-06,2.78825919324512E-07,0,0,0
GJ882,344.365525,20.76525,2458351.6911061,29.163471,1.270908,-33109.766668,1.368925,78.900739,0.306538,-33110.199549,0.24992,63.566459,0.309889,17.630131,5.763041,2.882581,1.787174,0.420396,0.000273,0.315165,0.000352,0.410488,0.000451,0,7.373835,48.838383,-0.010677,-33.02,276.2,2458351.6911,11.680621,11.680752,0.129,-9999999,0.08672,-0.197374,1.233386,-0.519601,1.345918,0.5,299.9982,17.650579,5.649873,2018-08-21T04:25:52.766,-9999999,G2,0101.C-0106(A),Martins,-9999999,HARPS_ech_obs_all,HARPS_ech_obs_wavesimult,STAR_WAVE_G2IV,7.37285203728674E-06,2.95667768441182E-07,0,0,0
GJ882,344.365525,20.76525,2458351.6949366,28.629463,1.272147,-33110.436303,1.36966,78.373766,0.311635,-33110.869071,0.253918,63.014089,0.315324,18.085408,5.703569,4.809455,1.776539,0.420169,0.000277,0.315499,0.000358,0.410684,0.000458,0,7.374542,48.82857,-0.013078,-33.02,272,2458351.69493,11.670361,11.670488,0.204,-9999999,0.08672,-0.190339,1.233386,-0.519488,1.345918,0.5,299.9983,18.10395,5.593765,2018-08-21T04:31:23.704,-9999999,G2,0101.C-0106(A),Martins,-9999999,HARPS_ech_obs_all,HARPS_ech_obs_wavesimult,STAR_WAVE_G2IV,7.27483249265377E-06,3.36626859728709E-07,0,0,0
GJ882,344.365525,20.76525,2458351.6987681,30.109796,1.270175,-33109.089569,1.368391,79.861136,0.303486,-33109.522223,0.246978,64.531061,0.306915,12.576118,5.963103,3.172422,1.865349,0.420139,0.00027,0.314851,0.000348,0.410477,0.000446,0,7.373152,48.83572,-0.010664,-33.02,279.2,2458351.69876,11.660032,11.660157,0.129,-9999999,0.08672,-0.183302,1.233386,-0.519374,1.345918,0.5,299.9982,12.585673,5.86238,2018-08-21T04:36:54.733,-9999999,G2,0101.C-0106(A),Martins,-9999999,HARPS_ech_obs_all,HARPS_ech_obs_wavesimult,STAR_WAVE_G2IV,7.02373652720461E-06,2.7648107321957E-07,0,0,0
GJ882,344.365525,20.76525,2458351.7026338,30.046639,1.271211,-33109.189669,1.36921,79.805079,0.30779,-33109.622207,0.251479,64.406447,0.311364,11.789924,5.886081,2.796917,1.930066,0.42005,0.000274,0.315138,0.000355,0.410998,0.000454,0,7.373721,48.836027,-0.011091,-33.02,274.4,2458351.70263,11.649549,11.649672,-0.088,-9999999,0.086721,-0.176202,1.233386,-0.519259,1.345918,0.51,299.9983,11.802015,5.77598,2018-08-21T04:42:25.721,-9999999,G2,0101.C-0106(A),Martins,-9999999,HARPS_ech_obs_all,HARPS_ech_obs_wavesimult,STAR_WAVE_G2IV,8.02814663775673E-06,2.86708874738181E-07,0,0,0
GJ882,344.365525,20.76525,2458351.7064996,31.011502,1.273108,-33107.738329,1.370273,80.777042,0.315533,-33108.170753,0.257199,65.501642,0.3189,15.745175,5.749747,4.298293,1.983416,0.420302,0.000281,0.308363,0.000364,0.410385,0.000465,0,7.373979,48.83237,-0.011066,-33.02,267.8,2458351.70649,11.639009,11.639129,0.111,-9999999,0.086721,-0.169102,1.233386,-0.519145,1.345918,0.52,299.9982,15.756673,5.636972,2018-08-21T04:47:56.708,-9999999,G2,0101.C-0106(A),Martins,-9999999,HARPS_ech_obs_all,HARPS_ech_obs_wavesimult,STAR_WAVE_G2IV,6.66050213191847E-06,3.22897560537155E-07,0,0,0
GJ882,344.365525,20.76525,2458351.7102267,30.223292,1.271077,-33108.503781,1.36908,79.995678,0.307236,-33108.936094,0.250765,64.733731,0.311066,13.974717,5.172626,5.053638,1.957684,0.420645,0.000273,0.308373,0.000353,0.410522,0.000451,0,7.375477,48.827454,-0.009367,-33.02,275.9,2458351.71022,11.628798,11.628915,0.13,-9999999,0.086721,-0.162257,1.233387,-0.519034,1.345918,0.49,299.9982,13.987035,5.044109,2018-08-21T04:53:27.716,-9999999,G2,0101.C-0106(A),Martins,-9999999,HARPS_ech_obs_all,HARPS_ech_obs_wavesimult,STAR_WAVE_G2IV,6.73797743029128E-06,2.98245011680121E-07,0,0,0
GJ882,344.365525,20.76525,2458351.7140926,30.530594,1.268506,-33108.543834,1.367211,80.31008,0.296417,-33108.976033,0.240348,64.99372,0.300077,15.091126,5.791148,3.444749,1.8768,0.420181,0.000261,0.309137,0.000338,0.410654,0.000431,0,7.373769,48.833089,-0.010341,-33.02,288.5,2458351.71408,11.618162,11.618303,0.181,-9999999,0.086721,-0.155156,1.233387,-0.51892,1.345919,0.5,299.9983,15.103428,5.670451,2018-08-21T04:58:58.724,-9999999,G2,0101.C-0106(A),Martins,-9999999,HARPS_ech_obs_all,HARPS_ech_obs_wavesimult,STAR_WAVE_G2IV,6.60553961380842E-06,3.03075681741325E-07,0,0,0
GJ882,344.365525,20.76525,2458351.7178542,31.782005,1.266922,-33107.358405,1.366143,81.5684,0.289563,-33107.790492,0.234199,66.260692,0.293443,11.326099,5.321801,3.26971,2.068263,0.420466,0.000254,0.308524,0.000328,0.40963,0.000419,0,7.374598,48.829958,-0.009623,-33.02,296.6,2458351.71785,11.607773,11.607911,0.113,-9999999,0.086721,-0.148248,1.233387,-0.518808,1.345919,0.48,299.9982,11.33232,5.199478,2018-08-21T05:04:29.712,-9999999,G2,0101.C-0106(A),Martins,-9999999,HARPS_ech_obs_all,HARPS_ech_obs_wavesimult,STAR_WAVE_G2IV,7.5098578162389E-06,3.24944010552025E-07,0,0,0
GJ882,344.365525,20.76525,2458351.7217315,32.622095,1.270213,-33106.406175,1.368168,82.415611,0.303638,-33106.838147,0.24573,67.152448,0.307365,11.708554,5.511467,3.634269,1.930158,0.420352,0.000266,0.30791,0.000344,0.409939,0.000439,0,7.373601,48.834653,-0.01133,-33.02,283,2458351.72172,11.597029,11.597164,0.097,-9999999,0.086721,-0.141126,1.233388,-0.518693,1.34592,0.49,299.9983,11.715167,5.400097,2018-08-21T05:10:01.700,-9999999,G2,0101.C-0106(A),Martins,-9999999,HARPS_ech_obs_all,HARPS_ech_obs_wavesimult,STAR_WAVE_G2IV,7.13318834452703E-06,3.24594066437709E-07,0,0,0
GJ882,344.365525,20.76525,2458351.7255976,31.90244,1.267371,-33106.855076,1.36637,81.703056,0.291517,-33107.286932,0.235509,66.382591,0.295575,13.385484,5.421023,4.685955,2.000508,0.420332,0.000253,0.308596,0.000329,0.410279,0.00042,0,7.375796,48.828387,-0.011526,-33.02,296.3,2458351.72559,11.586285,11.586419,-0.027,-9999999,0.086722,-0.134026,1.233388,-0.518578,1.345921,0.5,299.9983,13.384925,5.295656,2018-08-21T05:15:32.718,-9999999,G2,0101.C-0106(A),Martins,-9999999,HARPS_ech_obs_all,HARPS_ech_obs_wavesimult,STAR_WAVE_G2IV,6.14156753678236E-06,3.03946389403604E-07,0,0,0
GJ882,344.365525,20.76525,2458351.729464,31.147378,1.267073,-33107.683873,1.366166,80.955096,0.290214,-33108.115615,0.234318,65.631158,0.294318,10.550093,5.554851,2.895295,2.018135,0.419981,0.000252,0.308229,0.000326,0.40997,0.000417,0,7.374345,48.834845,-0.011375,-33.02,298.1,2458351.72946,11.575517,11.575649,0.221,-9999999,0.086722,-0.126925,1.233389,-0.518464,1.345922,0.51,299.9982,10.550601,5.421035,2018-08-21T05:21:03.756,-9999999,G2,0101.C-0106(A),Martins,-9999999,HARPS_ech_obs_all,HARPS_ech_obs_wavesimult,STAR_WAVE_G2IV,6.12903253713248E-06,3.40055382943621E-07,0,0,0
GJ882,344.365525,20.76525,2458351.7333293,31.878214,1.263652,-33106.962505,1.363855,81.693031,0.274891,-33107.394132,0.220436,66.417459,0.278959,9.633395,5.503786,3.845526,2.124245,0.423914,0.000235,0.308068,0.000305,0.409772,0.00039,0,7.376195,48.826737,-0.012064,-33.02,318.6,2458351.73332,11.564731,11.564859,-0.002,-9999999,0.086722,-0.119826,1.23339,-0.518349,1.345923,0.52,299.9983,9.628951,5.372157,2018-08-21T05:26:34.704,-9999999,G2,0101.C-0106(A),Martins,-9999999,HARPS_ech_obs_all,HARPS_ech_obs_wavesimult,STAR_WAVE_G2IV,6.48538349169996E-06,2.92409839766528E-07,0,0,0
GJ882,344.365525,20.76525,2458351.7371261,32.384897,1.262077,-33106.313004,1.362819,82.206687,0.267555,-33106.744518,0.213924,66.955423,0.271648,14.139565,4.646821,4.229831,1.946187,0.424146,0.000228,0.307825,0.000296,0.410056,0.000378,0,7.37483,48.825714,-0.010946,-33.02,328.4,2458351.73712,11.554123,11.554249,0.154,-9999999,0.086722,-0.112852,1.233391,-0.518236,1.345924,0.51,299.9982,14.13657,4.487252,2018-08-21T05:32:05.742,-9999999,G2,0101.C-0106(A),Martins,-9999999,HARPS_ech_obs_all,HARPS_ech_obs_wavesimult,STAR_WAVE_G2IV,7.1691957576449E-06,2.61366594525623E-07,0,0,0
GJ882,344.365525,20.76525,2458351.7409222,33.708617,1.263346,-33104.823996,1.363515,83.537379,0.273474,-33105.255398,0.218308,68.312906,0.277875,11.392342,5.787106,3.781538,2.154924,0.424359,0.000232,0.307842,0.000301,0.410366,0.000385,0,7.375833,48.829415,-0.010622,-33.02,322.7,2458351.74091,11.543509,11.543631,0.135,-9999999,0.086722,-0.10588,1.233392,-0.518124,1.345925,0.5,299.9982,11.391622,5.662637,2018-08-21T05:37:36.710,-9999999,G2,0101.C-0106(A),Martins,-9999999,HARPS_ech_obs_all,HARPS_ech_obs_wavesimult,STAR_WAVE_G2IV,6.60689855259095E-06,2.64794732575714E-07,0,0,0
GJ882,344.365525,20.76525,2458351.7447186,32.731787,1.267147,-33105.750583,1.366264,82.567522,0.29052,-33106.181871,0.23486,67.27655,0.294613,11.132051,5.946076,3.253914,2.009911,0.423972,0.000251,0.308193,0.000326,0.410045,0.000417,0,7.375296,48.833782,-0.012323,-33.02,298.2,2458351.74471,11.532891,11.53301,-0.019,-9999999,0.086723,-0.098908,1.233393,-0.518011,1.345927,0.49,299.9983,11.121182,5.816703,2018-08-21T05:43:07.708,-9999999,G2,0101.C-0106(A),Martins,-9999999,HARPS_ech_obs_all,HARPS_ech_obs_wavesimult,STAR_WAVE_G2IV,6.56868710083889E-06,2.91973967388048E-07,0,0,0
GJ882,344.365525,20.76525,2458351.7486199,32.928453,1.264523,-33105.900449,1.364462,82.771353,0.27885,-33106.331621,0.22413,67.538589,0.282929,12.252934,5.429952,3.844388,2.027386,0.424397,0.000239,0.308559,0.00031,0.40958,0.000396,0,7.373892,48.830959,-0.012246,-33.02,313.6,2458351.74861,11.521982,11.5221,0.238,-9999999,0.086723,-0.091742,1.233394,-0.517895,1.345928,0.51,299.9983,12.246476,5.292709,2018-08-21T05:48:38.766,-9999999,G2,0101.C-0106(A),Martins,-9999999,HARPS_ech_obs_all,HARPS_ech_obs_wavesimult,STAR_WAVE_G2IV,6.36047021599733E-06,3.14604776317769E-07,0,0,0
GJ882,344.365525,20.76525,2458351.7523119,33.989275,1.269206,-33104.629481,1.367744,83.838956,0.299363,-33105.060544,0.243302,68.677246,0.303345,8.68752,5.670329,3.244617,1.878078,0.424526,0.000261,0.308506,0.000338,0.410144,0.000432,0,7.373515,48.83614,-0.010349,-33.02,287.7,2458351.7523,11.511665,11.511807,0.044,-9999999,0.086723,-0.084961,1.233396,-0.517786,1.34593,0.47,299.9983,8.675495,5.553038,2018-08-21T05:54:09.744,-9999999,G2,0101.C-0106(A),Martins,-9999999,HARPS_ech_obs_all,HARPS_ech_obs_wavesimult,STAR_WAVE_G2IV,7.19139650788775E-06,3.22238480139684E-07,0,0,0
GJ882,344.365525,20.76525,2458351.756247,34.845386,1.270125,-33103.384711,1.368592,84.702294,0.303232,-33103.815657,0.248015,69.533964,0.307258,13.802227,5.895496,4.769723,1.884199,0.424607,0.000266,0.308927,0.000345,0.410997,0.000441,0,7.374916,48.820702,-0.012911,-33.02,282.4,2458351.75624,11.500682,11.500821,0.047,-9999999,0.086723,-0.077734,1.233397,-0.517669,1.345931,0.5,299.9982,13.78338,5.777703,2018-08-21T05:59:40.722,-9999999,G2,0101.C-0106(A),Martins,-9999999,HARPS_ech_obs_all,HARPS_ech_obs_wavesimult,STAR_WAVE_G2IV,6.76909489972932E-06,2.6762050385575E-07,0,0,0
GJ882,344.365525,20.76525,2458351.759628,31.577551,1.284306,-33106.126487,1.37767,81.440669,0.358008,-33106.557333,0.294006,66.363458,0.361025,10.178671,5.501049,1.716647,2.068456,0.424384,0.000314,0.30846,0.000408,0.409298,0.000521,0,7.374507,48.834138,-0.012129,-33.02,238.6,2458351.75962,11.491261,11.491398,-0.013,-9999999,0.086723,-0.071524,1.233398,-0.517569,1.345933,0.37,299.9983,10.161549,5.361197,2018-08-21T06:05:11.830,-9999999,G2,0101.C-0106(A),Martins,-9999999,HARPS_ech_obs_all,HARPS_ech_obs_wavesimult,STAR_WAVE_G2IV,6.51939358912298E-06,3.62313820930049E-07,0,0,0
GJ882,344.365525,20.76525,2458351.7635972,32.405064,1.329551,-33105.845902,1.407836,82.275472,0.496418,-33106.27663,0.412868,67.096506,0.499244,9.181087,6.461428,-2.435662,1.694909,0.424829,0.000442,0.308177,0.000576,0.409415,0.000735,0,7.374007,48.850979,-0.012315,-33.02,169.5,2458351.76359,11.480224,11.480356,0.04,-9999999,0.086723,-0.064234,1.2334,-0.517451,1.345935,0.41,299.9982,9.166146,6.349645,2018-08-21T06:10:42.757,-9999999,G2,0101.C-0106(A),Martins,-9999999,HARPS_ech_obs_all,HARPS_ech_obs_wavesimult,STAR_WAVE_G2IV,7.93522453423758E-06,4.61087644048116E-07,0,0,0
GJ882,344.365525,20.76525,2458351.7676018,33.860545,1.279818,-33104.447355,1.374767,83.738308,0.341548,-33104.877963,0.280065,68.677852,0.345124,14.387497,5.83092,4.325701,2.02955,0.42379,0.000297,0.30856,0.000388,0.409927,0.000495,0,7.37322,48.822004,-0.012521,-33.02,251.4,2458351.76759,11.469119,11.469249,0.175,-9999999,0.086724,-0.056879,1.233402,-0.517332,1.345937,0.46,299.9982,14.360514,5.70358,2018-08-21T06:16:13.735,-9999999,G2,0101.C-0106(A),Martins,-9999999,HARPS_ech_obs_all,HARPS_ech_obs_wavesimult,STAR_WAVE_G2IV,7.05062718571652E-06,3.39085705613735E-07,0,0,0
GJ882,344.365525,20.76525,2458351.7709822,33.062045,1.343485,-33105.66254,1.416817,82.946017,0.532604,-33106.093048,0.442513,67.81975,0.534287,10.788673,6.899592,-0.918171,2.020992,0.424162,0.000476,0.307807,0.00062,0.409906,0.000791,0,7.373833,48.842491,-0.01307,-33.02,157.8,2458351.77097,11.459773,11.4599,0.108,-9999999,0.086724,-0.050671,1.233403,-0.517232,1.345939,0.33,299.9982,10.757263,6.78709,2018-08-21T06:21:44.793,-9999999,G2,0101.C-0106(A),Martins,-9999999,HARPS_ech_obs_all,HARPS_ech_obs_wavesimult,STAR_WAVE_G2IV,6.25798402465681E-06,6.20744558255961E-07,0,0,0
GJ882,344.365525,20.76525,2458351.7755421,34.622993,1.316808,-33103.866906,1.40002,84.515339,0.461186,-33104.297279,0.385351,69.347125,0.463741,13.694328,6.788076,1.851729,2.096967,0.424762,0.00044,0.308025,0.00056,0.419167,0.000715,0,7.371775,48.832155,-0.012133,-33.02,174.6,2458351.77553,11.447215,11.447342,-0.339,-9999999,0.086724,-0.042296,1.233406,-0.517097,1.345942,0.54,299.9982,13.659781,6.671008,2018-08-21T06:27:15.751,-9999999,G2,0101.C-0106(A),Martins,-9999999,HARPS_ech_obs_all,HARPS_ech_obs_wavesimult,STAR_WAVE_G2IV,6.73310098860032E-06,4.60475591075247E-07,0,0,0
GJ882,344.365525,20.76525,2458351.7798251,34.29827,1.292144,-33104.518124,1.38333,84.198483,0.385152,-33104.94837,0.319427,69.127834,0.38806,5.326111,6.436954,3.059664,1.801323,0.424358,0.000352,0.307817,0.000452,0.419384,0.000578,0,7.374467,48.832219,-0.011607,-33.02,215.5,2458351.77982,11.435478,11.435606,-0.211,-9999999,0.086724,-0.03443,1.233408,-0.51697,1.345945,0.67,299.9982,5.299121,6.313169,2018-08-21T06:32:46.789,-9999999,G2,0101.C-0106(A),Martins,-9999999,HARPS_ech_obs_all,HARPS_ech_obs_wavesimult,STAR_WAVE_G2IV,7.86350431872359E-06,3.97578874832474E-07,0,0,0
GJ882,344.365525,20.76525,2458351.7830998,33.526565,1.268828,-33104.688709,1.36732,83.432792,0.297698,-33105.118858,0.240812,68.304487,0.301525,11.414189,5.841544,3.641532,1.899154,0.424167,0.000253,0.308421,0.000331,0.418149,0.000421,0,7.374234,48.829493,-0.012552,-33.02,294.4,2458351.78309,11.426545,11.426665,-0.004,-9999999,0.086724,-0.028415,1.23341,-0.516873,1.345947,0.51,299.9982,11.373481,5.700796,2018-08-21T06:38:17.717,-9999999,G2,0101.C-0106(A),Martins,-9999999,HARPS_ech_obs_all,HARPS_ech_obs_wavesimult,STAR_WAVE_G2IV,6.06613138122922E-06,2.92000496145648E-07,0,0,0
GJ882,344.365525,20.76525,2458351.7868964,33.536559,1.268258,-33104.374395,1.366853,83.449759,0.295251,-33104.804431,0.238126,68.372668,0.2989,8.264226,5.838487,4.133878,1.912709,0.423777,0.000249,0.308829,0.000326,0.418435,0.000416,0,7.375166,48.824621,-0.012495,-33.02,298.4,2458351.78689,11.41624,11.416357,-0.297,-9999999,0.086724,-0.021442,1.233412,-0.51676,1.34595,0.5,299.9982,8.230536,5.695541,2018-08-21T06:43:48.725,-9999999,G2,0101.C-0106(A),Martins,-9999999,HARPS_ech_obs_all,HARPS_ech_obs_wavesimult,STAR_WAVE_G2IV,5.86323362185517E-06,3.45166921038522E-07,0,0,0
GJ882,344.365525,20.76525,2458351.790797,33.629633,1.263875,-33104.726087,1.363979,83.549997,0.275808,-33105.156006,0.221015,68.522837,0.279677,11.383134,5.74018,3.882496,1.933243,0.424509,0.000231,0.30787,0.000301,0.418732,0.000385,0,7.374843,48.831142,-0.011706,-33.02,322.5,2458351.79079,11.405714,11.405829,0.033,-9999999,0.086725,-0.014278,1.233414,-0.516644,1.345953,0.52,299.9982,11.347576,5.593143,2018-08-21T06:49:19.723,-9999999,G2,0101.C-0106(A),Martins,-9999999,HARPS_ech_obs_all,HARPS_ech_obs_wavesimult,STAR_WAVE_G2IV,5.91121011631996E-06,3.05814893267834E-07,0,0,0
GJ882,344.365525,20.76525,2458351.7945238,33.537056,1.26352,-33104.488107,1.363725,83.464265,0.274165,-33104.917916,0.219427,68.439589,0.278312,5.696097,5.85543,4.379318,1.959934,0.424371,0.000231,0.308513,0.000301,0.418625,0.000384,0,7.375041,48.825904,-0.012299,-33.02,323.4,2458351.79452,11.39572,11.395858,0.051,-9999999,0.086725,-0.007433,1.233417,-0.516534,1.345956,0.49,299.9982,5.663857,5.710762,2018-08-21T06:54:50.711,-9999999,G2,0101.C-0106(A),Martins,-9999999,HARPS_ech_obs_all,HARPS_ech_obs_wavesimult,STAR_WAVE_G2IV,6.63714294275294E-06,2.90709911572169E-07,0,0,0
GJ882,344.365525,20.76525,2458351.798355,34.782678,1.265922,-33103.570224,1.365303,84.716923,0.285017,-33103.999919,0.22901,69.68235,0.289115,6.938635,5.706235,3.4987,1.851412,0.424372,0.00024,0.307751,0.000313,0.418182,0.000399,0,7.375967,48.82483,-0.010605,-33.02,310.6,2458351.79835,11.385516,11.385651,-0.088,-9999999,0.086725,-0.000397,1.233419,-0.51642,1.345959,0.49,299.9982,6.897091,5.557505,2018-08-21T07:00:21.709,-9999999,G2,0101.C-0106(A),Martins,-9999999,HARPS_ech_obs_all,HARPS_ech_obs_wavesimult,STAR_WAVE_G2IV,5.41040664758439E-06,3.31662385270176E-07,0,0,0
GJ882,344.365525,20.76525,2458351.802302,34.384512,1.265722,-33103.69317,1.365119,84.326007,0.284118,-33104.122748,0.22789,69.266127,0.288251,7.33569,5.620425,3.974993,2.040906,0.424283,0.00024,0.30823,0.000313,0.418439,0.000399,0,7.372889,48.829031,-0.011723,-33.02,311.1,2458351.80229,11.375082,11.375215,0.03,-9999999,0.086725,0.006852,1.233422,-0.516303,1.345963,0.52,299.9982,7.286662,5.472418,2018-08-21T07:05:53.717,-9999999,G2,0101.C-0106(A),Martins,-9999999,HARPS_ech_obs_all,HARPS_ech_obs_wavesimult,STAR_WAVE_G2IV,7.34952574354811E-06,2.74068240946744E-07,0,0,0
GJ882,344.365525,20.76525,2458351.8060638,34.308049,1.262603,-33103.397376,1.363052,84.256453,0.269869,-33103.826842,0.215145,69.189156,0.274032,9.547364,5.836202,4.064455,1.970685,0.424412,0.000224,0.308292,0.000293,0.417929,0.000373,0,7.375561,48.830671,-0.01127,-33.02,332.4,2458351.80606,11.365217,11.365348,0.093,-9999999,0.086725,0.013761,1.233425,-0.516191,1.345966,0.5,299.9983,9.49549,5.68222,2018-08-21T07:11:24.725,-9999999,G2,0101.C-0106(A),Martins,-9999999,HARPS_ech_obs_all,HARPS_ech_obs_wavesimult,STAR_WAVE_G2IV,6.41373842540335E-06,3.56100083871271E-07,0,0,0
GJ882,344.365525,20.76525,2458351.809895,34.699356,1.26573,-33103.188536,1.365258,84.654796,0.284128,-33103.617889,0.22868,69.663285,0.287859,5.177051,5.309104,3.47587,1.793349,0.424629,0.000244,0.308644,0.000317,0.417751,0.000403,0,7.373967,48.834765,-0.011631,-33.02,307.5,2458351.80989,11.355255,11.355383,-0.148,-9999999,0.086725,0.020798,1.233428,-0.516078,1.345969,0.5,299.9982,5.130033,5.146499,2018-08-21T07:16:55.733,-9999999,G2,0101.C-0106(A),Martins,-9999999,HARPS_ech_obs_all,HARPS_ech_obs_wavesimult,STAR_WAVE_G2IV,6.06436450757264E-06,3.32998995937545E-07,0,0,0
GJ882,344.365525,20.76525,2458351.8137259,35.834874,1.264925,-33101.88577,1.364498,85.79735,0.280509,-33102.315008,0.22408,70.80793,0.284286,7.462359,6.027245,4.540411,1.859385,0.424141,0.000239,0.308643,0.00031,0.418355,0.000395,0,7.374394,48.834807,-0.010296,-33.02,314.4,2458351.81372,11.345384,11.345508,-0.003,-9999999,0.086726,0.027834,1.23343,-0.515964,1.345973,0.5,299.9982,7.408854,5.893927,2018-08-21T07:22:26.711,-9999999,G2,0101.C-0106(A),Martins,-9999999,HARPS_ech_obs_all,HARPS_ech_obs_wavesimult,STAR_WAVE_G2IV,6.43846858901017E-06,3.11882536676936E-07,0,0,0
GJ882,344.365525,20.76525,2458351.8175224,35.388194,1.264504,-33102.675546,1.36432,85.357643,0.27859,-33103.104671,0.222969,70.422305,0.282454,4.788914,6.074023,4.323315,1.932826,0.424205,0.000238,0.308397,0.000308,0.418303,0.000393,0,7.374873,48.831035,-0.011161,-33.02,315.9,2458351.81751,11.335695,11.335817,0.172,-9999999,0.086726,0.034807,1.233433,-0.515851,1.345977,0.49,299.9982,4.733672,5.941164,2018-08-21T07:27:57.708,-9999999,G2,0101.C-0106(A),Martins,-9999999,HARPS_ech_obs_all,HARPS_ech_obs_wavesimult,STAR_WAVE_G2IV,6.94579868895576E-06,3.13198111502117E-07,0,0,0
GJ882,344.365525,20.76525,2458351.8214233,34.287911,1.263365,-33103.488828,1.363735,84.264525,0.273358,-33103.917838,0.21934,69.322315,0.277177,6.128066,6.186,4.837053,1.764387,0.42396,0.000237,0.308116,0.000305,0.418242,0.00039,0,7.374021,48.835347,-0.012767,-33.02,318.7,2458351.82141,11.325842,11.325962,0.174,-9999999,0.086726,0.041971,1.233437,-0.515736,1.345981,0.51,299.9983,6.077571,6.045186,2018-08-21T07:33:28.736,-9999999,G2,0101.C-0106(A),Martins,-9999999,HARPS_ech_obs_all,HARPS_ech_obs_wavesimult,STAR_WAVE_G2IV,7.46624586263928E-06,3.05202715665203E-07,0,0,0
GJ882,344.365525,20.76525,2458351.8251432,36.186891,1.263829,-33101.535468,1.364328,86.170337,0.275483,-33101.964367,0.222969,71.182612,0.279249,8.481482,5.824051,5.168902,1.84072,0.424602,0.000248,0.308659,0.000316,0.418741,0.000403,0,7.374705,48.832246,-0.011614,-33.02,308.4,2458351.82514,11.316547,11.316647,0.01,-9999999,0.086726,0.048803,1.23344,-0.515625,1.345985,0.48,299.9982,8.42132,5.684038,2018-08-21T07:38:59.124,-9999999,G2,0101.C-0106(A),Martins,-9999999,HARPS_ech_obs_all,HARPS_ech_obs_wavesimult,STAR_WAVE_G2IV,5.94398106068083E-06,2.92529098572334E-07,0,0,0
GJ882,344.365525,20.76525,2458351.8290161,35.958684,1.264663,-33101.606412,1.364568,85.949243,0.279269,-33102.035196,0.224408,70.968264,0.283115,6.002146,5.786863,5.978618,1.839184,0.424254,0.000246,0.309066,0.000315,0.418456,0.000402,0,7.374669,48.832557,-0.011794,-33.02,309.4,2458351.82901,11.306979,11.307094,-0.056,-9999999,0.086726,0.055916,1.233443,-0.51551,1.345989,0.49,299.9983,5.942592,5.632344,2018-08-21T07:44:30.732,-9999999,G2,0101.C-0106(A),Martins,-9999999,HARPS_ech_obs_all,HARPS_ech_obs_wavesimult,STAR_WAVE_G2IV,6.48998502054723E-06,3.01009055630399E-07,0,0,0
GJ882,344.365525,20.76525,2458351.8328817,36.453968,1.268833,-33101.38883,1.367406,86.451626,0.297569,-33101.817499,0.241042,71.456397,0.300907,5.575353,6.113388,6.630291,1.736064,0.424341,0.000269,0.308449,0.000343,0.418758,0.000438,0,7.37441,48.82615,-0.012994,-33.02,284.6,2458351.83287,11.297545,11.297658,-0.018,-9999999,0.086727,0.063016,1.233447,-0.515396,1.345993,0.5,299.9983,5.516235,5.977918,2018-08-21T07:50:01.701,-9999999,G2,0101.C-0106(A),Martins,-9999999,HARPS_ech_obs_all,HARPS_ech_obs_wavesimult,STAR_WAVE_G2IV,6.41414717231096E-06,3.41812313595754E-07,0,0,0
GJ882,344.365525,20.76525,2458351.8367133,36.579796,1.2716,-33101.257691,1.369516,86.584492,0.309141,-33101.686246,0.252712,71.574985,0.312475,6.875794,5.537541,6.902573,1.797227,0.424401,0.000285,0.308197,0.000363,0.418915,0.000463,0,7.376215,48.825118,-0.0126,-33.02,269,2458351.8367,11.288314,11.288448,-0.109,-9999999,0.086727,0.070053,1.23345,-0.515282,1.345998,0.5,299.9983,6.81717,5.382911,2018-08-21T07:55:32.738,-9999999,G2,0101.C-0106(A),Martins,-9999999,HARPS_ech_obs_all,HARPS_ech_obs_wavesimult,STAR_WAVE_G2IV,5.92309443543463E-06,3.71127821870743E-07,0,0,0
GJ882,344.365525,20.76525,2458358.6870825,-51.939864,0.951827,-33190.626296,1.269447,-2.420862,0.217281,-33191.382856,0.176354,-17.575382,0.218325,-5.375551,4.676647,12.615768,1.809389,0.424081,0.00019,0.308576,0.000247,0.41903,0.000315,0,7.374151,48.844358,-0.011316,-33.02,395.5,2458358.68707,8.73931,8.73945,0.345,-9999999,0.087039,-0.415641,0.926695,-0.843599,1.257137,0.5,499.9983,-5.36935,4.610787,2018-08-28T04:18:04.727,-9999999,G2,0101.C-0106(A),Martins,-9999999,HARPS_ech_obs_all,HARPS_ech_obs_wavesimult,STAR_WAVE_G2IV,7.04418119688863E-06,2.15336394508366E-07,0,0,0
GJ882,344.365525,20.76525,2458358.6943446,-53.137958,0.960519,-33191.921629,1.274359,-3.605618,0.252656,-33192.677973,0.208801,-18.769,0.253381,-2.848259,4.997257,11.754091,1.759897,0.424178,0.000228,0.308704,0.000294,0.419497,0.000376,0,7.372894,48.84335,-0.011728,-33.02,331.9,2458358.69434,8.719241,8.719355,0.568,-9999999,0.08704,-0.402303,0.926694,-0.843384,1.257137,0.49,399.9983,-2.83593,4.937666,2018-08-28T04:29:26.154,-9999999,G2,0101.C-0106(A),Martins,-9999999,HARPS_ech_obs_all,HARPS_ech_obs_wavesimult,STAR_WAVE_G2IV,5.91624733766323E-06,2.42336947239032E-07,0,0,0
GJ882,344.365525,20.76525,2458358.6993802,-53.076828,0.960819,-33191.442832,1.274462,-3.53524,0.253792,-33192.199026,0.20943,-18.775629,0.254087,-2.391834,5.255288,11.846443,1.764846,0.424457,0.000228,0.308946,0.000295,0.419172,0.000376,0,7.373676,48.842208,-0.010937,-33.02,331.5,2458358.69938,8.705235,8.705356,0.429,-9999999,0.08704,-0.393054,0.926694,-0.843234,1.257137,0.5,399.9982,-2.380174,5.195743,2018-08-28T04:36:37.217,-9999999,G2,0101.C-0106(A),Martins,-9999999,HARPS_ech_obs_all,HARPS_ech_obs_wavesimult,STAR_WAVE_G2IV,7.46455420537434E-06,2.56256504646185E-07,0,0,0
GJ882,344.365525,20.76525,2458358.7042754,-53.304771,0.963783,-33191.757808,1.276165,-3.754192,0.264792,-33192.513857,0.219552,-18.842414,0.26525,0.126212,5.128918,12.652342,1.847831,0.424547,0.00024,0.30895,0.00031,0.418559,0.000395,0,7.373136,48.837457,-0.011963,-33.02,315.2,2458358.70427,8.691563,8.691686,0.276,-9999999,0.08704,-0.384063,0.926694,-0.843089,1.257137,0.48,399.9982,0.143839,5.07258,2018-08-28T04:43:48.151,-9999999,G2,0101.C-0106(A),Martins,-9999999,HARPS_ech_obs_all,HARPS_ech_obs_wavesimult,STAR_WAVE_G2IV,7.11382121994062E-06,2.44958881157441E-07,0,0,0
GJ882,344.365525,20.76525,2458358.747748,-52.746009,0.956387,-33191.204112,1.269009,-3.115587,0.236421,-33191.95887,0.173102,-18.405987,0.237836,0.890635,5.347977,11.239414,1.472873,0.424134,0.000187,0.308588,0.000242,0.40968,0.00031,128,7.374094,48.848036,-0.011352,-33.02,402.7,2458358.74775,8.56943,8.569556,0.062,-9999999,0.087042,-0.30422,0.926705,-0.8418,1.257147,0.49,599.9982,0.908264,5.288409,2018-08-28T05:44:42.078,-9999999,G2,0101.C-0106(A),Martins,-9999999,HARPS_ech_obs_all,HARPS_ech_obs_wavesimult,STAR_WAVE_G2IV,6.94482979219233E-06,2.35511681853854E-07,0,0,0
GJ882,344.365525,20.76525,2458358.7552608,-52.793929,0.95402,-33191.363609,1.267756,-3.149708,0.226643,-33192.118143,0.163638,-18.364184,0.22814,-3.145021,5.48582,10.752933,1.585916,0.424282,0.000175,0.308917,0.000227,0.410331,0.00029,128,7.375441,48.846841,-0.012005,-33.02,430.5,2458358.75526,8.548532,8.548654,0.268,-9999999,0.087043,-0.290422,0.926708,-0.841577,1.257151,0.52,599.9982,-3.128472,5.430887,2018-08-28T05:55:13.162,-9999999,G2,0101.C-0106(A),Martins,-9999999,HARPS_ech_obs_all,HARPS_ech_obs_wavesimult,STAR_WAVE_G2IV,6.85823438595976E-06,2.27990095253714E-07,0,0,0
GJ882,344.365525,20.76525,2458358.7623568,-53.9895,0.952654,-33192.563698,1.26687,-4.332247,0.220804,-33193.318021,0.156593,-19.628513,0.222697,-2.208917,5.889305,11.843432,1.587368,0.423894,0.000164,0.308366,0.000214,0.410215,0.000273,128,7.376436,48.839935,-0.012302,-33.02,455.8,2458358.76235,8.528943,8.529059,0.106,-9999999,0.087043,-0.277389,0.926712,-0.841366,1.257154,0.49,599.9983,-2.191059,5.833073,2018-08-28T06:05:44.236,-9999999,G2,0101.C-0106(A),Martins,-9999999,HARPS_ech_obs_all,HARPS_ech_obs_wavesimult,STAR_WAVE_G2IV,6.14227947984092E-06,2.39184030232451E-07,0,0,0
GJ882,344.365525,20.76525,2458358.7690921,-53.492178,0.957762,-33191.91531,1.269677,-3.822554,0.241879,-33192.669433,0.177851,-19.067895,0.243337,-1.807845,5.555919,11.68129,1.631482,0.424058,0.000187,0.308919,0.000244,0.409998,0.000311,128,7.375328,48.837681,-0.011996,-33.02,400.1,2458358.76909,8.510517,8.510645,0.428,-9999999,0.087043,-0.265019,0.926716,-0.841166,1.257158,0.49,499.9982,-1.793832,5.495698,2018-08-28T06:16:15.150,-9999999,G2,0101.C-0106(A),Martins,-9999999,HARPS_ech_obs_all,HARPS_ech_obs_wavesimult,STAR_WAVE_G2IV,6.61218331151928E-06,2.81909428066415E-07,0,0,0
GJ882,344.365525,20.76525,2458358.7757893,-53.789179,0.959226,-33192.346903,1.27065,-4.107255,0.247596,-33193.100828,0.184644,-19.292313,0.249581,-2.190546,5.760872,8.996977,1.54578,0.424288,0.000192,0.315637,0.000252,0.410368,0.000322,0,7.374172,48.841252,-0.011775,-33.02,386.7,2458358.77578,8.492383,8.49252,0.291,-9999999,0.087043,-0.252718,0.92672,-0.840968,1.257163,0.48,499.9983,-2.173993,5.699588,2018-08-28T06:25:58.772,-9999999,G2,0101.C-0106(A),Martins,-9999999,HARPS_ech_obs_all,HARPS_ech_obs_wavesimult,STAR_WAVE_G2IV,6.52315764150541E-06,2.56057386765973E-07,0,0,0
GJ882,344.365525,20.76525,2458358.7819396,-53.381586,0.959362,-33192.05655,1.270618,-3.688366,0.248107,-33192.810291,0.184394,-18.933209,0.250016,-2.094958,5.513771,9.62304,1.582163,0.423935,0.000191,0.316093,0.000251,0.410555,0.000321,0,7.375159,48.84307,-0.013076,-33.02,388,2458358.78194,8.475919,8.476048,0.126,-9999999,0.087044,-0.241422,0.926725,-0.840785,1.257167,0.48,499.9982,-2.081081,5.45017,2018-08-28T06:34:50.141,-9999999,G2,0101.C-0106(A),Martins,-9999999,HARPS_ech_obs_all,HARPS_ech_obs_wavesimult,STAR_WAVE_G2IV,7.54454070616994E-06,2.52907065678739E-07,0,0,0
GJ882,344.365525,20.76525,2458358.7880861,-54.050705,0.959238,-33192.303176,1.270729,-4.346196,0.247609,-33193.056735,0.185125,-19.497859,0.249408,1.159887,5.777379,11.059585,1.551859,0.424346,0.000194,0.316005,0.000254,0.410232,0.000324,0,7.375585,48.832979,-0.012944,-33.02,384.4,2458358.78808,8.459668,8.459784,0.073,-9999999,0.087044,-0.230134,0.92673,-0.840603,1.257172,0.48,499.9982,1.174603,5.715783,2018-08-28T06:43:41.191,-9999999,G2,0101.C-0106(A),Martins,-9999999,HARPS_ech_obs_all,HARPS_ech_obs_wavesimult,STAR_WAVE_G2IV,6.42154545935786E-06,2.41583801811088E-07,0,0,0
GJ882,344.365525,20.76525,2458358.7942898,-53.223148,0.962867,-33191.731645,1.272637,-3.507245,0.261296,-33192.48502,0.197766,-18.696656,0.263056,-4.103811,5.419567,11.768613,1.493735,0.424456,0.000207,0.315283,0.000271,0.410241,0.000347,0,7.375192,48.828109,-0.012044,-33.02,358.9,2458358.79429,8.443491,8.443618,0.214,-9999999,0.087044,-0.21874,0.926735,-0.840419,1.257177,0.49,499.9983,-4.101252,5.36126,2018-08-28T06:52:32.169,-9999999,G2,0101.C-0106(A),Martins,-9999999,HARPS_ech_obs_all,HARPS_ech_obs_wavesimult,STAR_WAVE_G2IV,6.33123497801226E-06,3.61110345158226E-07,0,0,0
GJ882,344.365525,20.76525,2458358.8004935,-52.736879,0.969864,-33191.360807,1.276255,-3.009582,0.285988,-33192.113997,0.219813,-18.220388,0.287337,-0.254178,5.404092,9.313375,1.529521,0.423977,0.000233,0.316281,0.000306,0.411481,0.000391,0,7.373032,48.839909,-0.011064,-33.02,319.6,2458358.80049,8.427561,8.427675,0.113,-9999999,0.087045,-0.207346,0.92674,-0.840235,1.257183,0.5,499.9983,-0.247332,5.34207,2018-08-28T07:01:23.159,-9999999,G2,0101.C-0106(A),Martins,-9999999,HARPS_ech_obs_all,HARPS_ech_obs_wavesimult,STAR_WAVE_G2IV,6.21037568914871E-06,3.0512857048643E-07,0,0,0
GJ882,344.365525,20.76525,2458358.8072877,-52.954472,0.959243,-33191.474439,1.270549,-3.214697,0.247563,-33192.227427,0.183768,-18.449555,0.249488,-5.728934,5.633259,10.459359,1.550871,0.424143,0.000192,0.315192,0.000252,0.410842,0.000323,0,7.375185,48.837985,-0.011888,-33.02,386.4,2458358.80729,8.410424,8.410552,-0.049,-9999999,0.087045,-0.194867,0.926747,-0.840033,1.257189,0.51,599.9982,-5.721997,5.570431,2018-08-28T07:10:14.157,-9999999,G2,0101.C-0106(A),Martins,-9999999,HARPS_ech_obs_all,HARPS_ech_obs_wavesimult,STAR_WAVE_G2IV,6.56414259382174E-06,2.73991229629683E-07,0,0,0
GJ882,344.365525,20.76525,2458363.6556936,-28.441405,0.852844,-33167.985535,1.354503,20.607754,0.198449,-33168.551791,0.152183,5.36811,0.198773,-0.670228,4.386765,10.553265,1.742678,0.425125,0.000165,0.309639,0.000215,0.41834,0.000274,128,7.376783,48.853001,-0.012764,-33.02,456.1,2458363.65568,6.63277,6.63292,0.792,-9999999,0.087266,-0.885484,0.829434,-0.653522,1.345926,0.5,899.9982,-0.64152,4.409184,2018-09-02T03:29:21.872,-9999999,G2,0101.C-0106(A),Martins,-9999999,HARPS_ech_obs_all,HARPS_ech_obs_wavesimult,STAR_WAVE_G2IV,6.93723915461105E-06,2.17811330821953E-07,0,0,0
GJ882,344.365525,20.76525,2458363.6645966,-27.65349,0.86439,-33167.132903,1.360068,21.41202,0.243343,-33167.698894,0.195641,6.262623,0.244025,1.701936,4.831153,11.928577,1.805778,0.425784,0.000213,0.309683,0.000276,0.418661,0.000352,0,7.375384,48.839484,-0.012956,-33.02,354.5,2458363.6646,6.608646,6.608772,0.428,-9999999,0.087267,-0.869132,0.82943,-0.653258,1.345923,0.48,599.9982,1.722975,4.852548,2018-09-02T03:44:53.072,-9999999,G2,0101.C-0106(A),Martins,-9999999,HARPS_ech_obs_all,HARPS_ech_obs_wavesimult,STAR_WAVE_G2IV,6.67693484075383E-06,2.63687622197663E-07,0,0,0
GJ882,344.365525,20.76525,2458363.6721768,-28.50909,0.86008,-33168.256285,1.358225,20.570342,0.227569,-33168.822051,0.182404,5.394489,0.228424,4.847511,4.695494,10.044761,1.775237,0.425575,0.000196,0.309216,0.000255,0.41827,0.000325,0,7.374187,48.846252,-0.013574,-33.02,383.3,2458363.67217,6.587833,6.587983,1.081,-9999999,0.087267,-0.85521,0.829428,-0.653033,1.345921,0.52,599.9982,4.875441,4.716476,2018-09-02T03:55:23.987,-9999999,G2,0101.C-0106(A),Martins,-9999999,HARPS_ech_obs_all,HARPS_ech_obs_wavesimult,STAR_WAVE_G2IV,6.24650372309358E-06,2.45909682000659E-07,0,0,0
GJ882,344.365525,20.76525,2458363.6794118,-27.608731,0.861347,-33167.117828,1.358678,21.483989,0.232318,-33167.68338,0.185761,6.319682,0.23313,0.614639,4.268012,11.38347,1.752487,0.425227,0.000201,0.31011,0.000261,0.418646,0.000333,0,7.374851,48.845203,-0.013507,-33.02,374.9,2458363.67941,6.567773,6.567886,0.611,-9999999,0.087267,-0.841922,0.829426,-0.652819,1.34592,0.51,599.9982,0.642588,4.291696,2018-09-02T04:05:55.081,-9999999,G2,0101.C-0106(A),Martins,-9999999,HARPS_ech_obs_all,HARPS_ech_obs_wavesimult,STAR_WAVE_G2IV,6.42187655756792E-06,3.06512585407915E-07,0,0,0
GJ882,344.365525,20.76525,2458363.686645,-27.397069,0.859915,-33166.556478,1.35804,21.708936,0.226955,-33167.121814,0.181038,6.565006,0.227613,1.458579,4.880162,11.544091,1.744869,0.425444,0.000196,0.309539,0.000254,0.418957,0.000324,0,7.376082,48.842543,-0.013477,-33.02,385,2458363.68664,6.547563,6.547666,0.596,-9999999,0.087268,-0.828637,0.829425,-0.652604,1.345919,0.5,599.9983,1.483907,4.902578,2018-09-02T04:16:26.012,-9999999,G2,0101.C-0106(A),Martins,-9999999,HARPS_ech_obs_all,HARPS_ech_obs_wavesimult,STAR_WAVE_G2IV,6.66782018363717E-06,1.95781203818373E-07,0,0,0
GJ882,344.365525,20.76525,2458363.6941934,-26.265829,0.862809,-33165.70309,1.359247,22.85404,0.237685,-33166.268202,0.189888,7.798527,0.238128,1.180894,4.864032,9.531435,1.729525,0.425726,0.0002,0.309356,0.000262,0.418867,0.000335,0,7.373887,48.850266,-0.013062,-33.02,372.3,2458363.69419,6.526346,6.526475,0.677,-9999999,0.087268,-0.814773,0.829424,-0.65238,1.345918,0.49,599.9982,1.194158,4.889836,2018-09-02T04:27:24.180,-9999999,G2,0101.C-0106(A),Martins,-9999999,HARPS_ech_obs_all,HARPS_ech_obs_wavesimult,STAR_WAVE_G2IV,7.28230377308944E-06,2.54471124991409E-07,0,0,0
GJ882,344.365525,20.76525,2458363.7015638,-26.558262,0.862021,-33165.804644,1.358862,22.575144,0.234811,-33166.369538,0.187109,7.390876,0.235501,2.933246,4.677949,9.988778,1.831042,0.425304,0.000197,0.309524,0.000258,0.41911,0.00033,0,7.375883,48.844701,-0.012851,-33.02,378.3,2458363.70155,6.505543,6.50569,0.674,-9999999,0.087268,-0.801237,0.829424,-0.652162,1.345918,0.5,599.9982,2.956774,4.704037,2018-09-02T04:37:54.964,-9999999,G2,0101.C-0106(A),Martins,-9999999,HARPS_ech_obs_all,HARPS_ech_obs_wavesimult,STAR_WAVE_G2IV,6.17640635457894E-06,2.60037689935612E-07,0,0,0
