target,ra,dec,BJD,RV_mlc_nzp,e_RV_mlc_nzp,RV_drs_nzp,e_RV_drs_nzp,RV_mlc,e_RV_mlc,RV_drs,e_RV_drs,RV_mlc_j,e_RV_mlc_j,CRX,e_CRX,dLW,e_dLW,Halpha,e_Halpha,NaD1,e_NaD1,NaD2,e_NaD2,f_RV,FWHM_DRS,CONTRAST_DRS,BIS,RVGUESS,SNR_DRS,BJD_DRS,BERV,BERV_DRS,DRIFT,e_DRIFT,SA,NZP_mlc,dNZP_mlc,NZP_drs,dNZP_drs,TMMEAN,EXPTIME,MLCRX,E_MLCRX,TIMEID,DRIFT_LAMP,MASK,PROGID,PROGPI,AIRMASS,OBHAB,THAR_FP,DPR_TYPE,RHKp,dRHKp,sourceflag,vsinflag,metflag
HD111777,193.042944,-56.57702,2453036.8802774,0.044645,1.024009,3462.317472,1.181097,1.375719,0.803952,3463.104586,0.650641,1.584932,0.808746,-9.274646,8.411269,-31.412412,1.543219,0.415217,0.000592,0.4139,0.000915,0.542104,0.001172,0,6.367846,34.397663,-0.022859,3.42,123.4,2453036.88028,21.05616,21.056244,0,-9999999,0,-0.652692,0.634235,0.787114,0.985727,0.51,899.9962,-9.220971,8.416751,2004-02-01T08:59:45.010,-9999999,G2,072.C-0488(E),Mayor,-9999999,HARPS_ech_obs_all,HARPS_ech_obs_objA,STAR_DARK_G3,6.55422227504949E-06,5.95940110782794E-07,0,0,0
HD111777,193.042944,-56.57702,2453052.8324841,-3.91759,1.647703,3460.549954,1.490817,1.613004,1.50147,3463.226566,1.284954,1.869509,1.507173,-4.405455,14.441195,-28.299672,3.374237,0.413076,0.001258,0.406672,0.001914,0.551016,0.002429,0,6.375978,34.457403,-0.020559,3.42,60.4,2453052.83248,20.048917,20.049062,0,-9999999,0.025866,3.546827,0.678611,2.650746,0.755928,0.5,232.0969,-4.427002,14.440783,2004-02-17T07:55:03.484,-9999999,G2,072.C-0488(E),Mayor,-9999999,HARPS_ech_obs_all,HARPS_ech_obs_objA,STAR_DARK_G3,6.97337002323764E-06,9.30902678961028E-07,0,0,0
HD111777,193.042944,-56.57702,2453490.7024456,-1.234398,1.56995,3464.429031,1.253153,1.183963,1.346339,3464.93611,1.013409,1.146655,1.353046,11.664853,11.966728,-36.968449,3.27763,0.421683,0.000955,0.412929,0.001479,0.543294,0.001908,0,6.38195,34.474592,-0.022291,3.4,77,2453490.70244,0.164537,0.164683,0,-9999999,0.735858,0.434595,0.807536,-0.228779,0.737152,0.5,321.6828,11.685844,11.967421,2005-04-30T04:43:00.918,-9999999,G2,072.C-0488(E),Mayor,-9999999,HARPS_ech_obs_all,HARPS_ech_obs_objA,STAR_DARK_G3,5.12186524227773E-06,1.21245376616521E-06,0,0,0
HD111777,193.042944,-56.57702,2453788.8641278,-2.602081,1.030919,3462.333981,1.088842,-1.397779,0.606975,3461.88529,0.463645,-1.250575,0.613502,7.922785,7.415033,-21.131938,1.303658,0.413987,0.00042,0.402188,0.000646,0.549591,0.000828,0,6.373863,34.369933,-0.025096,3.4,173.5,2453788.86424,19.265311,19.26524,0,-9999999,1.219317,-0.779464,0.833291,-1.668008,0.985196,0.48,899.9997,7.965801,7.413678,2006-02-22T08:34:51.338,-9999999,G2,072.C-0488(E),Mayor,-9999999,HARPS_ech_obs_all,HARPS_ech_obs_objA,STAR_DARK_G3,6.6771509493036E-06,4.17652282820056E-07,0,0,0
HD111777,193.042944,-56.57702,2453835.7208778,-1.314613,0.853323,3461.933622,0.729206,0.647072,0.662998,3463.011588,0.50581,0.681332,0.669722,0.189798,5.446147,-24.920925,1.603742,0.416968,0.000466,0.396542,0.000711,0.550253,0.000921,0,6.376223,34.358802,-0.026825,3.4,157,2453835.72098,7.230574,7.230534,0,-9999999,1.295294,-0.022081,0.53721,-0.217328,0.52526,0.46,900.0005,0.231185,5.454124,2006-04-10T05:05:42.795,-9999999,G2,072.C-0488(E),Mayor,-9999999,HARPS_ech_obs_all,HARPS_ech_obs_objA,STAR_DARK_G3,6.53357869589879E-06,5.10301297970122E-07,0,0,0
HD111777,193.042944,-56.57702,2454555.7284473,-1.479315,0.863626,3461.893562,0.879957,0.398976,0.733899,3464.16594,0.562296,0.324027,0.740022,-2.9975,6.595631,-22.148726,1.746744,0.417517,0.000503,0.405465,0.000764,0.54934,0.00099,0,6.379939,34.377582,-0.027766,3.4,145.9,2454555.72856,10.684684,10.684638,0,-9999999,2.462762,-0.105475,0.455239,-0.190384,0.676865,0.48,900,-3.003946,6.605302,2008-03-30T05:16:45.492,-9999999,G2,072.C-0488(E),Mayor,-9999999,HARPS_ech_obs_all,HARPS_ech_obs_objA,STAR_DARK_G3,4.33999515160023E-06,5.82287888479052E-07,0,0,0
HD111777,193.042944,-56.57702,2456409.7210866,-1.836735,2.812164,3459.671958,2.242458,-0.156134,2.678345,3464.568952,2.014212,-0.545105,2.688226,46.763401,23.559103,-5.559554,5.619863,0.420285,0.001763,0.410184,0.002658,0.555166,0.003389,0,6.409994,34.294333,-0.04888,3.4,44.9,2456409.72109,1.214655,1.214646,0,-9999999,5.46895,-0.303165,0.857167,-0.571956,0.985682,0.42,600,46.784745,23.569858,2013-04-27T05:08:19.087,-9999999,G2,190.C-0027(A),Santos,-9999999,HARPS_ech_obs_all,HARPS_ech_obs_wavesimult,STAR_WAVE_G3,4.63989807172601E-06,1.70936109644049E-06,0,0,0
HD111777,193.042944,-56.57702,2456409.7789996,-2.118737,3.082497,3457.904156,2.426543,-0.455966,2.960919,3462.692604,2.217324,-0.837648,2.972454,16.398667,26.30646,-9.526405,5.805717,0.420779,0.001898,0.429144,0.002898,0.54962,0.003641,0,6.395524,34.316612,-0.032716,3.4,41.8,2456409.77899,1.13225,1.132259,-0.417,-9999999,5.469044,-0.320995,0.857174,-0.680596,0.98569,0.52,600.0001,16.327175,26.307139,2013-04-27T06:30:42.751,-9999999,G2,190.C-0027(A),Santos,-9999999,HARPS_ech_obs_all,HARPS_ech_obs_wavesimult,STAR_WAVE_G3,1.06691347117559E-05,1.49861537242543E-06,0,0,0
HD111777,193.042944,-56.57702,2456410.6536604,1.82619,1.898317,3466.477374,1.487722,2.832262,1.757379,3471.212042,1.249312,2.777564,1.765198,4.794587,14.999501,-10.521383,3.834488,0.418024,0.001163,0.413939,0.001752,0.539722,0.002252,0,6.404388,34.339469,-0.028255,3.4,66,2456410.65366,0.973852,0.973852,0.557,-9999999,5.470463,-0.977694,0.717794,-0.735795,0.807797,0.48,600.0008,4.794705,15.005574,2013-04-28T03:30:37.156,-9999999,G2,190.C-0027(A),Santos,-9999999,HARPS_ech_obs_all,HARPS_ech_obs_wavesimult,STAR_WAVE_G3,-9999999,-9999999,-9999999,-9999999,-9999999
HD111777,193.042944,-56.57702,2456410.7247361,-1.625148,1.746359,3462.496481,1.3923,-0.640959,1.592026,3467.097932,1.134005,-0.946696,1.599522,-14.071891,15.183123,-3.319087,3.829246,0.418916,0.001066,0.406243,0.0016,0.541157,0.002054,0,6.402856,34.287478,-0.035784,3.4,72.1,2456410.72474,0.85514,0.855133,0.516,-9999999,5.470578,-0.999577,0.717791,-0.869127,0.807795,0.53,599.9998,-14.11401,15.186473,2013-04-28T05:12:28.072,-9999999,G2,190.C-0027(A),Santos,-9999999,HARPS_ech_obs_all,HARPS_ech_obs_wavesimult,STAR_WAVE_G3,2.0780912648929E-06,1.53238858540285E-06,0,0,0
HD111777,193.042944,-56.57702,2456414.6176046,-2.171233,1.572942,3461.036778,1.37655,0.335852,1.321412,3466.342937,0.960887,0.345772,1.328374,26.702135,12.468384,-9.507461,2.975037,0.417561,0.000895,0.403431,0.001342,0.545439,0.001719,0,6.4019,34.331814,-0.027592,3.4,85.3,2456414.6176,-0.383592,-0.383585,0.109,-9999999,5.47689,0.523319,0.853239,-0.170731,0.985691,0.5,599.9998,26.733037,12.471839,2013-05-02T02:38:29.587,-9999999,G2,190.C-0027(A),Santos,-9999999,HARPS_ech_obs_all,HARPS_ech_obs_wavesimult,STAR_WAVE_G3,1.87927005251394E-06,1.07150633937457E-06,0,0,0
HD111777,193.042944,-56.57702,2456454.5198341,-2.306914,1.185416,3461.707705,1.042921,-1.287912,1.075085,3465.73648,0.80479,-1.658405,1.082594,12.907988,8.768903,-12.932978,3.162056,0.416954,0.000709,0.398102,0.001066,0.545814,0.001374,0,6.400851,34.345218,-0.027585,3.4,106.5,2456454.51983,-13.167332,-13.167374,0.59,-9999999,5.54159,-0.964764,0.499402,-1.512815,0.663323,0.52,649.9997,12.96176,8.776345,2013-06-11T00:18:25.550,-9999999,G2,190.C-0027(A),Santos,-9999999,HARPS_ech_obs_all,HARPS_ech_obs_wavesimult,STAR_WAVE_G3,4.28981825041464E-06,7.81280449446787E-07,0,0,0
HD111777,193.042944,-56.57702,2456454.6386063,-1.560954,1.292044,3463.624833,1.097626,-0.57852,1.191654,3467.430994,0.874565,-1.016117,1.199231,-7.274875,13.571212,-12.992866,3.020166,0.418011,0.000796,0.405611,0.001181,0.541436,0.001522,0,6.404591,34.343565,-0.029954,3.4,96,2456454.6386,-13.349064,-13.349105,0.861,-9999999,5.541783,-1.001332,0.499339,-1.735622,0.663264,0.49,650.0006,-7.207507,13.57772,2013-06-11T03:09:47.417,-9999999,G2,190.C-0027(A),Santos,-9999999,HARPS_ech_obs_all,HARPS_ech_obs_wavesimult,STAR_WAVE_G3,5.83948891309648E-07,1.26619340193707E-06,0,0,0
HD111777,193.042944,-56.57702,2456455.4691531,1.553185,1.508672,3467.188267,1.262311,1.308761,1.395931,3469.69931,1.001607,0.973393,1.404072,26.464957,12.064109,-20.062971,3.460029,0.417177,0.000931,0.404334,0.001393,0.545894,0.001804,0,6.400776,34.359873,-0.033916,3.4,81.7,2456455.46915,-13.350282,-13.350334,0.204,-9999999,5.543129,-2.22819,0.572249,-3.032086,0.768253,0.51,600.0013,26.504856,12.071567,2013-06-11T23:06:02.343,-9999999,G2,190.C-0027(A),Santos,-9999999,HARPS_ech_obs_all,HARPS_ech_obs_wavesimult,STAR_WAVE_G3,8.66898672052789E-06,1.06014961966596E-06,0,0,0
HD111777,193.042944,-56.57702,2456455.6125842,-0.537653,1.589727,3465.108405,1.304746,-0.826236,1.483194,3467.350617,1.054644,-0.808651,1.490326,10.682387,13.429638,-17.752688,3.722688,0.422642,0.000982,0.401441,0.001473,0.541716,0.001883,0,6.399384,34.345879,-0.027681,3.4,77.9,2456455.61258,-13.579652,-13.57971,0.168,-9999999,5.543362,-2.272349,0.572161,-3.30115,0.768173,0.48,600.0005,10.73289,13.430711,2013-06-12T02:32:53.346,-9999999,G2,190.C-0027(A),Santos,-9999999,HARPS_ech_obs_all,HARPS_ech_obs_wavesimult,STAR_WAVE_G3,7.00297329670852E-06,1.13065025771302E-06,0,0,0
HD111777,193.042944,-56.57702,2456456.4741311,-0.808999,1.628759,3462.627337,1.399381,0.246114,1.384922,3467.462159,0.993258,0.008754,1.392265,3.017395,11.72291,-21.307643,3.0865,0.41619,0.000944,0.397859,0.001405,0.545018,0.001812,0,6.393557,34.377615,-0.021657,3.4,81.3,2456456.47413,-13.620913,-13.620969,0.078,-9999999,5.544759,-0.928653,0.857232,-0.709937,0.985752,0.5,621.4508,3.060172,11.729317,2013-06-12T23:13:11.643,-9999999,G2,190.C-0027(A),Santos,-9999999,HARPS_ech_obs_all,HARPS_ech_obs_wavesimult,STAR_WAVE_G3,2.78879091902544E-06,1.18100207548946E-06,0,0,0
HD111777,193.042944,-56.57702,2456456.658036,1.340984,1.43416,3465.836746,1.302084,2.339476,1.149816,3470.326876,0.850794,2.085216,1.157363,-19.896915,9.895746,-14.088637,3.077389,0.415366,0.000809,0.388168,0.001169,0.523185,0.001511,0,6.4004,34.334624,-0.02883,3.4,96.6,2456456.65803,-13.897472,-13.897525,-0.204,-9999999,5.545057,-0.985274,0.857169,-1.054927,0.985684,0.51,621.4517,-19.856705,9.911323,2013-06-13T03:37:55.528,-9999999,G2,190.C-0027(A),Santos,-9999999,HARPS_ech_obs_all,HARPS_ech_obs_wavesimult,STAR_WAVE_G3,2.46809994964265E-06,1.1020751371304E-06,0,0,0
HD111777,193.042944,-56.57702,2456458.4868882,-0.100475,1.220143,3461.84005,1.225755,-0.845745,1.020927,3465.697453,0.769617,-1.164156,1.027899,2.016192,10.016746,-15.009205,2.408187,0.416215,0.000681,0.40285,0.001013,0.538214,0.001305,0,6.397537,34.328661,-0.023855,3.4,111.5,2456458.48688,-14.153956,-14.154,0,-9999999,5.548023,-2.729036,0.668175,-1.69062,0.954025,0.54,621.4503,2.061294,10.025357,2013-06-14T23:31:17.069,-9999999,G2,190.C-0027(A),Santos,-9999999,HARPS_ech_obs_all,HARPS_ech_obs_wavesimult,STAR_WAVE_G3,7.23913116826392E-06,7.27744798444437E-07,0,0,0
HD111777,193.042944,-56.57702,2456458.62598,-0.467339,1.206776,3462.37686,1.218301,-1.255433,1.004957,3465.973564,0.757761,-1.401707,1.01184,-3.124525,8.914412,-14.00411,2.65149,0.416514,0.000673,0.391013,0.000988,0.539017,0.001278,0,6.398936,34.364618,-0.02856,3.4,114.1,2456458.62597,-14.367824,-14.367871,-0.107,-9999999,5.548248,-2.77186,0.668109,-1.951544,0.953969,0.51,621.451,-3.131011,8.922444,2013-06-15T02:51:53.816,-9999999,G2,190.C-0027(A),Santos,-9999999,HARPS_ech_obs_all,HARPS_ech_obs_wavesimult,STAR_WAVE_G3,6.29454448052154E-06,7.04714042080404E-07,0,0,0
HD111777,193.042944,-56.57702,2456459.4633466,0.352052,1.154456,3464.537833,1.153992,1.837546,0.773247,3469.891233,0.599981,1.589142,0.780669,-7.279111,8.283128,-15.097926,2.116459,0.416705,0.000527,0.396245,0.000778,0.542897,0.001005,0,6.393002,34.350116,-0.025442,3.4,145.1,2456459.46334,-14.365028,-14.365067,-0.159,-9999999,5.549606,-0.498272,0.857238,-0.196206,0.985759,0.51,621.4499,-7.231811,8.30043,2013-06-15T22:57:45.746,-9999999,G2,190.C-0027(A),Santos,-9999999,HARPS_ech_obs_all,HARPS_ech_obs_wavesimult,STAR_WAVE_G3,6.60337927018914E-06,7.06218688906743E-07,0,0,0
HD111777,193.042944,-56.57702,2456459.6269933,-3.138762,1.251957,3461.008079,1.206085,-1.703652,0.912497,3466.054757,0.695024,-2.009134,0.920726,7.279946,8.395854,-17.861376,2.42896,0.416696,0.0006,0.395379,0.000888,0.530892,0.001148,0,6.397329,34.367016,-0.032168,3.4,127,2456459.62699,-14.616797,-14.616848,-0.365,-9999999,5.549871,-0.548656,0.857173,-0.503193,0.985689,0.49,621.4497,7.28537,8.404541,2013-06-16T02:53:37.930,-9999999,G2,190.C-0027(A),Santos,-9999999,HARPS_ech_obs_all,HARPS_ech_obs_wavesimult,STAR_WAVE_G3,4.62174355036992E-06,6.99546615508048E-07,0,0,0
HD111777,193.042944,-56.57702,2456478.5077671,-0.781143,1.570153,3463.314649,1.369837,1.301283,1.31551,3469.095629,0.951201,0.984133,1.323077,0.082801,11.307214,-15.414052,3.59624,0.415093,0.000892,0.409746,0.001329,0.54611,0.001713,0,6.401014,34.340321,-0.021315,3.4,85.9,2456478.50777,-18.341794,-18.341853,-0.097,-9999999,5.580486,0.09866,0.857214,0.200494,0.985733,0.48,621.4509,0.100281,11.316805,2013-07-05T00:03:32.739,-9999999,G2,190.C-0027(A),Santos,-9999999,HARPS_ech_obs_all,HARPS_ech_obs_wavesimult,STAR_WAVE_G3,4.36950172019948E-06,1.03816511232952E-06,0,0,0
HD111777,193.042944,-56.57702,2456676.8221443,-0.416443,1.603921,3462.751185,1.385042,2.538197,1.355653,3469.199332,0.973001,2.813276,1.362781,-15.065563,12.326666,-7.881009,3.176983,0.420685,0.000888,0.405641,0.001337,0.554162,0.001712,0,6.396856,34.313248,-0.025161,3.4,85.9,2456676.82214,20.82367,20.823745,0.011,-9999999,5.902046,0.970874,0.857185,0.546101,0.985702,0.5,524.9017,-15.112258,12.337116,2014-01-19T07:40:34.649,-9999999,G2,190.C-0027(A),Santos,-9999999,HARPS_ech_obs_all,HARPS_ech_obs_thosimult,STAR_WAVE_G3,4.57393777596769E-07,1.06611360376571E-06,0,0,0
HD111777,193.042944,-56.57702,2456686.840532,2.50269,1.450712,3464.282542,1.324746,6.346758,1.299359,3472.666367,0.943937,6.366335,1.307659,5.320885,12.429684,-11.913067,2.899784,0.416221,0.00087,0.416884,0.001309,0.54196,0.001673,0,6.398897,34.319405,-0.023364,3.4,87.5,2456686.84053,21.146286,21.146354,-0.365,-9999999,5.91829,1.860302,0.64516,2.465535,0.929481,0.44,900.0002,5.38216,12.446184,2014-01-29T08:03:49.285,-9999999,G2,190.C-0027(A),Santos,-9999999,HARPS_ech_obs_all,HARPS_ech_obs_thosimult,STAR_WAVE_G3,2.43393023461953E-06,1.36893707983117E-06,0,0,0
HD111777,193.042944,-56.57702,2456687.8553209,0.459162,1.229798,3463.933103,1.009064,3.449547,1.181838,3470.126453,0.86315,3.531598,1.189399,-0.207496,11.291889,-8.998348,3.484762,0.416119,0.000789,0.409886,0.001174,0.550005,0.001527,0,6.391895,34.315465,-0.029336,3.4,97,2456687.85531,21.122991,21.123065,-0.012,-9999999,5.919936,1.006619,0.340092,0.273414,0.522669,0.51,900.0013,-0.177482,11.304326,2014-01-30T08:23:57.877,-9999999,G2,190.C-0027(A),Santos,-9999999,HARPS_ech_obs_all,HARPS_ech_obs_thosimult,STAR_WAVE_G3,7.94388324505657E-06,8.42103201506324E-07,0,0,0
HD111777,193.042944,-56.57702,2456688.7561638,2.392978,1.343479,3464.502712,1.038487,5.425171,1.238042,3471.168331,0.895946,5.186818,1.24616,-6.338815,11.508943,-8.101838,2.655625,0.417982,0.00082,0.412095,0.001221,0.547461,0.00158,0,6.402241,34.283304,-0.034971,3.4,93.6,2456688.75616,21.239752,21.239822,-0.715,-9999999,5.921397,1.048427,0.521717,0.744222,0.525106,0.54,600.0019,-6.315919,11.522025,2014-01-31T06:03:20.226,-9999999,G2,190.C-0027(A),Santos,-9999999,HARPS_ech_obs_all,HARPS_ech_obs_thosimult,STAR_WAVE_G3,-9999999,-9999999,-9999999,-9999999,-9999999
HD111777,193.042944,-56.57702,2456688.841341,0.967209,1.202286,3462.958034,0.964274,3.973177,1.083174,3469.464006,0.808729,3.897844,1.091068,1.424068,10.377556,-8.76421,3.370131,0.417346,0.000717,0.412771,0.001067,0.543979,0.001374,0,6.400963,34.297219,-0.032246,3.4,106.8,2456688.84134,21.132557,21.132623,-0.513,-9999999,5.921535,1.022202,0.521752,0.584437,0.52515,0.52,600.0015,1.507554,10.388892,2014-01-31T08:06:11.023,-9999999,G2,190.C-0027(A),Santos,-9999999,HARPS_ech_obs_all,HARPS_ech_obs_thosimult,STAR_WAVE_G3,5.99625692494654E-06,9.34678633453641E-07,0,0,0
HD111777,193.042944,-56.57702,2456689.8136222,-2.249965,1.595899,3461.595553,1.38249,1.191248,1.353941,3468.344267,0.969369,1.325753,1.360855,11.905192,10.863597,-12.111969,3.097265,0.417461,0.000884,0.411617,0.001319,0.543799,0.001702,0,6.404584,34.34744,-0.026911,3.4,86.3,2456689.81362,21.153692,21.153764,0.278,-9999999,5.923111,1.457447,0.84483,0.825603,0.9857,0.5,600.0009,11.933221,10.877462,2014-02-01T07:26:22.207,-9999999,G2,190.C-0027(A),Santos,-9999999,HARPS_ech_obs_all,HARPS_ech_obs_wavesimult,STAR_WAVE_G3,2.64118568760407E-06,1.18669869602234E-06,0,0,0
HD111777,193.042944,-56.57702,2456689.8624316,2.848271,1.733741,3466.102096,1.457272,6.274457,1.513965,3472.759327,1.073314,6.354389,1.520832,-1.102209,12.097437,-6.402101,3.802245,0.418707,0.001003,0.414788,0.001492,0.54425,0.001918,0,6.405631,34.32366,-0.031974,3.4,77,2456689.86243,21.085704,21.085764,0.059,-9999999,5.92319,1.44242,0.844848,0.734041,0.985718,0.46,600.0007,-1.088155,12.11239,2014-02-01T08:37:03.047,-9999999,G2,190.C-0027(A),Santos,-9999999,HARPS_ech_obs_all,HARPS_ech_obs_wavesimult,STAR_WAVE_G3,7.82213123462866E-06,8.61232540952228E-07,0,0,0
HD111777,193.042944,-56.57702,2456690.7783635,-0.554226,1.230441,3462.289521,1.145081,2.011458,0.949935,3469.072393,0.724525,2.12118,0.956956,-0.594219,9.139955,-5.037991,2.648719,0.414867,0.000634,0.412535,0.00094,0.542383,0.00121,0,6.4023,34.309235,-0.029359,3.4,120.5,2456690.77835,21.175676,21.175764,-0.472,-9999999,5.924675,0.581918,0.782055,0.858197,0.886721,0.5,600.0009,-0.546768,9.155426,2014-02-02T06:35:29.996,-9999999,G2,190.C-0027(A),Santos,-9999999,HARPS_ech_obs_all,HARPS_ech_obs_wavesimult,STAR_WAVE_G3,2.10306992746294E-06,8.55394194189175E-07,0,0,0
HD111777,193.042944,-56.57702,2456690.8465197,-1.381944,1.260841,3460.945428,1.164672,1.162756,0.988977,3467.600556,0.755079,1.336294,0.995429,3.70859,9.16889,-9.709228,2.547529,0.415422,0.000673,0.413785,0.000993,0.538546,0.001271,0,6.399932,34.348296,-0.025423,3.4,114.4,2456690.84652,21.084193,21.08427,-0.445,-9999999,5.924786,0.560934,0.782076,0.730342,0.886745,0.5,600.0021,3.753483,9.183859,2014-02-02T08:13:38.280,-9999999,G2,190.C-0027(A),Santos,-9999999,HARPS_ech_obs_all,HARPS_ech_obs_wavesimult,STAR_WAVE_G3,2.06036275307221E-06,9.21792712614047E-07,0,0,0
HD111777,193.042944,-56.57702,2456691.7713739,-0.881097,1.365333,3463.499597,1.222114,2.115775,1.100649,3470.806069,0.819083,2.131531,1.108603,-21.001237,10.49335,-8.513542,2.719665,0.41725,0.000729,0.413048,0.001085,0.542862,0.001396,0,6.395882,34.323436,-0.03208,3.4,104.7,2456691.77137,21.154268,21.15434,-0.367,-9999999,5.926286,1.013106,0.807902,1.380186,0.907009,0.5,599.9998,-20.962493,10.508057,2014-02-03T06:25:20.076,-9999999,G2,190.C-0027(A),Santos,-9999999,HARPS_ech_obs_all,HARPS_ech_obs_thosimult,STAR_WAVE_G3,3.95400624978232E-06,8.94491970724807E-07,0,0,0
HD111777,193.042944,-56.57702,2456691.8639357,1.193539,1.337576,3463.793473,1.208939,4.161913,1.066,3470.926457,0.799255,4.321246,1.074096,-3.0879,9.888526,-8.906683,2.584997,0.419451,0.000706,0.403288,0.001047,0.54354,0.00135,0,6.395455,34.33173,-0.027768,3.4,108.3,2456691.86393,21.028245,21.028323,-0.305,-9999999,5.926436,0.984608,0.807931,1.206548,0.907042,0.51,600.0012,-3.054792,9.906302,2014-02-03T08:38:30.854,-9999999,G2,190.C-0027(A),Santos,-9999999,HARPS_ech_obs_all,HARPS_ech_obs_thosimult,STAR_WAVE_G3,8.249694685414E-06,7.50149738973695E-07,0,0,0
HD111777,193.042944,-56.57702,2456692.845475,-0.439076,1.099002,3463.661346,1.073419,1.60814,0.881879,3469.190627,0.681759,1.680455,0.890164,-2.094286,7.954414,-7.608291,2.112468,0.419476,0.000602,0.404371,0.000889,0.541107,0.00114,0,6.394909,34.328814,-0.027023,3.4,127.5,2456692.84546,21.017071,21.017148,-0.011,-9999999,5.928027,0.06345,0.655816,-0.398746,0.829116,0.49,900.0023,-2.052618,7.97406,2014-02-04T08:09:34.899,-9999999,G2,190.C-0027(A),Santos,-9999999,HARPS_ech_obs_all,HARPS_ech_obs_thosimult,STAR_WAVE_G3,4.44207555465479E-06,7.82685284015105E-07,0,0,0
HD111777,193.042944,-56.57702,2456693.8426463,-1.991,0.972245,3462.458908,0.996793,1.620526,0.861297,3469.49682,0.666893,1.624022,0.868872,-8.656704,6.425417,-2.728992,2.411004,0.418229,0.000569,0.40355,0.000849,0.540416,0.001089,0,6.39873,34.284646,-0.028457,3.4,133,2456693.84264,20.976924,20.97699,-0.283,-9999999,5.929644,1.62776,0.45103,1.108268,0.740844,0.5,900.0005,-8.580161,6.448901,2014-02-05T08:05:15.476,-9999999,G2,190.C-0027(A),Santos,-9999999,HARPS_ech_obs_all,HARPS_ech_obs_thosimult,STAR_WAVE_G3,5.94716745377961E-06,6.62743808297381E-07,0,0,0
HD111777,193.042944,-56.57702,2456694.8186673,-1.561474,0.842724,3462.773725,0.772022,0.994118,0.742846,3469.499762,0.586888,0.793409,0.750999,-11.938527,7.060684,-7.95004,2.20846,0.418478,0.00051,0.404126,0.000751,0.539254,0.000963,0,6.396821,34.312293,-0.028688,3.4,150.5,2456694.81866,20.960785,20.960855,0.021,-9999999,5.931227,0.571826,0.397948,0.79481,0.501578,0.51,900.0006,-11.900756,7.082072,2014-02-06T07:30:28.802,-9999999,G2,190.C-0027(A),Santos,-9999999,HARPS_ech_obs_all,HARPS_ech_obs_thosimult,STAR_WAVE_G3,2.69033338031189E-06,7.40733383274156E-07,0,0,0
HD111777,193.042944,-56.57702,2456695.7535164,3.392862,1.458334,3465.513431,1.311992,6.314217,1.179829,3472.113321,0.865879,5.870893,1.188483,2.875064,11.683293,-6.149917,2.896447,0.418568,0.000755,0.4045,0.001134,0.539783,0.001452,0,6.4027,34.306636,-0.025286,3.4,100.2,2456695.75351,20.990915,20.990983,-0.2,-9999999,5.932743,0.937589,0.85717,0.667147,0.985686,0.57,600.0016,2.927098,11.699655,2014-02-07T05:58:31.137,-9999999,G2,190.C-0027(A),Santos,-9999999,HARPS_ech_obs_all,HARPS_ech_obs_thosimult,STAR_WAVE_G3,5.82804763193447E-06,8.87089724561948E-07,0,0,0
HD111777,193.042944,-56.57702,2456695.8517747,0.075628,1.298188,3462.342224,1.235647,2.966731,0.97494,3468.757949,0.745113,2.713182,0.983049,-12.901716,9.298647,-10.521246,2.478813,0.418943,0.000657,0.403637,0.000968,0.550741,0.001242,0,6.392582,34.326502,-0.0315,3.4,116.9,2456695.85177,20.855949,20.856016,-0.403,-9999999,5.932902,0.907337,0.857196,0.482823,0.985713,0.51,600.0009,-12.862567,9.31771,2014-02-07T08:20:36.064,-9999999,G2,190.C-0027(A),Santos,-9999999,HARPS_ech_obs_all,HARPS_ech_obs_thosimult,STAR_WAVE_G3,4.1298394484812E-06,9.25279879698796E-07,0,0,0
HD111777,193.042944,-56.57702,2456696.8095321,-0.387546,1.195678,3464.686955,1.187807,2.926621,0.860214,3471.140688,0.662786,2.913108,0.868305,3.257051,8.143845,-4.93545,2.589525,0.419435,0.000564,0.404593,0.000843,0.55006,0.001078,0,6.403157,34.28533,-0.027197,3.4,134.3,2456696.80953,20.854156,20.85423,-0.393,-9999999,5.934455,1.330401,0.830468,0.519278,0.985698,0.52,900.0011,3.318924,8.161493,2014-02-08T07:16:58.559,-9999999,G2,190.C-0027(A),Santos,-9999999,HARPS_ech_obs_all,HARPS_ech_obs_thosimult,STAR_WAVE_G3,6.94046859106054E-06,5.83569213345744E-07,0,0,0
HD111777,193.042944,-56.57702,2456698.7112989,2.938235,1.375198,3464.954124,1.225506,6.151207,1.080409,3472.077667,0.80545,5.964832,1.088322,-23.749891,9.136165,-5.372334,2.496984,0.418848,0.000713,0.404945,0.001073,0.551336,0.001374,0,6.405536,34.269938,-0.021156,3.4,105.8,2456698.71129,20.834736,20.834819,0.234,-9999999,5.937538,1.229206,0.850815,1.186005,0.923642,0.55,899.9998,-23.740683,9.158601,2014-02-10T04:54:52.842,-9999999,G2,190.C-0027(A),Santos,-9999999,HARPS_ech_obs_all,HARPS_ech_obs_thosimult,STAR_WAVE_G3,5.58543336190178E-06,7.74318244423509E-07,0,0,0
HD111777,193.042944,-56.57702,2456698.8187318,-1.256742,1.234434,3462.967881,1.152016,1.923154,0.894377,3469.890064,0.688468,1.829071,0.902994,4.878622,7.791355,-6.929881,2.398079,0.419445,0.000594,0.403041,0.000884,0.549447,0.001133,0,6.395346,34.299098,-0.026322,3.4,127.8,2456698.81873,20.696588,20.696666,0.08,-9999999,5.937713,1.19613,0.850833,0.98447,0.923663,0.51,899.995,4.909296,7.811617,2014-02-10T07:30:10.409,-9999999,G2,190.C-0027(A),Santos,-9999999,HARPS_ech_obs_all,HARPS_ech_obs_thosimult,STAR_WAVE_G3,5.70835821842885E-06,6.37235496759597E-07,0,0,0
HD111777,193.042944,-56.57702,2456699.7573867,2.03105,1.440072,3466.04089,1.092522,4.795718,1.330672,3472.529965,0.956336,4.818383,1.338517,-8.982866,11.381325,-10.107788,2.821169,0.417702,0.000866,0.405014,0.001305,0.551841,0.001669,0,6.402812,34.312822,-0.029994,3.4,87.4,2456699.75738,20.7012,20.701282,-0.691,-9999999,5.939235,0.780902,0.550563,0.54984,0.528229,0.54,600.0012,-8.960721,11.395911,2014-02-11T06:03:59.607,-9999999,G2,190.C-0027(A),Santos,-9999999,HARPS_ech_obs_all,HARPS_ech_obs_thosimult,STAR_WAVE_G3,8.74190285139967E-06,7.98196561835054E-07,0,0,0
HD111777,193.042944,-56.57702,2456699.8704984,-0.829834,1.306847,3462.674254,1.026836,1.900009,1.185189,3468.951324,0.880509,1.820818,1.19379,4.336406,10.456554,-9.870679,2.976765,0.418394,0.000823,0.404067,0.00121,0.536434,0.001546,0,6.399485,34.305737,-0.026187,3.4,94.1,2456699.87049,20.538663,20.53874,-0.479,-9999999,5.939418,0.746077,0.550614,0.337652,0.528295,0.49,600.0012,4.337663,10.468973,2014-02-11T08:47:21.786,-9999999,G2,190.C-0027(A),Santos,-9999999,HARPS_ech_obs_all,HARPS_ech_obs_thosimult,STAR_WAVE_G3,5.93857755826325E-06,8.39732418860256E-07,0,0,0
HD111777,193.042944,-56.57702,2456700.7305249,0.172079,1.168465,3464.762999,0.859298,2.629189,1.131274,3470.928792,0.814799,2.57817,1.139696,-10.010118,9.940155,-9.994929,2.544713,0.418457,0.000709,0.403477,0.001069,0.547778,0.001366,0,6.39639,34.289474,-0.026841,3.4,105.9,2456700.73051,20.648312,20.648399,0.105,-9999999,5.940813,0.473344,0.292455,0.22498,0.272938,0.52,600.0014,-9.983624,9.956939,2014-02-12T05:25:24.989,-9999999,G2,190.C-0027(A),Santos,-9999999,HARPS_ech_obs_all,HARPS_ech_obs_thosimult,STAR_WAVE_G3,8.30527511248047E-06,8.10740503957626E-07,0,0,0
HD111777,193.042944,-56.57702,2456700.8723352,-1.987803,1.133608,3462.443151,0.852093,0.425646,1.095205,3468.34315,0.807149,0.574902,1.104256,-16.51049,9.513958,-10.155005,2.666173,0.41709,0.000733,0.409817,0.001074,0.537846,0.001382,0,6.398818,34.293687,-0.028377,3.4,105.3,2456700.87233,20.448486,20.448556,0.029,-9999999,5.941043,0.429683,0.292563,-0.041044,0.273081,0.52,600.0011,-16.47889,9.527921,2014-02-12T08:49:36.564,-9999999,G2,190.C-0027(A),Santos,-9999999,HARPS_ech_obs_all,HARPS_ech_obs_thosimult,STAR_WAVE_G3,4.86862759702882E-06,9.8546776058881E-07,0,0,0
HD111777,193.042944,-56.57702,2456702.7351268,-1.02641,1.256417,3464.844215,1.059703,0.950749,1.144206,3469.89752,0.847299,1.207703,1.152742,13.950264,10.158079,-4.92371,3.066304,0.418549,0.000753,0.415585,0.001138,0.542465,0.00146,0,6.396691,34.300267,-0.028675,3.4,100,2456702.73512,20.45313,20.453212,0.106,-9999999,5.944063,-0.006607,0.519016,-0.890758,0.636439,0.49,900.0008,13.952549,10.169443,2014-02-14T05:29:41.800,-9999999,G2,190.C-0027(A),Santos,-9999999,HARPS_ech_obs_all,HARPS_ech_obs_thosimult,STAR_WAVE_G3,-9999999,-9999999,-9999999,-9999999,-9999999
HD111777,193.042944,-56.57702,2456702.8637973,-2.885438,1.04451,3461.701269,0.948456,-0.947894,0.906404,3466.513408,0.703168,-1.087944,0.914395,4.266041,8.488356,-6.663137,3.009117,0.415877,0.000644,0.411707,0.000937,0.539013,0.001205,0,6.396802,34.296832,-0.02418,3.4,120.6,2456702.8638,20.268464,20.268523,-0.057,-9999999,5.944272,-0.046222,0.51907,-1.132133,0.636493,0.49,900.0006,4.300227,8.500487,2014-02-14T08:34:58.174,-9999999,G2,190.C-0027(A),Santos,-9999999,HARPS_ech_obs_all,HARPS_ech_obs_thosimult,STAR_WAVE_G3,7.17310147786283E-06,7.19584330922853E-07,0,0,0
HD111777,193.042944,-56.57702,2456703.750528,-0.029918,1.546012,3464.060953,1.147284,3.002185,1.485089,3470.977266,1.053535,2.798722,1.493692,12.327608,13.530481,-12.730691,3.475713,0.417727,0.000984,0.412779,0.001466,0.543918,0.00189,0,6.391587,34.344693,-0.026615,3.4,77.8,2456703.75052,20.329466,20.329531,0.006,-9999999,5.945709,1.048337,0.429727,0.970604,0.454229,0.5,600.0021,12.348756,13.538803,2014-02-15T05:54:07.525,-9999999,G2,190.C-0027(A),Santos,-9999999,HARPS_ech_obs_all,HARPS_ech_obs_thosimult,STAR_WAVE_G3,9.57932411289218E-06,8.67722541919127E-07,0,0,0
HD111777,193.042944,-56.57702,2456703.863825,1.013295,1.296127,3465.851429,1.005989,4.010516,1.222795,3472.55539,0.897566,3.979487,1.23134,4.878152,11.12066,-9.706401,2.805344,0.416314,0.000828,0.40305,0.001228,0.548443,0.001571,0,6.390696,34.313355,-0.02996,3.4,92.5,2456703.86382,20.163405,20.163481,0.09,-9999999,5.945893,1.013455,0.429789,0.758068,0.454302,0.54,900.002,4.913774,11.133129,2014-02-15T08:34:09.725,-9999999,G2,190.C-0027(A),Santos,-9999999,HARPS_ech_obs_all,HARPS_ech_obs_thosimult,STAR_WAVE_G3,5.54714997417508E-06,1.03198276402161E-06,0,0,0
HD111777,193.042944,-56.57702,2456704.7772981,-1.161618,1.206739,3463.362905,0.929454,2.591568,1.130221,3470.388089,0.84156,2.880589,1.139509,-29.75863,10.031644,-6.05998,2.718438,0.414626,0.000765,0.404567,0.001138,0.546633,0.001451,0,6.391538,34.293096,-0.026027,3.4,99.8,2456704.77729,20.182194,20.182254,-0.006,-9999999,5.947374,1.76942,0.422872,1.07781,0.39454,0.51,750.002,-29.720932,10.048922,2014-02-16T06:31:11.999,-9999999,G2,190.C-0027(A),Santos,-9999999,HARPS_ech_obs_all,HARPS_ech_obs_thosimult,STAR_WAVE_G3,3.9890508851278E-06,8.62664430108203E-07,0,0,0
HD111777,193.042944,-56.57702,2456704.8680618,-1.935791,1.104703,3461.845146,0.873404,1.789451,1.020539,3468.700212,0.779174,1.788606,1.028667,-2.955529,10.681353,-7.48286,3.01743,0.417986,0.000706,0.40478,0.00104,0.547681,0.001328,0,6.401974,34.316786,-0.024037,3.4,109.2,2456704.86805,20.046343,20.046415,-0.029,-9999999,5.947521,1.741476,0.422929,0.907545,0.394616,0.51,750.0012,-2.921834,10.694273,2014-02-16T08:41:53.456,-9999999,G2,190.C-0027(A),Santos,-9999999,HARPS_ech_obs_all,HARPS_ech_obs_thosimult,STAR_WAVE_G3,1.82070403472444E-06,1.06962743379336E-06,0,0,0
HD111777,193.042944,-56.57702,2456713.8454303,-1.185023,1.207853,3464.171763,0.994043,1.980165,1.074025,3470.652503,0.804513,2.097011,1.082273,1.244046,9.037838,-6.344945,2.449553,0.418814,0.000717,0.413216,0.001068,0.536377,0.001367,0,6.402303,34.310536,-0.020511,3.4,106.2,2456713.84543,18.820867,18.82093,0.298,-9999999,5.962078,1.181422,0.552611,0.518662,0.58385,0.52,900.0015,1.262108,9.056831,2014-02-25T08:07:02.074,-9999999,G2,190.C-0027(A),Santos,-9999999,HARPS_ech_obs_all,HARPS_ech_obs_thosimult,STAR_WAVE_G3,6.32369335220511E-08,1.00759645062532E-06,0,0,0
HD111777,193.042944,-56.57702,2456714.8647676,-0.092805,1.310108,3462.782127,1.037571,3.134772,1.247751,3468.723621,0.908891,3.236888,1.256398,3.173257,10.440634,-7.176949,3.143456,0.418565,0.000838,0.408646,0.001237,0.549526,0.001592,0,6.406057,34.312114,-0.02933,3.4,91.4,2456714.86476,18.622103,18.622156,-0.153,-9999999,5.963731,1.243811,0.399373,-0.022237,0.50047,0.43,900.0009,3.23223,10.451902,2014-02-26T08:36:08.292,-9999999,G2,190.C-0027(A),Santos,-9999999,HARPS_ech_obs_all,HARPS_ech_obs_thosimult,STAR_WAVE_G3,6.3125593740789E-07,1.16865196557039E-06,0,0,0
HD111777,193.042944,-56.57702,2456715.829699,-1.60832,1.019227,3462.956928,0.930148,1.165103,0.93177,3469.162277,0.715951,0.953789,0.939448,-3.860583,8.167013,-5.690733,2.625793,0.414383,0.000644,0.403584,0.000947,0.548699,0.001212,0,6.39796,34.29197,-0.024375,3.4,119.6,2456715.8297,18.499318,18.499372,-0.008,-9999999,5.965295,0.789657,0.413071,0.240054,0.593792,0.48,900.0009,-3.792168,8.184641,2014-02-27T07:44:48.186,-9999999,G2,190.C-0027(A),Santos,-9999999,HARPS_ech_obs_all,HARPS_ech_obs_thosimult,STAR_WAVE_G3,5.40211607570245E-06,6.38658502042398E-07,0,0,0
HD111777,193.042944,-56.57702,2456716.8734315,0.405336,1.107338,3462.800276,0.902979,2.732005,0.949878,3468.867162,0.730952,2.681273,0.958137,-1.376416,7.621381,-6.365205,2.495365,0.419332,0.000651,0.404953,0.000957,0.549311,0.001223,0,6.399764,34.30486,-0.027291,3.4,118.7,2456716.87343,18.25169,18.251739,-0.399,-9999999,5.966988,0.342903,0.569148,0.099898,0.530169,0.51,900.0006,-1.356185,7.643859,2014-02-28T08:47:14.124,-9999999,G2,190.C-0027(A),Santos,-9999999,HARPS_ech_obs_all,HARPS_ech_obs_thosimult,STAR_WAVE_G3,6.1600566823917E-06,8.21912082081312E-07,0,0,0
HD111777,193.042944,-56.57702,2456717.6965353,0.877262,1.395664,3466.139004,1.150744,2.825867,1.323656,3471.931751,0.955763,2.811449,1.332621,-20.600019,12.45079,-7.851674,2.604021,0.419468,0.000881,0.404899,0.001318,0.548797,0.001683,0,6.404499,34.2913,-0.031516,3.4,86.6,2456717.69652,18.332703,18.33278,-0.468,-9999999,5.968322,-0.035161,0.442508,-0.175575,0.640881,0.51,600.0026,-20.612,12.462176,2014-03-01T04:34:58.960,-9999999,G2,190.C-0027(A),Santos,-9999999,HARPS_ech_obs_all,HARPS_ech_obs_thosimult,STAR_WAVE_G3,3.03446207812525E-06,1.14737130849218E-06,0,0,0
HD111777,193.042944,-56.57702,2456717.8803032,0.249383,1.280402,3465.228336,1.097327,2.14141,1.201476,3470.676648,0.89068,2.096622,1.209228,4.301899,11.56463,-5.147678,2.805993,0.419641,0.000817,0.402908,0.001203,0.537913,0.001545,0,6.406864,34.311237,-0.024331,3.4,94.4,2456717.8803,18.054111,18.054168,-0.731,-9999999,5.96862,-0.091739,0.442589,-0.520308,0.64095,0.5,600.0023,4.296321,11.576571,2014-03-01T08:59:41.536,-9999999,G2,190.C-0027(A),Santos,-9999999,HARPS_ech_obs_all,HARPS_ech_obs_thosimult,STAR_WAVE_G3,3.32459878853469E-06,9.8818522375531E-07,0,0,0
HD111777,193.042944,-56.57702,2456719.7210174,1.604883,1.182168,3465.61394,0.985308,3.227324,1.08689,3471.342269,0.8104,3.056411,1.094864,-20.320988,9.599429,-8.022859,3.031028,0.418484,0.000714,0.410662,0.001065,0.542377,0.001377,0,6.397766,34.305202,-0.028811,3.4,106.2,2456719.72101,17.906923,17.90699,-0.234,-9999999,5.971605,-0.361326,0.464963,-0.243276,0.560431,0.52,600.0007,-20.304105,9.618301,2014-03-03T05:09:57.699,-9999999,G2,190.C-0027(A),Santos,-9999999,HARPS_ech_obs_all,HARPS_ech_obs_thosimult,STAR_WAVE_G3,8.17691273659378E-06,7.82623990091023E-07,0,0,0
HD111777,193.042944,-56.57702,2456719.8932136,0.839931,1.296745,3464.7,1.052005,2.409356,1.210486,3470.105583,0.890242,2.558593,1.218874,-12.781256,10.214421,-6.535132,3.300117,0.414396,0.000815,0.401248,0.0012,0.550253,0.001545,0,6.395559,34.304653,-0.027684,3.4,94.5,2456719.89321,17.643805,17.643859,-0.313,-9999999,5.971884,-0.414341,0.46505,-0.566301,0.56052,0.48,600.0015,-12.767914,10.233194,2014-03-03T09:18:18.566,-9999999,G2,190.C-0027(A),Santos,-9999999,HARPS_ech_obs_all,HARPS_ech_obs_thosimult,STAR_WAVE_G3,2.09698306228827E-06,1.23544188836748E-06,0,0,0
HD111777,193.042944,-56.57702,2456720.7612239,0.119495,1.323192,3465.133902,1.000356,2.267943,1.247446,3470.816161,0.9102,2.146834,1.255547,-13.967307,10.415534,-8.433806,3.227204,0.415415,0.000827,0.39921,0.001225,0.547772,0.001576,0,6.399711,34.299027,-0.024276,3.4,92.4,2456720.76122,17.640402,17.640457,-0.004,-9999999,5.973292,0.164682,0.441265,-0.291033,0.415027,0.48,600.0005,-13.914497,10.427792,2014-03-04T06:08:10.235,-9999999,G2,190.C-0027(A),Santos,-9999999,HARPS_ech_obs_all,HARPS_ech_obs_thosimult,STAR_WAVE_G3,2.37595942924568E-06,1.17165765260613E-06,0,0,0
HD111777,193.042944,-56.57702,2456720.8855556,1.860095,1.157462,3466.993158,0.901924,3.970264,1.070017,3472.442383,0.80071,4.050189,1.078014,-26.482339,9.209817,-6.750086,2.852826,0.420021,0.000726,0.402376,0.001063,0.550738,0.001367,0,6.398048,34.319969,-0.029995,3.4,106.9,2456720.88555,17.449366,17.449419,-0.253,-9999999,5.973493,0.126403,0.441341,-0.524268,0.415128,0.49,600.0007,-26.452681,9.230081,2014-03-04T09:07:05.861,-9999999,G2,190.C-0027(A),Santos,-9999999,HARPS_ech_obs_all,HARPS_ech_obs_thosimult,STAR_WAVE_G3,4.87378520070971E-06,9.05213328471172E-07,0,0,0
HD111777,193.042944,-56.57702,2456721.7978029,0.705744,1.042698,3464.147203,0.862601,2.879238,1.009333,3470.387617,0.769117,2.82316,1.017723,0.868162,8.996974,-5.12345,2.920418,0.418033,0.000681,0.402989,0.001005,0.53951,0.001293,0,6.398836,34.308198,-0.028252,3.4,112.8,2456721.7978,17.371564,17.371607,0.681,-9999999,5.974972,0.189728,0.261661,0.265442,0.390563,0.52,600.0005,0.886634,9.014552,2014-03-05T07:00:21.432,-9999999,G2,190.C-0027(A),Santos,-9999999,HARPS_ech_obs_all,HARPS_ech_obs_thosimult,STAR_WAVE_G3,5.73651709898868E-06,7.16993151404709E-07,0,0,0
HD111777,193.042944,-56.57702,2456721.8791782,-0.427682,1.003573,3462.147563,0.836433,1.720758,0.968836,3468.235456,0.739608,1.641907,0.976791,-3.144894,8.343268,-7.653226,2.386588,0.419276,0.000655,0.408173,0.000954,0.541053,0.001237,0,6.40117,34.300266,-0.027271,3.4,118.1,2456721.87917,17.24817,17.248222,0.25,-9999999,5.975104,0.164674,0.261756,0.112789,0.390641,0.5,600.0012,-3.141249,8.360141,2014-03-05T08:57:43.847,-9999999,G2,190.C-0027(A),Santos,-9999999,HARPS_ech_obs_all,HARPS_ech_obs_thosimult,STAR_WAVE_G3,3.78021850304893E-06,6.70702454362235E-07,0,0,0
HD111777,193.042944,-56.57702,2456722.7866879,0.691244,1.212778,3463.09386,1.003747,2.867014,1.104404,3468.976207,0.824982,2.82167,1.112569,-9.606651,10.235894,-8.524292,3.07999,0.41642,0.000732,0.410688,0.001085,0.538486,0.001397,0,6.398501,34.298648,-0.023471,3.4,104.1,2456722.78669,17.174416,17.174471,-0.451,-9999999,5.976576,0.192003,0.501121,-0.094229,0.571762,0.5,600.0014,-9.552441,10.251618,2014-03-06T06:44:28.172,-9999999,G2,190.C-0027(A),Santos,-9999999,HARPS_ech_obs_all,HARPS_ech_obs_thosimult,STAR_WAVE_G3,9.52066404936088E-07,1.10950028080274E-06,0,0,0
HD111777,193.042944,-56.57702,2456722.8921304,-1.804152,1.149907,3462.601469,0.970238,0.339154,1.03494,3468.286186,0.783818,0.420295,1.04265,-2.9023,9.139349,-7.523132,2.639985,0.419161,0.000712,0.412689,0.00104,0.547839,0.001331,0,6.400475,34.310875,-0.02155,3.4,109.1,2456722.89212,17.016196,17.016257,-0.455,-9999999,5.976747,0.15954,0.501185,-0.29203,0.571832,0.51,600.0006,-2.861863,9.1522,2014-03-06T09:16:11.877,-9999999,G2,190.C-0027(A),Santos,-9999999,HARPS_ech_obs_all,HARPS_ech_obs_thosimult,STAR_WAVE_G3,2.97004841380861E-06,1.12841095041276E-06,0,0,0
HD111777,193.042944,-56.57702,2456723.7885898,-1.01707,1.241127,3461.600379,0.950767,1.157136,1.17434,3467.478876,0.866545,1.050391,1.18228,-17.248513,11.838957,-9.712566,2.84262,0.418804,0.000769,0.401383,0.001142,0.550092,0.001468,0,6.396708,34.323262,-0.02873,3.4,99,2456723.78858,16.95137,16.951436,0.373,-9999999,5.9782,0.19044,0.401648,-0.099703,0.391227,0.5,600.0018,-17.19078,11.848313,2014-03-07T06:47:07.565,-9999999,G2,190.C-0027(A),Santos,-9999999,HARPS_ech_obs_all,HARPS_ech_obs_thosimult,STAR_WAVE_G3,5.88822081454737E-06,1.00766440196774E-06,0,0,0
HD111777,193.042944,-56.57702,2456723.8809033,0.388822,1.299944,3464.154376,0.981605,2.534607,1.236317,3469.859851,0.900235,2.669189,1.24464,9.483948,10.506725,-6.297861,2.828587,0.417708,0.000818,0.401636,0.001209,0.54693,0.001547,0,6.398554,34.305619,-0.021949,3.4,93.8,2456723.88089,16.811321,16.811387,0.353,-9999999,5.97835,0.162019,0.401716,-0.272875,0.391313,0.5,600.0006,9.530458,10.51602,2014-03-07T09:00:03.000,-9999999,G2,190.C-0027(A),Santos,-9999999,HARPS_ech_obs_all,HARPS_ech_obs_thosimult,STAR_WAVE_G3,2.19534259037774E-06,1.047433589451E-06,0,0,0
HD111777,193.042944,-56.57702,2456724.8404647,-3.473963,1.026483,3461.496313,0.894637,-1.517996,0.916319,3467.439295,0.695211,-1.451056,0.924134,1.177666,8.73933,-4.724766,2.387264,0.413855,0.000572,0.403446,0.000862,0.548083,0.001103,0,6.403784,34.29535,-0.024954,3.4,130.9,2456724.84046,16.644666,16.644727,0.09,-9999999,5.979906,-0.027799,0.462631,-0.036924,0.563077,0.52,900,1.23129,8.747866,2014-03-08T07:58:56.449,-9999999,G2,190.C-0027(A),Santos,-9999999,HARPS_ech_obs_all,HARPS_ech_obs_thosimult,STAR_WAVE_G3,9.0506220063849E-06,7.54507075019587E-07,0,0,0
HD111777,193.042944,-56.57702,2456725.7425712,-3.4553,1.147106,3460.791747,0.922347,-1.077542,1.06091,3466.564322,0.795471,-1.149358,1.069234,9.357056,9.747301,-3.536944,2.312523,0.419177,0.000708,0.40015,0.001047,0.540787,0.001353,0,6.402009,34.278136,-0.022518,3.4,108.1,2456725.74257,16.57229,16.572339,-0.105,-9999999,5.981369,0.393992,0.436259,-0.208794,0.466851,0.5,599.9947,9.389951,9.754679,2014-03-09T05:40:42.126,-9999999,G2,190.C-0027(A),Santos,-9999999,HARPS_ech_obs_all,HARPS_ech_obs_thosimult,STAR_WAVE_G3,-9999999,-9999999,-9999999,-9999999,-9999999
HD111777,193.042944,-56.57702,2456725.8533363,-1.412322,1.213272,3463.527044,0.959542,0.931334,1.132104,3469.092012,0.838279,1.038977,1.139938,13.781215,10.193139,-11.18628,2.807257,0.417602,0.000761,0.409347,0.001118,0.540718,0.001446,0,6.401408,34.311041,-0.026931,3.4,101.2,2456725.85333,16.396349,16.396407,-0.224,-9999999,5.981548,0.35989,0.436313,-0.41658,0.466914,0.49,600.0007,13.804882,10.204622,2014-03-09T08:20:17.703,-9999999,G2,190.C-0027(A),Santos,-9999999,HARPS_ech_obs_all,HARPS_ech_obs_thosimult,STAR_WAVE_G3,6.77378883682227E-06,8.23294568645399E-07,0,0,0
HD111777,193.042944,-56.57702,2456726.8270915,0.497076,1.1617,3463.44457,0.890729,2.868934,1.08313,3469.372813,0.813901,3.126843,1.090815,4.707932,10.797227,-7.558787,2.746771,0.418016,0.000737,0.410557,0.001079,0.552323,0.001393,0,6.397005,34.304113,-0.022851,3.4,104.9,2456726.82709,16.202108,16.202166,-0.179,-9999999,5.983127,0.388091,0.419972,-0.054884,0.361888,0.54,600.0009,4.743573,10.810313,2014-03-10T07:41:55.548,-9999999,G2,190.C-0027(A),Santos,-9999999,HARPS_ech_obs_all,HARPS_ech_obs_thosimult,STAR_WAVE_G3,6.37281326552329E-06,1.10274789723983E-06,0,0,0
HD111777,193.042944,-56.57702,2456726.9169881,1.518073,1.30687,3464.001027,0.971833,3.862253,1.237524,3469.760778,0.901894,4.013695,1.245178,5.180119,11.385963,-1.46487,2.974991,0.419742,0.000826,0.402045,0.00122,0.553026,0.001573,0,6.402841,34.252877,-0.027114,3.4,93.2,2456726.91699,16.081503,16.081556,-0.387,-9999999,5.983273,0.360414,0.420053,-0.223522,0.362004,0.52,600.001,5.224977,11.395419,2014-03-10T09:51:34.190,-9999999,G2,190.C-0027(A),Santos,-9999999,HARPS_ech_obs_all,HARPS_ech_obs_thosimult,STAR_WAVE_G3,3.88790589331922E-06,1.07346526166776E-06,0,0,0
HD111777,193.042944,-56.57702,2456727.7632708,-1.014107,1.108162,3464.590047,0.87359,0.706794,1.042945,3469.704822,0.784586,0.716992,1.051004,1.015919,9.92428,-5.71544,2.478334,0.419139,0.000694,0.400552,0.001027,0.55181,0.001323,0,6.402819,34.293641,-0.027328,3.4,110.1,2456727.76327,16.06683,16.066868,-0.268,-9999999,5.984645,-0.262865,0.374552,-0.86987,0.384168,0.49,600.0005,1.090964,9.936077,2014-03-11T06:10:27.079,-9999999,G2,190.C-0027(A),Santos,-9999999,HARPS_ech_obs_all,HARPS_ech_obs_thosimult,STAR_WAVE_G3,8.09248051897688E-06,7.22922820192734E-07,0,0,0
HD111777,193.042944,-56.57702,2456727.883326,-1.626675,1.109909,3461.890428,0.876444,0.057264,1.04477,3466.780185,0.787711,0.220134,1.052689,8.080071,9.532793,-6.396578,2.222606,0.418591,0.000722,0.400435,0.00105,0.551905,0.001356,0,6.396494,34.319133,-0.033852,3.4,107.9,2456727.88332,15.883785,15.883831,-0.383,-9999999,5.98484,-0.299827,0.374638,-1.095083,0.384273,0.51,600.0002,8.109347,9.541012,2014-03-11T09:03:07.292,-9999999,G2,190.C-0027(A),Santos,-9999999,HARPS_ech_obs_all,HARPS_ech_obs_thosimult,STAR_WAVE_G3,2.1542566320916E-06,1.03096066481447E-06,0,0,0
HD111777,193.042944,-56.57702,2456728.7299342,0.596655,1.186589,3464.704428,1.026265,2.042125,1.053397,3469.854524,0.793148,2.177905,1.061267,-12.250748,8.954942,-6.423575,2.612488,0.417494,0.000712,0.402861,0.001053,0.550291,0.001353,0,6.403632,34.266764,-0.028535,3.4,107.7,2456728.72993,15.878933,15.878985,-0.012,-9999999,5.986213,-0.538296,0.546212,-0.836117,0.651257,0.49,600.0011,-12.196413,8.97185,2014-03-12T05:22:22.357,-9999999,G2,190.C-0027(A),Santos,-9999999,HARPS_ech_obs_all,HARPS_ech_obs_thosimult,STAR_WAVE_G3,4.9475984642224E-06,8.97810055557645E-07,0,0,0
HD111777,193.042944,-56.57702,2456728.8740163,-0.017367,1.133637,3464.329591,0.996034,1.383743,0.993338,3469.209634,0.753571,1.381778,1.001325,-4.592394,8.383347,-7.395352,2.824174,0.420765,0.000679,0.401873,0.00099,0.541189,0.001277,0,6.402199,34.29978,-0.027191,3.4,114.5,2456728.87401,15.653898,15.653946,0.025,-9999999,5.986446,-0.582656,0.546272,-1.106403,0.651318,0.48,600.0005,-4.573283,8.397925,2014-03-12T08:49:56.392,-9999999,G2,190.C-0027(A),Santos,-9999999,HARPS_ech_obs_all,HARPS_ech_obs_thosimult,STAR_WAVE_G3,7.00334761493909E-06,7.38419311925188E-07,0,0,0
HD111777,193.042944,-56.57702,2456729.6862007,1.105311,1.159923,3465.576296,0.971303,2.808894,1.031781,3470.988124,0.777801,2.748237,1.037532,-3.556957,10.66998,-6.814325,2.444508,0.41846,0.000682,0.402755,0.001017,0.539363,0.001308,0,6.394076,34.328597,-0.025564,3.4,111.2,2456729.6862,15.701073,15.701114,-0.033,-9999999,5.987763,-0.280183,0.529951,-0.575935,0.581769,0.49,600.0024,-3.507146,10.681316,2014-03-13T04:19:19.450,-9999999,G2,190.C-0027(A),Santos,-9999999,HARPS_ech_obs_all,HARPS_ech_obs_wavesimult,STAR_WAVE_G3,1.1968705687153E-06,1.07218136033918E-06,0,0,0
HD111777,193.042944,-56.57702,2456729.7890853,1.141078,1.285663,3466.358249,1.04386,2.812985,1.171351,3471.577241,0.866699,2.870937,1.178447,-7.343099,11.863024,-9.904622,3.220788,0.419591,0.000794,0.412501,0.001172,0.541597,0.001509,0,6.395171,34.318318,-0.031076,3.4,97.1,2456729.78908,15.53526,15.535297,0.001,-9999999,5.98793,-0.311859,0.529967,-0.768938,0.581787,0.48,600.0025,-7.305445,11.877025,2014-03-13T06:47:34.217,-9999999,G2,190.C-0027(A),Santos,-9999999,HARPS_ech_obs_all,HARPS_ech_obs_wavesimult,STAR_WAVE_G3,3.75784533620951E-07,1.21622314584039E-06,0,0,0
HD111777,193.042944,-56.57702,2456730.7369657,0.393808,1.629501,3465.438799,1.33344,2.874145,1.536303,3471.058663,1.096424,3.022308,1.543576,27.186589,13.0523,-11.137773,3.608356,0.422561,0.001039,0.404993,0.001543,0.553909,0.001981,0,6.402027,34.331233,-0.031025,3.4,74.5,2456730.73696,15.370367,15.37042,-0.12,-9999999,5.989467,0.496571,0.543181,-0.369603,0.758892,0.51,600.0006,27.202045,13.059625,2014-03-14T05:32:08.862,-9999999,G2,190.C-0027(A),Santos,-9999999,HARPS_ech_obs_all,HARPS_ech_obs_wavesimult,STAR_WAVE_G3,-9999999,-9999999,-9999999,-9999999,-9999999
HD111777,193.042944,-56.57702,2456731.7594142,-0.437871,1.354192,3463.469263,1.120824,2.480456,1.202141,3469.366741,0.879505,2.422544,1.209128,-12.685529,10.502903,-10.805317,2.92493,0.421041,0.00081,0.399037,0.001198,0.542169,0.001553,0,6.396266,34.344221,-0.034855,3.4,94.6,2456731.7594,15.078441,15.07849,0.128,-9999999,5.991125,0.934561,0.623453,-0.093647,0.694779,0.48,900.0008,-12.625928,10.517139,2014-03-15T06:02:17.927,-9999999,G2,190.C-0027(A),Santos,-9999999,HARPS_ech_obs_all,HARPS_ech_obs_wavesimult,STAR_WAVE_G3,9.02197947532352E-06,7.056930060609E-07,0,0,0
HD111777,193.042944,-56.57702,2456736.7467763,2.894778,1.259088,3468.416517,1.222386,5.85596,1.075753,3474.526246,0.805736,5.761789,1.082167,-3.558036,11.490421,-5.43597,2.954722,0.420267,0.000726,0.398835,0.001074,0.552375,0.001391,0,6.402077,34.320493,-0.024123,3.4,105.3,2456736.74677,13.766152,13.76618,0.281,-9999999,5.999212,0.977416,0.654261,0.110517,0.919248,0.53,800.0007,-3.515967,11.508068,2014-03-20T05:43:53.267,-9999999,G2,190.C-0027(A),Santos,-9999999,HARPS_ech_obs_all,HARPS_ech_obs_wavesimult,STAR_WAVE_G3,-9999999,-9999999,-9999999,-9999999,-9999999
HD111777,193.042944,-56.57702,2456736.8757453,1.447867,1.662933,3465.870375,1.422,4.369342,1.528799,3471.738379,1.084892,4.498849,1.53547,-13.672936,14.68772,-7.780026,3.227622,0.420448,0.001038,0.399226,0.001534,0.556265,0.001989,0,6.410109,34.2916,-0.025806,3.4,74.6,2456736.87574,13.570626,13.570664,0.048,-9999999,5.999421,0.937709,0.654309,-0.131417,0.91929,0.51,800.0012,-13.71577,14.701058,2014-03-20T08:49:51.673,-9999999,G2,190.C-0027(A),Santos,-9999999,HARPS_ech_obs_all,HARPS_ech_obs_wavesimult,STAR_WAVE_G3,6.16645792666246E-07,1.32559602669832E-06,0,0,0
HD111777,193.042944,-56.57702,2456737.7759768,2.659376,1.631567,3466.012491,1.407399,4.74345,1.388259,3471.640104,1.004584,4.823787,1.394755,-10.408613,12.273194,-5.674938,3.860254,0.418482,0.000953,0.404725,0.001413,0.543072,0.001817,0,6.403507,34.303782,-0.024626,3.4,81.1,2456737.77598,13.439027,13.439057,0.156,-9999999,6.000881,0.100308,0.857174,-0.373268,0.98569,0.5,600.0009,-10.370728,12.285247,2014-03-21T06:27:56.145,-9999999,G2,190.C-0027(A),Santos,-9999999,HARPS_ech_obs_all,HARPS_ech_obs_wavesimult,STAR_WAVE_G3,-9999999,-9999999,-9999999,-9999999,-9999999
HD111777,193.042944,-56.57702,2456737.8661525,1.542075,1.52021,3465.915296,1.343554,3.598386,1.255485,3471.373893,0.912959,3.644495,1.262311,9.767837,12.670192,-9.365546,3.12242,0.419554,0.000848,0.400415,0.001248,0.539935,0.001612,0,6.398884,34.337014,-0.033334,3.4,91,2456737.86614,13.304822,13.304866,0,-9999999,6.001027,0.072545,0.857202,-0.54243,0.98572,0.51,600,9.788296,12.681907,2014-03-21T08:37:40.980,-9999999,G2,190.C-0027(A),Santos,-9999999,HARPS_ech_obs_all,HARPS_ech_obs_wavesimult,STAR_WAVE_G3,5.11459820805269E-06,1.105318885027E-06,0,0,0
HD111777,193.042944,-56.57702,2456738.639078,0.428809,1.208289,3465.13919,1.029183,2.405016,1.068418,3470.143096,0.790533,2.513075,1.073773,6.050101,9.598779,-7.372069,2.875314,0.418675,0.000678,0.395555,0.001018,0.541681,0.001326,0,6.403973,34.307745,-0.027215,3.4,110.3,2456738.63907,13.378463,13.378509,-1.003,-9999999,6.00228,-0.007559,0.56431,-0.998374,0.658995,0.51,600,6.063057,9.61127,2014-03-22T03:10:38.768,-9999999,G2,190.C-0027(A),Santos,-9999999,HARPS_ech_obs_all,HARPS_ech_obs_wavesimult,STAR_WAVE_G3,6.75906085867783E-06,9.06460566048094E-07,0,0,0
HD111777,193.042944,-56.57702,2456738.7696312,0.017997,1.258395,3464.137132,1.069162,1.95401,1.124771,3468.896343,0.84192,1.907493,1.131523,7.204222,10.788371,-12.136336,3.601192,0.416921,0.000785,0.405244,0.001138,0.553388,0.001481,0,6.401721,34.339639,-0.027433,3.4,99.1,2456738.76963,13.167175,13.167202,-0.738,-9999999,6.002492,-0.047753,0.564313,-1.243281,0.658998,0.49,600.0012,7.224125,10.797931,2014-03-22T06:18:50.067,-9999999,G2,190.C-0027(A),Santos,-9999999,HARPS_ech_obs_all,HARPS_ech_obs_wavesimult,STAR_WAVE_G3,2.69743868661029E-06,1.15321915369786E-06,0,0,0
HD111777,193.042944,-56.57702,2456739.7439999,2.285515,1.196826,3465.603525,0.97963,3.696807,1.081315,3470.758995,0.807028,3.575893,1.087569,-13.80237,10.150169,-10.991839,3.448452,0.419769,0.000718,0.400759,0.001063,0.553642,0.001373,0,6.397933,34.344728,-0.019652,3.4,106.4,2456739.74399,12.923855,12.923887,0.31,-9999999,6.004072,-0.572474,0.512983,-0.848602,0.55532,0.5,600.0003,-13.766788,10.173768,2014-03-23T05:41:45.848,-9999999,G2,190.C-0027(A),Santos,-9999999,HARPS_ech_obs_all,HARPS_ech_obs_wavesimult,STAR_WAVE_G3,9.40694340137348E-06,7.43982939736612E-07,0,0,0
HD111777,193.042944,-56.57702,2456739.8378212,1.142638,1.096836,3464.969553,0.920274,2.525045,0.969464,3469.949174,0.733811,2.601088,0.975811,-8.435205,8.691246,-7.995905,2.425334,0.417925,0.000647,0.394656,0.000945,0.553747,0.001232,0,6.406286,34.319008,-0.029962,3.4,118.7,2456739.83781,12.775125,12.775153,-0.027,-9999999,6.004224,-0.601359,0.513019,-1.024603,0.555362,0.51,600.0007,-8.442317,8.713133,2014-03-23T07:56:45.654,-9999999,G2,190.C-0027(A),Santos,-9999999,HARPS_ech_obs_all,HARPS_ech_obs_wavesimult,STAR_WAVE_G3,2.71059267958939E-06,1.02899290768865E-06,0,0,0
HD111777,193.042944,-56.57702,2456740.7537154,4.797004,1.501588,3469.830265,1.171371,5.377196,1.351335,3473.944512,0.956683,5.236121,1.357142,-21.764635,11.542943,-9.646548,3.177573,0.419578,0.000832,0.399505,0.001257,0.539548,0.001622,0,6.397937,34.335313,-0.02273,3.4,90,2456740.75371,12.617233,12.617272,0.02,-9999999,6.005709,-1.403574,0.654722,-1.891462,0.67592,0.51,600.0013,-21.758163,11.558823,2014-03-24T05:55:35.547,-9999999,G2,190.C-0027(A),Santos,-9999999,HARPS_ech_obs_all,HARPS_ech_obs_wavesimult,STAR_WAVE_G3,4.42004960547092E-06,1.03639031450347E-06,0,0,0
HD111777,193.042944,-56.57702,2456740.8396706,0.79393,1.209032,3464.693463,1.020429,1.347658,1.016396,3468.646605,0.764437,1.214862,1.023399,-8.400458,8.565747,-9.643572,2.822731,0.419222,0.000665,0.399,0.000983,0.540088,0.001272,0,6.405311,34.316186,-0.033693,3.4,114.7,2456740.83966,12.482734,12.482764,0.321,-9999999,6.005848,-1.430038,0.65475,-2.052706,0.675953,0.5,600.0012,-8.37467,8.581432,2014-03-24T07:59:27.761,-9999999,G2,190.C-0027(A),Santos,-9999999,HARPS_ech_obs_all,HARPS_ech_obs_wavesimult,STAR_WAVE_G3,7.4024859012289E-06,7.64706566579032E-07,0,0,0
HD111777,193.042944,-56.57702,2456741.6736844,-0.288317,1.101895,3465.473938,0.903648,0.586326,0.998593,3470.341957,0.755389,0.440822,1.004878,-4.559955,8.679667,-10.390234,2.823775,0.41773,0.000655,0.399685,0.000976,0.540556,0.001262,0,6.39774,34.327698,-0.024985,3.4,115.4,2456741.67368,12.457289,12.457326,1.281,-9999999,6.007201,-1.109123,0.465815,-1.139182,0.495952,0.52,600.0005,-4.52732,8.694701,2014-03-25T04:00:11.550,-9999999,G2,190.C-0027(A),Santos,-9999999,HARPS_ech_obs_all,HARPS_ech_obs_wavesimult,STAR_WAVE_G3,6.72833799166768E-06,7.77478001455425E-07,0,0,0
HD111777,193.042944,-56.57702,2456741.7880768,1.466845,1.124171,3465.436766,0.919227,2.306269,1.023113,3470.09038,0.773945,2.377816,1.029472,-4.328168,7.357315,-9.661166,2.971495,0.414952,0.000678,0.409089,0.000999,0.548868,0.001288,0,6.397689,34.341647,-0.029401,3.4,112.8,2456741.78807,12.266372,12.266408,0.825,-9999999,6.007386,-1.144342,0.465832,-1.353772,0.495971,0.51,600.0016,-4.298684,7.384996,2014-03-25T06:45:00.642,-9999999,G2,190.C-0027(A),Santos,-9999999,HARPS_ech_obs_all,HARPS_ech_obs_wavesimult,STAR_WAVE_G3,2.01716589813205E-06,1.03290622157426E-06,0,0,0
HD111777,193.042944,-56.57702,2456742.7791875,1.691657,1.188866,3467.979409,1.129069,2.868233,0.984443,3472.314815,0.74941,2.740477,0.99025,-2.723261,8.975099,-8.788147,2.625862,0.419058,0.000664,0.398369,0.000973,0.550579,0.001258,0,6.401124,34.330979,-0.023939,3.4,115.8,2456742.77919,11.982665,11.982686,-0.15,-9999999,6.008993,-0.80719,0.666538,-1.673587,0.844501,0.5,600.0013,-2.716498,8.992996,2014-03-26T06:32:15.119,-9999999,G2,190.C-0027(A),Santos,-9999999,HARPS_ech_obs_all,HARPS_ech_obs_wavesimult,STAR_WAVE_G3,8.26116250993006E-06,7.23236477632268E-07,0,0,0
HD111777,193.042944,-56.57702,2456742.8687321,0.654422,1.407351,3467.085911,1.235348,1.803429,1.239482,3471.253485,0.901577,1.691899,1.24586,-10.045936,10.143429,-7.025973,3.124023,0.419548,0.000829,0.399247,0.00122,0.543698,0.001584,0,6.405334,34.334229,-0.019474,3.4,92.9,2456742.86873,11.854418,11.854448,-0.036,-9999999,6.009138,-0.834759,0.666575,-1.841564,0.844537,0.54,600.0023,-10.040848,10.158179,2014-03-26T08:40:47.462,-9999999,G2,190.C-0027(A),Santos,-9999999,HARPS_ech_obs_all,HARPS_ech_obs_wavesimult,STAR_WAVE_G3,-9999999,-9999999,-9999999,-9999999,-9999999
HD111777,193.042944,-56.57702,2456746.601113,-2.057141,1.238424,3463.657911,0.953393,1.326031,1.113407,3470.637549,0.818778,1.397559,1.121333,-7.072403,11.885773,-3.607008,2.899191,0.418481,0.000729,0.386124,0.001072,0.545887,0.001419,0,6.395647,34.297722,-0.021645,3.4,104,2456746.6011,11.042795,11.042837,-0.401,-9999999,6.01519,1.399406,0.542234,0.964448,0.488427,0.52,600.0005,-7.055204,11.894355,2014-03-30T02:15:24.840,-9999999,G2,190.C-0027(A),Santos,-9999999,HARPS_ech_obs_all,HARPS_ech_obs_thosimult,STAR_WAVE_G3,6.96510051174265E-06,8.36066263784812E-07,0,0,0
HD111777,193.042944,-56.57702,2456746.7595385,0.19021,1.218987,3465.34706,0.949104,3.524607,1.091753,3472.029763,0.81379,3.458771,1.100129,8.170331,9.275013,-4.984413,2.731788,0.418065,0.000745,0.396905,0.001075,0.551529,0.001412,0,6.400998,34.287179,-0.025678,3.4,103.8,2456746.75954,10.785186,10.78522,-0.164,-9999999,6.015447,1.350631,0.542222,0.667256,0.488409,0.5,600.0009,8.166638,9.292155,2014-03-30T06:03:44.308,-9999999,G2,190.C-0027(A),Santos,-9999999,HARPS_ech_obs_all,HARPS_ech_obs_thosimult,STAR_WAVE_G3,5.23903167073775E-06,8.79179444886513E-07,0,0,0
HD111777,193.042944,-56.57702,2456747.6281186,1.486656,1.354117,3464.965808,1.124484,4.000521,1.18998,3471.240743,0.869638,4.057644,1.197735,-14.596586,12.344729,-7.901989,3.137453,0.417298,0.00079,0.398713,0.001162,0.554856,0.001527,0,6.403177,34.305835,-0.021014,3.4,96.4,2456747.62811,10.688749,10.688787,-0.146,-9999999,6.016856,0.530099,0.646204,0.258079,0.712878,0.49,600.0009,-14.617161,12.359461,2014-03-31T02:54:32.949,-9999999,G2,190.C-0027(A),Santos,-9999999,HARPS_ech_obs_all,HARPS_ech_obs_thosimult,STAR_WAVE_G3,5.60240259895254E-06,1.06167992030383E-06,0,0,0
HD111777,193.042944,-56.57702,2456747.7980915,2.112821,1.470187,3466.809616,1.184011,4.574355,1.320553,3472.765971,0.945344,4.345819,1.328618,-10.494227,12.284959,-4.888354,2.962493,0.414922,0.000876,0.388363,0.001279,0.543618,0.001683,0,6.407987,34.264193,-0.027536,3.4,87.7,2456747.79809,10.407544,10.407564,-0.121,-9999999,6.017131,0.477768,0.646211,-0.060776,0.712887,0.49,600.0012,-10.458419,12.29854,2014-03-31T06:59:18.090,-9999999,G2,190.C-0027(A),Santos,-9999999,HARPS_ech_obs_all,HARPS_ech_obs_thosimult,STAR_WAVE_G3,5.97483303844836E-06,1.09325776729189E-06,0,0,0
HD111777,193.042944,-56.57702,2456748.6385639,-3.169263,1.20369,3462.047205,0.923612,1.555499,1.094782,3470.20224,0.809822,1.369251,1.101999,-3.804157,10.167157,-7.476788,2.6835,0.42024,0.000725,0.387144,0.001064,0.540507,0.0014,0,6.40119,34.292216,-0.028563,3.4,104.8,2456748.63856,10.35423,10.354254,0.075,-9999999,6.018494,2.740996,0.500323,2.136541,0.444126,0.51,900.001,-3.756543,10.181303,2014-04-01T03:06:47.387,-9999999,G2,190.C-0027(A),Santos,-9999999,HARPS_ech_obs_all,HARPS_ech_obs_thosimult,STAR_WAVE_G3,3.94710293094476E-06,1.00111458421277E-06,0,0,0
HD111777,193.042944,-56.57702,2456748.7689836,-2.037863,1.271845,3462.614405,0.96941,2.646745,1.169301,3470.524995,0.861687,2.613886,1.17671,-15.4866,10.635489,-4.080284,2.80393,0.419833,0.00079,0.391508,0.001155,0.542619,0.001513,0,6.405941,34.282718,-0.028331,3.4,97.2,2456748.76898,10.134727,10.134757,0.642,-9999999,6.018705,2.700842,0.500325,1.891885,0.444129,0.5,900.0015,-15.446962,10.652344,2014-04-01T06:14:44.264,-9999999,G2,190.C-0027(A),Santos,-9999999,HARPS_ech_obs_all,HARPS_ech_obs_thosimult,STAR_WAVE_G3,3.02358083526237E-06,1.07597938833654E-06,0,0,0
HD111777,193.042944,-56.57702,2456752.6257382,2.760815,1.280084,3466.364625,1.046367,4.935236,1.170337,3472.436703,0.865824,4.931176,1.176695,-22.466601,9.30601,-5.602903,3.278738,0.418518,0.000798,0.4003,0.001167,0.551459,0.001525,0,6.401514,34.322641,-0.025935,3.4,96.2,2456752.62574,9.075324,9.075352,0.221,-9999999,6.024959,0.190655,0.518581,0.047119,0.587565,0.53,900.0016,-22.431663,9.323427,2014-04-05T02:47:50.199,-9999999,G2,190.C-0027(A),Santos,-9999999,HARPS_ech_obs_all,HARPS_ech_obs_wavesimult,STAR_WAVE_G3,8.153455485093E-06,8.39163490247123E-07,0,0,0
HD111777,193.042944,-56.57702,2456752.7701566,1.799404,1.342853,3466.356387,1.078469,3.929362,1.238681,3472.157783,0.904358,4.14286,1.245801,6.534241,11.782768,-6.065318,3.429492,0.419648,0.000829,0.391137,0.001214,0.5436,0.001592,0,6.401524,34.3204,-0.030501,3.4,92.7,2456752.77015,8.831992,8.832024,0.238,-9999999,6.025193,0.146192,0.518579,-0.223797,0.587564,0.54,900.001,6.565287,11.798372,2014-04-05T06:15:38.576,-9999999,G2,190.C-0027(A),Santos,-9999999,HARPS_ech_obs_all,HARPS_ech_obs_wavesimult,STAR_WAVE_G3,5.36952906667969E-06,9.56464160503095E-07,0,0,0
HD111777,193.042944,-56.57702,2456756.6312932,3.577914,1.31101,3465.912755,1.02941,4.50418,1.112005,3470.536338,0.825968,4.29399,1.119255,-9.114928,9.976397,-13.926907,2.434426,0.418293,0.00074,0.394693,0.001098,0.553243,0.001432,0,6.397793,34.356025,-0.02902,3.4,102.4,2456756.63129,7.733448,7.733474,0.075,-9999999,6.031454,-1.0575,0.6944,-1.407871,0.614378,0.49,900.0015,-9.084136,9.993867,2014-04-09T02:56:16.544,-9999999,G2,190.C-0027(A),Santos,-9999999,HARPS_ech_obs_all,HARPS_ech_obs_wavesimult,STAR_WAVE_G3,5.32744733329241E-06,1.09347289324217E-06,0,0,0
HD111777,193.042944,-56.57702,2456756.8160409,2.802134,1.268637,3467.675003,1.004433,3.67152,1.061711,3471.952315,0.794607,3.993122,1.06893,10.410102,10.679088,-7.189294,2.571933,0.415945,0.000708,0.397958,0.001029,0.552808,0.001353,0,6.402598,34.319982,-0.028746,3.4,108.4,2456756.81604,7.432214,7.432227,-0.051,-9999999,6.031753,-1.11438,0.694414,-1.754441,0.614398,0.49,600.0017,10.425118,10.697022,2014-04-09T07:24:45.341,-9999999,G2,190.C-0027(A),Santos,-9999999,HARPS_ech_obs_all,HARPS_ech_obs_wavesimult,STAR_WAVE_G3,2.47084412327696E-06,9.48601968916809E-07,0,0,0
HD111777,193.042944,-56.57702,2456757.5220798,5.064186,1.182406,3468.188414,0.920551,7.164519,1.093621,3474.40918,0.811517,6.873342,1.1004,-1.165487,8.781229,-8.984109,2.959491,0.418728,0.000739,0.391974,0.001073,0.558458,0.001429,0,6.402165,34.322353,-0.029381,3.4,103.5,2456757.52207,7.548582,7.548608,0.812,-9999999,6.032898,0.116567,0.449529,0.187868,0.434574,0.51,600.0018,-1.144366,8.803711,2014-04-10T00:21:13.580,-9999999,G2,190.C-0027(A),Santos,-9999999,HARPS_ech_obs_all,HARPS_ech_obs_wavesimult,STAR_WAVE_G3,-9999999,-9999999,-9999999,-9999999,-9999999
HD111777,193.042944,-56.57702,2456757.7312045,2.155206,1.106807,3464.237417,0.881655,4.191154,1.011441,3470.066222,0.767166,4.359895,1.018195,4.878747,9.698136,-13.718482,2.450699,0.418136,0.000692,0.388632,0.001,0.544977,0.00132,0,6.397384,34.359747,-0.030989,3.4,111.7,2456757.7312,7.224179,7.224204,0.559,-9999999,6.033237,0.052182,0.449454,-0.204432,0.434478,0.5,600.0014,4.907854,9.719604,2014-04-10T05:22:27.514,-9999999,G2,190.C-0027(A),Santos,-9999999,HARPS_ech_obs_all,HARPS_ech_obs_wavesimult,STAR_WAVE_G3,8.09541837169157E-06,7.2822340838955E-07,0,0,0
HD111777,193.042944,-56.57702,2456758.5435309,4.484444,1.80668,3469.775504,1.414198,8.054444,1.672359,3477.332528,1.180577,7.958882,1.680448,18.738693,14.226315,-11.710561,4.276615,0.418913,0.001111,0.387076,0.001642,0.551584,0.00218,0,6.399366,34.326669,-0.032591,3.4,69.1,2456758.54352,7.186439,7.186466,0.411,-9999999,6.034554,1.586234,0.683599,1.52247,0.778584,0.54,900.0009,18.775567,14.233957,2014-04-11T00:49:04.839,-9999999,G2,190.C-0027(A),Santos,-9999999,HARPS_ech_obs_all,HARPS_ech_obs_wavesimult,STAR_WAVE_G3,2.6371000780029E-06,1.42102657795947E-06,0,0,0
HD111777,193.042944,-56.57702,2456758.7886496,2.193673,2.402478,3464.128962,1.847821,5.688206,2.303178,3471.226562,1.675797,5.917686,2.311775,-11.308115,24.309038,-8.530654,4.533199,0.420188,0.0015,0.399528,0.002212,0.560686,0.002908,0,6.40958,34.308154,-0.030403,3.4,52.1,2456758.78864,6.79426,6.794274,0.117,-9999999,6.034952,1.510767,0.683572,1.062648,0.778555,0.51,600.0019,-11.320577,24.31759,2014-04-11T06:45:02.604,-9999999,G2,190.C-0027(A),Santos,-9999999,HARPS_ech_obs_all,HARPS_ech_obs_wavesimult,STAR_WAVE_G3,-9999999,-9999999,-9999999,-9999999,-9999999
HD111777,193.042944,-56.57702,2456759.5348804,1.429719,1.505034,3465.467143,1.221236,3.636858,1.342114,3471.676816,0.961546,3.359995,1.348326,-11.051915,12.733452,-9.860016,3.415082,0.413843,0.000877,0.382611,0.001295,0.560675,0.001729,0,6.40807,34.340838,-0.023416,3.4,86.3,2456759.53487,6.857691,6.857718,0.171,-9999999,6.036162,0.223373,0.681071,0.173511,0.752892,0.51,600.0015,-11.020368,12.745715,2014-04-12T00:39:35.484,-9999999,G2,190.C-0027(A),Santos,-9999999,HARPS_ech_obs_all,HARPS_ech_obs_wavesimult,STAR_WAVE_G3,-9999999,-9999999,-9999999,-9999999,-9999999
HD111777,193.042944,-56.57702,2456759.703411,-0.246191,1.380511,3462.513264,1.159065,1.909061,1.200838,3468.407062,0.881283,1.853868,1.207585,-4.51402,12.683756,-10.62779,2.949651,0.416792,0.00079,0.401208,0.001168,0.552257,0.001527,0,6.39573,34.321401,-0.023768,3.4,96.2,2456759.70341,6.591489,6.591503,0.197,-9999999,6.036435,0.171486,0.681027,-0.142637,0.752843,0.5,600.0001,-4.472914,12.695525,2014-04-12T04:42:22.202,-9999999,G2,190.C-0027(A),Santos,-9999999,HARPS_ech_obs_all,HARPS_ech_obs_wavesimult,STAR_WAVE_G3,6.98677707230852E-06,9.45699630663246E-07,0,0,0
HD111777,193.042944,-56.57702,2456778.5174205,-0.467126,1.386879,3462.181051,1.109502,2.821548,1.172095,3469.977115,0.864678,2.803747,1.178663,-7.938416,10.418593,-8.55358,2.756978,0.417161,0.000808,0.412235,0.0012,0.540017,0.001549,0,6.404877,34.327634,-0.02462,3.4,95.1,2456778.51742,0.211854,0.211867,0,-9999999,6.066941,1.304908,0.741368,1.729123,0.695216,0.51,600.0015,-7.921428,10.432615,2014-05-01T00:14:08.333,-9999999,G2,190.C-0027(A),Santos,-9999999,HARPS_ech_obs_all,HARPS_ech_obs_wavesimult,STAR_WAVE_G3,5.72880373265639E-06,1.05998037905143E-06,0,0,0
HD111777,193.042944,-56.57702,2456778.6608399,-0.434295,1.243689,3462.574581,1.029822,2.810224,0.998602,3470.101836,0.759799,2.887066,1.005587,11.501861,9.191631,-9.169306,2.80068,0.417536,0.000683,0.401327,0.001009,0.553508,0.001306,0,6.404839,34.319996,-0.025751,3.4,112.6,2456778.66083,-0.027736,-0.02772,0,-9999999,6.067174,1.260753,0.741321,1.460081,0.695154,0.5,600.0014,11.550814,9.208149,2014-05-01T03:40:45.765,-9999999,G2,190.C-0027(A),Santos,-9999999,HARPS_ech_obs_all,HARPS_ech_obs_wavesimult,STAR_WAVE_G3,-9999999,-9999999,-9999999,-9999999,-9999999
HD111777,193.042944,-56.57702,2456779.6128325,1.17185,1.194434,3464.994579,1.034734,3.102954,1.096766,3470.981919,0.823011,3.086351,1.103445,18.565431,9.806275,-10.24945,2.996663,0.416271,0.000737,0.401686,0.001102,0.553093,0.001425,0,6.40114,34.325444,-0.027203,3.4,103.1,2456779.61282,-0.300959,-0.30095,0,-9999999,6.068718,-0.052662,0.47305,-0.081378,0.627158,0.51,600.001,18.594134,9.821598,2014-05-02T02:31:31.964,-9999999,G2,190.C-0027(A),Santos,-9999999,HARPS_ech_obs_all,HARPS_ech_obs_wavesimult,STAR_WAVE_G3,1.19406631289053E-06,1.13414577768806E-06,0,0,0
HD111777,193.042944,-56.57702,2456779.7655202,2.154453,1.298861,3465.377463,1.083804,4.038548,1.209657,3471.078621,0.883919,3.666941,1.215858,1.858767,10.77854,-12.462303,3.134423,0.420087,0.00081,0.409524,0.001196,0.543471,0.001556,0,6.409019,34.314989,-0.025254,3.4,94.9,2456779.76552,-0.545574,-0.545579,0,-9999999,6.068965,-0.099671,0.473042,-0.367807,0.627151,0.53,600.001,1.890758,10.790055,2014-05-02T06:11:12.201,-9999999,G2,190.C-0027(A),Santos,-9999999,HARPS_ech_obs_all,HARPS_ech_obs_wavesimult,STAR_WAVE_G3,5.11968633963166E-06,1.00948052858979E-06,0,0,0
HD111777,193.042944,-56.57702,2456781.5585053,0.070045,1.240763,3462.279212,0.972965,2.767864,1.203939,3469.070757,0.881831,2.927232,1.210419,-19.017572,12.630002,-6.43574,2.829784,0.417858,0.000795,0.400611,0.001193,0.550869,0.001542,0,6.40363,34.316568,-0.026328,3.4,95.3,2456781.5585,-0.92043,-0.920428,0,-9999999,6.071873,0.714053,0.300037,0.719672,0.411139,0.5,600.0015,-18.991479,12.642443,2014-05-04T01:13:24.472,-9999999,G2,190.C-0027(A),Santos,-9999999,HARPS_ech_obs_all,HARPS_ech_obs_wavesimult,STAR_WAVE_G3,5.9116638559843E-06,8.8422809157855E-07,0,0,0
HD111777,193.042944,-56.57702,2456781.7480087,1.600158,1.438511,3465.271324,1.086168,4.239633,1.406887,3471.707684,1.005372,4.268315,1.413654,8.857372,13.251334,-7.644053,3.486999,0.420091,0.00093,0.411571,0.001387,0.548656,0.001786,0,6.399716,34.332111,-0.027649,3.4,82.2,2456781.748,-1.232953,-1.232958,0,-9999999,6.07218,0.655709,0.299973,0.36418,0.41108,0.5,600.0009,8.883792,13.263752,2014-05-04T05:46:17.622,-9999999,G2,190.C-0027(A),Santos,-9999999,HARPS_ech_obs_all,HARPS_ech_obs_wavesimult,STAR_WAVE_G3,-9999999,-9999999,-9999999,-9999999,-9999999
HD111777,193.042944,-56.57702,2456782.5229197,1.231512,1.116779,3465.832032,0.903656,4.106405,1.035447,3473.084832,0.780844,3.922831,1.04235,3.384776,9.290767,-6.584091,2.649953,0.418092,0.000707,0.41355,0.001053,0.553132,0.001358,0,6.398513,34.294704,-0.028424,3.4,108,2456782.52292,-1.218691,-1.218696,0,-9999999,6.073436,0.891127,0.418383,1.179364,0.454838,0.49,600.0014,3.400679,9.311855,2014-05-05T00:22:16.204,-9999999,G2,190.C-0027(A),Santos,-9999999,HARPS_ech_obs_all,HARPS_ech_obs_wavesimult,STAR_WAVE_G3,4.16250783050908E-06,8.5892424727716E-07,0,0,0
HD111777,193.042944,-56.57702,2456782.6844426,-0.499458,1.131671,3461.773502,0.914311,2.325706,1.051524,3468.723562,0.793203,2.160302,1.05858,-0.095559,9.360602,-13.180263,2.822986,0.416314,0.000705,0.413199,0.00105,0.53817,0.001351,0,6.39543,34.350027,-0.029272,3.4,108.3,2456782.68443,-1.49202,-1.492017,0,-9999999,6.073698,0.841398,0.418301,0.876362,0.454745,0.5,600.0014,-0.08383,9.374911,2014-05-05T04:14:45.842,-9999999,G2,190.C-0027(A),Santos,-9999999,HARPS_ech_obs_all,HARPS_ech_obs_wavesimult,STAR_WAVE_G3,7.00520663127879E-06,9.27811778134575E-07,0,0,0
HD111777,193.042944,-56.57702,2456783.6191993,-3.310885,1.456984,3460.847405,1.113629,-1.250578,1.381008,3467.667957,0.997737,-1.507563,1.388293,-5.485544,12.542681,-10.498846,3.30217,0.419828,0.000958,0.406742,0.00142,0.549327,0.001817,0,6.402136,34.339428,-0.027934,3.4,81.2,2456783.6192,-1.734113,-1.734121,0.739,-9999999,6.075214,0.076541,0.464348,0.745338,0.494662,0.5,600.0015,-5.48725,12.550191,2014-05-06T02:40:49.240,-9999999,G2,190.C-0027(A),Santos,-9999999,HARPS_ech_obs_all,HARPS_ech_obs_wavesimult,STAR_WAVE_G3,-9999999,-9999999,-9999999,-9999999,-9999999
HD111777,193.042944,-56.57702,2456783.7188278,2.091221,1.254384,3463.629084,0.990212,4.120855,1.165279,3470.262902,0.857815,4.045406,1.172811,11.619129,10.677867,-10.444216,3.284526,0.419366,0.00077,0.404942,0.00115,0.552625,0.001481,0,6.401622,34.322251,-0.029535,3.4,99.4,2456783.71883,-1.899055,-1.899074,0,-9999999,6.075375,0.045868,0.464333,0.558443,0.494645,0.51,600.0012,11.586631,10.699111,2014-05-06T05:04:11.195,-9999999,G2,190.C-0027(A),Santos,-9999999,HARPS_ech_obs_all,HARPS_ech_obs_wavesimult,STAR_WAVE_G3,2.91983748797193E-06,1.11293125848371E-06,0,0,0
HD111777,193.042944,-56.57702,2456784.5206322,0.601925,1.177802,3465.00159,1.012315,2.245899,1.064157,3470.949095,0.794885,2.290354,1.071515,-5.057756,9.955148,-10.14057,2.688521,0.417017,0.000695,0.400534,0.001045,0.548707,0.001349,0,6.39721,34.337649,-0.018356,3.4,108.5,2456784.52063,-1.921198,-1.921209,0,-9999999,6.076676,-0.339792,0.504764,-0.129171,0.626849,0.5,600.0001,-5.04928,9.974349,2014-05-07T00:18:53.536,-9999999,G2,190.C-0027(A),Santos,-9999999,HARPS_ech_obs_all,HARPS_ech_obs_wavesimult,STAR_WAVE_G3,1.1886537229079E-06,1.20590162226415E-06,0,0,0
HD111777,193.042944,-56.57702,2456784.6486358,2.679436,1.433097,3466.545961,1.152688,4.284001,1.341285,3472.253549,0.967383,4.01333,1.34855,24.732351,13.243432,-8.20575,3.185406,0.415969,0.000885,0.409996,0.001323,0.539133,0.001712,0,6.411821,34.335023,-0.02948,3.4,86,2456784.64863,-2.13834,-2.13836,0,-9999999,6.076883,-0.379202,0.5047,-0.369295,0.626785,0.49,600.0018,24.737703,13.252159,2014-05-07T03:23:19.125,-9999999,G2,190.C-0027(A),Santos,-9999999,HARPS_ech_obs_all,HARPS_ech_obs_wavesimult,STAR_WAVE_G3,5.52440473468075E-06,1.17454020091068E-06,0,0,0
HD111777,193.042944,-56.57702,2456785.5164782,-0.266971,1.43188,3464.331441,1.201251,0.841109,1.29152,3470.09,0.92491,0.92113,1.299103,-0.376625,12.244897,-10.54476,3.408264,0.416476,0.000822,0.412993,0.001253,0.544487,0.001621,0,6.405469,34.347835,-0.027528,3.4,91.1,2456785.51648,-2.266145,-2.26615,0.304,-9999999,6.07829,-0.875686,0.618268,-0.319731,0.766515,0.51,600.0017,-0.40459,12.256246,2014-05-08T00:12:49.269,-9999999,G2,190.C-0027(A),Santos,-9999999,HARPS_ech_obs_all,HARPS_ech_obs_wavesimult,STAR_WAVE_G3,5.75808598465445E-07,1.39265937407318E-06,0,0,0
HD111777,193.042944,-56.57702,2456785.6001259,-0.005955,1.607456,3464.617726,1.310136,1.076372,1.483817,3470.219505,1.062533,0.928389,1.490601,-12.188144,14.010888,-14.794096,3.750379,0.417036,0.001008,0.404132,0.001503,0.552969,0.001934,0,6.401599,34.372889,-0.023358,3.4,76.5,2456785.60012,-2.405424,-2.405432,0.229,-9999999,6.078426,-0.901439,0.618226,-0.476647,0.766473,0.5,600.0014,-12.165562,14.018564,2014-05-08T02:13:22.482,-9999999,G2,190.C-0027(A),Santos,-9999999,HARPS_ech_obs_all,HARPS_ech_obs_wavesimult,STAR_WAVE_G3,1.03748473670264E-06,1.44170446232624E-06,0,0,0
HD111777,193.042944,-56.57702,2456786.5314402,2.473998,1.08903,3464.985774,0.844409,3.891391,0.999473,3470.848476,0.753255,3.738736,1.006528,-5.820525,8.524363,-10.572171,2.887843,0.417474,0.00065,0.402223,0.000976,0.548063,0.001257,0,6.399364,34.336588,-0.031937,3.4,116.1,2456786.53143,-2.639538,-2.63953,0.225,-9999999,6.079936,-0.566373,0.432481,-0.217234,0.381619,0.5,600.0011,-5.819835,8.551454,2014-05-09T00:34:28.734,-9999999,G2,190.C-0027(A),Santos,-9999999,HARPS_ech_obs_all,HARPS_ech_obs_wavesimult,STAR_WAVE_G3,2.41702016090298E-06,9.07479941069752E-07,0,0,0
HD111777,193.042944,-56.57702,2456786.6274095,1.783612,0.996121,3466.647797,0.791664,3.171458,0.897367,3472.330624,0.693658,3.075968,0.904384,-17.442334,7.012538,-9.811426,2.62567,0.418173,0.000612,0.408314,0.000899,0.547925,0.001163,0,6.398904,34.335489,-0.028486,3.4,125.5,2456786.6274,-2.80369,-2.803692,0.077,-9999999,6.080092,-0.59592,0.432422,-0.397265,0.381537,0.5,600.0017,-17.471908,7.037308,2014-05-09T02:52:40.557,-9999999,G2,190.C-0027(A),Santos,-9999999,HARPS_ech_obs_all,HARPS_ech_obs_wavesimult,STAR_WAVE_G3,7.28966034530708E-06,7.71846591728617E-07,0,0,0
HD111777,193.042944,-56.57702,2456787.5250813,1.569299,1.217235,3464.366671,0.957129,3.778641,1.14018,3471.163634,0.845305,3.852488,1.146451,-5.481039,9.317684,-8.770809,2.858326,0.417577,0.000747,0.411422,0.001119,0.53962,0.001446,0,6.405415,34.326995,-0.03496,3.4,101.4,2456787.52508,-2.978257,-2.978254,0.07,-9999999,6.081547,0.225576,0.426206,0.715416,0.448949,0.47,600.0014,-5.515263,9.337763,2014-05-10T00:25:38.156,-9999999,G2,190.C-0027(A),Santos,-9999999,HARPS_ech_obs_all,HARPS_ech_obs_wavesimult,STAR_WAVE_G3,1.52349043604744E-06,1.08966428593398E-06,0,0,0
HD111777,193.042944,-56.57702,2456787.660771,-3.709965,1.675425,3460.870789,1.230686,-1.542399,1.620327,3467.41343,1.145911,-1.529894,1.627899,-9.360379,15.691927,-13.259154,3.957559,0.419443,0.001073,0.406733,0.001591,0.550583,0.00204,0,6.407391,34.306069,-0.029773,3.4,72.7,2456787.66076,-3.209679,-3.209665,0.264,-9999999,6.081767,0.1838,0.426131,0.460874,0.448861,0.55,600.0011,-9.327273,15.696848,2014-05-10T03:40:13.870,-9999999,G2,190.C-0027(A),Santos,-9999999,HARPS_ech_obs_all,HARPS_ech_obs_wavesimult,STAR_WAVE_G3,8.25166455692288E-06,1.17136298689022E-06,0,0,0
HD111777,193.042944,-56.57702,2456789.5504719,-0.302998,1.313139,3463.566536,1.047745,2.850405,1.187057,3470.829867,0.874886,2.820496,1.193452,3.870286,11.788687,-9.440779,3.322446,0.417605,0.00079,0.411493,0.001185,0.53863,0.00153,0,6.403761,34.309038,-0.024415,3.4,96,2456789.55046,-3.713358,-3.71334,0.713,-9999999,6.084831,1.169637,0.561453,1.1785,0.576494,0.5,600.0012,3.853072,11.803886,2014-05-12T01:01:55.913,-9999999,G2,190.C-0027(A),Santos,-9999999,HARPS_ech_obs_all,HARPS_ech_obs_wavesimult,STAR_WAVE_G3,-9999999,-9999999,-9999999,-9999999,-9999999
HD111777,193.042944,-56.57702,2456789.6783434,-0.505808,1.343663,3463.548293,1.064417,2.608226,1.220758,3470.571956,0.894817,2.51731,1.228286,-2.056708,11.039102,-10.895243,3.580918,0.415696,0.000809,0.405417,0.001219,0.552317,0.001568,0,6.396791,34.335127,-0.034844,3.4,93.8,2456789.67834,-3.93131,-3.931322,0,-9999999,6.085039,1.130268,0.56141,0.938624,0.576442,0.5,600.0008,-2.035881,11.048775,2014-05-12T04:06:04.150,-9999999,G2,190.C-0027(A),Santos,-9999999,HARPS_ech_obs_all,HARPS_ech_obs_wavesimult,STAR_WAVE_G3,8.63556521604092E-06,8.52228084903683E-07,0,0,0
HD111777,193.042944,-56.57702,2456791.6161864,-0.377682,1.068318,3462.050508,0.839445,1.275267,0.948577,3468.485351,0.730334,1.13878,0.956112,-6.321588,9.058276,-9.136673,2.487126,0.416798,0.000648,0.409334,0.000955,0.538514,0.001236,0,6.399209,34.331912,-0.026981,3.4,118.4,2456791.61619,-4.515148,-4.515159,0,-9999999,6.088181,-0.330817,0.491433,0.346662,0.41386,0.5,600.0007,-6.298012,9.071977,2014-05-14T02:36:36.102,-9999999,G2,190.C-0027(A),Santos,-9999999,HARPS_ech_obs_all,HARPS_ech_obs_wavesimult,STAR_WAVE_G3,2.41706573829262E-06,9.0146487521217E-07,0,0,0
HD111777,193.042944,-56.57702,2456791.7460705,-0.728529,1.699211,3464.159833,1.221038,0.884431,1.626599,3470.351235,1.148767,0.586916,1.634051,18.990732,17.327476,-11.10142,3.887983,0.421137,0.00108,0.416756,0.001618,0.553154,0.002079,0,6.395207,34.35127,-0.029598,3.4,71.4,2456791.74607,-4.710427,-4.710441,-0.314,-9999999,6.088391,-0.370806,0.491422,0.103011,0.413844,0.51,600.0007,18.99353,17.328616,2014-05-14T05:43:32.257,-9999999,G2,190.C-0027(A),Santos,-9999999,HARPS_ech_obs_all,HARPS_ech_obs_wavesimult,STAR_WAVE_G3,4.39446449683323E-07,1.36231807348159E-06,0,0,0
HD111777,193.042944,-56.57702,2456792.6096586,-1.502321,1.194064,3461.478206,0.935726,0.353322,1.117577,3467.705886,0.833454,0.077985,1.125333,-8.363883,8.269795,-10.055739,3.145976,0.416564,0.00075,0.403321,0.00112,0.550388,0.001441,0,6.39954,34.320912,-0.027784,3.4,101.7,2456792.60965,-4.845623,-4.845629,0.397,-9999999,6.089792,-0.128123,0.420488,0.137888,0.425367,0.48,600.0017,-8.349869,8.283347,2014-05-15T02:27:25.439,-9999999,G2,190.C-0027(A),Santos,-9999999,HARPS_ech_obs_all,HARPS_ech_obs_wavesimult,STAR_WAVE_G3,6.9585129196244E-06,7.15882930910297E-07,0,0,0
HD111777,193.042944,-56.57702,2456792.7409177,-1.257286,1.238731,3461.980109,0.959039,0.557945,1.165186,3467.96177,0.859556,0.527953,1.172531,1.220586,12.734951,-8.527572,2.93809,0.416984,0.000777,0.402634,0.001161,0.552401,0.001499,0,6.405253,34.319808,-0.026088,3.4,98.1,2456792.74091,-5.044494,-5.044505,-0.366,-9999999,6.090004,-0.168535,0.420471,-0.108343,0.425347,0.5,600.002,1.224325,12.743119,2014-05-15T05:36:14.405,-9999999,G2,190.C-0027(A),Santos,-9999999,HARPS_ech_obs_all,HARPS_ech_obs_wavesimult,STAR_WAVE_G3,4.00068197734744E-06,8.76957758556048E-07,0,0,0
HD111777,193.042944,-56.57702,2456793.5502139,-1.863986,1.134307,3462.642445,0.885969,-0.632759,1.099204,3468.218785,0.822941,-0.708561,1.106122,-5.394365,11.01564,-13.817856,2.773178,0.416957,0.000737,0.403827,0.001105,0.550419,0.001423,0,6.393691,34.36632,-0.026555,3.4,103.1,2456793.55021,-5.082981,-5.08299,0.197,-9999999,6.091317,-0.752539,0.280005,-0.514977,0.328191,0.49,600.0009,-5.398688,11.024798,2014-05-16T01:01:44.757,-9999999,G2,190.C-0027(A),Santos,-9999999,HARPS_ech_obs_all,HARPS_ech_obs_wavesimult,STAR_WAVE_G3,1.71591691255455E-06,1.06873124445603E-06,0,0,0
HD111777,193.042944,-56.57702,2456793.7393289,-2.034875,1.153261,3462.584938,0.895443,-0.861872,1.118773,3467.806821,0.833166,-1.026533,1.12545,2.28777,10.708423,-9.845679,2.849126,0.417135,0.000759,0.411633,0.001123,0.539272,0.001449,0,6.40223,34.319185,-0.027097,3.4,101.3,2456793.73932,-5.381258,-5.381267,0.05,-9999999,6.091623,-0.810763,0.279924,-0.86974,0.328105,0.5,600.0009,2.291775,10.71913,2014-05-16T05:33:58.577,-9999999,G2,190.C-0027(A),Santos,-9999999,HARPS_ech_obs_all,HARPS_ech_obs_wavesimult,STAR_WAVE_G3,5.73601745165949E-06,8.44106026239558E-07,0,0,0
HD111777,193.042944,-56.57702,2457412.7246445,0.597524,1.238736,3477.614625,1.016238,-5.909095,1.058914,3485.241546,0.821404,15.145424,1.067116,-2.43696,12.511016,16.056396,3.174977,0.423865,0.000833,0.403341,0.001166,0.548746,0.001486,0,6.412873,34.200488,-0.009024,3.4,97,2457412.72464,21.185354,21.185408,0,-9999999,7.095288,0.552288,0.642781,0.531633,0.598361,0.47,599.9982,-2.437024,12.538495,2016-01-25T05:19:20.192,-9999999,G2,196.C-0042,Santos,-9999999,HARPS_ech_obs_all,HARPS_ech_obs_wavesimult,STAR_WAVE_G3,2.68128369463617E-06,1.05625949968414E-06,0,0,0
HD111777,193.042944,-56.57702,2457412.8536001,-1.700916,1.00897,3475.769627,0.869968,-7.970581,0.777599,3483.401427,0.631303,12.709988,0.786206,18.074998,12.116911,14.499861,2.920085,0.422409,0.000608,0.406321,0.000859,0.541,0.001095,0,6.409058,34.205326,-0.01383,3.4,131.5,2457412.8536,21.046577,21.046629,0.453,-9999999,7.095497,0.789242,0.642932,0.536303,0.598582,0.47,899.9983,18.085209,12.16156,2016-01-25T08:22:40.176,-9999999,G2,196.C-0042,Santos,-9999999,HARPS_ech_obs_all,HARPS_ech_obs_wavesimult,STAR_WAVE_G3,2.61184839685269E-06,6.02413042628919E-07,0,0,0
HD111777,193.042944,-56.57702,2457414.8415082,-2.851133,1.353028,3474.535742,1.277363,-10.043357,0.89626,3480.416671,0.713364,10.755605,0.904778,0.358834,10.669832,15.353346,3.44368,0.421866,0.000685,0.405701,0.000974,0.53856,0.00124,0,6.417005,34.207918,-0.014115,3.4,115.9,2457414.8415,21.11044,21.110495,0.03,-9999999,7.09872,-0.133317,1.013609,-1.217791,1.059607,0.54,899.9983,0.412479,10.702743,2016-01-27T08:04:00.387,-9999999,G2,196.C-0042,Santos,-9999999,HARPS_ech_obs_all,HARPS_ech_obs_wavesimult,STAR_WAVE_G3,5.29262788008295E-06,6.47285117000993E-07,0,0,0
HD111777,193.042944,-56.57702,2457416.7845321,0.420287,1.180444,3478.711697,0.849367,-5.165243,0.905616,3486.910195,0.720892,15.760778,0.913889,21.802442,13.179064,15.049743,3.218967,0.423643,0.000741,0.405327,0.001029,0.553825,0.001315,0,6.408603,34.214418,-0.009486,3.4,110.2,2457416.78452,21.205851,21.2059,0.63,-9999999,7.101871,1.473377,0.75717,1.096627,0.449154,0.5,599.9982,21.829453,13.210677,2016-01-29T06:44:51.857,-9999999,G2,196.C-0042,Santos,-9999999,HARPS_ech_obs_all,HARPS_ech_obs_wavesimult,STAR_WAVE_G3,3.09298677834969E-06,7.25566987457506E-07,0,0,0
HD111777,193.042944,-56.57702,2457416.8412206,-1.220016,1.187,3474.937014,0.856404,-6.701381,0.914086,3483.137657,0.729069,14.149032,0.922835,-4.486378,12.12075,13.024564,3.140836,0.422353,0.000762,0.404868,0.001055,0.552206,0.001347,0,6.412769,34.207655,-0.009103,3.4,107.5,2457416.84122,21.133535,21.133582,0.591,-9999999,7.101963,1.577542,0.757241,1.09868,0.449317,0.51,599.9982,-4.458565,12.148043,2016-01-29T08:06:23.401,-9999999,G2,196.C-0042,Santos,-9999999,HARPS_ech_obs_all,HARPS_ech_obs_wavesimult,STAR_WAVE_G3,8.00533881333843E-06,5.67404946032914E-07,0,0,0
HD111777,193.042944,-56.57702,2457425.7508174,0.272706,0.907277,3478.284865,0.792175,-6.60444,0.809855,3485.233247,0.659528,14.125036,0.819511,2.063693,11.893235,17.718274,3.183636,0.421596,0.000697,0.404382,0.000946,0.537209,0.001206,0,6.414029,34.210996,-0.014859,3.4,119.2,2457425.75081,21.03457,21.034636,0.253,-9999999,7.116409,0.181762,0.409008,-0.168027,0.438821,0.51,599.9982,2.079843,11.928989,2016-02-07T05:55:18.554,-9999999,G2,196.C-0042,Santos,-9999999,HARPS_ech_obs_all,HARPS_ech_obs_wavesimult,STAR_WAVE_G3,5.72061832851317E-06,6.09013370705599E-07,0,0,0
HD111777,193.042944,-56.57702,2457425.8630374,-0.075716,0.908209,3477.446011,0.793495,-6.746659,0.810773,3484.39864,0.660904,14.255202,0.820516,1.764017,11.34486,15.556504,2.863355,0.421197,0.000638,0.413275,0.000892,0.536215,0.001136,0,6.415307,34.197635,-0.011393,3.4,125.9,2457425.86303,20.880925,20.880998,0.033,-9999999,7.116591,0.387964,0.409255,-0.163962,0.439136,0.48,599.9983,1.805089,11.38466,2016-02-07T08:37:11.688,-9999999,G2,196.C-0042,Santos,-9999999,HARPS_ech_obs_all,HARPS_ech_obs_wavesimult,STAR_WAVE_G3,4.26447773681151E-06,7.49739698863724E-07,0,0,0
HD111777,193.042944,-56.57702,2457446.6489757,-0.55795,1.112824,3476.134803,0.909692,-8.057195,0.793915,3482.279464,0.643297,12.783456,0.802435,-1.522383,8.701427,12.518571,2.967592,0.421337,0.000647,0.406208,0.000898,0.539281,0.001147,0,6.407727,34.227263,-0.011541,3.4,125.6,2457446.64897,18.660903,18.660962,-1.828,-9999999,7.150295,-0.440338,0.779793,-1.005634,0.643202,0.52,599.9982,-1.509085,8.746725,2016-02-28T03:26:33.561,-9999999,G2,196.C-0042,Santos,-9999999,HARPS_ech_obs_all,HARPS_ech_obs_wavesimult,STAR_WAVE_G3,5.92119307588057E-06,7.61539688389892E-07,0,0,0
HD111777,193.042944,-56.57702,2457446.817179,-0.962035,1.040471,3476.86479,0.860954,-8.152208,0.688774,3483.015816,0.572193,12.611415,0.698534,-0.672506,8.689583,13.736817,2.93827,0.420005,0.000546,0.411655,0.000757,0.545907,0.000966,0,6.412918,34.207581,-0.010633,3.4,147.7,2457446.81717,18.424131,18.42418,-1.848,-9999999,7.150568,-0.131266,0.779853,-0.999542,0.643302,0.52,599.9982,-0.643445,8.741112,2016-02-28T07:28:45.427,-9999999,G2,196.C-0042,Santos,-9999999,HARPS_ech_obs_all,HARPS_ech_obs_wavesimult,STAR_WAVE_G3,7.52457934703934E-06,5.46788795878301E-07,0,0,0
HD111777,193.042944,-56.57702,2457448.6678926,0.497908,1.15485,3477.609191,0.915607,-7.636805,0.865572,3483.099472,0.692974,13.193521,0.873288,9.917619,10.37041,12.17637,3.096619,0.421519,0.000712,0.405058,0.000982,0.546961,0.001249,0,6.412761,34.233486,-0.016658,3.4,114.9,2457448.66789,18.273907,18.273958,-0.275,-9999999,7.153568,-1.075806,0.764502,-1.663287,0.598434,0.55,599.9983,9.942965,10.416256,2016-03-01T03:53:19.330,-9999999,G2,196.C-0042,Santos,-9999999,HARPS_ech_obs_all,HARPS_ech_obs_wavesimult,STAR_WAVE_G3,5.84050207140108E-06,7.05006746006895E-07,0,0,0
HD111777,193.042944,-56.57702,2457448.8177337,1.342774,1.272247,3480.043731,0.997974,-6.516608,1.016878,3485.539682,0.798549,14.777864,1.023694,4.557636,12.007667,11.991292,3.077291,0.421262,0.000761,0.406289,0.001081,0.548242,0.001373,0,6.41732,34.221135,-0.013108,3.4,104.4,2457448.81772,18.052723,18.052783,-0.426,-9999999,7.153811,-0.800475,0.764572,-1.65786,0.598557,0.51,599.9983,4.560575,12.042224,2016-03-01T07:29:28.820,-9999999,G2,196.C-0042,Santos,-9999999,HARPS_ech_obs_all,HARPS_ech_obs_wavesimult,STAR_WAVE_G3,7.67780050455528E-06,7.74802161905686E-07,0,0,0
HD111777,193.042944,-56.57702,2457450.6543037,-0.485449,1.349603,3477.457979,1.102364,-7.923421,0.917238,3484.303931,0.728953,12.640456,0.925753,12.854595,10.371571,13.196284,2.987364,0.417973,0.000729,0.404774,0.001019,0.539814,0.001303,0,6.414523,34.202826,-0.01437,3.4,110.7,2457450.65429,17.901119,17.901178,0.395,-9999999,7.156789,-0.379065,0.990002,-0.310837,0.826943,0.49,599.9983,12.880668,10.407346,2016-03-03T03:34:10.983,-9999999,G2,196.C-0042,Santos,-9999999,HARPS_ech_obs_all,HARPS_ech_obs_wavesimult,STAR_WAVE_G3,5.30279678039848E-06,6.7857229054221E-07,0,0,0
HD111777,193.042944,-56.57702,2457450.8169548,-0.906363,1.304745,3475.151594,1.076669,-8.045466,0.849799,3482.003701,0.689382,12.435331,0.858352,-2.723902,9.374724,15.02062,3.20527,0.419786,0.000655,0.410634,0.000917,0.548684,0.001174,0,6.413701,34.206092,-0.011719,3.4,122.2,2457450.81695,17.661443,17.66149,0.32,-9999999,7.157053,-0.080195,0.990051,-0.304946,0.827023,0.51,599.9983,-2.710076,9.424626,2016-03-03T07:28:11.212,-9999999,G2,196.C-0042,Santos,-9999999,HARPS_ech_obs_all,HARPS_ech_obs_wavesimult,STAR_WAVE_G3,6.00491413100423E-06,6.30284195877442E-07,0,0,0
HD111777,193.042944,-56.57702,2457451.6469763,-0.442204,1.057582,3478.421319,1.120703,-7.663464,0.67894,3483.591624,0.560163,13.000751,0.688501,12.137838,6.573287,14.100388,2.913778,0.421431,0.000587,0.41312,0.000797,0.537849,0.00102,0,6.413702,34.212882,-0.012517,3.4,141.1,2457451.64697,17.707004,17.707073,0.371,-9999999,7.158399,-0.162353,0.810876,-1.988094,0.970666,0.49,599.9983,12.148005,6.649169,2016-03-04T03:23:32.851,-9999999,G2,196.C-0042,Santos,-9999999,HARPS_ech_obs_all,HARPS_ech_obs_wavesimult,STAR_WAVE_G3,7.02136320635387E-06,5.20877796539511E-07,0,0,0
HD111777,193.042944,-56.57702,2457451.8236413,-0.911646,1.03206,3478.044736,1.107596,-7.808286,0.638374,3483.221725,0.533323,13.17747,0.648359,-1.272187,8.22616,14.219702,2.895437,0.420217,0.00049,0.403262,0.000684,0.546268,0.000872,0,6.412167,34.205102,-0.011962,3.4,163.5,2457451.82363,17.446418,17.44648,-0.567,-9999999,7.158685,0.162267,0.810941,-1.981696,0.97074,0.51,599.9983,-1.2547,8.29145,2016-03-04T07:37:43.815,-9999999,G2,196.C-0042,Santos,-9999999,HARPS_ech_obs_all,HARPS_ech_obs_wavesimult,STAR_WAVE_G3,4.52564369427007E-06,5.16738691161425E-07,0,0,0
HD111777,193.042944,-56.57702,2457459.6931423,-0.141173,1.242759,3477.096014,1.194452,-7.04266,1.019748,3484.468441,0.797341,13.736087,1.029423,7.004042,10.046763,12.555429,3.148401,0.423828,0.000799,0.401641,0.001114,0.552034,0.001431,0,6.414032,34.209229,-0.010278,3.4,101.3,2457459.69313,15.826989,15.827054,0.057,-9999999,7.171446,0.15742,0.710327,0.200981,0.889361,0.38,599.9983,7.03201,10.081715,2016-03-12T04:30:28.962,-9999999,G2,196.C-0042,Santos,-9999999,HARPS_ech_obs_all,HARPS_ech_obs_wavesimult,STAR_WAVE_G3,5.35643510088532E-06,7.84852648081978E-07,0,0,0
HD111777,193.042944,-56.57702,2457459.8060164,-1.419529,1.298255,3474.746742,1.220048,-8.113611,1.086649,3482.12344,0.83512,12.721601,1.097644,-1.024536,12.080169,9.887872,3.040477,0.422601,0.000799,0.402025,0.001135,0.541995,0.00146,0,6.418866,34.172337,-0.014193,3.4,99.5,2457459.80601,15.644453,15.64452,0,-9999999,7.171629,0.364825,0.710394,0.205069,0.889434,0.55,899.9983,-1.03718,12.115612,2016-03-12T07:08:33.767,-9999999,G2,196.C-0042,Santos,-9999999,HARPS_ech_obs_all,HARPS_ech_obs_wavesimult,STAR_WAVE_G3,6.2984998986231E-06,9.37649416407942E-07,0,0,0
HD111777,193.042944,-56.57702,2457460.650909,-2.547479,1.172157,3473.867072,1.055151,-8.708258,1.061447,3482.524177,0.815476,11.724512,1.069758,4.939908,11.170505,10.479548,3.593613,0.423426,0.000803,0.399174,0.001133,0.546767,0.001471,0,6.40968,34.215355,-0.013759,3.4,99.4,2457460.6509,15.637474,15.637537,0.097,-9999999,7.172998,0.898128,0.497275,1.484107,0.669583,0.45,599.9983,4.956096,11.202436,2016-03-13T03:28:53.690,-9999999,G2,196.C-0042,Santos,-9999999,HARPS_ech_obs_all,HARPS_ech_obs_wavesimult,STAR_WAVE_G3,1.7038175711712E-06,8.6139977206008E-07,0,0,0
HD111777,193.042944,-56.57702,2457460.8594537,-1.910443,1.06817,3475.1838,0.997173,-7.688024,0.945257,3483.848797,0.738747,13.436165,0.956887,2.359336,11.11685,10.303506,3.323649,0.418315,0.000637,0.408508,0.000921,0.552742,0.001189,0,6.415362,34.201843,-0.010508,3.4,121.2,2457460.85945,15.312931,15.31298,0.026,-9999999,7.173337,1.281326,0.49747,1.49166,0.669781,0.52,599.9983,2.422035,11.150565,2016-03-13T08:28:29.027,-9999999,G2,196.C-0042,Santos,-9999999,HARPS_ech_obs_all,HARPS_ech_obs_wavesimult,STAR_WAVE_G3,1.77282028428264E-06,9.99333093882729E-07,0,0,0
HD111777,193.042944,-56.57702,2457461.8176443,-0.44741,1.179092,3475.399303,1.045203,-7.083074,0.78189,3483.723185,0.640052,13.800759,0.793053,8.794492,9.793963,12.342682,2.956756,0.42302,0.000592,0.397509,0.000824,0.551005,0.001064,0,6.414723,34.219218,-0.01457,3.4,135.3,2457461.81764,15.119757,15.119805,0.639,-9999999,7.17489,0.423243,0.882556,1.148992,0.826307,0.5,599.9983,8.846336,9.832957,2016-03-14T07:28:24.462,-9999999,G2,196.C-0042,Santos,-9999999,HARPS_ech_obs_all,HARPS_ech_obs_wavesimult,STAR_WAVE_G3,6.87677312499122E-06,6.36192930262439E-07,0,0,0
HD111777,193.042944,-56.57702,2457461.9076504,0.362864,1.24599,3476.957733,1.079415,-6.107415,0.879397,3485.285021,0.694275,15.278092,0.89286,6.615831,12.946272,11.097727,3.298389,0.424431,0.00059,0.397374,0.00085,0.551554,0.001097,0,6.411473,34.197704,-0.012824,3.4,131,2457461.90764,14.99838,14.998429,0.013,-9999999,7.175036,0.588628,0.882696,1.152252,0.826511,0.5,599.9983,6.642742,12.98085,2016-03-14T09:38:00.592,-9999999,G2,196.C-0042,Santos,-9999999,HARPS_ech_obs_all,HARPS_ech_obs_wavesimult,STAR_WAVE_G3,6.39730167661412E-06,7.66153510085335E-07,0,0,0
HD111777,193.042944,-56.57702,2457462.635436,1.428564,0.876494,3478.686548,0.799212,-5.166723,0.717801,3486.448937,0.589696,15.975204,0.730191,18.525488,12.042531,14.771878,3.103131,0.421839,0.000608,0.409222,0.000827,0.550892,0.001065,0,6.407767,34.207138,-0.01005,3.4,135.5,2457462.63543,15.145931,15.145972,-0.176,-9999999,7.176216,0.46362,0.502995,0.586173,0.539442,0.51,599.9982,18.534186,12.086327,2016-03-15T03:05:52.106,-9999999,G2,196.C-0042,Santos,-9999999,HARPS_ech_obs_all,HARPS_ech_obs_wavesimult,STAR_WAVE_G3,5.23213831403108E-06,5.79458650278925E-07,0,0,0
HD111777,193.042944,-56.57702,2457462.8584685,-1.871396,1.11002,3475.028013,0.940748,-8.056864,0.989426,3482.798842,0.770564,12.665722,1.000421,-6.522201,11.717411,14.200896,3.433013,0.42223,0.000651,0.399724,0.000949,0.538263,0.00122,0,6.421378,34.183315,-0.016753,3.4,117.4,2457462.85847,14.800328,14.800371,-0.089,-9999999,7.176578,0.87344,0.503171,0.594251,0.539665,0.51,599.9983,-6.498351,11.745299,2016-03-15T08:27:01.152,-9999999,G2,196.C-0042,Santos,-9999999,HARPS_ech_obs_all,HARPS_ech_obs_wavesimult,STAR_WAVE_G3,-9999999,-9999999,-9999999,-9999999,-9999999
HD111777,193.042944,-56.57702,2457463.6775691,-1.063324,2.127834,3475.585243,1.655872,-7.744923,2.026262,3483.661037,1.525703,13.00139,2.038861,27.400065,17.91457,12.870882,4.409259,0.422644,0.001529,0.407158,0.002155,0.537104,0.002733,0,6.417287,34.186842,-0.011682,3.4,54,2457463.67756,14.824429,14.82449,-0.16,-9999999,7.177906,0.377308,0.64957,0.897888,0.643539,0.4,599.9982,27.428941,17.91888,2016-03-16T04:07:33.943,-9999999,G2,196.C-0042,Santos,-9999999,HARPS_ech_obs_all,HARPS_ech_obs_wavesimult,STAR_WAVE_G3,7.24684139102049E-07,1.64677530713672E-06,0,0,0
HD111777,193.042944,-56.57702,2457463.8332726,1.290953,1.177309,3477.512145,1.005527,-5.104543,0.981819,3485.593832,0.772492,15.668425,0.994607,7.052149,10.874995,13.145855,3.366083,0.421851,0.000714,0.408616,0.001015,0.539855,0.001308,0,6.410619,34.2112,-0.016263,3.4,110.2,2457463.83327,14.57344,14.573478,-0.047,-9999999,7.178159,0.663411,0.649683,0.903528,0.643693,0.47,599.9983,7.061327,10.916346,2016-03-16T07:51:04.070,-9999999,G2,196.C-0042,Santos,-9999999,HARPS_ech_obs_all,HARPS_ech_obs_wavesimult,STAR_WAVE_G3,1.46452841997386E-06,1.07703350411096E-06,0,0,0
HD111777,193.042944,-56.57702,2457464.6151308,-1.439671,1.150283,3476.343702,1.029335,-7.462857,1.056692,3485.183345,0.820549,13.343082,1.069209,7.436369,11.086279,10.41278,3.649572,0.420599,0.000811,0.402301,0.001145,0.536726,0.001465,0,6.410403,34.229421,-0.010518,3.4,98.4,2457464.61513,14.644007,14.644061,0.254,-9999999,7.179426,1.035721,0.454481,1.660217,0.621474,0.51,599.9983,7.45495,11.125858,2016-03-17T02:36:29.326,-9999999,G2,196.C-0042,Santos,-9999999,HARPS_ech_obs_all,HARPS_ech_obs_wavesimult,STAR_WAVE_G3,-9999999,-9999999,-9999999,-9999999,-9999999
HD111777,193.042944,-56.57702,2457464.854372,0.286122,1.684344,3474.924253,1.353544,-5.297462,1.621827,3483.772949,1.202356,15.446541,1.634745,-27.814378,14.268633,14.378872,3.245944,0.426098,0.001255,0.404556,0.001737,0.550738,0.002217,0,6.417135,34.20013,-0.006701,3.4,66.1,2457464.85436,14.276358,14.276419,-0.148,-9999999,7.179814,1.475324,0.454635,1.668882,0.621627,0.46,899.9983,-27.754308,14.298491,2016-03-17T08:19:10.777,-9999999,G2,196.C-0042,Santos,-9999999,HARPS_ech_obs_all,HARPS_ech_obs_wavesimult,STAR_WAVE_G3,-9999999,-9999999,-9999999,-9999999,-9999999
HD111777,193.042944,-56.57702,2457465.6376592,0.824738,1.017166,3477.719275,0.86394,-7.351931,0.907677,3484.117217,0.725536,13.591014,0.919694,-7.137437,9.884563,12.130534,2.948054,0.42283,0.000736,0.409988,0.001021,0.549336,0.001311,0,6.412133,34.223814,-0.009774,3.4,110.2,2457465.63765,14.345925,14.345984,-0.098,-9999999,7.181084,-1.117762,0.459075,-0.783142,0.469031,0.5,599.9982,-7.103519,9.92802,2016-03-18T03:08:57.561,-9999999,G2,196.C-0042,Santos,-9999999,HARPS_ech_obs_all,HARPS_ech_obs_wavesimult,STAR_WAVE_G3,5.32061913141688E-06,7.80321401419786E-07,0,0,0
HD111777,193.042944,-56.57702,2457465.8555049,1.496469,1.001258,3478.481832,0.85302,-6.279911,0.889717,3484.888018,0.712334,14.72491,0.90281,-3.807676,9.851945,12.819249,3.003337,0.420477,0.000659,0.398474,0.000926,0.537735,0.001193,0,6.412981,34.216883,-0.010787,3.4,120.6,2457465.8555,14.004441,14.0045,-0.28,-9999999,7.181438,-0.717473,0.459262,-0.775252,0.46928,0.51,599.9983,-3.814873,9.902212,2016-03-18T08:22:32.538,-9999999,G2,196.C-0042,Santos,-9999999,HARPS_ech_obs_all,HARPS_ech_obs_wavesimult,STAR_WAVE_G3,6.64309576887727E-06,7.8950040764102E-07,0,0,0
HD111777,193.042944,-56.57702,2457470.6752358,-1.013403,1.610979,3479.58356,1.248026,-8.088266,1.280554,3485.942747,0.974233,12.747818,1.295213,-15.99881,13.103592,16.49107,3.055269,0.421205,0.001025,0.410925,0.001431,0.547447,0.001828,0,6.408418,34.180385,-0.011799,3.4,79,2457470.67523,12.886977,12.887035,-0.485,-9999999,7.189253,-0.015956,0.977464,-0.830066,0.780024,0.52,599.9983,-16.006289,13.128262,2016-03-23T04:02:32.556,-9999999,G2,190.C-0027(A),Santos,-9999999,HARPS_ech_obs_all,HARPS_ech_obs_wavesimult,STAR_WAVE_G3,9.55544293025709E-06,7.44116151523716E-07,0,0,0
HD111777,193.042944,-56.57702,2457470.8341757,-3.81156,1.534718,3475.47423,1.197166,-10.594373,1.183121,3481.839431,0.908058,10.16154,1.199645,-6.31979,11.29851,20.568314,3.274932,0.416404,0.000917,0.401481,0.001289,0.54953,0.001651,0,6.419786,34.178438,-0.012111,3.4,87.6,2457470.83417,12.629066,12.629109,-0.53,-9999999,7.18951,0.276095,0.977539,-0.824309,0.780153,0.49,599.9982,-6.319783,11.33863,2016-03-23T07:51:42.375,-9999999,G2,190.C-0027(A),Santos,-9999999,HARPS_ech_obs_all,HARPS_ech_obs_wavesimult,STAR_WAVE_G3,8.02141828940043E-06,6.27225270986106E-07,0,0,0
HD111777,193.042944,-56.57702,2457473.6200273,0.100386,0.96388,3475.636904,0.960665,-8.117174,0.805389,3482.670733,0.656737,12.688822,0.820861,-11.077448,8.242926,17.022885,3.244009,0.419967,0.000653,0.406186,0.000905,0.546047,0.001164,0,6.419241,34.197036,-0.017052,3.4,123.2,2457473.62003,12.087553,12.087592,-0.004,-9999999,7.194027,-1.158652,0.529541,-0.160198,0.701123,0.5,899.9983,-11.071319,8.287677,2016-03-26T02:40:34.034,-9999999,G2,196.C-0042,Santos,-9999999,HARPS_ech_obs_all,HARPS_ech_obs_wavesimult,STAR_WAVE_G3,4.13918879710224E-06,5.92262995715114E-07,0,0,0
HD111777,193.042944,-56.57702,2457473.7707489,0.839155,0.806471,3478.492645,0.867654,-7.101456,0.608271,3485.532178,0.511142,13.9908,0.624556,2.899411,8.276894,15.38499,2.925952,0.416381,0.000462,0.394749,0.000644,0.548123,0.000833,0,6.415683,34.197257,-0.012235,3.4,171.8,2457473.77074,11.842423,11.842465,-0.063,-9999999,7.194272,-0.881703,0.52953,-0.154739,0.701111,0.48,899.9983,2.927522,8.343317,2016-03-26T06:17:53.862,-9999999,G2,196.C-0042,Santos,-9999999,HARPS_ech_obs_all,HARPS_ech_obs_wavesimult,STAR_WAVE_G3,4.77492633052072E-06,5.24355484762546E-07,0,0,0
HD111777,193.042944,-56.57702,2457474.6607783,1.053617,0.857847,3479.230912,0.817233,-6.081804,0.645794,3486.67543,0.538509,14.788815,0.662153,-4.907938,10.193768,16.316367,2.936054,0.417138,0.000537,0.391758,0.000733,0.539653,0.000954,0,6.412363,34.196239,-0.012096,3.4,151.4,2457474.66077,11.725172,11.725217,0.009,-9999999,7.195715,-0.076514,0.56467,0.248803,0.614718,0.5,899.9983,-4.907618,10.253556,2016-03-27T03:39:11.388,-9999999,G2,196.C-0042,Santos,-9999999,HARPS_ech_obs_all,HARPS_ech_obs_wavesimult,STAR_WAVE_G3,8.68742551264571E-06,5.14151838343135E-07,0,0,0
HD111777,193.042944,-56.57702,2457474.8243835,-1.007675,1.003081,3477.780748,0.906721,-7.842474,0.828977,3485.231456,0.666412,13.35537,0.845653,5.705418,11.655363,12.95629,3.198763,0.421007,0.000574,0.393234,0.000824,0.550165,0.001068,0,6.413672,34.213451,-0.010985,3.4,134.2,2457474.82438,11.457832,11.457867,-0.102,-9999999,7.19598,0.224109,0.564774,0.254728,0.614848,0.48,899.9983,5.687337,11.693385,2016-03-27T07:35:04.323,-9999999,G2,196.C-0042,Santos,-9999999,HARPS_ech_obs_all,HARPS_ech_obs_wavesimult,STAR_WAVE_G3,5.15583955902226E-06,8.33303160452473E-07,0,0,0
HD111777,193.042944,-56.57702,2457476.6570336,1.207982,1.027788,3476.976214,0.794125,-6.881122,0.796599,3484.432015,0.647834,14.004787,0.811699,-2.073501,9.306197,16.877804,2.925551,0.42049,0.00064,0.393517,0.000884,0.550324,0.001146,0,6.418214,34.195335,-0.013748,3.4,125.6,2457476.65703,11.119107,11.119153,0.317,-9999999,7.198952,-1.030196,0.649445,0.256849,0.459289,0.49,899.9983,-2.050499,9.368423,2016-03-29T03:33:50.316,-9999999,G2,196.C-0042,Santos,-9999999,HARPS_ech_obs_all,HARPS_ech_obs_wavesimult,STAR_WAVE_G3,6.60709166374702E-06,5.17471681284735E-07,0,0,0
HD111777,193.042944,-56.57702,2457476.8748251,-0.87262,1.150696,3476.357082,0.877953,-8.561534,0.949779,3483.821124,0.748014,12.331171,0.965101,6.196829,10.472484,12.423957,3.000209,0.420751,0.000665,0.389666,0.000947,0.541382,0.001239,0,6.417076,34.197544,-0.012562,3.4,116.5,2457476.87482,10.782778,10.782818,-0.472,-9999999,7.199305,-0.630007,0.649632,0.264737,0.459648,0.48,699.9983,6.219495,10.513104,2016-03-29T08:49:11.813,-9999999,G2,196.C-0042,Santos,-9999999,HARPS_ech_obs_all,HARPS_ech_obs_wavesimult,STAR_WAVE_G3,2.28166045846833E-06,9.36996024150883E-07,0,0,0
HD111777,193.042944,-56.57702,2457477.5469261,2.791481,0.95846,3478.647721,0.911516,-4.624294,0.866212,3486.185655,0.69362,16.135842,0.882609,-3.352874,10.920755,12.764878,3.109042,0.417859,0.000696,0.39074,0.000957,0.539341,0.001247,0,6.407822,34.222049,-0.010929,3.4,115.8,2457477.54692,10.957413,10.957456,0.23,-9999999,7.200395,-0.356868,0.410272,0.337539,0.5914,0.53,899.9983,-3.318056,10.955907,2016-03-30T00:54:38.240,-9999999,G2,190.C-0027(A),Santos,-9999999,HARPS_ech_obs_all,HARPS_ech_obs_wavesimult,STAR_WAVE_G3,3.12003985821859E-06,8.54859576410922E-07,0,0,0
HD111777,193.042944,-56.57702,2457477.7037911,1.372296,0.829134,3478.257147,0.838723,-5.755242,0.720651,3485.801016,0.594956,15.159868,0.736097,-0.687513,8.862782,13.633413,3.156086,0.420336,0.000573,0.39026,0.000788,0.53933,0.001028,0,6.41531,34.205774,-0.011205,3.4,140.1,2457477.70378,10.729779,10.729827,0.1,-9999999,7.200649,-0.06863,0.410031,0.34322,0.591172,0.49,899.9983,-0.652706,8.907203,2016-03-30T04:41:06.884,-9999999,G2,190.C-0027(A),Santos,-9999999,HARPS_ech_obs_all,HARPS_ech_obs_wavesimult,STAR_WAVE_G3,6.00175713325546E-06,5.59889590543007E-07,0,0,0
HD111777,193.042944,-56.57702,2457478.7085843,1.793763,1.09696,3477.51046,1.324894,-4.654404,0.812832,3486.480606,0.662677,16.522453,0.828057,-11.485865,12.524094,16.939068,3.189235,0.419433,0.000636,0.396427,0.000875,0.551688,0.001147,0,6.41234,34.199485,-0.012198,3.4,126,2457478.70857,10.407121,10.407164,0.632,-9999999,7.202278,0.61074,0.736631,1.767868,1.147259,0.43,899.9983,-11.454239,12.55709,2016-03-31T04:48:51.959,-9999999,G2,190.C-0027(A),Santos,-9999999,HARPS_ech_obs_all,HARPS_ech_obs_wavesimult,STAR_WAVE_G3,4.6521508900324E-06,7.79488073301491E-07,0,0,0
HD111777,193.042944,-56.57702,2457478.8507822,0.282059,1.046777,3478.202808,1.295554,-5.904821,0.74359,3487.178335,0.601661,15.202137,0.75982,10.228593,12.16645,10.90949,2.92514,0.419552,0.000522,0.38283,0.000734,0.541311,0.00097,0,6.411903,34.205998,-0.011734,3.4,148.6,2457478.85078,10.186689,10.186727,0.413,-9999999,7.202509,0.872027,0.736761,1.773018,1.147373,0.51,899.9983,10.206723,12.213526,2016-03-31T08:12:25.436,-9999999,G2,190.C-0027(A),Santos,-9999999,HARPS_ech_obs_all,HARPS_ech_obs_wavesimult,STAR_WAVE_G3,6.30020640655284E-06,6.32099332657115E-07,0,0,0
HD111777,193.042944,-56.57702,2457479.6821627,3.064891,0.808123,3478.817467,0.748796,-3.686493,0.649284,3486.630476,0.539954,17.268752,0.663501,-2.300035,11.205927,12.411323,3.031674,0.41937,0.000521,0.390818,0.000721,0.540191,0.000941,0,6.40924,34.217873,-0.015308,3.4,153.1,2457479.68216,10.134855,10.134892,-0.456,-9999999,7.203857,0.307524,0.481137,0.609152,0.518792,0.52,899.9983,-2.246627,11.243433,2016-04-01T04:09:25.257,-9999999,G2,190.C-0027(A),Santos,-9999999,HARPS_ech_obs_all,HARPS_ech_obs_wavesimult,STAR_WAVE_G3,5.25269853880109E-06,5.06691575801087E-07,0,0,0
HD111777,193.042944,-56.57702,2457479.8120709,2.399451,0.949568,3479.838024,0.840015,-4.113228,0.818586,3487.655949,0.66056,16.966303,0.833174,9.201494,13.232303,13.72142,3.354369,0.419938,0.000589,0.389454,0.000832,0.539637,0.001086,0,6.409128,34.215003,-0.012335,3.4,132.5,2457479.81206,9.921264,9.921306,-0.223,-9999999,7.204068,0.546228,0.481245,0.613857,0.518928,0.52,899.9983,9.212259,13.269391,2016-04-01T07:16:28.948,-9999999,G2,190.C-0027(A),Santos,-9999999,HARPS_ech_obs_all,HARPS_ech_obs_wavesimult,STAR_WAVE_G3,3.64060216862428E-06,8.54789111343396E-07,0,0,0
HD111777,193.042944,-56.57702,2457508.4959,0.836685,1.15568,3485.499817,1.522356,2.408354,0.956759,3493.517207,0.743788,23.626871,0.966846,-13.002784,15.29446,43.206919,4.113266,0.419204,0.000705,0.395917,0.001011,0.552824,0.00131,0,6.442232,34.035255,-0.008479,3.4,110.6,2457508.49589,0.436832,0.436865,0,-9999999,7.250578,8.630577,0.648235,0.766812,1.328287,0.48,599.9983,-12.972305,15.317496,2016-04-29T23:43:28.452,-9999999,G2,196.C-0042(D),Santos,-9999999,HARPS_ech_obs_all,HARPS_ech_obs_wavesimult,STAR_WAVE_G3,4.89014904416495E-06,7.6150075883306E-07,0,0,0
HD111777,193.042944,-56.57702,2457508.6236972,-0.324167,1.133309,3483.927375,1.51804,1.482328,0.929776,3491.949601,0.735194,22.651889,0.942303,5.953142,14.312508,47.970971,4.205618,0.41954,0.000718,0.3981,0.001017,0.55137,0.001313,0,6.44973,33.993394,-0.00677,3.4,110.3,2457508.6237,0.233931,0.233955,0,-9999999,7.250785,8.865402,0.648001,0.771441,1.328132,0.49,599.9983,5.991931,14.325495,2016-04-30T02:47:24.124,-9999999,G2,196.C-0042(D),Santos,-9999999,HARPS_ech_obs_all,HARPS_ech_obs_wavesimult,STAR_WAVE_G3,6.57153116896443E-06,7.33497846084325E-07,0,0,0
HD111777,193.042944,-56.57702,2457514.5469613,4.071843,5.05852,3480.399979,3.80934,-1.380473,4.919465,3488.447405,3.666244,19.476198,4.928049,60.138696,47.154432,27.17177,10.768752,0.429398,0.003427,0.453091,0.005092,0.580505,0.006297,0,6.383494,34.122138,-0.031449,3.4,26,2457514.54696,-1.771508,-1.771478,-0.025,-9999999,7.260389,1.606591,1.177918,0.787037,1.034276,0.44,899.9983,60.6344,47.170392,2016-05-06T00:55:13.539,-9999999,G2,196.C-0042,Santos,-9999999,HARPS_ech_obs_all,HARPS_ech_obs_wavesimult,STAR_WAVE_G3,1.00484715237652E-05,2.15553511984927E-06,0,0,0
HD111777,193.042944,-56.57702,2457516.6248556,-2.695651,1.413273,3476.743742,1.525798,-8.208463,1.067906,3484.178454,0.83163,12.872823,1.076049,8.174051,12.552744,9.964242,3.02861,0.419441,0.000802,0.401526,0.001145,0.549378,0.001471,0,6.410896,34.21472,-0.015019,3.4,98.5,2457516.62484,-2.614186,-2.614154,0.887,-9999999,7.263758,1.546095,0.925698,0.170954,1.279239,0.51,599.9983,8.132094,12.591037,2016-05-08T02:48:54.944,-9999999,G2,196.C-0042,Santos,-9999999,HARPS_ech_obs_all,HARPS_ech_obs_wavesimult,STAR_WAVE_G3,5.42166714449736E-06,7.97808516275598E-07,0,0,0
HD111777,193.042944,-56.57702,2457516.7330417,23.251862,16.316036,3468.878136,6.334523,17.93784,16.289756,3476.316942,6.204013,37.235495,16.31337,139.258233,158.473073,-23.235193,36.560289,0.441611,0.008876,0.53211,0.014445,0.626608,0.017846,0,6.382304,34.14058,-0.025645,3.4,11.2,2457516.73304,-2.786799,-2.786775,0.765,-9999999,7.263934,1.744885,0.925677,0.174872,1.279218,0.45,899.9983,147.512507,159.245566,2016-05-08T05:23:03.303,-9999999,G2,196.C-0042,Santos,-9999999,HARPS_ech_obs_all,HARPS_ech_obs_wavesimult,STAR_WAVE_G3,0.000111704962138721,2.88587973214408E-05,0,0,0
HD111777,193.042944,-56.57702,2457523.6492912,-6.322738,2.625025,3468.909481,2.071522,-16.749739,2.491054,3471.494392,1.890209,3.888211,2.499942,49.591658,24.701302,19.464734,6.047136,0.422893,0.001732,0.411723,0.002523,0.541563,0.003167,0,6.416142,34.144401,-0.009039,3.4,46.7,2457523.64928,-5.087262,-5.087228,4.227,-9999999,7.275148,-3.368094,0.827894,-4.690237,0.847535,0.5,899.9983,49.602019,24.708268,2016-05-15T03:21:49.879,-9999999,G2,196.C-0042,Santos,-9999999,HARPS_ech_obs_all,HARPS_ech_obs_wavesimult,STAR_WAVE_G3,2.07398908532699E-06,2.21660301525718E-06,0,0,0
HD111777,193.042944,-56.57702,2457523.7413352,-5.396306,4.441789,3469.862776,3.328712,-15.654177,4.363953,3472.45117,3.219009,6.481088,4.374648,21.418903,44.849126,11.751893,8.670592,0.42831,0.002835,0.424289,0.004183,0.551575,0.005201,0,6.40832,34.105704,-0.012743,3.4,29.9,2457523.74133,-5.218585,-5.218564,5.607,-9999999,7.275298,-3.198964,0.827889,-4.686904,0.847529,0.56,899.9983,21.27074,44.871693,2016-05-15T05:33:28.616,-9999999,G2,196.C-0042,Santos,-9999999,HARPS_ech_obs_all,HARPS_ech_obs_wavesimult,STAR_WAVE_G3,0.00198290371473535,0.0098267579937624,0,0,0
HD111777,193.042944,-56.57702,2457575.5769092,2.658009,1.240455,3481.574682,1.349077,-5.220642,1.014274,3487.641659,0.779449,16.146651,1.022679,18.835417,8.37039,12.885656,2.816184,0.41758,0.000726,0.401062,0.001041,0.532278,0.001333,0,6.416124,34.195515,-0.013727,3.4,108.1,2457575.5769,-18.624639,-18.624686,0.021,-9999999,7.359347,-0.819744,0.714126,-1.29237,1.101122,0.51,599.9983,18.844762,8.432094,2016-07-06T01:43:07.958,-9999999,G2,196.C-0042(D),Santos,-9999999,HARPS_ech_obs_all,HARPS_ech_obs_wavesimult,STAR_WAVE_G3,9.26749469785159E-06,8.79309487993463E-07,0,0,0
HD111777,193.042944,-56.57702,2457837.5836475,-1.771011,1.526841,3474.518904,1.194517,-7.022504,1.234625,3484.160927,0.936023,14.242893,1.25045,11.075435,18.415736,10.094782,3.319178,0.42148,0.000941,0.394828,0.001297,0.538884,0.001678,0,6.4164,34.199393,-0.008618,3.4,86.7,2457837.58364,12.519575,12.519615,0.479,-9999999,7.784183,1.807415,0.8983,1.85784,0.742113,0.51,599.9982,11.098787,18.430987,2017-03-25T01:50:39.725,-9999999,G2,196.C-0042(D),Santos,-9999999,HARPS_ech_obs_all,HARPS_ech_obs_wavesimult,STAR_WAVE_G3,6.74555219870677E-06,1.00443266183243E-06,0,0,0
HD111777,193.042944,-56.57702,2457837.6662111,-0.656679,1.40729,3475.506998,1.128169,-5.756462,1.083341,3485.152145,0.84981,14.610004,1.09707,14.56026,20.568849,13.61132,3.479894,0.422787,0.000859,0.394226,0.001166,0.539659,0.001512,0,6.41728,34.200861,-0.013047,3.4,96,2457837.6662,12.404183,12.404221,0.52,-9999999,7.784316,1.959124,0.898242,1.860831,0.742017,0.5,599.9982,14.555506,20.589217,2017-03-25T03:49:38.930,-9999999,G2,196.C-0042(D),Santos,-9999999,HARPS_ech_obs_all,HARPS_ech_obs_wavesimult,STAR_WAVE_G3,5.51765645712883E-06,8.85760054205528E-07,0,0,0
HD111777,193.042944,-56.57702,2457839.6005472,-0.076958,1.512038,3475.285594,1.501077,-8.467282,0.864949,3482.299525,0.699465,12.392184,0.88085,11.621364,13.034087,11.918343,2.770236,0.419609,0.000676,0.395728,0.000926,0.547635,0.001194,0,6.41215,34.220848,-0.016173,3.4,120.4,2457839.60054,11.898659,11.898697,0.222,-9999999,7.787453,-1.331417,1.24021,-0.773522,1.32815,0.51,599.9983,11.632712,13.067704,2017-03-27T02:14:52.860,-9999999,G2,196.C-0042(D),Santos,-9999999,HARPS_ech_obs_all,HARPS_ech_obs_wavesimult,STAR_WAVE_G3,5.67350461534918E-06,6.5916798770114E-07,0,0,0
HD111777,193.042944,-56.57702,2457839.6670537,-0.093185,1.438375,3477.257666,1.459812,-8.361304,0.728613,3484.274113,0.605946,12.84476,0.742514,8.639791,12.184623,13.158423,2.763388,0.41604,0.000629,0.395876,0.000832,0.547034,0.001074,0,6.416542,34.205083,-0.009664,3.4,134.1,2457839.66704,11.800151,11.800196,0.442,-9999999,7.787561,-1.209212,1.24018,-0.771114,1.328112,0.51,599.9982,8.654969,12.223867,2017-03-27T03:50:38.795,-9999999,G2,196.C-0042(D),Santos,-9999999,HARPS_ech_obs_all,HARPS_ech_obs_wavesimult,STAR_WAVE_G3,4.62183276823801E-06,6.79454153947533E-07,0,0,0
HD111777,193.042944,-56.57702,2457844.585165,-1.153986,1.587569,3475.208465,1.542526,-9.3653,0.991074,3481.926921,0.784453,11.632995,1.003737,15.588783,11.283896,9.497653,3.152335,0.420623,0.000764,0.394352,0.001039,0.550452,0.001363,0,6.415517,34.214138,-0.012929,3.4,106.4,2457844.58516,10.358211,10.358232,0.116,-9999999,7.795535,-1.152407,1.240221,-1.077079,1.328164,0.5,599.9982,15.62385,11.309985,2017-04-01T01:52:34.072,-9999999,G2,196.C-0042(D),Santos,-9999999,HARPS_ech_obs_all,HARPS_ech_obs_wavesimult,STAR_WAVE_G3,4.0246280149789E-06,9.32340229405161E-07,0,0,0
HD111777,193.042944,-56.57702,2457844.6824578,-1.436392,1.502094,3475.537996,1.496768,-9.468932,0.847494,3482.260134,0.690248,11.861726,0.860676,-6.053059,9.096735,11.249682,3.430358,0.418989,0.000665,0.387426,0.0009,0.539672,0.001179,0,6.409854,34.229644,-0.014215,3.4,122.8,2457844.68245,10.207867,10.207898,0.935,-9999999,7.795693,-0.973632,1.240178,-1.073555,1.328108,0.51,599.9982,-6.047795,9.147681,2017-04-01T04:12:33.883,-9999999,G2,196.C-0042(D),Santos,-9999999,HARPS_ech_obs_all,HARPS_ech_obs_wavesimult,STAR_WAVE_G3,7.30685797790057E-06,5.91540593464764E-07,0,0,0
HD111777,193.042944,-56.57702,2458260.455042,-2.00787,1.440531,3475.440504,1.334752,-11.038307,0.732519,3482.076596,0.591385,10.121843,0.741131,4.980142,10.348015,13.531694,2.957308,0.418131,0.000587,0.403509,0.000851,0.534299,0.001086,0,6.411701,34.222687,-0.009448,3.4,132.6,2458260.45503,-6.941789,-6.941809,0.791,-9999999,8.469855,-1.971529,1.240381,-1.833763,1.19659,0.53,599.9983,5.013729,10.393699,2018-05-21T22:44:29.980,-9999999,G2,196.C-0042(D),Santos,-9999999,HARPS_ech_obs_all,HARPS_ech_obs_wavesimult,STAR_WAVE_G3,4.612176663585E-06,5.05748845454492E-07,0,0,0
HD111777,193.042944,-56.57702,2458260.6104776,-2.952266,1.523089,3474.324709,1.389419,-11.697091,0.884135,3480.966683,0.70658,9.499784,0.892712,-4.061675,9.998411,12.90163,3.201637,0.417594,0.000674,0.410424,0.000986,0.543474,0.001261,0,6.417392,34.222006,-0.009582,3.4,113.9,2458260.61047,-7.196041,-7.19607,0.913,-9999999,8.470107,-1.685918,1.240204,-1.828133,1.19634,0.52,599.9983,-4.049615,10.03754,2018-05-22T02:28:25.931,-9999999,G2,196.C-0042(D),Santos,-9999999,HARPS_ech_obs_all,HARPS_ech_obs_wavesimult,STAR_WAVE_G3,4.88112399276319E-06,6.54459071153082E-07,0,0,0
HD111777,193.042944,-56.57702,2458261.5642196,-0.606028,1.409939,3476.711391,1.439026,-9.545884,0.670622,3483.743757,0.553819,11.525834,0.678487,13.28599,9.561056,13.405641,3.322056,0.418976,0.000553,0.401345,0.000788,0.541737,0.001006,0,6.41074,34.20559,-0.01247,3.4,142.3,2458261.56422,-7.444257,-7.444287,-0.97,-9999999,8.471653,-1.880949,1.240239,-1.439287,1.328187,0.5,599.9982,13.30643,9.603167,2018-05-23T01:22:03.243,-9999999,G2,196.C-0042(D),Santos,-9999999,HARPS_ech_obs_all,HARPS_ech_obs_wavesimult,STAR_WAVE_G3,6.04049851164091E-06,5.2342623594446E-07,0,0,0
HD111777,193.042944,-56.57702,2458261.6850779,-3.107205,1.487573,3473.993661,1.482894,-11.824985,0.821483,3481.0306,0.659624,9.381371,0.830225,16.385662,10.00598,12.743112,3.034776,0.419095,0.000578,0.403049,0.00086,0.54372,0.001096,0,6.418233,34.209264,-0.009023,3.4,130.4,2458261.68507,-7.63894,-7.638972,-1.377,-9999999,8.471849,-1.658873,1.240177,-1.43491,1.328108,0.5,599.9982,16.348023,10.053853,2018-05-23T04:16:05.663,-9999999,G2,196.C-0042(D),Santos,-9999999,HARPS_ech_obs_all,HARPS_ech_obs_wavesimult,STAR_WAVE_G3,5.47874496717821E-06,7.55791211497221E-07,0,0,0
HD111777,193.042944,-56.57702,2458270.545964,0.748947,2.110716,3476.381861,1.855358,-8.334042,1.707889,3483.43439,1.295459,12.855782,1.713438,1.359318,16.243993,11.854175,3.815084,0.421082,0.00134,0.406011,0.001979,0.539989,0.002497,0,6.416752,34.203797,-0.013217,3.4,58.7,2458270.54595,-10.243691,-10.243725,-0.459,-9999999,8.486217,-2.024082,1.240257,-1.433688,1.32821,0.52,599.9982,1.33135,16.268679,2018-06-01T00:55:56.901,-9999999,G2,196.C-0042(D),Santos,-9999999,HARPS_ech_obs_all,HARPS_ech_obs_wavesimult,STAR_WAVE_G3,7.65520995265157E-06,9.8109220949862E-07,0,0,0
HD111777,193.042944,-56.57702,2458270.7071092,-1.510343,2.014192,3474.839776,1.756232,-10.29723,1.587114,3481.898402,1.149123,10.917799,1.593744,2.84199,12.446269,10.671216,3.829097,0.425984,0.001082,0.409183,0.001636,0.53795,0.00208,0,6.414027,34.221263,-0.00623,3.4,69.5,2458270.70711,-10.480079,-10.480126,-0.237,-9999999,8.486478,-1.72798,1.240177,-1.427852,1.328107,0.45,599.9983,2.808416,12.486804,2018-06-01T04:48:42.325,-9999999,G2,196.C-0042(D),Santos,-9999999,HARPS_ech_obs_all,HARPS_ech_obs_wavesimult,STAR_WAVE_G3,1.05435476015083E-05,8.16812102845878E-07,0,0,0
HD111777,193.042944,-56.57702,2458274.5712938,-1.440407,1.425377,3475.586035,1.551589,-12.215722,1.21795,3481.188742,0.925547,9.047591,1.225074,16.409985,13.197802,11.941357,3.173228,0.419597,0.000911,0.400553,0.001348,0.540284,0.001715,0,6.417803,34.194962,-0.011501,3.4,83.9,2458274.57128,-11.473528,-11.473556,0.371,-9999999,8.492744,-3.716408,0.740472,-2.890037,1.245307,0.47,599.9983,16.423732,13.225746,2018-06-05T01:33:07.971,-9999999,G2,196.C-0042(D),Santos,-9999999,HARPS_ech_obs_all,HARPS_ech_obs_wavesimult,STAR_WAVE_G3,3.91202339707353E-06,1.00029869384499E-06,0,0,0
HD111777,193.042944,-56.57702,2458274.6593675,1.173494,1.635848,3480.397912,1.648004,-9.439987,1.458707,3486.003951,1.07949,11.536516,1.466886,-14.78798,14.599191,15.269323,3.684821,0.418145,0.001025,0.399427,0.001544,0.529088,0.001972,0,6.415999,34.183256,-0.011768,3.4,73.4,2458274.65936,-11.60495,-11.604988,0.277,-9999999,8.492886,-3.554573,0.740387,-2.886847,1.245238,0.42,599.9982,-14.802575,14.626261,2018-06-05T03:40:27.828,-9999999,G2,196.C-0042(D),Santos,-9999999,HARPS_ech_obs_all,HARPS_ech_obs_wavesimult,STAR_WAVE_G3,-9999999,-9999999,-9999999,-9999999,-9999999
