target,ra,dec,BJD,RV_mlc_nzp,e_RV_mlc_nzp,RV_drs_nzp,e_RV_drs_nzp,RV_mlc,e_RV_mlc,RV_drs,e_RV_drs,RV_mlc_j,e_RV_mlc_j,CRX,e_CRX,dLW,e_dLW,Halpha,e_Halpha,NaD1,e_NaD1,NaD2,e_NaD2,f_RV,FWHM_DRS,CONTRAST_DRS,BIS,RVGUESS,SNR_DRS,BJD_DRS,BERV,BERV_DRS,DRIFT,e_DRIFT,SA,NZP_mlc,dNZP_mlc,NZP_drs,dNZP_drs,TMMEAN,EXPTIME,MLCRX,E_MLCRX,TIMEID,DRIFT_LAMP,MASK,PROGID,PROGPI,AIRMASS,OBHAB,THAR_FP,DPR_TYPE,RHKp,dRHKp,sourceflag,vsinflag,metflag
HD133112,225.686515,-3.031795,2458198.7340297,518.04869,9.716352,-28099.560455,3.45146,96.633714,9.637751,-28098.20021,3.178218,96.633714,9.637751,967.241443,1018.35404,52.875644,4.268077,0.569744,0.00041,0.854269,0.000631,0.959768,0.000731,0,49.698646,0.109961,-58.760302,-22,264.9,2458198.73403,20.694011,20.694184,0,-9999999,0,-3.545004,1.23339,1.360245,1.345923,0.52,599.9982,749.041908,87.185964,2018-03-21T05:26:02.301,-9999999,G2,0100.C-0847(A),Hellier,-9999999,HARPS_ech_obs_all,HARPS_ech_obs_objAB,STAR_SKY_G,0.000101898434543326,3.40142935164957E-05,1,1,1
HD133112,225.686515,-3.031795,2458198.7411292,304.724513,6.226576,-28263.739234,3.422487,-116.677424,6.103195,-28262.378778,3.146729,-116.677424,6.103195,412.183651,1089.75568,48.630678,4.54137,0.570054,0.000405,0.855214,0.000624,0.958354,0.000722,0,32.36265,0.054472,31.208784,-22,268.1,2458198.74112,20.676358,20.676532,0,-9999999,0,-3.531965,1.233392,1.360456,1.345925,0.49,599.9983,-1177.98608,246.449405,2018-03-21T05:36:33.656,-9999999,G2,0100.C-0847(A),Hellier,-9999999,HARPS_ech_obs_all,HARPS_ech_obs_objAB,STAR_SKY_G,0.000112570915780249,3.18927263601919E-05,1,1,1
HD133112,225.686515,-3.031795,2458198.9152722,324.282505,7.177254,-30080.936465,3.010376,-96.799594,7.070456,-30079.570839,2.692645,-96.799594,7.070456,2590.095884,1185.925855,53.710223,3.945793,0.570717,0.000339,0.849461,0.000529,0.952794,0.00062,0,50.774855,0.105329,22.377438,-22,310.8,2458198.91527,20.189743,20.189913,0,-9999999,0.000004,-3.212127,1.233545,1.365622,1.346116,0.48,599.9982,-69.870225,172.763202,2018-03-21T09:47:24.593,-9999999,G2,0100.C-0847(A),Hellier,-9999999,HARPS_ech_obs_all,HARPS_ech_obs_objAB,STAR_SKY_G,0.000103549797503919,3.79068446965312E-05,1,1,1
HD133112,225.686515,-3.031795,2458198.9227854,303.293597,7.322057,-29250.266509,2.985193,-117.774703,7.2174,-29248.90066,2.664454,-117.774703,7.2174,1454.881257,843.954311,63.601714,2.889268,0.5702,0.00034,0.866683,0.000545,0.953973,0.000617,0,49.199077,0.111216,15.166779,-22,308.4,2458198.92278,20.170644,20.170811,0,-9999999,0.000004,-3.198328,1.233556,1.365845,1.34613,0.51,599.9982,745.123527,238.693368,2018-03-21T09:57:55.688,-9999999,G2,0100.C-0847(A),Hellier,-9999999,HARPS_ech_obs_all,HARPS_ech_obs_objAB,STAR_SKY_G,0.00011499549627952,3.14153167722992E-05,1,1,1
HD133112,225.686515,-3.031795,2458199.7307663,227.858641,7.041766,-28003.365279,3.888418,-193.617139,6.932908,-28002.005111,3.648053,-193.617139,6.932908,1217.847562,850.001705,50.828626,4.369647,0.570715,0.000478,0.862817,0.000746,0.966679,0.000862,0,44.236236,0.077286,0,-22,225.5,2458199.73076,20.328626,20.328801,0,-9999999,0.000019,-3.605809,1.233389,1.360149,1.345922,0.5,599.9982,-209.498316,192.741812,2018-03-22T05:21:26.525,-9999999,G2,0100.C-0847(A),Hellier,-9999999,HARPS_ech_obs_all,HARPS_ech_obs_objAB,STAR_SKY_G,0.000103893943021175,4.05939940347593E-05,1,1,1
HD133112,225.686515,-3.031795,2458199.7382803,241.953648,8.264288,-27555.307713,3.579128,-179.508332,8.171732,-27553.947322,3.31642,-179.508332,8.171732,1538.093417,849.991002,61.270445,4.942099,0.57104,0.000422,0.864454,0.000661,0.949075,0.000748,0,20.394425,0.02898,0,-22,254.5,2458199.73827,20.309926,20.3101,0,-9999999,0.000019,-3.592008,1.233391,1.360372,1.345924,0.53,599.9983,931.849956,-9999999,2018-03-22T05:31:57.688,-9999999,G2,0100.C-0847(A),Hellier,-9999999,HARPS_ech_obs_all,HARPS_ech_obs_objAB,STAR_SKY_G,9.57760659532422E-05,4.03705332909633E-05,1,1,1
HD133112,225.686515,-3.031795,2458201.7416756,246.975038,6.899852,-25259.734655,3.730666,-174.679119,6.788719,-25258.147435,3.479419,-174.679119,6.788719,1009.485459,941.675463,57.706529,4.861284,0.570544,0.00045,0.863457,0.0007,0.949389,0.000793,0,16.451442,0.023577,16.387197,-22,240.5,2458201.74167,19.537467,19.53765,0,-9999999,0.000058,-3.784186,1.233392,1.587162,1.345925,0.5,599.9982,-475.211628,157.841513,2018-03-24T05:36:57.659,-9999999,G2,0100.C-0847(A),Hellier,-9999999,HARPS_ech_obs_all,HARPS_ech_obs_objAB,STAR_SKY_G,0.00010352017018664,3.78574141856194E-05,1,1,1
HD133112,225.686515,-3.031795,2458201.7490505,227.787977,6.357698,-26698.79426,3.596469,-193.852635,6.236911,-26697.206822,3.335126,-193.852635,6.236911,429.682313,566.178407,51.365686,4.441857,0.57153,0.000429,0.864808,0.000666,0.967018,0.00077,0,266.074669,2.783345,0,-22,253.3,2458201.74904,19.518044,19.518224,0,-9999999,0.000058,-3.770641,1.233394,1.58738,1.345928,0.51,599.9982,-416.522064,139.955532,2018-03-24T05:47:28.813,-9999999,G2,0100.C-0847(A),Hellier,-9999999,HARPS_ech_obs_all,HARPS_ech_obs_objAB,STAR_SKY_G,0.000108023717917773,3.45181082407475E-05,1,1,1
HD133112,225.686515,-3.031795,2458202.7207761,223.336076,8.642045,-26874.90756,3.852484,-198.577752,8.553578,-26873.492997,3.609728,-198.577752,8.553578,640.944295,571.724867,57.862073,4.60368,0.572143,0.000475,0.872695,0.000748,0.959145,0.000847,0,6.381512,0.039446,13.877583,-22,227.2,2458202.72077,19.201041,19.201242,0,-9999999,0.000077,-4.043857,1.233388,1.414486,1.34592,0.51,599.9982,-33.451406,198.345044,2018-03-25T05:06:40.542,-9999999,G2,0100.C-0847(A),Hellier,-9999999,HARPS_ech_obs_all,HARPS_ech_obs_objAB,STAR_SKY_G,0.000105433318490997,3.8081003787674E-05,1,1,1
HD133112,225.686515,-3.031795,2458202.7280829,193.330258,7.837019,-22491.318481,3.702675,-228.570151,7.739355,-22489.903701,3.449391,-228.570151,7.739355,1104.511051,750.974635,55.184558,4.695816,0.571449,0.000447,0.873493,0.000705,0.958302,0.000797,0,1.243567,0.042883,226.386419,-22,241.1,2458202.72807,19.182885,19.183087,0,-9999999,0.000077,-4.030437,1.233389,1.414703,1.345921,0.51,599.9982,-5.642546,-9999999,2018-03-25T05:17:11.806,-9999999,G2,0100.C-0847(A),Hellier,-9999999,HARPS_ech_obs_all,HARPS_ech_obs_objAB,STAR_SKY_G,0.000105109452777032,3.8406004065697E-05,1,1,1
HD133112,225.686515,-3.031795,2458202.9012299,183.026745,6.574306,-28453.030362,3.568361,-238.555655,6.457547,-28451.610442,3.30473,-238.555655,6.457547,924.735877,751.963258,55.928921,4.569773,0.571205,0.000426,0.868034,0.000682,0.967949,0.000786,0,56.460224,0.076174,0,-22,247.7,2458202.90122,18.695422,18.695615,0,-9999999,0.000081,-3.712429,1.233525,1.419839,1.346091,0.59,599.9982,127.911923,-9999999,2018-03-25T09:25:42.761,-9999999,G2,0100.C-0847(A),Hellier,-9999999,HARPS_ech_obs_all,HARPS_ech_obs_objAB,STAR_SKY_G,0.000112060927222044,3.21107121568934E-05,1,1,1
HD133112,225.686515,-3.031795,2458202.9079105,169.373002,7.225155,-36306.610618,3.184661,-252.197128,7.119077,-36305.190499,2.886187,-252.197128,7.119077,263.916938,294.589163,59.343302,4.355166,0.570741,0.00037,0.868269,0.000591,0.968572,0.000682,0,8.226323,0.024631,0,-22,285.8,2458202.9079,18.67809,18.678277,0,-9999999,0.000081,-3.700159,1.233534,1.420038,1.346102,0.5,599.9983,-251.743496,-9999999,2018-03-25T09:36:13.935,-9999999,G2,0100.C-0847(A),Hellier,-9999999,HARPS_ech_obs_all,HARPS_ech_obs_objAB,STAR_SKY_G,0.000104533072765192,3.78922406903377E-05,1,1,1
HD133112,225.686515,-3.031795,2458203.7089695,233.854704,6.574489,-28094.975593,3.67784,-187.788471,6.482861,-28093.709323,3.42272,-187.788471,6.482861,198.825519,612.356761,48.134785,4.436832,0.571849,0.000452,0.863224,0.000705,0.964726,0.000815,0,28.287852,0.054618,3.449561,-22,239.2,2458203.70897,18.835872,18.83606,0,-9999999,0.000096,-3.773203,1.093807,1.266174,1.345918,0.5,599.9982,-573.324934,151.111071,2018-03-26T04:49:41.102,-9999999,G2,0100.C-0847(A),Hellier,-9999999,HARPS_ech_obs_all,HARPS_ech_obs_objAB,STAR_SKY_G,0.000100005250662817,3.73823150626975E-05,1,1,1
HD133112,225.686515,-3.031795,2458203.7162812,234.381192,6.788649,-28313.824532,3.715606,-187.248554,6.699951,-28312.558044,3.463269,-187.248554,6.699951,1436.635168,1136.775511,51.727234,4.553839,0.571787,0.000456,0.865372,0.000712,0.965106,0.000821,0,28.570182,0.060161,1657.469235,-22,237.4,2458203.71627,18.818309,18.818509,0,-9999999,0.000097,-3.759774,1.093807,1.266391,1.345919,0.5,599.9983,-469.365302,157.91523,2018-03-26T05:00:12.796,-9999999,G2,0100.C-0847(A),Hellier,-9999999,HARPS_ech_obs_all,HARPS_ech_obs_objAB,STAR_SKY_G,0.000108939697525422,3.03554557724283E-05,1,1,1
HD133112,225.686515,-3.031795,2458203.8943522,245.130369,7.991213,-28300.15572,3.569302,-176.172325,7.915981,-28298.883947,3.305751,-176.172325,7.915981,1353.972064,929.629028,51.780153,4.283166,0.572729,0.000423,0.858784,0.000658,0.96042,0.00077,0,26.824559,0.067562,-46.792984,-22,252.5,2458203.89435,18.318516,18.318693,0,-9999999,0.0001,-3.432722,1.093952,1.271673,1.346079,0.51,599.9982,1997.943888,-9999999,2018-03-26T09:16:31.177,-9999999,G2,0100.C-0847(A),Hellier,-9999999,HARPS_ech_obs_all,HARPS_ech_obs_objAB,STAR_SKY_G,0.000104069167013131,3.96836952043764E-05,1,1,1
HD133112,225.686515,-3.031795,2458203.901513,230.748577,6.101853,-27620.764782,3.49341,-190.540965,6.002987,-27619.492797,3.223655,-190.540965,6.002987,860.80319,960.201212,47.442121,4.77192,0.57121,0.000413,0.859416,0.000647,0.961348,0.000756,0,13.602249,0.037571,14.840773,-22,257.2,2458203.9015,18.299681,18.29987,0,-9999999,0.0001,-3.419571,1.093963,1.271885,1.346091,0.49,599.9982,-712.577131,185.819651,2018-03-26T09:27:01.830,-9999999,G2,0100.C-0847(A),Hellier,-9999999,HARPS_ech_obs_all,HARPS_ech_obs_objAB,STAR_SKY_G,0.000106888761990788,3.71436887015039E-05,1,1,1
HD133112,225.686515,-3.031795,2458204.658461,253.381282,7.122055,-28695.098068,4.491744,-170.94079,7.040049,-28696.573769,4.285353,-170.94079,7.040049,-394.00083,162.874926,27.681677,4.452157,0.572537,0.000622,0.873246,0.000971,0.954919,0.001096,0,19.501179,0.038397,2.597417,-22,175.8,2458204.65846,18.544581,18.544768,0,-9999999,0.000115,-6.4521,1.077674,-1.475816,1.345925,0.49,599.9982,-564.185818,211.692602,2018-03-27T03:36:58.139,-9999999,G2,0100.C-0847(A),Hellier,-9999999,HARPS_ech_obs_all,HARPS_ech_obs_objAB,STAR_SKY_G,0.000101995570686858,3.73899834060304E-05,1,1,1
HD133112,225.686515,-3.031795,2458204.6660438,297.665049,8.383048,-26798.759831,4.649162,-126.643096,8.31349,-26800.235307,4.450079,-126.643096,8.31349,-249.432831,158.109821,30.288433,4.318538,0.572302,0.00065,0.874885,0.00102,0.956126,0.001151,0,17.134637,0.05382,2.161391,-22,167.3,2458204.66604,18.530555,18.53074,0,-9999999,0.000115,-6.438173,1.077672,-1.475591,1.345923,0.53,599.9983,-273.258712,167.405555,2018-03-27T03:47:29.250,-9999999,G2,0100.C-0847(A),Hellier,-9999999,HARPS_ech_obs_all,HARPS_ech_obs_objAB,STAR_SKY_G,0.000104437370328577,3.93081015743336E-05,1,1,1
HD133112,225.686515,-3.031795,2458204.6732784,264.489233,6.651113,-26571.368966,4.329932,-159.805625,6.563226,-26572.844227,4.115435,-159.805625,6.563226,-488.981486,149.831459,26.309209,4.252745,0.570697,0.00058,0.874583,0.000908,0.955785,0.001025,0,22.061845,0.043312,2.689517,-22,188,2458204.67328,18.516476,18.516673,0,-9999999,0.000115,-6.424886,1.07767,-1.475376,1.345921,0.52,599.9983,-713.817735,206.486762,2018-03-27T03:58:00.287,-9999999,G2,0100.C-0847(A),Hellier,-9999999,HARPS_ech_obs_all,HARPS_ech_obs_objAB,STAR_SKY_G,8.71024393825194E-05,3.90516242328644E-05,1,1,1
HD133112,225.686515,-3.031795,2458204.6803756,271.358,7.351221,-28022.063378,4.296717,-152.923823,7.2718,-28023.538429,4.080475,-152.923823,7.2718,334.249298,605.780965,26.392763,3.790574,0.571403,0.000568,0.873147,0.00089,0.956294,0.001006,0,2.056481,0.04676,2.072192,-22,191.4,2458204.68037,18.502024,18.502219,0,-9999999,0.000115,-6.411851,1.077669,-1.475166,1.34592,0.49,599.9983,-741.214642,150.386464,2018-03-27T04:08:31.443,-9999999,G2,0100.C-0847(A),Hellier,-9999999,HARPS_ech_obs_all,HARPS_ech_obs_objAB,STAR_SKY_G,9.80211994932058E-05,3.77507250503503E-05,1,1,1
HD133112,225.686515,-3.031795,2458204.6876768,292.990296,8.198162,-32356.27761,4.237938,-131.278117,8.127022,-32357.752444,4.018535,-131.278117,8.127022,296.691555,390.720809,30.362953,4.597104,0.571453,0.000553,0.872833,0.000866,0.957245,0.00098,0,2.981546,0.04076,7.310859,-22,196.5,2458204.68767,18.486521,18.486705,0,-9999999,0.000115,-6.398441,1.077668,-1.474949,1.345919,0.49,599.9983,-70.527757,144.126723,2018-03-27T04:19:02.229,-9999999,G2,0100.C-0847(A),Hellier,-9999999,HARPS_ech_obs_all,HARPS_ech_obs_objAB,STAR_SKY_G,9.90246270023633E-05,3.79321374845367E-05,1,1,1
HD133112,225.686515,-3.031795,2458204.6949811,242.726255,6.684401,-26348.300961,4.393436,-181.528743,6.596958,-26349.775577,4.182199,-181.528743,6.596958,-224.78864,285.498672,20.41746,4.586873,0.57308,0.000582,0.871873,0.000905,0.959126,0.001026,0,31.770557,0.066976,4.074726,-22,188,2458204.69498,18.470392,18.470592,0,-9999999,0.000116,-6.385026,1.077667,-1.474732,1.345918,0.49,599.9983,787.735451,-9999999,2018-03-27T04:29:33.285,-9999999,G2,0100.C-0847(A),Hellier,-9999999,HARPS_ech_obs_all,HARPS_ech_obs_objAB,STAR_SKY_G,0.000107097266847305,3.71530930451102E-05,1,1,1
HD133112,225.686515,-3.031795,2458204.7024232,247.698839,7.153163,-20779.973605,4.18333,-176.54249,7.071519,-20781.448001,3.960903,-176.54249,7.071519,770.748907,790.023278,28.403703,4.327451,0.570878,0.000536,0.872117,0.000841,0.957781,0.000952,0,5.76039,0.038675,17.002987,-22,202.2,2458204.70242,18.453351,18.453545,0,-9999999,0.000116,-6.371358,1.077667,-1.474512,1.345918,0.51,599.9982,-229.41412,122.510453,2018-03-27T04:40:04.240,-9999999,G2,0100.C-0847(A),Hellier,-9999999,HARPS_ech_obs_all,HARPS_ech_obs_objAB,STAR_SKY_G,0.000101496468110209,3.40686709642349E-05,1,1,1
HD133112,225.686515,-3.031795,2458204.7096577,256.139342,6.794606,-21977.920651,3.947782,-168.0887,6.708599,-21979.394832,3.711265,-168.0887,6.708599,120.158866,423.791821,29.00237,4.667381,0.571879,0.000498,0.873304,0.000782,0.958118,0.000884,0,9.356457,0.014027,-7.156293,-22,217.6,2458204.70965,18.436227,18.436414,0,-9999999,0.000116,-6.358071,1.077667,-1.474297,1.345918,0.5,599.9983,-193.096284,119.00979,2018-03-27T04:50:35.265,-9999999,G2,0100.C-0847(A),Hellier,-9999999,HARPS_ech_obs_all,HARPS_ech_obs_objAB,STAR_SKY_G,0.000111811033396284,3.70824631783546E-05,1,1,1
HD133112,225.686515,-3.031795,2458204.7169613,252.864024,6.131021,-27126.062547,4.036598,-171.350604,6.035565,-27127.536511,3.805604,-171.350604,6.035565,-11.107593,552.90725,21.958144,4.111494,0.570913,0.000506,0.872073,0.000795,0.959009,0.0009,0,42.21322,0.07862,10.119171,-22,213.9,2458204.71696,18.41841,18.41859,0,-9999999,0.000116,-6.344656,1.077668,-1.47408,1.345919,0.5,599.9983,683.517954,109.430702,2018-03-27T05:01:06.261,-9999999,G2,0100.C-0847(A),Hellier,-9999999,HARPS_ech_obs_all,HARPS_ech_obs_objAB,STAR_SKY_G,0.000104773858638093,4.01612319819786E-05,1,1,1
HD133112,225.686515,-3.031795,2458204.7241953,236.214076,6.687901,-29677.196379,4.129557,-187.987266,6.600504,-29678.670129,3.904067,-187.987266,6.600504,-166.468603,104.553212,23.786744,5.000787,0.571491,0.000521,0.872829,0.00082,0.958768,0.000928,0,12.551551,0.032653,0,-22,207.4,2458204.72419,18.400272,18.400468,0,-9999999,0.000116,-6.33137,1.077669,-1.473866,1.34592,0.49,599.9983,-173.125744,107.21317,2018-03-27T05:11:37.236,-9999999,G2,0100.C-0847(A),Hellier,-9999999,HARPS_ech_obs_all,HARPS_ech_obs_objAB,STAR_SKY_G,0.000103251111094236,3.87150864292512E-05,1,1,1
HD133112,225.686515,-3.031795,2458204.7317074,235.646445,6.812443,-27355.622343,3.966616,-188.5411,6.726664,-27357.09587,3.731291,-188.5411,6.726664,372.248449,655.249662,25.067337,4.521895,0.570743,0.000488,0.872586,0.000769,0.95941,0.000872,0,43.948984,0.080106,14.270871,-22,220.8,2458204.7317,18.380951,18.381141,0,-9999999,0.000116,-6.317573,1.077671,-1.473643,1.345922,0.52,599.9983,829.182112,-9999999,2018-03-27T05:22:08.240,-9999999,G2,0100.C-0847(A),Hellier,-9999999,HARPS_ech_obs_all,HARPS_ech_obs_objAB,STAR_SKY_G,0.000100820038108966,3.55254374370081E-05,1,1,1
HD133112,225.686515,-3.031795,2458204.7387333,253.169313,6.073954,-27476.024634,3.863367,-171.005328,5.977586,-27477.497952,3.621338,-171.005328,5.977586,-212.471767,103.145062,23.369789,4.143685,0.571205,0.00047,0.871532,0.000739,0.960809,0.000838,0,22.489295,0.050853,0.239725,-22,229.7,2458204.73873,18.362466,18.362647,0,-9999999,0.000116,-6.304669,1.077673,-1.473434,1.345924,0.48,599.9982,1958.647028,-9999999,2018-03-27T05:32:39.243,-9999999,G2,0100.C-0847(A),Hellier,-9999999,HARPS_ech_obs_all,HARPS_ech_obs_objAB,STAR_SKY_G,0.000108630731975965,3.39027599685895E-05,1,1,1
HD133112,225.686515,-3.031795,2458204.7461078,233.865495,6.156181,-27871.87492,4.050228,-190.295601,6.06112,-27873.348019,3.820056,-190.295601,6.06112,79.552174,432.63211,22.508039,4.029885,0.570817,0.000501,0.874284,0.000791,0.959209,0.000895,0,25.589629,0.061706,730.682858,-22,214.8,2458204.7461,18.342667,18.342871,0,-9999999,0.000117,-6.291125,1.077675,-1.473216,1.345927,0.49,599.9983,655.797541,41.801462,2018-03-27T05:43:10.359,-9999999,G2,0100.C-0847(A),Hellier,-9999999,HARPS_ech_obs_all,HARPS_ech_obs_objAB,STAR_SKY_G,0.000114373549183141,3.45482379613466E-05,1,1,1
HD133112,225.686515,-3.031795,2458204.7535497,239.016556,5.793768,-31992.137755,3.896071,-185.130872,5.692658,-31993.610633,3.656206,-185.130872,5.692658,-295.082633,99.91608,17.617288,3.776126,0.570781,0.000473,0.874828,0.000749,0.961455,0.000848,0,14.044953,0.022978,11.850719,-22,227.1,2458204.75355,18.322311,18.322507,0,-9999999,0.000117,-6.277457,1.077678,-1.472995,1.34593,0.51,599.9983,-338.432573,105.828885,2018-03-27T05:53:41.304,-9999999,G2,0100.C-0847(A),Hellier,-9999999,HARPS_ech_obs_all,HARPS_ech_obs_objAB,STAR_SKY_G,0.000108725383180751,3.54654447420558E-05,1,1,1
HD133112,225.686515,-3.031795,2458204.7607834,237.216807,6.568074,-26922.605877,3.920874,-186.917336,6.479058,-26924.07854,3.682623,-186.917336,6.479058,-404.524532,80.428358,20.010546,4.146524,0.572167,0.000475,0.873531,0.00075,0.960567,0.00085,0,40.536606,0.051974,-126.688674,-22,226.3,2458204.76078,18.3022,18.302386,0,-9999999,0.000117,-6.264171,1.077682,-1.47278,1.345934,0.5,599.9983,453.627569,-9999999,2018-03-27T06:04:12.257,-9999999,G2,0100.C-0847(A),Hellier,-9999999,HARPS_ech_obs_all,HARPS_ech_obs_objAB,STAR_SKY_G,0.00011173758138424,3.82435846798323E-05,1,1,1
HD133112,225.686515,-3.031795,2458204.7680174,227.352048,6.093748,-27987.812063,4.006915,-196.768808,5.997696,-27989.284512,3.774098,-196.768808,5.997696,378.366837,639.099452,22.029156,4.393259,0.57192,0.00049,0.86128,0.00076,0.96044,0.000888,0,323.445971,3.323155,0,-22,219,2458204.76801,18.281804,18.28198,0,-9999999,0.000117,-6.250885,1.077685,-1.472566,1.345938,0.49,599.9983,628.99232,-9999999,2018-03-27T06:14:43.240,-9999999,G2,0100.C-0847(A),Hellier,-9999999,HARPS_ech_obs_all,HARPS_ech_obs_objAB,STAR_SKY_G,-9999999,-9999999,-9999999,-9999999,-9999999
HD133112,225.686515,-3.031795,2458204.7754598,249.801839,7.352605,-29579.445259,4.176406,-174.305348,7.273196,-29580.917487,3.953581,-174.305348,7.273196,59.982872,486.046359,24.069371,4.517213,0.57161,0.000518,0.86067,0.000805,0.960969,0.000941,0,99.185263,0.293173,204.883106,-22,206.7,2458204.77546,18.260561,18.260758,0,-9999999,0.000117,-6.237216,1.077689,-1.472345,1.345942,0.51,599.9983,376.432694,-9999999,2018-03-27T06:25:14.223,-9999999,G2,0100.C-0847(A),Hellier,-9999999,HARPS_ech_obs_all,HARPS_ech_obs_objAB,STAR_SKY_G,9.91558288510093E-05,3.76916264373598E-05,1,1,1
HD133112,225.686515,-3.031795,2458204.7826257,220.026468,5.446698,-38031.412969,4.079342,-204.067558,5.339016,-38032.884984,3.850904,-204.067558,5.339016,383.5574,692.665129,18.234995,4.3057,0.573009,0.000499,0.860262,0.000775,0.961969,0.000906,0,1.092702,0.036254,0,-22,214.6,2458204.78262,18.239897,18.240088,0,-9999999,0.000117,-6.224055,1.077694,-1.472132,1.345947,0.49,599.9983,-289.932993,105.577333,2018-03-27T06:35:45.316,-9999999,G2,0100.C-0847(A),Hellier,-9999999,HARPS_ech_obs_all,HARPS_ech_obs_objAB,STAR_SKY_G,0.000103465100426288,3.92989339717779E-05,1,1,1
HD133112,225.686515,-3.031795,2458204.7897893,177.24133,6.802149,-28215.752368,4.430571,-246.839539,6.716234,-28217.224171,4.221181,-246.839539,6.716234,43.577957,283.65832,19.223703,4.743342,0.571543,0.000558,0.860372,0.000868,0.962511,0.001015,0,91.734945,0.209974,-14.359307,-22,191.6,2458204.78979,18.219069,18.219248,0,-9999999,0.000117,-6.210898,1.077699,-1.47192,1.345952,0.47,599.9982,591.933708,-9999999,2018-03-27T06:46:16.213,-9999999,G2,0100.C-0847(A),Hellier,-9999999,HARPS_ech_obs_all,HARPS_ech_obs_objAB,STAR_SKY_G,0.000113100728533362,3.49311385624213E-05,1,1,1
HD133112,225.686515,-3.031795,2458204.7973711,196.30401,6.924787,-28644.546365,4.379544,-227.762934,6.840411,-28646.017942,4.167589,-227.762934,6.840411,263.46263,444.271974,21.951929,4.345755,0.570925,0.000549,0.860928,0.000856,0.961837,0.001,0,53.020117,0.120603,-1562797.79147,-22,194.3,2458204.79737,18.196882,18.197055,0,-9999999,0.000118,-6.196973,1.077704,-1.471695,1.345958,0.51,599.9983,550.085286,-9999999,2018-03-27T06:56:47.240,-9999999,G2,0100.C-0847(A),Hellier,-9999999,HARPS_ech_obs_all,HARPS_ech_obs_objAB,STAR_SKY_G,0.000104801611290085,3.4901342835217E-05,1,1,1
HD133112,225.686515,-3.031795,2458204.8046863,204.066339,6.641872,-28700.547852,4.09886,-219.98717,6.553854,-28702.019212,3.871567,-219.98717,6.553854,-201.753573,80.348842,18.780838,4.156475,0.571713,0.000501,0.860116,0.000781,0.96483,0.000914,0,413.399389,5.016838,0,-22,212.9,2458204.80468,18.175374,18.175568,0,-9999999,0.000118,-6.183537,1.07771,-1.471478,1.345965,0.51,599.9982,486.627981,-9999999,2018-03-27T07:07:19.234,-9999999,G2,0100.C-0847(A),Hellier,-9999999,HARPS_ech_obs_all,HARPS_ech_obs_objAB,STAR_SKY_G,9.42265856155137E-05,4.19183533073212E-05,1,1,1
HD133112,225.686515,-3.031795,2458204.8117145,227.562584,7.727026,-24244.150995,4.368832,-196.478017,7.6515,-24245.622146,4.156327,-196.478017,7.6515,1163.371345,857.148394,26.072966,4.559059,0.571038,0.000545,0.862451,0.000859,0.961658,0.000992,0,5.517547,0.036866,15.079667,-22,196,2458204.81171,18.154655,18.154845,0,-9999999,0.000118,-6.170629,1.077716,-1.471269,1.345971,0.47,599.9983,1545.261571,-9999999,2018-03-27T07:17:50.438,-9999999,G2,0100.C-0847(A),Hellier,-9999999,HARPS_ech_obs_all,HARPS_ech_obs_objAB,STAR_SKY_G,0.000106827443961282,3.79972388832266E-05,1,1,1
HD133112,225.686515,-3.031795,2458204.8192936,192.564554,6.780778,-28434.425382,4.383248,-231.462127,6.694585,-28435.896309,4.171475,-231.462127,6.694585,-167.90972,223.724981,21.299991,4.766052,0.571563,0.000544,0.862864,0.000848,0.965425,0.000992,0,26.887429,0.053768,13.356632,-22,196.2,2458204.81929,18.132292,18.132468,0,-9999999,0.000118,-6.156709,1.077723,-1.471045,1.345979,0.51,599.9983,468.412589,-9999999,2018-03-27T07:28:21.231,-9999999,G2,0100.C-0847(A),Hellier,-9999999,HARPS_ech_obs_all,HARPS_ech_obs_objAB,STAR_SKY_G,9.92613146955706E-05,3.58282252371319E-05,1,1,1
HD133112,225.686515,-3.031795,2458204.8265973,188.220645,7.557276,-25713.628326,4.400832,-235.792621,7.480035,-25715.099036,4.189945,-235.792621,7.480035,-157.553458,76.2019,21.203233,4.860845,0.571565,0.000553,0.863396,0.000875,0.965028,0.001011,0,24.73337,0.057237,-11.766812,-22,192.7,2458204.82659,18.110761,18.110959,0,-9999999,0.000118,-6.143295,1.07773,-1.470828,1.345986,0.51,599.9983,169.422551,-9999999,2018-03-27T07:38:52.235,-9999999,G2,0100.C-0847(A),Hellier,-9999999,HARPS_ech_obs_all,HARPS_ech_obs_objAB,STAR_SKY_G,0.000116441455100848,3.72658909336119E-05,1,1,1
HD133112,225.686515,-3.031795,2458204.8337622,183.488201,7.077559,-32753.701561,4.4579,-240.511906,6.995021,-32755.172058,4.249844,-240.511906,6.995021,-98.26963,88.95448,22.542381,4.484745,0.571335,0.00056,0.863254,0.000886,0.963412,0.001024,0,7.740249,0.024393,46.496784,-22,190,2458204.83376,18.089698,18.089887,0,-9999999,0.000118,-6.130135,1.077737,-1.470615,1.345994,0.49,599.9983,387.921519,-9999999,2018-03-27T07:49:23.242,-9999999,G2,0100.C-0847(A),Hellier,-9999999,HARPS_ech_obs_all,HARPS_ech_obs_objAB,STAR_SKY_G,0.000111087588554704,3.15488907694481E-05,1,1,1
HD133112,225.686515,-3.031795,2458204.8412162,174.412244,8.322381,-30188.287476,5.067714,-249.574173,8.252302,-30189.757752,4.885694,-249.574173,8.252302,446.590423,545.319314,21.649911,4.433864,0.570049,0.000685,0.863221,0.001084,0.965149,0.001253,0,2.884682,0.039801,0,-22,155.5,2458204.84121,18.067887,18.068068,0,-9999999,0.000118,-6.116445,1.077745,-1.470394,1.346003,0.51,599.9983,370.332563,-9999999,2018-03-27T07:59:55.226,-9999999,G2,0100.C-0847(A),Hellier,-9999999,HARPS_ech_obs_all,HARPS_ech_obs_objAB,STAR_SKY_G,0.000114698791551861,3.30757021755285E-05,1,1,1
HD133112,225.686515,-3.031795,2458204.8486591,179.83781,6.816706,-27865.807625,4.845987,-244.134937,6.730968,-27867.27768,4.655302,-244.134937,6.730968,385.152731,350.557529,18.790591,4.663271,0.571948,0.000641,0.864876,0.001013,0.963281,0.001168,0,7.634296,0.039846,11.767233,-22,166.7,2458204.84866,18.046252,18.046427,0,-9999999,0.000119,-6.102775,1.077754,-1.470174,1.346012,0.53,599.9982,-1.737991,84.813388,2018-03-27T08:10:26.259,-9999999,G2,0100.C-0847(A),Hellier,-9999999,HARPS_ech_obs_all,HARPS_ech_obs_objAB,STAR_SKY_G,0.00010829212335932,4.07456661716288E-05,1,1,1
HD133112,225.686515,-3.031795,2458204.8555458,166.178001,8.116101,-24312.904104,4.750952,-257.782098,8.044223,-24314.373954,4.556289,-257.782098,8.044223,23.02399,161.027913,28.855023,4.491565,0.571405,0.00062,0.863245,0.000983,0.965388,0.001136,0,25.072324,0.03709,0,-22,171.6,2458204.85554,18.026398,18.02659,0,-9999999,0.000119,-6.090127,1.077762,-1.469969,1.346021,0.47,599.9983,489.710321,-9999999,2018-03-27T08:20:57.234,-9999999,G2,0100.C-0847(A),Hellier,-9999999,HARPS_ech_obs_all,HARPS_ech_obs_objAB,STAR_SKY_G,0.000110252170741608,4.11491558077164E-05,1,1,1
HD133112,225.686515,-3.031795,2458204.8632724,163.423951,8.38394,-28634.244793,4.501148,-260.521957,8.314377,-28635.714414,4.295175,-260.521957,8.314377,444.722712,270.436722,24.915407,4.409267,0.571464,0.00057,0.865091,0.000909,0.966371,0.00105,0,16.973375,0.048537,31.801646,-22,185.6,2458204.86326,18.004351,18.004555,0,-9999999,0.000119,-6.075936,1.077771,-1.46974,1.346032,0.53,599.9983,305.582373,-9999999,2018-03-27T08:31:28.769,-9999999,G2,0100.C-0847(A),Hellier,-9999999,HARPS_ech_obs_all,HARPS_ech_obs_objAB,STAR_SKY_G,0.000111994508442722,3.57919617154043E-05,1,1,1
HD133112,225.686515,-3.031795,2458204.8703038,150.195383,7.043758,-32852.236587,4.410675,-273.73761,6.960813,-32853.705999,4.200265,-273.73761,6.960813,797.525593,667.742764,28.19549,4.318653,0.572096,0.000559,0.866566,0.000895,0.967406,0.001033,0,6.087457,0.033935,81.008492,-22,188.6,2458204.8703,17.984534,17.984711,0,-9999999,0.000119,-6.063022,1.077781,-1.469531,1.346042,0.49,599.9982,555.379872,-9999999,2018-03-27T08:42:00.242,-9999999,G2,0100.C-0847(A),Hellier,-9999999,HARPS_ech_obs_all,HARPS_ech_obs_objAB,STAR_SKY_G,9.69036648080338E-05,3.6524567966202E-05,1,1,1
HD133112,225.686515,-3.031795,2458204.8778851,143.43268,7.520397,-30284.014745,4.526614,-280.486389,7.442764,-30285.483933,4.321849,-280.486389,7.442764,136.146675,79.501001,22.599992,4.642334,0.571726,0.000582,0.867183,0.000929,0.968273,0.001073,0,22.419189,0.021026,0,-22,181.9,2458204.87788,17.96347,17.963641,0,-9999999,0.000119,-6.049098,1.077791,-1.469307,1.346053,0.53,599.9983,497.231536,-9999999,2018-03-27T08:52:31.235,-9999999,G2,0100.C-0847(A),Hellier,-9999999,HARPS_ech_obs_all,HARPS_ech_obs_objAB,STAR_SKY_G,0.000119723748103563,3.57854296592585E-05,1,1,1
HD133112,225.686515,-3.031795,2458204.8850501,138.55187,6.454241,-27797.52133,3.906226,-285.35404,6.363613,-27798.990305,3.666976,-285.35404,6.363613,166.280758,59.743828,27.449807,4.278889,0.572156,0.000474,0.867421,0.00076,0.967047,0.000876,0,55.004109,0.13866,27.677502,-22,222.2,2458204.88505,17.943888,17.944079,0,-9999999,0.000119,-6.035938,1.077801,-1.469094,1.346064,0.51,599.9983,428.005084,-9999999,2018-03-27T09:03:02.252,-9999999,G2,0100.C-0847(A),Hellier,-9999999,HARPS_ech_obs_all,HARPS_ech_obs_objAB,STAR_SKY_G,0.000110317141287772,3.43780819171646E-05,1,1,1
HD133112,225.686515,-3.031795,2458204.8921577,140.870949,6.479836,-27434.694106,3.940399,-283.021907,6.389569,-27436.16287,3.703353,-283.021907,6.389569,191.795533,59.87471,24.205417,4.352626,0.572138,0.000484,0.868127,0.000775,0.967832,0.000893,0,41.868304,0.084095,0,-22,218.3,2458204.89215,17.92481,17.924993,0,-9999999,0.000119,-6.022884,1.077812,-1.468883,1.346075,0.48,599.9983,464.186381,-9999999,2018-03-27T09:13:34.305,-9999999,G2,0100.C-0847(A),Hellier,-9999999,HARPS_ech_obs_all,HARPS_ech_obs_objAB,STAR_SKY_G,0.000101110495894561,3.92841682503747E-05,1,1,1
HD133112,225.686515,-3.031795,2458204.8994093,126.877279,7.094881,-16920.665636,4.277894,-297.002258,7.012534,-16922.134184,4.060594,-297.002258,7.012534,66.498391,75.79717,26.791879,4.365669,0.572688,0.000543,0.868427,0.000873,0.96884,0.001007,0,1.164953,0.03864,0,-22,193.7,2458204.8994,17.905734,17.905925,0,-9999999,0.00012,-6.009566,1.077823,-1.468668,1.346088,0.47,599.9983,827.301235,-9999999,2018-03-27T09:24:06.810,-9999999,G2,0100.C-0847(A),Hellier,-9999999,HARPS_ech_obs_all,HARPS_ech_obs_objAB,STAR_SKY_G,0.0001108682426076,3.51789531406831E-05,1,1,1
HD133112,225.686515,-3.031795,2458204.9070533,122.710427,8.258992,-33819.462807,4.652643,-301.155071,8.188359,-33820.931128,4.453661,-301.155071,8.188359,241.555804,97.918109,26.876241,4.861419,0.570983,0.000616,0.86864,0.000989,0.969291,0.001141,0,3.670323,0.027696,0,-22,171,2458204.90705,17.886089,17.886257,0,-9999999,0.00012,-5.995526,1.077835,-1.468441,1.346101,0.52,599.9982,379.095384,-9999999,2018-03-27T09:34:37.213,-9999999,G2,0100.C-0847(A),Hellier,-9999999,HARPS_ech_obs_all,HARPS_ech_obs_objAB,STAR_SKY_G,9.81118249965514E-05,4.15015187951647E-05,1,1,1
HD133112,225.686515,-3.031795,2458204.9143572,124.869036,6.878579,-27911.942533,4.277827,-298.983047,6.793607,-27913.410638,4.060515,-298.983047,6.793607,720.652011,676.06713,27.540445,4.810125,0.572374,0.000549,0.871583,0.000887,0.969287,0.001021,0,50.51175,0.09662,-192.34212,-22,191.1,2458204.91435,17.867797,17.867983,0,-9999999,0.00012,-5.982112,1.077847,-1.468225,1.346114,0.52,599.9983,147.403209,93.849037,2018-03-27T09:45:08.228,-9999999,G2,0100.C-0847(A),Hellier,-9999999,HARPS_ech_obs_all,HARPS_ech_obs_objAB,STAR_SKY_G,0.000103939232196228,3.53216007136913E-05,1,1,1
HD133112,225.686515,-3.031795,2458204.9215917,112.953148,7.965226,-31471.629685,4.533097,-310.885648,7.891961,-31473.097575,4.328615,-310.885648,7.891961,562.733865,309.065621,29.401475,4.479152,0.572221,0.000598,0.869863,0.000966,0.96903,0.001114,0,11.189731,0.034982,-122.204473,-22,175.1,2458204.92159,17.850172,17.850353,0,-9999999,0.00012,-5.968825,1.077859,-1.46801,1.346127,0.51,599.9982,749.066313,-9999999,2018-03-27T09:55:39.253,-9999999,G2,0100.C-0847(A),Hellier,-9999999,HARPS_ech_obs_all,HARPS_ech_obs_objAB,STAR_SKY_G,0.000113007221047057,3.75793441456306E-05,1,1,1
HD133112,225.686515,-3.031795,2458204.9288954,113.614965,7.804399,-22302.800939,4.468076,-310.210417,7.729608,-22304.268612,4.26047,-310.210417,7.729608,1461.030617,799.274266,34.129036,4.785211,0.571559,0.000606,0.872935,0.000977,0.972524,0.001126,0,1.373099,0.049401,0,-22,173.7,2458204.92889,17.832909,17.833083,0,-9999999,0.00012,-5.95541,1.077872,-1.467793,1.346141,0.51,599.9982,1601.600688,-9999999,2018-03-27T10:06:10.256,-9999999,G2,0100.C-0847(A),Hellier,-9999999,HARPS_ech_obs_all,HARPS_ech_obs_objAB,STAR_SKY_G,0.000104739202723734,3.78209270738262E-05,1,1,1
HD133112,225.686515,-3.031795,2458204.9360599,137.961482,8.432849,-43825.455113,3.884711,-285.850741,8.363678,-43826.922574,3.644015,-285.850741,8.363678,205.882077,411.400985,33.893266,4.183666,0.572323,0.000603,0.870721,0.000971,0.970773,0.00112,0,84.633511,0.030744,0,-22,174.4,2458204.93606,17.816521,17.81671,0,-9999999,0.00012,-5.942252,1.077885,-1.467581,1.346156,0.49,599.9983,111.466459,-9999999,2018-03-27T10:16:41.231,-9999999,G2,0100.C-0847(A),Hellier,-9999999,HARPS_ech_obs_all,HARPS_ech_obs_objAB,STAR_SKY_G,0.000102263313474495,3.76324554868922E-05,1,1,1
HD133112,225.686515,-3.031795,2458588.6037134,246.046463,8.782138,-34619.700352,6.030903,-172.435134,8.695092,-34620.779613,5.878792,-172.435134,8.695092,-188.231011,161.923489,-67.93052,6.964649,0.572175,0.000996,0.879602,0.001414,0.961947,0.001619,0,0.934934,0.059057,4.843011,-22.4,122.1,2458588.60371,10.439131,10.439261,0,-9999999,0.007558,-0.611626,1.233418,-1.086819,1.345958,0.51,199.9982,-1099.71636,334.590159,2019-04-15T02:20:02.421,-9999999,G2,0103.C-0472,Hoeijmakers,-9999999,HARPS_ech_obs_all,HARPS_ech_obs_objAB,STAR_SKY_A4,0.000109027791298764,3.48644311357064E-05,1,1,1
HD133112,225.686515,-3.031795,2458588.6063675,267.6399,9.073586,-20454.925704,5.731299,-150.836823,8.989363,-20456.004886,5.571014,-150.836823,8.989363,225.823141,123.270998,-54.221604,5.810352,0.571745,0.000909,0.876159,0.001296,0.960872,0.001486,0,1.215582,0.039703,0,-22.4,132.9,2458588.60636,10.43428,10.434426,0,-9999999,0.007558,-0.606751,1.233416,-1.08674,1.345955,0.5,199.9982,217.322371,133.441635,2019-04-15T02:23:53.724,-9999999,G2,0103.C-0472,Hoeijmakers,-9999999,HARPS_ech_obs_all,HARPS_ech_obs_objAB,STAR_SKY_A4,9.73456581216455E-05,3.54057750030241E-05,1,1,1
HD133112,225.686515,-3.031795,2458588.6090411,194.33269,7.331539,-31746.893652,5.754563,-224.139122,7.227043,-31747.972755,5.594945,-224.139122,7.227043,-28.650087,172.411086,-64.089219,5.954565,0.571892,0.000911,0.874244,0.001292,0.961971,0.001484,0,53.856151,0.062524,0,-22.4,133.2,2458588.60903,10.429297,10.429437,0,-9999999,0.007558,-0.60184,1.233415,-1.086661,1.345953,0.5,199.9982,-1606.904557,326.653168,2019-04-15T02:27:44.717,-9999999,G2,0103.C-0472,Hoeijmakers,-9999999,HARPS_ech_obs_all,HARPS_ech_obs_objAB,STAR_SKY_A4,0.00010657292773823,3.69402033835021E-05,1,1,1
HD133112,225.686515,-3.031795,2458588.6117148,278.429479,9.006102,-20670.656951,5.769448,-140.037422,8.921242,-20671.735975,5.610254,-140.037422,8.921242,271.032868,97.272701,-62.028726,7.030194,0.571326,0.000907,0.876044,0.001289,0.960452,0.001478,0,0.894415,0.05807,0,-22.4,133.6,2458588.61171,10.424217,10.424351,0,-9999999,0.007558,-0.59693,1.233413,-1.086582,1.345951,0.5,199.9982,-533.45453,299.784823,2019-04-15T02:31:35.719,-9999999,G2,0103.C-0472,Hoeijmakers,-9999999,HARPS_ech_obs_all,HARPS_ech_obs_objAB,STAR_SKY_A4,9.97303351118315E-05,4.06549153813052E-05,1,1,1
HD133112,225.686515,-3.031795,2458588.6143885,187.610341,7.501653,-29966.16491,5.748905,-230.85165,7.39956,-29967.243854,5.589126,-230.85165,7.39956,55.599594,156.547576,-53.13301,5.919168,0.570656,0.000907,0.877084,0.001287,0.965325,0.001478,0,3.708206,0.041062,1453.339969,-22.4,133.9,2458588.61438,10.419043,10.419188,0,-9999999,0.007558,-0.592019,1.233411,-1.086502,1.345949,0.5,199.9982,-1054.341183,336.492557,2019-04-15T02:35:26.722,-9999999,G2,0103.C-0472,Hoeijmakers,-9999999,HARPS_ech_obs_all,HARPS_ech_obs_objAB,STAR_SKY_A4,0.000101463555117844,4.00983121164825E-05,1,1,1
HD133112,225.686515,-3.031795,2458588.6170622,178.578768,7.086576,-27103.64225,5.66041,-239.878312,6.978414,-27104.721115,5.49806,-239.878312,6.978414,-69.73039,166.674034,-57.814212,6.491517,0.572524,0.000882,0.876076,0.001245,0.963243,0.00143,0,10.303664,0.01444,-22.771629,-22.4,138.2,2458588.61705,10.413776,10.413914,0,-9999999,0.007558,-0.587109,1.23341,-1.086423,1.345947,0.5,199.9982,-1526.551874,314.291336,2019-04-15T02:39:17.715,-9999999,G2,0103.C-0472,Hoeijmakers,-9999999,HARPS_ech_obs_all,HARPS_ech_obs_objAB,STAR_SKY_A4,0.000105569109222014,4.08433826392694E-05,1,1,1
HD133112,225.686515,-3.031795,2458588.6197126,230.469614,8.38969,-27761.107804,5.799539,-187.982598,8.29853,-27762.18659,5.641195,-187.982598,8.29853,-64.144468,148.509018,-57.562425,5.72442,0.570753,0.000905,0.875441,0.001299,0.961342,0.001491,0,4.925367,0.049421,-3.770796,-22.4,132.3,2458588.6197,10.408462,10.408594,0,-9999999,0.007558,-0.582241,1.233408,-1.086344,1.345945,0.49,199.9982,-990.620887,260.024939,2019-04-15T02:43:08.708,-9999999,G2,0103.C-0472,Hoeijmakers,-9999999,HARPS_ech_obs_all,HARPS_ech_obs_objAB,STAR_SKY_A4,9.59215045907739E-05,3.75090861945971E-05,1,1,1
HD133112,225.686515,-3.031795,2458588.6223864,185.435552,8.152083,-36802.069741,5.776641,-233.01175,8.058236,-36803.148448,5.617652,-233.01175,8.058236,317.621174,178.983579,-40.215657,5.761159,0.571783,0.00091,0.874493,0.0013,0.963799,0.001495,0,1.900799,0.044379,0,-22.4,132,2458588.62238,10.403012,10.403155,0,-9999999,0.007558,-0.57733,1.233407,-1.086265,1.345944,0.49,199.9982,-1047.393341,321.017368,2019-04-15T02:46:59.711,-9999999,G2,0103.C-0472,Hoeijmakers,-9999999,HARPS_ech_obs_all,HARPS_ech_obs_objAB,STAR_SKY_A4,0.000109799166379658,3.80428298271634E-05,1,1,1
HD133112,225.686515,-3.031795,2458588.6251064,220.367692,7.401219,-20171.707694,5.652463,-198.074614,7.297723,-20172.78632,5.48988,-198.074614,7.297723,-97.57787,143.991348,-64.279255,6.049346,0.571774,0.000867,0.876483,0.001248,0.962406,0.001431,0,2.241184,0.045552,-1.283065,-22.4,137.7,2458588.6251,10.397374,10.39751,0,-9999999,0.007558,-0.572334,1.233405,-1.086184,1.345942,0.51,199.9982,-1430.61676,299.813906,2019-04-15T02:50:50.713,-9999999,G2,0103.C-0472,Hoeijmakers,-9999999,HARPS_ech_obs_all,HARPS_ech_obs_objAB,STAR_SKY_A4,9.74874691189332E-05,3.46551098839566E-05,1,1,1
HD133112,225.686515,-3.031795,2458588.6277338,178.968903,6.959227,-39633.351266,5.619714,-239.468577,6.849055,-39634.429815,5.456155,-239.468577,6.849055,-59.562815,143.942687,-65.544748,5.399624,0.5714,0.000859,0.875834,0.001229,0.965298,0.001413,0,0.977592,0.044916,10.736026,-22.4,139.8,2458588.62773,10.391841,10.391989,0,-9999999,0.007558,-0.567509,1.233404,-1.086107,1.34594,0.49,199.9982,-1420.905458,318.610629,2019-04-15T02:54:41.716,-9999999,G2,0103.C-0472,Hoeijmakers,-9999999,HARPS_ech_obs_all,HARPS_ech_obs_objAB,STAR_SKY_A4,9.96424543905846E-05,3.25235385912422E-05,1,1,1
HD133112,225.686515,-3.031795,2458588.6304075,220.295386,7.291902,-29165.639457,5.575345,-198.137184,7.186832,-29166.717926,5.410446,-198.137184,7.186832,-152.312521,140.694582,-74.765335,6.172734,0.570522,0.000838,0.875835,0.001207,0.963716,0.001387,0,2.155179,0.052806,0,-22.4,142.3,2458588.6304,10.386124,10.386265,0,-9999999,0.007558,-0.562598,1.233403,-1.086027,1.345939,0.49,199.9982,-1583.354868,309.553514,2019-04-15T02:58:32.709,-9999999,G2,0103.C-0472,Hoeijmakers,-9999999,HARPS_ech_obs_all,HARPS_ech_obs_objAB,STAR_SKY_A4,0.000101623892818799,3.79006578570337E-05,1,1,1
HD133112,225.686515,-3.031795,2458588.6330825,159.21508,7.433577,-25392.48442,5.611215,-259.212577,7.330538,-25393.56281,5.447402,-259.212577,7.330538,-21.424038,163.282622,-53.510127,6.172402,0.571638,0.000856,0.872783,0.001219,0.963635,0.001403,0,0.838946,0.047435,0,-22.4,140.8,2458588.63307,10.380317,10.380454,0,-9999999,0.007558,-0.557685,1.233402,-1.085948,1.345937,0.49,199.9982,-1649.15249,314.300753,2019-04-15T03:02:23.822,-9999999,G2,0103.C-0472,Hoeijmakers,-9999999,HARPS_ech_obs_all,HARPS_ech_obs_objAB,STAR_SKY_A4,0.000106525522935227,3.92382571490492E-05,1,1,1
HD133112,225.686515,-3.031795,2458588.6357549,219.705608,7.085261,-37057.764844,5.529637,-198.717141,6.97708,-37058.843155,5.363333,-198.717141,6.97708,-128.500865,127.215416,-72.595374,5.864146,0.570382,0.000826,0.877036,0.001193,0.963414,0.001368,0,1.846089,0.042547,0,-22.4,144.1,2458588.63575,10.374431,10.374577,0,-9999999,0.007558,-0.552777,1.2334,-1.085869,1.345936,0.49,199.9982,-1756.390556,264.854705,2019-04-15T03:06:14.715,-9999999,G2,0103.C-0472,Hoeijmakers,-9999999,HARPS_ech_obs_all,HARPS_ech_obs_objAB,STAR_SKY_A4,0.000106163898129851,3.62799698894903E-05,1,1,1
HD133112,225.686515,-3.031795,2458588.6384865,175.747288,6.715266,-40614.02332,5.542059,-242.670444,6.601024,-40615.10155,5.37614,-242.670444,6.601024,-103.546009,154.07234,-61.568841,6.092649,0.570186,0.00083,0.873607,0.001182,0.964656,0.00136,0,0.945798,0.048274,0,-22.4,145.1,2458588.63848,10.368328,10.368467,0,-9999999,0.007558,-0.54776,1.233399,-1.085788,1.345934,0.51,199.9982,-1699.197973,317.12301,2019-04-15T03:10:06.718,-9999999,G2,0103.C-0472,Hoeijmakers,-9999999,HARPS_ech_obs_all,HARPS_ech_obs_objAB,STAR_SKY_A4,0.000104042267860245,3.54097883101145E-05,1,1,1
HD133112,225.686515,-3.031795,2458588.6411833,188.47108,6.76808,-20561.790529,5.528221,-229.941699,6.654745,-20562.868679,5.361874,-229.941699,6.654745,-233.793891,150.850328,-65.181705,5.492878,0.57141,0.000821,0.87646,0.001175,0.963132,0.001348,0,2.091583,0.036326,0,-22.4,146.3,2458588.64118,10.362218,10.36235,0,-9999999,0.007558,-0.542807,1.233398,-1.085708,1.345933,0.52,199.9982,-1884.03661,283.731656,2019-04-15T03:13:57.710,-9999999,G2,0103.C-0472,Hoeijmakers,-9999999,HARPS_ech_obs_all,HARPS_ech_obs_objAB,STAR_SKY_A4,9.89167942699566E-05,3.46324948325771E-05,1,1,1
HD133112,225.686515,-3.031795,2458588.6437886,194.608027,6.998573,-34061.443124,5.334208,-223.799967,6.889032,-34062.521196,5.161612,-223.799967,6.889032,74.512834,125.956363,-56.204288,4.639848,0.570882,0.000771,0.874092,0.001113,0.963516,0.00128,0,4.135821,0.043034,-0.432967,-22.4,154,2458588.64378,10.356237,10.356385,0,-9999999,0.007558,-0.538022,1.233397,-1.08563,1.345931,0.49,199.9982,-1381.932729,283.884428,2019-04-15T03:17:48.803,-9999999,G2,0103.C-0472,Hoeijmakers,-9999999,HARPS_ech_obs_all,HARPS_ech_obs_objAB,STAR_SKY_A4,0.000103218837230289,3.74954538331588E-05,1,1,1
HD133112,225.686515,-3.031795,2458588.6465076,157.770139,6.668797,-21327.151918,5.33424,-260.632861,6.553746,-21328.22991,5.161646,-260.632861,6.553746,-35.159758,119.238632,-61.953764,5.097854,0.570507,0.000773,0.873907,0.001108,0.965438,0.001276,0,2.56599,0.054457,-2.512561,-22.4,154.7,2458588.6465,10.349915,10.350053,0,-9999999,0.007558,-0.533028,1.233396,-1.08555,1.34593,0.51,199.9982,-1376.544923,309.616608,2019-04-15T03:21:39.716,-9999999,G2,0103.C-0472,Hoeijmakers,-9999999,HARPS_ech_obs_all,HARPS_ech_obs_objAB,STAR_SKY_A4,0.000104040695028777,3.63815619437772E-05,1,1,1
HD133112,225.686515,-3.031795,2458588.649181,207.717863,6.55024,-20970.281153,5.306049,-210.680227,6.433069,-20971.359064,5.132507,-210.680227,6.433069,-107.082974,124.033676,-68.167318,5.373556,0.570668,0.00076,0.873189,0.001091,0.965107,0.001257,0,4.051431,0.045431,0,-22.4,157,2458588.64917,10.34362,10.343748,0,-9999999,0.007559,-0.528118,1.233395,-1.08547,1.345929,0.51,199.9982,-1756.190842,203.64133,2019-04-15T03:25:30.689,-9999999,G2,0103.C-0472,Hoeijmakers,-9999999,HARPS_ech_obs_all,HARPS_ech_obs_objAB,STAR_SKY_A4,0.000106572581238084,3.50088010396493E-05,1,1,1
HD133112,225.686515,-3.031795,2458588.6518785,183.430632,6.432409,-25406.427934,5.26377,-234.962503,6.313052,-25407.505765,5.088787,-234.962503,6.313052,-91.312283,116.002133,-69.388995,5.959505,0.571104,0.000752,0.875764,0.001085,0.963754,0.001246,0,1.167565,0.046842,-4.480054,-22.4,158.2,2458588.65187,10.33719,10.337334,0,-9999999,0.007559,-0.523164,1.233394,-1.08539,1.345928,0.52,199.9982,-1665.669655,190.335839,2019-04-15T03:29:21.742,-9999999,G2,0103.C-0472,Hoeijmakers,-9999999,HARPS_ech_obs_all,HARPS_ech_obs_objAB,STAR_SKY_A4,0.000105939216855136,4.09896950754055E-05,1,1,1
HD133112,225.686515,-3.031795,2458588.6545057,183.898165,6.177146,-31506.47425,5.086127,-234.490145,6.052758,-31507.552003,4.904811,-234.490145,6.052758,-46.629071,116.293175,-69.008287,5.663138,0.570679,0.000711,0.874618,0.001027,0.963736,0.00118,0,15.053117,0.023687,0,-22.4,167,2458588.6545,10.330854,10.330989,0,-9999999,0.007559,-0.518338,1.233393,-1.085312,1.345927,0.5,199.9982,-1762.024149,254.755448,2019-04-15T03:33:12.725,-9999999,G2,0103.C-0472,Hoeijmakers,-9999999,HARPS_ech_obs_all,HARPS_ech_obs_objAB,STAR_SKY_A4,0.000113958885827151,3.53282910233584E-05,1,1,1
HD133112,225.686515,-3.031795,2458588.6571329,145.324373,6.595506,-40084.376316,5.195896,-273.059112,6.479154,-40085.453991,5.018548,-273.059112,6.479154,31.026708,132.668953,-51.841698,5.422102,0.570565,0.000737,0.873284,0.00107,0.964537,0.001231,0,1.474618,0.042006,0,-22.4,160.1,2458588.65712,10.324447,10.324596,0,-9999999,0.007559,-0.513513,1.233393,-1.085234,1.345926,0.48,199.9982,-1369.610153,309.985506,2019-04-15T03:37:03.708,-9999999,G2,0103.C-0472,Hoeijmakers,-9999999,HARPS_ech_obs_all,HARPS_ech_obs_objAB,STAR_SKY_A4,0.000103398616354351,3.84784644676793E-05,1,1,1
HD133112,225.686515,-3.031795,2458588.6598299,157.241681,6.015938,-29080.6736,5.024582,-261.13685,5.888145,-29081.751195,4.840962,-261.13685,5.888145,-117.289903,123.756488,-66.201812,5.758036,0.571382,0.000694,0.875882,0.001005,0.964231,0.001154,0,1.201843,0.050319,0,-22.4,170.7,2458588.65982,10.317797,10.317938,0,-9999999,0.007559,-0.50856,1.233392,-1.085154,1.345925,0.49,199.9982,-1538.035807,309.349235,2019-04-15T03:40:54.720,-9999999,G2,0103.C-0472,Hoeijmakers,-9999999,HARPS_ech_obs_all,HARPS_ech_obs_objAB,STAR_SKY_A4,0.000106261466688611,3.45098518691599E-05,1,1,1
HD133112,225.686515,-3.031795,2458588.6625266,134.660243,5.794111,-34093.452343,4.903887,-283.713336,5.661313,-34094.529858,4.71557,-283.713336,5.661313,-38.397188,127.543973,-58.012663,5.682548,0.570338,0.000667,0.874711,0.000967,0.963313,0.00111,0,0.782554,0.041965,0,-22.4,177.4,2458588.66252,10.311075,10.311207,0,-9999999,0.007559,-0.503607,1.233391,-1.085074,1.345924,0.5,199.9982,-1819.716391,275.818985,2019-04-15T03:44:45.713,-9999999,G2,0103.C-0472,Hoeijmakers,-9999999,HARPS_ech_obs_all,HARPS_ech_obs_objAB,STAR_SKY_A4,9.62768062769455E-05,3.71918213287549E-05,1,1,1
HD133112,225.686515,-3.031795,2458588.6652236,177.385962,5.92823,-28766.461871,4.888137,-240.982663,5.798505,-28767.539306,4.699189,-240.982663,5.798505,-49.492062,97.967801,-70.043563,5.934667,0.571864,0.000663,0.875685,0.000959,0.965585,0.001102,0,4.561579,0.026169,181.902266,-22.4,179,2458588.66522,10.304282,10.304429,0,-9999999,0.007559,-0.498654,1.23339,-1.084994,1.345923,0.51,199.9982,-1447.413054,276.113837,2019-04-15T03:48:36.726,-9999999,G2,0103.C-0472,Hoeijmakers,-9999999,HARPS_ech_obs_all,HARPS_ech_obs_objAB,STAR_SKY_A4,0.000112222851854227,3.64408023876105E-05,1,1,1
HD133112,225.686515,-3.031795,2458588.667874,159.41159,6.204324,-36435.462371,5.016081,-258.952167,6.080492,-36436.539728,4.832138,-258.952167,6.080492,-76.912978,110.084599,-67.231531,5.269655,0.572015,0.000686,0.87643,0.000989,0.963753,0.001135,0,1.361513,0.052071,0,-22.4,173.5,2458588.66787,10.297539,10.297677,0,-9999999,0.007559,-0.493786,1.23339,-1.084916,1.345922,0.5,199.9982,-1662.261925,256.74263,2019-04-15T03:52:27.709,-9999999,G2,0103.C-0472,Hoeijmakers,-9999999,HARPS_ech_obs_all,HARPS_ech_obs_objAB,STAR_SKY_A4,9.91272071717828E-05,3.91721336778332E-05,1,1,1
HD133112,225.686515,-3.031795,2458588.6705477,129.575553,6.401239,-37682.688852,5.093688,-288.783294,6.281291,-37683.766129,4.912652,-288.783294,6.281291,140.379057,97.866103,-57.802871,4.693419,0.571394,0.000705,0.874452,0.001017,0.962355,0.001168,0,4.103362,0.044272,0,-22.4,168.4,2458588.67054,10.290671,10.2908,0,-9999999,0.007559,-0.488875,1.233389,-1.084836,1.345922,0.5,199.9982,-1449.738391,245.940373,2019-04-15T03:56:18.712,-9999999,G2,0103.C-0472,Hoeijmakers,-9999999,HARPS_ech_obs_all,HARPS_ech_obs_objAB,STAR_SKY_A4,9.73357398423867E-05,3.79059169369286E-05,1,1,1
HD133112,225.686515,-3.031795,2458588.6732214,132.243963,5.817469,-29942.410811,4.954644,-286.109973,5.685217,-29943.488009,4.768332,-286.109973,5.685217,-40.502369,109.576918,-65.275551,5.833342,0.571313,0.000669,0.874062,0.000968,0.964771,0.001113,0,41.631926,0.069735,2.58081,-22.4,177,2458588.67321,10.283738,10.283883,0,-9999999,0.007559,-0.483965,1.233389,-1.084757,1.345921,0.5,199.9982,-1527.484526,302.834626,2019-04-15T04:00:09.714,-9999999,G2,0103.C-0472,Hoeijmakers,-9999999,HARPS_ech_obs_all,HARPS_ech_obs_objAB,STAR_SKY_A4,0.000102321170572591,4.17774952682763E-05,1,1,1
HD133112,225.686515,-3.031795,2458588.6759186,164.871367,6.258927,-31725.67433,4.964981,-253.477615,6.136198,-31726.751448,4.779073,-253.477615,6.136198,-26.951832,88.186724,-70.963081,5.564729,0.571157,0.000677,0.874935,0.00098,0.966612,0.001127,0,2.783648,0.046388,0,-22.4,174.9,2458588.67591,10.276681,10.276818,0,-9999999,0.007559,-0.479011,1.233388,-1.084677,1.34592,0.51,199.9982,-1506.680615,275.962973,2019-04-15T04:04:00.737,-9999999,G2,0103.C-0472,Hoeijmakers,-9999999,HARPS_ech_obs_all,HARPS_ech_obs_objAB,STAR_SKY_A4,0.000106302075955562,3.84562395744266E-05,1,1,1
HD133112,225.686515,-3.031795,2458588.6785458,107.973207,5.677885,-24849.745907,4.881828,-310.37095,5.542304,-24850.822947,4.692627,-310.37095,5.542304,164.772882,95.155965,-57.457253,5.925847,0.569741,0.000656,0.873189,0.000952,0.964921,0.001096,0,25.716774,0.033082,0,-22.4,179.7,2458588.67854,10.269747,10.269873,0,-9999999,0.007559,-0.474186,1.233388,-1.084599,1.34592,0.49,199.9982,-1329.382992,290.255484,2019-04-15T04:07:51.720,-9999999,G2,0103.C-0472,Hoeijmakers,-9999999,HARPS_ech_obs_all,HARPS_ech_obs_objAB,STAR_SKY_A4,0.000111134853680944,3.1097261113283E-05,1,1,1
HD133112,225.686515,-3.031795,2458588.6812424,147.126206,5.790769,-30019.265645,4.831679,-271.212998,5.657894,-30020.342605,4.640433,-271.212998,5.657894,-162.920491,96.355398,-75.832853,5.191186,0.571029,0.000644,0.875752,0.000934,0.966724,0.001074,0,1.583018,0.054721,13.801842,-22.4,183.5,2458588.68123,10.262569,10.262711,0,-9999999,0.007559,-0.469233,1.233387,-1.084519,1.345919,0.5,199.9982,-1639.071433,260.854735,2019-04-15T04:11:42.703,-9999999,G2,0103.C-0472,Hoeijmakers,-9999999,HARPS_ech_obs_all,HARPS_ech_obs_objAB,STAR_SKY_A4,0.000109882753028848,3.96424917751464E-05,1,1,1
HD133112,225.686515,-3.031795,2458588.6838931,117.024204,5.66275,-29229.663041,4.891656,-301.310132,5.526798,-29230.739923,4.70285,-301.310132,5.526798,-86.520218,94.653571,-68.21982,5.305841,0.571781,0.000657,0.873667,0.000953,0.962987,0.001095,0,2.930173,0.050197,-13.284114,-22.4,179.7,2458588.68388,10.255457,10.255589,0,-9999999,0.007559,-0.464364,1.233387,-1.084441,1.345919,0.49,199.9982,-1418.822606,299.530219,2019-04-15T04:15:33.716,-9999999,G2,0103.C-0472,Hoeijmakers,-9999999,HARPS_ech_obs_all,HARPS_ech_obs_objAB,STAR_SKY_A4,0.000100903484884508,3.63642552961807E-05,1,1,1
HD133112,225.686515,-3.031795,2458588.6865908,122.05299,5.380679,-17663.083499,4.736702,-296.276391,5.23741,-17664.160301,4.541459,-296.276391,5.23741,-48.635421,85.769752,-70.222328,5.29487,0.571329,0.000623,0.874325,0.000904,0.964868,0.00104,0,1.264973,0.042066,-2207.570275,-22.4,189.4,2458588.68658,10.248161,10.248312,0,-9999999,0.007559,-0.45941,1.233387,-1.084361,1.345919,0.5,199.9983,-1391.514728,307.713989,2019-04-15T04:19:24.789,-9999999,G2,0103.C-0472,Hoeijmakers,-9999999,HARPS_ech_obs_all,HARPS_ech_obs_objAB,STAR_SKY_A4,0.000104983150754166,3.74332178565287E-05,1,1,1
HD133112,225.686515,-3.031795,2458588.6892867,136.250911,5.89491,-32422.25071,4.783194,-282.073519,5.764436,-32423.327432,4.589929,-282.073519,5.764436,-135.580946,89.782935,-77.618632,4.706124,0.570715,0.000631,0.873646,0.000916,0.96471,0.001055,0,23.019547,0.031904,0,-22.4,186.7,2458588.68928,10.240814,10.240954,0,-9999999,0.007559,-0.454458,1.233387,-1.084281,1.345918,0.51,199.9982,-1738.865051,373.918969,2019-04-15T04:23:15.702,-9999999,G2,0103.C-0472,Hoeijmakers,-9999999,HARPS_ech_obs_all,HARPS_ech_obs_objAB,STAR_SKY_A4,0.000107579564141241,3.33476970449995E-05,1,1,1
HD133112,225.686515,-3.031795,2458588.691938,133.225393,5.500787,-30715.8544,4.781112,-285.094168,5.360729,-30716.931043,4.587759,-285.094168,5.360729,-150.524018,96.192442,-74.346572,5.735512,0.570139,0.000631,0.874108,0.000918,0.966021,0.001057,0,10.506256,0.030019,-92.538026,-22.4,186.2,2458588.69193,10.233537,10.233668,0,-9999999,0.007559,-0.449589,1.233386,-1.084202,1.345918,0.5,199.9982,-1510.464912,310.841223,2019-04-15T04:27:06.775,-9999999,G2,0103.C-0472,Hoeijmakers,-9999999,HARPS_ech_obs_all,HARPS_ech_obs_objAB,STAR_SKY_A4,0.000106571248159323,3.83118093565449E-05,1,1,1
HD133112,225.686515,-3.031795,2458588.6946111,111.869719,5.991337,-30199.228812,4.857113,-306.444932,5.863009,-30200.305376,4.66691,-306.444932,5.863009,69.811179,79.043475,-68.101019,6.173167,0.57043,0.000646,0.875652,0.000941,0.966359,0.001082,0,3.489341,0.027922,0,-22.4,182.1,2458588.6946,10.226148,10.226295,0,-9999999,0.007559,-0.444679,1.233386,-1.084123,1.345918,0.5,199.9982,68.602677,81.622178,2019-04-15T04:30:57.718,-9999999,G2,0103.C-0472,Hoeijmakers,-9999999,HARPS_ech_obs_all,HARPS_ech_obs_objAB,STAR_SKY_A4,0.000104433366977399,3.76903589835786E-05,1,1,1
HD133112,225.686515,-3.031795,2458588.6973089,105.737425,6.134961,-28228.963398,4.956771,-312.572271,6.009701,-28230.039882,4.770543,-312.572271,6.009701,68.120442,75.469511,-64.842501,5.954717,0.569481,0.000664,0.874277,0.000967,0.965669,0.001114,0,2.841941,0.042513,-8.544755,-22.4,176.7,2458588.6973,10.218642,10.218781,0,-9999999,0.007559,-0.439725,1.233386,-1.084043,1.345918,0.51,199.9982,65.631768,77.427662,2019-04-15T04:34:48.800,-9999999,G2,0103.C-0472,Hoeijmakers,-9999999,HARPS_ech_obs_all,HARPS_ech_obs_objAB,STAR_SKY_A4,0.000114075076493171,3.64274656751321E-05,1,1,1
HD133112,225.686515,-3.031795,2458588.6999818,150.646751,6.730535,-31446.428651,4.734267,-267.658036,6.61656,-31447.505055,4.538919,-267.658036,6.61656,75.807692,54.059363,-83.025107,5.006046,0.570375,0.000621,0.875661,0.000907,0.966616,0.001044,0,36.973787,0.051882,-16.368837,-22.4,188.9,2458588.69997,10.211156,10.211283,0,-9999999,0.007559,-0.434815,1.233386,-1.083963,1.345918,0.51,199.9982,77.912278,58.583384,2019-04-15T04:38:39.733,-9999999,G2,0103.C-0472,Hoeijmakers,-9999999,HARPS_ech_obs_all,HARPS_ech_obs_objAB,STAR_SKY_A4,0.000101183364889437,3.86148873447508E-05,1,1,1
HD133112,225.686515,-3.031795,2458588.702681,97.640987,5.389695,-32781.51134,4.849927,-320.658843,5.246672,-32782.587663,4.659431,-320.658843,5.246672,-111.806919,75.211331,-69.16566,5.895521,0.571001,0.000643,0.875677,0.000935,0.966914,0.001076,0,0.959336,0.050082,22.195663,-22.4,183.2,2458588.70267,10.20355,10.203702,0,-9999999,0.00756,-0.429858,1.233386,-1.083883,1.345918,0.52,199.9982,-104.027799,79.931974,2019-04-15T04:42:30.936,-9999999,G2,0103.C-0472,Hoeijmakers,-9999999,HARPS_ech_obs_all,HARPS_ech_obs_objAB,STAR_SKY_A4,0.000108743650781522,3.77178636759385E-05,1,1,1
HD133112,225.686515,-3.031795,2458588.7053063,105.537948,5.294494,-35668.948707,4.745149,-312.75706,5.148828,-35670.024952,4.550269,-312.75706,5.148828,-236.745458,87.655714,-72.543986,5.49766,0.570728,0.000621,0.874179,0.000906,0.964453,0.001042,0,3.656538,0.0315,274.503151,-22.4,188.7,2458588.7053,10.19611,10.196245,0,-9999999,0.00756,-0.425036,1.233386,-1.083805,1.345918,0.5,199.9982,-1791.32979,290.291631,2019-04-15T04:46:21.749,-9999999,G2,0103.C-0472,Hoeijmakers,-9999999,HARPS_ech_obs_all,HARPS_ech_obs_objAB,STAR_SKY_A4,0.000101050991180839,3.66760181815306E-05,1,1,1
HD133112,225.686515,-3.031795,2458588.7080031,112.155271,5.813701,-33496.562179,4.703729,-306.134784,5.681362,-33497.638344,4.507058,-306.134784,5.681362,-58.076637,62.501344,-72.66291,6.273885,0.570207,0.000614,0.875782,0.000894,0.964351,0.001027,0,64.410937,0.062707,0,-22.4,191.5,2458588.70799,10.188424,10.188576,0,-9999999,0.00756,-0.420083,1.233386,-1.083725,1.345918,0.51,199.9982,-60.450893,64.818265,2019-04-15T04:50:12.751,-9999999,G2,0103.C-0472,Hoeijmakers,-9999999,HARPS_ech_obs_all,HARPS_ech_obs_objAB,STAR_SKY_A4,0.000105066514040726,3.75789956930004E-05,1,1,1
HD133112,225.686515,-3.031795,2458588.7106531,82.496745,5.142129,-30902.477414,4.669566,-335.788443,4.992018,-30903.553501,4.471392,-335.788443,4.992018,64.928838,59.931424,-71.045243,6.228559,0.570537,0.000605,0.87418,0.000883,0.965151,0.001015,0,33.271151,0.042869,0.959259,-22.4,193.8,2458588.71064,10.180831,10.180972,0,-9999999,0.00756,-0.415216,1.233387,-1.083647,1.345918,0.5,199.9982,69.897565,64.612982,2019-04-15T04:54:03.704,-9999999,G2,0103.C-0472,Hoeijmakers,-9999999,HARPS_ech_obs_all,HARPS_ech_obs_objAB,STAR_SKY_A4,9.71430139165371E-05,4.07444554601411E-05,1,1,1
HD133112,225.686515,-3.031795,2458588.713327,81.727573,5.247157,-32238.324596,4.783039,-336.552704,5.100139,-32239.400603,4.589767,-336.552704,5.100139,-55.587526,70.028373,-69.707006,6.308683,0.571269,0.000628,0.873315,0.000914,0.965625,0.001052,0,1.750669,0.034975,0,-22.4,187.1,2458588.71332,10.173132,10.173262,0,-9999999,0.00756,-0.410305,1.233387,-1.083567,1.345919,0.5,199.9982,-715.346938,302.040152,2019-04-15T04:57:54.717,-9999999,G2,0103.C-0472,Hoeijmakers,-9999999,HARPS_ech_obs_all,HARPS_ech_obs_objAB,STAR_SKY_A4,0.000104771206813449,3.83095716032028E-05,1,1,1
HD133112,225.686515,-3.031795,2458588.7160005,86.871592,5.447088,-15020.618054,4.716426,-331.403774,5.305612,-15021.693982,4.520307,-331.403774,5.305612,-65.911437,65.736566,-73.128939,4.892065,0.570815,0.000614,0.874462,0.000896,0.965495,0.00103,0,0.966436,0.033056,-0.035039,-22.4,191.1,2458588.71599,10.165396,10.165544,0,-9999999,0.00756,-0.405395,1.233387,-1.083488,1.345919,0.5,199.9982,528.318471,351.29042,2019-04-15T05:01:45.700,-9999999,G2,0103.C-0472,Hoeijmakers,-9999999,HARPS_ech_obs_all,HARPS_ech_obs_objAB,STAR_SKY_A4,0.00010896865112426,3.43657576650959E-05,1,1,1
HD133112,225.686515,-3.031795,2458588.7186758,84.134209,5.547003,-30181.15878,4.790142,-334.136244,5.408142,-30182.234629,4.597169,-334.136244,5.408142,17.921529,66.568762,-75.388896,5.109143,0.570224,0.000626,0.875932,0.000914,0.96525,0.00105,0,3.119428,0.028404,0,-22.4,187.6,2458588.71867,10.15762,10.157762,0,-9999999,0.00756,-0.400481,1.233387,-1.083409,1.345919,0.5,199.9982,9.223787,70.161334,2019-04-15T05:05:36.843,-9999999,G2,0103.C-0472,Hoeijmakers,-9999999,HARPS_ech_obs_all,HARPS_ech_obs_objAB,STAR_SKY_A4,0.000104999750185785,4.09459253163925E-05,1,1,1
HD133112,225.686515,-3.031795,2458588.7213719,70.655576,5.192678,-36699.488967,4.70745,-347.609925,5.044072,-36700.564736,4.510941,-347.609925,5.044072,34.922378,48.892016,-71.347375,5.23874,0.571321,0.000611,0.876129,0.000885,0.965736,0.001017,0,14.039347,0.039029,0,-22.4,193.8,2458588.72136,10.149751,10.14988,0,-9999999,0.00756,-0.395529,1.233388,-1.083329,1.34592,0.51,199.9982,36.473895,52.06365,2019-04-15T05:09:27.775,-9999999,G2,0103.C-0472,Hoeijmakers,-9999999,HARPS_ech_obs_all,HARPS_ech_obs_objAB,STAR_SKY_A4,0.000116103280164704,3.74038912376642E-05,1,1,1
HD133112,225.686515,-3.031795,2458588.724045,58.982842,5.316101,-35541.158071,4.682548,-359.27775,5.171043,-35542.233761,4.484947,-359.27775,5.171043,58.336185,54.608655,-75.579429,5.184195,0.570417,0.000602,0.8749,0.000879,0.966248,0.001012,0,408.127943,4.542125,2.018534,-22.4,194.7,2458588.72404,10.141916,10.142062,0,-9999999,0.00756,-0.39062,1.233388,-1.08325,1.34592,0.51,199.9982,54.342923,57.448997,2019-04-15T05:13:18.718,-9999999,G2,0103.C-0472,Hoeijmakers,-9999999,HARPS_ech_obs_all,HARPS_ech_obs_objAB,STAR_SKY_A4,9.82570299766374E-05,3.85528038807671E-05,1,1,1
HD133112,225.686515,-3.031795,2458588.7267766,61.143894,5.529782,-34924.986276,4.779706,-357.111681,5.390477,-34926.061884,4.586293,-357.111681,5.390477,-29.667651,55.253409,-73.877535,4.950733,0.570315,0.000625,0.873097,0.000914,0.966106,0.001053,0,39.15379,0.037406,0,-22.4,187,2458588.72677,10.13388,10.134015,0,-9999999,0.00756,-0.385603,1.233389,-1.083168,1.345921,0.53,199.9982,529.427046,338.524928,2019-04-15T05:17:10.721,-9999999,G2,0103.C-0472,Hoeijmakers,-9999999,HARPS_ech_obs_all,HARPS_ech_obs_objAB,STAR_SKY_A4,0.000103897279784373,3.90745585940641E-05,1,1,1
HD133112,225.686515,-3.031795,2458588.7294039,63.084605,5.627511,-28451.277872,4.837316,-355.166144,5.490686,-28452.353403,4.646302,-355.166144,5.490686,-66.099633,50.533382,-79.262993,5.451213,0.5705,0.000636,0.875676,0.000932,0.965092,0.001071,0,2.060548,0.045239,-70.20858,-22.4,183.8,2458588.7294,10.126124,10.126248,0,-9999999,0.00756,-0.380778,1.233389,-1.083091,1.345922,0.51,199.9982,604.261486,342.76276,2019-04-15T05:21:01.714,-9999999,G2,0103.C-0472,Hoeijmakers,-9999999,HARPS_ech_obs_all,HARPS_ech_obs_objAB,STAR_SKY_A4,0.000105182647013345,4.06263121876126E-05,1,1,1
HD133112,225.686515,-3.031795,2458588.7320543,60.02074,5.267804,-36121.901633,4.69586,-358.225141,5.121378,-36122.977085,4.498844,-358.225141,5.121378,-72.960368,48.568683,-80.276999,5.059013,0.571165,0.000604,0.874353,0.000883,0.96553,0.001016,0,3.886997,0.043286,0,-22.4,193.8,2458588.73205,10.118274,10.118415,0,-9999999,0.00756,-0.37591,1.23339,-1.083012,1.345922,0.5,199.9982,599.438612,334.567108,2019-04-15T05:24:52.707,-9999999,G2,0103.C-0472,Hoeijmakers,-9999999,HARPS_ech_obs_all,HARPS_ech_obs_objAB,STAR_SKY_A4,0.000105984140011093,4.17844508564004E-05,1,1,1
HD133112,225.686515,-3.031795,2458588.7347512,57.436607,5.456028,-30076.612586,4.695336,-360.804321,5.31479,-30077.687958,4.498296,-360.804321,5.31479,-34.640157,51.705049,-75.00759,5.201458,0.570886,0.000606,0.875392,0.000889,0.966951,0.001024,0,54.583357,0.0504,0,-22.4,192.7,2458588.73474,10.110262,10.110394,0,-9999999,0.00756,-0.370957,1.23339,-1.082932,1.345923,0.51,199.9982,608.751846,339.884598,2019-04-15T05:28:43.710,-9999999,G2,0103.C-0472,Hoeijmakers,-9999999,HARPS_ech_obs_all,HARPS_ech_obs_objAB,STAR_SKY_A4,0.000101681508129365,3.5812046597429E-05,1,1,1
HD133112,225.686515,-3.031795,2458588.7373786,26.466562,5.604962,-32176.874093,4.770058,-391.769541,5.467572,-32177.949387,4.576237,-391.769541,5.467572,268.913292,46.287554,-67.537717,5.021836,0.569727,0.000621,0.877117,0.000913,0.970051,0.001052,0,52.851211,0.087793,31.422305,-22.4,187.7,2458588.73737,10.102436,10.102585,0,-9999999,0.00756,-0.366131,1.233391,-1.082854,1.345924,0.49,199.9982,871.779898,327.961942,2019-04-15T05:32:34.703,-9999999,G2,0103.C-0472,Hoeijmakers,-9999999,HARPS_ech_obs_all,HARPS_ech_obs_objAB,STAR_SKY_A4,9.84814407615566E-05,3.71601315517582E-05,1,1,1
HD133112,225.686515,-3.031795,2458588.7400759,43.018862,5.300187,-28789.704388,4.847222,-375.212287,5.15468,-28790.779602,4.656613,-375.212287,5.15468,58.063819,38.749738,-69.911497,5.837935,0.570502,0.000632,0.876215,0.000932,0.966844,0.001072,0,4.300302,0.044187,0,-22.4,183.8,2458588.74007,10.094381,10.094521,0,-9999999,0.00756,-0.361177,1.233392,-1.082774,1.345925,0.5,199.9982,2069.967362,-9999999,2019-04-15T05:36:25.746,-9999999,G2,0103.C-0472,Hoeijmakers,-9999999,HARPS_ech_obs_all,HARPS_ech_obs_objAB,STAR_SKY_A4,0.000104643702582637,4.13738327593739E-05,1,1,1
HD133112,225.686515,-3.031795,2458588.7427724,55.722679,5.58791,-35316.762469,4.749673,-362.503517,5.45009,-35317.837603,4.554984,-362.503517,5.45009,-18.494636,50.077275,-74.532529,5.108078,0.571368,0.000618,0.876882,0.000911,0.968052,0.001048,0,44.315566,0.045251,0,-22.4,188.2,2458588.74276,10.08631,10.086438,0,-9999999,0.00756,-0.356225,1.233392,-1.082694,1.345926,0.51,199.9982,563.205084,336.291959,2019-04-15T05:40:16.718,-9999999,G2,0103.C-0472,Hoeijmakers,-9999999,HARPS_ech_obs_all,HARPS_ech_obs_objAB,STAR_SKY_A4,9.98746433585064E-05,3.92294954176279E-05,1,1,1
HD133112,225.686515,-3.031795,2458588.745423,31.815766,5.416028,-38787.998562,4.670584,-386.405562,5.273718,-38789.073617,4.472453,-386.405562,5.273718,84.392538,41.285665,-79.372673,5.235442,0.569565,0.000601,0.874861,0.000886,0.968089,0.001021,0,6.190016,0.031673,0,-22.4,193.1,2458588.74541,10.078361,10.078507,0,-9999999,0.00756,-0.351356,1.233393,-1.082615,1.345927,0.5,199.9982,986.503365,314.839628,2019-04-15T05:44:07.721,-9999999,G2,0103.C-0472,Hoeijmakers,-9999999,HARPS_ech_obs_all,HARPS_ech_obs_objAB,STAR_SKY_A4,0.000105181903708083,3.71158302551238E-05,1,1,1
HD133112,225.686515,-3.031795,2458588.7480735,47.296119,5.417627,-33144.491629,4.806814,-370.920341,5.27536,-33145.566606,4.614536,-370.920341,5.27536,-59.295632,48.277889,-72.429869,5.932587,0.571387,0.000627,0.87757,0.000925,0.968472,0.001064,0,67.716339,0.108903,0,-22.4,185.2,2458588.74807,10.070397,10.070532,0,-9999999,0.00756,-0.346488,1.233394,-1.082537,1.345928,0.49,199.9982,-572.43241,308.412271,2019-04-15T05:47:58.714,-9999999,G2,0103.C-0472,Hoeijmakers,-9999999,HARPS_ech_obs_all,HARPS_ech_obs_objAB,STAR_SKY_A4,0.000103779460988237,3.98366612402809E-05,1,1,1
HD133112,225.686515,-3.031795,2458588.7507706,21.889557,5.917848,-31810.56277,4.813773,-396.321949,5.787889,-31811.637667,4.621784,-396.321949,5.787889,283.801606,48.05466,-69.018814,5.546134,0.570281,0.000624,0.875805,0.000921,0.965625,0.001059,0,7.260402,0.039474,0,-22.4,185.9,2458588.75076,10.062281,10.062407,0,-9999999,0.00756,-0.341535,1.233395,-1.082457,1.345929,0.5,199.9983,930.836042,194.46765,2019-04-15T05:51:49.737,-9999999,G2,0103.C-0472,Hoeijmakers,-9999999,HARPS_ech_obs_all,HARPS_ech_obs_objAB,STAR_SKY_A4,9.76021877558231E-05,3.68273943643913E-05,1,1,1
HD133112,225.686515,-3.031795,2458588.7534441,22.822176,6.034142,-36033.395862,5.024853,-395.38442,5.906742,-36034.470678,4.841242,-395.38442,5.906742,77.327898,40.89684,-84.847719,5.471278,0.569347,0.000673,0.876266,0.000996,0.968764,0.001147,0,7.946651,0.02712,0,-22.4,171.8,2458588.75344,10.054226,10.054369,0,-9999999,0.007561,-0.336624,1.233396,-1.082377,1.34593,0.5,199.9982,76.465136,43.806138,2019-04-15T05:55:40.720,-9999999,G2,0103.C-0472,Hoeijmakers,-9999999,HARPS_ech_obs_all,HARPS_ech_obs_objAB,STAR_SKY_A4,0.000100923917423671,3.94120837219698E-05,1,1,1
HD133112,225.686515,-3.031795,2458588.7560948,14.34429,5.966329,-32219.266629,4.950441,-403.857438,5.837449,-32220.341367,4.763962,-403.857438,5.837449,126.85017,34.903725,-78.819388,5.465213,0.570197,0.000655,0.877416,0.000969,0.967953,0.001114,0,34.593457,0.056489,41.33388,-22.4,176.8,2458588.75609,10.046231,10.046364,0,-9999999,0.007561,-0.331756,1.233397,-1.082299,1.345931,0.49,199.9982,783.910466,332.578384,2019-04-15T05:59:31.732,-9999999,G2,0103.C-0472,Hoeijmakers,-9999999,HARPS_ech_obs_all,HARPS_ech_obs_objAB,STAR_SKY_A4,0.000114729898237849,3.43692119758827E-05,1,1,1
HD133112,225.686515,-3.031795,2458588.7587923,38.466925,5.745109,-29157.181411,4.94727,-379.729848,5.61115,-29158.256069,4.760666,-379.729848,5.61115,60.879397,36.699341,-67.738578,5.623748,0.569449,0.00065,0.863565,0.000942,0.970572,0.001108,0,27.246592,0.053246,27.000066,-22.4,178.2,2458588.75878,10.038089,10.038242,0,-9999999,0.007561,-0.326802,1.233398,-1.082219,1.345933,0.5,199.9982,2159.76974,-9999999,2019-04-15T06:03:22.785,-9999999,G2,0103.C-0472,Hoeijmakers,-9999999,HARPS_ech_obs_all,HARPS_ech_obs_objAB,STAR_SKY_A4,0.000112761168134076,3.14351267915824E-05,1,1,1
HD133112,225.686515,-3.031795,2458588.7614885,8.179658,5.891231,-28086.27808,4.891928,-410.012163,5.760671,-28087.352658,4.703129,-410.012163,5.760671,128.69837,38.177531,-81.059418,5.566528,0.569567,0.000647,0.87786,0.000958,0.968216,0.001102,0,32.294115,0.071371,1.191027,-22.4,178.9,2458588.76148,10.029945,10.030085,0,-9999999,0.007561,-0.32185,1.233399,-1.082139,1.345934,0.51,199.9982,947.782695,324.491967,2019-04-15T06:07:13.728,-9999999,G2,0103.C-0472,Hoeijmakers,-9999999,HARPS_ech_obs_all,HARPS_ech_obs_objAB,STAR_SKY_A4,0.000112521758177309,3.38767452440053E-05,1,1,1
HD133112,225.686515,-3.031795,2458588.7641387,25.267136,5.929679,-18933.175594,4.980072,-392.919818,5.799984,-18934.250093,4.794744,-392.919818,5.799984,10.570946,47.723133,-73.193223,5.423369,0.570242,0.000661,0.863809,0.000958,0.965689,0.001123,0,1.287514,0.038972,0,-22.4,175.2,2458588.76413,10.021938,10.022066,0,-9999999,0.007561,-0.316982,1.2334,-1.08206,1.345936,0.5,199.9982,16.888999,52.135464,2019-04-15T06:11:04.701,-9999999,G2,0103.C-0472,Hoeijmakers,-9999999,HARPS_ech_obs_all,HARPS_ech_obs_objAB,STAR_SKY_A4,0.000113181150006994,3.1252255586849E-05,1,1,1
HD133112,225.686515,-3.031795,2458588.7667894,12.35712,5.871317,-35576.816654,5.104329,-405.824966,5.740303,-35577.891075,4.92368,-405.824966,5.740303,109.97582,52.421587,-67.280992,6.23241,0.571914,0.000683,0.864828,0.000991,0.96904,0.001162,0,1.648676,0.047355,0,-22.4,169.7,2458588.76678,10.013929,10.014075,0,-9999999,0.007561,-0.312114,1.233401,-1.081982,1.345937,0.49,199.9982,2130.139975,-9999999,2019-04-15T06:14:55.714,-9999999,G2,0103.C-0472,Hoeijmakers,-9999999,HARPS_ech_obs_all,HARPS_ech_obs_objAB,STAR_SKY_A4,0.000102100785860819,3.47082881866495E-05,1,1,1
HD133112,225.686515,-3.031795,2458588.7694873,-9.538362,6.286061,-28574.389378,5.026645,-427.715493,6.163869,-28575.463719,4.843099,-427.715493,6.163869,223.91819,61.068465,-79.663641,4.958445,0.570277,0.000671,0.877584,0.000992,0.969611,0.001142,0,47.417272,0.129663,5.770034,-22.4,172.7,2458588.76948,10.005778,10.005917,0,-9999999,0.007561,-0.307159,1.233403,-1.081902,1.345939,0.5,199.9982,1026.991425,333.395665,2019-04-15T06:18:46.807,-9999999,G2,0103.C-0472,Hoeijmakers,-9999999,HARPS_ech_obs_all,HARPS_ech_obs_objAB,STAR_SKY_A4,9.285556774223E-05,3.35414812279572E-05,1,1,1
HD133112,225.686515,-3.031795,2458588.7721599,12.310417,6.172789,-31177.268053,5.02033,-405.861805,6.048309,-31178.342314,4.836544,-405.861805,6.048309,-52.726245,49.695757,-75.662092,4.303045,0.570887,0.00067,0.864815,0.000971,0.968996,0.00114,0,1.595543,0.053179,0,-22.4,172.9,2458588.77215,9.997706,9.997831,0,-9999999,0.007561,-0.30225,1.233404,-1.081822,1.34594,0.5,199.9982,756.375869,319.625893,2019-04-15T06:22:37.710,-9999999,G2,0103.C-0472,Hoeijmakers,-9999999,HARPS_ech_obs_all,HARPS_ech_obs_objAB,STAR_SKY_A4,0.00010118749198225,3.79158631766801E-05,1,1,1
HD133112,225.686515,-3.031795,2458588.7748568,-18.582821,5.854298,-32142.071474,4.899635,-436.75009,5.722894,-32143.145655,4.711143,-436.75009,5.722894,131.964851,54.471613,-72.675935,5.294022,0.56937,0.000645,0.864697,0.000937,0.967915,0.001099,0,23.123362,0.029652,-83.644566,-22.4,179.2,2458588.77485,9.989567,9.989711,0,-9999999,0.007561,-0.297297,1.233405,-1.081742,1.345942,0.51,199.9982,144.607646,58.981922,2019-04-15T06:26:28.713,-9999999,G2,0103.C-0472,Hoeijmakers,-9999999,HARPS_ech_obs_all,HARPS_ech_obs_objAB,STAR_SKY_A4,0.000100449277206683,3.7590618358138E-05,1,1,1
HD133112,225.686515,-3.031795,2458588.7775072,2.720635,5.684321,-21251.977633,4.95002,-415.441766,5.548893,-21253.051736,4.763521,-415.441766,5.548893,-28.724264,43.914662,-66.614134,4.697375,0.570606,0.000657,0.864352,0.000952,0.969618,0.001119,0,1.195075,0.046439,0,-22.4,176.3,2458588.7775,9.981574,9.981707,0,-9999999,0.007561,-0.292429,1.233407,-1.081664,1.345944,0.5,199.9982,-24.750674,46.594525,2019-04-15T06:30:19.706,-9999999,G2,0103.C-0472,Hoeijmakers,-9999999,HARPS_ech_obs_all,HARPS_ech_obs_objAB,STAR_SKY_A4,0.00010160747683991,3.2955889987052E-05,1,1,1
HD133112,225.686515,-3.031795,2458588.780135,-44.085974,5.984698,-31129.888613,4.96575,-462.243549,5.85622,-31130.962638,4.779864,-462.243549,5.85622,412.961294,78.187818,-78.571988,5.027331,0.5712,0.000661,0.876671,0.000978,0.968083,0.001125,0,39.805458,0.059476,49.568065,-22.4,175.2,2458588.78013,9.973659,9.973782,0,-9999999,0.007561,-0.287603,1.233408,-1.081586,1.345945,0.48,199.9982,1752.780724,229.802629,2019-04-15T06:34:10.738,-9999999,G2,0103.C-0472,Hoeijmakers,-9999999,HARPS_ech_obs_all,HARPS_ech_obs_objAB,STAR_SKY_A4,0.000102392891419112,3.3265543321312E-05,1,1,1
HD133112,225.686515,-3.031795,2458588.7828316,-29.989452,6.424733,-21623.910578,5.237119,-448.142074,6.305228,-21624.984523,5.06121,-448.142074,6.305228,184.440829,56.141015,-82.837084,4.780673,0.569185,0.000715,0.864434,0.00104,0.968172,0.00122,0,1.163406,0.050689,-269.304383,-22.4,161.4,2458588.78282,9.965548,9.965688,0,-9999999,0.007561,-0.28265,1.23341,-1.081506,1.345947,0.49,199.9982,684.425252,336.233859,2019-04-15T06:38:01.711,-9999999,G2,0103.C-0472,Hoeijmakers,-9999999,HARPS_ech_obs_all,HARPS_ech_obs_objAB,STAR_SKY_A4,0.000116361878669758,2.95057652145867E-05,1,1,1
HD133112,225.686515,-3.031795,2458588.7855284,-51.570108,6.298276,-31003.925345,5.034583,-469.717777,6.176324,-31004.99921,4.851335,-469.717777,6.176324,283.568977,72.80086,-83.55422,5.461731,0.571137,0.000675,0.864343,0.000979,0.968548,0.001149,0,20.017807,0.041647,-45.433309,-22.4,171.5,2458588.78552,9.957448,9.957577,0,-9999999,0.007561,-0.277697,1.233411,-1.081426,1.345949,0.5,199.9982,1210.48324,323.990878,2019-04-15T06:41:52.714,-9999999,G2,0103.C-0472,Hoeijmakers,-9999999,HARPS_ech_obs_all,HARPS_ech_obs_objAB,STAR_SKY_A4,9.77463603822049E-05,3.67617253668904E-05,1,1,1
HD133112,225.686515,-3.031795,2458588.7882253,-37.429851,5.652037,-38365.634772,5.103361,-455.572567,5.515815,-38366.708557,4.922673,-455.572567,5.515815,316.21097,85.697418,-59.803244,5.735304,0.571092,0.000689,0.865768,0.000999,0.968683,0.001172,0,2.699165,0.030182,0,-22.4,168.1,2458588.78822,9.949363,9.949511,0,-9999999,0.007561,-0.272744,1.233413,-1.081346,1.345951,0.51,199.9982,1524.427339,-9999999,2019-04-15T06:45:43.717,-9999999,G2,0103.C-0472,Hoeijmakers,-9999999,HARPS_ech_obs_all,HARPS_ech_obs_objAB,STAR_SKY_A4,0.000100018982394611,3.79038058845926E-05,1,1,1
HD133112,225.686515,-3.031795,2458588.7908994,-48.177223,5.536969,-28688.553405,4.803823,-466.315027,5.397844,-28689.62711,4.611412,-466.315027,5.397844,208.421322,77.161024,-62.088308,5.318831,0.571259,0.000627,0.866731,0.00091,0.971822,0.001068,0,44.083356,0.12975,8.876474,-22.4,184.8,2458588.79089,9.941364,9.941502,0,-9999999,0.007561,-0.267833,1.233414,-1.081266,1.345953,0.51,199.9982,1499.407387,-9999999,2019-04-15T06:49:34.750,-9999999,G2,0103.C-0472,Hoeijmakers,-9999999,HARPS_ech_obs_all,HARPS_ech_obs_objAB,STAR_SKY_A4,0.000102267053475605,3.45736716182912E-05,1,1,1
HD133112,225.686515,-3.031795,2458588.7935264,-47.927437,5.775475,-28759.150613,4.681339,-466.060416,5.642233,-28760.22424,4.483675,-466.060416,5.642233,63.855559,69.759336,-87.229481,4.942276,0.570751,0.000606,0.86674,0.00088,0.970826,0.001032,0,2.274113,0.040732,-134.883234,-22.4,191.2,2458588.79352,9.933523,9.933649,0,-9999999,0.007561,-0.263008,1.233416,-1.081188,1.345955,0.49,199.9982,75.955206,78.418132,2019-04-15T06:53:25.712,-9999999,G2,0103.C-0472,Hoeijmakers,-9999999,HARPS_ech_obs_all,HARPS_ech_obs_objAB,STAR_SKY_A4,9.82698944209885E-05,3.69069249300624E-05,1,1,1
HD133112,225.686515,-3.031795,2458588.7962465,-43.894548,5.823102,-37273.149635,4.698279,-462.022532,5.690975,-37274.223182,4.501358,-462.022532,5.690975,43.604307,62.604086,-71.526715,5.195226,0.569859,0.000607,0.866286,0.000882,0.969023,0.001034,0,1.15857,0.041499,0,-22.4,190.6,2458588.79624,9.925426,9.92557,0,-9999999,0.007561,-0.258012,1.233418,-1.081108,1.345957,0.51,199.9982,-1479.578958,369.233843,2019-04-15T06:57:16.725,-9999999,G2,0103.C-0472,Hoeijmakers,-9999999,HARPS_ech_obs_all,HARPS_ech_obs_objAB,STAR_SKY_A4,9.97772782419235E-05,3.76965211166429E-05,1,1,1
HD133112,225.686515,-3.031795,2458588.798897,-31.670542,5.706525,-20412.300366,4.66026,-449.793658,5.571634,-20413.373834,4.461661,-449.793658,5.571634,78.887519,68.747014,-78.67476,4.310553,0.570475,0.000597,0.867426,0.000868,0.971289,0.001018,0,1.852893,0.043952,0.000833,-22.4,193.8,2458588.79889,9.917558,9.917691,0,-9999999,0.007561,-0.253144,1.23342,-1.081029,1.34596,0.5,199.9982,1011.491373,309.896336,2019-04-15T07:01:07.718,-9999999,G2,0103.C-0472,Hoeijmakers,-9999999,HARPS_ech_obs_all,HARPS_ech_obs_objAB,STAR_SKY_A4,9.38071221539301E-05,3.44046217009846E-05,1,1,1
HD133112,225.686515,-3.031795,2458588.8015243,-55.988072,5.520314,-30864.462068,4.765502,-474.106362,5.380756,-30865.535458,4.571476,-474.106362,5.380756,278.269491,92.098102,-63.474365,5.454083,0.571125,0.000621,0.866755,0.000901,0.970257,0.001056,0,13.311304,0.028682,24.902945,-22.4,186.8,2458588.80152,9.909782,9.909904,0,-9999999,0.007561,-0.248319,1.233421,-1.080951,1.345962,0.48,199.9982,1689.926914,-9999999,2019-04-15T07:04:58.711,-9999999,G2,0103.C-0472,Hoeijmakers,-9999999,HARPS_ech_obs_all,HARPS_ech_obs_objAB,STAR_SKY_A4,0.000102452569133511,3.47193977923467E-05,1,1,1
HD133112,225.686515,-3.031795,2458588.8042681,-48.720085,5.531983,-23471.270266,4.633519,-466.833336,5.392727,-23472.343574,4.433721,-466.833336,5.392727,47.551232,74.621931,-63.777125,5.246434,0.570932,0.000596,0.866212,0.000867,0.968952,0.001016,0,4.506405,0.033327,0,-22.4,194,2458588.80426,9.901688,9.901831,0,-9999999,0.007562,-0.243279,1.233423,-1.08087,1.345964,0.51,199.9982,767.342545,221.61592,2019-04-15T07:08:49.764,-9999999,G2,0103.C-0472,Hoeijmakers,-9999999,HARPS_ech_obs_all,HARPS_ech_obs_objAB,STAR_SKY_A4,-9999999,-9999999,-9999999,-9999999,-9999999
HD133112,225.686515,-3.031795,2458588.8069183,-54.072352,5.478674,-39435.498368,4.637274,-472.180735,5.338027,-39436.571597,4.437644,-472.180735,5.338027,14.322493,77.657713,-62.699061,5.657478,0.570304,0.000593,0.865902,0.000862,0.971908,0.001013,0,8.917962,0.028466,0,-22.4,195,2458588.80691,9.893899,9.89403,0,-9999999,0.007562,-0.238412,1.233425,-1.080791,1.345967,0.5,199.9982,724.584216,223.94029,2019-04-15T07:12:40.737,-9999999,G2,0103.C-0472,Hoeijmakers,-9999999,HARPS_ech_obs_all,HARPS_ech_obs_objAB,STAR_SKY_A4,0.000108957577607513,3.12352963974542E-05,1,1,1
HD133112,225.686515,-3.031795,2458588.8095704,-90.291127,5.636851,-30555.534311,4.642783,-508.394639,5.50025,-30556.607461,4.4434,-508.394639,5.50025,275.258083,87.278857,-74.768599,5.05596,0.570536,0.000596,0.867495,0.000867,0.971057,0.001016,0,6.350229,0.026855,0,-22.4,194.2,2458588.80956,9.886133,9.886258,0,-9999999,0.007562,-0.233541,1.233427,-1.080712,1.345969,0.49,199.9982,-1235.19753,401.01625,2019-04-15T07:16:31.870,-9999999,G2,0103.C-0472,Hoeijmakers,-9999999,HARPS_ech_obs_all,HARPS_ech_obs_objAB,STAR_SKY_A4,9.31768477534671E-05,3.83726184849831E-05,1,1,1
HD133112,225.686515,-3.031795,2458588.8122662,-89.632916,5.66423,-36084.644684,4.682571,-507.731477,5.528305,-36085.717754,4.484956,-507.731477,5.528305,385.343124,106.430777,-67.741443,5.471946,0.570695,0.000603,0.867232,0.00088,0.97165,0.001032,0,26.891902,0.030456,0,-22.4,191.2,2458588.81226,9.878272,9.878412,0,-9999999,0.007562,-0.22859,1.233429,-1.080632,1.345972,0.5,199.9982,379.957504,109.357036,2019-04-15T07:20:22.782,-9999999,G2,0103.C-0472,Hoeijmakers,-9999999,HARPS_ech_obs_all,HARPS_ech_obs_objAB,STAR_SKY_A4,9.77009141694944E-05,3.86544320591963E-05,1,1,1
HD133112,225.686515,-3.031795,2458588.8149506,-63.378757,5.49809,-23053.164201,4.682371,-481.472388,5.357951,-23054.237192,4.484746,-481.472388,5.357951,131.972245,82.717313,-69.618926,5.367542,0.570124,0.000604,0.867939,0.00088,0.972684,0.001032,0,3.627355,0.033545,22.381337,-22.4,191.4,2458588.81494,9.870478,9.870604,0,-9999999,0.007562,-0.223659,1.233431,-1.080553,1.345974,0.5,199.9982,135.002604,87.421795,2019-04-15T07:24:14.705,-9999999,G2,0103.C-0472,Hoeijmakers,-9999999,HARPS_ech_obs_all,HARPS_ech_obs_objAB,STAR_SKY_A4,0.00010715488147965,3.38788146844167E-05,1,1,1
HD133112,225.686515,-3.031795,2458588.8176246,-80.049855,5.577037,-31374.644246,4.616022,-498.138575,5.438932,-31375.717158,4.415428,-498.138575,5.438932,107.645444,93.398526,-69.487378,4.715975,0.571624,0.000595,0.868709,0.000867,0.973159,0.001017,0,50.600929,0.100157,35.035423,-22.4,194.2,2458588.81762,9.862749,9.862894,0,-9999999,0.007562,-0.218748,1.233434,-1.080474,1.345977,0.5,199.9982,105.789511,96.024381,2019-04-15T07:28:05.728,-9999999,G2,0103.C-0472,Hoeijmakers,-9999999,HARPS_ech_obs_all,HARPS_ech_obs_objAB,STAR_SKY_A4,0.000102688366238594,3.59439971253849E-05,1,1,1
HD133112,225.686515,-3.031795,2458588.8202982,-67.558356,5.816608,-37177.352688,4.706762,-485.642165,5.684326,-37178.42552,4.510205,-485.642165,5.684326,10.686591,99.26792,-67.372963,5.392958,0.570307,0.000609,0.868884,0.000889,0.974028,0.001043,0,0.906915,0.042084,-7.110154,-22.4,189.5,2458588.82029,9.855059,9.855194,0,-9999999,0.007562,-0.213838,1.233436,-1.080394,1.34598,0.5,199.9982,2002.424564,-9999999,2019-04-15T07:31:56.721,-9999999,G2,0103.C-0472,Hoeijmakers,-9999999,HARPS_ech_obs_all,HARPS_ech_obs_objAB,STAR_SKY_A4,0.000118475111704459,3.40242510661206E-05,1,1,1
HD133112,225.686515,-3.031795,2458588.8229981,-89.02743,5.892826,-19898.846331,4.641965,-507.106281,5.762294,-19899.919083,4.442541,-507.106281,5.762294,96.380455,98.933813,-71.280845,5.272519,0.571062,0.000601,0.869006,0.000884,0.971319,0.001035,0,2.091746,0.029534,2880.247185,-22.4,190.4,2458588.82299,9.847334,9.847467,0,-9999999,0.007562,-0.208879,1.233438,-1.080314,1.345982,0.5,199.9982,2132.930072,-9999999,2019-04-15T07:35:49.984,-9999999,G2,0103.C-0472,Hoeijmakers,-9999999,HARPS_ech_obs_all,HARPS_ech_obs_objAB,STAR_SKY_A4,0.000115170789810327,3.34489384420464E-05,1,1,1
HD133112,225.686515,-3.031795,2458588.8256687,-99.827071,5.772778,-37369.028837,4.654081,-517.901017,5.639467,-37370.10151,4.455198,-517.901017,5.639467,185.397739,119.309683,-73.768099,5.237246,0.571029,0.000604,0.868317,0.000884,0.971292,0.001036,0,9.977559,0.028007,818.152483,-22.4,190.3,2458588.82566,9.839733,9.839874,0,-9999999,0.007562,-0.203974,1.23344,-1.080235,1.345985,0.5,199.9982,2445.153768,-9999999,2019-04-15T07:39:40.717,-9999999,G2,0103.C-0472,Hoeijmakers,-9999999,HARPS_ech_obs_all,HARPS_ech_obs_objAB,STAR_SKY_A4,0.000101626544321853,3.75093662104296E-05,1,1,1
HD133112,225.686515,-3.031795,2458588.8283539,-109.987456,5.770185,-32691.786851,4.690262,-528.05647,5.636812,-32692.859444,4.49298,-528.05647,5.636812,323.101705,120.28496,-69.079358,5.653766,0.570777,0.000611,0.868457,0.000899,0.972455,0.001054,0,39.640543,0.052593,0,-22.4,187.2,2458588.82835,9.832133,9.832265,0,-9999999,0.007562,-0.199042,1.233443,-1.080155,1.345988,0.5,199.9982,1226.646287,222.105776,2019-04-15T07:43:32.710,-9999999,G2,0103.C-0472,Hoeijmakers,-9999999,HARPS_ech_obs_all,HARPS_ech_obs_objAB,STAR_SKY_A4,0.000108834287462801,3.86797691305477E-05,1,1,1
HD133112,225.686515,-3.031795,2458588.8310523,-105.483072,5.745787,-31024.930657,4.648497,-523.54713,5.611834,-31026.00317,4.449363,-523.54713,5.611834,276.310116,121.908165,-72.533967,5.519085,0.570808,0.000602,0.867723,0.00088,0.971597,0.001032,0,43.468746,0.051718,33.695873,-22.4,191.1,2458588.83104,9.824542,9.824668,0,-9999999,0.007562,-0.194086,1.233445,-1.080075,1.345991,0.51,199.9982,273.751561,126.766647,2019-04-15T07:47:23.843,-9999999,G2,0103.C-0472,Hoeijmakers,-9999999,HARPS_ech_obs_all,HARPS_ech_obs_objAB,STAR_SKY_A4,0.000104168526922784,3.58938646141382E-05,1,1,1
HD133112,225.686515,-3.031795,2458588.8337014,-100.333208,5.830767,-34425.464298,4.699922,-518.3924,5.698811,-34426.536733,4.503062,-518.3924,5.698811,299.601077,121.204076,-60.183265,5.418081,0.571422,0.000614,0.869453,0.000902,0.97279,0.001057,0,1.263441,0.043148,348.503497,-22.4,186.7,2458588.83369,9.817136,9.817274,0,-9999999,0.007562,-0.189221,1.233447,-1.079997,1.345994,0.5,199.9982,1421.032905,-9999999,2019-04-15T07:51:14.716,-9999999,G2,0103.C-0472,Hoeijmakers,-9999999,HARPS_ech_obs_all,HARPS_ech_obs_objAB,STAR_SKY_A4,0.000111671501321896,3.67119036875586E-05,1,1,1
HD133112,225.686515,-3.031795,2458588.8363751,-88.92932,5.723197,-25609.319028,4.778771,-506.983602,5.588702,-25610.391383,4.585296,-506.983602,5.588702,125.334182,126.448478,-64.371586,5.790142,0.571123,0.00063,0.870228,0.000924,0.972362,0.001083,0,2.33512,0.031047,0,-22.4,182.3,2458588.83637,9.809708,9.809836,0,-9999999,0.007562,-0.18431,1.23345,-1.079917,1.345997,0.5,199.9982,1199.476177,184.121069,2019-04-15T07:55:05.719,-9999999,G2,0103.C-0472,Hoeijmakers,-9999999,HARPS_ech_obs_all,HARPS_ech_obs_objAB,STAR_SKY_A4,0.000109473415575907,3.56171253412554E-05,1,1,1
HD133112,225.686515,-3.031795,2458588.8390258,-92.944397,6.031991,-20987.123027,4.692303,-510.993811,5.904533,-20988.195304,4.495107,-510.993811,5.904533,78.023194,122.569298,-69.2904,4.921985,0.571026,0.000613,0.869315,0.000899,0.972154,0.001054,0,4.05752,0.030489,0,-22.4,187.2,2458588.83902,9.802394,9.802539,0,-9999999,0.007562,-0.179442,1.233452,-1.079839,1.346,0.49,199.9982,-1313.479505,438.201701,2019-04-15T07:58:56.731,-9999999,G2,0103.C-0472,Hoeijmakers,-9999999,HARPS_ech_obs_all,HARPS_ech_obs_objAB,STAR_SKY_A4,0.000110362136910528,3.58627712196461E-05,1,1,1
HD133112,225.686515,-3.031795,2458588.8417224,-113.280336,6.213457,-29281.425787,4.920153,-531.324797,6.089798,-29282.497984,4.73246,-531.324797,6.089798,201.934156,130.670496,-63.729071,5.600473,0.571273,0.000663,0.870024,0.000972,0.97446,0.00114,0,33.418299,0.067689,11.007597,-22.4,173.3,2458588.84171,9.795005,9.79514,0,-9999999,0.007562,-0.174489,1.233455,-1.079759,1.346004,0.5,199.9982,1035.371134,230.408091,2019-04-15T08:02:47.714,-9999999,G2,0103.C-0472,Hoeijmakers,-9999999,HARPS_ech_obs_all,HARPS_ech_obs_objAB,STAR_SKY_A4,0.000115672652985417,3.57028428952293E-05,1,1,1
HD133112,225.686515,-3.031795,2458588.8443733,-90.943642,6.225909,-37135.127802,4.960452,-508.983234,6.102502,-37136.19992,4.774343,-508.983234,6.102502,113.059154,127.438693,-57.924604,5.837221,0.570702,0.000672,0.868381,0.000983,0.973647,0.001154,0,4.497392,0.028133,12.854389,-22.4,171.1,2458588.84436,9.787794,9.78792,0,-9999999,0.007562,-0.16962,1.233457,-1.07968,1.346007,0.49,199.9982,1304.382574,-9999999,2019-04-15T08:06:38.737,-9999999,G2,0103.C-0472,Hoeijmakers,-9999999,HARPS_ech_obs_all,HARPS_ech_obs_objAB,STAR_SKY_A4,0.000109491029385735,3.61135051892273E-05,1,1,1
HD133112,225.686515,-3.031795,2458588.8470466,-110.302246,6.2275,-29630.348491,5.012934,-528.336928,6.104124,-29631.42053,4.828847,-528.336928,6.104124,136.371183,131.811659,-62.287223,5.905483,0.571362,0.000677,0.870877,0.000993,0.97436,0.001164,0,49.852072,0.09193,17.668549,-22.4,169.8,2458588.84704,9.780577,9.780718,0,-9999999,0.007562,-0.164711,1.23346,-1.079601,1.34601,0.49,199.9982,1426.923758,-9999999,2019-04-15T08:10:29.710,-9999999,G2,0103.C-0472,Hoeijmakers,-9999999,HARPS_ech_obs_all,HARPS_ech_obs_objAB,STAR_SKY_A4,9.52800125322051E-05,3.93698742802525E-05,1,1,1
HD133112,225.686515,-3.031795,2458588.8496742,-113.504894,6.90286,-31897.779951,5.301043,-531.53475,6.791763,-31898.851912,5.12731,-531.53475,6.791763,113.774991,148.573195,-69.977852,6.000403,0.571361,0.000748,0.871694,0.0011,0.973895,0.001289,0,3.680169,0.038619,0,-22.4,153.2,2458588.84967,9.773539,9.773671,0,-9999999,0.007562,-0.159885,1.233463,-1.079523,1.346014,0.47,199.9982,1787.529294,132.598136,2019-04-15T08:14:20.722,-9999999,G2,0103.C-0472,Hoeijmakers,-9999999,HARPS_ech_obs_all,HARPS_ech_obs_objAB,STAR_SKY_A4,0.00010464033104456,3.67500817184437E-05,1,1,1
HD133112,225.686515,-3.031795,2458588.8524173,-101.298718,7.199916,-32587.973266,5.369497,-519.323536,7.093473,-32589.045145,5.198051,-519.323536,7.093473,92.275803,148.573439,-80.583557,6.289142,0.572212,0.00077,0.871467,0.001132,0.973264,0.001325,0,9.957222,0.033844,0,-22.4,149,2458588.85241,9.766252,9.766375,0,-9999999,0.007562,-0.154847,1.233466,-1.079441,1.346017,0.5,199.9982,107.680103,160.223892,2019-04-15T08:18:11.715,-9999999,G2,0103.C-0472,Hoeijmakers,-9999999,HARPS_ech_obs_all,HARPS_ech_obs_objAB,STAR_SKY_A4,0.000101225274205101,3.47860540309717E-05,1,1,1
HD133112,225.686515,-3.031795,2458588.8551143,-128.636709,7.333831,-32480.810023,5.425657,-546.656574,7.229359,-32481.881821,5.256042,-546.656574,7.229359,207.291472,155.77377,-62.727996,6.314078,0.573255,0.000784,0.870586,0.001155,0.973559,0.001353,0,23.663903,0.059222,-8.692988,-22.4,145.9,2458588.85511,9.759149,9.759288,0,-9999999,0.007563,-0.149893,1.233468,-1.079361,1.346021,0.51,199.9982,1159.223249,237.568426,2019-04-15T08:22:02.728,-9999999,G2,0103.C-0472,Hoeijmakers,-9999999,HARPS_ech_obs_all,HARPS_ech_obs_objAB,STAR_SKY_A4,9.13667530083719E-05,3.7362940890786E-05,1,1,1
HD133112,225.686515,-3.031795,2458588.8578341,-133.638947,6.336548,-25845.201771,5.112423,-551.653816,6.215335,-25846.273489,4.932047,-551.653816,6.215335,287.475348,155.46352,-64.680624,6.177852,0.571848,0.000707,0.871386,0.001046,0.974641,0.001225,0,1.361557,0.050667,2.327218,-22.4,161.2,2458588.85783,9.75205,9.752179,0,-9999999,0.007563,-0.144898,1.233471,-1.079281,1.346024,0.53,199.9982,1226.873788,139.82722,2019-04-15T08:25:53.711,-9999999,G2,0103.C-0472,Hoeijmakers,-9999999,HARPS_ech_obs_all,HARPS_ech_obs_objAB,STAR_SKY_A4,0.000115480147745373,3.37811528992898E-05,1,1,1
HD133112,225.686515,-3.031795,2458588.8603923,-137.935495,6.804082,-30243.560962,5.117516,-555.945666,6.691343,-30244.632604,4.937325,-555.945666,6.691343,210.45123,147.403361,-64.61442,5.55628,0.571493,0.000714,0.872491,0.001056,0.974222,0.001236,0,20.056805,0.046015,27.112338,-22.4,159.7,2458588.86038,9.745432,9.745552,0,-9999999,0.007563,-0.140199,1.233474,-1.079205,1.346028,0.48,199.9982,1050.617854,245.278379,2019-04-15T08:29:44.734,-9999999,G2,0103.C-0472,Hoeijmakers,-9999999,HARPS_ech_obs_all,HARPS_ech_obs_objAB,STAR_SKY_A4,0.000107230807543453,3.87906567392394E-05,1,1,1
HD133112,225.686515,-3.031795,2458588.8631352,-149.780214,7.07354,-31994.607778,5.113474,-567.785347,6.965163,-31995.679338,4.933134,-567.785347,6.965163,17.009016,146.699177,-65.119477,5.636367,0.571373,0.000713,0.870917,0.001057,0.975831,0.00124,0,1.856355,0.046574,0,-22.4,159.4,2458588.86313,9.738402,9.738537,0,-9999999,0.007563,-0.135162,1.233477,-1.079123,1.346031,0.51,199.9982,2272.645187,-9999999,2019-04-15T08:33:35.717,-9999999,G2,0103.C-0472,Hoeijmakers,-9999999,HARPS_ech_obs_all,HARPS_ech_obs_objAB,STAR_SKY_A4,0.000104330639779244,3.85817350066583E-05,1,1,1
HD133112,225.686515,-3.031795,2458588.8657627,-135.35833,7.461804,-35348.576155,5.282828,-553.358637,7.359147,-35349.647638,5.10847,-553.358637,7.359147,-12.978968,157.87686,-59.347568,4.911876,0.571852,0.000754,0.870907,0.001116,0.974597,0.001307,0,48.282497,0.051498,0,-22.4,151,2458588.86575,9.731734,9.73186,0,-9999999,0.007563,-0.130336,1.23348,-1.079046,1.346035,0.49,199.9982,906.268726,172.85118,2019-04-15T08:37:26.720,-9999999,G2,0103.C-0472,Hoeijmakers,-9999999,HARPS_ech_obs_all,HARPS_ech_obs_objAB,STAR_SKY_A4,0.000115995571374342,3.5354433521369E-05,1,1,1
HD133112,225.686515,-3.031795,2458588.8685058,-145.284465,7.277541,-31333.107509,5.376984,-563.279734,7.172247,-31334.17891,5.205779,-563.279734,7.172247,272.62226,170.843156,-58.453403,6.292884,0.570053,0.000775,0.872982,0.001151,0.973871,0.001346,0,9.235075,0.043656,-30.104821,-22.4,146.6,2458588.8685,9.724843,9.724984,0,-9999999,0.007563,-0.125298,1.233483,-1.078964,1.346039,0.52,199.9982,1141.708964,200.83362,2019-04-15T08:41:17.723,-9999999,G2,0103.C-0472,Hoeijmakers,-9999999,HARPS_ech_obs_all,HARPS_ech_obs_objAB,STAR_SKY_A4,9.33478016008501E-05,3.8643812140157E-05,1,1,1
HD133112,225.686515,-3.031795,2458588.8711567,-117.568998,7.516045,-26800.500948,5.288988,-535.559399,7.414138,-26801.572271,5.114837,-535.559399,7.414138,8.613873,161.214188,-52.712807,4.930849,0.571941,0.000756,0.870901,0.00113,0.973729,0.001309,0,2.299743,0.034653,0,-22.4,150.7,2458588.87115,9.718254,9.718387,0,-9999999,0.007563,-0.120429,1.233486,-1.078886,1.346043,0.51,199.9982,690.977307,291.733518,2019-04-15T08:45:08.746,-9999999,G2,0103.C-0472,Hoeijmakers,-9999999,HARPS_ech_obs_all,HARPS_ech_obs_objAB,STAR_SKY_A4,0.000104660975144129,3.82809031395589E-05,1,1,1
HD133112,225.686515,-3.031795,2458588.8737605,-136.596135,7.68807,-29025.264928,5.581137,-554.581753,7.588473,-29026.336173,5.416387,-554.581753,7.588473,211.452938,159.610661,-60.282859,6.066527,0.569452,0.000829,0.874692,0.001229,0.976732,0.001439,0,2.799711,0.051984,0,-22.4,137.4,2458588.87375,9.711849,9.711972,0,-9999999,0.007563,-0.115647,1.233489,-1.078808,1.346047,0.48,199.9982,939.691723,272.47291,2019-04-15T08:48:59.708,-9999999,G2,0103.C-0472,Hoeijmakers,-9999999,HARPS_ech_obs_all,HARPS_ech_obs_objAB,STAR_SKY_A4,0.000102888998580335,3.92232290118923E-05,1,1,1
HD133112,225.686515,-3.031795,2458588.8764575,-140.060124,7.744287,-31244.288123,5.550528,-558.040789,7.645422,-31245.359288,5.384841,-558.040789,7.645422,189.487821,177.086761,-60.345073,5.766668,0.570906,0.000823,0.867937,0.001229,0.971494,0.001424,0,6.353218,0.037987,0,-22.4,138.3,2458588.87645,9.705288,9.705426,0,-9999999,0.007563,-0.110693,1.233493,-1.078728,1.346051,0.49,199.9982,1076.686601,274.45644,2019-04-15T08:52:50.721,-9999999,G2,0103.C-0472,Hoeijmakers,-9999999,HARPS_ech_obs_all,HARPS_ech_obs_objAB,STAR_SKY_A4,0.000104650832874014,3.71440692515952E-05,1,1,1
HD133112,225.686515,-3.031795,2458588.879131,-153.521314,7.567372,-36299.084492,5.466498,-571.497069,7.466164,-36300.155578,5.298182,-571.497069,7.466164,117.36179,177.601419,-72.408725,5.90767,0.572114,0.000805,0.874847,0.001196,0.973574,0.001397,0,12.066842,0.037801,653.882577,-22.4,141.3,2458588.87912,9.698859,9.698988,0,-9999999,0.007563,-0.105783,1.233496,-1.078649,1.346055,0.49,199.9982,1037.567117,312.679859,2019-04-15T08:56:41.704,-9999999,G2,0103.C-0472,Hoeijmakers,-9999999,HARPS_ech_obs_all,HARPS_ech_obs_objAB,STAR_SKY_A4,9.57057120672666E-05,3.62976190929956E-05,1,1,1
HD133112,225.686515,-3.031795,2458588.8818048,-158.169375,7.548737,-37386.09295,5.502402,-576.140219,7.447275,-37387.163957,5.335218,-576.140219,7.447275,268.124061,172.411622,-69.334751,5.521622,0.571936,0.000814,0.874158,0.001208,0.975272,0.001412,0,4.270774,0.06062,-7.260361,-22.4,139.9,2458588.8818,9.692505,9.692626,0,-9999999,0.007563,-0.100872,1.233499,-1.07857,1.346059,0.49,199.9982,704.029202,322.8376,2019-04-15T09:00:32.716,-9999999,G2,0103.C-0472,Hoeijmakers,-9999999,HARPS_ech_obs_all,HARPS_ech_obs_objAB,STAR_SKY_A4,0.000106506184714883,3.17336287103911E-05,1,1,1
HD133112,225.686515,-3.031795,2458588.8844557,-165.831738,8.331408,-27582.910635,5.728725,-583.797713,8.239589,-27583.981563,5.568339,-583.797713,8.239589,311.759317,190.839382,-59.473029,6.044244,0.571572,0.000876,0.875002,0.001302,0.976752,0.001525,0,9.235418,0.050943,-58.751802,-22.4,129.9,2458588.88445,9.686281,9.686417,0,-9999999,0.007563,-0.096004,1.233503,-1.078491,1.346063,0.48,199.9982,1226.562517,287.012055,2019-04-15T09:04:23.749,-9999999,G2,0103.C-0472,Hoeijmakers,-9999999,HARPS_ech_obs_all,HARPS_ech_obs_objAB,STAR_SKY_A4,0.000115186353718483,3.42129563793419E-05,1,1,1
HD133112,225.686515,-3.031795,2458588.8872217,-171.255929,8.666252,-34602.444275,5.937286,-589.216824,8.578018,-34603.515121,5.782687,-589.216824,8.578018,266.420847,195.409669,-64.706031,6.052822,0.571451,0.000939,0.871013,0.001385,0.974884,0.001624,0,10.273402,0.037598,0,-22.4,121.7,2458588.88721,9.67987,9.679997,0,-9999999,0.007563,-0.090923,1.233506,-1.078409,1.346067,0.52,199.9982,1291.600273,169.852765,2019-04-15T09:08:14.722,-9999999,G2,0103.C-0472,Hoeijmakers,-9999999,HARPS_ech_obs_all,HARPS_ech_obs_objAB,STAR_SKY_A4,9.73017033416629E-05,3.94829086605068E-05,1,1,1
HD133112,225.686515,-3.031795,2458588.8899187,-123.5021,8.272928,-21552.874872,5.833519,-541.458042,8.180452,-21553.945638,5.676093,-541.458042,8.180452,34.005386,207.525023,-56.987585,5.560317,0.571141,0.000905,0.873404,0.001356,0.965344,0.001542,0,1.133477,0.068671,0,-22.4,126.1,2458588.88991,9.673701,9.673821,0,-9999999,0.007563,-0.08597,1.23351,-1.078329,1.346072,0.53,199.9982,920.182887,240.379832,2019-04-15T09:12:05.735,-9999999,G2,0103.C-0472,Hoeijmakers,-9999999,HARPS_ech_obs_all,HARPS_ech_obs_objAB,STAR_SKY_A4,0.000104025157175475,3.84163452544949E-05,1,1,1
HD133112,225.686515,-3.031795,2458588.8924996,-167.189726,8.070517,-39521.620917,5.881008,-585.140927,7.975694,-39522.691606,5.724887,-585.140927,7.975694,640.367397,248.9697,-67.627955,6.27558,0.572619,0.000918,0.873295,0.001372,0.975334,0.001589,0,0.897018,0.054536,10.721067,-22.4,124.5,2458588.89249,9.667875,9.668007,0,-9999999,0.007563,-0.08123,1.233513,-1.078252,1.346076,0.49,199.9982,1652.498041,374.116411,2019-04-15T09:15:56.718,-9999999,G2,0103.C-0472,Hoeijmakers,-9999999,HARPS_ech_obs_all,HARPS_ech_obs_objAB,STAR_SKY_A4,0.000108441799070656,3.62000450097978E-05,1,1,1
HD133112,225.686515,-3.031795,2458588.8951964,-144.899132,7.615988,-37916.391834,5.868986,-562.84538,7.515431,-37917.462443,5.712536,-562.84538,7.515431,232.510591,220.870186,-62.653044,7.227841,0.569937,0.000918,0.872465,0.001378,0.961819,0.001567,0,1.054075,0.058501,9.264375,-22.4,123.8,2458588.89519,9.66187,9.661994,0,-9999999,0.007563,-0.076277,1.233516,-1.078172,1.34608,0.5,199.9982,1888.555265,92.093672,2019-04-15T09:19:47.710,-9999999,G2,0103.C-0472,Hoeijmakers,-9999999,HARPS_ech_obs_all,HARPS_ech_obs_objAB,STAR_SKY_A4,0.000102660228109057,3.3062316559908E-05,1,1,1
HD133112,225.686515,-3.031795,2458588.8978703,-165.926626,9.083941,-31613.938207,6.010488,-583.867963,8.999801,-31615.008737,5.857817,-583.867963,8.999801,209.404723,217.935163,-57.877502,6.240231,0.569836,0.000961,0.874996,0.001445,0.974693,0.00167,0,32.284397,0.060148,49.234701,-22.4,118.3,2458588.89786,9.656,9.656137,0,-9999999,0.007563,-0.071366,1.23352,-1.078093,1.346085,0.5,199.9982,1291.384693,218.221742,2019-04-15T09:23:38.723,-9999999,G2,0103.C-0472,Hoeijmakers,-9999999,HARPS_ech_obs_all,HARPS_ech_obs_objAB,STAR_SKY_A4,0.000112682144010902,3.89420560870512E-05,1,1,1
HD133112,225.686515,-3.031795,2458588.9004743,-179.389855,8.893006,-38809.583878,6.147278,-597.32641,8.807041,-38810.654331,5.998089,-597.32641,8.807041,419.378855,198.296069,-71.03322,7.694832,0.570545,0.001003,0.877849,0.001505,0.976479,0.001739,0,2.575668,0.071081,0,-22.4,113.9,2458588.90047,9.650366,9.650495,0,-9999999,0.007563,-0.066583,1.233524,-1.078016,1.346089,0.47,199.9982,1439.31904,221.566048,2019-04-15T09:27:29.706,-9999999,G2,0103.C-0472,Hoeijmakers,-9999999,HARPS_ech_obs_all,HARPS_ech_obs_objAB,STAR_SKY_A4,0.000105863955502475,4.26258407196452E-05,1,1,1
HD133112,225.686515,-3.031795,2458588.9032406,-196.559953,9.161947,-27352.230766,6.082342,-614.491427,9.078529,-27353.301137,5.931519,-614.491427,9.078529,434.177748,216.194413,-67.306368,6.685459,0.572549,0.000988,0.87402,0.001479,0.971602,0.001707,0,4.424714,0.043877,0,-22.4,115.6,2458588.90323,9.644471,9.644593,0,-9999999,0.007563,-0.061503,1.233527,-1.077934,1.346094,0.51,199.9982,1222.374667,272.69458,2019-04-15T09:31:20.709,-9999999,G2,0103.C-0472,Hoeijmakers,-9999999,HARPS_ech_obs_all,HARPS_ech_obs_objAB,STAR_SKY_A4,0.000110735466354045,3.40652110506758E-05,1,1,1
HD133112,225.686515,-3.031795,2458588.9058913,-193.512895,8.711154,-35556.222002,6.039623,-611.439501,8.623376,-35557.292294,5.887704,-611.439501,8.623376,641.437937,250.670258,-60.169998,6.490613,0.570767,0.000966,0.874442,0.001438,0.976829,0.001684,0,8.426393,0.029161,0,-22.4,117.6,2458588.90588,9.63891,9.639044,0,-9999999,0.007563,-0.056634,1.233531,-1.077855,1.346099,0.5,199.9982,2526.155663,-9999999,2019-04-15T09:35:11.722,-9999999,G2,0103.C-0472,Hoeijmakers,-9999999,HARPS_ech_obs_all,HARPS_ech_obs_objAB,STAR_SKY_A4,0.000105768632904434,3.7891551942758E-05,1,1,1
HD133112,225.686515,-3.031795,2458588.9085425,-165.41618,8.012622,-18602.178545,5.924911,-583.337917,7.917102,-18603.248758,5.769972,-583.337917,7.917102,301.631922,218.830744,-67.739931,6.887531,0.570459,0.000943,0.874728,0.001424,0.964084,0.001618,0,0.892565,0.043177,0,-22.4,120.1,2458588.90853,9.633436,9.633565,0,-9999999,0.007564,-0.051765,1.233535,-1.077777,1.346103,0.49,199.9982,1859.117974,162.801959,2019-04-15T09:39:02.775,-9999999,G2,0103.C-0472,Hoeijmakers,-9999999,HARPS_ech_obs_all,HARPS_ech_obs_objAB,STAR_SKY_A4,0.000109667477689494,3.45324106076072E-05,1,1,1
HD133112,225.686515,-3.031795,2458588.9112155,-161.451532,8.859113,-33372.017542,6.137097,-579.368359,8.772814,-33373.087675,5.98765,-579.368359,8.772814,378.24613,223.607742,-53.821344,6.219112,0.571586,0.001012,0.873955,0.001519,0.96232,0.001725,0,10.24372,0.038987,0,-22.4,112.6,2458588.91121,9.628007,9.628128,0,-9999999,0.007564,-0.046856,1.233539,-1.077697,1.346108,0.49,199.9982,1933.554323,-9999999,2019-04-15T09:42:53.717,-9999999,G2,0103.C-0472,Hoeijmakers,-9999999,HARPS_ech_obs_all,HARPS_ech_obs_objAB,STAR_SKY_A4,9.94861340634177E-05,3.89302594727551E-05,1,1,1
HD133112,225.686515,-3.031795,2458588.9139358,-178.629143,8.910949,-26621.665849,5.851077,-596.540974,8.825156,-26622.735902,5.694127,-596.540974,8.825156,89.749519,220.25565,-62.744551,6.102097,0.571874,0.000929,0.877792,0.001405,0.962902,0.001592,0,1.027816,0.04346,0,-22.4,121.9,2458588.91393,9.622576,9.622708,0,-9999999,0.007564,-0.041859,1.233543,-1.077617,1.346113,0.51,199.9982,821.417135,316.449992,2019-04-15T09:46:44.740,-9999999,G2,0103.C-0472,Hoeijmakers,-9999999,HARPS_ech_obs_all,HARPS_ech_obs_objAB,STAR_SKY_A4,0.000116398343914798,3.2148193854017E-05,1,1,1
HD133112,225.686515,-3.031795,2458588.9166439,-188.424637,9.313874,-34026.915433,6.049603,-606.331494,9.231826,-34027.985405,5.897937,-606.331494,9.231826,354.150953,247.915377,-64.965075,7.800118,0.571836,0.000988,0.873706,0.001488,0.966879,0.001695,0,1.699608,0.064131,1.338613,-22.4,114.8,2458588.91664,9.617265,9.61739,0,-9999999,0.007564,-0.036886,1.233547,-1.077536,1.346118,0.52,199.9982,869.915737,425.57492,2019-04-15T09:50:36.713,-9999999,G2,0103.C-0472,Hoeijmakers,-9999999,HARPS_ech_obs_all,HARPS_ech_obs_objAB,STAR_SKY_A4,0.000104106088474275,3.53156639114778E-05,1,1,1
HD133112,225.686515,-3.031795,2458588.9193176,-196.808952,8.718842,-40130.869216,6.067364,-614.710899,8.631139,-40131.939109,5.916152,-614.710899,8.631139,726.721269,265.994038,-63.52152,6.389229,0.570695,0.000992,0.875094,0.001502,0.975731,0.001739,0,11.710903,0.047837,0,-22.4,113.8,2458588.91931,9.612115,9.612251,0,-9999999,0.007564,-0.031975,1.233551,-1.077457,1.346123,0.52,199.9982,2380.948325,325.324029,2019-04-15T09:54:27.716,-9999999,G2,0103.C-0472,Hoeijmakers,-9999999,HARPS_ech_obs_all,HARPS_ech_obs_objAB,STAR_SKY_A4,0.000100410183690747,3.72102920278737E-05,1,1,1
HD133112,225.686515,-3.031795,2458588.9218988,-190.132237,9.286654,-33363.523742,6.026351,-608.029443,9.204362,-33364.593558,5.874083,-608.029443,9.204362,429.118831,233.740397,-61.94114,6.792303,0.573617,0.000981,0.875845,0.001478,0.963365,0.001678,0,18.089936,0.049047,0,-22.4,115.8,2458588.92189,9.607235,9.607364,0,-9999999,0.007564,-0.027234,1.233555,-1.07738,1.346128,0.48,199.9982,1030.593974,321.334386,2019-04-15T09:58:18.719,-9999999,G2,0103.C-0472,Hoeijmakers,-9999999,HARPS_ech_obs_all,HARPS_ech_obs_objAB,STAR_SKY_A4,9.47399018360406E-05,3.96546416923425E-05,1,1,1
HD133112,225.686515,-3.031795,2458588.9246188,-205.866562,8.905112,-34648.453042,6.097521,-623.758772,8.81926,-34649.522778,5.947074,-623.758772,8.81926,627.735661,260.275398,-66.136616,7.744323,0.572266,0.001017,0.876044,0.00154,0.965273,0.001749,0,0.964005,0.099824,6.396091,-22.4,111.2,2458588.92461,9.602188,9.602311,0,-9999999,0.007564,-0.022239,1.233559,-1.0773,1.346133,0.5,199.9982,2477.88973,296.159123,2019-04-15T10:02:09.721,-9999999,G2,0103.C-0472,Hoeijmakers,-9999999,HARPS_ech_obs_all,HARPS_ech_obs_objAB,STAR_SKY_A4,0.000102566814314768,3.85537555180991E-05,1,1,1
HD133112,225.686515,-3.031795,2458588.9272693,-202.529107,9.442278,-34190.219592,6.291078,-620.416449,9.361353,-34191.289249,6.14537,-620.416449,9.361353,390.803271,246.485961,-66.695412,7.355156,0.569707,0.001084,0.874965,0.001645,0.965317,0.001873,0,0.876839,0.077486,114.517421,-22.4,103.9,2458588.92726,9.597367,9.5975,0,-9999999,0.007564,-0.017371,1.233563,-1.077221,1.346138,0.49,199.9982,2247.317349,313.025156,2019-04-15T10:06:00.714,-9999999,G2,0103.C-0472,Hoeijmakers,-9999999,HARPS_ech_obs_all,HARPS_ech_obs_objAB,STAR_SKY_A4,0.000101091168320503,3.79254148641229E-05,1,1,1
HD133112,225.686515,-3.031795,2458588.929966,-158.734694,9.110016,-36434.85417,6.139467,-576.617083,9.026112,-36435.923747,5.990071,-576.617083,9.026112,238.262494,248.889525,-50.260137,6.428679,0.573126,0.001042,0.875955,0.001579,0.964984,0.001794,0,6.24077,0.053416,-215.61439,-22.4,108.5,2458588.92996,9.592561,9.592688,0,-9999999,0.007564,-0.012418,1.233567,-1.077141,1.346143,0.5,199.9982,1902.459041,46.480433,2019-04-15T10:09:51.707,-9999999,G2,0103.C-0472,Hoeijmakers,-9999999,HARPS_ech_obs_all,HARPS_ech_obs_objAB,STAR_SKY_A4,0.000113258575831303,3.87786175896308E-05,1,1,1
HD133112,225.686515,-3.031795,2458588.9326861,-185.372389,9.343972,-37556.166309,6.120757,-603.249782,9.262187,-37557.235805,5.970892,-603.249782,9.262187,209.614363,308.778505,-71.165658,6.924505,0.572471,0.001025,0.879557,0.001564,0.964405,0.001773,0,1.401029,0.065172,0,-22.4,109.8,2458588.93268,9.587815,9.587937,0,-9999999,0.007564,-0.007422,1.233571,-1.07706,1.346149,0.52,199.9982,1348.423912,395.870036,2019-04-15T10:13:42.710,-9999999,G2,0103.C-0472,Hoeijmakers,-9999999,HARPS_ech_obs_all,HARPS_ech_obs_objAB,STAR_SKY_A4,0.00010670181689118,3.89069840822375E-05,1,1,1
HD133112,225.686515,-3.031795,2458588.9352904,-198.903065,9.221257,-35418.404745,6.116723,-616.775675,9.138374,-35419.474164,5.966755,-616.775675,9.138374,313.676415,290.275756,-67.628322,8.065827,0.570281,0.001037,0.878804,0.001587,0.964233,0.001799,0,1.311425,0.095465,3.541907,-22.4,108.1,2458588.93528,9.583369,9.5835,0,-9999999,0.007564,-0.002639,1.233575,-1.076983,1.346154,0.49,199.9982,2134.635108,270.29538,2019-04-15T10:17:33.713,-9999999,G2,0103.C-0472,Hoeijmakers,-9999999,HARPS_ech_obs_all,HARPS_ech_obs_objAB,STAR_SKY_A4,0.000101104331068442,4.00798486733566E-05,1,1,1
HD133112,225.686515,-3.031795,2458588.9380341,-171.624757,9.204016,-33846.577194,6.051194,-589.492328,9.120975,-33847.646532,5.89956,-589.492328,9.120975,232.879892,239.597597,-49.656125,6.185089,0.572549,0.001034,0.880552,0.00158,0.964303,0.001789,0,3.457467,0.064381,-17.90545,-22.4,108.7,2458588.93803,9.578788,9.578915,0,-9999999,0.007564,0.0024,1.23358,-1.076902,1.34616,0.52,199.9982,1483.582078,211.837022,2019-04-15T10:21:24.766,-9999999,G2,0103.C-0472,Hoeijmakers,-9999999,HARPS_ech_obs_all,HARPS_ech_obs_objAB,STAR_SKY_A4,0.000112404722767312,3.41036680101982E-05,1,1,1
HD133112,225.686515,-3.031795,2458599.6052207,12.173513,10.665101,-20306.081071,6.706062,-405.692916,10.593539,-20305.991847,6.569602,-405.692916,10.593539,438.960397,199.139584,6.954537,4.585063,0.574871,0.001231,0.870823,0.001745,0.965959,0.002016,0,-0.723371,0.077423,1947.201854,-22.4,97.3,2458599.60521,5.159694,5.159838,0,-9999999,0.007771,0.003542,1.233417,0.081453,1.345956,0.52,199.9981,502.04362,251.450782,2019-04-26T02:21:46.886,-9999999,G2,0103.C-0472,Hoeijmakers,-9999999,HARPS_ech_obs_all,HARPS_ech_obs_objAB,STAR_SKY_A4,0.000113298083958134,3.8590484643634E-05,1,1,1
HD133112,225.686515,-3.031795,2458599.607825,-3.299707,10.393655,-36093.248505,6.701498,-421.161353,10.320211,-36093.159204,6.564943,-421.161353,10.320211,536.092436,262.932688,3.417633,4.621918,0.572371,0.001224,0.870368,0.001748,0.979039,0.002059,0,1.80929,0.083641,0,-22.4,97.2,2458599.60781,5.15385,5.153986,0,-9999999,0.007771,0.008325,1.233415,0.08153,1.345954,0.49,199.9981,379.142124,179.561685,2019-04-26T02:25:37.889,-9999999,G2,0103.C-0472,Hoeijmakers,-9999999,HARPS_ech_obs_all,HARPS_ech_obs_objAB,STAR_SKY_A4,0.000103013312388193,3.62785499215661E-05,1,1,1
HD133112,225.686515,-3.031795,2458599.6105218,46.08126,11.264767,-23137.365727,6.54819,-371.775433,11.197038,-23137.276346,6.40837,-371.775433,11.197038,784.417171,275.847583,21.682753,4.868951,0.571862,0.00115,0.872709,0.001636,0.965184,0.001887,0,1.449266,0.063203,0.095655,-22.4,103.9,2458599.61051,5.147716,5.147865,0,-9999999,0.007771,0.013278,1.233414,0.08161,1.345952,0.5,199.9981,-1421.196055,402.440588,2019-04-26T02:29:28.891,-9999999,G2,0103.C-0472,Hoeijmakers,-9999999,HARPS_ech_obs_all,HARPS_ech_obs_objAB,STAR_SKY_A4,0.000117861061103362,3.53409780250866E-05,1,1,1
HD133112,225.686515,-3.031795,2458599.6132188,6.360595,9.936565,-21195.359583,6.532378,-411.491145,9.859717,-21195.270122,6.392213,-411.491145,9.859717,604.222844,208.717443,6.037761,5.163325,0.571483,0.001142,0.872642,0.001625,0.961355,0.00187,0,1.751068,0.056277,1681083342.09,-22.4,104.5,2458599.61321,5.141498,5.14164,0,-9999999,0.007771,0.018232,1.233412,0.08169,1.34595,0.51,199.9982,562.394864,236.171323,2019-04-26T02:33:19.904,-9999999,G2,0103.C-0472,Hoeijmakers,-9999999,HARPS_ech_obs_all,HARPS_ech_obs_objAB,STAR_SKY_A4,9.63493596776967E-05,3.92174171147285E-05,1,1,1
HD133112,225.686515,-3.031795,2458599.6158695,49.392809,10.342485,-17936.415291,6.497513,-368.454062,10.268675,-17936.325751,6.356579,-368.454062,10.268675,-30.184631,182.652277,-9.666794,5.035629,0.571411,0.001138,0.869664,0.001619,0.965849,0.001873,0,0.872912,0.046715,1.537399,-22.4,104.7,2458599.61586,5.135308,5.135442,0,-9999999,0.007771,0.0231,1.23341,0.081769,1.345948,0.5,199.9982,-2012.602804,331.870168,2019-04-26T02:37:10.927,-9999999,G2,0103.C-0472,Hoeijmakers,-9999999,HARPS_ech_obs_all,HARPS_ech_obs_objAB,STAR_SKY_A4,9.5378017379125E-05,4.12383268161189E-05,1,1,1
HD133112,225.686515,-3.031795,2458599.618566,7.675603,9.295092,-19428.092399,6.453295,-410.166316,9.212895,-19428.002779,6.311374,-410.166316,9.212895,140.62491,370.164052,-10.273802,4.741912,0.5727,0.001123,0.870392,0.001597,0.965106,0.001845,0,1.169594,0.053062,-0.207576,-22.4,106.2,2458599.61856,5.128931,5.129079,0,-9999999,0.007771,0.028053,1.233409,0.081849,1.345946,0.51,199.9982,-858.008803,416.735445,2019-04-26T02:41:01.900,-9999999,G2,0103.C-0472,Hoeijmakers,-9999999,HARPS_ech_obs_all,HARPS_ech_obs_objAB,STAR_SKY_A4,9.63536651355394E-05,3.85760336192367E-05,1,1,1
HD133112,225.686515,-3.031795,2458599.6212402,7.154828,9.484545,-20149.775797,6.42481,-410.682179,9.404004,-20149.686098,6.282246,-410.682179,9.404004,122.10457,247.556742,12.047547,4.878898,0.572179,0.001099,0.866579,0.001561,0.964582,0.001808,0,1.860711,0.049823,0,-22.4,108.3,2458599.62123,5.122529,5.12267,0,-9999999,0.007771,0.032964,1.233407,0.081928,1.345944,0.51,199.9982,-1816.272433,510.852967,2019-04-26T02:44:52.943,-9999999,G2,0103.C-0472,Hoeijmakers,-9999999,HARPS_ech_obs_all,HARPS_ech_obs_objAB,STAR_SKY_A4,0.000111385375492399,3.36712410686571E-05,1,1,1
HD133112,225.686515,-3.031795,2458599.6239131,0.918008,10.27494,-24536.556875,6.442934,-416.91409,10.200642,-24536.467097,6.300781,-416.91409,10.200642,312.715417,301.628413,16.308573,5.198651,0.570683,0.001108,0.870141,0.001582,0.967712,0.001831,0,1.665074,0.047847,-0.147912,-22.4,107.1,2458599.6239,5.116055,5.116186,0,-9999999,0.007771,0.037873,1.233406,0.082007,1.345943,0.51,199.9982,-1832.434596,589.64869,2019-04-26T02:48:43.876,-9999999,G2,0103.C-0472,Hoeijmakers,-9999999,HARPS_ech_obs_all,HARPS_ech_obs_objAB,STAR_SKY_A4,9.72423727262609E-05,3.81434264884183E-05,1,1,1
HD133112,225.686515,-3.031795,2458599.6265638,3.746848,9.949263,-26209.382145,6.564607,-414.080382,9.872515,-26209.292288,6.425147,-414.080382,9.872515,483.093664,172.586019,16.046336,4.968603,0.573062,0.00115,0.870437,0.001637,0.96541,0.001893,0,1.980126,0.058102,0.687147,-22.4,103.6,2458599.62655,5.10956,5.109706,0,-9999999,0.007771,0.042742,1.233405,0.082086,1.345941,0.5,199.9981,571.596209,183.245768,2019-04-26T02:52:34.898,-9999999,G2,0103.C-0472,Hoeijmakers,-9999999,HARPS_ech_obs_all,HARPS_ech_obs_objAB,STAR_SKY_A4,0.000100395699524363,3.288601942519E-05,1,1,1
HD133112,225.686515,-3.031795,2458599.6292853,0.678485,9.486216,-27860.606663,6.274168,-417.143746,9.40569,-27860.516726,6.128102,-417.143746,9.40569,623.975831,223.860698,24.358802,4.778262,0.570766,0.001044,0.868996,0.001488,0.963561,0.00172,0,1.362577,0.084354,141.850189,-22.4,113.8,2458599.62928,5.102818,5.102931,0,-9999999,0.007771,0.04774,1.233403,0.082166,1.345939,0.52,199.9981,-1169.476344,496.310653,2019-04-26T02:56:26.031,-9999999,G2,0103.C-0472,Hoeijmakers,-9999999,HARPS_ech_obs_all,HARPS_ech_obs_objAB,STAR_SKY_A4,-9999999,-9999999,-9999999,-9999999,-9999999
HD133112,225.686515,-3.031795,2458599.6318428,19.901724,10.549951,-89998.262821,6.015151,-397.91581,10.477604,-89998.172808,5.862635,-397.91581,10.477604,647.920027,273.224942,21.723578,4.234371,0.573694,0.000953,0.870017,0.001355,0.966469,0.001567,0,64.23416,0.289689,0,-22.4,125,2458599.63183,5.096415,5.096546,0,-9999999,0.007771,0.052437,1.233402,0.082242,1.345938,0.47,199.9982,-2027.655741,246.696554,2019-04-26T03:00:16.994,-9999999,G2,0103.C-0472,Hoeijmakers,-9999999,HARPS_ech_obs_all,HARPS_ech_obs_objAB,STAR_SKY_A4,9.9867791512638E-05,3.30640293301545E-05,1,1,1
HD133112,225.686515,-3.031795,2458599.6345713,-2.966189,8.369952,-35702.173834,5.984232,-420.778712,8.278576,-35702.08374,5.830908,-420.778712,8.278576,505.207552,192.349049,18.5776,4.117815,0.571923,0.000941,0.871453,0.001343,0.963859,0.001549,0,14.426235,0.04094,0,-22.4,126.2,2458599.63456,5.089513,5.089652,0,-9999999,0.007771,0.057449,1.233401,0.082323,1.345936,0.49,199.9981,549.338307,242.372608,2019-04-26T03:04:08.737,-9999999,G2,0103.C-0472,Hoeijmakers,-9999999,HARPS_ech_obs_all,HARPS_ech_obs_objAB,STAR_SKY_A4,9.37865225920823E-05,3.82765477654409E-05,1,1,1
HD133112,225.686515,-3.031795,2458599.6372704,19.462426,8.632578,-35266.928073,6.208381,-398.34514,8.544011,-35266.837898,6.060731,-398.34514,8.544011,103.012122,128.080885,3.450067,5.093133,0.5708,0.001007,0.871825,0.001439,0.966786,0.001661,0,316.055325,2.149711,0,-22.4,118,2458599.63726,5.082616,5.082752,0,-9999999,0.007772,0.062406,1.2334,0.082403,1.345935,0.5,199.9982,-1315.779241,393.822807,2019-04-26T03:07:59.930,-9999999,G2,0103.C-0472,Hoeijmakers,-9999999,HARPS_ech_obs_all,HARPS_ech_obs_objAB,STAR_SKY_A4,9.36568781385013E-05,3.92998727274301E-05,1,1,1
HD133112,225.686515,-3.031795,2458599.6398981,-16.232268,9.079535,-31822.725696,6.076136,-434.035008,8.99537,-31822.635443,5.925191,-434.035008,8.99537,330.375749,179.665679,25.124849,4.308069,0.572409,0.000972,0.871598,0.001391,0.966123,0.001606,0,1.804229,0.041321,0,-22.4,122,2458599.63989,5.075836,5.075988,0,-9999999,0.007772,0.067232,1.233399,0.082481,1.345933,0.48,199.9982,-1363.414285,411.227452,2019-04-26T03:11:50.963,-9999999,G2,0103.C-0472,Hoeijmakers,-9999999,HARPS_ech_obs_all,HARPS_ech_obs_objAB,STAR_SKY_A4,9.82228791250067E-05,3.93321475468045E-05,1,1,1
HD133112,225.686515,-3.031795,2458599.6426406,-22.379936,8.578658,-28233.690925,5.773882,-440.177639,8.489529,-28233.60059,5.614818,-440.177639,8.489529,533.268596,140.873746,18.242404,4.294142,0.572683,0.000883,0.869662,0.001263,0.963329,0.001458,0,1.212883,0.044758,0,-22.4,133.9,2458599.64263,5.068692,5.068834,0,-9999999,0.007772,0.072269,1.233397,0.082563,1.345932,0.51,199.9981,-508.592572,355.100117,2019-04-26T03:15:41.905,-9999999,G2,0103.C-0472,Hoeijmakers,-9999999,HARPS_ech_obs_all,HARPS_ech_obs_objAB,STAR_SKY_A4,0.000109663327944229,3.4268777448872E-05,1,1,1
HD133112,225.686515,-3.031795,2458599.645314,-14.254312,7.82168,-31350.233991,5.483851,-432.047105,7.723821,-31350.143577,5.316116,-432.047105,7.723821,600.923575,102.227386,7.762662,4.208759,0.571772,0.000801,0.869951,0.001148,0.965137,0.001325,0,382.810757,4.759483,0,-22.4,147.5,2458599.6453,5.061664,5.061796,0,-9999999,0.007772,0.077179,1.233396,0.082642,1.345931,0.51,199.9982,-890.878102,350.715866,2019-04-26T03:19:32.888,-9999999,G2,0103.C-0472,Hoeijmakers,-9999999,HARPS_ech_obs_all,HARPS_ech_obs_objAB,STAR_SKY_A4,0.000110510959573473,3.37159533386495E-05,1,1,1
HD133112,225.686515,-3.031795,2458599.6479415,10.852929,7.325467,-24880.047753,5.805376,-406.935038,7.220887,-24879.957261,5.6472,-406.935038,7.220887,-105.232088,114.145131,-7.150102,3.93265,0.570808,0.000877,0.870017,0.001256,0.967498,0.001454,0,5.313383,0.041082,2.315315,-22.4,134.8,2458599.64793,5.054697,5.054845,0,-9999999,0.007772,0.082005,1.233395,0.08272,1.34593,0.49,199.9981,-1117.196539,393.182499,2019-04-26T03:23:23.901,-9999999,G2,0103.C-0472,Hoeijmakers,-9999999,HARPS_ech_obs_all,HARPS_ech_obs_objAB,STAR_SKY_A4,9.8176619015596E-05,3.994942018674E-05,1,1,1
HD133112,225.686515,-3.031795,2458599.6506844,-24.792432,7.202694,-23125.877792,5.510684,-442.575361,7.096305,-23125.787219,5.343792,-442.575361,7.096305,325.099419,98.400385,1.882392,3.515116,0.570136,0.000807,0.871803,0.001161,0.967361,0.001341,0,1.393982,0.055583,0,-22.4,146,2458599.65067,5.047361,5.0475,0,-9999999,0.007772,0.087043,1.233395,0.082801,1.345928,0.52,199.9982,-902.932343,375.798201,2019-04-26T03:27:14.884,-9999999,G2,0103.C-0472,Hoeijmakers,-9999999,HARPS_ech_obs_all,HARPS_ech_obs_objAB,STAR_SKY_A4,9.76436264795663E-05,3.64969027284138E-05,1,1,1
HD133112,225.686515,-3.031795,2458599.6533584,21.465584,6.867338,-28230.67447,5.362972,-396.312434,6.75567,-28230.583817,5.191334,-396.312434,6.75567,3.212933,84.168326,-12.490141,4.679668,0.572751,0.000767,0.872104,0.001104,0.963566,0.001272,0,0.879927,0.048696,0,-22.4,153.4,2458599.65335,5.040151,5.040281,0,-9999999,0.007772,0.091954,1.233394,0.082881,1.345927,0.52,199.9982,-809.586178,360.146618,2019-04-26T03:31:05.917,-9999999,G2,0103.C-0472,Hoeijmakers,-9999999,HARPS_ech_obs_all,HARPS_ech_obs_objAB,STAR_SKY_A4,0.00011058989392306,3.0494914013556E-05,1,1,1
HD133112,225.686515,-3.031795,2458599.6560088,-23.332263,7.213136,-39027.849198,5.286205,-441.105413,7.106903,-39027.758467,5.11199,-441.105413,7.106903,371.034758,72.515353,1.58223,3.495593,0.572214,0.00075,0.87185,0.00108,0.964738,0.001245,0,3.759844,0.045164,0,-22.4,156.8,2458599.656,5.032948,5.033093,0,-9999999,0.007772,0.096822,1.233393,0.082959,1.345926,0.51,199.9982,-997.289624,328.474082,2019-04-26T03:34:56.900,-9999999,G2,0103.C-0472,Hoeijmakers,-9999999,HARPS_ech_obs_all,HARPS_ech_obs_objAB,STAR_SKY_A4,0.000113987223985455,3.27285009223044E-05,1,1,1
HD133112,225.686515,-3.031795,2458599.6586821,-1.685654,7.612444,-38399.554797,5.21309,-419.453894,7.51186,-38399.463986,5.036347,-419.453894,7.51186,367.497949,91.375949,-1.843592,3.327931,0.570525,0.00073,0.870019,0.001051,0.966836,0.001215,0,10.37686,0.023797,0,-22.4,161,2458599.65867,5.025627,5.025763,0,-9999999,0.007772,0.101731,1.233392,0.083039,1.345925,0.51,199.9982,-1915.557501,264.778469,2019-04-26T03:38:47.873,-9999999,G2,0103.C-0472,Hoeijmakers,-9999999,HARPS_ech_obs_all,HARPS_ech_obs_objAB,STAR_SKY_A4,8.89608071114938E-05,3.8792994454798E-05,1,1,1
HD133112,225.686515,-3.031795,2458599.661356,-1.805788,6.677239,-27894.131941,5.25997,-419.569117,6.562337,-27894.041051,5.084857,-419.569117,6.562337,163.245205,79.942526,-4.683441,3.194669,0.57144,0.00074,0.871672,0.001067,0.965133,0.00123,0,1.743589,0.073213,140.445511,-22.4,158.7,2458599.66135,5.018252,5.018404,0,-9999999,0.007772,0.106642,1.233391,0.083118,1.345924,0.51,199.9982,180.530249,82.878935,2019-04-26T03:42:38.895,-9999999,G2,0103.C-0472,Hoeijmakers,-9999999,HARPS_ech_obs_all,HARPS_ech_obs_objAB,STAR_SKY_A4,9.77600724254004E-05,3.86263701123576E-05,1,1,1
HD133112,225.686515,-3.031795,2458599.6640296,-53.099891,7.261087,-28937.436053,5.135939,-470.85831,7.155566,-28937.345084,4.956446,-470.85831,7.155566,334.658157,96.538072,6.733612,3.936398,0.571632,0.000711,0.871153,0.001024,0.96639,0.001183,0,62.308081,0.087647,-2.075387,-22.4,165.2,2458599.66402,5.010825,5.010968,0,-9999999,0.007772,0.111553,1.233391,0.083197,1.345924,0.51,199.9982,1059.79161,280.456715,2019-04-26T03:46:29.889,-9999999,G2,0103.C-0472,Hoeijmakers,-9999999,HARPS_ech_obs_all,HARPS_ech_obs_objAB,STAR_SKY_A4,9.81914727355314E-05,3.65939840334291E-05,1,1,1
HD133112,225.686515,-3.031795,2458599.666738,0.499778,6.374292,-28190.176715,5.12801,-417.253666,6.253827,-28190.085665,4.94823,-417.253666,6.253827,36.980316,75.231554,-9.108676,3.796788,0.572116,0.000704,0.869436,0.001025,0.967126,0.001172,0,15.79604,0.034447,-49.113589,-22.4,166.7,2458599.66673,5.003251,5.003384,0,-9999999,0.007772,0.116527,1.23339,0.083278,1.345923,0.52,199.9982,-659.874258,390.152631,2019-04-26T03:50:21.891,-9999999,G2,0103.C-0472,Hoeijmakers,-9999999,HARPS_ech_obs_all,HARPS_ech_obs_objAB,STAR_SKY_A4,0.000110488270308484,3.6340085954058E-05,1,1,1
HD133112,225.686515,-3.031795,2458599.6694116,-32.560318,6.422824,-39279.123457,5.109806,-450.308852,6.303286,-39279.032328,4.929362,-450.308852,6.303286,288.078865,79.272696,-2.231678,2.975923,0.572255,0.000706,0.871656,0.001017,0.9663,0.001173,0,-0.612375,0.050029,15.078382,-22.4,166.5,2458599.6694,4.995726,4.995876,0,-9999999,0.007772,0.121438,1.233389,0.083357,1.345922,0.52,199.9982,-768.20348,385.15672,2019-04-26T03:54:12.884,-9999999,G2,0103.C-0472,Hoeijmakers,-9999999,HARPS_ech_obs_all,HARPS_ech_obs_objAB,STAR_SKY_A4,0.000109415596214439,3.81026156697399E-05,1,1,1
HD133112,225.686515,-3.031795,2458599.6720853,11.056869,6.471035,-25730.330969,5.154234,-406.686754,6.352405,-25730.239761,4.975402,-406.686754,6.352405,-96.449613,81.141711,-16.497326,4.02894,0.570819,0.000715,0.872472,0.001046,0.96852,0.001194,0,10.218054,0.024265,4.647716,-22.4,163.9,2458599.67207,4.988154,4.988294,0,-9999999,0.007772,0.126348,1.233389,0.083436,1.345921,0.52,199.9982,-871.43344,359.101567,2019-04-26T03:58:03.887,-9999999,G2,0103.C-0472,Hoeijmakers,-9999999,HARPS_ech_obs_all,HARPS_ech_obs_objAB,STAR_SKY_A4,0.000106184713509439,3.97070256640355E-05,1,1,1
HD133112,225.686515,-3.031795,2458599.6746895,-20.914466,5.935948,-28254.546016,5.082169,-438.653306,5.806396,-28254.454731,4.900708,-438.653306,5.806396,268.175835,67.51764,0.602809,3.613592,0.571242,0.000696,0.871856,0.001018,0.966295,0.001161,0,5.597596,0.025933,0,-22.4,168.2,2458599.67468,4.980735,4.980865,0,-9999999,0.007772,0.131131,1.233388,0.083513,1.345921,0.49,199.9982,322.031805,80.899423,2019-04-26T04:01:54.889,-9999999,G2,0103.C-0472,Hoeijmakers,-9999999,HARPS_ech_obs_all,HARPS_ech_obs_objAB,STAR_SKY_A4,0.000112199403027165,3.70531644441163E-05,1,1,1
HD133112,225.686515,-3.031795,2458599.6773868,-11.304537,6.076491,-26193.171303,5.102245,-429.038423,5.95,-26193.079938,4.921524,-429.038423,5.95,70.812454,62.744094,-13.409259,4.10216,0.572373,0.000698,0.870717,0.001019,0.96653,0.001163,0,6.018838,0.042401,-42.706686,-22.4,167.8,2458599.67738,4.973009,4.973158,0,-9999999,0.007772,0.136085,1.233388,0.083593,1.34592,0.5,199.9982,-865.317839,379.917382,2019-04-26T04:05:45.932,-9999999,G2,0103.C-0472,Hoeijmakers,-9999999,HARPS_ech_obs_all,HARPS_ech_obs_objAB,STAR_SKY_A4,0.000112227506306051,3.11026243993723E-05,1,1,1
HD133112,225.686515,-3.031795,2458599.6800835,-19.824423,5.893785,-25855.720948,5.049549,-437.553357,5.763285,-25855.629503,4.866872,-437.553357,5.763285,112.378525,70.461229,-8.564438,2.95398,0.57159,0.000689,0.872622,0.001009,0.969259,0.001153,0,9.643486,0.029813,0,-22.4,169.7,2458599.68007,4.965242,4.965381,0,-9999999,0.007772,0.141038,1.233388,0.083673,1.34592,0.51,199.9982,114.809028,78.211018,2019-04-26T04:09:36.925,-9999999,G2,0103.C-0472,Hoeijmakers,-9999999,HARPS_ech_obs_all,HARPS_ech_obs_objAB,STAR_SKY_A4,9.79244490635828E-05,3.48346742992271E-05,1,1,1
HD133112,225.686515,-3.031795,2458599.6827336,-67.623052,8.473703,-26767.043374,5.230613,-485.347118,8.38346,-26766.95185,5.054485,-485.347118,8.38346,572.034309,98.06982,14.184607,3.662617,0.572544,0.000732,0.870513,0.001055,0.968276,0.001221,0,4.58701,0.026315,0,-22.4,160.2,2458599.68272,4.957571,4.957698,0,-9999999,0.007772,0.145905,1.233387,0.083752,1.345919,0.5,199.9982,654.675391,109.643296,2019-04-26T04:13:27.888,-9999999,G2,0103.C-0472,Hoeijmakers,-9999999,HARPS_ech_obs_all,HARPS_ech_obs_objAB,STAR_SKY_A4,0.000107475306761016,3.60909831097681E-05,1,1,1
HD133112,225.686515,-3.031795,2458599.685454,-38.721824,6.087545,-26213.02303,5.061804,-456.440894,5.961289,-26212.931425,4.879586,-456.440894,5.961289,364.580546,63.246355,-1.368491,3.388959,0.572143,0.00069,0.870494,0.001006,0.966876,0.001149,0,7.69881,0.036182,-13.603324,-22.4,170,2458599.68544,4.949658,4.949804,0,-9999999,0.007772,0.150902,1.233387,0.083833,1.345919,0.52,199.9982,360.781449,71.745541,2019-04-26T04:17:18.931,-9999999,G2,0103.C-0472,Hoeijmakers,-9999999,HARPS_ech_obs_all,HARPS_ech_obs_objAB,STAR_SKY_A4,0.00011160420069605,3.54194980481203E-05,1,1,1
HD133112,225.686515,-3.031795,2458599.6880587,-10.245215,6.066597,-24673.066592,4.891996,-427.959501,5.939895,-24672.974909,4.703204,-427.959501,5.939895,13.027268,62.566324,-13.000788,3.251512,0.573384,0.000653,0.872217,0.000954,0.968454,0.001089,0,1.434139,0.04921,0,-22.4,179.6,2458599.68805,4.942047,4.942183,0,-9999999,0.007773,0.155686,1.233387,0.08391,1.345919,0.49,199.9982,-822.541005,349.221565,2019-04-26T04:21:09.974,-9999999,G2,0103.C-0472,Hoeijmakers,-9999999,HARPS_ech_obs_all,HARPS_ech_obs_objAB,STAR_SKY_A4,0.000114008715184557,3.50781055117868E-05,1,1,1
HD133112,225.686515,-3.031795,2458599.6907548,-11.223439,5.713907,-41120.912446,4.976712,-428.932773,5.579202,-41120.820683,4.791259,-428.932773,5.579202,-35.947322,70.299915,-13.477038,3.803411,0.572925,0.000671,0.870081,0.000978,0.965485,0.001117,0,1.002038,0.047149,0,-22.4,174.8,2458599.69074,4.934135,4.934287,0,-9999999,0.007773,0.160637,1.233387,0.08399,1.345918,0.5,199.9982,-23.785767,78.675816,2019-04-26T04:25:00.907,-9999999,G2,0103.C-0472,Hoeijmakers,-9999999,HARPS_ech_obs_all,HARPS_ech_obs_objAB,STAR_SKY_A4,0.000109557536037402,3.66556156963823E-05,1,1,1
HD133112,225.686515,-3.031795,2458599.6934051,-10.653641,5.587833,-34238.713156,4.988766,-428.358108,5.450012,-34238.621314,4.803779,-428.358108,5.450012,-249.255822,64.592444,-12.179936,3.142164,0.571153,0.000674,0.872333,0.000987,0.967194,0.001126,0,6.305834,0.026092,0,-22.4,173.6,2458599.69339,4.926325,4.926467,0,-9999999,0.007773,0.165505,1.233386,0.084069,1.345918,0.49,199.9982,-580.513915,408.002181,2019-04-26T04:28:51.890,-9999999,G2,0103.C-0472,Hoeijmakers,-9999999,HARPS_ech_obs_all,HARPS_ech_obs_objAB,STAR_SKY_A4,0.000110011124085979,3.38259550984247E-05,1,1,1
HD133112,225.686515,-3.031795,2458599.696148,-49.28459,6.854388,-27510.88893,5.009427,-466.984019,6.742506,-27510.797007,4.825232,-466.984019,6.742506,670.805226,68.678826,5.027801,3.338768,0.572392,0.000684,0.87174,0.001,0.96597,0.001141,0,3.590178,0.033179,0,-22.4,171.1,2458599.69614,4.918212,4.918343,0,-9999999,0.007773,0.170543,1.233386,0.08415,1.345918,0.52,199.9982,726.702266,80.662125,2019-04-26T04:32:42.872,-9999999,G2,0103.C-0472,Hoeijmakers,-9999999,HARPS_ech_obs_all,HARPS_ech_obs_objAB,STAR_SKY_A4,0.000114926112746179,3.97725343800349E-05,1,1,1
HD133112,225.686515,-3.031795,2458599.6987523,10.759407,6.383122,-36630.887056,4.934452,-406.935239,6.262827,-36630.795056,4.747349,-406.935239,6.262827,43.01127,61.704309,-11.430597,3.597376,0.571246,0.000661,0.873572,0.000968,0.968319,0.001104,0,1.138341,0.036829,-27.752982,-22.4,177,2458599.69874,4.910481,4.91063,0,-9999999,0.007773,0.175326,1.233386,0.084227,1.345918,0.49,199.9982,47.31889,65.911652,2019-04-26T04:36:33.885,-9999999,G2,0103.C-0472,Hoeijmakers,-9999999,HARPS_ech_obs_all,HARPS_ech_obs_objAB,STAR_SKY_A4,0.000102757865714543,3.9844459804968E-05,1,1,1
HD133112,225.686515,-3.031795,2458599.7014601,9.019219,5.794356,-25809.630301,4.950586,-408.670453,5.661565,-25809.53822,4.764117,-408.670453,5.661565,-236.279998,71.147622,-3.903201,3.866794,0.572612,0.000661,0.871379,0.000961,0.967773,0.001098,0,5.080343,0.029429,0,-22.4,178,2458599.70145,4.902417,4.902553,0,-9999999,0.007773,0.180299,1.233386,0.084308,1.345918,0.5,199.9982,-219.754237,79.015906,2019-04-26T04:40:25.828,-9999999,G2,0103.C-0472,Hoeijmakers,-9999999,HARPS_ech_obs_all,HARPS_ech_obs_objAB,STAR_SKY_A4,0.000104296493789278,3.84875888671257E-05,1,1,1
HD133112,225.686515,-3.031795,2458599.7041585,-51.256509,6.698641,-40081.418556,5.039701,-468.941226,6.584113,-40081.326395,4.856654,-468.941226,6.584113,519.035963,80.551268,0.303342,3.434115,0.572479,0.000684,0.871258,0.000995,0.969859,0.001139,0,2.075905,0.040929,0,-22.4,171.8,2458599.70415,4.894355,4.894486,0,-9999999,0.007773,0.185255,1.233386,0.084388,1.345918,0.51,199.9982,586.721846,92.890937,2019-04-26T04:44:16.971,-9999999,G2,0103.C-0472,Hoeijmakers,-9999999,HARPS_ech_obs_all,HARPS_ech_obs_objAB,STAR_SKY_A4,0.000102519547390076,4.01089890752112E-05,1,1,1
HD133112,225.686515,-3.031795,2458599.7068136,-38.476003,5.994356,-28353.388457,4.864034,-456.155843,5.866094,-28353.296218,4.674113,-456.155843,5.866094,355.873528,74.240702,-4.405269,3.368184,0.571537,0.000642,0.873806,0.000937,0.969754,0.00107,0,2.667234,0.032346,0,-22.4,182.8,2458599.70681,4.886401,4.886529,0,-9999999,0.007773,0.190132,1.233386,0.084466,1.345918,0.5,199.9982,360.146641,78.217399,2019-04-26T04:48:08.364,-9999999,G2,0103.C-0472,Hoeijmakers,-9999999,HARPS_ech_obs_all,HARPS_ech_obs_objAB,STAR_SKY_A4,9.79447233884882E-05,3.9496735530319E-05,1,1,1
HD133112,225.686515,-3.031795,2458599.7095175,-48.507591,5.812689,-24477.728951,5.034617,-466.182465,5.680327,-24477.636631,4.851378,-466.182465,5.680327,251.420587,69.060473,-4.196083,3.306947,0.571054,0.000677,0.870637,0.000981,0.969545,0.001123,0,1.688188,0.063901,-0.160375,-22.4,174.2,2458599.70951,4.87828,4.878418,0,-9999999,0.007773,0.195098,1.233387,0.084547,1.345918,0.51,199.9982,257.10803,73.324674,2019-04-26T04:51:59.977,-9999999,G2,0103.C-0472,Hoeijmakers,-9999999,HARPS_ech_obs_all,HARPS_ech_obs_objAB,STAR_SKY_A4,0.000104336026416764,3.43546558373354E-05,1,1,1
HD133112,225.686515,-3.031795,2458599.712144,-21.926669,5.625806,-40053.541623,4.89434,-439.596719,5.488939,-40053.449226,4.705642,-439.596719,5.488939,66.796107,54.188062,-14.370003,3.475006,0.571616,0.000645,0.873249,0.000938,0.967814,0.001071,0,3.071172,0.030768,0,-22.4,182.4,2458599.71213,4.870372,4.870526,0,-9999999,0.007773,0.199922,1.233387,0.084624,1.345919,0.49,199.9982,670.231824,359.615323,2019-04-26T04:55:50.909,-9999999,G2,0103.C-0472,Hoeijmakers,-9999999,HARPS_ech_obs_all,HARPS_ech_obs_objAB,STAR_SKY_A4,0.000105125205626788,3.68821111219035E-05,1,1,1
HD133112,225.686515,-3.031795,2458599.7148408,-22.527809,5.655468,-21798.078963,5.057242,-440.192906,5.519336,-21797.986486,4.874854,-440.192906,5.519336,-83.439013,55.986313,-13.126772,3.523105,0.571832,0.000681,0.869918,0.000988,0.968625,0.00113,0,1.881127,0.039906,0,-22.4,173,2458599.71483,4.862236,4.86238,0,-9999999,0.007773,0.204875,1.233387,0.084704,1.345919,0.5,199.9982,-80.811156,60.91447,2019-04-26T04:59:41.902,-9999999,G2,0103.C-0472,Hoeijmakers,-9999999,HARPS_ech_obs_all,HARPS_ech_obs_objAB,STAR_SKY_A4,-9999999,-9999999,-9999999,-9999999,-9999999
HD133112,225.686515,-3.031795,2458599.7175258,-33.073208,6.46201,-24952.350053,4.927901,-450.733374,6.343211,-24952.257496,4.740539,-450.733374,6.343211,55.021224,62.623175,-14.029614,3.634892,0.570418,0.000649,0.873194,0.000942,0.969587,0.001076,0,5.799007,0.029089,53.137058,-22.4,182,2458599.71752,4.854121,4.854253,0,-9999999,0.007773,0.209806,1.233387,0.084784,1.345919,0.5,199.9982,57.655631,66.354923,2019-04-26T05:03:33.885,-9999999,G2,0103.C-0472,Hoeijmakers,-9999999,HARPS_ech_obs_all,HARPS_ech_obs_objAB,STAR_SKY_A4,0.000100678517082213,3.54070955616784E-05,1,1,1
HD133112,225.686515,-3.031795,2458599.7202228,-16.481065,6.022679,-24301.495775,5.032237,-434.136277,5.895033,-24301.403138,4.848908,-434.136277,5.895033,-3.88514,63.553109,-15.885647,3.287198,0.571321,0.000671,0.872397,0.000973,0.969534,0.001112,0,2.681316,0.043625,-15.465126,-22.4,175.9,2458599.72021,4.845956,4.846107,0,-9999999,0.007773,0.214759,1.233388,0.084864,1.34592,0.51,199.9981,1.185897,67.074668,2019-04-26T05:07:24.908,-9999999,G2,0103.C-0472,Hoeijmakers,-9999999,HARPS_ech_obs_all,HARPS_ech_obs_objAB,STAR_SKY_A4,0.000105322514578165,3.39066817249061E-05,1,1,1
HD133112,225.686515,-3.031795,2458599.7228505,-11.469494,6.30707,-24484.663012,4.996876,-429.11988,6.185296,-24484.570297,4.8122,-429.11988,6.185296,-245.335717,67.983598,-4.260118,3.04288,0.571504,0.000665,0.873583,0.000972,0.970411,0.00111,0,0.723234,0.037731,0,-22.4,176.4,2458599.72284,4.837991,4.838132,0,-9999999,0.007773,0.219586,1.233388,0.084942,1.34592,0.49,199.9981,-801.77482,344.325893,2019-04-26T05:11:15.931,-9999999,G2,0103.C-0472,Hoeijmakers,-9999999,HARPS_ech_obs_all,HARPS_ech_obs_objAB,STAR_SKY_A4,0.000104628426686843,3.73208676060581E-05,1,1,1
HD133112,225.686515,-3.031795,2458599.7255467,-21.330751,6.072652,-31405.918552,5.043345,-438.976185,5.946079,-31405.825757,4.860435,-438.976185,5.946079,83.975663,59.9037,-15.290545,3.36621,0.571998,0.00068,0.873806,0.000986,0.969925,0.001126,0,33.817956,0.050013,12.945087,-22.4,173.7,2458599.72554,4.829808,4.829937,0,-9999999,0.007773,0.224537,1.233388,0.085022,1.345921,0.5,199.9981,87.290911,62.427,2019-04-26T05:15:06.884,-9999999,G2,0103.C-0472,Hoeijmakers,-9999999,HARPS_ech_obs_all,HARPS_ech_obs_objAB,STAR_SKY_A4,0.00010111334279948,4.06465007313277E-05,1,1,1
HD133112,225.686515,-3.031795,2458599.7282436,-55.416655,6.234153,-30488.473942,5.044197,-473.057136,6.110926,-30488.381067,4.861319,-473.057136,6.110926,91.494263,53.06175,-18.057569,3.727359,0.571124,0.000678,0.871941,0.000982,0.968669,0.001122,0,478.100909,5.753337,0,-22.4,174.3,2458599.72823,4.821616,4.821764,0,-9999999,0.007773,0.229491,1.233389,0.085102,1.345921,0.51,199.9982,987.544165,303.14813,2019-04-26T05:18:57.886,-9999999,G2,0103.C-0472,Hoeijmakers,-9999999,HARPS_ech_obs_all,HARPS_ech_obs_objAB,STAR_SKY_A4,9.97163913196061E-05,4.19330425355086E-05,1,1,1
HD133112,225.686515,-3.031795,2458599.7308718,-57.772181,6.691638,-38198.173307,5.106789,-475.407835,6.576988,-38198.080354,4.926235,-475.407835,6.576988,-132.884193,67.173354,-22.042346,3.476504,0.571982,0.000694,0.873081,0.001012,0.970031,0.001156,0,45.267039,0.050234,-0.493938,-22.4,169.3,2458599.73086,4.813628,4.813767,0,-9999999,0.007773,0.234318,1.233389,0.08518,1.345922,0.49,199.9982,1029.318206,155.230381,2019-04-26T05:22:48.959,-9999999,G2,0103.C-0472,Hoeijmakers,-9999999,HARPS_ech_obs_all,HARPS_ech_obs_objAB,STAR_SKY_A4,0.000109702921326455,4.18350644093945E-05,1,1,1
HD133112,225.686515,-3.031795,2458599.7335908,-50.829128,6.77436,-39962.137105,5.113384,-468.459788,6.661134,-39962.044071,4.933071,-468.459788,6.661134,-2.230883,67.113674,-21.570156,3.449072,0.571348,0.000693,0.875132,0.00101,0.970748,0.001153,0,1.740062,0.039613,0,-22.4,169.7,2458599.73358,4.805361,4.805486,0,-9999999,0.007773,0.239312,1.23339,0.085261,1.345923,0.51,199.9981,1114.800549,250.242773,2019-04-26T05:26:39.882,-9999999,G2,0103.C-0472,Hoeijmakers,-9999999,HARPS_ech_obs_all,HARPS_ech_obs_objAB,STAR_SKY_A4,0.00011498023232452,3.14494365691303E-05,1,1,1
HD133112,225.686515,-3.031795,2458599.7362415,-11.543562,6.334894,-32965.236385,4.963565,-429.169354,6.213665,-32965.143273,4.777601,-429.169354,6.213665,-158.454586,84.875199,-9.827213,3.408616,0.571119,0.000658,0.8748,0.00096,0.970347,0.001096,0,17.890535,0.039384,1912.404427,-22.4,178.5,2458599.73623,4.7973,4.797444,0,-9999999,0.007773,0.24418,1.233391,0.085339,1.345924,0.5,199.9982,-168.727529,91.233035,2019-04-26T05:30:30.895,-9999999,G2,0103.C-0472,Hoeijmakers,-9999999,HARPS_ech_obs_all,HARPS_ech_obs_objAB,STAR_SKY_A4,0.000115222853296888,3.3440748977271E-05,1,1,1
HD133112,225.686515,-3.031795,2458599.738915,-29.471048,6.890849,-39433.395782,5.081924,-447.091929,6.779568,-39433.30259,4.900453,-447.091929,6.779568,-25.671538,81.612005,-15.108062,3.505498,0.571714,0.00068,0.872918,0.00099,0.970719,0.001132,0,1.640516,0.040226,443.595193,-22.4,173,2458599.7389,4.789169,4.789302,0,-9999999,0.007773,0.24909,1.233391,0.085419,1.345924,0.5,199.9981,968.865021,244.77087,2019-04-26T05:34:21.888,-9999999,G2,0103.C-0472,Hoeijmakers,-9999999,HARPS_ech_obs_all,HARPS_ech_obs_objAB,STAR_SKY_A4,0.000107839979345914,4.1309863503604E-05,1,1,1
HD133112,225.686515,-3.031795,2458599.7416119,-48.006241,6.324343,-20794.242971,5.113107,-465.622169,6.202907,-20794.149698,4.932783,-465.622169,6.202907,-50.203716,67.488399,-12.084922,2.947163,0.571204,0.000691,0.873043,0.001009,0.970026,0.001153,0,1.248796,0.039865,0,-22.4,169.7,2458599.7416,4.780971,4.781123,0,-9999999,0.007774,0.254043,1.233392,0.085499,1.345925,0.51,199.9982,-50.070183,69.852795,2019-04-26T05:38:12.891,-9999999,G2,0103.C-0472,Hoeijmakers,-9999999,HARPS_ech_obs_all,HARPS_ech_obs_objAB,STAR_SKY_A4,0.000106314380888785,3.29542274535343E-05,1,1,1
HD133112,225.686515,-3.031795,2458599.7442622,-75.24446,6.193563,-26375.165766,5.280052,-492.855521,6.069511,-26375.072415,5.105627,-492.855521,6.069511,526.362022,108.512356,-5.450991,3.77551,0.572336,0.000729,0.874687,0.001052,0.972141,0.001202,0,4.894771,0.032419,0,-22.4,163.1,2458599.74425,4.772919,4.773059,0,-9999999,0.007774,0.258911,1.233393,0.085577,1.345926,0.5,199.9982,920.725187,364.650427,2019-04-26T05:42:03.874,-9999999,G2,0103.C-0472,Hoeijmakers,-9999999,HARPS_ech_obs_all,HARPS_ech_obs_objAB,STAR_SKY_A4,0.000100545517082886,3.31979012736446E-05,1,1,1
HD133112,225.686515,-3.031795,2458599.7469361,-8.850451,6.983358,-27686.586077,5.135848,-426.456601,6.873575,-27686.492646,4.956351,-426.456601,6.873575,-311.863685,79.968292,-3.136311,3.292311,0.5708,0.000696,0.873275,0.00101,0.971416,0.001168,0,1.391293,0.054604,-28.263902,-22.4,169.7,2458599.74693,4.764801,4.764931,0,-9999999,0.007774,0.263822,1.233394,0.085657,1.345927,0.5,199.9982,-307.842623,85.50475,2019-04-26T05:45:54.896,-9999999,G2,0103.C-0472,Hoeijmakers,-9999999,HARPS_ech_obs_all,HARPS_ech_obs_objAB,STAR_SKY_A4,0.000123044944951296,3.15492890684461E-05,1,1,1
HD133112,225.686515,-3.031795,2458599.7496333,-63.022498,7.37171,-34335.923176,5.062592,-480.623694,7.267795,-34335.829665,4.880401,-480.623694,7.267795,-66.158082,77.000312,-10.280726,3.034482,0.571606,0.000682,0.874252,0.000991,0.973098,0.001134,0,14.947308,0.028038,53.341384,-22.4,173,2458599.74962,4.756621,4.756771,0,-9999999,0.007774,0.268776,1.233395,0.085737,1.345928,0.51,199.9981,-67.696444,78.97667,2019-04-26T05:49:45.929,-9999999,G2,0103.C-0472,Hoeijmakers,-9999999,HARPS_ech_obs_all,HARPS_ech_obs_objAB,STAR_SKY_A4,0.000108622629925024,3.23045703987401E-05,1,1,1
HD133112,225.686515,-3.031795,2458599.7522832,-87.729344,6.277372,-19716.481862,5.136419,-505.325673,6.155009,-19716.388273,4.956942,-505.325673,6.155009,149.073674,76.892042,-15.218531,3.838705,0.572112,0.000696,0.873915,0.001009,0.970642,0.001153,0,0.981355,0.038026,116.631294,-22.4,169.8,2458599.75227,4.748595,4.748732,0,-9999999,0.007774,0.273643,1.233396,0.085815,1.34593,0.5,199.9982,1533.969399,187.315802,2019-04-26T05:53:36.882,-9999999,G2,0103.C-0472,Hoeijmakers,-9999999,HARPS_ech_obs_all,HARPS_ech_obs_objAB,STAR_SKY_A4,0.000102224430374649,3.37766271880604E-05,1,1,1
HD133112,225.686515,-3.031795,2458599.754957,-85.026524,6.426862,-32896.398792,5.11762,-502.617942,6.307399,-32896.305124,4.937459,-502.617942,6.307399,364.481894,96.466907,-19.545965,4.08946,0.571545,0.000692,0.87516,0.001005,0.972361,0.001149,0,28.505035,0.045993,0,-22.4,170.6,2458599.75495,4.740508,4.740635,0,-9999999,0.007774,0.278554,1.233397,0.085894,1.345931,0.5,199.9982,366.018687,101.073041,2019-04-26T05:57:27.895,-9999999,G2,0103.C-0472,Hoeijmakers,-9999999,HARPS_ech_obs_all,HARPS_ech_obs_objAB,STAR_SKY_A4,0.000102904138564045,3.61120296278283E-05,1,1,1
HD133112,225.686515,-3.031795,2458599.7576775,-46.596817,6.956006,-36737.955536,5.202554,-464.183238,6.845783,-36737.861787,5.025439,-464.183238,6.845783,49.591395,107.986977,-13.386747,3.096766,0.57254,0.000714,0.874854,0.001037,0.973871,0.001187,0,33.829276,0.034055,0,-22.4,165.3,2458599.75767,4.732295,4.732442,0,-9999999,0.007774,0.28355,1.233398,0.085975,1.345932,0.52,199.9981,50.297383,114.77675,2019-04-26T06:01:18.938,-9999999,G2,0103.C-0472,Hoeijmakers,-9999999,HARPS_ech_obs_all,HARPS_ech_obs_objAB,STAR_SKY_A4,0.000101495851627014,4.24621567943658E-05,1,1,1
HD133112,225.686515,-3.031795,2458599.7603047,-44.564543,6.271617,-34748.073534,5.237038,-462.146139,6.149139,-34747.979707,5.061129,-462.146139,6.149139,-171.212106,77.236746,-6.735812,3.594945,0.571679,0.000718,0.877883,0.00105,0.973151,0.001212,0,45.568199,0.057355,-86.775923,-22.4,163.6,2458599.76029,4.72438,4.724515,0,-9999999,0.007774,0.288375,1.233399,0.086053,1.345933,0.5,199.9982,-170.388337,81.372992,2019-04-26T06:05:09.920,-9999999,G2,0103.C-0472,Hoeijmakers,-9999999,HARPS_ech_obs_all,HARPS_ech_obs_objAB,STAR_SKY_A4,0.000101792009936413,3.46217021949941E-05,1,1,1
HD133112,225.686515,-3.031795,2458599.7630013,-70.454415,6.782865,-18055.288669,5.528362,-488.031059,6.669781,-18055.194762,5.362019,-488.031059,6.669781,113.49465,103.874949,-21.047112,3.952418,0.572012,0.000792,0.877821,0.001149,0.970606,0.00131,0,1.149505,0.052826,-4.195268,-22.4,149.7,2458599.76299,4.716273,4.716397,0,-9999999,0.007774,0.293328,1.2334,0.086133,1.345935,0.51,199.9981,-672.009629,432.394826,2019-04-26T06:09:00.903,-9999999,G2,0103.C-0472,Hoeijmakers,-9999999,HARPS_ech_obs_all,HARPS_ech_obs_objAB,STAR_SKY_A4,0.000114657244916656,3.86625207767096E-05,1,1,1
HD133112,225.686515,-3.031795,2458599.7656193,-90.775768,8.209622,-40408.536123,5.813468,-508.347603,8.116441,-40408.442138,5.655516,-508.347603,8.116441,110.59416,109.277303,-19.904207,3.753611,0.572911,0.000862,0.877604,0.001254,0.974385,0.001433,0,1.8673,0.061513,0,-22.4,137.3,2458599.76562,4.708422,4.708535,0,-9999999,0.007774,0.298136,1.233401,0.086211,1.345936,0.48,199.9981,571.262355,214.053918,2019-04-26T06:12:53.096,-9999999,G2,0103.C-0472,Hoeijmakers,-9999999,HARPS_ech_obs_all,HARPS_ech_obs_objAB,STAR_SKY_A4,0.00011144768128197,3.40648680364227E-05,1,1,1
HD133112,225.686515,-3.031795,2458599.7683484,-91.272612,6.933959,-28756.304239,5.427286,-508.839435,6.823379,-28756.210173,5.257745,-508.839435,6.823379,268.145225,103.976239,-20.296028,3.520226,0.573372,0.000775,0.879415,0.00115,0.973647,0.001312,0,3.135816,0.047366,-142.137585,-22.4,149.3,2458599.76834,4.70026,4.70039,0,-9999999,0.007774,0.303149,1.233402,0.086292,1.345938,0.5,199.9982,280.388658,106.989458,2019-04-26T06:16:44.889,-9999999,G2,0103.C-0472,Hoeijmakers,-9999999,HARPS_ech_obs_all,HARPS_ech_obs_objAB,STAR_SKY_A4,0.000104283489858454,3.5913609745007E-05,1,1,1
HD133112,225.686515,-3.031795,2458599.771051,-82.611106,6.949971,-19950.334024,5.652189,-500.172965,6.83965,-19950.239878,5.489598,-500.172965,6.83965,364.483604,108.478431,-23.16637,4.469984,0.57188,0.000824,0.877598,0.001226,0.973171,0.001414,0,1.302187,0.045894,984.88789,-22.4,140.2,2458599.77105,4.692201,4.692333,0,-9999999,0.007774,0.308112,1.233403,0.086372,1.34594,0.51,199.9981,1106.146308,356.616036,2019-04-26T06:20:36.392,-9999999,G2,0103.C-0472,Hoeijmakers,-9999999,HARPS_ech_obs_all,HARPS_ech_obs_objAB,STAR_SKY_A4,0.000100376336192505,3.87859404410031E-05,1,1,1
HD133112,225.686515,-3.031795,2458599.7736958,-115.63587,7.133926,-32903.005402,5.43974,-533.192872,7.026494,-32902.911178,5.270599,-533.192872,7.026494,564.588912,149.396216,-15.852986,4.16353,0.569849,0.000772,0.876137,0.001147,0.974964,0.001313,0,16.109298,0.044046,0,-22.4,149.5,2458599.77369,4.684341,4.684479,0,-9999999,0.007774,0.31297,1.233405,0.08645,1.345941,0.5,199.9981,568.951963,163.349837,2019-04-26T06:24:26.895,-9999999,G2,0103.C-0472,Hoeijmakers,-9999999,HARPS_ech_obs_all,HARPS_ech_obs_objAB,STAR_SKY_A4,9.73999908459744E-05,4.05518554514455E-05,1,1,1
HD133112,225.686515,-3.031795,2458599.7763729,-125.410993,7.945928,-20582.425962,5.467365,-542.963078,7.849617,-20582.331658,5.299105,-542.963078,7.849617,271.114341,134.160842,-20.458511,3.809456,0.573348,0.000777,0.876657,0.001152,0.978098,0.00132,0,1.311417,0.036951,0,-22.4,148.9,2458599.77637,4.676411,4.676515,0,-9999999,0.007774,0.317887,1.233406,0.08653,1.345943,0.5,199.9982,667.096548,227.055219,2019-04-26T06:28:18.198,-9999999,G2,0103.C-0472,Hoeijmakers,-9999999,HARPS_ech_obs_all,HARPS_ech_obs_objAB,STAR_SKY_A4,0.000110033803630437,3.71183841780886E-05,1,1,1
HD133112,225.686515,-3.031795,2458599.7790894,-96.244068,7.569595,-28042.680669,5.622436,-513.791164,7.468432,-28042.586285,5.458958,-513.791164,7.468432,365.135585,130.20786,-17.921818,2.885656,0.57283,0.000821,0.876307,0.001219,0.974633,0.001409,0,1.787948,0.056615,0,-22.4,140.7,2458599.77908,4.668396,4.668541,0,-9999999,0.007774,0.322876,1.233408,0.08661,1.345945,0.52,199.9982,385.595912,136.661674,2019-04-26T06:32:08.900,-9999999,G2,0103.C-0472,Hoeijmakers,-9999999,HARPS_ech_obs_all,HARPS_ech_obs_objAB,STAR_SKY_A4,0.0001141873081036,3.54329966464095E-05,1,1,1
HD133112,225.686515,-3.031795,2458599.78174,-102.919849,7.22518,-30770.35122,5.666414,-520.462076,7.119124,-30770.256757,5.504242,-520.462076,7.119124,344.550048,152.408955,-11.352361,3.803392,0.572497,0.000833,0.876659,0.001237,0.974463,0.00143,0,30.490317,0.054578,-6.768903,-22.4,138.7,2458599.78173,4.660605,4.660741,0,-9999999,0.007774,0.327744,1.233409,0.086689,1.345946,0.51,199.9982,367.82071,160.280345,2019-04-26T06:35:59.903,-9999999,G2,0103.C-0472,Hoeijmakers,-9999999,HARPS_ech_obs_all,HARPS_ech_obs_objAB,STAR_SKY_A4,0.000102386778372495,3.66803649153278E-05,1,1,1
HD133112,225.686515,-3.031795,2458599.7844368,-84.275925,7.3705,-35557.057442,5.529284,-501.813199,7.266565,-35556.962899,5.362966,-501.813199,7.266565,109.391094,141.128671,-15.09401,4.031399,0.571851,0.0008,0.877807,0.001191,0.971774,0.001372,0,1.377875,0.060862,6.083175,-22.4,144.1,2458599.78443,4.652713,4.652838,0,-9999999,0.007774,0.332697,1.233411,0.086769,1.345948,0.52,199.9982,116.580946,149.992942,2019-04-26T06:39:50.906,-9999999,G2,0103.C-0472,Hoeijmakers,-9999999,HARPS_ech_obs_all,HARPS_ech_obs_objAB,STAR_SKY_A4,0.000111559370717132,3.3303022328275E-05,1,1,1
HD133112,225.686515,-3.031795,2458599.7897377,-84.532145,6.283259,-31171.430935,5.280662,-502.059684,6.161009,-31171.336235,5.106251,-502.059684,6.161009,70.504449,145.797534,-14.140609,3.406252,0.573532,0.000737,0.878625,0.0011,0.976168,0.001269,0,4.103287,0.043673,139.029694,-22.4,156.2,2458599.78973,4.637304,4.637436,0,-9999999,0.007774,0.342433,1.233414,0.086926,1.345952,0.5,199.9981,68.36446,151.972854,2019-04-26T06:47:32.892,-9999999,G2,0103.C-0472,Hoeijmakers,-9999999,HARPS_ech_obs_all,HARPS_ech_obs_objAB,STAR_SKY_A4,9.72029053624777E-05,3.9241497840594E-05,1,1,1
HD133112,225.686515,-3.031795,2458599.7923885,-95.431655,7.42044,-40001.956433,5.201647,-512.954325,7.317214,-40001.861653,5.024494,-512.954325,7.317214,154.7688,129.478206,-11.690973,3.038853,0.572499,0.000719,0.878894,0.001076,0.973896,0.001241,0,4.013888,0.033166,-1.011709,-22.4,159.6,2458599.79238,4.629655,4.629805,0,-9999999,0.007775,0.347302,1.233415,0.087005,1.345954,0.49,199.9981,625.107115,222.752824,2019-04-26T06:51:23.925,-9999999,G2,0103.C-0472,Hoeijmakers,-9999999,HARPS_ech_obs_all,HARPS_ech_obs_objAB,STAR_SKY_A4,0.00010457848755103,3.22502289749607E-05,1,1,1
HD133112,225.686515,-3.031795,2458599.7951082,-108.314508,6.883724,-28691.414832,5.210584,-525.832183,6.772321,-28691.319971,5.033745,-525.832183,6.772321,450.750322,172.934864,-13.874865,3.491262,0.572658,0.000727,0.879116,0.001088,0.975842,0.001257,0,3.217786,0.051445,5237.389941,-22.4,157.9,2458599.7951,4.621849,4.621987,0,-9999999,0.007775,0.352297,1.233417,0.087086,1.345957,0.51,199.9982,472.462764,184.123421,2019-04-26T06:55:14.898,-9999999,G2,0103.C-0472,Hoeijmakers,-9999999,HARPS_ech_obs_all,HARPS_ech_obs_objAB,STAR_SKY_A4,0.000111328794724077,3.58766331542715E-05,1,1,1
HD133112,225.686515,-3.031795,2458599.7977821,-121.032416,7.036876,-38499.674318,5.33113,-538.54518,6.927936,-38499.579378,5.158424,-538.54518,6.927936,261.268218,156.891698,-13.553744,3.184525,0.573678,0.000757,0.880517,0.001134,0.973071,0.001306,0,24.01844,0.04076,-754952901.669,-22.4,151.7,2458599.79777,4.614216,4.614345,0,-9999999,0.007775,0.357208,1.233419,0.087165,1.345959,0.51,199.9982,303.923248,173.884034,2019-04-26T06:59:05.921,-9999999,G2,0103.C-0472,Hoeijmakers,-9999999,HARPS_ech_obs_all,HARPS_ech_obs_objAB,STAR_SKY_A4,9.64979178157101E-05,3.68045089754917E-05,1,1,1
HD133112,225.686515,-3.031795,2458599.8004328,-69.790498,6.744718,-36002.832048,5.315402,-487.298393,6.63098,-36002.73703,5.142168,-487.298393,6.63098,-127.405845,133.936269,-11.169241,3.562292,0.573357,0.000753,0.880177,0.001127,0.975736,0.001299,0,28.487776,0.037225,0,-22.4,152.7,2458599.80042,4.606693,4.60684,0,-9999999,0.007775,0.362076,1.233421,0.087243,1.345961,0.5,199.9982,-1684.049572,397.740424,2019-04-26T07:02:56.933,-9999999,G2,0103.C-0472,Hoeijmakers,-9999999,HARPS_ech_obs_all,HARPS_ech_obs_objAB,STAR_SKY_A4,0.000113205813857843,3.95770246624618E-05,1,1,1
HD133112,225.686515,-3.031795,2458599.8030877,-173.0536,8.721104,-39771.622617,5.342636,-590.556619,8.633442,-39771.52752,5.170314,-590.556619,8.633442,305.182695,178.945506,-17.970176,4.724972,0.573477,0.000762,0.880012,0.001143,0.97393,0.001317,0,1.804714,0.042772,0,-22.4,150.4,2458599.80308,4.599204,4.59932,0,-9999999,0.007775,0.366952,1.233423,0.087322,1.345963,0.49,199.9982,299.256326,187.21825,2019-04-26T07:06:48.316,-9999999,G2,0103.C-0472,Hoeijmakers,-9999999,HARPS_ech_obs_all,HARPS_ech_obs_objAB,STAR_SKY_A4,0.00011022271030366,3.53431309982088E-05,1,1,1
HD133112,225.686515,-3.031795,2458599.8058259,-117.360143,6.712813,-33804.188998,5.331677,-534.858133,6.598524,-33804.09382,5.158988,-534.858133,6.598524,432.151144,167.105849,-18.620391,3.525552,0.572502,0.000758,0.880186,0.001136,0.975465,0.00131,0,293.611762,2.268619,0,-22.4,151.5,2458599.80582,4.591529,4.591654,0,-9999999,0.007775,0.371981,1.233425,0.087403,1.345966,0.52,199.9982,561.453487,386.264536,2019-04-26T07:10:38.889,-9999999,G2,0103.C-0472,Hoeijmakers,-9999999,HARPS_ech_obs_all,HARPS_ech_obs_objAB,STAR_SKY_A4,9.59987738586861E-05,3.76117477075153E-05,1,1,1
HD133112,225.686515,-3.031795,2458599.8084069,-134.72071,7.831223,-35911.595946,5.264799,-552.21396,7.73348,-35911.500691,5.089841,-552.21396,7.73348,295.613516,177.807654,-11.261777,3.368177,0.573338,0.000741,0.879293,0.00111,0.976821,0.001281,0,8.880647,0.050647,0,-22.4,154.9,2458599.8084,4.584341,4.584482,0,-9999999,0.007775,0.376722,1.233426,0.08748,1.345968,0.48,199.9981,-1588.957894,410.705084,2019-04-26T07:14:29.892,-9999999,G2,0103.C-0472,Hoeijmakers,-9999999,HARPS_ech_obs_all,HARPS_ech_obs_objAB,STAR_SKY_A4,0.000114069263430508,3.44752242462275E-05,1,1,1
HD133112,225.686515,-3.031795,2458599.8111732,-142.901498,6.673341,-34254.417463,5.26727,-560.389667,6.558364,-34254.322126,5.092396,-560.389667,6.558364,629.076026,206.38865,-15.541752,3.862955,0.573411,0.000742,0.879471,0.00111,0.976198,0.001281,0,30.563598,0.06461,-69.35575,-22.4,154.9,2458599.81116,4.576691,4.576823,0,-9999999,0.007775,0.381802,1.233428,0.087562,1.345971,0.52,199.9981,788.635337,431.354492,2019-04-26T07:18:20.895,-9999999,G2,0103.C-0472,Hoeijmakers,-9999999,HARPS_ech_obs_all,HARPS_ech_obs_objAB,STAR_SKY_A4,0.000107781688198406,2.97929103647386E-05,1,1,1
HD133112,225.686515,-3.031795,2458599.8138007,-159.289941,8.327773,-26914.751814,5.187188,-576.773285,8.235924,-26914.656399,5.009518,-576.773285,8.235924,371.296863,162.983016,-10.690837,4.062629,0.572293,0.000727,0.881327,0.001093,0.97735,0.001261,0,8.145405,0.027739,0,-22.4,157.5,2458599.81379,4.569477,4.569599,0,-9999999,0.007775,0.386628,1.23343,0.08764,1.345973,0.5,199.9982,-1648.837305,318.854543,2019-04-26T07:22:11.908,-9999999,G2,0103.C-0472,Hoeijmakers,-9999999,HARPS_ech_obs_all,HARPS_ech_obs_objAB,STAR_SKY_A4,0.000108699222192571,3.85290173566115E-05,1,1,1
HD133112,225.686515,-3.031795,2458599.8164973,-115.46089,6.543214,-49031.507715,5.138724,-532.939281,6.425908,-49031.41222,4.959318,-532.939281,6.425908,305.281015,179.814214,-13.741261,3.888767,0.572244,0.000715,0.881506,0.001071,0.97586,0.001234,0,100.4731,0.072634,0,-22.4,160.7,2458599.81649,4.562128,4.562266,0,-9999999,0.007775,0.391581,1.233433,0.08772,1.345976,0.51,199.9982,350.49688,190.451258,2019-04-26T07:26:02.891,-9999999,G2,0103.C-0472,Hoeijmakers,-9999999,HARPS_ech_obs_all,HARPS_ech_obs_objAB,STAR_SKY_A4,0.00011026490585147,3.71648288970699E-05,1,1,1
HD133112,225.686515,-3.031795,2458599.8192055,-176.318157,8.009839,-35332.984517,5.097065,-593.791574,7.914301,-35332.888942,4.916138,-593.791574,7.914301,276.940157,159.540707,-14.581737,3.581621,0.57339,0.000708,0.882371,0.001059,0.975736,0.00122,0,2.034995,0.060811,0,-22.4,162.7,2458599.8192,4.554805,4.554933,0,-9999999,0.007775,0.396555,1.233435,0.0878,1.345979,0.52,199.9982,-1756.59693,324.55851,2019-04-26T07:29:54.874,-9999999,G2,0103.C-0472,Hoeijmakers,-9999999,HARPS_ech_obs_all,HARPS_ech_obs_objAB,STAR_SKY_A4,0.000114179022882903,3.44638955556963E-05,1,1,1
HD133112,225.686515,-3.031795,2458599.82181,-125.169302,6.562515,-36702.729542,5.080674,-542.637935,6.445559,-36702.633889,4.899141,-542.637935,6.445559,377.897583,196.417187,-12.087165,3.5657,0.572522,0.000706,0.881594,0.001057,0.977736,0.001219,0,17.458227,0.035071,0,-22.4,163,2458599.8218,4.547818,4.547963,0,-9999999,0.007775,0.401338,1.233437,0.087878,1.345981,0.49,199.9982,528.634069,406.756572,2019-04-26T07:33:45.896,-9999999,G2,0103.C-0472,Hoeijmakers,-9999999,HARPS_ech_obs_all,HARPS_ech_obs_objAB,STAR_SKY_A4,0.00010589708184105,4.01140723760139E-05,1,1,1
HD133112,225.686515,-3.031795,2458599.8244837,-161.164026,7.023417,-41727.08959,5.041949,-578.627749,6.914262,-41726.993858,4.858969,-578.627749,6.914262,237.698295,151.901035,-17.835664,2.693822,0.572836,0.000698,0.879864,0.001044,0.977621,0.001206,0,1.635918,0.054135,0,-22.4,164.7,2458599.82447,4.540705,4.54084,0,-9999999,0.007775,0.406249,1.233439,0.087957,1.345984,0.49,199.9981,951.456775,247.587055,2019-04-26T07:37:36.900,-9999999,G2,0103.C-0472,Hoeijmakers,-9999999,HARPS_ech_obs_all,HARPS_ech_obs_objAB,STAR_SKY_A4,0.000106485180885913,3.7666622703805E-05,1,1,1
HD133112,225.686515,-3.031795,2458599.8271803,-120.03727,6.928858,-33087.516723,5.063148,-537.49604,6.818189,-33087.420911,4.880962,-537.49604,6.818189,-138.220369,171.774676,3.574439,3.909563,0.572853,0.000702,0.880322,0.001041,0.978935,0.001203,0,3.246195,0.045664,-45346.161078,-22.4,165.5,2458599.82717,4.533593,4.533718,0,-9999999,0.007775,0.411202,1.233442,0.088037,1.345987,0.5,199.9982,-125.037359,180.907305,2019-04-26T07:41:27.882,-9999999,G2,0103.C-0472,Hoeijmakers,-9999999,HARPS_ech_obs_all,HARPS_ech_obs_objAB,STAR_SKY_A4,0.00011681006834641,3.50153572628072E-05,1,1,1
HD133112,225.686515,-3.031795,2458599.8298315,-94.2142,6.687006,-28682.957497,5.112565,-511.668101,6.572265,-28682.861606,4.932204,-511.668101,6.572265,5.554711,189.535375,1.368104,3.881575,0.572095,0.000718,0.882107,0.001073,0.97811,0.001237,0,0.918823,0.050594,0,-22.4,160.7,2458599.82982,4.526663,4.526805,0,-9999999,0.007775,0.416071,1.233444,0.088116,1.34599,0.49,199.9982,59.372273,203.40937,2019-04-26T07:45:18.945,-9999999,G2,0103.C-0472,Hoeijmakers,-9999999,HARPS_ech_obs_all,HARPS_ech_obs_objAB,STAR_SKY_A4,9.66377202362355E-05,4.37257342157617E-05,1,1,1
HD133112,225.686515,-3.031795,2458599.8325741,-121.988324,7.781619,-41255.952464,5.207366,-539.437188,7.683242,-41255.856492,5.030404,-539.437188,7.683242,199.158195,198.47683,-8.46404,3.835442,0.570995,0.000733,0.880352,0.00109,0.977937,0.001259,0,1.485357,0.046998,0,-22.4,158,2458599.83256,4.519561,4.519693,0,-9999999,0.007775,0.421108,1.233446,0.088197,1.345993,0.52,199.9982,239.551129,208.285668,2019-04-26T07:49:09.898,-9999999,G2,0103.C-0472,Hoeijmakers,-9999999,HARPS_ech_obs_all,HARPS_ech_obs_objAB,STAR_SKY_A4,0.000105967839688866,3.43655969395269E-05,1,1,1
HD133112,225.686515,-3.031795,2458599.8352016,-165.849386,7.283073,-31187.04521,5.242733,-583.293424,7.177866,-31186.94916,5.067005,-583.293424,7.177866,304.580356,180.23429,-18.00749,4.131777,0.572646,0.000751,0.881486,0.001124,0.976803,0.001296,0,1.952216,0.079506,0,-22.4,153.3,2458599.83519,4.512822,4.512945,0,-9999999,0.007775,0.425934,1.233449,0.088275,1.345996,0.5,199.9982,-901.230451,452.027455,2019-04-26T07:53:00.911,-9999999,G2,0103.C-0472,Hoeijmakers,-9999999,HARPS_ech_obs_all,HARPS_ech_obs_objAB,STAR_SKY_A4,0.00010153370716061,3.73018812543247E-05,1,1,1
HD133112,225.686515,-3.031795,2458599.8378287,-239.864062,8.063679,-27721.631922,5.233559,-657.303275,7.968784,-27721.535794,5.057512,-657.303275,7.968784,393.633409,192.080543,-13.210906,4.365359,0.572648,0.000746,0.88226,0.001111,0.978097,0.001282,0,2.992045,0.029692,0,-22.4,155.2,2458599.83782,4.506149,4.506287,0,-9999999,0.007775,0.430759,1.233451,0.088353,1.345999,0.48,199.9981,444.302093,213.785298,2019-04-26T07:56:51.894,-9999999,G2,0103.C-0472,Hoeijmakers,-9999999,HARPS_ech_obs_all,HARPS_ech_obs_objAB,STAR_SKY_A4,0.000101950574893928,3.40365482571143E-05,1,1,1
HD133112,225.686515,-3.031795,2458599.8405254,-199.390384,8.335142,-39801.147112,5.252487,-616.824644,8.243372,-39801.050904,5.077095,-616.824644,8.243372,406.592299,193.740294,-16.904386,4.108662,0.574299,0.000753,0.883079,0.001115,0.977882,0.001286,0,0.952769,0.067331,0,-22.4,154.8,2458599.84052,4.499369,4.499498,0,-9999999,0.007775,0.435712,1.233454,0.088433,1.346002,0.49,199.9982,-1399.70222,390.213698,2019-04-26T08:00:42.887,-9999999,G2,0103.C-0472,Hoeijmakers,-9999999,HARPS_ech_obs_all,HARPS_ech_obs_objAB,STAR_SKY_A4,0.000106356792009029,3.58890572507983E-05,1,1,1
HD133112,225.686515,-3.031795,2458599.8432686,-139.697597,7.082583,-31811.836223,5.453865,-557.126819,6.974351,-31811.739933,5.28516,-557.126819,6.974351,337.210279,208.195986,-18.121713,4.055296,0.572894,0.000805,0.880166,0.001196,0.980418,0.001383,0,0.967914,0.053343,0,-22.4,144.1,2458599.84326,4.492547,4.492667,0,-9999999,0.007776,0.44075,1.233456,0.088514,1.346006,0.52,199.9981,542.554253,408.964189,2019-04-26T08:04:33.889,-9999999,G2,0103.C-0472,Hoeijmakers,-9999999,HARPS_ech_obs_all,HARPS_ech_obs_objAB,STAR_SKY_A4,0.000116009476728226,3.24953823522284E-05,1,1,1
HD133112,225.686515,-3.031795,2458599.8459192,-206.836568,7.97489,-20486.872476,5.24566,-624.260921,7.878924,-20486.776107,5.07003,-624.260921,7.878924,280.184176,176.717408,-15.869952,4.024905,0.57249,0.000755,0.884093,0.001121,0.979825,0.001292,0,1.306579,0.03802,2.554342,-22.4,154.2,2458599.84591,4.486027,4.486162,0,-9999999,0.007776,0.445618,1.233459,0.088593,1.346009,0.51,199.9982,317.227137,192.582129,2019-04-26T08:08:24.902,-9999999,G2,0103.C-0472,Hoeijmakers,-9999999,HARPS_ech_obs_all,HARPS_ech_obs_objAB,STAR_SKY_A4,0.000116481898104566,3.3863350693278E-05,1,1,1
HD133112,225.686515,-3.031795,2458599.8485474,-133.980534,7.412143,-30565.838285,5.397087,-551.40006,7.308792,-30565.741838,5.226548,-551.40006,7.308792,70.155297,200.275943,1.671844,3.465363,0.573612,0.000795,0.884769,0.001174,0.97978,0.001353,0,35.776903,0.033783,0,-22.4,147.4,2458599.84854,4.479633,4.479762,0,-9999999,0.007776,0.450445,1.233462,0.088671,1.346012,0.49,199.9981,-872.892726,461.407077,2019-04-26T08:12:15.976,-9999999,G2,0103.C-0472,Hoeijmakers,-9999999,HARPS_ech_obs_all,HARPS_ech_obs_objAB,STAR_SKY_A4,0.000106346656237878,2.84234049757504E-05,1,1,1
HD133112,225.686515,-3.031795,2458599.8512202,-227.41315,10.040645,-22218.650067,5.502135,-644.827767,9.964593,-22218.553541,5.334954,-644.827767,9.964593,8.287064,151.050601,-4.190827,3.898953,0.572949,0.000818,0.884776,0.001221,0.979657,0.001407,0,3.674594,0.040048,10.046523,-22.4,141.7,2458599.85121,4.473206,4.473346,0,-9999999,0.007776,0.455354,1.233464,0.08875,1.346015,0.49,199.9981,-1527.809788,270.912274,2019-04-26T08:16:06.898,-9999999,G2,0103.C-0472,Hoeijmakers,-9999999,HARPS_ech_obs_all,HARPS_ech_obs_objAB,STAR_SKY_A4,0.000110231028266497,3.75980882921208E-05,1,1,1
HD133112,225.686515,-3.031795,2458599.8539169,-106.37785,7.554462,-36556.645749,5.529256,-523.787515,7.453084,-36556.549143,5.362919,-523.787515,7.453084,92.172793,216.683198,6.132037,4.372458,0.572287,0.000828,0.884557,0.001233,0.977279,0.001419,0,5.546834,0.040127,1.939225,-22.4,140.4,2458599.85391,4.466799,4.466931,0,-9999999,0.007776,0.460307,1.233467,0.08883,1.346019,0.5,199.9982,93.384895,232.949645,2019-04-26T08:19:57.891,-9999999,G2,0103.C-0472,Hoeijmakers,-9999999,HARPS_ech_obs_all,HARPS_ech_obs_objAB,STAR_SKY_A4,0.000110252449529843,4.16632456334236E-05,1,1,1
HD133112,225.686515,-3.031795,2458599.8565673,-144.491464,8.628308,-28525.648996,5.532252,-561.896261,8.539687,-28525.552311,5.366007,-561.896261,8.539687,122.041009,215.382246,-7.418776,4.49879,0.573314,0.000833,0.883348,0.001242,0.978278,0.001432,0,0.950186,0.061375,0,-22.4,139.1,2458599.85656,4.460579,4.460703,0,-9999999,0.007776,0.465175,1.23347,0.088909,1.346023,0.49,199.9981,-1368.148328,443.868959,2019-04-26T08:23:48.884,-9999999,G2,0103.C-0472,Hoeijmakers,-9999999,HARPS_ech_obs_all,HARPS_ech_obs_objAB,STAR_SKY_A4,9.81157291056985E-05,3.9935746903867E-05,1,1,1
HD133112,225.686515,-3.031795,2458599.8591952,-107.286705,8.314198,-35182.924635,5.592564,-524.686675,8.222191,-35182.827872,5.428166,-524.686675,8.222191,-88.838429,224.691934,14.905121,3.895456,0.572433,0.000851,0.883112,0.001273,0.979719,0.001469,0,16.351176,0.027751,0,-22.4,135.7,2458599.85918,4.45449,4.454627,0,-9999999,0.007776,0.470001,1.233473,0.088987,1.346026,0.47,199.9982,-847.704505,524.261378,2019-04-26T08:27:39.927,-9999999,G2,0103.C-0472,Hoeijmakers,-9999999,HARPS_ech_obs_all,HARPS_ech_obs_objAB,STAR_SKY_A4,9.57702128458823E-05,3.75321143423289E-05,1,1,1
HD133112,225.686515,-3.031795,2458599.8619613,-186.558969,9.264611,-37561.703119,5.751278,-603.953859,9.182132,-37561.606274,5.591547,-603.953859,9.182132,42.005733,193.638275,-2.450679,3.994472,0.572891,0.000885,0.885955,0.001323,0.98171,0.001526,0,1.24277,0.061486,0,-22.4,130.8,2458599.86195,4.448165,4.448294,0,-9999999,0.007776,0.475082,1.233476,0.089069,1.34603,0.51,199.9982,795.143574,305.589671,2019-04-26T08:31:30.920,-9999999,G2,0103.C-0472,Hoeijmakers,-9999999,HARPS_ech_obs_all,HARPS_ech_obs_objAB,STAR_SKY_A4,0.000106484853598874,3.68762941353799E-05,1,1,1
HD133112,225.686515,-3.031795,2458599.8645654,-149.290149,9.683286,-28288.465747,6.166588,-566.680256,9.604403,-28288.368825,6.01789,-566.680256,9.604403,999.279743,383.598574,2.336887,4.826236,0.573975,0.001009,0.886962,0.001498,0.980489,0.001726,0,2.411217,0.059362,-149.393659,-22.4,115.6,2458599.86455,4.44229,4.442412,0,-9999999,0.007776,0.479864,1.233479,0.089146,1.346033,0.48,199.9982,2105.596156,581.799711,2019-04-26T08:35:21.903,-9999999,G2,0103.C-0472,Hoeijmakers,-9999999,HARPS_ech_obs_all,HARPS_ech_obs_objAB,STAR_SKY_A4,0.000103782625993202,3.7022296709196E-05,1,1,1
HD133112,225.686515,-3.031795,2458599.8673087,-135.857656,8.692084,-31247.668345,6.057562,-553.242725,8.604118,-31247.571342,5.906119,-553.242725,8.604118,600.835789,266.668457,-11.599943,4.756322,0.57341,0.000995,0.886248,0.00147,0.979824,0.001695,0,72.524721,0.115613,838.540303,-22.4,117.9,2458599.8673,4.436188,4.436323,0,-9999999,0.007776,0.484903,1.233482,0.089227,1.346037,0.51,199.9982,928.217581,461.164037,2019-04-26T08:39:12.925,-9999999,G2,0103.C-0472,Hoeijmakers,-9999999,HARPS_ech_obs_all,HARPS_ech_obs_objAB,STAR_SKY_A4,0.000114305910449651,3.72123061337782E-05,1,1,1
HD133112,225.686515,-3.031795,2458599.8699588,-143.705064,8.95726,-29389.981626,6.047156,-561.085265,8.871923,-29389.884544,5.895445,-561.085265,8.871923,474.73337,220.230383,-3.014641,4.168527,0.573625,0.000988,0.884068,0.001453,0.981076,0.001678,0,18.345782,0.028861,0,-22.4,119.1,2458599.86995,4.430378,4.430504,0,-9999999,0.007776,0.48977,1.233485,0.089306,1.346041,0.5,199.9982,-549.424546,529.180607,2019-04-26T08:43:03.888,-9999999,G2,0103.C-0472,Hoeijmakers,-9999999,HARPS_ech_obs_all,HARPS_ech_obs_objAB,STAR_SKY_A4,0.000105523363932965,3.46346612565108E-05,1,1,1
HD133112,225.686515,-3.031795,2458599.8726095,-216.102062,10.200413,-35892.283455,6.216457,-633.477395,10.125558,-35892.186294,6.068979,-633.477395,10.125558,313.878389,208.85317,-18.939329,4.961723,0.575632,0.001045,0.886184,0.001552,0.983245,0.001791,0,5.436743,0.044936,3.547651,-22.4,111.7,2458599.8726,4.424651,4.42479,0,-9999999,0.007776,0.494639,1.233488,0.089385,1.346045,0.49,199.9982,334.949694,235.36954,2019-04-26T08:46:54.901,-9999999,G2,0103.C-0472,Hoeijmakers,-9999999,HARPS_ech_obs_all,HARPS_ech_obs_objAB,STAR_SKY_A4,0.000105968513208978,3.96167709015785E-05,1,1,1
HD133112,225.686515,-3.031795,2458599.87526,-176.31701,9.839101,-37432.43217,6.307718,-593.687475,9.761476,-37432.334931,6.162423,-593.687475,9.761476,1204.596412,303.735271,-5.221812,4.777822,0.574149,0.001079,0.88806,0.001593,0.9803,0.001834,0,141.776398,0.306514,0.9584,-22.4,109,2458599.87525,4.419011,4.419142,0,-9999999,0.007776,0.499507,1.233491,0.089463,1.346049,0.48,199.9982,1464.578723,531.966473,2019-04-26T08:50:45.904,-9999999,G2,0103.C-0472,Hoeijmakers,-9999999,HARPS_ech_obs_all,HARPS_ech_obs_objAB,STAR_SKY_A4,9.49191056172821E-05,3.88142869047549E-05,1,1,1
HD133112,225.686515,-3.031795,2458599.8779566,-243.122992,11.011887,-33278.607165,6.203758,-660.488504,10.942584,-33278.509846,6.055969,-660.488504,10.942584,986.054975,304.835085,2.7445,5.565413,0.572676,0.001042,0.884525,0.001549,0.977532,0.001785,0,1.203327,0.067257,0,-22.4,111.7,2458599.87795,4.413362,4.413486,0,-9999999,0.007776,0.504459,1.233494,0.089543,1.346053,0.49,199.9982,949.857477,594.825126,2019-04-26T08:54:36.887,-9999999,G2,0103.C-0472,Hoeijmakers,-9999999,HARPS_ech_obs_all,HARPS_ech_obs_objAB,STAR_SKY_A4,0.000103814531090709,3.92182431947313E-05,1,1,1
HD133112,225.686515,-3.031795,2458599.8806071,-123.325795,10.130772,-25974.736991,6.391616,-540.686439,10.055398,-25974.639593,6.248271,-540.686439,10.055398,309.104455,265.49008,-4.856671,4.787985,0.571311,0.001121,0.88625,0.001662,0.980874,0.001917,0,2.121253,0.088359,0.031575,-22.4,104.4,2458599.8806,4.407899,4.408034,0,-9999999,0.007776,0.509327,1.233498,0.089622,1.346057,0.48,199.9982,904.247484,433.750247,2019-04-26T08:58:27.890,-9999999,G2,0103.C-0472,Hoeijmakers,-9999999,HARPS_ech_obs_all,HARPS_ech_obs_objAB,STAR_SKY_A4,0.000102962137959464,3.2533670671275E-05,1,1,1
HD133112,225.686515,-3.031795,2458599.8833507,-191.700972,9.411238,-32967.710414,6.117262,-609.056577,9.330052,-32967.612935,5.967329,-609.056577,9.330052,710.53989,284.780521,-20.151119,4.955848,0.573087,0.00103,0.88915,0.001538,0.985999,0.001775,0,1.191571,0.045914,0,-22.4,113,2458599.88334,4.402339,4.402469,0,-9999999,0.007776,0.514366,1.233501,0.089703,1.346061,0.51,199.9982,1258.887811,510.390442,2019-04-26T09:02:18.933,-9999999,G2,0103.C-0472,Hoeijmakers,-9999999,HARPS_ech_obs_all,HARPS_ech_obs_objAB,STAR_SKY_A4,9.82181466891875E-05,3.83233563319893E-05,1,1,1
HD133112,225.686515,-3.031795,2458599.8859777,-189.781003,11.002641,-23546.869125,6.393107,-607.131783,10.933278,-23546.771568,6.249794,-607.131783,10.933278,624.510777,306.703657,-11.878663,6.052376,0.574563,0.001127,0.888931,0.001669,0.98189,0.001925,0,1.259193,0.084257,0,-22.4,104.2,2458599.88597,4.397106,4.397228,0,-9999999,0.007776,0.519191,1.233504,0.089781,1.346065,0.49,199.9982,1054.527714,349.037781,2019-04-26T09:06:09.896,-9999999,G2,0103.C-0472,Hoeijmakers,-9999999,HARPS_ech_obs_all,HARPS_ech_obs_objAB,STAR_SKY_A4,0.00010522603525658,3.54725938515444E-05,1,1,1
HD133112,225.686515,-3.031795,2458599.8886746,-151.325513,10.044366,-35614.972195,6.445312,-568.67134,9.968337,-35614.874558,6.303185,-568.67134,9.968337,656.051326,281.047778,-18.13202,4.989847,0.573371,0.001145,0.890612,0.001695,0.982068,0.001948,0,11.358889,0.058975,-4.077676,-22.4,102.9,2458599.88866,4.391828,4.391961,0,-9999999,0.007776,0.524144,1.233508,0.089861,1.34607,0.5,199.9982,1154.439525,484.320719,2019-04-26T09:10:00.909,-9999999,G2,0103.C-0472,Hoeijmakers,-9999999,HARPS_ech_obs_all,HARPS_ech_obs_objAB,STAR_SKY_A4,0.000103887068197281,3.7891905558066E-05,1,1,1
HD133112,225.686515,-3.031795,2458599.8913249,-144.547827,10.302972,-23797.690796,6.48803,-561.888787,10.228865,-23797.59308,6.346859,-561.888787,10.228865,534.616699,260.299942,-14.642248,4.093527,0.578287,0.001187,0.891052,0.001739,0.983531,0.002,0,1.914581,0.085522,-0.061482,-22.4,100.5,2458599.89131,4.386735,4.386861,0,-9999999,0.007776,0.529012,1.233511,0.08994,1.346074,0.49,199.9982,932.419155,441.159327,2019-04-26T09:13:51.891,-9999999,G2,0103.C-0472,Hoeijmakers,-9999999,HARPS_ech_obs_all,HARPS_ech_obs_objAB,STAR_SKY_A4,0.000112257543107765,3.5244082491519E-05,1,1,1
HD133112,225.686515,-3.031795,2458599.8940448,-169.504754,10.653014,-12935.225989,6.382194,-586.840718,10.581359,-12935.128193,6.238627,-586.840718,10.581359,355.571542,283.094477,-1.491031,5.045122,0.576629,0.001132,0.890676,0.001674,0.981432,0.001925,0,0.729067,0.054697,0,-22.4,104.2,2458599.89403,4.381606,4.381726,0,-9999999,0.007776,0.534007,1.233515,0.09002,1.346079,0.51,199.9981,553.460927,461.05656,2019-04-26T09:17:42.884,-9999999,G2,0103.C-0472,Hoeijmakers,-9999999,HARPS_ech_obs_all,HARPS_ech_obs_objAB,STAR_SKY_A4,0.000113458594859411,3.5120177312929E-05,1,1,1
HD133112,225.686515,-3.031795,2458599.8966494,-204.97708,10.667191,-36015.416919,6.214389,-622.30826,10.595631,-36015.319044,6.066852,-622.30826,10.595631,897.161705,348.265937,-11.956895,5.677413,0.57417,0.00109,0.890478,0.001629,0.982843,0.001876,0,2.620166,0.051275,0,-22.4,107.1,2458599.89664,4.376788,4.376918,0,-9999999,0.007777,0.538791,1.233518,0.090098,1.346083,0.48,199.9981,1520.261666,460.550767,2019-04-26T09:21:33.917,-9999999,G2,0103.C-0472,Hoeijmakers,-9999999,HARPS_ech_obs_all,HARPS_ech_obs_objAB,STAR_SKY_A4,0.000107701730116045,3.57361696560209E-05,1,1,1
HD133112,225.686515,-3.031795,2458618.5283047,25.457395,8.186913,-19899.344398,5.924846,-393.00926,8.093458,-19900.177469,5.769919,-393.00926,8.093458,-276.727308,86.511433,-4.550315,3.945925,0.570199,0.000943,0.861132,0.001374,0.978963,0.001611,0,0.849239,0.05393,2.009408,-22.4,123.7,2458618.5283,-4.044177,-4.044045,0,-9999999,0.008138,-0.596684,1.233487,-0.841209,1.346044,0.51,199.9982,-883.235686,290.065743,2019-05-15T00:31:02.086,-9999999,G2,0103.C-0472,Hoeijmakers,-9999999,HARPS_ech_obs_all,HARPS_ech_obs_objAB,STAR_SKY_A4,0.000117412201039779,3.34774340433218E-05,1,1,1
HD133112,225.686515,-3.031795,2458618.5309567,-9.284105,8.292702,-27089.796244,5.809783,-427.745889,8.200453,-27090.629236,5.651704,-427.745889,8.200453,-496.866821,676.813378,13.492339,4.52405,0.571959,0.000924,0.862404,0.00134,0.979155,0.00157,0,2.669907,0.038101,-0.339676,-22.4,126.9,2458618.53095,-4.04928,-4.049135,0,-9999999,0.008138,-0.591813,1.233484,-0.84113,1.34604,0.5,199.9982,-1906.022868,307.335446,2019-05-15T00:34:53.219,-9999999,G2,0103.C-0472,Hoeijmakers,-9999999,HARPS_ech_obs_all,HARPS_ech_obs_objAB,STAR_SKY_A4,0.000114878282055342,3.73761243002564E-05,1,1,1
HD133112,225.686515,-3.031795,2458618.533616,-10.245885,8.093271,-33803.910935,5.917634,-428.702785,7.998722,-33804.743848,5.762515,-428.702785,7.998722,-1521.533157,1274.52825,2.34735,5.0643,0.571752,0.000953,0.861294,0.001377,0.97847,0.001613,0,2.522016,0.051346,87.376267,-22.4,123.4,2458618.5336,-4.05449,-4.054334,0,-9999999,0.008138,-0.586929,1.233481,-0.841051,1.346036,0.49,199.9982,-840.526359,283.403054,2019-05-15T00:38:44.991,-9999999,G2,0103.C-0472,Hoeijmakers,-9999999,HARPS_ech_obs_all,HARPS_ech_obs_objAB,STAR_SKY_A4,0.000103479153558947,3.45181711351281E-05,1,1,1
HD133112,225.686515,-3.031795,2458618.5363161,-21.592702,8.417096,-22483.164108,5.861837,-440.044643,8.326226,-22483.996941,5.705202,-440.044643,8.326226,193.284961,170.579471,20.926145,4.707419,0.571087,0.000937,0.862786,0.001359,0.977108,0.001589,0,0.896658,0.06548,-0.444108,-22.4,125.1,2458618.53631,-4.059874,-4.059723,0,-9999999,0.008138,-0.58197,1.233478,-0.840971,1.346032,0.5,199.9982,-722.538998,304.195036,2019-05-15T00:42:36.283,-9999999,G2,0103.C-0472,Hoeijmakers,-9999999,HARPS_ech_obs_all,HARPS_ech_obs_objAB,STAR_SKY_A4,0.000113021886815044,3.73527102249426E-05,1,1,1
HD133112,225.686515,-3.031795,2458618.5389887,-7.343973,8.333667,-22316.895503,6.010623,-425.791006,8.241878,-22317.728257,5.857969,-425.791006,8.241878,-289.945148,107.035766,-13.264797,4.928395,0.571775,0.000971,0.859191,0.001409,0.976964,0.001652,0,3.648276,0.05332,-11.468085,-22.4,120.4,2458618.53899,-4.065296,-4.065153,0,-9999999,0.008138,-0.577061,1.233475,-0.840892,1.346029,0.5,199.9982,-2038.346834,306.66075,2019-05-15T00:46:27.196,-9999999,G2,0103.C-0472,Hoeijmakers,-9999999,HARPS_ech_obs_all,HARPS_ech_obs_objAB,STAR_SKY_A4,0.000110865078897924,3.28499168519607E-05,1,1,1
HD133112,225.686515,-3.031795,2458618.5416623,-12.166446,8.158393,-18556.549989,5.904477,-430.608568,8.064609,-18557.382664,5.749006,-430.608568,8.064609,-112.796267,157.066559,4.971971,4.692547,0.57084,0.000933,0.861968,0.001358,0.981548,0.001595,0,1.128861,0.076581,0,-22.4,125.1,2458618.54166,-4.07081,-4.070675,0,-9999999,0.008138,-0.572151,1.233472,-0.840813,1.346025,0.5,199.9982,-633.013705,281.259158,2019-05-15T00:50:18.198,-9999999,G2,0103.C-0472,Hoeijmakers,-9999999,HARPS_ech_obs_all,HARPS_ech_obs_objAB,STAR_SKY_A4,0.000100709846233581,3.26880109144023E-05,1,1,1
HD133112,225.686515,-3.031795,2458618.5443357,-9.210232,8.634187,-21453.334725,5.730156,-427.647444,8.545627,-21454.16732,5.569822,-427.647444,8.545627,-259.151208,108.745221,-0.984785,4.845711,0.572992,0.000889,0.862087,0.001291,0.974185,0.001507,0,2.935585,0.040405,0,-22.4,131.6,2458618.54433,-4.076414,-4.076268,0,-9999999,0.008138,-0.56724,1.233469,-0.840733,1.346021,0.5,199.9982,-1351.696313,293.364263,2019-05-15T00:54:09.181,-9999999,G2,0103.C-0472,Hoeijmakers,-9999999,HARPS_ech_obs_all,HARPS_ech_obs_objAB,STAR_SKY_A4,0.000106502638295184,4.02346197794536E-05,1,1,1
HD133112,225.686515,-3.031795,2458618.5470101,-1.405167,7.69386,-34552.771411,5.744701,-419.837467,7.594343,-34553.603927,5.584785,-419.837467,7.594343,-956.018686,1071.049401,-3.047105,5.350756,0.5705,0.000896,0.863135,0.001298,0.975144,0.001516,0,10.547857,0.027983,5.555678,-22.4,130.9,2458618.54701,-4.082109,-4.081968,0,-9999999,0.008138,-0.562329,1.233466,-0.840654,1.346018,0.5,199.9982,-760.414702,290.999383,2019-05-15T00:58:00.253,-9999999,G2,0103.C-0472,Hoeijmakers,-9999999,HARPS_ech_obs_all,HARPS_ech_obs_objAB,STAR_SKY_A4,0.000103131619384367,3.98776202459026E-05,1,1,1
HD133112,225.686515,-3.031795,2458618.549683,22.34443,8.753237,-28158.943811,5.793228,-396.082961,8.665894,-28159.776248,5.63469,-396.082961,8.665894,-606.38335,752.550312,-10.14046,4.360657,0.571889,0.000898,0.860979,0.0013,0.97711,0.001522,0,1.701327,0.051757,0,-22.4,130.5,2458618.54968,-4.087887,-4.087755,0,-9999999,0.008138,-0.557419,1.233463,-0.840575,1.346014,0.5,199.9982,-2035.765796,200.450519,2019-05-15T01:01:51.196,-9999999,G2,0103.C-0472,Hoeijmakers,-9999999,HARPS_ech_obs_all,HARPS_ech_obs_objAB,STAR_SKY_A4,0.000106517732852517,3.84182288550065E-05,1,1,1
HD133112,225.686515,-3.031795,2458618.5523802,-22.160803,7.873162,-32123.471017,5.799208,-440.58324,7.775941,-32124.303374,5.640839,-440.58324,7.775941,25.036626,82.986287,4.563324,4.218794,0.569784,0.000901,0.86266,0.001312,0.979844,0.001538,0,25.394243,0.047321,106128.091418,-22.4,129.5,2458618.55238,-4.093805,-4.09366,0,-9999999,0.008138,-0.552466,1.233461,-0.840495,1.346011,0.51,199.9982,40.35009,89.265807,2019-05-15T01:05:42.238,-9999999,G2,0103.C-0472,Hoeijmakers,-9999999,HARPS_ech_obs_all,HARPS_ech_obs_objAB,STAR_SKY_A4,0.000102786022350153,3.24491823500887E-05,1,1,1
HD133112,225.686515,-3.031795,2458618.5550536,-4.14259,7.596424,-29213.877311,5.753513,-422.560117,7.495615,-29214.709588,5.593852,-422.560117,7.495615,-9.422034,74.598186,-4.714711,4.468195,0.569924,0.000887,0.86208,0.001293,0.97724,0.001512,0,75.364688,0.177299,1.607895,-22.4,131.4,2458618.55505,-4.099756,-4.099619,0,-9999999,0.008138,-0.547556,1.233458,-0.840415,1.346008,0.51,199.9982,-1395.013752,322.395584,2019-05-15T01:09:33.221,-9999999,G2,0103.C-0472,Hoeijmakers,-9999999,HARPS_ech_obs_all,HARPS_ech_obs_objAB,STAR_SKY_A4,0.000112189425930704,0.0000371798942593001,1,1,1
HD133112,225.686515,-3.031795,2458618.5577038,2.67406,7.956134,-32606.602658,5.741353,-415.7386,7.85994,-32607.434857,5.581345,-415.7386,7.85994,-155.739387,78.180789,-14.69977,5.066796,0.572907,0.000879,0.862295,0.001277,0.98058,0.001498,0,2.415767,0.037303,0,-22.4,133,2458618.5577,-4.105738,-4.105609,0,-9999999,0.008138,-0.542688,1.233455,-0.840337,1.346004,0.5,199.9982,-2376.847877,192.741365,2019-05-15T01:13:24.203,-9999999,G2,0103.C-0472,Hoeijmakers,-9999999,HARPS_ech_obs_all,HARPS_ech_obs_objAB,STAR_SKY_A4,0.000102965404170899,3.52534552146992E-05,1,1,1
HD133112,225.686515,-3.031795,2458618.560378,-1.916526,7.846126,-34582.381993,5.837343,-420.324274,7.748567,-34583.214113,5.68004,-420.324274,7.748567,-395.979974,591.179419,-2.166583,4.158886,0.570997,0.000907,0.86307,0.001317,0.978305,0.001541,0,5.182144,0.038784,6.857918,-22.4,129,2458618.56038,-4.111855,-4.111711,0,-9999999,0.008138,-0.537777,1.233453,-0.840258,1.346001,0.5,199.9982,-639.013252,276.796928,2019-05-15T01:17:15.255,-9999999,G2,0103.C-0472,Hoeijmakers,-9999999,HARPS_ech_obs_all,HARPS_ech_obs_objAB,STAR_SKY_A4,0.00011197092097204,3.62167521074231E-05,1,1,1
HD133112,225.686515,-3.031795,2458618.5630749,-4.647709,8.033062,-34667.406871,5.884017,-423.050504,7.937801,-34668.238911,5.727997,-423.050504,7.937801,-968.07698,1077.668957,-12.736473,5.004049,0.573082,0.00092,0.865398,0.001334,0.975809,0.001557,0,1.296839,0.045959,6.837606,-22.4,127.6,2458618.56307,-4.118106,-4.11797,0,-9999999,0.008138,-0.532823,1.23345,-0.840178,1.345998,0.51,199.9982,-1003.116291,263.486527,2019-05-15T01:21:06.278,-9999999,G2,0103.C-0472,Hoeijmakers,-9999999,HARPS_ech_obs_all,HARPS_ech_obs_objAB,STAR_SKY_A4,0.000113908433733164,3.00099027695436E-05,1,1,1
HD133112,225.686515,-3.031795,2458618.5657012,20.040078,7.958118,-38225.701033,5.985429,-398.357893,7.861949,-38226.532995,5.832123,-398.357893,7.861949,-374.440202,93.781707,-10.58339,4.674548,0.570922,0.000944,0.867196,0.001374,0.978156,0.001603,0,1.40667,0.049831,0,-22.4,124.1,2458618.5657,-4.124271,-4.124124,0,-9999999,0.008138,-0.528,1.233448,-0.8401,1.345995,0.49,199.9982,-964.844922,302.474221,2019-05-15T01:24:57.190,-9999999,G2,0103.C-0472,Hoeijmakers,-9999999,HARPS_ech_obs_all,HARPS_ech_obs_objAB,STAR_SKY_A4,9.9279574479709E-05,3.49751069281783E-05,1,1,1
HD133112,225.686515,-3.031795,2458618.5683748,-31.152157,8.603099,-27337.896201,6.078615,-449.545218,8.514219,-27338.728083,5.92772,-449.545218,8.514219,-1919.307563,1519.62263,10.490843,5.632583,0.572001,0.000982,0.863689,0.001416,0.981887,0.00166,0,1.761962,0.051867,-2.825511,-22.4,120.1,2458618.56837,-4.130624,-4.130485,0,-9999999,0.008138,-0.523089,1.233445,-0.84002,1.345992,0.49,199.9982,-1369.082762,313.093769,2019-05-15T01:28:48.193,-9999999,G2,0103.C-0472,Hoeijmakers,-9999999,HARPS_ech_obs_all,HARPS_ech_obs_objAB,STAR_SKY_A4,0.000108143362127744,3.33991918465454E-05,1,1,1
HD133112,225.686515,-3.031795,2458618.5710254,-30.240011,8.341249,-31974.161208,6.175169,-448.628204,8.249549,-31974.993011,6.026693,-448.628204,8.249549,8.539386,81.252043,-13.067903,4.82944,0.573318,0.000998,0.864161,0.00144,0.976985,0.001682,0,18.081628,0.038712,115770.380798,-22.4,118.2,2458618.57102,-4.136997,-4.136866,0,-9999999,0.008139,-0.518221,1.233443,-0.839942,1.345989,0.48,199.9982,11.78766,86.598022,2019-05-15T01:32:39.205,-9999999,G2,0103.C-0472,Hoeijmakers,-9999999,HARPS_ech_obs_all,HARPS_ech_obs_objAB,STAR_SKY_A4,0.000109914427584661,3.38534467280148E-05,1,1,1
HD133112,225.686515,-3.031795,2458618.5737691,7.113432,8.384279,-27686.865767,6.221339,-411.269722,8.293055,-27687.697488,6.073992,-411.269722,8.293055,-481.710919,543.774632,-4.773777,4.537858,0.571574,0.001006,0.862905,0.001447,0.979512,0.001697,0,0.871634,0.068239,2.362064,-22.4,117.5,2458618.57377,-4.143672,-4.143525,0,-9999999,0.008139,-0.513182,1.233441,-0.83986,1.345986,0.51,199.9982,-887.782165,289.128992,2019-05-15T01:36:30.267,-9999999,G2,0103.C-0472,Hoeijmakers,-9999999,HARPS_ech_obs_all,HARPS_ech_obs_objAB,STAR_SKY_A4,0.000100774030236226,3.90962951938116E-05,1,1,1
HD133112,225.686515,-3.031795,2458618.576419,-54.647034,8.489986,-27868.016845,6.194683,-473.025321,8.39991,-27868.848488,6.046687,-473.025321,8.39991,243.805009,98.36417,5.746379,4.044427,0.570426,0.001008,0.864759,0.001452,0.978162,0.001698,0,1.530527,0.041917,1.93056,-22.4,117.2,2458618.57642,-4.150192,-4.150055,0,-9999999,0.008139,-0.508315,1.233438,-0.839782,1.345983,0.5,199.9982,-946.3568,347.962924,2019-05-15T01:40:21.220,-9999999,G2,0103.C-0472,Hoeijmakers,-9999999,HARPS_ech_obs_all,HARPS_ech_obs_objAB,STAR_SKY_A4,0.000110559635182534,3.82444744058297E-05,1,1,1
HD133112,225.686515,-3.031795,2458618.5790925,-46.776779,8.38607,-17924.209092,6.242663,-465.150155,8.294866,-17925.040655,6.095833,-465.150155,8.294866,-826.572838,1342.701812,-6.907033,4.568555,0.570698,0.001015,0.861108,0.001452,0.978879,0.001703,0,1.20433,0.051261,1054186016.61,-22.4,117,2458618.57909,-4.156842,-4.156714,0,-9999999,0.008139,-0.503405,1.233436,-0.839702,1.34598,0.5,199.9982,193.128748,94.167979,2019-05-15T01:44:12.212,-9999999,G2,0103.C-0472,Hoeijmakers,-9999999,HARPS_ech_obs_all,HARPS_ech_obs_objAB,STAR_SKY_A4,0.000101885400167956,4.2230525247571E-05,1,1,1
HD133112,225.686515,-3.031795,2458618.5817657,-38.496063,8.9859,-34192.093314,6.351932,-456.86453,8.900845,-34192.924798,6.207688,-456.86453,8.900845,-562.254417,724.531068,-3.513011,5.019727,0.572093,0.001052,0.861724,0.00151,0.978664,0.00177,0,8.540231,0.039265,0.224933,-22.4,112.5,2458618.58176,-4.163561,-4.163419,0,-9999999,0.008139,-0.498495,1.233434,-0.839623,1.345978,0.5,199.9982,-1642.628055,338.283052,2019-05-15T01:48:03.184,-9999999,G2,0103.C-0472,Hoeijmakers,-9999999,HARPS_ech_obs_all,HARPS_ech_obs_objAB,STAR_SKY_A4,0.000100961722858208,3.49680334035676E-05,1,1,1
HD133112,225.686515,-3.031795,2458618.5844866,-37.723531,8.753013,-37868.899328,6.211144,-456.087,8.665673,-37869.730731,6.063552,-456.087,8.665673,-38.25105,85.275796,-14.610248,6.171169,0.573528,0.001009,0.864508,0.001451,0.977572,0.001696,0,0.905866,0.05957,0,-22.4,117.3,2458618.58448,-4.170471,-4.170335,0,-9999999,0.008139,-0.493498,1.233432,-0.839542,1.345975,0.52,199.9982,-1554.965226,316.163705,2019-05-15T01:51:54.277,-9999999,G2,0103.C-0472,Hoeijmakers,-9999999,HARPS_ech_obs_all,HARPS_ech_obs_objAB,STAR_SKY_A4,0.000114773947472477,3.3835325458039E-05,1,1,1
HD133112,225.686515,-3.031795,2458618.5871137,4.538212,8.068503,-29542.144371,6.001655,-413.820432,7.973669,-29542.975696,5.848779,-413.820432,7.973669,-1129.069824,1200.448745,-6.405847,5.139509,0.571504,0.000941,0.862481,0.001357,0.978693,0.001588,0,0.918502,0.063994,-181.137616,-22.4,125.3,2458618.58711,-4.177209,-4.177059,0,-9999999,0.008139,-0.488673,1.23343,-0.839464,1.345972,0.5,199.9982,-515.341684,285.774942,2019-05-15T01:55:45.259,-9999999,G2,0103.C-0472,Hoeijmakers,-9999999,HARPS_ech_obs_all,HARPS_ech_obs_objAB,STAR_SKY_A4,0.000109649308096494,3.55192005957487E-05,1,1,1
HD133112,225.686515,-3.031795,2458618.5897401,-52.783152,10.002745,-28818.913914,6.054898,-471.136973,9.926407,-28819.745162,5.903402,-471.136973,9.926407,302.489046,120.022724,5.798315,4.457471,0.57255,0.000951,0.865107,0.001374,0.979442,0.001607,0,11.264748,0.04151,0.811305,-22.4,123.9,2458618.58974,-4.184008,-4.18387,0,-9999999,0.008139,-0.483849,1.233428,-0.839387,1.34597,0.48,199.9982,-1403.798147,272.258151,2019-05-15T01:59:36.182,-9999999,G2,0103.C-0472,Hoeijmakers,-9999999,HARPS_ech_obs_all,HARPS_ech_obs_objAB,STAR_SKY_A4,0.000114578184722289,3.31577659746005E-05,1,1,1
HD133112,225.686515,-3.031795,2458618.592437,-23.979113,8.082388,-34602.013752,6.148424,-442.32798,7.987719,-34602.84492,5.999291,-442.32798,7.987719,-642.761063,701.644448,-7.669668,5.350531,0.570316,0.00098,0.86471,0.001419,0.977182,0.001657,0,9.678058,0.033605,6.726716,-22.4,120,2458618.59243,-4.191054,-4.190925,0,-9999999,0.008139,-0.478896,1.233426,-0.839307,1.345967,0.49,199.9982,-1210.867171,351.729732,2019-05-15T02:03:27.194,-9999999,G2,0103.C-0472,Hoeijmakers,-9999999,HARPS_ech_obs_all,HARPS_ech_obs_objAB,STAR_SKY_A4,9.88167110159535E-05,3.50312160032967E-05,1,1,1
HD133112,225.686515,-3.031795,2458618.5951337,-42.31196,8.504099,-34306.362611,6.167335,-460.655875,8.414176,-34307.193699,6.018671,-460.655875,8.414176,-11.024604,86.749386,3.744355,4.490104,0.570939,0.000983,0.86636,0.001422,0.980162,0.001662,0,3.792658,0.029584,0,-22.4,119.9,2458618.59513,-4.198164,-4.198018,0,-9999999,0.008139,-0.473943,1.233424,-0.839227,1.345965,0.5,199.9982,-1032.787317,358.592128,2019-05-15T02:07:18.197,-9999999,G2,0103.C-0472,Hoeijmakers,-9999999,HARPS_ech_obs_all,HARPS_ech_obs_objAB,STAR_SKY_A4,8.90465996120057E-05,3.65114909108469E-05,1,1,1
HD133112,225.686515,-3.031795,2458618.5978073,-62.378271,8.185825,-40250.394279,6.061718,-480.717275,8.092367,-40251.225287,5.910398,-480.717275,8.092367,336.983221,102.764533,-1.585012,3.856747,0.569855,0.000954,0.861867,0.001374,0.978038,0.001608,0,4.725814,0.043584,17.713055,-22.4,123.7,2458618.59781,-4.205273,-4.205137,0,-9999999,0.008139,-0.469032,1.233422,-0.839147,1.345963,0.5,199.9982,-916.446368,376.987771,2019-05-15T02:11:09.199,-9999999,G2,0103.C-0472,Hoeijmakers,-9999999,HARPS_ech_obs_all,HARPS_ech_obs_objAB,STAR_SKY_A4,0.000106831104158265,3.55966014001824E-05,1,1,1
HD133112,225.686515,-3.031795,2458618.6005278,-37.99646,7.793,-29116.844552,6.078758,-456.330468,7.694773,-29117.67548,5.927874,-456.330468,7.694773,-4.669565,64.122633,-8.526652,4.462699,0.571987,0.000951,0.863943,0.00137,0.977529,0.001601,0,1.534551,0.040083,-534.48908,-22.4,124.2,2458618.60052,-4.212568,-4.21244,0,-9999999,0.008139,-0.464036,1.23342,-0.839067,1.34596,0.52,199.9982,-1357.229606,333.668535,2019-05-15T02:15:00.251,-9999999,G2,0103.C-0472,Hoeijmakers,-9999999,HARPS_ech_obs_all,HARPS_ech_obs_objAB,STAR_SKY_A4,0.000105622180272271,3.17068755627796E-05,1,1,1
HD133112,225.686515,-3.031795,2458618.6031546,-30.565053,7.801945,-35097.514214,6.011355,-448.894236,7.703832,-35098.345064,5.858736,-448.894236,7.703832,50.042224,76.774003,-8.916973,5.988198,0.571941,0.000937,0.865864,0.001353,0.97917,0.001582,0,4.700836,0.03427,71.757935,-22.4,125.9,2458618.60315,-4.219668,-4.219525,0,-9999999,0.008139,-0.459211,1.233418,-0.838989,1.345958,0.5,199.9982,-928.352025,349.259996,2019-05-15T02:18:51.214,-9999999,G2,0103.C-0472,Hoeijmakers,-9999999,HARPS_ech_obs_all,HARPS_ech_obs_objAB,STAR_SKY_A4,0.000105489472738857,3.4847955768105E-05,1,1,1
HD133112,225.686515,-3.031795,2458618.6058046,-41.457615,9.604451,-23671.0517,6.139287,-459.781931,9.524923,-23671.882471,5.989929,-459.781931,9.524923,114.178459,89.533168,-10.421955,4.28167,0.571527,0.000965,0.866529,0.001392,0.979946,0.001627,0,1.062507,0.064649,-7.545478,-22.4,122.4,2458618.6058,-4.226886,-4.226754,0,-9999999,0.008139,-0.454344,1.233417,-0.83891,1.345956,0.49,199.9982,-1754.304672,259.289225,2019-05-15T02:22:42.176,-9999999,G2,0103.C-0472,Hoeijmakers,-9999999,HARPS_ech_obs_all,HARPS_ech_obs_objAB,STAR_SKY_A4,9.76802187754573E-05,4.02484090185124E-05,1,1,1
HD133112,225.686515,-3.031795,2458618.6085249,-39.042014,8.091622,-25754.227486,5.998254,-457.361334,7.997064,-25755.058176,5.845294,-457.361334,7.997064,-707.131276,705.509184,-0.140653,4.960328,0.572778,0.000927,0.86462,0.001335,0.978113,0.001561,0,21.177654,0.040046,-2.018976,-22.4,127.4,2458618.60852,-4.234349,-4.234226,0,-9999999,0.008139,-0.449348,1.233415,-0.838829,1.345954,0.51,199.9982,-812.525608,346.731391,2019-05-15T02:26:33.209,-9999999,G2,0103.C-0472,Hoeijmakers,-9999999,HARPS_ech_obs_all,HARPS_ech_obs_objAB,STAR_SKY_A4,0.000115292512215901,3.6775405910851E-05,1,1,1
HD133112,225.686515,-3.031795,2458618.6112215,-4.971837,8.182165,-36632.550647,6.051763,-423.286204,8.088666,-36633.381257,5.900191,-423.286204,8.088666,-41.62516,63.703458,-16.830025,5.25505,0.571905,0.000951,0.866555,0.001372,0.963363,0.00157,0,0.980461,0.061737,9.396302,-22.4,124.2,2458618.61122,-4.241802,-4.241662,0,-9999999,0.008139,-0.444395,1.233413,-0.838749,1.345952,0.52,199.9982,-1764.052048,309.403059,2019-05-15T02:30:24.201,-9999999,G2,0103.C-0472,Hoeijmakers,-9999999,HARPS_ech_obs_all,HARPS_ech_obs_objAB,STAR_SKY_A4,0.000101246663530779,4.13843517632452E-05,1,1,1
HD133112,225.686515,-3.031795,2458618.6138732,-57.786933,9.688523,-23346.479793,6.148368,-476.09643,9.609692,-23347.310325,5.999237,-476.09643,9.609692,313.190472,105.991837,-9.863482,4.537561,0.570274,0.000972,0.865742,0.001403,0.968257,0.001612,0,-0.802862,0.060361,0,-22.4,121.4,2458618.61387,-4.249181,-4.249048,0,-9999999,0.008139,-0.439525,1.233412,-0.838671,1.34595,0.51,199.9982,-1475.399752,320.482294,2019-05-15T02:34:15.314,-9999999,G2,0103.C-0472,Hoeijmakers,-9999999,HARPS_ech_obs_all,HARPS_ech_obs_objAB,STAR_SKY_A4,0.000103616606096563,3.87333127982773E-05,1,1,1
HD133112,225.686515,-3.031795,2458618.6165233,-73.761879,9.299896,-28960.189673,6.257047,-492.066509,9.217742,-28961.020126,6.11057,-492.066509,9.217742,481.264319,147.24447,25.316207,4.835828,0.573336,0.001014,0.866847,0.001459,0.9776,0.001702,0,1.332492,0.063948,49.282037,-22.4,116.8,2458618.61652,-4.256603,-4.256454,0,-9999999,0.008139,-0.434658,1.23341,-0.838592,1.345948,0.5,199.9982,-532.187333,381.866848,2019-05-15T02:38:06.286,-9999999,G2,0103.C-0472,Hoeijmakers,-9999999,HARPS_ech_obs_all,HARPS_ech_obs_objAB,STAR_SKY_A4,0.000102948032299323,3.66892290811066E-05,1,1,1
HD133112,225.686515,-3.031795,2458618.6191969,-61.082298,8.536665,-27186.673974,6.244293,-479.382017,8.447091,-27187.504348,6.09751,-479.382017,8.447091,-900.234984,1069.435808,-2.011046,4.214117,0.571254,0.000997,0.865529,0.001438,0.978103,0.001679,0,2.848414,0.044984,0,-22.4,118.4,2458618.61919,-4.264138,-4.263999,0,-9999999,0.008139,-0.429748,1.233409,-0.838513,1.345946,0.5,199.9982,-521.527611,383.592357,2019-05-15T02:41:57.288,-9999999,G2,0103.C-0472,Hoeijmakers,-9999999,HARPS_ech_obs_all,HARPS_ech_obs_objAB,STAR_SKY_A4,0.000104326177191714,4.00641928520537E-05,1,1,1
HD133112,225.686515,-3.031795,2458618.6218692,-44.670331,9.34488,-21641.852524,6.355952,-462.965142,9.263125,-21642.682817,6.211808,-462.965142,9.263125,-2109.73323,1894.826036,-10.962924,4.708732,0.569958,0.001028,0.865119,0.001482,0.975208,0.001728,0,1.571964,0.060622,-3.379324,-22.4,114.9,2458618.62187,-4.271715,-4.27159,0,-9999999,0.00814,-0.424839,1.233407,-0.838433,1.345944,0.5,199.9982,-554.663285,335.644019,2019-05-15T02:45:48.181,-9999999,G2,0103.C-0472,Hoeijmakers,-9999999,HARPS_ech_obs_all,HARPS_ech_obs_objAB,STAR_SKY_A4,0.000103455455776607,4.03468811474346E-05,1,1,1
HD133112,225.686515,-3.031795,2458618.6245488,-41.701172,8.33766,-32523.036971,6.367262,-459.991062,8.245925,-32523.867185,6.223381,-459.991062,8.245925,-22.865743,92.647489,-20.90749,5.55003,0.571492,0.001034,0.863916,0.001485,0.96234,0.001702,0,0.901895,0.054035,0,-22.4,114.5,2458618.62454,-4.279356,-4.279197,0,-9999999,0.00814,-0.419918,1.233406,-0.838354,1.345942,0.5,199.9982,-3.286429,82.418971,2019-05-15T02:49:39.693,-9999999,G2,0103.C-0472,Hoeijmakers,-9999999,HARPS_ech_obs_all,HARPS_ech_obs_objAB,STAR_SKY_A4,0.000106466202548122,3.65270628453601E-05,1,1,1
HD133112,225.686515,-3.031795,2458618.6272637,-64.574093,8.345726,-32005.198681,6.302704,-482.858996,8.254081,-32006.028814,6.157315,-482.858996,8.254081,-333.413872,732.173384,-8.558632,4.947742,0.570863,0.001013,0.864996,0.001456,0.979667,0.001704,0,8.406486,0.035781,24494.196629,-22.4,116.9,2458618.62726,-4.287141,-4.287006,0,-9999999,0.00814,-0.414932,1.233404,-0.838273,1.345941,0.52,199.9982,305.274011,118.963223,2019-05-15T02:53:30.266,-9999999,G2,0103.C-0472,Hoeijmakers,-9999999,HARPS_ech_obs_all,HARPS_ech_obs_objAB,STAR_SKY_A4,0.000100404138987419,3.71291824156655E-05,1,1,1
HD133112,225.686515,-3.031795,2458618.6298902,-59.374703,8.60421,-41592.284057,6.260376,-477.654782,8.515348,-41593.114113,6.11398,-477.654782,8.515348,-267.849161,777.658628,-3.51101,5.738352,0.572437,0.001003,0.868159,0.001443,0.966634,0.001653,0,1.226953,0.043528,10.745195,-22.4,118.2,2458618.62989,-4.294711,-4.294589,0,-9999999,0.00814,-0.410108,1.233403,-0.838196,1.345939,0.5,199.9982,331.609419,117.215212,2019-05-15T02:57:21.198,-9999999,G2,0103.C-0472,Hoeijmakers,-9999999,HARPS_ech_obs_all,HARPS_ech_obs_objAB,STAR_SKY_A4,0.000100903888155935,3.68859107542694E-05,1,1,1
HD133112,225.686515,-3.031795,2458618.6325635,-80.541455,8.799674,-28342.036924,6.284795,-498.816625,8.712806,-28342.8669,6.138982,-498.816625,8.712806,-331.307145,900.474009,2.025073,5.062922,0.570363,0.001003,0.865654,0.001453,0.980543,0.001701,0,1.663762,0.05473,5.14205,-22.4,117.1,2458618.63256,-4.302454,-4.302315,0,-9999999,0.00814,-0.405198,1.233402,-0.838116,1.345937,0.5,199.9982,901.963341,386.219339,2019-05-15T03:01:12.181,-9999999,G2,0103.C-0472,Hoeijmakers,-9999999,HARPS_ech_obs_all,HARPS_ech_obs_objAB,STAR_SKY_A4,0.000110412159027481,3.54775383721826E-05,1,1,1
HD133112,225.686515,-3.031795,2458618.6352375,-61.380297,8.329854,-16857.608988,6.220918,-479.650555,8.238033,-16858.438885,6.073572,-479.650555,8.238033,306.554245,110.507844,-10.99704,6.346381,0.570743,0.000988,0.866554,0.001431,0.966874,0.001641,0,0.761024,0.059092,0,-22.4,119.1,2458618.63524,-4.310236,-4.310106,0,-9999999,0.00814,-0.400287,1.233401,-0.838037,1.345936,0.5,199.9982,323.48759,118.969433,2019-05-15T03:05:03.213,-9999999,G2,0103.C-0472,Hoeijmakers,-9999999,HARPS_ech_obs_all,HARPS_ech_obs_objAB,STAR_SKY_A4,0.000103377865812093,3.64667886337833E-05,1,1,1
HD133112,225.686515,-3.031795,2458618.6378999,-94.848456,10.147599,-30566.96972,6.346244,-513.113824,10.072363,-30567.799538,6.201877,-513.113824,10.072363,-766.239213,1352.359179,25.419219,4.620484,0.570678,0.001021,0.866144,0.001473,0.980061,0.001722,0,13.993006,0.032027,58.923791,-22.4,115.7,2458618.6379,-4.318017,-4.317869,0,-9999999,0.00814,-0.395397,1.233399,-0.837958,1.345934,0.49,199.9983,608.44192,200.488106,2019-05-15T03:08:55.246,-9999999,G2,0103.C-0472,Hoeijmakers,-9999999,HARPS_ech_obs_all,HARPS_ech_obs_objAB,STAR_SKY_A4,0.000110779614464369,3.14357128362391E-05,1,1,1
HD133112,225.686515,-3.031795,2458618.6405967,-39.351524,8.637863,-20992.804405,6.264356,-457.611939,8.549351,-20993.634143,6.118057,-457.611939,8.549351,89.853202,154.832373,1.483811,5.152292,0.571527,0.000995,0.86571,0.001436,0.966971,0.001648,0,0.975213,0.0414,1.953046,-22.4,118.5,2458618.64059,-4.325933,-4.325794,0,-9999999,0.00814,-0.390444,1.233398,-0.837878,1.345933,0.5,199.9982,103.956075,91.864429,2019-05-15T03:12:46.258,-9999999,G2,0103.C-0472,Hoeijmakers,-9999999,HARPS_ech_obs_all,HARPS_ech_obs_objAB,STAR_SKY_A4,0.000116272075322721,3.27817505935401E-05,1,1,1
HD133112,225.686515,-3.031795,2458618.6432466,-92.9419,9.781102,-13664.7854,6.186143,-511.197449,9.703025,-13665.615059,6.037949,-511.197449,9.703025,287.455276,110.705499,-4.50717,4.235552,0.570878,0.000982,0.866888,0.001419,0.964902,0.001625,0,0.84529,0.042961,22.49374,-22.4,120.1,2458618.64324,-4.333741,-4.333615,0,-9999999,0.00814,-0.385577,1.233397,-0.837799,1.345932,0.49,199.9983,-1073.642843,338.73653,2019-05-15T03:16:37.210,-9999999,G2,0103.C-0472,Hoeijmakers,-9999999,HARPS_ech_obs_all,HARPS_ech_obs_objAB,STAR_SKY_A4,0.00010891413835143,3.86280773944724E-05,1,1,1
HD133112,225.686515,-3.031795,2458618.6459437,-86.769845,8.410053,-36083.812954,6.256169,-505.02044,8.319118,-36084.642533,6.109674,-505.02044,8.319118,-62.492756,1094.226427,-7.985616,4.574306,0.570368,0.000992,0.86885,0.00144,0.966623,0.001648,0,5.315721,0.040915,-0.044428,-22.4,118.6,2458618.64594,-4.341717,-4.341572,0,-9999999,0.00814,-0.380623,1.233396,-0.837719,1.34593,0.5,199.9982,482.225174,153.067983,2019-05-15T03:20:28.242,-9999999,G2,0103.C-0472,Hoeijmakers,-9999999,HARPS_ech_obs_all,HARPS_ech_obs_objAB,STAR_SKY_A4,0.000102326421115793,3.71615712884053E-05,1,1,1
HD133112,225.686515,-3.031795,2458618.648617,-37.35514,8.099836,-21680.29198,6.187429,-455.600825,8.005378,-21681.12148,6.039268,-455.600825,8.005378,73.752153,88.150763,-9.102572,4.431426,0.569049,0.000971,0.864599,0.001401,0.968736,0.001611,0,1.644321,0.055034,-11.233678,-22.4,121.4,2458618.64861,-4.349651,-4.349517,0,-9999999,0.00814,-0.375713,1.233395,-0.83764,1.345929,0.5,199.9982,67.137589,93.231194,2019-05-15T03:24:19.225,-9999999,G2,0103.C-0472,Hoeijmakers,-9999999,HARPS_ech_obs_all,HARPS_ech_obs_objAB,STAR_SKY_A4,0.000116899384094463,3.53405648734993E-05,1,1,1
HD133112,225.686515,-3.031795,2458618.6512911,-101.528435,8.100619,-28866.292411,6.139637,-519.769209,8.006171,-28867.121832,5.990294,-519.769209,8.006171,504.275474,127.58582,-12.548226,4.691211,0.568079,0.000959,0.866018,0.001387,0.965422,0.00159,0,1.345394,0.062015,0,-22.4,122.7,2458618.65129,-4.357611,-4.357486,0,-9999999,0.00814,-0.370802,1.233394,-0.837561,1.345928,0.5,199.9982,497.610118,132.114479,2019-05-15T03:28:10.267,-9999999,G2,0103.C-0472,Hoeijmakers,-9999999,HARPS_ech_obs_all,HARPS_ech_obs_objAB,STAR_SKY_A4,0.000106542712752772,4.1530747739976E-05,1,1,1
HD133112,225.686515,-3.031795,2458618.6540104,-102.490126,8.912201,-21758.440913,6.073063,-520.725905,8.826441,-21759.270253,5.922041,-520.725905,8.826441,56.209736,547.889525,-10.327444,5.728122,0.570884,0.000943,0.866453,0.00136,0.964069,0.001557,0,1.424318,0.06338,-0.253269,-22.4,125.4,2458618.65401,-4.36573,-4.365589,0,-9999999,0.00814,-0.365808,1.233393,-0.83748,1.345927,0.52,199.9982,418.425761,117.825806,2019-05-15T03:32:01.220,-9999999,G2,0103.C-0472,Hoeijmakers,-9999999,HARPS_ech_obs_all,HARPS_ech_obs_objAB,STAR_SKY_A4,0.000118491620972415,3.20182465932621E-05,1,1,1
HD133112,225.686515,-3.031795,2458618.6566374,-55.231279,7.921819,-28503.982479,6.101735,-473.462233,7.825213,-28504.811741,5.951441,-473.462233,7.825213,136.208348,107.210768,-2.801051,4.813644,0.569492,0.000941,0.866971,0.001359,0.967173,0.001558,0,3.697347,0.043327,-15.182105,-22.4,125.5,2458618.65664,-4.373594,-4.373465,0,-9999999,0.00814,-0.360983,1.233393,-0.837402,1.345926,0.5,199.9982,154.197298,109.412494,2019-05-15T03:35:52.192,-9999999,G2,0103.C-0472,Hoeijmakers,-9999999,HARPS_ech_obs_all,HARPS_ech_obs_objAB,STAR_SKY_A4,0.000114846285763234,3.62311058223904E-05,1,1,1
HD133112,225.686515,-3.031795,2458618.6593111,-89.712287,8.086551,-32372.53505,6.017114,-507.938331,7.991937,-32373.364233,5.864652,-507.938331,7.991937,512.470065,120.049103,0.533703,5.238565,0.569097,0.000925,0.864888,0.001336,0.96782,0.001536,0,25.60132,0.05046,247.757535,-22.4,127.4,2458618.65931,-4.381617,-4.381498,0,-9999999,0.00814,-0.356072,1.233392,-0.837323,1.345925,0.5,199.9982,522.194531,125.734094,2019-05-15T03:39:43.205,-9999999,G2,0103.C-0472,Hoeijmakers,-9999999,HARPS_ech_obs_all,HARPS_ech_obs_objAB,STAR_SKY_A4,9.90814016194134E-05,4.29859621031632E-05,1,1,1
HD133112,225.686515,-3.031795,2458618.6619846,-120.027032,9.650494,-34097.76803,6.105133,-538.248166,9.571352,-34098.597133,5.954925,-538.248166,9.571352,648.241252,158.196478,8.80909,4.684108,0.56994,0.000944,0.867943,0.001363,0.971017,0.001566,0,2.859264,0.025177,0,-22.4,125.1,2458618.66198,-4.389657,-4.38952,0,-9999999,0.00814,-0.351162,1.233391,-0.837243,1.345924,0.5,199.9982,1692.506135,282.491379,2019-05-15T03:43:34.197,-9999999,G2,0103.C-0472,Hoeijmakers,-9999999,HARPS_ech_obs_all,HARPS_ech_obs_objAB,STAR_SKY_A4,9.55445386145793E-05,3.95212174734915E-05,1,1,1
HD133112,225.686515,-3.031795,2458618.6646128,-117.386577,8.239647,-31064.336149,6.096896,-535.602884,8.146811,-31065.165174,5.946481,-535.602884,8.146811,379.477999,845.491973,2.454142,5.890552,0.571835,0.000949,0.866106,0.00136,0.968665,0.001563,0,3.397529,0.032848,0,-22.4,125.3,2458618.66461,-4.397576,-4.397448,0,-9999999,0.00814,-0.346335,1.233391,-0.837165,1.345923,0.48,199.9982,692.147412,336.711757,2019-05-15T03:47:25.279,-9999999,G2,0103.C-0472,Hoeijmakers,-9999999,HARPS_ech_obs_all,HARPS_ech_obs_objAB,STAR_SKY_A4,0.00010511900626122,3.54247035463318E-05,1,1,1
HD133112,225.686515,-3.031795,2458618.6673548,-92.528759,8.172666,-21180.282254,6.212681,-510.74003,8.079061,-21181.111198,6.065138,-510.74003,8.079061,-398.364984,849.741938,-3.966556,5.313453,0.570711,0.000987,0.867207,0.001427,0.96638,0.001636,0,0.745875,0.057477,0.370255,-22.4,119.6,2458618.66735,-4.405852,-4.405708,0,-9999999,0.00814,-0.341299,1.23339,-0.837084,1.345923,0.51,199.9982,547.763662,401.294688,2019-05-15T03:51:16.191,-9999999,G2,0103.C-0472,Hoeijmakers,-9999999,HARPS_ech_obs_all,HARPS_ech_obs_objAB,STAR_SKY_A4,9.46734808903116E-05,3.84353407384953E-05,1,1,1
HD133112,225.686515,-3.031795,2458618.669983,-114.860357,8.327757,-33394.331399,6.216704,-533.0668,8.235914,-33395.160265,6.069259,-533.0668,8.235914,724.483653,149.443992,-12.169678,4.655695,0.570889,0.000987,0.867816,0.001423,0.968664,0.001632,0,6.672296,0.054737,-0.374091,-22.4,119.9,2458618.66998,-4.413797,-4.413661,0,-9999999,0.00814,-0.336472,1.233389,-0.837006,1.345922,0.49,199.9982,816.340174,340.037149,2019-05-15T03:55:07.274,-9999999,G2,0103.C-0472,Hoeijmakers,-9999999,HARPS_ech_obs_all,HARPS_ech_obs_objAB,STAR_SKY_A4,0.000107310191484457,4.06160097214223E-05,1,1,1
HD133112,225.686515,-3.031795,2458618.6727019,-141.650866,9.274604,-25069.37006,6.133527,-559.852316,9.192227,-25070.198845,5.984033,-559.852316,9.192227,277.167767,1027.386019,16.421928,4.39258,0.570191,0.000958,0.865888,0.001379,0.970354,0.001587,0,11.009075,0.042076,111.339951,-22.4,123.6,2458618.6727,-4.422025,-4.421902,0,-9999999,0.008141,-0.331478,1.233389,-0.836926,1.345921,0.51,199.9982,967.23128,413.319355,2019-05-15T03:58:58.186,-9999999,G2,0103.C-0472,Hoeijmakers,-9999999,HARPS_ech_obs_all,HARPS_ech_obs_objAB,STAR_SKY_A4,0.000120308095207027,3.30488971712634E-05,1,1,1
HD133112,225.686515,-3.031795,2458618.6753756,-133.410239,8.668594,-15733.492473,6.156154,-551.606778,8.580401,-15734.321178,6.007223,-551.606778,8.580401,413.086589,109.834173,-5.875403,4.494341,0.570024,0.000959,0.865625,0.00138,0.968384,0.001586,0,1.627371,0.043085,0.067129,-22.4,123.4,2458618.67537,-4.430124,-4.429983,0,-9999999,0.008141,-0.326568,1.233388,-0.836846,1.345921,0.51,199.9982,559.818872,345.31534,2019-05-15T04:02:49.198,-9999999,G2,0103.C-0472,Hoeijmakers,-9999999,HARPS_ech_obs_all,HARPS_ech_obs_objAB,STAR_SKY_A4,0.000102638878463302,3.67071753522392E-05,1,1,1
HD133112,225.686515,-3.031795,2458618.678027,-88.005582,8.191096,-33167.157567,6.13895,-506.197252,8.097704,-33167.986194,5.989591,-506.197252,8.097704,493.798306,175.421125,-4.823758,4.58352,0.571973,0.00096,0.86737,0.001378,0.969263,0.001582,0,3.165943,0.041739,0.939782,-22.4,123.7,2458618.67802,-4.438161,-4.438028,0,-9999999,0.008141,-0.321698,1.233388,-0.836768,1.34592,0.5,199.9982,538.061361,402.914518,2019-05-15T04:06:40.281,-9999999,G2,0103.C-0472,Hoeijmakers,-9999999,HARPS_ech_obs_all,HARPS_ech_obs_objAB,STAR_SKY_A4,0.000104086226112913,3.6886649593209E-05,1,1,1
HD133112,225.686515,-3.031795,2458618.6806997,-113.815708,8.484726,-35555.915073,6.163975,-532.002469,8.394601,-35556.74362,6.015238,-532.002469,8.394601,-944.171085,1078.401671,-15.030877,4.367034,0.570958,0.000968,0.869807,0.001388,0.965849,0.001588,0,6.044227,0.031062,9.302408,-22.4,123,2458618.6807,-4.446267,-4.446148,0,-9999999,0.008141,-0.316789,1.233387,-0.836688,1.34592,0.5,199.9983,1259.857344,219.92729,2019-05-15T04:10:31.203,-9999999,G2,0103.C-0472,Hoeijmakers,-9999999,HARPS_ech_obs_all,HARPS_ech_obs_objAB,STAR_SKY_A4,0.000107803793639431,3.53980935466484E-05,1,1,1
HD133112,225.686515,-3.031795,2458618.68335,-105.590618,7.902208,-27724.825699,6.173577,-523.772511,7.80536,-27725.654168,6.025077,-523.772511,7.80536,635.032634,140.598834,-15.950674,4.468724,0.568212,0.000963,0.868666,0.001384,0.968158,0.001586,0,22.42501,0.034386,6.404244,-22.4,123.4,2458618.68335,-4.454308,-4.45417,0,-9999999,0.008141,-0.311922,1.233387,-0.83661,1.345919,0.49,199.9982,752.284147,333.14938,2019-05-15T04:14:22.196,-9999999,G2,0103.C-0472,Hoeijmakers,-9999999,HARPS_ech_obs_all,HARPS_ech_obs_objAB,STAR_SKY_A4,0.000108427782777984,3.47737411000626E-05,1,1,1
HD133112,225.686515,-3.031795,2458618.6860467,-134.273928,8.691001,-21232.964427,6.149561,-552.450868,8.603038,-21233.792816,6.000467,-552.450868,8.603038,314.888196,122.068791,-14.105656,4.914516,0.571019,0.000963,0.868796,0.001382,0.969999,0.001586,0,1.67183,0.051584,-5.522858,-22.4,123.4,2458618.68604,-4.462489,-4.462362,0,-9999999,0.008141,-0.306969,1.233387,-0.83653,1.345919,0.5,199.9982,1214.914681,333.303593,2019-05-15T04:18:13.198,-9999999,G2,0103.C-0472,Hoeijmakers,-9999999,HARPS_ech_obs_all,HARPS_ech_obs_objAB,STAR_SKY_A4,9.52600444931175E-05,4.02338788631066E-05,1,1,1
HD133112,225.686515,-3.031795,2458618.6887436,-162.996024,9.721362,-34946.435445,6.057771,-581.168011,9.642802,-34947.263754,5.90636,-581.168011,9.642802,924.333443,183.772346,6.93778,5.184905,0.569744,0.000933,0.868767,0.001347,0.968314,0.001544,0,2.701112,0.039113,-6.021918,-22.4,126.7,2458618.68874,-4.470668,-4.470552,0,-9999999,0.008141,-0.302015,1.233387,-0.83645,1.345919,0.51,199.9982,2204.336081,269.648524,2019-05-15T04:22:04.211,-9999999,G2,0103.C-0472,Hoeijmakers,-9999999,HARPS_ech_obs_all,HARPS_ech_obs_objAB,STAR_SKY_A4,0.000123593692691873,2.41880308217075E-05,1,1,1
HD133112,225.686515,-3.031795,2458618.6913251,-127.194644,8.285825,-38708.168943,6.106538,-545.36189,8.193513,-38708.997175,5.956367,-545.36189,8.193513,715.17337,424.677242,-5.805804,5.724497,0.569827,0.000946,0.866697,0.001357,0.965034,0.001555,0,1.035649,0.050968,-378.456674,-22.4,125.6,2458618.69132,-4.478494,-4.478359,0,-9999999,0.008141,-0.297274,1.233386,-0.836373,1.345918,0.47,199.9982,1361.594891,428.611981,2019-05-15T04:25:55.253,-9999999,G2,0103.C-0472,Hoeijmakers,-9999999,HARPS_ech_obs_all,HARPS_ech_obs_objAB,STAR_SKY_A4,0.000113158449480061,3.26167282424695E-05,1,1,1
HD133112,225.686515,-3.031795,2458618.6941374,-138.558189,9.235321,-29872.816653,6.18595,-556.72027,9.15259,-29873.644802,6.037755,-556.72027,9.15259,-497.742365,1438.029948,-9.531265,4.667153,0.571225,0.000968,0.865566,0.001384,0.969965,0.001592,0,1.547474,0.050256,0,-22.4,123.1,2458618.69413,-4.487014,-4.486889,0,-9999999,0.008141,-0.292109,1.233386,-0.83629,1.345918,0.53,199.9982,1510.98587,383.433785,2019-05-15T04:29:46.246,-9999999,G2,0103.C-0472,Hoeijmakers,-9999999,HARPS_ech_obs_all,HARPS_ech_obs_objAB,STAR_SKY_A4,8.99818790301979E-05,4.06449718621315E-05,1,1,1
HD133112,225.686515,-3.031795,2458618.6967642,-164.764248,8.628706,-34139.754099,6.115137,-582.921504,8.540101,-34140.58217,5.965183,-582.921504,8.540101,633.858326,163.880827,-10.311132,4.74704,0.569568,0.000949,0.869012,0.00136,0.968422,0.001559,0,2.171387,0.052189,9.827653,-22.4,125.6,2458618.69676,-4.494964,-4.494822,0,-9999999,0.008141,-0.287284,1.233386,-0.836212,1.345918,0.51,199.9982,984.661977,299.365226,2019-05-15T04:33:37.198,-9999999,G2,0103.C-0472,Hoeijmakers,-9999999,HARPS_ech_obs_all,HARPS_ech_obs_objAB,STAR_SKY_A4,9.62527257610529E-05,3.98677239447619E-05,1,1,1
HD133112,225.686515,-3.031795,2458618.6993914,-120.657784,7.992671,-37063.918405,6.086868,-538.810215,7.896933,-37064.746398,5.9362,-538.810215,7.896933,690.497658,185.379783,-12.566285,4.625448,0.571537,0.000947,0.865631,0.00135,0.969642,0.001553,0,4.941244,0.04598,-1.438668,-22.4,126.2,2458618.69939,-4.502906,-4.502776,0,-9999999,0.008141,-0.282459,1.233386,-0.836134,1.345918,0.49,199.9982,1284.89761,426.109567,2019-05-15T04:37:28.190,-9999999,G2,0103.C-0472,Hoeijmakers,-9999999,HARPS_ech_obs_all,HARPS_ech_obs_objAB,STAR_SKY_A4,0.000112098786515359,3.0656327919213E-05,1,1,1
HD133112,225.686515,-3.031795,2458618.7021112,-131.005312,8.072772,-23754.881201,6.130505,-549.152748,7.977995,-23755.709113,5.980936,-549.152748,7.977995,18.508399,950.029933,-9.173819,5.367237,0.57081,0.000958,0.869549,0.001377,0.969182,0.001578,0,8.225104,0.039396,139.510312,-22.4,124,2458618.70211,-4.511116,-4.510997,0,-9999999,0.008141,-0.277464,1.233386,-0.836053,1.345918,0.51,199.9982,1322.009011,430.308296,2019-05-15T04:41:19.193,-9999999,G2,0103.C-0472,Hoeijmakers,-9999999,HARPS_ech_obs_all,HARPS_ech_obs_objAB,STAR_SKY_A4,0.000108245293956075,4.07676207657876E-05,1,1,1
HD133112,225.686515,-3.031795,2458618.7047625,-59.048602,8.414022,-29839.407324,6.245577,-477.191168,8.323132,-29840.235157,6.098831,-477.191168,8.323132,-389.194641,729.762372,13.799955,4.132069,0.570733,0.00099,0.869279,0.001416,0.968288,0.001623,0,1.37038,0.051252,20.87516,-22.4,120.6,2458618.70476,-4.519106,-4.518966,0,-9999999,0.008141,-0.272595,1.233386,-0.835974,1.345918,0.5,199.9982,581.508273,388.900678,2019-05-15T04:45:10.265,-9999999,G2,0103.C-0472,Hoeijmakers,-9999999,HARPS_ech_obs_all,HARPS_ech_obs_objAB,STAR_SKY_A4,0.000114823659499127,3.66028818586368E-05,1,1,1
HD133112,225.686515,-3.031795,2458618.7074353,-87.30498,8.208694,-19979.966239,6.249314,-505.442637,8.115505,-19980.793993,6.102658,-505.442637,8.115505,-46.504334,626.911188,-4.489749,4.891528,0.568658,0.000987,0.868627,0.001411,0.970093,0.001621,0,1.183802,0.07929,-1.960655,-22.4,121,2458618.70743,-4.527146,-4.527018,0,-9999999,0.008141,-0.267686,1.233386,-0.835895,1.345918,0.5,199.9982,554.745605,323.218642,2019-05-15T04:49:01.198,-9999999,G2,0103.C-0472,Hoeijmakers,-9999999,HARPS_ech_obs_all,HARPS_ech_obs_objAB,STAR_SKY_A4,0.000105610958417341,3.37444608927744E-05,1,1,1
HD133112,225.686515,-3.031795,2458618.7127824,-113.065203,9.053186,-27337.14395,6.166386,-531.193039,8.968775,-27337.971546,6.017709,-531.193039,8.968775,348.074359,163.357312,-0.462556,4.677749,0.569715,0.000961,0.867398,0.001373,0.969591,0.001577,0,20.032587,0.045401,-6.311566,-22.4,124.2,2458618.71278,-4.543175,-4.543041,0,-9999999,0.008141,-0.257865,1.233387,-0.835737,1.345919,0.5,199.9982,394.408475,171.655624,2019-05-15T04:56:43.192,-9999999,G2,0103.C-0472,Hoeijmakers,-9999999,HARPS_ech_obs_all,HARPS_ech_obs_objAB,STAR_SKY_A4,9.8007393245832E-05,3.71608638517929E-05,1,1,1
HD133112,225.686515,-3.031795,2458618.715456,-142.196673,8.450841,-18785.847217,6.09329,-560.319599,8.360351,-18786.674733,5.942784,-560.319599,8.360351,491.889865,189.408545,-4.316755,4.822036,0.572154,0.00095,0.866959,0.001353,0.970044,0.001555,0,0.807048,0.058834,0.082633,-22.4,126,2458618.71545,-4.55116,-4.551036,0,-9999999,0.008141,-0.252954,1.233387,-0.835657,1.345919,0.5,199.9982,2183.74202,257.974215,2019-05-15T05:00:34.195,-9999999,G2,0103.C-0472,Hoeijmakers,-9999999,HARPS_ech_obs_all,HARPS_ech_obs_objAB,STAR_SKY_A4,0.000106727446400986,3.72755786454881E-05,1,1,1
HD133112,225.686515,-3.031795,2458618.7181534,-141.960799,7.708036,-30304.697418,6.020999,-560.078771,7.608717,-30305.524854,5.86864,-560.078771,7.608717,-178.195947,1062.565864,-18.567635,4.450608,0.570423,0.000921,0.868741,0.001318,0.968374,0.001511,0,19.305019,0.038993,11.049176,-22.4,129.4,2458618.71815,-4.559192,-4.559047,0,-9999999,0.008141,-0.248,1.233387,-0.835577,1.345919,0.51,199.9982,1232.854929,356.248108,2019-05-15T05:04:25.257,-9999999,G2,0103.C-0472,Hoeijmakers,-9999999,HARPS_ech_obs_all,HARPS_ech_obs_objAB,STAR_SKY_A4,9.53324735968114E-05,3.72630815375427E-05,1,1,1
HD133112,225.686515,-3.031795,2458618.7208035,-188.889199,8.263756,-18482.347796,6.016714,-607.002304,8.171194,-18483.175154,5.864243,-607.002304,8.171194,795.399808,193.998359,-14.835995,4.626255,0.571614,0.000917,0.867309,0.001309,0.96978,0.001504,0,1.834288,0.038908,-399.154286,-22.4,130.2,2458618.7208,-4.567058,-4.566926,0,-9999999,0.008141,-0.243133,1.233388,-0.835499,1.34592,0.5,199.9982,2082.672233,228.216393,2019-05-15T05:08:16.230,-9999999,G2,0103.C-0472,Hoeijmakers,-9999999,HARPS_ech_obs_all,HARPS_ech_obs_objAB,STAR_SKY_A4,0.000106780328138112,3.88915159554841E-05,1,1,1
HD133112,225.686515,-3.031795,2458618.7234544,-177.851099,9.971717,-34549.328935,6.254251,-595.959335,9.895145,-34550.156213,6.107713,-595.959335,9.895145,600.67831,180.504549,-7.712729,4.252403,0.570977,0.000997,0.870471,0.00142,0.971692,0.001629,0,2.942493,0.05224,13.917115,-22.4,120.4,2458618.72345,-4.574901,-4.574778,0,-9999999,0.008142,-0.238264,1.233388,-0.83542,1.34592,0.49,199.9982,650.562422,288.500243,2019-05-15T05:12:07.272,-9999999,G2,0103.C-0472,Hoeijmakers,-9999999,HARPS_ech_obs_all,HARPS_ech_obs_objAB,STAR_SKY_A4,0.000117017542597796,3.36269747255879E-05,1,1,1
HD133112,225.686515,-3.031795,2458618.7261386,-114.143464,9.060422,-28588.885642,6.187565,-532.24677,8.976079,-28589.71284,6.039409,-532.24677,8.976079,-480.32782,1289.916284,3.253382,4.328998,0.571256,0.000978,0.868718,0.001386,0.96834,0.00159,0,25.095669,0.049346,6.994873,-22.4,123.2,2458618.72614,-4.582813,-4.582675,0,-9999999,0.008142,-0.233334,1.233389,-0.83534,1.345921,0.49,199.9982,506.719547,172.822535,2019-05-15T05:15:59.185,-9999999,G2,0103.C-0472,Hoeijmakers,-9999999,HARPS_ech_obs_all,HARPS_ech_obs_objAB,STAR_SKY_A4,0.0001054800361076,3.84206455076986E-05,1,1,1
HD133112,225.686515,-3.031795,2458618.7288129,-219.322368,10.458739,-28759.928734,6.243381,-637.420762,10.385758,-28760.755853,6.096581,-637.420762,10.385758,-39.611585,1038.690069,-11.540623,4.111057,0.570991,0.000997,0.868336,0.001417,0.971481,0.001628,0,4.184802,0.043759,-9649.830455,-22.4,120.5,2458618.72881,-4.590666,-4.590536,0,-9999999,0.008142,-0.228423,1.233389,-0.835261,1.345922,0.49,199.9982,888.312473,251.548802,2019-05-15T05:19:50.247,-9999999,G2,0103.C-0472,Hoeijmakers,-9999999,HARPS_ech_obs_all,HARPS_ech_obs_objAB,STAR_SKY_A4,0.000104586877920623,3.50086375241567E-05,1,1,1
HD133112,225.686515,-3.031795,2458618.7315321,-134.956503,7.997471,-19269.412358,6.135893,-553.049903,7.90179,-19270.239396,5.986458,-553.049903,7.90179,487.028381,161.981102,-9.999954,4.090133,0.57067,0.00096,0.857476,0.001337,0.970963,0.001565,0,2.172873,0.052032,0,-22.4,125.3,2458618.73153,-4.598617,-4.598499,0,-9999999,0.008142,-0.223428,1.23339,-0.83518,1.345922,0.51,199.9982,814.166341,327.786785,2019-05-15T05:23:41.190,-9999999,G2,0103.C-0472,Hoeijmakers,-9999999,HARPS_ech_obs_all,HARPS_ech_obs_objAB,STAR_SKY_A4,0.000105303371778895,3.63962304332195E-05,1,1,1
HD133112,225.686515,-3.031795,2458618.7342057,-164.598789,8.98608,-15322.190788,6.343783,-582.687279,8.901033,-15323.017747,6.199361,-582.687279,8.901033,867.669092,221.414335,-13.106931,5.730899,0.569137,0.001017,0.872844,0.001453,0.970955,0.001665,0,2.86801,0.031364,-15.007862,-22.4,117.8,2458618.7342,-4.6064,-4.606264,0,-9999999,0.008142,-0.218518,1.23339,-0.835101,1.345923,0.51,199.9982,2188.170697,391.313948,2019-05-15T05:27:32.191,-9999999,G2,0103.C-0472,Hoeijmakers,-9999999,HARPS_ech_obs_all,HARPS_ech_obs_objAB,STAR_SKY_A4,0.000103641575604891,3.53847809302186E-05,1,1,1
HD133112,225.686515,-3.031795,2458618.7368567,-123.869109,7.838886,-42195.935272,6.05801,-541.95273,7.741245,-42196.762152,5.906604,-541.95273,7.741245,576.053267,191.038705,-8.529729,4.316879,0.570736,0.000929,0.857906,0.001296,0.972962,0.001519,0,0.794454,0.050962,1370062.97086,-22.4,129.4,2458618.73685,-4.614081,-4.613955,0,-9999999,0.008142,-0.213649,1.233391,-0.835022,1.345924,0.5,199.9982,864.044561,343.379307,2019-05-15T05:31:23.244,-9999999,G2,0103.C-0472,Hoeijmakers,-9999999,HARPS_ech_obs_all,HARPS_ech_obs_objAB,STAR_SKY_A4,0.000106346895358671,3.563073480022E-05,1,1,1
HD133112,225.686515,-3.031795,2458618.7395296,-157.822521,8.601904,-26695.290859,6.257312,-575.901233,8.513019,-26696.11766,6.110846,-575.901233,8.513019,1275.328245,231.654189,-7.070026,4.345426,0.571029,0.000999,0.869646,0.001405,0.9723,0.001615,0,5.194843,0.029765,622.25057,-22.4,121.6,2458618.73953,-4.621789,-4.621674,0,-9999999,0.008142,-0.20874,1.233392,-0.834943,1.345925,0.5,199.9982,1521.580577,417.076435,2019-05-15T05:35:14.186,-9999999,G2,0103.C-0472,Hoeijmakers,-9999999,HARPS_ech_obs_all,HARPS_ech_obs_objAB,STAR_SKY_A4,0.000105046529492247,3.58071482015015E-05,1,1,1
HD133112,225.686515,-3.031795,2458618.7422273,-145.612737,7.868767,-20242.398764,6.100766,-563.686494,7.771502,-20243.225485,5.950448,-563.686494,7.771502,813.140992,180.193857,-12.538093,4.585171,0.570693,0.000949,0.857746,0.001323,0.968807,0.001547,0,1.671803,0.070998,21.800529,-22.4,126.6,2458618.74222,-4.629527,-4.629392,0,-9999999,0.008142,-0.203785,1.233392,-0.834863,1.345926,0.51,199.9982,1003.457233,363.231586,2019-05-15T05:39:05.269,-9999999,G2,0103.C-0472,Hoeijmakers,-9999999,HARPS_ech_obs_all,HARPS_ech_obs_objAB,STAR_SKY_A4,0.000104102865390822,4.22867972295693E-05,1,1,1
HD133112,225.686515,-3.031795,2458618.7448537,-130.781616,7.874451,-21787.917344,5.964161,-548.850549,7.777257,-21788.743987,5.81031,-548.850549,7.777257,-1169.959868,1843.040399,-6.069874,4.040097,0.571564,0.000916,0.86999,0.001301,0.971749,0.001494,0,4.543985,0.045089,-1.565656,-22.4,131.3,2458618.74485,-4.63702,-4.636898,0,-9999999,0.008142,-0.198961,1.233393,-0.834785,1.345927,0.49,199.9982,803.942337,346.489347,2019-05-15T05:42:56.191,-9999999,G2,0103.C-0472,Hoeijmakers,-9999999,HARPS_ech_obs_all,HARPS_ech_obs_objAB,STAR_SKY_A4,0.000109494244017978,3.76185276073121E-05,1,1,1
HD133112,225.686515,-3.031795,2458618.7475274,-117.085234,7.802881,-24471.235114,5.880657,-535.149256,7.704784,-24472.061678,5.724562,-535.149256,7.704784,525.338295,202.105235,4.701143,4.468067,0.569396,0.000885,0.859178,0.001241,0.972811,0.001452,0,2.937409,0.040657,0.248908,-22.4,135.2,2458618.74753,-4.644606,-4.644466,0,-9999999,0.008142,-0.194051,1.233394,-0.834706,1.345928,0.49,199.9983,839.654952,353.670608,2019-05-15T05:46:47.204,-9999999,G2,0103.C-0472,Hoeijmakers,-9999999,HARPS_ech_obs_all,HARPS_ech_obs_objAB,STAR_SKY_A4,9.98906368915214E-05,3.31622428094417E-05,1,1,1
HD133112,225.686515,-3.031795,2458618.7501782,-104.713096,7.687216,-35255.869665,5.925354,-522.77225,7.587623,-35256.69615,5.770468,-522.77225,7.587623,480.708874,206.134295,3.362157,4.358558,0.570404,0.000893,0.857847,0.001237,0.974542,0.001451,0,2.330933,0.030699,-1.722713,-22.4,135.6,2458618.75018,-4.652081,-4.651951,0,-9999999,0.008142,-0.189182,1.233395,-0.834627,1.345929,0.48,199.9982,899.217866,348.811976,2019-05-15T05:50:38.236,-9999999,G2,0103.C-0472,Hoeijmakers,-9999999,HARPS_ech_obs_all,HARPS_ech_obs_objAB,STAR_SKY_A4,0.000118289939347751,3.45148478888196E-05,1,1,1
HD133112,225.686515,-3.031795,2458618.7528978,-139.783912,7.336677,-34106.107269,5.771881,-557.838071,7.232259,-34106.933674,5.612761,-557.838071,7.232259,588.394127,215.507782,-6.28974,3.800604,0.570951,0.000859,0.857169,0.001197,0.969993,0.0014,0,1.081863,0.043696,0,-22.4,139.9,2458618.7529,-4.659703,-4.659583,0,-9999999,0.008142,-0.184187,1.233396,-0.834547,1.34593,0.5,199.9982,1016.570944,362.952913,2019-05-15T05:54:29.219,-9999999,G2,0103.C-0472,Hoeijmakers,-9999999,HARPS_ech_obs_all,HARPS_ech_obs_objAB,STAR_SKY_A4,0.00010657482075828,3.85299483643757E-05,1,1,1
HD133112,225.686515,-3.031795,2458618.7555718,-134.293317,7.312529,-20770.304029,5.748946,-552.342565,7.207761,-20771.130354,5.589173,-552.342565,7.207761,706.665752,219.175431,-0.526789,4.505018,0.571069,0.000857,0.85768,0.001202,0.973621,0.001409,0,1.367652,0.049888,-34.765641,-22.4,139.4,2458618.75557,-4.667148,-4.667009,0,-9999999,0.008142,-0.179276,1.233397,-0.834467,1.345931,0.5,199.9982,959.746532,370.112827,2019-05-15T05:58:20.251,-9999999,G2,0103.C-0472,Hoeijmakers,-9999999,HARPS_ech_obs_all,HARPS_ech_obs_objAB,STAR_SKY_A4,9.60657253088921E-05,3.81107437466643E-05,1,1,1
HD133112,225.686515,-3.031795,2458618.758152,-185.837827,9.216218,-24225.477881,6.20855,-603.882336,9.133313,-24226.30413,6.060904,-603.882336,9.133313,1081.232664,249.060895,-7.21652,5.148408,0.572615,0.000994,0.86024,0.001382,0.969904,0.001614,0,3.477564,0.03059,-5.551631,-22.4,121.4,2458618.75815,-4.674283,-4.674158,0,-9999999,0.008142,-0.174537,1.233398,-0.834391,1.345932,0.46,199.9982,1244.465783,285.323493,2019-05-15T06:02:11.183,-9999999,G2,0103.C-0472,Hoeijmakers,-9999999,HARPS_ech_obs_all,HARPS_ech_obs_objAB,STAR_SKY_A4,0.000110532162802562,3.6830667544222E-05,1,1,1
HD133112,225.686515,-3.031795,2458618.7609417,-130.131564,8.736276,-21479.962981,6.237088,-548.170949,8.648771,-21480.789147,6.090134,-548.170949,8.648771,-325.701159,1071.486697,5.02737,4.909269,0.570988,0.001007,0.859757,0.001403,0.970538,0.001639,0,2.911316,0.029542,-242.22405,-22.4,119.7,2458618.76094,-4.681944,-4.681826,0,-9999999,0.008142,-0.169414,1.233399,-0.834308,1.345934,0.51,199.9982,1600.42249,359.832237,2019-05-15T06:06:02.215,-9999999,G2,0103.C-0472,Hoeijmakers,-9999999,HARPS_ech_obs_all,HARPS_ech_obs_objAB,STAR_SKY_A4,9.54764209740523E-05,3.82032768798186E-05,1,1,1
HD133112,225.686515,-3.031795,2458618.7636383,-157.455434,8.551505,-29855.215995,5.950227,-575.489867,8.46209,-29856.042081,5.796004,-575.489867,8.46209,-1416.321105,1879.782082,-2.994486,4.416017,0.571835,0.000911,0.871273,0.001296,0.972982,0.001487,0,1.804677,0.042444,0,-22.4,132,2458618.76364,-4.689293,-4.689159,0,-9999999,0.008142,-0.164461,1.2334,-0.834228,1.345935,0.52,199.9982,761.923201,360.303006,2019-05-15T06:09:53.208,-9999999,G2,0103.C-0472,Hoeijmakers,-9999999,HARPS_ech_obs_all,HARPS_ech_obs_objAB,STAR_SKY_A4,0.000106564239119172,3.46399433743444E-05,1,1,1
HD133112,225.686515,-3.031795,2458618.766247,-209.029197,10.105114,-27060.519131,6.260538,-627.058838,10.029559,-27061.34514,6.114147,-627.058838,10.029559,627.54079,217.015348,-10.675036,4.683123,0.57062,0.001007,0.85782,0.001396,0.974261,0.001637,0,1.119851,0.048726,2.573999,-22.4,120.1,2458618.76624,-4.696348,-4.696212,0,-9999999,0.008142,-0.15967,1.233401,-0.834151,1.345937,0.49,199.9982,1493.646048,252.696235,2019-05-15T06:13:44.600,-9999999,G2,0103.C-0472,Hoeijmakers,-9999999,HARPS_ech_obs_all,HARPS_ech_obs_objAB,STAR_SKY_A4,-9999999,-9999999,-9999999,-9999999,-9999999
HD133112,225.686515,-3.031795,2458618.7689167,-170.321544,9.861952,-20907.783101,6.673971,-588.346282,9.784519,-20908.60903,6.536845,-588.346282,9.784519,-1243.554406,1514.809724,-1.760079,4.705288,0.571808,0.001163,0.869144,0.001586,0.974607,0.001827,0,3.108776,0.048861,0.301327,-22.4,108.1,2458618.76891,-4.703512,-4.70337,0,-9999999,0.008142,-0.154766,1.233402,-0.834071,1.345938,0.49,199.9982,738.328391,225.503191,2019-05-15T06:17:35.273,-9999999,G2,0103.C-0472,Hoeijmakers,-9999999,HARPS_ech_obs_all,HARPS_ech_obs_objAB,STAR_SKY_A4,-9999999,-9999999,-9999999,-9999999,-9999999
HD133112,225.686515,-3.031795,2458618.7715896,-154.293361,9.267435,-36525.064766,6.46831,-572.31319,9.184991,-36525.890616,6.326727,-572.31319,9.184991,-417.065379,1661.190071,-5.043032,4.911575,0.570555,0.001088,0.87146,0.00154,0.97511,0.001771,0,5.950748,0.039705,1.30371,-22.4,111.2,2458618.77159,-4.710626,-4.710495,0,-9999999,0.008142,-0.149857,1.233404,-0.833992,1.34594,0.49,199.9982,1543.624204,439.35253,2019-05-15T06:21:26.215,-9999999,G2,0103.C-0472,Hoeijmakers,-9999999,HARPS_ech_obs_all,HARPS_ech_obs_objAB,STAR_SKY_A4,0.000102522507905468,4.05252969364515E-05,1,1,1
HD133112,225.686515,-3.031795,2458618.7743324,-164.179101,9.892729,-39641.55146,6.532847,-582.193892,9.815539,-39642.377229,6.392694,-582.193892,9.815539,539.381014,502.179833,1.336542,5.08939,0.57039,0.001113,0.860799,0.001537,0.975857,0.001802,0,0.995635,0.056185,-365080077.57,-22.4,109.4,2458618.77433,-4.717862,-4.717741,0,-9999999,0.008142,-0.14482,1.233405,-0.833911,1.345942,0.52,199.9982,1749.718747,264.864759,2019-05-15T06:25:17.198,-9999999,G2,0103.C-0472,Hoeijmakers,-9999999,HARPS_ech_obs_all,HARPS_ech_obs_objAB,STAR_SKY_A4,0.000119925628682005,3.1293086428931E-05,1,1,1
HD133112,225.686515,-3.031795,2458618.7770536,-172.485985,9.34617,-33248.284397,6.105569,-590.495779,9.264427,-33249.110084,5.955368,-590.495779,9.264427,-60.500589,1307.435635,-17.774309,3.808982,0.571329,0.000969,0.857592,0.001357,0.972353,0.001589,0,1.210954,0.066644,0,-22.4,123.5,2458618.77705,-4.724977,-4.724836,0,-9999999,0.008143,-0.139822,1.233407,-0.83383,1.345943,0.54,199.9982,1240.612073,455.670738,2019-05-15T06:29:08.310,-9999999,G2,0103.C-0472,Hoeijmakers,-9999999,HARPS_ech_obs_all,HARPS_ech_obs_objAB,STAR_SKY_A4,0.000105615551060016,3.62900334902054E-05,1,1,1
HD133112,225.686515,-3.031795,2458618.7795871,-177.296696,8.841042,-22307.499935,5.970276,-595.301836,8.754583,-22308.325547,5.816582,-595.301836,8.754583,-224.422283,1066.230791,6.657099,3.779116,0.571303,0.000928,0.860947,0.001294,0.973182,0.001513,0,2.169492,0.052688,54.080363,-22.4,130,2458618.77958,-4.731541,-4.731413,0,-9999999,0.008143,-0.135169,1.233408,-0.833755,1.345945,0.48,199.9982,1321.620634,558.764776,2019-05-15T06:32:59.203,-9999999,G2,0103.C-0472,Hoeijmakers,-9999999,HARPS_ech_obs_all,HARPS_ech_obs_objAB,STAR_SKY_A4,0.000103339260018262,3.48884630324094E-05,1,1,1
HD133112,225.686515,-3.031795,2458618.7822612,-188.370477,9.021628,-29644.309043,6.085673,-606.370706,8.936916,-29645.134576,5.934968,-606.370706,8.936916,690.675853,249.279031,1.929017,4.024945,0.570364,0.000958,0.859622,0.001337,0.972234,0.001565,0,8.828304,0.040834,0,-22.4,125.6,2458618.78226,-4.738406,-4.738286,0,-9999999,0.008143,-0.130257,1.233409,-0.833676,1.345947,0.48,199.9982,1023.739561,386.453993,2019-05-15T06:36:50.254,-9999999,G2,0103.C-0472,Hoeijmakers,-9999999,HARPS_ech_obs_all,HARPS_ech_obs_objAB,STAR_SKY_A4,9.9235824303287E-05,3.73921694705958E-05,1,1,1
HD133112,225.686515,-3.031795,2458618.7849804,-190.987448,9.69188,-36882.23123,6.175578,-608.982683,9.613076,-36883.056682,6.027121,-608.982683,9.613076,-39.327816,1051.924539,-2.912832,4.625812,0.570744,0.000999,0.858023,0.001413,0.974545,0.001656,0,3.718629,0.049813,0.235513,-22.4,118.7,2458618.78498,-4.745318,-4.745184,0,-9999999,0.008143,-0.125263,1.233411,-0.833595,1.345949,0.5,199.9982,981.686263,408.319539,2019-05-15T06:40:41.197,-9999999,G2,0103.C-0472,Hoeijmakers,-9999999,HARPS_ech_obs_all,HARPS_ech_obs_objAB,STAR_SKY_A4,0.000109877453278503,3.49438868577828E-05,1,1,1
HD133112,225.686515,-3.031795,2458618.7876309,-260.880053,11.72389,-23280.21631,5.825132,-678.87042,11.658829,-23281.041683,5.667502,-678.87042,11.658829,504.507622,275.545295,3.053345,4.372701,0.571169,0.000892,0.860758,0.001281,0.975549,0.001499,0,4.623498,0.030655,-5.552495,-22.4,130.9,2458618.78763,-4.751987,-4.751862,0,-9999999,0.008143,-0.120395,1.233412,-0.833516,1.345951,0.49,199.9982,-657.743801,441.137787,2019-05-15T06:44:32.199,-9999999,G2,0103.C-0472,Hoeijmakers,-9999999,HARPS_ech_obs_all,HARPS_ech_obs_objAB,STAR_SKY_A4,0.000116564583982912,3.51141990354782E-05,1,1,1
HD133112,225.686515,-3.031795,2458618.7903507,-131.440001,9.157854,-29526.438338,6.048473,-549.425373,9.074413,-29527.263631,5.896816,-549.425373,9.074413,-230.348898,1192.912131,6.41909,5.21242,0.571001,0.000956,0.859913,0.00137,0.977937,0.001607,0,2.375586,0.079399,-5815.42054,-22.4,122.4,2458618.79035,-4.758758,-4.758641,0,-9999999,0.008143,-0.1154,1.233414,-0.833436,1.345953,0.51,199.9982,864.781521,415.316478,2019-05-15T06:48:23.192,-9999999,G2,0103.C-0472,Hoeijmakers,-9999999,HARPS_ech_obs_all,HARPS_ech_obs_objAB,STAR_SKY_A4,0.000107295320275054,3.76991520701552E-05,1,1,1
HD133112,225.686515,-3.031795,2458618.7930473,-200.140375,9.632509,-30189.134301,6.092375,-618.120794,9.553215,-30189.959514,5.941838,-618.120794,9.553215,-127.878462,1162.045165,-6.631629,4.553252,0.567676,0.000966,0.857341,0.001385,0.975937,0.001627,0,1.500073,0.054675,344.555346,-22.4,120.7,2458618.79305,-4.765399,-4.765267,0,-9999999,0.008143,-0.110447,1.233416,-0.833356,1.345955,0.52,199.9982,1095.336813,430.424315,2019-05-15T06:52:14.184,-9999999,G2,0103.C-0472,Hoeijmakers,-9999999,HARPS_ech_obs_all,HARPS_ech_obs_objAB,STAR_SKY_A4,0.000105349155101937,3.65920299071542E-05,1,1,1
HD133112,225.686515,-3.031795,2458618.7957217,-272.674834,9.79578,-25745.872867,5.700902,-690.650341,9.717818,-25746.698,5.539737,-690.650341,9.717818,773.807421,262.266546,-6.243445,4.179403,0.570612,0.000861,0.85761,0.001238,0.97693,0.001454,0,12.714959,0.03405,-23.284472,-22.4,135.1,2458618.79572,-4.771911,-4.771786,0,-9999999,0.008143,-0.105535,1.233418,-0.833276,1.345957,0.52,199.9982,1441.693459,349.922146,2019-05-15T06:56:05.257,-9999999,G2,0103.C-0472,Hoeijmakers,-9999999,HARPS_ech_obs_all,HARPS_ech_obs_objAB,STAR_SKY_A4,0.000112591120931431,3.45375139216457E-05,1,1,1
HD133112,225.686515,-3.031795,2458618.7983267,-201.469636,10.152157,-30760.146945,5.810586,-619.440359,10.076952,-30760.972001,5.652548,-619.440359,10.076952,-1925.183101,2237.496672,-9.499995,5.325401,0.57313,0.000892,0.870431,0.001308,0.9787,0.001506,0,20.631387,0.035497,6.729751,-22.4,130.4,2458618.79832,-4.778182,-4.778041,0,-9999999,0.008143,-0.100751,1.233419,-0.833199,1.345959,0.49,199.9982,1055.92546,521.38964,2019-05-15T06:59:56.329,-9999999,G2,0103.C-0472,Hoeijmakers,-9999999,HARPS_ech_obs_all,HARPS_ech_obs_objAB,STAR_SKY_A4,9.79804021084198E-05,3.82799140339986E-05,1,1,1
HD133112,225.686515,-3.031795,2458618.8010681,-236.371767,11.258319,-21611.072929,5.752248,-654.337455,11.19055,-21611.897904,5.592562,-654.337455,11.19055,1200.981916,357.258864,8.019231,4.433631,0.571334,0.000878,0.859052,0.001266,0.975472,0.001483,0,6.146361,0.039929,-8.545042,-22.4,132.2,2458618.80107,-4.784703,-4.784574,0,-9999999,0.008143,-0.095716,1.233421,-0.833118,1.345962,0.52,199.9982,754.791645,527.425467,2019-05-15T07:03:47.192,-9999999,G2,0103.C-0472,Hoeijmakers,-9999999,HARPS_ech_obs_all,HARPS_ech_obs_objAB,STAR_SKY_A4,0.000114144499809248,3.66215853332662E-05,1,1,1
HD133112,225.686515,-3.031795,2458618.8036505,-170.149811,8.062254,-26605.933293,5.667618,-588.110756,7.967346,-26606.758191,5.505477,-588.110756,7.967346,966.784967,286.616095,-7.179093,4.193037,0.570606,0.000854,0.862735,0.001238,0.977005,0.001464,0,4.370979,0.053945,4153.587065,-22.4,135.7,2458618.80365,-4.790772,-4.790648,0,-9999999,0.008143,-0.090973,1.233423,-0.833041,1.345964,0.48,199.9982,1547.210793,497.581652,2019-05-15T07:07:38.314,-9999999,G2,0103.C-0472,Hoeijmakers,-9999999,HARPS_ech_obs_all,HARPS_ech_obs_objAB,STAR_SKY_A4,0.000110844807153964,3.11401405462585E-05,1,1,1
HD133112,225.686515,-3.031795,2458618.8063457,-207.652083,9.686835,-27955.910495,5.697934,-625.608078,9.607988,-27956.735313,5.53668,-625.608078,9.607988,324.276519,253.982252,7.588315,4.217191,0.571107,0.000867,0.860233,0.001256,0.977428,0.001472,0,7.203272,0.038935,16.758475,-22.4,133.5,2458618.80634,-4.797027,-4.796893,0,-9999999,0.008143,-0.086023,1.233425,-0.832961,1.345966,0.49,199.9982,1006.592949,310.721879,2019-05-15T07:11:29.186,-9999999,G2,0103.C-0472,Hoeijmakers,-9999999,HARPS_ech_obs_all,HARPS_ech_obs_objAB,STAR_SKY_A4,0.000106008372373261,3.33845671824291E-05,1,1,1
HD133112,225.686515,-3.031795,2458618.8090199,-228.779118,10.069045,-30926.958932,5.971087,-646.730201,9.993214,-30927.783671,5.817409,-646.730201,9.993214,-155.7797,1061.41928,-5.928253,4.607957,0.572332,0.000937,0.862412,0.001353,0.978192,0.001585,0,1.113066,0.063078,2678.125598,-22.4,124.1,2458618.80902,-4.803152,-4.803024,0,-9999999,0.008143,-0.081111,1.233427,-0.832882,1.345969,0.49,199.9982,1946.110024,439.707326,2019-05-15T07:15:20.238,-9999999,G2,0103.C-0472,Hoeijmakers,-9999999,HARPS_ech_obs_all,HARPS_ech_obs_objAB,STAR_SKY_A4,9.91578134999665E-05,3.84027744944056E-05,1,1,1
HD133112,225.686515,-3.031795,2458618.8117624,-168.446391,9.775549,-26981.296065,6.101123,-586.392437,9.697423,-26982.120722,5.950804,-586.392437,9.697423,478.271536,981.358647,-11.00408,5.273788,0.570868,0.00098,0.860643,0.001417,0.981415,0.001664,0,1.062223,0.067666,0,-22.4,118.4,2458618.81176,-4.809349,-4.809229,0,-9999999,0.008143,-0.076074,1.233429,-0.8328,1.345971,0.52,199.9982,1697.154775,605.006326,2019-05-15T07:19:11.191,-9999999,G2,0103.C-0472,Hoeijmakers,-9999999,HARPS_ech_obs_all,HARPS_ech_obs_objAB,STAR_SKY_A4,9.36006545742691E-05,3.74891508692806E-05,1,1,1
HD133112,225.686515,-3.031795,2458618.8143668,-187.55304,9.329258,-25390.782926,5.753433,-605.494303,9.247362,-25391.607506,5.593777,-605.494303,9.247362,630.012187,249.793858,-4.147894,4.665619,0.569908,0.000887,0.861982,0.00129,0.98003,0.001528,0,2.510083,0.057748,10.599552,-22.4,130.1,2458618.81436,-4.815153,-4.81502,0,-9999999,0.008143,-0.071291,1.233431,-0.832723,1.345974,0.49,199.9982,1692.691962,318.496175,2019-05-15T07:23:02.213,-9999999,G2,0103.C-0472,Hoeijmakers,-9999999,HARPS_ech_obs_all,HARPS_ech_obs_objAB,STAR_SKY_A4,0.000111796566600405,3.65762021085109E-05,1,1,1
HD133112,225.686515,-3.031795,2458618.8170865,-167.085164,9.296335,-28237.996575,6.005741,-585.021432,9.214146,-28238.821074,5.852971,-585.021432,9.214146,-470.984505,1370.268571,-1.025346,4.922273,0.572989,0.000951,0.860125,0.001379,0.976978,0.001614,0,1.81544,0.063249,27.427591,-22.4,121.6,2458618.81708,-4.821128,-4.821002,0,-9999999,0.008143,-0.066296,1.233433,-0.832642,1.345976,0.51,199.9982,976.015303,541.222005,2019-05-15T07:26:53.205,-9999999,G2,0103.C-0472,Hoeijmakers,-9999999,HARPS_ech_obs_all,HARPS_ech_obs_objAB,STAR_SKY_A4,9.69585132050611E-05,3.78591272608314E-05,1,1,1
HD133112,225.686515,-3.031795,2458618.8197135,-155.668457,9.244249,-42147.034959,6.12945,-573.5999,9.161593,-42147.859381,5.979841,-573.5999,9.161593,-653.984604,1395.329468,-0.646405,4.618475,0.569072,0.000985,0.861478,0.001432,0.979324,0.001679,0,0.805159,0.070166,5.469633,-22.4,117.2,2458618.81971,-4.826815,-4.826678,0,-9999999,0.008143,-0.061471,1.233435,-0.832565,1.345979,0.49,199.9982,975.604806,509.986135,2019-05-15T07:30:44.178,-9999999,G2,0103.C-0472,Hoeijmakers,-9999999,HARPS_ech_obs_all,HARPS_ech_obs_objAB,STAR_SKY_A4,9.38806365155164E-05,4.05912986083365E-05,1,1,1
HD133112,225.686515,-3.031795,2458618.8224344,-127.846358,10.6562,-33515.805939,6.117511,-545.772803,10.584575,-33516.63028,5.967602,-545.772803,10.584575,-514.14392,739.703035,27.485155,3.934459,0.572547,0.001008,0.861128,0.001461,0.978374,0.00173,0,5.034827,0.049725,19.792575,-22.4,114.9,2458618.82243,-4.832616,-4.832484,0,-9999999,0.008143,-0.056474,1.233437,-0.832484,1.345982,0.51,199.9982,-919.62168,596.537879,2019-05-15T07:34:35.270,-9999999,G2,0103.C-0472,Hoeijmakers,-9999999,HARPS_ech_obs_all,HARPS_ech_obs_objAB,STAR_SKY_A4,0.000105051164004139,3.63051535428584E-05,1,1,1
HD133112,225.686515,-3.031795,2458618.8250144,-195.891157,10.582716,-25177.557169,6.285225,-613.812864,10.51059,-25178.381433,6.139412,-613.812864,10.51059,702.584553,314.93392,-0.684167,5.171629,0.570071,0.001044,0.860995,0.001513,0.978051,0.001793,0,1.467956,0.048536,-1.689763,-22.4,110.8,2458618.82501,-4.838033,-4.83791,0,-9999999,0.008143,-0.051735,1.23344,-0.832407,1.345985,0.47,199.9982,1507.761658,447.868273,2019-05-15T07:38:26.183,-9999999,G2,0103.C-0472,Hoeijmakers,-9999999,HARPS_ech_obs_all,HARPS_ech_obs_objAB,STAR_SKY_A4,0.000101628728821082,3.56459936733755E-05,1,1,1
HD133112,225.686515,-3.031795,2458618.8276883,-167.668048,10.164854,-30563.633075,6.169586,-585.584844,10.089741,-30564.457259,6.020972,-585.584844,10.089741,342.656384,713.086508,6.192587,3.941032,0.57173,0.001011,0.860522,0.001461,0.979203,0.001732,0,1.732966,0.067404,3.372912,-22.4,114.8,2458618.82769,-4.843559,-4.843424,0,-9999999,0.008144,-0.046824,1.233442,-0.832328,1.345988,0.47,199.9982,1339.075153,412.400671,2019-05-15T07:42:17.215,-9999999,G2,0103.C-0472,Hoeijmakers,-9999999,HARPS_ech_obs_all,HARPS_ech_obs_objAB,STAR_SKY_A4,0.000112949791085903,3.32434861011082E-05,1,1,1
HD133112,225.686515,-3.031795,2458618.8305012,-214.69258,13.161009,-10478.724727,6.235255,-632.60421,13.103083,-10479.548828,6.088244,-632.60421,13.103083,-129.311451,1064.135038,10.60638,5.177475,0.571157,0.001052,0.859537,0.001519,0.977586,0.001781,0,0.886529,0.066809,-1.29426755337E+038,-22.4,110.4,2458618.8305,-4.849274,-4.849144,0,-9999999,0.008144,-0.041658,1.233444,-0.832245,1.345991,0.53,199.9982,1434.958549,574.385945,2019-05-15T07:46:08.248,-9999999,G2,0103.C-0472,Hoeijmakers,-9999999,HARPS_ech_obs_all,HARPS_ech_obs_objAB,STAR_SKY_A4,9.47494986082461E-05,3.63236392839238E-05,1,1,1
HD133112,225.686515,-3.031795,2458618.8330831,-171.073455,9.105529,-36808.985066,5.9264,-588.980343,9.0216,-36809.80909,5.771527,-588.980343,9.0216,47.351548,1108.974619,2.175758,4.578552,0.572359,0.000944,0.86254,0.001369,0.980126,0.001621,0,4.621337,0.057936,-11.56838,-22.4,122.7,2458618.83308,-4.85443,-4.854305,0,-9999999,0.008144,-0.036916,1.233447,-0.832168,1.345994,0.49,199.9982,1280.003013,557.48268,2019-05-15T07:49:59.330,-9999999,G2,0103.C-0472,Hoeijmakers,-9999999,HARPS_ech_obs_all,HARPS_ech_obs_objAB,STAR_SKY_A4,0.000110418681949924,3.68866711027573E-05,1,1,1
HD133112,225.686515,-3.031795,2458618.8357325,-178.733761,10.153105,-36882.998386,6.004139,-596.635783,10.077904,-36883.822331,5.851323,-596.635783,10.077904,-124.855691,917.077795,9.07398,4.73252,0.571838,0.000963,0.86163,0.001397,0.978421,0.001655,0,4.155651,0.035881,1999.085141,-22.4,120.1,2458618.83573,-4.85963,-4.859496,0,-9999999,0.008144,-0.03205,1.233449,-0.832089,1.345997,0.48,199.9982,1264.823568,426.636432,2019-05-15T07:53:50.243,-9999999,G2,0103.C-0472,Hoeijmakers,-9999999,HARPS_ech_obs_all,HARPS_ech_obs_objAB,STAR_SKY_A4,0.000104905028630254,3.37895501833068E-05,1,1,1
HD133112,225.686515,-3.031795,2458618.8384054,-184.519507,11.277134,-27032.688914,6.302287,-602.41662,11.209476,-27033.51278,6.156875,-602.41662,11.209476,-604.319212,835.779356,12.728123,4.17868,0.571323,0.001064,0.860812,0.001546,0.978572,0.001832,0,9.422906,0.053883,-24186.506577,-22.4,108.5,2458618.8384,-4.864783,-4.864657,0,-9999999,0.008144,-0.027141,1.233452,-0.83201,1.346,0.48,199.9982,1398.555912,416.115148,2019-05-15T07:57:41.185,-9999999,G2,0103.C-0472,Hoeijmakers,-9999999,HARPS_ech_obs_all,HARPS_ech_obs_objAB,STAR_SKY_A4,0.000114184074502117,3.48117050204044E-05,1,1,1
HD133112,225.686515,-3.031795,2458618.841057,-143.445768,11.185309,-27250.786275,6.530149,-561.33801,11.117092,-27251.610062,6.389923,-561.33801,11.117092,400.01099,427.909156,10.862579,4.476273,0.571167,0.001171,0.860809,0.001714,0.978347,0.002009,0,1.056937,0.058503,340988.216994,-22.4,99,2458618.84105,-4.869801,-4.869678,0,-9999999,0.008144,-0.022271,1.233454,-0.831931,1.346003,0.47,199.9982,753.618033,575.318936,2019-05-15T08:01:32.287,-9999999,G2,0103.C-0472,Hoeijmakers,-9999999,HARPS_ech_obs_all,HARPS_ech_obs_objAB,STAR_SKY_A4,0.000103670123822243,3.86753385116114E-05,1,1,1
HD133112,225.686515,-3.031795,2458618.8438454,-182.748284,12.37581,-38066.863506,6.68919,-600.635405,12.314189,-38067.687211,6.552368,-600.635405,12.314189,-531.194743,1449.840641,-6.155002,5.986402,0.57125,0.001229,0.861542,0.001785,0.982126,0.002096,0,1.038628,0.071462,20.240691,-22.4,94.1,2458618.84384,-4.874975,-4.874844,0,-9999999,0.008144,-0.01715,1.233457,-0.831849,1.346006,0.52,199.9982,1392.372897,675.501111,2019-05-15T08:05:23.210,-9999999,G2,0103.C-0472,Hoeijmakers,-9999999,HARPS_ech_obs_all,HARPS_ech_obs_objAB,STAR_SKY_A4,9.87231570216383E-05,3.81385960481934E-05,1,1,1
HD133112,225.686515,-3.031795,2458618.8464957,-180.642099,12.849965,-23306.036996,6.661734,-598.524353,12.790629,-23306.860622,6.524336,-598.524353,12.790629,-606.39361,1549.528223,-0.163845,5.657586,0.573922,0.001237,0.860217,0.00179,0.981312,0.002102,0,3.379986,0.048944,0,-22.4,93.8,2458618.84649,-4.879795,-4.879669,0,-9999999,0.008144,-0.012282,1.23346,-0.83177,1.346009,0.51,199.9982,2198.02234,712.047582,2019-05-15T08:09:14.192,-9999999,G2,0103.C-0472,Hoeijmakers,-9999999,HARPS_ech_obs_all,HARPS_ech_obs_objAB,STAR_SKY_A4,9.47215468080841E-05,3.84560141663293E-05,1,1,1
HD133112,225.686515,-3.031795,2458618.8492393,-188.665427,10.919675,-20451.223621,6.191715,-606.542642,10.849787,-20452.047166,6.04364,-606.542642,10.849787,800.893575,413.701306,2.273404,4.65403,0.571252,0.001054,0.861578,0.001542,0.977296,0.001825,0,3.173573,0.037011,-7.630576,-22.4,108.9,2458618.84924,-4.884682,-4.884546,0,-9999999,0.008144,-0.007243,1.233462,-0.831689,1.346013,0.54,199.9982,1607.116561,458.176858,2019-05-15T08:13:05.245,-9999999,G2,0103.C-0472,Hoeijmakers,-9999999,HARPS_ech_obs_all,HARPS_ech_obs_objAB,STAR_SKY_A4,0.000113287832354145,3.58189886590707E-05,1,1,1
HD133112,225.686515,-3.031795,2458618.8518081,-196.365542,13.740679,-30827.914566,6.457423,-614.238039,13.685205,-30828.738034,6.31558,-614.238039,13.685205,1411.7087,381.795067,-8.55812,6.312888,0.573248,0.001138,0.863929,0.001658,0.984188,0.001968,0,11.815168,0.05178,-12.419193,-22.4,101.4,2458618.85181,-4.889163,-4.889034,0,-9999999,0.008144,-0.002525,1.233465,-0.831612,1.346016,0.49,199.9982,987.567144,784.692363,2019-05-15T08:16:57.197,-9999999,G2,0103.C-0472,Hoeijmakers,-9999999,HARPS_ech_obs_all,HARPS_ech_obs_objAB,STAR_SKY_A4,9.22516538720315E-05,3.62233968132907E-05,1,1,1
HD133112,225.686515,-3.031795,2458618.8545975,-200.853497,11.287059,-41711.893689,6.16993,-618.72087,11.219459,-41712.717075,6.021318,-618.72087,11.219459,278.280704,1393.913155,-11.176664,6.014006,0.570768,0.001042,0.858854,0.001527,0.9786,0.001792,0,2.03787,0.077783,-5943.432402,-22.4,109.7,2458618.8546,-4.893924,-4.893799,0,-9999999,0.008144,0.002598,1.233468,-0.83153,1.34602,0.54,199.9982,1963.491944,716.894628,2019-05-15T08:20:48.199,-9999999,G2,0103.C-0472,Hoeijmakers,-9999999,HARPS_ech_obs_all,HARPS_ech_obs_objAB,STAR_SKY_A4,0.000103268786943067,3.48825720341885E-05,1,1,1
