target,ra,dec,BJD,RV_mlc_nzp,e_RV_mlc_nzp,RV_drs_nzp,e_RV_drs_nzp,RV_mlc,e_RV_mlc,RV_drs,e_RV_drs,RV_mlc_j,e_RV_mlc_j,CRX,e_CRX,dLW,e_dLW,Halpha,e_Halpha,NaD1,e_NaD1,NaD2,e_NaD2,f_RV,FWHM_DRS,CONTRAST_DRS,BIS,RVGUESS,SNR_DRS,BJD_DRS,BERV,BERV_DRS,DRIFT,e_DRIFT,SA,NZP_mlc,dNZP_mlc,NZP_drs,dNZP_drs,TMMEAN,EXPTIME,MLCRX,E_MLCRX,TIMEID,DRIFT_LAMP,MASK,PROGID,PROGPI,AIRMASS,OBHAB,THAR_FP,DPR_TYPE,RHKp,dRHKp,sourceflag,vsinflag,metflag
HD154088,256.11885,-28.58265,2453829.8906139,-1.511848,0.639991,14296.276547,0.76268,-5.81078,0.269229,14295.419081,0.216622,-5.798513,0.269329,7.521113,3.167136,-14.19158,0.919275,0.480151,0.000338,0.225907,0.000367,0.308156,0.000472,0,6.365709,46.129358,0.00129,14.1,235.2,2453829.89073,26.666974,26.666847,0.135,-9999999,0,-0.653581,0.580606,-0.857466,0.731269,0.47,400.0007,7.523037,3.121463,2006-04-04T09:15:40.312,-9999999,K5,072.C-0488(E),Mayor,-9999999,HARPS_ech_obs_all,HARPS_ech_obs_thosimult,STAR_WAVE_K1,7.34826106490102E-06,3.05143476244507E-07,0,0,0
HD154088,256.11885,-28.58265,2453829.8956837,-1.459464,0.643573,14296.04382,0.765015,-5.760032,0.277629,14295.176825,0.224693,-5.741966,0.277692,9.060574,2.948111,-13.567515,0.956231,0.480817,0.000345,0.226756,0.000377,0.310694,0.000487,0,6.365912,46.124797,0.000286,14.1,229.4,2453829.8958,26.654478,26.65433,0.095,-9999999,0,-0.655217,0.58061,-0.866995,0.731273,0.48,400.0018,9.057431,2.903573,2006-04-04T09:22:54.296,-9999999,K5,072.C-0488(E),Mayor,-9999999,HARPS_ech_obs_all,HARPS_ech_obs_thosimult,STAR_WAVE_K1,7.34959018665462E-06,3.25727949522632E-07,0,0,0
HD154088,256.11885,-28.58265,2453830.8892576,-2.022116,0.731456,14295.114877,0.835468,-5.39001,0.292295,14295.305795,0.238707,-5.355268,0.292328,7.272393,2.935259,-11.651701,0.891797,0.480439,0.00036,0.225479,0.000394,0.303616,0.000511,0,6.368801,46.107033,0.00125,14.1,218.4,2453830.88937,26.429746,26.429612,-0.117,-9999999,0.000091,0.277457,0.670515,0.190827,0.800641,0.48,400.0002,7.271359,2.89143,2006-04-05T09:13:31.473,-9999999,K5,072.C-0488(E),Mayor,-9999999,HARPS_ech_obs_all,HARPS_ech_obs_thosimult,STAR_WAVE_K1,6.92249349237562E-06,3.20091445479682E-07,0,0,0
HD154088,256.11885,-28.58265,2453830.8942864,-0.981171,0.723704,14296.053982,0.830303,-4.350688,0.272308,14296.235448,0.219936,-4.311443,0.272386,7.186055,3.195644,-12.504994,0.872044,0.481566,0.000334,0.226445,0.000365,0.303867,0.000472,0,6.366905,46.120623,0.001086,14.1,236.6,2453830.8944,26.417324,26.41718,0.232,-9999999,0.000091,0.275834,0.670519,0.181375,0.800644,0.48,399.9996,7.194008,3.162311,2006-04-05T09:20:45.927,-9999999,K5,072.C-0488(E),Mayor,-9999999,HARPS_ech_obs_all,HARPS_ech_obs_thosimult,STAR_WAVE_K1,7.00237923723519E-06,3.40224700357149E-07,0,0,0
HD154088,256.11885,-28.58265,2453882.8028745,-1.167912,0.90054,14297.008534,1.005541,-5.734927,0.271515,14295.741415,0.220279,-5.709873,0.271588,14.878293,2.591286,-16.422296,1.014484,0.478491,0.000335,0.230427,0.000367,0.304664,0.000478,0,6.36514,46.128315,0.000941,14.1,234.7,2453882.80298,6.211897,6.212013,0,-9999999,0.004811,-0.921664,0.858633,-1.27193,0.981116,0.45,249.998,14.854527,2.534886,2006-05-27T07:06:05.594,-9999999,K5,072.C-0488(E),Mayor,-9999999,HARPS_ech_obs_all,HARPS_ech_obs_thosimult,STAR_WAVE_K1,7.34683574628717E-06,2.71067404884797E-07,0,0,0
HD154088,256.11885,-28.58265,2453882.8061619,-1.034742,0.902888,14297.116332,1.007024,-5.602818,0.279203,14295.843035,0.226948,-5.583726,0.279271,13.527983,3.208183,-16.963834,0.884402,0.477879,0.00034,0.230312,0.000374,0.303289,0.000487,0,6.364081,46.14228,0.000959,14.1,230,2453882.80626,6.203614,6.203727,0,-9999999,0.004812,-0.922725,0.858634,-1.278109,0.981117,0.45,249.9991,13.51008,3.164614,2006-05-27T07:10:49.613,-9999999,K5,072.C-0488(E),Mayor,-9999999,HARPS_ech_obs_all,HARPS_ech_obs_thosimult,STAR_WAVE_K1,7.29290195720437E-06,3.76727932368684E-07,0,0,0
HD154088,256.11885,-28.58265,2453882.8094377,-1.198432,0.90947,14296.760181,1.011477,-5.767565,0.299803,14295.480727,0.245951,-5.746788,0.299879,10.187147,2.939738,-15.857602,0.983439,0.478214,0.000366,0.230003,0.000404,0.30362,0.000526,0,6.364716,46.125793,0.00035,14.1,213,2453882.80954,6.195426,6.195537,0,-9999999,0.004812,-0.923782,0.858635,-1.284266,0.981118,0.45,250.0005,10.155771,2.891389,2006-05-27T07:15:32.640,-9999999,K5,072.C-0488(E),Mayor,-9999999,HARPS_ech_obs_all,HARPS_ech_obs_thosimult,STAR_WAVE_K1,6.51479834671435E-06,3.94523062612457E-07,0,0,0
HD154088,256.11885,-28.58265,2453883.7239376,-1.421679,0.817611,14296.371619,0.849303,-6.066068,0.344867,14295.384838,0.284691,-6.044395,0.344941,15.632803,2.927283,-18.152461,0.920829,0.478838,0.00044,0.22695,0.000484,0.309899,0.000626,0,6.363675,46.14452,0.000214,14.1,179.4,2453883.72405,5.927735,5.927803,0,-9999999,0.004895,-0.999038,0.74132,-0.991676,0.800167,0.47,250,15.617089,2.876897,2006-05-28T05:12:18.814,-9999999,K5,072.C-0488(E),Mayor,-9999999,HARPS_ech_obs_all,HARPS_ech_obs_thosimult,STAR_WAVE_K1,6.57381752971885E-06,3.35232530500778E-07,0,0,0
HD154088,256.11885,-28.58265,2453883.7271636,-1.131824,0.822691,14296.444796,0.85313,-5.777254,0.356742,14295.451952,0.29591,-5.751343,0.356771,19.939816,3.340791,-16.653035,0.988344,0.479671,0.000455,0.225442,0.000499,0.309557,0.000647,0,6.364279,46.137291,0.001334,14.1,173.5,2453883.72727,5.91891,5.918994,0,-9999999,0.004895,-1.000079,0.74132,-0.997739,0.800167,0.45,249.9992,19.923885,3.299773,2006-05-28T05:17:02.532,-9999999,K5,072.C-0488(E),Mayor,-9999999,HARPS_ech_obs_all,HARPS_ech_obs_thosimult,STAR_WAVE_K1,5.85678282624807E-06,4.4398442498204E-07,0,0,0
HD154088,256.11885,-28.58265,2453883.7304203,-0.734066,0.834387,14297.285748,0.86071,-5.380547,0.382944,14296.286784,0.317101,-5.358379,0.382974,13.224484,3.634785,-16.89464,1.130965,0.477881,0.000486,0.225642,0.000536,0.308625,0.000693,0,6.364126,46.137207,-0.000612,14.1,162,2453883.73052,5.909996,5.910086,0,-9999999,0.004896,-1.00113,0.74132,-1.00386,0.800168,0.44,250,13.205743,3.598351,2006-05-28T05:21:46.410,-9999999,K5,072.C-0488(E),Mayor,-9999999,HARPS_ech_obs_all,HARPS_ech_obs_thosimult,STAR_WAVE_K1,7.81275608564766E-06,4.11716830956538E-07,0,0,0
HD154088,256.11885,-28.58265,2453883.7337662,-0.80838,0.831143,14297.274792,0.858975,-5.455941,0.375822,14296.269539,0.31236,-5.44725,0.375853,9.559405,2.988639,-17.353666,1.122704,0.47699,0.000483,0.225666,0.000532,0.309499,0.000689,0,6.360892,46.14852,0.002243,14.1,163.2,2453883.73388,5.900838,5.900893,0,-9999999,0.004896,-1.002209,0.74132,-1.010149,0.800168,0.46,249.9982,9.552438,2.943029,2006-05-28T05:26:30.489,-9999999,K5,072.C-0488(E),Mayor,-9999999,HARPS_ech_obs_all,HARPS_ech_obs_thosimult,STAR_WAVE_K1,6.56856283121684E-06,3.71760064905287E-07,0,0,0
HD154088,256.11885,-28.58265,2454610.8014085,-1.850821,0.914498,14296.414479,0.760703,-3.478322,0.314732,14298.270656,0.252231,-3.451398,0.314787,8.219984,3.070034,-5.041882,0.779299,0.477556,0.000366,0.226402,0.000404,0.30874,0.000522,0,6.376493,46.059561,-0.00077,14.1,214.2,2454610.80151,7.459295,7.459383,-0.446,-9999999,0.071009,2.01785,0.858633,1.785168,0.717669,0.44,400,8.187497,3.037842,2008-05-24T07:03:00.963,-9999999,K5,072.C-0488(E),Mayor,-9999999,HARPS_ech_obs_all,HARPS_ech_obs_thosimult,STAR_WAVE_K1,7.42293291554491E-06,3.09468164344589E-07,0,0,0
HD154088,256.11885,-28.58265,2454610.8065368,-1.716216,0.924242,14296.73577,0.7691,-3.345372,0.342008,14298.582308,0.276518,-3.328664,0.34202,4.854614,3.063001,-5.142272,0.757052,0.477672,0.000399,0.226902,0.000442,0.308162,0.00057,0,6.374177,46.051997,-0.000075,14.1,196.1,2454610.80665,7.446205,7.446274,-0.283,-9999999,0.071009,2.016195,0.858634,1.775529,0.717671,0.47,400,4.827016,3.033386,2008-05-24T07:10:12.036,-9999999,K5,072.C-0488(E),Mayor,-9999999,HARPS_ech_obs_all,HARPS_ech_obs_thosimult,STAR_WAVE_K1,7.09269614117151E-06,3.9862035380518E-07,0,0,0
HD154088,256.11885,-28.58265,2454611.7745337,-0.510167,0.804762,14297.654499,0.800196,-3.246373,0.251588,14298.783826,0.189857,-3.226681,0.251658,9.05837,2.835055,-13.455968,0.657826,0.478065,0.000283,0.22969,0.000307,0.303192,0.000401,0,6.370998,46.102041,0.00056,14.1,279.8,2454611.77465,7.043793,7.043844,-0.354,-9999999,0.071097,0.909145,0.764424,1.05823,0.777347,0.49,400,9.031326,2.80385,2008-05-25T06:23:56.914,-9999999,K5,072.C-0488(E),Mayor,-9999999,HARPS_ech_obs_all,HARPS_ech_obs_thosimult,STAR_WAVE_K1,6.73898557748343E-06,2.77815872588996E-07,0,0,0
HD154088,256.11885,-28.58265,2454611.7794392,-1.077687,0.804543,14297.213463,0.800113,-3.815476,0.250886,14298.33357,0.189502,-3.801432,0.250973,7.253275,3.08695,-11.853307,0.803423,0.477944,0.000282,0.229582,0.000306,0.303162,0.000399,0,6.370157,46.100267,-0.000027,14.1,281.2,2454611.77955,7.030733,7.030789,-0.054,-9999999,0.071097,0.907562,0.764425,1.04901,0.777348,0.47,400,7.212467,3.057313,2008-05-25T06:31:08.737,-9999999,K5,072.C-0488(E),Mayor,-9999999,HARPS_ech_obs_all,HARPS_ech_obs_thosimult,STAR_WAVE_K1,6.51826699233634E-06,3.54485839535204E-07,0,0,0
HD154088,256.11885,-28.58265,2454612.8002556,-1.135425,0.933612,14297.660078,1.025779,-2.884397,0.36658,14299.464499,0.29939,-2.871978,0.366644,7.817069,3.903628,-8.498191,0.768951,0.477669,0.000438,0.226124,0.000483,0.311265,0.000627,0,6.372982,46.070775,0.001868,14.1,180.1,2454612.80036,6.48846,6.488556,-0.563,-9999999,0.07119,1.896379,0.858633,1.733231,0.981116,0.42,400,7.787531,3.881086,2008-05-26T07:01:25.252,-9999999,K5,072.C-0488(E),Mayor,-9999999,HARPS_ech_obs_all,HARPS_ech_obs_thosimult,STAR_WAVE_K1,7.20125896488003E-06,4.11985919935531E-07,0,0,0
HD154088,256.11885,-28.58265,2454612.8054762,-1.863641,0.992057,14296.090929,1.064722,-3.614297,0.496915,14297.885539,0.413572,-3.588887,0.496908,12.040007,4.715675,-10.824308,1.011949,0.47913,0.000609,0.226057,0.000673,0.312096,0.000876,0,6.374034,46.079463,0.001155,14.1,130.3,2454612.80559,6.475239,6.475316,-0.435,-9999999,0.071191,1.894695,0.858634,1.723419,0.981117,0.47,400,12.009107,4.695819,2008-05-26T07:08:36.305,-9999999,K5,072.C-0488(E),Mayor,-9999999,HARPS_ech_obs_all,HARPS_ech_obs_thosimult,STAR_WAVE_K1,5.61713908743467E-06,3.74789772563326E-07,0,0,0
HD154088,256.11885,-28.58265,2454616.7704871,-0.366947,0.718973,14297.797281,0.779551,-2.82455,0.314952,14298.83939,0.249147,-2.810463,0.314966,8.065131,3.298761,-4.32577,0.681865,0.47713,0.000368,0.231753,0.000403,0.301506,0.000521,0,6.376311,46.051226,0.00065,14.1,214.9,2454616.77061,4.593346,4.593406,-0.975,-9999999,0.071551,1.187748,0.646318,0.970558,0.738665,0.49,400,8.081266,3.269543,2008-05-30T06:17:58.771,-9999999,K5,072.C-0488(E),Mayor,-9999999,HARPS_ech_obs_all,HARPS_ech_obs_thosimult,STAR_WAVE_K1,6.1611262374647E-06,3.46775972583191E-07,0,0,0
HD154088,256.11885,-28.58265,2454616.7754866,0.738336,0.722944,14299.304127,0.782265,-1.720881,0.323913,14300.33684,0.257508,-1.703155,0.323942,6.77295,3.693289,-4.063713,0.835692,0.477692,0.000379,0.231576,0.000415,0.308549,0.000537,0,6.374967,46.052105,-0.000351,14.1,208.5,2454616.77561,4.580167,4.580233,-1.187,-9999999,0.071552,1.186135,0.646319,0.961161,0.738666,0.49,400,6.785427,3.674661,2008-05-30T06:25:10.723,-9999999,K5,072.C-0488(E),Mayor,-9999999,HARPS_ech_obs_all,HARPS_ech_obs_thosimult,STAR_WAVE_K1,6.76098233528888E-06,3.5387260243418E-07,0,0,0
HD154088,256.11885,-28.58265,2454617.8652435,-0.24254,0.911825,14298.399182,0.936247,-1.979011,0.521664,14300.161587,0.430613,-1.944571,0.521704,12.043245,4.896652,-4.489648,1.242297,0.478931,0.000628,0.230383,0.000698,0.302733,0.000906,0,6.378056,46.051694,0.001173,14.1,125.4,2454617.86536,3.875839,3.875996,0.156,-9999999,0.071651,1.90888,0.747858,1.690754,0.831342,0.45,400,12.06801,4.887718,2008-05-31T08:34:40.329,-9999999,K5,072.C-0488(E),Mayor,-9999999,HARPS_ech_obs_all,HARPS_ech_obs_thosimult,STAR_WAVE_K1,6.93915361609283E-06,4.60356931611636E-07,0,0,0
HD154088,256.11885,-28.58265,2454617.8702413,-0.259748,0.914463,14298.060018,0.938306,-1.997832,0.526259,14299.813029,0.435067,-1.965154,0.526317,8.384574,5.484312,-5.471487,0.953671,0.477492,0.000634,0.231565,0.000707,0.300357,0.000912,0,6.380153,46.044356,0.001052,14.1,124.1,2454617.87034,3.866546,3.866729,-0.036,-9999999,0.071651,1.907267,0.74786,1.68136,0.831345,0.45,400,8.409607,5.475645,2008-05-31T08:41:52.132,-9999999,K5,072.C-0488(E),Mayor,-9999999,HARPS_ech_obs_all,HARPS_ech_obs_thosimult,STAR_WAVE_K1,6.4698229846027E-06,5.75576708039961E-07,0,0,0
HD154088,256.11885,-28.58265,2454621.6747844,-3.970687,0.805608,14294.00953,0.772557,-6.437717,0.343823,14295.699072,0.275997,-6.417879,0.343906,6.412421,3.9407,-15.217841,0.727739,0.47892,0.000421,0.229122,0.000458,0.302277,0.000597,0,6.369673,46.114303,0.000653,14.1,189.9,2454621.67484,2.348597,2.34883,0.28,-9999999,0.071997,1.178321,0.728553,1.617545,0.721575,0.23,600,6.408276,3.898722,2008-06-04T04:01:03.135,-9999999,K5,081.C-0842(B),Udry,-9999999,HARPS_ech_obs_all,HARPS_ech_obs_thosimult,STAR_WAVE_K1,5.77895046494083E-06,4.01119707958691E-07,0,0,0
HD154088,256.11885,-28.58265,2454621.6855904,-1.43855,0.92405,14296.39439,0.86249,-3.909067,0.568401,14298.063624,0.472462,-3.894489,0.568459,12.890198,5.289912,-13.815052,1.366611,0.478614,0.000727,0.230274,0.0008,0.302679,0.00104,0,6.373235,46.091327,0.00006,14.1,110.6,2454621.68574,2.319407,2.319364,0.178,-9999999,0.071998,1.174834,0.728553,1.597236,0.721574,0.66,600,12.889695,5.273394,2008-06-04T04:12:18.770,-9999999,K5,081.C-0842(B),Udry,-9999999,HARPS_ech_obs_all,HARPS_ech_obs_thosimult,STAR_WAVE_K1,7.2011528864909E-06,4.9173809980906E-07,0,0,0
HD154088,256.11885,-28.58265,2454621.6920754,-2.148511,0.857479,14295.674705,0.813034,-4.621121,0.452196,14297.331751,0.374641,-4.606201,0.452298,11.719524,3.91833,-14.478518,1.007684,0.477579,0.000575,0.229161,0.000628,0.301006,0.000815,0,6.375384,46.099213,0.000328,14.1,139.6,2454621.6922,2.301755,2.301796,0.235,-9999999,0.071999,1.172742,0.728552,1.585047,0.721574,0.54,600,11.715403,3.891452,2008-06-04T04:22:51.072,-9999999,K5,081.C-0842(B),Udry,-9999999,HARPS_ech_obs_all,HARPS_ech_obs_thosimult,STAR_WAVE_K1,6.71046972049695E-06,4.40659091053484E-07,0,0,0
HD154088,256.11885,-28.58265,2454621.6982175,-1.574898,1.130273,14295.36809,1.028267,-4.049489,0.864135,14297.013592,0.732574,-4.04842,0.864156,16.863751,6.334888,-12.483887,1.879235,0.479877,0.001103,0.231138,0.001236,0.301903,0.001599,0,6.376032,46.045653,-0.000458,14.1,73.7,2454621.6983,2.284969,2.285111,-0.111,-9999999,0.071999,1.17076,0.728552,1.573503,0.721574,0.37,600,16.860483,6.319328,2008-06-04T04:33:23.746,-9999999,K5,081.C-0842(B),Udry,-9999999,HARPS_ech_obs_all,HARPS_ech_obs_thosimult,STAR_WAVE_K1,8.31734525426873E-06,8.57566465402689E-07,0,0,0
HD154088,256.11885,-28.58265,2454621.7064291,4.462681,2.176029,14299.473741,2.44629,1.98544,2.050442,14301.10381,2.337449,2.008539,2.050557,-7.039468,20.649401,-1.380863,4.996475,0.480738,0.00249,0.239669,0.003065,0.310501,0.003879,0,6.383697,45.777513,0.003517,14.1,34.2,2454621.70654,2.262462,2.262522,0.119,-9999999,0.072,1.16811,0.728552,1.558069,0.721574,0.5,600,-7.030068,20.647021,2008-06-04T04:43:55.218,-9999999,K5,081.C-0842(B),Udry,-9999999,HARPS_ech_obs_all,HARPS_ech_obs_thosimult,STAR_WAVE_K1,1.07998694661322E-05,1.57268493757817E-06,0,0,0
HD154088,256.11885,-28.58265,2454621.7128465,1.446577,2.439696,14295.303472,2.803992,-1.032735,2.328374,14296.92148,2.709558,-1.015227,2.328514,12.418531,18.458412,2.951233,5.369677,0.470693,0.002791,0.241266,0.003532,0.318104,0.00449,0,6.365165,45.725054,0.013342,14.1,30.7,2454621.71293,2.244851,2.245001,0.154,-9999999,0.072001,1.166039,0.728553,1.546007,0.721574,0.37,600,12.394096,18.455733,2008-06-04T04:54:27.681,-9999999,K5,081.C-0842(B),Udry,-9999999,HARPS_ech_obs_all,HARPS_ech_obs_thosimult,STAR_WAVE_K1,-9999999,-9999999,-9999999,-9999999,-9999999
HD154088,256.11885,-28.58265,2454621.7205743,-0.983657,3.757368,14285.764774,4.230161,-3.465463,3.686058,14287.368258,4.168164,-3.449785,3.686277,77.271778,29.121316,54.758434,9.760513,0.475671,0.004292,0.245415,0.005737,0.326832,0.007258,0,6.379556,45.06127,-0.001017,14.1,21,2454621.72067,2.223652,2.223756,0.168,-9999999,0.072001,1.163545,0.728553,1.531483,0.721574,0.43,600,77.266605,29.121695,2008-06-04T05:04:59.353,-9999999,K5,081.C-0842(B),Udry,-9999999,HARPS_ech_obs_all,HARPS_ech_obs_thosimult,STAR_WAVE_K1,2.72276432264937E-05,1.15370260812621E-06,0,0,0
HD154088,256.11885,-28.58265,2454621.7299698,-2.269073,1.724031,14295.293711,1.7821,-4.75391,1.562528,14296.879537,1.629481,-4.718273,1.562631,49.186812,14.62269,-4.267777,3.972837,0.480016,0.001919,0.232734,0.002263,0.310064,0.002901,0,6.380245,45.878655,0.007207,14.1,43.5,2454621.73014,2.19795,2.197864,0.117,-9999999,0.072002,1.160514,0.728554,1.513824,0.721575,0.73,600,49.185384,14.6146,2008-06-04T05:15:31.117,-9999999,K5,081.C-0842(B),Udry,-9999999,HARPS_ech_obs_all,HARPS_ech_obs_thosimult,STAR_WAVE_K1,4.23321370077686E-06,1.59218754436474E-06,0,0,0
HD154088,256.11885,-28.58265,2454621.7342356,-4.216995,1.192566,14291.692956,1.090008,-6.703209,0.944152,14293.270765,0.816973,-6.688775,0.944153,21.733793,7.853972,-12.488102,2.243375,0.475008,0.001188,0.232296,0.001347,0.309774,0.001738,0,6.369158,46.051403,-0.000842,14.1,68.3,2454621.7343,2.186325,2.186541,0.009,-9999999,0.072003,1.159137,0.728554,1.505806,0.721576,0.29,600,21.713913,7.834989,2008-06-04T05:26:03.679,-9999999,K5,081.C-0842(B),Udry,-9999999,HARPS_ech_obs_all,HARPS_ech_obs_thosimult,STAR_WAVE_K1,9.82815222072711E-06,8.1398994559396E-07,0,0,0
HD154088,256.11885,-28.58265,2454621.7434336,-1.009649,1.377389,14294.377815,1.304021,-3.498831,1.168934,14295.938337,1.086185,-3.473916,1.169006,17.754864,11.043415,-6.931549,2.440123,0.477942,0.001449,0.229219,0.001656,0.310016,0.002148,0,6.377369,45.968114,0.004812,14.1,56.5,2454621.74357,2.161393,2.161393,0.197,-9999999,0.072003,1.156169,0.728555,1.488519,0.721577,0.56,600,17.739366,11.036577,2008-06-04T05:36:36.382,-9999999,K5,081.C-0842(B),Udry,-9999999,HARPS_ech_obs_all,HARPS_ech_obs_thosimult,STAR_WAVE_K1,2.13283655712538E-06,1.68603551365599E-06,0,0,0
HD154088,256.11885,-28.58265,2454621.7503342,-3.503167,1.211446,14294.115361,1.107879,-5.994576,0.967888,14295.662914,0.840667,-5.971968,0.96791,16.509793,7.665134,-11.859659,1.772381,0.477006,0.001213,0.232066,0.001377,0.309627,0.001775,0,6.373381,46.038214,0.002371,14.1,67,2454621.75045,2.142842,2.142899,0.192,-9999999,0.072004,1.153942,0.728556,1.475549,0.721578,0.5,600,16.493449,7.647574,2008-06-04T05:47:08.596,-9999999,K5,081.C-0842(B),Udry,-9999999,HARPS_ech_obs_all,HARPS_ech_obs_thosimult,STAR_WAVE_K1,-9999999,-9999999,-9999999,-9999999,-9999999
HD154088,256.11885,-28.58265,2454621.7981996,-3.689651,0.813124,14294.168195,0.779128,-6.196505,0.361056,14295.625788,0.293848,-6.176877,0.361098,5.437561,3.45725,-10.435455,0.630011,0.47917,0.000427,0.224224,0.000471,0.306909,0.000609,0,6.372922,46.083325,-0.000178,14.1,185.1,2454621.79833,2.020202,2.020262,0.289,-9999999,0.072008,1.138497,0.728567,1.385585,0.721592,0.52,600,5.431798,3.415482,2008-06-04T06:55:52.130,-9999999,K5,081.C-0842(B),Udry,-9999999,HARPS_ech_obs_all,HARPS_ech_obs_thosimult,STAR_WAVE_K1,6.02239832563808E-06,4.97056082299977E-07,0,0,0
HD154088,256.11885,-28.58265,2454621.8055117,-4.135512,0.789987,14293.643275,0.760911,-6.644726,0.305394,14295.087126,0.241427,-6.621786,0.305463,5.803332,3.290199,-11.544051,0.702359,0.477872,0.000353,0.222487,0.000386,0.305858,0.000501,0,6.373061,46.086826,0.003313,14.1,224.1,2454621.80562,2.002738,2.002868,0.17,-9999999,0.072009,1.136137,0.728569,1.371842,0.721594,0.46,600,5.794372,3.237201,2008-06-04T07:06:59.894,-9999999,K5,081.C-0842(B),Udry,-9999999,HARPS_ech_obs_all,HARPS_ech_obs_thosimult,STAR_WAVE_K1,6.90053050640527E-06,3.00234896261228E-07,0,0,0
HD154088,256.11885,-28.58265,2454621.812747,-3.52546,0.795992,14294.565758,0.765561,-6.037008,0.320603,14295.996011,0.255696,-6.01395,0.320656,9.615217,3.239728,-10.793253,0.777411,0.478864,0.000372,0.223159,0.000409,0.306823,0.00053,0,6.371694,46.088203,0.00174,14.1,212.5,2454621.81285,1.985874,1.986007,0.165,-9999999,0.07201,1.133803,0.728572,1.358243,0.721597,0.45,600,9.600964,3.193778,2008-06-04T07:17:31.017,-9999999,K5,081.C-0842(B),Udry,-9999999,HARPS_ech_obs_all,HARPS_ech_obs_thosimult,STAR_WAVE_K1,1.1288642665646E-05,3.84200045236562E-07,0,0,0
HD154088,256.11885,-28.58265,2454621.8195016,-4.341095,0.841239,14294.253393,0.800115,-6.854823,0.42055,14295.670951,0.345654,-6.839722,0.42063,12.57162,3.207132,-11.682388,0.964859,0.477654,0.000496,0.22368,0.000551,0.306643,0.000713,0,6.373414,46.083529,0.000211,14.1,158.5,2454621.81961,1.970528,1.97065,0.166,-9999999,0.07201,1.131623,0.728574,1.345548,0.7216,0.47,400,12.551361,3.152266,2008-06-04T07:28:36.611,-9999999,K5,081.C-0842(B),Udry,-9999999,HARPS_ech_obs_all,HARPS_ech_obs_thosimult,STAR_WAVE_K1,6.23846205018725E-06,3.90798039945898E-07,0,0,0
HD154088,256.11885,-28.58265,2454621.8245863,-3.252521,0.957666,14293.274648,0.887446,-5.76789,0.621532,14294.68265,0.516576,-5.757944,0.621546,9.349101,4.95376,-14.232946,1.289405,0.478902,0.000755,0.224009,0.000843,0.30831,0.001092,0,6.375747,46.088591,0.001611,14.1,105.2,2454621.8247,1.959244,1.959357,0.153,-9999999,0.072011,1.129982,0.728576,1.335991,0.721603,0.49,400,9.328984,4.925557,2008-06-04T07:35:47.923,-9999999,K5,081.C-0842(B),Udry,-9999999,HARPS_ech_obs_all,HARPS_ech_obs_thosimult,STAR_WAVE_K1,5.82772411938335E-06,6.09885549741987E-07,0,0,0
HD154088,256.11885,-28.58265,2454621.8294861,-4.919256,0.894166,14291.992147,0.840453,-7.436206,0.51837,14293.39094,0.430869,-7.403106,0.518392,12.884489,4.908884,-14.618645,1.238244,0.477915,0.000623,0.22311,0.000693,0.30713,0.000899,0,6.373624,46.094158,0.000618,14.1,126.6,2454621.8296,1.948597,1.948727,0.281,-9999999,0.072011,1.128401,0.728578,1.326782,0.721605,0.47,400,12.867632,4.872269,2008-06-04T07:42:59.267,-9999999,K5,081.C-0842(B),Udry,-9999999,HARPS_ech_obs_all,HARPS_ech_obs_thosimult,STAR_WAVE_K1,6.99905764207687E-06,6.64953822474782E-07,0,0,0
HD154088,256.11885,-28.58265,2454621.8343413,-3.454887,0.944681,14293.696801,0.876948,-5.973404,0.601327,14295.08647,0.498317,-5.948376,0.601433,11.123155,4.796412,-13.506939,1.080403,0.475978,0.000718,0.224322,0.000808,0.308165,0.001046,0,6.374957,46.085833,-0.001013,14.1,109.6,2454621.83445,1.938274,1.938424,0.013,-9999999,0.072012,1.126835,0.72858,1.317657,0.721607,0.44,400,11.098442,4.766694,2008-06-04T07:50:10.748,-9999999,K5,081.C-0842(B),Udry,-9999999,HARPS_ech_obs_all,HARPS_ech_obs_thosimult,STAR_WAVE_K1,5.98462401716235E-06,5.51738712147676E-07,0,0,0
HD154088,256.11885,-28.58265,2454621.8393413,-3.714493,0.978771,14294.982673,0.90132,-6.234623,0.653576,14296.362944,0.540053,-6.214155,0.653635,15.33618,5.428696,-15.457227,1.469022,0.478591,0.000783,0.223396,0.000879,0.308705,0.00114,0,6.372111,46.089386,0.001732,14.1,100.9,2454621.83945,1.927887,1.928046,0.111,-9999999,0.072012,1.125221,0.728582,1.308259,0.72161,0.44,400,15.320237,5.400134,2008-06-04T07:57:22.751,-9999999,K5,081.C-0842(B),Udry,-9999999,HARPS_ech_obs_all,HARPS_ech_obs_thosimult,STAR_WAVE_K1,4.55402826480014E-06,7.64361391483721E-07,0,0,0
HD154088,256.11885,-28.58265,2454621.8442472,-2.98288,1.004513,14294.930026,0.920446,-5.504593,0.691529,14296.301078,0.571398,-5.477264,0.691571,10.349399,6.140692,-13.870039,1.512951,0.478484,0.000823,0.224121,0.000931,0.306416,0.0012,0,6.374953,46.077635,-0.000056,14.1,95.8,2454621.84434,1.917944,1.918131,0.092,-9999999,0.072013,1.123638,0.728584,1.299039,0.721613,0.42,400,10.324412,6.120316,2008-06-04T08:04:34.613,-9999999,K5,081.C-0842(B),Udry,-9999999,HARPS_ech_obs_all,HARPS_ech_obs_thosimult,STAR_WAVE_K1,6.59025014496297E-06,6.85876322676769E-07,0,0,0
HD154088,256.11885,-28.58265,2454638.835312,-1.33266,0.931051,14297.452184,1.022661,-4.831343,0.359984,14297.714446,0.288488,-4.803324,0.360005,7.615225,3.619055,-2.820708,0.877186,0.476219,0.000401,0.228636,0.000449,0.306733,0.000583,0,6.379823,46.035708,0.000998,14.1,192.4,2454638.83542,-6.468618,-6.468431,-0.25,-9999999,0.073558,0.146669,0.858643,0.188704,0.981127,0.45,443.9,7.597274,3.585055,2008-06-21T07:51:20.712,-9999999,K5,072.C-0488(E),Mayor,-9999999,HARPS_ech_obs_all,HARPS_ech_obs_thosimult,STAR_WAVE_K1,-9999999,-9999999,-9999999,-9999999,-9999999
HD154088,256.11885,-28.58265,2454638.841071,-1.361536,0.924431,14297.432197,1.018043,-4.862077,0.342493,14297.683635,0.271655,-4.83394,0.342521,5.239847,3.67895,-4.656696,0.829459,0.476615,0.000377,0.230143,0.000423,0.306624,0.000547,0,6.377911,46.050664,0.000375,14.1,204.7,2454638.84119,-6.477337,-6.477144,-0.525,-9999999,0.073558,0.14481,0.858645,0.17788,0.981129,0.5,443.9,5.215839,3.641094,2008-06-21T07:59:16.108,-9999999,K5,072.C-0488(E),Mayor,-9999999,HARPS_ech_obs_all,HARPS_ech_obs_thosimult,STAR_WAVE_K1,6.43094311768996E-06,4.2657989767209E-07,0,0,0
HD154088,256.11885,-28.58265,2454639.7516767,-1.618408,0.848698,14296.477368,0.749313,-4.672771,0.27297,14297.482632,0.20721,-4.652222,0.273008,5.274593,3.433993,-8.638407,0.713371,0.476969,0.000301,0.23018,0.000331,0.306718,0.000429,0,6.375302,46.07684,0.00259,14.1,261.3,2454639.7518,-6.785177,-6.785132,-0.365,-9999999,0.073641,0.590988,0.803602,0.931623,0.720093,0.51,443.9,5.260689,3.394918,2008-06-22T05:50:29.670,-9999999,K5,072.C-0488(E),Mayor,-9999999,HARPS_ech_obs_all,HARPS_ech_obs_thosimult,STAR_WAVE_K1,7.64107571253688E-06,3.3601418033789E-07,0,0,0
HD154088,256.11885,-28.58265,2454639.756818,-1.559202,0.848261,14296.875298,0.749453,-4.615224,0.271606,14297.870899,0.20771,-4.604481,0.271674,5.328671,2.765813,-7.408173,0.832091,0.47667,0.000303,0.226401,0.000334,0.306639,0.000431,0,6.377479,46.068268,0.000496,14.1,260,2454639.75692,-6.797295,-6.79718,-0.294,-9999999,0.073641,0.589329,0.803603,0.92196,0.720094,0.44,443.9,5.312875,2.720363,2008-06-22T05:58:24.965,-9999999,K5,072.C-0488(E),Mayor,-9999999,HARPS_ech_obs_all,HARPS_ech_obs_thosimult,STAR_WAVE_K1,7.26922108907413E-06,2.72095404569546E-07,0,0,0
HD154088,256.11885,-28.58265,2454640.7460109,-1.141661,0.905945,14296.634366,0.877147,-4.538098,0.28897,14297.335127,0.22392,-4.524208,0.289024,4.239367,3.498599,-6.118031,0.787402,0.480589,0.000319,0.23026,0.000354,0.308486,0.00046,0,6.379241,46.057456,0.000903,14.1,244.4,2454640.74613,-7.254811,-7.254752,-0.594,-9999999,0.073731,0.248915,0.858622,0.62703,0.848084,0.52,450,4.233514,3.46093,2008-06-23T05:42:14.497,-9999999,K5,072.C-0488(E),Mayor,-9999999,HARPS_ech_obs_all,HARPS_ech_obs_thosimult,STAR_WAVE_K1,7.08747318254541E-06,3.07301642553329E-07,0,0,0
HD154088,256.11885,-28.58265,2454640.7512219,-1.459921,0.909743,14296.534064,0.880428,-4.858039,0.300664,14297.225032,0.236443,-4.829281,0.300688,3.293035,3.62788,-4.725706,0.671215,0.476874,0.000338,0.230339,0.000374,0.308017,0.000485,0,6.380826,46.047929,0.000922,14.1,231.4,2454640.75133,-7.2672,-7.267097,-0.314,-9999999,0.073732,0.247233,0.858623,0.617236,0.848085,0.45,450,3.285695,3.592706,2008-06-23T05:50:16.232,-9999999,K5,072.C-0488(E),Mayor,-9999999,HARPS_ech_obs_all,HARPS_ech_obs_thosimult,STAR_WAVE_K1,6.68488082800024E-06,3.14580322400308E-07,0,0,0
HD154088,256.11885,-28.58265,2454641.7003482,-1.657101,0.632306,14297.060874,0.651125,-5.789008,0.270466,14296.81679,0.207507,-5.765153,0.270519,0.640372,3.338677,-5.838025,0.730818,0.475529,0.000304,0.225513,0.000334,0.301316,0.000434,0,6.379268,46.058349,0.002049,14.1,259.6,2454641.70046,-7.621333,-7.621287,0.743,-9999999,0.073818,-0.486556,0.571541,-0.317902,0.617175,0.48,443.9,0.642197,3.298477,2008-06-24T04:36:52.174,-9999999,K5,072.C-0488(E),Mayor,-9999999,HARPS_ech_obs_all,HARPS_ech_obs_thosimult,STAR_WAVE_K1,7.19028410437039E-06,2.5893415705972E-07,0,0,0
HD154088,256.11885,-28.58265,2454641.7057869,-2.102599,0.6297,14296.210914,0.649214,-6.236261,0.264316,14295.956609,0.201429,-6.211901,0.264377,0.28146,3.444655,-7.168717,0.665802,0.475855,0.000295,0.225786,0.000325,0.300994,0.00042,0,6.378234,46.057184,0.001448,14.1,267.5,2454641.7059,-7.63562,-7.635566,0.992,-9999999,0.073819,-0.488311,0.571541,-0.328124,0.617175,0.47,443.9,0.282831,3.405394,2008-06-24T04:44:46.529,-9999999,K5,072.C-0488(E),Mayor,-9999999,HARPS_ech_obs_all,HARPS_ech_obs_thosimult,STAR_WAVE_K1,7.14709683527583E-06,2.95115320362186E-07,0,0,0
HD154088,256.11885,-28.58265,2454643.7165043,-3.434618,0.803286,14294.174606,0.80643,-6.894873,0.307578,14295.22394,0.236743,-6.880582,0.307622,4.701298,3.721851,-5.72196,0.712097,0.475714,0.000336,0.22542,0.000375,0.306918,0.000485,0,6.380877,46.047029,0.000278,14.1,231.5,2454643.71661,-8.622735,-8.622658,-0.012,-9999999,0.074001,0.185096,0.742067,0.975333,0.770897,0.47,443.9,4.702006,3.675458,2008-06-26T05:00:17.150,-9999999,K5,072.C-0488(E),Mayor,-9999999,HARPS_ech_obs_all,HARPS_ech_obs_thosimult,STAR_WAVE_K1,6.03661174206949E-06,3.72795212940209E-07,0,0,0
HD154088,256.11885,-28.58265,2454643.7219583,-1.695942,0.799378,14296.064411,0.803647,-5.157957,0.297222,14297.103495,0.227081,-5.134118,0.297307,0.316676,3.69563,-6.37573,0.689196,0.476296,0.000324,0.225358,0.00036,0.307558,0.000466,0,6.37964,46.055213,0.001528,14.1,241,2454643.72206,-8.636451,-8.636357,-0.356,-9999999,0.074002,0.183336,0.742067,0.965082,0.770898,0.46,443.9,0.324419,3.658841,2008-06-26T05:08:12.825,-9999999,K5,072.C-0488(E),Mayor,-9999999,HARPS_ech_obs_all,HARPS_ech_obs_thosimult,STAR_WAVE_K1,6.47823078089489E-06,2.95692502670802E-07,0,0,0
HD154088,256.11885,-28.58265,2454644.5587605,-0.345555,0.88665,14297.90004,0.87919,-5.44937,0.275612,14296.737284,0.210654,-5.42753,0.275602,-0.049234,2.648979,-2.770249,0.658009,0.475943,0.000309,0.22472,0.000341,0.307584,0.000442,0,6.381182,46.030155,0.00099,14.1,254,2454644.55889,-8.686175,-8.686121,0.137,-9999999,0.074078,-1.458464,0.842725,-1.236834,0.853581,0.52,900,-0.044186,2.598042,2008-06-27T01:08:50.827,-9999999,K5,072.C-0488(E),Mayor,-9999999,HARPS_ech_obs_all,HARPS_ech_obs_thosimult,STAR_WAVE_K1,6.92239866025486E-06,3.09595988813103E-07,0,0,0
HD154088,256.11885,-28.58265,2454645.6761753,0.168466,0.850809,14298.30128,0.999899,-3.506259,0.256421,14298.863952,0.192964,-3.481777,0.25645,-1.082802,2.971131,-2.193413,0.576245,0.47559,0.000285,0.226409,0.000313,0.308126,0.000405,0,6.382559,46.028845,0.00062,14.1,277.4,2454645.67629,-9.470137,-9.470074,-0.281,-9999999,0.07418,-0.029374,0.811248,0.488492,0.981103,0.46,870,-1.087204,2.94045,2008-06-28T03:59:06.201,-9999999,K5,072.C-0488(E),Mayor,-9999999,HARPS_ech_obs_all,HARPS_ech_obs_thosimult,STAR_WAVE_K1,7.36515688912829E-06,2.8001769986385E-07,0,0,0
HD154088,256.11885,-28.58265,2454647.6555719,2.184251,0.88395,14300.40001,0.992878,-1.201141,0.210086,14301.022714,0.152448,-1.183361,0.210101,-4.565638,2.490733,-7.724194,0.65216,0.476574,0.000226,0.226356,0.000248,0.309112,0.000321,0,6.37762,46.062469,0.001953,14.1,349.9,2454647.65569,-10.359678,-10.359634,0.424,-9999999,0.07436,0.259959,0.858622,0.548344,0.981104,0.49,870,-4.579137,2.484167,2008-06-30T03:29:05.603,-9999999,K5,072.C-0488(E),Mayor,-9999999,HARPS_ech_obs_all,HARPS_ech_obs_thosimult,STAR_WAVE_K1,7.45691316083274E-06,2.8473460591826E-07,0,0,0
HD154088,256.11885,-28.58265,2454648.6812395,1.08506,0.885969,14299.487487,0.762527,-2.40026,0.218431,14300.04655,0.15991,-2.383492,0.218452,5.450483,2.255928,-6.189558,0.673375,0.476357,0.000237,0.226519,0.000259,0.307625,0.000335,0,6.377442,46.052749,0.001189,14.1,333.9,2454648.68137,-10.896795,-10.896789,0.946,-9999999,0.074453,0.160032,0.85862,0.48461,0.745571,0.53,870,5.429067,2.242202,2008-07-01T04:05:31.605,-9999999,K5,072.C-0488(E),Mayor,-9999999,HARPS_ech_obs_all,HARPS_ech_obs_thosimult,STAR_WAVE_K1,7.51005231322635E-06,2.8776284693178E-07,0,0,0
HD154088,256.11885,-28.58265,2454672.588798,1.156417,0.441186,14300.085145,0.474023,-2.441926,0.206704,14300.430455,0.142487,-2.422042,0.206716,5.094596,2.91354,-7.811507,0.640823,0.475147,0.000215,0.226392,0.000235,0.305214,0.000303,0,6.377953,46.066859,0.000856,14.1,369.3,2454672.58892,-20.635432,-20.63549,0,-9999999,0.076627,0.047008,0.389768,0.268683,0.452101,0.5,900,5.083249,2.891503,2008-07-25T01:54:25.418,-9999999,K5,072.C-0488(E),Mayor,-9999999,HARPS_ech_obs_all,HARPS_ech_obs_thosimult,STAR_WAVE_K1,7.12251788395769E-06,2.22596161604572E-07,0,0,0
HD154088,256.11885,-28.58265,2454674.5636603,0.389877,0.906111,14298.928262,0.885848,-2.666974,0.289426,14299.983439,0.225063,-2.646993,0.289411,6.688903,3.407368,-9.055558,0.735702,0.475539,0.000341,0.226583,0.000374,0.304502,0.000481,0,6.375602,46.073203,0.001151,14.1,233,2454674.56377,-21.279476,-21.279502,-0.613,-9999999,0.076806,0.5885,0.858644,0.978371,0.85678,0.48,900,6.670565,3.382868,2008-07-27T01:18:43.442,-9999999,K5,072.C-0488(E),Mayor,-9999999,HARPS_ech_obs_all,HARPS_ech_obs_thosimult,STAR_WAVE_K1,7.56751314088951E-06,2.78171964751724E-07,0,0,0
HD154088,256.11885,-28.58265,2454675.6407896,-3.611669,0.820163,14295.751865,0.938549,-5.833829,0.222648,14297.054355,0.15569,-5.803056,0.22269,11.294661,2.569419,-10.910887,0.595003,0.476601,0.000242,0.230925,0.000261,0.306216,0.000338,0,6.376624,46.08328,0.000524,14.1,332.4,2454675.6409,-21.818124,-21.818138,0.167,-9999999,0.076904,1.423191,0.789364,1.225586,0.925545,0.48,900,11.290473,2.505482,2008-07-28T03:09:54.073,-9999999,K5,072.C-0488(E),Mayor,-9999999,HARPS_ech_obs_all,HARPS_ech_obs_thosimult,STAR_WAVE_K1,6.84648887336949E-06,2.560822053674E-07,0,0,0
HD154088,256.11885,-28.58265,2454677.5596275,-0.914449,0.896872,14297.591373,1.000027,-4.180885,0.259052,14298.345134,0.193493,-4.1568,0.259074,10.047638,2.969518,-9.263317,0.676402,0.48042,0.00029,0.227593,0.00032,0.303901,0.000411,0,6.375183,46.074875,0.001064,14.1,272.4,2454677.55975,-22.290849,-22.290912,-0.137,-9999999,0.077079,0.378915,0.858645,0.676682,0.981129,0.5,900,10.034315,2.930989,2008-07-30T01:12:55.817,-9999999,K5,072.C-0488(E),Mayor,-9999999,HARPS_ech_obs_all,HARPS_ech_obs_thosimult,STAR_WAVE_K1,6.19472006518599E-06,2.59669783493445E-07,0,0,0
HD154088,256.11885,-28.58265,2454678.5752261,-2.200393,0.55127,14296.362191,0.629088,-5.630145,0.287167,14297.217068,0.218739,-5.613776,0.287202,13.065334,2.89944,-21.340437,0.674815,0.474241,0.000344,0.232734,0.000375,0.303164,0.000481,0,6.363895,46.146768,0.001238,14.1,233.5,2454678.57535,-22.658884,-22.658967,0.363,-9999999,0.077171,0.215599,0.470568,0.777706,0.589834,0.54,900,13.058838,2.852129,2008-07-31T01:34:54.112,-9999999,K5,072.C-0488(E),Mayor,-9999999,HARPS_ech_obs_all,HARPS_ech_obs_thosimult,STAR_WAVE_K1,6.99161499206499E-06,3.33397931486835E-07,0,0,0
HD154088,256.11885,-28.58265,2454679.5435482,-5.928491,0.750341,14293.293605,0.553703,-7.788591,0.274489,14294.61168,0.209006,-7.776607,0.274522,6.975225,3.358651,-9.797825,0.635304,0.475124,0.000318,0.227256,0.000349,0.303596,0.000448,0,6.376397,46.076486,0.00167,14.1,249.9,2454679.54366,-22.899295,-22.899346,0.31,-9999999,0.077259,1.785252,0.698332,1.240816,0.512741,0.46,900,6.980304,3.294997,2008-08-01T00:50:35.491,-9999999,K5,072.C-0488(E),Mayor,-9999999,HARPS_ech_obs_all,HARPS_ech_obs_thosimult,STAR_WAVE_K1,6.60667055348366E-06,3.05973488911065E-07,0,0,0
HD154088,256.11885,-28.58265,2454681.5438821,-1.347796,0.904705,14296.667766,1.005408,-4.596314,0.284974,14297.54932,0.219586,-4.57954,0.284971,5.327156,3.214029,-12.524502,0.695427,0.475381,0.000334,0.23287,0.000367,0.303646,0.000472,0,6.372983,46.090747,0.001318,14.1,237.7,2454681.544,-23.522123,-23.522208,0.249,-9999999,0.077441,0.396833,0.858651,0.804113,0.981135,0.49,900,5.331861,3.179428,2008-08-03T00:50:50.729,-9999999,K5,072.C-0488(E),Mayor,-9999999,HARPS_ech_obs_all,HARPS_ech_obs_thosimult,STAR_WAVE_K1,7.18886203533717E-06,2.53473483910837E-07,0,0,0
HD154088,256.11885,-28.58265,2454682.5766357,-0.248238,0.730051,14298.790931,0.693767,-3.246979,0.292258,14300.036969,0.227639,-3.246694,0.292278,11.943967,3.046473,-19.442042,0.67729,0.476449,0.000356,0.226787,0.000387,0.300351,0.000502,0,6.367357,46.127431,0.001367,14.1,225.2,2454682.57676,-23.904789,-23.904892,0.453,-9999999,0.077535,0.64661,0.668999,1.168503,0.655358,0.49,900,11.949232,3.023431,2008-08-04T01:38:07.683,-9999999,K5,072.C-0488(E),Mayor,-9999999,HARPS_ech_obs_all,HARPS_ech_obs_thosimult,STAR_WAVE_K1,7.21769931092025E-06,2.64487137028406E-07,0,0,0
HD154088,256.11885,-28.58265,2454683.4685629,-0.976342,0.914277,14297.470509,1.011792,-4.09701,0.313936,14298.613138,0.247018,-4.080331,0.313905,5.814693,3.370608,-3.805967,0.737489,0.477061,0.000367,0.227085,0.000405,0.301318,0.000525,0,6.381508,46.030575,0.000295,14.1,214.9,2454683.46862,-23.929767,-23.929696,-0.126,-9999999,0.077616,0.524684,0.858689,1.065013,0.981176,0.26,900,5.820464,3.338986,2008-08-04T23:06:03.353,-9999999,K5,072.C-0488(E),Mayor,-9999999,HARPS_ech_obs_all,HARPS_ech_obs_thosimult,STAR_WAVE_K1,7.40906310599295E-06,3.38387811660975E-07,0,0,0
HD154088,256.11885,-28.58265,2454918.8498426,-2.442679,0.901712,14296.221545,0.937618,-6.254599,0.275332,14294.716251,0.22099,-6.228596,0.275435,6.702134,3.200236,-8.790294,0.633628,0.479067,0.000341,0.227189,0.000366,0.303454,0.000472,0,6.374914,46.079457,-0.000707,14.1,236.8,2454918.84995,28.196907,28.196772,0.186,-9999999,0.099019,-0.166568,0.858649,-1.604313,0.911203,0.46,420,6.684272,3.15067,2009-03-28T08:17:46.344,-9999999,K5,072.C-0488(E),Mayor,-9999999,HARPS_ech_obs_all,HARPS_ech_obs_thosimult,STAR_WAVE_K1,7.19210652063461E-06,3.18987405104082E-07,0,0,0
HD154088,256.11885,-28.58265,2454918.8551224,-2.253511,0.901251,14296.474789,0.937329,-6.067134,0.273812,14294.959572,0.219752,-6.046356,0.273893,4.644746,3.386774,-8.202754,0.532632,0.481943,0.00034,0.227258,0.000364,0.304042,0.00047,0,6.375674,46.073561,0.001141,14.1,238.3,2454918.85523,28.184513,28.184386,0.312,-9999999,0.09902,-0.168272,0.858651,-1.614237,0.911205,0.47,420,4.627341,3.340787,2009-03-28T08:25:18.278,-9999999,K5,072.C-0488(E),Mayor,-9999999,HARPS_ech_obs_all,HARPS_ech_obs_thosimult,STAR_WAVE_K1,6.53573841401982E-06,2.54712681142385E-07,0,0,0
HD154088,256.11885,-28.58265,2454919.7877203,-3.90221,0.876908,14293.822752,0.988846,-7.48821,0.178111,14293.794747,0.123434,-7.466999,0.178202,4.725847,2.998504,-6.895515,0.518711,0.478676,0.000187,0.226047,0.000202,0.303706,0.000261,128,6.377737,46.081037,-0.000191,14.1,427.6,2454919.78784,28.146797,28.146704,0.81,-9999999,0.099105,0.059351,0.85863,-0.12711,0.981112,0.5,900,4.709188,2.926104,2009-03-29T06:43:54.609,-9999999,K5,072.C-0488(E),Mayor,-9999999,HARPS_ech_obs_all,HARPS_ech_obs_thosimult,STAR_WAVE_K1,6.76105261046661E-06,2.50038249495953E-07,0,0,0
HD154088,256.11885,-28.58265,2454933.8011343,0.087231,0.881256,14297.843943,0.992266,-4.352691,0.198399,14297.171658,0.148338,-4.329525,0.198472,2.809239,2.728607,-6.513442,0.549483,0.479608,0.000225,0.227304,0.00024,0.310508,0.000314,0,6.379164,46.068271,0.001854,14.1,356.6,2454933.80113,24.723728,24.723941,0.365,-9999999,0.100379,-0.794571,0.858633,-0.772664,0.981116,0.5,900,2.791652,2.682981,2009-04-12T07:01:27.023,-9999999,K5,183.C-0972(A),Udry,-9999999,HARPS_ech_obs_all,HARPS_ech_obs_thosimult,STAR_WAVE_K1,6.55189625726878E-06,2.57255906512419E-07,0,0,0
HD154088,256.11885,-28.58265,2454937.7989778,-13.016495,0.676853,14294.573437,0.720374,-16.802812,0.18678,14294.351361,0.138797,-16.785615,0.186856,-1.361694,2.390009,-7.108946,0.540058,0.477548,0.00021,0.223084,0.000224,0.303931,0.000293,0,6.378969,46.072037,0.000642,14.1,382.2,2454937.79491,23.509185,23.519415,0.322,-9999999,0.100743,-0.140966,0.650572,-0.322819,0.706877,0.89,900,-1.380259,2.141586,2009-04-16T06:52:02.030,-9999999,K5,183.C-0972(A),Udry,-9999999,HARPS_ech_obs_all,HARPS_ech_obs_thosimult,STAR_WAVE_K1,6.87837498414657E-06,2.52935252865971E-07,0,0,0
HD154088,256.11885,-28.58265,2454938.8336364,-2.143911,0.876398,14294.800284,0.855479,-6.554187,0.175515,14294.384113,0.126852,-6.526137,0.175609,0.442579,2.524212,-7.276106,0.417977,0.47792,0.000196,0.229041,0.000208,0.30934,0.000271,128,6.377474,46.080693,0.000473,14.1,411.7,2454938.83373,23.099259,23.099226,0.398,-9999999,0.100837,-0.764925,0.858643,-0.517008,0.846022,0.49,900,0.422851,2.441572,2009-04-17T07:47:49.604,-9999999,K5,183.C-0972(A),Udry,-9999999,HARPS_ech_obs_all,HARPS_ech_obs_thosimult,STAR_WAVE_K1,7.1051801196655E-06,2.38782784572539E-07,0,0,0
HD154088,256.11885,-28.58265,2454941.7531138,-2.247975,0.87514,14294.950712,0.39366,-6.727461,0.169223,14294.700316,0.120751,-6.691491,0.16931,1.656254,2.753636,-6.216882,0.55978,0.478864,0.000185,0.226756,0.000196,0.309277,0.000256,128,6.378937,46.070861,0.001533,14.1,435.1,2454941.75311,22.291971,22.29223,0.896,-9999999,0.101102,-0.834135,0.858623,-0.351498,0.374683,0.49,900,1.647593,2.688344,2009-04-20T05:51:33.432,-9999999,K5,183.C-0972(A),Udry,-9999999,HARPS_ech_obs_all,HARPS_ech_obs_thosimult,STAR_WAVE_K1,6.68763373714344E-06,2.31422335045111E-07,0,0,0
HD154088,256.11885,-28.58265,2454988.7334755,-0.414792,0.892365,14298.248682,0.994163,-3.871902,0.243073,14298.248919,0.160612,-3.848463,0.243144,0.458519,3.496732,-10.492599,0.528692,0.476471,0.000245,0.229303,0.000263,0.306863,0.000341,0,6.371912,46.089794,0.000019,14.1,328.5,2454988.73347,1.316761,1.317131,0.514,-9999999,0.105374,0.188241,0.858621,-0.105137,0.981103,0.51,899.9994,0.440304,3.463328,2009-06-06T05:20:11.462,-9999999,K5,183.C-0972(A),Udry,-9999999,HARPS_ech_obs_all,HARPS_ech_obs_thosimult,STAR_WAVE_K1,6.98095630632527E-06,2.71269721173113E-07,0,0,0
HD154088,256.11885,-28.58265,2454991.7798516,-1.472291,0.63607,14297.333597,0.706026,-4.731092,0.24347,14297.616855,0.15977,-4.707332,0.243554,4.583797,3.689131,-5.359799,0.424835,0.476103,0.00024,0.228491,0.000258,0.306057,0.000335,0,6.376546,46.054734,0.000431,14.1,333.7,2454991.77984,-0.297729,-0.297367,-0.32,-9999999,0.105651,0.38655,0.587629,0.177607,0.68771,0.48,899.9989,4.567298,3.642886,2009-06-09T06:27:24.805,-9999999,K5,183.C-0972(A),Udry,-9999999,HARPS_ech_obs_all,HARPS_ech_obs_thosimult,STAR_WAVE_K1,6.49621386206642E-06,1.95946813248072E-07,0,0,0
HD154088,256.11885,-28.58265,2454993.6917816,-3.627777,0.911949,14297.033891,0.543692,-7.071433,0.307284,14295.557671,0.224692,-7.046981,0.307376,12.627736,3.440912,-15.224294,0.582449,0.477683,0.000348,0.230662,0.000374,0.30714,0.000485,0,6.367342,46.101379,-0.000639,14.1,232,2454993.69177,-1.061012,-1.060634,0.272,-9999999,0.105825,0.201695,0.85862,-1.582045,0.49509,0.49,449.999,12.620018,3.382941,2009-06-11T04:24:07.383,-9999999,K5,183.C-0972(A),Udry,-9999999,HARPS_ech_obs_all,HARPS_ech_obs_thosimult,STAR_WAVE_K1,5.96386487507818E-06,3.33623879315857E-07,0,0,0
HD154088,256.11885,-28.58265,2454993.6974196,-2.592564,0.914012,14297.690692,0.545409,-6.038039,0.313354,14296.203876,0.228816,-6.008688,0.313438,6.657326,3.27622,-14.762216,0.631572,0.47628,0.000351,0.229686,0.000378,0.307976,0.000492,0,6.368575,46.109222,0.001936,14.1,229,2454993.69742,-1.076455,-1.076097,0.191,-9999999,0.105825,0.199876,0.85862,-1.592641,0.49509,0.5,449.9988,6.644292,3.228241,2009-06-11T04:32:10.010,-9999999,K5,183.C-0972(A),Udry,-9999999,HARPS_ech_obs_all,HARPS_ech_obs_thosimult,STAR_WAVE_K1,6.90050640379818E-06,2.49106215508624E-07,0,0,0
HD154088,256.11885,-28.58265,2455037.7280784,-2.622278,0.887801,14295.863765,0.998404,-6.668754,0.225746,14295.891546,0.185062,-6.644085,0.225709,12.183842,2.441936,-5.0785,0.481218,0.476786,0.000265,0.231424,0.000293,0.300287,0.00038,0,6.380942,46.042155,-0.000108,14.1,295.1,2455037.72807,-20.870699,-20.870435,0.469,-9999999,0.109829,-0.401125,0.858621,-0.082048,0.981103,0.5,900.0003,12.180042,2.37779,2009-07-25T05:14:57.829,-9999999,K5,183.C-0972(A),Udry,-9999999,HARPS_ech_obs_all,HARPS_ech_obs_thosimult,STAR_WAVE_K1,6.62548351797815E-06,2.43101677776488E-07,0,0,0
HD154088,256.11885,-28.58265,2455039.6867184,-1.32541,0.835264,14297.675154,0.990328,-5.035135,0.172631,14297.899053,0.134866,-5.012672,0.172655,4.807203,2.566278,-9.484432,0.595992,0.476149,0.000199,0.225781,0.000218,0.306295,0.000282,0,6.379132,46.074392,0.000047,14.1,397.3,2455039.68672,-21.497248,-21.497016,0.393,-9999999,0.110007,-0.064374,0.81723,0.113892,0.981102,0.49,900.0008,4.794245,2.512355,2009-07-27T04:15:45.134,-9999999,K5,183.C-0972(A),Udry,-9999999,HARPS_ech_obs_all,HARPS_ech_obs_thosimult,STAR_WAVE_K1,7.11273985174359E-06,2.38682228159034E-07,0,0,0
HD154088,256.11885,-28.58265,2455040.5979928,-3.104941,0.548179,14295.434868,0.695735,-6.807913,0.186111,14295.848366,0.148496,-6.799465,0.186123,6.021092,2.182166,-11.06657,0.525673,0.476508,0.000227,0.23063,0.000244,0.299639,0.000318,0,6.377424,46.083444,0.000637,14.1,354,2455040.59798,-21.636112,-21.635844,0.426,-9999999,0.11009,-0.057621,0.515619,0.303408,0.679703,0.51,899.9996,6.020546,2.102279,2009-07-28T02:07:46.866,-9999999,K5,183.C-0972(A),Udry,-9999999,HARPS_ech_obs_all,HARPS_ech_obs_thosimult,STAR_WAVE_K1,6.83220066694727E-06,2.81250665502283E-07,0,0,0
HD154088,256.11885,-28.58265,2455053.6542271,-2.198123,0.808022,14295.734383,0.792362,-5.48268,0.346778,14297.278722,0.295395,-5.473436,0.346793,5.890139,3.456228,-4.561215,0.623281,0.475416,0.000437,0.232002,0.000482,0.3049,0.000621,0,6.381985,46.036178,0.002089,14.1,181.3,2455053.65423,-25.631452,-25.631279,0.352,-9999999,0.111277,0.360795,0.729826,1.433062,0.735241,0.54,450.0006,5.893416,3.419383,2009-08-10T03:33:50.144,-9999999,K5,183.C-0972(A),Udry,-9999999,HARPS_ech_obs_all,HARPS_ech_obs_thosimult,STAR_WAVE_K1,5.69785926178319E-06,4.14442180615975E-07,0,0,0
HD154088,256.11885,-28.58265,2455053.6596977,-2.532323,0.812305,14295.257188,0.795568,-5.818645,0.356644,14296.791246,0.303893,-5.782751,0.356664,5.602461,3.830206,-5.070896,0.79343,0.476146,0.000448,0.231685,0.000494,0.30507,0.000638,0,6.38077,46.037302,0.003717,14.1,176.8,2455053.65969,-25.641175,-25.640983,0.4,-9999999,0.111278,0.359029,0.729825,1.42278,0.73524,0.52,450.0002,5.600865,3.797825,2009-08-10T03:41:51.850,-9999999,K5,183.C-0972(A),Udry,-9999999,HARPS_ech_obs_all,HARPS_ech_obs_thosimult,STAR_WAVE_K1,6.75195169187897E-06,3.36480475705825E-07,0,0,0
HD154088,256.11885,-28.58265,2455054.5423258,0.439642,0.528011,14299.250776,0.605331,-4.243796,0.231817,14298.301044,0.191861,-4.226073,0.231807,2.139703,2.35938,-9.553442,0.54015,0.475212,0.000287,0.230986,0.000314,0.305193,0.000406,0,6.376612,46.069982,0.000032,14.1,276.9,2455054.54232,-25.636475,-25.636293,0.536,-9999999,0.111358,-1.038087,0.474402,-1.06109,0.574121,0.6,899.9995,2.141171,2.319914,2009-08-11T00:47:51.401,-9999999,K5,183.C-0972(A),Udry,-9999999,HARPS_ech_obs_all,HARPS_ech_obs_thosimult,STAR_WAVE_K1,7.11849550704891E-06,2.81721568039834E-07,0,0,0
HD154088,256.11885,-28.58265,2455071.4718418,-2.589073,0.58592,14296.360532,0.747536,-6.057278,0.196132,14297.09259,0.15748,-6.043022,0.196132,6.573914,2.31365,-15.305415,0.566307,0.476632,0.000237,0.227046,0.000259,0.307648,0.000335,0,6.372795,46.10477,0.001203,14.1,335.6,2455071.47183,-28.642711,-28.642606,0.273,-9999999,0.112897,0.177147,0.552118,0.619161,0.73076,0.49,740.0011,6.577303,2.24348,2009-08-27T23:11:32.268,-9999999,K5,183.C-0972(A),Udry,-9999999,HARPS_ech_obs_all,HARPS_ech_obs_thosimult,STAR_WAVE_K1,7.05628330686795E-06,3.01847841580917E-07,0,0,0
HD154088,256.11885,-28.58265,2455071.4810258,-3.424323,0.58471,14295.442027,0.746819,-6.895491,0.192512,14296.156825,0.154078,-6.887483,0.192532,7.941221,2.647949,-14.340967,0.545665,0.475986,0.00023,0.226107,0.000252,0.30757,0.000327,0,6.374571,46.101264,0.000255,14.1,344.5,2455071.48102,-28.664364,-28.664266,0.391,-9999999,0.112898,0.174183,0.55211,0.6019,0.730752,0.52,739.9994,7.936974,2.579847,2009-08-27T23:24:23.641,-9999999,K5,183.C-0972(A),Udry,-9999999,HARPS_ech_obs_all,HARPS_ech_obs_thosimult,STAR_WAVE_K1,7.35882391396369E-06,2.98856165772998E-07,0,0,0
HD154088,256.11885,-28.58265,2455075.4780865,-2.695244,0.612343,14296.921823,0.692514,-3.789531,0.330022,14299.420847,0.281326,-3.769307,0.330005,8.802357,2.889552,-11.825237,0.701379,0.47611,0.000415,0.230577,0.000456,0.308317,0.000594,0,6.374797,46.084939,0.00079,14.1,190.8,2455075.47808,-29.06009,-29.060019,0.175,-9999999,0.113262,2.551064,0.5158,2.385762,0.632797,0.5,279.9995,8.787899,2.860577,2009-08-31T23:24:47.726,-9999999,K5,183.C-0972(A),Udry,-9999999,HARPS_ech_obs_all,HARPS_ech_obs_thosimult,STAR_WAVE_K1,7.74221892591792E-06,3.88405084526776E-07,0,0,0
HD154088,256.11885,-28.58265,2455075.4816971,-1.84547,0.616263,14296.903107,0.695064,-2.940922,0.337245,14299.395345,0.287553,-2.923575,0.337234,10.314356,2.968498,-13.143193,0.712571,0.475597,0.000422,0.230795,0.000465,0.307757,0.000605,0,6.37314,46.09653,0.00154,14.1,187.2,2455075.48169,-29.068447,-29.06838,-0.558,-9999999,0.113262,2.549899,0.515797,2.378976,0.632793,0.5,279.9996,10.306716,2.941492,2009-08-31T23:29:59.713,-9999999,K5,183.C-0972(A),Udry,-9999999,HARPS_ech_obs_all,HARPS_ech_obs_thosimult,STAR_WAVE_K1,7.27842657814081E-06,3.19805710926358E-07,0,0,0
HD154088,256.11885,-28.58265,2455075.4853387,-2.873093,0.615131,14296.828059,0.694417,-3.96972,0.335176,14299.313453,0.285993,-3.949921,0.335138,11.95411,2.745747,-11.318591,0.704886,0.47533,0.00042,0.230849,0.000463,0.307252,0.000602,0,6.375338,46.073263,-0.000089,14.1,188.1,2455075.48533,-29.076855,-29.076801,0.023,-9999999,0.113262,2.548724,0.515793,2.372132,0.63279,0.51,280.0001,11.946203,2.712983,2009-08-31T23:35:11.571,-9999999,K5,183.C-0972(A),Udry,-9999999,HARPS_ech_obs_all,HARPS_ech_obs_thosimult,STAR_WAVE_K1,7.24296167707215E-06,3.60477176470668E-07,0,0,0
HD154088,256.11885,-28.58265,2455097.5160402,0.952413,0.512037,14299.363776,0.651345,-3.431584,0.285593,14299.098707,0.240138,-3.419942,0.28554,5.614183,3.225799,-5.07169,0.5402,0.476595,0.000369,0.230163,0.000397,0.307187,0.000517,0,6.382288,46.036126,0.000648,14.1,218.8,2455097.51603,-28.988895,-28.988978,-0.066,-9999999,0.115266,-0.738646,0.424992,-0.380335,0.605462,0.52,450.0011,5.60134,3.198843,2009-09-23T00:20:58.639,-9999999,K5,183.C-0972(A),Udry,-9999999,HARPS_ech_obs_all,HARPS_ech_obs_thosimult,STAR_WAVE_K1,7.7239370224163E-06,3.50835159771102E-07,0,0,0
HD154088,256.11885,-28.58265,2455097.521565,0.597577,0.525174,14298.503866,0.659443,-3.788203,0.308535,14298.228413,0.261318,-3.773868,0.3085,4.551522,3.154955,-4.439184,0.597362,0.476993,0.000398,0.230069,0.000429,0.308823,0.000561,0,6.381832,46.026318,-0.000761,14.1,202.2,2455097.52156,-28.997486,-28.997574,0,-9999999,0.115266,-0.740429,0.424987,-0.390719,0.605457,0.51,449.999,4.545388,3.125855,2009-09-23T00:29:00.525,-9999999,K5,183.C-0972(A),Udry,-9999999,HARPS_ech_obs_all,HARPS_ech_obs_thosimult,STAR_WAVE_K1,7.53469637900267E-06,3.62700285919236E-07,0,0,0
HD154088,256.11885,-28.58265,2455100.5130617,-2.912702,0.855624,14297.384049,1.013816,-5.161328,0.301994,14297.638835,0.255281,-5.143021,0.301969,2.739743,2.874945,-5.578722,0.660375,0.476495,0.000383,0.225738,0.000417,0.302746,0.000544,0,6.381752,46.041364,0.002341,14.1,208.8,2455100.51305,-28.630804,-28.630907,0.486,-9999999,0.115538,1.396725,0.800558,0.139248,0.98115,0.51,449.9991,2.744349,2.833877,2009-09-26T00:17:10.482,-9999999,K5,183.C-0972(A),Udry,-9999999,HARPS_ech_obs_all,HARPS_ech_obs_thosimult,STAR_WAVE_K1,7.90189787713531E-06,3.34302634755672E-07,0,0,0
HD154088,256.11885,-28.58265,2455100.5185887,-2.664614,0.852288,14297.523744,1.011602,-4.915023,0.292415,14297.768143,0.246351,-4.918581,0.292439,-0.346019,2.660561,-5.994543,0.597034,0.476205,0.000369,0.227077,0.000404,0.307193,0.000522,0,6.380487,46.037653,0.001063,14.1,216.4,2455100.51858,-28.638963,-28.639068,0.177,-9999999,0.115539,1.394942,0.800555,0.12886,0.981147,0.5,449.9989,-0.348591,2.615873,2009-09-26T00:25:12.558,-9999999,K5,183.C-0972(A),Udry,-9999999,HARPS_ech_obs_all,HARPS_ech_obs_thosimult,STAR_WAVE_K1,6.83775425798018E-06,3.19108571277739E-07,0,0,0
HD154088,256.11885,-28.58265,2455105.4757854,-2.364019,0.541024,14295.597531,0.683704,-7.771126,0.229392,14294.563448,0.187362,-7.762772,0.229368,10.098431,2.966196,-1.679084,0.53247,0.475869,0.000271,0.226766,0.000299,0.302537,0.000389,0,6.381824,46.017153,0.002377,14.1,290,2455105.47578,-27.819791,-27.819938,1.366,-9999999,0.115989,-1.761756,0.489986,-1.150072,0.657531,0.49,899.9989,10.09418,2.910385,2009-09-30T23:20:38.383,-9999999,K5,183.C-0972(A),Udry,-9999999,HARPS_ech_obs_all,HARPS_ech_obs_thosimult,STAR_WAVE_K1,6.65901525043712E-06,2.76861125099154E-07,0,0,0
HD154088,256.11885,-28.58265,2455106.4929116,-3.107446,0.637655,14294.900764,0.709119,-7.436113,0.228607,14294.953999,0.186792,-7.415846,0.228621,6.316319,2.805731,-6.610019,0.576861,0.479775,0.000282,0.226717,0.000307,0.30772,0.000398,0,6.380927,46.048327,0.000832,14.1,283.9,2455106.49291,-27.672907,-27.673074,0.336,-9999999,0.116082,-0.683316,0.595267,-0.062847,0.684075,0.48,899.999,6.305865,2.738109,2009-10-01T23:45:35.159,-9999999,K5,183.C-0972(A),Udry,-9999999,HARPS_ech_obs_all,HARPS_ech_obs_thosimult,STAR_WAVE_K1,6.33195768490846E-06,2.62334474044748E-07,0,0,0
HD154088,256.11885,-28.58265,2455111.4844274,0.697461,0.789553,14297.883102,1.001623,-4.25386,0.243283,14298.192441,0.201402,-4.245155,0.243236,1.715414,2.638491,-6.187465,0.522404,0.479138,0.000298,0.232817,0.000329,0.303023,0.000422,0,6.379722,46.049723,-0.000065,14.1,265.9,2455111.48442,-26.674798,-26.674959,0,-9999999,0.116536,-1.30597,0.751137,0.192803,0.981166,0.51,899.9995,1.700529,2.597623,2009-10-06T23:33:33.890,-9999999,K5,183.C-0972(A),Udry,-9999999,HARPS_ech_obs_all,HARPS_ech_obs_thosimult,STAR_WAVE_K1,7.01714273319862E-06,2.91402351566071E-07,0,0,0
HD154088,256.11885,-28.58265,2455115.4748715,-0.176162,1.051407,14297.136593,1.108135,-4.120321,0.606727,14298.127151,0.51504,-4.105538,0.6067,12.88131,4.455851,0.290507,1.225318,0.474431,0.00075,0.234579,0.000852,0.3041,0.00109,0,6.383354,45.970854,-0.000029,14.1,105.1,2455115.47487,-25.734841,-25.73503,0,-9999999,0.116899,-0.298807,0.858685,0.873659,0.981172,0.49,281.9104,12.866953,4.437936,2009-10-10T23:25:38.992,-9999999,K5,183.C-0972(A),Udry,-9999999,HARPS_ech_obs_all,HARPS_ech_obs_thosimult,STAR_WAVE_K1,7.48563872177626E-06,5.85652192036321E-07,0,0,0
HD154088,256.11885,-28.58265,2455115.4895519,1.723538,0.954901,14299.665961,1.043095,-2.225358,0.417745,14300.628928,0.354072,-2.202656,0.417711,5.070047,3.753674,-7.712418,0.794138,0.477832,0.000506,0.234014,0.000574,0.300414,0.00073,0,6.37821,46.047644,0.000954,14.1,153.8,2455115.48954,-25.753496,-25.753687,0.07,-9999999,0.1169,-0.303545,0.858677,0.846067,0.981163,0.56,899.9999,5.058492,3.741971,2009-10-10T23:40:41.621,-9999999,K5,183.C-0972(A),Udry,-9999999,HARPS_ech_obs_all,HARPS_ech_obs_thosimult,STAR_WAVE_K1,5.47478901545065E-06,4.55444364380312E-07,0,0,0
HD154088,256.11885,-28.58265,2455117.500678,2.309334,0.897181,14299.791754,1.02564,-2.067166,0.352785,14300.631669,0.29878,-2.034242,0.352736,8.161309,3.309103,-6.246959,0.651494,0.474807,0.000433,0.227798,0.000482,0.304886,0.00062,0,6.379631,46.04212,0.00364,14.1,181.7,2455117.50067,-25.252461,-25.252667,0.278,-9999999,0.117083,-0.731149,0.82491,0.722832,0.981157,0.32,899.9997,8.154656,3.297254,2009-10-13T00:00:33.530,-9999999,K5,183.C-0972(A),Udry,-9999999,HARPS_ech_obs_all,HARPS_ech_obs_thosimult,STAR_WAVE_K1,8.43402620587415E-06,3.66085970064969E-07,0,0,0
HD154088,256.11885,-28.58265,2455274.8832835,-3.096333,0.893083,14294.553178,1.001556,-7.149769,0.245551,14294.426082,0.201153,-7.130999,0.245615,2.44954,2.289966,-6.932495,0.54741,0.479524,0.000308,0.23212,0.000328,0.303305,0.000424,0,6.378274,46.052411,0.000925,14.1,263.2,2455274.88328,29.427398,29.427479,0.167,-9999999,0.131394,-0.408085,0.858663,-0.25849,0.981148,0.52,450.0056,2.453411,2.207973,2010-03-19T09:06:30.334,-9999999,K5,183.C-0972(A),Udry,-9999999,HARPS_ech_obs_all,HARPS_ech_obs_thosimult,STAR_WAVE_K1,7.80862465884877E-06,2.97185892733833E-07,0,0,0
HD154088,256.11885,-28.58265,2455274.8890437,-2.81992,0.892895,14294.195261,1.001535,-6.875215,0.244857,14294.057339,0.201036,-6.861095,0.244945,3.359462,2.912431,-8.022336,0.577433,0.479478,0.000308,0.231612,0.000327,0.302971,0.000423,0,6.375633,46.065417,0.001511,14.1,263.8,2455274.88903,29.414154,29.414234,0.348,-9999999,0.131394,-0.409944,0.858666,-0.269316,0.981151,0.5,450.0071,3.356846,2.849717,2010-03-19T09:14:56.963,-9999999,K5,183.C-0972(A),Udry,-9999999,HARPS_ech_obs_all,HARPS_ech_obs_thosimult,STAR_WAVE_K1,7.35790734167124E-06,2.80437436788886E-07,0,0,0
HD154088,256.11885,-28.58265,2455280.8871101,-2.643013,0.884143,14295.869667,0.925053,-6.72479,0.21072,14294.574979,0.168569,-6.704667,0.210812,-0.564644,2.371147,-9.50257,0.3823,0.479404,0.000262,0.230324,0.000276,0.309066,0.000358,0,6.378035,46.070954,0.000824,14.1,311.4,2455280.8871,28.636657,28.636746,0.409,-9999999,0.13194,-0.436426,0.858665,-1.426628,0.909564,0.52,900,-0.575813,2.298884,2010-03-25T09:07:16.783,-9999999,K5,183.C-0972(A),Udry,-9999999,HARPS_ech_obs_all,HARPS_ech_obs_thosimult,STAR_WAVE_K1,7.4563501899233E-06,2.89020457375449E-07,0,0,0
HD154088,256.11885,-28.58265,2455283.8539745,-0.924574,0.678272,14296.698123,0.674522,-6.073131,0.196136,14295.459473,0.155126,-6.049162,0.196184,3.212731,2.52403,-5.841376,0.412242,0.478027,0.000237,0.226767,0.000253,0.308433,0.000326,0,6.379747,46.055261,0.000835,14.1,340.8,2455283.85397,28.214537,28.214679,0.581,-9999999,0.132209,-1.503206,0.649295,-1.370859,0.656441,0.56,900.0068,3.213981,2.467561,2010-03-28T08:18:33.606,-9999999,K5,183.C-0972(A),Udry,-9999999,HARPS_ech_obs_all,HARPS_ech_obs_thosimult,STAR_WAVE_K1,7.26413659555231E-06,2.51498888457373E-07,0,0,0
HD154088,256.11885,-28.58265,2455287.8997929,-0.737796,0.54243,14297.077934,0.581429,-4.513811,0.176929,14297.088786,0.136985,-4.489705,0.177023,1.168972,2.393623,-5.701489,0.399914,0.479896,0.000208,0.225905,0.000221,0.30313,0.000286,0,6.379335,46.053081,0.000918,14.1,390.5,2455287.89978,27.331741,27.331922,0.017,-9999999,0.132577,-0.130664,0.512764,-0.121725,0.565062,0.52,900.0072,1.161721,2.344054,2010-04-01T09:24:35.957,-9999999,K5,183.C-0972(A),Udry,-9999999,HARPS_ech_obs_all,HARPS_ech_obs_thosimult,STAR_WAVE_K1,6.97757748362812E-06,2.37343320505998E-07,0,0,0
HD154088,256.11885,-28.58265,2455300.7936522,1.869231,0.898815,14299.462962,0.731821,-2.26906,0.278712,14299.797989,0.231919,-2.243795,0.278741,4.690095,2.62421,-4.812657,0.47957,0.480816,0.000351,0.224931,0.000376,0.305112,0.000489,0,6.378219,46.044746,0.000852,14.1,229.6,2455300.79365,24.23819,24.238426,0.499,-9999999,0.13375,-0.492939,0.854511,0.201277,0.6941,0.52,450.0065,4.669397,2.608719,2010-04-14T06:54:03.350,-9999999,K5,183.C-0972(A),Udry,-9999999,HARPS_ech_obs_all,HARPS_ech_obs_thosimult,STAR_WAVE_K1,6.71437812132258E-06,3.70944166208914E-07,0,0,0
HD154088,256.11885,-28.58265,2455300.7991813,1.654881,0.898616,14298.869891,0.731944,-2.485194,0.278065,14299.194526,0.232302,-2.465918,0.278142,2.399031,2.716995,-4.505408,0.548956,0.479416,0.00035,0.225195,0.000375,0.303964,0.000487,0,6.380603,46.041296,0.000481,14.1,229.9,2455300.79918,24.224788,24.225022,0.624,-9999999,0.13375,-0.494724,0.854512,0.190885,0.694102,0.51,450.0064,2.383449,2.700825,2010-04-14T07:02:05.528,-9999999,K5,183.C-0972(A),Udry,-9999999,HARPS_ech_obs_all,HARPS_ech_obs_thosimult,STAR_WAVE_K1,6.34826385334704E-06,2.89872870762646E-07,0,0,0
HD154088,256.11885,-28.58265,2455306.8466205,-0.829239,0.847298,14296.998122,0.932975,-4.968719,0.165131,14296.841827,0.124502,-4.938757,0.165209,-0.820558,2.577331,-3.754058,0.390132,0.474291,0.000191,0.220427,0.000204,0.311048,0.000268,128,6.38207,46.044756,0.000785,14.1,418.6,2455306.84662,22.13296,22.133198,0.376,-9999999,0.1343,-0.494129,0.831051,-0.290595,0.92463,0.5,900.0066,-0.813023,2.530365,2010-04-20T08:06:03.413,-9999999,K5,183.C-0972(A),Udry,-9999999,HARPS_ech_obs_all,HARPS_ech_obs_thosimult,STAR_WAVE_K1,7.45835194904732E-06,2.56413750445229E-07,0,0,0
HD154088,256.11885,-28.58265,2455308.8787862,-2.951304,0.766691,14295.393903,0.628944,-5.374994,0.1827,14296.101403,0.144505,-5.342218,0.182779,-2.388876,2.590885,-4.400156,0.385934,0.478645,0.000223,0.221124,0.000236,0.3109,0.00031,0,6.381259,46.04053,0.001623,14.1,361.9,2455308.87878,21.343237,21.343496,0.54,-9999999,0.134485,1.221662,0.744605,0.573015,0.612118,0.5,900.0003,-2.387592,2.544791,2010-04-22T08:52:09.764,-9999999,K5,183.C-0972(A),Udry,-9999999,HARPS_ech_obs_all,HARPS_ech_obs_thosimult,STAR_WAVE_K1,6.93637232100333E-06,2.62661246227738E-07,0,0,0
HD154088,256.11885,-28.58265,2455370.5901885,-1.544989,0.898125,14296.701871,0.931665,-6.641825,0.463238,14295.964901,0.396245,-6.622908,0.463261,-1.031875,4.42374,-10.805664,0.859172,0.477893,0.000576,0.229069,0.000631,0.308916,0.000822,0,6.374355,46.071121,0.000697,14.1,138.5,2455370.59018,-6.606601,-6.606237,-0.159,-9999999,0.140096,-1.451485,0.769441,-0.877066,0.843201,0.53,438.1005,-1.052271,4.38515,2010-06-23T01:57:50.153,-9999999,K5,183.C-0972(A),Udry,-9999999,HARPS_ech_obs_all,HARPS_ech_obs_thosimult,STAR_WAVE_K1,5.87682094468557E-06,4.70192955446671E-07,0,0,0
HD154088,256.11885,-28.58265,2455370.5950204,0.092784,0.907916,14297.996383,0.937693,-5.005611,0.481949,14297.250333,0.410222,-4.986241,0.481975,7.682173,4.723555,-11.241674,1.100212,0.477171,0.000596,0.230054,0.000655,0.307855,0.000849,0,6.374596,46.06861,0.000276,14.1,133.8,2455370.59501,-6.618781,-6.618399,-0.043,-9999999,0.140097,-1.453044,0.76944,-0.886147,0.8432,0.41,438.1003,7.668719,4.697335,2010-06-23T02:05:40.208,-9999999,K5,183.C-0972(A),Udry,-9999999,HARPS_ech_obs_all,HARPS_ech_obs_thosimult,STAR_WAVE_K1,7.67228266737704E-06,5.33770875640055E-07,0,0,0
HD154088,256.11885,-28.58265,2455373.6121668,-0.604263,0.791277,14298.911773,0.915359,-3.592134,0.324707,14298.955708,0.276141,-3.560413,0.324713,-1.211405,3.375593,-2.880798,0.531199,0.480201,0.000393,0.229965,0.000431,0.307546,0.000559,0,6.38101,46.018569,0.000661,14.1,201.4,2455373.61216,-8.102167,-8.1018,0.38,-9999999,0.140371,0.65748,0.721584,-0.096436,0.872713,0.48,300.008,-1.216936,3.354052,2010-06-26T02:31:03.785,-9999999,K5,183.C-0972(A),Udry,-9999999,HARPS_ech_obs_all,HARPS_ech_obs_thosimult,STAR_WAVE_K1,7.47778070964395E-06,3.46977334470459E-07,0,0,0
HD154088,256.11885,-28.58265,2455373.6161641,0.060364,0.783078,14299.404816,0.909901,-2.928797,0.304186,14299.441239,0.257475,-2.900314,0.304164,1.273564,3.597271,-4.194271,0.598158,0.480139,0.000368,0.229369,0.000402,0.307468,0.000522,0,6.380682,46.029367,0.001079,14.1,215.7,2455373.61616,-8.112771,-8.112425,0.314,-9999999,0.140372,0.656191,0.721583,-0.103949,0.872712,0.52,299.9996,1.278591,3.580039,2010-06-26T02:36:37.163,-9999999,K5,183.C-0972(A),Udry,-9999999,HARPS_ech_obs_all,HARPS_ech_obs_thosimult,STAR_WAVE_K1,6.45164357832338E-06,3.31769760744625E-07,0,0,0
HD154088,256.11885,-28.58265,2455373.6199361,-0.78721,0.782961,14298.245918,0.909615,-3.777588,0.303887,14298.275251,0.256466,-3.755823,0.303869,0.892661,3.031987,-3.87504,0.538816,0.479835,0.000368,0.229743,0.000402,0.308723,0.000523,0,6.379126,46.028272,0.000992,14.1,216,2455373.61994,-8.122824,-8.122483,0.098,-9999999,0.140372,0.654973,0.721582,-0.111039,0.872711,0.5,300,0.89266,3.002883,2010-06-26T02:42:09.070,-9999999,K5,183.C-0972(A),Udry,-9999999,HARPS_ech_obs_all,HARPS_ech_obs_thosimult,STAR_WAVE_K1,6.10293069802965E-06,3.57178866061123E-07,0,0,0
HD154088,256.11885,-28.58265,2455374.6376099,1.739936,0.710272,14301.397788,0.894043,-2.759738,0.412306,14299.901105,0.352747,-2.75428,0.412333,3.472231,2.896854,-5.403999,0.838969,0.475852,0.000525,0.226474,0.000573,0.30837,0.000741,0,6.382729,46.039275,0.000571,14.1,152.8,2455374.6376,-8.645886,-8.645541,0.114,-9999999,0.140464,-0.854323,0.578351,-1.637147,0.821512,0.48,279.9988,3.474867,2.877245,2010-06-27T03:07:54.160,-9999999,K5,183.C-0972(A),Udry,-9999999,HARPS_ech_obs_all,HARPS_ech_obs_thosimult,STAR_WAVE_K1,6.47582076769269E-06,4.66523717540128E-07,0,0,0
HD154088,256.11885,-28.58265,2455374.6413824,1.035707,0.70132,14300.70807,0.889053,-3.465185,0.396687,14299.204297,0.339902,-3.447322,0.396653,5.6288,3.885775,-6.799806,0.806664,0.476336,0.000512,0.226353,0.000556,0.308328,0.00072,0,6.375512,46.053633,0.002095,14.1,157.5,2455374.64138,-8.656112,-8.655772,0.02,-9999999,0.140465,-0.85554,0.57835,-1.644238,0.821512,0.53,280.0086,5.630249,3.864343,2010-06-27T03:13:06.107,-9999999,K5,183.C-0972(A),Udry,-9999999,HARPS_ech_obs_all,HARPS_ech_obs_thosimult,STAR_WAVE_K1,7.11256262521024E-06,4.15206801649706E-07,0,0,0
HD154088,256.11885,-28.58265,2455374.6448642,0.864959,0.710789,14300.035706,0.894083,-3.637056,0.413198,14298.525389,0.352851,-3.620357,0.413219,11.445083,3.003544,-7.759899,0.85413,0.476138,0.000527,0.225478,0.000572,0.307671,0.000741,0,6.377816,46.056942,0.001485,14.1,152.6,2455374.64486,-8.665561,-8.66523,0.088,-9999999,0.140465,-0.856664,0.57835,-1.650782,0.821511,0.49,280.0006,11.447692,2.97677,2010-06-27T03:18:18.153,-9999999,K5,183.C-0972(A),Udry,-9999999,HARPS_ech_obs_all,HARPS_ech_obs_thosimult,STAR_WAVE_K1,6.16552500412936E-06,4.27691369794368E-07,0,0,0
HD154088,256.11885,-28.58265,2455375.5671572,0.210961,0.835226,14298.465313,1.055102,-3.78678,0.453434,14298.414712,0.388114,-3.788844,0.453416,2.797118,4.247034,-7.846423,0.995202,0.475428,0.000547,0.230765,0.000607,0.308841,0.000788,0,6.379267,46.054376,0.002661,14.1,143.9,2455375.56715,-8.935442,-8.93509,0.123,-9999999,0.140549,-0.35239,0.701427,-0.19115,0.981126,0.48,280.0084,2.793405,4.227728,2010-06-28T01:26:29.429,-9999999,K5,183.C-0972(A),Udry,-9999999,HARPS_ech_obs_all,HARPS_ech_obs_thosimult,STAR_WAVE_K1,5.46873859369873E-06,5.74698186483359E-07,0,0,0
HD154088,256.11885,-28.58265,2455375.5708416,-0.405992,0.813437,14298.33069,1.043119,-4.404922,0.411924,14298.273164,0.354248,-4.378641,0.411932,7.595025,3.695841,-6.760783,0.758225,0.480178,0.000498,0.231419,0.000553,0.307841,0.000716,0,6.380386,46.046319,0.002163,14.1,157.9,2455375.57084,-8.944461,-8.944131,0.112,-9999999,0.140549,-0.353579,0.701426,-0.198075,0.981125,0.5,280.0068,7.592127,3.66966,2010-06-28T01:31:42.165,-9999999,K5,183.C-0972(A),Udry,-9999999,HARPS_ech_obs_all,HARPS_ech_obs_thosimult,STAR_WAVE_K1,6.96674819634986E-06,4.89348350465505E-07,0,0,0
HD154088,256.11885,-28.58265,2455375.5744852,0.804048,0.802406,14299.834237,1.036248,-3.196058,0.389691,14299.769864,0.333477,-3.185638,0.389695,1.563358,3.480195,-8.311414,0.76664,0.479792,0.000468,0.231037,0.000519,0.309212,0.000674,0,6.3766,46.050218,0.000438,14.1,167.9,2455375.57447,-8.953468,-8.953095,0.09,-9999999,0.14055,-0.354755,0.701424,-0.204923,0.981123,0.51,280.0001,1.556584,3.460656,2010-06-28T01:36:54.192,-9999999,K5,183.C-0972(A),Udry,-9999999,HARPS_ech_obs_all,HARPS_ech_obs_thosimult,STAR_WAVE_K1,6.44342003274109E-06,4.85552286560364E-07,0,0,0
HD154088,256.11885,-28.58265,2455376.5821769,1.980391,0.725514,14300.557511,0.88305,-1.416567,0.490541,14301.865458,0.422913,-1.38674,0.490604,4.448852,4.540676,-4.200843,0.934003,0.474949,0.000602,0.225961,0.00067,0.308709,0.000868,0,6.384198,46.028313,0.004712,14.1,131.2,2455376.58217,-9.443433,-9.443094,0.362,-9999999,0.140641,0.248393,0.534546,1.167306,0.775191,0.49,280.0004,4.442699,4.536478,2010-06-29T01:48:07.067,-9999999,K5,183.C-0972(A),Udry,-9999999,HARPS_ech_obs_all,HARPS_ech_obs_thosimult,STAR_WAVE_K1,4.94609912771014E-06,5.57663373633021E-07,0,0,0
HD154088,256.11885,-28.58265,2455376.5859505,1.338714,0.760737,14298.661043,0.904558,-2.059461,0.54128,14299.961898,0.466161,-2.027893,0.54128,2.933302,5.316219,-3.848478,1.209568,0.475821,0.000667,0.226318,0.000744,0.307338,0.00096,0,6.384375,46.027969,0.000842,14.1,118.7,2455376.58595,-9.453063,-9.452725,0.283,-9999999,0.140642,0.247176,0.534544,1.160213,0.77519,0.54,280.0006,2.924275,5.309523,2010-06-29T01:53:19.113,-9999999,K5,183.C-0972(A),Udry,-9999999,HARPS_ech_obs_all,HARPS_ech_obs_thosimult,STAR_WAVE_K1,6.0967389757462E-06,6.74277213338218E-07,0,0,0
HD154088,256.11885,-28.58265,2455376.5893727,1.659607,0.735336,14298.855605,0.88892,-1.739673,0.504958,14300.150028,0.435043,-1.728588,0.50496,5.637471,5.175453,-5.520683,1.009225,0.474654,0.000621,0.225161,0.00069,0.309033,0.000896,0,6.383209,46.037619,0.000735,14.1,127.2,2455376.58937,-9.461859,-9.461535,0.217,-9999999,0.140642,0.246071,0.534543,1.153781,0.775188,0.48,280.0007,5.627649,5.169754,2010-06-29T01:58:31.600,-9999999,K5,183.C-0972(A),Udry,-9999999,HARPS_ech_obs_all,HARPS_ech_obs_thosimult,STAR_WAVE_K1,4.49868288516456E-06,6.65994902283794E-07,0,0,0
HD154088,256.11885,-28.58265,2455396.5731822,2.38809,0.927564,14301.025043,1.025147,-1.123933,0.350872,14301.408313,0.297192,-1.111102,0.350874,4.414113,2.73844,-0.547828,0.70672,0.475137,0.000442,0.225982,0.000482,0.307176,0.000624,0,6.385233,45.999244,0.001984,14.1,180.9,2455396.57317,-18.160038,-18.159722,-0.361,-9999999,0.142459,0.133329,0.85864,0.240811,0.981124,0.52,900.0003,4.421022,2.727792,2010-07-19T01:30:59.892,-9999999,K5,183.C-0972(A),Udry,-9999999,HARPS_ech_obs_all,HARPS_ech_obs_thosimult,STAR_WAVE_K1,6.97147570301266E-06,3.47518177870281E-07,0,0,0
HD154088,256.11885,-28.58265,2455398.5160184,1.245446,0.990429,14300.113516,1.067135,-2.127766,0.493606,14300.570968,0.419672,-2.122738,0.493617,0.104004,3.926883,4.235579,1.142842,0.478324,0.000615,0.233387,0.000682,0.305866,0.000878,0,6.388928,45.957358,0.002269,14.1,129.3,2455398.51601,-18.785777,-18.785492,-0.316,-9999999,0.142636,0.272139,0.858663,0.314816,0.981148,0.44,900.0003,0.087068,3.913415,2010-07-21T00:10:03.336,-9999999,K5,183.C-0972(A),Udry,-9999999,HARPS_ech_obs_all,HARPS_ech_obs_thosimult,STAR_WAVE_K1,5.44219618973846E-06,4.68537165977115E-07,0,0,0
HD154088,256.11885,-28.58265,2455401.5747344,-3.257516,0.695416,14296.568761,0.77061,-6.716302,0.272506,14296.309158,0.226756,-6.701053,0.272526,13.563595,2.780256,-8.886838,0.499225,0.475893,0.00036,0.231089,0.000383,0.301445,0.000499,0,6.377182,46.059494,0.001439,14.1,227,2455401.57473,-20.05174,-20.051455,-0.105,-9999999,0.142914,0.186565,0.6398,-0.402517,0.736493,0.49,900.0004,13.551404,2.721938,2010-07-24T01:34:08.580,-9999999,K5,183.C-0972(A),Udry,-9999999,HARPS_ech_obs_all,HARPS_ech_obs_thosimult,STAR_WAVE_K1,7.70897296536979E-06,3.06514134979932E-07,0,0,0
HD154088,256.11885,-28.58265,2455402.6670034,-0.984008,0.721242,14297.69143,0.758869,-3.890325,0.416958,14299.386021,0.355764,-3.874371,0.416995,-3.947938,3.575626,-3.045705,0.787493,0.475357,0.000539,0.22668,0.000586,0.307395,0.000759,0,6.381505,46.017696,0.002584,14.1,149.4,2455402.66699,-20.640527,-20.640255,-0.571,-9999999,0.143013,0.739034,0.588503,1.551578,0.670309,0.49,900.0006,-3.961728,3.544913,2010-07-25T03:47:06.997,-9999999,K5,183.C-0972(A),Udry,-9999999,HARPS_ech_obs_all,HARPS_ech_obs_thosimult,STAR_WAVE_K1,-9999999,-9999999,-9999999,-9999999,-9999999
HD154088,256.11885,-28.58265,2455407.6169208,-0.380161,0.889487,14298.37517,0.999348,-3.958527,0.23226,14298.604806,0.190047,-3.949785,0.232242,3.472874,2.25433,-5.811797,0.582137,0.480118,0.000247,0.226377,0.000277,0.305542,0.000358,0,6.379884,46.041521,0.002256,14.1,312.3,2455407.61692,-22.24554,-22.245302,-0.128,-9999999,0.143463,0.066985,0.858629,0.086173,0.981111,0.48,900.0005,3.476745,2.206506,2010-07-30T02:35:39.229,-9999999,K5,183.C-0972(A),Udry,-9999999,HARPS_ech_obs_all,HARPS_ech_obs_thosimult,STAR_WAVE_K1,7.17710002392542E-06,3.63165880598779E-07,0,0,0
HD154088,256.11885,-28.58265,2455409.5990562,-0.443791,0.901315,14298.556287,1.007968,-4.108274,0.274076,14298.749204,0.231107,-4.103256,0.274083,3.611372,2.651553,-6.454849,0.525282,0.47527,0.000345,0.227317,0.000372,0.304303,0.000478,0,6.380402,46.04095,0.000721,14.1,235.2,2455409.59905,-22.85276,-22.852527,-0.403,-9999999,0.143643,-0.019131,0.858633,0.049274,0.981116,0.5,450.0006,3.616288,2.607676,2010-08-01T02:13:35.551,-9999999,K5,183.C-0972(A),Udry,-9999999,HARPS_ech_obs_all,HARPS_ech_obs_thosimult,STAR_WAVE_K1,6.49597649374233E-06,3.30346256720244E-07,0,0,0
HD154088,256.11885,-28.58265,2455409.6047323,-0.103297,0.898446,14299.081692,1.006002,-3.769611,0.264495,14299.263942,0.222383,-3.759839,0.264503,-0.759902,2.670135,-6.361774,0.532004,0.475174,0.000331,0.227304,0.000357,0.305622,0.00046,0,6.380472,46.042525,0.001166,14.1,245.1,2455409.60472,-22.866677,-22.866423,-0.367,-9999999,0.143644,-0.020963,0.858631,0.038606,0.981114,0.52,450.0006,-0.7555,2.631599,2010-08-01T02:21:36.998,-9999999,K5,183.C-0972(A),Udry,-9999999,HARPS_ech_obs_all,HARPS_ech_obs_thosimult,STAR_WAVE_K1,7.70952641448368E-06,3.58895228715545E-07,0,0,0
HD154088,256.11885,-28.58265,2455411.543017,-3.739574,0.759786,14294.661328,0.697125,-7.029179,0.290041,14295.835182,0.24217,-7.022282,0.290057,18.990294,3.099019,-20.621671,0.554557,0.476219,0.00039,0.232511,0.000414,0.305904,0.000536,0,6.367706,46.128374,0.000065,14.1,210.9,2455411.54301,-23.339761,-23.339512,0.274,-9999999,0.14382,0.355747,0.702247,1.030034,0.65371,0.49,900.0006,18.986392,3.046266,2010-08-03T00:49:30.679,-9999999,K5,183.C-0972(A),Udry,-9999999,HARPS_ech_obs_all,HARPS_ech_obs_thosimult,STAR_WAVE_K1,7.70748187232967E-06,2.77834811728814E-07,0,0,0
HD154088,256.11885,-28.58265,2455413.5640908,1.714029,0.833575,14299.773828,0.865824,-1.930545,0.274438,14300.806113,0.23157,-1.918761,0.274413,-1.182547,2.948843,-5.871327,0.565487,0.480143,0.000341,0.231219,0.000367,0.299642,0.000476,0,6.381725,46.038554,0.00049,14.1,237,2455413.56409,-23.997738,-23.997537,-0.156,-9999999,0.144004,0.000777,0.787103,0.888281,0.834282,0.49,450.0005,-1.171646,2.933357,2010-08-05T01:23:45.726,-9999999,K5,183.C-0972(A),Udry,-9999999,HARPS_ech_obs_all,HARPS_ech_obs_thosimult,STAR_WAVE_K1,7.10661814176661E-06,3.20743766442716E-07,0,0,0
HD154088,256.11885,-28.58265,2455413.5697762,1.88783,0.82744,14300.043961,0.861128,-1.758579,0.255205,14301.065561,0.213351,-1.747243,0.25519,2.380424,2.585731,-7.301102,0.428582,0.47948,0.000314,0.231399,0.000338,0.299892,0.000438,0,6.379245,46.047395,0.00139,14.1,257.7,2455413.56977,-24.011991,-24.011774,0.1,-9999999,0.144005,-0.001057,0.787101,0.877595,0.834279,0.51,450.0005,2.388402,2.571998,2010-08-05T01:31:47.983,-9999999,K5,183.C-0972(A),Udry,-9999999,HARPS_ech_obs_all,HARPS_ech_obs_thosimult,STAR_WAVE_K1,7.01143208701883E-06,3.31531438163795E-07,0,0,0
HD154088,256.11885,-28.58265,2455423.5554562,-1.903598,0.912558,14296.283422,0.897296,-4.575863,0.309012,14298.542322,0.263169,-4.559178,0.309028,1.048694,2.930075,-8.307578,0.747506,0.475562,0.000404,0.230942,0.000431,0.307246,0.000561,0,6.381572,46.052967,0.002067,14.1,201.8,2455423.55544,-26.571386,-26.571205,0.005,-9999999,0.144913,0.973086,0.858647,2.113987,0.857836,0.53,450.0007,1.045667,2.89403,2010-08-15T01:12:14.488,-9999999,K5,183.C-0972(A),Udry,-9999999,HARPS_ech_obs_all,HARPS_ech_obs_thosimult,STAR_WAVE_K1,7.64860250929369E-06,3.60327281243064E-07,0,0,0
HD154088,256.11885,-28.58265,2455423.5609298,-2.065222,0.897119,14295.577556,0.885364,-4.739253,0.259909,14297.826168,0.219068,-4.726554,0.259872,-2.776474,2.463405,-7.233461,0.534753,0.476124,0.000327,0.231185,0.000349,0.306863,0.000453,0,6.382873,46.039242,0.001413,14.1,249,2455423.56092,-26.58436,-26.584198,-0.15,-9999999,0.144913,0.97132,0.858645,2.103699,0.857833,0.51,450.0006,-2.780655,2.411953,2010-08-15T01:20:16.443,-9999999,K5,183.C-0972(A),Udry,-9999999,HARPS_ech_obs_all,HARPS_ech_obs_thosimult,STAR_WAVE_K1,8.3933834882806E-06,3.80455753595647E-07,0,0,0
HD154088,256.11885,-28.58265,2455427.6487899,1.346558,0.911989,14299.501513,1.015109,-2.357402,0.307392,14300.215265,0.260535,-2.353452,0.307378,-1.780392,3.179581,-3.038415,0.690034,0.478622,0.00039,0.231376,0.000418,0.30635,0.000542,0,6.383608,46.006542,0.002884,14.1,208.6,2455427.64878,-27.573522,-27.573386,0.346,-9999999,0.145285,-0.058609,0.858623,0.568467,0.981105,0.5,450.0004,-1.794042,3.16504,2010-08-19T03:27:23.744,-9999999,K5,183.C-0972(A),Udry,-9999999,HARPS_ech_obs_all,HARPS_ech_obs_thosimult,STAR_WAVE_K1,7.40372906923273E-06,3.45455757066953E-07,0,0,0
HD154088,256.11885,-28.58265,2455427.6544642,2.318221,0.906075,14300.928391,1.011034,-1.38757,0.289377,14301.631478,0.244181,-1.376155,0.289376,-3.764136,3.350605,-1.672162,0.555725,0.479114,0.000365,0.230885,0.000389,0.30721,0.000506,0,6.386072,45.998822,0.004509,14.1,223.5,2455427.65446,-27.582022,-27.581893,0.268,-9999999,0.145285,-0.06044,0.858622,0.557802,0.981105,0.52,450.0004,-3.793575,3.34278,2010-08-19T03:35:25.051,-9999999,K5,183.C-0972(A),Udry,-9999999,HARPS_ech_obs_all,HARPS_ech_obs_thosimult,STAR_WAVE_K1,7.67187268182488E-06,3.37963382895689E-07,0,0,0
HD154088,256.11885,-28.58265,2455428.6480518,0.767471,0.909835,14299.508677,1.013645,-3.093004,0.300941,14299.933061,0.254771,-3.064928,0.300948,1.251143,3.036855,-5.251935,0.605921,0.474368,0.000358,0.226612,0.000393,0.300124,0.000509,0,6.383294,46.027441,0.002277,14.1,221.5,2455428.64804,-27.754957,-27.754822,-0.109,-9999999,0.145376,-0.215124,0.858623,0.279008,0.981105,0.49,450.0004,1.241538,3.011916,2010-08-20T03:26:32.362,-9999999,K5,183.C-0972(A),Udry,-9999999,HARPS_ech_obs_all,HARPS_ech_obs_thosimult,STAR_WAVE_K1,6.34129116283275E-06,3.31663480566577E-07,0,0,0
HD154088,256.11885,-28.58265,2455428.6536258,1.020079,0.917819,14299.271047,1.019102,-2.842195,0.324282,14299.684955,0.275687,-2.827013,0.32427,5.245466,2.962135,-4.316531,0.679659,0.474996,0.000388,0.226556,0.000427,0.300143,0.000552,0,6.384297,46.015941,0.000441,14.1,204.3,2455428.65362,-27.763134,-27.763001,-0.13,-9999999,0.145376,-0.216923,0.858622,0.268532,0.981105,0.49,450.0004,5.245241,2.93921,2010-08-20T03:34:33.999,-9999999,K5,183.C-0972(A),Udry,-9999999,HARPS_ech_obs_all,HARPS_ech_obs_thosimult,STAR_WAVE_K1,5.94831813226719E-06,4.28729115057336E-07,0,0,0
HD154088,256.11885,-28.58265,2455435.5765241,3.542797,0.721655,14301.583199,0.792682,-2.019098,0.178123,14300.777522,0.138629,-2.003332,0.178087,-11.798569,2.699924,-7.203432,0.742858,0.475609,0.000206,0.225694,0.000219,0.308016,0.000286,0,6.38205,46.044625,0.0011,14.1,395.6,2455435.57651,-28.705649,-28.705553,0.05,-9999999,0.146006,-1.916544,0.699327,-0.951683,0.780465,0.48,900.001,-11.806342,2.680817,2010-08-27T01:40:56.808,-9999999,K5,183.C-0972(A),Udry,-9999999,HARPS_ech_obs_all,HARPS_ech_obs_thosimult,STAR_WAVE_K1,7.75672413351047E-06,2.89650954856393E-07,0,0,0
HD154088,256.11885,-28.58265,2455436.5816803,0.923472,0.574556,14299.139949,0.683284,-4.283817,0.169352,14298.721655,0.126605,-4.258882,0.169329,-2.940073,2.142207,-7.703126,0.740458,0.474583,0.000186,0.230871,0.000199,0.307321,0.000259,128,6.38131,46.050608,0.001722,14.1,436.6,2455436.58167,-28.839988,-28.839909,0.159,-9999999,0.146097,-1.561938,0.549031,-0.564391,0.671452,0.5,900.0006,-2.959463,2.085797,2010-08-28T01:48:12.575,-9999999,K5,183.C-0972(A),Udry,-9999999,HARPS_ech_obs_all,HARPS_ech_obs_thosimult,STAR_WAVE_K1,6.88021607332224E-06,2.50927171168393E-07,0,0,0
HD154088,256.11885,-28.58265,2455437.5706382,-0.018346,0.87497,14300.585112,0.834242,-4.368225,0.168251,14298.858205,0.126495,-4.351952,0.168236,-3.189077,2.321183,-8.956866,0.656067,0.474317,0.000187,0.231,0.0002,0.306285,0.00026,128,6.380223,46.06285,0.00217,14.1,434.6,2455437.57063,-28.935651,-28.935576,0.161,-9999999,0.146187,-0.704528,0.858641,-1.873094,0.824596,0.51,900.0005,-3.192689,2.27275,2010-08-29T01:32:17.713,-9999999,K5,183.C-0972(A),Udry,-9999999,HARPS_ech_obs_all,HARPS_ech_obs_thosimult,STAR_WAVE_K1,7.38193048642869E-06,2.11340061489263E-07,0,0,0
HD154088,256.11885,-28.58265,2455438.5750271,-0.384954,0.550151,14297.792644,0.594553,-4.541064,0.170957,14298.617048,0.129681,-4.53085,0.170933,1.514955,2.122614,-7.835261,0.655634,0.474975,0.000188,0.229496,0.000201,0.30706,0.000262,128,6.380949,46.05826,0.001382,14.1,429.7,2455438.57502,-29.053178,-29.053127,0.214,-9999999,0.146278,-0.510759,0.522915,0.678126,0.580238,0.51,900.0003,1.505678,2.06279,2010-08-30T01:38:45.246,-9999999,K5,183.C-0972(A),Udry,-9999999,HARPS_ech_obs_all,HARPS_ech_obs_thosimult,STAR_WAVE_K1,7.16203570324261E-06,2.69972402500913E-07,0,0,0
HD154088,256.11885,-28.58265,2455443.5593111,-1.983591,0.736962,14297.055639,0.970563,-6.539698,0.217858,14296.528031,0.178028,-6.534272,0.217814,0.044925,2.518109,-0.325249,0.411822,0.480394,0.000263,0.226649,0.000283,0.30737,0.000367,0,6.389261,46.002255,0.002414,14.1,307.5,2455443.55931,-29.449802,-29.44978,0.176,-9999999,0.146731,-0.910756,0.704025,-0.674339,0.954095,0.51,900.0003,0.03084,2.456448,2010-09-04T01:16:49.123,-9999999,K5,183.C-0972(A),Udry,-9999999,HARPS_ech_obs_all,HARPS_ech_obs_thosimult,STAR_WAVE_K1,6.94068313593517E-06,2.5596455866738E-07,0,0,0
HD154088,256.11885,-28.58265,2455444.5899359,-2.325166,0.796302,14295.554173,0.987122,-5.74712,0.216758,14296.972371,0.175707,-5.741075,0.216718,-4.499449,3.073924,-2.516057,0.573292,0.47532,0.000255,0.226471,0.000276,0.307767,0.000358,0,6.38686,46.015933,0.002013,14.1,315.4,2455444.58993,-29.561216,-29.56119,0.239,-9999999,0.146825,0.223397,0.766233,1.271373,0.971358,0.49,900.0004,-4.519349,3.02623,2010-09-05T02:01:21.798,-9999999,K5,183.C-0972(A),Udry,-9999999,HARPS_ech_obs_all,HARPS_ech_obs_thosimult,STAR_WAVE_K1,6.72517185693362E-06,2.93878862187903E-07,0,0,0
HD154088,256.11885,-28.58265,2455445.5087502,-0.132052,0.88077,14298.398525,0.993774,-4.500518,0.196078,14298.323777,0.157885,-4.487465,0.196071,-0.613408,2.249582,-7.446413,0.405329,0.479406,0.000233,0.226467,0.000251,0.307845,0.000326,0,6.382011,46.044,0.002474,14.1,346.5,2455445.50875,-29.461227,-29.461208,0.47,-9999999,0.146909,-0.723115,0.858667,-0.221657,0.981152,0.51,900.0005,-0.629205,2.206415,2010-09-06T00:04:17.116,-9999999,K5,183.C-0972(A),Udry,-9999999,HARPS_ech_obs_all,HARPS_ech_obs_thosimult,STAR_WAVE_K1,7.32362610827713E-06,2.87033472595329E-07,0,0,0
HD154088,256.11885,-28.58265,2455446.5520083,-1.396313,0.808081,14298.08028,1.002067,-4.573934,0.246177,14297.992832,0.203762,-4.562107,0.246148,-4.406645,2.674135,-5.022141,0.462239,0.476086,0.000301,0.231071,0.000325,0.306651,0.000422,0,6.381491,46.032221,0.000577,14.1,267.5,2455446.552,-29.590398,-29.590376,0.421,-9999999,0.147004,0.46773,0.76967,-0.234452,0.981132,0.5,900.0004,-4.419569,2.63446,2010-09-07T01:06:52.441,-9999999,K5,183.C-0972(A),Udry,-9999999,HARPS_ech_obs_all,HARPS_ech_obs_thosimult,STAR_WAVE_K1,7.18937969043358E-06,2.89943462353774E-07,0,0,0
HD154088,256.11885,-28.58265,2455450.6054218,1.622502,0.863996,14299.938267,1.015827,-3.096791,0.314976,14299.424594,0.268429,-3.08491,0.314967,1.684607,3.330334,-4.091826,0.58818,0.47661,0.000375,0.230537,0.000415,0.306628,0.000539,0,6.386911,46.023176,0.001496,14.1,208.7,2455450.60541,-29.740567,-29.740578,0.256,-9999999,0.147372,-1.073941,0.804536,-0.661045,0.97972,0.47,900.0004,1.673197,3.310167,2010-09-11T02:24:48.732,-9999999,K5,183.C-0972(A),Udry,-9999999,HARPS_ech_obs_all,HARPS_ech_obs_thosimult,STAR_WAVE_K1,7.59889317320424E-06,4.05964173604506E-07,0,0,0
HD154088,256.11885,-28.58265,2455454.5427342,-1.40136,0.850824,14297.55761,1.005631,-5.115475,0.264335,14297.576993,0.220603,-5.100131,0.26433,5.533675,2.69777,0.12874,0.493593,0.475888,0.000306,0.227555,0.000338,0.308914,0.000438,0,6.383451,45.9854,0.00008,14.1,257.8,2455454.54272,-29.580678,-29.58069,-0.055,-9999999,0.14773,-0.068764,0.80872,-0.128347,0.981136,0.5,900.0006,5.519163,2.649728,2010-09-15T00:54:38.879,-9999999,K5,183.C-0972(A),Udry,-9999999,HARPS_ech_obs_all,HARPS_ech_obs_thosimult,STAR_WAVE_K1,7.93924460423368E-06,3.61531999604449E-07,0,0,0
HD154088,256.11885,-28.58265,2455612.8527747,-0.860368,0.704087,14296.271802,0.822799,-3.827563,0.213103,14297.0458,0.17098,-3.803357,0.213146,-7.657872,2.443981,3.824478,0.442204,0.477843,0.00024,0.227613,0.00026,0.302639,0.000335,0,6.390519,45.978239,0.001897,14.1,330.9,2455612.85277,28.887146,28.887103,-0.463,-9999999,0.162125,0.678157,0.671063,0.611873,0.804838,0.49,900.0017,-7.671072,2.399449,2011-02-20T08:22:58.585,-9999999,K5,183.C-0972(A),Udry,-9999999,HARPS_ech_obs_all,HARPS_ech_obs_thosimult,STAR_WAVE_K1,7.99732897314958E-06,3.67828632262271E-07,0,0,0
HD154088,256.11885,-28.58265,2455615.8672105,2.063433,0.561188,14299.332886,0.400814,-1.607298,0.188238,14299.353682,0.14517,-1.583906,0.18829,-10.816798,2.373405,4.151434,0.506875,0.476815,0.000204,0.225548,0.000219,0.309951,0.000284,0,6.39229,45.970555,0.001315,14.1,392.3,2455615.8672,29.265485,29.265446,0.206,-9999999,0.162399,-0.02538,0.528676,-0.141603,0.373601,0.51,900.0073,-10.815545,2.360995,2011-02-23T08:43:02.798,-9999999,K5,183.C-0972(A),Udry,-9999999,HARPS_ech_obs_all,HARPS_ech_obs_thosimult,STAR_WAVE_K1,8.13319788636288E-06,2.53087058376777E-07,0,0,0
HD154088,256.11885,-28.58265,2455619.8739325,1.951797,0.568566,14299.052797,0.712045,-1.833816,0.218148,14299.019615,0.17221,-1.809808,0.218173,-8.295755,2.733623,4.35626,0.454927,0.482468,0.000243,0.225862,0.000262,0.306589,0.000341,0,6.392758,45.95743,0.001742,14.1,329.2,2455619.87392,29.662858,29.662844,0.157,-9999999,0.162764,-0.140262,0.525051,-0.195946,0.690906,0.54,900.0069,-8.307879,2.719457,2011-02-27T08:51:42.799,-9999999,K5,183.C-0972(A),Udry,-9999999,HARPS_ech_obs_all,HARPS_ech_obs_thosimult,STAR_WAVE_K1,7.84707187026919E-06,2.70045734789414E-07,0,0,0
HD154088,256.11885,-28.58265,2455620.817367,2.292852,0.728223,14299.72337,0.713298,-1.524251,0.259162,14298.971895,0.208021,-1.496013,0.259179,-12.351157,2.69557,5.684992,0.492942,0.48544,0.000294,0.225041,0.000319,0.31607,0.000417,0,6.392253,45.946428,0.002826,14.1,272.2,2455620.81736,29.827572,29.827554,0.245,-9999999,0.16285,-0.171752,0.680546,-0.914325,0.682291,0.52,900.0054,-12.346323,2.686988,2011-02-28T07:30:25.524,-9999999,K5,183.C-0972(A),Udry,-9999999,HARPS_ech_obs_all,HARPS_ech_obs_thosimult,STAR_WAVE_K1,7.8134354998168E-06,3.1598329447414E-07,0,0,0
HD154088,256.11885,-28.58265,2455621.8916901,0.06198,0.88325,14297.49292,0.994349,-3.015429,0.206933,14298.107606,0.161463,-2.993867,0.206937,-6.782205,2.303084,3.741818,0.456844,0.483484,0.000232,0.22509,0.000248,0.307399,0.000324,0,6.389603,45.957484,0.002403,14.1,348.4,2455621.89168,29.778148,29.778121,0.418,-9999999,0.162947,0.567942,0.858667,0.451739,0.981152,0.5,900.0064,-6.787248,2.276765,2011-03-01T09:17:35.881,-9999999,K5,183.C-0972(A),Udry,-9999999,HARPS_ech_obs_all,HARPS_ech_obs_thosimult,STAR_WAVE_K1,7.68081386358431E-06,2.91950278782286E-07,0,0,0
HD154088,256.11885,-28.58265,2455625.9028524,-0.189338,0.894003,14297.579236,1.002364,-3.298156,0.248841,14298.115086,0.205087,-3.275701,0.248898,0.978666,2.988102,4.810607,0.504174,0.478377,0.000302,0.22731,0.000323,0.310092,0.000417,0,6.389088,45.958804,0.002456,14.1,267.7,2455625.90284,29.935543,29.93556,-0.211,-9999999,0.163312,0.536533,0.858673,0.372538,0.981159,0.49,900.0068,0.990272,2.963525,2011-03-05T09:33:14.940,-9999999,K5,183.C-0972(A),Udry,-9999999,HARPS_ech_obs_all,HARPS_ech_obs_thosimult,STAR_WAVE_K1,8.03670840619822E-06,3.40717448090741E-07,0,0,0
HD154088,256.11885,-28.58265,2455629.9031262,-0.296089,0.711973,14297.441242,0.605936,-2.992499,0.20353,14297.921216,0.162332,-2.974328,0.203565,-7.540432,2.069614,4.99684,0.371614,0.480953,0.000233,0.226479,0.000249,0.310974,0.000322,0,6.391959,45.961186,0.002085,14.1,346.1,2455629.90312,29.960742,29.960729,-1.191,-9999999,0.163676,0.948941,0.682262,0.316298,0.583787,0.52,750.007,-7.531954,2.023564,2011-03-09T09:33:55.178,-9999999,K5,183.C-0972(A),Udry,-9999999,HARPS_ech_obs_all,HARPS_ech_obs_thosimult,STAR_WAVE_K1,7.61890597662938E-06,2.67910064586583E-07,0,0,0
HD154088,256.11885,-28.58265,2455630.908343,-1.564636,0.767393,14296.632845,0.637046,-4.318735,0.220486,14296.854392,0.179676,-4.288631,0.220538,-4.960813,2.698784,3.44608,0.455781,0.479046,0.00026,0.226768,0.000279,0.309575,0.00036,0,6.389702,45.972352,0.002347,14.1,309.3,2455630.90834,29.931975,29.931984,-0.342,-9999999,0.163767,0.891252,0.735036,0.05778,0.611183,0.51,750.0065,-4.952626,2.659261,2011-03-10T09:41:24.760,-9999999,K5,183.C-0972(A),Udry,-9999999,HARPS_ech_obs_all,HARPS_ech_obs_thosimult,STAR_WAVE_K1,8.47642352504832E-06,3.08308279000668E-07,0,0,0
HD154088,256.11885,-28.58265,2455631.9036584,-2.822725,0.644815,14294.697711,0.749176,-5.715158,0.227917,14295.644807,0.185443,-5.693589,0.227982,-1.222896,2.752318,2.863236,0.445327,0.479429,0.000267,0.226759,0.000287,0.3093,0.00037,0,6.38853,45.977405,0.002615,14.1,300.8,2455631.90365,29.915685,29.9157,-0.162,-9999999,0.163858,0.752918,0.603192,0.783238,0.725862,0.51,800.0065,-1.210505,2.701562,2011-03-11T09:34:05.947,-9999999,K5,183.C-0972(A),Udry,-9999999,HARPS_ech_obs_all,HARPS_ech_obs_thosimult,STAR_WAVE_K1,7.91375094777157E-06,2.90704765246199E-07,0,0,0
HD154088,256.11885,-28.58265,2455632.9067035,-0.936524,0.895505,14295.744488,0.984425,-3.948905,0.25418,14297.396481,0.210176,-3.94139,0.254187,-4.978518,2.626118,2.349884,0.562309,0.479736,0.000305,0.226236,0.000327,0.310343,0.000423,0,6.388452,45.979904,0.002354,14.1,263.6,2455632.9067,29.873043,29.873054,-0.165,-9999999,0.163949,0.63297,0.858675,1.488044,0.961727,0.5,750.0049,-4.969636,2.591412,2011-03-12T09:38:53.427,-9999999,K5,183.C-0972(A),Udry,-9999999,HARPS_ech_obs_all,HARPS_ech_obs_thosimult,STAR_WAVE_K1,8.17807045124432E-06,3.32911336081618E-07,0,0,0
HD154088,256.11885,-28.58265,2455633.891322,-0.929627,0.768485,14296.477732,0.58709,-4.155367,0.196161,14297.479142,0.154624,-4.119234,0.196224,-2.449549,2.271746,0.903845,0.526265,0.47889,0.000221,0.226417,0.000237,0.309601,0.000306,0,6.388291,45.998525,0.001641,14.1,363.3,2455633.89132,29.862423,29.862423,-0.436,-9999999,0.164038,0.419611,0.743028,0.837372,0.566362,0.49,750.0058,-2.444685,2.22428,2011-03-13T09:16:43.515,-9999999,K5,183.C-0972(A),Udry,-9999999,HARPS_ech_obs_all,HARPS_ech_obs_thosimult,STAR_WAVE_K1,8.29381949640695E-06,3.41932230783197E-07,0,0,0
HD154088,256.11885,-28.58265,2455634.8712904,0.1543,0.757983,14297.478834,0.853287,-2.952692,0.222367,14298.071184,0.180428,-2.947676,0.222426,-4.76763,2.286723,2.802053,0.37498,0.480315,0.000261,0.226541,0.000279,0.310275,0.000361,0,6.389012,45.983236,0.001371,14.1,308.8,2455634.87128,29.852534,29.852549,0.496,-9999999,0.164128,0.538359,0.724631,0.428222,0.833993,0.48,750.0072,-4.760535,2.263321,2011-03-14T08:47:51.877,-9999999,K5,183.C-0972(A),Udry,-9999999,HARPS_ech_obs_all,HARPS_ech_obs_thosimult,STAR_WAVE_K1,7.40874932877857E-06,3.0633992073139E-07,0,0,0
HD154088,256.11885,-28.58265,2455635.8751201,-0.20435,0.690661,14297.86111,0.681894,-2.403061,0.226661,14298.961984,0.184653,-2.382581,0.226737,-1.909126,2.149381,2.603824,0.458167,0.479537,0.000265,0.226496,0.000284,0.304134,0.000368,0,6.387035,45.984604,0.001231,14.1,302.9,2455635.87512,29.782243,29.782249,0.07,-9999999,0.164219,1.44664,0.652409,0.936655,0.656416,0.53,750.0069,-1.899164,2.124935,2011-03-15T08:52:36.674,-9999999,K5,183.C-0972(A),Udry,-9999999,HARPS_ech_obs_all,HARPS_ech_obs_thosimult,STAR_WAVE_K1,8.55851268139087E-06,2.65719948822992E-07,0,0,0
HD154088,256.11885,-28.58265,2455653.7942273,-1.535733,0.877956,14296.215844,0.991515,-4.804025,0.183192,14296.635799,0.14324,-4.774851,0.183246,-7.67294,2.110596,0.321053,0.398411,0.474932,0.000203,0.225838,0.000218,0.30304,0.000283,0,6.387775,45.996881,0.001061,14.1,393.7,2455653.79422,27.441019,27.441094,0.152,-9999999,0.165848,0.37706,0.858631,0.254107,0.981114,0.51,900.0067,-7.674601,2.056089,2011-04-02T06:52:37.934,-9999999,K5,183.C-0972(A),Udry,-9999999,HARPS_ech_obs_all,HARPS_ech_obs_thosimult,STAR_WAVE_K1,7.66003386744509E-06,2.71788647222619E-07,0,0,0
HD154088,256.11885,-28.58265,2455659.8249377,-1.464793,0.889578,14296.587792,0.999469,-4.435451,0.232566,14296.975474,0.190617,-4.403657,0.232605,-2.696645,2.482983,3.15175,0.479887,0.47992,0.000275,0.224451,0.000295,0.312605,0.000385,0,6.386867,45.974561,0.002121,14.1,291.9,2455659.82494,25.92906,25.929135,0.226,-9999999,0.166397,0.674693,0.85864,0.221285,0.981123,0.5,900.0065,-2.691149,2.444828,2011-04-08T07:36:14.143,-9999999,K5,183.C-0972(A),Udry,-9999999,HARPS_ech_obs_all,HARPS_ech_obs_thosimult,STAR_WAVE_K1,7.15713201983854E-06,2.37620233750124E-07,0,0,0
HD154088,256.11885,-28.58265,2455663.768945,-2.273113,0.756772,14295.303961,0.806594,-4.77201,0.440124,14296.860268,0.375582,-4.735546,0.440141,-5.399991,4.195741,-1.41281,0.844795,0.480222,0.000559,0.227082,0.000601,0.30387,0.000777,0,6.383861,46.00148,0.003154,14.1,145.5,2455663.76894,24.946524,24.946614,-0.459,-9999999,0.166755,1.146454,0.615626,1.389552,0.713815,0.44,900.0054,-5.410316,4.164969,2011-04-12T06:16:01.608,-9999999,K5,183.C-0972(A),Udry,-9999999,HARPS_ech_obs_all,HARPS_ech_obs_thosimult,STAR_WAVE_K1,7.24126022678189E-06,3.96028207052526E-07,0,0,0
HD154088,256.11885,-28.58265,2455674.7991051,1.108351,0.452624,14298.978091,0.444574,-2.88213,0.189549,14298.516581,0.152255,-2.850619,0.189605,-0.805892,2.483428,1.297973,0.447495,0.473607,0.00022,0.223262,0.000234,0.309207,0.000305,0,6.388877,45.987782,-0.000726,14.1,364.9,2455674.7991,21.293792,21.29389,0.183,-9999999,0.167758,-0.34513,0.411022,-0.629268,0.41769,0.49,900.0003,-0.795052,2.459846,2011-04-23T06:57:29.152,-9999999,K5,183.C-0972(A),Udry,-9999999,HARPS_ech_obs_all,HARPS_ech_obs_thosimult,STAR_WAVE_K1,7.69732311322493E-06,3.49157087348404E-07,0,0,0
HD154088,256.11885,-28.58265,2455675.8006151,1.226712,0.67843,14298.980602,0.579867,-3.030433,0.223593,14298.632042,0.183543,-3.011639,0.223656,5.126893,2.934157,-4.312487,0.429215,0.476548,0.00028,0.226183,0.000298,0.303631,0.000386,0,6.382204,46.026206,0.002372,14.1,290.4,2455675.80061,20.927684,20.927792,0.059,-9999999,0.167849,-0.611794,0.640526,-0.516409,0.550053,0.53,900.0003,5.121141,2.911477,2011-04-24T06:58:57.539,-9999999,K5,183.C-0972(A),Udry,-9999999,HARPS_ech_obs_all,HARPS_ech_obs_thosimult,STAR_WAVE_K1,7.40508655180251E-06,2.41581326720709E-07,0,0,0
HD154088,256.11885,-28.58265,2455677.8147584,0.458269,0.495996,14298.175896,0.558679,-3.924613,0.170886,14297.491418,0.132403,-3.905619,0.170913,7.567993,2.487653,0.585281,0.372489,0.476884,0.000198,0.22396,0.000208,0.302809,0.000271,128,6.387926,45.999284,0.001381,14.1,412.7,2455677.81475,20.147669,20.147798,0.443,-9999999,0.168032,-0.73753,0.465628,-0.85251,0.542763,0.48,900,7.574199,2.453656,2011-04-26T07:19:52.615,-9999999,K5,183.C-0972(A),Udry,-9999999,HARPS_ech_obs_all,HARPS_ech_obs_thosimult,STAR_WAVE_K1,-9999999,-9999999,-9999999,-9999999,-9999999
HD154088,256.11885,-28.58265,2455680.6669542,1.008009,0.817278,14298.638396,0.946836,-2.111699,0.318505,14299.499278,0.269012,-2.085556,0.318565,-6.102932,3.216279,8.805883,0.555302,0.477114,0.000378,0.222811,0.000409,0.309491,0.000532,0,6.392912,45.929905,0.002395,14.1,210.1,2455680.66695,19.335033,19.335175,0.247,-9999999,0.168292,0.525643,0.75266,0.69259,0.907817,0.52,449.9998,-6.109087,3.205116,2011-04-29T03:50:04.220,-9999999,K5,183.C-0972(A),Udry,-9999999,HARPS_ech_obs_all,HARPS_ech_obs_thosimult,STAR_WAVE_K1,7.11347226955083E-06,3.68854252324562E-07,0,0,0
HD154088,256.11885,-28.58265,2455680.6726825,0.622791,0.807704,14298.13768,0.940803,-2.498766,0.293068,14298.987795,0.246941,-2.477799,0.293087,-5.431426,2.951385,7.818668,0.479395,0.478007,0.000353,0.222799,0.000379,0.309008,0.000493,0,6.391817,45.937703,0.001381,14.1,226.7,2455680.67268,19.324661,19.324806,0.287,-9999999,0.168292,0.523794,0.75266,0.681823,0.907816,0.55,450.0002,-5.43838,2.935756,2011-04-29T03:58:05.610,-9999999,K5,183.C-0972(A),Udry,-9999999,HARPS_ech_obs_all,HARPS_ech_obs_thosimult,STAR_WAVE_K1,8.12302647958442E-06,3.94207950571011E-07,0,0,0
HD154088,256.11885,-28.58265,2455689.7441146,0.587732,0.826892,14299.486986,0.67545,-2.10471,0.351708,14299.420244,0.300495,-2.089782,0.351752,2.918647,3.951129,-2.279071,0.810148,0.478592,0.00045,0.222873,0.000477,0.30821,0.000621,0,6.384084,46.013689,0.001345,14.1,181.1,2455689.7441,15.405189,15.405351,0.145,-9999999,0.169117,0.952909,0.748366,-0.235859,0.604926,0.48,450,2.909508,3.939936,2011-05-08T05:40:43.843,-9999999,K5,183.C-0972(A),Udry,-9999999,HARPS_ech_obs_all,HARPS_ech_obs_thosimult,STAR_WAVE_K1,7.074846273721E-06,4.38056332113831E-07,0,0,0
HD154088,256.11885,-28.58265,2455689.7498966,0.885227,0.813319,14299.456819,0.662889,-1.809081,0.318488,14299.379211,0.271081,-1.807602,0.318488,-5.664288,3.114165,-0.989299,0.613595,0.477563,0.000405,0.223542,0.00043,0.309757,0.00056,0,6.386269,45.990502,0.002381,14.1,200.9,2455689.74989,15.390088,15.390246,0.051,-9999999,0.169118,0.951043,0.748367,-0.246726,0.604927,0.52,450.0003,-5.668926,3.102186,2011-05-08T05:48:45.384,-9999999,K5,183.C-0972(A),Udry,-9999999,HARPS_ech_obs_all,HARPS_ech_obs_thosimult,STAR_WAVE_K1,8.4611463601872E-06,4.05761526927608E-07,0,0,0
HD154088,256.11885,-28.58265,2455695.6628241,1.193957,0.805149,14299.815012,0.656808,-2.290182,0.269457,14299.52943,0.225088,-2.263063,0.269494,-0.705889,2.543714,3.102623,0.574827,0.476933,0.000318,0.224693,0.000345,0.310196,0.000449,0,6.386988,45.983667,0.001054,14.1,250.2,2455695.66282,12.911684,12.911861,0.244,-9999999,0.169655,0.161213,0.758722,-0.455237,0.617035,0.51,450.0002,-0.730361,2.524405,2011-05-14T03:43:02.944,-9999999,K5,183.C-0972(A),Udry,-9999999,HARPS_ech_obs_all,HARPS_ech_obs_thosimult,STAR_WAVE_K1,7.35879290240598E-06,3.21560216742882E-07,0,0,0
HD154088,256.11885,-28.58265,2455695.6683124,0.693014,0.808365,14299.410409,0.660447,-2.792896,0.27892,14299.114512,0.235498,-2.763724,0.278986,3.842682,2.960927,3.86662,0.526836,0.477544,0.000335,0.225256,0.000363,0.309536,0.000471,0,6.388524,45.975121,0.00305,14.1,238.3,2455695.66831,12.899457,12.899644,0.171,-9999999,0.169656,0.159442,0.758721,-0.465553,0.617034,0.49,450.0001,3.828591,2.939166,2011-05-14T03:51:06.113,-9999999,K5,183.C-0972(A),Udry,-9999999,HARPS_ech_obs_all,HARPS_ech_obs_thosimult,STAR_WAVE_K1,8.70840866624208E-06,3.77204531645995E-07,0,0,0
HD154088,256.11885,-28.58265,2455710.7136422,2.604746,0.764244,14301.996469,0.788423,-2.55663,0.461768,14299.614904,0.394586,-2.533213,0.461807,2.031631,4.278874,-4.015084,1.123994,0.476471,0.000583,0.226765,0.000631,0.303278,0.000818,0,6.383152,46.022618,0.003242,14.1,138.9,2455710.71364,5.626829,5.627019,-0.591,-9999999,0.171024,-1.516025,0.608966,-2.552589,0.682578,0.52,900.0001,2.020735,4.262071,2011-05-29T04:51:35.270,-9999999,K5,183.C-0972(A),Udry,-9999999,HARPS_ech_obs_all,HARPS_ech_obs_thosimult,STAR_WAVE_K1,5.77325057611315E-06,5.74410672237814E-07,0,0,0
HD154088,256.11885,-28.58265,2455727.8172928,-0.97986,0.927125,2161780.674518,1.016814,-4.61741,0.349717,2161781.26394,0.267043,-4.601959,0.349736,7.039934,3.13723,5.67085,0.625441,0.475244,0.000368,0.225963,0.000402,0.301478,0.000521,0,6.387143,45.930085,0.001731,14.1,216,2455727.81728,-3.118699,-3.118507,-9999999,-9999999,0.172579,0.007802,0.858637,0.416843,0.981121,0.51,450.0005,7.037908,3.103231,2011-06-15T07:24:42.456,-9999999,K5,183.C-0972(A),Udry,-9999999,HARPS_ech_obs_all,HARPS_ech_obs_thosimult,STAR_WAVE_K1,9.04204626112863E-06,3.763795608693E-07,0,0,0
HD154088,256.11885,-28.58265,2455727.8227654,-1.075353,0.929245,2161780.747553,1.018239,-4.714669,0.355295,2161781.32669,0.272415,-4.693811,0.355293,4.724976,2.575634,6.110465,0.594774,0.475291,0.000377,0.226978,0.000413,0.301037,0.000533,0,6.387439,45.930784,0.003952,14.1,211,2455727.82276,-3.129387,-3.129211,-9999999,-9999999,0.17258,0.006036,0.858639,0.406557,0.981123,0.49,450.0002,4.728679,2.533668,2011-06-15T07:32:44.295,-9999999,K5,183.C-0972(A),Udry,-9999999,HARPS_ech_obs_all,HARPS_ech_obs_thosimult,STAR_WAVE_K1,8.84337586488016E-06,4.18836260552697E-07,0,0,0
HD154088,256.11885,-28.58265,2455735.6397604,0.474028,0.828671,14298.016512,0.94082,-3.077423,0.347328,14298.849283,0.29537,-3.059173,0.347269,3.07624,3.385795,7.959471,0.680357,0.477117,0.000432,0.230817,0.000468,0.308698,0.000608,0,6.395175,45.944703,0.003043,14.1,185.9,2455735.63975,-6.596707,-6.596504,0.312,-9999999,0.17329,0.0939,0.752369,0.659481,0.893251,0.48,900.0004,3.06789,3.367849,2011-06-23T03:05:51.879,-9999999,K5,183.C-0972(A),Udry,-9999999,HARPS_ech_obs_all,HARPS_ech_obs_thosimult,STAR_WAVE_K1,8.46145232196946E-06,3.91197575769742E-07,0,0,0
HD154088,256.11885,-28.58265,2455753.6852475,-0.369143,0.800766,14299.289056,1.020293,-3.131486,0.330967,14299.462644,0.280066,-3.108537,0.330944,3.030526,3.448263,5.776044,0.723969,0.472829,0.000402,0.226615,0.000438,0.306864,0.000566,0,6.389878,45.939438,0.002775,14.1,199.2,2455753.68524,-15.04242,-15.042268,-0.323,-9999999,0.174931,0.883009,0.729169,-0.001343,0.981102,0.48,900.0006,3.021371,3.425241,2011-07-11T04:12:18.416,-9999999,K5,183.C-0972(A),Udry,-9999999,HARPS_ech_obs_all,HARPS_ech_obs_thosimult,STAR_WAVE_K1,7.61987840505488E-06,4.48361855520466E-07,0,0,0
HD154088,256.11885,-28.58265,2455754.5151724,-1.030222,0.674147,14298.529071,0.730903,-3.741127,0.324568,14298.872755,0.273904,-3.72942,0.32455,1.400734,2.97444,6.164057,0.601702,0.47339,0.000395,0.226491,0.000434,0.306867,0.00056,0,6.392332,45.934351,0.002209,14.1,201.1,2455754.51517,-15.032771,-15.032604,0.363,-9999999,0.175007,0.934446,0.590872,0.168677,0.67764,0.47,900.0003,1.383124,2.947495,2011-07-12T00:07:36.525,-9999999,K5,183.C-0972(A),Udry,-9999999,HARPS_ech_obs_all,HARPS_ech_obs_thosimult,STAR_WAVE_K1,8.36646226146008E-06,3.61077739809992E-07,0,0,0
HD154088,256.11885,-28.58265,2455769.5246384,1.725473,0.894535,14299.773325,1.003009,-2.163288,0.250793,14300.532917,0.208284,-2.15533,0.25075,3.836997,3.07783,3.433966,0.444299,0.475201,0.000296,0.231045,0.000323,0.307724,0.00042,0,6.39204,45.954362,0.00237,14.1,268,2455769.52464,-20.913472,-20.913353,0,-9999999,0.176372,-0.24341,0.858659,0.58322,0.981144,0.52,450.0003,3.826412,3.062271,2011-07-27T00:25:42.147,-9999999,K5,183.C-0972(A),Udry,-9999999,HARPS_ech_obs_all,HARPS_ech_obs_thosimult,STAR_WAVE_K1,8.55188802825176E-06,2.83684573342831E-07,0,0,0
HD154088,256.11885,-28.58265,2455769.5300616,1.57448,0.893833,14300.088418,1.002494,-2.316031,0.248284,14300.837817,0.205805,-2.298,0.248224,2.158858,3.010532,4.719027,0.463234,0.475169,0.000293,0.231125,0.000319,0.307512,0.000415,0,6.393726,45.948055,0.003135,14.1,271.1,2455769.53005,-20.927167,-20.927024,0.202,-9999999,0.176372,-0.24516,0.858657,0.573027,0.981142,0.49,450.0002,2.155738,2.995422,2011-07-27T00:33:44.247,-9999999,K5,183.C-0972(A),Udry,-9999999,HARPS_ech_obs_all,HARPS_ech_obs_thosimult,STAR_WAVE_K1,8.43828068179326E-06,3.20041724871317E-07,0,0,0
HD154088,256.11885,-28.58265,2455777.5296951,-5.617197,0.836742,14292.355607,1.022756,-10.001698,0.341379,14292.850881,0.288776,-9.981273,0.341353,4.774544,3.149236,-0.286976,0.723791,0.476295,0.000431,0.230489,0.000465,0.305857,0.000603,0,6.391766,45.985166,0.005107,14.1,187,2455777.52969,-23.552352,-23.552237,0.317,-9999999,0.1771,-0.73915,0.763936,0.318174,0.981142,0.51,554.8001,4.77244,3.07457,2011-08-04T00:33:01.628,-9999999,K5,183.C-0972(A),Udry,-9999999,HARPS_ech_obs_all,HARPS_ech_obs_thosimult,STAR_WAVE_K1,8.89592131462176E-06,4.06723740263306E-07,0,0,0
HD154088,256.11885,-28.58265,2455782.5857371,-0.311973,0.620337,14299.090766,0.724952,-3.913551,0.291278,14299.079201,0.245558,-3.8972,0.291283,5.823856,2.607332,9.021205,0.677878,0.473493,0.000354,0.232599,0.000385,0.302126,0.000493,0,6.390376,45.919286,0.002913,14.1,227.6,2455782.58574,-25.102583,-25.102509,-0.288,-9999999,0.177559,0.043773,0.5477,-0.189124,0.682097,0.48,900.0002,5.82296,2.571033,2011-08-09T01:51:50.009,-9999999,K5,183.C-0972(A),Udry,-9999999,HARPS_ech_obs_all,HARPS_ech_obs_thosimult,STAR_WAVE_K1,8.37592475519295E-06,3.52918503860294E-07,0,0,0
HD154088,256.11885,-28.58265,2455801.540102,0.085466,0.897943,14298.868591,1.005668,-3.802316,0.26271,14298.962052,0.220766,-3.788198,0.262694,8.559065,2.989982,4.385242,0.533548,0.473884,0.000324,0.227152,0.000352,0.305464,0.000453,0,6.39964,45.936856,0.002971,14.1,249,2455801.54009,-28.74763,-28.747588,0.06,-9999999,0.179283,-0.242431,0.858653,-0.085822,0.981137,0.44,899.9996,8.547748,2.960261,2011-08-28T00:49:10.715,-9999999,K5,183.C-0972(A),Udry,-9999999,HARPS_ech_obs_all,HARPS_ech_obs_thosimult,STAR_WAVE_K1,8.95108486782864E-06,3.65997670549931E-07,0,0,0
HD154088,256.11885,-28.58265,2455805.5833527,2.511213,0.666369,14301.54621,0.756119,-1.751427,0.354909,14301.214526,0.305619,-1.742258,0.354886,3.637926,3.187509,-0.621628,0.694742,0.475585,0.000446,0.227183,0.000483,0.302401,0.000627,0,6.389478,45.970951,0.003609,14.1,181.2,2455805.58335,-29.255519,-29.255505,-0.009,-9999999,0.17965,-0.617289,0.563992,-0.511334,0.691601,0.52,419.9995,3.63099,3.176015,2011-09-01T01:54:58.768,-9999999,K5,183.C-0972(A),Udry,-9999999,HARPS_ech_obs_all,HARPS_ech_obs_thosimult,STAR_WAVE_K1,8.99093695388835E-06,3.4925431899703E-07,0,0,0
HD154088,256.11885,-28.58265,2455805.5884385,3.833704,0.661235,14302.445946,0.753001,-0.430577,0.345176,14302.104705,0.297828,-0.406049,0.345116,5.314885,3.15212,1.428597,0.764714,0.479311,0.000431,0.226515,0.000467,0.301146,0.000606,0,6.390466,45.96735,0.003017,14.1,187.1,2455805.58843,-29.264236,-29.264228,-0.109,-9999999,0.179651,-0.61893,0.56399,-0.520892,0.691599,0.49,419.9998,5.297918,3.150226,2011-09-01T02:02:30.822,-9999999,K5,183.C-0972(A),Udry,-9999999,HARPS_ech_obs_all,HARPS_ech_obs_thosimult,STAR_WAVE_K1,7.04701087789795E-06,3.95000011128128E-07,0,0,0
HD154088,256.11885,-28.58265,2455809.5353559,0.842805,0.672028,14300.20162,0.616711,-2.367217,0.181245,14300.777141,0.142519,-2.349863,0.181238,-1.568061,2.175553,0.182695,0.475536,0.47894,0.00021,0.226021,0.000223,0.307963,0.00029,0,6.389874,45.977452,0.003514,14.1,389,2455809.53535,-29.44419,-29.444182,-0.232,-9999999,0.18001,0.435329,0.647126,0.395511,0.600017,0.51,900.0002,-1.589496,2.146009,2011-09-05T00:42:24.455,-9999999,K5,183.C-0972(A),Udry,-9999999,HARPS_ech_obs_all,HARPS_ech_obs_thosimult,STAR_WAVE_K1,8.17753387043124E-06,2.78419246606992E-07,0,0,0
HD154088,256.11885,-28.58265,2455816.4990554,-1.979881,0.711921,14296.241313,0.785275,-6.832423,0.296431,14295.170651,0.249095,-6.819655,0.296421,6.987379,3.238555,-5.578338,0.54495,0.474531,0.000312,0.225696,0.000353,0.30657,0.000457,0,6.382755,46.016568,-0.000146,14.1,245.5,2455816.49905,-29.545638,-29.545675,0.125,-9999999,0.180643,-1.207191,0.647272,-1.251305,0.744721,0.49,443.9002,6.972988,3.185236,2011-09-11T23:55:08.524,-9999999,K5,183.C-0972(A),Udry,-9999999,HARPS_ech_obs_all,HARPS_ech_obs_thosimult,STAR_WAVE_K1,8.72325143118015E-06,4.81370622451923E-07,0,0,0
HD154088,256.11885,-28.58265,2455816.5046195,-3.045575,0.713599,14295.794296,0.786625,-7.899913,0.300446,14294.713178,0.253329,-7.887009,0.30042,8.505336,3.184453,-4.822285,0.633875,0.474932,0.000318,0.226197,0.00036,0.306297,0.000466,0,6.384446,46.013835,0.001811,14.1,240.9,2455816.50461,-29.556985,-29.556996,0.087,-9999999,0.180644,-1.208986,0.647268,-1.261762,0.744717,0.5,443.899,8.488129,3.121054,2011-09-12T00:03:04.870,-9999999,K5,183.C-0972(A),Udry,-9999999,HARPS_ech_obs_all,HARPS_ech_obs_thosimult,STAR_WAVE_K1,7.12951382109732E-06,4.62846730895127E-07,0,0,0
HD154088,256.11885,-28.58265,2455829.5121839,-1.081767,0.628741,14298.096123,0.513161,-4.520982,0.213295,14298.605042,0.174449,-4.500271,0.213308,9.730715,2.502039,-5.809732,0.397329,0.47297,0.000261,0.232194,0.000277,0.305667,0.000358,0,6.385594,46.002981,0.003877,14.1,316.3,2455829.51218,-28.829741,-28.829784,0.1,-9999999,0.181826,0.206136,0.591456,0.327093,0.482599,0.5,450.0058,9.722538,2.456745,2011-09-25T00:15:44.555,-9999999,K5,183.C-0972(A),Udry,-9999999,HARPS_ech_obs_all,HARPS_ech_obs_thosimult,STAR_WAVE_K1,8.20715809678631E-06,3.15405493426246E-07,0,0,0
HD154088,256.11885,-28.58265,2455829.5177736,-1.710141,0.62921,14297.092957,0.513433,-5.15116,0.214684,14297.591371,0.175263,-5.133515,0.214685,7.70708,2.828194,-4.902846,0.423776,0.473358,0.000261,0.231893,0.000277,0.306121,0.000358,0,6.38558,46.00154,0.004788,14.1,315.9,2455829.51777,-28.838365,-28.838422,-0.099,-9999999,0.181827,0.204332,0.591453,0.316587,0.482594,0.5,450.0056,7.69713,2.780047,2011-09-25T00:23:47.552,-9999999,K5,183.C-0972(A),Udry,-9999999,HARPS_ech_obs_all,HARPS_ech_obs_thosimult,STAR_WAVE_K1,7.94994979337944E-06,2.88185666021756E-07,0,0,0
HD154088,256.11885,-28.58265,2455835.5211771,-2.687172,0.588396,14296.000618,0.747381,-4.461944,0.221559,14298.510185,0.182655,-4.440515,0.221502,6.65436,2.716479,-0.093674,0.536671,0.474341,0.00025,0.230737,0.000274,0.307267,0.000356,0,6.393764,45.97246,0.004193,14.1,315.8,2455835.52117,-27.991323,-27.991422,-0.284,-9999999,0.182373,1.870579,0.545088,2.327194,0.724717,0.5,900.0055,6.639405,2.674102,2011-10-01T00:25:45.376,-9999999,K5,183.C-0972(A),Udry,-9999999,HARPS_ech_obs_all,HARPS_ech_obs_thosimult,STAR_WAVE_K1,7.91365738289371E-06,3.0118542877935E-07,0,0,0
HD154088,256.11885,-28.58265,2455839.4936875,-1.494922,0.569447,14296.938216,0.688152,-5.250588,0.205231,14297.605391,0.166259,-5.239799,0.205188,8.847378,2.793086,1.00936,0.440237,0.473323,0.000228,0.231157,0.000249,0.305715,0.000323,0,6.395278,45.969812,0.004609,14.1,348.2,2455839.49368,-27.214122,-27.21421,0.458,-9999999,0.182734,-0.110315,0.531178,0.484441,0.667766,0.5,900.0052,8.833735,2.750657,2011-10-04T23:46:41.589,-9999999,K5,183.C-0972(A),Udry,-9999999,HARPS_ech_obs_all,HARPS_ech_obs_thosimult,STAR_WAVE_K1,8.06931017361666E-06,2.97983430799102E-07,0,0,0
HD154088,256.11885,-28.58265,2455842.4964942,2.338497,0.505758,14300.498171,0.70683,-0.979066,0.274174,14301.462347,0.231179,-0.960574,0.274107,10.451562,3.143725,3.469697,0.462385,0.473327,0.000317,0.231699,0.000351,0.304164,0.000452,0,6.394831,45.959324,0.003377,14.1,247.8,2455842.49649,-26.58066,-26.580764,-0.235,-9999999,0.183007,0.327788,0.424994,0.781169,0.667956,0.51,900.0053,10.447933,3.136237,2011-10-07T23:50:58.142,-9999999,K5,183.C-0972(A),Udry,-9999999,HARPS_ech_obs_all,HARPS_ech_obs_thosimult,STAR_WAVE_K1,7.5082785599234E-06,3.73784553844879E-07,0,0,0
HD154088,256.11885,-28.58265,2455844.4894569,0.72849,0.504653,14299.187587,0.499549,-1.927006,0.242919,14300.299395,0.202846,-1.917875,0.242881,7.561071,2.940454,3.667326,0.627834,0.473853,0.000282,0.226798,0.000308,0.305545,0.000398,0,6.393886,45.954508,0.003718,14.1,281.9,2455844.48946,-26.109379,-26.109499,-0.35,-9999999,0.183188,0.989855,0.442341,0.92862,0.456511,0.55,899.9999,7.553625,2.924087,2011-10-09T23:40:29.103,-9999999,K5,183.C-0972(A),Udry,-9999999,HARPS_ech_obs_all,HARPS_ech_obs_thosimult,STAR_WAVE_K1,8.16603789899788E-06,3.25327186541504E-07,0,0,0
HD154088,256.11885,-28.58265,2455987.8370615,5.237887,0.951486,14302.619975,1.041458,1.451959,0.409946,14302.610146,0.349318,1.470181,0.40994,-11.644071,4.17766,15.447026,1.005442,0.476494,0.000481,0.22723,0.000525,0.308188,0.000674,0,6.400215,45.853367,0.006477,14.1,165.1,2455987.83706,29.904053,29.904018,0,-9999999,0.196223,-0.140577,0.858644,-0.206052,0.981128,0.5,221.8996,-11.635773,4.185777,2012-03-01T08:04:28.309,-9999999,K5,183.C-0972(A),Udry,-9999999,HARPS_ech_obs_all,HARPS_ech_obs_thosimult,STAR_WAVE_K1,9.36063573918005E-06,4.88861918908577E-07,0,0,0
HD154088,256.11885,-28.58265,2455987.8399993,3.565419,0.953167,14301.96865,1.042952,-0.221457,0.413831,14301.9533,0.353745,-0.206027,0.413881,-14.453193,3.693889,16.258465,0.954311,0.477824,0.000491,0.226942,0.000534,0.309306,0.000688,0,6.403864,45.860629,0.007439,14.1,162.5,2455987.84,29.89959,29.899546,0,-9999999,0.196223,-0.141525,0.858645,-0.211573,0.981129,0.5,221.8996,-14.44,3.69483,2012-03-01T08:08:42.102,-9999999,K5,183.C-0972(A),Udry,-9999999,HARPS_ech_obs_all,HARPS_ech_obs_thosimult,STAR_WAVE_K1,9.81292617684449E-06,5.10184184414166E-07,0,0,0
HD154088,256.11885,-28.58265,2455987.8429703,3.049522,0.953643,14300.325115,1.043016,-0.738313,0.414924,14300.304181,0.35393,-0.711235,0.414988,-8.29452,4.474873,15.185601,0.893067,0.478105,0.000494,0.227524,0.000537,0.310526,0.000692,0,6.400598,45.866354,0.004854,14.1,162,2455987.84296,29.89499,29.894971,0,-9999999,0.196223,-0.142483,0.858646,-0.217157,0.98113,0.51,221.8996,-8.2846,4.472938,2012-03-01T08:12:56.556,-9999999,K5,183.C-0972(A),Udry,-9999999,HARPS_ech_obs_all,HARPS_ech_obs_thosimult,STAR_WAVE_K1,9.00074169876198E-06,5.02914130134792E-07,0,0,0
HD154088,256.11885,-28.58265,2455987.8458838,3.793648,0.949543,14300.902946,1.040014,0.004873,0.405409,14300.876537,0.34498,0.024213,0.405396,-10.848415,3.97421,15.778203,0.918441,0.477223,0.000483,0.228063,0.000525,0.30782,0.000672,0,6.400725,45.857415,0.00583,14.1,165.7,2455987.84588,29.890394,29.890364,0,-9999999,0.196224,-0.143424,0.858647,-0.222633,0.981131,0.5,221.8939,-10.841272,3.975666,2012-03-01T08:17:10.481,-9999999,K5,183.C-0972(A),Udry,-9999999,HARPS_ech_obs_all,HARPS_ech_obs_thosimult,STAR_WAVE_K1,7.988967961567E-06,5.06330892166803E-07,0,0,0
HD154088,256.11885,-28.58265,2455988.8415152,4.226416,0.68451,14301.931342,0.782195,0.631159,0.190195,14301.692338,0.144349,0.649,0.190229,-14.601502,2.531249,16.320615,0.502851,0.478595,0.000205,0.226301,0.000218,0.308686,0.000282,0,6.403698,45.855154,0.006784,14.1,394.1,2455988.84151,29.947196,29.947181,0,-9999999,0.196314,0.050094,0.657556,-0.435318,0.76876,0.49,899.9997,-14.613403,2.538258,2012-03-02T08:05:14.463,-9999999,K5,183.C-0972(A),Udry,-9999999,HARPS_ech_obs_all,HARPS_ech_obs_thosimult,STAR_WAVE_K1,8.71462199668389E-06,3.20078102398968E-07,0,0,0
HD154088,256.11885,-28.58265,2455989.8733677,0.864144,0.653479,14299.309075,0.761775,-2.328816,0.206549,14299.159576,0.162114,-2.302786,0.206595,-11.425146,2.801076,14.099183,0.487185,0.478818,0.000229,0.22629,0.000246,0.311288,0.000319,0,6.402736,45.868146,0.006871,14.1,350.3,2455989.87336,29.932028,29.932005,-0.285,-9999999,0.196408,0.452391,0.619977,-0.345907,0.744325,0.5,900.0058,-11.423334,2.782228,2012-03-03T08:50:48.675,-9999999,K5,183.C-0972(A),Udry,-9999999,HARPS_ech_obs_all,HARPS_ech_obs_thosimult,STAR_WAVE_K1,9.65706297406647E-06,4.05097440531006E-07,0,0,0
HD154088,256.11885,-28.58265,2455996.8389603,-0.694502,0.675785,14296.835631,0.769628,-4.817001,0.332058,14296.157649,0.280514,-4.797696,0.33208,-2.432315,3.890925,6.053551,0.833997,0.481429,0.000398,0.226189,0.000429,0.312429,0.000557,0,6.396058,45.941142,0.001487,14.1,202,2455996.83896,30.035503,30.035496,0.524,-9999999,0.197041,-0.477148,0.588577,-0.875023,0.716686,0.49,450.0053,-2.427317,3.865919,2012-03-10T08:04:05.527,-9999999,K5,183.C-0972(A),Udry,-9999999,HARPS_ech_obs_all,HARPS_ech_obs_thosimult,STAR_WAVE_K1,8.03976720926088E-06,4.35240754756563E-07,0,0,0
HD154088,256.11885,-28.58265,2455996.8445866,-0.313472,0.684975,14297.36459,0.775946,-4.437786,0.350379,14296.676034,0.297402,-4.413898,0.350429,-2.225161,3.758785,5.980912,0.826922,0.48033,0.000421,0.226761,0.000456,0.312007,0.000591,0,6.393862,45.944341,0.00419,14.1,190.4,2455996.84459,30.025131,30.025133,0.588,-9999999,0.197042,-0.478963,0.58858,-0.885598,0.716689,0.5,449.9941,-2.212299,3.737878,2012-03-10T08:12:07.093,-9999999,K5,183.C-0972(A),Udry,-9999999,HARPS_ech_obs_all,HARPS_ech_obs_thosimult,STAR_WAVE_K1,8.41013910532074E-06,3.6094944749453E-07,0,0,0
HD154088,256.11885,-28.58265,2455998.8611499,-1.404889,0.823604,14298.120665,1.0116,-3.911243,0.295112,14297.490693,0.246382,-3.880464,0.295187,-2.823711,2.9477,5.501852,0.608319,0.480298,0.000353,0.227499,0.000381,0.31164,0.000492,0,6.391977,45.949493,0.001687,14.1,227.7,2455998.86114,29.928835,29.928854,-0.621,-9999999,0.197225,1.138997,0.768916,-0.827197,0.981138,0.49,450.0052,-2.823803,2.912453,2012-03-12T08:35:45.343,-9999999,K5,183.C-0972(A),Udry,-9999999,HARPS_ech_obs_all,HARPS_ech_obs_thosimult,STAR_WAVE_K1,8.08905636512602E-06,3.50853829858276E-07,0,0,0
HD154088,256.11885,-28.58265,2455998.8667334,-2.321272,0.82544,14297.038977,1.012748,-4.829427,0.300192,14296.398512,0.251042,-4.811005,0.300232,-9.502711,2.818057,5.895602,0.765929,0.481148,0.000362,0.227514,0.00039,0.311396,0.000503,0,6.392284,45.931899,0.001752,14.1,222.8,2455998.86673,29.917341,29.917329,-0.517,-9999999,0.197226,1.137196,0.768919,-0.837691,0.98114,0.49,449.9939,-9.49204,2.776279,2012-03-12T08:43:47.710,-9999999,K5,183.C-0972(A),Udry,-9999999,HARPS_ech_obs_all,HARPS_ech_obs_thosimult,STAR_WAVE_K1,8.06216116104627E-06,3.8666382349499E-07,0,0,0
HD154088,256.11885,-28.58265,2456001.7879938,0.930305,0.578946,14298.92921,0.536134,-3.446681,0.249598,14297.711256,0.202104,-3.433958,0.249608,-6.567781,3.307927,8.753532,0.557191,0.481386,0.000283,0.22582,0.000307,0.312799,0.000399,0,6.396427,45.915396,0.003348,14.1,282.2,2456001.78799,29.901678,29.901676,-0.025,-9999999,0.197491,-0.731634,0.522379,-1.415445,0.496582,0.49,899.994,-6.559728,3.286882,2012-03-15T06:46:19.104,-9999999,K5,183.C-0972(A),Udry,-9999999,HARPS_ech_obs_all,HARPS_ech_obs_thosimult,STAR_WAVE_K1,7.90594656347567E-06,3.49529245484867E-07,0,0,0
HD154088,256.11885,-28.58265,2456003.8604069,1.241463,0.761378,14299.844581,1.014626,-1.472452,0.307174,14299.239099,0.258524,-1.454864,0.307212,-1.34856,3.382557,6.883434,0.624332,0.478611,0.000373,0.230658,0.000401,0.305248,0.000521,0,6.395043,45.935331,0.001512,14.1,215.6,2456003.8604,29.616015,29.616039,0.143,-9999999,0.19768,0.931436,0.696663,-0.803162,0.981137,0.48,899.9998,-1.350363,3.375157,2012-03-17T08:30:26.940,-9999999,K5,183.C-0972(A),Udry,-9999999,HARPS_ech_obs_all,HARPS_ech_obs_thosimult,STAR_WAVE_K1,1.40878177718807E-05,4.13639714970381E-07,0,0,0
HD154088,256.11885,-28.58265,2456005.856751,1.628459,0.904217,14299.883768,1.009813,-2.090609,0.283419,14299.35884,0.238944,-2.073603,0.283448,-6.890969,2.879534,7.232263,0.634971,0.478968,0.000349,0.231028,0.000371,0.309334,0.000479,0,6.396046,45.929623,0.004529,14.1,232.9,2456005.85675,29.434146,29.434166,0.345,-9999999,0.197861,-0.073717,0.858651,-0.722789,0.981136,0.47,419.9998,-6.89285,2.866626,2012-03-19T08:28:48.767,-9999999,K5,183.C-0972(A),Udry,-9999999,HARPS_ech_obs_all,HARPS_ech_obs_thosimult,STAR_WAVE_K1,8.76511337592786E-06,3.70229959647264E-07,0,0,0
HD154088,256.11885,-28.58265,2456005.8620794,1.611774,0.917705,14299.253068,1.019028,-2.109014,0.323876,14298.718126,0.275295,-2.093133,0.323888,-3.889991,3.28377,7.44875,0.681201,0.47844,0.000399,0.225826,0.000426,0.308797,0.00055,0,6.396203,45.931832,0.003042,14.1,203,2456005.86207,29.422426,29.42246,0.358,-9999999,0.197862,-0.075436,0.858654,-0.732804,0.981138,0.49,419.9939,-3.897378,3.271853,2012-03-19T08:36:20.692,-9999999,K5,183.C-0972(A),Udry,-9999999,HARPS_ech_obs_all,HARPS_ech_obs_thosimult,STAR_WAVE_K1,8.95163366641972E-06,4.51721679151022E-07,0,0,0
HD154088,256.11885,-28.58265,2456008.8389362,2.031524,0.63912,14299.031984,0.807619,-1.872851,0.381215,14298.852341,0.324459,-1.847136,0.381256,-5.251929,3.700096,7.115524,0.91271,0.479182,0.000476,0.226673,0.00051,0.310861,0.000659,0,6.398281,45.925921,0.005182,14.1,170.6,2456008.83893,29.11927,29.119313,0.241,-9999999,0.198133,-0.259024,0.512981,-0.377776,0.739577,0.52,419.9996,-5.265466,3.690805,2012-03-22T08:02:23.522,-9999999,K5,183.C-0972(A),Udry,-9999999,HARPS_ech_obs_all,HARPS_ech_obs_thosimult,STAR_WAVE_K1,8.63401018382305E-06,4.45174972844261E-07,0,0,0
HD154088,256.11885,-28.58265,2456008.8440238,1.687073,0.62678,14299.262634,0.799935,-2.218943,0.36014,14299.073429,0.304825,-2.192862,0.360193,1.711658,3.801636,5.701656,0.733755,0.479386,0.000445,0.226333,0.000476,0.310893,0.000616,0,6.397146,45.937055,0.004107,14.1,182.2,2456008.84402,29.108217,29.108252,-0.089,-9999999,0.198133,-0.260665,0.512984,-0.387338,0.73958,0.49,419.9996,1.708675,3.787894,2012-03-22T08:09:55.647,-9999999,K5,183.C-0972(A),Udry,-9999999,HARPS_ech_obs_all,HARPS_ech_obs_thosimult,STAR_WAVE_K1,9.17841019544958E-06,4.47471211783001E-07,0,0,0
HD154088,256.11885,-28.58265,2456020.7771944,2.150526,0.625315,14300.676654,0.844888,-1.006886,0.236136,14300.184697,0.191704,-0.981302,0.236173,-6.439181,3.056327,10.032323,0.569178,0.477581,0.000268,0.230916,0.00029,0.309964,0.000375,0,6.399027,45.900801,0.004273,14.1,297.3,2456020.77719,27.06189,27.061975,-0.337,-9999999,0.199218,0.487939,0.579015,-0.691175,0.822852,0.49,899.9941,-6.434228,3.047916,2012-04-03T06:28:10.082,-9999999,K5,183.C-0972(A),Udry,-9999999,HARPS_ech_obs_all,HARPS_ech_obs_thosimult,STAR_WAVE_K1,8.65344176078216E-06,3.62253021368624E-07,0,0,0
HD154088,256.11885,-28.58265,2456022.7942284,3.405626,0.507965,14301.352055,0.625424,-0.595138,0.264616,14301.062001,0.221211,-0.568063,0.264655,-4.416318,3.118783,11.340609,0.633299,0.471986,0.000318,0.226426,0.000342,0.302906,0.000442,0,6.395087,45.901409,0.004543,14.1,252.4,2456022.79422,26.552713,26.552818,-0.195,-9999999,0.199402,-0.355413,0.433598,-0.489456,0.584997,0.5,899.9942,-4.410027,3.114999,2012-04-05T06:52:17.344,-9999999,K5,183.C-0972(A),Udry,-9999999,HARPS_ech_obs_all,HARPS_ech_obs_thosimult,STAR_WAVE_K1,8.89738979558246E-06,3.80721771315699E-07,0,0,0
HD154088,256.11885,-28.58265,2456025.7854974,2.26724,0.6311,14300.429989,0.956226,-1.031492,0.241617,14300.381982,0.199083,-1.017697,0.241624,-2.547154,2.646285,11.434821,0.486958,0.477738,0.000282,0.225285,0.000303,0.304688,0.000394,0,6.3966,45.899559,0.003665,14.1,284.7,2456025.78549,25.811313,25.811419,0.298,-9999999,0.199674,0.34662,0.583017,-0.247681,0.935272,0.5,899.9941,-2.546747,2.641972,2012-04-08T06:39:20.554,-9999999,K5,183.C-0972(A),Udry,-9999999,HARPS_ech_obs_all,HARPS_ech_obs_thosimult,STAR_WAVE_K1,8.78245333643758E-06,3.49446611865528E-07,0,0,0
HD154088,256.11885,-28.58265,2456028.849626,-1.687237,0.868714,14296.105173,0.998332,-5.840889,0.22473,14295.877814,0.184514,-5.822378,0.224798,9.212365,3.104632,1.826769,0.518632,0.474945,0.000277,0.226055,0.000288,0.306457,0.00038,0,6.39097,45.964815,0.004275,14.1,297.6,2456028.84961,24.831882,24.831993,-0.206,-9999999,0.199952,-0.508301,0.839143,-0.427311,0.981133,0.46,900.0057,9.206215,3.054704,2012-04-11T08:11:54.983,-9999999,K5,183.C-0972(A),Udry,-9999999,HARPS_ech_obs_all,HARPS_ech_obs_thosimult,STAR_WAVE_K1,8.18381069173215E-06,3.29893679149956E-07,0,0,0
HD154088,256.11885,-28.58265,2456031.759755,-0.213959,0.89387,14297.924592,1.020613,-3.647667,0.330542,14297.624869,0.281214,-3.630468,0.330566,-2.741034,3.775801,4.77648,0.681053,0.479772,0.000407,0.221988,0.000434,0.306289,0.00057,0,6.39381,45.943524,0.001983,14.1,198.7,2456031.75975,24.160085,24.160216,-0.175,-9999999,0.200217,0.211643,0.83051,-0.49994,0.981107,0.52,899.9937,-2.755298,3.752384,2012-04-14T06:01:15.673,-9999999,K5,183.C-0972(A),Udry,-9999999,HARPS_ech_obs_all,HARPS_ech_obs_thosimult,STAR_WAVE_K1,7.50331985028271E-06,4.50373053756379E-07,0,0,0
HD154088,256.11885,-28.58265,2456052.7032511,-2.504345,0.72353,14296.061482,0.796292,-5.723099,0.324657,14295.974856,0.274984,-5.70007,0.324705,0.764845,3.883521,5.544195,0.80291,0.477381,0.000394,0.220948,0.000421,0.305433,0.000555,0,6.395994,45.927559,0.004579,14.1,203.8,2456052.70325,16.472791,16.47297,-0.281,-9999999,0.202121,0.426598,0.646602,-0.288747,0.747305,0.5,450.0055,0.767298,3.849931,2012-05-05T04:41:54.008,-9999999,K5,183.C-0972(A),Udry,-9999999,HARPS_ech_obs_all,HARPS_ech_obs_thosimult,STAR_WAVE_K1,8.59172510141998E-06,3.64340006607453E-07,0,0,0
HD154088,256.11885,-28.58265,2456052.7088322,-2.778209,0.732212,14295.78018,0.80233,-5.998763,0.343569,14295.683065,0.292006,-5.959458,0.343579,-1.772922,3.748901,6.444485,0.886709,0.476799,0.000418,0.220052,0.000447,0.304191,0.000589,0,6.398215,45.913463,0.005378,14.1,191.8,2456052.70883,16.459723,16.459914,-0.025,-9999999,0.202122,0.424797,0.646602,-0.299237,0.747305,0.5,449.9997,-1.772154,3.712661,2012-05-05T04:49:56.187,-9999999,K5,183.C-0972(A),Udry,-9999999,HARPS_ech_obs_all,HARPS_ech_obs_thosimult,STAR_WAVE_K1,8.85420672399264E-06,5.04962464036952E-07,0,0,0
HD154088,256.11885,-28.58265,2456053.7115435,-1.452821,0.680913,14296.528287,0.682292,-4.828202,0.303454,14296.373486,0.256283,-4.809801,0.303441,-5.184431,3.285421,4.539174,0.551033,0.476032,0.000366,0.222163,0.000392,0.310789,0.000513,0,6.395417,45.930813,0.003038,14.1,219.2,2456053.71153,16.027377,16.027563,0.069,-9999999,0.202213,0.26997,0.609555,-0.357014,0.63233,0.48,449.9995,-5.191859,3.25123,2012-05-06T04:53:54.801,-9999999,K5,183.C-0972(A),Udry,-9999999,HARPS_ech_obs_all,HARPS_ech_obs_thosimult,STAR_WAVE_K1,9.24919180500321E-06,3.29693224882235E-07,0,0,0
HD154088,256.11885,-28.58265,2456053.7171271,-2.178371,0.684067,14296.620646,0.684882,-5.555554,0.310467,14296.45535,0.263099,-5.538712,0.310495,0.24089,3.392757,4.029789,0.710016,0.476652,0.000378,0.226523,0.000403,0.31103,0.000529,0,6.39528,45.93544,0.002266,14.1,212.6,2456053.71712,16.01386,16.014035,0.07,-9999999,0.202213,0.268168,0.609556,-0.367509,0.63233,0.48,449.9994,0.240067,3.353971,2012-05-06T05:01:57.198,-9999999,K5,183.C-0972(A),Udry,-9999999,HARPS_ech_obs_all,HARPS_ech_obs_thosimult,STAR_WAVE_K1,9.3257558964004E-06,4.21857421837708E-07,0,0,0
HD154088,256.11885,-28.58265,2456058.6376969,3.928435,0.829465,14301.304715,0.816857,0.540552,0.305267,14301.716452,0.256625,0.550194,0.305265,-6.404635,3.412244,12.153982,0.689383,0.476582,0.000353,0.22429,0.000385,0.304997,0.000503,0,6.400757,45.87937,0.00534,14.1,224.2,2456058.63769,14.001991,14.002167,0.33,-9999999,0.202661,0.257469,0.771248,0.209076,0.775499,0.51,449.9998,-6.424277,3.418935,2012-05-11T03:06:59.943,-9999999,K5,183.C-0972(A),Udry,-9999999,HARPS_ech_obs_all,HARPS_ech_obs_thosimult,STAR_WAVE_K1,8.14444203632545E-06,3.24066407651274E-07,0,0,0
HD154088,256.11885,-28.58265,2456058.6432736,4.450898,0.831372,14302.17558,0.818337,1.061216,0.310413,14302.576836,0.261303,1.081668,0.31043,-10.294394,3.175124,11.6385,0.641415,0.47565,0.000358,0.224127,0.000391,0.305876,0.000513,0,6.397669,45.893135,0.003831,14.1,220.4,2456058.64327,13.991305,13.991482,0.525,-9999999,0.202661,0.255669,0.771247,0.198595,0.775498,0.51,449.9939,-10.313637,3.187762,2012-05-11T03:15:01.749,-9999999,K5,183.C-0972(A),Udry,-9999999,HARPS_ech_obs_all,HARPS_ech_obs_thosimult,STAR_WAVE_K1,8.32430570743267E-06,3.74604521464069E-07,0,0,0
HD154088,256.11885,-28.58265,2456059.8120645,4.502446,0.533245,14302.876336,0.661326,0.456461,0.300639,14302.260586,0.25656,0.482181,0.300687,-6.320046,2.861473,9.004331,0.829511,0.476174,0.000375,0.226007,0.000398,0.310583,0.000517,0,6.396508,45.901965,0.005203,14.1,218,2456059.81206,13.120417,13.120575,0.158,-9999999,0.202768,-0.400634,0.440417,-0.818518,0.609531,0.51,449.994,-6.339526,2.868492,2012-05-12T07:18:00.743,-9999999,K5,183.C-0972(A),Udry,-9999999,HARPS_ech_obs_all,HARPS_ech_obs_thosimult,STAR_WAVE_K1,8.06974313156899E-06,3.41046953341703E-07,0,0,0
HD154088,256.11885,-28.58265,2456059.8175395,3.984297,0.524501,14302.681089,0.656374,-0.063454,0.284836,14302.055049,0.243506,-0.034892,0.284862,-3.48055,3.192662,8.918375,0.65241,0.476974,0.000358,0.225443,0.000378,0.310465,0.000491,0,6.395899,45.904986,0.00533,14.1,229.4,2456059.81754,13.106076,13.106243,0.118,-9999999,0.202768,-0.4024,0.44042,-0.828808,0.609534,0.49,449.9998,-3.50245,3.194496,2012-05-12T07:26:02.760,-9999999,K5,183.C-0972(A),Udry,-9999999,HARPS_ech_obs_all,HARPS_ech_obs_thosimult,STAR_WAVE_K1,8.76663606962839E-06,3.40877387585682E-07,0,0,0
HD154088,256.11885,-28.58265,2456078.7177039,0.078516,0.887902,14298.664496,0.9989,-3.401729,0.226144,14299.07341,0.18772,-3.391493,0.226151,5.296503,2.659308,0.255413,0.536404,0.476403,0.00028,0.225671,0.000297,0.309275,0.000386,0,6.389714,45.970972,0.004291,14.1,292,2456078.7177,4.230917,4.231113,0.064,-9999999,0.204487,0.165106,0.85862,0.204427,0.981102,0.51,899.9947,5.296984,2.629347,2012-05-31T04:57:30.647,-9999999,K5,183.C-0972(A),Udry,-9999999,HARPS_ech_obs_all,HARPS_ech_obs_thosimult,STAR_WAVE_K1,8.72390467562013E-06,3.08574035577683E-07,0,0,0
HD154088,256.11885,-28.58265,2456080.6007855,4.006379,0.564917,14301.789814,0.66591,0.448688,0.202239,14302.244167,0.16434,0.459497,0.202252,-6.673226,2.420505,8.758995,0.334785,0.47587,0.000229,0.22404,0.000248,0.307273,0.000322,0,6.396515,45.912759,0.005,14.1,347.6,2456080.60078,3.535556,3.535785,0.302,-9999999,0.204658,0.08766,0.527476,0.249695,0.645312,0.5,900.0003,-6.666066,2.430933,2012-06-02T02:09:15.852,-9999999,K5,183.C-0972(A),Udry,-9999999,HARPS_ech_obs_all,HARPS_ech_obs_thosimult,STAR_WAVE_K1,8.33328480093758E-06,2.9837586578602E-07,0,0,0
HD154088,256.11885,-28.58265,2456085.6933127,-1.575314,0.702116,14297.120914,0.970779,-4.802268,0.212192,14297.260636,0.175422,-4.783884,0.212187,9.791812,2.878757,8.79639,0.544511,0.474679,0.00025,0.225352,0.000269,0.300867,0.000349,0,6.399113,45.911778,0.004572,14.1,321.2,2456085.69331,0.818094,0.818278,0.357,-9999999,0.205121,0.418397,0.669284,-0.065399,0.954798,0.49,900.0001,9.778258,2.838219,2012-06-07T04:22:36.198,-9999999,K5,183.C-0972(A),Udry,-9999999,HARPS_ech_obs_all,HARPS_ech_obs_thosimult,STAR_WAVE_K1,7.88340716467488E-06,3.18224268453452E-07,0,0,0
HD154088,256.11885,-28.58265,2456089.7330892,-0.551225,0.624512,14298.93106,0.70957,-5.0444,0.233291,14297.596821,0.195716,-5.021064,0.233284,1.528218,2.820019,6.066686,0.517702,0.475817,0.00029,0.223497,0.000305,0.305605,0.000395,0,6.396381,45.91917,0.003738,14.1,284.5,2456089.73309,-1.287856,-1.287651,-0.05,-9999999,0.205488,-0.847823,0.579301,-1.539727,0.682045,0.49,900.0059,1.520716,2.779973,2012-06-11T05:19:53.121,-9999999,K5,183.C-0972(A),Udry,-9999999,HARPS_ech_obs_all,HARPS_ech_obs_thosimult,STAR_WAVE_K1,8.22239153914876E-06,2.96815116690227E-07,0,0,0
HD154088,256.11885,-28.58265,2456092.728713,-1.974812,0.829665,14296.010299,1.033837,-5.646892,0.472152,14296.35745,0.403011,-5.626394,0.472146,-9.858834,4.899648,9.127856,0.936593,0.478295,0.000568,0.223455,0.000617,0.304729,0.000797,0,6.394973,45.900042,0.003488,14.1,141.7,2456092.7287,-2.775382,-2.775156,-0.176,-9999999,0.205761,-0.026729,0.682214,0.14139,0.952051,0.47,430.0002,-9.858474,4.874874,2012-06-14T05:17:35.586,-9999999,K5,183.C-0972(A),Udry,-9999999,HARPS_ech_obs_all,HARPS_ech_obs_thosimult,STAR_WAVE_K1,7.51386917090863E-06,5.41917644181E-07,0,0,0
HD154088,256.11885,-28.58265,2456092.733858,-2.802263,0.907208,14295.785472,1.07786,-6.476003,0.598004,14296.122953,0.505351,-6.454361,0.59797,-0.15557,5.750317,7.891177,1.349255,0.474337,0.00072,0.224629,0.000786,0.30706,0.001017,0,6.395837,45.893171,0.005254,14.1,112.3,2456092.73386,-2.788974,-2.788758,-0.115,-9999999,0.205761,-0.028389,0.682215,0.13172,0.952051,0.43,430.0002,-0.157738,5.726119,2012-06-14T05:25:17.322,-9999999,K5,183.C-0972(A),Udry,-9999999,HARPS_ech_obs_all,HARPS_ech_obs_thosimult,STAR_WAVE_K1,7.52195424326428E-06,6.4134015120207E-07,0,0,0
HD154088,256.11885,-28.58265,2456116.5028165,3.537458,0.830368,14301.617136,1.002318,-1.406367,0.247369,14301.448505,0.20488,-1.386755,0.247351,-2.588613,2.558165,8.491806,0.601076,0.474781,0.000282,0.226355,0.00031,0.307367,0.000402,0,6.397909,45.912975,0.004557,14.1,279,2456116.50281,-13.586788,-13.586599,-0.075,-9999999,0.207922,-1.298474,0.792666,-0.376553,0.981155,0.49,900.0002,-2.585502,2.54813,2012-07-07T23:49:16.623,-9999999,K5,183.C-0972(A),Udry,-9999999,HARPS_ech_obs_all,HARPS_ech_obs_thosimult,STAR_WAVE_K1,8.11615813532701E-06,3.13538111350832E-07,0,0,0
HD154088,256.11885,-28.58265,2456119.4968779,0.573932,0.893404,14299.742134,1.002202,-3.09249,0.24668,14299.584938,0.204297,-3.089842,0.246641,-4.372909,3.384353,13.045555,0.531975,0.473928,0.000284,0.226208,0.000311,0.307008,0.000402,0,6.402369,45.88672,0.004407,14.1,278.6,2456119.49688,-14.875032,-14.874847,-0.426,-9999999,0.208195,-0.021071,0.858673,-0.365391,0.981159,0.52,900.0001,-4.384168,3.360025,2012-07-10T23:40:29.017,-9999999,K5,183.C-0972(A),Udry,-9999999,HARPS_ech_obs_all,HARPS_ech_obs_thosimult,STAR_WAVE_K1,8.41882585411498E-06,3.15365849004319E-07,0,0,0
HD154088,256.11885,-28.58265,2456121.5259696,-0.211643,0.491108,14299.295309,1.003792,-3.383861,0.254731,14299.083619,0.212028,-3.357788,0.254707,0.173065,3.238621,7.766489,0.523207,0.472207,0.000294,0.225205,0.000323,0.306403,0.000418,0,6.39647,45.920068,0.00331,14.1,268.5,2456121.52596,-15.790517,-15.79032,-0.007,-9999999,0.208379,0.473134,0.419879,-0.420069,0.981144,0.52,899.9944,0.16738,3.213883,2012-07-13T00:22:31.628,-9999999,K5,183.C-0972(A),Udry,-9999999,HARPS_ech_obs_all,HARPS_ech_obs_thosimult,STAR_WAVE_K1,9.19019543786797E-06,3.59669137174351E-07,0,0,0
HD154088,256.11885,-28.58265,2456150.5665622,3.750684,0.840988,14302.613519,0.96034,-1.113013,0.349489,14301.580553,0.301794,-1.112161,0.349491,-2.308974,3.984251,4.149911,0.809201,0.479111,0.000449,0.231002,0.000479,0.306815,0.000622,0,6.399996,45.938132,0.003049,14.1,182.3,2456150.56656,-25.766238,-25.766144,-0.195,-9999999,0.21102,-1.218346,0.76493,-1.243986,0.911687,0.49,400.0005,-2.305676,3.978187,2012-08-11T01:28:28.566,-9999999,K5,183.C-0972(A),Udry,-9999999,HARPS_ech_obs_all,HARPS_ech_obs_thosimult,STAR_WAVE_K1,8.97717035875806E-06,3.54535103331977E-07,0,0,0
HD154088,256.11885,-28.58265,2456150.5716034,2.82166,0.852776,14301.457206,0.968306,-2.043664,0.376976,14300.414765,0.326262,-2.059218,0.376908,-3.232268,4.456484,6.589073,0.950984,0.478717,0.000479,0.230574,0.000514,0.307778,0.000669,0,6.400941,45.926973,0.002734,14.1,169.8,2456150.5716,-25.778319,-25.778232,-0.056,-9999999,0.21102,-1.219973,0.764928,-1.253461,0.911685,0.5,400.0003,-3.238599,4.446119,2012-08-11T01:35:40.162,-9999999,K5,183.C-0972(A),Udry,-9999999,HARPS_ech_obs_all,HARPS_ech_obs_thosimult,STAR_WAVE_K1,8.74116320170737E-06,3.99916246892428E-07,0,0,0
HD154088,256.11885,-28.58265,2456166.6143053,0.213975,0.788723,14298.054596,0.856644,-4.130871,0.244073,14298.705666,0.201865,-4.124058,0.244052,2.969916,2.897345,10.674408,0.678147,0.472434,0.000278,0.23115,0.000302,0.307549,0.000393,0,6.400868,45.889345,0.005468,14.1,287.1,2456166.6143,-28.848843,-28.848792,0.163,-9999999,0.212479,-0.699495,0.750008,0.438591,0.83252,0.5,900.0001,2.956214,2.863602,2012-08-27T02:35:05.837,-9999999,K5,183.C-0972(A),Udry,-9999999,HARPS_ech_obs_all,HARPS_ech_obs_thosimult,STAR_WAVE_K1,9.25595362256165E-06,3.21409117562048E-07,0,0,0
HD154088,256.11885,-28.58265,2456172.4920146,4.247269,0.645158,14284.662882,0.730155,0.821959,0.207236,14284.932167,0.169267,0.842974,0.207173,-5.943541,3.888785,2.084937,0.485243,0.474157,0.000252,0.225193,0.000267,0.306997,0.000347,0,7.004484,58.954068,-0.043815,14.1,325.2,2456172.492,-29.194394,-29.194363,0.418,-9999999,0.213014,0.220041,0.610968,0.056271,0.710264,0.5,900,-5.964754,3.897844,2012-09-01T23:39:48.835,-9999999,G2,183.C-0972(A),Udry,-9999999,HARPS_ech_obs_all,HARPS_ech_obs_thosimult,STAR_WAVE_K1,8.27830389360674E-06,2.47589993235932E-07,0,0,0
HD154088,256.11885,-28.58265,2456175.5753339,2.016667,0.574195,14300.384537,0.714779,-1.23683,0.246485,14301.34412,0.207329,-1.22842,0.24641,0.266741,4.635624,5.505537,0.610606,0.474192,0.00032,0.226643,0.000336,0.307634,0.000436,0,6.397004,45.932381,0.003904,14.1,259.9,2456175.57533,-29.553945,-29.553918,0.222,-9999999,0.213294,0.391854,0.518599,0.746289,0.684049,0.47,900,0.245932,4.631127,2012-09-05T01:40:40.594,-9999999,K5,183.C-0972(A),Udry,-9999999,HARPS_ech_obs_all,HARPS_ech_obs_thosimult,STAR_WAVE_K1,8.50554878216332E-06,3.54282177982755E-07,0,0,0
HD154088,256.11885,-28.58265,2456181.5048954,-1.801173,0.744831,14297.125806,0.890668,-4.936217,0.253873,14297.631189,0.21288,-4.919774,0.253814,-3.782146,4.552242,1.707138,0.545681,0.474449,0.000324,0.230314,0.000343,0.308049,0.000447,0,6.397111,45.947551,0.00387,14.1,253.6,2456181.50488,-29.582446,-29.582437,-0.436,-9999999,0.213833,0.510308,0.70023,0.29155,0.864854,0.48,900.0001,-3.785488,4.522296,2012-09-10T23:59:55.939,-9999999,K5,183.C-0972(A),Udry,-9999999,HARPS_ech_obs_all,HARPS_ech_obs_thosimult,STAR_WAVE_K1,8.22052443511675E-06,3.52956677267909E-07,0,0,0
HD154088,256.11885,-28.58265,2456186.553371,-0.848317,0.892165,14296.272333,0.926112,-3.622174,0.242245,14299.278432,0.200806,-3.612655,0.242197,-3.90927,5.517393,5.415916,0.592836,0.473172,0.000278,0.230384,0.000301,0.307055,0.000392,0,6.39941,45.923011,0.003958,14.1,287.8,2456186.55336,-29.560482,-29.560493,0.016,-9999999,0.214292,0.871494,0.858647,2.791807,0.90408,0.54,899.9994,-3.923205,5.499936,2012-09-16T01:09:32.981,-9999999,K5,183.C-0972(A),Udry,-9999999,HARPS_ech_obs_all,HARPS_ech_obs_thosimult,STAR_WAVE_K1,8.53966514939779E-06,3.28611231027984E-07,0,0,0
HD154088,256.11885,-28.58265,2456354.8556085,0.306491,0.752485,14298.263946,1.003605,-4.297536,0.25627,14297.472401,0.211179,-4.278424,0.256338,-14.307205,5.303339,13.633682,0.847654,0.478354,0.000299,0.226724,0.000322,0.309222,0.000415,0,6.403391,45.880469,0.004954,14.1,268,2456354.8556,29.946523,29.946511,-0.065,-9999999,0.229596,-0.958676,0.707502,-1.021141,0.981135,0.5,900.0007,-14.297272,5.284537,2013-03-03T08:25:16.433,-9999999,K5,183.C-0972(A),Udry,-9999999,HARPS_ech_obs_all,HARPS_ech_obs_thosimult,STAR_WAVE_K1,8.24733971514462E-06,3.47057218723894E-07,0,0,0
HD154088,256.11885,-28.58265,2456357.8813838,3.441885,0.593239,14301.072081,0.704693,-0.896288,0.237824,14300.306381,0.193427,-0.877308,0.237854,-17.083186,4.747091,17.712995,0.838935,0.477475,0.000272,0.226288,0.000293,0.308594,0.000378,0,6.406677,45.844962,0.003733,14.1,294.1,2456357.88138,29.987272,29.987248,0.785,-9999999,0.229871,-0.692821,0.543482,-0.995571,0.677627,0.49,900.0012,-17.078276,4.747978,2013-03-06T09:02:06.439,-9999999,K5,183.C-0972(A),Udry,-9999999,HARPS_ech_obs_all,HARPS_ech_obs_thosimult,STAR_WAVE_K1,8.76096817688003E-06,3.15701653379211E-07,0,0,0
HD154088,256.11885,-28.58265,2456362.8280739,3.66539,0.596719,14301.240948,0.63221,-0.072589,0.397362,14301.316661,0.336555,-0.032973,0.397403,-20.0389,4.922953,16.614929,1.16457,0.477268,0.000471,0.226226,0.000512,0.309152,0.00066,0,6.405539,45.846926,0.007714,14.1,169.6,2456362.82806,30.050385,30.0504,-0.125,-9999999,0.230321,-0.092628,0.445171,-0.154608,0.535182,0.51,300.0009,-20.027771,4.923804,2013-03-11T07:49:25.917,-9999999,K5,183.C-0972(A),Udry,-9999999,HARPS_ech_obs_all,HARPS_ech_obs_thosimult,STAR_WAVE_K1,9.58546562308045E-06,3.98526498078133E-07,0,0,0
HD154088,256.11885,-28.58265,2456362.8318393,2.867054,0.612046,14300.729601,0.642937,-0.87214,0.420024,14300.798237,0.356293,-0.839271,0.420055,-15.331677,5.610439,14.866434,1.070706,0.477424,0.000504,0.227145,0.000548,0.310266,0.000706,0,6.405195,45.858594,0.003865,14.1,159.1,2456362.83184,30.043733,30.043731,-0.32,-9999999,0.230321,-0.093843,0.445174,-0.161685,0.535185,0.49,300.0011,-15.334908,5.606159,2013-03-11T07:54:57.217,-9999999,K5,183.C-0972(A),Udry,-9999999,HARPS_ech_obs_all,HARPS_ech_obs_thosimult,STAR_WAVE_K1,9.22795414350565E-06,4.72888901771961E-07,0,0,0
HD154088,256.11885,-28.58265,2456364.9034532,3.251743,0.790493,14301.35437,0.804643,-2.13074,0.338422,14299.81327,0.287395,-2.109747,0.338439,-17.047116,4.990247,14.758538,0.948822,0.477636,0.000404,0.227235,0.000437,0.310267,0.000564,0,6.402684,45.861187,0.004813,14.1,198.5,2456364.90344,29.812902,29.812911,-0.018,-9999999,0.23051,-1.737131,0.714387,-1.77161,0.751568,0.49,300.001,-17.045016,4.981851,2013-03-13T09:37:46.873,-9999999,K5,183.C-0972(A),Udry,-9999999,HARPS_ech_obs_all,HARPS_ech_obs_thosimult,STAR_WAVE_K1,8.90519653093045E-06,4.36108046891544E-07,0,0,0
HD154088,256.11885,-28.58265,2456364.9072879,4.458586,0.782808,14302.188486,0.798703,-0.925134,0.320056,14300.640179,0.270309,-0.910473,0.320074,-10.942517,5.136235,15.516702,0.908961,0.477597,0.000378,0.226509,0.000408,0.309804,0.000527,0,6.402596,45.859591,0.005774,14.1,211.8,2456364.90729,29.804242,29.80423,-0.018,-9999999,0.23051,-1.738369,0.71439,-1.778817,0.751571,0.49,300.001,-10.953261,5.132568,2013-03-13T09:43:18.163,-9999999,K5,183.C-0972(A),Udry,-9999999,HARPS_ech_obs_all,HARPS_ech_obs_thosimult,STAR_WAVE_K1,8.38702881931626E-06,3.92431977256141E-07,0,0,0
HD154088,256.11885,-28.58265,2456366.8632549,-1.041246,0.510757,14296.843275,0.614021,-5.824253,0.227907,14295.537876,0.184001,-5.805698,0.22797,-17.572223,5.821879,14.167717,0.721825,0.477234,0.000258,0.226433,0.000279,0.303975,0.000361,0,6.403684,45.867807,0.006746,14.1,310,2456366.86324,29.779022,29.779057,0.205,-9999999,0.230688,-1.137656,0.45709,-1.536087,0.585803,0.51,900.001,-17.563082,5.801761,2013-03-15T08:34:24.974,-9999999,K5,183.C-0972(A),Udry,-9999999,HARPS_ech_obs_all,HARPS_ech_obs_thosimult,STAR_WAVE_K1,8.76084820941982E-06,3.5491217376287E-07,0,0,0
HD154088,256.11885,-28.58265,2456369.8134991,0.231409,0.590325,14297.525243,0.690782,-5.937678,0.234823,14294.812607,0.19111,-5.915457,0.234845,-14.526894,4.490404,14.116279,0.845521,0.477432,0.000265,0.23064,0.000286,0.303543,0.000372,0,6.40487,45.882757,0.004649,14.1,300.5,2456369.81349,29.629449,29.629492,0.188,-9999999,0.230956,-2.523736,0.541611,-2.943592,0.66382,0.49,900.0009,-14.535166,4.460343,2013-03-18T07:22:38.972,-9999999,K5,183.C-0972(A),Udry,-9999999,HARPS_ech_obs_all,HARPS_ech_obs_thosimult,STAR_WAVE_K1,9.63941447197E-06,3.88273455110339E-07,0,0,0
HD154088,256.11885,-28.58265,2456370.8257521,-0.109508,0.543287,14297.211785,0.669277,-4.904942,0.219194,14296.340432,0.175735,-4.888789,0.219227,-28.606607,4.177111,13.961008,0.708909,0.478507,0.000243,0.230216,0.000262,0.304079,0.000341,0,6.405141,45.878065,0.003717,14.1,327.2,2456370.82575,29.50565,29.505659,0.258,-9999999,0.231048,-1.150082,0.497106,-1.102401,0.645793,0.48,900.001,-28.597025,4.150797,2013-03-19T07:40:18.065,-9999999,K5,183.C-0972(A),Udry,-9999999,HARPS_ech_obs_all,HARPS_ech_obs_thosimult,STAR_WAVE_K1,9.04497509747196E-06,3.1483387769093E-07,0,0,0
HD154088,256.11885,-28.58265,2456372.8484757,-0.601181,0.557974,14296.620605,0.572371,-6.639799,0.220621,14294.436712,0.17745,-6.619467,0.220662,-14.19736,4.957462,13.990255,0.695628,0.474133,0.000249,0.225373,0.000267,0.309608,0.000346,0,6.405576,45.875785,0.003396,14.1,322,2456372.84847,29.230638,29.230664,-0.071,-9999999,0.231232,-2.393267,0.512505,-2.415125,0.54417,0.48,900.0008,-14.206483,4.923939,2013-03-21T08:12:44.357,-9999999,K5,183.C-0972(A),Udry,-9999999,HARPS_ech_obs_all,HARPS_ech_obs_thosimult,STAR_WAVE_K1,8.91509149532016E-06,3.24916607971448E-07,0,0,0
HD154088,256.11885,-28.58265,2456389.8485139,-1.639157,0.836265,14297.149767,0.801221,-5.709997,0.248034,14296.325739,0.206067,-5.683371,0.248059,-3.533483,4.347248,10.234236,1.001822,0.478362,0.000296,0.224867,0.000315,0.309626,0.000408,0,6.399478,45.910408,0.002742,14.1,273.5,2456389.8485,26.003776,26.003866,0.419,-9999999,0.232778,-0.425489,0.798635,-1.056806,0.774269,0.49,900.0012,-3.528169,4.317224,2013-04-07T08:10:22.891,-9999999,K5,091.C-0936(A),Udry,-9999999,HARPS_ech_obs_all,HARPS_ech_obs_wavesimult,STAR_WAVE_K1,7.8257633389098E-06,3.85165275772625E-07,0,0,0
HD154088,256.11885,-28.58265,2456390.9204179,1.360878,0.724247,14299.309254,0.742583,-3.740108,0.382522,14297.977092,0.326055,-3.717453,0.38258,-19.678445,5.833936,3.927856,1.275357,0.478699,0.000498,0.231371,0.000525,0.305244,0.000683,0,6.395284,45.938529,0.002653,14.1,165.7,2456390.92041,25.564322,25.564391,0.652,-9999999,0.232875,-1.455634,0.614988,-1.565037,0.667171,0.51,450.0007,-19.687699,5.821115,2013-04-08T09:57:18.917,-9999999,K5,091.C-0936(A),Udry,-9999999,HARPS_ech_obs_all,HARPS_ech_obs_wavesimult,STAR_WAVE_K1,9.89880874911845E-06,4.64008707361246E-07,0,0,0
HD154088,256.11885,-28.58265,2456390.9260018,1.087226,0.722923,14298.845437,0.742628,-4.015561,0.380002,14297.502781,0.326147,-4.002497,0.380074,-12.699407,5.897002,4.285025,1.248772,0.478591,0.000505,0.230502,0.000529,0.310896,0.000688,0,6.396425,45.938659,0.004331,14.1,164.4,2456390.92599,25.551159,25.551247,0.716,-9999999,0.232876,-1.457436,0.614992,-1.575532,0.667176,0.51,450.0002,-12.697166,5.884705,2013-04-08T10:05:21.326,-9999999,K5,091.C-0936(A),Udry,-9999999,HARPS_ech_obs_all,HARPS_ech_obs_wavesimult,STAR_WAVE_K1,8.19304755660909E-06,3.83327037018235E-07,0,0,0
HD154088,256.11885,-28.58265,2456394.7969685,2.381513,0.755718,14299.699837,1.004163,-2.651386,0.257578,14299.066593,0.213909,-2.635717,0.25761,-11.172547,4.05787,14.526331,0.980859,0.475657,0.000301,0.23069,0.000325,0.309491,0.000421,0,6.40347,45.872347,0.003923,14.1,265.2,2456394.79697,24.744581,24.744668,0.88,-9999999,0.233228,-1.387548,0.710467,-0.866472,0.981115,0.5,900.0006,-11.183616,4.047727,2013-04-12T06:55:24.275,-9999999,K5,091.C-0936(A),Udry,-9999999,HARPS_ech_obs_all,HARPS_ech_obs_wavesimult,STAR_WAVE_K1,-9999999,-9999999,-9999999,-9999999,-9999999
HD154088,256.11885,-28.58265,2456398.7125408,4.625545,0.647573,14301.989192,0.760147,0.743621,0.389418,14302.231328,0.330405,0.771338,0.389415,-12.110641,6.478106,12.57456,1.13196,0.476203,0.000464,0.224798,0.000501,0.310694,0.000651,0,6.401664,45.88003,0.004598,14.1,172.8,2456398.71253,23.691342,23.691451,-0.509,-9999999,0.233584,-0.236573,0.517402,0.008552,0.684585,0.5,449.9941,-12.126196,6.478722,2013-04-16T04:57:07.606,-9999999,K5,091.C-0936(A),Udry,-9999999,HARPS_ech_obs_all,HARPS_ech_obs_wavesimult,STAR_WAVE_K1,8.22290121424992E-06,4.49737774450475E-07,0,0,0
HD154088,256.11885,-28.58265,2456398.7180601,2.339359,0.650267,14300.416474,0.762021,-1.544346,0.393882,14300.648236,0.334693,-1.519759,0.39385,-7.337484,5.562758,12.16859,1.3523,0.475472,0.00047,0.225313,0.00051,0.30896,0.000659,0,6.398351,45.897533,0.004769,14.1,170.1,2456398.71806,23.681031,23.681142,-0.634,-9999999,0.233584,-0.238354,0.517402,-0.001822,0.684585,0.49,450.0001,-7.348935,5.553743,2013-04-16T05:05:08.935,-9999999,K5,091.C-0936(A),Udry,-9999999,HARPS_ech_obs_all,HARPS_ech_obs_wavesimult,STAR_WAVE_K1,7.96119719094952E-06,4.56159674190473E-07,0,0,0
HD154088,256.11885,-28.58265,2456416.767841,0.435513,0.654389,14299.571786,0.691452,-3.126708,0.295935,14298.49326,0.251234,-3.099649,0.295961,-9.283371,4.65805,14.244446,0.92838,0.471114,0.000352,0.222707,0.000378,0.3107,0.000495,0,6.402621,45.885077,0.005364,14.1,226.9,2456416.76784,16.859058,16.859208,0.191,-9999999,0.235226,0.08313,0.58365,-1.313752,0.644195,0.51,450.0002,-9.282744,4.644448,2013-05-04T06:14:55.646,-9999999,K5,091.C-0936(A),Udry,-9999999,HARPS_ech_obs_all,HARPS_ech_obs_wavesimult,STAR_WAVE_K1,8.08625203523285E-06,3.73727170575911E-07,0,0,0
HD154088,256.11885,-28.58265,2456416.7733195,-0.595005,0.65206,14298.598515,0.689728,-4.158994,0.290746,14297.509692,0.246446,-4.132815,0.290776,-13.559239,5.061348,14.841848,0.920322,0.471449,0.000346,0.223706,0.000372,0.310848,0.000485,0,6.403937,45.878809,0.003812,14.1,231.5,2456416.77331,16.844628,16.84477,0.216,-9999999,0.235226,0.081362,0.583652,-1.324049,0.644197,0.49,450.0007,-13.558497,5.043263,2013-05-04T06:22:57.956,-9999999,K5,091.C-0936(A),Udry,-9999999,HARPS_ech_obs_all,HARPS_ech_obs_wavesimult,STAR_WAVE_K1,7.82018084214894E-06,4.18581597539242E-07,0,0,0
HD154088,256.11885,-28.58265,2456454.6029663,1.5385,0.566667,14300.897085,0.670095,-3.255684,0.253878,14299.429455,0.212212,-3.230955,0.253819,-13.451371,4.480918,10.740942,0.827827,0.474941,0.000294,0.227524,0.000319,0.305067,0.000414,0,6.400724,45.905981,0.004011,14.1,270.5,2456454.60296,-0.837752,-0.837585,1.093,-9999999,0.238666,-1.148833,0.506614,-1.706296,0.635605,0.54,900.0012,-13.461996,4.470668,2013-06-11T02:11:45.317,-9999999,K5,091.C-0936(A),Udry,-9999999,HARPS_ech_obs_all,HARPS_ech_obs_wavesimult,STAR_WAVE_K1,7.85779391416384E-06,3.25244070602039E-07,0,0,0
HD154088,256.11885,-28.58265,2456455.5872947,2.493951,0.690895,14301.46747,0.814032,-3.664108,0.398857,14298.648682,0.34087,-3.63667,0.398872,-6.976611,5.798869,8.22107,1.024856,0.475045,0.000472,0.224136,0.000518,0.306586,0.00067,0,6.400935,45.925369,0.005923,14.1,168.4,2456455.58729,-1.302029,-1.301859,0.408,-9999999,0.238756,-2.512707,0.564135,-3.057544,0.739226,0.5,450.0005,-6.980908,5.787589,2013-06-12T01:53:32.653,-9999999,K5,091.C-0936(A),Udry,-9999999,HARPS_ech_obs_all,HARPS_ech_obs_wavesimult,STAR_WAVE_K1,-9999999,-9999999,-9999999,-9999999,-9999999
HD154088,256.11885,-28.58265,2456455.592882,2.054058,0.709601,14300.849966,0.826164,-4.105804,0.430451,14298.020676,0.368911,-4.081663,0.430461,-6.03828,5.293462,7.728368,1.25695,0.474575,0.000518,0.225624,0.000568,0.305189,0.000731,0,6.400534,45.911434,0.003525,14.1,154.3,2456455.59288,-1.314933,-1.314784,0.445,-9999999,0.238756,-2.51451,0.564133,-3.068046,0.739224,0.5,450.0009,-6.03747,5.279999,2013-06-12T02:01:35.403,-9999999,K5,091.C-0936(A),Udry,-9999999,HARPS_ech_obs_all,HARPS_ech_obs_wavesimult,STAR_WAVE_K1,9.19975845919086E-06,4.14713326209486E-07,0,0,0
HD154088,256.11885,-28.58265,2456458.5730566,0.50611,0.743825,14298.389906,0.921154,-5.965138,0.294051,14296.682392,0.248334,-5.957327,0.294045,-8.90021,4.97785,7.239412,0.950909,0.475784,0.000352,0.220205,0.000377,0.303276,0.00049,0,6.396454,45.928927,0.003426,14.1,229.1,2456458.57305,-2.765828,-2.765653,0.25,-9999999,0.239027,-2.825897,0.683235,-1.946541,0.887048,0.49,449.9997,-8.899104,4.951751,2013-06-15T01:33:08.925,-9999999,K5,091.C-0936(A),Udry,-9999999,HARPS_ech_obs_all,HARPS_ech_obs_wavesimult,STAR_WAVE_K1,8.000258352561E-06,3.53252955500612E-07,0,0,0
HD154088,256.11885,-28.58265,2456458.57863,0.625231,0.75478,14297.757381,0.927807,-5.847815,0.320759,14296.039393,0.271983,-5.832685,0.320732,-16.550936,4.339632,7.333405,0.869804,0.475686,0.000376,0.221308,0.000408,0.303497,0.000529,0,6.396879,45.921049,0.004055,14.1,212.3,2456458.57862,-2.778391,-2.778216,0.413,-9999999,0.239028,-2.827695,0.683233,-1.957016,0.887046,0.49,450.0004,-16.552691,4.313492,2013-06-15T01:41:10.473,-9999999,K5,091.C-0936(A),Udry,-9999999,HARPS_ech_obs_all,HARPS_ech_obs_wavesimult,STAR_WAVE_K1,7.72726876336467E-06,3.97145592812551E-07,0,0,0
HD154088,256.11885,-28.58265,2456468.709755,1.216958,0.715659,14299.664503,0.896496,-3.062414,0.204335,14299.581867,0.163754,-3.03632,0.204303,-7.368571,4.195309,10.00931,0.676988,0.474521,0.000209,0.230217,0.000231,0.307426,0.0003,0,6.39997,45.90622,0.003847,14.1,373.1,2456468.70975,-8.000522,-8.000381,0.336,-9999999,0.239949,-0.63402,0.685868,-0.322585,0.881413,0.51,900.0004,-7.370274,4.180232,2013-06-25T04:46:17.098,-9999999,K5,091.C-0936(A),Udry,-9999999,HARPS_ech_obs_all,HARPS_ech_obs_wavesimult,STAR_WAVE_K1,8.37028222519233E-06,3.36907851635886E-07,0,0,0
HD154088,256.11885,-28.58265,2456472.6397259,4.298198,0.587865,14302.642699,0.59167,0.202085,0.377576,14302.65118,0.324111,0.211865,0.377519,-6.878543,5.632819,14.750422,1.424183,0.473741,0.000461,0.232256,0.000503,0.308389,0.000651,0,6.403654,45.866157,0.005144,14.1,173.8,2456472.63972,-9.712974,-9.712814,-0.037,-9999999,0.240306,-0.450762,0.450579,-0.231825,0.495,0.51,899.9944,-6.886072,5.633853,2013-06-29T03:05:36.555,-9999999,K5,091.C-0936(A),Udry,-9999999,HARPS_ech_obs_all,HARPS_ech_obs_wavesimult,STAR_WAVE_K1,8.36226752644962E-06,4.06507128003006E-07,0,0,0
HD154088,256.11885,-28.58265,2456498.5512592,-2.70518,0.822082,14296.14146,0.937384,-6.254539,0.335632,14296.648445,0.286512,-6.259264,0.335623,-3.540808,4.829989,6.329914,1.238998,0.479423,0.000404,0.225846,0.00044,0.305843,0.000569,0,6.402371,45.929629,0.00396,14.1,197.9,2456498.55125,-20.442263,-20.442151,1.089,-9999999,0.242662,0.095993,0.750446,0.264323,0.892525,0.52,449.995,-3.562746,4.804704,2013-07-25T01:03:52.729,-9999999,K5,091.C-0936(A),Udry,-9999999,HARPS_ech_obs_all,HARPS_ech_obs_wavesimult,STAR_WAVE_K1,7.74318251833013E-06,4.2310182270234E-07,0,0,0
HD154088,256.11885,-28.58265,2456498.5568052,-2.02124,0.820752,14296.421362,0.936615,-5.572388,0.332366,14296.917924,0.283992,-5.570133,0.332362,-2.726003,4.276452,5.270316,1.023162,0.478802,0.000401,0.225851,0.000436,0.305991,0.000563,0,6.399812,45.938724,0.003283,14.1,199.7,2456498.55679,-20.45661,-20.456484,0.976,-9999999,0.242663,0.094203,0.750444,0.253899,0.892522,0.51,450.0004,-2.737415,4.250934,2013-07-25T01:11:56.428,-9999999,K5,091.C-0936(A),Udry,-9999999,HARPS_ech_obs_all,HARPS_ech_obs_wavesimult,STAR_WAVE_K1,8.61563161525989E-06,4.28345799403541E-07,0,0,0
HD154088,256.11885,-28.58265,2456525.500471,0.543318,0.610244,14299.375811,0.568831,-1.473369,0.211953,14301.469685,0.173867,-1.460499,0.211899,-2.356418,4.00023,5.1923,0.730885,0.476814,0.000245,0.226454,0.000267,0.306377,0.000345,0,6.398589,45.935138,0.00394,14.1,326.2,2456525.50046,-27.671746,-27.671698,0.529,-9999999,0.245113,1.628664,0.572254,1.848761,0.541608,0.52,900.0007,-2.369564,3.995593,2013-08-20T23:50:00.936,-9999999,K5,091.C-0936(A),Udry,-9999999,HARPS_ech_obs_all,HARPS_ech_obs_wavesimult,STAR_WAVE_K1,8.88263854799074E-06,3.20526700111059E-07,0,0,0
HD154088,256.11885,-28.58265,2456530.5878791,-0.109587,0.91022,14298.773134,1.014112,-3.234452,0.302067,14299.67804,0.25657,-3.221081,0.301995,1.238228,3.920241,11.424536,1.096379,0.471946,0.000354,0.227904,0.000392,0.305988,0.000506,0,6.403475,45.901743,0.001363,14.1,223.2,2456530.58788,-28.644329,-28.644319,0.351,-9999999,0.245575,0.520486,0.858636,0.659331,0.981119,0.5,900.0017,1.231502,3.904416,2013-08-26T01:56:52.135,-9999999,K5,091.C-0936(A),Udry,-9999999,HARPS_ech_obs_all,HARPS_ech_obs_wavesimult,STAR_WAVE_K1,9.09503183692489E-06,3.8810411436905E-07,0,0,0
HD154088,256.11885,-28.58265,2456731.8832345,3.28583,0.691362,14301.777973,0.712115,0.250703,0.306676,14301.695994,0.256371,0.28523,0.306685,-7.625101,3.629978,19.946193,1.201708,0.478515,0.000364,0.227275,0.000391,0.30512,0.000506,0,6.413643,45.821992,0.003322,14.1,221.9,2456731.88323,29.727977,29.727984,0,-9999999,0.263879,0.610224,0.619622,-0.345858,0.664365,0.49,900.0013,-7.615298,3.633883,2014-03-15T09:03:31.693,-9999999,K5,192.C-0852(A),Udry,-9999999,HARPS_ech_obs_all,HARPS_ech_obs_wavesimult,STAR_WAVE_K1,1.07049016153466E-05,4.38536050729888E-07,0,0,0
HD154088,256.11885,-28.58265,2456746.8850559,9.519414,1.026955,14307.424976,0.922183,6.880906,0.930894,14308.158568,0.795721,6.930408,0.930941,-3.52289,8.487812,18.573892,2.955689,0.480772,0.001162,0.230451,0.001267,0.312855,0.001625,0,6.424692,45.811972,0.005424,14.1,72.3,2456746.88505,27.779841,27.779892,-0.454,-9999999,0.265243,1.006843,0.433674,0.468349,0.4661,0.38,450.002,-3.541819,8.502625,2014-03-30T09:08:34.306,-9999999,K5,192.C-0852(A),Udry,-9999999,HARPS_ech_obs_all,HARPS_ech_obs_wavesimult,STAR_WAVE_K1,9.45530108612688E-06,8.57171456086933E-07,0,0,0
HD154088,256.11885,-28.58265,2456746.8913096,7.911982,1.070942,14305.061637,0.962008,5.271456,0.979203,14305.783476,0.841548,5.262041,0.979245,10.965735,7.584103,19.161173,2.533262,0.480609,0.001187,0.233459,0.001317,0.311017,0.001675,0,6.428351,45.807851,0.010791,14.1,70.1,2456746.8913,27.764607,27.764652,-0.254,-9999999,0.265244,1.004825,0.43368,0.456595,0.466107,0.51,450.0017,10.946779,7.597777,2014-03-30T09:16:36.077,-9999999,K5,192.C-0852(A),Udry,-9999999,HARPS_ech_obs_all,HARPS_ech_obs_wavesimult,STAR_WAVE_K1,7.06979176225273E-06,1.02053617787923E-06,0,0,0
HD154088,256.11885,-28.58265,2456748.8260648,6.249419,0.442077,14304.279295,0.458815,4.774303,0.220009,14306.256044,0.168843,4.81682,0.220026,-14.542737,3.000285,24.813748,0.983494,0.474159,0.000238,0.225693,0.000253,0.311354,0.000329,0,6.424179,45.780645,0.007036,14.1,340.7,2456748.82606,27.514098,27.514148,0.457,-9999999,0.26542,2.170235,0.383442,1.711329,0.426619,0.51,900.0019,-14.546026,3.040403,2014-04-01T07:38:34.044,-9999999,K5,192.C-0852(A),Udry,-9999999,HARPS_ech_obs_all,HARPS_ech_obs_wavesimult,STAR_WAVE_K1,1.06612397915874E-05,3.96419861022063E-07,0,0,0
HD154088,256.11885,-28.58265,2456765.7542599,4.93677,0.617016,14302.968345,0.609094,0.701148,0.294381,14302.622628,0.246864,0.722904,0.29437,-11.259145,3.014179,18.88282,1.035117,0.472318,0.000342,0.227561,0.000366,0.309462,0.000478,0,6.406169,45.846404,0.003863,14.1,234.4,2456765.75425,23.033657,23.033784,0.304,-9999999,0.266959,-0.59027,0.542262,-0.612676,0.556825,0.5,420.0008,-11.265679,3.024126,2014-04-18T05:57:15.764,-9999999,K5,192.C-0852(A),Udry,-9999999,HARPS_ech_obs_all,HARPS_ech_obs_wavesimult,STAR_WAVE_K1,8.78616290161165E-06,3.12410592150312E-07,0,0,0
HD154088,256.11885,-28.58265,2456765.7595387,3.961236,0.615276,14302.583188,0.608007,-0.276089,0.290715,14302.22755,0.244165,-0.260965,0.290703,-5.396149,3.087256,16.392531,1.085685,0.473258,0.000339,0.226915,0.000362,0.30958,0.000473,0,6.40505,45.863113,0.003164,14.1,236.5,2456765.75953,23.021643,23.021755,0,-9999999,0.26696,-0.591974,0.542263,-0.622598,0.556827,0.51,420.001,-5.398666,3.087393,2014-04-18T06:04:47.613,-9999999,K5,192.C-0852(A),Udry,-9999999,HARPS_ech_obs_all,HARPS_ech_obs_wavesimult,STAR_WAVE_K1,8.76858814272581E-06,3.36070102759989E-07,0,0,0
HD154088,256.11885,-28.58265,2456789.8118736,0.871833,0.608286,14299.166677,0.579526,-1.758038,0.205279,14300.123443,0.164006,-1.734165,0.20529,-7.148965,2.504338,18.668794,0.854515,0.474022,0.000231,0.225013,0.000246,0.303375,0.00032,0,6.408458,45.830868,0.008796,14.1,351.2,2456789.81187,13.321778,13.321937,1.316,-9999999,0.269147,1.015481,0.572602,0.687619,0.555834,0.48,900.001,-7.163278,2.502662,2014-05-12T07:14:24.172,-9999999,K5,192.C-0852(A),Udry,-9999999,HARPS_ech_obs_all,HARPS_ech_obs_wavesimult,STAR_WAVE_K1,9.14535467130492E-06,3.5928914845176E-07,0,0,0
HD154088,256.11885,-28.58265,2456805.8317196,0.234175,0.82498,14296.203418,0.99909,-3.987575,0.227283,14297.542312,0.188607,-3.964804,0.227274,-0.748005,2.770826,15.085734,0.887169,0.475108,0.000273,0.225491,0.000288,0.307645,0.000373,0,6.405773,45.862056,0.003038,14.1,299.9,2456805.83172,5.677275,5.677457,-0.283,-9999999,0.270603,-0.576399,0.793054,1.068291,0.981126,0.52,900.0011,-0.764027,2.734228,2014-05-28T07:41:38.052,-9999999,K5,192.C-0852(A),Udry,-9999999,HARPS_ech_obs_all,HARPS_ech_obs_thosimult,STAR_WAVE_K1,9.53361939383735E-06,2.85298529448776E-07,0,0,0
HD154088,256.11885,-28.58265,2456833.7476845,-2.035555,0.559738,14297.191354,0.60721,-4.343061,0.21972,14298.218207,0.181635,-4.326489,0.219716,-4.93676,2.413162,11.902771,0.925067,0.474243,0.000255,0.226433,0.000274,0.307588,0.000354,0,6.402048,45.893601,0.004685,14.1,317.5,2456833.74768,-7.984528,-7.984347,0.425,-9999999,0.273142,1.337845,0.51481,0.753711,0.579407,0.49,900.0013,-4.943922,2.373623,2014-06-25T05:41:12.317,-9999999,K5,192.C-0852(A),Udry,-9999999,HARPS_ech_obs_all,HARPS_ech_obs_wavesimult,STAR_WAVE_K1,7.44321909439568E-06,3.25458921224608E-07,0,0,0
HD154088,256.11885,-28.58265,2456858.6368595,-1.002591,0.763369,14297.535646,0.913706,-4.245735,0.22202,14298.474889,0.182799,-4.238833,0.221973,-4.637226,2.652057,12.138874,0.802505,0.475483,0.000261,0.231565,0.000279,0.306553,0.000362,0,6.402085,45.88782,0.002655,14.1,310.7,2456858.63686,-18.708264,-18.708116,1.165,-9999999,0.275405,0.402207,0.730369,0.663838,0.895233,0.49,900.001,-4.646964,2.625315,2014-07-20T03:03:13.106,-9999999,K5,192.C-0852(A),Udry,-9999999,HARPS_ech_obs_all,HARPS_ech_obs_wavesimult,STAR_WAVE_K1,8.97301181331315E-06,3.59263370805539E-07,0,0,0
HD154088,256.11885,-28.58265,2456873.6180587,0.591928,0.646652,14299.059794,0.524338,-2.391386,0.385974,14300.042694,0.330242,-2.373525,0.385954,-4.679346,4.539154,11.871911,1.419692,0.471786,0.000467,0.227171,0.000512,0.298312,0.000659,0,6.405788,45.880573,0.00333,14.1,171.3,2456873.61805,-23.852421,-23.8523,0.842,-9999999,0.276767,0.662037,0.518829,0.706133,0.407272,0.46,900.0013,-4.669078,4.532951,2014-08-04T02:38:07.516,-9999999,K5,192.C-0852(A),Udry,-9999999,HARPS_ech_obs_all,HARPS_ech_obs_wavesimult,STAR_WAVE_K1,1.01423454310748E-05,3.83256615388283E-07,0,0,0
HD154088,256.11885,-28.58265,2457146.8813319,-0.067643,0.780547,14298.326077,0.994061,-3.918783,0.199781,14297.961676,0.159708,-3.903981,0.199752,-1.795357,3.08799,20.055956,0.986228,0.4752,0.000225,0.227329,0.000236,0.309673,0.000309,0,6.414998,45.829233,0.00452,14.1,363,2457146.88133,16.754579,16.754737,-0.117,-9999999,0.301615,-0.205789,0.754547,-0.666016,0.981147,0.49,900.0011,-1.800041,3.059568,2015-05-04T08:54:53.251,-9999999,K5,192.C-0852(A),Udry,-9999999,HARPS_ech_obs_all,HARPS_ech_obs_wavesimult,STAR_WAVE_K1,9.31971309235059E-06,3.18569734690604E-07,0,0,0
HD154088,256.11885,-28.58265,2457971.6648779,-0.60792,0.702764,14312.725156,0.698158,-6.07881,0.118847,14311.910368,0.180115,5.900217,0.229754,2.758658,8.841004,23.560674,4.465544,0.474778,0.000251,0.231926,0.000261,0.301914,0.000334,0,6.41533,45.761856,0.016735,14.1,329.1,2457971.66487,-24.583982,-24.583878,1.164,-9999999,0.376613,-1.537143,0.692641,-1.191401,0.674524,0.53,899.9982,2.729016,8.876937,2017-08-06T03:44:48.820,-9999999,K5,198.C-0836(A),Diaz,-9999999,HARPS_ech_obs_all,HARPS_ech_obs_wavesimult,STAR_WAVE_K1,6.69109961884914E-06,2.94407761335271E-07,0,0,0
HD154088,256.11885,-28.58265,2457973.6322127,0.867315,0.839411,14313.51915,0.645211,-3.348966,0.21126,14314.383433,0.24121,9.044851,0.290978,21.975461,11.597973,26.206242,4.487917,0.473444,0.000353,0.233384,0.000367,0.301231,0.000468,0,6.411354,45.769855,0.016158,14.1,236.2,2457973.63221,-25.068584,-25.068507,0.2,-9999999,0.376792,-0.282535,0.812391,0.487491,0.598427,0.52,899.9982,21.951325,11.626266,2017-08-08T02:58:09.488,-9999999,K5,198.C-0836(A),Diaz,-9999999,HARPS_ech_obs_all,HARPS_ech_obs_wavesimult,STAR_WAVE_K1,7.26289589801271E-06,4.87000658061808E-07,0,0,0
