target,ra,dec,BJD,RV_mlc_nzp,e_RV_mlc_nzp,RV_drs_nzp,e_RV_drs_nzp,RV_mlc,e_RV_mlc,RV_drs,e_RV_drs,RV_mlc_j,e_RV_mlc_j,CRX,e_CRX,dLW,e_dLW,Halpha,e_Halpha,NaD1,e_NaD1,NaD2,e_NaD2,f_RV,FWHM_DRS,CONTRAST_DRS,BIS,RVGUESS,SNR_DRS,BJD_DRS,BERV,BERV_DRS,DRIFT,e_DRIFT,SA,NZP_mlc,dNZP_mlc,NZP_drs,dNZP_drs,TMMEAN,EXPTIME,MLCRX,E_MLCRX,TIMEID,DRIFT_LAMP,MASK,PROGID,PROGPI,AIRMASS,OBHAB,THAR_FP,DPR_TYPE,RHKp,dRHKp,sourceflag,vsinflag,metflag
HD21693,51.803771,-58.32426,2452941.7632073,0.384525,0.962484,39771.445893,1.044857,-2.462566,0.668906,39772.760991,0.610264,-2.438154,0.66901,4.552365,6.654167,-15.906353,2.277785,0.452856,0.000761,0.263398,0.000938,0.34893,0.001209,0,6.811135,53.00853,-0.031804,39.588,99.8,2452941.7633,-4.820103,-4.820719,0.797,-9999999,0,1.468726,0.692055,1.315098,0.848118,0.49,899.9955,4.504406,6.648041,2003-10-29T06:09:16.869,-9999999,G2,072.C-0488(E),M. Mayor,-9999999,HARPS_ech_obs_all,HARPS_ech_obs_thosimult,STAR_WAVE_G8V,8.76360477478648E-06,7.23175226566289E-07,0,0,0
HD21693,51.803771,-58.32426,2452999.641049,3.955859,0.700723,39773.607711,0.647886,-0.996255,0.52325,39773.566667,0.489119,-0.987055,0.523422,-8.393497,6.543951,-21.974005,1.88138,0.447958,0.00066,0.26597,0.000805,0.358374,0.001049,0,6.808036,53.12036,-0.036873,39.588,115.3,2452999.64105,-9.975778,-9.975718,-0.031,-9999999,0.008602,-0.636297,0.466071,-0.049646,0.424875,0.51,569.8964,-8.390425,6.540135,2003-12-26T03:18:06.588,-9999999,G2,072.C-0488(E),Mayor,-9999999,HARPS_ech_obs_all,HARPS_ech_obs_thosimult,STAR_WAVE_G8,1.21398983635929E-05,6.07755313769481E-07,0,0,0
HD21693,51.803771,-58.32426,2453287.8099108,-7.560538,0.989577,39763.156965,1.084326,-11.655333,0.491488,39763.367457,0.4442,-11.627552,0.491573,4.257529,4.755066,-19.499822,1.645606,0.447561,0.000541,0.262381,0.000688,0.353813,0.000884,0,6.805801,53.072952,-0.039705,39.6,134.9,2453287.8099,-1.74747,-1.747334,0.848,-9999999,0.051433,0.221022,0.858896,0.159059,0.989166,0.48,899.9779,4.257113,4.701524,2004-10-09T07:16:22.642,-9999999,G2,072.C-0488(E),Mayor,-9999999,HARPS_ech_obs_all,HARPS_ech_obs_thosimult,STAR_WAVE_G8,1.11185601796468E-05,5.35740997823426E-07,0,0,0
HD21693,51.803771,-58.32426,2453294.7744124,-4.199264,0.984745,39766.548311,1.016892,-8.246961,0.612643,39766.560021,0.576236,-8.217404,0.612799,2.954617,5.763292,-23.968842,1.843852,0.447096,0.000734,0.266946,0.000928,0.356748,0.001202,0,6.805164,53.140452,-0.040166,39.6,100.4,2453294.77441,-2.875707,-2.875596,0.647,-9999999,0.052469,0.26812,0.770968,-0.040759,0.837867,0.53,799.9832,2.938512,5.73232,2004-10-16T06:25:28.194,-9999999,G2,072.C-0488(E),Mayor,-9999999,HARPS_ech_obs_all,HARPS_ech_obs_thosimult,STAR_WAVE_G8,8.39543264334323E-06,6.48001303403705E-07,0,0,0
HD21693,51.803771,-58.32426,2453669.816812,-7.340234,0.938894,39762.652959,1.037243,-11.952712,0.379232,39763.104162,0.312121,-11.933126,0.379266,0.423314,3.699003,-19.447403,1.370743,0.449397,0.000381,0.267793,0.000477,0.35681,0.000617,0,6.796445,53.071279,-0.041189,39.6,192.8,2453669.8168,-4.504982,-4.504866,-0.074,-9999999,0.108212,-0.296661,0.858898,0.342991,0.989168,0.51,900.0003,0.403422,3.610053,2005-10-26T07:26:06.770,-9999999,G2,072.C-0488(E),Mayor,-9999999,HARPS_ech_obs_all,HARPS_ech_obs_thosimult,STAR_WAVE_G8,9.44664920578156E-06,3.90183091370147E-07,0,0,0
HD21693,51.803771,-58.32426,2453765.536775,-2.410084,0.887094,39768.244371,0.897652,-8.456837,0.331352,39766.159533,0.26432,-8.424658,0.331471,4.655679,3.092324,-20.10945,1.257202,0.452522,0.000337,0.269323,0.00042,0.355464,0.000537,0,6.795802,53.059488,-0.041408,39.6,223,2453765.53689,-8.42618,-8.426388,0.356,-9999999,0.122439,-1.730936,0.822886,-2.207277,0.857854,0.49,900.0016,4.680202,3.031458,2006-01-30T00:47:02.916,-9999999,G2,072.C-0488(E),Mayor,-9999999,HARPS_ech_obs_all,HARPS_ech_obs_thosimult,STAR_WAVE_G8,9.32867048429045E-06,3.91484529617088E-07,0,0,0
HD21693,51.803771,-58.32426,2453786.5864415,-8.480345,0.880936,39761.078968,0.820317,-13.663274,0.410332,39760.856541,0.33213,-13.647987,0.410341,3.295132,3.444425,-22.952393,1.264105,0.449984,0.000413,0.268329,0.000514,0.356913,0.000664,0,6.793402,53.081746,-0.042739,39.6,180,2453786.58656,-6.055416,-6.055553,0.372,-9999999,0.125567,-0.867112,0.779536,-0.347994,0.750073,0.5,900.0008,3.283664,3.345395,2006-02-20T01:59:08.713,-9999999,G2,072.C-0488(E),Mayor,-9999999,HARPS_ech_obs_all,HARPS_ech_obs_thosimult,STAR_WAVE_G8,7.72806143924086E-06,4.30667638059221E-07,0,0,0
HD21693,51.803771,-58.32426,2453787.5717732,-9.468965,0.797136,39760.539349,0.849862,-13.600512,0.414195,39761.288364,0.33563,-13.506858,0.414207,13.346302,3.628251,-24.390685,1.194305,0.450748,0.000426,0.266997,0.000523,0.357418,0.000679,0,6.788512,53.104385,-0.044119,39.6,176.1,2453787.57189,-5.909287,-5.909443,-0.267,-9999999,0.125714,0.18427,0.681079,0.623301,0.780781,0.48,900.0009,13.32546,3.523909,2006-02-21T01:38:21.016,-9999999,G2,072.C-0488(E),Mayor,-9999999,HARPS_ech_obs_all,HARPS_ech_obs_thosimult,STAR_WAVE_G8,6.58252136940186E-06,3.82220222614961E-07,0,0,0
HD21693,51.803771,-58.32426,2453974.8948596,-2.351905,1.013605,39767.895139,0.972954,-6.355224,0.671196,39767.985064,0.539343,-6.338561,0.671202,7.258933,4.482102,-22.37074,1.604743,0.451465,0.000689,0.268592,0.000856,0.352564,0.001098,0,6.798737,53.07739,-0.04609,39.6,108.9,2453974.89499,5.184804,5.184704,-0.419,-9999999,0.153556,0.312498,0.759534,-0.063631,0.809783,0.55,900.0008,7.252124,4.451847,2006-08-27T09:18:02.147,-9999999,G2,072.C-0488(E),Mayor,-9999999,HARPS_ech_obs_all,HARPS_ech_obs_thosimult,STAR_WAVE_G8,6.90057570758837E-06,5.51242573904996E-07,0,0,0
HD21693,51.803771,-58.32426,2453976.8974854,0.309663,1.011409,39771.259795,1.072692,-4.11903,0.603646,39771.174481,0.488975,-4.09413,0.603726,7.821497,5.66321,-22.911015,1.414505,0.454823,0.000625,0.263406,0.000775,0.355163,0.000995,0,6.791519,53.086322,-0.038474,39.6,120.3,2453976.89759,4.894177,4.894105,0,-9999999,0.153853,-0.112877,0.811517,-0.239167,0.954763,0.42,900.001,7.819694,5.647693,2006-08-29T09:23:43.110,-9999999,G2,072.C-0488(E),Mayor,-9999999,HARPS_ech_obs_all,HARPS_ech_obs_thosimult,STAR_WAVE_G8,7.73358540515026E-06,5.72742818201357E-07,0,0,0
HD21693,51.803771,-58.32426,2453980.8642846,-1.079628,0.684983,39769.428661,0.844584,-5.278968,0.424642,39768.715815,0.342662,-5.246902,0.42469,9.353459,4.942439,-23.596079,1.362831,0.450767,0.000432,0.266845,0.000531,0.354915,0.000687,0,6.793448,53.104709,-0.043773,39.6,173.1,2453980.8644,4.353825,4.353754,-0.215,-9999999,0.154443,0.116477,0.537477,-0.867289,0.771948,0.49,900.0014,9.360557,4.917702,2006-09-02T08:34:46.308,-9999999,G2,072.C-0488(E),Mayor,-9999999,HARPS_ech_obs_all,HARPS_ech_obs_thosimult,STAR_WAVE_G8,-9999999,-9999999,-9999999,-9999999,-9999999
HD21693,51.803771,-58.32426,2453982.8795795,-4.731983,1.01112,39765.207662,1.080716,-9.364409,0.533495,39764.763934,0.43525,-9.310578,0.533564,12.172487,5.500823,-26.03942,1.332773,0.455243,0.000544,0.263471,0.000677,0.356222,0.000871,0,6.792001,53.112201,-0.042344,39.6,137.1,2453982.87969,4.029419,4.029344,0,-9999999,0.154743,-0.316609,0.858922,-0.598471,0.989194,0.48,454.9024,12.189335,5.462702,2006-09-04T09:00:28.012,-9999999,G2,072.C-0488(E),Mayor,-9999999,HARPS_ech_obs_all,HARPS_ech_obs_thosimult,STAR_WAVE_G8,7.3085471373099E-06,4.17191190701654E-07,0,0,0
HD21693,51.803771,-58.32426,2453982.8852448,-3.892573,1.006566,39766.564635,1.077843,-8.526862,0.524809,39766.11019,0.42806,-8.506102,0.524903,18.610877,5.76151,-25.827758,1.206002,0.456815,0.000537,0.263154,0.000666,0.356062,0.000857,0,6.791699,53.098268,-0.044422,39.6,139.4,2453982.88536,4.020965,4.020886,-1.321,-9999999,0.154743,-0.318472,0.858924,-0.609188,0.989197,0.48,454.9017,18.629329,5.72213,2006-09-04T09:08:37.487,-9999999,G2,072.C-0488(E),Mayor,-9999999,HARPS_ech_obs_all,HARPS_ech_obs_thosimult,STAR_WAVE_G8,6.26045683952429E-06,5.09662905553951E-07,0,0,0
HD21693,51.803771,-58.32426,2453983.888873,-6.180215,0.925343,39763.639315,1.02771,-11.6691,0.348833,39763.194171,0.278698,-11.666182,0.348882,18.315201,3.553619,-26.230067,1.198688,0.451776,0.000351,0.264214,0.000433,0.347143,0.000556,0,6.788921,53.122637,-0.044424,39.6,213.5,2453983.88899,3.863036,3.862952,0.799,-9999999,0.154893,-1.173068,0.857073,-0.600037,0.989199,0.46,900.0029,18.32222,3.481916,2006-09-05T09:10:34.179,-9999999,G2,072.C-0488(E),Mayor,-9999999,HARPS_ech_obs_all,HARPS_ech_obs_thosimult,STAR_WAVE_G8,7.58315040626653E-06,3.19435117178485E-07,0,0,0
HD21693,51.803771,-58.32426,2454047.7161269,-6.434007,0.943786,39764.113075,1.017216,-10.338567,0.439232,39764.368857,0.357967,-10.279038,0.439396,8.18794,3.647308,-26.366762,1.201082,0.45169,0.00045,0.261903,0.000554,0.34984,0.000718,0,6.790797,53.116248,-0.042336,39.6,166.6,2454047.71624,-6.237545,-6.237612,0.168,-9999999,0.164379,0.411257,0.835348,0.091403,0.952149,0.49,776.7001,8.169728,3.579354,2006-11-08T05:02:45.655,-9999999,G2,072.C-0488(E),Mayor,-9999999,HARPS_ech_obs_all,HARPS_ech_obs_thosimult,STAR_WAVE_G8,8.16004999698612E-06,4.11656586734399E-07,0,0,0
HD21693,51.803771,-58.32426,2454049.7321255,-7.480955,0.861691,39762.636941,0.933279,-11.509149,0.441928,39763.295403,0.359628,-11.489698,0.442036,9.875551,4.143581,-26.926795,1.172198,0.454463,0.000455,0.261755,0.00056,0.356555,0.000724,0,6.792251,53.116402,-0.043226,39.6,165.3,2454049.73224,-6.532388,-6.532463,0.221,-9999999,0.164679,0.287623,0.739738,0.493783,0.861207,0.48,776.6994,9.873758,4.079062,2006-11-10T05:25:59.394,-9999999,G2,072.C-0488(E),Mayor,-9999999,HARPS_ech_obs_all,HARPS_ech_obs_thosimult,STAR_WAVE_G8,8.17618080294321E-06,3.87140862720758E-07,0,0,0
HD21693,51.803771,-58.32426,2454051.7150494,-8.667462,0.8667,39761.799659,0.889829,-12.226628,0.489186,39762.390587,0.400766,-12.231475,0.489168,6.08924,4.574073,-25.841631,0.999554,0.448541,0.000505,0.267282,0.000624,0.357007,0.000809,0,6.796411,53.124802,-0.044682,39.6,148.3,2454051.71516,-6.771891,-6.771961,0.176,-9999999,0.164974,0.756651,0.715449,0.425954,0.79447,0.48,776.6993,6.085837,4.510574,2006-11-12T05:01:27.811,-9999999,G2,072.C-0488(E),Mayor,-9999999,HARPS_ech_obs_all,HARPS_ech_obs_thosimult,STAR_WAVE_G8,7.14834856902082E-06,4.29782707842035E-07,0,0,0
HD21693,51.803771,-58.32426,2454083.7030801,-3.031787,0.875999,39768.035632,0.94169,-6.215742,0.495282,39768.818186,0.406959,-6.190774,0.495411,8.072741,4.669294,-29.109715,1.046179,0.451301,0.000507,0.262438,0.00063,0.358246,0.000816,0,6.79204,53.136057,-0.044863,39.6,147.7,2454083.7032,-9.69296,-9.693068,0.311,-9999999,0.169728,1.131862,0.722544,0.612826,0.849214,0.49,776.7004,8.084519,4.643594,2006-12-14T04:45:23.165,-9999999,G2,072.C-0488(E),Mayor,-9999999,HARPS_ech_obs_all,HARPS_ech_obs_thosimult,STAR_WAVE_G8,5.55275120103828E-06,4.59473601710839E-07,0,0,0
HD21693,51.803771,-58.32426,2454120.6393727,-6.781499,1.008278,39764.965066,1.075982,-10.596791,0.528149,39765.147638,0.423452,-10.565926,0.52818,3.650705,5.751923,-6.08866,2.787656,0.45417,0.000534,0.273471,0.000664,0.359405,0.000864,0,6.789604,52.866165,-0.044732,39.6,141.3,2454120.63948,-9.325791,-9.32593,-0.411,-9999999,0.175218,0.500524,0.858885,0.007354,0.989155,0.47,776.6985,3.648455,5.710371,2007-01-20T03:15:37.832,-9999999,G2,072.C-0488(E),Mayor,-9999999,HARPS_ech_obs_all,HARPS_ech_obs_thosimult,STAR_WAVE_G8,6.16730687254776E-06,5.1610655284875E-07,0,0,0
HD21693,51.803771,-58.32426,2454121.6080688,-6.137276,0.991451,39765.103988,1.069066,-9.942277,0.495259,39765.345921,0.405539,-9.944767,0.495325,11.203485,4.598774,-28.62534,1.184553,0.453243,0.000516,0.268844,0.000637,0.357758,0.000823,0,6.792254,53.137732,-0.043668,39.6,146.2,2454121.60819,-9.23084,-9.231009,0.587,-9999999,0.175362,0.510816,0.858891,0.066571,0.989161,0.5,776.6989,11.212449,4.557247,2007-01-21T02:30:12.425,-9999999,G2,072.C-0488(E),Mayor,-9999999,HARPS_ech_obs_all,HARPS_ech_obs_thosimult,STAR_WAVE_G8,7.29552443379991E-06,4.19904155944988E-07,0,0,0
HD21693,51.803771,-58.32426,2454342.7791111,-0.570075,0.983456,39769.539036,1.064159,-4.787308,0.479058,39769.943121,0.39243,-4.723355,0.479083,3.311172,4.955724,-16.174738,1.163592,0.455264,0.000491,0.263118,0.000606,0.354764,0.000779,0,6.801182,53.047358,-0.043599,39.6,152.8,2454342.77923,4.948491,4.948456,0.002,-9999999,0.208235,0.098583,0.858888,0.19585,0.989158,0.5,899.998,3.313214,4.936938,2007-08-30T06:32:03.033,-9999999,G2,072.C-0488(E),Mayor,-9999999,HARPS_ech_obs_all,HARPS_ech_obs_thosimult,STAR_WAVE_G8,8.56233065567511E-06,3.61763095323355E-07,0,0,0
HD21693,51.803771,-58.32426,2454344.8404616,-1.897487,0.920755,39768.333549,1.024152,-6.13489,0.331769,39768.621884,0.265363,-6.096687,0.331817,8.230714,3.059904,-21.3645,1.108556,0.451296,0.000337,0.267814,0.000409,0.349552,0.000531,0,6.795859,53.076832,-0.044132,39.6,224.8,2454344.84058,4.580322,4.580244,-0.264,-9999999,0.208541,0.078413,0.858906,0.079794,0.989177,0.49,899.9974,8.25473,3.017998,2007-09-01T08:00:29.954,-9999999,G2,072.C-0488(E),Mayor,-9999999,HARPS_ech_obs_all,HARPS_ech_obs_thosimult,STAR_WAVE_G8,7.00022505671461E-06,3.85452147669614E-07,0,0,0
HD21693,51.803771,-58.32426,2454446.6646841,-3.99289,0.87758,39765.671579,0.890796,-7.919417,0.41235,39766.684961,0.337197,-7.895009,0.412513,-2.932993,4.421531,-28.227872,1.275837,0.450325,0.000428,0.262926,0.000522,0.356984,0.000676,0,6.792144,53.108462,-0.044084,39.6,177.6,2454446.6648,-9.531014,-9.53112,0.92,-9999999,0.223676,0.38929,0.774671,0.789706,0.824509,0.49,900,-2.9215,4.388277,2007-12-12T03:48:59.393,-9999999,G2,072.C-0488(E),Mayor,-9999999,HARPS_ech_obs_all,HARPS_ech_obs_thosimult,STAR_WAVE_G8,6.35957016761635E-06,3.84252909521733E-07,0,0,0
HD21693,51.803771,-58.32426,2454449.6809749,-3.862482,0.665277,39765.813412,0.685222,-6.802034,0.419431,39767.307694,0.343909,-6.788625,0.419546,8.261839,3.629348,-24.827238,1.018417,0.451404,0.000424,0.262686,0.000523,0.357108,0.000677,0,6.796917,53.081554,-0.041548,39.6,177,2454449.68109,-9.703014,-9.703124,-0.217,-9999999,0.224124,1.376265,0.516402,1.270158,0.592668,0.47,900,8.269952,3.589703,2007-12-15T04:12:53.214,-9999999,G2,072.C-0488(E),Mayor,-9999999,HARPS_ech_obs_all,HARPS_ech_obs_thosimult,STAR_WAVE_G8,6.39702107788265E-06,4.08005900615966E-07,0,0,0
HD21693,51.803771,-58.32426,2454452.6375284,-0.634746,0.865139,39769.771684,0.895237,-3.736442,0.525314,39771.461757,0.433203,-3.728878,0.525512,1.401161,4.803114,-26.225444,1.106297,0.452001,0.000534,0.266595,0.000659,0.355122,0.000853,0,6.796549,53.086676,-0.045221,39.6,140.4,2454452.63764,-9.769931,-9.77005,0.804,-9999999,0.224563,1.214121,0.687395,1.46551,0.783444,0.46,900,1.41428,4.792032,2007-12-18T03:10:36.678,-9999999,G2,072.C-0488(E),Mayor,-9999999,HARPS_ech_obs_all,HARPS_ech_obs_thosimult,STAR_WAVE_G8,6.94077170346838E-06,5.05424567329887E-07,0,0,0
HD21693,51.803771,-58.32426,2454454.6782161,-0.864194,0.651941,39768.844239,0.704356,-4.979086,0.340557,39769.626244,0.272807,-4.942304,0.340726,5.259297,3.859306,-28.363477,1.13348,0.450328,0.000355,0.266507,0.000426,0.355783,0.000553,0,6.789997,53.12193,-0.044207,39.6,216.8,2454454.67833,-9.889186,-9.88931,-0.24,-9999999,0.224867,0.200925,0.555921,0.557138,0.64938,0.49,900,5.262584,3.8301,2007-12-20T04:08:50.828,-9999999,G2,072.C-0488(E),Mayor,-9999999,HARPS_ech_obs_all,HARPS_ech_obs_thosimult,STAR_WAVE_G8,6.85855380545531E-06,2.81687017648096E-07,0,0,0
HD21693,51.803771,-58.32426,2454521.5513876,-3.114623,0.710553,39766.821508,0.822685,-5.661322,0.462023,39769.029062,0.37715,-5.680799,0.462079,6.26578,4.148357,-25.542198,1.043646,0.451175,0.000458,0.264857,0.000571,0.349648,0.000734,0,6.793876,53.107058,-0.043998,39.6,163.5,2454521.55151,-5.403278,-5.403462,-0.116,-9999999,0.234806,1.769118,0.539834,1.972748,0.731142,0.5,900,6.238165,4.116038,2008-02-25T01:08:47.793,-9999999,G2,072.C-0488(E),Mayor,-9999999,HARPS_ech_obs_all,HARPS_ech_obs_thosimult,STAR_WAVE_G8,6.63446299017129E-06,4.29391883394063E-07,0,0,0
HD21693,51.803771,-58.32426,2454528.5328225,-7.393454,0.948997,39764.346294,1.041488,-11.471812,0.403556,39764.864295,0.325891,-11.440688,0.403724,10.707496,4.318365,-25.014219,0.95651,0.448574,0.000403,0.270734,0.000499,0.352556,0.000637,0,6.796675,53.086358,-0.041146,39.6,187.5,2454528.53294,-4.351262,-4.351454,0.079,-9999999,0.235844,0.237459,0.858916,0.282157,0.989188,0.48,900,10.704758,4.257247,2008-03-03T00:42:31.255,-9999999,G2,072.C-0488(E),Mayor,-9999999,HARPS_ech_obs_all,HARPS_ech_obs_thosimult,STAR_WAVE_G8,8.33499787672387E-06,4.07181249348173E-07,0,0,0
HD21693,51.803771,-58.32426,2454529.5178725,-8.298829,0.944342,39762.897075,1.038837,-12.372272,0.39247,39763.443503,0.317292,-12.344237,0.392604,11.725643,3.534675,-25.840554,0.856221,0.448763,0.000382,0.271344,0.000478,0.353804,0.000611,0,6.794988,53.094117,-0.043122,39.6,195.9,2454529.51799,-4.186455,-4.186659,0.564,-9999999,0.23599,0.242374,0.858923,0.310438,0.989195,0.48,900,11.721988,3.452787,2008-03-04T00:21:00.740,-9999999,G2,072.C-0488(E),Mayor,-9999999,HARPS_ech_obs_all,HARPS_ech_obs_thosimult,STAR_WAVE_G8,7.37573251632803E-06,2.99984368690166E-07,0,0,0
HD21693,51.803771,-58.32426,2454700.9235781,-3.303735,0.894734,39767.482018,0.888384,-9.29346,0.419896,39765.61579,0.350342,-9.268289,0.419901,-2.109091,3.027009,-14.710576,0.920193,0.455573,0.000447,0.261972,0.000541,0.356772,0.000699,0,6.804444,53.01358,-0.040329,39.6,170.7,2454700.92369,5.765625,5.765555,-0.593,-9999999,0.261466,-1.673908,0.790086,-2.127694,0.816386,0.5,900,-2.103913,2.956873,2008-08-22T10:00:16.214,-9999999,G2,072.C-0488(E),Mayor,-9999999,HARPS_ech_obs_all,HARPS_ech_obs_thosimult,STAR_WAVE_G8,7.96478676370331E-06,3.40750695263386E-07,0,0,0
HD21693,51.803771,-58.32426,2454704.9193291,-5.834419,0.97721,39765.125828,1.047654,-9.961165,0.466003,39765.371508,0.383929,-9.905552,0.466116,-6.668337,4.239228,-20.383716,0.95476,0.450589,0.000489,0.267134,0.000592,0.352113,0.000763,0,6.802037,53.068192,-0.040873,39.6,156,2454704.91945,5.224558,5.224498,0.227,-9999999,0.26206,0.189071,0.858942,-0.01638,0.97477,0.52,900,-6.654822,4.192405,2008-08-26T09:53:44.767,-9999999,G2,072.C-0488(E),Mayor,-9999999,HARPS_ech_obs_all,HARPS_ech_obs_thosimult,STAR_WAVE_G8,7.80516055269755E-06,4.7024436765295E-07,0,0,0
HD21693,51.803771,-58.32426,2454705.9111491,-6.114981,1.139774,39765.2808,1.121624,-8.041896,0.83411,39767.281465,0.678717,-8.025017,0.834279,3.514797,6.287376,-22.784261,1.556089,0.45033,0.000876,0.267818,0.001078,0.353553,0.001388,0,6.801451,53.061555,-0.035875,39.6,87.5,2454705.91126,5.095297,5.095248,0.095,-9999999,0.262208,2.388902,0.776752,1.738457,0.892963,0.46,772.5,3.501199,6.261596,2008-08-27T09:43:49.182,-9999999,G2,072.C-0488(E),Mayor,-9999999,HARPS_ech_obs_all,HARPS_ech_obs_thosimult,STAR_WAVE_G8,1.01830105614566E-05,6.25776257753213E-07,0,0,0
HD21693,51.803771,-58.32426,2454707.8920728,-6.037837,0.83546,39764.38291,0.862966,-11.219397,0.489444,39763.572726,0.405393,-11.192471,0.489576,10.904419,4.676281,-24.323427,1.125968,0.450216,0.000521,0.263239,0.000636,0.350761,0.000812,0,6.798935,53.08738,-0.041948,39.6,146.6,2454707.89219,4.835744,4.83567,-0.018,-9999999,0.262502,-0.865743,0.677081,-1.072686,0.761818,0.49,776.7,10.915135,4.620044,2008-08-29T09:15:52.932,-9999999,G2,072.C-0488(E),Mayor,-9999999,HARPS_ech_obs_all,HARPS_ech_obs_thosimult,STAR_WAVE_G8,9.43396852383443E-06,5.4210784766116E-07,0,0,0
HD21693,51.803771,-58.32426,2454708.8906474,-4.972613,0.791342,39765.079669,0.786256,-9.898473,0.490801,39764.479491,0.406544,-9.880707,0.490925,12.059975,4.125762,-21.799819,0.838657,0.449903,0.000513,0.26206,0.000625,0.348179,0.000808,0,6.801115,53.077055,-0.045558,39.6,148.1,2454708.89075,4.69152,4.69147,0.535,-9999999,0.262651,-0.610044,0.620755,-0.862829,0.672994,0.46,900,12.079753,4.077634,2008-08-30T09:13:14.987,-9999999,G2,072.C-0488(E),Mayor,-9999999,HARPS_ech_obs_all,HARPS_ech_obs_thosimult,STAR_WAVE_G8,9.12550560359308E-06,4.65314956621166E-07,0,0,0
HD21693,51.803771,-58.32426,2454709.8864124,-3.983764,0.728421,39766.087882,0.791352,-9.474283,0.453954,39764.653678,0.376226,-9.47405,0.453952,8.328276,4.365204,-20.266169,1.056033,0.449828,0.000475,0.266902,0.000576,0.3474,0.000746,0,6.800239,53.067713,-0.043898,39.6,160,2454709.88653,4.549971,4.549906,0.11,-9999999,0.262799,-1.174702,0.56967,-1.697003,0.696198,0.49,900,8.351138,4.319862,2008-08-31T09:06:40.760,-9999999,G2,072.C-0488(E),Mayor,-9999999,HARPS_ech_obs_all,HARPS_ech_obs_thosimult,STAR_WAVE_G8,7.91636426576636E-06,4.03515617373782E-07,0,0,0
HD21693,51.803771,-58.32426,2454720.760473,-0.725128,0.630238,39771.57062,0.576609,-6.184029,0.461576,39770.102581,0.380964,-6.171284,0.461734,5.351732,4.729585,-15.220082,0.965853,0.451601,0.000484,0.267357,0.000588,0.349864,0.000764,0,6.802273,53.023996,-0.039433,39.6,157,2454720.76005,3.022839,3.023484,0.197,-9999999,0.264415,-1.143084,0.429124,-1.732454,0.432833,0.54,900,5.378942,4.703736,2008-09-11T06:04:22.934,-9999999,G2,072.C-0488(E),Mayor,-9999999,HARPS_ech_obs_all,HARPS_ech_obs_thosimult,STAR_WAVE_G8,8.67140072581748E-06,3.88193122444988E-07,0,0,0
HD21693,51.803771,-58.32426,2454721.8678197,-4.540647,1.051325,39772.489227,1.108565,-9.343959,0.606257,39771.464471,0.500423,-9.299279,0.60634,-9.261745,5.225999,-18.131311,0.993246,0.452749,0.000632,0.266781,0.000771,0.356123,0.001,0,6.806622,53.047738,-0.040659,39.6,120.2,2454721.86416,2.711597,2.71721,0.041,-9999999,0.264579,-0.487496,0.858916,-1.289335,0.989188,0.85,900,-9.238047,5.189207,2008-09-12T08:34:17.800,-9999999,G2,072.C-0488(E),Mayor,-9999999,HARPS_ech_obs_all,HARPS_ech_obs_thosimult,STAR_WAVE_G8,9.47837573199472E-06,5.95935672962906E-07,0,0,0
HD21693,51.803771,-58.32426,2454730.8701663,1.076527,0.717758,39772.373758,0.874287,-2.651332,0.400028,39771.940952,0.331216,-2.64289,0.400023,-0.690246,3.563756,-17.925976,0.96041,0.450148,0.00042,0.266928,0.000508,0.355515,0.000658,0,6.802283,53.026985,-0.043062,39.6,181.6,2454730.87028,1.225982,1.225943,0.503,-9999999,0.265917,0.587957,0.595948,-0.698723,0.809119,0.49,900,-0.66334,3.552757,2008-09-21T08:42:59.362,-9999999,G2,072.C-0488(E),Mayor,-9999999,HARPS_ech_obs_all,HARPS_ech_obs_thosimult,STAR_WAVE_G8,8.47328437888295E-06,3.44102914255285E-07,0,0,0
HD21693,51.803771,-58.32426,2454733.8045737,-3.203178,0.925685,39767.079437,1.029097,-6.723132,0.345245,39768.023362,0.283891,-6.684757,0.345384,10.805199,3.223629,-14.195246,0.746068,0.449204,0.000358,0.261979,0.000434,0.34808,0.000563,0,6.803727,53.004955,-0.039719,39.6,212.2,2454733.80469,0.81742,0.817392,0.1,-9999999,0.266354,0.795863,0.858894,0.677571,0.989165,0.49,900,10.823006,3.177216,2008-09-24T07:08:31.297,-9999999,G2,072.C-0488(E),Mayor,-9999999,HARPS_ech_obs_all,HARPS_ech_obs_thosimult,STAR_WAVE_G8,8.27062332648399E-06,3.83069742912716E-07,0,0,0
HD21693,51.803771,-58.32426,2454734.8115409,-6.382994,0.717967,39765.313123,0.723045,-9.862172,0.438778,39765.579563,0.36554,-9.822693,0.438897,3.424232,4.932894,-16.25797,0.898907,0.449959,0.000466,0.267499,0.000565,0.355508,0.000731,0,6.803443,53.029408,-0.038717,39.6,163.7,2454734.81166,0.636827,0.636797,0.676,-9999999,0.266503,0.836639,0.568287,-0.000063,0.623839,0.49,900,3.43797,4.896677,2008-09-25T07:18:33.068,-9999999,G2,072.C-0488(E),Mayor,-9999999,HARPS_ech_obs_all,HARPS_ech_obs_thosimult,STAR_WAVE_G8,8.72160676873031E-06,4.18287877471203E-07,0,0,0
HD21693,51.803771,-58.32426,2454736.8206853,-5.512245,0.674843,39764.685515,0.762861,-8.991184,0.476368,39765.334489,0.396209,-8.971279,0.476393,1.479385,4.695218,-12.321204,0.971704,0.449511,0.000498,0.267332,0.000607,0.355798,0.000786,0,6.807331,53.002682,-0.043326,39.6,152.4,2454736.8208,0.281408,0.281358,-0.042,-9999999,0.266802,0.836878,0.478002,0.382172,0.651901,0.49,1200,1.494795,4.654433,2008-09-27T07:29:15.887,-9999999,G2,072.C-0488(E),Mayor,-9999999,HARPS_ech_obs_all,HARPS_ech_obs_thosimult,STAR_WAVE_G8,8.29562563886651E-06,4.50693697964105E-07,0,0,0
HD21693,51.803771,-58.32426,2454743.8479894,-4.147593,0.960253,39765.86056,1.051214,-7.572051,0.429374,39766.878484,0.355774,-7.56118,0.429454,-3.218879,4.116378,-13.054376,0.855974,0.449644,0.000446,0.266962,0.000542,0.356184,0.000703,0,6.806625,52.99521,-0.041577,39.6,170.3,2454743.8481,-0.958724,-0.958759,0.58,-9999999,0.267846,0.891359,0.858908,0.750078,0.98918,0.46,900,-3.211697,4.081292,2008-10-04T08:11:29.587,-9999999,G2,072.C-0488(E),Mayor,-9999999,HARPS_ech_obs_all,HARPS_ech_obs_thosimult,STAR_WAVE_G8,9.94119098313447E-06,4.8585992890513E-07,0,0,0
HD21693,51.803771,-58.32426,2454745.7208449,-2.463992,0.862619,39767.811118,1.042541,-6.168438,0.396904,39768.687354,0.329353,-6.141161,0.39708,-6.829499,3.682727,-14.408516,0.767743,0.449286,0.000415,0.2685,0.000508,0.353885,0.000654,0,6.809154,52.996079,-0.04335,39.6,182.5,2454745.72096,-1.112877,-1.112908,0.317,-9999999,0.268125,0.611371,0.765885,0.608111,0.98915,0.5,900,-6.824336,3.648227,2008-10-06T05:07:48.878,-9999999,G2,072.C-0488(E),Mayor,-9999999,HARPS_ech_obs_all,HARPS_ech_obs_thosimult,STAR_WAVE_G8,9.71514672367593E-06,4.70635926438292E-07,0,0,0
HD21693,51.803771,-58.32426,2454747.8347009,-2.483252,0.938767,39768.120638,1.038236,-6.398919,0.378904,39768.250117,0.315384,-6.373057,0.379023,5.417033,4.108823,-18.088673,0.780877,0.450726,0.000404,0.263953,0.00049,0.347174,0.00063,0,6.806864,53.031743,-0.043048,39.6,190,2454747.83482,-1.620034,-1.620075,0.469,-9999999,0.268439,0.40015,0.858904,-0.13896,0.989175,0.49,900,5.417512,4.076343,2008-10-08T07:51:55.882,-9999999,G2,072.C-0488(E),Mayor,-9999999,HARPS_ech_obs_all,HARPS_ech_obs_thosimult,STAR_WAVE_G8,1.03208152170579E-05,4.29217980972803E-07,0,0,0
HD21693,51.803771,-58.32426,2454763.6878904,-5.106188,0.992699,39765.149883,1.072567,-8.644979,0.497771,39766.180407,0.414707,-8.636794,0.497924,0.589248,4.215742,-17.764015,1.044113,0.451187,0.000532,0.263065,0.000649,0.354479,0.000834,0,6.80829,53.033527,-0.040584,39.6,144,2454763.68801,-4.042002,-4.042043,0.289,-9999999,0.270795,0.777026,0.85888,0.759729,0.98915,0.49,900,0.584737,4.168948,2008-10-24T04:20:44.517,-9999999,G2,072.C-0488(E),Mayor,-9999999,HARPS_ech_obs_all,HARPS_ech_obs_thosimult,STAR_WAVE_G8,8.4443328157666E-06,5.47851871474113E-07,0,0,0
HD21693,51.803771,-58.32426,2454765.6802472,-4.867476,0.858107,39764.071297,0.740373,-8.186169,0.719448,39765.431459,0.59105,-8.205945,0.719591,11.054586,6.387797,-16.134921,1.740496,0.450145,0.000756,0.267945,0.000933,0.357331,0.001209,0,6.805768,52.996397,-0.042743,39.6,100.6,2454765.68037,-4.34707,-4.34712,0.321,-9999999,0.271091,0.997123,0.4677,1.089071,0.445884,0.5,900,11.035316,6.360033,2008-10-26T04:09:37.598,-9999999,G2,072.C-0488(E),Mayor,-9999999,HARPS_ech_obs_all,HARPS_ech_obs_thosimult,STAR_WAVE_G8,1.22408053808054E-05,6.36030098271258E-07,0,0,0
HD21693,51.803771,-58.32426,2454766.7006218,-3.810549,0.65898,39766.529368,0.551613,-5.939692,0.444329,39769.210183,0.372952,-5.934309,0.444489,-7.374768,3.85817,-17.110661,0.971531,0.449565,0.000477,0.26729,0.000578,0.35671,0.000751,0,6.803081,53.020125,-0.041087,39.6,160.1,2454766.70075,-4.532156,-4.532215,0.394,-9999999,0.271243,2.186673,0.486649,2.409572,0.406428,0.52,900,-7.396788,3.823134,2008-10-27T04:38:41.288,-9999999,G2,072.C-0488(E),Mayor,-9999999,HARPS_ech_obs_all,HARPS_ech_obs_thosimult,STAR_WAVE_G8,8.38815601148325E-06,4.50497601007964E-07,0,0,0
HD21693,51.803771,-58.32426,2454767.6818095,-5.693778,0.883507,39764.940544,0.83266,-7.488839,0.405643,39767.396803,0.339134,-7.451899,0.405782,-0.074391,4.083317,-17.53928,0.84169,0.449604,0.000435,0.262175,0.000526,0.349305,0.000682,0,6.800124,53.02354,-0.042026,39.6,175.8,2454767.68192,-4.66007,-4.660107,0.656,-9999999,0.271389,2.520756,0.784881,2.18487,0.760468,0.48,900,-0.087004,4.042141,2008-10-28T04:12:13.223,-9999999,G2,072.C-0488(E),Mayor,-9999999,HARPS_ech_obs_all,HARPS_ech_obs_thosimult,STAR_WAVE_G8,8.28310124633249E-06,3.40122717378429E-07,0,0,0
HD21693,51.803771,-58.32426,2454774.6660602,-1.125689,0.977208,39769.517126,1.062014,-3.937675,0.46611,39771.674974,0.386594,-3.922742,0.466119,5.361352,4.140695,-13.362369,1.055768,0.453152,0.00049,0.262973,0.000599,0.358002,0.000775,0,6.809026,52.996372,-0.037916,39.6,155.5,2454774.66618,-5.679035,-5.679083,0.351,-9999999,0.272427,1.503831,0.858882,1.885421,0.989151,0.49,900,5.34454,4.121507,2008-11-04T03:49:34.050,-9999999,G2,072.C-0488(E),Mayor,-9999999,HARPS_ech_obs_all,HARPS_ech_obs_thosimult,STAR_WAVE_G8,8.78456734881174E-06,4.14213763751376E-07,0,0,0
HD21693,51.803771,-58.32426,2454775.726709,-0.569529,1.014386,39769.233962,1.086244,-3.214826,0.539724,39771.616719,0.448895,-3.192216,0.539772,7.339335,4.175621,-16.209405,1.181228,0.448909,0.000567,0.268002,0.000694,0.356287,0.000899,0,6.809547,53.007082,-0.04273,39.6,134,2454775.72681,-5.909814,-5.909858,0,-9999999,0.272584,1.67052,0.858881,2.110173,0.98915,0.45,900,7.317337,4.159355,2008-11-05T05:17:31.894,-9999999,G2,072.C-0488(E),Mayor,-9999999,HARPS_ech_obs_all,HARPS_ech_obs_thosimult,STAR_WAVE_G8,9.51554848902539E-06,4.52265023135005E-07,0,0,0
HD21693,51.803771,-58.32426,2454776.5907672,1.32899,0.993584,39771.24196,1.072436,-1.537011,0.499507,39773.598899,0.41433,-1.564979,0.499636,3.266289,4.832283,-12.286991,1.061704,0.45138,0.000523,0.267174,0.000639,0.356922,0.000829,0,6.808021,52.986859,-0.03961,39.6,145,2454776.59088,-5.86531,-5.865324,0.105,-9999999,0.272713,1.449816,0.858896,2.084226,0.989166,0.49,900,3.249549,4.826574,2008-11-06T02:01:12.000,-9999999,G2,072.C-0488(E),Mayor,-9999999,HARPS_ech_obs_all,HARPS_ech_obs_thosimult,STAR_WAVE_G8,1.03323689276616E-05,5.06994847028647E-07,0,0,0
HD21693,51.803771,-58.32426,2454777.667951,2.092198,0.874837,39772.670653,1.056133,-0.637075,0.444932,39774.728833,0.370133,-0.628628,0.444963,-0.569257,4.247811,-15.647679,1.032992,0.452486,0.000471,0.266205,0.000568,0.356986,0.000739,0,6.808738,53.00905,-0.043233,39.6,162.2,2454777.66806,-6.102531,-6.102568,-0.036,-9999999,0.272873,1.586544,0.753244,1.785307,0.989151,0.47,900,-0.593271,4.245452,2008-11-07T03:52:40.570,-9999999,G2,072.C-0488(E),Mayor,-9999999,HARPS_ech_obs_all,HARPS_ech_obs_thosimult,STAR_WAVE_G8,9.52946923045297E-06,3.73765213465085E-07,0,0,0
HD21693,51.803771,-58.32426,2454778.636401,1.843686,0.925118,39771.752498,1.02808,-1.06582,0.343742,39774.010706,0.280216,-1.066129,0.343944,-0.194168,3.146261,-16.350961,0.900894,0.45104,0.000359,0.261373,0.000432,0.35066,0.000563,0,6.809016,53.020691,-0.039791,39.6,212.9,2454778.63651,-6.195326,-6.19537,0.761,-9999999,0.273017,1.406311,0.858885,1.985191,0.989155,0.48,900,-0.214426,3.146258,2008-11-08T03:07:07.394,-9999999,G2,072.C-0488(E),Mayor,-9999999,HARPS_ech_obs_all,HARPS_ech_obs_thosimult,STAR_WAVE_G8,9.6888399860157E-06,3.40786943613945E-07,0,0,0
HD21693,51.803771,-58.32426,2454779.6609514,4.045879,1.001716,39773.097078,1.078221,1.065591,0.515516,39775.240069,0.429115,1.105665,0.515657,-3.488163,5.195679,-13.846698,1.335009,0.450232,0.000543,0.263116,0.000665,0.358218,0.00086,0,6.81157,53.000388,-0.040924,39.6,140.1,2454779.66106,-6.363903,-6.363956,-0.033,-9999999,0.273169,1.335528,0.858882,1.869822,0.989152,0.48,900,-3.504403,5.202085,2008-11-09T03:42:30.420,-9999999,G2,072.C-0488(E),Mayor,-9999999,HARPS_ech_obs_all,HARPS_ech_obs_thosimult,STAR_WAVE_G8,9.21629092721582E-06,5.99316140924004E-07,0,0,0
HD21693,51.803771,-58.32426,2454800.7022524,-6.494638,0.891257,39764.154771,0.960531,-11.539435,0.422137,39763.991735,0.350045,-11.534297,0.42222,7.936491,3.959748,-20.247781,0.768263,0.450876,0.000447,0.2619,0.000539,0.357944,0.0007,0,6.797087,53.052262,-0.041832,39.6,171.8,2454800.70237,-8.779468,-8.779551,-0.013,-9999999,0.276297,-0.72898,0.784946,-0.439333,0.894476,0.48,900,7.953685,3.891707,2008-11-30T04:42:45.215,-9999999,G2,072.C-0488(E),Mayor,-9999999,HARPS_ech_obs_all,HARPS_ech_obs_thosimult,STAR_WAVE_G8,8.62052077290777E-06,3.83046058434106E-07,0,0,0
HD21693,51.803771,-58.32426,2454801.6687247,-9.55784,0.758774,39760.682379,0.777643,-12.813075,0.363675,39763.122356,0.299189,-12.772039,0.363712,3.886379,3.849698,-18.032282,0.922221,0.450268,0.000383,0.261846,0.000461,0.357352,0.000599,0,6.800481,53.035736,-0.0419,39.6,200.4,2454801.66884,-8.818221,-8.818323,0.26,-9999999,0.27644,1.060582,0.665942,2.163537,0.717785,0.48,900,3.905675,3.769253,2008-12-01T03:54:30.853,-9999999,G2,072.C-0488(E),Mayor,-9999999,HARPS_ech_obs_all,HARPS_ech_obs_thosimult,STAR_WAVE_G8,8.32620836070359E-06,3.96004732777609E-07,0,0,0
HD21693,51.803771,-58.32426,2454802.6640973,-9.177523,0.864182,39760.10539,0.801663,-11.555474,0.398554,39763.166605,0.330392,-11.568918,0.398681,1.176617,4.11355,-17.530052,0.7771,0.450397,0.000421,0.261356,0.000509,0.356966,0.00066,0,6.802462,53.025549,-0.040986,39.6,182,2454802.66422,-8.894244,-8.894359,0.297,-9999999,0.276588,1.937866,0.766789,2.784627,0.730414,0.5,900,1.200289,4.050763,2008-12-02T03:47:35.581,-9999999,G2,072.C-0488(E),Mayor,-9999999,HARPS_ech_obs_all,HARPS_ech_obs_thosimult,STAR_WAVE_G8,8.55256772149115E-06,3.84284338656506E-07,0,0,0
HD21693,51.803771,-58.32426,2454803.6662193,-11.404159,0.879342,39761.58235,1.027993,-13.717675,0.342732,39761.553329,0.279909,-13.686347,0.342827,8.775057,3.135687,-19.724468,0.917806,0.450736,0.00036,0.265981,0.00043,0.357177,0.000561,0,6.800928,53.038705,-0.040918,39.6,213.8,2454803.66633,-8.97696,-8.977059,0.221,-9999999,0.276737,2.002301,0.809801,-0.305758,0.989151,0.46,900,8.798961,3.036663,2008-12-03T03:51:17.495,-9999999,G2,072.C-0488(E),Mayor,-9999999,HARPS_ech_obs_all,HARPS_ech_obs_thosimult,STAR_WAVE_G8,8.42501246166446E-06,3.39828202647463E-07,0,0,0
HD21693,51.803771,-58.32426,2454804.689079,-9.758449,0.963951,39761.116768,1.054548,-14.279708,0.437637,39761.168253,0.365588,-14.242218,0.437742,13.821196,3.437942,-18.4078,1.065469,0.450844,0.00047,0.267249,0.000566,0.357942,0.000735,0,6.804243,53.043969,-0.043301,39.6,164,2454804.6892,-9.085233,-9.085347,-0.047,-9999999,0.276889,-0.205442,0.85888,-0.225404,0.98915,0.51,900,13.83626,3.336387,2008-12-04T04:23:30.215,-9999999,G2,072.C-0488(E),Mayor,-9999999,HARPS_ech_obs_all,HARPS_ech_obs_thosimult,STAR_WAVE_G8,9.20573561156564E-06,4.74377345013994E-07,0,0,0
HD21693,51.803771,-58.32426,2454806.6514963,-7.020246,0.823083,39763.031186,0.912874,-11.78734,0.445692,39762.463116,0.371551,-11.786544,0.445805,2.336109,3.350247,-17.326873,0.964633,0.454893,0.000476,0.268,0.000575,0.35609,0.000745,0,6.805116,53.027177,-0.044097,39.6,161.3,2454806.65161,-9.178519,-9.178625,-0.161,-9999999,0.277181,-0.451277,0.691971,-0.845251,0.83384,0.48,900,2.355061,3.270057,2008-12-06T03:29:55.211,-9999999,G2,072.C-0488(E),Mayor,-9999999,HARPS_ech_obs_all,HARPS_ech_obs_thosimult,STAR_WAVE_G8,9.1290255120934E-06,4.03019113898419E-07,0,0,0
HD21693,51.803771,-58.32426,2455025.9223218,0.028751,0.986303,39770.439732,0.998884,-3.055692,0.606076,39771.332938,0.503001,-3.046541,0.606314,-0.643659,4.789359,13.344145,1.273942,0.453651,0.000635,0.2688,0.000775,0.357661,0.001001,0,6.834869,52.797395,-0.033321,39.6,120.2,2455025.92231,9.428668,9.428697,-0.164,-9999999,0.309771,1.231373,0.778116,0.583435,0.862994,0.51,1000.0001,-0.662175,4.777201,2009-07-13T09:58:58.946,-9999999,G2,183.C-0972(A),Udry,-9999999,HARPS_ech_obs_all,HARPS_ech_obs_thosimult,STAR_WAVE_G8,1.08536203979755E-05,6.26555462426231E-07,0,0,0
HD21693,51.803771,-58.32426,2455040.9086543,3.743645,1.212538,39773.618793,1.149403,-1.094613,1.097525,39773.511325,0.909857,-1.08875,1.097615,-3.092616,9.327519,3.12888,2.228951,0.452098,0.001115,0.268554,0.001391,0.348339,0.001795,0,6.82877,52.832366,-0.035779,39.6,69,2455040.90865,8.522673,8.522723,-0.206,-9999999,0.311999,-0.522441,0.515448,-0.419467,0.702345,0.44,899.9996,-3.083107,9.324959,2009-07-28T09:40:33.613,-9999999,G2,183.C-0972(A),Udry,-9999999,HARPS_ech_obs_all,HARPS_ech_obs_thosimult,STAR_WAVE_G8,6.24839009713683E-06,1.08660477736902E-06,0,0,0
HD21693,51.803771,-58.32426,2455041.9068818,3.938488,0.802245,39773.608771,1.071228,-1.293436,0.490064,39773.425287,0.411092,-1.305387,0.490117,-4.303484,3.686987,2.9314,0.977269,0.454654,0.000516,0.268385,0.000627,0.349016,0.000811,0,6.821697,52.87482,-0.041449,39.6,147.8,2455041.90688,8.442938,8.442987,0.339,-9999999,0.312147,-0.916107,0.635165,-0.495631,0.989209,0.48,899.9999,-4.293591,3.683466,2009-07-29T09:37:22.062,-9999999,G2,183.C-0972(A),Udry,-9999999,HARPS_ech_obs_all,HARPS_ech_obs_thosimult,STAR_WAVE_G8,1.13238888947124E-05,5.02505345769158E-07,0,0,0
HD21693,51.803771,-58.32426,2455043.910418,5.599463,1.048081,39778.537526,1.013823,0.786299,0.600583,39775.476677,0.501031,0.834677,0.600669,-10.645825,4.926198,5.244426,1.014909,0.449379,0.000636,0.26387,0.000777,0.357538,0.001001,0,6.827469,52.854508,-0.039083,39.6,120.4,2455043.91041,8.267635,8.2677,0.009,-9999999,0.312445,-0.497348,0.858937,-3.373294,0.881365,0.56,900.0008,-10.626422,4.931543,2009-07-31T09:41:10.822,-9999999,G2,183.C-0972(A),Udry,-9999999,HARPS_ech_obs_all,HARPS_ech_obs_thosimult,STAR_WAVE_G8,1.12410799378731E-05,4.84963020498785E-07,0,0,0
HD21693,51.803771,-58.32426,2455045.89979,6.006308,0.994152,39777.814323,1.074284,1.135723,0.500575,39777.648836,0.418998,1.171448,0.500763,-4.893842,4.671451,3.407972,0.8333,0.450646,0.000531,0.262716,0.000645,0.356031,0.000832,0,6.825291,52.848916,-0.037177,39.6,144,2455045.89978,8.101612,8.101688,0.185,-9999999,0.312741,-0.554768,0.858932,-0.478228,0.989205,0.52,900,-4.884074,4.678517,2009-08-02T09:26:23.922,-9999999,G2,183.C-0972(A),Udry,-9999999,HARPS_ech_obs_all,HARPS_ech_obs_thosimult,STAR_WAVE_G8,1.02093747505158E-05,5.44743836880145E-07,0,0,0
HD21693,51.803771,-58.32426,2455046.8815225,7.081708,1.114214,39777.523137,1.14916,2.184046,0.709735,39777.283752,0.58486,2.194507,0.709853,1.860218,4.961175,3.303785,1.350637,0.449811,0.00074,0.261438,0.000907,0.358807,0.001176,0,6.832656,52.856328,-0.035742,39.6,103.2,2455046.88152,8.031407,8.031479,-0.06,-9999999,0.312887,-0.581846,0.858923,-0.552272,0.989195,0.44,899.9991,1.876528,4.96877,2009-08-03T09:01:15.359,-9999999,G2,183.C-0972(A),Udry,-9999999,HARPS_ech_obs_all,HARPS_ech_obs_thosimult,STAR_WAVE_G8,1.07947198557462E-05,5.62812897755056E-07,0,0,0
HD21693,51.803771,-58.32426,2455073.8947939,-3.120812,0.942253,39767.386929,1.041509,-6.883579,0.387404,39767.903897,0.325914,-6.861739,0.387548,-9.115931,4.022118,2.349984,0.867482,0.450016,0.000412,0.262459,0.000497,0.347434,0.000642,0,6.82177,52.86621,-0.038525,39.6,186.4,2455073.89478,4.719338,4.719454,-0.069,-9999999,0.316902,0.55305,0.858929,0.200066,0.989202,0.51,900.0004,-9.113051,3.985897,2009-08-30T09:18:28.945,-9999999,G2,183.C-0972(A),Udry,-9999999,HARPS_ech_obs_all,HARPS_ech_obs_thosimult,STAR_WAVE_G8,1.18701726214053E-05,3.9428161846634E-07,0,0,0
HD21693,51.803771,-58.32426,2455075.8830038,-3.731369,0.7014,39767.272287,0.759353,-5.572502,0.502345,39769.477148,0.42308,-5.530524,0.502475,-3.276946,4.57521,7.276538,0.850727,0.448818,0.000536,0.268227,0.000649,0.353697,0.000836,0,6.829608,52.814858,-0.036105,39.6,143.1,2455075.883,4.442427,4.442532,-0.546,-9999999,0.317197,2.474684,0.489502,1.887664,0.630572,0.49,899.9991,-3.272387,4.549328,2009-09-01T09:01:45.664,-9999999,G2,183.C-0972(A),Udry,-9999999,HARPS_ech_obs_all,HARPS_ech_obs_thosimult,STAR_WAVE_G8,1.08714685507691E-05,4.70590191915724E-07,0,0,0
HD21693,51.803771,-58.32426,2455076.9091618,-1.808448,1.194043,39769.404022,1.20158,-4.555053,0.850108,39770.680036,0.691599,-4.490691,0.850277,7.434207,7.135666,9.008669,1.697421,0.44946,0.000883,0.264659,0.001092,0.353077,0.001395,0,6.832283,52.806217,-0.034778,39.6,87.1,2455076.90916,4.254339,4.254455,0,-9999999,0.31735,1.569212,0.838484,0.958664,0.982591,0.47,900,7.439176,7.123613,2009-09-02T09:39:42.425,-9999999,G2,183.C-0972(A),Udry,-9999999,HARPS_ech_obs_all,HARPS_ech_obs_thosimult,STAR_WAVE_G8,1.19592949858222E-05,6.54040671690591E-07,0,0,0
HD21693,51.803771,-58.32426,2455103.8232387,4.771995,0.951863,39775.415358,0.825503,-1.029948,0.698774,39773.684158,0.580179,-1.0525,0.698863,-7.811158,5.287322,8.051184,1.2454,0.453212,0.000743,0.26265,0.000903,0.350855,0.001173,0,6.832438,52.829078,-0.035801,39.6,103.9,2455103.82323,-0.022336,-0.022205,0.537,-9999999,0.32135,-1.486126,0.646342,-2.05255,0.587237,0.49,899.9991,-7.808584,5.286587,2009-09-29T07:35:23.782,-9999999,G2,183.C-0972(A),Udry,-9999999,HARPS_ech_obs_all,HARPS_ech_obs_thosimult,STAR_WAVE_G8,8.57485793800492E-06,6.19873868290708E-07,0,0,0
HD21693,51.803771,-58.32426,2455108.80385,4.441542,1.272877,39773.285146,1.256035,-0.452378,0.939424,39773.179721,0.774066,-0.446798,0.939631,15.425347,7.755447,12.888273,1.746657,0.449892,0.000996,0.265068,0.001228,0.358123,0.001582,0,6.824454,52.731904,-0.036172,39.6,78.2,2455108.80385,-0.844364,-0.844234,-0.452,-9999999,0.32209,-0.578103,0.858894,-0.427515,0.989164,0.55,899.9993,15.419578,7.753589,2009-10-04T07:06:35.222,-9999999,G2,183.C-0972(A),Udry,-9999999,HARPS_ech_obs_all,HARPS_ech_obs_thosimult,STAR_WAVE_G8,1.30142837617802E-05,7.30012491525479E-07,0,0,0
HD21693,51.803771,-58.32426,2455110.782756,8.953436,1.363928,39779.049127,1.331607,4.056024,1.059533,39779.004421,0.891483,4.047754,1.059811,24.331991,6.973103,10.517186,2.26212,0.455989,0.001132,0.269778,0.001391,0.352423,0.001786,0,6.827141,52.754932,-0.037875,39.6,69.4,2455110.78275,-1.152592,-1.152463,0,-9999999,0.322384,-0.581595,0.858889,-0.36709,0.989159,0.53,899.9992,24.321411,6.982677,2009-10-06T06:36:31.277,-9999999,G2,183.C-0972(A),Udry,-9999999,HARPS_ech_obs_all,HARPS_ech_obs_thosimult,STAR_WAVE_G8,9.479691026979E-06,9.17642818229353E-07,0,0,0
HD21693,51.803771,-58.32426,2455112.8007033,9.925463,0.880799,39779.604338,1.004782,5.676185,0.457988,39779.853099,0.385035,5.689123,0.45821,-7.969149,4.161483,8.091733,0.88978,0.452727,0.000483,0.262489,0.000584,0.348238,0.000756,0,6.839316,52.804122,-0.037771,39.6,159,2455112.8007,-1.519282,-1.519155,0.016,-9999999,0.322684,0.066539,0.752365,-0.073923,0.928081,0.53,900.0003,-7.969131,4.187745,2009-10-08T07:02:22.706,-9999999,G2,183.C-0972(A),Udry,-9999999,HARPS_ech_obs_all,HARPS_ech_obs_thosimult,STAR_WAVE_G8,1.38271946353559E-05,5.14561966851719E-07,0,0,0
HD21693,51.803771,-58.32426,2455115.7959238,11.160816,0.910444,39780.940126,0.947807,6.64476,0.49837,39781.889264,0.419077,6.72828,0.498614,-3.164064,4.822142,16.854702,1.069572,0.456982,0.000526,0.269208,0.000638,0.358184,0.000827,0,6.849944,52.744504,-0.031903,39.6,145.8,2455115.79592,-2.020252,-2.02012,0.501,-9999999,0.323129,-0.200239,0.761929,0.626009,0.850125,0.51,899.9998,-3.184732,4.850517,2009-10-11T06:55:49.274,-9999999,G2,183.C-0972(A),Udry,-9999999,HARPS_ech_obs_all,HARPS_ech_obs_thosimult,STAR_WAVE_G8,1.48526116352841E-05,5.68051691794813E-07,0,0,0
HD21693,51.803771,-58.32426,2455123.7867606,-7.8522,0.816117,39763.806292,0.804499,-11.875884,0.380363,39764.358513,0.319495,-11.867532,0.380539,0.407139,3.409817,3.606877,0.817753,0.450566,0.000401,0.268111,0.000484,0.357733,0.000629,0,6.82525,52.855015,-0.0316,39.6,191,2455123.78675,-3.343182,-3.343059,-0.007,-9999999,0.324317,0.292133,0.722061,0.227904,0.738337,0.5,899.9995,0.413822,3.333231,2009-10-19T06:42:52.710,-9999999,G2,183.C-0972(A),Udry,-9999999,HARPS_ech_obs_all,HARPS_ech_obs_thosimult,STAR_WAVE_G8,1.28251033477438E-05,3.08708995974625E-07,0,0,0
HD21693,51.803771,-58.32426,2455127.8437318,-3.387473,0.922806,39767.488027,1.028593,-8.250102,0.337416,39767.73303,0.28201,-8.235135,0.337662,4.985252,2.936783,-2.839197,0.658459,0.449954,0.00036,0.263571,0.000434,0.355549,0.000559,0,6.821164,52.891302,-0.035701,39.6,214.9,2455127.84373,-4.070693,-4.07057,0.191,-9999999,0.32492,-0.546812,0.858907,-0.079917,0.989178,0.51,900,4.979854,2.868088,2009-10-23T08:04:50.275,-9999999,G2,183.C-0972(A),Udry,-9999999,HARPS_ech_obs_all,HARPS_ech_obs_thosimult,STAR_WAVE_G8,1.26622168115235E-05,3.85841840851479E-07,0,0,0
HD21693,51.803771,-58.32426,2455129.7812036,1.306452,0.653645,39771.288457,0.809388,-4.013349,0.395107,39771.613579,0.331128,-4.045573,0.395226,-1.395332,3.872631,3.636727,0.922787,0.449425,0.000417,0.268173,0.000502,0.357771,0.000652,0,6.824889,52.847907,-0.03642,39.6,184.3,2455129.7812,-4.300005,-4.299901,0.489,-9999999,0.325208,-1.003984,0.520714,-0.000086,0.738555,0.55,900.0005,-1.410087,3.853232,2009-10-25T06:34:14.133,-9999999,G2,183.C-0972(A),Udry,-9999999,HARPS_ech_obs_all,HARPS_ech_obs_thosimult,STAR_WAVE_G8,1.24804050963336E-05,4.08978701983304E-07,0,0,0
HD21693,51.803771,-58.32426,2455139.7231879,1.914137,0.814842,39772.545503,0.847258,-2.267837,0.545746,39773.378637,0.457982,-2.261878,0.545874,-14.095107,4.419192,8.129677,1.040459,0.454762,0.000576,0.268597,0.000704,0.354684,0.000907,0,6.830928,52.816104,-0.03287,39.6,133.1,2455139.72318,-5.718864,-5.718742,1.082,-9999999,0.326686,0.133843,0.605086,0.506448,0.71281,0.52,900.0008,-14.11357,4.413693,2009-11-04T05:11:22.892,-9999999,G2,183.C-0972(A),Udry,-9999999,HARPS_ech_obs_all,HARPS_ech_obs_thosimult,STAR_WAVE_G8,1.11049022450669E-05,4.65386162744029E-07,0,0,0
HD21693,51.803771,-58.32426,2455140.7358966,2.489987,0.651977,39772.647026,0.512126,-2.520738,0.316435,39773.431649,0.263286,-2.486222,0.316607,-5.460097,2.928963,3.830473,0.679039,0.450446,0.000334,0.268168,0.000402,0.356032,0.00052,0,6.828262,52.830851,-0.03442,39.6,230.9,2455140.73589,-5.880293,-5.880182,-0.72,-9999999,0.326836,-0.694908,0.570037,0.457787,0.439265,0.5,899.9991,-5.469731,2.905007,2009-11-05T05:30:00.617,-9999999,G2,183.C-0972(A),Udry,-9999999,HARPS_ech_obs_all,HARPS_ech_obs_thosimult,STAR_WAVE_G8,1.28691986407474E-05,4.2184346787606E-07,0,0,0
HD21693,51.803771,-58.32426,2455142.7218656,3.003003,1.274198,39772.870591,1.175208,-1.618592,0.941225,39774.134468,0.777261,-1.578161,0.941482,-3.124347,7.911817,4.768371,1.781992,0.448732,0.000993,0.263847,0.001228,0.350171,0.001585,0,6.841039,52.81289,-0.034208,39.6,78.3,2455142.72186,-6.140248,-6.140136,0,-9999999,0.327131,-0.305778,0.858881,0.936746,0.881464,0.41,899.9993,-3.154163,7.907457,2009-11-07T05:11:12.768,-9999999,G2,183.C-0972(A),Udry,-9999999,HARPS_ech_obs_all,HARPS_ech_obs_thosimult,STAR_WAVE_G8,1.33671582996049E-05,6.65421131171063E-07,0,0,0
HD21693,51.803771,-58.32426,2455164.6017841,3.230738,0.930844,39773.914554,1.033449,-0.996299,0.358851,39774.244286,0.29929,-0.9971,0.359035,0.85805,3.884484,8.238291,0.69344,0.44986,0.000378,0.268395,0.000456,0.350402,0.000593,0,6.826439,52.801253,-0.036367,39.6,203.2,2455164.60178,-8.520882,-8.520813,-0.699,-9999999,0.330384,0.08878,0.858893,-0.000652,0.989163,0.47,900.0065,0.869993,3.877181,2009-11-29T02:18:10.694,-9999999,G2,183.C-0972(A),Udry,-9999999,HARPS_ech_obs_all,HARPS_ech_obs_thosimult,STAR_WAVE_G8,1.29389191207805E-05,3.94041661726165E-07,0,0,0
HD21693,51.803771,-58.32426,2455167.5899998,0.644111,0.923414,39772.218082,1.028683,-3.5938,0.339105,39772.545983,0.282382,-3.578013,0.339197,-3.952308,3.516203,8.501992,0.613216,0.449707,0.000357,0.262972,0.000432,0.357495,0.000558,0,6.832143,52.801788,-0.03334,39.6,215.5,2455167.59,-8.761981,-8.761927,0.424,-9999999,0.330828,0.077906,0.858896,-0.002927,0.989166,0.51,899.9995,-3.930371,3.500112,2009-12-02T02:00:44.040,-9999999,G2,183.C-0972(A),Udry,-9999999,HARPS_ech_obs_all,HARPS_ech_obs_thosimult,STAR_WAVE_G8,1.28677754216538E-05,3.55090890786332E-07,0,0,0
HD21693,51.803771,-58.32426,2455399.9268845,9.872406,1.108682,39782.07775,1.142118,5.676703,0.70099,39781.941386,0.570855,5.695612,0.701154,-72.527196,6.498701,18.568379,1.420828,0.451984,0.000671,0.260981,0.000821,0.356502,0.001062,0,6.847205,52.718836,-0.030909,39.6,113.4,2455399.92688,8.9545,8.954544,-0.33,-9999999,0.36536,0.120114,0.858946,-0.501724,0.989221,0.52,900.0004,-72.533844,6.510164,2010-07-22T10:05:52.464,-9999999,G2,183.C-0972(A),Udry,-9999999,HARPS_ech_obs_all,HARPS_ech_obs_thosimult,STAR_WAVE_G8,1.4469459355368E-05,6.10206583587897E-07,0,0,0
HD21693,51.803771,-58.32426,2455401.8908652,-0.699201,0.880161,39770.424083,0.929643,-5.126756,0.596551,39769.814278,0.497299,-5.108054,0.596685,-5.491737,5.181456,10.93943,1.21552,0.452203,0.000622,0.263599,0.000751,0.358014,0.00097,0,6.840298,52.796737,-0.033585,39.6,124.2,2455401.89086,8.862258,8.862301,-0.549,-9999999,0.365652,-0.111739,0.647155,-0.975457,0.785449,0.54,900.0005,-5.482243,5.160218,2010-07-24T09:13:37.419,-9999999,G2,183.C-0972(A),Udry,-9999999,HARPS_ech_obs_all,HARPS_ech_obs_thosimult,STAR_WAVE_G8,1.28326449878442E-05,5.40519560791181E-07,0,0,0
HD21693,51.803771,-58.32426,2455403.8878478,-1.275688,1.079822,39770.949582,1.128524,-5.450372,0.654417,39770.899443,0.543188,-5.426774,0.654395,-4.513281,6.064885,11.441419,1.284701,0.449953,0.000667,0.263555,0.000815,0.358266,0.001053,0,6.835083,52.79485,-0.02948,39.6,114.7,2455403.88784,8.722309,8.722361,0.239,-9999999,0.365949,0.141133,0.858926,-0.416088,0.989198,0.51,900.0004,-4.515923,6.048391,2010-07-26T09:09:38.728,-9999999,G2,183.C-0972(A),Udry,-9999999,HARPS_ech_obs_all,HARPS_ech_obs_thosimult,STAR_WAVE_G8,1.36078641162866E-05,6.27956402200993E-07,0,0,0
HD21693,51.803771,-58.32426,2455404.928505,1.213302,0.841656,39772.158092,0.908759,-5.916211,0.483436,39769.382943,0.405179,-5.907804,0.483536,3.706694,4.815572,4.706336,0.947758,0.449803,0.000483,0.268268,0.000587,0.356758,0.000761,0,6.829855,52.842683,-0.032886,39.6,157.4,2455404.92849,8.597376,8.597436,-0.224,-9999999,0.366104,-2.813696,0.688966,-3.141253,0.813432,0.5,900.0003,3.722953,4.789749,2010-07-27T10:08:17.949,-9999999,G2,183.C-0972(A),Udry,-9999999,HARPS_ech_obs_all,HARPS_ech_obs_thosimult,STAR_WAVE_G8,1.24311833288981E-05,5.71014166710235E-07,0,0,0
HD21693,51.803771,-58.32426,2455410.9262475,1.043743,1.045493,39771.089511,1.107776,-3.415304,0.596043,39770.909852,0.498609,-3.366081,0.596149,1.283083,4.712551,9.129165,1.25476,0.448442,0.000622,0.263192,0.000753,0.356312,0.000969,0,6.831827,52.820902,-0.035125,39.6,124.1,2455410.92624,8.096263,8.096329,0.128,-9999999,0.366995,-0.14323,0.858946,-0.546654,0.98922,0.52,900.0006,1.310015,4.701495,2010-08-02T10:04:30.597,-9999999,G2,183.C-0972(A),Udry,-9999999,HARPS_ech_obs_all,HARPS_ech_obs_thosimult,STAR_WAVE_G8,1.252183149632E-05,5.90745201964586E-07,0,0,0
HD21693,51.803771,-58.32426,2455411.8699861,5.356254,0.98936,39775.139001,0.87265,0.775947,0.717757,39775.593646,0.592209,0.795172,0.717989,-4.772855,6.868736,11.849398,1.395871,0.449176,0.000748,0.264228,0.000905,0.355678,0.001162,0,6.833564,52.791083,-0.0374,39.6,103.9,2455411.86998,8.075636,8.075702,0.274,-9999999,0.367135,-0.26449,0.680924,0.08751,0.640942,0.52,900.0007,-4.754856,6.872236,2010-08-03T08:43:27.438,-9999999,G2,183.C-0972(A),Udry,-9999999,HARPS_ech_obs_all,HARPS_ech_obs_thosimult,STAR_WAVE_G8,1.3738180883591E-05,6.40751782169531E-07,0,0,0
HD21693,51.803771,-58.32426,2455412.9238276,4.71799,0.88336,39774.608288,0.852062,0.832793,0.690771,39775.025079,0.573024,0.849691,0.690903,-13.7595,5.763512,12.121125,1.415237,0.451805,0.000734,0.263876,0.000883,0.359316,0.001142,0,6.83825,52.79281,-0.036575,39.6,106.3,2455412.92382,7.912629,7.912691,-0.4,-9999999,0.367292,0.430619,0.5506,0.049499,0.630597,0.49,900.0005,-13.737589,5.766818,2010-08-04T10:01:23.951,-9999999,G2,183.C-0972(A),Udry,-9999999,HARPS_ech_obs_all,HARPS_ech_obs_thosimult,STAR_WAVE_G8,1.49783022661608E-05,5.85358920162146E-07,0,0,0
HD21693,51.803771,-58.32426,2455414.9040284,4.799446,1.036685,39775.035045,1.101533,0.258694,0.580472,39775.248946,0.484608,0.276042,0.580486,4.474317,5.007265,12.870546,1.006189,0.450031,0.000596,0.268895,0.000718,0.350577,0.000931,0,6.837157,52.782147,-0.034271,39.6,129.5,2455414.90402,7.743231,7.7433,-0.03,-9999999,0.367586,-0.224935,0.858934,-0.153685,0.989207,0.42,900.0005,4.493015,5.009096,2010-08-06T09:33:51.867,-9999999,G2,183.C-0972(A),Udry,-9999999,HARPS_ech_obs_all,HARPS_ech_obs_thosimult,STAR_WAVE_G8,1.02826828260842E-05,5.70185333383005E-07,0,0,0
HD21693,51.803771,-58.32426,2455423.819301,9.11816,1.034944,39778.008913,0.935933,4.486069,0.667499,39779.354543,0.550277,4.513688,0.667607,-10.978039,6.433938,12.699725,1.486027,0.448995,0.000676,0.26776,0.000823,0.356428,0.001065,0,6.836108,52.76221,-0.035731,39.6,113.1,2455423.81929,6.854234,6.854319,-0.1,-9999999,0.368911,-0.316274,0.79092,0.976719,0.757077,0.49,900.0004,-10.966009,6.446795,2010-08-15T07:30:29.929,-9999999,G2,183.C-0972(A),Udry,-9999999,HARPS_ech_obs_all,HARPS_ech_obs_thosimult,STAR_WAVE_G8,1.21066766129275E-05,6.29788340927674E-07,0,0,0
HD21693,51.803771,-58.32426,2455424.8158779,8.814425,0.994615,39777.289637,0.967451,6.051084,0.753744,39779.601241,0.615909,6.068367,0.753869,-0.24099,6.221811,15.207495,1.847986,0.453384,0.000764,0.268621,0.000933,0.355629,0.001204,0,6.840522,52.758089,-0.035473,39.6,100.3,2455424.81587,6.737814,6.737891,-0.334,-9999999,0.369059,1.552476,0.648944,1.942545,0.746069,0.51,900.0002,-0.250584,6.23657,2010-08-16T07:25:14.266,-9999999,G2,183.C-0972(A),Udry,-9999999,HARPS_ech_obs_all,HARPS_ech_obs_thosimult,STAR_WAVE_G8,1.31345865747621E-05,6.54901329474642E-07,0,0,0
HD21693,51.803771,-58.32426,2455425.8025795,12.141677,1.033055,39782.298457,1.107239,7.647817,0.753796,39782.29408,0.61741,7.686189,0.753929,-13.631473,6.65894,21.32707,1.367749,0.449827,0.000763,0.261744,0.000934,0.35488,0.001203,0,6.841513,52.725159,-0.033986,39.6,100.5,2455425.80257,6.629861,6.629948,0.101,-9999999,0.369206,-0.178043,0.706395,-0.373583,0.91912,0.53,900.0003,-13.638538,6.677512,2010-08-17T07:05:45.431,-9999999,G2,183.C-0972(A),Udry,-9999999,HARPS_ech_obs_all,HARPS_ech_obs_thosimult,STAR_WAVE_G8,1.41052240564908E-05,6.98801288210179E-07,0,0,0
HD21693,51.803771,-58.32426,2455427.9118671,11.316652,0.899134,39783.582926,1.05809,8.371307,0.448625,39783.817437,0.37552,8.374341,0.448819,-5.343829,4.355284,19.648214,1.052463,0.449747,0.000456,0.269853,0.000548,0.34989,0.000709,0,6.833502,52.72172,-0.031744,39.6,169.2,2455427.91187,6.239018,6.239102,0.363,-9999999,0.36952,1.370471,0.779215,-0.135009,0.989212,0.49,900.0004,-5.332988,4.385301,2010-08-19T09:43:40.023,-9999999,G2,183.C-0972(A),Udry,-9999999,HARPS_ech_obs_all,HARPS_ech_obs_thosimult,STAR_WAVE_G8,1.1974760694379E-05,4.66892080922901E-07,0,0,0
HD21693,51.803771,-58.32426,2455428.8748155,10.855447,1.005211,39781.909983,1.080843,6.197068,0.522213,39781.964718,0.43557,6.234192,0.522235,-17.737788,4.789916,20.501834,1.03907,0.447491,0.000533,0.268936,0.000643,0.349287,0.000832,0,6.837186,52.7085,-0.030574,39.6,144.3,2455428.87481,6.163821,6.163904,-0.185,-9999999,0.369663,-0.342562,0.85892,-0.314928,0.989192,0.5,900.0003,-17.727679,4.809564,2010-08-20T08:50:08.058,-9999999,G2,183.C-0972(A),Udry,-9999999,HARPS_ech_obs_all,HARPS_ech_obs_thosimult,STAR_WAVE_G8,1.34176309115454E-05,4.33544750060117E-07,0,0,0
HD21693,51.803771,-58.32426,2455435.8601193,0.632529,0.809109,39770.560842,0.880671,-5.521417,0.386306,39769.447232,0.32332,-5.510285,0.386534,0.517017,3.476592,3.217401,0.970008,0.449789,0.000391,0.267388,0.000468,0.356191,0.000607,0,6.822756,52.827622,-0.037856,39.6,197,2455435.86011,5.241944,5.242063,-0.163,-9999999,0.370701,-1.83813,0.710933,-1.484311,0.819174,0.49,900.0007,0.524472,3.443838,2010-08-27T08:28:55.948,-9999999,G2,183.C-0972(A),Udry,-9999999,HARPS_ech_obs_all,HARPS_ech_obs_thosimult,STAR_WAVE_G8,1.31409773104802E-05,4.36363398995245E-07,0,0,0
HD21693,51.803771,-58.32426,2455436.819091,0.318566,0.672137,39770.59716,0.769874,-5.658877,0.352903,39769.952784,0.294213,-5.611462,0.353122,-6.759252,3.278905,7.164031,0.688366,0.448502,0.000357,0.268304,0.000428,0.353049,0.000551,0,6.823648,52.815224,-0.035866,39.6,215.8,2455436.81908,5.156692,5.156807,-0.349,-9999999,0.370844,-1.661626,0.572038,-1.01522,0.711438,0.47,900.0006,-6.761172,3.241351,2010-08-28T07:30:07.688,-9999999,G2,183.C-0972(A),Udry,-9999999,HARPS_ech_obs_all,HARPS_ech_obs_thosimult,STAR_WAVE_G8,1.20652948961625E-05,4.03329315541378E-07,0,0,0
HD21693,51.803771,-58.32426,2455438.870133,-1.709595,0.639584,39768.049089,0.660412,-6.55909,0.341972,39768.694985,0.28632,-6.547539,0.342142,3.73412,2.568597,1.418841,0.646396,0.449557,0.000352,0.262714,0.000419,0.354134,0.00054,0,6.819358,52.862551,-0.035576,39.6,220.4,2455438.87012,4.799649,4.799768,0.141,-9999999,0.371148,-0.533678,0.540484,0.274748,0.595117,0.52,900.0005,3.745624,2.517637,2010-08-30T08:42:49.828,-9999999,G2,183.C-0972(A),Udry,-9999999,HARPS_ech_obs_all,HARPS_ech_obs_thosimult,STAR_WAVE_G8,1.25966508446382E-05,3.73821596570463E-07,0,0,0
HD21693,51.803771,-58.32426,2455443.8936431,0.359627,0.923177,39770.080457,1.109109,-5.140063,0.602499,39769.507817,0.501602,-5.127963,0.602542,-8.963169,5.172559,9.935445,1.332803,0.455375,0.000617,0.262941,0.000747,0.357571,0.000966,0,6.834325,52.806573,-0.040675,39.6,124.7,2455443.89363,4.020574,4.020687,0,-9999999,0.371895,-1.183873,0.699465,-0.944535,0.989201,0.5,900.0005,-8.944528,5.152774,2010-09-04T09:16:52.737,-9999999,G2,183.C-0972(A),Udry,-9999999,HARPS_ech_obs_all,HARPS_ech_obs_thosimult,STAR_WAVE_G8,1.08715925887422E-05,6.66608248375244E-07,0,0,0
HD21693,51.803771,-58.32426,2455453.8104156,1.571729,0.964468,39772.61209,1.024601,-3.097063,0.438745,39772.069846,0.368093,-3.10257,0.438793,-12.150708,4.601578,16.776818,0.900657,0.450006,0.000453,0.263042,0.000544,0.353326,0.000699,0,6.840569,52.743868,-0.032908,39.6,170.7,2455453.81041,2.557441,2.557583,0,-9999999,0.373369,-0.352975,0.858896,-0.915613,0.956198,0.51,900.0008,-12.105412,4.592792,2010-09-14T07:16:43.534,-9999999,G2,183.C-0972(A),Udry,-9999999,HARPS_ech_obs_all,HARPS_ech_obs_thosimult,STAR_WAVE_G8,1.35666108563086E-05,4.36908477804927E-07,0,0,0
HD21693,51.803771,-58.32426,2455456.7975628,1.440776,0.909689,39770.843663,1.071893,-4.74811,0.490858,39770.550205,0.41293,-4.746676,0.490913,2.916495,3.87909,8.31028,1.024882,0.45148,0.000511,0.267067,0.000609,0.356696,0.000792,0,6.829825,52.815716,-0.032868,39.6,151.3,2455456.79756,2.08341,2.08354,0.43,-9999999,0.373813,-1.873069,0.765893,-0.667271,0.989163,0.51,900.0006,2.952577,3.857938,2010-09-17T06:58:11.118,-9999999,G2,183.C-0972(A),Udry,-9999999,HARPS_ech_obs_all,HARPS_ech_obs_thosimult,STAR_WAVE_G8,1.21808056187987E-05,4.90311308942282E-07,0,0,0
HD21693,51.803771,-58.32426,2455464.7367228,-0.295708,0.969405,39771.282941,0.757625,-4.919299,0.44952,39770.127437,0.378801,-4.900666,0.449666,2.272937,3.805133,9.928042,0.752302,0.448438,0.000462,0.262445,0.000559,0.349647,0.000724,0,6.824252,52.81322,-0.033874,39.6,165.7,2455464.73672,0.830954,0.831096,-0.644,-9999999,0.374993,-0.307774,0.858882,-1.530497,0.65613,0.5,900.0007,2.291649,3.777191,2010-09-25T05:30:40.426,-9999999,G2,183.C-0972(A),Udry,-9999999,HARPS_ech_obs_all,HARPS_ech_obs_thosimult,STAR_WAVE_G8,1.29908888753221E-05,4.45650043414281E-07,0,0,0
HD21693,51.803771,-58.32426,2455465.7736535,-1.013023,0.847814,39769.512917,0.92362,-4.511062,0.515013,39771.093647,0.432977,-4.497128,0.51509,-11.581998,4.95606,6.493573,0.939868,0.45166,0.000533,0.267851,0.000644,0.356637,0.000835,0,6.826305,52.825072,-0.038141,39.6,143.9,2455465.77365,0.61184,0.611978,0.241,-9999999,0.375147,0.817778,0.673462,1.205583,0.815846,0.5,900.0006,-11.560628,4.944198,2010-09-26T06:23:51.048,-9999999,G2,183.C-0972(A),Udry,-9999999,HARPS_ech_obs_all,HARPS_ech_obs_thosimult,STAR_WAVE_G8,1.16360401130628E-05,4.82992833886388E-07,0,0,0
HD21693,51.803771,-58.32426,2455480.8301811,6.509191,0.984994,39776.544632,1.069958,1.798413,0.482183,39776.471251,0.407857,1.836187,0.482255,2.317693,4.475932,8.99689,1.016513,0.449153,0.000505,0.268644,0.000604,0.357817,0.000784,0,6.833244,52.810453,-0.034177,39.6,153.5,2455480.83018,-2.031423,-2.03129,-0.444,-9999999,0.377385,-0.394961,0.858902,-0.450766,0.989173,0.48,900.0006,2.309407,4.483963,2010-10-11T07:45:36.145,-9999999,G2,183.C-0972(A),Udry,-9999999,HARPS_ech_obs_all,HARPS_ech_obs_thosimult,STAR_WAVE_G8,1.2309982398269E-05,4.6432610589574E-07,0,0,0
HD21693,51.803771,-58.32426,2455481.7300974,1.768336,0.902608,39771.728415,0.987682,-0.83654,0.517318,39774.459064,0.434193,-0.823288,0.517432,2.111476,4.050824,9.079776,1.007378,0.454122,0.000538,0.267083,0.000646,0.357495,0.00084,0,6.83618,52.799257,-0.034598,39.6,143.4,2455481.73009,-2.051394,-2.051254,-0.268,-9999999,0.377519,1.710941,0.739651,2.35313,0.887125,0.51,900.0007,2.10879,4.047521,2010-10-12T05:21:02.447,-9999999,G2,183.C-0972(A),Udry,-9999999,HARPS_ech_obs_all,HARPS_ech_obs_thosimult,STAR_WAVE_G8,1.19201518752225E-05,4.70553903254247E-07,0,0,0
HD21693,51.803771,-58.32426,2455483.7217452,4.277917,0.863479,39774.50526,0.870053,-0.445254,0.515485,39774.650869,0.432837,-0.428259,0.515494,-4.374474,4.776461,10.029981,1.133819,0.450741,0.000532,0.263088,0.000644,0.347476,0.000831,0,6.840275,52.795416,-0.03555,39.6,144.6,2455483.72174,-2.375194,-2.375061,-0.148,-9999999,0.377815,-0.407354,0.692727,-0.232206,0.754748,0.49,900.0009,-4.377814,4.775415,2010-10-14T05:09:20.123,-9999999,G2,183.C-0972(A),Udry,-9999999,HARPS_ech_obs_all,HARPS_ech_obs_thosimult,STAR_WAVE_G8,1.31896322587412E-05,5.30710893600647E-07,0,0,0
HD21693,51.803771,-58.32426,2455485.7534938,6.461001,0.834161,39776.649401,0.965276,1.794696,0.39116,39776.54966,0.3284,1.796316,0.391326,-0.929563,4.051751,12.546117,0.889318,0.45152,0.0004,0.26831,0.000478,0.356894,0.00062,0,6.839193,52.768878,-0.036853,39.6,193.3,2455485.75349,-2.754715,-2.754589,-0.013,-9999999,0.378117,-0.350488,0.736762,-0.477858,0.907696,0.48,900.0006,-0.932092,4.063585,2010-10-16T05:55:13.736,-9999999,G2,183.C-0972(A),Udry,-9999999,HARPS_ech_obs_all,HARPS_ech_obs_thosimult,STAR_WAVE_G8,1.39831294589748E-05,4.49793528562568E-07,0,0,0
HD21693,51.803771,-58.32426,2455488.7511956,4.375778,0.941558,39775.351067,1.040451,-0.339847,0.385812,39775.489783,0.322667,-0.320759,0.385967,-1.828273,3.518584,17.246781,0.849656,0.449636,0.000386,0.264034,0.000467,0.358086,0.000603,0,6.839204,52.733399,-0.031096,39.6,199.3,2455488.75119,-3.244966,-3.244842,0.152,-9999999,0.378562,-0.399808,0.858884,-0.239846,0.989153,0.52,900.0006,-1.817607,3.520193,2010-10-19T05:51:21.788,-9999999,G2,183.C-0972(A),Udry,-9999999,HARPS_ech_obs_all,HARPS_ech_obs_thosimult,STAR_WAVE_G8,1.37857396002849E-05,4.29943606711845E-07,0,0,0
HD21693,51.803771,-58.32426,2455493.7686767,-0.110036,0.928792,39770.719017,0.977522,-5.216131,0.540429,39770.903086,0.452122,-5.218399,0.540643,-14.392066,4.539765,7.635207,1.034715,0.450737,0.00052,0.262919,0.000638,0.357066,0.000826,0,6.827717,52.814606,-0.031134,39.6,145.6,2455493.76867,-4.075869,-4.075762,-0.053,-9999999,0.379308,-0.790278,0.755375,-0.195239,0.866681,0.49,900.0009,-14.396096,4.516626,2010-10-24T06:17:04.451,-9999999,G2,183.C-0972(A),Udry,-9999999,HARPS_ech_obs_all,HARPS_ech_obs_thosimult,STAR_WAVE_G8,1.29846829469887E-05,4.90704852423224E-07,0,0,0
HD21693,51.803771,-58.32426,2455497.722636,2.961947,0.847593,39773.762401,0.946244,-3.026683,0.411796,39772.557891,0.347413,-3.046639,0.411872,-4.17124,4.3768,3.987242,0.930285,0.449743,0.000423,0.262504,0.000509,0.348716,0.000659,0,6.822784,52.834934,-0.037056,39.6,182.3,2455497.72263,-4.632689,-4.632582,-0.053,-9999999,0.379896,-1.672814,0.740836,-1.584406,0.880161,0.45,900.0005,-4.192531,4.359945,2010-10-28T05:11:27.495,-9999999,G2,183.C-0972(A),Udry,-9999999,HARPS_ech_obs_all,HARPS_ech_obs_thosimult,STAR_WAVE_G8,-9999999,-9999999,-9999999,-9999999,-9999999
HD21693,51.803771,-58.32426,2455499.7789615,1.051886,0.817694,39772.194974,1.022449,-4.526459,0.392766,39771.205222,0.333037,-4.537866,0.392875,2.906922,3.540768,5.197162,0.784813,0.451144,0.000413,0.268162,0.000488,0.356543,0.000634,0,6.827847,52.834998,-0.037503,39.6,189.3,2455499.77895,-5.022322,-5.022217,-0.195,-9999999,0.380201,-1.262528,0.717188,-1.369953,0.966689,0.52,900.0008,2.893198,3.511895,2010-10-30T06:31:33.869,-9999999,G2,183.C-0972(A),Udry,-9999999,HARPS_ech_obs_all,HARPS_ech_obs_thosimult,STAR_WAVE_G8,1.18303911664847E-05,4.46215313886848E-07,0,0,0
HD21693,51.803771,-58.32426,2455506.742704,-4.256318,0.952141,39766.889047,1.048335,-9.084152,0.410966,39766.763506,0.347254,-9.074783,0.411093,-1.002345,4.645094,-0.437031,0.742649,0.449164,0.000418,0.267917,0.000504,0.355752,0.000652,0,6.824373,52.877349,-0.037523,39.6,184.3,2455506.7427,-5.998071,-5.997985,0.283,-9999999,0.381236,-0.512017,0.858883,-0.506777,0.989152,0.51,900.0006,-1.012756,4.600243,2010-11-06T05:39:41.203,-9999999,G2,183.C-0972(A),Udry,-9999999,HARPS_ech_obs_all,HARPS_ech_obs_thosimult,STAR_WAVE_G8,1.13686896847517E-05,4.38677513443525E-07,0,0,0
HD21693,51.803771,-58.32426,2455507.7116702,-3.81637,0.935618,39767.019112,1.03782,-8.544731,0.371088,39767.096167,0.314091,-8.517661,0.371199,-2.544243,3.083774,-0.933931,0.799103,0.449648,0.000378,0.268704,0.000455,0.356161,0.000587,0,6.825284,52.880022,-0.037233,39.6,204.5,2455507.71166,-6.092749,-6.092652,0.324,-9999999,0.38138,-0.412545,0.85888,-0.304325,0.98915,0.57,900,-2.562403,3.020978,2010-11-07T04:54:07.567,-9999999,G2,183.C-0972(A),Udry,-9999999,HARPS_ech_obs_all,HARPS_ech_obs_thosimult,STAR_WAVE_G8,1.25460202280808E-05,3.68820616466233E-07,0,0,0
HD21693,51.803771,-58.32426,2455510.6709965,-3.101118,0.913017,39767.023783,1.054799,-7.412335,0.432451,39767.694877,0.366309,-7.399566,0.432547,2.485891,3.758214,5.3458,0.676307,0.449902,0.000452,0.26222,0.000542,0.356093,0.000701,0,6.833091,52.839498,-0.036955,39.6,171.3,2455510.67099,-6.443106,-6.443001,0.201,-9999999,0.38182,0.0046,0.804106,0.289274,0.989151,0.51,900.0002,2.473512,3.712697,2010-11-10T03:56:32.726,-9999999,G2,183.C-0972(A),Udry,-9999999,HARPS_ech_obs_all,HARPS_ech_obs_thosimult,STAR_WAVE_G8,1.23404221094663E-05,5.01107149724523E-07,0,0,0
HD21693,51.803771,-58.32426,2455511.6850299,-2.145047,0.762521,39768.094946,1.051528,-6.722145,0.422946,39768.930238,0.356782,-6.693393,0.423139,-2.0301,3.890833,7.836532,0.903925,0.455503,0.00044,0.267001,0.000525,0.359169,0.000684,0,6.832815,52.821827,-0.033989,39.6,176.2,2455511.68503,-6.596211,-6.596121,-0.123,-9999999,0.381971,-0.261281,0.634473,0.453321,0.98915,0.48,900.0006,-2.035907,3.849932,2010-11-11T04:17:14.124,-9999999,G2,183.C-0972(A),Udry,-9999999,HARPS_ech_obs_all,HARPS_ech_obs_thosimult,STAR_WAVE_G8,1.25845553196672E-05,4.28929765741653E-07,0,0,0
HD21693,51.803771,-58.32426,2455513.7237353,-3.764306,0.677465,39768.058585,0.781589,-7.771656,0.43569,39768.341903,0.370709,-7.786135,0.435854,1.718316,4.598509,5.21492,0.963224,0.450996,0.000458,0.267544,0.000546,0.350486,0.00071,0,6.833836,52.82929,-0.033528,39.6,169.8,2455513.72373,-6.912064,-6.911979,-0.048,-9999999,0.382274,0.308466,0.51878,-0.098956,0.688081,0.49,900.0001,1.70464,4.561379,2010-11-13T05:12:53.239,-9999999,G2,183.C-0972(A),Udry,-9999999,HARPS_ech_obs_all,HARPS_ech_obs_thosimult,STAR_WAVE_G8,1.16458556827326E-05,4.46743588646039E-07,0,0,0
HD21693,51.803771,-58.32426,2455514.6486189,-3.719373,0.974484,39767.065739,1.062726,-7.687969,0.460367,39768.059425,0.388538,-7.670034,0.460512,4.822559,3.391605,6.918282,0.917421,0.450068,0.000468,0.266297,0.000563,0.350815,0.000736,0,6.831914,52.822146,-0.033265,39.6,163.8,2455514.64862,-6.92923,-6.929153,-0.76,-9999999,0.382411,0.347221,0.858884,0.611275,0.989153,0.5,900.0004,4.808833,3.337592,2010-11-14T03:24:36.029,-9999999,G2,183.C-0972(A),Udry,-9999999,HARPS_ech_obs_all,HARPS_ech_obs_thosimult,STAR_WAVE_G8,1.12659736899774E-05,4.41597669972078E-07,0,0,0
HD21693,51.803771,-58.32426,2455518.6460575,5.213745,0.934424,39775.387513,1.03648,1.342974,0.368059,39776.47065,0.309621,1.350868,0.368182,-7.879565,3.639176,12.214902,0.657432,0.452119,0.000379,0.267118,0.000453,0.35775,0.000589,0,6.834391,52.77712,-0.036842,39.6,204.1,2455518.64606,-7.409689,-7.409617,-0.621,-9999999,0.383006,0.445046,0.858884,0.700131,0.989153,0.5,900.0002,-7.870962,3.646296,2010-11-18T03:21:03.045,-9999999,G2,183.C-0972(A),Udry,-9999999,HARPS_ech_obs_all,HARPS_ech_obs_thosimult,STAR_WAVE_G8,1.33577716357535E-05,4.82272646146782E-07,0,0,0
HD21693,51.803771,-58.32426,2455524.6540256,2.28632,0.898821,39772.099294,1.041625,-2.211655,0.391988,39773.191665,0.326435,-2.221795,0.392099,-1.454402,3.647096,8.187488,0.833266,0.450335,0.000403,0.262661,0.000484,0.355626,0.000624,0,6.834031,52.803486,-0.02934,39.6,192.3,2455524.65401,-8.081435,-8.081357,-0.05,-9999999,0.383899,-0.182158,0.808842,0.708472,0.989152,0.51,900.0009,-1.448746,3.637341,2010-11-24T03:32:35.973,-9999999,G2,183.C-0972(A),Udry,-9999999,HARPS_ech_obs_all,HARPS_ech_obs_thosimult,STAR_WAVE_G8,-9999999,-9999999,-9999999,-9999999,-9999999
HD21693,51.803771,-58.32426,2455542.6446961,6.936288,0.855116,39777.586076,1.047933,2.245184,0.406709,39777.609555,0.346033,2.268957,0.406787,-2.725089,3.726638,6.271302,0.923217,0.451654,0.000421,0.262489,0.000504,0.358168,0.000654,0,6.831809,52.812593,-0.037195,39.6,184.1,2455542.64469,-9.510748,-9.510705,-0.086,-9999999,0.386573,-0.375287,0.752204,-0.363094,0.989154,0.49,900.0004,-2.711345,3.741095,2010-12-12T03:20:13.845,-9999999,G2,183.C-0972(A),Udry,-9999999,HARPS_ech_obs_all,HARPS_ech_obs_thosimult,STAR_WAVE_G8,1.32583804133631E-05,4.94382553839384E-07,0,0,0
HD21693,51.803771,-58.32426,2455545.6173891,6.212282,0.926687,39776.80504,1.03203,1.377418,0.347934,39776.880616,0.294365,1.366574,0.348121,-10.371515,3.76941,9.090224,0.772279,0.451293,0.000361,0.263183,0.00043,0.358035,0.000557,0,6.832324,52.795268,-0.032644,39.6,216.4,2455545.61738,-9.622713,-9.622666,0.201,-9999999,0.387014,-0.519047,0.858889,-0.311438,0.989159,0.5,900.0067,-10.354528,3.780392,2010-12-15T02:40:53.693,-9999999,G2,183.C-0972(A),Udry,-9999999,HARPS_ech_obs_all,HARPS_ech_obs_thosimult,STAR_WAVE_G8,1.33359078236421E-05,3.66797587426762E-07,0,0,0
HD21693,51.803771,-58.32426,2455580.6103445,1.768207,0.804845,39770.518635,1.050473,-3.858979,0.41683,39771.632047,0.353632,-3.864417,0.416844,-1.537265,3.532753,10.331783,0.879006,0.454144,0.000437,0.261497,0.000518,0.355608,0.00067,0,6.830279,52.78167,-0.034727,39.6,179.3,2455580.61034,-9.353834,-9.353843,0.281,-9999999,0.392215,-1.311369,0.688497,0.721197,0.989161,0.51,900,-1.524644,3.515598,2011-01-19T02:32:14.192,-9999999,G2,183.C-0972(A),Udry,-9999999,HARPS_ech_obs_all,HARPS_ech_obs_thosimult,STAR_WAVE_G8,1.35020523108322E-05,5.25498513632796E-07,0,0,0
HD21693,51.803771,-58.32426,2455612.5105422,1.307302,0.779103,39772.04384,0.922008,-2.364715,0.411069,39773.540298,0.346985,-2.369123,0.411223,-0.738852,3.824801,11.184814,0.765327,0.449536,0.000422,0.269367,0.000504,0.356069,0.00065,0,6.833594,52.784125,-0.035172,39.6,184.5,2455612.51053,-6.028073,-6.028117,-0.957,-9999999,0.396957,0.643799,0.661834,1.099501,0.854225,0.49,900,-0.759732,3.807657,2011-02-20T00:10:00.763,-9999999,G2,183.C-0972(A),Udry,-9999999,HARPS_ech_obs_all,HARPS_ech_obs_thosimult,STAR_WAVE_G8,1.13999527359827E-05,3.82035072433071E-07,0,0,0
HD21693,51.803771,-58.32426,2455616.5070715,-0.997003,0.581622,39769.51263,0.595732,-4.928779,0.382666,39770.336929,0.322127,-4.93195,0.382901,-4.591683,3.190341,14.336636,0.868269,0.451458,0.000385,0.26436,0.000461,0.34936,0.000595,0,6.844312,52.747715,-0.032997,39.6,202.4,2455616.50707,-5.472996,-5.473043,-0.148,-9999999,0.397551,0.384041,0.438007,0.426748,0.50113,0.51,900.002,-4.626184,3.150647,2011-02-24T00:04:49.386,-9999999,G2,183.C-0972(A),Udry,-9999999,HARPS_ech_obs_all,HARPS_ech_obs_thosimult,STAR_WAVE_G8,1.4234970737763E-05,4.50963389084558E-07,0,0,0
HD21693,51.803771,-58.32426,2455632.5046358,5.698459,1.064225,39774.844915,1.114079,2.108418,0.628344,39777.287798,0.524678,2.123443,0.628502,6.785766,4.795445,6.733415,1.197546,0.452104,0.00064,0.263292,0.000778,0.347229,0.001001,0,6.828058,52.830605,-0.037808,39.6,120.7,2455632.50464,-3.02852,-3.028579,0.046,-9999999,0.399929,0.725776,0.858929,2.042954,0.982794,0.54,900.0051,6.759464,4.807423,2011-03-12T00:01:11.007,-9999999,G2,183.C-0972(A),Udry,-9999999,HARPS_ech_obs_all,HARPS_ech_obs_thosimult,STAR_WAVE_G8,1.21673639511909E-05,6.3750758687059E-07,0,0,0
HD21693,51.803771,-58.32426,2455634.5027885,4.206114,0.831959,39774.458499,0.932234,0.36585,0.461331,39775.738457,0.387415,0.368901,0.461521,11.163093,3.35982,7.479507,1.088851,0.447731,0.000462,0.270017,0.000559,0.352264,0.000716,0,6.829789,52.820039,-0.03395,39.6,167.1,2455634.50278,-2.703826,-2.703882,0.39,-9999999,0.400226,0.475552,0.692337,0.879732,0.847921,0.48,900.0067,11.176266,3.365789,2011-03-13T23:59:26.961,-9999999,G2,183.C-0972(A),Udry,-9999999,HARPS_ech_obs_all,HARPS_ech_obs_thosimult,STAR_WAVE_G8,1.05620881111258E-05,4.65190099300013E-07,0,0,0
HD21693,51.803771,-58.32426,2455639.5111413,3.258498,0.842652,39773.144287,0.75526,-2.061355,0.498809,39773.398583,0.420411,-2.012207,0.498989,-6.108032,4.924446,6.171675,1.078445,0.446745,0.000525,0.269668,0.000627,0.353146,0.000805,0,6.827588,52.818756,-0.038698,39.6,149.3,2455639.51113,-1.892031,-1.89209,0.514,-9999999,0.40097,-1.004036,0.679155,-0.146674,0.627433,0.49,900.0081,-6.097473,4.920206,2011-03-19T00:11:22.712,-9999999,G2,183.C-0972(A),Udry,-9999999,HARPS_ech_obs_all,HARPS_ech_obs_thosimult,STAR_WAVE_G8,1.30156989328169E-05,4.55658349192453E-07,0,0,0
HD21693,51.803771,-58.32426,2455641.5148915,1.319263,0.770097,39771.409447,0.667079,-3.622641,0.423584,39771.759873,0.35732,-3.608871,0.423634,5.407205,4.253146,5.255949,0.940551,0.445938,0.000436,0.264359,0.000521,0.344946,0.000667,0,6.825678,52.828865,-0.037322,39.6,179.4,2455641.51488,-1.564401,-1.56446,-0.533,-9999999,0.401268,-0.626087,0.643138,-0.050842,0.563309,0.49,900.0078,5.395786,4.23479,2011-03-21T00:16:47.620,-9999999,G2,183.C-0972(A),Udry,-9999999,HARPS_ech_obs_all,HARPS_ech_obs_thosimult,STAR_WAVE_G8,1.15544657761721E-05,4.55656930681158E-07,0,0,0
HD21693,51.803771,-58.32426,2455754.893268,1.490858,1.404341,39770.546048,1.29685,-2.15199,1.283732,39770.433462,1.060138,-2.0908,1.283966,0.388361,14.484872,14.104857,2.866932,0.447018,0.001242,0.262036,0.001541,0.359938,0.001992,0,6.839823,52.702664,-0.034765,39.6,62.8,2455754.89327,9.518287,9.518278,0.182,-9999999,0.418119,0.672969,0.56939,-0.530705,0.746946,0.49,900.0005,0.363255,14.481219,2011-07-12T09:18:22.044,-9999999,G2,183.C-0972(A),Udry,-9999999,HARPS_ech_obs_all,HARPS_ech_obs_thosimult,STAR_WAVE_G8,1.19159051976224E-05,1.01287424728446E-06,0,0,0
HD21693,51.803771,-58.32426,2455777.8983429,-5.992215,0.899956,39763.91218,1.056112,-11.223492,0.480697,39763.908546,0.400618,-11.210652,0.480718,5.558877,4.884154,7.153434,0.88283,0.449155,0.000488,0.262368,0.000587,0.356632,0.000758,0,6.826306,52.842185,-0.036964,39.6,157.9,2455777.89834,7.97083,7.970858,0.293,-9999999,0.421539,-0.91546,0.760823,-0.425173,0.977178,0.48,900.0002,5.575534,4.83843,2011-08-04T09:24:51.675,-9999999,G2,183.C-0972(A),Udry,-9999999,HARPS_ech_obs_all,HARPS_ech_obs_thosimult,STAR_WAVE_G8,9.7510381583687E-06,4.81686164057112E-07,0,0,0
HD21693,51.803771,-58.32426,2455784.8515343,0.196931,0.709062,39770.296758,0.706466,-4.214661,0.436099,39770.622701,0.365541,-4.194716,0.436329,-3.392368,3.518633,9.665035,0.692355,0.450195,0.000429,0.263647,0.00052,0.35732,0.000671,0,6.833349,52.810794,-0.039146,39.6,177.9,2455784.85153,7.305283,7.305314,0.247,-9999999,0.422572,-0.095775,0.559094,-0.096629,0.604544,0.5,900.0001,-3.370192,3.499881,2011-08-11T08:16:54.320,-9999999,G2,183.C-0972(A),Udry,-9999999,HARPS_ech_obs_all,HARPS_ech_obs_thosimult,STAR_WAVE_G8,1.11045621984803E-05,4.45461596139662E-07,0,0,0
HD21693,51.803771,-58.32426,2455803.8455648,10.6998,0.931236,39780.660922,0.988558,5.807482,0.609309,39780.216316,0.508181,5.823369,0.609401,-10.599559,5.058408,33.886037,1.359498,0.450321,0.000616,0.262157,0.000744,0.354324,0.000958,0,6.861007,52.629531,-0.032849,39.6,125.3,2455803.84556,4.873748,4.873797,0.597,-9999999,0.425395,-0.576501,0.704233,-0.870001,0.847938,0.46,900.0002,-10.592673,5.079699,2011-08-30T08:08:21.474,-9999999,G2,183.C-0972(A),Udry,-9999999,HARPS_ech_obs_all,HARPS_ech_obs_thosimult,STAR_WAVE_G8,1.34016852182186E-05,6.18598776284845E-07,0,0,0
HD21693,51.803771,-58.32426,2455808.8528725,1.95,1.078583,39773.859282,1.130996,-2.930074,0.652391,39773.309251,0.548335,-2.948215,0.65255,-3.585484,5.121318,14.022106,1.318911,0.455536,0.000677,0.263031,0.000815,0.357667,0.001054,0,6.842073,52.774192,-0.029677,39.6,114.7,2455808.85287,4.116952,4.116994,-1.472,-9999999,0.426139,-0.564258,0.85891,-0.97617,0.989182,0.53,899.9994,-3.573266,5.106274,2011-09-04T08:17:43.458,-9999999,G2,183.C-0972(A),Udry,-9999999,HARPS_ech_obs_all,HARPS_ech_obs_thosimult,STAR_WAVE_G8,1.35050523202489E-05,5.20413691258714E-07,0,0,0
HD21693,51.803771,-58.32426,2455814.8570851,2.352752,0.890137,39772.697734,1.061363,-2.406931,0.452401,39772.596499,0.384718,-2.40258,0.452528,5.549315,3.888284,5.757488,0.835019,0.452249,0.000463,0.264775,0.000562,0.342516,0.000716,0,6.828545,52.834247,-0.03962,39.6,166.3,2455814.85708,3.176911,3.176955,0.206,-9999999,0.427032,-0.443867,0.766601,-0.528267,0.989184,0.49,899.9985,5.573333,3.878345,2011-09-10T08:24:17.169,-9999999,G2,183.C-0972(A),Udry,-9999999,HARPS_ech_obs_all,HARPS_ech_obs_thosimult,STAR_WAVE_G8,9.13076916100766E-06,6.01175227843149E-07,0,0,0
HD21693,51.803771,-58.32426,2455816.867036,3.75352,0.750884,39774.452479,0.833453,-2.186873,0.402825,39772.689203,0.341256,-2.17368,0.402969,5.723451,3.345707,5.629476,0.800076,0.450753,0.000419,0.268351,0.000495,0.356659,0.000642,0,6.826775,52.831422,-0.038462,39.6,186.6,2455816.86703,2.842877,2.842928,0.016,-9999999,0.427331,-1.624576,0.633686,-2.190607,0.760387,0.5,900.0001,5.753819,3.334675,2011-09-12T08:38:26.185,-9999999,G2,183.C-0972(A),Udry,-9999999,HARPS_ech_obs_all,HARPS_ech_obs_thosimult,STAR_WAVE_G8,1.12397097312049E-05,4.29458239605597E-07,0,0,0
HD21693,51.803771,-58.32426,2455830.8596154,-0.708845,0.938704,39769.625208,1.039569,-4.591252,0.378726,39770.339587,0.319716,-4.571247,0.378828,-2.164689,3.623671,8.315483,0.844267,0.454175,0.000383,0.267755,0.000455,0.354263,0.000588,0,6.834629,52.806778,-0.036948,39.6,203.1,2455830.85961,0.52959,0.529649,0.488,-9999999,0.42941,0.43341,0.858913,0.284969,0.989185,0.49,900.0057,-2.142115,3.604996,2011-09-26T08:27:47.116,-9999999,G2,183.C-0972(A),Udry,-9999999,HARPS_ech_obs_all,HARPS_ech_obs_thosimult,STAR_WAVE_G8,1.4009340079938E-05,5.06686391113239E-07,0,0,0
HD21693,51.803771,-58.32426,2455834.8109778,3.753749,0.830772,39775.059883,0.793818,-0.962599,0.372639,39775.122771,0.313706,-0.941315,0.372816,-0.636231,3.669775,17.234339,1.013697,0.449614,0.000378,0.262837,0.000451,0.355969,0.000583,0,6.839647,52.73007,-0.031713,39.6,205.6,2455834.81097,-0.081821,-0.081756,-0.129,-9999999,0.429998,-0.400532,0.742511,-0.36711,0.729203,0.51,900.0057,-0.623068,3.666914,2011-09-30T07:17:26.552,-9999999,G2,183.C-0972(A),Udry,-9999999,HARPS_ech_obs_all,HARPS_ech_obs_thosimult,STAR_WAVE_G8,1.41032451233943E-05,4.89734856542359E-07,0,0,0
HD21693,51.803771,-58.32426,2455836.7624977,5.181091,0.781163,39775.545177,0.922567,0.490479,0.401592,39776.252113,0.337577,0.493982,0.401828,-0.046839,3.619775,21.119653,0.960014,0.454339,0.0004,0.269331,0.00048,0.357066,0.000621,0,6.843762,52.708575,-0.029908,39.6,193.1,2455836.7625,-0.352338,-0.352284,-0.033,-9999999,0.430288,-0.374796,0.670029,0.276648,0.858587,0.51,900.0057,-0.038864,3.624162,2011-10-02T06:07:38.015,-9999999,G2,183.C-0972(A),Udry,-9999999,HARPS_ech_obs_all,HARPS_ech_obs_thosimult,STAR_WAVE_G8,1.33005514061047E-05,4.279614029897E-07,0,0,0
HD21693,51.803771,-58.32426,2455839.8082796,4.545483,0.672383,39775.852208,0.751796,-0.340214,0.489797,39775.827565,0.41382,-0.346561,0.489975,0.189588,4.709436,16.630262,1.048452,0.44896,0.0005,0.26745,0.000599,0.354261,0.000774,0,6.840004,52.762109,-0.029315,39.6,154.7,2455839.80828,-0.933376,-0.93331,-0.112,-9999999,0.43074,-0.569881,0.460649,-0.455383,0.627655,0.49,900.0054,0.1917,4.709179,2011-10-05T07:13:52.163,-9999999,G2,183.C-0972(A),Udry,-9999999,HARPS_ech_obs_all,HARPS_ech_obs_thosimult,STAR_WAVE_G8,1.18910889330222E-05,4.88811411888756E-07,0,0,0
HD21693,51.803771,-58.32426,2455841.7365821,0.193652,0.969682,39771.344206,1.060077,-3.934752,0.450116,39772.023674,0.38124,-3.928722,0.450181,-5.307072,4.716552,11.035152,0.906412,0.453822,0.000456,0.267547,0.000548,0.356263,0.000711,0,6.838228,52.799948,-0.031514,39.6,168.6,2455841.73658,-1.167748,-1.167684,0.001,-9999999,0.431027,0.187412,0.858882,0.248441,0.989151,0.46,900.0056,-5.300766,4.704177,2011-10-07T05:31:05.112,-9999999,G2,183.C-0972(A),Udry,-9999999,HARPS_ech_obs_all,HARPS_ech_obs_thosimult,STAR_WAVE_G8,1.10626291966138E-05,5.36299966884371E-07,0,0,0
HD21693,51.803771,-58.32426,2455843.7866688,2.565139,0.746969,39773.768837,0.960223,-3.235513,0.377524,39772.537402,0.320373,-3.220265,0.377664,0.781429,3.477349,6.72497,0.770653,0.450222,0.000385,0.262001,0.000459,0.349567,0.000596,0,6.830297,52.82319,-0.03513,39.6,201.1,2455843.78666,-1.580604,-1.58054,-0.333,-9999999,0.431332,-1.484835,0.644545,-1.662767,0.905201,0.53,900.0055,0.800442,3.459696,2011-10-09T06:42:10.440,-9999999,G2,183.C-0972(A),Udry,-9999999,HARPS_ech_obs_all,HARPS_ech_obs_thosimult,STAR_WAVE_G8,1.20628493981262E-05,4.70281060180804E-07,0,0,0
HD21693,51.803771,-58.32426,2455845.7653247,6.209433,0.9381,39776.588185,1.026733,1.483784,0.706875,39776.248413,0.587412,1.519249,0.706954,4.371885,5.775919,12.402953,1.367011,0.45005,0.000729,0.269613,0.00088,0.356353,0.001136,0,6.837483,52.792625,-0.040214,39.6,106.8,2455845.76532,-1.886211,-1.886147,-0.256,-9999999,0.431626,-0.409832,0.616733,-0.771398,0.842097,0.38,900.0054,4.372275,5.780834,2011-10-11T06:13:42.305,-9999999,G2,183.C-0972(A),Udry,-9999999,HARPS_ech_obs_all,HARPS_ech_obs_thosimult,STAR_WAVE_G8,1.12809966050308E-05,6.96414805932533E-07,0,0,0
HD21693,51.803771,-58.32426,2455870.7301349,-2.273545,0.951325,39769.188403,1.048859,-6.275117,0.409075,39769.936394,0.348834,-6.29422,0.409213,-6.72087,4.760623,7.825568,0.950465,0.452772,0.000426,0.267882,0.000505,0.357506,0.000657,0,6.830706,52.806371,-0.032839,39.6,183.1,2455870.73013,-5.798936,-5.798895,-1.56,-9999999,0.435336,0.314245,0.858881,0.312655,0.989151,0.5,900.0059,-6.737911,4.721574,2011-11-05T05:21:41.999,-9999999,G2,183.C-0972(A),Udry,-9999999,HARPS_ech_obs_all,HARPS_ech_obs_thosimult,STAR_WAVE_G8,1.12027468394374E-05,4.42129066545053E-07,0,0,0
HD21693,51.803771,-58.32426,2455872.6810267,-4.136443,0.836977,39766.403966,1.066507,-8.264028,0.471086,39767.225832,0.398772,-8.24425,0.47126,-7.914972,4.111977,8.387624,1.149103,0.450538,0.000476,0.268204,0.000573,0.357489,0.000744,0,6.837503,52.81536,-0.034374,39.6,161.7,2455872.68102,-6.007892,-6.007854,-0.661,-9999999,0.435626,0.188231,0.691815,0.38624,0.98915,0.49,900.0052,-7.933141,4.059622,2011-11-07T04:11:11.376,-9999999,G2,183.C-0972(A),Udry,-9999999,HARPS_ech_obs_all,HARPS_ech_obs_thosimult,STAR_WAVE_G8,1.25822065681231E-05,5.3239507878952E-07,0,0,0
HD21693,51.803771,-58.32426,2455875.7331835,-1.086874,0.76798,39769.458567,0.913971,-6.158854,0.412362,39768.956197,0.350399,-6.174962,0.412583,1.734617,3.96218,5.90455,0.86149,0.454996,0.000416,0.265936,0.000495,0.357154,0.000645,0,6.836237,52.830728,-0.0361,39.6,186,2455875.73318,-6.4934,-6.493368,-0.083,-9999999,0.43608,-0.756163,0.647882,-0.93845,0.844135,0.5,899.9998,1.72846,3.924425,2011-11-10T05:26:14.236,-9999999,G2,183.C-0972(A),Udry,-9999999,HARPS_ech_obs_all,HARPS_ech_obs_thosimult,STAR_WAVE_G8,-9999999,-9999999,-9999999,-9999999,-9999999
HD21693,51.803771,-58.32426,2455878.6763624,2.863219,0.965014,39773.561012,1.115937,-0.907987,0.617555,39774.43152,0.516621,-0.891006,0.61761,-5.911594,6.431304,13.092615,1.361804,0.450374,0.000632,0.267664,0.000763,0.359207,0.000994,0,6.842788,52.782553,-0.034569,39.6,122.2,2455878.67636,-6.802545,-6.802512,-0.557,-9999999,0.436517,0.54461,0.741538,0.433991,0.98915,0.48,900.0053,-5.920467,6.427217,2011-11-13T04:04:48.524,-9999999,G2,183.C-0972(A),Udry,-9999999,HARPS_ech_obs_all,HARPS_ech_obs_thosimult,STAR_WAVE_G8,1.30232265426794E-05,5.29441521080024E-07,0,0,0
HD21693,51.803771,-58.32426,2455886.6628612,2.388107,0.930278,39771.904298,0.855946,-0.920199,0.711201,39773.339723,0.589962,-0.908357,0.711361,-3.910873,5.848889,14.3161,1.926876,0.447678,0.000724,0.262334,0.000882,0.351173,0.001147,0,6.8475,52.767929,-0.039375,39.6,106.4,2455886.66285,-7.74485,-7.74481,-0.003,-9999999,0.437704,1.007511,0.599675,0.997721,0.620152,0.43,900.0052,-3.899653,5.847161,2011-11-21T03:46:23.839,-9999999,G2,183.C-0972(A),Udry,-9999999,HARPS_ech_obs_all,HARPS_ech_obs_thosimult,STAR_WAVE_G8,9.63588323098448E-06,6.66119370880515E-07,0,0,0
HD21693,51.803771,-58.32426,2455893.644479,-0.576085,0.893378,39770.535611,1.043477,-4.74813,0.391357,39771.173057,0.332295,-4.753173,0.391612,1.374153,4.291041,10.415508,1.040096,0.454205,0.0004,0.267519,0.000476,0.349818,0.00062,0,6.835712,52.789202,-0.032525,39.6,194,2455893.64447,-8.44164,-8.44161,0.105,-9999999,0.438742,0.143772,0.803096,0.198704,0.989154,0.49,900.0052,1.391144,4.270444,2011-11-28T03:19:17.954,-9999999,G2,183.C-0972(A),Udry,-9999999,HARPS_ech_obs_all,HARPS_ech_obs_thosimult,STAR_WAVE_G8,1.30237788187346E-05,4.94099418445757E-07,0,0,0
HD21693,51.803771,-58.32426,2455896.630981,0.410499,0.840841,39770.933575,0.966484,-3.061292,0.496597,39772.425635,0.421814,-3.028478,0.496801,-3.24205,4.320855,11.7248,1.19838,0.451555,0.00051,0.261861,0.000612,0.356907,0.000794,0,6.839422,52.778965,-0.035041,39.6,151.7,2455896.63098,-8.692458,-8.692435,0.175,-9999999,0.439186,0.844025,0.678531,1.052874,0.869577,0.49,900.0054,-3.224781,4.310827,2011-12-01T02:59:59.117,-9999999,G2,183.C-0972(A),Udry,-9999999,HARPS_ech_obs_all,HARPS_ech_obs_thosimult,STAR_WAVE_G8,1.39294451363031E-05,4.4305570599494E-07,0,0,0
HD21693,51.803771,-58.32426,2455901.6399482,12.584689,0.860168,39782.093816,1.040079,6.629743,0.417049,39781.689406,0.353355,6.611889,0.417226,-5.381665,3.447411,13.621543,0.882832,0.45497,0.000427,0.267543,0.000509,0.358102,0.000662,0,6.84385,52.75589,-0.032686,39.6,182.3,2455901.63994,-9.100312,-9.100285,0.115,-9999999,0.439931,-1.639129,0.752302,-0.844341,0.978215,0.5,900.0056,-5.374736,3.482693,2011-12-06T03:12:57.746,-9999999,G2,183.C-0972(A),Udry,-9999999,HARPS_ech_obs_all,HARPS_ech_obs_thosimult,STAR_WAVE_G8,1.32514014411266E-05,4.74696478191965E-07,0,0,0
HD21693,51.803771,-58.32426,2455924.5876006,-1.516679,0.919802,39769.050853,1.026965,-5.571994,0.329138,39770.000343,0.276056,-5.56083,0.32944,9.021449,3.519013,8.23284,0.850341,0.449131,0.000341,0.267649,0.000401,0.358057,0.000521,0,6.833168,52.805999,-0.035048,39.6,231.6,2455924.58759,-9.931202,-9.931202,0.374,-9999999,0.443341,0.260501,0.858896,0.506149,0.989167,0.5,900.0001,9.027156,3.489853,2011-12-29T01:58:38.615,-9999999,G2,183.C-0972(A),Udry,-9999999,HARPS_ech_obs_all,HARPS_ech_obs_thosimult,STAR_WAVE_G8,1.34695920685705E-05,3.9287711711489E-07,0,0,0
HD21693,51.803771,-58.32426,2455927.5787358,1.358171,0.725782,39772.123929,0.743028,-3.472048,0.402543,39771.598055,0.338231,-3.483066,0.402773,2.689269,3.559793,9.63906,0.945501,0.447723,0.000402,0.26631,0.000481,0.353846,0.000621,0,6.832102,52.792331,-0.034946,39.6,193.4,2455927.57873,-9.916887,-9.916886,0.451,-9999999,0.443786,-0.514403,0.603919,-0.96966,0.661582,0.5,800.0055,2.695443,3.544796,2012-01-01T01:46:51.227,-9999999,G2,183.C-0972(A),Udry,-9999999,HARPS_ech_obs_all,HARPS_ech_obs_thosimult,STAR_WAVE_G8,1.32863086607449E-05,3.99895995233554E-07,0,0,0
HD21693,51.803771,-58.32426,2455945.6254669,2.498205,0.976307,39772.472795,1.062159,-1.806065,0.464207,39772.875114,0.386975,-1.811048,0.464382,-2.119366,4.696991,18.629985,1.154893,0.449705,0.000467,0.262388,0.000557,0.354756,0.000716,0,6.847396,52.713237,-0.035349,39.6,168.5,2455945.62546,-9.387708,-9.387726,0,-9999999,0.446468,0.011546,0.858887,-0.044149,0.989157,0.49,900.0059,-2.123367,4.690964,2012-01-19T02:54:17.995,-9999999,G2,183.C-0972(A),Udry,-9999999,HARPS_ech_obs_all,HARPS_ech_obs_thosimult,STAR_WAVE_G8,1.42390234713812E-05,4.80912633174402E-07,0,0,0
HD21693,51.803771,-58.32426,2455951.6258343,6.774909,0.974444,39777.568153,1.063611,2.292432,0.460276,39777.863093,0.390944,2.311685,0.460387,-7.721316,3.616105,16.319985,1.15907,0.449697,0.000461,0.267503,0.000551,0.357509,0.000716,0,6.841054,52.73296,-0.031925,39.6,168,2455951.62583,-8.977526,-8.977545,0.031,-9999999,0.44736,-0.16666,0.858887,-0.15242,0.989157,0.5,900.0057,-7.710628,3.630495,2012-01-25T02:54:56.370,-9999999,G2,183.C-0972(A),Udry,-9999999,HARPS_ech_obs_all,HARPS_ech_obs_thosimult,STAR_WAVE_G8,1.40648288414896E-05,5.57079184891349E-07,0,0,0
HD21693,51.803771,-58.32426,2456115.9551059,6.106453,0.970975,39776.743382,1.058444,1.606494,0.452739,39775.566511,0.376442,1.632862,0.452709,-2.540613,4.251211,26.705383,0.886309,0.451931,0.000446,0.263682,0.000534,0.357838,0.00069,0,6.847759,52.697686,-0.036538,39.6,173.5,2456115.95511,9.594686,9.594673,-0.099,-9999999,0.471784,-0.184143,0.858964,-1.648655,0.989239,0.51,900.0002,-2.575172,4.26123,2012-07-07T10:47:18.018,-9999999,G2,183.C-0972(A),Udry,-9999999,HARPS_ech_obs_all,HARPS_ech_obs_thosimult,STAR_WAVE_G8,1.13285143048881E-05,4.2120348497456E-07,0,0,0
HD21693,51.803771,-58.32426,2456117.9359528,7.751091,0.957361,39779.090606,1.04954,3.257429,0.422779,39777.950262,0.350663,3.239203,0.422859,-5.421123,3.873231,26.592736,1.006939,0.452036,0.000419,0.262859,0.000499,0.357527,0.000645,0,6.854888,52.678356,-0.034469,39.6,185.4,2456117.93594,9.558244,9.558245,-0.475,-9999999,0.472079,-0.177846,0.858952,-1.612423,0.989226,0.49,900.0003,-5.440683,3.890483,2012-07-09T10:19:55.789,-9999999,G2,183.C-0972(A),Udry,-9999999,HARPS_ech_obs_all,HARPS_ech_obs_thosimult,STAR_WAVE_G8,1.25737337285318E-05,4.69800922607858E-07,0,0,0
HD21693,51.803771,-58.32426,2456120.9338113,6.023909,1.063015,39778.845257,1.114201,1.530951,0.626262,39777.709409,0.512716,1.548392,0.62645,-3.528617,5.609658,34.11497,1.449123,0.452588,0.000615,0.266952,0.000741,0.35739,0.000961,0,6.851193,52.618251,-0.032407,39.6,125.1,2456120.9338,9.454289,9.454302,0.122,-9999999,0.472524,-0.177142,0.858951,-1.608372,0.989225,0.5,900.0003,-3.545245,5.616411,2012-07-12T10:16:33.661,-9999999,G2,183.C-0972(A),Udry,-9999999,HARPS_ech_obs_all,HARPS_ech_obs_thosimult,STAR_WAVE_G8,1.32938463811633E-05,4.93088708236528E-07,0,0,0
HD21693,51.803771,-58.32426,2456149.8721169,1.633523,0.944771,39771.727015,1.077092,-3.236736,0.508047,39771.116865,0.42618,-3.201412,0.508176,-8.705087,4.298507,14.615437,1.290555,0.447919,0.000507,0.264614,0.000615,0.354374,0.000789,0,6.834517,52.757478,-0.035998,39.6,151.6,2456149.87211,7.315334,7.315384,0.213,-9999999,0.476826,-0.554442,0.796543,-1.086976,0.98919,0.5,900.0004,-8.685816,4.288343,2012-08-10T08:46:32.912,-9999999,G2,183.C-0972(A),Udry,-9999999,HARPS_ech_obs_all,HARPS_ech_obs_thosimult,STAR_WAVE_G8,1.13259018104556E-05,5.341939453056E-07,0,0,0
HD21693,51.803771,-58.32426,2456158.8412376,1.129652,0.960355,39769.286135,1.089048,-5.502787,0.541793,39769.817356,0.455582,-5.485658,0.541894,-10.191084,5.247034,18.294996,1.014785,0.447816,0.000574,0.267833,0.00068,0.347176,0.000879,0,6.838263,52.752693,-0.036583,39.6,136.8,2456158.84123,6.283215,6.283269,0.208,-9999999,0.478159,-2.316623,0.792932,0.053062,0.989177,0.5,900.0002,-10.174011,5.229368,2012-08-19T08:01:47.607,-9999999,G2,183.C-0972(A),Udry,-9999999,HARPS_ech_obs_all,HARPS_ech_obs_thosimult,STAR_WAVE_G8,1.3659766347251E-05,5.32258438190757E-07,0,0,0
HD21693,51.803771,-58.32426,2456166.852097,-3.278825,0.8537,39766.070414,0.887778,-8.164264,0.453064,39767.026555,0.382254,-8.123957,0.45324,7.133718,4.13157,10.137011,0.853656,0.450155,0.000455,0.267839,0.000545,0.352336,0.000702,0,6.833668,52.807577,-0.032906,39.6,169.5,2456166.85209,5.185577,5.185637,-0.277,-9999999,0.479349,-0.569622,0.723559,0.476792,0.801269,0.5,900.0003,7.123741,4.090566,2012-08-27T08:17:12.824,-9999999,G2,183.C-0972(A),Udry,-9999999,HARPS_ech_obs_all,HARPS_ech_obs_thosimult,STAR_WAVE_G8,1.12367767784844E-05,6.10414492005492E-07,0,0,0
HD21693,51.803771,-58.32426,2456171.8062435,0.647085,0.805704,39770.670216,0.81769,-1.758416,0.445521,39773.573839,0.374999,-1.765613,0.445588,-7.011399,5.458466,-0.097005,0.98418,0.44739,0.00044,0.268295,0.000533,0.350196,0.000682,0,6.821411,52.868613,-0.039205,39.6,174,2456171.80624,4.52332,4.523372,-0.667,-9999999,0.480086,1.910315,0.67132,2.423537,0.726631,0.49,900.0002,-6.994015,5.451751,2012-09-01T07:11:13.280,-9999999,G2,183.C-0972(A),Udry,-9999999,HARPS_ech_obs_all,HARPS_ech_obs_thosimult,STAR_WAVE_G8,9.46540531506913E-06,4.85244404646316E-07,0,0,0
HD21693,51.803771,-58.32426,2456174.8543899,3.954653,1.107175,39777.610151,0.862379,0.395069,0.698648,39774.644483,0.579128,0.368145,0.698735,-1.663841,5.563437,1.189837,1.570552,0.448914,0.000721,0.261203,0.000865,0.356311,0.00112,0,6.82656,52.912447,-0.039079,39.6,108.1,2456174.85438,4.006142,4.006196,0.074,-9999999,0.480539,0.756233,0.858911,-3.446207,0.63899,0.51,900.0002,-1.645028,5.566222,2012-09-04T08:20:11.454,-9999999,G2,183.C-0972(A),Udry,-9999999,HARPS_ech_obs_all,HARPS_ech_obs_thosimult,STAR_WAVE_G8,1.17541067413332E-05,5.809511423426E-07,0,0,0
HD21693,51.803771,-58.32426,2456182.7982437,3.1385,0.917798,39773.182836,1.039725,0.880031,0.554777,39775.968986,0.464559,0.888219,0.554807,-8.957809,6.105856,5.720379,1.138632,0.450206,0.000558,0.267627,0.000671,0.35623,0.000869,0,6.825781,52.827513,-0.03551,39.6,138.1,2456182.79824,2.829998,2.830059,-0.328,-9999999,0.481719,2.057348,0.731147,2.304431,0.930168,0.51,900.0002,-8.943403,6.109095,2012-09-12T06:59:12.729,-9999999,G2,183.C-0972(A),Udry,-9999999,HARPS_ech_obs_all,HARPS_ech_obs_thosimult,STAR_WAVE_G8,1.07298728936586E-05,5.48663831933422E-07,0,0,0
HD21693,51.803771,-58.32426,2456186.8154278,2.974477,0.953579,39772.022417,1.040879,-0.602398,0.414257,39774.667185,0.350978,-0.577429,0.41443,-10.798077,6.291662,7.570314,1.017106,0.447773,0.00042,0.268822,0.000501,0.351917,0.000644,0,6.829003,52.827089,-0.037233,39.6,184.9,2456186.81542,2.15059,2.150648,-0.146,-9999999,0.482317,0.738941,0.858897,2.162451,0.97992,0.49,899.9995,-10.760097,6.291956,2012-09-16T07:24:12.629,-9999999,G2,183.C-0972(A),Udry,-9999999,HARPS_ech_obs_all,HARPS_ech_obs_thosimult,STAR_WAVE_G8,9.59718285862925E-06,4.31875744114518E-07,0,0,0
HD21693,51.803771,-58.32426,2456194.8007104,2.740738,0.811907,39773.207186,0.627203,-1.835396,0.566374,39773.665194,0.477943,-1.773986,0.566489,-8.633001,5.688669,13.638545,1.372151,0.449506,0.00058,0.263373,0.000697,0.349741,0.000901,0,6.840136,52.763389,-0.02949,39.6,134,2456194.8007,0.828361,0.828421,0.066,-9999999,0.483503,-0.260317,0.581733,-0.025495,0.406145,0.47,900.0062,-8.62641,5.684254,2012-09-24T07:03:15.720,-9999999,G2,183.C-0972(A),Udry,-9999999,HARPS_ech_obs_all,HARPS_ech_obs_thosimult,STAR_WAVE_G8,1.16232037465667E-05,5.69083108436436E-07,0,0,0
HD21693,51.803771,-58.32426,2456200.7976569,-3.744311,0.671385,39767.741378,0.64112,-6.95946,0.493792,39768.79893,0.415232,-6.949351,0.493886,0.560238,5.961195,8.429758,1.12977,0.44566,0.000496,0.27021,0.000602,0.350216,0.000769,0,6.827702,52.805637,-0.033671,39.6,155.3,2456200.79765,-0.186013,-0.185957,-0.007,-9999999,0.484395,1.100667,0.454892,0.573157,0.488485,0.45,900,0.560884,5.940289,2012-09-30T06:59:09.401,-9999999,G2,183.C-0972(A),Udry,-9999999,HARPS_ech_obs_all,HARPS_ech_obs_thosimult,STAR_WAVE_G8,1.19563676676732E-05,5.2573392203686E-07,0,0,0
HD21693,51.803771,-58.32426,2456209.8313814,-2.543432,1.028011,39767.64628,1.196003,-5.195576,0.830213,39768.078117,0.672279,-5.201439,0.830482,6.878073,7.444487,-4.51661,2.160361,0.449097,0.000838,0.267587,0.001013,0.359609,0.001319,0,6.829299,52.914455,-0.042909,39.6,92.8,2456209.83137,-1.767555,-1.767498,-0.235,-9999999,0.485737,1.663673,0.606262,-0.0539,0.989173,0.53,900.0003,6.880313,7.431293,2012-10-09T07:46:33.705,-9999999,G2,183.C-0972(A),Udry,-9999999,HARPS_ech_obs_all,HARPS_ech_obs_thosimult,STAR_WAVE_G8,8.12264635585037E-06,8.54099002274872E-07,0,0,0
HD21693,51.803771,-58.32426,2456210.8020885,-2.748216,0.788726,39769.117863,1.033526,-5.81719,0.467889,39769.403653,0.396223,-5.827425,0.468005,-0.646214,5.453213,0.890959,1.305188,0.447523,0.000485,0.268232,0.000575,0.360471,0.00075,0,6.824467,52.888946,-0.038356,39.6,161.2,2456210.80208,-1.893383,-1.893337,0.184,-9999999,0.485882,1.246843,0.634956,-0.200092,0.954559,0.51,900,-0.642334,5.432436,2012-10-10T07:04:41.302,-9999999,G2,183.C-0972(A),Udry,-9999999,HARPS_ech_obs_all,HARPS_ech_obs_thosimult,STAR_WAVE_G8,1.08526789350912E-05,4.23811226899852E-07,0,0,0
HD21693,51.803771,-58.32426,2456215.8078782,-3.011214,0.808539,39769.030898,0.715471,-7.832832,0.514453,39767.826792,0.430542,-7.8117,0.514495,-13.845288,5.906673,5.05729,1.305851,0.449247,0.000519,0.267928,0.000621,0.359104,0.000809,0,6.827643,52.863335,-0.038266,39.6,149.1,2456215.80787,-2.744627,-2.744565,-0.158,-9999999,0.486626,-0.505801,0.623758,-1.690732,0.57143,0.53,899.9998,-13.8538,5.875117,2012-10-15T07:12:46.832,-9999999,G2,072.C-0488(E),Mayor,-9999999,HARPS_ech_obs_all,HARPS_ech_obs_thosimult,STAR_WAVE_G8,1.05346441301721E-05,4.52483253263282E-07,0,0,0
HD21693,51.803771,-58.32426,2456219.7810803,6.227168,0.888658,39777.279888,0.890838,1.88809,0.571724,39777.02933,0.474536,1.84897,0.57183,-8.18684,5.59005,4.047134,1.297718,0.448039,0.000574,0.267694,0.000689,0.356351,0.000894,0,6.836035,52.85857,-0.039057,39.6,134.8,2456219.78107,-3.367422,-3.367363,0.03,-9999999,0.487216,-0.023261,0.680327,-0.737774,0.753928,0.48,899.9999,-8.195013,5.598242,2012-10-19T06:34:59.962,-9999999,G2,072.C-0488(E),Mayor,-9999999,HARPS_ech_obs_all,HARPS_ech_obs_thosimult,STAR_WAVE_G8,1.30101569782604E-05,5.34720999411662E-07,0,0,0
HD21693,51.803771,-58.32426,2456220.8005781,8.469751,0.744027,39780.073723,0.875487,3.437333,0.453349,39779.172975,0.382526,3.451103,0.453451,-7.753627,5.859519,10.083666,1.305185,0.449695,0.000466,0.268322,0.000551,0.357104,0.000716,0,6.835881,52.810524,-0.03951,39.6,168.2,2456220.80057,-3.559598,-3.559542,-0.28,-9999999,0.487368,-0.716601,0.589959,-1.388116,0.787497,0.46,900,-7.755101,5.87264,2012-10-20T07:03:23.573,-9999999,G2,072.C-0488(E),Mayor,-9999999,HARPS_ech_obs_all,HARPS_ech_obs_thosimult,STAR_WAVE_G8,1.26153127867209E-05,5.01218581328171E-07,0,0,0
HD21693,51.803771,-58.32426,2456220.8217204,9.149213,1.183152,39779.458853,1.158041,4.109844,1.025567,39778.518114,0.849055,4.112341,1.025739,-9.801334,10.644432,-2.78297,2.551191,0.448528,0.001051,0.269418,0.001263,0.357041,0.001636,0,6.835885,52.86437,-0.040283,39.6,75.7,2456220.82172,-3.590012,-3.58996,0,-9999999,0.487371,-0.723552,0.589967,-1.42811,0.787505,0.49,157.9997,-9.802263,10.652189,2012-10-20T07:39:26.875,-9999999,G2,072.C-0488(E),Mayor,-9999999,HARPS_ech_obs_all,HARPS_ech_obs_thosimult,STAR_WAVE_G8,1.12376375550594E-05,1.00616129525418E-06,0,0,0
HD21693,51.803771,-58.32426,2456223.7930855,7.980702,0.825922,39779.486113,0.767034,2.252509,0.515122,39778.537245,0.42936,2.2699,0.515256,-15.822779,6.719977,17.510945,1.358653,0.44944,0.000523,0.262134,0.000623,0.35807,0.000809,0,6.83872,52.760793,-0.03369,39.6,149.1,2456223.79308,-4.031345,-4.031287,-0.005,-9999999,0.487813,-1.412376,0.645597,-1.436681,0.635603,0.52,899.9995,-15.825648,6.727931,2012-10-23T06:51:45.443,-9999999,G2,183.C-0972(A),Udry,-9999999,HARPS_ech_obs_all,HARPS_ech_obs_thosimult,STAR_WAVE_G8,1.05514540871376E-05,5.99924727669995E-07,0,0,0
HD21693,51.803771,-58.32426,2456226.8404191,5.571101,1.118309,39776.792245,1.154947,0.773391,0.716168,39776.320376,0.596181,0.782539,0.716349,-11.24609,7.610225,6.533353,1.775443,0.450408,0.000736,0.26284,0.000887,0.350359,0.001151,0,6.838743,52.834832,-0.037436,39.6,105.9,2456226.84041,-4.567308,-4.567255,-0.023,-9999999,0.488265,-0.481893,0.858906,-0.960134,0.989177,0.5,899.9995,-11.294698,7.611844,2012-10-26T08:00:16.766,-9999999,G2,183.C-0972(A),Udry,-9999999,HARPS_ech_obs_all,HARPS_ech_obs_thosimult,STAR_WAVE_G8,1.11956528333874E-05,5.7692135828932E-07,0,0,0
HD21693,51.803771,-58.32426,2456236.6086987,-2.682892,0.967419,39768.475649,1.060447,-7.761222,0.456169,39768.382579,0.382241,-7.787846,0.456193,-22.263899,7.153843,-0.855574,0.910946,0.453756,0.000442,0.268202,0.000539,0.35793,0.000701,0,6.821157,52.877227,-0.038352,39.6,171.6,2456236.60869,-5.729587,-5.729547,0.054,-9999999,0.489717,-0.762513,0.853117,-0.582787,0.989161,0.5,900.0073,-22.2719,7.126856,2012-11-05T02:26:50.670,-9999999,G2,183.C-0972(A),Udry,-9999999,HARPS_ech_obs_all,HARPS_ech_obs_thosimult,STAR_WAVE_G8,9.43070716374079E-06,4.58568040305978E-07,0,0,0
HD21693,51.803771,-58.32426,2456238.6524999,-0.681209,0.864337,39770.902717,0.752695,-5.193584,0.411128,39770.249708,0.348411,-5.201562,0.41129,-2.075809,6.374318,-1.139935,0.845018,0.449506,0.000414,0.268162,0.000495,0.357496,0.000644,0,6.821826,52.876109,-0.041278,39.6,186.6,2456238.65249,-6.065875,-6.065828,-0.268,-9999999,0.490021,-0.196559,0.760298,-1.14303,0.667203,0.5,900.0068,-2.105953,6.353839,2012-11-07T03:29:58.629,-9999999,G2,183.C-0972(A),Udry,-9999999,HARPS_ech_obs_all,HARPS_ech_obs_thosimult,STAR_WAVE_G8,9.1497733782964E-06,4.69147398838087E-07,0,0,0
HD21693,51.803771,-58.32426,2456246.6230996,5.141649,0.983201,39774.822358,1.068509,-32.534187,0.478536,39743.416924,0.404077,-32.507694,0.478538,-8.673872,6.080158,3.863562,0.996548,0.449092,0.000474,0.262406,0.000576,0.356344,0.000745,0,6.824444,52.839734,-0.039894,39.6,161.5,2456246.62309,-7.075876,-7.075845,0,-9999999,0.491206,-33.360019,0.858888,-31.89664,0.989158,0.49,900.0075,-8.674946,5.951139,2012-11-15T02:48:02.751,-9999999,G2,183.C-0972(A),Udry,-9999999,HARPS_ech_obs_all,HARPS_ech_obs_thosimult,STAR_WAVE_G8,1.07688377505058E-05,4.40968797138205E-07,0,0,0
HD21693,51.803771,-58.32426,2456247.5670226,3.864513,0.856476,39775.002068,0.844682,0.242255,0.438214,39775.550852,0.37101,0.240155,0.438197,-16.994592,5.779734,6.868675,1.039207,0.448427,0.000446,0.263594,0.000537,0.357837,0.000695,0,6.828743,52.815808,-0.039065,39.6,173.6,2456247.56701,-7.12852,-7.128484,-0.455,-9999999,0.491346,0.693559,0.735881,0.057438,0.758841,0.51,900.0014,-16.984117,5.78084,2012-11-16T01:27:01.665,-9999999,G2,183.C-0972(A),Udry,-9999999,HARPS_ech_obs_all,HARPS_ech_obs_thosimult,STAR_WAVE_G8,9.62803649696345E-06,4.8369005885697E-07,0,0,0
HD21693,51.803771,-58.32426,2456270.6034313,-1.654384,0.98147,39768.546171,1.068274,-5.388519,0.47496,39769.692994,0.403444,-5.389386,0.475029,-7.934295,5.32305,2.863348,1.036904,0.456098,0.000487,0.267716,0.000578,0.350426,0.000754,0,6.829808,52.85544,-0.036047,39.6,160.3,2456270.60343,-9.301121,-9.301112,0.111,-9999999,0.49477,0.581681,0.858892,0.652053,0.989162,0.5,900.0006,-7.935622,5.304068,2012-12-09T02:20:32.235,-9999999,G2,183.C-0972(A),Udry,-9999999,HARPS_ech_obs_all,HARPS_ech_obs_thosimult,STAR_WAVE_G8,1.01345000643695E-05,5.62483288238816E-07,0,0,0
HD21693,51.803771,-58.32426,2456284.6196135,2.523416,0.970047,39774.140301,1.060797,-2.410892,0.450889,39773.124123,0.383218,-2.377393,0.45103,-14.228825,6.024075,4.026433,1.063452,0.449379,0.000463,0.2673,0.000549,0.356675,0.000712,0,6.826719,52.837772,-0.040132,39.6,169.1,2456284.61961,-9.90462,-9.90461,0.105,-9999999,0.496853,-0.618491,0.858889,-1.513031,0.989158,0.5,900.0008,-14.227726,6.017474,2012-12-23T02:44:29.335,-9999999,G2,183.C-0972(A),Udry,-9999999,HARPS_ech_obs_all,HARPS_ech_obs_thosimult,STAR_WAVE_G8,1.02525931622319E-05,4.78956931370766E-07,0,0,0
HD21693,51.803771,-58.32426,2456285.5576195,5.578465,0.593561,39776.442695,0.586766,0.296932,0.396693,39776.464943,0.338172,0.309056,0.396799,-16.734339,5.508281,7.240855,0.819252,0.449179,0.000409,0.267946,0.000485,0.355436,0.000627,0,6.832056,52.82628,-0.041072,39.6,191.8,2456285.55761,-9.839146,-9.83913,-0.151,-9999999,0.496993,-0.965716,0.441531,-0.474745,0.479514,0.5,900.0007,-16.724103,5.511403,2012-12-24T01:15:15.718,-9999999,G2,183.C-0972(A),Udry,-9999999,HARPS_ech_obs_all,HARPS_ech_obs_thosimult,STAR_WAVE_G8,1.05462579334051E-05,4.14587363868685E-07,0,0,0
HD21693,51.803771,-58.32426,2456287.6088837,6.163378,0.764577,39776.657446,0.890188,-0.236942,0.466408,39774.96051,0.397656,-0.214354,0.466528,-13.001115,6.84492,8.740694,1.168714,0.448268,0.000484,0.268348,0.000575,0.358748,0.000748,0,6.835723,52.818371,-0.039722,39.6,161.7,2456287.60887,-9.936009,-9.935993,0.213,-9999999,0.497298,-2.084503,0.60584,-2.194234,0.796432,0.5,900.0008,-13.00162,6.845947,2012-12-26T02:29:10.788,-9999999,G2,183.C-0972(A),Udry,-9999999,HARPS_ech_obs_all,HARPS_ech_obs_thosimult,STAR_WAVE_G8,1.04675519167088E-05,4.65852981391514E-07,0,0,0
HD21693,51.803771,-58.32426,2456290.5814369,3.632174,0.728244,39775.196398,0.823911,0.576226,0.370379,39776.547394,0.315995,0.592843,0.370538,-1.032152,5.668573,5.194766,0.774615,0.449133,0.000382,0.266528,0.00045,0.358044,0.000588,0,6.828613,52.827821,-0.033815,39.6,205.2,2456290.58143,-9.918586,-9.91859,0.699,-9999999,0.497739,1.259868,0.627024,0.853257,0.760905,0.5,900.0006,-1.02327,5.674825,2012-12-29T01:49:47.864,-9999999,G2,183.C-0972(A),Udry,-9999999,HARPS_ech_obs_all,HARPS_ech_obs_thosimult,STAR_WAVE_G8,1.15705996482904E-05,3.68355298594135E-07,0,0,0
HD21693,51.803771,-58.32426,2456312.5798294,-3.73883,0.788097,39766.669314,0.925476,-8.404736,0.411466,39766.670814,0.344109,-8.398438,0.411637,-6.112865,6.174383,0.674489,0.910355,0.451609,0.000414,0.26821,0.000494,0.346636,0.000634,0,6.825214,52.874733,-0.041726,39.6,191,2456312.57983,-9.226447,-9.226472,0.172,-9999999,0.501009,-0.350089,0.672155,-0.499509,0.859124,0.52,900.0007,-6.110397,6.145202,2013-01-20T01:48:12.106,-9999999,G2,183.C-0972(A),Udry,-9999999,HARPS_ech_obs_all,HARPS_ech_obs_thosimult,STAR_WAVE_G8,9.13166826359074E-06,4.57408836963162E-07,0,0,0
HD21693,51.803771,-58.32426,2456315.6049309,-1.466223,0.862941,39768.938268,0.872143,-5.011078,0.643348,39769.908418,0.538623,-5.005684,0.643434,-11.402956,7.887678,2.996103,1.448777,0.448477,0.000653,0.267318,0.000787,0.356198,0.001018,0,6.831959,52.829208,-0.03689,39.6,119.3,2456315.60492,-9.045898,-9.045909,-0.145,-9999999,0.501459,0.770961,0.575126,0.468691,0.685943,0.48,900.0009,-11.387738,7.876021,2013-01-23T02:25:04.745,-9999999,G2,183.C-0972(A),Udry,-9999999,HARPS_ech_obs_all,HARPS_ech_obs_thosimult,STAR_WAVE_G8,1.07668263509543E-05,6.03342350854505E-07,0,0,0
HD21693,51.803771,-58.32426,2456319.5686418,-3.401752,0.834923,39766.058199,0.760884,-7.810845,0.470769,39766.855452,0.399329,-7.818413,0.470875,-5.379386,6.289007,2.550369,0.944658,0.447932,0.000491,0.26216,0.000582,0.354676,0.000749,0,6.826909,52.851786,-0.038935,39.6,161.1,2456319.56864,-8.695034,-8.695063,0,-9999999,0.502048,-0.093276,0.689545,0.295205,0.647674,0.46,900.0008,-5.357741,6.264179,2013-01-27T01:33:17.368,-9999999,G2,183.C-0972(A),Udry,-9999999,HARPS_ech_obs_all,HARPS_ech_obs_thosimult,STAR_WAVE_G8,1.07170352463036E-05,4.39071790358286E-07,0,0,0
HD21693,51.803771,-58.32426,2456322.5804871,-2.700667,0.991456,39767.79429,1.10803,-6.702083,0.593633,39768.409038,0.499274,-6.678355,0.593784,-3.189798,6.697393,13.606483,1.479642,0.451577,0.000601,0.268494,0.000724,0.350853,0.00094,0,6.836467,52.784672,-0.038315,39.6,129.3,2456322.58049,-8.446571,-8.446593,0.437,-9999999,0.502495,0.314401,0.794094,0.112253,0.989169,0.53,900.001,-3.179246,6.679573,2013-01-30T01:49:25.142,-9999999,G2,183.C-0972(A),Udry,-9999999,HARPS_ech_obs_all,HARPS_ech_obs_thosimult,STAR_WAVE_G8,1.31703728919041E-05,5.35718996420962E-07,0,0,0
HD21693,51.803771,-58.32426,2456477.9362885,-3.821101,0.86679,39765.787014,0.751982,-7.473306,0.673171,39766.348004,0.556226,-7.455535,0.673254,5.077578,7.047656,5.384563,1.736386,0.450309,0.000675,0.263352,0.000816,0.357662,0.001053,0,6.831916,52.877511,-0.042148,39.6,114.7,2456477.93628,9.693611,9.693625,0.45,-9999999,0.525586,0.663612,0.546046,0.035404,0.506053,0.49,899.9998,5.053562,7.026578,2013-07-04T10:20:38.819,-9999999,G2,091.C-0936(A),Udry,-9999999,HARPS_ech_obs_all,HARPS_ech_obs_wavesimult,STAR_WAVE_G8,9.23430989209423E-06,5.64880000971672E-07,0,0,0
HD21693,51.803771,-58.32426,2456505.9138498,-2.765356,1.075536,39767.827484,1.125615,-5.983322,0.647303,39768.734067,0.537092,-5.921652,0.647379,-12.050626,4.993142,11.593897,1.584739,0.450722,0.00065,0.262583,0.000783,0.357946,0.001013,0,6.837388,52.831852,-0.037928,39.6,119.1,2456505.91384,8.18917,8.189205,0,-9999999,0.529745,1.09785,0.858939,0.376838,0.989213,0.47,900.0005,-12.036931,4.975052,2013-08-01T09:47:25.625,-9999999,G2,091.C-0936(A),Udry,-9999999,HARPS_ech_obs_all,HARPS_ech_obs_wavesimult,STAR_WAVE_G8,1.13531213633269E-05,5.50662920019854E-07,0,0,0
HD21693,51.803771,-58.32426,2456515.9176015,1.105338,0.881549,39771.243512,0.976684,-2.785367,0.407791,39772.356724,0.343019,-2.790417,0.4079,1.56725,4.851076,4.044983,1.223866,0.449804,0.000414,0.262821,0.00049,0.357792,0.000635,0,6.826434,52.872412,-0.04112,39.6,188.9,2456515.91759,7.170768,7.170793,-0.606,-9999999,0.531231,0.425112,0.781559,0.581981,0.914467,0.51,900,1.587457,4.838958,2013-08-11T09:51:51.766,-9999999,G2,091.C-0936(A),Udry,-9999999,HARPS_ech_obs_all,HARPS_ech_obs_wavesimult,STAR_WAVE_G8,1.06325488104158E-05,4.4597944094213E-07,0,0,0
HD21693,51.803771,-58.32426,2456519.9355698,-2.544226,0.938483,39768.920302,1.039484,-5.93865,0.378091,39769.683888,0.31931,-5.934077,0.378231,-1.151764,4.18807,5.5378,1.029196,0.45165,0.000382,0.261888,0.000449,0.355368,0.000581,0,6.831818,52.855911,-0.041227,39.6,205.4,2456519.93557,6.676801,6.676823,0.508,-9999999,0.531829,0.921393,0.858952,0.231757,0.989226,0.49,900.0005,-1.149635,4.163764,2013-08-15T10:17:54.240,-9999999,G2,091.C-0936(A),Udry,-9999999,HARPS_ech_obs_all,HARPS_ech_obs_wavesimult,STAR_WAVE_G8,1.14278650680547E-05,4.33278118733681E-07,0,0,0
HD21693,51.803771,-58.32426,2456524.9345499,-1.76249,0.805498,39768.721734,0.660688,-5.458102,0.398164,39769.767731,0.334506,-5.422606,0.398361,-6.100029,4.147187,12.911112,1.125661,0.447823,0.000392,0.268697,0.000468,0.353185,0.000602,0,6.832452,52.768891,-0.037774,39.6,197.7,2456524.93454,6.052352,6.052388,0,-9999999,0.532572,0.620205,0.700209,0.513425,0.56975,0.49,900.0013,-6.104055,4.123408,2013-08-20T10:16:16.945,-9999999,G2,091.C-0936(A),Udry,-9999999,HARPS_ech_obs_all,HARPS_ech_obs_thosimult,STAR_WAVE_G8,1.1900567928874E-05,4.89775016894275E-07,0,0,0
HD21693,51.803771,-58.32426,2456530.9139393,-5.993334,1.19871,39764.555267,1.202443,-9.797006,0.83614,39765.2024,0.683613,-9.774101,0.836207,-9.381364,7.507892,12.717768,1.991674,0.446595,0.000844,0.270478,0.001029,0.356106,0.001326,0,6.838389,52.807174,-0.039292,39.6,92,2456530.91393,5.277793,5.277816,-0.854,-9999999,0.53346,0.512144,0.858939,0.113673,0.989213,0.55,899.9999,-9.395732,7.481592,2013-08-26T09:45:32.415,-9999999,G2,091.C-0936(A),Udry,-9999999,HARPS_ech_obs_all,HARPS_ech_obs_wavesimult,STAR_WAVE_G8,1.25247180196437E-05,7.42932303044381E-07,0,0,0
HD21693,51.803771,-58.32426,2456536.7809972,-0.882637,1.170233,39769.578027,1.184366,-5.079042,0.79483,39769.790188,0.651374,-5.079753,0.794976,-8.058914,7.873397,10.042505,2.130641,0.452153,0.000795,0.26998,0.000957,0.348927,0.001238,0,6.832404,52.814696,-0.034688,39.6,98.4,2456536.78099,4.598373,4.598419,0.393,-9999999,0.534332,0.119412,0.858889,-0.322171,0.989159,0.46,900.0011,-8.046383,7.864296,2013-09-01T06:35:18.978,-9999999,G2,091.C-0936(A),Udry,-9999999,HARPS_ech_obs_all,HARPS_ech_obs_wavesimult,STAR_WAVE_G8,8.54248642805705E-06,8.47192235879704E-07,0,0,0
HD21693,51.803771,-58.32426,2456539.8359758,-3.04777,1.160767,39767.373707,1.180476,-7.26225,0.78081,39767.48232,0.644248,-7.253831,0.781008,-9.497858,6.918906,0.138991,1.875944,0.451891,0.000799,0.265594,0.000969,0.353641,0.00124,0,6.828095,52.908196,-0.034029,39.6,97.9,2456539.83597,4.075343,4.075372,0.066,-9999999,0.534786,0.101337,0.858904,-0.426173,0.989175,0.53,900.0021,-9.497279,6.897545,2013-09-04T07:53:22.400,-9999999,G2,091.C-0936(A),Udry,-9999999,HARPS_ech_obs_all,HARPS_ech_obs_wavesimult,STAR_WAVE_G8,1.26169766462579E-05,7.94709147674359E-07,0,0,0
HD21693,51.803771,-58.32426,2456568.8431651,1.615835,1.018843,39772.737159,0.881365,-1.720294,0.847488,39773.108909,0.689993,-1.763892,0.847506,-6.689087,8.025101,12.539054,2.301441,0.449004,0.000828,0.262402,0.001014,0.351627,0.001318,0,6.84674,52.794553,-0.039313,39.6,93,2456568.84316,-0.720064,-0.720016,0.113,-9999999,0.539098,0.979688,0.565512,-0.167348,0.548374,0.55,650.0008,-6.691058,8.022094,2013-10-03T08:05:28.776,-9999999,G2,192.C-0852(A),Udry,-9999999,HARPS_ech_obs_all,HARPS_ech_obs_wavesimult,STAR_WAVE_G8,1.41065454904221E-05,5.57762312590598E-07,0,0,0
HD21693,51.803771,-58.32426,2456580.8099477,-4.384099,1.174403,39765.425557,1.018726,-6.978952,1.084801,39768.003288,0.890895,-6.996494,1.084911,1.659776,9.349168,8.192662,2.773195,0.448343,0.001086,0.27047,0.001319,0.353578,0.001694,0,6.832501,52.818152,-0.042431,39.6,72.9,2456580.80995,-2.70685,-2.706804,0.333,-9999999,0.540876,1.720964,0.449921,2.036855,0.494073,0.54,700.0007,1.650087,9.335537,2013-10-15T07:17:24.059,-9999999,G2,192.C-0852(A),Udry,-9999999,HARPS_ech_obs_all,HARPS_ech_obs_wavesimult,STAR_WAVE_G8,1.26325496434132E-05,7.60941660988438E-07,0,0,0
HD21693,51.803771,-58.32426,2456583.7695118,-1.616682,0.67079,39769.282513,0.67009,-4.607443,0.477391,39770.711119,0.407029,-4.602919,0.477439,-3.745697,4.486426,6.536539,1.52548,0.44889,0.000483,0.264409,0.000578,0.349264,0.000747,0,6.82751,52.841092,-0.035924,39.6,161.3,2456583.7695,-3.140829,-3.140773,0.04,-9999999,0.541316,1.325056,0.471229,0.88729,0.532304,0.51,600.0015,-3.755821,4.463741,2013-10-18T06:20:24.873,-9999999,G2,192.C-0852(A),Udry,-9999999,HARPS_ech_obs_all,HARPS_ech_obs_wavesimult,STAR_WAVE_G8,1.07311926228383E-05,5.37888958719153E-07,0,0,0
HD21693,51.803771,-58.32426,2456591.7855896,1.830573,0.861707,39772.749296,1.015905,-1.132238,0.580563,39774.656136,0.48831,-1.126419,0.580549,3.868309,5.518003,12.510426,1.584308,0.450644,0.000594,0.269255,0.000711,0.358954,0.000923,0,6.841612,52.798899,-0.035242,39.6,131.3,2456591.78558,-4.446394,-4.446352,0,-9999999,0.542508,1.353006,0.636778,1.364332,0.890851,0.5,900.0017,3.849834,5.515597,2013-10-26T06:41:18.708,-9999999,G2,192.C-0852(A),Udry,-9999999,HARPS_ech_obs_all,HARPS_ech_obs_wavesimult,STAR_WAVE_G8,1.1053582216331E-05,5.28393987363528E-07,0,0,0
HD21693,51.803771,-58.32426,2456593.7660791,2.587656,0.951575,39773.776448,1.056011,-2.541437,0.46127,39773.086361,0.392072,-2.51651,0.461328,-9.640194,4.953862,9.128915,1.492528,0.453565,0.000474,0.263611,0.000566,0.356891,0.000731,0,6.83796,52.815071,-0.033893,39.6,165,2456593.76607,-4.728448,-4.728406,-0.112,-9999999,0.542802,-0.813276,0.832301,-1.232889,0.98053,0.49,900.0012,-9.668833,4.942233,2013-10-28T06:13:24.594,-9999999,G2,192.C-0852(A),Udry,-9999999,HARPS_ech_obs_all,HARPS_ech_obs_wavesimult,STAR_WAVE_G8,1.08339383450222E-05,4.91521253151603E-07,0,0,0
HD21693,51.803771,-58.32426,2456600.7371128,-1.791332,0.846687,39768.788362,0.929377,-5.48639,0.453376,39769.13879,0.385912,-5.476583,0.453454,3.926946,4.621034,1.38601,1.181289,0.453391,0.000469,0.26754,0.000554,0.357352,0.000721,0,6.824655,52.882688,-0.037975,39.6,167.1,2456600.73711,-5.73389,-5.73385,0.083,-9999999,0.543838,0.620759,0.715073,-0.19341,0.845467,0.48,900.0015,3.912155,4.594636,2013-11-04T05:32:01.368,-9999999,G2,192.C-0852(A),Udry,-9999999,HARPS_ech_obs_all,HARPS_ech_obs_wavesimult,STAR_WAVE_G8,1.10014946578996E-05,5.24681042448985E-07,0,0,0
HD21693,51.803771,-58.32426,2456602.7601263,1.045858,0.913891,39771.8317,1.047827,-3.466153,0.407124,39772.321798,0.345708,-3.449588,0.407216,-2.885854,4.054697,0.99918,1.017695,0.447825,0.000413,0.267372,0.00049,0.359556,0.00064,0,6.822243,52.881182,-0.03725,39.6,188.9,2456602.76012,-6.052835,-6.05281,0.671,-9999999,0.544139,-0.196194,0.818198,-0.054041,0.989154,0.52,900.0009,-2.89577,4.041469,2013-11-06T06:04:37.145,-9999999,G2,192.C-0852(A),Udry,-9999999,HARPS_ech_obs_all,HARPS_ech_obs_wavesimult,STAR_WAVE_G8,9.90196124106439E-06,4.58680658697773E-07,0,0,0
HD21693,51.803771,-58.32426,2456611.6014227,7.565884,0.954968,39778.372137,0.910227,3.954052,0.664405,39779.521195,0.553914,3.947392,0.664425,-0.028986,5.959454,11.79281,1.951888,0.449452,0.000663,0.26384,0.000809,0.357743,0.001045,0,6.8394,52.786913,-0.039388,39.6,116,2456611.60141,-7.01274,-7.012692,-0.333,-9999999,0.545453,0.703985,0.685951,0.603605,0.722282,0.47,900,-0.04114,5.972625,2013-11-15T02:17:06.911,-9999999,G2,192.C-0852(A),Udry,-9999999,HARPS_ech_obs_all,HARPS_ech_obs_wavesimult,STAR_WAVE_G8,1.01119272986321E-05,6.13834838824829E-07,0,0,0
HD21693,51.803771,-58.32426,2456613.661636,1.534307,0.83654,39771.839774,0.793485,-1.661245,0.448905,39773.718929,0.380758,-1.625712,0.448972,5.965423,4.395247,9.008059,1.114566,0.454607,0.000459,0.267486,0.000544,0.357886,0.000709,0,6.835531,52.814933,-0.036795,39.6,169.9,2456613.66163,-7.335757,-7.335726,-0.537,-9999999,0.545759,1.120265,0.705892,1.333396,0.696162,0.5,899.9941,5.967971,4.387119,2013-11-17T03:43:26.648,-9999999,G2,192.C-0852(A),Udry,-9999999,HARPS_ech_obs_all,HARPS_ech_obs_wavesimult,STAR_WAVE_G8,9.25016166656745E-06,5.36092666575446E-07,0,0,0
HD21693,51.803771,-58.32426,2456614.6756307,-1.427088,0.677285,39767.967791,0.736826,-5.376933,0.404158,39769.255778,0.343115,-5.35485,0.404168,-0.305923,3.739806,7.121644,1.125633,0.453559,0.000413,0.26686,0.000487,0.359375,0.000637,0,6.832783,52.838176,-0.038306,39.6,189.5,2456614.67562,-7.473393,-7.473344,0.425,-9999999,0.54591,0.365972,0.543481,0.742077,0.652062,0.52,900.0013,-0.304051,3.713865,2013-11-18T04:03:19.948,-9999999,G2,192.C-0852(A),Udry,-9999999,HARPS_ech_obs_all,HARPS_ech_obs_wavesimult,STAR_WAVE_G8,1.04421842624746E-05,3.91514939343884E-07,0,0,0
HD21693,51.803771,-58.32426,2456678.6278316,-4.030488,0.981263,39765.658657,1.068232,-7.190478,0.474543,39767.255048,0.403348,-7.168021,0.47456,-6.555276,3.602867,0.27021,1.106719,0.452387,0.000497,0.267749,0.000585,0.35013,0.00076,0,6.823341,52.882153,-0.042773,39.6,159.5,2456678.62783,-9.226789,-9.226811,-0.057,-9999999,0.555415,1.155826,0.858887,1.040976,0.989157,0.51,900.0011,-6.541052,3.56155,2014-01-21T02:57:30.160,-9999999,G2,192.C-0852(A),Udry,-9999999,HARPS_ech_obs_all,HARPS_ech_obs_thosimult,STAR_WAVE_G8,7.99507415093615E-06,5.0061707577973E-07,0,0,0
HD21693,51.803771,-58.32426,2456699.5380225,3.504675,0.688639,39774.452839,0.605337,-0.175168,0.441935,39775.676397,0.374478,-0.184927,0.442094,1.784935,4.012759,14.415009,1.052015,0.448288,0.00044,0.262436,0.000524,0.357516,0.000679,0,6.83316,52.758088,-0.036562,39.6,177.2,2456699.53801,-7.165345,-7.165361,-0.905,-9999999,0.558523,0.635974,0.528126,0.665035,0.475604,0.48,900.0013,1.786931,4.009684,2014-02-11T00:49:26.820,-9999999,G2,192.C-0852(A),Udry,-9999999,HARPS_ech_obs_all,HARPS_ech_obs_thosimult,STAR_WAVE_G8,1.08377306988314E-05,4.37421698377924E-07,0,0,0
HD21693,51.803771,-58.32426,2456712.5623679,-1.673757,0.788244,39770.274338,0.764364,-6.110924,0.471627,39770.201021,0.398602,-6.110461,0.47177,-3.118946,4.286681,3.102988,1.229465,0.448517,0.000475,0.262666,0.000565,0.356546,0.00073,0,6.825524,52.877623,-0.037415,39.6,164.9,2456712.56236,-5.483857,-5.483891,0.161,-9999999,0.560459,-0.12135,0.631582,-0.633776,0.652203,0.49,900.0009,-3.14947,4.253725,2014-02-24T01:24:44.552,-9999999,G2,192.C-0852(A),Udry,-9999999,HARPS_ech_obs_all,HARPS_ech_obs_thosimult,STAR_WAVE_G8,8.85033747394217E-06,5.27250091461016E-07,0,0,0
HD21693,51.803771,-58.32426,2456859.9412636,1.463873,0.949992,39771.323455,0.999807,-0.04021,0.538813,39774.318607,0.451382,-0.009982,0.538869,-6.698566,5.563368,8.380026,1.453257,0.448896,0.000535,0.263737,0.000644,0.356991,0.000831,0,6.829543,52.842458,-0.042195,39.6,144.3,2456859.94126,9.011103,9.011101,0.96,-9999999,0.582364,2.811734,0.78241,2.412788,0.892114,0.5,900.0011,-6.691089,5.568929,2014-07-21T10:26:54.409,-9999999,G2,192.C-0852(A),Udry,-9999999,HARPS_ech_obs_all,HARPS_ech_obs_wavesimult,STAR_WAVE_G8,1.13256223284965E-05,5.42903064493725E-07,0,0,0
HD21693,51.803771,-58.32426,2456871.9368674,-0.489114,0.877821,39770.259889,0.942513,-4.127749,0.590566,39771.120428,0.494156,-4.115053,0.590593,-3.206461,5.573395,7.098247,1.710604,0.447132,0.000593,0.262583,0.000714,0.353801,0.000917,0,6.831664,52.843661,-0.038905,39.6,130.7,2456871.93687,8.087041,8.087051,0.422,-9999999,0.584147,0.677182,0.649463,0.276392,0.802583,0.52,900.0008,-3.191854,5.562287,2014-08-02T10:19:47.163,-9999999,G2,192.C-0852(A),Udry,-9999999,HARPS_ech_obs_all,HARPS_ech_obs_wavesimult,STAR_WAVE_G8,8.94527350497216E-06,5.64613317707132E-07,0,0,0
HD21693,51.803771,-58.32426,2456932.8778219,-0.350139,0.855607,39771.020274,0.764138,-3.49051,0.478534,39771.687772,0.404984,-3.460928,0.478534,-4.007338,4.18629,2.293162,1.388563,0.447573,0.000485,0.262428,0.000577,0.355092,0.000745,0,6.826344,52.885673,-0.040093,39.6,160.9,2456932.87782,-0.56247,-0.56245,0.124,-9999999,0.593205,1.175445,0.709273,0.074293,0.647993,0.48,900.0015,-4.009123,4.17347,2014-10-02T08:54:08.044,-9999999,G2,192.C-0852(A),Udry,-9999999,HARPS_ech_obs_all,HARPS_ech_obs_wavesimult,STAR_WAVE_G8,8.42227895414413E-06,5.60192756776507E-07,0,0,0
HD21693,51.803771,-58.32426,2457038.5777072,0.572742,0.611137,39772.125265,0.679367,-4.761465,0.391044,39771.550532,0.332525,-4.762482,0.391111,-2.316513,4.520842,1.721585,1.140949,0.449821,0.000406,0.262092,0.000476,0.355872,0.000616,0,6.825839,52.880041,-0.036254,39.6,195.3,2457038.5777,-9.488952,-9.488951,0.261,-9999999,0.608915,-1.018391,0.469653,-1.183648,0.592425,0.49,900.0007,-2.306294,4.502115,2015-01-16T01:45:22.914,-9999999,G2,192.C-0852(A),Udry,-9999999,HARPS_ech_obs_all,HARPS_ech_obs_wavesimult,STAR_WAVE_G8,8.08812230364503E-06,3.92380732708673E-07,0,0,0
HD21693,51.803771,-58.32426,2457047.5472949,-5.501943,0.695808,39765.117009,0.863177,-10.453739,0.369914,39765.152931,0.310155,-10.432619,0.369903,-0.742638,4.156841,-7.605916,1.110398,0.447206,0.000378,0.268969,0.000447,0.356524,0.000576,0,6.815767,52.963824,-0.043304,39.6,210.1,2457047.54728,-8.876959,-8.876975,0.547,-9999999,0.610248,-0.635979,0.589333,-0.574326,0.80553,0.5,900.0006,-0.715836,4.103803,2015-01-25T01:01:49.890,-9999999,G2,192.C-0852(A),Udry,-9999999,HARPS_ech_obs_all,HARPS_ech_obs_wavesimult,STAR_WAVE_G8,7.80568607554072E-06,4.09772564286637E-07,0,0,0
HD21693,51.803771,-58.32426,2457267.8411914,3.181128,0.691039,39789.232869,0.686334,-0.565504,0.495831,39791.445798,0.457472,12.382641,0.536962,15.547472,13.91618,38.279751,4.656425,0.45651,0.000627,0.268324,0.000703,0.340932,0.000895,0,6.854842,52.648795,-0.026348,39.6,131.6,2457267.84119,4.442372,4.442392,0.571,-9999999,0.642991,1.596424,0.481339,1.569938,0.511639,0.52,899.9983,15.57359,13.932289,2015-09-02T08:01:04.423,-9999999,G2,192.C-0852(A),Udry,-9999999,HARPS_ech_obs_all,HARPS_ech_obs_thosimult,STAR_WAVE_G8,1.06645552599344E-05,5.91625633845812E-07,0,0,0
HD21693,51.803771,-58.32426,2457294.7694587,2.040588,0.608869,39787.307301,0.648075,-0.43575,0.320236,39791.592018,0.316998,12.740471,0.379994,15.039556,11.297946,32.129572,4.446688,0.453264,0.00042,0.271359,0.000476,0.348365,0.000602,0,6.844758,52.676479,-0.021603,39.6,194.8,2457294.76946,0.156573,0.156599,0,-9999999,0.646993,2.866717,0.517852,3.637724,0.565255,0.48,899.9983,15.058655,11.319394,2015-09-29T06:18:05.046,-9999999,G2,192.C-0852(A),Udry,-9999999,HARPS_ech_obs_all,HARPS_ech_obs_wavesimult,STAR_WAVE_G8,9.35230070032634E-06,3.50730067984066E-07,0,0,0
HD21693,51.803771,-58.32426,2457312.7929584,0.714567,0.733797,39787.656463,0.600299,-2.499355,0.422979,39789.326935,0.39964,10.598027,0.471277,15.617033,9.425354,22.999941,4.668187,0.451913,0.000512,0.267668,0.000582,0.353203,0.000748,0,6.835708,52.761222,-0.027458,39.6,157.7,2457312.79295,-2.931727,-2.931681,-0.147,-9999999,0.649672,2.129133,0.599622,1.0208,0.447936,0.5,899.9983,15.61455,9.457997,2015-10-17T06:51:44.748,-9999999,G2,192.C-0852(A),Udry,-9999999,HARPS_ech_obs_all,HARPS_ech_obs_thosimult,STAR_WAVE_G8,9.40173553430462E-06,4.43283128661917E-07,0,0,0
HD21693,51.803771,-58.32426,2457398.6834298,-1.132024,0.695117,39785.318254,0.678914,-5.617234,0.37991,39786.729758,0.359351,8.26334,0.427132,16.707495,9.559395,20.466363,4.335017,0.454454,0.000413,0.263383,0.000489,0.353195,0.000625,0,6.839084,52.749855,-0.02738,39.6,188.2,2457398.68343,-9.830722,-9.830744,0.136,-9999999,0.662438,0.857845,0.582113,0.749066,0.576013,0.48,899.9982,16.729754,9.583378,2016-01-11T04:17:32.006,-9999999,G2,192.C-0852(A),Udry,-9999999,HARPS_ech_obs_all,HARPS_ech_obs_wavesimult,STAR_WAVE_G8,9.19531486594237E-06,5.04115944649875E-07,0,0,0
HD21693,51.803771,-58.32426,2457421.5650539,1.056025,0.607763,39786.436526,0.782138,-3.356133,0.377422,39788.575377,0.362257,10.341811,0.424988,18.890059,12.239988,21.847167,4.642622,0.450877,0.00047,0.264323,0.000535,0.354398,0.000683,0,6.839332,52.764932,-0.025531,39.6,173.7,2457421.56505,-8.131282,-8.131318,0.399,-9999999,0.665839,0.930898,0.47637,1.473012,0.693188,0.5,899.9983,18.901097,12.263236,2016-02-03T01:27:45.359,-9999999,G2,192.C-0852(A),Udry,-9999999,HARPS_ech_obs_all,HARPS_ech_obs_wavesimult,STAR_WAVE_G8,6.75563619849697E-06,5.26981167817716E-07,0,0,0
HD21693,51.803771,-58.32426,2457695.7442811,-3.639965,0.576962,39782.168166,0.632899,-8.970791,0.3788,39783.315248,0.363995,4.336436,0.427741,15.213922,9.211819,14.900069,4.61922,0.451754,0.000505,0.264303,0.000564,0.346948,0.000724,0,6.829922,52.840774,-0.027622,39.6,164.3,2457695.74427,-5.639998,-5.639946,-0.166,-9999999,0.706591,0.012229,0.435196,0.440491,0.517754,0.51,899.9983,15.186303,9.227966,2016-11-03T05:41:51.848,-9999999,G2,198.C-0836(A),Diaz,-9999999,HARPS_ech_obs_all,HARPS_ech_obs_wavesimult,STAR_WAVE_G8,8.93076333016725E-06,3.90440794265487E-07,0,0,0
HD21693,51.803771,-58.32426,2457947.9346794,-0.18124,0.745698,39786.381869,0.74765,-4.948142,0.534354,39786.64322,0.487154,8.004872,0.572752,19.626825,13.728949,13.214052,5.039129,0.451861,0.000629,0.264973,0.000714,0.35272,0.000909,0,6.824532,52.850705,-0.03219,39.6,130,2457947.93467,9.41511,9.415136,0.418,-9999999,0.744074,0.576153,0.520126,-0.482723,0.567152,0.49,1099.9983,19.649024,13.741685,2017-07-13T10:16:16.740,-9999999,G2,198.C-0836(A),Diaz,-9999999,HARPS_ech_obs_all,HARPS_ech_obs_wavesimult,STAR_WAVE_G8,6.43803743628299E-06,6.66257119188356E-07,0,0,0
HD21693,51.803771,-58.32426,2458001.8450602,-2.666189,0.984898,39782.739341,1.23023,-8.943519,0.460202,39782.206931,0.428359,4.56392,0.50496,20.814338,7.981127,13.290827,5.014466,0.451828,0.000541,0.263622,0.000613,0.353318,0.000784,0,6.829184,52.830282,-0.029602,39.6,150.4,2458001.84505,3.900588,3.900639,0.09,-9999999,0.752087,-0.934274,0.870769,-1.284497,1.153245,0.48,899.9982,20.840562,7.997626,2017-09-05T08:07:10.646,-9999999,G2,198.C-0836(A),Diaz,-9999999,HARPS_ech_obs_all,HARPS_ech_obs_wavesimult,STAR_WAVE_G8,7.63093327798281E-06,5.04456468944162E-07,0,0,0
