rvbank_star_name,n_observations_rvbank,archive_hostname,planet_name,match_method,match_note,orbital_period_days,orbital_period_err_upper_days,orbital_period_err_lower_days,semi_major_axis_au,semi_major_axis_err_upper_au,semi_major_axis_err_lower_au,eccentricity,eccentricity_err_upper,eccentricity_err_lower,omega_argument_of_periastron_deg,omega_err_upper_deg,omega_err_lower_deg,rv_semi_amplitude_m_s,rv_semi_amplitude_err_upper_m_s,rv_semi_amplitude_err_lower_m_s,inclination_deg,inclination_err_upper_deg,inclination_err_lower_deg,time_of_periastron_days,transit_mid_time_days,planet_mass_mjup,planet_mass_err_upper_mjup,planet_mass_err_lower_mjup,planet_mass_provenance,planet_mass_mearth,planet_mass_err_upper_mearth,planet_radius_rearth,planet_radius_rjup,discoverymethod,disc_facility,disc_year,parameter_reference,supplemented_parameters,supplement_reference,controversial_flag,stellar_teff_k,stellar_mass_msun,stellar_radius_rsun,stellar_fe_h_dex,stellar_logg_cgs,v_magnitude,distance_pc,n_planets_in_system
HD10700,11632,tau Cet,tau Cet g,direct,,20,0.02,-0.01,0.133,0.001,-0.002,0.06,0.13,-0.06,395.341,36.096,-84.798,0.49,0.07,-0.11,,,,,,0.00550609,0.00078658,-0.00125853,Msini,1.75,0.25,1.18,0.105,Radial Velocity,Multiple Observatories,2017,Feng et al. 2017,,,1,5310,0.783,0.83,-0.52,4.52,3.49607,3.60304,3
HD10700,11632,tau Cet,tau Cet f,direct,,636.13,11.7,-47.69,1.334,0.017,-0.044,0.16,0.07,-0.16,119.75,41.25,-70.47,0.35,0.1,-0.12,,,,,,0.0123651,0.00330365,-0.00431048,Msini,3.93,1.05,1.81,0.161,Radial Velocity,Multiple Observatories,2017,Feng et al. 2017,,,1,5310,0.783,0.83,-0.52,4.52,3.49607,3.60304,3
HD10700,11632,tau Cet,tau Cet h,direct,,49.41,0.08,-0.1,0.243,0.003,-0.003,0.23,0.16,-0.15,7.45,37.24,-48.13,0.39,0.15,-0.06,,,,,,0.0057578,0.00213951,-0.00081805,Msini,1.83,0.68,1.19,0.106,Radial Velocity,Multiple Observatories,2017,Feng et al. 2017,,,1,5310,0.783,0.83,-0.52,4.52,3.49607,3.60304,3
HD20794,6824,HD 20794,HD 20794 f,direct,,647.6,2.5,-2.7,1.3541,0.0068,-0.0068,0.45,0.1,-0.11,,,,0.567,0.067,-0.064,,,,,2459933,0.01831177,0.00179342,-0.00179342,Msini,5.82,0.57,2.28,0.203,Radial Velocity,Multiple Observatories,2025,Nari et al. 2025,,,0,5368,0.79,0.93,-0.42,4.39,4.26,6.00278,4
HD20794,6824,HD 20794,HD 20794 d,direct,,89.68,0.1,-0.1,0.3625,0.0015,-0.0016,0.077,0.084,-0.055,54,25,-22,0.502,0.048,-0.049,90,,,,2460356.2,0.015,0.002,-0.002,Msin(i)/sin(i),4.8,0.6,2.04,0.182,Radial Velocity,La Silla Observatory,2011,Pepe et al. 2011,,,0,5368,0.79,0.93,-0.42,4.39,4.26,6.00278,4
HD20794,6824,HD 20794,HD 20794 b,direct,,18.314,0.0022,-0.0022,0.1257,0.00052,-0.00053,0.064,0.065,-0.046,25,30,-28,0.614,0.048,-0.048,90,,,,2460383.26,0.0085,0.0009,-0.0009,Msin(i)/sin(i),2.7,0.3,1.45,0.129,Radial Velocity,La Silla Observatory,2011,Pepe et al. 2011,,,0,5368,0.79,0.93,-0.42,4.39,4.26,6.00278,4
HD20794,6824,HD 20794,HD 20794 e,direct,,147.02,1.43,-0.91,0.509,0.006,-0.006,0.29,0.14,-0.18,268.14,48.13,-32.66,0.69,0.15,-0.13,,,,,,0.01500802,0.00302048,-0.00270585,Msini,4.77,0.96,2.03,0.181,Radial Velocity,La Silla Observatory,2017,Feng et al. 2017,,,1,5401,0.813,0.93,-0.4,4.39,4.26,6.00278,4
GJ219.0,6158,bet Pic,bet Pic b,simbad,,8682,55,-58,10.07,0.03,-0.03,0.105,0.004,-0.003,23.7,3.1,-2.6,78.791,15.672,-14.126,88.993,0.01,-0.011,2447959.05,,8.7,2.6,-2.5,Mass,2765.107141,826.3538582,18.49485,1.65,Imaging,Paranal Observatory,2008,Lagrange et al. 2009,,,0,8038.68,1.789,1.54416,-0.21,4.35072,3.85,19.7442,3
GJ219.0,6158,bet Pic,bet Pic c,simbad,,1202,26,-11,2.7,0.03,-0.03,0.307,0.019,-0.025,-114.9,2.6,-2.4,137.999,16.442,-15.079,88.93,0.11,-0.09,2458632.35,,8.7,0.8,-0.7,Mass,2765.107141,254.2627256,12.5,1.12,Radial Velocity,La Silla Observatory,2019,Lagrange et al. 2019,,,0,8038.68,1.789,1.54416,-0.21,4.35072,3.85,19.7442,3
GJ219.0,6158,bet Pic,bet Pic d,simbad,,33200,6600,-9900,26,2.2,-6.1,0.44,,,191,127,-149,,,,89,0.7,-0.6,2452641,,2.4,0.6,-0.6,Mass,762.7881768,190.6970442,14.12331568,1.26,Imaging,Paranal Observatory,2026,Sutlieff et al. 2026,,,0,8038.68,1.789,1.54416,-0.21,4.35072,3.85,19.7442,3
GJ845,4634,eps Ind A,eps Ind A b,simbad,,25450,4387,-3302,15.76,1.73,-1.39,0.25,0.09,-0.09,-28.13,15.32,-17.02,29.22,5.45,-6.07,102.18,1.72,-1.67,2441420.76,,6.5,0.72,-0.59,Mass,2065.884645,228.836453,12.7,1.13,Radial Velocity,La Silla Observatory,2019,Feng et al. 2019,,,0,4700,0.8,0.713,-0.17,5.25,4.69,3.63857,1
GJ691,3012,HD 160691,HD 160691 b,simbad,,645,0.3,-0.3,1.5,0.02,-0.02,0.0505,0.0094,-0.0093,39,16,-16,36.1,0.2,-0.2,60,,,2452396,2453765.6,4.3,,,Mass,1366.66215,,,,Radial Velocity,Anglo-Australian Telescope,2000,Butler et al. 2001,,,0,5773,1.13,1.33,0.28,4.2,5.12,15.5981,4
GJ691,3012,HD 160691,HD 160691 c,simbad,,3947,23,-23,4.17,0.07,-0.07,0.039,0.011,-0.011,84,36,-36,22.18,0.25,-0.25,60,,,2453264,2453237,4.4,,,Mass,1398.444991,,,,Radial Velocity,Anglo-Australian Telescope,2004,McCarthy et al. 2004,,,0,5773,1.13,1.33,0.28,4.2,5.12,15.5981,4
GJ691,3012,HD 160691,HD 160691 d,simbad,,9.6392,0.0006,-0.0006,0.0952,0.0018,-0.0018,0,0.02,-0.02,197,20,-20,2.94,0.17,-0.17,,,,2400052,2455205.15,0.03300523,0.00261147,-0.00254855,Msini,10.49,0.83,3.23,0.288,Radial Velocity,La Silla Observatory,2004,Santos et al. 2004,,,0,5773,1.13,1.33,0.28,4.2,5.12,15.5981,4
GJ691,3012,HD 160691,HD 160691 e,simbad,,307.9,0.3,-0.3,0.96,0.018,-0.018,0.0666,0.0122,-0.0122,193,10,-10,12.23,0.27,-0.27,60,,,2452720,2454483.8,7,,,Mass,2224.798849,,,,Radial Velocity,La Silla Observatory,2006,Pepe et al. 2007,,,0,5773,1.13,1.33,0.28,4.2,5.12,15.5981,4
GJ108,2114,HR 810,HR 810 b,simbad,,302.79999,2.3,-2.3,0.92,0.02,-0.02,0.14,0.13,-0.13,309,5,-5,57.1,5.2,-5.2,87,6,-6,2451492.8,2451908.6,6.2,0.5,-0.5,Mass,1970.536123,158.9142035,12.7,1.14,Radial Velocity,La Silla Observatory,1999,Kurster et al. 2000,,,0,6167,1.34,1.13,0.16,4.46,5.4,17.3181,1
GJ785,1821,HD 192310,HD 192310 b,simbad,,74.72,0.1,-0.1,0.32,0.005,-0.005,0.13,0.04,-0.04,173,20,-20,3,0.12,-0.12,90,,,2455164.3,2455767.85,0.0532,0.0028,-0.0028,Msin(i)/sin(i),16.9,0.9,4.27,0.381,Radial Velocity,La Silla Observatory,2011,Pepe et al. 2011,,,0,5166,0.8,0.857922,-0.04,4.51,5.73,8.79687,2
GJ785,1821,HD 192310,HD 192310 c,simbad,,525.8,9.2,-9.2,1.18,0.025,-0.025,0.32,0.11,-0.11,110,21,-21,2.27,0.28,-0.28,90,,,,2455256,0.076,0.016,-0.016,Msin(i)/sin(i),24,5,5.25,0.469,Radial Velocity,La Silla Observatory,2011,Pepe et al. 2011,,,0,5166,0.8,0.857922,-0.04,4.51,5.73,8.79687,2
GJ128,1738,HD 19994,HD 19994 b,simbad,,466.2,1.7,-1.7,1.305,0.016,-0.016,0.063,0.062,-0.062,346,55,-55,29.3,2.1,-2.1,,,,2453757,,1.37,0.12,-0.12,Msini,435.41,38.14,13.6,1.21,Radial Velocity,La Silla Observatory,2003,Mayor et al. 2004,,,0,6188,1.365,1.79647,0.27,4.29,5.06345,22.5242,1
GJ506,1242,61 Vir,61 Vir b,simbad,,4.215,0.0006,-0.0006,0.050201,5e-06,-5e-06,0.12,0.11,-0.11,105,54,-54,2.12,0.23,-0.23,,,,,2455200.597,0.016,0.002,-0.002,Msini,5.1,0.5,2.11,0.188,Radial Velocity,Multiple Observatories,2009,Vogt et al. 2010,,,0,5577,0.942,0.963,-0.01,4.34,4.6955,8.50332,3
GJ506,1242,61 Vir,61 Vir c,simbad,,38.021,0.034,-0.034,0.2175,0.0001,-0.0001,0.14,0.06,-0.06,341,38,-38,3.62,0.23,-0.23,,,,,2455036.24,0.057,0.003,-0.003,Msini,18.2,1.1,4.46,0.398,Radial Velocity,Multiple Observatories,2009,Vogt et al. 2010,,,0,5577,0.942,0.963,-0.01,4.34,4.6955,8.50332,3
GJ506,1242,61 Vir,61 Vir d,simbad,,123.01,0.55,-0.55,0.476,0.001,-0.001,0.35,0.09,-0.09,314,20,-20,3.25,0.39,-0.39,,,,,2455245.8,0.072,0.008,-0.008,Msini,22.9,2.6,5.11,0.456,Radial Velocity,Multiple Observatories,2009,Vogt et al. 2010,,,0,5577,0.942,0.963,-0.01,4.34,4.6955,8.50332,3
HD46375A,1158,HD 46375,HD 46375 b,simbad,,3.023573,6.5e-05,-6.5e-05,0.0398,0.0023,-0.0023,0.063,0.026,-0.026,114,24,-24,33.65,0.74,-0.74,,,,2451071.53,2452571.044,0.226,0.019,-0.019,Msini,71.8,6,10,0.894,Radial Velocity,W. M. Keck Observatory,2000,Marcy et al. 2000,,,0,5285,0.92,0.914196,0.24,4.533,7.91,29.5529,1
HD22049,761,eps Eri,eps Eri b,direct,,2680,30,-30,3.53,0.04,-0.04,0.06,0.06,-0.04,268,62,-105,18.5,0.2,-0.2,40,6,-5,2458017.5,2457388,1,0.1,-0.1,Mass,317.828407,31.7828407,13.8,1.23,Radial Velocity,Multiple Observatories,2000,Hatzes et al. 2000,,,0,5020.38,0.82,0.759106,-0.13,4.5901,3.71548,3.2026,1
GJ302,728,HD 69830,HD 69830 c,simbad,,31.56,0.04,-0.04,0.186,,,0.13,0.06,-0.06,221,35,-35,2.66,0.16,-0.16,,,,2453469.6,2455197.28,0.0371,,,Msini,11.8,,3.46,0.309,Radial Velocity,La Silla Observatory,2006,Lovis et al. 2006,,,0,5385,0.86,0.886947,-0.05,4.490299,5.96004,12.5591,3
GJ302,728,HD 69830,HD 69830 b,simbad,,8.667,0.003,-0.003,0.0785,,,0.1,0.04,-0.04,340,26,-26,3.51,0.15,-0.15,,,,2453496.8,2455995.87,0.0321,,,Msini,10.2,,3.17,0.283,Radial Velocity,La Silla Observatory,2006,Lovis et al. 2006,,,0,5385,0.86,0.886947,-0.05,4.490299,5.96004,12.5591,3
GJ302,728,HD 69830,HD 69830 d,simbad,,197,3,-3,0.63,,,0.07,0.07,-0.07,224,61,-61,2.2,0.19,-0.19,,,,2453358,2455304.1,0.057,,,Msini,18.1,,4.45,0.397,Radial Velocity,La Silla Observatory,2006,Lovis et al. 2006,,,0,5385,0.86,0.886947,-0.05,4.490299,5.96004,12.5591,3
GJ887,715,GJ 887,GJ 887 e,direct,,4.4249,0.00014,-0.00013,0.0417,0.0014,-0.0015,,,,,,,0.91,0.1,-0.1,,,,,2453488.05,0.00459367,0.00059781,-0.00056634,Msini,1.46,0.19,1.12,0.0999,Radial Velocity,Multiple Observatories,2026,Hartogh et al. 2026,,,0,3688,0.495,0.468,-0.06,4.156,7.56,3.28679,4
GJ887,715,GJ 887,GJ 887 c,direct,,21.784,0.004,-0.004,0.121,0.004,-0.005,0.17,0.06,-0.06,200,110,-140,2.54,0.27,-0.27,,,,,2453498.2,0.02045129,0.00314635,-0.00283172,Msini,6.5,1,2.43,0.217,Radial Velocity,La Silla Observatory,2020,Jeffers et al. 2020,,,0,3688,0.495,0.468,-0.06,4.156,7.56,3.28679,4
GJ887,715,GJ 887,GJ 887 b,direct,,9.2619,0.0005,-0.0005,0.0683,0.0022,-0.0024,0.14,0.06,-0.06,180,130,-130,2,0.17,-0.17,,,,,2453492.75,0.01227077,0.00157318,-0.00157318,Msini,3.9,0.5,1.8,0.161,Radial Velocity,La Silla Observatory,2020,Jeffers et al. 2020,,,0,3688,0.495,0.468,-0.06,4.156,7.56,3.28679,4
GJ887,715,GJ 887,GJ 887 d,direct,,50.77,0.05,-0.05,0.212,0.007,-0.008,,,,,,,1.7,0.4,-0.4,,,,,2453496,0.01919275,0.00440489,-0.00440489,Msini,6.1,1.4,2.34,0.209,Radial Velocity,Multiple Observatories,2026,Hartogh et al. 2026,,,0,3688,0.495,0.468,-0.06,4.156,7.56,3.28679,4
HD136352,677,HD 136352,HD 136352 c,direct,,27.59221,0.00011,-0.00011,0.1721,0.005,-0.005,0,,,-110.22,74.58,-75.76,2.61,0.12,-0.12,88.571,0.042,-0.045,2455490.057,2458954.41,0.03536499,0.00204513,-0.0019822,Mass,11.24,0.65,2.916,0.26014854,Radial Velocity,La Silla Observatory,2019,Udry et al. 2019,,,0,5664,0.87,1.058,-0.24,4.39,5.65,14.682,3
HD136352,677,HD 136352,HD 136352 b,direct,,11.57797,8e-05,-0.00013,0.0964,0.0028,-0.0028,0,,,-185.64,35.97,-37.67,1.46,0.12,-0.12,88.49,0.17,-0.15,2455496.701,2458944.373,0.01485078,0.00132147,-0.00132147,Mass,4.72,0.42,1.664,0.14845239,Radial Velocity,La Silla Observatory,2019,Udry et al. 2019,,,0,5664,0.87,1.058,-0.24,4.39,5.65,14.682,3
HD136352,677,HD 136352,HD 136352 d,direct,,107.245,0.05,-0.05,0.425,0.012,-0.012,0,,,170.89,63.23,-76.56,1.3,0.13,-0.13,89.73,0.14,-0.09,2455494.978,2459009.776,0.02775082,0.00292611,-0.00289464,Mass,8.82,0.93,2.562,0.22856672,Radial Velocity,La Silla Observatory,2019,Udry et al. 2019,,,0,5664,0.87,1.058,-0.24,4.39,5.65,14.682,3
GJ776,659,HD 189567,HD 189567 b,simbad,,14.288,0.002,-0.002,0.111,0.002,-0.002,0.189,,,140,63,-63,2.53,0.18,-0.18,,,,2455509,2455477.54,0.02674399,0.00188781,-0.00188781,Msini,8.5,0.6,2.85,0.254,Radial Velocity,La Silla Observatory,2021,Unger et al. 2021,,,0,5726,0.83,1.04,-0.24,4.41,6.074,17.9055,2
GJ776,659,HD 189567,HD 189567 c,simbad,,33.688,0.025,-0.025,0.197,0.003,-0.003,0.16,0.09,-0.09,219,58,-58,1.6,0.2,-0.2,,,,2455502,2455187.3,0.02202446,0.00283172,-0.00283172,Msini,7,0.9,2.54,0.227,Radial Velocity,La Silla Observatory,2021,Unger et al. 2021,,,0,5726,0.83,1.04,-0.24,4.41,6.074,17.9055,2
HD39091,553,HD 39091,HD 39091 b,direct,,2088.8,0.4,-0.4,3.28,0.04,-0.04,0.642,0.001,-0.001,-30.1,0.3,-0.3,196.1,0.7,-0.7,45.8,1.4,-1.1,2458388.6,2458632.6,14.1,0.5,-0.4,Mass,4481.380539,158.9142035,12.3,1.1,Radial Velocity,Anglo-Australian Telescope,2001,Jones et al. 2002,,,0,5998,1.07,1.17,0.09,4.43,5.65,18.2702,3
HD39091,553,HD 39091,pi Men d,direct,,124.64,0.48,-0.52,0.506,0.012,-0.013,0.22,0.079,-0.079,323,25,-73,1.68,0.17,-0.17,,,,2457595.46,2455218.6,0.04209819,0.00424758,-0.00424758,Msini,13.38,1.35,3.72,0.332,Radial Velocity,La Silla Observatory,2022,Hatzes et al. 2022,,,0,5998,1.07,1.19,0.09,4.36,5.65,18.2702,3
HD39091,553,HD 39091,pi Men c,direct,,6.2678399,1.1e-05,-1.1e-05,0.06839,0.0005,-0.0005,0,,,0,,,1.185,0.115,-0.109,87.045,0.157,-0.156,2458519.807,2458425.789,0.01142126,0.00119561,-0.00119561,Mass,3.63,0.38,2.0189,0.1801145,Transit,Transiting Exoplanet Survey Satellite (TESS),2018,Gandolfi et al. 2018,,,0,5998,1.07,1.17,0.09,4.43,5.65,18.2702,3
HD1461,487,HD 1461,HD 1461 b,direct,,5.77152,0.00045,-0.00045,0.0634,0.0022,-0.0022,0.172,,,-10,74,-56,2.28,0.15,-0.15,,,,2450366.936,2455839.37,0.0202624,0.00191927,-0.00191927,Msini,6.44,0.61,2.42,0.216,Radial Velocity,W. M. Keck Observatory,2010,Rivera et al. 2010,,,0,5765,1.02,1.152288,0.19,4.38,6.47933,23.4534,2
HD1461,487,HD 1461,HD 1461 c,direct,,13.5052,0.0029,-0.0029,0.1117,0.0039,-0.0039,0.305,,,22,41,-74,1.49,0.17,-0.17,,,,,2455200.11,0.01758802,0.00229683,-0.00229683,Msini,5.59,0.73,2.23,0.199,Radial Velocity,La Silla Observatory,2015,D&iacute;az et al. 2016,,,0,5765,1.02,1.152288,0.19,4.38,6.47933,23.4534,2
GJ2046,478,HD 40307,HD 40307 b,simbad,,4.3123,0.0011,-0.0012,0.0468,0.0024,-0.0023,0.2,0.14,-0.16,194.8,45.8,-57.3,1.94,0.31,-0.27,0.2022,,,,,3.741,,,Mass,1188.996071,,,,Radial Velocity,La Silla Observatory,2009,Mayor et al. 2009,,,0,4956,0.77,0.716684,-0.31,4.47,7.17,12.9363,5
GJ2046,478,HD 40307,HD 40307 c,simbad,,9.6184,0.005,-0.0049,0.0799,0.004,-0.004,0.06,0.11,-0.06,234.9,,,2.45,0.3,-0.28,0.2109,,,,,5.879,,,Mass,1868.513205,,,,Radial Velocity,La Silla Observatory,2009,Mayor et al. 2009,,,0,4956,0.77,0.716684,-0.31,4.47,7.17,12.9363,5
GJ2046,478,HD 40307,HD 40307 d,simbad,,20.432,0.022,-0.024,0.1321,0.0066,-0.0066,0.07,0.11,-0.07,17.2,,,2.75,0.35,-0.35,0.2855,,,,,5.586,,,Mass,1775.389482,,,,Radial Velocity,La Silla Observatory,2009,Mayor et al. 2009,,,0,4956,0.77,0.716684,-0.31,4.47,7.17,12.9363,5
GJ2046,478,HD 40307,HD 40307 f,simbad,,51.76,0.5,-0.46,0.247,0.011,-0.014,0.02,0.2,-0.02,355.2,,,1.09,0.28,-0.32,,,,,,0.0164,0.0047,-0.005,Msini,5.2,1.5,2.13,0.19,Radial Velocity,La Silla Observatory,2013,Tuomi et al. 2013,,,0,4956,0.77,0.716684,-0.31,4.47,7.17,12.9363,5
GJ2046,478,HD 40307,HD 40307 g,simbad,,197.8,5.7,-9,0.6,0.034,-0.033,0.29,0.31,-0.29,91.7,,,0.95,0.32,-0.3,,,,,,0.0223,0.0082,-0.0082,Msini,7.1,2.6,2.56,0.229,Radial Velocity,La Silla Observatory,2013,Tuomi et al. 2013,,,1,4956,0.77,0.716684,-0.31,4.47,7.17,12.9363,5
GJ551,414,Proxima Cen,Proxima Cen d,simbad,,5.12338,0.00035,-0.00035,0.02881,0.00017,-0.00017,0,,,4,2,-1.7,0.392,0.057,-0.057,,,,2460557.55,,0.00081805,0.00011956,-0.00011956,Msini,0.26,0.038,0.692,0.0618,Radial Velocity,La Silla Observatory,2025,Su&aacute;rez Mascare&ntilde;o et al. 2025,,,0,2900,0.1221,0.141,,5.16372,11.01,1.30119,2
GJ551,414,Proxima Cen,Proxima Cen b,simbad,,11.18465,0.00053,-0.00053,0.04848,0.00029,-0.00029,0,,,3.3,1.8,-2.3,1.226,0.062,-0.062,,,,2460548.59,2457897.9,0.0033194,0.00017305,-0.00017305,Msini,1.055,0.055,1.02,0.0913,Radial Velocity,European Southern Observatory,2016,Anglada-Escud&eacute; et al. 2016,,,0,2900,0.1221,0.141,,5.16372,11.01,1.30119,2
HD133112,412,WASP-189,WASP-189 b,direct,,2.724033,,,0.05053,0.00098,-0.00098,0,,,,,,182,13,-13,84.03,0.14,-0.14,,2458926.542,1.99,0.16,-0.14,Mass,632.4785299,50.85254512,18.14733975,1.619,Transit,CHaracterising ExOPlanets Satellite (CHEOPS),2020,Lendl et al. 2020,,,0,8000,2.03,2.36,0.29,3.9,6.59776,99.731,1
GJ191,378,Kapteyn,Kapteyn c,simbad,,121.54,0.25,-0.25,0.311,0.038,-0.014,0.23,0.1,-0.12,3.9,28.9,-33.2,2.27,0.28,-0.26,,,,,,0.022,0.004,-0.003,Msini,7,1.2,2.54,0.227,Radial Velocity,Multiple Observatories,2014,Anglada-Escud&eacute; et al. 2014,,,1,3550,0.281,0.291,-0.89,4.92351,8.86,3.93305,1
GJ4291,371,HD 215152,HD 215152 e,simbad,,25.1967,0.0476,-0.0505,0.15417,0.00199,-0.00204,0,,,,,,0.747,0.275,-0.384,0.1869,,,,,3.069,,,Mass,975.4153811,,,,Radial Velocity,La Silla Observatory,2018,Delisle et al. 2018,,,0,4935,0.77,0.73,-0.1,4.4,8.11,21.5974,4
GJ4291,371,HD 215152,HD 215152 c,simbad,,7.28243,0.00451,-0.00827,0.067393,0.00086,-0.000893,0,,,,,,0.675,0.242,-0.284,0.2035,,,,,1.475,,,Mass,468.7969003,,,,Radial Velocity,La Silla Observatory,2018,Delisle et al. 2018,,,0,4935,0.77,0.73,-0.1,4.4,8.11,21.5974,4
GJ4291,371,HD 215152,HD 215152 d,simbad,,10.86499,0.00564,-0.00613,0.08799,0.00113,-0.00116,0,,,,,,0.963,0.277,-0.317,0.1998,,,,,2.424,,,Mass,770.4160586,,,,Radial Velocity,La Silla Observatory,2018,Delisle et al. 2018,,,0,4935,0.77,0.73,-0.1,4.4,8.11,21.5974,4
GJ4291,371,HD 215152,HD 215152 b,simbad,,5.75999,0.00157,-0.00175,0.057638,0.000739,-0.000759,0,,,,,,0.772,0.211,-0.266,0.1871,,,,,1.779,,,Mass,565.4167361,,,,Radial Velocity,La Silla Observatory,2018,Delisle et al. 2018,,,0,4935,0.77,0.73,-0.1,4.4,8.11,21.5974,4
HD96700,366,HD 96700,HD 96700 b,direct,,8.1245,0.0006,-0.0006,0.0777,0.0013,-0.0013,0.138,,,,,,3.06,0.13,-0.13,,,,2455501.3,,0.02800253,0.00125854,-0.00125854,Msini,8.9,0.4,2.93,0.261,Radial Velocity,La Silla Observatory,2021,Unger et al. 2021,,,0,5845,0.89,1.16,-0.18,4.39,6.51,25.4111,3
HD96700,366,HD 96700,HD 96700 c,direct,,19.88,0.01,-0.01,0.141,0.002,-0.002,0.293,,,,,,0.9,0.1,-0.1,,,,2455513,,0.01101223,0.00125854,-0.00125854,Msini,3.5,0.4,1.69,0.151,Radial Velocity,La Silla Observatory,2021,Unger et al. 2021,,,0,5845,0.89,1.16,-0.18,4.39,6.51,25.4111,3
HD96700,366,HD 96700,HD 96700 d,direct,,103.5,0.1,-0.1,0.424,0.007,-0.007,0.27,0.08,-0.08,42,18,-18,1.94,0.15,-0.15,,,,2455500,,0.03995867,0.00314635,-0.00314635,Msini,12.7,1,3.61,0.322,Radial Velocity,La Silla Observatory,2021,Unger et al. 2021,,,0,5845,0.89,1.16,-0.18,4.39,6.51,25.4111,3
HD4308,359,HD 4308,HD 4308 b,direct,,15.56,0.02,-0.02,0.12,0,0,0,,,359,47,-47,4.1,0.2,-0.2,,,,2453314.7,,0.05,0,0,Msini,15.8915,0,4.12,0.368,Radial Velocity,La Silla Observatory,2005,Udry et al. 2006,,,0,5686,0.93,1.02,-0.35,4.39,6.55,22.0158,1
HD45184,355,HD 45184,HD 45184 c,direct,,13.1354,0.0026,-0.0025,0.11,0.0034,-0.0036,0.07,0.07,-0.05,-197.97,119.85,-80.87,2.36,0.23,-0.23,,,,2455497.441,2455954,0.0277,0.0034,-0.0032,Msini,8.81,1.09,2.91,0.26,Radial Velocity,La Silla Observatory,2019,Udry et al. 2019,,,0,5869,1.03,1.075139,0.04,4.47,6.383,21.9532,2
HD45184,355,HD 45184,HD 45184 b,direct,,5.8854,0.0003,-0.0003,0.0644,0.002,-0.0021,0.07,0.05,-0.05,145.8,49.43,-47.76,4.26,0.23,-0.23,,,,2455500.251,2455946.53,0.0384,0.0033,-0.0032,Msini,12.19,1.06,3.52,0.314,Radial Velocity,La Silla Observatory,2019,Udry et al. 2019,,,0,5869,1.03,1.075139,0.04,4.47,6.383,21.9532,2
HD93396,342,KELT-11,KELT-11 b,direct,,4.73620865,3.77e-06,-3.77e-06,0.0623,0.00104,-0.00104,0,,,116,36,-36,19.49,1.51,-1.51,85.3,0.02,-0.02,2457062.516,2455498.959,0.205,0.017,-0.017,Mass,65.15482343,5.40308292,15.13212395,1.35,Transit,KELT-South,2017,Pepper et al. 2017,,,0,5375,1.44,2.69,0.17,3.7,8.04,99.1596,1
HD134060,339,HD 134060,HD 134060 c,direct,,1291.5646,48.0333,-44.2197,2.3928,0.0929,-0.0951,0.11,0.13,-0.07,-132.73,121.28,-55.51,1.65,0.24,-0.23,,,,2455232.816,,0.0922,0.0139,-0.0133,Msini,29.29,4.43,5.91,0.527,Radial Velocity,La Silla Observatory,2019,Udry et al. 2019,,,0,5966,1.095,1.164285,0.14,4.43,6.29,24.0125,2
HD134060,339,HD 134060,HD 134060 b,direct,,3.2696,0.0001,-0.0001,0.0444,0.0013,-0.0014,0.45,0.04,-0.04,-98.23,6.61,-6.75,4.61,0.22,-0.22,,,,2455499.654,,0.0318,0.0025,-0.0024,Msini,10.1,0.79,3.16,0.282,Radial Velocity,La Silla Observatory,2019,Udry et al. 2019,,,0,5966,1.095,1.164285,0.14,4.43,6.29,24.0125,2
HD10180,336,HD 10180,HD 10180 c,direct,,5.75969,0.00028,-0.00028,0.06412,0.00101,-0.00101,0.073,0.031,-0.031,328,24,-24,4.545,0.154,-0.154,90,,,2454001.445,,8.626,,,Mass,2741.587839,,,,Radial Velocity,La Silla Observatory,2010,Lovis et al. 2011,,,0,5911,1.06,1.109,0.08,4.39,7.33,38.9607,6
HD10180,336,HD 10180,HD 10180 d,direct,,16.357,0.0038,-0.0038,0.12859,0.00202,-0.00202,0.131,0.052,-0.052,325,23,-23,2.935,0.173,-0.173,90,,,2454022.119,,10.37,,,Mass,3295.880581,,,,Radial Velocity,La Silla Observatory,2010,Lovis et al. 2011,,,0,5911,1.06,1.109,0.08,4.39,7.33,38.9607,6
HD10180,336,HD 10180,HD 10180 e,direct,,49.748,0.025,-0.025,0.2699,0.0043,-0.0043,0.051,0.033,-0.033,147,54,-54,4.283,0.169,-0.169,90,,,2454006.26,,0.079,0.0038,-0.0038,Msin(i)/sin(i),25.1,1.2,5.39,0.481,Radial Velocity,La Silla Observatory,2010,Lovis et al. 2011,,,0,5911,1.06,1.109,0.08,4.39,7.33,38.9607,6
HD10180,336,HD 10180,HD 10180 h,direct,,2205,105.9,-105.9,3.381,0.121,-0.121,0.095,0.086,-0.086,142,72,-72,3.117,0.245,-0.245,90,,,2453433.4,,0.203,0.014,-0.014,Msin(i)/sin(i),64.4,4.6,9.4,0.838,Radial Velocity,La Silla Observatory,2010,Lovis et al. 2011,,,0,5911,1.06,1.109,0.08,4.39,7.33,38.9607,6
HD10180,336,HD 10180,HD 10180 f,direct,,122.744,0.232,-0.232,0.4929,0.0078,-0.0078,0.119,0.054,-0.054,327,27,-27,2.862,0.186,-0.186,90,,,2454024.67,,0.0752,0.0044,-0.0044,Msin(i)/sin(i),23.9,1.4,5.24,0.468,Radial Velocity,La Silla Observatory,2010,Lovis et al. 2011,,,0,5911,1.06,1.109,0.08,4.39,7.33,38.9607,6
HD10180,336,HD 10180,HD 10180 g,direct,,604.67,10.42,-10.42,1.427,0.028,-0.028,0.263,0.152,-0.152,327,59,-59,1.754,0.38,-0.38,90,,,2454002.8,,10.62,,,Mass,3375.337682,,,,Radial Velocity,La Silla Observatory,2010,Lovis et al. 2011,,,0,5911,1.06,1.109,0.08,4.39,7.33,38.9607,6
GJ699,335,Barnard's star,Barnard d,simbad,,2.3402,0.0003,-0.0003,0.0188,0.0003,-0.0003,0.04,0.05,-0.03,-51.8,190.8,-93.5,0.428,0.036,-0.036,,,,2460243.7,,0.00082749,7.551e-05,-7.551e-05,Msini,0.263,0.024,0.694,0.062,Radial Velocity,Gemini Observatory,2025,Basant et al. 2025,,,0,3195,0.162,0.185,-0.56,4.9,9.54,1.82655,4
GJ699,335,Barnard's star,Barnard c,simbad,,4.1244,0.0006,-0.0006,0.0274,0.0004,-0.0004,0.08,0.06,-0.05,90.8,38.9,-48.1,0.452,0.038,-0.038,,,,2460242.92,,0.00105403,9.439e-05,-9.439e-05,Msini,0.335,0.03,0.743,0.0663,Radial Velocity,Gemini Observatory,2025,Basant et al. 2025,,,0,3195,0.162,0.185,-0.56,4.9,9.54,1.82655,4
GJ699,335,Barnard's star,Barnard b,simbad,,3.1542,0.0004,-0.0004,0.0229,0.0003,-0.0003,0.03,0.03,-0.02,3.8,117.7,-121.4,0.44,0.036,-0.036,,,,2460243.38,2460139.204,0.00094076,8.181e-05,-8.181e-05,Msini,0.299,0.026,0.72,0.0642,Radial Velocity,Paranal Observatory,2024,Gonz&aacute;lez Hern&aacute;ndez et al. 2024,,,0,3195,0.162,0.185,-0.56,4.9,9.54,1.82655,4
GJ699,335,Barnard's star,Barnard e,simbad,,6.7392,0.003,-0.003,0.0381,0.0005,-0.0005,0.04,0.03,-0.04,-27.5,137.5,-96.1,0.221,0.037,-0.037,,,,2460245.3,,0.00060725,0.00010383,-0.00010383,Msini,0.193,0.033,0.637,0.0568,Radial Velocity,Gemini Observatory,2025,Basant et al. 2025,,,0,3195,0.162,0.185,-0.56,4.9,9.54,1.82655,4
GJ54.1,334,YZ Cet,YZ Cet b,simbad,,2.02087,7e-05,-9e-05,0.01634,0.00035,-0.00041,0.06,0.06,-0.04,197,110,-133,1.31,0.15,-0.14,,,,2452996.25,,0.00220245,0.00028317,-0.00025171,Msini,0.7,0.09,0.913,0.0814,Radial Velocity,La Silla Observatory,2017,Astudillo-Defru et al. 2017,,,0,3151,0.142,0.157,-0.18,5.17,12.074,3.71207,3
GJ54.1,334,YZ Cet,YZ Cet c,simbad,,3.05989,0.0001,-0.0001,0.02156,0.00046,-0.00054,0,,,30,80,-80,1.84,0.14,-0.15,,,,2452997.62,,0.00358684,0.0003461,-0.00031464,Msini,1.14,0.11,1.05,0.0933,Radial Velocity,La Silla Observatory,2017,Astudillo-Defru et al. 2017,,,0,3151,0.142,0.157,-0.18,5.17,12.074,3.71207,3
GJ54.1,334,YZ Cet,YZ Cet d,simbad,,4.65626,0.00028,-0.00029,0.02851,0.00061,-0.00071,0.07,0.04,-0.05,200,53,-62,1.54,0.14,-0.15,,,,2452996.83,,0.00342952,0.00037756,-0.00037756,Msini,1.09,0.12,1.03,0.0921,Radial Velocity,La Silla Observatory,2017,Astudillo-Defru et al. 2017,,,0,3151,0.142,0.157,-0.18,5.17,12.074,3.71207,3
GJ367,332,GJ 367,GJ 367 b,direct,,0.3219226,1e-06,-1e-06,0.0071,0.0002,-0.0002,0,,,66,41,-108,0.78,0.12,-0.12,78.6,0.7,-0.7,,2458543.814,0.00158261,0.00024542,-0.00024542,Mass,0.503,0.078,0.736,0.06566164,Transit,Transiting Exoplanet Survey Satellite (TESS),2021,Lam et al. 2021,,,0,3535,0.451,0.457,-0.01,4.776,10.153,9.41263,3
GJ367,332,GJ 367,GJ 367 c,direct,,11.5301,0.0078,-0.0078,,,,0.09,0.07,-0.07,-34,74,-54,1.99,0.17,-0.17,,,,,2459153.94,0.01299443,0.00113269,-0.00113269,Msini,4.13,0.36,1.86,0.166,Radial Velocity,La Silla Observatory,2023,Goffo et al. 2023,,,0,3522,0.455,0.458,-0.01,4.776,10.153,9.41263,3
GJ367,332,GJ 367,GJ 367 d,direct,,34.369,0.073,-0.073,,,,0.14,0.09,-0.09,-126,287,-38,2.03,0.16,-0.16,,,,,2459181.82,0.0189725,0.00154171,-0.00154171,Msini,6.03,0.49,2.33,0.208,Radial Velocity,La Silla Observatory,2023,Goffo et al. 2023,,,0,3522,0.455,0.458,-0.01,4.776,10.153,9.41263,3
GJ273,318,GJ 273,GJ 273 b,direct,,18.6498,0.0059,-0.0052,0.091101,1.9e-05,-1.7e-05,0.1,0.09,-0.07,,,,1.61,0.15,-0.15,,,,,,0.00909291,0.00084951,-0.00081805,Msini,2.89,0.27,1.51,0.135,Radial Velocity,La Silla Observatory,2017,Astudillo-Defru et al. 2017,,,0,3382,0.29,0.293,0.09,4.90868,9.84,5.921535,2
GJ273,318,GJ 273,GJ 273 c,direct,,4.7234,0.0004,-0.0004,0.036467,2e-06,-2e-06,0.17,0.13,-0.12,,,,1.06,0.15,-0.15,,,,,,0.00371268,0.00050341,-0.00050341,Msini,1.18,0.16,1.06,0.0942,Radial Velocity,La Silla Observatory,2017,Astudillo-Defru et al. 2017,,,0,3382,0.29,0.293,0.09,4.90868,9.84,5.921535,2
GJ882,308,51 Peg,51 Peg b,simbad,,4.2307966,2.7e-06,-2.7e-06,0.052,,,0.0063,,,0,0,0,55.77,0.15,-0.15,49.8,5.8,-5.7,2452497,2456326.932,0.61,0.06,-0.05,Mass,193.8753283,19.06970442,14.1,1.26,Radial Velocity,Haute-Provence Observatory,1995,Mayor & Queloz 1995,,,0,5761,1.07,1.19,0.2058,4.317353,5.45309,15.4614,1
GJ447,307,Ross 128,Ross 128 b,simbad,,9.8658,0.007,-0.007,0.0496,0.0017,-0.0017,0.116,0.097,-0.097,,,,1.39,0.18,-0.18,,,,,,0.00440487,0.00066073,-0.00066073,Msini,1.4,0.21,1.11,0.0988,Radial Velocity,La Silla Observatory,2017,Bonfils et al. 2018,,,0,3192,0.168,0.1967,-0.02,5.04705,11.12,3.37454,1
HD11977,294,HD 11977,HD 11977 b,direct,,711,8,-8,1.93,,,0.4,0.07,-0.07,351.5,9.5,-9.5,105,8,-8,,,,2451420,,6.54,,,Msini,2080,,12.7,1.13,Radial Velocity,La Silla Observatory,2005,Setiawan et al. 2005,,,0,4970,1.91,10.09,-0.21,2.9,4.68,67.9331,1
GJ3053,293,LHS 1140,LHS 1140 b,simbad,,24.73723,2e-05,-2e-05,0.0946,0.0017,-0.0017,0.043,,,,,,3.8,0.11,-0.11,89.86,0.04,-0.04,,2458399.93,0.01761957,0.00059781,-0.00059781,Mass,5.6,0.19,1.73,0.15434053,Transit,MEarth Project,2017,Dittmann et al. 2017,,,0,3096,0.1844,0.2159,-0.15,5.041,14.15,14.9861,2
GJ3053,293,LHS 1140,LHS 1140 c,simbad,,3.77794,2e-06,-2e-06,0.027,0.0005,-0.0005,0.05,,,,,,2.42,0.07,-0.07,89.8,0.14,-0.19,,2458389.294,0.00600953,0.00018878,-0.00018878,Mass,1.91,0.06,1.272,0.11348043,Transit,Multiple Observatories,2018,Ment et al. 2019,,,0,3096,0.1844,0.2159,-0.15,5.041,14.15,14.9861,2
HD16417,293,HD 16417,HD 16417 b,direct,,17.24,0.01,-0.01,0.14,0.01,-0.01,0.2,0.09,-0.09,77,26,-26,5,0.4,-0.4,,,,2450099.74,,0.0696,0.0063,-0.0063,Msini,22.1,2,5,0.446,Radial Velocity,Anglo-Australian Telescope,2008,O'Toole et al. 2009,,,0,5841,1.2,1.639984,0.06,4.16,5.78,25.3936,1
HD134606,290,HD 134606,HD 134606 c,direct,,58.883,0.041,-0.039,0.3007,0.0066,-0.0069,0.055,0.062,-0.04,172,80,-86,1.81,0.14,-0.14,,,,2455031.6,,0.03558524,0.00314635,-0.00311489,Msini,11.31,1,3.37,0.301,Radial Velocity,Multiple Observatories,2024,Li et al. 2024,,,0,5576,1.046,1.158,0.343,4.33,6.86,26.7909,5
HD134606,290,HD 134606,HD 134606 b,direct,,12.089,0.0016,-0.0015,0.1046,0.0023,-0.0024,0.092,0.054,-0.053,157,38,-34,2.47,0.13,-0.13,,,,2455003,,0.02860034,0.00201367,-0.0019822,Msini,9.09,0.64,2.97,0.265,Radial Velocity,Multiple Observatories,2024,Li et al. 2024,,,0,5576,1.046,1.158,0.343,4.33,6.86,26.7909,5
HD134606,290,HD 134606,HD 134606 d,direct,,966.5,5.3,-6.9,1.941,0.043,-0.046,0.092,0.045,-0.045,194,34,-28,2.83,0.13,-0.13,,,,2455100,,0.14095656,0.00912442,-0.00912442,Msini,44.8,2.9,7.59,0.677,Radial Velocity,Multiple Observatories,2024,Li et al. 2024,,,0,5576,1.046,1.158,0.343,4.33,6.86,26.7909,5
HD134606,290,HD 134606,HD 134606 f,direct,,26.915,0.016,-0.016,0.1784,0.0039,-0.0041,0.081,0.1,-0.059,63,63,-166,1.18,0.14,-0.14,,,,2455504.4,,0.01771396,0.00226537,-0.00217098,Msini,5.63,0.72,2.24,0.2,Radial Velocity,Multiple Observatories,2024,Li et al. 2024,,,0,5576,1.046,1.158,0.343,4.33,6.86,26.7909,5
HD134606,290,HD 134606,HD 134606 e,direct,,4.3203,0.00051,-0.00047,0.0527,0.0011,-0.0012,0.2,0.14,-0.13,54,45,-57,0.92,0.13,-0.13,,,,2455500.27,,0.00736246,0.00110122,-0.00106976,Msini,2.34,0.35,1.33,0.119,Radial Velocity,Multiple Observatories,2024,Li et al. 2024,,,0,5576,1.046,1.158,0.343,4.33,6.86,26.7909,5
HD154088,280,HD 154088,HD 154088 b,direct,,18.56,0.01,-0.01,0.134,0.002,-0.002,0.344,,,,,,1.7,0.2,-0.2,,,,2455498.2,,0.02076592,0.00251708,-0.00251708,Msini,6.6,0.8,2.46,0.219,Radial Velocity,La Silla Observatory,2021,Unger et al. 2021,,,0,5374,0.91,0.95,0.28,4.37,6.59,18.2692,1
GJ9191,277,HD 39194,HD 39194 b,simbad,,5.63692,0.00032,-0.00032,0.05895,0.00092,-0.00092,0.101,,,180,97,-97,1.84,0.11,-0.11,,,,2452942.3,,0.01453615,0.00100683,-0.00100683,Msini,4.62,0.32,1.99,0.178,Radial Velocity,La Silla Observatory,2021,Unger et al. 2021,,,0,5205,0.86,0.783742,-0.61,4.53,8.09,26.4131,3
GJ9191,277,HD 39194,HD 39194 c,simbad,,14.0309,0.0022,-0.0022,0.1083,0.0017,-0.0017,0.078,,,130,160,-80,2.19,0.13,-0.13,,,,2452937.9,,0.02356618,0.00157318,-0.00157318,Msini,7.49,0.5,2.65,0.236,Radial Velocity,La Silla Observatory,2021,Unger et al. 2021,,,0,5205,0.86,0.783742,-0.61,4.53,8.09,26.4131,3
GJ9191,277,HD 39194,HD 39194 d,simbad,,33.874,0.024,-0.024,0.1949,0.0031,-0.0031,0.159,,,240,80,-190,1.13,0.13,-0.13,,,,2452932.3,,0.01623518,0.00185635,-0.00185635,Msini,5.16,0.59,2.12,0.19,Radial Velocity,La Silla Observatory,2021,Unger et al. 2021,,,0,5205,0.86,0.783742,-0.61,4.53,8.09,26.4131,3
GJ667,272,GJ 667 C,GJ 667 C f,prefix,archive hostname is star name + component letter,39.026,0.194,-0.211,0.156,0.014,-0.017,0.03,0.16,-0.03,103.1,256.9,-103.1,1.08,0.47,-0.46,,,,,,0.008,0.004,-0.004,Msini,2.7,1.4,1.45,0.129,Radial Velocity,La Silla Observatory,2013,Anglada-Escude et al. 2013,,,1,3350,0.33,,-0.55,4.69,10.602,7.24396,5
GJ667,272,GJ 667 C,GJ 667 C b,prefix,archive hostname is star name + component letter,7.203,0.0019,-0.0019,0.050431,4e-06,-4e-06,0.2,0.1,-0.1,-2.7,23.4,-23.4,4.3,0.4,-0.4,,,,2454272.971,,0.01789,0.00075,-0.00075,Msini,5.68,0.23,2.25,0.201,Radial Velocity,La Silla Observatory,2012,Bonfils et al. 2013,,,0,3350,0.33,,-0.55,4.69,10.602,7.24396,5
GJ667,272,GJ 667 C,GJ 667 C c,prefix,archive hostname is star name + component letter,28.14,0.053,-0.065,0.125,0.012,-0.013,0.02,0.15,-0.02,292.2,67.8,-292.2,1.71,0.47,-0.47,,,,2454462,,0.012,0.005,-0.004,Msini,3.8,1.5,1.77,0.158,Radial Velocity,La Silla Observatory,2013,Anglada-Escude et al. 2013,,,0,3350,0.33,,-0.55,4.69,10.602,7.24396,5
GJ667,272,GJ 667 C,GJ 667 C e,prefix,archive hostname is star name + component letter,62.24,0.55,-0.55,0.213,0.019,-0.022,0.02,0.22,-0.02,28.6,331.4,-28.6,0.92,0.48,-0.42,,,,,,0.008,0.005,-0.004,Msini,2.7,1.6,1.45,0.129,Radial Velocity,La Silla Observatory,2013,Anglada-Escude et al. 2013,,,1,3350,0.33,,-0.55,4.69,10.602,7.24396,5
GJ667,272,GJ 667 C,GJ 667 C g,prefix,archive hostname is star name + component letter,256.2,13.8,-7.9,0.549,0.052,-0.058,0.08,0.41,-0.08,51.6,308.4,-51.6,0.95,0.48,-0.44,,,,,,0.014,0.008,-0.007,Msini,4.6,2.6,1.99,0.177,Radial Velocity,La Silla Observatory,2013,Anglada-Escude et al. 2013,,,1,3350,0.33,,-0.55,4.69,10.602,7.24396,5
GJ876,270,GJ 876,GJ 876 c,direct,,30.0881,0.0082,-0.0082,0.12959,2.4e-05,-2.4e-05,0.25591,0.00093,-0.00093,48.76,0.7,-0.7,88.34,0.47,-0.47,59,,,2450602.093,2453029.298,0.7142,0.0039,-0.0039,Mass,226.9846,1.2395,14,1.25,Radial Velocity,Multiple Observatories,2000,Marcy et al. 2001,,,0,3293.74,0.32,0.3,0.2129,4.87177,10.16,4.67517,4
GJ876,270,GJ 876,GJ 876 b,direct,,61.1166,0.0086,-0.0086,0.208317,2e-05,-2e-05,0.0324,0.0013,-0.0013,50.3,3.2,-3.2,214,0.42,-0.42,59,,,2450602.093,2453055.984,2.2756,0.0045,-0.0045,Mass,723.2235,1.4302,13.3,1.19,Radial Velocity,Multiple Observatories,1998,Marcy et al. 1998,,,0,3293.74,0.32,0.3,0.2129,4.87177,10.16,4.67517,4
GJ876,270,GJ 876,GJ 876 d,direct,,1.93778,2e-05,-2e-05,0.02080665,1.5e-07,-1.5e-07,0.207,0.055,-0.055,234,20,-20,6.56,0.37,-0.37,59,,,2450602.093,2455200.064,0.021,0.001,-0.001,Mass,6.83,0.4,2.51,0.224,Radial Velocity,W. M. Keck Observatory,2005,Rivera et al. 2005,,,0,3293.74,0.32,0.3,0.2129,4.87177,10.16,4.67517,4
GJ876,270,GJ 876,GJ 876 e,direct,,124.26,0.7,-0.7,0.3343,0.0013,-0.0013,0.055,0.012,-0.012,239,22,-22,3.42,0.39,-0.39,59,,,2450602.093,,0.046,0.005,-0.005,Mass,14.6,1.7,3.92,0.35,Radial Velocity,W. M. Keck Observatory,2010,Rivera et al. 2010,,,0,3293.74,0.32,0.3,0.2129,4.87177,10.16,4.67517,4
HD31527,268,HD 31527,HD 31527 c,direct,,51.2053,0.0373,-0.0368,0.2663,0.0088,-0.0095,0.04,0.05,-0.03,-23.25,68.94,-152.43,2.51,0.14,-0.14,,,,2455526.343,,0.0445,0.004,-0.0039,Msini,14.16,1.28,3.85,0.343,Radial Velocity,La Silla Observatory,2019,Udry et al. 2019,,,0,5898,0.96,1.073694,-0.17,4.45,7.49,38.4473,3
HD31527,268,HD 31527,HD 31527 b,direct,,16.5535,0.0034,-0.0035,0.1254,0.0041,-0.0045,0.1,0.05,-0.05,41.12,29.46,-34.41,2.72,0.13,-0.13,,,,2455499.545,,0.0329,0.0028,-0.0028,Msini,10.47,0.89,3.22,0.288,Radial Velocity,La Silla Observatory,2019,Udry et al. 2019,,,0,5898,0.96,1.073694,-0.17,4.45,7.49,38.4473,3
HD31527,268,HD 31527,HD 31527 d,direct,,271.6737,2.1135,-2.2471,0.8098,0.0273,-0.0293,0.24,0.13,-0.13,179,31.11,-26.2,1.25,0.17,-0.16,,,,2455718.809,,0.0372,0.0053,-0.0052,Msini,11.82,1.7,3.46,0.309,Radial Velocity,La Silla Observatory,2019,Udry et al. 2019,,,0,5898,0.96,1.073694,-0.17,4.45,7.49,38.4473,3
HD106315,265,HD 106315,HD 106315 b,direct,,9.55237,0.00089,-0.00089,0.0907,0.001,-0.001,0.093,0.11,-0.068,239,74,-200,3.63,0.92,-0.92,87.54,0.32,-0.32,,2457586.549,0.03964383,0.01006828,-0.01006828,Mass,12.6,3.2,2.44,0.21768222,Transit,K2,2017,Crossfield et al. 2017,,,0,6327,1.091,1.296,-0.311,4.252,8.951,109.353,2
HD106315,265,HD 106315,HD 106315 c,direct,,21.05704,0.00046,-0.00046,0.1536,0.0017,-0.0017,0.22,0.15,-0.15,96,88,-35,3.43,0.83,-0.83,88.61,0.7,-0.25,,2457569.017,0.04782431,0.01164144,-0.01164144,Mass,15.2,3.7,4.35,0.38808101,Transit,K2,2017,Crossfield et al. 2017,,,0,6327,1.091,1.296,-0.311,4.252,8.951,109.353,2
HD179079,260,HD 179079,HD 179079 b,direct,,14.479,0.01,-0.01,0.1214,0.0068,-0.0068,0.049,0.087,-0.087,308,77,-77,6.22,0.78,-0.78,0.3766,,,2463211.3,,13.2,,,Mass,4195.334972,,,,Radial Velocity,W. M. Keck Observatory,2008,Valenti et al. 2009,,,0,5646,1.14,1.63,0.24,4.16,7.95,69.7116,1
GJ9827,258,GJ 9827,GJ 9827 b,direct,,1.208974,1e-06,-1e-06,0.0189,0.0004,-0.0004,0,,,,,,3.53,0.22,-0.22,87.6,1.31,-1.27,2457738.826,2457738.826,0.01346639,0.00110122,-0.0010383,Mass,4.28,0.35,1.44,0.12846842,Transit,K2,2017,Niraula et al. 2017,,,0,4236,0.62,0.58,-0.29,4.719,10.37,29.661,3
GJ9827,258,GJ 9827,GJ 9827 c,direct,,3.648103,1.3e-05,-1e-05,0.0395,0.0009,-0.0009,0,,,,,,1.06,0.21,-0.21,89.09,0.6,-0.68,2457742.2,2457742.2,0.00585221,0.00116415,-0.00122708,Mass,1.86,0.37,1.13,0.10081202,Transit,K2,2017,Niraula et al. 2017,,,0,4236,0.62,0.58,-0.29,4.719,10.37,29.661,3
GJ9827,258,GJ 9827,GJ 9827 d,direct,,6.20183,3e-06,-3e-06,0.053,0.003,-0.003,0,,,,,,1.44,0.27,-0.27,87.41,0.09,-0.11,2457740.961,2460265.102,0.00950198,0.00182488,-0.00179342,Mass,3.02,0.58,1.98,0.17664407,Transit,K2,2017,Niraula et al. 2017,,,0,4236,0.62,0.58,-0.29,4.7,10.37,29.661,3
GJ674,256,GJ 674,GJ 674 b,direct,,4.6938,0.007,-0.007,0.039,,,0.2,0.02,-0.02,143,6,-6,8.7,0.19,-0.19,,,,2453780.085,,0.035,,,Msini,11.09,,3.33,0.297,Radial Velocity,La Silla Observatory,2007,Bonfils et al. 2007,,,0,3600,0.35,0.36463,-0.28,4.85978,9.38,4.54896,1
HD82943,255,HD 82943,HD 82943 b,direct,,441.47,0.35,-0.35,1.18306,0.00062,-0.00062,0.162,0.036,-0.036,300.9,3.4,-3.4,41.91,0.77,-0.77,90,,,2451758,2455114.6,1.681,0.028,-0.028,Mass,534.25,8.899,13.5,1.2,Radial Velocity,La Silla Observatory,2003,Mayor et al. 2004,,,0,5935,1.08,1.1826,0.26,4.32582,6.54993,27.5902,2
HD82943,255,HD 82943,HD 82943 c,direct,,220.078,0.051,-0.051,0.74345,0.00012,-0.00012,0.3663,0.0097,-0.0097,117.2,1.7,-1.7,65.4,1.5,-1.5,90,,,2452284,2455135.17,1.959,0.047,-0.047,Mass,622.603,14.937,13.4,1.2,Radial Velocity,La Silla Observatory,2003,Mayor et al. 2004,,,0,5935,1.08,1.1826,0.26,4.32582,6.54993,27.5902,2
HD13808,253,HD 13808,HD 13808 c,direct,,53.753,0.05,-0.082,0.2554,0.0028,-0.0023,0.156,0.05,-0.061,,,,2.18,0.22,-0.2,,,,,,0.03133751,0.0056634,-0.00302048,Msini,9.96,1.8,3.13,0.279,Radial Velocity,La Silla Observatory,2021,Ahrer et al. 2021,,,0,5035,0.771,0.781,-0.21,4.57546,8.36,28.2305,2
HD13808,253,HD 13808,HD 13808 b,direct,,14.1815,0.0015,-0.0015,0.10519,0.00093,-0.0011,0.071,0.027,-0.047,,,,3.67,0.22,-0.22,,,,,,0.03523896,0.0037756,-0.00207658,Msini,11.2,1.2,3.35,0.299,Radial Velocity,La Silla Observatory,2021,Ahrer et al. 2021,,,0,5035,0.771,0.781,-0.21,4.57546,8.36,28.2305,2
GJ581,250,GJ 581,GJ 581 b,direct,,5.3686,0.0001,-0.0001,0.0399,0.0005,-0.0005,0.0342,0.009,-0.01,54,13,-14,12.3,0.1,-0.1,47,15,-13,2454751.76,2454724.631,0.06450021,0.01950738,-0.01101223,Mass,20.5,6.2,4.79,0.427,Radial Velocity,La Silla Observatory,2005,Bonfils et al. 2005,,,0,3500,0.295,0.302,-0.08,4.97,10.57,6.2981,3
GJ581,250,GJ 581,GJ 581 c,direct,,12.9211,0.0008,-0.0007,0.0718,0.0008,-0.0009,0.032,0.027,-0.021,16,61,-89,3.1,0.1,-0.1,47,15,-89,2454759.2,2455183.69,0.02142666,0.00066073,-0.00364977,Mass,6.81,0.21,2.5,0.223,Radial Velocity,La Silla Observatory,2007,Udry et al. 2007,,,0,3500,0.295,0.302,-0.08,4.97,10.57,6.2981,3
GJ581,250,GJ 581,GJ 581 e,direct,,3.1481,0.0004,-0.0004,0.02799,0.0003,-0.0003,0.012,0.015,-0.008,226,91,-55,1.8,0.1,-0.1,47,15,-13,2454716.8,,0.00780295,0.00220245,-0.00132147,Mass,2.48,0.7,1.38,0.123,Radial Velocity,La Silla Observatory,2009,Mayor et al. 2009,,,0,3500,0.295,0.302,-0.08,4.97,10.57,6.2981,3
HD93385,249,HD 93385,HD 93385 c,direct,,13.18,0.003,-0.003,0.112,0.002,-0.002,0.2,,,,,,1.87,0.15,-0.15,,,,2455499,,0.0223391,0.00188781,-0.00188781,Msini,7.1,0.6,2.56,0.229,Radial Velocity,La Silla Observatory,2021,Unger et al. 2021,,,0,5977,1.04,1.18484,0.02,4.42,7.49,43.3475,3
HD93385,249,HD 93385,HD 93385 d,direct,,45.85,0.05,-0.05,0.2565,0.0043,-0.0043,0.09,0.15,-0.05,-55,41,-41,1.51,0.16,-0.16,,,,2455522.3,,0.02737326,0.00283172,-0.00283172,Msini,8.7,0.9,2.89,0.258,Radial Velocity,La Silla Observatory,2021,Unger et al. 2021,,,0,5977,1.04,1.18484,0.02,4.42,7.49,43.3475,3
HD93385,249,HD 93385,HD 93385 b,direct,,7.3426,0.0012,-0.0012,0.0756,0.0013,-0.0013,0.295,,,,,,1.36,0.15,-0.15,,,,2455504.5,,0.01321468,0.00157318,-0.00157318,Msini,4.2,0.5,1.88,0.168,Radial Velocity,La Silla Observatory,2021,Unger et al. 2021,,,0,5977,1.04,1.18484,0.02,4.42,7.49,43.3475,3
HD176986,243,HD 176986,HD 176986 c,direct,,16.8124,0.0015,-0.0015,0.11873,0.001,-0.001,0.111,0.08,-0.08,270,130,-130,2.84,0.18,-0.18,0.2419,,,2455514.4,2460614.69,6.601,,,Mass,2097.985315,,,,Radial Velocity,Multiple Observatories,2017,Su&aacute;rez Mascare&ntilde;o et al. 2018,,,0,4931,0.789,0.782,0.03,4.44,8.42,27.7843,3
HD176986,243,HD 176986,HD 176986 b,direct,,6.49164,0.0003,-0.00029,0.062956,0.00053,-0.00053,0.066,0.066,-0.066,249,91,-91,2.14,0.17,-0.17,0.2581,,,2455502.9,2460624.06,4.681,,,Mass,1487.754773,,,,Radial Velocity,Multiple Observatories,2017,Su&aacute;rez Mascare&ntilde;o et al. 2018,,,0,4931,0.789,0.782,0.03,4.44,8.42,27.7843,3
HD176986,243,HD 176986,HD 176986 d,direct,,61.376,0.051,-0.049,0.28149,0.0024,-0.0024,,,,,,,1.28,0.17,-0.17,,,,,2460614.69,0.02126934,0.00286318,-0.00289464,Msini,6.76,0.91,2.49,0.222,Radial Velocity,Multiple Observatories,2026,Nari et al. 2026,,,0,4931,0.789,0.782,0.03,4.44,8.42,27.7843,3
HD20781,237,HD 20781,HD 20781 b,direct,,5.3135,0.001,-0.001,0.0529,0.0024,-0.0027,0.1,0.11,-0.07,84.04,141.7,-108.41,0.91,0.15,-0.15,,,,2455503.203,,0.0061,0.0012,-0.0011,Msini,1.93,0.39,1.21,0.108,Radial Velocity,La Silla Observatory,2019,Udry et al. 2019,,,0,5256,0.7,0.833609,-0.11,4.37,8.48,35.9715,5
HD20781,237,HD 20781,HD 20781 c,direct,,13.8905,0.0033,-0.0034,0.1004,0.0046,-0.0051,0.09,0.09,-0.06,7.44,53.87,-70.21,1.81,0.16,-0.16,,,,2455503.52,,0.0168,0.0022,-0.0021,Msini,5.33,0.7,2.17,0.193,Radial Velocity,La Silla Observatory,2019,Udry et al. 2019,,,0,5256,0.7,0.833609,-0.11,4.37,8.48,35.9715,5
HD20781,237,HD 20781,HD 20781 e,direct,,85.5073,0.0983,-0.0947,0.3374,0.0155,-0.017,0.06,0.06,-0.04,70.59,61.4,-67.58,2.6,0.14,-0.14,,,,2455513.391,,0.0442,0.0049,-0.0049,Msini,14.03,1.56,3.83,0.342,Radial Velocity,La Silla Observatory,2019,Udry et al. 2019,,,0,5256,0.7,0.833609,-0.11,4.37,8.48,35.9715,5
HD20781,237,HD 20781,HD 20781 d,direct,,29.158,0.0102,-0.01,0.1647,0.0076,-0.0083,0.11,0.05,-0.06,60.99,30.79,-30.03,2.82,0.17,-0.16,,,,2455511.326,,0.0334,0.0038,-0.0037,Msini,10.61,1.2,3.25,0.29,Radial Velocity,La Silla Observatory,2019,Udry et al. 2019,,,0,5256,0.7,0.833609,-0.11,4.37,8.48,35.9715,5
GJ253,227,HD 51608,HD 51608 b,simbad,,14.0726,0.0016,-0.0016,0.1059,0.0043,-0.0046,0.09,0.04,-0.04,117.45,30.27,-28.91,3.95,0.16,-0.16,,,,2455494.524,,0.0402,0.0038,-0.0037,Msini,12.77,1.2,3.62,0.323,Radial Velocity,La Silla Observatory,2019,Udry et al. 2019,,,0,5358,0.8,0.916136,-0.07,4.36,8.17,35.0553,2
GJ253,227,HD 51608,HD 51608 c,simbad,,95.9446,0.1555,-0.1366,0.3809,0.0153,-0.0164,0.14,0.07,-0.07,-165.07,29.34,-33.93,2.36,0.17,-0.17,,,,2455498.373,,0.045,0.0051,-0.0048,Msini,14.31,1.63,3.87,0.346,Radial Velocity,La Silla Observatory,2019,Udry et al. 2019,,,0,5358,0.8,0.916136,-0.07,4.36,8.17,35.0553,2
HD21693,221,HD 21693,HD 21693 b,direct,,22.6786,0.0085,-0.0087,0.1455,0.0058,-0.0063,0.12,0.09,-0.08,-91.04,50.57,-50.35,2.2,0.22,-0.22,,,,2455492.055,,0.0259,0.0034,-0.0033,Msini,8.23,1.08,2.8,0.25,Radial Velocity,La Silla Observatory,2019,Udry et al. 2019,,,0,5430,0.8,0.914378,0,4.37,7.95,33.255,2
HD21693,221,HD 21693,HD 21693 c,direct,,53.7357,0.0312,-0.0309,0.2586,0.0103,-0.0113,0.07,0.06,-0.05,-17.34,47.5,-55.35,3.44,0.2,-0.2,,,,2455528.406,,0.0547,0.0056,-0.0056,Msini,17.37,1.77,4.34,0.387,Radial Velocity,La Silla Observatory,2019,Udry et al. 2019,,,0,5430,0.8,0.914378,0,4.37,7.95,33.255,2
BD-202976,220,WASP-166,WASP-166 b,simbad,,5.44354,4e-06,-4e-06,0.0641,0.0011,-0.0011,0,,,,,,10.4,0.4,-0.4,88,0.7,-0.7,,2457664.329,0.101,0.005,-0.005,Mass,32.10083,1.58915,7.06167,0.63,Transit,WASP-South,2019,Hellier et al. 2019,,,0,6050,1.19,1.22,0.19,4.34,9.351,114.173,1
GJ3293,217,GJ 3293,GJ 3293 c,direct,,122.6196,0.2429,-0.2371,0.36175,0.00048,-0.00047,0.11,0.1,-0.08,-21.4,14.2,-14.2,4.891,0.3,-0.295,,,,2455687.8,,0.06635623,0.00390146,-0.00396438,Msini,21.09,1.24,4.87,0.434,Radial Velocity,La Silla Observatory,2015,Astudillo-Defru et al. 2015,,,0,3466,0.42,0.404,0.02,4.78125,11.945,20.1903,4
GJ3293,217,GJ 3293,GJ 3293 b,direct,,30.5987,0.0083,-0.0084,0.14339,3e-05,-3e-05,0.06,0.04,-0.04,-103,31.3,-31.3,8.603,0.32,-0.323,,,,2455638.7,,0.07406475,0.00276878,-0.00280024,Msini,23.54,0.88,5.19,0.463,Radial Velocity,La Silla Observatory,2015,Astudillo-Defru et al. 2015,,,0,3466,0.42,0.404,0.02,4.78125,11.945,20.1903,4
GJ3293,217,GJ 3293,GJ 3293 e,direct,,13.2543,0.0078,-0.0104,0.08208,3e-05,-4e-05,0.21,0.2,-0.14,,,,1.658,0.328,-0.321,,,,,,0.01031998,0.00201366,-0.00201366,Msini,3.28,0.64,1.63,0.145,Radial Velocity,La Silla Observatory,2017,Astudillo-Defru et al. 2017,,,0,3466,0.42,0.404,0.02,4.78125,11.945,20.1903,4
GJ3293,217,GJ 3293,GJ 3293 d,direct,,48.1345,0.0628,-0.0661,0.19394,0.00017,-0.00018,0.12,0.13,-0.09,,,,2.42,0.338,-0.334,,,,,,0.02391215,0.00330365,-0.00330365,Msini,7.6,1.05,2.67,0.238,Radial Velocity,La Silla Observatory,2017,Astudillo-Defru et al. 2017,,,0,3466,0.42,0.404,0.02,4.78125,11.945,20.1903,4
WASP-76,217,WASP-76,WASP-76 b,direct,,1.80988198,6.4e-07,-5.6e-07,0.033,0.0002,-0.0002,0,,,51,25,-100,116.02,1.29,-1.35,89.623,0.005,-0.034,2456107.73,2458080.626,0.894,0.014,-0.013,Mass,284.1385959,4.4495977,20.78145022,1.854,Transit,SuperWASP,2016,West et al. 2016,,,0,6329,1.458,1.756,0.366,4.196,9.518,194.459,1
K2-138,214,K2-138,K2-138 g,direct,,41.96797,0.00843,-0.00725,0.23109,0.00154,-0.00196,0.059,0.063,-0.04,164,92,-72,0.83,1.02,-0.58,89.4,0.4,-0.3,,2457773.862,0.01359217,0.01654973,-0.0095334,Mass,4.32,5.26,3.013,0.26880186,Transit,K2,2021,Hardegree-Ullman et al. 2021,,,0,5356.3,0.935,0.863,0.14,4.54,12.246,202.585,6
K2-138,214,K2-138,K2-138 c,direct,,3.56004,0.00012,-0.00011,0.04461,0.0003,-0.00038,0.045,0.051,-0.032,200,60,-27,2.78,0.5,-0.55,88.1,0.7,-0.7,,2457740.322,0.01985338,0.00355536,-0.00386999,Mass,6.31,1.13,2.299,0.20510304,Transit,K2,2017,Christiansen et al. 2018,,,0,5356.3,0.935,0.863,0.14,4.54,12.246,202.585,6
K2-138,214,K2-138,K2-138 d,direct,,5.40479,0.00021,-0.00021,0.05893,0.0004,-0.0005,0.043,0.041,-0.03,83,82,-38,3.03,0.52,-0.52,89,0.6,-0.6,,2457743.16,0.02491898,0.00437341,-0.00424755,Mass,7.92,1.39,2.39,0.21322152,Transit,K2,2017,Christiansen et al. 2018,,,0,5356.3,0.935,0.863,0.14,4.54,12.246,202.585,6
K2-138,214,K2-138,K2-138 e,direct,,8.26146,0.00021,-0.00022,0.0782,0.00053,-0.00066,0.077,0.048,-0.049,180,40,-44,4.31,0.67,-0.67,88.6,0.3,-0.3,,2457740.646,0.04080798,0.00622975,-0.00626121,Mass,12.97,1.98,3.39,0.30243554,Transit,K2,2017,Christiansen et al. 2018,,,0,5356.3,0.935,0.863,0.14,4.54,12.246,202.585,6
K2-138,214,K2-138,K2-138 f,direct,,12.75758,0.0005,-0.00048,0.10447,0.0007,-0.00088,0.062,0.064,-0.043,144,117,-80,0.47,0.61,-0.34,88.8,0.2,-0.2,,2457738.702,0.00512853,0.00667023,-0.00371268,Mass,1.63,2.12,2.904,0.25907753,Transit,K2,2017,Christiansen et al. 2018,,,0,5356.3,0.935,0.863,0.14,4.54,12.246,202.585,6
K2-138,214,K2-138,K2-138 b,direct,,2.35309,0.00022,-0.00022,0.03385,0.00023,-0.00029,0.048,0.054,-0.033,244,32,-97,1.56,0.53,-0.53,87.2,1.2,-1,,2457773.317,0.00975364,0.00330365,-0.00330365,Mass,3.1,1.05,1.51,0.13471318,Transit,K2,2017,Christiansen et al. 2018,,,0,5356.3,0.935,0.863,0.14,4.54,12.246,202.585,6
HD205478,213,nu Oct A,nu Oct A b,direct,,402.4,7.7,-6,1.24,0.02,-0.02,0.195,0.05,-0.037,100,32,-15,42.7,2.6,-1.6,108.2,,,,,2.19,0.11,-0.11,Mass,696.0442113,34.96112477,13.3,1.19,Radial Velocity,University of Canterbury Mt John Observatory,2016,Ramm et al. 2016,,,1,4910,1.57,5.04,0.18,3.23,3.73,21.1999,1
GJ744,211,HD 177565,HD 177565 b,simbad,,44.505,0.586,-0.293,0.246,0.019,-0.019,0.0593,0.1717,-0.05745,309.97,45.84,-306.08,2.71,1.12,-0.99,,,,,,0.04750967,0.02013655,-0.01903533,Msini,15.1,6.4,4,0.357,Radial Velocity,La Silla Observatory,2017,Feng et al. 2017,,,0,5627,1,0.971489,0.0812,4.39,6.15,16.9179,1
GJ163,207,GJ 163,GJ 163 c,direct,,25.63058,0.0255,-0.0255,0.1254,0.0001,-0.0001,0.099,0.086,-0.086,227,79.87,-79.87,2.75,0.35,-0.35,,,,2455057.7,,0.02139509,0.0028317,-0.0028317,Msini,6.8,0.9,2.5,0.223,Radial Velocity,La Silla Observatory,2013,Bonfils et al. 2013,,,0,3500,0.4,0.409738,0.1,4.81775,11.79,15.1285,3
GJ163,207,GJ 163,GJ 163 d,direct,,603.95116,7.55862,-7.55862,1.0304,0.0086,-0.0086,0.373,0.077,-0.077,118.3,20.5,-20.5,4.42,0.51,-0.51,,,,2455275,,0.09250228,0.00912437,-0.00912437,Msini,29.4,2.9,5.92,0.528,Radial Velocity,La Silla Observatory,2013,Bonfils et al. 2013,,,0,3500,0.4,0.409738,0.1,4.81775,11.79,15.1285,3
GJ163,207,GJ 163,GJ 163 b,direct,,8.63182,0.00155,-0.00155,0.0607,1e-05,-1e-05,0.073,0.05,-0.05,70.7,54.6,-54.6,6.13,0.33,-0.33,,,,2455042.553,,0.03335116,0.0018878,-0.0018878,Msini,10.6,0.6,3.25,0.29,Radial Velocity,La Silla Observatory,2013,Bonfils et al. 2013,,,0,3500,0.4,0.409738,0.1,4.81775,11.79,15.1285,3
GJ3138,206,GJ 3138,GJ 3138 b,direct,,1.22003,6e-05,-4e-05,0.0197,0.0005,-0.0005,0.19,0.18,-0.13,,,,1.43,0.27,-0.26,,,,,,0.00560048,0.00106975,-0.00103829,Msini,1.78,0.34,1.18,0.106,Radial Velocity,La Silla Observatory,2017,Astudillo-Defru et al. 2017,,,0,3717,0.681,0.5,-0.3,4.62872,10.8275,28.4712,3
GJ3138,206,GJ 3138,GJ 3138 d,direct,,257.8,3.6,-3.5,0.698,0.018,-0.019,0.32,0.2,-0.21,,,,1.47,0.35,-0.3,,,,,,0.03303653,0.00723657,-0.00660731,Msini,10.5,2.3,3.23,0.288,Radial Velocity,La Silla Observatory,2017,Astudillo-Defru et al. 2017,,,0,3717,0.681,0.5,-0.3,4.62872,10.8275,28.4712,3
GJ3138,206,GJ 3138,GJ 3138 c,direct,,5.974,0.001,-0.001,0.057,0.001,-0.001,0.11,0.11,-0.07,,,,1.93,0.26,-0.26,,,,,,0.01315168,0.00191927,-0.00185634,Msini,4.18,0.61,1.88,0.167,Radial Velocity,La Silla Observatory,2017,Astudillo-Defru et al. 2017,,,0,3717,0.681,0.5,-0.3,4.62872,10.8275,28.4712,3
HD20003,203,HD 20003,HD 20003 c,direct,,33.9239,0.0239,-0.0266,0.1964,0.0068,-0.0078,0.1,0.08,-0.07,53.33,45.86,-34.56,3.15,0.22,-0.2,,,,2455493.252,,0.0454,0.0046,-0.0044,Msini,14.44,1.47,3.89,0.347,Radial Velocity,La Silla Observatory,2019,Udry et al. 2019,,,0,5494,0.875,0.921637,0.04,4.41,8.39,41.8316,2
HD20003,203,HD 20003,HD 20003 b,direct,,11.8482,0.0016,-0.0017,0.0974,0.0034,-0.0039,0.36,0.05,-0.05,-92.74,8.52,-8.61,3.84,0.2,-0.21,,,,2455489.511,,0.0367,0.0033,-0.0033,Msini,11.66,1.04,3.43,0.306,Radial Velocity,La Silla Observatory,2019,Udry et al. 2019,,,0,5494,0.875,0.921637,0.04,4.41,8.39,41.8316,2
K2-32,203,K2-32,K2-32 b,direct,,8.992,8e-05,-8e-05,0.0795,0.00066,-0.00062,0.03,0.032,-0.021,220,77,-161,5.22,0.6,-0.6,89,0.5,-0.3,,2456900.927,0.04719528,0.00566343,-0.0053488,Mass,15,1.8,5.299,0.47274593,Transit,K2,2016,Dai et al. 2016,,,0,5271,0.83,0.86,-0.06,4.49,12.304,157.682,4
K2-32,203,K2-32,K2-32 e,direct,,4.34934,0.00039,-0.00039,0.04899,0.00041,-0.00038,0.043,0.048,-0.03,205,106,-134,0.92,0.57,-0.51,89,0.7,-0.7,,2456898.879,0.00660734,0.00409026,-0.00346099,Mass,2.1,1.3,1.212,0.10812758,Transit,K2,2019,Heller et al. 2019,,,0,5271,0.83,0.86,-0.06,4.49,12.304,157.682,4
K2-32,203,K2-32,K2-32 c,direct,,20.66093,0.0008,-0.00079,0.13843,0.00115,-0.00108,0.049,0.046,-0.035,168,117,-103,2.15,0.64,-0.65,89.4,0.3,-0.2,,2456899.423,0.02548545,0.00755124,-0.00755124,Mass,8.1,2.4,3.134,0.27959723,Transit,K2,2016,Dai et al. 2016,,,0,5271,0.83,0.86,-0.06,4.49,12.304,157.682,4
K2-32,203,K2-32,K2-32 d,direct,,31.71701,0.00101,-0.00096,0.18422,0.00152,-0.00144,0.05,0.053,-0.035,185,105,-104,1.53,0.58,-0.58,89.4,0.1,-0.1,,2456903.787,0.02108056,0.00786588,-0.00786588,Mass,6.7,2.5,3.484,0.3108222,Transit,K2,2016,Dai et al. 2016,,,0,5271,0.83,0.86,-0.06,4.49,12.304,157.682,4
HD181433,201,HD 181433,HD 181433 b,direct,,9.3745,0.00025,-0.00038,0.0828,0.0019,-0.002,0.396,0.015,-0.024,201.9,4.2,-7.91,2.646,0.089,-0.124,0.2542,,,2456470.15,,5.376,,,Mass,1708.645516,,,,Radial Velocity,La Silla Observatory,2008,Bouchy et al. 2009,,,0,4918,0.86,0.79,0.4012,4.45,8.4,26.8762,3
HD181433,201,HD 181433,HD 181433 d,direct,,6896.1,102.7,-123.7,6.74,0.18,-0.18,0.444,0.02,-0.018,250.1,3.4,-1.7,8.58,0.15,-0.13,164.5,6.8,-53,2450647.2,,2.7,1.7,-2,Mass,858.1366989,540.3082919,13.2,1.18,Radial Velocity,La Silla Observatory,2008,Bouchy et al. 2009,,,0,4918,0.86,0.79,0.4012,4.45,8.4,26.8762,3
HD181433,201,HD 181433,HD 181433 c,direct,,1018.5,1.47,-0.78,1.885,0.042,-0.044,0.2402,0.0093,-0.008,10.1,0.74,-1.5,17.05,0.19,-0.18,111,59,-62,2455711.3,,6.944,,,Mass,2207.000458,,,,Radial Velocity,La Silla Observatory,2008,Bouchy et al. 2009,,,0,4918,0.86,0.79,0.4012,4.45,8.4,26.8762,3
HD42581,200,GJ 229,GJ 229 A c,direct,,121.93268,0.06708,-0.08158,0.384,0.005,-0.005,0.366,0.065,-0.063,128.617,9.165,-9.407,1.872,0.125,-0.133,,,,2450370.18,,0.027,0.002,-0.002,Msini,8.58136699,0.63565681,2.87,0.256,Radial Velocity,Multiple Facilities,2020,Feng et al. 2020,,,1,3564,0.509,0.46,,4.69496,8.15,5.75624,2
HD42581,200,GJ 229,GJ 229 b,direct,,579.47495,1.67942,-1.41414,1.086,0.015,-0.015,0.404,0.105,-0.124,246.871,9.041,-7.956,1.966,0.161,-0.167,,,,2449954.33,,0.047,0.003,-0.004,Msini,14.93793513,0.95348522,3.97,0.354,Radial Velocity,Multiple Observatories,2014,Tuomi et al. 2014,,,1,3564,0.509,0.46,,4.69496,8.15,5.75624,2
GJ536,196,GJ 536,GJ 536 b,direct,,8.70874,0.00056,-0.00056,0.0668,0.0012,-0.0012,0,,,19.2,36.9,-42.8,3.03,0.15,-0.15,,,,,2460553.1,0.02004226,0.00119561,-0.00119561,Msini,6.37,0.38,2.41,0.215,Radial Velocity,La Silla Observatory,2016,Su&aacute;rez Mascare&ntilde;o et al. 2017,,,0,3641,0.528,0.529,-0.08,4.713,9.71,10.4092,2
GJ536,196,GJ 536,GJ 536 c,direct,,32.761,0.015,-0.015,0.1617,0.0028,-0.0028,0,,,,,,1.8,0.2,-0.2,,,,,2460547.35,0.01853201,0.00220245,-0.00220245,Msini,5.89,0.7,2.3,0.205,Radial Velocity,Multiple Facilities,2025,Su&aacute;rez Mascare&ntilde;o et al. 2025,,,0,3641,0.528,0.529,-0.08,4.713,9.71,10.4092,2
HD216435,196,HD 216435,HD 216435 b,direct,,1311,49,-49,2.56,0.17,-0.17,0.07,0.078,-0.078,100,,,19.6,1.5,-1.5,,,,2450870,,1.26,0.13,-0.13,Msini,400.4,41.3,13.7,1.22,Radial Velocity,Anglo-Australian Telescope,2002,Jones et al. 2003,,,0,5999,1.3,1.800029,0.244,4.154,6.03,32.9834,1
GJ279,195,HD 60532,HD 60532 b,simbad,,201.9,0.3,-0.3,0.77,0.02,-0.02,0.26,0.02,-0.02,-3.7,5.7,-5.7,29.1,0.9,-0.9,,,,2454594.7,,1.06,0.08,-0.08,Msini,336.8998,25.4264,13.8,1.23,Radial Velocity,La Silla Observatory,2008,Desort et al. 2008,,,0,6245,1.5,2.57,-0.26,3.8,4.44,25.9716,2
GJ279,195,HD 60532,HD 60532 c,simbad,,600.1,2.4,-2.4,1.6,0.04,-0.04,0.03,0.02,-0.02,179.8,58.7,-58.7,46.1,1,-1,,,,2454973,,2.51,0.16,-0.16,Msini,797.7533,50.8528,13.3,1.18,Radial Velocity,La Silla Observatory,2008,Desort et al. 2008,,,0,6245,1.5,2.57,-0.26,3.8,4.44,25.9716,2
HD10647,195,HD 10647,HD 10647 b,direct,,989.2,8.1,-8.1,2.015,0.011,-0.011,0.15,0.08,-0.08,212,39,-39,18.1,1.7,-1.7,,,,2453654,2452357,0.94,0.08,-0.08,Msini,298.75,25.43,13.8,1.23,Radial Velocity,W. M. Keck Observatory,2006,Butler et al. 2006,,,0,6218,1.11,1.1,0,4.62,5.52,17.3357,1
HD11964,195,HD 11964,HD 11964 c,direct,,37.91,0.041,-0.041,0.229,0.013,-0.013,0.3,0.17,-0.17,102,,,4.65,0.59,-0.59,,,,2454370,2455199.94,0.0788,0.0097,-0.0097,Msini,25,3.1,5.38,0.48,Radial Velocity,W. M. Keck Observatory,2008,Wright et al. 2009,,,0,5303,0.91,2.00971,0.1,3.79084,6.41525,33.5369,2
HD11964,195,HD 11964,HD 11964 b,direct,,1945,26,-26,3.16,0.19,-0.19,0.041,0.047,-0.047,26,19,-25,9.41,0.39,-0.39,,,,2454170,2455803,0.622,0.056,-0.056,Msini,198,18,14.1,1.26,Radial Velocity,W. M. Keck Observatory,2005,Butler et al. 2006,,,0,5303,0.91,2.00971,0.1,3.79084,6.41525,33.5369,2
GJ628,193,Wolf 1061,Wolf 1061 b,simbad,,4.8869,0.0005,-0.0005,0.0375,0.0012,-0.0013,0.15,0.13,-0.1,,,,1.67,0.2,-0.19,,,,,,0.0060095,0.00081805,-0.00078658,Msini,1.91,0.26,1.21,0.108,Radial Velocity,La Silla Observatory,2015,Wright et al. 2016,,,0,3342,0.294,0.307,-0.09,4.90218,10.1,4.30592,3
GJ628,193,Wolf 1061,Wolf 1061 c,simbad,,17.8719,0.0059,-0.0059,0.089,0.0029,-0.0031,0.11,0.1,-0.07,37,47,-47,1.92,0.19,-0.19,,,,,,0.01072901,0.00135292,-0.00129,Msini,3.41,0.43,1.66,0.148,Radial Velocity,La Silla Observatory,2015,Wright et al. 2016,,,0,3342,0.294,0.307,-0.09,4.90218,10.1,4.30592,3
GJ628,193,Wolf 1061,Wolf 1061 d,simbad,,217.21,0.55,-0.52,0.47,0.015,-0.017,0.55,0.08,-0.09,102,70,-70,2.23,0.31,-0.29,,,,,,0.02422679,0.0035239,-0.00333512,Msini,7.7,1.12,2.69,0.24,Radial Velocity,La Silla Observatory,2015,Wright et al. 2016,,,0,3342,0.294,0.307,-0.09,4.90218,10.1,4.30592,3
GJ436,192,GJ 436,GJ 436 b,direct,,2.64388312,5.7e-07,-5.7e-07,0.0291,0.0015,-0.0015,0.13827,0.00018,-0.00018,351,0.03,-0.03,17.09,0.22,-0.22,86.44,0.17,-0.16,2455959,2454510.802,0.07,0.007,-0.007,Mass,22.1,2.3,4.17,0.372,Radial Velocity,W. M. Keck Observatory,2004,Butler et al. 2004,,,0,3586.11,0.47,0.455,0.0991,4.792,10.67,9.75321,1
WASP-43,186,WASP-43,WASP-43 b,direct,,0.813475,1e-06,-1e-06,0.0142,0.0004,-0.0004,0,,,90,,,551,3.2,-3.2,82.6,1.3,-0.9,2457077.723,2455528.868,1.78,0.1,-0.1,Mass,565.714,31.782,10.424,0.93,Transit,SuperWASP,2011,Hellier et al. 2011,,,0,4400,0.58,0.6,-0.05,4.65,12.305,86.7467,1
GJ1061,184,GJ 1061,GJ 1061 d,direct,,13.066,0.002,-0.002,0.054,0.002,-0.002,0.04,0.04,-0.03,157,88,-71,1.63,0.17,-0.16,,,,2458306.4,,0.00525441,0.00053488,-0.00066073,Mass,1.67,0.17,1.16,0.104,Radial Velocity,La Silla Observatory,2020,Dreizler et al. 2020,,,0,2953,0.12,0.156,-0.08,5.15856,12.7,3.67278,3
GJ1061,184,GJ 1061,GJ 1061 b,direct,,3.2073,0.0002,-0.0003,0.021,0.0006,-0.0006,0.05,0.5,-0.03,145,81,-65,1.83,0.18,-0.17,77,9,-13,2458300.61,,0.00349245,0.0003461,-0.00028317,Mass,1.11,0.11,1.04,0.0926,Radial Velocity,La Silla Observatory,2020,Dreizler et al. 2020,,,0,2953,0.12,0.156,-0.08,5.15856,12.7,3.67278,3
GJ1061,184,GJ 1061,GJ 1061 c,direct,,6.6821,0.0008,-0.0008,0.0342,0.0009,-0.001,0.02,0.03,-0.02,88,95,-85,2.32,0.22,-0.19,,,,2458300.2,,0.0056949,0.00040903,-0.0003461,Mass,1.81,0.13,1.19,0.106,Radial Velocity,La Silla Observatory,2020,Dreizler et al. 2020,,,0,2953,0.12,0.156,-0.08,5.15856,12.7,3.67278,3
HD204961,183,GJ 832,GJ 832 b,direct,,3853,51,-47,3.7,0.1,-0.1,0.05,0.03,-0.03,207,22,-31,15.4,0.7,-0.7,51,3,-3,2456696,,0.99,0.09,-0.08,Mass,314.6501229,28.60455663,13.8,1.23,Radial Velocity,Anglo-Australian Telescope,2008,Bailey et al. 2009,,,0,3472,0.45,0.441557,-0.3,4.78905,8.66,4.96435,1
GJ393,181,GJ 393,GJ 393 b,direct,,7.02679,0.00082,-0.00085,0.05402,0.00072,-0.00072,,,,,,,1.01,0.14,-0.14,,,,2458002.72,,0.00538026,0.00075512,-0.00075512,Msini,1.71,0.24,1.17,0.104,Radial Velocity,Multiple Observatories,2021,Amado et al. 2021,,,0,3579,0.426,0.426,-0.09,4.88,9.65,7.03149,1
HD27442A,174,HD 27442,HD 27442 b,simbad,,428.1,1.1,-1.1,1.271,0.073,-0.073,0.06,0.043,-0.043,216,,,32.2,1.4,-1.4,,,,2450836,,1.56,0.14,-0.14,Msini,495.8,44.5,13.5,1.21,Radial Velocity,Anglo-Australian Telescope,2000,Butler et al. 2001,,,0,4846,1.23,3.18,0.42,3.783,4.44,18.2704,1
HD47186,171,HD 47186,HD 47186 c,direct,,1353.6,57.1,-57.1,2.395,,,0.249,0.073,-0.073,26,23,-23,6.65,1.43,-1.43,,,,2452010,,0.35061,,,Msini,111.42,,13,1.16,Radial Velocity,La Silla Observatory,2008,Bouchy et al. 2009,,,0,5657,0.96,1.08,0.24,4.36,7.63,37.4574,2
HD47186,171,HD 47186,HD 47186 b,direct,,4.0845,0.0002,-0.0002,0.05,0,0,0.04,0.02,-0.02,59,32,-32,9.1,0.2,-0.2,,,,2454566.95,,0.07,0,0,Msini,22.2481,0,5.02,0.448,Radial Velocity,La Silla Observatory,2008,Bouchy et al. 2009,,,0,5657,0.96,1.08,0.24,4.36,7.63,37.4574,2
HD218396,169,HR 8799,HR 8799 c,direct,,69000,,,38,,,0.5,,,,,,,,,29.43,0.35,-0.35,2396093,,10,3,-3,Mass,3000,1000,13,1.2,Imaging,Gemini Observatory,2008,Marois et al. 2008,,,0,7204.58,1.5,1.49338,-0.47,4.29656,5.98,41.2441,4
HD218396,169,HR 8799,HR 8799 b,direct,,170000,,,68,,,,,,,,,,,,30.27,4.95,-4.95,2453936,,7,4,-2,Mass,2000,1000,13,1.2,Imaging,Gemini Observatory,2008,Marois et al. 2008,,,0,7204.58,1.5,1.49338,-0.47,4.29656,5.98,41.2441,4
HD218396,169,HR 8799,HR 8799 d,direct,,37000,,,24,,,0.6,,,,,,,,,38.63,2.84,-2.84,2438859,,10,3,-3,Mass,3000,1000,13,1.2,Imaging,W. M. Keck Observatory,2008,Marois et al. 2008,,,0,7204.58,1.5,1.49338,-0.47,4.29656,5.98,41.2441,4
HD218396,169,HR 8799,HR 8799 e,direct,,20815.6,1128.62,-1128.62,16.4,2.1,-1.1,0.15,0.08,-0.08,,,,,,,25,8,-8,2449940,,10,7,-4,Mass,3178.3,2224.81,13.11453,1.17,Imaging,W. M. Keck Observatory,2010,Marois et al. 2010,,,0,7400,1.51,1.49338,-0.5,4,5.98,41.2441,4
GJ1214,166,GJ 1214,GJ 1214 b,direct,,1.580404531,1.8e-08,-1.7e-08,0.01505,0.00011,-0.00011,0.0062,0.0079,-0.0044,77,7.5,-61,14.38,0.57,-0.56,88.98,0.094,-0.085,2459639.725,2459639.781,0.02646082,0.00113269,-0.00110122,Mass,8.41,0.36,2.733,0.24382235,Transit,MEarth Project,2009,Charbonneau et al. 2009,,,0,3101,0.182,0.2162,0.24,5.0286,15.1,14.6427,1
TOI175,166,L 98-59,L 98-59 b,simbad,,2.253114,4e-07,-4e-07,0.0223,0.0007,-0.0007,0.031,0.017,-0.016,192,70,-155,0.36,0.13,-0.13,88.08,0.23,-0.2,,2458366.171,0.00144732,0.0003461,-0.0003461,Mass,0.46,0.11,0.837,0.07467227,Transit,Transiting Exoplanet Survey Satellite (TESS),2019,Kostov et al. 2019,,,0,3415,0.2923,0.3155,-0.46,4.91,11.685,10.6194,5
TOI175,166,L 98-59,L 98-59 c,simbad,,3.6906764,4e-07,-4e-07,0.0309,0.001,-0.001,0.002,0.002,-0.001,261,20,-10,2.08,0.12,-0.12,88.88,0.21,-0.17,,2458367.273,0.0062927,0.00040903,-0.00040903,Mass,2,0.13,1.329,0.11856564,Transit,Transiting Exoplanet Survey Satellite (TESS),2019,Kostov et al. 2019,,,0,3415,0.2923,0.3155,-0.46,4.91,11.685,10.6194,5
TOI175,166,L 98-59,L 98-59 d,simbad,,7.450729,2e-06,-2e-06,0.0494,0.0016,-0.0016,0.006,0.007,-0.004,180,27,-50,1.39,0.13,-0.13,88.44,0.05,-0.05,,2458362.74,0.00516002,0.00022024,-0.00022024,Mass,1.64,0.07,1.627,0.14515147,Transit,Transiting Exoplanet Survey Satellite (TESS),2019,Kostov et al. 2019,,,0,3415,0.2923,0.3155,-0.46,4.91,11.685,10.6194,5
TOI175,166,L 98-59,L 98-59 e,simbad,,12.8278,0.0018,-0.0018,0.0712,0.0022,-0.0022,0.012,0.009,-0.008,165,40,-29,1.82,0.14,-0.14,80,,,,2458438.48,0.00887271,0.00059781,-0.00059781,Msini,2.82,0.19,1.49,0.133,Radial Velocity,Multiple Observatories,2021,Demangeon et al. 2021,,,0,3415,0.2923,0.3155,-0.46,4.91,11.685,10.6194,5
TOI175,166,L 98-59,L 98-59 f,simbad,,23.064,0.055,-0.055,0.1052,0.0033,-0.0033,0.044,0.027,-0.028,4,58,-64,1.53,0.22,-0.24,74,,,,2458437.84,0.00880979,0.00094391,-0.00094391,Msini,2.8,0.3,1.48,0.132,Radial Velocity,Multiple Facilities,2025,Cadieux et al. 2025,,,0,3415,0.2923,0.3155,-0.46,4.91,11.685,10.6194,5
GJ514,162,GJ 514,GJ 514 b,direct,,140.43,0.41,-0.41,0.422,0.014,-0.015,0.45,0.15,-0.14,-143,306,-28,1.15,0.21,-0.19,,,,2458696.21,,0.01636103,0.00283172,-0.00283172,Msini,5.2,0.9,2.13,0.19,Radial Velocity,Multiple Observatories,2022,Damasso et al. 2022,,,0,3728,0.51,0.5,-0.14,4.76,9.05,7.61778,1
HD77338,162,HD 77338,HD 77338 b,direct,,5.7361,0.0015,-0.0015,0.06,0,0,0.09,0.22,-0.22,223.454,,,6,1.7,-1.7,,,,,,0.05,0.015,-0.017,Mass,15.9,4.7,4.12,0.368,Radial Velocity,La Silla Observatory,2012,Jenkins et al. 2013,,,0,5341,1.37,0.97,0.32,4.6,8.63,45.935,1
HD90156,160,HD 90156,HD 90156 b,direct,,49.77,0.07,-0.07,0.25,0.004,-0.004,0.31,0.1,-0.1,113,18,-18,3.69,0.25,-0.25,,,,,2455169.3,0.057,0.005,-0.005,Msini,17.98,1.46,4.43,0.395,Radial Velocity,La Silla Observatory,2011,Mordasini et al. 2011,,,0,5599,0.84,0.920286,-0.24,4.48,6.92,21.9496,1
HD108236,158,HD 108236,HD 108236 f,direct,,29.54115,0.00033,-0.00042,0.1758,0.0041,-0.0038,0.051,0.036,-0.034,275,45,-63,,,,88.963,0.042,-0.042,,2458793.279,0.0149,,,M-R relationship,4.72,,2.017,0.17994469,Transit,CHaracterising ExOPlanets Satellite (CHEOPS),2021,Bonfanti et al. 2021,,,0,5660,0.869,0.877,-0.28,4.49,9.25,64.5978,5
HD108236,158,HD 108236,TOI-1233.01,direct,,14.175685,8.3e-05,-0.0001,0.1074,0.0023,-0.0023,0.055,0.038,-0.035,151,46,-33,,,,89.06,0.27,-0.14,,2458769.797,0.022,,,M-R relationship,6.98,,2.539,0.22651441,Transit,Transiting Exoplanet Survey Satellite (TESS),2021,Giacalone et al. 2021,,,0,5660,0.869,0.877,-0.28,4.49,9.25,64.5978,5
HD108236,158,HD 108236,HD 108236 b,direct,,3.795963,2.5e-05,-3.4e-05,0.04527,0.00096,-0.00088,0.045,0.039,-0.033,126,51,-62,,,,87.59,0.47,-0.35,,2458773.296,0.0102,,,M-R relationship,3.24,,1.615,0.14408065,Transit,Transiting Exoplanet Survey Satellite (TESS),2020,Daylan et al. 2021,,,0,5660,0.869,0.877,-0.28,4.49,9.25,64.5978,5
HD108236,158,HD 108236,HD 108236 e,direct,,19.590025,8.3e-05,-8.9e-05,0.1367,0.0022,-0.002,0.058,0.032,-0.036,128,37,-54,,,,89.245,0.12,-0.086,,2458782.469,0.0306,,,M-R relationship,9.71,,3.083,0.27504684,Transit,Transiting Exoplanet Survey Satellite (TESS),2020,Daylan et al. 2021,,,0,5660,0.869,0.877,-0.28,4.49,9.25,64.5978,5
HD108236,158,HD 108236,HD 108236 c,direct,,6.203449,4.9e-05,-4.6e-05,0.062,0.0012,-0.0012,0.034,0.042,-0.025,211,44,-110,,,,88.3,0.29,-0.23,,2458770.906,0.0155,,,M-R relationship,4.94,,2.071,0.18476224,Transit,Transiting Exoplanet Survey Satellite (TESS),2020,Daylan et al. 2021,,,0,5660,0.869,0.877,-0.28,4.49,9.25,64.5978,5
HD97507,158,TOI-1203,TOI-1203 e,simbad,,204.59,0.67,-0.63,,,,0.152,0.029,-0.029,189.7,11.4,-10.8,5.02,0.17,-0.16,,,,2458962.29,2458915.45,0.13246141,0.00575782,-0.00560051,Msini,42.1,1.83,7.31,0.653,Radial Velocity,La Silla Observatory,2025,Gandolfi et al. 2025,,,0,5737,0.886,1.179,-0.39,4.34,8.59,64.9943,4
HD97507,158,TOI-1203,TOI-1203.01,simbad,,25.502672,3.1e-05,-2.8e-05,0.1632,0.0031,-0.0032,0.032,0.034,-0.023,186.4,94.3,-113.7,1.74,0.014,-0.014,89.22,0.16,-0.13,2458554.96,2458553.071,0.02325154,0.00195074,-0.00195074,Mass,7.39,0.62,2.918,0.26032697,Transit,Transiting Exoplanet Survey Satellite (TESS),2021,Giacalone et al. 2021,,,0,5737,0.886,1.179,-0.39,4.34,8.59,64.9943,4
HD97507,158,TOI-1203,TOI-1203 b,simbad,,4.1572888,5e-06,-4.9e-06,0.04869,0.00094,-0.00095,0.067,0.063,-0.045,125.4,84.7,-39,1.51,0.13,-0.13,84.29,0.24,-0.32,2458546.16,2458545.892,0.0110437,0.0010383,-0.00100683,Mass,3.51,0.33,1.52,0.13560555,Radial Velocity,La Silla Observatory,2025,Gandolfi et al. 2025,,,0,5737,0.886,1.179,-0.39,4.34,8.59,64.9943,4
HD97507,158,TOI-1203,TOI-1203 c,simbad,,13.0766,0.0079,-0.0072,,,,0.092,0.081,-0.063,172.8,68.7,-59.6,1.62,0.14,-0.14,,,,2459201.1,2459198.81,0.01717908,0.00160464,-0.00157318,Msini,5.46,0.51,2.2,0.196,Radial Velocity,La Silla Observatory,2025,Gandolfi et al. 2025,,,0,5737,0.886,1.179,-0.39,4.34,8.59,64.9943,4
GJ3323,157,GJ 3323,GJ 3323 b,direct,,5.3636,0.0007,-0.0007,0.03282,0.00054,-0.00056,0.23,0.11,-0.11,,,,2.55,0.33,-0.32,,,,,,0.0063556,0.00081805,-0.00078658,Msini,2.02,0.26,1.23,0.109,Radial Velocity,La Silla Observatory,2017,Astudillo-Defru et al. 2017,,,0,3159,0.164,0.119,-0.27,,12.57,5.37484,2
GJ3323,157,GJ 3323,GJ 3323 c,direct,,40.54,0.21,-0.19,0.1264,0.0021,-0.0022,0.17,0.21,-0.12,,,,1.49,0.33,-0.31,,,,,,0.00726804,0.00157317,-0.0015417,Msini,2.31,0.5,1.32,0.118,Radial Velocity,La Silla Observatory,2017,Astudillo-Defru et al. 2017,,,0,3159,0.164,0.119,-0.27,,12.57,5.37484,2
BD-156276,153,K2-265,K2-265 b,simbad,,2.36902,5.8e-05,-5.9e-05,0.03359,0.00062,-0.00053,0.16,0.16,-0.11,-57,52,-27,3.87,0.77,-0.75,87.01,1.8,-1,,2457017.181,0.0231,0.0045,-0.0044,Mass,7.3418362,1.43022783,1.70824866,0.1524,Transit,K2,2018,Lam et al. 2018,,,0,5420,0.901,0.92,0.033,4.465,11.187,138.671,1
HD111998,150,HD 111998,HD 111998 b,direct,,810,6,-5,1.91,0.02,-0.03,0.13,0.05,-0.04,190,22,-17,87.6,3.4,-3.4,90,,,2454521,,4.8,0.2,-0.2,Mass,1525.576354,63.5656814,12.9,1.15,Radial Velocity,La Silla Observatory,2016,Borgniet et al. 2017,,,0,6557,1.4,1.45,0.07,4.19,6.11006,33.2237,1
WASP-127,150,WASP-127,WASP-127 b,direct,,4.17806203,8.8e-07,-5.3e-07,0.0484,0.00136,-0.00095,0,,,,,,22,3,-2,87.84,0.36,-0.33,,2456776.621,0.1647,0.0214,-0.0172,Mass,52.346601,6.801562,14.694999,1.311,Transit,SuperWASP,2016,Lam et al. 2017,,,0,5620,0.95,1.333,-0.193,4.18,10.148,159.507,1
GJ752,149,HD 180617,HD 180617 b,simbad,,105.911,0.109,-0.109,0.343,0.004,-0.004,0.101,0.053,-0.053,257.433,51.256,-51.256,2.696,0.224,-0.224,,,,,,0.03842935,0.00330365,-0.00330365,Msini,12.214,1.05,3.53,0.315,Radial Velocity,Calar Alto Observatory,2018,Kaminski et al. 2018,,,0,3534,0.484,0.481,-0.04,4.9,9.12,5.91059,1
GJ550,148,HD 126525,HD 126525 b,simbad,,960.41,6.19,-6.33,1.837,0.01,-0.01,0.035,0.039,-0.024,247.506,76.249,-184.079,5.26,0.25,-0.25,,,,2456161.7,,0.237,0.002,-0.002,Msini,75.32571,0.63566,10.3,0.919,Radial Velocity,La Silla Observatory,2018,Barbato et al. 2018,,,0,5638,0.897,0.979,-0.1,4.382,7.85,37.6506,1
HD38677,148,DMPP-1,DMPP-1 e,direct,,5.516,0.002,-0.004,0.0651,0.0005,-0.0005,0.07,,,,,,1.316,0.206,-0.358,,,,,,0.01299437,0.00207658,-0.00358682,Msini,4.13,0.66,1.86,0.166,Radial Velocity,La Silla Observatory,2019,Staab et al. 2020,,,0,6196,1.21,1.26,,4.41,7.98,62.5388,4
HD38677,148,DMPP-1,DMPP-1 c,direct,,10.03,0.53,-0.24,0.0973,0.0031,-0.0016,0.22,,,121,87.7,-87.1,2.89,0.16,-0.15,,,,2458684.72,,0.03442109,0.00191927,-0.00185635,Msini,10.94,0.61,3.31,0.295,Radial Velocity,La Silla Observatory,2019,Staab et al. 2020,,,0,6196,1.21,1.26,,4.41,7.98,62.5388,4
HD38677,148,DMPP-1,DMPP-1 b,direct,,17.812,0.025,-0.019,0.1423,0.0013,-0.0013,0.2,,,184,139,-132,3.63,0.6,-0.54,,,,2458679.85,,0.05285871,0.00786588,-0.00786588,Msini,16.8,2.5,4.26,0.38,Radial Velocity,La Silla Observatory,2019,Staab et al. 2020,,,0,6196,1.21,1.26,,4.41,7.98,62.5388,4
HD38677,148,DMPP-1,DMPP-1 d,direct,,3.1417,0.002,-0.0248,0.04467,0.00045,-0.0004,0.36,,,233,34,-37,1.88,0.33,-0.3,,,,2458688.54,,0.01485078,0.00254855,-0.00229684,Msini,4.72,0.81,2.02,0.18,Radial Velocity,La Silla Observatory,2019,Staab et al. 2020,,,0,6196,1.21,1.26,,4.41,7.98,62.5388,4
TYC5889-271-1,147,WASP-78,WASP-78 b,simbad,,2.17518,5e-06,-5e-06,0.03488,0.0007,-0.00076,0,,,,,,113.8,9.1,-9.1,83.2,1.95,-1.95,,2457966.186,1.11,0.54,-0.54,Mass,352.7913,171.6282,21.63337,1.93,Transit,SuperWASP,2012,Smalley et al. 2012,,,0,6100,1.87,2.46,-0.35,4.1,11.965,754.258,1
GJ317,144,GJ 317,GJ 317 c,direct,,6500,169,-166,5.04,0.1,-0.1,0.217,0.014,-0.014,106.7,5.4,-5.3,29.33,0.74,-0.73,,,,2449804.6,2462735,1.43,0.058,-0.055,Msini,454.494622,18.43404761,13.6,1.21,Radial Velocity,W. M. Keck Observatory,2016,Bryan et al. 2016,,,0,3496,0.402,0.403,-0.02,4.822436,12.4,15.1968,2
GJ317,144,GJ 317,GJ 317 b,direct,,695.69,0.26,-0.25,1.138,0.013,-0.013,0.0826,0.007,-0.0071,11.3,4.8,-4.6,71.39,0.56,-0.55,45,30,-10,2450988.9,2458089.4,2.5,0.7,-0.4,Mass,794.5,222.5,13.3,1.18,Radial Velocity,W. M. Keck Observatory,2007,Johnson et al. 2007,,,0,3496,0.402,0.403,-0.02,4.822436,12.4,15.1968,2
HD137496,142,HD 137496,HD 137496 c,direct,,479.9,1.1,-1,1.2163,0.0087,-0.0088,0.477,0.004,-0.004,-39.01,0.46,-0.47,221.25,0.83,-0.82,,,,,2458629.21,7.66,0.11,-0.11,Msini,2434.565598,34.96112477,12.6,1.13,Radial Velocity,Multiple Observatories,2021,Azevedo Silva et al. 2022,,,0,5799,1.04,1.59,-0.03,4.05,9.899,155.317,2
HD137496,142,HD 137496,HD 137496 b,direct,,1.62116,7.91e-05,-8.06e-05,0.02732,0.00019,-0.00019,0,,,,,,2.14,0.29,-0.29,85.8,2.6,-2.2,,2458039.132,0.01271126,0.00173049,-0.00173049,Mass,4.04,0.55,1.31,0.11687057,Transit,K2,2021,Azevedo Silva et al. 2022,,,0,5799,1.04,1.59,-0.03,4.05,9.899,155.317,2
GJ1137,140,HD 93083,GJ 1137 c,simbad,,9.6412,0.0012,-0.0011,0.0835,0.0008,-0.0008,0,,,,,,1.73,0.24,-0.23,,,,,2457951.49,0.01610932,0.00220245,-0.00217098,Msini,5.12,0.7,2.11,0.189,Radial Velocity,La Silla Observatory,2026,Stoeva et al. 2026,,,0,5033.8,0.836,0.837,0.13,4.23,8.3,28.5159,2
GJ1137,140,HD 93083,HD 93083 b,simbad,,144.72,0.029,-0.029,0.508,0.005,-0.005,0.118,0.016,-0.015,334,8.6,-8.6,19.8,0.4,-0.4,,,,2453181.7,2457852.24,0.451,0.012,-0.012,Msini,143.3406116,3.81394088,14.3,1.28,Radial Velocity,La Silla Observatory,2005,Lovis et al. 2005,,,0,5033.8,0.836,0.837,0.13,4.23,8.3,28.5159,2
WASP-121,140,WASP-121,WASP-121 b,direct,,1.27492504,1.5e-07,-1.5e-07,0.02571,0.0001,-0.0001,0.0085,0.0013,-0.0012,88.95,1.05,-1.05,181.1,6.4,-6.4,88.49,0.16,-0.16,,2460245.02,1.17,0.043,-0.043,Mass,371.8592362,13.6666215,19.52604438,1.742,Transit,SuperWASP,2016,Delrez et al. 2016,,,0,6628,1.33,1.461,0.17,4.251,10.514,269.898,1
GJ676,138,GJ 676 A,GJ 676 A e,simbad_A,resolved via 'GJ 676 A' (SIMBAD primary-component id),35.47358,0.0156,-0.01472,0.181,0.006,-0.006,0.152,0.086,-0.06,117.523,3.748,-2.817,1.804,0.167,-0.123,,,,2453893.096,,0.021,0.002,-0.002,Msini,6.67439655,0.63565681,2.47,0.221,Radial Velocity,La Silla Observatory,2012,Anglada-Escude & Tuomi 2012,,,0,3734,0.626,0.69,0.23,4.62,9.58,16.0272,4
GJ676,138,GJ 676 A,GJ 676 A d,simbad_A,resolved via 'GJ 676 A' (SIMBAD primary-component id),3.60076,0.00019,-0.0002,0.039,0.001,-0.001,0.192,0.073,-0.079,304.698,3.85,-4.455,2.207,0.115,-0.079,,,,2453914.85,,0.012,0.001,-0.001,Msini,3.81394088,0.31782841,1.78,0.159,Radial Velocity,La Silla Observatory,2012,Anglada-Escude & Tuomi 2012,,,0,3734,0.626,0.69,0.23,4.62,9.58,16.0272,4
GJ676,138,GJ 676 A,GJ 676 A c,simbad_A,resolved via 'GJ 676 A' (SIMBAD primary-component id),13921.42302,1232.33794,-1514.65143,9.726,0.629,-0.793,0.295,0.033,-0.049,263.949,1.076,-1.285,89.694,0.313,-0.303,33.69,1.362,-1.324,2441945.793,,13.492,1.046,-1.127,Mass,4288.140867,332.4485137,12.3,1.1,Radial Velocity,Paranal Observatory,2016,Sahlmann et al. 2016,,,0,3734,0.626,0.69,0.23,4.62,9.58,16.0272,4
GJ676,138,GJ 676 A,GJ 676 A b,simbad_A,resolved via 'GJ 676 A' (SIMBAD primary-component id),1051.44521,0.37707,-0.40023,1.735,0.056,-0.06,0.319,0.003,-0.003,87.073,0.628,-0.601,125.172,0.384,-0.428,48.919,3.312,-2.781,2453307.813,,5.792,0.469,-0.477,Mass,1840.862133,149.0615229,12.8,1.14,Radial Velocity,La Silla Observatory,2010,Forveille et al. 2011,,,0,3734,0.626,0.69,0.23,4.62,9.58,16.0272,4
GJ3341,137,GJ 3341,GJ 3341 b,direct,,14.207,0.007,-0.007,0.089,,,0.31,0.11,-0.11,42.32,4.3,-4.3,3.04,0.41,-0.41,,,,2455622.7,,0.0208,0.0003,-0.0003,Msini,6.6,0.1,2.46,0.219,Radial Velocity,La Silla Observatory,2015,Astudillo-Defru et al. 2015,,,0,3526,0.47,0.439,-0.09,4.76852,12.062,23.619,1
GJ9479,137,HD 125595,HD 125595 b,simbad,,9.6737,0.0039,-0.0039,0.08,0,0,0,,,0,,,4.8,0.5,-0.5,0.2243,,,2454435.23,,11.11,,,Mass,3531.073602,,,,Radial Velocity,La Silla Observatory,2011,S&eacute;gransan et al. 2011,,,0,4691,0.29,0.74,0.08,4.17,9.03,28.1989,1
HD117618,137,HD 117618,HD 117618 b,direct,,25.8,0.004,-0.004,0.18,0.005,-0.005,0.15,0.07,-0.07,289,64,-64,10.9,0.68,-0.68,,,,2450832.2,,0.174,0.014,-0.014,Msini,55.30242,4.44962,8.59,0.766,Radial Velocity,Anglo-Australian Telescope,2004,Tinney et al. 2005,,,0,5990,1.077,1.2,0.0283,4.41,7.17,37.7781,1
BD+101799,136,HIP 41378,HIP 41378 b,simbad,,15.57209,2e-05,-2e-05,0.1303,0.0013,-0.0013,0.05,0.03,-0.05,-13,14,-17,,,,88.816,0.065,-0.061,,2457152.282,0.02170983,0.00157318,-0.00157318,Mass,6.9,0.5,2.64,0.23552543,Transit,K2,2016,Vanderburg et al. 2016,,,0,6290,1.22,1.3,-0.05,4.298,8.93,106.289,6
BD+101799,136,HIP 41378,HIP 41378 c,simbad,,31.70591,5e-05,-5e-05,0.2093,0.0022,-0.0022,0.044,0.022,-0.044,158,4,-13,,,,88.462,0.015,-0.015,,2457163.166,0.01878372,0.00176196,-0.00270586,Mass,5.97,0.56,2.74,0.24444685,Transit,K2,2016,Vanderburg et al. 2016,,,0,6290,1.22,1.3,-0.05,4.298,8.93,106.289,6
BD+101799,136,HIP 41378,HIP 41378 d,simbad,,278.3618,0.0003,-0.0003,1.17,0.14,-0.11,0.063,0.027,-0.063,,,,,,,89.93,0.025,-0.018,,2457166.261,0.02054568,0.00833783,-0.00991101,Mass,6.53,2.65,3.65,0.32563175,Transit,K2,2016,Vanderburg et al. 2016,,,0,6290,1.22,1.3,-0.05,4.298,8.93,106.289,6
BD+101799,136,HIP 41378,HIP 41378 e,simbad,,393,3,-5,0.68,0.09,-0.08,0.065,0.031,-0.065,,,,,,,89.7,0.1,-0.1,,2457142.018,0.0239752,0.01006833,-0.01456761,Mass,7.62,3.2,5.19,0.46302158,Transit,K2,2016,Vanderburg et al. 2016,,,0,6290,1.22,1.3,-0.05,4.298,8.93,106.289,6
BD+101799,136,HIP 41378,HIP 41378 f,simbad,,542.0797,0.0001,-0.0001,1.394,0.013,-0.012,0.052,0.025,-0.052,,,,,,,89.953,0.003,-0.003,,2457186.914,0.0786588,0.01573176,-0.01573176,Mass,25,5,9.47,0.84485827,Transit,K2,2016,Vanderburg et al. 2016,,,0,6290,1.22,1.3,-0.05,4.298,8.93,106.289,6
BD+101799,136,HIP 41378,HIP 41378 g,simbad,,63.19,0.12,-0.12,,,,0.055,0.024,-0.054,205,5,-115,,,,95,1,-10,,2458777.86,0.02142666,0.00358684,-0.00308342,Mass,6.81,1.14,2.5,0.223,Radial Velocity,W. M. Keck Observatory,2025,Howard et al. 2025,,,0,6290,1.22,1.3,-0.05,4.298,8.93,106.289,6
HD74698,136,HD 74698,HD 74698 b,direct,,15.017,0.002,-0.002,0.121,0.001,-0.001,0.1,0.1,-0.1,143,80,-46,5.8,0.9,-0.8,,,,2455499,,0.07,0.01,-0.01,Msini,23,3,5.12,0.457,Radial Velocity,La Silla Observatory,2023,Frensch et al. 2023,,,0,5783,1.039,1.333,0.07,4.12,7.78,52.0648,2
HD74698,136,HD 74698,HD 74698 c,direct,,3449,189,-210,4.5,0.2,-0.2,0.2,0.2,-0.1,103,126,-62,5.3,0.8,-0.8,,,,2457457,,0.4,0.06,-0.06,Msini,126,19,14,1.24,Radial Velocity,La Silla Observatory,2023,Frensch et al. 2023,,,0,5783,1.039,1.333,0.07,4.12,7.78,52.0648,2
HD216770,134,HD 216770,HD 216770 b,direct,,118.45,0.55,-0.55,0.46,0.01,-0.01,0.37,0.06,-0.06,281,10,-10,30.9,1.9,-1.9,,,,2452672,,0.57,0.05,-0.05,Msini,181.1631,15.8915,14.1,1.26,Radial Velocity,La Silla Observatory,2003,Mayor et al. 2004,,,0,5399,0.74,0.93,0.27,4.37,8.11,36.6625,1
HD7449,133,HD 7449,HD 7449 b,direct,,1270.55195,10.75633,-7.38672,2.438,0.062,-0.063,0.752,0.035,-0.032,336.427,5.159,-3.426,30.023,4.566,-5.82,171.631,2.609,-3.74,2451476.815,,8.174,3.055,-2.699,Mass,2597.929399,970.9657834,12.6,1.12,Radial Velocity,La Silla Observatory,2011,Dumusque et al. 2011,,,0,6024,1.196,0.97,-0.105,4.52,7.5,38.662,1
HD95086,133,HD 95086,HD 95086 b,direct,,,,,55.7,2.5,-2.5,,,,,,,,,,,,,,,5,2,-2,Mass,1589,636,12.9,1.15,Imaging,Paranal Observatory,2013,Rameau et al. 2013,,,0,7595,1.6,1.48667,0.14,4.34161,7.36,86.2279,1
HD134987,132,HD 134987,HD 134987 b,direct,,258.17999,0.07,-0.07,0.81,0.02,-0.02,0.23,0,0,352.7,0.5,-0.5,49.5,0.2,-0.2,,,,2450071,2452704.42,1.61,0.07,-0.07,Msini,511.7063,22.2481,13.5,1.21,Radial Velocity,W. M. Keck Observatory,1999,Vogt et al. 2000,,,0,5736,1.1,1.22,0.28,4.31,6.47,26.1804,2
HD134987,132,HD 134987,HD 134987 c,direct,,5000,400,-400,5.8,0.5,-0.5,0.12,0.02,-0.02,195,48,-48,9.3,0.3,-0.3,,,,2461100,2455060,0.82,0.03,-0.03,Msini,260,10,13.9,1.24,Radial Velocity,Multiple Observatories,2009,Jones et al. 2010,,,0,5585,1.1,1.25,0.28,4.31,6.47,26.1804,2
HD52265,130,HD 52265,HD 52265 b,direct,,119.27,0.02,-0.02,0.52,0.009,-0.009,0.27,0.02,-0.02,242,3,-3,42.97,0.7,-0.7,,,,2451293.4,2456393.46,1.21,0.05,-0.05,Msini,384.5743,15.8915,13.7,1.22,Radial Velocity,W. M. Keck Observatory,2000,Butler et al. 2000,,,0,6136,1.204,1.32,0.21,4.36,6.29351,29.9803,1
HD63765,130,HD 63765,HD 63765 b,direct,,358,1,-1,0.94,0.02,-0.02,0.24,0.04,-0.04,122,13,-13,20.9,1.3,-1.3,,,,2454404,,0.53,0.03,-0.03,Msini,168.4499,9.5349,14.2,1.27,Radial Velocity,La Silla Observatory,2011,S&eacute;gransan et al. 2011,,,0,5449,0.65,0.83,-0.16,4.41,8.1,32.5376,1
HD7199,129,HD 7199,HD 7199 b,direct,,615,7,-7,1.36,0.02,-0.02,0.19,0.16,-0.16,155,90,-64,7.8,0.6,-0.6,1.496,,,2455030,,11.45,,,Mass,3639.13526,,,,Radial Velocity,La Silla Observatory,2011,Dumusque et al. 2011,,,0,5371,0.77,0.97,0.32,4.35,8.06,36.1531,1
GJ1132,128,GJ 1132,GJ 1132 c,direct,,8.929,0.0008,-0.0008,0.0476,0.0017,-0.0017,0.19,,,,,,2.69,0.25,-0.25,,,,,2457505.94,0.00915588,0.00084952,-0.00084952,Msini,2.91,0.27,1.52,0.135,Radial Velocity,La Silla Observatory,2018,Bonfils et al. 2018,,,0,3090,0.198,0.226,-0.18,5.02,13.68,12.613,2
GJ1132,128,GJ 1132,GJ 1132 b,direct,,1.62892911,2.9e-07,-3e-07,0.0157,0.00013,-0.00013,0.0118,0.047,-0.0099,-95.8,5.5,-130,2.98,0.3,-0.3,88.16,0.19,-0.18,2459280.149,2459280.99,0.00578,0.0006,-0.00059,Mass,1.83704819,0.19069704,1.19151465,0.1063,Transit,Cerro Tololo Inter-American Observatory,2015,Berta-Thompson et al. 2015,,,0,3229,0.1945,0.2211,-0.17,5.037,13.68,12.613,2
HD94771,128,HD 94771,HD 94771 b,direct,,2164,21,-20,3.48,0.03,-0.03,0.39,0.05,-0.04,90,8,-8,8,0.4,-0.4,,,,2455485,,0.53,0.03,-0.03,Msini,169,9,14.2,1.27,Radial Velocity,La Silla Observatory,2023,Frensch et al. 2023,,,0,5631,1.2,1.903,0.22,3.94,7.37,57.7807,1
HD175607,127,HD 175607,HD 175607 b,direct,,29.01,0.02,-0.02,,,,0.11,0.09,-0.07,142,52,-52,2.37,0.29,-0.3,0.1865,,,2455532.17,,7.728,,,Mass,2456.177929,,,,Radial Velocity,La Silla Observatory,2015,Mortier et al. 2016,,,0,5392,0.71,0.7,-0.62,4.64,8.6,40.3303,1
BD-194086,126,K2-233,K2-233 d,simbad,,24.3681,0.0013,-0.0014,0.1516,0.003,-0.003,0.18,0.09,-0.09,168,20,-25,2.72,0.66,-0.7,89.62,0.24,-0.18,2458009.27,2458005.58,0.03240742,0.00755124,-0.00818051,Mass,10.3,2.4,2.363,0.2108131,Transit,K2,2018,David et al. 2018,,,0,4796,0.79,0.71,-0.082,4.53,10.883,67.5062,3
BD-194086,126,K2-233,K2-233 c,simbad,,7.06024,0.00044,-0.00043,0.0664,0.0013,-0.0013,0,,,90,,,1.81,0.71,-0.67,89.57,0.29,-0.35,2457586.862,2457586.862,0.01447322,0.00566343,-0.0053488,Mass,4.6,1.8,1.272,0.11348043,Transit,K2,2018,David et al. 2018,,,0,4796,0.79,0.71,-0.082,4.53,10.883,67.5062,3
BD-194086,126,K2-233,K2-233 b,simbad,,2.467583,6.2e-05,-6.7e-05,0.03293,0.00066,-0.00066,0,,,90,,,1.31,0.81,-0.74,88.86,0.72,-0.66,2457991.69,2457991.69,0.00755124,0.00471953,-0.00409026,Mass,2.4,1.5,1.315,0.11731664,Transit,K2,2018,David et al. 2018,,,0,4796,0.79,0.71,-0.082,4.53,10.883,67.5062,3
HD206893,126,HD 206893,HD 206893 c,direct,,2290,30,-30,3.74,0.02,-0.03,0.283,0.019,-0.017,27,5,-5,,,,142.5,0.9,-0.8,,,11.1,0.4,-0.5,Mass,3527.895318,127.1313628,16.36511182,1.46,Imaging,European Southern Observatory,2022,Hinkley et al. 2023,,,0,6500,1.31,1.31116,,4.45,6.68804,40.7583,2
HD206893,126,HD 206893,HD 206893 b,direct,,11100,200,-200,10.75,0.08,-0.08,0.069,0.011,-0.012,102,7,-5,,,,142,0.4,-0.5,,,19.5,1.4,-1.3,Mass,6197.653936,444.9597698,14.01122587,1.25,Imaging,Gemini Observatory,2021,Ward-Duong et al. 2021,,,0,6500,1.31,1.31116,,4.45,6.68804,40.7583,2
HD207832,126,HD 207832,HD 207832 b,direct,,160.07,0.23,-0.23,0.586,0.032,-0.032,0.197,0.053,-0.053,1,16,-16,20.73,0.91,-0.91,,,,2463276.9,,0.56,0.091,-0.091,Msini,177.9848,28.92253,14.2,1.26,Radial Velocity,W. M. Keck Observatory,2012,Haghighipour et al. 2012,,,0,5726,1.05,0.89,0.14,4.48,8.78,58.9291,2
HD207832,126,HD 207832,HD 207832 c,direct,,1155.7,71.9,-37,2.112,0.087,-0.045,0.27,0.22,-0.1,121.6,32.4,-76.5,15.3,5.2,-1,,,,,,0.73,0.18,-0.05,Msini,232.0159,57.2094,14,1.25,Radial Velocity,W. M. Keck Observatory,2012,Haghighipour et al. 2012,,,0,5710,0.94,0.901,0.06,4.502,8.78,58.9291,2
HD208487,126,HD 208487,HD 208487 b,direct,,129.36,0.02,-0.02,0.53,0,0,0.37,0.01,-0.01,63,0.6,-0.6,18.28,0.29,-0.4,,,,2451001,,0.46,0.01,0,Msini,146.2010672,3.17828407,14.3,1.27,Radial Velocity,Anglo-Australian Telescope,2004,Tinney et al. 2005,,,0,6134,1.15,1.16,0.09,4.34,7.47,45.147,1
GJ3470,125,GJ 3470,GJ 3470 b,direct,,3.3366496,3.9e-06,-3.3e-06,0.0355,0.0019,-0.0019,0.017,0.016,-0.012,1.7,0.96,-1.2,13.4,1.2,-1.2,89.13,0.26,-0.34,,2455983.704,0.04373407,0.0047195,-0.0047195,Mass,13.9,1.5,4.57,0.40770809,Radial Velocity,La Silla Observatory,2012,Bonfils et al. 2012,,,0,3600,0.539,0.547,0.2,4.695,12.332,29.4214,1
HD117207,123,HD 117207,HD 117207 b,direct,,2621.75,8.37,-8.53,3.787,0.034,-0.035,0.157,0.013,-0.013,90.217,5.275,-5.523,27.78,0.33,-0.33,76.6,9.3,-12,2455978.9,2453356,2.106,0.16,-0.089,Mass,669.3466251,50.85254512,13.4,1.19,Radial Velocity,W. M. Keck Observatory,2004,Marcy et al. 2005,,,0,5732,1.053,1.074,0.19,4.371,7.26,32.3547,1
HD217987,123,GJ 887,GJ 887 e,direct,,4.4249,0.00014,-0.00013,0.0417,0.0014,-0.0015,,,,,,,0.91,0.1,-0.1,,,,,2453488.05,0.00459367,0.00059781,-0.00056634,Msini,1.46,0.19,1.12,0.0999,Radial Velocity,Multiple Observatories,2026,Hartogh et al. 2026,,,0,3688,0.495,0.468,-0.06,4.156,7.56,3.28679,4
HD217987,123,GJ 887,GJ 887 c,direct,,21.784,0.004,-0.004,0.121,0.004,-0.005,0.17,0.06,-0.06,200,110,-140,2.54,0.27,-0.27,,,,,2453498.2,0.02045129,0.00314635,-0.00283172,Msini,6.5,1,2.43,0.217,Radial Velocity,La Silla Observatory,2020,Jeffers et al. 2020,,,0,3688,0.495,0.468,-0.06,4.156,7.56,3.28679,4
HD217987,123,GJ 887,GJ 887 b,direct,,9.2619,0.0005,-0.0005,0.0683,0.0022,-0.0024,0.14,0.06,-0.06,180,130,-130,2,0.17,-0.17,,,,,2453492.75,0.01227077,0.00157318,-0.00157318,Msini,3.9,0.5,1.8,0.161,Radial Velocity,La Silla Observatory,2020,Jeffers et al. 2020,,,0,3688,0.495,0.468,-0.06,4.156,7.56,3.28679,4
HD217987,123,GJ 887,GJ 887 d,direct,,50.77,0.05,-0.05,0.212,0.007,-0.008,,,,,,,1.7,0.4,-0.4,,,,,2453496,0.01919275,0.00440489,-0.00440489,Msini,6.1,1.4,2.34,0.209,Radial Velocity,Multiple Observatories,2026,Hartogh et al. 2026,,,0,3688,0.495,0.468,-0.06,4.156,7.56,3.28679,4
HD45364,123,HD 45364,HD 45364 c,direct,,345.43,0.54,-0.57,0.902,0.001,-0.001,0.019,0.011,-0.01,244,54,-68,18.15,0.25,-0.24,,,,2453306,,0.549,0.0075,-0.0074,Msini,174.4877954,2.38371305,14.2,1.26,Radial Velocity,La Silla Observatory,2008,Correia et al. 2009,,,0,5466,0.82,0.89,-0.17,4.38,8.08,34.354,2
HD45364,123,HD 45364,HD 45364 b,direct,,225.79,0.81,-0.76,0.6793,0.0016,-0.0015,0.067,0.016,-0.016,92,22,-25,7.23,0.24,-0.24,,,,2453374,,0.1893,0.0062,-0.0063,Msini,60.16491745,1.97053612,9.03,0.805,Radial Velocity,La Silla Observatory,2008,Correia et al. 2009,,,0,5466,0.82,0.89,-0.17,4.38,8.08,34.354,2
TOI125,123,TOI-125,TOI-125 b,direct,,4.65382,0.00033,-0.00031,0.05186,0.00086,-0.00077,0.194,0.041,-0.036,-37,12,-14,4.11,0.36,-0.36,88.92,0.71,-0.6,,2458355.355,0.02989019,0.00276878,-0.00276878,Mass,9.5,0.88,2.726,0.24319743,Transit,Transiting Exoplanet Survey Satellite (TESS),2019,Quinn et al. 2019,,,0,5320,0.859,0.848,-0.02,4.516,11.023,111.059,3
TOI125,123,TOI-125,TOI-125 c,direct,,9.15059,0.0007,-0.00082,0.0814,0.0013,-0.0013,0.066,0.07,-0.047,70,100,-110,2.25,0.33,-0.33,88.54,0.41,-0.19,,2458361.908,0.02086021,0.00311487,-0.00311487,Mass,6.63,0.99,2.759,0.24614149,Transit,Transiting Exoplanet Survey Satellite (TESS),2019,Quinn et al. 2019,,,0,5320,0.859,0.848,-0.02,4.516,11.023,111.059,3
TOI125,123,TOI-125,TOI-125 d,direct,,19.98,0.005,-0.0056,0.137,0.0022,-0.0022,0.168,0.088,-0.062,46,23,-44,3.61,0.31,-0.31,88.795,0.18,-0.1,,2458342.852,0.04279017,0.0037756,-0.0037756,Mass,13.6,1.2,2.93,0.26139709,Transit,Transiting Exoplanet Survey Satellite (TESS),2020,Nielsen et al. 2020,,,0,5320,0.859,0.848,-0.02,4.516,11.023,111.059,3
HD103774,122,HD 103774,HD 103774 b,direct,,5.8881,0.0005,-0.0005,0.07,0.001,-0.001,0.09,0.04,-0.04,-42,64,-64,34.3,1.8,-1.8,,,,2455675.4,,0.367,0.022,-0.022,Msini,116,7,13.3,1.19,Radial Velocity,La Silla Observatory,2013,Lo Curto et al. 2013,,,0,6489,1.335,1.581047,0.28,4.26,7.13463,56.4089,1
HD204313,121,HD 204313,HD 204313 b,direct,,2041.11539,1.68088,-1.86675,3.185,0.13,-0.143,0.1,0.003,-0.003,286.99,1.625,-1.784,69.433,0.308,-0.323,72.917,31.372,-21.476,2449883.77,,4.615,1.29,-0.306,Mass,1466.778098,409.998645,12.9,1.15,Radial Velocity,La Silla Observatory,2010,S&eacute;gransan et al. 2010,,,0,5767,1.03,1.1,0.18,4.37,7.99,47.7945,3
HD204313,121,HD 204313,HD 204313 e,direct,,7325.64666,399.88029,-369.05892,7.457,0.399,-0.427,0.253,0.071,-0.065,244.536,10.447,-12.136,11.061,0.779,-0.643,176.092,0.963,-2.122,2449883.77,,15.317,4.89,-5.183,Mass,4868.17771,1554.18091,12.2,1.09,Radial Velocity,Multiple Observatories,2022,Feng et al. 2022,,,0,5767,1.03,1.1,0.18,4.37,7.99,47.7945,3
HD204313,121,HD 204313,HD 204313 c,direct,,34.95875,0.0105,-0.01156,0.211,0.009,-0.01,0.059,0.051,-0.041,309.05,65.124,-126.675,3.313,0.172,-0.157,,,,2449883.77,,0.054,0.005,-0.005,Msini,17.16273398,1.58914204,4.31,0.385,Radial Velocity,La Silla Observatory,2015,D&iacute;az et al. 2016,,,0,5767,1.03,1.1,0.18,4.37,7.99,47.7945,3
GJ221,120,BD-06 1339,BD-06 1339 b,simbad,,3.8728,0.0004,-0.0004,0.0428,0.0007,-0.0007,0,,,0,,,4.4,0.6,-0.6,0.3243,,,2455220.5,,4.792,,,Mass,1523.033726,,,,Radial Velocity,La Silla Observatory,2013,Lo Curto et al. 2013,,,1,4324,0.7,0.686355,-0.14,4.74,9.7,20.2695,2
GJ221,120,BD-06 1339,BD-06 1339 c,simbad,,125.94,0.44,-0.44,0.435,0.007,-0.007,0.31,0.11,-0.11,41,55,-55,9.1,2.9,-2.9,,,,2455265.2,,0.17,0.03,-0.03,Msini,53,8,8.38,0.747,Radial Velocity,La Silla Observatory,2013,Lo Curto et al. 2013,,,0,4324,0.7,0.686355,-0.14,4.74,9.7,20.2695,2
TYC4947-834-1,120,K2-229,K2-229 c,simbad,,8.32727,0.00041,-0.00043,0.0769,0.0003,-0.0003,0,,,,,,,,,87.94,0.18,-0.18,,2457586.343,0.02202446,0.01258541,-0.01258541,Mass,7,4,2.03,0.18110447,Transit,K2,2018,Mayo et al. 2018,,,0,5315,0.87,0.79,-0.09,4.59,10.985,102.564,2
TYC4947-834-1,120,K2-229,K2-229 b,simbad,,0.584216,2.2e-05,-2.2e-05,0.0131,0,0,0,,,,,,2.2,0.36,-0.37,89.7,4,-4,,2457646.567,0.0080232,0.00119561,-0.00119561,Mass,2.55,0.38,1,0.08921418,Transit,K2,2018,Mayo et al. 2018,,,0,5315,0.87,0.79,-0.09,4.6,10.985,102.564,2
HD15337,118,HD 15337,HD 15337 b,direct,,4.7559804,6.2e-06,-3.7e-06,0.05245,0.00085,-0.00072,0.058,0.022,-0.016,71.62,52.51,-40.3,2.82,0.15,-0.15,89.3,0.48,-0.57,,2458411.462,0.02051107,0.00128686,-0.00125854,Mass,6.519,0.409,1.77,0.1579091,Transit,Transiting Exoplanet Survey Satellite (TESS),2019,Gandolfi et al. 2019,,,0,5131,0.829,0.855,0.03,4.48,9.1,44.8155,2
HD15337,118,HD 15337,HD 15337 c,direct,,17.180546,2.1e-05,-2.6e-05,0.1235,0.002,-0.0017,0.096,0.059,-0.045,56.63,77.89,-63.3,1.92,0.36,-0.32,88.41,0.07,-0.07,,2458414.552,0.02137002,0.00409655,-0.00359628,Mass,6.792,1.302,2.526,0.22535501,Transit,Transiting Exoplanet Survey Satellite (TESS),2019,Gandolfi et al. 2019,,,0,5131,0.829,0.855,0.03,4.48,9.1,44.8155,2
HD215497,118,HD 215497,HD 215497 b,direct,,3.93404,0.00066,-0.00066,0.05,0,0,0.16,0.09,-0.09,96,34,-34,3,0.3,-0.3,0.2301,,,2454858.95,,4.999,,,Mass,1588.824207,,,,Radial Velocity,La Silla Observatory,2009,Lo Curto et al. 2010,,,0,5110,0.67,0.85,0.2,4.4,8.96,40.5468,2
HD215497,118,HD 215497,HD 215497 c,direct,,566,4,-4,1.31,0.02,-0.02,0.47,0.03,-0.04,42,4,-4,10.1,0.65,-0.65,90,,,2454431,,0.35,0.02,-0.02,Mass,111.2399425,6.35656814,13,1.16,Radial Velocity,La Silla Observatory,2009,Lo Curto et al. 2010,,,0,5113,0.92,0.85,0.23,4.31,8.96,40.5468,2
GJ4130,117,HD 189733,HD 189733 b,simbad,,2.21857567,1.5e-07,-1.5e-07,0.03126,0.00036,-0.00036,0,,,20,37,-50,205,6,-6,85.71,0,0,2457929.288,2453955.526,1.13,0.08,-0.08,Mass,359.1479,25.4264,12.66617,1.13,Radial Velocity,Haute-Provence Observatory,2005,Bouchy et al. 2005,,,0,5052,0.79,0.75,-0.02,4.49,7.67,19.7638,1
GJ86,117,GJ 86,GJ 86 b,direct,,15.76491,0.00039,-0.00039,0.11,0,0,0.04,0.01,-0.01,260,3,-3,376.7,2.9,-2.9,,,,2451225.1,,4.42,0.2,-0.2,Msini,1404.8086,63.566,12.9,1.15,Radial Velocity,La Silla Observatory,1999,Queloz et al. 2000,,,0,5182,0.93,0.77,-0.22,4.63,6.12,10.7836,1
HD285968,117,HD 285968,HD 285968 b,direct,,8.7836,0.0054,-0.0054,0.066,,,0,,,0,,,4.12,0.52,-0.52,,,,2454399.79,2455191,0.026,,,Msini,8.4,,2.83,0.253,Radial Velocity,La Silla Observatory,2008,Forveille et al. 2009,,,0,3703.49,0.5,0.478214,-0.1,4.74889,9.95,9.47045,1
HD216437,116,HD 216437,HD 216437 b,direct,,1359,1,-1,2.57,0.04,-0.04,0.31,0.01,-0.01,65,2,-2,39.08,1.07,-1.04,148,5,-7,2454667,,4.2,0.7,-0.7,Mass,1334.879309,222.4798849,13,1.16,Radial Velocity,Anglo-Australian Telescope,2002,Jones et al. 2002,,,0,5909,1.22,1.394,0.2,4.188,6.04,26.6902,1
HD97037,116,HD 97037,HD 97037 b,direct,,6449.08337,141.956,-153.98638,6.925,0.283,-0.318,0.357,0.027,-0.03,109.386,2.336,-1.955,59.443,0.881,-0.832,14.561,0.798,-0.713,2445839.855,,21.105,1.96,-2.07,Mass,6707.76853,622.9436777,12.1,1.08,Radial Velocity,Multiple Observatories,2022,Feng et al. 2022,,,0,5874.1,1.06,1.26356,-0.0773,4.26018,6.81828,32.413,1
HD110113,115,HD 110113,HD 110113 c,direct,,6.744,0.008,-0.009,0.068,0.001,-0.002,0.045,0.079,-0.038,,,,3.58,0.37,-0.37,,,,,2458576.159,0.03303653,0.0037756,-0.0037756,Msini,10.5,1.2,2.11384817,0.18858523,Radial Velocity,La Silla Observatory,2021,Osborn et al. 2021,,,0,5732,0.997,0.968,0.14,4.46,10.09,106.307,2
HD110113,115,HD 110113,HD 110113 b,direct,,2.541,0.0005,-0.001,0.035,0.001,-0.001,0.093,0.079,-0.064,359.53,0.68,-0.68,2.15,0.28,-0.28,87.69,1.61,-1.94,,2458570.101,0.01431583,0.00195073,-0.00195073,Mass,4.55,0.62,2.05,0.18288875,Transit,Transiting Exoplanet Survey Satellite (TESS),2021,Osborn et al. 2021,,,0,5732,0.997,0.968,0.14,4.46,10.09,106.307,2
GJ2126,114,GJ 2126,GJ 2126 b,direct,,272.7,0.1,-0.1,0.71,0.03,-0.03,0.85,0.01,-0.01,10,1,-1,101,11,-6,,,,2453371,,1.3,0.2,-0.1,Msini,413.1769291,63.5656814,13.6,1.22,Radial Velocity,La Silla Observatory,2025,Schorr et al. 2025,,,0,4159,0.65,0.728,0.6,4.527,10.7,38.129,1
HD181720,114,HD 181720,HD 181720 b,direct,,956,14,-14,1.85,0.04,-0.04,0.26,0.06,-0.06,177,12,-12,8.4,0.4,-0.4,,,,2453631,,0.4,0.06,-0.06,Msini,127.132,19.0698,14,1.25,Radial Velocity,La Silla Observatory,2009,Santos et al. 2010,,,0,5736,1.03,1.5,-0.62,4.09,7.84,60.2046,1
HD76700,114,HD 76700,HD 76700 b,direct,,3.97097,0.00023,-0.00023,0.05,0,0,0.09,0.08,-0.08,30,,,27.6,1.7,-1.7,,,,2451212.9,,0.21,0.03,-0.03,Msini,66.7443,9.5349,9.6,0.856,Radial Velocity,Anglo-Australian Telescope,2002,Tinney et al. 2003,,,0,5644,0.99,1.37,0.31,4.16,8.16,60.8831,1
HD85390,114,HD 85390,HD 85390 b,direct,,799.52,2.41,-2.41,1.373,0.035,-0.035,0.5,0.05,-0.05,250,8,-8,3.8,0.3,-0.3,,,,,,0.099,0.01,-0.01,Msini,31.46517,3.1783,6.16,0.55,Radial Velocity,La Silla Observatory,2011,Mordasini et al. 2011,,,0,5186,0.758,0.8,-0.07,4.41,8.54,33.5225,1
HD156846,113,HD 156846,HD 156846 b,direct,,359.51001,0.09,-0.09,1.12,0.02,-0.02,0.85,0,0,51.62,0.16,-0.16,464.3,3,-3,,,,2455076.686,,10.67,0.74,-0.74,Msini,3391.2461,235.1942,12.4,1.11,Radial Velocity,La Silla Observatory,2007,Tamuz et al. 2008,,,0,6090,1.38,1.9,0.15,4.02,6.5,47.7332,1
TOI-500,113,TOI-500,TOI-500 b,direct,,0.548177,1.9e-05,-1.9e-05,0.01189,0.00041,-0.0004,0.063,0.073,-0.044,228.5,72.9,-160.6,1.35,0.17,-0.17,82.09,2.53,-1.31,,2458468.391,0.00446782,0.00056634,-0.00056634,Mass,1.42,0.18,1.166,0.10402373,Transit,Transiting Exoplanet Survey Satellite (TESS),2022,Giacalone et al. 2022,,,0,4440,0.74,0.678,0.12,4.618,10.54,47.3924,4
TOI-500,113,TOI-500,TOI-500 c,direct,,6.6356,0.004,-0.004,,,,0.072,0.074,-0.05,228,100,-197,2.1,0.17,-0.17,,,,,2458561.96,0.01582615,0.00129,-0.00129,Msini,5.03,0.41,2.09,0.187,Radial Velocity,La Silla Observatory,2022,Serrano et al. 2022,,,0,4440,0.74,0.678,0.12,4.618,10.54,47.3924,4
TOI-500,113,TOI-500,TOI-500 d,direct,,26.233,0.02,-0.02,,,,0.016,0.017,-0.011,189.6,92.3,-92.3,8.72,0.19,-0.19,,,,,2458587.22,0.10420717,0.00276879,-0.00276879,Msini,33.12,0.88,6.35,0.567,Radial Velocity,La Silla Observatory,2022,Serrano et al. 2022,,,0,4440,0.74,0.678,0.12,4.618,10.54,47.3924,4
TOI-500,113,TOI-500,TOI-500 e,direct,,61.3,0.28,-0.28,,,,0.073,0.068,-0.051,103.7,228.2,-80.7,3,0.22,-0.22,,,,,2458865.82,0.0473526,0.00352391,-0.00349245,Msini,15.05,1.12,3.99,0.356,Radial Velocity,La Silla Observatory,2022,Serrano et al. 2022,,,0,4440,0.74,0.678,0.12,4.618,10.54,47.3924,4
HD110014,111,HD 110014,HD 110014 b,direct,,835.477,6.04,-6.04,2.14,0.03,-0.03,0.462,0.069,-0.069,290.6,3.8,-3.8,158.2,14.4,-14.4,,,,2451796.907,,11.09,1,-1,Msini,3524.59,317.82,12.4,1.11,Radial Velocity,La Silla Observatory,2009,de Medeiros et al. 2009,,,0,4445,2.17,20.9,0.19,2.1,4.64597,100.758,1
HD121504,111,HD 121504,HD 121504 b,direct,,63.33,0.03,-0.03,0.33,0.01,-0.01,0.03,0.01,-0.01,265,12,-12,55.8,0.9,-0.9,,,,2451450,,1.51,0.13,-0.13,Msini,479.9233,41.3179,13.6,1.21,Radial Velocity,La Silla Observatory,2003,Mayor et al. 2004,,,0,6027,1.62,1.07,0.15,4.59,7.54,41.6592,1
HD67200,110,DMPP-6,DMPP-6 b,direct,,7.6027,0.0261,-0.0016,0.0779,0.0016,-0.0012,0.34,0.11,-0.14,175,22,-15,1.93,0.3,-0.27,,,,2458862.32,,0.01824884,0.00295757,-0.00251708,Msini,5.8,0.94,2.28,0.203,Radial Velocity,Multiple Observatories,2026,Standing et al. 2026,,,0,6182.09,1.079,1.27,0.32,4.31374,7.71,54.6303,2
HD67200,110,DMPP-6,DMPP-6 c,direct,,36.441,0.077,-0.07,0.2206,0.0033,-0.0039,0.31,,,178,38,-28,2.54,0.26,-0.3,,,,2458842.5,,0.04238136,0.00503416,-0.00619831,Msini,13.47,1.6,3.74,0.334,Radial Velocity,Multiple Observatories,2026,Standing et al. 2026,,,0,6182.09,1.079,1.27,0.32,4.31374,7.71,54.6303,2
HIP49067,110,BD-08 2823,BD-08 2823 c,direct,,237.6,1.5,-1.5,0.68,0.02,-0.02,0.19,0.09,-0.09,-233,21,-21,13.4,1,-1,,,,2454193,,0.33,0.03,-0.03,Msini,104,10,12.5,1.11,Radial Velocity,La Silla Observatory,2009,H&eacute;brard et al. 2010,,,0,4746,0.74,0.71,-0.07,4.13,9.86,41.3342,2
HIP49067,110,BD-08 2823,BD-08 2823 b,direct,,5.6,0.02,-0.02,0.06,0,0,0.15,0.15,-0.15,30,100,-100,6.5,0.1,-0.1,0.2746,,,2454637.7,,9.277,,,Mass,2948.494132,,,,Radial Velocity,La Silla Observatory,2009,H&eacute;brard et al. 2010,,,0,4816,0.5,0.71,-0.06,4.43,9.86,41.3342,2
HD222259A,109,DS Tuc A,DS Tuc A b,direct,,8.138268,1.1e-05,-1.1e-05,,,,0,,,,,,,,,89.5,0.34,-0.41,2458332.31,2458332.31,1.3,,,Mass,413.179,,5.7,0.50851994,Transit,Transiting Exoplanet Survey Satellite (TESS),2019,Newton et al. 2019,,,0,5428,1.01,0.964,0,4.6,8.17,44.0622,1
HD29391,109,51 Eri,51 Eri b,direct,,9100,1100,-1500,10.4,0.8,-1.1,0.57,0.08,-0.06,82,23,-23,,,,141,9,-7,2461699,,10.9,,,Mass,3464.329636,,,,Imaging,Gemini Observatory,2015,Macintosh et al. 2015,,,0,7422,1.75,1.45,0.13,4.31078,5.21149,29.7575,1
HD199665,108,18 Del,18 Del b,direct,,982.85,1.06,-0.92,2.476,0.002,-0.002,0.024,0.007,-0.018,64.11,28.8,-57.98,114.96,1.98,-0.96,,,,2454356.1,,9.207,0.16,-0.077,Msini,2926.246143,50.85254512,12.5,1.12,Radial Velocity,Okayama Astrophysical Observatory,2008,Sato et al. 2008,,,0,4980,2.1,8.8,-0.06,2.87,5.51048,76.222,1
HD109271,107,HD 109271,HD 109271 b,direct,,7.8543,0.0009,-0.0009,0.079,0.001,-0.001,0.25,0.08,-0.08,-64,20,-20,5.6,0.5,-0.5,,,,2455719.1,,0.054,0.004,-0.004,Msini,17.162,1.271,4.31,0.385,Radial Velocity,La Silla Observatory,2013,Lo Curto et al. 2013,,,0,5783,1.047,1.294595,0.1,4.28,8.04,55.8716,2
HD109271,107,HD 109271,HD 109271 c,direct,,30.93,0.02,-0.02,0.196,0.003,-0.003,0.15,0.09,-0.09,4,120,-120,4.9,0.4,-0.4,,,,2455733,,0.076,0.007,-0.007,Msini,24.154,2.225,5.27,0.47,Radial Velocity,La Silla Observatory,2013,Lo Curto et al. 2013,,,0,5783,1.047,1.294595,0.1,4.28,8.04,55.8716,2
HD114729,107,HD 114729,HD 114729 b,direct,,1121.79,3.53,-3.43,2.067,0.01,-0.01,0.079,0.029,-0.032,77.059,27.681,-27.685,16.91,0.53,-0.52,,,,2454947.7,2451631,0.825,0.007,-0.007,Msini,262.20975,2.22481,13.9,1.24,Radial Velocity,W. M. Keck Observatory,2002,Butler et al. 2003,,,0,5844,0.936,1.473,-0.33,4.046,6.68,37.8063,1
HD18599,106,HD 18599,HD 18599 b,direct,,4.1374354,3.6e-06,-3.7e-06,0.048,0.0004,-0.0004,0.34,0.07,-0.09,-2.5,16.3,-17.8,11.3,3.3,-3.6,87.6,1.4,-1,2458726.41,2459111.739,0.07582708,0.0223391,-0.02422691,Mass,24.1,7.1,2.6,0.23195686,Transit,Transiting Exoplanet Survey Satellite (TESS),2022,Desidera et al. 2023,,,0,5145,0.863,0.767,0,4.54,8.99,38.5653,1
HD564,106,HD 564,HD 564 b,direct,,492.3,2.3,-2.3,1.2,0.02,-0.02,0.096,0.067,-0.067,314,31,-31,8.79,0.45,-0.45,,,,2455433,,0.33,0.03,-0.03,Msini,104.88,9.54,12.5,1.12,Radial Velocity,La Silla Observatory,2014,Moutou et al. 2015,,,0,5902,0.961,1.01,-0.2,4.53,8.32,51.1659,1
HD107148,105,HD 107148,HD 107148 b,direct,,48.056,0.057,-0.057,0.269,0.016,-0.016,0.05,0.17,-0.17,75,,,10.9,2,-2,,,,2439969,2456091.9,0.21,0.036,-0.036,Msini,66.741,11.441,9.6,0.856,Radial Velocity,W. M. Keck Observatory,2005,Butler et al. 2006,,,0,5797,1.12,1.169193,0.314,4.446,8.01,49.4156,2
HD107148,105,HD 107148,HD 107148 c,direct,,18.3267,0.0022,-0.0024,0.1407,0.0018,-0.0019,0.34,0.13,-0.16,-44.6907,38.3882,-24.0642,4.84,0.85,-0.81,,,,,2455203.4,0.0626,0.0097,-0.0098,Msini,19.89605828,3.08293555,4.7,0.42,Radial Velocity,Multiple Observatories,2021,Rosenthal et al. 2021,,,0,5752.92,1.105215,1.169193,0.2964,4.345025,8.01,49.4156,2
GJ9156,104,HD 28471,HD 28471 b,simbad,,3.1649,0.0002,-0.0003,0.042,0.001,-0.001,0.195,0.061,-0.073,152,23,-26,1.679,0.18,-0.197,,,,,2452945.806,0.01170443,0.00125854,-0.00135293,Msini,3.72,0.4,1.75,0.156,Radial Velocity,La Silla Observatory,2025,Stevenson et al. 2025,,,0,5766,0.98,1.08,-0.04,4.38,7.89,43.6455,3
GJ9156,104,HD 28471,HD 28471 c,simbad,,6.1245,0.0856,-0.0009,0.065,0.001,-0.001,0.088,0.058,-0.054,76,222,-46,2.045,0.19,-0.257,,,,,2452945.806,0.01799713,0.00179342,-0.00226537,Msini,5.72,0.57,2.26,0.201,Radial Velocity,La Silla Observatory,2025,Stevenson et al. 2025,,,0,5766,0.98,1.08,-0.04,4.38,7.89,43.6455,3
GJ9156,104,HD 28471,HD 28471 d,simbad,,11.681,0.0042,-0.0055,0.1,0.002,-0.002,0.093,0.064,-0.058,96,204,-62,1.411,0.233,-0.218,,,,,2452945.806,0.01544859,0.00258001,-0.00242269,Msini,4.91,0.82,2.06,0.184,Radial Velocity,La Silla Observatory,2025,Stevenson et al. 2025,,,0,5766,0.98,1.08,-0.04,4.38,7.89,43.6455,3
HD457,103,HD 457,HD 457 b,direct,,20324.58153,11483.95545,-7039.20037,15.369,5.561,-3.797,0.565,0.195,-0.245,240.318,23.556,-13.987,191.439,86.102,-72.77,62.585,39.544,-14.309,2444966.634,,26.572,18.728,-11.952,Mass,8445.336431,5952.290406,11.9,1.07,Radial Velocity,Multiple Observatories,2022,Feng et al. 2022,,,0,6114.04,1.15,1.28194,0.34,4.28303,7.72,55.0375,1
BD-141137,102,TOI-421,TOI-421 b,simbad,,5.197576,5e-06,-5e-06,0.0554,0.001,-0.001,0.13,0.05,-0.05,140,30,-30,2.83,0.18,-0.18,85.68,0.36,-0.46,,2459189.734,0.02108056,0.00188781,-0.00188781,Mass,6.7,0.6,2.64,0.23552543,Transit,Transiting Exoplanet Survey Satellite (TESS),2020,Carleo et al. 2020,,,0,5291,0.833,0.866,-0.044,4.48,9.931,74.7969,2
BD-141137,102,TOI-421,TOI-421 c,simbad,,16.067541,4e-06,-4e-06,0.117,0.0018,-0.0018,0.19,0.04,-0.04,102,14,-14,4.1,0.3,-0.3,88.353,0.078,-0.084,,2459195.307,0.04436356,0.00440489,-0.00440489,Mass,14.1,1.4,5.09,0.45410017,Transit,Transiting Exoplanet Survey Satellite (TESS),2020,Carleo et al. 2020,,,0,5291,0.833,0.866,-0.044,4.48,9.931,74.7969,2
HD190622,101,TOI-1054,TOI-1054.01,simbad,,15.5077855,0.0002372,-0.0002372,,,,,,,,,,,,,,,,,2460122.7,0.0205,,,M-R relationship,6.5,,2.43432,0.21717586,Transit,Transiting Exoplanet Survey Satellite (TESS),2021,Giacalone et al. 2021,,,0,6122,1.14,1.17,,4.30881,8.95,88.4343,1
WASP-107,101,WASP-107,WASP-107 b,direct,,5.7214875,3e-07,-3e-07,0.055,0.001,-0.001,0.052,,,79.3,2.5,-2.7,15.38,0.46,-0.45,89.57,0.03,-0.03,2457584.33,2457584.33,0.1039,0.0039,-0.0041,Mass,33.02237149,1.23953079,10.48039695,0.935,Transit,SuperWASP-South,2017,Anderson et al. 2017,,,0,4425,0.683,0.657,0.02,4.633,11.592,64.7414,2
WASP-107,101,WASP-107,WASP-107 c,direct,,1091,15,-13,,,,0.315,0.075,-0.08,-120,30,-20,9.5,0.9,-1,,,,2458520,2458543,0.35,0.04,-0.04,Msini,111.2399425,12.71313628,13,1.16,Radial Velocity,Multiple Observatories,2020,Piaulet et al. 2021,,,0,4425,0.683,0.657,0.02,4.633,11.592,64.7414,2
HD33142,100,HD 33142,HD 33142 c,direct,,810.2,3.8,-4.2,1.955,0.016,-0.012,0.081,0.055,-0.047,52,71,-57,14.7,0.9,-0.9,,,,2455664,,0.89,0.06,-0.05,Msini,282.8672822,19.06970442,13.9,1.24,Radial Velocity,W. M. Keck Observatory,2016,Bryan et al. 2016,,,0,5025.4,1.52,4.17,0.06,3.375,7.96,121.375,3
HD33142,100,HD 33142,HD 33142 b,direct,,330,0.4,-0.4,1.074,0.007,-0.007,0.049,0.032,-0.03,129,46,-38,28.1,1.1,-1.1,,,,2455329,,1.26,0.05,-0.05,Msini,400.4637928,15.89142035,13.7,1.22,Radial Velocity,W. M. Keck Observatory,2011,Johnson et al. 2011,,,0,5025.4,1.52,4.17,0.06,3.375,7.96,121.375,3
HD33142,100,HD 33142,HD 33142 d,direct,,89.9,0.1,-0.1,0.452,0.003,-0.003,0.191,0.14,-0.128,231,40,-29,7.1,0.8,-0.9,,,,,,0.2,0.02,-0.03,Msini,63.5656814,6.35656814,9.32,0.832,Radial Velocity,Multiple Observatories,2022,Trifonov et al. 2022,,,0,5025.4,1.52,4.17,0.06,3.375,7.96,121.375,3
HD42936,100,DMPP-3 A,DMPP-3 A b,direct,,5.59,0.169,-0.002,0.05958,0.00119,-0.00043,0.42,0.17,-0.17,112,28,-30,1.17,0.27,-0.27,,,,2457432.1,,0.00840076,0.00157318,-0.00176196,Msini,2.67,0.5,1.44,0.129,Radial Velocity,La Silla Observatory,2019,Barnes et al. 2020,,,0,5138,0.9,0.91,0.18,4.46049,9.1,46.8917,1
WASP-8,100,WASP-8,WASP-8 c,direct,,4323,740,-380,5.28,0.63,-0.34,0,0,0,90,0,0,115,18,-9.2,,,,2452613,,9.45,2.26,-1.04,Msini,3003.37,718.27,12.5,1.12,Radial Velocity,SuperWASP,2013,Knutson et al. 2014,,,0,5690,1.04,0.96,0.17,4.5,9.789,89.9606,2
WASP-8,100,WASP-8,WASP-8 b,direct,,8.15872,1.5e-05,-1.5e-05,0.0801,0.0015,-0.0015,0.31,0,0,274.215,0.084,-0.082,222.2,0.7,-0.7,88.55,0.16,-0.16,2454679.334,2458301.809,2.54,0.33,-0.33,Mass,807.2882,104.8839,12.66617,1.13,Transit,SuperWASP,2010,Queloz et al. 2010,,,0,5600,1.34,1.03,0.17,4.5,9.789,89.9606,2
CD-611276,99,TOI-220,TOI-220 b,simbad,,10.695264,8.6e-05,-8.6e-05,0.08911,0.001,-0.001,0.032,0.038,-0.023,248,66,-190,4.56,0.32,-0.32,87.88,0.12,-0.12,,2458335.902,0.04341966,0.00314635,-0.00314635,Mass,13.8,1,3.03,0.27031896,Transit,Transiting Exoplanet Survey Satellite (TESS),2021,Hoyer et al. 2021,,,0,5298,0.825,0.858,-0.217,4.37,10.466,90.7402,1
GJ1044,99,BD-210397,BD-210397 c,simbad,,6240,151,-156,5.9,0.1,-0.1,0.43,0.05,-0.05,174,9,-9,34,12,-3,33,5,-4,2460193,,4.8,0.6,-0.6,Mass,1525.576354,190.6970442,12.9,1.15,Radial Velocity,La Silla Observatory,2023,Frensch et al. 2023,,,0,4051,0.69,0.747,0.12,4.67,9.84,23.7324,2
GJ1044,99,BD-210397,BD-210397 b,simbad,,1891,56,-48,2.63,0.06,-0.05,0.1,0.1,-0.1,-55,39,-61,14,2,-2,,,,2456490,,0.7,0.1,-0.1,Msini,214,31,14,1.25,Radial Velocity,La Silla Observatory,2023,Frensch et al. 2023,,,0,4051,0.679,0.747,0.12,4.67,9.84,23.7324,2
HD135625,99,HD 135625,HD 135625 b,direct,,4055,45,-44,5.4,0.1,-0.1,0.16,0.04,-0.03,89,12,-12,,,,93,39,-43,2455946,,2.3,0.8,-0.3,Mass,731.0053361,254.2627256,13.3,1.19,Radial Velocity,La Silla Observatory,2023,Philipot et al. 2023,,,0,6040.64,1.28,1.35743,0.12,4.22185,7.72,56.518,1
HD145377,99,HD 145377,HD 145377 b,direct,,103.95,0.13,-0.13,0.45,0.01,-0.01,0.31,0.02,-0.02,138.1,2.8,-2.8,242.7,4.6,-4.6,,,,2454635.4,,6.02,0.48,-0.48,Msini,1913.3366,152.5584,12.8,1.14,Radial Velocity,La Silla Observatory,2008,Moutou et al. 2009,,,0,6014,1.2,1.05,0.11,4.47,9.236,53.4884,1
HD205739,99,HD 205739,HD 205739 b,direct,,279.8,0.1,-0.1,0.896,0.019,-0.015,0.27,0.07,-0.07,301,8,-8,42,3,-3,,,,2453390.7,,1.37,0.07,-0.09,Msini,435.41,22.25,13.6,1.21,Radial Velocity,Las Campanas Observatory,2008,Lopez-Morales et al. 2008,,,0,6176,1.22,1.33,0.19,4.29,8.56,92.5087,1
HD27894,99,HD 27894,HD 27894 d,direct,,5019.54244,32.59359,-31.12557,5.362,0.206,-0.223,0.343,0.031,-0.026,334.378,4.024,-3.713,92.016,1.687,-1.627,101.524,14.742,-31.503,2447991.499,,6.493,0.987,-0.353,Mass,2063.659847,313.6966377,12.7,1.13,Radial Velocity,La Silla Observatory,2017,Trifonov et al. 2017,,,0,4875,0.81,0.891767,0.3,4.22,9.36,43.8214,3
HD27894,99,HD 27894,HD 27894 b,direct,,18.01939,0.00024,-0.00027,0.125,0.005,-0.005,0.047,0.012,-0.011,156.983,10.739,-15.134,55.265,0.83,-0.644,89,37,-39,2452934.108,,0.619,0.05,-0.05,Msini,196.7357839,15.89142035,14.1,1.26,Radial Velocity,La Silla Observatory,2005,Moutou et al. 2005,,,0,4875,0.81,0.891767,0.3,4.22,9.36,43.8214,3
HD27894,99,HD 27894,HD 27894 c,direct,,36.07,0.26,-0.09,0.198,0.001,-0.001,0.015,0.02,-0.002,44.2,11,-7.5,11.57,0.79,-2.89,,,,,,0.162,0.011,-0.04,Msini,51.48846,3.49613,8.24,0.735,Radial Velocity,La Silla Observatory,2017,Trifonov et al. 2017,,,0,4875,0.8,0.891767,0.3,4.22,9.36,43.8214,3
WASP-41,99,WASP-41,WASP-41 c,direct,,421,2,-2,1.07,0.03,-0.03,0.294,0.024,-0.024,353,6,-6,94,3,-3,,,,,,3.18,0.2,-0.2,Msini,1010.6994,63.566,13.1,1.17,Radial Velocity,La Silla Observatory,2015,Neveu-VanMalle et al. 2015,,,0,5545,0.93,0.87,0.06,4.53,11.632,163.371,2
WASP-41,99,WASP-41,WASP-41 b,direct,,3.0524,1e-06,-1e-06,0.04022,0.00044,-0.00044,0,,,,,,138,2,-2,89.4,0.3,-0.3,,2457077.229,0.85,0.11,-0.11,Mass,270.1555,34.9613,12.3299,1.1,Transit,SuperWASP,2011,Maxted et al. 2011,,,0,5545,0.81,0.83,0.06,4.53,11.632,163.371,2
WASP-6,99,WASP-6,WASP-6 b,direct,,3.3610026,6.1e-07,-6.3e-06,0.04217,0.00079,-0.0012,0.054,0.018,-0.015,1.7,0.12,-0.23,69.6,2.6,-2.7,89,0.59,-0.41,,2454596.433,0.467,0.024,-0.023,Mass,148.4258661,7.62788177,12.5428494,1.119,Transit,SuperWASP,2009,Gillon et al. 2009,,,0,5438,0.854,0.79,-0.15,4.565,11.907,197.119,1
HD103891,98,HD 103891,HD 103891 b,direct,,1919,14,-15,3.27,0.02,-0.01,0.31,0.03,-0.03,181.49,8.05,-8.17,21.12,0.87,-0.84,27.4,13,-7.1,2455245,,2.89,0.94,-0.84,Mass,918.5240962,298.7587026,13.2,1.18,Radial Velocity,La Silla Observatory,2022,Sreenivas et al. 2022,,,0,6072,1.28,2.22,-0.19,3.79,6.59451,55.5213,1
HD89839,98,HD 89839,HD 89839 b,direct,,3391.2,26.1,-24.6,4.713,0.045,-0.045,0.185,0.014,-0.014,158,4.6,-4.6,45.65,0.63,-0.6,49.5,14,-8.3,2449842.2,,5.5,0.63,-0.48,Mass,1748.056239,200.2318964,12.8,1.14,Radial Velocity,Multiple Facilities,2023,Xiao et al. 2023,,,0,6314,1.21,1.28588,0.04,4.49,7.64,57.3063,1
HD197481,96,AU Mic,AU Mic b,direct,,8.463446,5e-06,-5e-06,0.07,0.006,-0.007,0.07,0.09,-0.04,-52,43,-92.8,3.8,1.093,-1.095,88.39,0.2,-0.23,2458322.77,2458330.351,0.0282857,0.00821198,-0.00840076,Mass,8.99,2.61,4.79,0.42733591,Transit,Transiting Exoplanet Survey Satellite (TESS),2020,Plavchan et al. 2020,,,0,3540,0.635,0.862,0.01,4.37,8.81,9.7221,4
HD197481,96,AU Mic,AU Mic c,direct,,18.859023,2.2e-05,-2.4e-05,0.119,0.011,-0.011,0.18,0.08,-0.07,72.8,60.7,-49,4.696,1.031,-1.054,89.46,0.43,-0.38,2458324,2458342.223,0.04549625,0.01019418,-0.01076052,Mass,14.46,3.24,2.79,0.24890756,Transit,Transiting Exoplanet Survey Satellite (TESS),2021,Martioli et al. 2021,,,0,3540,0.635,0.862,0.01,4.37,8.81,9.7221,4
HD197481,96,AU Mic,AU Mic e,direct,,33.11,0.06,-0.06,,,,,,,,,,5.9,1.5,-1.2,,,,,2459118.5,0.06638802,0.0169903,-0.01352931,Mass,21.1,5.4,4.87,0.434,Radial Velocity,Mauna Kea Observatory,2025,Donati et al. 2025,,,1,3665,0.6,0.82,0.12,4.52,8.81,9.7221,4
HD197481,96,AU Mic,AU Mic d,direct,,12.73596,0.00793,-0.00793,,,,0.00305,0.00104,-0.00104,160.7894,2.5995,-2.5995,,,,89.31812,1.158,-1.158,,,0.00331,0.00161,-0.00161,Mass,1.053,0.511,1.02,0.0912,Transit Timing Variations,Multiple Observatories,2023,Wittrock et al. 2023,,,0,3678,0.51,0.744,0.23,4.404,8.81,9.7221,4
HD204941,96,HD 204941,HD 204941 b,direct,,1733,74,-74,2.55,0.08,-0.08,0.37,0.08,-0.08,-132,18,-18,5.9,0.7,-0.7,,,,2456015,,0.23,0.03,-0.03,Msini,73.1009,9.5349,10.1,0.903,Radial Velocity,La Silla Observatory,2011,Dumusque et al. 2011,,,0,5026,0.58,0.78,-0.19,4.42,8.45,28.7165,1
GJ496.1,95,HD 113538,HD 113538 c,simbad,,1818,25,-22,2.44,0.07,-0.07,0.2,0.04,-0.04,280,16,-16,22.6,0.8,-0.8,,,,2456741,,0.93,0.06,-0.06,Msini,295.57,19.07,13.8,1.24,Radial Velocity,La Silla Observatory,2010,Moutou et al. 2011,,,0,4462,0.585,0.53,-0.24,3.79,9.05,16.2817,2
GJ496.1,95,HD 113538,HD 113538 b,simbad,,663.2,8.4,-7.4,1.24,0.04,-0.04,0.14,0.08,-0.08,74,37,-29,12.2,1.1,-1.1,,,,2455500,,0.36,0.04,-0.04,Msini,114.41,12.71,13.2,1.18,Radial Velocity,La Silla Observatory,2010,Moutou et al. 2011,,,0,4462,0.585,0.53,-0.24,3.79,9.05,16.2817,2
HD137388,95,HD 137388,HD 137388 b,direct,,330,3,-3,0.89,0.02,-0.02,0.36,0.12,-0.12,86,23,-35,7.9,0.9,-0.9,,,,2455209,,0.2,0.02,-0.02,Msini,63.566,6.3566,9.32,0.832,Radial Velocity,La Silla Observatory,2011,Dumusque et al. 2011,,,0,5181,0.68,0.88,0.19,4.39,8.71,40.4841,1
HD42618,95,HD 42618,HD 42618 b,direct,,149.61,0.37,-0.34,0.554,0.011,-0.011,0.19,0.15,-0.12,101,69,-39,1.89,0.29,-0.28,,,,,2455170.6,0.04530724,0.00786584,-0.00755121,Msini,14.4,2.5,3.89,0.347,Radial Velocity,Multiple Observatories,2016,Fulton et al. 2016,,,0,5727,1.015,0.999,-0.09,4.44,6.87,24.3358,1
TYC8378-64-1,95,KELT-10,KELT-10 b,simbad,,4.1662739,6.3e-06,-6.3e-06,0.0525,0.00086,-0.00097,,,,,,,80,3.4,-3.5,88.61,0.86,-0.74,,2457066.72,0.679,0.039,-0.038,Mass,215.80657,12.39537,15.681391,1.399,Transit,KELT-South,2016,Kuhn et al. 2016,,,0,5948,1.112,1.209,0.09,4.319,10.617,188.404,1
HD219828,94,HD 219828,HD 219828 b,direct,,3.83483,7e-05,-7e-05,0.049,0.002,-0.002,0.091,0.021,-0.025,242.755,19.914,-20.633,7.582,0.239,-0.206,,,,2453506.323,,0.06,0.005,-0.005,Msini,19.06970442,1.58914204,4.59,0.409,Radial Velocity,La Silla Observatory,2007,Melo et al. 2007,,,0,5891,1.04,1.56,0.19,4.17,8.04,73.114,2
HD219828,94,HD 219828,HD 219828 c,direct,,4789.87297,90.67081,-80.73006,5.657,0.228,-0.242,0.811,0.004,-0.004,145.683,0.309,-0.311,268.248,5.689,-5.479,122.816,11.012,-69.974,2449391.191,,16.054,3.52,-1.27,Mass,5102.417246,1118.755993,12.2,1.09,Radial Velocity,Multiple Facilities,2016,Santos et al. 2016,,,0,5891,1.04,1.56,0.19,4.17,8.04,73.114,2
HD99492,94,HD 99492,HD 99492 c,direct,,95.233,0.098,-0.096,,,,0.063,0.06,-0.04,137.5,107.7,-62.9,2.79,0.22,-0.21,,,,,,0.0563197,0.00409026,-0.00409026,Msini,17.9,1.3,4.42,0.394,Radial Velocity,Roque de los Muchachos Observatory,2023,Stalport et al. 2023,,,0,4929,0.85,0.822539,0.3,4.57,7.56727,18.2038,2
HD99492,94,HD 99492,HD 99492 b,direct,,17.0503,0.0016,-0.0016,0.12,0,0,0.034,0.025,-0.021,154.3,48.6,-48,7.05,0.18,-0.18,,,,2450468.7,2454297.94,0.08023197,0.00188781,-0.00188781,Msini,25.5,0.6,5.44,0.486,Radial Velocity,W. M. Keck Observatory,2004,Marcy et al. 2005,,,0,4929,0.85,0.822539,0.3,4.57,7.56727,18.2038,2
HD147513,93,HD 147513,HD 147513 b,direct,,528.4,6.3,-6.3,1.32,,,0.26,0.05,-0.05,282,9,-9,29.3,1.8,-1.8,,,,2451123,,1.21,,,Msini,385,,13.7,1.22,Radial Velocity,La Silla Observatory,2003,Mayor et al. 2004,,,1,5883,1.11,0.98,0.06,4.51,5.37,12.9032,1
HD171028,93,HD 171028,HD 171028 b,direct,,550,3,-3,1.32,0.03,-0.03,0.59,0.01,-0.01,304,1,-1,60.6,1,-1,,,,2454187,,2.62,0.16,-0.16,Msini,832.7146,50.8528,13.2,1.18,Radial Velocity,La Silla Observatory,2007,Santos et al. 2007,,,0,5671,1.53,2.47,-0.48,3.84,8.292,111.659,1
TOI-431,93,TOI-431,TOI-431 b,direct,,0.490047,1e-05,-7e-06,0.0113,0.0002,-0.0003,0,,,0,,,2.88,0.3,-0.3,84.3,1.1,-1.3,,2458627.538,0.0096593,0.00110122,-0.00110122,Mass,3.07,0.35,1.28,0.11419415,Transit,Transiting Exoplanet Survey Satellite (TESS),2021,Osborn et al. 2021,,,0,4850,0.78,0.731,0.2,4.6,9.12,32.5686,3
TOI-431,93,TOI-431,TOI-431 c,direct,,4.8494,0.0003,-0.0002,0.052,0.001,-0.001,0,,,0,,,1.23,0.17,-0.14,86.35,0.04,-0.09,,2458625.9,0.00890418,0.00129,-0.00106976,Msini,2.83,0.41,1.49,0.133,Radial Velocity,La Silla Observatory,2021,Osborn et al. 2021,,,0,4850,0.78,0.731,0.2,4.6,9.12,32.5686,3
TOI-431,93,TOI-431,TOI-431 d,direct,,12.46103,2e-05,-2e-05,0.098,0.002,-0.002,0,,,0,,,3.16,0.46,-0.46,89.7,0.2,-0.2,,2458627.545,0.03114888,0.00481392,-0.00468806,Mass,9.9,1.53,3.29,0.29351465,Transit,Transiting Exoplanet Survey Satellite (TESS),2021,Osborn et al. 2021,,,0,4850,0.78,0.731,0.2,4.6,9.12,32.5686,3
HD111232,91,HD 111232,HD 111232 b,direct,,1169.13202,0.6138,-0.39663,2.148,0.088,-0.097,0.214,0.005,-0.003,94.142,0.92,-0.719,160.429,0.573,-0.509,93.521,16.622,-18.063,2452361.045,,7.965,1.128,-0.479,Mass,2531.503262,358.5104431,12.6,1.12,Radial Velocity,La Silla Observatory,2003,Mayor et al. 2004,,,0,5512,0.96,0.9,-0.36,4.45,7.59,28.9571,2
HD111232,91,HD 111232,HD 111232 c,direct,,26472.44623,5155.42268,-4507.69327,17.25,2.158,-2.151,0.558,0.027,-0.028,34.27,13.751,-11.099,150.605,16.244,-8.184,87.902,13.916,-22.591,2432870.175,,18.063,4.209,-1.612,Mass,5740.934516,1337.739765,12.2,1.08,Radial Velocity,Multiple Observatories,2022,Feng et al. 2022,,,0,5512,0.96,0.9,-0.36,4.45,7.59,28.9571,2
GJ3769,90,HD 114783,HD 114783 b,simbad,,493.7,1.8,-1.8,1.16,0.019,-0.019,0.144,0.032,-0.032,86,11,-11,31.9,0.9,-0.9,110,52,-52,2453806,2455283.8,1.1,0.06,-0.06,Msini,349.6,19.07,13.7,1.23,Radial Velocity,W. M. Keck Observatory,2001,Vogt et al. 2002,,,0,5135,0.853,0.840622,0.21,4.525599,7.56,21.0628,2
GJ3769,90,HD 114783,HD 114783 c,simbad,,4352,88,-76,5,0.1,-0.1,0.05,0.04,-0.03,153,46,-48,9.11,0.56,-0.58,159,4,-6,2455618,2454959,1.9,0.5,-0.4,Mass,603.8739733,158.9142035,13.4,1.2,Radial Velocity,W. M. Keck Observatory,2016,Bryan et al. 2016,,,0,5135,0.9,0.840622,0.21,4.525599,7.56,21.0628,2
GJ9224,90,TOI-500,TOI-500 b,simbad,,0.548177,1.9e-05,-1.9e-05,0.01189,0.00041,-0.0004,0.063,0.073,-0.044,228.5,72.9,-160.6,1.35,0.17,-0.17,82.09,2.53,-1.31,,2458468.391,0.00446782,0.00056634,-0.00056634,Mass,1.42,0.18,1.166,0.10402373,Transit,Transiting Exoplanet Survey Satellite (TESS),2022,Giacalone et al. 2022,,,0,4440,0.74,0.678,0.12,4.618,10.54,47.3924,4
GJ9224,90,TOI-500,TOI-500 c,simbad,,6.6356,0.004,-0.004,,,,0.072,0.074,-0.05,228,100,-197,2.1,0.17,-0.17,,,,,2458561.96,0.01582615,0.00129,-0.00129,Msini,5.03,0.41,2.09,0.187,Radial Velocity,La Silla Observatory,2022,Serrano et al. 2022,,,0,4440,0.74,0.678,0.12,4.618,10.54,47.3924,4
GJ9224,90,TOI-500,TOI-500 d,simbad,,26.233,0.02,-0.02,,,,0.016,0.017,-0.011,189.6,92.3,-92.3,8.72,0.19,-0.19,,,,,2458587.22,0.10420717,0.00276879,-0.00276879,Msini,33.12,0.88,6.35,0.567,Radial Velocity,La Silla Observatory,2022,Serrano et al. 2022,,,0,4440,0.74,0.678,0.12,4.618,10.54,47.3924,4
GJ9224,90,TOI-500,TOI-500 e,simbad,,61.3,0.28,-0.28,,,,0.073,0.068,-0.051,103.7,228.2,-80.7,3,0.22,-0.22,,,,,2458865.82,0.0473526,0.00352391,-0.00349245,Msini,15.05,1.12,3.99,0.356,Radial Velocity,La Silla Observatory,2022,Serrano et al. 2022,,,0,4440,0.74,0.678,0.12,4.618,10.54,47.3924,4
HD62364,90,HD 62364,HD 62364 c,direct,,74839.94555,8275.85573,-6864.79047,36.984,2.957,-2.793,0.773,0.009,-0.009,82.007,5.192,-4.52,104.77,0.734,-1.47,38.789,4.169,-3.601,2452911.335,,24.93,2.681,-2.922,Mass,7923.462187,852.0979592,12,1.07,Radial Velocity,Multiple Observatories,2022,Feng et al. 2022,,,1,6255,1.19,1.401,-0.11,4.14,7.32,53.112,2
HD62364,90,HD 62364,HD 62364 b,direct,,5138,24,-22,6.15,0.04,-0.03,0.607,0.005,-0.005,1.2,0.8,-0.8,170,2,-2,137.3,1.5,-1.6,2457575,,18.77,0.66,-0.63,Mass,5965.639199,209.7667486,12.1,1.08,Radial Velocity,Multiple Observatories,2022,Feng et al. 2022,,,0,6255,1.157,1.401,-0.11,4.14,7.32,53.112,2
TOI-1062,90,TOI-1062,TOI-1062 b,direct,,4.11296,0.0015,-0.0015,0.052,0.024,-0.025,0.177,0.067,-0.064,117,27,-19,4.27,0.31,-0.33,85.913,0.062,-0.041,,2459082.59,0.03193547,0.00254855,-0.00264294,Mass,10.15,0.81,2.265,0.20207011,Transit,Transiting Exoplanet Survey Satellite (TESS),2021,Otegi et al. 2021,,,0,5328,0.94,0.84,0.14,4.55,10.249,82.1733,2
TOI-1062,90,TOI-1062,TOI-1062 c,direct,,7.972,0.018,-0.024,0.08,0.013,-0.012,0.14,0.073,-0.069,159,16,-35,4.05,0.46,-0.41,,,,,,0.03077132,0.0039644,-0.0037127,Msini,9.78,1.26,3.1,0.276,Radial Velocity,La Silla Observatory,2021,Otegi et al. 2021,,,0,5328,0.94,0.84,0.14,4.55,10.249,82.1733,2
WASP-19,90,WASP-19,WASP-19 b,direct,,0.78883852,7.5e-07,-8.2e-07,0.01652,0.0005,-0.00056,0.0126,0.014,-0.0089,51,89,-190,255.4,6.1,-6.2,79.08,0.34,-0.37,2455721.551,2456402.713,1.154,0.078,-0.08,Mass,366.7739817,24.79061575,15.86070769,1.415,Transit,SuperWASP,2009,Hebb et al. 2010,,,0,5616,0.965,1.006,0.04,4.417,12.248,268.325,1
GJ9201,89,LHS 1815,LHS 1815 b,simbad,,3.814334,8.4e-05,-8.4e-05,0.0404,0.0094,-0.0094,0,,,90,,,1.02,0.41,-0.39,88.125,1.113,-1.113,,2458327.416,0.00497124,0.00201367,-0.00188781,Mass,1.58,0.64,1.088,0.09706503,Transit,Transiting Exoplanet Survey Satellite (TESS),2020,Gan et al. 2020,,,0,3643,0.502,0.501,-0.12,4.77,12.167,29.8424,1
HD5388,89,HD 5388,HD 5388 b,direct,,772.5,1,-1,1.757,0.001,-0.001,0.41,0.02,-0.02,325.9,2.8,-2.7,42.7,1.4,-1.3,38.7,10.2,-6.8,2458432,,3.2,0.3,-0.2,Mass,1017.050902,95.3485221,13.1,1.17,Radial Velocity,La Silla Observatory,2010,Santos et al. 2010,,,1,6297,1.21,1.91,-0.27,4.28,6.73,53.0661,1
HD104067,88,HD 104067,HD 104067 c,direct,,13.8992,0.0047,-0.0037,0.1058,0.0013,-0.0013,0.29,0.12,-0.13,37,33,-32,4.25,0.62,-0.63,,,,2455191.6,2455192.9,0.04153184,0.00597807,-0.00597807,Msini,13.2,1.9,3.69,0.33,Radial Velocity,Multiple Observatories,2024,Kane et al. 2024,,,0,4952,0.82,0.78,0.11,4.56,7.92,20.3632,2
HD104067,88,HD 104067,HD 104067 b,direct,,55.851,0.017,-0.017,0.2674,0.0032,-0.0033,0.123,0.048,-0.051,29,23,-23,12,0.57,-0.57,,,,2454159.5,2454167.3,0.19538845,0.01038296,-0.01006833,Msini,62.1,3.3,9.2,0.82,Radial Velocity,La Silla Observatory,2011,S&eacute;gransan et al. 2011,,,0,4952,0.82,0.78,0.11,4.56,7.92,20.3632,2
HD75732,88,55 Cnc,55 Cnc b,direct,,14.651552,3.6e-05,-3.6e-05,0.118,0.002,-0.002,0.0029,0.0027,-0.002,23,56,-57,71.5,0.22,-0.22,89.73,24.49,-24.54,2453021.08,2455495.595,0.8306,0.0033,-0.0033,Mass,263.9785,1.0488,13.9,1.24,Radial Velocity,Lick Observatory,1996,Butler et al. 1997,,,0,5198,1.015,0.98,0.39,4.3,5.95084,12.5855,7
HD75732,88,55 Cnc,55 Cnc c,direct,,44.3936,0.0024,-0.0024,0.247,0.004,-0.004,0.088,0.23,-0.23,31,14,-14,10.17,0.22,-0.22,89.73,24.49,-24.54,2453028.63,2455491.23,0.1714,0.0055,-0.0055,Mass,54.4738,1.748,8.51,0.76,Radial Velocity,McDonald Observatory,2004,McArthur et al. 2004,,,0,5198,1.015,0.98,0.39,4.3,5.95084,12.5855,7
HD75732,88,55 Cnc,55 Cnc d,direct,,4799,4.9,-15,5.6,0.1,-0.1,0.0913,0.0067,-0.0067,-90,2,-2,45.63,0.45,-0.45,89.73,24.49,-24.54,2452837.69,2451517.8,3.878,0.068,-0.068,Mass,1232.493,21.612,13,1.16,Radial Velocity,Lick Observatory,2002,Marcy et al. 2002,,,0,5198,1.015,0.98,0.39,4.3,5.95084,12.5855,7
HD75732,88,55 Cnc,55 Cnc e,direct,,0.7365474,1.3e-06,-1.4e-06,0.01544,5e-05,-5e-05,0.05,0.03,-0.03,86,30.7,-33.4,6.02,0.24,-0.23,83.59,0.47,-0.44,2447578.216,2457063.21,0.02513923,0.00100683,-0.00103829,Mass,7.99,0.32,1.875,0.1672763,Radial Velocity,McDonald Observatory,2004,McArthur et al. 2004,,,0,5172,0.905,0.943,0.35,4.43,5.95084,12.5855,7
HD75732,88,55 Cnc,55 Cnc f,direct,,260.58,0.15,-0.15,0.802,0.014,-0.014,0.063,0.048,-0.043,100,45,-25,4.83,0.22,-0.22,89.73,24.49,-24.54,2447488,2455236.4,0.141,0.012,-0.012,Mass,44.812,3.814,7.59,0.677,Radial Velocity,Multiple Observatories,2007,Fischer et al. 2008,,,0,5198,1.015,0.98,0.39,4.3,5.95084,12.5855,7
CD-50714,87,WASP-117,WASP-117 b,simbad,,10.02165,0.00055,-0.00055,0.09459,0.00084,-0.00079,0.3,0.02,-0.02,242,2.3,-2.7,25.2,0.7,-0.7,89.14,0.3,-0.3,,2458728.334,0.3,0.05,-0.05,Mass,95.349,15.8915,11.88154,1.06,Transit,SuperWASP,2014,Lendl et al. 2014,,,0,6040,1.29,1.22,-0.11,4.28,10.139,157.963,1
HIP26013,87,TOI-431,TOI-431 b,direct,,0.490047,1e-05,-7e-06,0.0113,0.0002,-0.0003,0,,,0,,,2.88,0.3,-0.3,84.3,1.1,-1.3,,2458627.538,0.0096593,0.00110122,-0.00110122,Mass,3.07,0.35,1.28,0.11419415,Transit,Transiting Exoplanet Survey Satellite (TESS),2021,Osborn et al. 2021,,,0,4850,0.78,0.731,0.2,4.6,9.12,32.5686,3
HIP26013,87,TOI-431,TOI-431 c,direct,,4.8494,0.0003,-0.0002,0.052,0.001,-0.001,0,,,0,,,1.23,0.17,-0.14,86.35,0.04,-0.09,,2458625.9,0.00890418,0.00129,-0.00106976,Msini,2.83,0.41,1.49,0.133,Radial Velocity,La Silla Observatory,2021,Osborn et al. 2021,,,0,4850,0.78,0.731,0.2,4.6,9.12,32.5686,3
HIP26013,87,TOI-431,TOI-431 d,direct,,12.46103,2e-05,-2e-05,0.098,0.002,-0.002,0,,,0,,,3.16,0.46,-0.46,89.7,0.2,-0.2,,2458627.545,0.03114888,0.00481392,-0.00468806,Mass,9.9,1.53,3.29,0.29351465,Transit,Transiting Exoplanet Survey Satellite (TESS),2021,Osborn et al. 2021,,,0,4850,0.78,0.731,0.2,4.6,9.12,32.5686,3
GJ433,86,GJ 433,GJ 433 b,direct,,7.3705,0.0005,-0.0005,0.062,0.002,-0.002,0.04,0.03,-0.03,154,106,-106,2.86,0.21,-0.21,,,,2454287,,0.01901331,0.00187836,-0.00187836,Msini,6.043,0.597,2.33,0.208,Radial Velocity,La Silla Observatory,2013,Delfosse et al. 2013,,,0,3461,0.48,0.5,-0.17,4.81,9.81,9.06456,3
GJ433,86,GJ 433,GJ 433 d,direct,,36.059,0.016,-0.016,0.178,0.006,-0.006,0.07,0.05,-0.05,159,82,-82,1.46,0.24,-0.24,,,,,,0.01643331,0.00289778,-0.00289778,Msini,5.223,0.921,2.14,0.191,Radial Velocity,Multiple Facilities,2020,Feng et al. 2020,,,0,3461,0.48,0.5,-0.17,4.81,9.81,9.06456,3
GJ433,86,GJ 433,GJ 433 c,direct,,5094.105,608.617,-608.617,4.819,0.417,-0.417,0.12,0.07,-0.07,242,55,-55,1.75,0.31,-0.31,,,,,,0.10201051,0.01991316,-0.01991316,Msini,32.422,6.329,6.27,0.56,Radial Velocity,Multiple Observatories,2014,Tuomi et al. 2014,,,0,3461,0.48,0.5,-0.17,4.81,9.81,9.06456,3
HD103720,86,HD 103720,HD 103720 b,direct,,4.5557,0.0001,-0.0001,0.0498,0.0008,-0.0008,0.086,0.024,-0.024,262,15,-15,89,2,-2,,,,2455387.46,,0.62,0.025,-0.025,Msini,197.046,7.945,14.1,1.26,Radial Velocity,La Silla Observatory,2014,Moutou et al. 2015,,,0,5017,0.794,0.73,-0.02,4.43,9.5,45.5352,1
HD169830,86,HD 169830,HD 169830 c,direct,,1818.82339,5.67578,-6.41838,3.075,0.132,-0.146,0.246,0.022,-0.018,313.483,6.95,-7.217,49.041,0.821,-0.726,24.469,12.739,-7.205,2450940.582,2455139,7.669,1.937,-2.755,Mass,2437.426053,615.6336244,12.6,1.13,Radial Velocity,La Silla Observatory,2003,Mayor et al. 2004,,,0,6300,1.17,1.935709,0.21,4.008828,5.9,37.6048,2
HD169830,86,HD 169830,HD 169830 b,direct,,225.67372,0.05685,-0.065,0.765,0.033,-0.036,0.294,0.012,-0.011,147.743,1.748,-2.12,79.46,1.349,-1.212,,,,2451246.392,2455515.75,2.531,0.224,-0.237,Msini,804.4236981,71.19356317,13.2,1.18,Radial Velocity,La Silla Observatory,2000,Naef et al. 2001,,,0,6300,1.17,1.935709,0.21,4.008828,5.9,37.6048,2
HD202206,86,HD 202206,HD 202206 c,direct,,1299.22,3.21,-2.76,2.39,0.04,-0.05,0.171,0.021,-0.025,84.73,6.53,-4.05,43.04,1.17,-1.16,51,,,2453103,,3.09,0.14,-0.14,Mass,982.0897776,44.49597698,13.1,1.17,Radial Velocity,La Silla Observatory,2004,Correia et al. 2005,,,0,5764.23,1.06,1.04,0.23,4.39,8.08,45.9665,2
HD202206,86,HD 202206,HD 202206 b,direct,,256.26,0.03,-0.03,0.81,0.01,-0.02,0.426,0.002,-0.002,161.64,0.29,-0.28,562.58,1.35,-1.36,51,,,2452176.14,,21.55,0.8,-0.81,Mass,6849.202171,254.2627256,12.1,1.08,Radial Velocity,La Silla Observatory,2026,Cao et al. 2026,,,0,5764.23,1.06,1.04,0.23,4.39,8.08,45.9665,2
HD20782,86,HD 20782,HD 20782 b,direct,,597.0643,0.0256,-0.0256,1.3649,0.0466,-0.0495,0.95,0.001,-0.001,143.58,0.56,-0.66,118.43,1.78,-1.78,,,,2455247.015,,1.4878,0.1045,-0.1066,Msini,472.83,33.22,13.6,1.21,Radial Velocity,Anglo-Australian Telescope,2006,Jones et al. 2006,,,0,5782.13,1.04,1.12681,-0.0537,4.3514,7.36,35.9864,5
GJ180,85,GJ 180,GJ 180 d,direct,,106.3,0.129,-0.129,0.309,0.01,-0.01,0.14,0.04,-0.04,155,127,-127,2.08,0.26,-0.26,,,,,,0.0237863,0.00336658,-0.00336658,Msini,7.56,1.07,2.66,0.237,Radial Velocity,Multiple Facilities,2020,Feng et al. 2020,,,0,3371,0.43,0.413049,,4.81473,10.914,11.9407,3
GJ180,85,GJ 180,GJ 180 b,direct,,17.133,0.003,-0.003,0.092,0.003,-0.003,0.07,0.04,-0.04,276,26,-26,3.25,0.26,-0.26,,,,,,0.02041972,0.00213951,-0.00213951,Msini,6.49,0.68,2.43,0.217,Radial Velocity,Multiple Observatories,2014,Tuomi et al. 2014,,,0,3371,0.43,0.413049,,4.81473,10.914,11.9407,3
GJ180,85,GJ 180,GJ 180 c,direct,,24.329,0.052,-0.066,0.129,0.007,-0.017,0.09,0.2,-0.09,230,,,2.31,1.49,-1.39,,,,,,0.02013655,0.01164144,-0.01289998,Msini,6.4,3.7,2.41,0.215,Radial Velocity,Multiple Observatories,2014,Tuomi et al. 2014,,,0,3371,0.43,0.413049,,4.81473,10.914,11.9407,3
HD290498,85,TOI-544,TOI-544 c,direct,,50.089,0.24,-0.24,,,,0.32,0.08,-0.09,11,19,-17,5.36,0.56,-0.56,,,,2459205.4,2459212,0.06764657,0.0062927,-0.0062927,Msini,21.5,2,4.92,0.439,Radial Velocity,La Silla Observatory,2023,Osborne et al. 2024,,,0,4169,0.631,0.623,-0.17,4.68,10.777,41.1166,2
HD290498,85,TOI-544,TOI-544 b,direct,,1.548352,2e-06,-2e-06,0.0225,0.0002,-0.0002,0,,,0,,,2.17,0.36,-0.36,,,,2459198.644,2459199.031,0.00909296,0.00151025,-0.00151025,Mass,2.89,0.48,2.018,0.18003421,Transit,Transiting Exoplanet Survey Satellite (TESS),2022,Giacalone et al. 2022,,,0,4169,0.631,0.623,-0.17,4.68,10.777,41.1166,2
WASP-17,85,WASP-17,WASP-17 b,direct,,3.73543,8e-06,-8e-06,0.0515,0.00034,-0.00034,0,,,-82.6,14.6,-2.6,59.2,2.9,-2.9,86.63,0.42,-0.42,,2454592.802,0.78,0.23,-0.23,Mass,247.9074,73.1009,20.96083,1.87,Transit,SuperWASP,2009,Anderson et al. 2010,,,0,6550,2.28,1.49,-0.25,4.2,11.588,405.908,1
HD102117,84,HD 102117,HD 102117 b,direct,,20.8133,0.0064,-0.0064,0.15,0,0,0.12,0.08,-0.08,162.8,3,-3,12,0.9,-0.9,,,,2453100.1,,0.17,0.01,-0.01,Msini,54.0311,3.1783,8.47,0.756,Radial Velocity,La Silla Observatory,2005,Lovis et al. 2005,,,0,5655,1.06,1.23,0.28,4.29,7.47,39.5792,1
HD107383,84,11 Com,11 Com b,direct,,323.21,0.06,-0.05,1.178,0,0,0.238,0.007,-0.007,91.33,1.7,-1.8,288.63,2.39,-2.37,,,,2454519.4,,15.464,0.123,-0.125,Msini,4914.898486,39.09289406,12.2,1.09,Radial Velocity,Xinglong Station,2007,Liu et al. 2008,,,0,4874,2.09,13.76,-0.26,2.45,4.72307,93.1846,1
HD156098,84,HD 156098,HD 156098 c,direct,,7841.5839,247.41756,-516.56728,8.415,0.396,-0.629,0.391,0.04,-0.051,219.678,5.962,-3.639,28.855,0.023,-2.765,23.462,22.352,0,2448310.896,,5.228,1.938,-1.287,Mass,1661.606912,615.9514528,12.8,1.14,Radial Velocity,Multiple Observatories,2022,Feng et al. 2022,,,0,6419.19,1.29,2.75716,0.12,3.66773,5.53,48.249,2
HD156098,84,HD 156098,HD 156098 b,direct,,21.85849,0.01232,-0.00601,0.167,0.008,-0.009,0.109,0.101,-0.048,305.399,0,-339.65,3.095,0.558,-0.041,,,,2453478.163,,0.05,0.011,-0.004,Msini,15.89142035,3.49611248,4.12,0.368,Radial Velocity,Multiple Observatories,2022,Feng et al. 2022,,,0,6419.19,1.29,2.75716,0.12,3.66773,5.53,48.249,2
HD224693,83,HD 224693,HD 224693 b,direct,,26.6904,0.0019,-0.0019,0.191,0.014,-0.014,0.104,0.017,-0.017,358,10,-10,39.96,0.68,-0.68,,,,2463193.79,,0.7,0.12,-0.12,Msini,222.481,38.1396,14,1.25,Radial Velocity,W. M. Keck Observatory,2006,Johnson et al. 2006,,,0,5894,1.31,1.93,0.27,4.38,8.23,93.5015,1
HD5976,82,TOI-261,TOI-261.01,simbad,,3.3639254,,,0.034792189,,,,,,,,,,,,,,,,2458383.916,0.0299,,,M-R relationship,9.51,,3.0449863,0.27136114,Transit,Transiting Exoplanet Survey Satellite (TESS),2021,Giacalone et al. 2021,,,0,5890.3,0.496728,1.28018,-0.35,3.92,9.56,114.495,2
HD5976,82,TOI-261,TOI-261.02,simbad,,13.03935862,0.0043164864,-0.0043164864,,,,,,,,,,,,,,,,,2458389.727,0.0351,,,M-R relationship,11.2,,3.34822227,0.2987089,Transit,Transiting Exoplanet Survey Satellite (TESS),2021,Giacalone et al. 2021,,,0,5890.3,1.069,1.31383,-0.35,3.92,9.56,114.495,2
HD185283,81,HD 185283,HD 185283 b,direct,,4060,148,-112,4.6,0.2,-0.1,0.07,0.05,-0.04,281,38,-38,,,,91,30,-31,2454136,,1.3,0.3,-0.1,Mass,413.1769291,95.3485221,13.6,1.22,Radial Velocity,La Silla Observatory,2023,Philipot et al. 2023,,,0,4848,0.8,0.743303,-0.06,4.59336,9.03,31.395,1
